dataset_dir: /project/6105494/shared/data/
dataset_name: CelebAHQ
global_batch_size: 16
workers: 8
resolution: 256
channels: 3
codebook_size: 256
codebook_dim: 8
project_dim: 16
pq: 2
L: 4
alpha: 1.0
beta: 1.0
gamma: 0.0
VQ: online_vq
epochs: 30
eval_epochs: 5
lr: 0.0001
dropout: 0.0
seed: 3407
weight_decay: 1e-05
checkpoint_dir: /project/6105494/sunset/VQ-Projects/Rate-Distortion-Perspective/Pixel-Space/checkpoint/CelebAHQ
results_dir: /project/6105494/sunset/VQ-Projects/Rate-Distortion-Perspective/Pixel-Space/results/CelebAHQ
saver_dir: /project/6105494/sunset/VQ-Projects/Rate-Distortion-Perspective/Pixel-Space/saver/CelebAHQ
reconstruction_dir: /project/6105494/sunset/VQ-Projects/Rate-Distortion-Perspective/Pixel-Space/reconstruction/CelebAHQ
yaml_dir: /project/6105494/sunset/VQ-Projects/Rate-Distortion-Perspective/Pixel-Space/yaml/CelebAHQ
nnodes: -1
node_rank: -1
local_rank: 0
dist_url: tcp://224.66.41.62:23456
dist_backend: nccl
world_size: 2
batch_size: 8
data_pre: CelebAHQ
model_pre: model_256_8_2
loss_pre: loss_1.0_1.0_0.0
training_pre: online_vq
saver_name_pre: online_vq_CelebAHQ_model_256_8_2_loss_1.0_1.0_0.0
| distributed init (rank 0): env://
| distributed init (rank 1): env://
loaded pretrained LPIPS loss from /project/6105494/sunset/VQ-Projects/Rate-Distortion-Perspective/Pixel-Space/code/models/cache/vgg.pth
dataset name: CelebAHQ
len train_set: 30000
len val_set: 30000
Start training...
epoch:1, cur_lr:0.000100
Train Epoch: [1/30] Iters:[10/1875] loss 1.7059, rec_loss 0.2402, p_loss 0.7646, utilization 0.0223, perplexity 230.6534,
Train Epoch: [1/30] Iters:[20/1875] loss 1.2680, rec_loss 0.1607, p_loss 0.7286, utilization 0.0286, perplexity 370.6786,
Train Epoch: [1/30] Iters:[30/1875] loss 1.1003, rec_loss 0.1265, p_loss 0.7057, utilization 0.0343, perplexity 488.3310,
Train Epoch: [1/30] Iters:[40/1875] loss 1.0091, rec_loss 0.1069, p_loss 0.6908, utilization 0.0409, perplexity 649.9192,
Train Epoch: [1/30] Iters:[50/1875] loss 0.9448, rec_loss 0.0938, p_loss 0.6759, utilization 0.0458, perplexity 759.2742,
Train Epoch: [1/30] Iters:[60/1875] loss 0.7357, rec_loss 0.0534, p_loss 0.6419, utilization 0.0573, perplexity 1038.1626,
Train Epoch: [1/30] Iters:[70/1875] loss 0.6905, rec_loss 0.0442, p_loss 0.6117, utilization 0.0696, perplexity 1348.0111,
Train Epoch: [1/30] Iters:[80/1875] loss 0.6534, rec_loss 0.0393, p_loss 0.5820, utilization 0.0837, perplexity 1687.5442,
Train Epoch: [1/30] Iters:[90/1875] loss 0.6185, rec_loss 0.0360, p_loss 0.5475, utilization 0.0976, perplexity 2054.0150,
Train Epoch: [1/30] Iters:[100/1875] loss 0.5855, rec_loss 0.0336, p_loss 0.5128, utilization 0.1119, perplexity 2439.1438,
Train Epoch: [1/30] Iters:[110/1875] loss 0.5557, rec_loss 0.0318, p_loss 0.4829, utilization 0.1255, perplexity 2830.1821,
Train Epoch: [1/30] Iters:[120/1875] loss 0.5360, rec_loss 0.0303, p_loss 0.4627, utilization 0.1351, perplexity 3051.6948,
Train Epoch: [1/30] Iters:[130/1875] loss 0.5149, rec_loss 0.0285, p_loss 0.4436, utilization 0.1450, perplexity 3367.5914,
Train Epoch: [1/30] Iters:[140/1875] loss 0.4952, rec_loss 0.0270, p_loss 0.4304, utilization 0.1545, perplexity 3666.7637,
Train Epoch: [1/30] Iters:[150/1875] loss 0.4796, rec_loss 0.0255, p_loss 0.4198, utilization 0.1635, perplexity 3906.2588,
Train Epoch: [1/30] Iters:[160/1875] loss 0.4664, rec_loss 0.0243, p_loss 0.4082, utilization 0.1703, perplexity 4045.5217,
Train Epoch: [1/30] Iters:[170/1875] loss 0.4491, rec_loss 0.0228, p_loss 0.3934, utilization 0.1789, perplexity 4372.3037,
Train Epoch: [1/30] Iters:[180/1875] loss 0.4394, rec_loss 0.0222, p_loss 0.3843, utilization 0.1846, perplexity 4512.2918,
Train Epoch: [1/30] Iters:[190/1875] loss 0.4323, rec_loss 0.0216, p_loss 0.3770, utilization 0.1888, perplexity 4639.3058,
Train Epoch: [1/30] Iters:[200/1875] loss 0.4261, rec_loss 0.0212, p_loss 0.3702, utilization 0.1932, perplexity 4842.7507,
Train Epoch: [1/30] Iters:[210/1875] loss 0.4157, rec_loss 0.0203, p_loss 0.3605, utilization 0.1973, perplexity 5008.1959,
Train Epoch: [1/30] Iters:[220/1875] loss 0.4119, rec_loss 0.0207, p_loss 0.3560, utilization 0.2034, perplexity 5243.6078,
Train Epoch: [1/30] Iters:[230/1875] loss 0.4011, rec_loss 0.0199, p_loss 0.3464, utilization 0.2084, perplexity 5496.9845,
Train Epoch: [1/30] Iters:[240/1875] loss 0.3910, rec_loss 0.0189, p_loss 0.3379, utilization 0.2133, perplexity 5689.0043,
Train Epoch: [1/30] Iters:[250/1875] loss 0.3849, rec_loss 0.0182, p_loss 0.3330, utilization 0.2180, perplexity 5867.8789,
Train Epoch: [1/30] Iters:[260/1875] loss 0.3828, rec_loss 0.0178, p_loss 0.3300, utilization 0.2249, perplexity 6203.4656,
Train Epoch: [1/30] Iters:[270/1875] loss 0.3798, rec_loss 0.0169, p_loss 0.3265, utilization 0.2288, perplexity 6354.3021,
Train Epoch: [1/30] Iters:[280/1875] loss 0.3799, rec_loss 0.0167, p_loss 0.3248, utilization 0.2330, perplexity 6524.7865,
Train Epoch: [1/30] Iters:[290/1875] loss 0.3774, rec_loss 0.0164, p_loss 0.3196, utilization 0.2360, perplexity 6694.1746,
Train Epoch: [1/30] Iters:[300/1875] loss 0.3719, rec_loss 0.0161, p_loss 0.3129, utilization 0.2384, perplexity 6860.6471,
Train Epoch: [1/30] Iters:[310/1875] loss 0.3664, rec_loss 0.0160, p_loss 0.3079, utilization 0.2395, perplexity 6897.3839,
Train Epoch: [1/30] Iters:[320/1875] loss 0.3566, rec_loss 0.0154, p_loss 0.2984, utilization 0.2417, perplexity 7071.5987,
Train Epoch: [1/30] Iters:[330/1875] loss 0.3467, rec_loss 0.0147, p_loss 0.2892, utilization 0.2457, perplexity 7321.7480,
Train Epoch: [1/30] Iters:[340/1875] loss 0.3425, rec_loss 0.0152, p_loss 0.2859, utilization 0.2498, perplexity 7532.5193,
Train Epoch: [1/30] Iters:[350/1875] loss 0.3425, rec_loss 0.0152, p_loss 0.2852, utilization 0.2543, perplexity 7710.6360,
Train Epoch: [1/30] Iters:[360/1875] loss 0.3415, rec_loss 0.0149, p_loss 0.2839, utilization 0.2559, perplexity 7780.3198,
Train Epoch: [1/30] Iters:[370/1875] loss 0.3394, rec_loss 0.0146, p_loss 0.2822, utilization 0.2583, perplexity 7852.3701,
Train Epoch: [1/30] Iters:[380/1875] loss 0.3403, rec_loss 0.0144, p_loss 0.2835, utilization 0.2590, perplexity 7860.2893,
Train Epoch: [1/30] Iters:[390/1875] loss 0.3382, rec_loss 0.0136, p_loss 0.2805, utilization 0.2606, perplexity 7966.2958,
Train Epoch: [1/30] Iters:[400/1875] loss 0.3321, rec_loss 0.0134, p_loss 0.2751, utilization 0.2624, perplexity 8088.1058,
Train Epoch: [1/30] Iters:[410/1875] loss 0.3254, rec_loss 0.0132, p_loss 0.2688, utilization 0.2660, perplexity 8308.0549,
Train Epoch: [1/30] Iters:[420/1875] loss 0.3186, rec_loss 0.0130, p_loss 0.2633, utilization 0.2679, perplexity 8453.2754,
Train Epoch: [1/30] Iters:[430/1875] loss 0.3125, rec_loss 0.0128, p_loss 0.2570, utilization 0.2706, perplexity 8572.0651,
Train Epoch: [1/30] Iters:[440/1875] loss 0.3049, rec_loss 0.0124, p_loss 0.2509, utilization 0.2716, perplexity 8653.2898,
Train Epoch: [1/30] Iters:[450/1875] loss 0.3005, rec_loss 0.0120, p_loss 0.2461, utilization 0.2726, perplexity 8721.7511,
Train Epoch: [1/30] Iters:[460/1875] loss 0.2976, rec_loss 0.0115, p_loss 0.2433, utilization 0.2748, perplexity 8811.7333,
Train Epoch: [1/30] Iters:[470/1875] loss 0.2987, rec_loss 0.0115, p_loss 0.2428, utilization 0.2770, perplexity 8952.6418,
Train Epoch: [1/30] Iters:[480/1875] loss 0.2945, rec_loss 0.0112, p_loss 0.2385, utilization 0.2785, perplexity 9129.7481,
Train Epoch: [1/30] Iters:[490/1875] loss 0.2897, rec_loss 0.0110, p_loss 0.2342, utilization 0.2812, perplexity 9288.8459,
Train Epoch: [1/30] Iters:[500/1875] loss 0.2849, rec_loss 0.0106, p_loss 0.2303, utilization 0.2829, perplexity 9432.8404,
Train Epoch: [1/30] Iters:[510/1875] loss 0.2822, rec_loss 0.0104, p_loss 0.2272, utilization 0.2841, perplexity 9632.8167,
Train Epoch: [1/30] Iters:[520/1875] loss 0.2834, rec_loss 0.0105, p_loss 0.2268, utilization 0.2849, perplexity 9651.0586,
Train Epoch: [1/30] Iters:[530/1875] loss 0.2860, rec_loss 0.0113, p_loss 0.2284, utilization 0.2852, perplexity 9679.6757,
Train Epoch: [1/30] Iters:[540/1875] loss 0.2878, rec_loss 0.0114, p_loss 0.2298, utilization 0.2857, perplexity 9682.0771,
Train Epoch: [1/30] Iters:[550/1875] loss 0.2890, rec_loss 0.0114, p_loss 0.2305, utilization 0.2878, perplexity 9832.0440,
Train Epoch: [1/30] Iters:[560/1875] loss 0.2855, rec_loss 0.0112, p_loss 0.2283, utilization 0.2886, perplexity 9819.6671,
Train Epoch: [1/30] Iters:[570/1875] loss 0.2794, rec_loss 0.0107, p_loss 0.2227, utilization 0.2915, perplexity 10047.5932,
Train Epoch: [1/30] Iters:[580/1875] loss 0.2764, rec_loss 0.0097, p_loss 0.2205, utilization 0.2934, perplexity 10197.3761,
Train Epoch: [1/30] Iters:[590/1875] loss 0.2798, rec_loss 0.0104, p_loss 0.2230, utilization 0.2952, perplexity 10295.6211,
Train Epoch: [1/30] Iters:[600/1875] loss 0.2776, rec_loss 0.0105, p_loss 0.2210, utilization 0.2946, perplexity 10157.4022,
Train Epoch: [1/30] Iters:[610/1875] loss 0.2784, rec_loss 0.0106, p_loss 0.2210, utilization 0.2959, perplexity 10210.0912,
Train Epoch: [1/30] Iters:[620/1875] loss 0.2777, rec_loss 0.0104, p_loss 0.2215, utilization 0.2955, perplexity 10170.1935,
Train Epoch: [1/30] Iters:[630/1875] loss 0.2753, rec_loss 0.0106, p_loss 0.2192, utilization 0.2961, perplexity 10169.1590,
Train Epoch: [1/30] Iters:[640/1875] loss 0.2671, rec_loss 0.0096, p_loss 0.2125, utilization 0.2968, perplexity 10267.9738,
Train Epoch: [1/30] Iters:[650/1875] loss 0.2660, rec_loss 0.0094, p_loss 0.2114, utilization 0.2985, perplexity 10434.9164,
Train Epoch: [1/30] Iters:[660/1875] loss 0.2628, rec_loss 0.0090, p_loss 0.2083, utilization 0.3007, perplexity 10600.7544,
Train Epoch: [1/30] Iters:[670/1875] loss 0.2618, rec_loss 0.0089, p_loss 0.2078, utilization 0.3009, perplexity 10590.6941,
Train Epoch: [1/30] Iters:[680/1875] loss 0.2614, rec_loss 0.0089, p_loss 0.2066, utilization 0.3032, perplexity 10758.9450,
Train Epoch: [1/30] Iters:[690/1875] loss 0.2627, rec_loss 0.0090, p_loss 0.2070, utilization 0.3037, perplexity 10709.1948,
Train Epoch: [1/30] Iters:[700/1875] loss 0.2613, rec_loss 0.0092, p_loss 0.2055, utilization 0.3045, perplexity 10738.7630,
Train Epoch: [1/30] Iters:[710/1875] loss 0.2620, rec_loss 0.0093, p_loss 0.2068, utilization 0.3040, perplexity 10656.6423,
Train Epoch: [1/30] Iters:[720/1875] loss 0.2620, rec_loss 0.0093, p_loss 0.2057, utilization 0.3051, perplexity 10721.5353,
Train Epoch: [1/30] Iters:[730/1875] loss 0.2620, rec_loss 0.0091, p_loss 0.2057, utilization 0.3065, perplexity 10732.1163,
Train Epoch: [1/30] Iters:[740/1875] loss 0.2602, rec_loss 0.0088, p_loss 0.2048, utilization 0.3079, perplexity 10838.7512,
Train Epoch: [1/30] Iters:[750/1875] loss 0.2576, rec_loss 0.0085, p_loss 0.2031, utilization 0.3097, perplexity 10894.8832,
Train Epoch: [1/30] Iters:[760/1875] loss 0.2562, rec_loss 0.0082, p_loss 0.2010, utilization 0.3115, perplexity 11031.1401,
Train Epoch: [1/30] Iters:[770/1875] loss 0.2521, rec_loss 0.0080, p_loss 0.1980, utilization 0.3141, perplexity 11160.8292,
Train Epoch: [1/30] Iters:[780/1875] loss 0.2497, rec_loss 0.0078, p_loss 0.1965, utilization 0.3155, perplexity 11260.8582,
Train Epoch: [1/30] Iters:[790/1875] loss 0.2496, rec_loss 0.0078, p_loss 0.1958, utilization 0.3176, perplexity 11393.9012,
Train Epoch: [1/30] Iters:[800/1875] loss 0.2486, rec_loss 0.0077, p_loss 0.1944, utilization 0.3192, perplexity 11560.9978,
Train Epoch: [1/30] Iters:[810/1875] loss 0.2460, rec_loss 0.0078, p_loss 0.1918, utilization 0.3211, perplexity 11611.3359,
Train Epoch: [1/30] Iters:[820/1875] loss 0.2484, rec_loss 0.0077, p_loss 0.1936, utilization 0.3222, perplexity 11708.3887,
Train Epoch: [1/30] Iters:[830/1875] loss 0.2471, rec_loss 0.0077, p_loss 0.1920, utilization 0.3219, perplexity 11656.6224,
Train Epoch: [1/30] Iters:[840/1875] loss 0.2494, rec_loss 0.0079, p_loss 0.1931, utilization 0.3219, perplexity 11665.1234,
Train Epoch: [1/30] Iters:[850/1875] loss 0.2512, rec_loss 0.0081, p_loss 0.1938, utilization 0.3231, perplexity 11786.5351,
Train Epoch: [1/30] Iters:[860/1875] loss 0.2514, rec_loss 0.0079, p_loss 0.1941, utilization 0.3228, perplexity 11685.5231,
Train Epoch: [1/30] Iters:[870/1875] loss 0.2498, rec_loss 0.0080, p_loss 0.1926, utilization 0.3237, perplexity 11734.3061,
Train Epoch: [1/30] Iters:[880/1875] loss 0.2526, rec_loss 0.0082, p_loss 0.1946, utilization 0.3248, perplexity 11762.8484,
Train Epoch: [1/30] Iters:[890/1875] loss 0.2502, rec_loss 0.0079, p_loss 0.1923, utilization 0.3262, perplexity 11813.6136,
Train Epoch: [1/30] Iters:[900/1875] loss 0.2471, rec_loss 0.0077, p_loss 0.1904, utilization 0.3264, perplexity 11866.0283,
Train Epoch: [1/30] Iters:[910/1875] loss 0.2476, rec_loss 0.0078, p_loss 0.1907, utilization 0.3284, perplexity 12133.9416,
Train Epoch: [1/30] Iters:[920/1875] loss 0.2466, rec_loss 0.0077, p_loss 0.1901, utilization 0.3286, perplexity 12132.0257,
Train Epoch: [1/30] Iters:[930/1875] loss 0.2444, rec_loss 0.0074, p_loss 0.1877, utilization 0.3299, perplexity 12288.6362,
Train Epoch: [1/30] Iters:[940/1875] loss 0.2435, rec_loss 0.0073, p_loss 0.1873, utilization 0.3299, perplexity 12282.3197,
Train Epoch: [1/30] Iters:[950/1875] loss 0.2461, rec_loss 0.0074, p_loss 0.1887, utilization 0.3303, perplexity 12250.4660,
Train Epoch: [1/30] Iters:[960/1875] loss 0.2456, rec_loss 0.0073, p_loss 0.1874, utilization 0.3311, perplexity 12267.7334,
Train Epoch: [1/30] Iters:[970/1875] loss 0.2485, rec_loss 0.0077, p_loss 0.1883, utilization 0.3325, perplexity 12412.4774,
Train Epoch: [1/30] Iters:[980/1875] loss 0.2464, rec_loss 0.0075, p_loss 0.1870, utilization 0.3328, perplexity 12404.3521,
Train Epoch: [1/30] Iters:[990/1875] loss 0.2430, rec_loss 0.0072, p_loss 0.1843, utilization 0.3342, perplexity 12505.6697,
Train Epoch: [1/30] Iters:[1000/1875] loss 0.2424, rec_loss 0.0071, p_loss 0.1835, utilization 0.3351, perplexity 12507.2306,
Train Epoch: [1/30] Iters:[1010/1875] loss 0.2424, rec_loss 0.0073, p_loss 0.1829, utilization 0.3347, perplexity 12515.2850,
Train Epoch: [1/30] Iters:[1020/1875] loss 0.2374, rec_loss 0.0069, p_loss 0.1793, utilization 0.3347, perplexity 12504.1801,
Train Epoch: [1/30] Iters:[1030/1875] loss 0.2426, rec_loss 0.0073, p_loss 0.1830, utilization 0.3353, perplexity 12504.9142,
Train Epoch: [1/30] Iters:[1040/1875] loss 0.2496, rec_loss 0.0079, p_loss 0.1868, utilization 0.3360, perplexity 12548.8637,
Train Epoch: [1/30] Iters:[1050/1875] loss 0.2470, rec_loss 0.0079, p_loss 0.1850, utilization 0.3360, perplexity 12531.9191,
Train Epoch: [1/30] Iters:[1060/1875] loss 0.2452, rec_loss 0.0077, p_loss 0.1834, utilization 0.3366, perplexity 12562.2591,
Train Epoch: [1/30] Iters:[1070/1875] loss 0.2489, rec_loss 0.0078, p_loss 0.1861, utilization 0.3370, perplexity 12556.2660,
Train Epoch: [1/30] Iters:[1080/1875] loss 0.2430, rec_loss 0.0076, p_loss 0.1815, utilization 0.3376, perplexity 12644.0723,
Train Epoch: [1/30] Iters:[1090/1875] loss 0.2369, rec_loss 0.0073, p_loss 0.1772, utilization 0.3374, perplexity 12639.8712,
Train Epoch: [1/30] Iters:[1100/1875] loss 0.2365, rec_loss 0.0071, p_loss 0.1769, utilization 0.3379, perplexity 12718.1496,
Train Epoch: [1/30] Iters:[1110/1875] loss 0.2351, rec_loss 0.0070, p_loss 0.1764, utilization 0.3392, perplexity 12850.6485,
Train Epoch: [1/30] Iters:[1120/1875] loss 0.2315, rec_loss 0.0068, p_loss 0.1739, utilization 0.3396, perplexity 12843.2292,
Train Epoch: [1/30] Iters:[1130/1875] loss 0.2323, rec_loss 0.0066, p_loss 0.1750, utilization 0.3388, perplexity 12726.4434,
Train Epoch: [1/30] Iters:[1140/1875] loss 0.2319, rec_loss 0.0066, p_loss 0.1747, utilization 0.3404, perplexity 12891.6587,
Train Epoch: [1/30] Iters:[1150/1875] loss 0.2305, rec_loss 0.0064, p_loss 0.1735, utilization 0.3403, perplexity 12859.0621,
Train Epoch: [1/30] Iters:[1160/1875] loss 0.2293, rec_loss 0.0063, p_loss 0.1733, utilization 0.3417, perplexity 12919.2847,
Train Epoch: [1/30] Iters:[1170/1875] loss 0.2275, rec_loss 0.0063, p_loss 0.1725, utilization 0.3428, perplexity 12944.3139,
Train Epoch: [1/30] Iters:[1180/1875] loss 0.2236, rec_loss 0.0062, p_loss 0.1688, utilization 0.3441, perplexity 13088.0168,
Train Epoch: [1/30] Iters:[1190/1875] loss 0.2222, rec_loss 0.0062, p_loss 0.1678, utilization 0.3442, perplexity 13030.0769,
Train Epoch: [1/30] Iters:[1200/1875] loss 0.2212, rec_loss 0.0064, p_loss 0.1669, utilization 0.3454, perplexity 13150.0296,
Train Epoch: [1/30] Iters:[1210/1875] loss 0.2212, rec_loss 0.0065, p_loss 0.1666, utilization 0.3452, perplexity 13097.0460,
Train Epoch: [1/30] Iters:[1220/1875] loss 0.2220, rec_loss 0.0066, p_loss 0.1659, utilization 0.3461, perplexity 13264.7511,
Train Epoch: [1/30] Iters:[1230/1875] loss 0.2241, rec_loss 0.0066, p_loss 0.1679, utilization 0.3475, perplexity 13425.8445,
Train Epoch: [1/30] Iters:[1240/1875] loss 0.2232, rec_loss 0.0065, p_loss 0.1677, utilization 0.3471, perplexity 13345.7424,
Train Epoch: [1/30] Iters:[1250/1875] loss 0.2245, rec_loss 0.0063, p_loss 0.1687, utilization 0.3469, perplexity 13294.9212,
Train Epoch: [1/30] Iters:[1260/1875] loss 0.2241, rec_loss 0.0062, p_loss 0.1679, utilization 0.3458, perplexity 13194.0681,
Train Epoch: [1/30] Iters:[1270/1875] loss 0.2206, rec_loss 0.0060, p_loss 0.1658, utilization 0.3445, perplexity 13054.6620,
Train Epoch: [1/30] Iters:[1280/1875] loss 0.2211, rec_loss 0.0060, p_loss 0.1650, utilization 0.3447, perplexity 12986.2968,
Train Epoch: [1/30] Iters:[1290/1875] loss 0.2204, rec_loss 0.0058, p_loss 0.1644, utilization 0.3450, perplexity 13040.7306,
Train Epoch: [1/30] Iters:[1300/1875] loss 0.2178, rec_loss 0.0058, p_loss 0.1620, utilization 0.3457, perplexity 13107.5923,
Train Epoch: [1/30] Iters:[1310/1875] loss 0.2196, rec_loss 0.0061, p_loss 0.1628, utilization 0.3477, perplexity 13243.1000,
Train Epoch: [1/30] Iters:[1320/1875] loss 0.2230, rec_loss 0.0063, p_loss 0.1658, utilization 0.3491, perplexity 13377.6463,
Train Epoch: [1/30] Iters:[1330/1875] loss 0.2226, rec_loss 0.0063, p_loss 0.1664, utilization 0.3494, perplexity 13323.6085,
Train Epoch: [1/30] Iters:[1340/1875] loss 0.2231, rec_loss 0.0066, p_loss 0.1663, utilization 0.3513, perplexity 13511.0571,
Train Epoch: [1/30] Iters:[1350/1875] loss 0.2248, rec_loss 0.0067, p_loss 0.1675, utilization 0.3522, perplexity 13520.5617,
Train Epoch: [1/30] Iters:[1360/1875] loss 0.2219, rec_loss 0.0065, p_loss 0.1665, utilization 0.3519, perplexity 13617.2495,
Train Epoch: [1/30] Iters:[1370/1875] loss 0.2185, rec_loss 0.0063, p_loss 0.1640, utilization 0.3518, perplexity 13603.4546,
Train Epoch: [1/30] Iters:[1380/1875] loss 0.2179, rec_loss 0.0064, p_loss 0.1629, utilization 0.3514, perplexity 13628.8653,
Train Epoch: [1/30] Iters:[1390/1875] loss 0.2174, rec_loss 0.0063, p_loss 0.1626, utilization 0.3510, perplexity 13496.8057,
Train Epoch: [1/30] Iters:[1400/1875] loss 0.2183, rec_loss 0.0062, p_loss 0.1634, utilization 0.3503, perplexity 13431.3455,
Train Epoch: [1/30] Iters:[1410/1875] loss 0.2191, rec_loss 0.0063, p_loss 0.1634, utilization 0.3513, perplexity 13408.4087,
Train Epoch: [1/30] Iters:[1420/1875] loss 0.2193, rec_loss 0.0063, p_loss 0.1627, utilization 0.3518, perplexity 13443.6590,
Train Epoch: [1/30] Iters:[1430/1875] loss 0.2182, rec_loss 0.0060, p_loss 0.1627, utilization 0.3525, perplexity 13489.9671,
Train Epoch: [1/30] Iters:[1440/1875] loss 0.2169, rec_loss 0.0058, p_loss 0.1619, utilization 0.3544, perplexity 13699.3969,
Train Epoch: [1/30] Iters:[1450/1875] loss 0.2163, rec_loss 0.0057, p_loss 0.1622, utilization 0.3558, perplexity 13804.8715,
Train Epoch: [1/30] Iters:[1460/1875] loss 0.2168, rec_loss 0.0058, p_loss 0.1630, utilization 0.3550, perplexity 13694.4070,
Train Epoch: [1/30] Iters:[1470/1875] loss 0.2169, rec_loss 0.0057, p_loss 0.1639, utilization 0.3543, perplexity 13665.3674,
Train Epoch: [1/30] Iters:[1480/1875] loss 0.2170, rec_loss 0.0057, p_loss 0.1638, utilization 0.3538, perplexity 13649.8749,
Train Epoch: [1/30] Iters:[1490/1875] loss 0.2168, rec_loss 0.0059, p_loss 0.1639, utilization 0.3535, perplexity 13627.7017,
Train Epoch: [1/30] Iters:[1500/1875] loss 0.2135, rec_loss 0.0059, p_loss 0.1601, utilization 0.3535, perplexity 13715.8666,
Train Epoch: [1/30] Iters:[1510/1875] loss 0.2102, rec_loss 0.0057, p_loss 0.1576, utilization 0.3542, perplexity 13819.6815,
Train Epoch: [1/30] Iters:[1520/1875] loss 0.2092, rec_loss 0.0056, p_loss 0.1573, utilization 0.3554, perplexity 13828.3853,
Train Epoch: [1/30] Iters:[1530/1875] loss 0.2078, rec_loss 0.0055, p_loss 0.1550, utilization 0.3571, perplexity 13959.5852,
Train Epoch: [1/30] Iters:[1540/1875] loss 0.2072, rec_loss 0.0055, p_loss 0.1537, utilization 0.3577, perplexity 14027.2285,
Train Epoch: [1/30] Iters:[1550/1875] loss 0.2073, rec_loss 0.0054, p_loss 0.1545, utilization 0.3598, perplexity 14192.4010,
Train Epoch: [1/30] Iters:[1560/1875] loss 0.2078, rec_loss 0.0054, p_loss 0.1543, utilization 0.3618, perplexity 14289.1829,
Train Epoch: [1/30] Iters:[1570/1875] loss 0.2079, rec_loss 0.0056, p_loss 0.1528, utilization 0.3631, perplexity 14427.6813,
Train Epoch: [1/30] Iters:[1580/1875] loss 0.2080, rec_loss 0.0056, p_loss 0.1539, utilization 0.3636, perplexity 14390.0504,
Train Epoch: [1/30] Iters:[1590/1875] loss 0.2090, rec_loss 0.0056, p_loss 0.1553, utilization 0.3639, perplexity 14319.2091,
Train Epoch: [1/30] Iters:[1600/1875] loss 0.2095, rec_loss 0.0055, p_loss 0.1551, utilization 0.3635, perplexity 14164.3263,
Train Epoch: [1/30] Iters:[1610/1875] loss 0.2093, rec_loss 0.0056, p_loss 0.1553, utilization 0.3639, perplexity 14184.3954,
Train Epoch: [1/30] Iters:[1620/1875] loss 0.2086, rec_loss 0.0054, p_loss 0.1546, utilization 0.3648, perplexity 14204.2703,
Train Epoch: [1/30] Iters:[1630/1875] loss 0.2067, rec_loss 0.0056, p_loss 0.1526, utilization 0.3646, perplexity 14227.6801,
Train Epoch: [1/30] Iters:[1640/1875] loss 0.2053, rec_loss 0.0056, p_loss 0.1513, utilization 0.3644, perplexity 14245.9405,
Train Epoch: [1/30] Iters:[1650/1875] loss 0.2052, rec_loss 0.0057, p_loss 0.1512, utilization 0.3648, perplexity 14292.4573,
Train Epoch: [1/30] Iters:[1660/1875] loss 0.2061, rec_loss 0.0058, p_loss 0.1512, utilization 0.3665, perplexity 14493.5671,
Train Epoch: [1/30] Iters:[1670/1875] loss 0.2058, rec_loss 0.0058, p_loss 0.1514, utilization 0.3677, perplexity 14624.5066,
Train Epoch: [1/30] Iters:[1680/1875] loss 0.2059, rec_loss 0.0057, p_loss 0.1513, utilization 0.3691, perplexity 14738.9197,
Train Epoch: [1/30] Iters:[1690/1875] loss 0.2065, rec_loss 0.0056, p_loss 0.1514, utilization 0.3687, perplexity 14681.1943,
Train Epoch: [1/30] Iters:[1700/1875] loss 0.2058, rec_loss 0.0054, p_loss 0.1514, utilization 0.3685, perplexity 14661.7626,
Train Epoch: [1/30] Iters:[1710/1875] loss 0.2044, rec_loss 0.0052, p_loss 0.1508, utilization 0.3684, perplexity 14641.9658,
Train Epoch: [1/30] Iters:[1720/1875] loss 0.2047, rec_loss 0.0053, p_loss 0.1512, utilization 0.3683, perplexity 14572.3525,
Train Epoch: [1/30] Iters:[1730/1875] loss 0.2041, rec_loss 0.0052, p_loss 0.1510, utilization 0.3694, perplexity 14612.8652,
Train Epoch: [1/30] Iters:[1740/1875] loss 0.2033, rec_loss 0.0051, p_loss 0.1502, utilization 0.3715, perplexity 14754.1794,
Train Epoch: [1/30] Iters:[1750/1875] loss 0.2030, rec_loss 0.0052, p_loss 0.1492, utilization 0.3723, perplexity 14848.1329,
Train Epoch: [1/30] Iters:[1760/1875] loss 0.2042, rec_loss 0.0053, p_loss 0.1496, utilization 0.3715, perplexity 14750.4721,
Train Epoch: [1/30] Iters:[1770/1875] loss 0.2060, rec_loss 0.0052, p_loss 0.1510, utilization 0.3717, perplexity 14688.5311,
Train Epoch: [1/30] Iters:[1780/1875] loss 0.2068, rec_loss 0.0052, p_loss 0.1512, utilization 0.3718, perplexity 14746.4956,
Train Epoch: [1/30] Iters:[1790/1875] loss 0.2064, rec_loss 0.0053, p_loss 0.1515, utilization 0.3716, perplexity 14768.2078,
Train Epoch: [1/30] Iters:[1800/1875] loss 0.2069, rec_loss 0.0054, p_loss 0.1517, utilization 0.3729, perplexity 14844.9259,
Train Epoch: [1/30] Iters:[1810/1875] loss 0.2049, rec_loss 0.0054, p_loss 0.1507, utilization 0.3730, perplexity 14814.6729,
Train Epoch: [1/30] Iters:[1820/1875] loss 0.2029, rec_loss 0.0054, p_loss 0.1487, utilization 0.3729, perplexity 14914.1940,
Train Epoch: [1/30] Iters:[1830/1875] loss 0.2019, rec_loss 0.0055, p_loss 0.1479, utilization 0.3730, perplexity 14880.1402,
Train Epoch: [1/30] Iters:[1840/1875] loss 0.2012, rec_loss 0.0054, p_loss 0.1466, utilization 0.3735, perplexity 14884.6505,
Train Epoch: [1/30] Iters:[1850/1875] loss 0.2006, rec_loss 0.0054, p_loss 0.1459, utilization 0.3738, perplexity 14852.9986,
Train Epoch: [1/30] Iters:[1860/1875] loss 0.2010, rec_loss 0.0055, p_loss 0.1457, utilization 0.3745, perplexity 14844.4061,
Train Epoch: [1/30] Iters:[1870/1875] loss 0.1992, rec_loss 0.0056, p_loss 0.1442, utilization 0.3765, perplexity 14928.0664,
epoch:2, cur_lr:0.000097
Train Epoch: [2/30] Iters:[10/1875] loss 0.2014, rec_loss 0.0051, p_loss 0.1452, utilization 0.3785, perplexity 15424.5545,
Train Epoch: [2/30] Iters:[20/1875] loss 0.2003, rec_loss 0.0053, p_loss 0.1446, utilization 0.3793, perplexity 15450.2865,
Train Epoch: [2/30] Iters:[30/1875] loss 0.2027, rec_loss 0.0056, p_loss 0.1450, utilization 0.3804, perplexity 15585.3378,
Train Epoch: [2/30] Iters:[40/1875] loss 0.2016, rec_loss 0.0056, p_loss 0.1444, utilization 0.3805, perplexity 15468.0596,
Train Epoch: [2/30] Iters:[50/1875] loss 0.2006, rec_loss 0.0055, p_loss 0.1437, utilization 0.3813, perplexity 15515.9998,
Train Epoch: [2/30] Iters:[60/1875] loss 0.1993, rec_loss 0.0055, p_loss 0.1428, utilization 0.3812, perplexity 15392.9589,
Train Epoch: [2/30] Iters:[70/1875] loss 0.2004, rec_loss 0.0055, p_loss 0.1430, utilization 0.3818, perplexity 15424.1552,
Train Epoch: [2/30] Iters:[80/1875] loss 0.1988, rec_loss 0.0052, p_loss 0.1422, utilization 0.3821, perplexity 15389.9150,
Train Epoch: [2/30] Iters:[90/1875] loss 0.2005, rec_loss 0.0051, p_loss 0.1438, utilization 0.3822, perplexity 15388.7935,
Train Epoch: [2/30] Iters:[100/1875] loss 0.1995, rec_loss 0.0052, p_loss 0.1434, utilization 0.3814, perplexity 15282.2213,
Train Epoch: [2/30] Iters:[110/1875] loss 0.2020, rec_loss 0.0053, p_loss 0.1445, utilization 0.3838, perplexity 15552.0828,
Train Epoch: [2/30] Iters:[120/1875] loss 0.1987, rec_loss 0.0051, p_loss 0.1429, utilization 0.3838, perplexity 15539.2310,
Train Epoch: [2/30] Iters:[130/1875] loss 0.1992, rec_loss 0.0051, p_loss 0.1433, utilization 0.3836, perplexity 15418.5051,
Train Epoch: [2/30] Iters:[140/1875] loss 0.1959, rec_loss 0.0050, p_loss 0.1400, utilization 0.3859, perplexity 15692.4611,
Train Epoch: [2/30] Iters:[150/1875] loss 0.1960, rec_loss 0.0049, p_loss 0.1399, utilization 0.3873, perplexity 15781.9788,
Train Epoch: [2/30] Iters:[160/1875] loss 0.1934, rec_loss 0.0049, p_loss 0.1384, utilization 0.3860, perplexity 15593.1100,
Train Epoch: [2/30] Iters:[170/1875] loss 0.1958, rec_loss 0.0050, p_loss 0.1401, utilization 0.3867, perplexity 15568.1240,
Train Epoch: [2/30] Iters:[180/1875] loss 0.1944, rec_loss 0.0049, p_loss 0.1391, utilization 0.3878, perplexity 15732.3698,
Train Epoch: [2/30] Iters:[190/1875] loss 0.1961, rec_loss 0.0049, p_loss 0.1406, utilization 0.3865, perplexity 15491.7826,
Train Epoch: [2/30] Iters:[200/1875] loss 0.1966, rec_loss 0.0050, p_loss 0.1410, utilization 0.3859, perplexity 15433.7455,
Train Epoch: [2/30] Iters:[210/1875] loss 0.1965, rec_loss 0.0049, p_loss 0.1410, utilization 0.3865, perplexity 15512.7412,
Train Epoch: [2/30] Iters:[220/1875] loss 0.1962, rec_loss 0.0049, p_loss 0.1401, utilization 0.3877, perplexity 15751.0027,
Train Epoch: [2/30] Iters:[230/1875] loss 0.1955, rec_loss 0.0049, p_loss 0.1399, utilization 0.3878, perplexity 15806.2529,
Train Epoch: [2/30] Iters:[240/1875] loss 0.1941, rec_loss 0.0050, p_loss 0.1389, utilization 0.3883, perplexity 15824.2162,
Train Epoch: [2/30] Iters:[250/1875] loss 0.1943, rec_loss 0.0050, p_loss 0.1386, utilization 0.3900, perplexity 16007.5481,
Train Epoch: [2/30] Iters:[260/1875] loss 0.1941, rec_loss 0.0049, p_loss 0.1384, utilization 0.3907, perplexity 16090.8336,
Train Epoch: [2/30] Iters:[270/1875] loss 0.1932, rec_loss 0.0047, p_loss 0.1379, utilization 0.3907, perplexity 16022.5057,
Train Epoch: [2/30] Iters:[280/1875] loss 0.1945, rec_loss 0.0049, p_loss 0.1385, utilization 0.3918, perplexity 16022.0423,
Train Epoch: [2/30] Iters:[290/1875] loss 0.1948, rec_loss 0.0049, p_loss 0.1383, utilization 0.3919, perplexity 16173.1781,
Train Epoch: [2/30] Iters:[300/1875] loss 0.1952, rec_loss 0.0049, p_loss 0.1380, utilization 0.3906, perplexity 16082.3305,
Train Epoch: [2/30] Iters:[310/1875] loss 0.1948, rec_loss 0.0049, p_loss 0.1371, utilization 0.3912, perplexity 16068.6677,
Train Epoch: [2/30] Iters:[320/1875] loss 0.1958, rec_loss 0.0050, p_loss 0.1378, utilization 0.3911, perplexity 15981.2235,
Train Epoch: [2/30] Iters:[330/1875] loss 0.1932, rec_loss 0.0048, p_loss 0.1365, utilization 0.3913, perplexity 16102.2512,
Train Epoch: [2/30] Iters:[340/1875] loss 0.1924, rec_loss 0.0048, p_loss 0.1365, utilization 0.3924, perplexity 16148.4239,
Train Epoch: [2/30] Iters:[350/1875] loss 0.1928, rec_loss 0.0047, p_loss 0.1378, utilization 0.3935, perplexity 16174.3541,
Train Epoch: [2/30] Iters:[360/1875] loss 0.1928, rec_loss 0.0047, p_loss 0.1382, utilization 0.3942, perplexity 16237.2345,
Train Epoch: [2/30] Iters:[370/1875] loss 0.1917, rec_loss 0.0046, p_loss 0.1376, utilization 0.3942, perplexity 16228.8623,
Train Epoch: [2/30] Iters:[380/1875] loss 0.1938, rec_loss 0.0047, p_loss 0.1390, utilization 0.3940, perplexity 16074.6754,
Train Epoch: [2/30] Iters:[390/1875] loss 0.1954, rec_loss 0.0048, p_loss 0.1401, utilization 0.3931, perplexity 15832.6166,
Train Epoch: [2/30] Iters:[400/1875] loss 0.1950, rec_loss 0.0050, p_loss 0.1393, utilization 0.3935, perplexity 15819.8080,
Train Epoch: [2/30] Iters:[410/1875] loss 0.1946, rec_loss 0.0050, p_loss 0.1387, utilization 0.3941, perplexity 15899.8149,
Train Epoch: [2/30] Iters:[420/1875] loss 0.1949, rec_loss 0.0052, p_loss 0.1390, utilization 0.3948, perplexity 15986.8004,
Train Epoch: [2/30] Iters:[430/1875] loss 0.1940, rec_loss 0.0052, p_loss 0.1383, utilization 0.3945, perplexity 16047.7537,
Train Epoch: [2/30] Iters:[440/1875] loss 0.1927, rec_loss 0.0049, p_loss 0.1373, utilization 0.3952, perplexity 16203.8728,
Train Epoch: [2/30] Iters:[450/1875] loss 0.1919, rec_loss 0.0047, p_loss 0.1364, utilization 0.3962, perplexity 16253.4306,
Train Epoch: [2/30] Iters:[460/1875] loss 0.1917, rec_loss 0.0048, p_loss 0.1367, utilization 0.3954, perplexity 16146.6200,
Train Epoch: [2/30] Iters:[470/1875] loss 0.1906, rec_loss 0.0047, p_loss 0.1354, utilization 0.3961, perplexity 16214.7905,
Train Epoch: [2/30] Iters:[480/1875] loss 0.1891, rec_loss 0.0047, p_loss 0.1339, utilization 0.3968, perplexity 16248.2798,
Train Epoch: [2/30] Iters:[490/1875] loss 0.1884, rec_loss 0.0047, p_loss 0.1331, utilization 0.3979, perplexity 16338.7092,
Train Epoch: [2/30] Iters:[500/1875] loss 0.1874, rec_loss 0.0047, p_loss 0.1327, utilization 0.3981, perplexity 16371.1434,
Train Epoch: [2/30] Iters:[510/1875] loss 0.1883, rec_loss 0.0048, p_loss 0.1326, utilization 0.3990, perplexity 16455.9594,
Train Epoch: [2/30] Iters:[520/1875] loss 0.1889, rec_loss 0.0049, p_loss 0.1324, utilization 0.4003, perplexity 16588.2612,
Train Epoch: [2/30] Iters:[530/1875] loss 0.1897, rec_loss 0.0050, p_loss 0.1329, utilization 0.4022, perplexity 16797.5851,
Train Epoch: [2/30] Iters:[540/1875] loss 0.1889, rec_loss 0.0049, p_loss 0.1329, utilization 0.4022, perplexity 16869.5483,
Train Epoch: [2/30] Iters:[550/1875] loss 0.1908, rec_loss 0.0051, p_loss 0.1337, utilization 0.4013, perplexity 16768.2421,
Train Epoch: [2/30] Iters:[560/1875] loss 0.1901, rec_loss 0.0049, p_loss 0.1337, utilization 0.4022, perplexity 16881.4911,
Train Epoch: [2/30] Iters:[570/1875] loss 0.1888, rec_loss 0.0048, p_loss 0.1335, utilization 0.4017, perplexity 16773.0413,
Train Epoch: [2/30] Iters:[580/1875] loss 0.1892, rec_loss 0.0047, p_loss 0.1342, utilization 0.4006, perplexity 16604.7883,
Train Epoch: [2/30] Iters:[590/1875] loss 0.1900, rec_loss 0.0048, p_loss 0.1341, utilization 0.4011, perplexity 16579.6784,
Train Epoch: [2/30] Iters:[600/1875] loss 0.1879, rec_loss 0.0046, p_loss 0.1329, utilization 0.4023, perplexity 16778.3718,
Train Epoch: [2/30] Iters:[610/1875] loss 0.1867, rec_loss 0.0045, p_loss 0.1323, utilization 0.4025, perplexity 16713.3573,
Train Epoch: [2/30] Iters:[620/1875] loss 0.1883, rec_loss 0.0046, p_loss 0.1335, utilization 0.4019, perplexity 16612.1117,
Train Epoch: [2/30] Iters:[630/1875] loss 0.1902, rec_loss 0.0048, p_loss 0.1344, utilization 0.4024, perplexity 16563.7731,
Train Epoch: [2/30] Iters:[640/1875] loss 0.1898, rec_loss 0.0049, p_loss 0.1341, utilization 0.4017, perplexity 16467.3505,
Train Epoch: [2/30] Iters:[650/1875] loss 0.1905, rec_loss 0.0048, p_loss 0.1345, utilization 0.4022, perplexity 16459.2960,
Train Epoch: [2/30] Iters:[660/1875] loss 0.1915, rec_loss 0.0049, p_loss 0.1353, utilization 0.4026, perplexity 16436.9771,
Train Epoch: [2/30] Iters:[670/1875] loss 0.1911, rec_loss 0.0050, p_loss 0.1350, utilization 0.4027, perplexity 16370.9346,
Train Epoch: [2/30] Iters:[680/1875] loss 0.1895, rec_loss 0.0049, p_loss 0.1336, utilization 0.4030, perplexity 16479.4314,
Train Epoch: [2/30] Iters:[690/1875] loss 0.1906, rec_loss 0.0050, p_loss 0.1341, utilization 0.4047, perplexity 16730.1799,
Train Epoch: [2/30] Iters:[700/1875] loss 0.1891, rec_loss 0.0050, p_loss 0.1334, utilization 0.4041, perplexity 16673.9280,
Train Epoch: [2/30] Iters:[710/1875] loss 0.1894, rec_loss 0.0051, p_loss 0.1330, utilization 0.4043, perplexity 16752.3647,
Train Epoch: [2/30] Iters:[720/1875] loss 0.1882, rec_loss 0.0051, p_loss 0.1321, utilization 0.4039, perplexity 16822.2040,
Train Epoch: [2/30] Iters:[730/1875] loss 0.1873, rec_loss 0.0049, p_loss 0.1317, utilization 0.4042, perplexity 16737.7807,
Train Epoch: [2/30] Iters:[740/1875] loss 0.1861, rec_loss 0.0047, p_loss 0.1303, utilization 0.4045, perplexity 16674.2057,
Train Epoch: [2/30] Iters:[750/1875] loss 0.1881, rec_loss 0.0047, p_loss 0.1316, utilization 0.4064, perplexity 16778.3155,
Train Epoch: [2/30] Iters:[760/1875] loss 0.1884, rec_loss 0.0046, p_loss 0.1323, utilization 0.4058, perplexity 16639.8310,
Train Epoch: [2/30] Iters:[770/1875] loss 0.1887, rec_loss 0.0047, p_loss 0.1323, utilization 0.4068, perplexity 16737.6202,
Train Epoch: [2/30] Iters:[780/1875] loss 0.1883, rec_loss 0.0050, p_loss 0.1318, utilization 0.4074, perplexity 16909.6027,
Train Epoch: [2/30] Iters:[790/1875] loss 0.1885, rec_loss 0.0052, p_loss 0.1321, utilization 0.4071, perplexity 16830.1460,
Train Epoch: [2/30] Iters:[800/1875] loss 0.1868, rec_loss 0.0052, p_loss 0.1306, utilization 0.4075, perplexity 16945.7407,
Train Epoch: [2/30] Iters:[810/1875] loss 0.1844, rec_loss 0.0050, p_loss 0.1288, utilization 0.4081, perplexity 17048.6123,
Train Epoch: [2/30] Iters:[820/1875] loss 0.1837, rec_loss 0.0048, p_loss 0.1284, utilization 0.4087, perplexity 17107.0393,
Train Epoch: [2/30] Iters:[830/1875] loss 0.1837, rec_loss 0.0046, p_loss 0.1288, utilization 0.4095, perplexity 17109.3905,
Train Epoch: [2/30] Iters:[840/1875] loss 0.1833, rec_loss 0.0043, p_loss 0.1284, utilization 0.4103, perplexity 17281.1976,
Train Epoch: [2/30] Iters:[850/1875] loss 0.1835, rec_loss 0.0043, p_loss 0.1288, utilization 0.4105, perplexity 17157.8316,
Train Epoch: [2/30] Iters:[860/1875] loss 0.1840, rec_loss 0.0044, p_loss 0.1285, utilization 0.4108, perplexity 17253.9713,
Train Epoch: [2/30] Iters:[870/1875] loss 0.1845, rec_loss 0.0044, p_loss 0.1287, utilization 0.4116, perplexity 17336.7142,
Train Epoch: [2/30] Iters:[880/1875] loss 0.1856, rec_loss 0.0045, p_loss 0.1293, utilization 0.4114, perplexity 17305.5654,
Train Epoch: [2/30] Iters:[890/1875] loss 0.1865, rec_loss 0.0047, p_loss 0.1298, utilization 0.4109, perplexity 17265.4496,
Train Epoch: [2/30] Iters:[900/1875] loss 0.1876, rec_loss 0.0048, p_loss 0.1304, utilization 0.4106, perplexity 17301.3316,
Train Epoch: [2/30] Iters:[910/1875] loss 0.1893, rec_loss 0.0049, p_loss 0.1315, utilization 0.4108, perplexity 17225.2140,
Train Epoch: [2/30] Iters:[920/1875] loss 0.1889, rec_loss 0.0048, p_loss 0.1314, utilization 0.4112, perplexity 17202.1891,
Train Epoch: [2/30] Iters:[930/1875] loss 0.1882, rec_loss 0.0048, p_loss 0.1305, utilization 0.4112, perplexity 17195.3484,
Train Epoch: [2/30] Iters:[940/1875] loss 0.1870, rec_loss 0.0046, p_loss 0.1296, utilization 0.4112, perplexity 17117.9723,
Train Epoch: [2/30] Iters:[950/1875] loss 0.1859, rec_loss 0.0044, p_loss 0.1286, utilization 0.4104, perplexity 16927.4997,
Train Epoch: [2/30] Iters:[960/1875] loss 0.1840, rec_loss 0.0043, p_loss 0.1272, utilization 0.4107, perplexity 16919.7755,
Train Epoch: [2/30] Iters:[970/1875] loss 0.1848, rec_loss 0.0044, p_loss 0.1273, utilization 0.4106, perplexity 16851.7496,
Train Epoch: [2/30] Iters:[980/1875] loss 0.1849, rec_loss 0.0045, p_loss 0.1274, utilization 0.4117, perplexity 16897.6098,
Train Epoch: [2/30] Iters:[990/1875] loss 0.1855, rec_loss 0.0044, p_loss 0.1281, utilization 0.4142, perplexity 17156.4427,
Train Epoch: [2/30] Iters:[1000/1875] loss 0.1835, rec_loss 0.0045, p_loss 0.1270, utilization 0.4162, perplexity 17370.8902,
Train Epoch: [2/30] Iters:[1010/1875] loss 0.1843, rec_loss 0.0045, p_loss 0.1275, utilization 0.4185, perplexity 17619.1037,
Train Epoch: [2/30] Iters:[1020/1875] loss 0.1823, rec_loss 0.0044, p_loss 0.1261, utilization 0.4195, perplexity 17795.4994,
Train Epoch: [2/30] Iters:[1030/1875] loss 0.1818, rec_loss 0.0045, p_loss 0.1257, utilization 0.4185, perplexity 17674.6495,
Train Epoch: [2/30] Iters:[1040/1875] loss 0.1811, rec_loss 0.0044, p_loss 0.1249, utilization 0.4180, perplexity 17633.2516,
Train Epoch: [2/30] Iters:[1050/1875] loss 0.1829, rec_loss 0.0044, p_loss 0.1259, utilization 0.4183, perplexity 17715.8362,
Train Epoch: [2/30] Iters:[1060/1875] loss 0.1837, rec_loss 0.0044, p_loss 0.1262, utilization 0.4181, perplexity 17565.3099,
Train Epoch: [2/30] Iters:[1070/1875] loss 0.1842, rec_loss 0.0045, p_loss 0.1263, utilization 0.4187, perplexity 17598.2373,
Train Epoch: [2/30] Iters:[1080/1875] loss 0.1832, rec_loss 0.0044, p_loss 0.1255, utilization 0.4195, perplexity 17738.7112,
Train Epoch: [2/30] Iters:[1090/1875] loss 0.1829, rec_loss 0.0045, p_loss 0.1256, utilization 0.4188, perplexity 17648.0425,
Train Epoch: [2/30] Iters:[1100/1875] loss 0.1826, rec_loss 0.0045, p_loss 0.1250, utilization 0.4199, perplexity 17681.3722,
Train Epoch: [2/30] Iters:[1110/1875] loss 0.1815, rec_loss 0.0045, p_loss 0.1248, utilization 0.4191, perplexity 17620.8077,
Train Epoch: [2/30] Iters:[1120/1875] loss 0.1815, rec_loss 0.0045, p_loss 0.1252, utilization 0.4188, perplexity 17569.6774,
Train Epoch: [2/30] Iters:[1130/1875] loss 0.1822, rec_loss 0.0045, p_loss 0.1256, utilization 0.4184, perplexity 17532.6763,
Train Epoch: [2/30] Iters:[1140/1875] loss 0.1825, rec_loss 0.0044, p_loss 0.1257, utilization 0.4187, perplexity 17585.1515,
Train Epoch: [2/30] Iters:[1150/1875] loss 0.1827, rec_loss 0.0045, p_loss 0.1259, utilization 0.4173, perplexity 17573.9802,
Train Epoch: [2/30] Iters:[1160/1875] loss 0.1835, rec_loss 0.0044, p_loss 0.1263, utilization 0.4177, perplexity 17634.4576,
Train Epoch: [2/30] Iters:[1170/1875] loss 0.1832, rec_loss 0.0044, p_loss 0.1259, utilization 0.4183, perplexity 17639.8503,
Train Epoch: [2/30] Iters:[1180/1875] loss 0.1830, rec_loss 0.0044, p_loss 0.1260, utilization 0.4196, perplexity 17772.2019,
Train Epoch: [2/30] Iters:[1190/1875] loss 0.1834, rec_loss 0.0045, p_loss 0.1263, utilization 0.4204, perplexity 17809.2999,
Train Epoch: [2/30] Iters:[1200/1875] loss 0.1821, rec_loss 0.0045, p_loss 0.1257, utilization 0.4215, perplexity 17763.1774,
Train Epoch: [2/30] Iters:[1210/1875] loss 0.1816, rec_loss 0.0045, p_loss 0.1252, utilization 0.4212, perplexity 17799.9503,
Train Epoch: [2/30] Iters:[1220/1875] loss 0.1841, rec_loss 0.0045, p_loss 0.1267, utilization 0.4210, perplexity 17712.2723,
Train Epoch: [2/30] Iters:[1230/1875] loss 0.1848, rec_loss 0.0046, p_loss 0.1266, utilization 0.4215, perplexity 17694.9478,
Train Epoch: [2/30] Iters:[1240/1875] loss 0.1832, rec_loss 0.0045, p_loss 0.1255, utilization 0.4222, perplexity 17688.2200,
Train Epoch: [2/30] Iters:[1250/1875] loss 0.1834, rec_loss 0.0044, p_loss 0.1252, utilization 0.4213, perplexity 17698.0089,
Train Epoch: [2/30] Iters:[1260/1875] loss 0.1839, rec_loss 0.0044, p_loss 0.1257, utilization 0.4224, perplexity 17696.0083,
Train Epoch: [2/30] Iters:[1270/1875] loss 0.1828, rec_loss 0.0044, p_loss 0.1250, utilization 0.4226, perplexity 17789.3692,
Train Epoch: [2/30] Iters:[1280/1875] loss 0.1810, rec_loss 0.0043, p_loss 0.1242, utilization 0.4229, perplexity 17706.3800,
Train Epoch: [2/30] Iters:[1290/1875] loss 0.1825, rec_loss 0.0043, p_loss 0.1252, utilization 0.4235, perplexity 17759.3502,
Train Epoch: [2/30] Iters:[1300/1875] loss 0.1824, rec_loss 0.0043, p_loss 0.1253, utilization 0.4250, perplexity 17895.0999,
Train Epoch: [2/30] Iters:[1310/1875] loss 0.1821, rec_loss 0.0043, p_loss 0.1245, utilization 0.4256, perplexity 18010.4626,
Train Epoch: [2/30] Iters:[1320/1875] loss 0.1803, rec_loss 0.0043, p_loss 0.1230, utilization 0.4259, perplexity 18052.3596,
Train Epoch: [2/30] Iters:[1330/1875] loss 0.1808, rec_loss 0.0045, p_loss 0.1227, utilization 0.4258, perplexity 18141.5671,
Train Epoch: [2/30] Iters:[1340/1875] loss 0.1801, rec_loss 0.0046, p_loss 0.1216, utilization 0.4253, perplexity 18092.7135,
Train Epoch: [2/30] Iters:[1350/1875] loss 0.1811, rec_loss 0.0046, p_loss 0.1225, utilization 0.4246, perplexity 17905.8109,
Train Epoch: [2/30] Iters:[1360/1875] loss 0.1804, rec_loss 0.0046, p_loss 0.1225, utilization 0.4243, perplexity 17859.2513,
Train Epoch: [2/30] Iters:[1370/1875] loss 0.1815, rec_loss 0.0047, p_loss 0.1227, utilization 0.4251, perplexity 17952.5053,
Train Epoch: [2/30] Iters:[1380/1875] loss 0.1822, rec_loss 0.0047, p_loss 0.1236, utilization 0.4252, perplexity 17910.8745,
Train Epoch: [2/30] Iters:[1390/1875] loss 0.1823, rec_loss 0.0048, p_loss 0.1238, utilization 0.4242, perplexity 17767.4414,
Train Epoch: [2/30] Iters:[1400/1875] loss 0.1818, rec_loss 0.0048, p_loss 0.1226, utilization 0.4247, perplexity 17964.1817,
Train Epoch: [2/30] Iters:[1410/1875] loss 0.1819, rec_loss 0.0049, p_loss 0.1222, utilization 0.4255, perplexity 18032.9257,
Train Epoch: [2/30] Iters:[1420/1875] loss 0.1814, rec_loss 0.0047, p_loss 0.1228, utilization 0.4252, perplexity 17914.0956,
Train Epoch: [2/30] Iters:[1430/1875] loss 0.1812, rec_loss 0.0048, p_loss 0.1226, utilization 0.4260, perplexity 17983.5758,
Train Epoch: [2/30] Iters:[1440/1875] loss 0.1827, rec_loss 0.0050, p_loss 0.1235, utilization 0.4265, perplexity 18032.6610,
Train Epoch: [2/30] Iters:[1450/1875] loss 0.1816, rec_loss 0.0048, p_loss 0.1232, utilization 0.4269, perplexity 18066.2429,
Train Epoch: [2/30] Iters:[1460/1875] loss 0.1799, rec_loss 0.0046, p_loss 0.1225, utilization 0.4266, perplexity 17997.2879,
Train Epoch: [2/30] Iters:[1470/1875] loss 0.1792, rec_loss 0.0045, p_loss 0.1211, utilization 0.4262, perplexity 17898.0517,
Train Epoch: [2/30] Iters:[1480/1875] loss 0.1775, rec_loss 0.0042, p_loss 0.1199, utilization 0.4264, perplexity 17985.7998,
Train Epoch: [2/30] Iters:[1490/1875] loss 0.1775, rec_loss 0.0039, p_loss 0.1200, utilization 0.4290, perplexity 18290.9143,
Train Epoch: [2/30] Iters:[1500/1875] loss 0.1775, rec_loss 0.0040, p_loss 0.1202, utilization 0.4291, perplexity 18230.8243,
Train Epoch: [2/30] Iters:[1510/1875] loss 0.1798, rec_loss 0.0041, p_loss 0.1218, utilization 0.4293, perplexity 18230.6934,
Train Epoch: [2/30] Iters:[1520/1875] loss 0.1803, rec_loss 0.0042, p_loss 0.1223, utilization 0.4306, perplexity 18441.5443,
Train Epoch: [2/30] Iters:[1530/1875] loss 0.1819, rec_loss 0.0044, p_loss 0.1235, utilization 0.4299, perplexity 18278.8751,
Train Epoch: [2/30] Iters:[1540/1875] loss 0.1794, rec_loss 0.0044, p_loss 0.1219, utilization 0.4283, perplexity 18096.9302,
Train Epoch: [2/30] Iters:[1550/1875] loss 0.1804, rec_loss 0.0044, p_loss 0.1220, utilization 0.4294, perplexity 18282.9967,
Train Epoch: [2/30] Iters:[1560/1875] loss 0.1791, rec_loss 0.0043, p_loss 0.1205, utilization 0.4298, perplexity 18396.3272,
Train Epoch: [2/30] Iters:[1570/1875] loss 0.1816, rec_loss 0.0045, p_loss 0.1225, utilization 0.4302, perplexity 18376.4963,
Train Epoch: [2/30] Iters:[1580/1875] loss 0.1816, rec_loss 0.0044, p_loss 0.1224, utilization 0.4317, perplexity 18558.5673,
Train Epoch: [2/30] Iters:[1590/1875] loss 0.1827, rec_loss 0.0045, p_loss 0.1227, utilization 0.4326, perplexity 18667.7400,
Train Epoch: [2/30] Iters:[1600/1875] loss 0.1815, rec_loss 0.0046, p_loss 0.1221, utilization 0.4317, perplexity 18472.1420,
Train Epoch: [2/30] Iters:[1610/1875] loss 0.1803, rec_loss 0.0046, p_loss 0.1216, utilization 0.4314, perplexity 18463.3255,
Train Epoch: [2/30] Iters:[1620/1875] loss 0.1785, rec_loss 0.0045, p_loss 0.1198, utilization 0.4319, perplexity 18583.5608,
Train Epoch: [2/30] Iters:[1630/1875] loss 0.1778, rec_loss 0.0044, p_loss 0.1196, utilization 0.4313, perplexity 18448.1517,
Train Epoch: [2/30] Iters:[1640/1875] loss 0.1780, rec_loss 0.0043, p_loss 0.1202, utilization 0.4313, perplexity 18366.3472,
Train Epoch: [2/30] Iters:[1650/1875] loss 0.1791, rec_loss 0.0044, p_loss 0.1206, utilization 0.4318, perplexity 18347.6541,
Train Epoch: [2/30] Iters:[1660/1875] loss 0.1808, rec_loss 0.0045, p_loss 0.1211, utilization 0.4316, perplexity 18208.9132,
Train Epoch: [2/30] Iters:[1670/1875] loss 0.1818, rec_loss 0.0045, p_loss 0.1215, utilization 0.4316, perplexity 18172.5748,
Train Epoch: [2/30] Iters:[1680/1875] loss 0.1808, rec_loss 0.0047, p_loss 0.1207, utilization 0.4317, perplexity 18190.2992,
Train Epoch: [2/30] Iters:[1690/1875] loss 0.1807, rec_loss 0.0048, p_loss 0.1205, utilization 0.4322, perplexity 18213.8541,
Train Epoch: [2/30] Iters:[1700/1875] loss 0.1793, rec_loss 0.0046, p_loss 0.1194, utilization 0.4331, perplexity 18445.2149,
Train Epoch: [2/30] Iters:[1710/1875] loss 0.1780, rec_loss 0.0044, p_loss 0.1190, utilization 0.4336, perplexity 18579.0852,
Train Epoch: [2/30] Iters:[1720/1875] loss 0.1770, rec_loss 0.0043, p_loss 0.1189, utilization 0.4343, perplexity 18657.3668,
Train Epoch: [2/30] Iters:[1730/1875] loss 0.1790, rec_loss 0.0041, p_loss 0.1206, utilization 0.4345, perplexity 18753.8421,
Train Epoch: [2/30] Iters:[1740/1875] loss 0.1783, rec_loss 0.0040, p_loss 0.1197, utilization 0.4352, perplexity 18933.5128,
Train Epoch: [2/30] Iters:[1750/1875] loss 0.1801, rec_loss 0.0043, p_loss 0.1218, utilization 0.4334, perplexity 18661.9751,
Train Epoch: [2/30] Iters:[1760/1875] loss 0.1807, rec_loss 0.0043, p_loss 0.1217, utilization 0.4346, perplexity 18751.7246,
Train Epoch: [2/30] Iters:[1770/1875] loss 0.1812, rec_loss 0.0045, p_loss 0.1220, utilization 0.4350, perplexity 18638.9209,
Train Epoch: [2/30] Iters:[1780/1875] loss 0.1809, rec_loss 0.0046, p_loss 0.1214, utilization 0.4346, perplexity 18507.5365,
Train Epoch: [2/30] Iters:[1790/1875] loss 0.1821, rec_loss 0.0046, p_loss 0.1222, utilization 0.4332, perplexity 18301.5130,
Train Epoch: [2/30] Iters:[1800/1875] loss 0.1820, rec_loss 0.0046, p_loss 0.1218, utilization 0.4349, perplexity 18505.4086,
Train Epoch: [2/30] Iters:[1810/1875] loss 0.1820, rec_loss 0.0046, p_loss 0.1217, utilization 0.4352, perplexity 18476.8252,
Train Epoch: [2/30] Iters:[1820/1875] loss 0.1813, rec_loss 0.0044, p_loss 0.1215, utilization 0.4334, perplexity 18317.2706,
Train Epoch: [2/30] Iters:[1830/1875] loss 0.1806, rec_loss 0.0044, p_loss 0.1206, utilization 0.4344, perplexity 18544.1346,
Train Epoch: [2/30] Iters:[1840/1875] loss 0.1796, rec_loss 0.0043, p_loss 0.1203, utilization 0.4349, perplexity 18563.3693,
Train Epoch: [2/30] Iters:[1850/1875] loss 0.1792, rec_loss 0.0043, p_loss 0.1196, utilization 0.4340, perplexity 18408.2626,
Train Epoch: [2/30] Iters:[1860/1875] loss 0.1774, rec_loss 0.0041, p_loss 0.1186, utilization 0.4331, perplexity 18437.7289,
Train Epoch: [2/30] Iters:[1870/1875] loss 0.1756, rec_loss 0.0040, p_loss 0.1172, utilization 0.4340, perplexity 18552.5755,
epoch:3, cur_lr:0.000094
Train Epoch: [3/30] Iters:[10/1875] loss 0.1788, rec_loss 0.0039, p_loss 0.1200, utilization 0.4371, perplexity 18605.0447,
Train Epoch: [3/30] Iters:[20/1875] loss 0.1750, rec_loss 0.0039, p_loss 0.1167, utilization 0.4391, perplexity 18870.1828,
Train Epoch: [3/30] Iters:[30/1875] loss 0.1768, rec_loss 0.0040, p_loss 0.1181, utilization 0.4378, perplexity 18745.4820,
Train Epoch: [3/30] Iters:[40/1875] loss 0.1779, rec_loss 0.0040, p_loss 0.1183, utilization 0.4372, perplexity 18692.0989,
Train Epoch: [3/30] Iters:[50/1875] loss 0.1776, rec_loss 0.0041, p_loss 0.1182, utilization 0.4368, perplexity 18657.0463,
Train Epoch: [3/30] Iters:[60/1875] loss 0.1771, rec_loss 0.0043, p_loss 0.1174, utilization 0.4372, perplexity 18712.0611,
Train Epoch: [3/30] Iters:[70/1875] loss 0.1806, rec_loss 0.0046, p_loss 0.1201, utilization 0.4364, perplexity 18649.8259,
Train Epoch: [3/30] Iters:[80/1875] loss 0.1801, rec_loss 0.0045, p_loss 0.1194, utilization 0.4370, perplexity 18687.6162,
Train Epoch: [3/30] Iters:[90/1875] loss 0.1782, rec_loss 0.0045, p_loss 0.1182, utilization 0.4375, perplexity 18792.2549,
Train Epoch: [3/30] Iters:[100/1875] loss 0.1797, rec_loss 0.0045, p_loss 0.1193, utilization 0.4385, perplexity 18938.7809,
Train Epoch: [3/30] Iters:[110/1875] loss 0.1798, rec_loss 0.0045, p_loss 0.1194, utilization 0.4396, perplexity 19135.6296,
Train Epoch: [3/30] Iters:[120/1875] loss 0.1775, rec_loss 0.0043, p_loss 0.1178, utilization 0.4386, perplexity 19094.5447,
Train Epoch: [3/30] Iters:[130/1875] loss 0.1783, rec_loss 0.0043, p_loss 0.1182, utilization 0.4375, perplexity 18955.7801,
Train Epoch: [3/30] Iters:[140/1875] loss 0.1796, rec_loss 0.0044, p_loss 0.1196, utilization 0.4378, perplexity 18921.1589,
Train Epoch: [3/30] Iters:[150/1875] loss 0.1789, rec_loss 0.0044, p_loss 0.1190, utilization 0.4380, perplexity 18998.8145,
Train Epoch: [3/30] Iters:[160/1875] loss 0.1787, rec_loss 0.0043, p_loss 0.1195, utilization 0.4362, perplexity 18739.5474,
Train Epoch: [3/30] Iters:[170/1875] loss 0.1775, rec_loss 0.0042, p_loss 0.1186, utilization 0.4371, perplexity 18804.0510,
Train Epoch: [3/30] Iters:[180/1875] loss 0.1778, rec_loss 0.0044, p_loss 0.1192, utilization 0.4370, perplexity 18768.7412,
Train Epoch: [3/30] Iters:[190/1875] loss 0.1778, rec_loss 0.0042, p_loss 0.1193, utilization 0.4364, perplexity 18722.7684,
Train Epoch: [3/30] Iters:[200/1875] loss 0.1779, rec_loss 0.0042, p_loss 0.1198, utilization 0.4351, perplexity 18391.8919,
Train Epoch: [3/30] Iters:[210/1875] loss 0.1779, rec_loss 0.0043, p_loss 0.1192, utilization 0.4358, perplexity 18401.4230,
Train Epoch: [3/30] Iters:[220/1875] loss 0.1784, rec_loss 0.0044, p_loss 0.1192, utilization 0.4354, perplexity 18281.4465,
Train Epoch: [3/30] Iters:[230/1875] loss 0.1778, rec_loss 0.0042, p_loss 0.1189, utilization 0.4372, perplexity 18556.5683,
Train Epoch: [3/30] Iters:[240/1875] loss 0.1776, rec_loss 0.0044, p_loss 0.1181, utilization 0.4370, perplexity 18449.8772,
Train Epoch: [3/30] Iters:[250/1875] loss 0.1766, rec_loss 0.0043, p_loss 0.1171, utilization 0.4369, perplexity 18528.2610,
Train Epoch: [3/30] Iters:[260/1875] loss 0.1773, rec_loss 0.0042, p_loss 0.1173, utilization 0.4387, perplexity 18765.1671,
Train Epoch: [3/30] Iters:[270/1875] loss 0.1783, rec_loss 0.0043, p_loss 0.1184, utilization 0.4395, perplexity 18852.9313,
Train Epoch: [3/30] Iters:[280/1875] loss 0.1769, rec_loss 0.0044, p_loss 0.1170, utilization 0.4379, perplexity 18700.0616,
Train Epoch: [3/30] Iters:[290/1875] loss 0.1768, rec_loss 0.0042, p_loss 0.1165, utilization 0.4399, perplexity 19041.0535,
Train Epoch: [3/30] Iters:[300/1875] loss 0.1768, rec_loss 0.0043, p_loss 0.1163, utilization 0.4408, perplexity 18998.2154,
Train Epoch: [3/30] Iters:[310/1875] loss 0.1762, rec_loss 0.0042, p_loss 0.1167, utilization 0.4392, perplexity 18755.5943,
Train Epoch: [3/30] Iters:[320/1875] loss 0.1750, rec_loss 0.0042, p_loss 0.1158, utilization 0.4384, perplexity 18573.7365,
Train Epoch: [3/30] Iters:[330/1875] loss 0.1760, rec_loss 0.0041, p_loss 0.1166, utilization 0.4394, perplexity 18622.7549,
Train Epoch: [3/30] Iters:[340/1875] loss 0.1763, rec_loss 0.0042, p_loss 0.1172, utilization 0.4386, perplexity 18429.7142,
Train Epoch: [3/30] Iters:[350/1875] loss 0.1747, rec_loss 0.0041, p_loss 0.1163, utilization 0.4382, perplexity 18520.2853,
Train Epoch: [3/30] Iters:[360/1875] loss 0.1742, rec_loss 0.0041, p_loss 0.1156, utilization 0.4376, perplexity 18496.3522,
Train Epoch: [3/30] Iters:[370/1875] loss 0.1742, rec_loss 0.0040, p_loss 0.1152, utilization 0.4383, perplexity 18536.1033,
Train Epoch: [3/30] Iters:[380/1875] loss 0.1748, rec_loss 0.0041, p_loss 0.1154, utilization 0.4395, perplexity 18583.3927,
Train Epoch: [3/30] Iters:[390/1875] loss 0.1741, rec_loss 0.0041, p_loss 0.1147, utilization 0.4401, perplexity 18615.4520,
Train Epoch: [3/30] Iters:[400/1875] loss 0.1754, rec_loss 0.0041, p_loss 0.1159, utilization 0.4411, perplexity 18642.2833,
Train Epoch: [3/30] Iters:[410/1875] loss 0.1747, rec_loss 0.0041, p_loss 0.1153, utilization 0.4415, perplexity 18621.2103,
Train Epoch: [3/30] Iters:[420/1875] loss 0.1735, rec_loss 0.0041, p_loss 0.1146, utilization 0.4421, perplexity 18837.4349,
Train Epoch: [3/30] Iters:[430/1875] loss 0.1711, rec_loss 0.0040, p_loss 0.1129, utilization 0.4408, perplexity 18904.8441,
Train Epoch: [3/30] Iters:[440/1875] loss 0.1712, rec_loss 0.0040, p_loss 0.1129, utilization 0.4402, perplexity 18852.8340,
Train Epoch: [3/30] Iters:[450/1875] loss 0.1710, rec_loss 0.0041, p_loss 0.1123, utilization 0.4403, perplexity 18947.5349,
Train Epoch: [3/30] Iters:[460/1875] loss 0.1712, rec_loss 0.0042, p_loss 0.1120, utilization 0.4409, perplexity 19005.4589,
Train Epoch: [3/30] Iters:[470/1875] loss 0.1719, rec_loss 0.0041, p_loss 0.1120, utilization 0.4416, perplexity 19055.1000,
Train Epoch: [3/30] Iters:[480/1875] loss 0.1741, rec_loss 0.0041, p_loss 0.1135, utilization 0.4434, perplexity 19159.3582,
Train Epoch: [3/30] Iters:[490/1875] loss 0.1739, rec_loss 0.0040, p_loss 0.1135, utilization 0.4449, perplexity 19244.0215,
Train Epoch: [3/30] Iters:[500/1875] loss 0.1742, rec_loss 0.0040, p_loss 0.1140, utilization 0.4439, perplexity 19059.9850,
Train Epoch: [3/30] Iters:[510/1875] loss 0.1752, rec_loss 0.0040, p_loss 0.1145, utilization 0.4441, perplexity 19074.7365,
Train Epoch: [3/30] Iters:[520/1875] loss 0.1754, rec_loss 0.0040, p_loss 0.1145, utilization 0.4432, perplexity 18975.7890,
Train Epoch: [3/30] Iters:[530/1875] loss 0.1747, rec_loss 0.0042, p_loss 0.1142, utilization 0.4433, perplexity 18977.5467,
Train Epoch: [3/30] Iters:[540/1875] loss 0.1736, rec_loss 0.0042, p_loss 0.1132, utilization 0.4413, perplexity 18854.7606,
Train Epoch: [3/30] Iters:[550/1875] loss 0.1731, rec_loss 0.0042, p_loss 0.1127, utilization 0.4416, perplexity 18852.9339,
Train Epoch: [3/30] Iters:[560/1875] loss 0.1742, rec_loss 0.0042, p_loss 0.1140, utilization 0.4416, perplexity 18868.4074,
Train Epoch: [3/30] Iters:[570/1875] loss 0.1755, rec_loss 0.0043, p_loss 0.1153, utilization 0.4431, perplexity 18918.7943,
Train Epoch: [3/30] Iters:[580/1875] loss 0.1748, rec_loss 0.0042, p_loss 0.1149, utilization 0.4407, perplexity 18586.4313,
Train Epoch: [3/30] Iters:[590/1875] loss 0.1755, rec_loss 0.0041, p_loss 0.1156, utilization 0.4418, perplexity 18749.4346,
Train Epoch: [3/30] Iters:[600/1875] loss 0.1757, rec_loss 0.0041, p_loss 0.1158, utilization 0.4416, perplexity 18746.9071,
Train Epoch: [3/30] Iters:[610/1875] loss 0.1743, rec_loss 0.0042, p_loss 0.1147, utilization 0.4410, perplexity 18692.9747,
Train Epoch: [3/30] Iters:[620/1875] loss 0.1754, rec_loss 0.0043, p_loss 0.1150, utilization 0.4411, perplexity 18715.9839,
Train Epoch: [3/30] Iters:[630/1875] loss 0.1747, rec_loss 0.0043, p_loss 0.1142, utilization 0.4429, perplexity 18984.4464,
Train Epoch: [3/30] Iters:[640/1875] loss 0.1756, rec_loss 0.0045, p_loss 0.1149, utilization 0.4428, perplexity 18886.5386,
Train Epoch: [3/30] Iters:[650/1875] loss 0.1750, rec_loss 0.0044, p_loss 0.1142, utilization 0.4446, perplexity 19161.3152,
Train Epoch: [3/30] Iters:[660/1875] loss 0.1733, rec_loss 0.0043, p_loss 0.1132, utilization 0.4452, perplexity 19253.5597,
Train Epoch: [3/30] Iters:[670/1875] loss 0.1698, rec_loss 0.0040, p_loss 0.1114, utilization 0.4441, perplexity 19212.3043,
Train Epoch: [3/30] Iters:[680/1875] loss 0.1700, rec_loss 0.0039, p_loss 0.1116, utilization 0.4439, perplexity 19139.9339,
Train Epoch: [3/30] Iters:[690/1875] loss 0.1695, rec_loss 0.0038, p_loss 0.1112, utilization 0.4443, perplexity 19235.0521,
Train Epoch: [3/30] Iters:[700/1875] loss 0.1703, rec_loss 0.0039, p_loss 0.1120, utilization 0.4431, perplexity 18969.8566,
Train Epoch: [3/30] Iters:[710/1875] loss 0.1709, rec_loss 0.0039, p_loss 0.1121, utilization 0.4429, perplexity 18949.9041,
Train Epoch: [3/30] Iters:[720/1875] loss 0.1727, rec_loss 0.0040, p_loss 0.1131, utilization 0.4436, perplexity 19028.8824,
Train Epoch: [3/30] Iters:[730/1875] loss 0.1725, rec_loss 0.0041, p_loss 0.1132, utilization 0.4430, perplexity 18953.6981,
Train Epoch: [3/30] Iters:[740/1875] loss 0.1722, rec_loss 0.0041, p_loss 0.1132, utilization 0.4423, perplexity 18873.5900,
Train Epoch: [3/30] Iters:[750/1875] loss 0.1721, rec_loss 0.0041, p_loss 0.1132, utilization 0.4434, perplexity 19080.3671,
Train Epoch: [3/30] Iters:[760/1875] loss 0.1722, rec_loss 0.0041, p_loss 0.1138, utilization 0.4450, perplexity 19172.1849,
Train Epoch: [3/30] Iters:[770/1875] loss 0.1713, rec_loss 0.0041, p_loss 0.1135, utilization 0.4438, perplexity 19028.6736,
Train Epoch: [3/30] Iters:[780/1875] loss 0.1706, rec_loss 0.0040, p_loss 0.1126, utilization 0.4445, perplexity 19158.3863,
Train Epoch: [3/30] Iters:[790/1875] loss 0.1713, rec_loss 0.0040, p_loss 0.1127, utilization 0.4446, perplexity 19138.7907,
Train Epoch: [3/30] Iters:[800/1875] loss 0.1709, rec_loss 0.0040, p_loss 0.1119, utilization 0.4443, perplexity 19080.6165,
Train Epoch: [3/30] Iters:[810/1875] loss 0.1703, rec_loss 0.0039, p_loss 0.1113, utilization 0.4438, perplexity 19033.1534,
Train Epoch: [3/30] Iters:[820/1875] loss 0.1710, rec_loss 0.0039, p_loss 0.1117, utilization 0.4439, perplexity 18975.2887,
Train Epoch: [3/30] Iters:[830/1875] loss 0.1717, rec_loss 0.0040, p_loss 0.1126, utilization 0.4434, perplexity 18841.8221,
Train Epoch: [3/30] Iters:[840/1875] loss 0.1696, rec_loss 0.0039, p_loss 0.1116, utilization 0.4438, perplexity 18889.5659,
Train Epoch: [3/30] Iters:[850/1875] loss 0.1684, rec_loss 0.0038, p_loss 0.1104, utilization 0.4451, perplexity 19142.2602,
Train Epoch: [3/30] Iters:[860/1875] loss 0.1688, rec_loss 0.0039, p_loss 0.1107, utilization 0.4441, perplexity 19014.6789,
Train Epoch: [3/30] Iters:[870/1875] loss 0.1680, rec_loss 0.0038, p_loss 0.1102, utilization 0.4445, perplexity 19079.2204,
Train Epoch: [3/30] Iters:[880/1875] loss 0.1671, rec_loss 0.0037, p_loss 0.1096, utilization 0.4459, perplexity 19367.8758,
Train Epoch: [3/30] Iters:[890/1875] loss 0.1683, rec_loss 0.0037, p_loss 0.1105, utilization 0.4459, perplexity 19265.8889,
Train Epoch: [3/30] Iters:[900/1875] loss 0.1702, rec_loss 0.0038, p_loss 0.1124, utilization 0.4448, perplexity 18977.2913,
Train Epoch: [3/30] Iters:[910/1875] loss 0.1704, rec_loss 0.0039, p_loss 0.1124, utilization 0.4442, perplexity 18872.0609,
Train Epoch: [3/30] Iters:[920/1875] loss 0.1707, rec_loss 0.0039, p_loss 0.1125, utilization 0.4457, perplexity 19001.9756,
Train Epoch: [3/30] Iters:[930/1875] loss 0.1734, rec_loss 0.0040, p_loss 0.1141, utilization 0.4445, perplexity 18707.5594,
Train Epoch: [3/30] Iters:[940/1875] loss 0.1731, rec_loss 0.0040, p_loss 0.1137, utilization 0.4452, perplexity 18889.8900,
Train Epoch: [3/30] Iters:[950/1875] loss 0.1717, rec_loss 0.0039, p_loss 0.1125, utilization 0.4450, perplexity 18840.8376,
Train Epoch: [3/30] Iters:[960/1875] loss 0.1736, rec_loss 0.0040, p_loss 0.1134, utilization 0.4463, perplexity 18981.8710,
Train Epoch: [3/30] Iters:[970/1875] loss 0.1740, rec_loss 0.0040, p_loss 0.1134, utilization 0.4451, perplexity 18899.6185,
Train Epoch: [3/30] Iters:[980/1875] loss 0.1728, rec_loss 0.0040, p_loss 0.1128, utilization 0.4445, perplexity 18897.7462,
Train Epoch: [3/30] Iters:[990/1875] loss 0.1719, rec_loss 0.0040, p_loss 0.1121, utilization 0.4436, perplexity 18714.5293,
Train Epoch: [3/30] Iters:[1000/1875] loss 0.1721, rec_loss 0.0040, p_loss 0.1121, utilization 0.4440, perplexity 18846.6518,
Train Epoch: [3/30] Iters:[1010/1875] loss 0.1698, rec_loss 0.0040, p_loss 0.1107, utilization 0.4437, perplexity 18888.2537,
Train Epoch: [3/30] Iters:[1020/1875] loss 0.1706, rec_loss 0.0041, p_loss 0.1117, utilization 0.4429, perplexity 18745.9390,
Train Epoch: [3/30] Iters:[1030/1875] loss 0.1701, rec_loss 0.0041, p_loss 0.1109, utilization 0.4435, perplexity 18811.8461,
Train Epoch: [3/30] Iters:[1040/1875] loss 0.1726, rec_loss 0.0043, p_loss 0.1125, utilization 0.4448, perplexity 19047.7908,
Train Epoch: [3/30] Iters:[1050/1875] loss 0.1714, rec_loss 0.0043, p_loss 0.1117, utilization 0.4446, perplexity 18923.1905,
Train Epoch: [3/30] Iters:[1060/1875] loss 0.1708, rec_loss 0.0042, p_loss 0.1114, utilization 0.4450, perplexity 18917.6458,
Train Epoch: [3/30] Iters:[1070/1875] loss 0.1677, rec_loss 0.0040, p_loss 0.1090, utilization 0.4452, perplexity 18998.9569,
Train Epoch: [3/30] Iters:[1080/1875] loss 0.1675, rec_loss 0.0039, p_loss 0.1088, utilization 0.4459, perplexity 19038.0831,
Train Epoch: [3/30] Iters:[1090/1875] loss 0.1672, rec_loss 0.0037, p_loss 0.1084, utilization 0.4451, perplexity 18784.7807,
Train Epoch: [3/30] Iters:[1100/1875] loss 0.1683, rec_loss 0.0039, p_loss 0.1089, utilization 0.4453, perplexity 18855.3447,
Train Epoch: [3/30] Iters:[1110/1875] loss 0.1688, rec_loss 0.0039, p_loss 0.1092, utilization 0.4445, perplexity 18812.2066,
Train Epoch: [3/30] Iters:[1120/1875] loss 0.1715, rec_loss 0.0040, p_loss 0.1107, utilization 0.4447, perplexity 18753.7273,
Train Epoch: [3/30] Iters:[1130/1875] loss 0.1708, rec_loss 0.0040, p_loss 0.1106, utilization 0.4440, perplexity 18624.7199,
Train Epoch: [3/30] Iters:[1140/1875] loss 0.1691, rec_loss 0.0039, p_loss 0.1102, utilization 0.4431, perplexity 18623.7186,
Train Epoch: [3/30] Iters:[1150/1875] loss 0.1687, rec_loss 0.0038, p_loss 0.1102, utilization 0.4428, perplexity 18607.5649,
Train Epoch: [3/30] Iters:[1160/1875] loss 0.1689, rec_loss 0.0037, p_loss 0.1098, utilization 0.4439, perplexity 18743.7017,
Train Epoch: [3/30] Iters:[1170/1875] loss 0.1672, rec_loss 0.0037, p_loss 0.1092, utilization 0.4440, perplexity 18753.3428,
Train Epoch: [3/30] Iters:[1180/1875] loss 0.1674, rec_loss 0.0038, p_loss 0.1089, utilization 0.4460, perplexity 18983.9262,
Train Epoch: [3/30] Iters:[1190/1875] loss 0.1683, rec_loss 0.0039, p_loss 0.1088, utilization 0.4474, perplexity 19151.5442,
Train Epoch: [3/30] Iters:[1200/1875] loss 0.1675, rec_loss 0.0039, p_loss 0.1084, utilization 0.4480, perplexity 19254.0965,
Train Epoch: [3/30] Iters:[1210/1875] loss 0.1683, rec_loss 0.0041, p_loss 0.1090, utilization 0.4482, perplexity 19252.4019,
Train Epoch: [3/30] Iters:[1220/1875] loss 0.1697, rec_loss 0.0042, p_loss 0.1096, utilization 0.4493, perplexity 19433.2898,
Train Epoch: [3/30] Iters:[1230/1875] loss 0.1692, rec_loss 0.0042, p_loss 0.1096, utilization 0.4484, perplexity 19337.2851,
Train Epoch: [3/30] Iters:[1240/1875] loss 0.1684, rec_loss 0.0041, p_loss 0.1087, utilization 0.4497, perplexity 19537.6449,
Train Epoch: [3/30] Iters:[1250/1875] loss 0.1698, rec_loss 0.0042, p_loss 0.1091, utilization 0.4490, perplexity 19422.6393,
Train Epoch: [3/30] Iters:[1260/1875] loss 0.1694, rec_loss 0.0041, p_loss 0.1094, utilization 0.4482, perplexity 19308.1210,
Train Epoch: [3/30] Iters:[1270/1875] loss 0.1693, rec_loss 0.0039, p_loss 0.1096, utilization 0.4478, perplexity 19216.3813,
Train Epoch: [3/30] Iters:[1280/1875] loss 0.1702, rec_loss 0.0039, p_loss 0.1104, utilization 0.4466, perplexity 19100.6432,
Train Epoch: [3/30] Iters:[1290/1875] loss 0.1703, rec_loss 0.0039, p_loss 0.1107, utilization 0.4457, perplexity 18904.0453,
Train Epoch: [3/30] Iters:[1300/1875] loss 0.1696, rec_loss 0.0039, p_loss 0.1104, utilization 0.4476, perplexity 19154.3087,
Train Epoch: [3/30] Iters:[1310/1875] loss 0.1693, rec_loss 0.0038, p_loss 0.1100, utilization 0.4494, perplexity 19377.7090,
Train Epoch: [3/30] Iters:[1320/1875] loss 0.1679, rec_loss 0.0038, p_loss 0.1090, utilization 0.4489, perplexity 19259.8232,
Train Epoch: [3/30] Iters:[1330/1875] loss 0.1677, rec_loss 0.0039, p_loss 0.1086, utilization 0.4496, perplexity 19337.3471,
Train Epoch: [3/30] Iters:[1340/1875] loss 0.1683, rec_loss 0.0040, p_loss 0.1091, utilization 0.4491, perplexity 19357.1076,
Train Epoch: [3/30] Iters:[1350/1875] loss 0.1679, rec_loss 0.0039, p_loss 0.1086, utilization 0.4484, perplexity 19270.9801,
Train Epoch: [3/30] Iters:[1360/1875] loss 0.1669, rec_loss 0.0038, p_loss 0.1080, utilization 0.4466, perplexity 19147.5565,
Train Epoch: [3/30] Iters:[1370/1875] loss 0.1665, rec_loss 0.0037, p_loss 0.1078, utilization 0.4467, perplexity 19189.7532,
Train Epoch: [3/30] Iters:[1380/1875] loss 0.1677, rec_loss 0.0038, p_loss 0.1090, utilization 0.4475, perplexity 19232.7216,
Train Epoch: [3/30] Iters:[1390/1875] loss 0.1674, rec_loss 0.0036, p_loss 0.1089, utilization 0.4472, perplexity 19106.8777,
Train Epoch: [3/30] Iters:[1400/1875] loss 0.1689, rec_loss 0.0037, p_loss 0.1110, utilization 0.4463, perplexity 18963.6223,
Train Epoch: [3/30] Iters:[1410/1875] loss 0.1711, rec_loss 0.0039, p_loss 0.1122, utilization 0.4475, perplexity 18969.5705,
Train Epoch: [3/30] Iters:[1420/1875] loss 0.1726, rec_loss 0.0041, p_loss 0.1125, utilization 0.4484, perplexity 19130.2312,
Train Epoch: [3/30] Iters:[1430/1875] loss 0.1716, rec_loss 0.0040, p_loss 0.1116, utilization 0.4481, perplexity 19082.5687,
Train Epoch: [3/30] Iters:[1440/1875] loss 0.1716, rec_loss 0.0041, p_loss 0.1113, utilization 0.4481, perplexity 19144.9973,
Train Epoch: [3/30] Iters:[1450/1875] loss 0.1708, rec_loss 0.0040, p_loss 0.1099, utilization 0.4492, perplexity 19209.5544,
Train Epoch: [3/30] Iters:[1460/1875] loss 0.1694, rec_loss 0.0039, p_loss 0.1091, utilization 0.4486, perplexity 19265.5944,
Train Epoch: [3/30] Iters:[1470/1875] loss 0.1687, rec_loss 0.0039, p_loss 0.1091, utilization 0.4479, perplexity 19201.0856,
Train Epoch: [3/30] Iters:[1480/1875] loss 0.1674, rec_loss 0.0039, p_loss 0.1081, utilization 0.4464, perplexity 19034.2011,
Train Epoch: [3/30] Iters:[1490/1875] loss 0.1664, rec_loss 0.0038, p_loss 0.1074, utilization 0.4472, perplexity 19040.6122,
Train Epoch: [3/30] Iters:[1500/1875] loss 0.1677, rec_loss 0.0040, p_loss 0.1082, utilization 0.4470, perplexity 19069.0155,
Train Epoch: [3/30] Iters:[1510/1875] loss 0.1688, rec_loss 0.0042, p_loss 0.1091, utilization 0.4473, perplexity 19044.8174,
Train Epoch: [3/30] Iters:[1520/1875] loss 0.1687, rec_loss 0.0040, p_loss 0.1095, utilization 0.4475, perplexity 19004.4095,
Train Epoch: [3/30] Iters:[1530/1875] loss 0.1697, rec_loss 0.0040, p_loss 0.1102, utilization 0.4480, perplexity 19118.4778,
Train Epoch: [3/30] Iters:[1540/1875] loss 0.1698, rec_loss 0.0040, p_loss 0.1104, utilization 0.4491, perplexity 19246.4449,
Train Epoch: [3/30] Iters:[1550/1875] loss 0.1686, rec_loss 0.0039, p_loss 0.1095, utilization 0.4485, perplexity 19197.0941,
Train Epoch: [3/30] Iters:[1560/1875] loss 0.1672, rec_loss 0.0036, p_loss 0.1083, utilization 0.4481, perplexity 19148.7045,
Train Epoch: [3/30] Iters:[1570/1875] loss 0.1673, rec_loss 0.0036, p_loss 0.1077, utilization 0.4487, perplexity 19161.7511,
Train Epoch: [3/30] Iters:[1580/1875] loss 0.1674, rec_loss 0.0037, p_loss 0.1079, utilization 0.4491, perplexity 19145.3048,
Train Epoch: [3/30] Iters:[1590/1875] loss 0.1679, rec_loss 0.0037, p_loss 0.1076, utilization 0.4494, perplexity 19241.6677,
Train Epoch: [3/30] Iters:[1600/1875] loss 0.1662, rec_loss 0.0037, p_loss 0.1069, utilization 0.4486, perplexity 19089.7590,
Train Epoch: [3/30] Iters:[1610/1875] loss 0.1668, rec_loss 0.0037, p_loss 0.1074, utilization 0.4496, perplexity 19131.2767,
Train Epoch: [3/30] Iters:[1620/1875] loss 0.1672, rec_loss 0.0038, p_loss 0.1077, utilization 0.4498, perplexity 19113.7509,
Train Epoch: [3/30] Iters:[1630/1875] loss 0.1661, rec_loss 0.0037, p_loss 0.1064, utilization 0.4504, perplexity 19244.1715,
Train Epoch: [3/30] Iters:[1640/1875] loss 0.1657, rec_loss 0.0036, p_loss 0.1069, utilization 0.4506, perplexity 19220.2363,
Train Epoch: [3/30] Iters:[1650/1875] loss 0.1670, rec_loss 0.0037, p_loss 0.1073, utilization 0.4514, perplexity 19386.7115,
Train Epoch: [3/30] Iters:[1660/1875] loss 0.1683, rec_loss 0.0038, p_loss 0.1081, utilization 0.4503, perplexity 19288.2812,
Train Epoch: [3/30] Iters:[1670/1875] loss 0.1675, rec_loss 0.0037, p_loss 0.1074, utilization 0.4505, perplexity 19364.5427,
Train Epoch: [3/30] Iters:[1680/1875] loss 0.1708, rec_loss 0.0041, p_loss 0.1101, utilization 0.4512, perplexity 19456.6560,
Train Epoch: [3/30] Iters:[1690/1875] loss 0.1709, rec_loss 0.0042, p_loss 0.1099, utilization 0.4493, perplexity 19250.2704,
Train Epoch: [3/30] Iters:[1700/1875] loss 0.1700, rec_loss 0.0041, p_loss 0.1094, utilization 0.4497, perplexity 19244.8102,
Train Epoch: [3/30] Iters:[1710/1875] loss 0.1681, rec_loss 0.0040, p_loss 0.1083, utilization 0.4502, perplexity 19306.9371,
Train Epoch: [3/30] Iters:[1720/1875] loss 0.1669, rec_loss 0.0040, p_loss 0.1078, utilization 0.4501, perplexity 19284.4623,
Train Epoch: [3/30] Iters:[1730/1875] loss 0.1642, rec_loss 0.0036, p_loss 0.1059, utilization 0.4492, perplexity 19127.1657,
Train Epoch: [3/30] Iters:[1740/1875] loss 0.1641, rec_loss 0.0036, p_loss 0.1057, utilization 0.4505, perplexity 19210.2781,
Train Epoch: [3/30] Iters:[1750/1875] loss 0.1644, rec_loss 0.0037, p_loss 0.1061, utilization 0.4502, perplexity 19234.2388,
Train Epoch: [3/30] Iters:[1760/1875] loss 0.1656, rec_loss 0.0039, p_loss 0.1067, utilization 0.4496, perplexity 19099.0869,
Train Epoch: [3/30] Iters:[1770/1875] loss 0.1663, rec_loss 0.0039, p_loss 0.1070, utilization 0.4495, perplexity 19127.4307,
Train Epoch: [3/30] Iters:[1780/1875] loss 0.1663, rec_loss 0.0039, p_loss 0.1067, utilization 0.4502, perplexity 19181.5841,
Train Epoch: [3/30] Iters:[1790/1875] loss 0.1654, rec_loss 0.0039, p_loss 0.1066, utilization 0.4476, perplexity 18899.1026,
Train Epoch: [3/30] Iters:[1800/1875] loss 0.1673, rec_loss 0.0041, p_loss 0.1072, utilization 0.4501, perplexity 19112.5187,
Train Epoch: [3/30] Iters:[1810/1875] loss 0.1657, rec_loss 0.0040, p_loss 0.1063, utilization 0.4497, perplexity 19078.5209,
Train Epoch: [3/30] Iters:[1820/1875] loss 0.1655, rec_loss 0.0040, p_loss 0.1060, utilization 0.4495, perplexity 19048.5462,
Train Epoch: [3/30] Iters:[1830/1875] loss 0.1658, rec_loss 0.0040, p_loss 0.1062, utilization 0.4491, perplexity 19013.3891,
Train Epoch: [3/30] Iters:[1840/1875] loss 0.1667, rec_loss 0.0040, p_loss 0.1061, utilization 0.4515, perplexity 19268.5086,
Train Epoch: [3/30] Iters:[1850/1875] loss 0.1646, rec_loss 0.0038, p_loss 0.1049, utilization 0.4485, perplexity 18919.5439,
Train Epoch: [3/30] Iters:[1860/1875] loss 0.1632, rec_loss 0.0037, p_loss 0.1034, utilization 0.4510, perplexity 19243.0735,
Train Epoch: [3/30] Iters:[1870/1875] loss 0.1639, rec_loss 0.0037, p_loss 0.1042, utilization 0.4501, perplexity 19072.5212,
epoch:4, cur_lr:0.000091
Train Epoch: [4/30] Iters:[10/1875] loss 0.1670, rec_loss 0.0036, p_loss 0.1057, utilization 0.4528, perplexity 19789.8697,
Train Epoch: [4/30] Iters:[20/1875] loss 0.1671, rec_loss 0.0038, p_loss 0.1063, utilization 0.4516, perplexity 19529.4864,
Train Epoch: [4/30] Iters:[30/1875] loss 0.1641, rec_loss 0.0036, p_loss 0.1050, utilization 0.4488, perplexity 19034.4467,
Train Epoch: [4/30] Iters:[40/1875] loss 0.1624, rec_loss 0.0035, p_loss 0.1037, utilization 0.4494, perplexity 19080.2970,
Train Epoch: [4/30] Iters:[50/1875] loss 0.1621, rec_loss 0.0035, p_loss 0.1039, utilization 0.4492, perplexity 19020.3752,
Train Epoch: [4/30] Iters:[60/1875] loss 0.1609, rec_loss 0.0036, p_loss 0.1034, utilization 0.4478, perplexity 18852.6133,
Train Epoch: [4/30] Iters:[70/1875] loss 0.1611, rec_loss 0.0036, p_loss 0.1035, utilization 0.4476, perplexity 18833.3952,
Train Epoch: [4/30] Iters:[80/1875] loss 0.1628, rec_loss 0.0037, p_loss 0.1042, utilization 0.4497, perplexity 19182.2446,
Train Epoch: [4/30] Iters:[90/1875] loss 0.1643, rec_loss 0.0038, p_loss 0.1051, utilization 0.4494, perplexity 19138.3734,
Train Epoch: [4/30] Iters:[100/1875] loss 0.1656, rec_loss 0.0039, p_loss 0.1055, utilization 0.4510, perplexity 19258.5871,
Train Epoch: [4/30] Iters:[110/1875] loss 0.1649, rec_loss 0.0037, p_loss 0.1053, utilization 0.4516, perplexity 19324.6673,
Train Epoch: [4/30] Iters:[120/1875] loss 0.1638, rec_loss 0.0037, p_loss 0.1047, utilization 0.4531, perplexity 19458.9463,
Train Epoch: [4/30] Iters:[130/1875] loss 0.1629, rec_loss 0.0036, p_loss 0.1042, utilization 0.4528, perplexity 19348.2441,
Train Epoch: [4/30] Iters:[140/1875] loss 0.1619, rec_loss 0.0035, p_loss 0.1039, utilization 0.4520, perplexity 19190.5517,
Train Epoch: [4/30] Iters:[150/1875] loss 0.1607, rec_loss 0.0035, p_loss 0.1032, utilization 0.4518, perplexity 19294.3828,
Train Epoch: [4/30] Iters:[160/1875] loss 0.1630, rec_loss 0.0036, p_loss 0.1042, utilization 0.4534, perplexity 19384.6943,
Train Epoch: [4/30] Iters:[170/1875] loss 0.1643, rec_loss 0.0038, p_loss 0.1047, utilization 0.4527, perplexity 19313.3167,
Train Epoch: [4/30] Iters:[180/1875] loss 0.1651, rec_loss 0.0038, p_loss 0.1052, utilization 0.4524, perplexity 19252.2968,
Train Epoch: [4/30] Iters:[190/1875] loss 0.1658, rec_loss 0.0038, p_loss 0.1059, utilization 0.4536, perplexity 19494.5722,
Train Epoch: [4/30] Iters:[200/1875] loss 0.1663, rec_loss 0.0038, p_loss 0.1063, utilization 0.4524, perplexity 19271.2690,
Train Epoch: [4/30] Iters:[210/1875] loss 0.1670, rec_loss 0.0038, p_loss 0.1066, utilization 0.4525, perplexity 19278.0963,
Train Epoch: [4/30] Iters:[220/1875] loss 0.1656, rec_loss 0.0037, p_loss 0.1061, utilization 0.4519, perplexity 19183.7893,
Train Epoch: [4/30] Iters:[230/1875] loss 0.1643, rec_loss 0.0037, p_loss 0.1051, utilization 0.4520, perplexity 19196.8607,
Train Epoch: [4/30] Iters:[240/1875] loss 0.1641, rec_loss 0.0038, p_loss 0.1045, utilization 0.4518, perplexity 19143.6213,
Train Epoch: [4/30] Iters:[250/1875] loss 0.1646, rec_loss 0.0038, p_loss 0.1048, utilization 0.4527, perplexity 19228.3674,
Train Epoch: [4/30] Iters:[260/1875] loss 0.1630, rec_loss 0.0038, p_loss 0.1038, utilization 0.4510, perplexity 19115.0297,
Train Epoch: [4/30] Iters:[270/1875] loss 0.1636, rec_loss 0.0038, p_loss 0.1039, utilization 0.4509, perplexity 19105.3981,
Train Epoch: [4/30] Iters:[280/1875] loss 0.1645, rec_loss 0.0038, p_loss 0.1050, utilization 0.4520, perplexity 19221.6144,
Train Epoch: [4/30] Iters:[290/1875] loss 0.1645, rec_loss 0.0038, p_loss 0.1052, utilization 0.4519, perplexity 19260.0882,
Train Epoch: [4/30] Iters:[300/1875] loss 0.1629, rec_loss 0.0037, p_loss 0.1042, utilization 0.4510, perplexity 19185.2334,
Train Epoch: [4/30] Iters:[310/1875] loss 0.1631, rec_loss 0.0038, p_loss 0.1047, utilization 0.4503, perplexity 18968.9917,
Train Epoch: [4/30] Iters:[320/1875] loss 0.1629, rec_loss 0.0038, p_loss 0.1045, utilization 0.4504, perplexity 19013.5515,
Train Epoch: [4/30] Iters:[330/1875] loss 0.1630, rec_loss 0.0039, p_loss 0.1045, utilization 0.4482, perplexity 18835.8097,
Train Epoch: [4/30] Iters:[340/1875] loss 0.1641, rec_loss 0.0040, p_loss 0.1050, utilization 0.4477, perplexity 18749.6178,
Train Epoch: [4/30] Iters:[350/1875] loss 0.1638, rec_loss 0.0040, p_loss 0.1047, utilization 0.4474, perplexity 18769.5099,
Train Epoch: [4/30] Iters:[360/1875] loss 0.1633, rec_loss 0.0039, p_loss 0.1037, utilization 0.4489, perplexity 19090.8158,
Train Epoch: [4/30] Iters:[370/1875] loss 0.1632, rec_loss 0.0038, p_loss 0.1037, utilization 0.4498, perplexity 19224.4613,
Train Epoch: [4/30] Iters:[380/1875] loss 0.1625, rec_loss 0.0037, p_loss 0.1030, utilization 0.4496, perplexity 19189.0326,
Train Epoch: [4/30] Iters:[390/1875] loss 0.1612, rec_loss 0.0035, p_loss 0.1022, utilization 0.4501, perplexity 19194.9380,
Train Epoch: [4/30] Iters:[400/1875] loss 0.1637, rec_loss 0.0036, p_loss 0.1037, utilization 0.4498, perplexity 19150.7483,
Train Epoch: [4/30] Iters:[410/1875] loss 0.1632, rec_loss 0.0036, p_loss 0.1040, utilization 0.4496, perplexity 19078.3151,
Train Epoch: [4/30] Iters:[420/1875] loss 0.1632, rec_loss 0.0036, p_loss 0.1041, utilization 0.4487, perplexity 18941.9782,
Train Epoch: [4/30] Iters:[430/1875] loss 0.1638, rec_loss 0.0036, p_loss 0.1046, utilization 0.4505, perplexity 19084.0109,
Train Epoch: [4/30] Iters:[440/1875] loss 0.1648, rec_loss 0.0038, p_loss 0.1053, utilization 0.4506, perplexity 19132.5723,
Train Epoch: [4/30] Iters:[450/1875] loss 0.1639, rec_loss 0.0038, p_loss 0.1052, utilization 0.4496, perplexity 18924.5641,
Train Epoch: [4/30] Iters:[460/1875] loss 0.1639, rec_loss 0.0039, p_loss 0.1049, utilization 0.4507, perplexity 19056.5750,
Train Epoch: [4/30] Iters:[470/1875] loss 0.1634, rec_loss 0.0039, p_loss 0.1045, utilization 0.4491, perplexity 18882.2631,
Train Epoch: [4/30] Iters:[480/1875] loss 0.1635, rec_loss 0.0040, p_loss 0.1042, utilization 0.4484, perplexity 18814.2717,
Train Epoch: [4/30] Iters:[490/1875] loss 0.1636, rec_loss 0.0040, p_loss 0.1042, utilization 0.4483, perplexity 18720.9901,
Train Epoch: [4/30] Iters:[500/1875] loss 0.1634, rec_loss 0.0040, p_loss 0.1043, utilization 0.4489, perplexity 18824.5273,
Train Epoch: [4/30] Iters:[510/1875] loss 0.1642, rec_loss 0.0040, p_loss 0.1051, utilization 0.4468, perplexity 18527.3308,
Train Epoch: [4/30] Iters:[520/1875] loss 0.1647, rec_loss 0.0040, p_loss 0.1056, utilization 0.4486, perplexity 18743.2487,
Train Epoch: [4/30] Iters:[530/1875] loss 0.1626, rec_loss 0.0038, p_loss 0.1044, utilization 0.4477, perplexity 18724.9799,
Train Epoch: [4/30] Iters:[540/1875] loss 0.1612, rec_loss 0.0037, p_loss 0.1031, utilization 0.4487, perplexity 18961.6582,
Train Epoch: [4/30] Iters:[550/1875] loss 0.1606, rec_loss 0.0037, p_loss 0.1022, utilization 0.4494, perplexity 19083.5387,
Train Epoch: [4/30] Iters:[560/1875] loss 0.1591, rec_loss 0.0038, p_loss 0.1014, utilization 0.4497, perplexity 19207.6266,
Train Epoch: [4/30] Iters:[570/1875] loss 0.1580, rec_loss 0.0038, p_loss 0.1004, utilization 0.4495, perplexity 19108.1929,
Train Epoch: [4/30] Iters:[580/1875] loss 0.1610, rec_loss 0.0040, p_loss 0.1018, utilization 0.4519, perplexity 19265.9512,
Train Epoch: [4/30] Iters:[590/1875] loss 0.1615, rec_loss 0.0041, p_loss 0.1024, utilization 0.4503, perplexity 19055.0031,
Train Epoch: [4/30] Iters:[600/1875] loss 0.1614, rec_loss 0.0040, p_loss 0.1023, utilization 0.4514, perplexity 19156.4427,
Train Epoch: [4/30] Iters:[610/1875] loss 0.1620, rec_loss 0.0039, p_loss 0.1026, utilization 0.4523, perplexity 19199.2476,
Train Epoch: [4/30] Iters:[620/1875] loss 0.1644, rec_loss 0.0039, p_loss 0.1042, utilization 0.4531, perplexity 19287.1552,
Train Epoch: [4/30] Iters:[630/1875] loss 0.1624, rec_loss 0.0037, p_loss 0.1037, utilization 0.4512, perplexity 19167.0849,
Train Epoch: [4/30] Iters:[640/1875] loss 0.1620, rec_loss 0.0036, p_loss 0.1034, utilization 0.4513, perplexity 19121.2825,
Train Epoch: [4/30] Iters:[650/1875] loss 0.1618, rec_loss 0.0037, p_loss 0.1031, utilization 0.4511, perplexity 19159.2586,
Train Epoch: [4/30] Iters:[660/1875] loss 0.1628, rec_loss 0.0037, p_loss 0.1040, utilization 0.4515, perplexity 19051.1454,
Train Epoch: [4/30] Iters:[670/1875] loss 0.1608, rec_loss 0.0036, p_loss 0.1025, utilization 0.4513, perplexity 19032.5633,
Train Epoch: [4/30] Iters:[680/1875] loss 0.1618, rec_loss 0.0037, p_loss 0.1031, utilization 0.4522, perplexity 19081.3045,
Train Epoch: [4/30] Iters:[690/1875] loss 0.1616, rec_loss 0.0037, p_loss 0.1032, utilization 0.4508, perplexity 18999.2397,
Train Epoch: [4/30] Iters:[700/1875] loss 0.1617, rec_loss 0.0037, p_loss 0.1033, utilization 0.4518, perplexity 19122.5485,
Train Epoch: [4/30] Iters:[710/1875] loss 0.1612, rec_loss 0.0037, p_loss 0.1028, utilization 0.4518, perplexity 19239.0911,
Train Epoch: [4/30] Iters:[720/1875] loss 0.1607, rec_loss 0.0037, p_loss 0.1029, utilization 0.4513, perplexity 19252.9187,
Train Epoch: [4/30] Iters:[730/1875] loss 0.1595, rec_loss 0.0037, p_loss 0.1020, utilization 0.4506, perplexity 19204.7005,
Train Epoch: [4/30] Iters:[740/1875] loss 0.1603, rec_loss 0.0037, p_loss 0.1022, utilization 0.4536, perplexity 19401.4868,
Train Epoch: [4/30] Iters:[750/1875] loss 0.1601, rec_loss 0.0037, p_loss 0.1023, utilization 0.4518, perplexity 19113.6138,
Train Epoch: [4/30] Iters:[760/1875] loss 0.1594, rec_loss 0.0036, p_loss 0.1018, utilization 0.4512, perplexity 19023.5853,
Train Epoch: [4/30] Iters:[770/1875] loss 0.1594, rec_loss 0.0036, p_loss 0.1013, utilization 0.4522, perplexity 19124.4639,
Train Epoch: [4/30] Iters:[780/1875] loss 0.1589, rec_loss 0.0035, p_loss 0.1008, utilization 0.4533, perplexity 19168.1435,
Train Epoch: [4/30] Iters:[790/1875] loss 0.1582, rec_loss 0.0035, p_loss 0.1006, utilization 0.4520, perplexity 19141.9310,
Train Epoch: [4/30] Iters:[800/1875] loss 0.1583, rec_loss 0.0035, p_loss 0.1003, utilization 0.4537, perplexity 19302.4317,
Train Epoch: [4/30] Iters:[810/1875] loss 0.1592, rec_loss 0.0037, p_loss 0.1010, utilization 0.4533, perplexity 19291.3551,
Train Epoch: [4/30] Iters:[820/1875] loss 0.1592, rec_loss 0.0037, p_loss 0.1014, utilization 0.4525, perplexity 19209.0391,
Train Epoch: [4/30] Iters:[830/1875] loss 0.1600, rec_loss 0.0038, p_loss 0.1017, utilization 0.4519, perplexity 19168.6734,
Train Epoch: [4/30] Iters:[840/1875] loss 0.1604, rec_loss 0.0039, p_loss 0.1019, utilization 0.4516, perplexity 19083.6982,
Train Epoch: [4/30] Iters:[850/1875] loss 0.1603, rec_loss 0.0041, p_loss 0.1017, utilization 0.4512, perplexity 18936.0324,
Train Epoch: [4/30] Iters:[860/1875] loss 0.1595, rec_loss 0.0040, p_loss 0.1008, utilization 0.4517, perplexity 18963.8176,
Train Epoch: [4/30] Iters:[870/1875] loss 0.1605, rec_loss 0.0040, p_loss 0.1014, utilization 0.4523, perplexity 18860.5736,
Train Epoch: [4/30] Iters:[880/1875] loss 0.1600, rec_loss 0.0038, p_loss 0.1013, utilization 0.4521, perplexity 18871.9992,
Train Epoch: [4/30] Iters:[890/1875] loss 0.1591, rec_loss 0.0037, p_loss 0.1010, utilization 0.4528, perplexity 18921.8009,
Train Epoch: [4/30] Iters:[900/1875] loss 0.1596, rec_loss 0.0036, p_loss 0.1014, utilization 0.4526, perplexity 18993.1285,
Train Epoch: [4/30] Iters:[910/1875] loss 0.1594, rec_loss 0.0035, p_loss 0.1013, utilization 0.4520, perplexity 18908.0313,
Train Epoch: [4/30] Iters:[920/1875] loss 0.1584, rec_loss 0.0035, p_loss 0.1008, utilization 0.4515, perplexity 18997.1386,
Train Epoch: [4/30] Iters:[930/1875] loss 0.1587, rec_loss 0.0035, p_loss 0.1010, utilization 0.4518, perplexity 19046.5552,
Train Epoch: [4/30] Iters:[940/1875] loss 0.1605, rec_loss 0.0036, p_loss 0.1019, utilization 0.4517, perplexity 19134.4814,
Train Epoch: [4/30] Iters:[950/1875] loss 0.1603, rec_loss 0.0035, p_loss 0.1017, utilization 0.4516, perplexity 19159.2395,
Train Epoch: [4/30] Iters:[960/1875] loss 0.1599, rec_loss 0.0035, p_loss 0.1015, utilization 0.4519, perplexity 19219.4782,
Train Epoch: [4/30] Iters:[970/1875] loss 0.1606, rec_loss 0.0036, p_loss 0.1018, utilization 0.4527, perplexity 19253.6078,
Train Epoch: [4/30] Iters:[980/1875] loss 0.1611, rec_loss 0.0036, p_loss 0.1021, utilization 0.4539, perplexity 19378.6439,
Train Epoch: [4/30] Iters:[990/1875] loss 0.1598, rec_loss 0.0036, p_loss 0.1011, utilization 0.4530, perplexity 19166.0551,
Train Epoch: [4/30] Iters:[1000/1875] loss 0.1590, rec_loss 0.0036, p_loss 0.1002, utilization 0.4536, perplexity 19314.5438,
Train Epoch: [4/30] Iters:[1010/1875] loss 0.1583, rec_loss 0.0035, p_loss 0.1001, utilization 0.4524, perplexity 19189.0335,
Train Epoch: [4/30] Iters:[1020/1875] loss 0.1579, rec_loss 0.0035, p_loss 0.0996, utilization 0.4515, perplexity 19079.8276,
Train Epoch: [4/30] Iters:[1030/1875] loss 0.1583, rec_loss 0.0036, p_loss 0.0999, utilization 0.4496, perplexity 18790.3327,
Train Epoch: [4/30] Iters:[1040/1875] loss 0.1568, rec_loss 0.0035, p_loss 0.0991, utilization 0.4493, perplexity 18799.0009,
Train Epoch: [4/30] Iters:[1050/1875] loss 0.1583, rec_loss 0.0035, p_loss 0.1008, utilization 0.4499, perplexity 18756.0006,
Train Epoch: [4/30] Iters:[1060/1875] loss 0.1600, rec_loss 0.0036, p_loss 0.1013, utilization 0.4525, perplexity 18958.2523,
Train Epoch: [4/30] Iters:[1070/1875] loss 0.1602, rec_loss 0.0036, p_loss 0.1020, utilization 0.4524, perplexity 18901.8863,
Train Epoch: [4/30] Iters:[1080/1875] loss 0.1594, rec_loss 0.0035, p_loss 0.1016, utilization 0.4530, perplexity 19060.4817,
Train Epoch: [4/30] Iters:[1090/1875] loss 0.1604, rec_loss 0.0036, p_loss 0.1018, utilization 0.4551, perplexity 19255.8136,
Train Epoch: [4/30] Iters:[1100/1875] loss 0.1585, rec_loss 0.0036, p_loss 0.1003, utilization 0.4533, perplexity 19040.8402,
Train Epoch: [4/30] Iters:[1110/1875] loss 0.1584, rec_loss 0.0035, p_loss 0.1007, utilization 0.4525, perplexity 18947.3597,
Train Epoch: [4/30] Iters:[1120/1875] loss 0.1575, rec_loss 0.0034, p_loss 0.1000, utilization 0.4524, perplexity 19016.7379,
Train Epoch: [4/30] Iters:[1130/1875] loss 0.1576, rec_loss 0.0034, p_loss 0.1003, utilization 0.4532, perplexity 19035.4440,
Train Epoch: [4/30] Iters:[1140/1875] loss 0.1578, rec_loss 0.0033, p_loss 0.1008, utilization 0.4527, perplexity 19034.9465,
Train Epoch: [4/30] Iters:[1150/1875] loss 0.1585, rec_loss 0.0034, p_loss 0.1015, utilization 0.4526, perplexity 19143.6548,
Train Epoch: [4/30] Iters:[1160/1875] loss 0.1581, rec_loss 0.0035, p_loss 0.1012, utilization 0.4509, perplexity 19012.2844,
Train Epoch: [4/30] Iters:[1170/1875] loss 0.1581, rec_loss 0.0035, p_loss 0.1008, utilization 0.4512, perplexity 18975.0788,
Train Epoch: [4/30] Iters:[1180/1875] loss 0.1581, rec_loss 0.0035, p_loss 0.1004, utilization 0.4505, perplexity 18859.8372,
Train Epoch: [4/30] Iters:[1190/1875] loss 0.1601, rec_loss 0.0038, p_loss 0.1014, utilization 0.4517, perplexity 18871.6563,
Train Epoch: [4/30] Iters:[1200/1875] loss 0.1599, rec_loss 0.0039, p_loss 0.1014, utilization 0.4521, perplexity 18843.7487,
Train Epoch: [4/30] Iters:[1210/1875] loss 0.1595, rec_loss 0.0039, p_loss 0.1010, utilization 0.4528, perplexity 19022.9426,
Train Epoch: [4/30] Iters:[1220/1875] loss 0.1593, rec_loss 0.0039, p_loss 0.1011, utilization 0.4525, perplexity 19031.9691,
Train Epoch: [4/30] Iters:[1230/1875] loss 0.1584, rec_loss 0.0038, p_loss 0.1003, utilization 0.4541, perplexity 19293.8554,
Train Epoch: [4/30] Iters:[1240/1875] loss 0.1555, rec_loss 0.0035, p_loss 0.0987, utilization 0.4524, perplexity 19224.1524,
Train Epoch: [4/30] Iters:[1250/1875] loss 0.1544, rec_loss 0.0033, p_loss 0.0977, utilization 0.4513, perplexity 19022.6034,
Train Epoch: [4/30] Iters:[1260/1875] loss 0.1559, rec_loss 0.0034, p_loss 0.0986, utilization 0.4526, perplexity 19030.9581,
Train Epoch: [4/30] Iters:[1270/1875] loss 0.1566, rec_loss 0.0034, p_loss 0.0987, utilization 0.4539, perplexity 19195.2922,
Train Epoch: [4/30] Iters:[1280/1875] loss 0.1558, rec_loss 0.0035, p_loss 0.0986, utilization 0.4515, perplexity 18888.8356,
Train Epoch: [4/30] Iters:[1290/1875] loss 0.1569, rec_loss 0.0035, p_loss 0.0991, utilization 0.4515, perplexity 18905.8187,
Train Epoch: [4/30] Iters:[1300/1875] loss 0.1584, rec_loss 0.0037, p_loss 0.0999, utilization 0.4533, perplexity 19205.4447,
Train Epoch: [4/30] Iters:[1310/1875] loss 0.1583, rec_loss 0.0036, p_loss 0.0995, utilization 0.4530, perplexity 19234.0843,
Train Epoch: [4/30] Iters:[1320/1875] loss 0.1583, rec_loss 0.0035, p_loss 0.0997, utilization 0.4522, perplexity 19148.1148,
Train Epoch: [4/30] Iters:[1330/1875] loss 0.1589, rec_loss 0.0036, p_loss 0.0999, utilization 0.4533, perplexity 19283.1429,
Train Epoch: [4/30] Iters:[1340/1875] loss 0.1595, rec_loss 0.0037, p_loss 0.1006, utilization 0.4525, perplexity 19168.8810,
Train Epoch: [4/30] Iters:[1350/1875] loss 0.1585, rec_loss 0.0036, p_loss 0.1001, utilization 0.4521, perplexity 19085.4517,
Train Epoch: [4/30] Iters:[1360/1875] loss 0.1574, rec_loss 0.0035, p_loss 0.0996, utilization 0.4524, perplexity 19095.6265,
Train Epoch: [4/30] Iters:[1370/1875] loss 0.1572, rec_loss 0.0036, p_loss 0.0993, utilization 0.4527, perplexity 18974.7323,
Train Epoch: [4/30] Iters:[1380/1875] loss 0.1572, rec_loss 0.0037, p_loss 0.0992, utilization 0.4533, perplexity 18986.9384,
Train Epoch: [4/30] Iters:[1390/1875] loss 0.1557, rec_loss 0.0036, p_loss 0.0981, utilization 0.4541, perplexity 19046.2740,
Train Epoch: [4/30] Iters:[1400/1875] loss 0.1559, rec_loss 0.0036, p_loss 0.0980, utilization 0.4546, perplexity 19134.7003,
Train Epoch: [4/30] Iters:[1410/1875] loss 0.1569, rec_loss 0.0036, p_loss 0.0988, utilization 0.4534, perplexity 19008.5268,
Train Epoch: [4/30] Iters:[1420/1875] loss 0.1564, rec_loss 0.0034, p_loss 0.0983, utilization 0.4533, perplexity 19126.6591,
Train Epoch: [4/30] Iters:[1430/1875] loss 0.1569, rec_loss 0.0034, p_loss 0.0990, utilization 0.4524, perplexity 19164.8689,
Train Epoch: [4/30] Iters:[1440/1875] loss 0.1568, rec_loss 0.0033, p_loss 0.0984, utilization 0.4525, perplexity 19216.3549,
Train Epoch: [4/30] Iters:[1450/1875] loss 0.1560, rec_loss 0.0033, p_loss 0.0983, utilization 0.4505, perplexity 18998.9175,
Train Epoch: [4/30] Iters:[1460/1875] loss 0.1568, rec_loss 0.0034, p_loss 0.0989, utilization 0.4512, perplexity 19069.1374,
Train Epoch: [4/30] Iters:[1470/1875] loss 0.1570, rec_loss 0.0034, p_loss 0.0992, utilization 0.4508, perplexity 19011.4854,
Train Epoch: [4/30] Iters:[1480/1875] loss 0.1574, rec_loss 0.0035, p_loss 0.0996, utilization 0.4516, perplexity 18988.5601,
Train Epoch: [4/30] Iters:[1490/1875] loss 0.1575, rec_loss 0.0034, p_loss 0.1002, utilization 0.4518, perplexity 19011.6025,
Train Epoch: [4/30] Iters:[1500/1875] loss 0.1589, rec_loss 0.0035, p_loss 0.1009, utilization 0.4522, perplexity 19051.1519,
Train Epoch: [4/30] Iters:[1510/1875] loss 0.1566, rec_loss 0.0034, p_loss 0.0996, utilization 0.4509, perplexity 18907.9642,
Train Epoch: [4/30] Iters:[1520/1875] loss 0.1578, rec_loss 0.0036, p_loss 0.1006, utilization 0.4521, perplexity 18946.2921,
Train Epoch: [4/30] Iters:[1530/1875] loss 0.1572, rec_loss 0.0036, p_loss 0.0999, utilization 0.4521, perplexity 19029.1089,
Train Epoch: [4/30] Iters:[1540/1875] loss 0.1575, rec_loss 0.0037, p_loss 0.0999, utilization 0.4532, perplexity 19094.7918,
Train Epoch: [4/30] Iters:[1550/1875] loss 0.1557, rec_loss 0.0035, p_loss 0.0988, utilization 0.4540, perplexity 19211.8399,
Train Epoch: [4/30] Iters:[1560/1875] loss 0.1566, rec_loss 0.0037, p_loss 0.0990, utilization 0.4551, perplexity 19295.3110,
Train Epoch: [4/30] Iters:[1570/1875] loss 0.1545, rec_loss 0.0034, p_loss 0.0973, utilization 0.4523, perplexity 19096.3580,
Train Epoch: [4/30] Iters:[1580/1875] loss 0.1552, rec_loss 0.0034, p_loss 0.0978, utilization 0.4501, perplexity 18742.4849,
Train Epoch: [4/30] Iters:[1590/1875] loss 0.1544, rec_loss 0.0034, p_loss 0.0973, utilization 0.4485, perplexity 18532.4833,
Train Epoch: [4/30] Iters:[1600/1875] loss 0.1540, rec_loss 0.0034, p_loss 0.0968, utilization 0.4481, perplexity 18479.6057,
Train Epoch: [4/30] Iters:[1610/1875] loss 0.1536, rec_loss 0.0035, p_loss 0.0966, utilization 0.4483, perplexity 18518.5376,
Train Epoch: [4/30] Iters:[1620/1875] loss 0.1547, rec_loss 0.0036, p_loss 0.0976, utilization 0.4493, perplexity 18578.6010,
Train Epoch: [4/30] Iters:[1630/1875] loss 0.1529, rec_loss 0.0034, p_loss 0.0960, utilization 0.4493, perplexity 18693.0615,
Train Epoch: [4/30] Iters:[1640/1875] loss 0.1525, rec_loss 0.0034, p_loss 0.0958, utilization 0.4486, perplexity 18693.5736,
Train Epoch: [4/30] Iters:[1650/1875] loss 0.1554, rec_loss 0.0036, p_loss 0.0979, utilization 0.4487, perplexity 18581.6491,
Train Epoch: [4/30] Iters:[1660/1875] loss 0.1553, rec_loss 0.0036, p_loss 0.0979, utilization 0.4474, perplexity 18478.3143,
Train Epoch: [4/30] Iters:[1670/1875] loss 0.1552, rec_loss 0.0036, p_loss 0.0976, utilization 0.4467, perplexity 18424.6120,
Train Epoch: [4/30] Iters:[1680/1875] loss 0.1571, rec_loss 0.0038, p_loss 0.0988, utilization 0.4494, perplexity 18638.4822,
Train Epoch: [4/30] Iters:[1690/1875] loss 0.1579, rec_loss 0.0038, p_loss 0.0990, utilization 0.4500, perplexity 18664.7221,
Train Epoch: [4/30] Iters:[1700/1875] loss 0.1564, rec_loss 0.0036, p_loss 0.0980, utilization 0.4491, perplexity 18535.8410,
Train Epoch: [4/30] Iters:[1710/1875] loss 0.1573, rec_loss 0.0035, p_loss 0.0986, utilization 0.4514, perplexity 18656.6897,
Train Epoch: [4/30] Iters:[1720/1875] loss 0.1574, rec_loss 0.0036, p_loss 0.0988, utilization 0.4529, perplexity 18856.8735,
Train Epoch: [4/30] Iters:[1730/1875] loss 0.1564, rec_loss 0.0034, p_loss 0.0985, utilization 0.4513, perplexity 18747.8097,
Train Epoch: [4/30] Iters:[1740/1875] loss 0.1580, rec_loss 0.0035, p_loss 0.1002, utilization 0.4515, perplexity 18790.0953,
Train Epoch: [4/30] Iters:[1750/1875] loss 0.1585, rec_loss 0.0034, p_loss 0.1003, utilization 0.4535, perplexity 19094.3082,
Train Epoch: [4/30] Iters:[1760/1875] loss 0.1568, rec_loss 0.0033, p_loss 0.0993, utilization 0.4522, perplexity 19181.0168,
Train Epoch: [4/30] Iters:[1770/1875] loss 0.1564, rec_loss 0.0032, p_loss 0.0992, utilization 0.4521, perplexity 19131.3596,
Train Epoch: [4/30] Iters:[1780/1875] loss 0.1565, rec_loss 0.0032, p_loss 0.0988, utilization 0.4528, perplexity 19170.2652,
Train Epoch: [4/30] Iters:[1790/1875] loss 0.1551, rec_loss 0.0033, p_loss 0.0976, utilization 0.4527, perplexity 19160.6725,
Train Epoch: [4/30] Iters:[1800/1875] loss 0.1551, rec_loss 0.0033, p_loss 0.0979, utilization 0.4516, perplexity 18975.8828,
Train Epoch: [4/30] Iters:[1810/1875] loss 0.1558, rec_loss 0.0034, p_loss 0.0983, utilization 0.4511, perplexity 18709.6356,
Train Epoch: [4/30] Iters:[1820/1875] loss 0.1567, rec_loss 0.0034, p_loss 0.0988, utilization 0.4509, perplexity 18566.0147,
Train Epoch: [4/30] Iters:[1830/1875] loss 0.1563, rec_loss 0.0034, p_loss 0.0987, utilization 0.4510, perplexity 18408.0204,
Train Epoch: [4/30] Iters:[1840/1875] loss 0.1579, rec_loss 0.0035, p_loss 0.0997, utilization 0.4513, perplexity 18378.3089,
Train Epoch: [4/30] Iters:[1850/1875] loss 0.1584, rec_loss 0.0035, p_loss 0.0998, utilization 0.4519, perplexity 18450.8477,
Train Epoch: [4/30] Iters:[1860/1875] loss 0.1588, rec_loss 0.0036, p_loss 0.0999, utilization 0.4524, perplexity 18568.5700,
Train Epoch: [4/30] Iters:[1870/1875] loss 0.1590, rec_loss 0.0036, p_loss 0.0996, utilization 0.4538, perplexity 18853.5626,
epoch:5, cur_lr:0.000088
Train Epoch: [5/30] Iters:[10/1875] loss 0.1566, rec_loss 0.0036, p_loss 0.0993, utilization 0.4541, perplexity 19165.1141,
Train Epoch: [5/30] Iters:[20/1875] loss 0.1574, rec_loss 0.0036, p_loss 0.0988, utilization 0.4531, perplexity 18981.4397,
Train Epoch: [5/30] Iters:[30/1875] loss 0.1544, rec_loss 0.0034, p_loss 0.0965, utilization 0.4556, perplexity 19165.8683,
Train Epoch: [5/30] Iters:[40/1875] loss 0.1550, rec_loss 0.0034, p_loss 0.0971, utilization 0.4546, perplexity 19106.1298,
Train Epoch: [5/30] Iters:[50/1875] loss 0.1554, rec_loss 0.0034, p_loss 0.0975, utilization 0.4536, perplexity 18928.2519,
Train Epoch: [5/30] Iters:[60/1875] loss 0.1546, rec_loss 0.0033, p_loss 0.0967, utilization 0.4529, perplexity 18841.6297,
Train Epoch: [5/30] Iters:[70/1875] loss 0.1538, rec_loss 0.0033, p_loss 0.0963, utilization 0.4535, perplexity 18940.7166,
Train Epoch: [5/30] Iters:[80/1875] loss 0.1557, rec_loss 0.0035, p_loss 0.0978, utilization 0.4505, perplexity 18644.0597,
Train Epoch: [5/30] Iters:[90/1875] loss 0.1548, rec_loss 0.0035, p_loss 0.0967, utilization 0.4508, perplexity 18669.2335,
Train Epoch: [5/30] Iters:[100/1875] loss 0.1527, rec_loss 0.0034, p_loss 0.0951, utilization 0.4509, perplexity 18820.2954,
Train Epoch: [5/30] Iters:[110/1875] loss 0.1535, rec_loss 0.0034, p_loss 0.0958, utilization 0.4505, perplexity 18834.0595,
Train Epoch: [5/30] Iters:[120/1875] loss 0.1539, rec_loss 0.0034, p_loss 0.0960, utilization 0.4503, perplexity 18857.4406,
Train Epoch: [5/30] Iters:[130/1875] loss 0.1530, rec_loss 0.0032, p_loss 0.0948, utilization 0.4525, perplexity 19162.1117,
Train Epoch: [5/30] Iters:[140/1875] loss 0.1549, rec_loss 0.0034, p_loss 0.0967, utilization 0.4532, perplexity 19172.5321,
Train Epoch: [5/30] Iters:[150/1875] loss 0.1564, rec_loss 0.0034, p_loss 0.0979, utilization 0.4533, perplexity 19029.2244,
Train Epoch: [5/30] Iters:[160/1875] loss 0.1546, rec_loss 0.0033, p_loss 0.0968, utilization 0.4536, perplexity 19018.0349,
Train Epoch: [5/30] Iters:[170/1875] loss 0.1538, rec_loss 0.0033, p_loss 0.0958, utilization 0.4550, perplexity 19137.1819,
Train Epoch: [5/30] Iters:[180/1875] loss 0.1523, rec_loss 0.0032, p_loss 0.0953, utilization 0.4530, perplexity 18955.2964,
Train Epoch: [5/30] Iters:[190/1875] loss 0.1515, rec_loss 0.0031, p_loss 0.0945, utilization 0.4527, perplexity 19017.7376,
Train Epoch: [5/30] Iters:[200/1875] loss 0.1517, rec_loss 0.0031, p_loss 0.0944, utilization 0.4534, perplexity 19172.7649,
Train Epoch: [5/30] Iters:[210/1875] loss 0.1543, rec_loss 0.0034, p_loss 0.0964, utilization 0.4545, perplexity 19245.6536,
Train Epoch: [5/30] Iters:[220/1875] loss 0.1556, rec_loss 0.0034, p_loss 0.0977, utilization 0.4525, perplexity 18977.0100,
Train Epoch: [5/30] Iters:[230/1875] loss 0.1578, rec_loss 0.0035, p_loss 0.0990, utilization 0.4552, perplexity 19173.0343,
Train Epoch: [5/30] Iters:[240/1875] loss 0.1573, rec_loss 0.0035, p_loss 0.0988, utilization 0.4556, perplexity 19230.4501,
Train Epoch: [5/30] Iters:[250/1875] loss 0.1571, rec_loss 0.0036, p_loss 0.0985, utilization 0.4556, perplexity 19155.9761,
Train Epoch: [5/30] Iters:[260/1875] loss 0.1558, rec_loss 0.0033, p_loss 0.0975, utilization 0.4538, perplexity 19042.4251,
Train Epoch: [5/30] Iters:[270/1875] loss 0.1541, rec_loss 0.0033, p_loss 0.0964, utilization 0.4542, perplexity 19051.1722,
Train Epoch: [5/30] Iters:[280/1875] loss 0.1533, rec_loss 0.0033, p_loss 0.0959, utilization 0.4528, perplexity 18900.9665,
Train Epoch: [5/30] Iters:[290/1875] loss 0.1526, rec_loss 0.0032, p_loss 0.0951, utilization 0.4520, perplexity 18809.5743,
Train Epoch: [5/30] Iters:[300/1875] loss 0.1518, rec_loss 0.0032, p_loss 0.0945, utilization 0.4501, perplexity 18678.7916,
Train Epoch: [5/30] Iters:[310/1875] loss 0.1512, rec_loss 0.0032, p_loss 0.0938, utilization 0.4510, perplexity 18695.8072,
Train Epoch: [5/30] Iters:[320/1875] loss 0.1528, rec_loss 0.0032, p_loss 0.0948, utilization 0.4509, perplexity 18699.1108,
Train Epoch: [5/30] Iters:[330/1875] loss 0.1527, rec_loss 0.0032, p_loss 0.0946, utilization 0.4503, perplexity 18756.2700,
Train Epoch: [5/30] Iters:[340/1875] loss 0.1529, rec_loss 0.0033, p_loss 0.0950, utilization 0.4493, perplexity 18635.7170,
Train Epoch: [5/30] Iters:[350/1875] loss 0.1522, rec_loss 0.0033, p_loss 0.0945, utilization 0.4498, perplexity 18762.1428,
Train Epoch: [5/30] Iters:[360/1875] loss 0.1522, rec_loss 0.0034, p_loss 0.0945, utilization 0.4501, perplexity 18837.5119,
Train Epoch: [5/30] Iters:[370/1875] loss 0.1516, rec_loss 0.0034, p_loss 0.0941, utilization 0.4511, perplexity 19016.6233,
Train Epoch: [5/30] Iters:[380/1875] loss 0.1520, rec_loss 0.0033, p_loss 0.0947, utilization 0.4516, perplexity 18912.5264,
Train Epoch: [5/30] Iters:[390/1875] loss 0.1519, rec_loss 0.0033, p_loss 0.0945, utilization 0.4525, perplexity 18954.4547,
Train Epoch: [5/30] Iters:[400/1875] loss 0.1531, rec_loss 0.0032, p_loss 0.0952, utilization 0.4534, perplexity 19069.8491,
Train Epoch: [5/30] Iters:[410/1875] loss 0.1541, rec_loss 0.0033, p_loss 0.0961, utilization 0.4539, perplexity 19041.4180,
Train Epoch: [5/30] Iters:[420/1875] loss 0.1544, rec_loss 0.0033, p_loss 0.0969, utilization 0.4527, perplexity 18863.9549,
Train Epoch: [5/30] Iters:[430/1875] loss 0.1548, rec_loss 0.0034, p_loss 0.0968, utilization 0.4528, perplexity 18975.5912,
Train Epoch: [5/30] Iters:[440/1875] loss 0.1541, rec_loss 0.0033, p_loss 0.0962, utilization 0.4515, perplexity 18824.0414,
Train Epoch: [5/30] Iters:[450/1875] loss 0.1551, rec_loss 0.0033, p_loss 0.0971, utilization 0.4516, perplexity 18798.2397,
Train Epoch: [5/30] Iters:[460/1875] loss 0.1540, rec_loss 0.0033, p_loss 0.0963, utilization 0.4515, perplexity 18844.6268,
Train Epoch: [5/30] Iters:[470/1875] loss 0.1534, rec_loss 0.0033, p_loss 0.0952, utilization 0.4516, perplexity 18889.7062,
Train Epoch: [5/30] Iters:[480/1875] loss 0.1537, rec_loss 0.0033, p_loss 0.0956, utilization 0.4518, perplexity 18685.1108,
Train Epoch: [5/30] Iters:[490/1875] loss 0.1529, rec_loss 0.0032, p_loss 0.0952, utilization 0.4529, perplexity 18793.6590,
Train Epoch: [5/30] Iters:[500/1875] loss 0.1525, rec_loss 0.0033, p_loss 0.0947, utilization 0.4535, perplexity 18832.9435,
Train Epoch: [5/30] Iters:[510/1875] loss 0.1532, rec_loss 0.0033, p_loss 0.0949, utilization 0.4541, perplexity 18860.7899,
Train Epoch: [5/30] Iters:[520/1875] loss 0.1534, rec_loss 0.0033, p_loss 0.0952, utilization 0.4538, perplexity 18849.1731,
Train Epoch: [5/30] Iters:[530/1875] loss 0.1515, rec_loss 0.0033, p_loss 0.0940, utilization 0.4536, perplexity 19024.8333,
Train Epoch: [5/30] Iters:[540/1875] loss 0.1525, rec_loss 0.0033, p_loss 0.0949, utilization 0.4520, perplexity 18911.1788,
Train Epoch: [5/30] Iters:[550/1875] loss 0.1518, rec_loss 0.0032, p_loss 0.0943, utilization 0.4520, perplexity 18923.0208,
Train Epoch: [5/30] Iters:[560/1875] loss 0.1519, rec_loss 0.0032, p_loss 0.0946, utilization 0.4513, perplexity 18902.6373,
Train Epoch: [5/30] Iters:[570/1875] loss 0.1514, rec_loss 0.0032, p_loss 0.0942, utilization 0.4511, perplexity 18843.7360,
Train Epoch: [5/30] Iters:[580/1875] loss 0.1522, rec_loss 0.0034, p_loss 0.0947, utilization 0.4506, perplexity 18708.4168,
Train Epoch: [5/30] Iters:[590/1875] loss 0.1524, rec_loss 0.0035, p_loss 0.0943, utilization 0.4529, perplexity 18898.6424,
Train Epoch: [5/30] Iters:[600/1875] loss 0.1519, rec_loss 0.0036, p_loss 0.0942, utilization 0.4521, perplexity 18769.8557,
Train Epoch: [5/30] Iters:[610/1875] loss 0.1498, rec_loss 0.0035, p_loss 0.0930, utilization 0.4513, perplexity 18720.1969,
Train Epoch: [5/30] Iters:[620/1875] loss 0.1497, rec_loss 0.0035, p_loss 0.0929, utilization 0.4513, perplexity 18692.2994,
Train Epoch: [5/30] Iters:[630/1875] loss 0.1503, rec_loss 0.0034, p_loss 0.0932, utilization 0.4511, perplexity 18659.7888,
Train Epoch: [5/30] Iters:[640/1875] loss 0.1512, rec_loss 0.0034, p_loss 0.0941, utilization 0.4497, perplexity 18530.7641,
Train Epoch: [5/30] Iters:[650/1875] loss 0.1526, rec_loss 0.0033, p_loss 0.0947, utilization 0.4509, perplexity 18676.3182,
Train Epoch: [5/30] Iters:[660/1875] loss 0.1543, rec_loss 0.0034, p_loss 0.0959, utilization 0.4510, perplexity 18677.5595,
Train Epoch: [5/30] Iters:[670/1875] loss 0.1554, rec_loss 0.0035, p_loss 0.0965, utilization 0.4512, perplexity 18609.3603,
Train Epoch: [5/30] Iters:[680/1875] loss 0.1537, rec_loss 0.0034, p_loss 0.0954, utilization 0.4509, perplexity 18667.3385,
Train Epoch: [5/30] Iters:[690/1875] loss 0.1538, rec_loss 0.0035, p_loss 0.0952, utilization 0.4517, perplexity 18876.8230,
Train Epoch: [5/30] Iters:[700/1875] loss 0.1531, rec_loss 0.0034, p_loss 0.0949, utilization 0.4514, perplexity 18832.8010,
Train Epoch: [5/30] Iters:[710/1875] loss 0.1545, rec_loss 0.0034, p_loss 0.0956, utilization 0.4515, perplexity 18657.3561,
Train Epoch: [5/30] Iters:[720/1875] loss 0.1556, rec_loss 0.0035, p_loss 0.0968, utilization 0.4522, perplexity 18718.2745,
Train Epoch: [5/30] Iters:[730/1875] loss 0.1561, rec_loss 0.0034, p_loss 0.0968, utilization 0.4529, perplexity 18613.2519,
Train Epoch: [5/30] Iters:[740/1875] loss 0.1556, rec_loss 0.0033, p_loss 0.0966, utilization 0.4527, perplexity 18416.3440,
Train Epoch: [5/30] Iters:[750/1875] loss 0.1556, rec_loss 0.0034, p_loss 0.0969, utilization 0.4523, perplexity 18414.3082,
Train Epoch: [5/30] Iters:[760/1875] loss 0.1537, rec_loss 0.0033, p_loss 0.0953, utilization 0.4535, perplexity 18717.0504,
Train Epoch: [5/30] Iters:[770/1875] loss 0.1512, rec_loss 0.0031, p_loss 0.0936, utilization 0.4526, perplexity 18620.5675,
Train Epoch: [5/30] Iters:[780/1875] loss 0.1520, rec_loss 0.0032, p_loss 0.0941, utilization 0.4541, perplexity 19004.6911,
Train Epoch: [5/30] Iters:[790/1875] loss 0.1519, rec_loss 0.0032, p_loss 0.0942, utilization 0.4540, perplexity 19042.2158,
Train Epoch: [5/30] Iters:[800/1875] loss 0.1527, rec_loss 0.0033, p_loss 0.0945, utilization 0.4535, perplexity 18902.4293,
Train Epoch: [5/30] Iters:[810/1875] loss 0.1554, rec_loss 0.0035, p_loss 0.0967, utilization 0.4536, perplexity 18821.1658,
Train Epoch: [5/30] Iters:[820/1875] loss 0.1554, rec_loss 0.0035, p_loss 0.0964, utilization 0.4531, perplexity 18866.7077,
Train Epoch: [5/30] Iters:[830/1875] loss 0.1547, rec_loss 0.0035, p_loss 0.0961, utilization 0.4515, perplexity 18525.3158,
Train Epoch: [5/30] Iters:[840/1875] loss 0.1550, rec_loss 0.0035, p_loss 0.0958, utilization 0.4529, perplexity 18606.6892,
Train Epoch: [5/30] Iters:[850/1875] loss 0.1538, rec_loss 0.0035, p_loss 0.0953, utilization 0.4543, perplexity 18824.2615,
Train Epoch: [5/30] Iters:[860/1875] loss 0.1506, rec_loss 0.0033, p_loss 0.0931, utilization 0.4527, perplexity 18594.6803,
Train Epoch: [5/30] Iters:[870/1875] loss 0.1506, rec_loss 0.0032, p_loss 0.0931, utilization 0.4538, perplexity 18719.6967,
Train Epoch: [5/30] Iters:[880/1875] loss 0.1525, rec_loss 0.0035, p_loss 0.0942, utilization 0.4548, perplexity 18934.5673,
Train Epoch: [5/30] Iters:[890/1875] loss 0.1538, rec_loss 0.0036, p_loss 0.0951, utilization 0.4534, perplexity 18788.1706,
Train Epoch: [5/30] Iters:[900/1875] loss 0.1534, rec_loss 0.0036, p_loss 0.0944, utilization 0.4511, perplexity 18544.9358,
Train Epoch: [5/30] Iters:[910/1875] loss 0.1540, rec_loss 0.0036, p_loss 0.0947, utilization 0.4513, perplexity 18647.5849,
Train Epoch: [5/30] Iters:[920/1875] loss 0.1534, rec_loss 0.0036, p_loss 0.0942, utilization 0.4509, perplexity 18706.4863,
Train Epoch: [5/30] Iters:[930/1875] loss 0.1518, rec_loss 0.0034, p_loss 0.0934, utilization 0.4504, perplexity 18569.5359,
Train Epoch: [5/30] Iters:[940/1875] loss 0.1493, rec_loss 0.0032, p_loss 0.0918, utilization 0.4501, perplexity 18597.9082,
Train Epoch: [5/30] Iters:[950/1875] loss 0.1486, rec_loss 0.0032, p_loss 0.0914, utilization 0.4513, perplexity 18740.9146,
Train Epoch: [5/30] Iters:[960/1875] loss 0.1492, rec_loss 0.0032, p_loss 0.0919, utilization 0.4525, perplexity 18835.9893,
Train Epoch: [5/30] Iters:[970/1875] loss 0.1490, rec_loss 0.0032, p_loss 0.0917, utilization 0.4526, perplexity 18792.4184,
Train Epoch: [5/30] Iters:[980/1875] loss 0.1477, rec_loss 0.0032, p_loss 0.0907, utilization 0.4526, perplexity 18921.1501,
Train Epoch: [5/30] Iters:[990/1875] loss 0.1484, rec_loss 0.0032, p_loss 0.0913, utilization 0.4534, perplexity 19000.8003,
Train Epoch: [5/30] Iters:[1000/1875] loss 0.1499, rec_loss 0.0033, p_loss 0.0923, utilization 0.4528, perplexity 18840.8827,
Train Epoch: [5/30] Iters:[1010/1875] loss 0.1504, rec_loss 0.0032, p_loss 0.0923, utilization 0.4528, perplexity 18859.5097,
Train Epoch: [5/30] Iters:[1020/1875] loss 0.1524, rec_loss 0.0032, p_loss 0.0938, utilization 0.4543, perplexity 18940.9728,
Train Epoch: [5/30] Iters:[1030/1875] loss 0.1529, rec_loss 0.0032, p_loss 0.0942, utilization 0.4516, perplexity 18618.1578,
Train Epoch: [5/30] Iters:[1040/1875] loss 0.1533, rec_loss 0.0031, p_loss 0.0946, utilization 0.4505, perplexity 18488.1675,
Train Epoch: [5/30] Iters:[1050/1875] loss 0.1532, rec_loss 0.0030, p_loss 0.0944, utilization 0.4508, perplexity 18557.7503,
Train Epoch: [5/30] Iters:[1060/1875] loss 0.1528, rec_loss 0.0031, p_loss 0.0947, utilization 0.4501, perplexity 18432.3770,
Train Epoch: [5/30] Iters:[1070/1875] loss 0.1523, rec_loss 0.0031, p_loss 0.0944, utilization 0.4478, perplexity 18222.3430,
Train Epoch: [5/30] Iters:[1080/1875] loss 0.1534, rec_loss 0.0032, p_loss 0.0950, utilization 0.4507, perplexity 18483.1940,
Train Epoch: [5/30] Iters:[1090/1875] loss 0.1530, rec_loss 0.0032, p_loss 0.0947, utilization 0.4506, perplexity 18441.1576,
Train Epoch: [5/30] Iters:[1100/1875] loss 0.1536, rec_loss 0.0033, p_loss 0.0954, utilization 0.4513, perplexity 18446.5717,
Train Epoch: [5/30] Iters:[1110/1875] loss 0.1527, rec_loss 0.0033, p_loss 0.0942, utilization 0.4512, perplexity 18530.1891,
Train Epoch: [5/30] Iters:[1120/1875] loss 0.1521, rec_loss 0.0033, p_loss 0.0935, utilization 0.4530, perplexity 18751.8797,
Train Epoch: [5/30] Iters:[1130/1875] loss 0.1516, rec_loss 0.0032, p_loss 0.0932, utilization 0.4533, perplexity 18769.1497,
Train Epoch: [5/30] Iters:[1140/1875] loss 0.1509, rec_loss 0.0032, p_loss 0.0926, utilization 0.4542, perplexity 19007.1987,
Train Epoch: [5/30] Iters:[1150/1875] loss 0.1493, rec_loss 0.0032, p_loss 0.0916, utilization 0.4543, perplexity 19088.8101,
Train Epoch: [5/30] Iters:[1160/1875] loss 0.1498, rec_loss 0.0032, p_loss 0.0920, utilization 0.4550, perplexity 19090.9939,
Train Epoch: [5/30] Iters:[1170/1875] loss 0.1500, rec_loss 0.0031, p_loss 0.0923, utilization 0.4549, perplexity 18997.3425,
Train Epoch: [5/30] Iters:[1180/1875] loss 0.1504, rec_loss 0.0032, p_loss 0.0927, utilization 0.4555, perplexity 19042.5471,
Train Epoch: [5/30] Iters:[1190/1875] loss 0.1512, rec_loss 0.0033, p_loss 0.0933, utilization 0.4546, perplexity 18910.3437,
Train Epoch: [5/30] Iters:[1200/1875] loss 0.1521, rec_loss 0.0033, p_loss 0.0939, utilization 0.4549, perplexity 18924.5588,
Train Epoch: [5/30] Iters:[1210/1875] loss 0.1528, rec_loss 0.0034, p_loss 0.0945, utilization 0.4554, perplexity 19035.1047,
Train Epoch: [5/30] Iters:[1220/1875] loss 0.1525, rec_loss 0.0035, p_loss 0.0943, utilization 0.4554, perplexity 19064.4646,
Train Epoch: [5/30] Iters:[1230/1875] loss 0.1529, rec_loss 0.0035, p_loss 0.0947, utilization 0.4535, perplexity 18888.9494,
Train Epoch: [5/30] Iters:[1240/1875] loss 0.1533, rec_loss 0.0034, p_loss 0.0951, utilization 0.4549, perplexity 19014.9792,
Train Epoch: [5/30] Iters:[1250/1875] loss 0.1543, rec_loss 0.0035, p_loss 0.0958, utilization 0.4551, perplexity 19041.6586,
Train Epoch: [5/30] Iters:[1260/1875] loss 0.1530, rec_loss 0.0033, p_loss 0.0949, utilization 0.4542, perplexity 18964.8289,
Train Epoch: [5/30] Iters:[1270/1875] loss 0.1536, rec_loss 0.0032, p_loss 0.0954, utilization 0.4536, perplexity 18950.7202,
Train Epoch: [5/30] Iters:[1280/1875] loss 0.1533, rec_loss 0.0033, p_loss 0.0951, utilization 0.4533, perplexity 18947.5657,
Train Epoch: [5/30] Iters:[1290/1875] loss 0.1523, rec_loss 0.0033, p_loss 0.0941, utilization 0.4542, perplexity 19035.2337,
Train Epoch: [5/30] Iters:[1300/1875] loss 0.1506, rec_loss 0.0033, p_loss 0.0931, utilization 0.4528, perplexity 18801.8312,
Train Epoch: [5/30] Iters:[1310/1875] loss 0.1512, rec_loss 0.0033, p_loss 0.0932, utilization 0.4523, perplexity 18755.7492,
Train Epoch: [5/30] Iters:[1320/1875] loss 0.1516, rec_loss 0.0035, p_loss 0.0933, utilization 0.4532, perplexity 18823.3704,
Train Epoch: [5/30] Iters:[1330/1875] loss 0.1523, rec_loss 0.0033, p_loss 0.0937, utilization 0.4543, perplexity 19028.1015,
Train Epoch: [5/30] Iters:[1340/1875] loss 0.1537, rec_loss 0.0034, p_loss 0.0943, utilization 0.4531, perplexity 18801.0842,
Train Epoch: [5/30] Iters:[1350/1875] loss 0.1556, rec_loss 0.0034, p_loss 0.0953, utilization 0.4519, perplexity 18668.7306,
Train Epoch: [5/30] Iters:[1360/1875] loss 0.1558, rec_loss 0.0035, p_loss 0.0951, utilization 0.4540, perplexity 18880.5744,
Train Epoch: [5/30] Iters:[1370/1875] loss 0.1542, rec_loss 0.0033, p_loss 0.0945, utilization 0.4517, perplexity 18620.5789,
Train Epoch: [5/30] Iters:[1380/1875] loss 0.1526, rec_loss 0.0033, p_loss 0.0934, utilization 0.4509, perplexity 18462.4984,
Train Epoch: [5/30] Iters:[1390/1875] loss 0.1518, rec_loss 0.0032, p_loss 0.0930, utilization 0.4517, perplexity 18532.2693,
Train Epoch: [5/30] Iters:[1400/1875] loss 0.1507, rec_loss 0.0032, p_loss 0.0921, utilization 0.4538, perplexity 18875.7837,
Train Epoch: [5/30] Iters:[1410/1875] loss 0.1494, rec_loss 0.0031, p_loss 0.0918, utilization 0.4499, perplexity 18357.8660,
Train Epoch: [5/30] Iters:[1420/1875] loss 0.1497, rec_loss 0.0032, p_loss 0.0913, utilization 0.4518, perplexity 18565.3429,
Train Epoch: [5/30] Iters:[1430/1875] loss 0.1489, rec_loss 0.0031, p_loss 0.0906, utilization 0.4535, perplexity 18794.9946,
Train Epoch: [5/30] Iters:[1440/1875] loss 0.1488, rec_loss 0.0032, p_loss 0.0910, utilization 0.4525, perplexity 18745.3601,
Train Epoch: [5/30] Iters:[1450/1875] loss 0.1483, rec_loss 0.0032, p_loss 0.0909, utilization 0.4508, perplexity 18420.3324,
Train Epoch: [5/30] Iters:[1460/1875] loss 0.1496, rec_loss 0.0032, p_loss 0.0913, utilization 0.4535, perplexity 18735.3772,
Train Epoch: [5/30] Iters:[1470/1875] loss 0.1499, rec_loss 0.0032, p_loss 0.0919, utilization 0.4535, perplexity 18707.9083,
Train Epoch: [5/30] Iters:[1480/1875] loss 0.1519, rec_loss 0.0033, p_loss 0.0935, utilization 0.4524, perplexity 18498.8968,
Train Epoch: [5/30] Iters:[1490/1875] loss 0.1511, rec_loss 0.0032, p_loss 0.0927, utilization 0.4534, perplexity 18609.8166,
Train Epoch: [5/30] Iters:[1500/1875] loss 0.1507, rec_loss 0.0032, p_loss 0.0929, utilization 0.4546, perplexity 18840.5841,
Train Epoch: [5/30] Iters:[1510/1875] loss 0.1502, rec_loss 0.0031, p_loss 0.0929, utilization 0.4546, perplexity 18825.2497,
Train Epoch: [5/30] Iters:[1520/1875] loss 0.1512, rec_loss 0.0032, p_loss 0.0934, utilization 0.4537, perplexity 18694.7274,
Train Epoch: [5/30] Iters:[1530/1875] loss 0.1493, rec_loss 0.0031, p_loss 0.0921, utilization 0.4527, perplexity 18621.9463,
Train Epoch: [5/30] Iters:[1540/1875] loss 0.1491, rec_loss 0.0031, p_loss 0.0921, utilization 0.4520, perplexity 18579.7913,
Train Epoch: [5/30] Iters:[1550/1875] loss 0.1493, rec_loss 0.0031, p_loss 0.0918, utilization 0.4518, perplexity 18555.3104,
Train Epoch: [5/30] Iters:[1560/1875] loss 0.1507, rec_loss 0.0031, p_loss 0.0929, utilization 0.4508, perplexity 18427.5526,
Train Epoch: [5/30] Iters:[1570/1875] loss 0.1506, rec_loss 0.0031, p_loss 0.0929, utilization 0.4522, perplexity 18658.7566,
Train Epoch: [5/30] Iters:[1580/1875] loss 0.1521, rec_loss 0.0031, p_loss 0.0940, utilization 0.4531, perplexity 18783.6829,
Train Epoch: [5/30] Iters:[1590/1875] loss 0.1552, rec_loss 0.0035, p_loss 0.0960, utilization 0.4532, perplexity 18588.6971,
Train Epoch: [5/30] Iters:[1600/1875] loss 0.1551, rec_loss 0.0036, p_loss 0.0958, utilization 0.4540, perplexity 18717.2178,
Train Epoch: [5/30] Iters:[1610/1875] loss 0.1538, rec_loss 0.0035, p_loss 0.0946, utilization 0.4537, perplexity 18694.9774,
Train Epoch: [5/30] Iters:[1620/1875] loss 0.1531, rec_loss 0.0035, p_loss 0.0934, utilization 0.4538, perplexity 18757.6499,
Train Epoch: [5/30] Iters:[1630/1875] loss 0.1517, rec_loss 0.0035, p_loss 0.0918, utilization 0.4539, perplexity 18788.1655,
Train Epoch: [5/30] Iters:[1640/1875] loss 0.1491, rec_loss 0.0032, p_loss 0.0900, utilization 0.4538, perplexity 18870.3484,
Train Epoch: [5/30] Iters:[1650/1875] loss 0.1486, rec_loss 0.0030, p_loss 0.0897, utilization 0.4528, perplexity 18744.4366,
Train Epoch: [5/30] Iters:[1660/1875] loss 0.1479, rec_loss 0.0030, p_loss 0.0891, utilization 0.4522, perplexity 18748.0998,
Train Epoch: [5/30] Iters:[1670/1875] loss 0.1470, rec_loss 0.0029, p_loss 0.0888, utilization 0.4514, perplexity 18574.5620,
Train Epoch: [5/30] Iters:[1680/1875] loss 0.1466, rec_loss 0.0029, p_loss 0.0892, utilization 0.4512, perplexity 18482.7058,
Train Epoch: [5/30] Iters:[1690/1875] loss 0.1470, rec_loss 0.0029, p_loss 0.0897, utilization 0.4504, perplexity 18491.4337,
Train Epoch: [5/30] Iters:[1700/1875] loss 0.1488, rec_loss 0.0030, p_loss 0.0906, utilization 0.4531, perplexity 18786.5821,
Train Epoch: [5/30] Iters:[1710/1875] loss 0.1498, rec_loss 0.0031, p_loss 0.0915, utilization 0.4535, perplexity 18755.1019,
Train Epoch: [5/30] Iters:[1720/1875] loss 0.1501, rec_loss 0.0032, p_loss 0.0921, utilization 0.4533, perplexity 18724.8459,
Train Epoch: [5/30] Iters:[1730/1875] loss 0.1513, rec_loss 0.0032, p_loss 0.0924, utilization 0.4536, perplexity 18682.9001,
Train Epoch: [5/30] Iters:[1740/1875] loss 0.1509, rec_loss 0.0032, p_loss 0.0919, utilization 0.4544, perplexity 18734.9454,
Train Epoch: [5/30] Iters:[1750/1875] loss 0.1498, rec_loss 0.0031, p_loss 0.0914, utilization 0.4516, perplexity 18400.2920,
Train Epoch: [5/30] Iters:[1760/1875] loss 0.1495, rec_loss 0.0031, p_loss 0.0911, utilization 0.4528, perplexity 18603.7798,
Train Epoch: [5/30] Iters:[1770/1875] loss 0.1502, rec_loss 0.0031, p_loss 0.0913, utilization 0.4517, perplexity 18460.5763,
Train Epoch: [5/30] Iters:[1780/1875] loss 0.1498, rec_loss 0.0031, p_loss 0.0916, utilization 0.4523, perplexity 18615.5813,
Train Epoch: [5/30] Iters:[1790/1875] loss 0.1491, rec_loss 0.0031, p_loss 0.0913, utilization 0.4511, perplexity 18539.6630,
Train Epoch: [5/30] Iters:[1800/1875] loss 0.1504, rec_loss 0.0032, p_loss 0.0920, utilization 0.4508, perplexity 18434.9407,
Train Epoch: [5/30] Iters:[1810/1875] loss 0.1494, rec_loss 0.0032, p_loss 0.0914, utilization 0.4508, perplexity 18535.6387,
Train Epoch: [5/30] Iters:[1820/1875] loss 0.1492, rec_loss 0.0034, p_loss 0.0910, utilization 0.4503, perplexity 18598.4802,
Train Epoch: [5/30] Iters:[1830/1875] loss 0.1486, rec_loss 0.0034, p_loss 0.0903, utilization 0.4507, perplexity 18697.5270,
Train Epoch: [5/30] Iters:[1840/1875] loss 0.1484, rec_loss 0.0035, p_loss 0.0899, utilization 0.4520, perplexity 18767.5202,
Train Epoch: [5/30] Iters:[1850/1875] loss 0.1468, rec_loss 0.0033, p_loss 0.0887, utilization 0.4531, perplexity 19044.7089,
Train Epoch: [5/30] Iters:[1860/1875] loss 0.1477, rec_loss 0.0032, p_loss 0.0895, utilization 0.4546, perplexity 19122.5037,
Train Epoch: [5/30] Iters:[1870/1875] loss 0.1475, rec_loss 0.0031, p_loss 0.0897, utilization 0.4554, perplexity 19185.4221,
Loading pretrained model LPIPS from /home/sunset/.cache/torch/hub/pyiqa/LPIPS_v0.1_alex-df73285e.pth
PSNR:33.1892296875  SSIM:0.9056306221326192  LPIPS:0.05917172758777936
Loading pretrained model LPIPS from /home/sunset/.cache/torch/hub/pyiqa/LPIPS_v0.1_alex-df73285e.pth
epoch:6, cur_lr:0.000085
Train Epoch: [6/30] Iters:[10/1875] loss 0.1525, rec_loss 0.0033, p_loss 0.0931, utilization 0.4483, perplexity 18026.7297,
Train Epoch: [6/30] Iters:[20/1875] loss 0.1538, rec_loss 0.0035, p_loss 0.0941, utilization 0.4512, perplexity 18376.4511,
Train Epoch: [6/30] Iters:[30/1875] loss 0.1522, rec_loss 0.0033, p_loss 0.0931, utilization 0.4519, perplexity 18400.5524,
Train Epoch: [6/30] Iters:[40/1875] loss 0.1533, rec_loss 0.0033, p_loss 0.0936, utilization 0.4521, perplexity 18427.3486,
Train Epoch: [6/30] Iters:[50/1875] loss 0.1526, rec_loss 0.0033, p_loss 0.0936, utilization 0.4512, perplexity 18338.6756,
Train Epoch: [6/30] Iters:[60/1875] loss 0.1522, rec_loss 0.0033, p_loss 0.0934, utilization 0.4528, perplexity 18566.8095,
Train Epoch: [6/30] Iters:[70/1875] loss 0.1501, rec_loss 0.0031, p_loss 0.0922, utilization 0.4517, perplexity 18426.8884,
Train Epoch: [6/30] Iters:[80/1875] loss 0.1507, rec_loss 0.0032, p_loss 0.0926, utilization 0.4523, perplexity 18600.1081,
Train Epoch: [6/30] Iters:[90/1875] loss 0.1490, rec_loss 0.0031, p_loss 0.0915, utilization 0.4528, perplexity 18768.9912,
Train Epoch: [6/30] Iters:[100/1875] loss 0.1492, rec_loss 0.0030, p_loss 0.0911, utilization 0.4542, perplexity 18873.7814,
Train Epoch: [6/30] Iters:[110/1875] loss 0.1476, rec_loss 0.0029, p_loss 0.0902, utilization 0.4536, perplexity 18797.0899,
Train Epoch: [6/30] Iters:[120/1875] loss 0.1482, rec_loss 0.0030, p_loss 0.0906, utilization 0.4535, perplexity 18854.1496,
Train Epoch: [6/30] Iters:[130/1875] loss 0.1476, rec_loss 0.0030, p_loss 0.0900, utilization 0.4534, perplexity 18757.1392,
Train Epoch: [6/30] Iters:[140/1875] loss 0.1474, rec_loss 0.0029, p_loss 0.0900, utilization 0.4522, perplexity 18497.5147,
Train Epoch: [6/30] Iters:[150/1875] loss 0.1477, rec_loss 0.0031, p_loss 0.0901, utilization 0.4516, perplexity 18504.8876,
Train Epoch: [6/30] Iters:[160/1875] loss 0.1479, rec_loss 0.0031, p_loss 0.0899, utilization 0.4519, perplexity 18580.1626,
Train Epoch: [6/30] Iters:[170/1875] loss 0.1494, rec_loss 0.0032, p_loss 0.0904, utilization 0.4533, perplexity 18748.0343,
Train Epoch: [6/30] Iters:[180/1875] loss 0.1482, rec_loss 0.0032, p_loss 0.0899, utilization 0.4515, perplexity 18571.7639,
Train Epoch: [6/30] Iters:[190/1875] loss 0.1484, rec_loss 0.0033, p_loss 0.0898, utilization 0.4538, perplexity 18880.5249,
Train Epoch: [6/30] Iters:[200/1875] loss 0.1488, rec_loss 0.0032, p_loss 0.0903, utilization 0.4548, perplexity 19010.3571,
Train Epoch: [6/30] Iters:[210/1875] loss 0.1500, rec_loss 0.0033, p_loss 0.0914, utilization 0.4523, perplexity 18583.8769,
Train Epoch: [6/30] Iters:[220/1875] loss 0.1484, rec_loss 0.0032, p_loss 0.0902, utilization 0.4518, perplexity 18540.2773,
Train Epoch: [6/30] Iters:[230/1875] loss 0.1491, rec_loss 0.0033, p_loss 0.0906, utilization 0.4541, perplexity 18789.3161,
Train Epoch: [6/30] Iters:[240/1875] loss 0.1483, rec_loss 0.0032, p_loss 0.0904, utilization 0.4525, perplexity 18521.8587,
Train Epoch: [6/30] Iters:[250/1875] loss 0.1486, rec_loss 0.0032, p_loss 0.0904, utilization 0.4522, perplexity 18394.5171,
Train Epoch: [6/30] Iters:[260/1875] loss 0.1484, rec_loss 0.0032, p_loss 0.0899, utilization 0.4546, perplexity 18674.0120,
Train Epoch: [6/30] Iters:[270/1875] loss 0.1488, rec_loss 0.0032, p_loss 0.0902, utilization 0.4550, perplexity 18629.7244,
Train Epoch: [6/30] Iters:[280/1875] loss 0.1499, rec_loss 0.0032, p_loss 0.0911, utilization 0.4541, perplexity 18571.0948,
Train Epoch: [6/30] Iters:[290/1875] loss 0.1500, rec_loss 0.0032, p_loss 0.0912, utilization 0.4525, perplexity 18634.8648,
Train Epoch: [6/30] Iters:[300/1875] loss 0.1490, rec_loss 0.0032, p_loss 0.0905, utilization 0.4515, perplexity 18549.9049,
Train Epoch: [6/30] Iters:[310/1875] loss 0.1485, rec_loss 0.0031, p_loss 0.0901, utilization 0.4508, perplexity 18633.7856,
Train Epoch: [6/30] Iters:[320/1875] loss 0.1475, rec_loss 0.0031, p_loss 0.0900, utilization 0.4507, perplexity 18707.6543,
Train Epoch: [6/30] Iters:[330/1875] loss 0.1465, rec_loss 0.0030, p_loss 0.0893, utilization 0.4494, perplexity 18540.1529,
Train Epoch: [6/30] Iters:[340/1875] loss 0.1468, rec_loss 0.0031, p_loss 0.0895, utilization 0.4510, perplexity 18439.5330,
Train Epoch: [6/30] Iters:[350/1875] loss 0.1462, rec_loss 0.0031, p_loss 0.0891, utilization 0.4514, perplexity 18510.2142,
Train Epoch: [6/30] Iters:[360/1875] loss 0.1476, rec_loss 0.0031, p_loss 0.0903, utilization 0.4516, perplexity 18387.6729,
Train Epoch: [6/30] Iters:[370/1875] loss 0.1495, rec_loss 0.0032, p_loss 0.0911, utilization 0.4516, perplexity 18354.0692,
Train Epoch: [6/30] Iters:[380/1875] loss 0.1498, rec_loss 0.0032, p_loss 0.0914, utilization 0.4514, perplexity 18326.8850,
Train Epoch: [6/30] Iters:[390/1875] loss 0.1523, rec_loss 0.0033, p_loss 0.0929, utilization 0.4534, perplexity 18651.2912,
Train Epoch: [6/30] Iters:[400/1875] loss 0.1524, rec_loss 0.0033, p_loss 0.0932, utilization 0.4530, perplexity 18563.2027,
Train Epoch: [6/30] Iters:[410/1875] loss 0.1505, rec_loss 0.0033, p_loss 0.0919, utilization 0.4519, perplexity 18556.3975,
Train Epoch: [6/30] Iters:[420/1875] loss 0.1502, rec_loss 0.0033, p_loss 0.0916, utilization 0.4527, perplexity 18559.7942,
Train Epoch: [6/30] Iters:[430/1875] loss 0.1494, rec_loss 0.0032, p_loss 0.0912, utilization 0.4536, perplexity 18689.7430,
Train Epoch: [6/30] Iters:[440/1875] loss 0.1467, rec_loss 0.0031, p_loss 0.0890, utilization 0.4523, perplexity 18556.0873,
Train Epoch: [6/30] Iters:[450/1875] loss 0.1480, rec_loss 0.0032, p_loss 0.0893, utilization 0.4533, perplexity 18723.7649,
Train Epoch: [6/30] Iters:[460/1875] loss 0.1487, rec_loss 0.0033, p_loss 0.0897, utilization 0.4541, perplexity 18763.9304,
Train Epoch: [6/30] Iters:[470/1875] loss 0.1479, rec_loss 0.0033, p_loss 0.0892, utilization 0.4536, perplexity 18762.0231,
Train Epoch: [6/30] Iters:[480/1875] loss 0.1476, rec_loss 0.0034, p_loss 0.0889, utilization 0.4530, perplexity 18713.0409,
Train Epoch: [6/30] Iters:[490/1875] loss 0.1475, rec_loss 0.0033, p_loss 0.0888, utilization 0.4530, perplexity 18728.6744,
Train Epoch: [6/30] Iters:[500/1875] loss 0.1464, rec_loss 0.0032, p_loss 0.0885, utilization 0.4533, perplexity 18691.3660,
Train Epoch: [6/30] Iters:[510/1875] loss 0.1469, rec_loss 0.0032, p_loss 0.0886, utilization 0.4543, perplexity 18722.6988,
Train Epoch: [6/30] Iters:[520/1875] loss 0.1457, rec_loss 0.0031, p_loss 0.0882, utilization 0.4536, perplexity 18684.1054,
Train Epoch: [6/30] Iters:[530/1875] loss 0.1463, rec_loss 0.0031, p_loss 0.0885, utilization 0.4549, perplexity 18682.6265,
Train Epoch: [6/30] Iters:[540/1875] loss 0.1465, rec_loss 0.0031, p_loss 0.0891, utilization 0.4547, perplexity 18655.4729,
Train Epoch: [6/30] Iters:[550/1875] loss 0.1460, rec_loss 0.0030, p_loss 0.0885, utilization 0.4540, perplexity 18568.4271,
Train Epoch: [6/30] Iters:[560/1875] loss 0.1456, rec_loss 0.0029, p_loss 0.0884, utilization 0.4521, perplexity 18421.5490,
Train Epoch: [6/30] Iters:[570/1875] loss 0.1471, rec_loss 0.0030, p_loss 0.0888, utilization 0.4525, perplexity 18472.0137,
Train Epoch: [6/30] Iters:[580/1875] loss 0.1470, rec_loss 0.0030, p_loss 0.0888, utilization 0.4516, perplexity 18521.9841,
Train Epoch: [6/30] Iters:[590/1875] loss 0.1473, rec_loss 0.0030, p_loss 0.0890, utilization 0.4504, perplexity 18372.9010,
Train Epoch: [6/30] Iters:[600/1875] loss 0.1471, rec_loss 0.0029, p_loss 0.0890, utilization 0.4501, perplexity 18410.7653,
Train Epoch: [6/30] Iters:[610/1875] loss 0.1475, rec_loss 0.0029, p_loss 0.0893, utilization 0.4520, perplexity 18612.5785,
Train Epoch: [6/30] Iters:[620/1875] loss 0.1465, rec_loss 0.0029, p_loss 0.0889, utilization 0.4508, perplexity 18432.9096,
Train Epoch: [6/30] Iters:[630/1875] loss 0.1473, rec_loss 0.0030, p_loss 0.0894, utilization 0.4513, perplexity 18332.8279,
Train Epoch: [6/30] Iters:[640/1875] loss 0.1466, rec_loss 0.0030, p_loss 0.0888, utilization 0.4518, perplexity 18435.1025,
Train Epoch: [6/30] Iters:[650/1875] loss 0.1465, rec_loss 0.0030, p_loss 0.0886, utilization 0.4538, perplexity 18607.5525,
Train Epoch: [6/30] Iters:[660/1875] loss 0.1475, rec_loss 0.0031, p_loss 0.0892, utilization 0.4538, perplexity 18629.8904,
Train Epoch: [6/30] Iters:[670/1875] loss 0.1484, rec_loss 0.0031, p_loss 0.0898, utilization 0.4535, perplexity 18636.1001,
Train Epoch: [6/30] Iters:[680/1875] loss 0.1490, rec_loss 0.0031, p_loss 0.0898, utilization 0.4548, perplexity 18830.4135,
Train Epoch: [6/30] Iters:[690/1875] loss 0.1496, rec_loss 0.0031, p_loss 0.0902, utilization 0.4553, perplexity 18793.7633,
Train Epoch: [6/30] Iters:[700/1875] loss 0.1494, rec_loss 0.0031, p_loss 0.0906, utilization 0.4527, perplexity 18564.7328,
Train Epoch: [6/30] Iters:[710/1875] loss 0.1479, rec_loss 0.0030, p_loss 0.0894, utilization 0.4519, perplexity 18504.0898,
Train Epoch: [6/30] Iters:[720/1875] loss 0.1472, rec_loss 0.0031, p_loss 0.0890, utilization 0.4528, perplexity 18590.0855,
Train Epoch: [6/30] Iters:[730/1875] loss 0.1467, rec_loss 0.0032, p_loss 0.0888, utilization 0.4518, perplexity 18497.2813,
Train Epoch: [6/30] Iters:[740/1875] loss 0.1459, rec_loss 0.0031, p_loss 0.0880, utilization 0.4512, perplexity 18543.3050,
Train Epoch: [6/30] Iters:[750/1875] loss 0.1464, rec_loss 0.0032, p_loss 0.0881, utilization 0.4522, perplexity 18509.9639,
Train Epoch: [6/30] Iters:[760/1875] loss 0.1472, rec_loss 0.0032, p_loss 0.0886, utilization 0.4537, perplexity 18677.2001,
Train Epoch: [6/30] Iters:[770/1875] loss 0.1482, rec_loss 0.0032, p_loss 0.0892, utilization 0.4529, perplexity 18536.4851,
Train Epoch: [6/30] Iters:[780/1875] loss 0.1468, rec_loss 0.0032, p_loss 0.0881, utilization 0.4521, perplexity 18547.4676,
Train Epoch: [6/30] Iters:[790/1875] loss 0.1477, rec_loss 0.0032, p_loss 0.0886, utilization 0.4527, perplexity 18512.5617,
Train Epoch: [6/30] Iters:[800/1875] loss 0.1485, rec_loss 0.0032, p_loss 0.0892, utilization 0.4532, perplexity 18690.6886,
Train Epoch: [6/30] Iters:[810/1875] loss 0.1478, rec_loss 0.0031, p_loss 0.0891, utilization 0.4522, perplexity 18527.5338,
Train Epoch: [6/30] Iters:[820/1875] loss 0.1476, rec_loss 0.0030, p_loss 0.0890, utilization 0.4525, perplexity 18593.8710,
Train Epoch: [6/30] Iters:[830/1875] loss 0.1493, rec_loss 0.0030, p_loss 0.0905, utilization 0.4520, perplexity 18475.8938,
Train Epoch: [6/30] Iters:[840/1875] loss 0.1487, rec_loss 0.0030, p_loss 0.0906, utilization 0.4518, perplexity 18411.7198,
Train Epoch: [6/30] Iters:[850/1875] loss 0.1474, rec_loss 0.0031, p_loss 0.0896, utilization 0.4522, perplexity 18436.7297,
Train Epoch: [6/30] Iters:[860/1875] loss 0.1483, rec_loss 0.0031, p_loss 0.0903, utilization 0.4524, perplexity 18425.5954,
Train Epoch: [6/30] Iters:[870/1875] loss 0.1478, rec_loss 0.0031, p_loss 0.0901, utilization 0.4520, perplexity 18476.9010,
Train Epoch: [6/30] Iters:[880/1875] loss 0.1470, rec_loss 0.0031, p_loss 0.0896, utilization 0.4539, perplexity 18646.0173,
Train Epoch: [6/30] Iters:[890/1875] loss 0.1474, rec_loss 0.0031, p_loss 0.0896, utilization 0.4546, perplexity 18796.4369,
Train Epoch: [6/30] Iters:[900/1875] loss 0.1483, rec_loss 0.0031, p_loss 0.0902, utilization 0.4534, perplexity 18740.9906,
Train Epoch: [6/30] Iters:[910/1875] loss 0.1480, rec_loss 0.0031, p_loss 0.0895, utilization 0.4528, perplexity 18786.0867,
Train Epoch: [6/30] Iters:[920/1875] loss 0.1466, rec_loss 0.0030, p_loss 0.0882, utilization 0.4543, perplexity 18836.7833,
Train Epoch: [6/30] Iters:[930/1875] loss 0.1468, rec_loss 0.0029, p_loss 0.0884, utilization 0.4534, perplexity 18751.5720,
Train Epoch: [6/30] Iters:[940/1875] loss 0.1471, rec_loss 0.0030, p_loss 0.0889, utilization 0.4527, perplexity 18641.6197,
Train Epoch: [6/30] Iters:[950/1875] loss 0.1469, rec_loss 0.0030, p_loss 0.0889, utilization 0.4520, perplexity 18530.2570,
Train Epoch: [6/30] Iters:[960/1875] loss 0.1461, rec_loss 0.0030, p_loss 0.0885, utilization 0.4539, perplexity 18656.1394,
Train Epoch: [6/30] Iters:[970/1875] loss 0.1468, rec_loss 0.0030, p_loss 0.0890, utilization 0.4547, perplexity 18765.5501,
Train Epoch: [6/30] Iters:[980/1875] loss 0.1479, rec_loss 0.0031, p_loss 0.0896, utilization 0.4564, perplexity 18901.7848,
Train Epoch: [6/30] Iters:[990/1875] loss 0.1479, rec_loss 0.0032, p_loss 0.0896, utilization 0.4565, perplexity 18994.6498,
Train Epoch: [6/30] Iters:[1000/1875] loss 0.1482, rec_loss 0.0032, p_loss 0.0896, utilization 0.4575, perplexity 19090.5678,
Train Epoch: [6/30] Iters:[1010/1875] loss 0.1485, rec_loss 0.0031, p_loss 0.0895, utilization 0.4567, perplexity 19065.6696,
Train Epoch: [6/30] Iters:[1020/1875] loss 0.1482, rec_loss 0.0031, p_loss 0.0896, utilization 0.4551, perplexity 18836.8405,
Train Epoch: [6/30] Iters:[1030/1875] loss 0.1472, rec_loss 0.0031, p_loss 0.0884, utilization 0.4540, perplexity 18765.8727,
Train Epoch: [6/30] Iters:[1040/1875] loss 0.1475, rec_loss 0.0031, p_loss 0.0881, utilization 0.4550, perplexity 18902.6606,
Train Epoch: [6/30] Iters:[1050/1875] loss 0.1476, rec_loss 0.0030, p_loss 0.0882, utilization 0.4562, perplexity 19031.0647,
Train Epoch: [6/30] Iters:[1060/1875] loss 0.1487, rec_loss 0.0031, p_loss 0.0895, utilization 0.4534, perplexity 18656.5464,
Train Epoch: [6/30] Iters:[1070/1875] loss 0.1507, rec_loss 0.0033, p_loss 0.0906, utilization 0.4539, perplexity 18881.9229,
Train Epoch: [6/30] Iters:[1080/1875] loss 0.1501, rec_loss 0.0032, p_loss 0.0903, utilization 0.4556, perplexity 19172.8967,
Train Epoch: [6/30] Iters:[1090/1875] loss 0.1491, rec_loss 0.0031, p_loss 0.0900, utilization 0.4539, perplexity 18799.6028,
Train Epoch: [6/30] Iters:[1100/1875] loss 0.1486, rec_loss 0.0032, p_loss 0.0900, utilization 0.4528, perplexity 18769.6460,
Train Epoch: [6/30] Iters:[1110/1875] loss 0.1476, rec_loss 0.0032, p_loss 0.0890, utilization 0.4554, perplexity 19068.7006,
Train Epoch: [6/30] Iters:[1120/1875] loss 0.1443, rec_loss 0.0030, p_loss 0.0866, utilization 0.4570, perplexity 19180.0951,
Train Epoch: [6/30] Iters:[1130/1875] loss 0.1448, rec_loss 0.0030, p_loss 0.0873, utilization 0.4557, perplexity 18933.9122,
Train Epoch: [6/30] Iters:[1140/1875] loss 0.1444, rec_loss 0.0030, p_loss 0.0871, utilization 0.4552, perplexity 18989.8616,
Train Epoch: [6/30] Iters:[1150/1875] loss 0.1453, rec_loss 0.0030, p_loss 0.0873, utilization 0.4559, perplexity 18965.7476,
Train Epoch: [6/30] Iters:[1160/1875] loss 0.1452, rec_loss 0.0029, p_loss 0.0871, utilization 0.4573, perplexity 19112.7671,
Train Epoch: [6/30] Iters:[1170/1875] loss 0.1469, rec_loss 0.0030, p_loss 0.0887, utilization 0.4549, perplexity 18843.7309,
Train Epoch: [6/30] Iters:[1180/1875] loss 0.1475, rec_loss 0.0031, p_loss 0.0890, utilization 0.4544, perplexity 18774.4793,
Train Epoch: [6/30] Iters:[1190/1875] loss 0.1483, rec_loss 0.0031, p_loss 0.0894, utilization 0.4566, perplexity 18980.7509,
Train Epoch: [6/30] Iters:[1200/1875] loss 0.1471, rec_loss 0.0031, p_loss 0.0888, utilization 0.4548, perplexity 18683.7125,
Train Epoch: [6/30] Iters:[1210/1875] loss 0.1457, rec_loss 0.0031, p_loss 0.0880, utilization 0.4522, perplexity 18482.9270,
Train Epoch: [6/30] Iters:[1220/1875] loss 0.1468, rec_loss 0.0030, p_loss 0.0883, utilization 0.4538, perplexity 18594.2308,
Train Epoch: [6/30] Iters:[1230/1875] loss 0.1458, rec_loss 0.0029, p_loss 0.0879, utilization 0.4539, perplexity 18514.4565,
Train Epoch: [6/30] Iters:[1240/1875] loss 0.1455, rec_loss 0.0029, p_loss 0.0878, utilization 0.4519, perplexity 18410.0123,
Train Epoch: [6/30] Iters:[1250/1875] loss 0.1453, rec_loss 0.0028, p_loss 0.0875, utilization 0.4534, perplexity 18690.4054,
Train Epoch: [6/30] Iters:[1260/1875] loss 0.1459, rec_loss 0.0029, p_loss 0.0873, utilization 0.4549, perplexity 18745.7052,
Train Epoch: [6/30] Iters:[1270/1875] loss 0.1447, rec_loss 0.0029, p_loss 0.0869, utilization 0.4536, perplexity 18708.4555,
Train Epoch: [6/30] Iters:[1280/1875] loss 0.1459, rec_loss 0.0029, p_loss 0.0876, utilization 0.4544, perplexity 18918.0384,
Train Epoch: [6/30] Iters:[1290/1875] loss 0.1461, rec_loss 0.0029, p_loss 0.0873, utilization 0.4549, perplexity 18833.1354,
Train Epoch: [6/30] Iters:[1300/1875] loss 0.1461, rec_loss 0.0029, p_loss 0.0873, utilization 0.4543, perplexity 18670.0854,
Train Epoch: [6/30] Iters:[1310/1875] loss 0.1467, rec_loss 0.0031, p_loss 0.0882, utilization 0.4534, perplexity 18662.3170,
Train Epoch: [6/30] Iters:[1320/1875] loss 0.1488, rec_loss 0.0033, p_loss 0.0892, utilization 0.4559, perplexity 18822.3397,
Train Epoch: [6/30] Iters:[1330/1875] loss 0.1481, rec_loss 0.0033, p_loss 0.0887, utilization 0.4547, perplexity 18662.3676,
Train Epoch: [6/30] Iters:[1340/1875] loss 0.1478, rec_loss 0.0034, p_loss 0.0885, utilization 0.4551, perplexity 18824.2552,
Train Epoch: [6/30] Iters:[1350/1875] loss 0.1487, rec_loss 0.0034, p_loss 0.0891, utilization 0.4559, perplexity 18987.4276,
Train Epoch: [6/30] Iters:[1360/1875] loss 0.1489, rec_loss 0.0031, p_loss 0.0891, utilization 0.4556, perplexity 18978.0010,
Train Epoch: [6/30] Iters:[1370/1875] loss 0.1469, rec_loss 0.0030, p_loss 0.0879, utilization 0.4538, perplexity 18826.4697,
Train Epoch: [6/30] Iters:[1380/1875] loss 0.1456, rec_loss 0.0029, p_loss 0.0873, utilization 0.4536, perplexity 18917.4593,
Train Epoch: [6/30] Iters:[1390/1875] loss 0.1458, rec_loss 0.0029, p_loss 0.0876, utilization 0.4522, perplexity 18778.0447,
Train Epoch: [6/30] Iters:[1400/1875] loss 0.1455, rec_loss 0.0028, p_loss 0.0871, utilization 0.4515, perplexity 18549.6746,
Train Epoch: [6/30] Iters:[1410/1875] loss 0.1452, rec_loss 0.0028, p_loss 0.0875, utilization 0.4520, perplexity 18570.5898,
Train Epoch: [6/30] Iters:[1420/1875] loss 0.1448, rec_loss 0.0028, p_loss 0.0874, utilization 0.4508, perplexity 18473.6644,
Train Epoch: [6/30] Iters:[1430/1875] loss 0.1449, rec_loss 0.0029, p_loss 0.0872, utilization 0.4519, perplexity 18496.8031,
Train Epoch: [6/30] Iters:[1440/1875] loss 0.1450, rec_loss 0.0030, p_loss 0.0871, utilization 0.4519, perplexity 18464.9113,
Train Epoch: [6/30] Iters:[1450/1875] loss 0.1458, rec_loss 0.0030, p_loss 0.0877, utilization 0.4528, perplexity 18622.4658,
Train Epoch: [6/30] Iters:[1460/1875] loss 0.1464, rec_loss 0.0031, p_loss 0.0876, utilization 0.4521, perplexity 18599.2932,
Train Epoch: [6/30] Iters:[1470/1875] loss 0.1473, rec_loss 0.0031, p_loss 0.0880, utilization 0.4538, perplexity 18710.0443,
Train Epoch: [6/30] Iters:[1480/1875] loss 0.1464, rec_loss 0.0030, p_loss 0.0876, utilization 0.4525, perplexity 18594.4318,
Train Epoch: [6/30] Iters:[1490/1875] loss 0.1456, rec_loss 0.0029, p_loss 0.0873, utilization 0.4541, perplexity 18804.0466,
Train Epoch: [6/30] Iters:[1500/1875] loss 0.1448, rec_loss 0.0029, p_loss 0.0868, utilization 0.4543, perplexity 18914.3652,
Train Epoch: [6/30] Iters:[1510/1875] loss 0.1432, rec_loss 0.0029, p_loss 0.0861, utilization 0.4545, perplexity 18855.4321,
Train Epoch: [6/30] Iters:[1520/1875] loss 0.1426, rec_loss 0.0028, p_loss 0.0857, utilization 0.4528, perplexity 18773.4400,
Train Epoch: [6/30] Iters:[1530/1875] loss 0.1443, rec_loss 0.0030, p_loss 0.0866, utilization 0.4533, perplexity 18878.2483,
Train Epoch: [6/30] Iters:[1540/1875] loss 0.1442, rec_loss 0.0030, p_loss 0.0865, utilization 0.4527, perplexity 18733.9716,
Train Epoch: [6/30] Iters:[1550/1875] loss 0.1437, rec_loss 0.0029, p_loss 0.0863, utilization 0.4528, perplexity 18651.8799,
Train Epoch: [6/30] Iters:[1560/1875] loss 0.1460, rec_loss 0.0030, p_loss 0.0873, utilization 0.4535, perplexity 18810.6679,
Train Epoch: [6/30] Iters:[1570/1875] loss 0.1454, rec_loss 0.0031, p_loss 0.0867, utilization 0.4545, perplexity 18839.4154,
Train Epoch: [6/30] Iters:[1580/1875] loss 0.1452, rec_loss 0.0031, p_loss 0.0867, utilization 0.4545, perplexity 18778.0556,
Train Epoch: [6/30] Iters:[1590/1875] loss 0.1465, rec_loss 0.0031, p_loss 0.0875, utilization 0.4553, perplexity 18932.7416,
Train Epoch: [6/30] Iters:[1600/1875] loss 0.1460, rec_loss 0.0031, p_loss 0.0871, utilization 0.4521, perplexity 18745.4954,
Train Epoch: [6/30] Iters:[1610/1875] loss 0.1446, rec_loss 0.0031, p_loss 0.0864, utilization 0.4516, perplexity 18560.0899,
Train Epoch: [6/30] Iters:[1620/1875] loss 0.1460, rec_loss 0.0032, p_loss 0.0871, utilization 0.4522, perplexity 18679.4051,
Train Epoch: [6/30] Iters:[1630/1875] loss 0.1455, rec_loss 0.0031, p_loss 0.0867, utilization 0.4522, perplexity 18701.4317,
Train Epoch: [6/30] Iters:[1640/1875] loss 0.1448, rec_loss 0.0030, p_loss 0.0861, utilization 0.4514, perplexity 18568.0995,
Train Epoch: [6/30] Iters:[1650/1875] loss 0.1455, rec_loss 0.0030, p_loss 0.0865, utilization 0.4535, perplexity 18644.2804,
Train Epoch: [6/30] Iters:[1660/1875] loss 0.1454, rec_loss 0.0030, p_loss 0.0864, utilization 0.4532, perplexity 18721.0271,
Train Epoch: [6/30] Iters:[1670/1875] loss 0.1450, rec_loss 0.0030, p_loss 0.0865, utilization 0.4505, perplexity 18368.2018,
Train Epoch: [6/30] Iters:[1680/1875] loss 0.1457, rec_loss 0.0030, p_loss 0.0872, utilization 0.4503, perplexity 18280.2618,
Train Epoch: [6/30] Iters:[1690/1875] loss 0.1460, rec_loss 0.0030, p_loss 0.0874, utilization 0.4513, perplexity 18344.5113,
Train Epoch: [6/30] Iters:[1700/1875] loss 0.1448, rec_loss 0.0030, p_loss 0.0867, utilization 0.4511, perplexity 18383.3502,
Train Epoch: [6/30] Iters:[1710/1875] loss 0.1450, rec_loss 0.0030, p_loss 0.0866, utilization 0.4528, perplexity 18510.1200,
Train Epoch: [6/30] Iters:[1720/1875] loss 0.1454, rec_loss 0.0029, p_loss 0.0869, utilization 0.4545, perplexity 18671.8304,
Train Epoch: [6/30] Iters:[1730/1875] loss 0.1450, rec_loss 0.0030, p_loss 0.0863, utilization 0.4552, perplexity 18791.5982,
Train Epoch: [6/30] Iters:[1740/1875] loss 0.1446, rec_loss 0.0029, p_loss 0.0862, utilization 0.4549, perplexity 18771.8785,
Train Epoch: [6/30] Iters:[1750/1875] loss 0.1460, rec_loss 0.0030, p_loss 0.0870, utilization 0.4549, perplexity 18764.2850,
Train Epoch: [6/30] Iters:[1760/1875] loss 0.1471, rec_loss 0.0030, p_loss 0.0878, utilization 0.4540, perplexity 18672.3029,
Train Epoch: [6/30] Iters:[1770/1875] loss 0.1468, rec_loss 0.0030, p_loss 0.0879, utilization 0.4551, perplexity 18874.4653,
Train Epoch: [6/30] Iters:[1780/1875] loss 0.1468, rec_loss 0.0030, p_loss 0.0883, utilization 0.4539, perplexity 18770.3418,
Train Epoch: [6/30] Iters:[1790/1875] loss 0.1461, rec_loss 0.0030, p_loss 0.0878, utilization 0.4526, perplexity 18687.7335,
Train Epoch: [6/30] Iters:[1800/1875] loss 0.1462, rec_loss 0.0030, p_loss 0.0873, utilization 0.4549, perplexity 18973.2002,
Train Epoch: [6/30] Iters:[1810/1875] loss 0.1447, rec_loss 0.0029, p_loss 0.0863, utilization 0.4545, perplexity 18954.1237,
Train Epoch: [6/30] Iters:[1820/1875] loss 0.1444, rec_loss 0.0029, p_loss 0.0858, utilization 0.4531, perplexity 18772.8540,
Train Epoch: [6/30] Iters:[1830/1875] loss 0.1440, rec_loss 0.0029, p_loss 0.0858, utilization 0.4535, perplexity 18721.0519,
Train Epoch: [6/30] Iters:[1840/1875] loss 0.1443, rec_loss 0.0029, p_loss 0.0859, utilization 0.4538, perplexity 18657.8858,
Train Epoch: [6/30] Iters:[1850/1875] loss 0.1447, rec_loss 0.0029, p_loss 0.0864, utilization 0.4525, perplexity 18447.5404,
Train Epoch: [6/30] Iters:[1860/1875] loss 0.1445, rec_loss 0.0029, p_loss 0.0861, utilization 0.4527, perplexity 18437.6048,
Train Epoch: [6/30] Iters:[1870/1875] loss 0.1445, rec_loss 0.0029, p_loss 0.0863, utilization 0.4512, perplexity 18244.6668,
epoch:7, cur_lr:0.000082
Train Epoch: [7/30] Iters:[10/1875] loss 0.1405, rec_loss 0.0027, p_loss 0.0831, utilization 0.4588, perplexity 19167.7443,
Train Epoch: [7/30] Iters:[20/1875] loss 0.1409, rec_loss 0.0027, p_loss 0.0840, utilization 0.4535, perplexity 18532.2948,
Train Epoch: [7/30] Iters:[30/1875] loss 0.1398, rec_loss 0.0027, p_loss 0.0836, utilization 0.4518, perplexity 18473.7952,
Train Epoch: [7/30] Iters:[40/1875] loss 0.1415, rec_loss 0.0029, p_loss 0.0848, utilization 0.4521, perplexity 18486.9933,
Train Epoch: [7/30] Iters:[50/1875] loss 0.1443, rec_loss 0.0030, p_loss 0.0864, utilization 0.4539, perplexity 18715.0741,
Train Epoch: [7/30] Iters:[60/1875] loss 0.1445, rec_loss 0.0030, p_loss 0.0865, utilization 0.4526, perplexity 18575.3380,
Train Epoch: [7/30] Iters:[70/1875] loss 0.1457, rec_loss 0.0031, p_loss 0.0872, utilization 0.4542, perplexity 18796.6347,
Train Epoch: [7/30] Iters:[80/1875] loss 0.1472, rec_loss 0.0031, p_loss 0.0881, utilization 0.4543, perplexity 18742.1721,
Train Epoch: [7/30] Iters:[90/1875] loss 0.1473, rec_loss 0.0031, p_loss 0.0877, utilization 0.4549, perplexity 18717.7169,
Train Epoch: [7/30] Iters:[100/1875] loss 0.1459, rec_loss 0.0030, p_loss 0.0869, utilization 0.4540, perplexity 18542.0764,
Train Epoch: [7/30] Iters:[110/1875] loss 0.1464, rec_loss 0.0029, p_loss 0.0873, utilization 0.4541, perplexity 18579.4888,
Train Epoch: [7/30] Iters:[120/1875] loss 0.1469, rec_loss 0.0029, p_loss 0.0873, utilization 0.4526, perplexity 18401.6516,
Train Epoch: [7/30] Iters:[130/1875] loss 0.1468, rec_loss 0.0029, p_loss 0.0870, utilization 0.4533, perplexity 18546.0604,
Train Epoch: [7/30] Iters:[140/1875] loss 0.1462, rec_loss 0.0028, p_loss 0.0869, utilization 0.4540, perplexity 18760.5006,
Train Epoch: [7/30] Iters:[150/1875] loss 0.1457, rec_loss 0.0029, p_loss 0.0863, utilization 0.4532, perplexity 18678.4635,
Train Epoch: [7/30] Iters:[160/1875] loss 0.1458, rec_loss 0.0029, p_loss 0.0862, utilization 0.4524, perplexity 18577.7954,
Train Epoch: [7/30] Iters:[170/1875] loss 0.1433, rec_loss 0.0029, p_loss 0.0847, utilization 0.4528, perplexity 18640.4813,
Train Epoch: [7/30] Iters:[180/1875] loss 0.1428, rec_loss 0.0029, p_loss 0.0846, utilization 0.4525, perplexity 18564.4976,
Train Epoch: [7/30] Iters:[190/1875] loss 0.1436, rec_loss 0.0029, p_loss 0.0853, utilization 0.4510, perplexity 18351.4053,
Train Epoch: [7/30] Iters:[200/1875] loss 0.1430, rec_loss 0.0029, p_loss 0.0850, utilization 0.4511, perplexity 18413.1225,
Train Epoch: [7/30] Iters:[210/1875] loss 0.1429, rec_loss 0.0028, p_loss 0.0850, utilization 0.4528, perplexity 18685.3310,
Train Epoch: [7/30] Iters:[220/1875] loss 0.1449, rec_loss 0.0029, p_loss 0.0866, utilization 0.4541, perplexity 18743.7092,
Train Epoch: [7/30] Iters:[230/1875] loss 0.1450, rec_loss 0.0029, p_loss 0.0863, utilization 0.4541, perplexity 18726.5513,
Train Epoch: [7/30] Iters:[240/1875] loss 0.1434, rec_loss 0.0028, p_loss 0.0848, utilization 0.4538, perplexity 18684.8602,
Train Epoch: [7/30] Iters:[250/1875] loss 0.1428, rec_loss 0.0028, p_loss 0.0847, utilization 0.4529, perplexity 18625.4826,
Train Epoch: [7/30] Iters:[260/1875] loss 0.1422, rec_loss 0.0027, p_loss 0.0843, utilization 0.4528, perplexity 18578.3715,
Train Epoch: [7/30] Iters:[270/1875] loss 0.1413, rec_loss 0.0027, p_loss 0.0836, utilization 0.4519, perplexity 18619.9664,
Train Epoch: [7/30] Iters:[280/1875] loss 0.1427, rec_loss 0.0028, p_loss 0.0844, utilization 0.4537, perplexity 18736.6732,
Train Epoch: [7/30] Iters:[290/1875] loss 0.1436, rec_loss 0.0028, p_loss 0.0853, utilization 0.4550, perplexity 18931.8596,
Train Epoch: [7/30] Iters:[300/1875] loss 0.1444, rec_loss 0.0028, p_loss 0.0858, utilization 0.4558, perplexity 19016.7589,
Train Epoch: [7/30] Iters:[310/1875] loss 0.1444, rec_loss 0.0028, p_loss 0.0859, utilization 0.4561, perplexity 19088.0346,
Train Epoch: [7/30] Iters:[320/1875] loss 0.1453, rec_loss 0.0029, p_loss 0.0863, utilization 0.4566, perplexity 19008.6600,
Train Epoch: [7/30] Iters:[330/1875] loss 0.1439, rec_loss 0.0029, p_loss 0.0860, utilization 0.4547, perplexity 18968.0009,
Train Epoch: [7/30] Iters:[340/1875] loss 0.1433, rec_loss 0.0029, p_loss 0.0855, utilization 0.4529, perplexity 18716.5154,
Train Epoch: [7/30] Iters:[350/1875] loss 0.1439, rec_loss 0.0029, p_loss 0.0861, utilization 0.4530, perplexity 18701.3895,
Train Epoch: [7/30] Iters:[360/1875] loss 0.1448, rec_loss 0.0029, p_loss 0.0869, utilization 0.4509, perplexity 18401.0124,
Train Epoch: [7/30] Iters:[370/1875] loss 0.1442, rec_loss 0.0029, p_loss 0.0862, utilization 0.4517, perplexity 18559.2208,
Train Epoch: [7/30] Iters:[380/1875] loss 0.1444, rec_loss 0.0028, p_loss 0.0856, utilization 0.4529, perplexity 18564.6509,
Train Epoch: [7/30] Iters:[390/1875] loss 0.1446, rec_loss 0.0029, p_loss 0.0856, utilization 0.4547, perplexity 18750.3475,
Train Epoch: [7/30] Iters:[400/1875] loss 0.1435, rec_loss 0.0029, p_loss 0.0849, utilization 0.4539, perplexity 18575.1078,
Train Epoch: [7/30] Iters:[410/1875] loss 0.1426, rec_loss 0.0029, p_loss 0.0840, utilization 0.4552, perplexity 18728.2973,
Train Epoch: [7/30] Iters:[420/1875] loss 0.1437, rec_loss 0.0030, p_loss 0.0851, utilization 0.4534, perplexity 18452.0935,
Train Epoch: [7/30] Iters:[430/1875] loss 0.1432, rec_loss 0.0029, p_loss 0.0851, utilization 0.4523, perplexity 18449.0016,
Train Epoch: [7/30] Iters:[440/1875] loss 0.1432, rec_loss 0.0030, p_loss 0.0853, utilization 0.4525, perplexity 18582.9758,
Train Epoch: [7/30] Iters:[450/1875] loss 0.1430, rec_loss 0.0030, p_loss 0.0850, utilization 0.4521, perplexity 18622.6595,
Train Epoch: [7/30] Iters:[460/1875] loss 0.1441, rec_loss 0.0030, p_loss 0.0854, utilization 0.4531, perplexity 18739.7361,
Train Epoch: [7/30] Iters:[470/1875] loss 0.1429, rec_loss 0.0030, p_loss 0.0848, utilization 0.4526, perplexity 18744.3749,
Train Epoch: [7/30] Iters:[480/1875] loss 0.1442, rec_loss 0.0030, p_loss 0.0857, utilization 0.4535, perplexity 18802.3296,
Train Epoch: [7/30] Iters:[490/1875] loss 0.1451, rec_loss 0.0031, p_loss 0.0863, utilization 0.4510, perplexity 18424.3942,
Train Epoch: [7/30] Iters:[500/1875] loss 0.1460, rec_loss 0.0031, p_loss 0.0872, utilization 0.4517, perplexity 18486.5169,
Train Epoch: [7/30] Iters:[510/1875] loss 0.1455, rec_loss 0.0030, p_loss 0.0872, utilization 0.4499, perplexity 18184.1808,
Train Epoch: [7/30] Iters:[520/1875] loss 0.1458, rec_loss 0.0031, p_loss 0.0872, utilization 0.4518, perplexity 18350.4207,
Train Epoch: [7/30] Iters:[530/1875] loss 0.1464, rec_loss 0.0031, p_loss 0.0876, utilization 0.4503, perplexity 18133.9872,
Train Epoch: [7/30] Iters:[540/1875] loss 0.1467, rec_loss 0.0031, p_loss 0.0877, utilization 0.4521, perplexity 18290.1589,
Train Epoch: [7/30] Iters:[550/1875] loss 0.1474, rec_loss 0.0031, p_loss 0.0876, utilization 0.4541, perplexity 18488.4569,
Train Epoch: [7/30] Iters:[560/1875] loss 0.1469, rec_loss 0.0032, p_loss 0.0875, utilization 0.4545, perplexity 18567.0177,
Train Epoch: [7/30] Iters:[570/1875] loss 0.1479, rec_loss 0.0032, p_loss 0.0884, utilization 0.4531, perplexity 18491.7004,
Train Epoch: [7/30] Iters:[580/1875] loss 0.1467, rec_loss 0.0032, p_loss 0.0877, utilization 0.4531, perplexity 18652.8131,
Train Epoch: [7/30] Iters:[590/1875] loss 0.1456, rec_loss 0.0032, p_loss 0.0865, utilization 0.4531, perplexity 18737.9199,
Train Epoch: [7/30] Iters:[600/1875] loss 0.1446, rec_loss 0.0031, p_loss 0.0862, utilization 0.4498, perplexity 18331.7285,
Train Epoch: [7/30] Iters:[610/1875] loss 0.1450, rec_loss 0.0031, p_loss 0.0861, utilization 0.4502, perplexity 18447.3032,
Train Epoch: [7/30] Iters:[620/1875] loss 0.1436, rec_loss 0.0030, p_loss 0.0853, utilization 0.4502, perplexity 18489.4198,
Train Epoch: [7/30] Iters:[630/1875] loss 0.1430, rec_loss 0.0029, p_loss 0.0849, utilization 0.4518, perplexity 18566.6794,
Train Epoch: [7/30] Iters:[640/1875] loss 0.1433, rec_loss 0.0029, p_loss 0.0854, utilization 0.4507, perplexity 18418.0156,
Train Epoch: [7/30] Iters:[650/1875] loss 0.1437, rec_loss 0.0029, p_loss 0.0853, utilization 0.4538, perplexity 18761.8231,
Train Epoch: [7/30] Iters:[660/1875] loss 0.1432, rec_loss 0.0029, p_loss 0.0851, utilization 0.4539, perplexity 18770.4744,
Train Epoch: [7/30] Iters:[670/1875] loss 0.1430, rec_loss 0.0028, p_loss 0.0844, utilization 0.4568, perplexity 18990.5637,
Train Epoch: [7/30] Iters:[680/1875] loss 0.1427, rec_loss 0.0029, p_loss 0.0841, utilization 0.4558, perplexity 18858.6964,
Train Epoch: [7/30] Iters:[690/1875] loss 0.1430, rec_loss 0.0029, p_loss 0.0844, utilization 0.4568, perplexity 18959.3084,
Train Epoch: [7/30] Iters:[700/1875] loss 0.1418, rec_loss 0.0029, p_loss 0.0838, utilization 0.4550, perplexity 18730.0691,
Train Epoch: [7/30] Iters:[710/1875] loss 0.1411, rec_loss 0.0028, p_loss 0.0834, utilization 0.4533, perplexity 18553.4957,
Train Epoch: [7/30] Iters:[720/1875] loss 0.1401, rec_loss 0.0027, p_loss 0.0830, utilization 0.4519, perplexity 18403.4722,
Train Epoch: [7/30] Iters:[730/1875] loss 0.1416, rec_loss 0.0027, p_loss 0.0840, utilization 0.4519, perplexity 18473.7965,
Train Epoch: [7/30] Iters:[740/1875] loss 0.1416, rec_loss 0.0027, p_loss 0.0839, utilization 0.4517, perplexity 18431.1570,
Train Epoch: [7/30] Iters:[750/1875] loss 0.1426, rec_loss 0.0027, p_loss 0.0843, utilization 0.4524, perplexity 18557.2281,
Train Epoch: [7/30] Iters:[760/1875] loss 0.1432, rec_loss 0.0028, p_loss 0.0847, utilization 0.4533, perplexity 18641.5912,
Train Epoch: [7/30] Iters:[770/1875] loss 0.1437, rec_loss 0.0029, p_loss 0.0850, utilization 0.4517, perplexity 18511.9159,
Train Epoch: [7/30] Iters:[780/1875] loss 0.1425, rec_loss 0.0028, p_loss 0.0841, utilization 0.4526, perplexity 18541.3443,
Train Epoch: [7/30] Iters:[790/1875] loss 0.1441, rec_loss 0.0030, p_loss 0.0854, utilization 0.4528, perplexity 18535.6565,
Train Epoch: [7/30] Iters:[800/1875] loss 0.1441, rec_loss 0.0029, p_loss 0.0858, utilization 0.4533, perplexity 18636.3901,
Train Epoch: [7/30] Iters:[810/1875] loss 0.1443, rec_loss 0.0029, p_loss 0.0859, utilization 0.4534, perplexity 18699.7701,
Train Epoch: [7/30] Iters:[820/1875] loss 0.1446, rec_loss 0.0029, p_loss 0.0862, utilization 0.4543, perplexity 18771.5704,
Train Epoch: [7/30] Iters:[830/1875] loss 0.1448, rec_loss 0.0029, p_loss 0.0861, utilization 0.4544, perplexity 18725.3154,
Train Epoch: [7/30] Iters:[840/1875] loss 0.1434, rec_loss 0.0028, p_loss 0.0846, utilization 0.4548, perplexity 18826.0317,
Train Epoch: [7/30] Iters:[850/1875] loss 0.1442, rec_loss 0.0029, p_loss 0.0853, utilization 0.4531, perplexity 18512.4935,
Train Epoch: [7/30] Iters:[860/1875] loss 0.1444, rec_loss 0.0029, p_loss 0.0855, utilization 0.4529, perplexity 18427.9368,
Train Epoch: [7/30] Iters:[870/1875] loss 0.1444, rec_loss 0.0029, p_loss 0.0854, utilization 0.4526, perplexity 18440.0975,
Train Epoch: [7/30] Iters:[880/1875] loss 0.1448, rec_loss 0.0029, p_loss 0.0855, utilization 0.4526, perplexity 18392.5736,
Train Epoch: [7/30] Iters:[890/1875] loss 0.1442, rec_loss 0.0029, p_loss 0.0856, utilization 0.4512, perplexity 18224.3524,
Train Epoch: [7/30] Iters:[900/1875] loss 0.1431, rec_loss 0.0028, p_loss 0.0844, utilization 0.4535, perplexity 18578.2572,
Train Epoch: [7/30] Iters:[910/1875] loss 0.1433, rec_loss 0.0029, p_loss 0.0845, utilization 0.4549, perplexity 18639.5362,
Train Epoch: [7/30] Iters:[920/1875] loss 0.1432, rec_loss 0.0028, p_loss 0.0847, utilization 0.4537, perplexity 18491.9694,
Train Epoch: [7/30] Iters:[930/1875] loss 0.1428, rec_loss 0.0027, p_loss 0.0848, utilization 0.4525, perplexity 18457.8940,
Train Epoch: [7/30] Iters:[940/1875] loss 0.1424, rec_loss 0.0027, p_loss 0.0844, utilization 0.4528, perplexity 18599.9513,
Train Epoch: [7/30] Iters:[950/1875] loss 0.1442, rec_loss 0.0029, p_loss 0.0856, utilization 0.4522, perplexity 18539.2187,
Train Epoch: [7/30] Iters:[960/1875] loss 0.1442, rec_loss 0.0030, p_loss 0.0857, utilization 0.4496, perplexity 18294.9585,
Train Epoch: [7/30] Iters:[970/1875] loss 0.1439, rec_loss 0.0031, p_loss 0.0850, utilization 0.4506, perplexity 18425.6000,
Train Epoch: [7/30] Iters:[980/1875] loss 0.1440, rec_loss 0.0031, p_loss 0.0847, utilization 0.4525, perplexity 18579.2914,
Train Epoch: [7/30] Iters:[990/1875] loss 0.1443, rec_loss 0.0031, p_loss 0.0850, utilization 0.4539, perplexity 18731.4278,
Train Epoch: [7/30] Iters:[1000/1875] loss 0.1422, rec_loss 0.0030, p_loss 0.0832, utilization 0.4542, perplexity 18819.4051,
Train Epoch: [7/30] Iters:[1010/1875] loss 0.1420, rec_loss 0.0028, p_loss 0.0830, utilization 0.4572, perplexity 19195.1244,
Train Epoch: [7/30] Iters:[1020/1875] loss 0.1428, rec_loss 0.0029, p_loss 0.0840, utilization 0.4569, perplexity 19083.3212,
Train Epoch: [7/30] Iters:[1030/1875] loss 0.1417, rec_loss 0.0029, p_loss 0.0833, utilization 0.4556, perplexity 18973.2313,
Train Epoch: [7/30] Iters:[1040/1875] loss 0.1418, rec_loss 0.0028, p_loss 0.0837, utilization 0.4538, perplexity 18703.1387,
Train Epoch: [7/30] Iters:[1050/1875] loss 0.1432, rec_loss 0.0028, p_loss 0.0849, utilization 0.4535, perplexity 18517.1446,
Train Epoch: [7/30] Iters:[1060/1875] loss 0.1435, rec_loss 0.0028, p_loss 0.0849, utilization 0.4533, perplexity 18376.8500,
Train Epoch: [7/30] Iters:[1070/1875] loss 0.1431, rec_loss 0.0027, p_loss 0.0841, utilization 0.4543, perplexity 18555.2229,
Train Epoch: [7/30] Iters:[1080/1875] loss 0.1438, rec_loss 0.0028, p_loss 0.0847, utilization 0.4537, perplexity 18567.4831,
Train Epoch: [7/30] Iters:[1090/1875] loss 0.1430, rec_loss 0.0028, p_loss 0.0834, utilization 0.4559, perplexity 18780.9558,
Train Epoch: [7/30] Iters:[1100/1875] loss 0.1404, rec_loss 0.0027, p_loss 0.0819, utilization 0.4555, perplexity 18799.9582,
Train Epoch: [7/30] Iters:[1110/1875] loss 0.1403, rec_loss 0.0028, p_loss 0.0820, utilization 0.4547, perplexity 18856.1716,
Train Epoch: [7/30] Iters:[1120/1875] loss 0.1409, rec_loss 0.0028, p_loss 0.0825, utilization 0.4547, perplexity 18876.9629,
Train Epoch: [7/30] Iters:[1130/1875] loss 0.1411, rec_loss 0.0028, p_loss 0.0829, utilization 0.4545, perplexity 18745.4705,
Train Epoch: [7/30] Iters:[1140/1875] loss 0.1412, rec_loss 0.0028, p_loss 0.0834, utilization 0.4513, perplexity 18325.6171,
Train Epoch: [7/30] Iters:[1150/1875] loss 0.1430, rec_loss 0.0029, p_loss 0.0843, utilization 0.4514, perplexity 18221.8913,
Train Epoch: [7/30] Iters:[1160/1875] loss 0.1419, rec_loss 0.0028, p_loss 0.0839, utilization 0.4508, perplexity 18120.9285,
Train Epoch: [7/30] Iters:[1170/1875] loss 0.1417, rec_loss 0.0030, p_loss 0.0839, utilization 0.4518, perplexity 18242.4313,
Train Epoch: [7/30] Iters:[1180/1875] loss 0.1418, rec_loss 0.0030, p_loss 0.0838, utilization 0.4528, perplexity 18398.0964,
Train Epoch: [7/30] Iters:[1190/1875] loss 0.1420, rec_loss 0.0030, p_loss 0.0838, utilization 0.4530, perplexity 18533.9842,
Train Epoch: [7/30] Iters:[1200/1875] loss 0.1405, rec_loss 0.0029, p_loss 0.0829, utilization 0.4519, perplexity 18539.7790,
Train Epoch: [7/30] Iters:[1210/1875] loss 0.1412, rec_loss 0.0029, p_loss 0.0833, utilization 0.4522, perplexity 18518.1877,
Train Epoch: [7/30] Iters:[1220/1875] loss 0.1414, rec_loss 0.0028, p_loss 0.0834, utilization 0.4501, perplexity 18153.7473,
Train Epoch: [7/30] Iters:[1230/1875] loss 0.1418, rec_loss 0.0028, p_loss 0.0837, utilization 0.4508, perplexity 18225.5545,
Train Epoch: [7/30] Iters:[1240/1875] loss 0.1436, rec_loss 0.0028, p_loss 0.0848, utilization 0.4529, perplexity 18394.2001,
Train Epoch: [7/30] Iters:[1250/1875] loss 0.1456, rec_loss 0.0028, p_loss 0.0861, utilization 0.4535, perplexity 18466.5294,
Train Epoch: [7/30] Iters:[1260/1875] loss 0.1463, rec_loss 0.0029, p_loss 0.0865, utilization 0.4530, perplexity 18490.0162,
Train Epoch: [7/30] Iters:[1270/1875] loss 0.1459, rec_loss 0.0030, p_loss 0.0862, utilization 0.4533, perplexity 18574.6098,
Train Epoch: [7/30] Iters:[1280/1875] loss 0.1464, rec_loss 0.0030, p_loss 0.0870, utilization 0.4531, perplexity 18570.1365,
Train Epoch: [7/30] Iters:[1290/1875] loss 0.1458, rec_loss 0.0029, p_loss 0.0864, utilization 0.4523, perplexity 18456.2608,
Train Epoch: [7/30] Iters:[1300/1875] loss 0.1444, rec_loss 0.0029, p_loss 0.0853, utilization 0.4514, perplexity 18409.9030,
Train Epoch: [7/30] Iters:[1310/1875] loss 0.1435, rec_loss 0.0028, p_loss 0.0845, utilization 0.4524, perplexity 18466.3523,
Train Epoch: [7/30] Iters:[1320/1875] loss 0.1429, rec_loss 0.0028, p_loss 0.0841, utilization 0.4526, perplexity 18450.6690,
Train Epoch: [7/30] Iters:[1330/1875] loss 0.1411, rec_loss 0.0027, p_loss 0.0824, utilization 0.4520, perplexity 18362.7822,
Train Epoch: [7/30] Iters:[1340/1875] loss 0.1390, rec_loss 0.0027, p_loss 0.0812, utilization 0.4509, perplexity 18389.7922,
Train Epoch: [7/30] Iters:[1350/1875] loss 0.1394, rec_loss 0.0026, p_loss 0.0813, utilization 0.4525, perplexity 18595.4245,
Train Epoch: [7/30] Iters:[1360/1875] loss 0.1403, rec_loss 0.0027, p_loss 0.0818, utilization 0.4532, perplexity 18629.4812,
Train Epoch: [7/30] Iters:[1370/1875] loss 0.1415, rec_loss 0.0028, p_loss 0.0828, utilization 0.4530, perplexity 18611.9548,
Train Epoch: [7/30] Iters:[1380/1875] loss 0.1424, rec_loss 0.0028, p_loss 0.0834, utilization 0.4527, perplexity 18565.5561,
Train Epoch: [7/30] Iters:[1390/1875] loss 0.1432, rec_loss 0.0029, p_loss 0.0841, utilization 0.4541, perplexity 18692.8097,
Train Epoch: [7/30] Iters:[1400/1875] loss 0.1436, rec_loss 0.0030, p_loss 0.0844, utilization 0.4540, perplexity 18648.3190,
Train Epoch: [7/30] Iters:[1410/1875] loss 0.1428, rec_loss 0.0030, p_loss 0.0839, utilization 0.4534, perplexity 18640.3778,
Train Epoch: [7/30] Iters:[1420/1875] loss 0.1432, rec_loss 0.0030, p_loss 0.0842, utilization 0.4531, perplexity 18687.7051,
Train Epoch: [7/30] Iters:[1430/1875] loss 0.1434, rec_loss 0.0031, p_loss 0.0845, utilization 0.4527, perplexity 18649.9716,
Train Epoch: [7/30] Iters:[1440/1875] loss 0.1437, rec_loss 0.0030, p_loss 0.0848, utilization 0.4526, perplexity 18624.2395,
Train Epoch: [7/30] Iters:[1450/1875] loss 0.1441, rec_loss 0.0029, p_loss 0.0851, utilization 0.4536, perplexity 18617.0559,
Train Epoch: [7/30] Iters:[1460/1875] loss 0.1448, rec_loss 0.0029, p_loss 0.0861, utilization 0.4511, perplexity 18307.7072,
Train Epoch: [7/30] Iters:[1470/1875] loss 0.1439, rec_loss 0.0029, p_loss 0.0850, utilization 0.4532, perplexity 18439.8180,
Train Epoch: [7/30] Iters:[1480/1875] loss 0.1435, rec_loss 0.0028, p_loss 0.0847, utilization 0.4535, perplexity 18561.0928,
Train Epoch: [7/30] Iters:[1490/1875] loss 0.1445, rec_loss 0.0029, p_loss 0.0851, utilization 0.4530, perplexity 18393.3196,
Train Epoch: [7/30] Iters:[1500/1875] loss 0.1443, rec_loss 0.0030, p_loss 0.0856, utilization 0.4504, perplexity 18198.2939,
Train Epoch: [7/30] Iters:[1510/1875] loss 0.1436, rec_loss 0.0030, p_loss 0.0849, utilization 0.4515, perplexity 18346.4950,
Train Epoch: [7/30] Iters:[1520/1875] loss 0.1434, rec_loss 0.0029, p_loss 0.0850, utilization 0.4507, perplexity 18335.9445,
Train Epoch: [7/30] Iters:[1530/1875] loss 0.1440, rec_loss 0.0030, p_loss 0.0856, utilization 0.4494, perplexity 18091.9941,
Train Epoch: [7/30] Iters:[1540/1875] loss 0.1432, rec_loss 0.0029, p_loss 0.0850, utilization 0.4502, perplexity 18198.5250,
Train Epoch: [7/30] Iters:[1550/1875] loss 0.1428, rec_loss 0.0029, p_loss 0.0845, utilization 0.4510, perplexity 18268.0014,
Train Epoch: [7/30] Iters:[1560/1875] loss 0.1424, rec_loss 0.0029, p_loss 0.0839, utilization 0.4517, perplexity 18438.2642,
Train Epoch: [7/30] Iters:[1570/1875] loss 0.1415, rec_loss 0.0029, p_loss 0.0835, utilization 0.4512, perplexity 18339.0289,
Train Epoch: [7/30] Iters:[1580/1875] loss 0.1415, rec_loss 0.0028, p_loss 0.0830, utilization 0.4529, perplexity 18598.0100,
Train Epoch: [7/30] Iters:[1590/1875] loss 0.1410, rec_loss 0.0028, p_loss 0.0825, utilization 0.4529, perplexity 18646.6116,
Train Epoch: [7/30] Iters:[1600/1875] loss 0.1406, rec_loss 0.0027, p_loss 0.0820, utilization 0.4535, perplexity 18693.6253,
Train Epoch: [7/30] Iters:[1610/1875] loss 0.1414, rec_loss 0.0027, p_loss 0.0826, utilization 0.4543, perplexity 18627.3980,
Train Epoch: [7/30] Iters:[1620/1875] loss 0.1423, rec_loss 0.0028, p_loss 0.0835, utilization 0.4526, perplexity 18442.2634,
Train Epoch: [7/30] Iters:[1630/1875] loss 0.1428, rec_loss 0.0028, p_loss 0.0834, utilization 0.4529, perplexity 18418.4702,
Train Epoch: [7/30] Iters:[1640/1875] loss 0.1439, rec_loss 0.0028, p_loss 0.0845, utilization 0.4532, perplexity 18412.4030,
Train Epoch: [7/30] Iters:[1650/1875] loss 0.1445, rec_loss 0.0029, p_loss 0.0846, utilization 0.4526, perplexity 18409.4018,
Train Epoch: [7/30] Iters:[1660/1875] loss 0.1445, rec_loss 0.0029, p_loss 0.0845, utilization 0.4520, perplexity 18461.6030,
Train Epoch: [7/30] Iters:[1670/1875] loss 0.1451, rec_loss 0.0029, p_loss 0.0846, utilization 0.4529, perplexity 18567.0547,
Train Epoch: [7/30] Iters:[1680/1875] loss 0.1443, rec_loss 0.0029, p_loss 0.0845, utilization 0.4521, perplexity 18532.9082,
Train Epoch: [7/30] Iters:[1690/1875] loss 0.1432, rec_loss 0.0028, p_loss 0.0834, utilization 0.4508, perplexity 18498.6243,
Train Epoch: [7/30] Iters:[1700/1875] loss 0.1432, rec_loss 0.0028, p_loss 0.0835, utilization 0.4521, perplexity 18642.2406,
Train Epoch: [7/30] Iters:[1710/1875] loss 0.1427, rec_loss 0.0028, p_loss 0.0832, utilization 0.4519, perplexity 18652.7979,
Train Epoch: [7/30] Iters:[1720/1875] loss 0.1408, rec_loss 0.0026, p_loss 0.0818, utilization 0.4527, perplexity 18724.5105,
Train Epoch: [7/30] Iters:[1730/1875] loss 0.1406, rec_loss 0.0027, p_loss 0.0816, utilization 0.4520, perplexity 18651.0376,
Train Epoch: [7/30] Iters:[1740/1875] loss 0.1403, rec_loss 0.0027, p_loss 0.0816, utilization 0.4527, perplexity 18757.0244,
Train Epoch: [7/30] Iters:[1750/1875] loss 0.1395, rec_loss 0.0027, p_loss 0.0814, utilization 0.4521, perplexity 18693.4600,
Train Epoch: [7/30] Iters:[1760/1875] loss 0.1403, rec_loss 0.0027, p_loss 0.0819, utilization 0.4520, perplexity 18521.8195,
Train Epoch: [7/30] Iters:[1770/1875] loss 0.1416, rec_loss 0.0028, p_loss 0.0829, utilization 0.4514, perplexity 18489.4524,
Train Epoch: [7/30] Iters:[1780/1875] loss 0.1422, rec_loss 0.0028, p_loss 0.0837, utilization 0.4506, perplexity 18390.2688,
Train Epoch: [7/30] Iters:[1790/1875] loss 0.1428, rec_loss 0.0029, p_loss 0.0840, utilization 0.4511, perplexity 18340.0384,
Train Epoch: [7/30] Iters:[1800/1875] loss 0.1421, rec_loss 0.0029, p_loss 0.0832, utilization 0.4521, perplexity 18479.0678,
Train Epoch: [7/30] Iters:[1810/1875] loss 0.1413, rec_loss 0.0029, p_loss 0.0828, utilization 0.4516, perplexity 18531.4207,
Train Epoch: [7/30] Iters:[1820/1875] loss 0.1404, rec_loss 0.0029, p_loss 0.0823, utilization 0.4513, perplexity 18516.9531,
Train Epoch: [7/30] Iters:[1830/1875] loss 0.1411, rec_loss 0.0029, p_loss 0.0824, utilization 0.4528, perplexity 18656.7322,
Train Epoch: [7/30] Iters:[1840/1875] loss 0.1407, rec_loss 0.0029, p_loss 0.0822, utilization 0.4529, perplexity 18744.4146,
Train Epoch: [7/30] Iters:[1850/1875] loss 0.1418, rec_loss 0.0028, p_loss 0.0833, utilization 0.4518, perplexity 18617.4345,
Train Epoch: [7/30] Iters:[1860/1875] loss 0.1416, rec_loss 0.0028, p_loss 0.0832, utilization 0.4519, perplexity 18620.7283,
Train Epoch: [7/30] Iters:[1870/1875] loss 0.1429, rec_loss 0.0029, p_loss 0.0838, utilization 0.4537, perplexity 18701.3884,
epoch:8, cur_lr:0.000079
Train Epoch: [8/30] Iters:[10/1875] loss 0.1401, rec_loss 0.0030, p_loss 0.0818, utilization 0.4539, perplexity 18826.5955,
Train Epoch: [8/30] Iters:[20/1875] loss 0.1435, rec_loss 0.0030, p_loss 0.0839, utilization 0.4585, perplexity 19359.8721,
Train Epoch: [8/30] Iters:[30/1875] loss 0.1416, rec_loss 0.0030, p_loss 0.0832, utilization 0.4543, perplexity 18862.0056,
Train Epoch: [8/30] Iters:[40/1875] loss 0.1419, rec_loss 0.0029, p_loss 0.0829, utilization 0.4538, perplexity 18902.2031,
Train Epoch: [8/30] Iters:[50/1875] loss 0.1415, rec_loss 0.0029, p_loss 0.0829, utilization 0.4520, perplexity 18674.5483,
Train Epoch: [8/30] Iters:[60/1875] loss 0.1413, rec_loss 0.0028, p_loss 0.0827, utilization 0.4513, perplexity 18551.5779,
Train Epoch: [8/30] Iters:[70/1875] loss 0.1397, rec_loss 0.0028, p_loss 0.0815, utilization 0.4490, perplexity 18253.1662,
Train Epoch: [8/30] Iters:[80/1875] loss 0.1412, rec_loss 0.0027, p_loss 0.0822, utilization 0.4504, perplexity 18330.3190,
Train Epoch: [8/30] Iters:[90/1875] loss 0.1414, rec_loss 0.0027, p_loss 0.0828, utilization 0.4509, perplexity 18294.2711,
Train Epoch: [8/30] Iters:[100/1875] loss 0.1416, rec_loss 0.0027, p_loss 0.0827, utilization 0.4506, perplexity 18308.2109,
Train Epoch: [8/30] Iters:[110/1875] loss 0.1421, rec_loss 0.0027, p_loss 0.0832, utilization 0.4516, perplexity 18443.9589,
Train Epoch: [8/30] Iters:[120/1875] loss 0.1429, rec_loss 0.0027, p_loss 0.0838, utilization 0.4513, perplexity 18428.4072,
Train Epoch: [8/30] Iters:[130/1875] loss 0.1424, rec_loss 0.0028, p_loss 0.0834, utilization 0.4504, perplexity 18420.7521,
Train Epoch: [8/30] Iters:[140/1875] loss 0.1422, rec_loss 0.0027, p_loss 0.0833, utilization 0.4498, perplexity 18298.4632,
Train Epoch: [8/30] Iters:[150/1875] loss 0.1418, rec_loss 0.0028, p_loss 0.0833, utilization 0.4503, perplexity 18230.6027,
Train Epoch: [8/30] Iters:[160/1875] loss 0.1420, rec_loss 0.0029, p_loss 0.0835, utilization 0.4503, perplexity 18125.7709,
Train Epoch: [8/30] Iters:[170/1875] loss 0.1420, rec_loss 0.0029, p_loss 0.0834, utilization 0.4507, perplexity 18077.9987,
Train Epoch: [8/30] Iters:[180/1875] loss 0.1407, rec_loss 0.0028, p_loss 0.0825, utilization 0.4496, perplexity 18041.9065,
Train Epoch: [8/30] Iters:[190/1875] loss 0.1403, rec_loss 0.0029, p_loss 0.0819, utilization 0.4510, perplexity 18200.4536,
Train Epoch: [8/30] Iters:[200/1875] loss 0.1402, rec_loss 0.0028, p_loss 0.0813, utilization 0.4531, perplexity 18493.6003,
Train Epoch: [8/30] Iters:[210/1875] loss 0.1404, rec_loss 0.0028, p_loss 0.0812, utilization 0.4533, perplexity 18574.4968,
Train Epoch: [8/30] Iters:[220/1875] loss 0.1405, rec_loss 0.0029, p_loss 0.0814, utilization 0.4539, perplexity 18654.0888,
Train Epoch: [8/30] Iters:[230/1875] loss 0.1419, rec_loss 0.0029, p_loss 0.0823, utilization 0.4568, perplexity 18821.5133,
Train Epoch: [8/30] Iters:[240/1875] loss 0.1425, rec_loss 0.0029, p_loss 0.0829, utilization 0.4553, perplexity 18744.7336,
Train Epoch: [8/30] Iters:[250/1875] loss 0.1426, rec_loss 0.0028, p_loss 0.0829, utilization 0.4546, perplexity 18674.5708,
Train Epoch: [8/30] Iters:[260/1875] loss 0.1423, rec_loss 0.0028, p_loss 0.0831, utilization 0.4541, perplexity 18680.1989,
Train Epoch: [8/30] Iters:[270/1875] loss 0.1424, rec_loss 0.0026, p_loss 0.0832, utilization 0.4527, perplexity 18670.8288,
Train Epoch: [8/30] Iters:[280/1875] loss 0.1428, rec_loss 0.0027, p_loss 0.0834, utilization 0.4525, perplexity 18712.5394,
Train Epoch: [8/30] Iters:[290/1875] loss 0.1425, rec_loss 0.0027, p_loss 0.0833, utilization 0.4529, perplexity 18769.7041,
Train Epoch: [8/30] Iters:[300/1875] loss 0.1438, rec_loss 0.0028, p_loss 0.0844, utilization 0.4535, perplexity 18847.3489,
Train Epoch: [8/30] Iters:[310/1875] loss 0.1443, rec_loss 0.0028, p_loss 0.0843, utilization 0.4556, perplexity 19040.5603,
Train Epoch: [8/30] Iters:[320/1875] loss 0.1423, rec_loss 0.0028, p_loss 0.0832, utilization 0.4547, perplexity 18913.9404,
Train Epoch: [8/30] Iters:[330/1875] loss 0.1417, rec_loss 0.0028, p_loss 0.0827, utilization 0.4544, perplexity 18802.7529,
Train Epoch: [8/30] Iters:[340/1875] loss 0.1406, rec_loss 0.0027, p_loss 0.0820, utilization 0.4540, perplexity 18673.8402,
Train Epoch: [8/30] Iters:[350/1875] loss 0.1395, rec_loss 0.0027, p_loss 0.0812, utilization 0.4538, perplexity 18700.7914,
Train Epoch: [8/30] Iters:[360/1875] loss 0.1386, rec_loss 0.0027, p_loss 0.0805, utilization 0.4514, perplexity 18418.3846,
Train Epoch: [8/30] Iters:[370/1875] loss 0.1399, rec_loss 0.0028, p_loss 0.0810, utilization 0.4530, perplexity 18485.9946,
Train Epoch: [8/30] Iters:[380/1875] loss 0.1401, rec_loss 0.0028, p_loss 0.0809, utilization 0.4534, perplexity 18682.4513,
Train Epoch: [8/30] Iters:[390/1875] loss 0.1408, rec_loss 0.0029, p_loss 0.0811, utilization 0.4537, perplexity 18810.1116,
Train Epoch: [8/30] Iters:[400/1875] loss 0.1415, rec_loss 0.0029, p_loss 0.0814, utilization 0.4551, perplexity 18951.1616,
Train Epoch: [8/30] Iters:[410/1875] loss 0.1423, rec_loss 0.0030, p_loss 0.0823, utilization 0.4539, perplexity 18858.6150,
Train Epoch: [8/30] Iters:[420/1875] loss 0.1426, rec_loss 0.0030, p_loss 0.0825, utilization 0.4543, perplexity 18911.4929,
Train Epoch: [8/30] Iters:[430/1875] loss 0.1428, rec_loss 0.0030, p_loss 0.0829, utilization 0.4533, perplexity 18771.7242,
Train Epoch: [8/30] Iters:[440/1875] loss 0.1438, rec_loss 0.0029, p_loss 0.0834, utilization 0.4541, perplexity 18679.3916,
Train Epoch: [8/30] Iters:[450/1875] loss 0.1429, rec_loss 0.0029, p_loss 0.0828, utilization 0.4526, perplexity 18431.2267,
Train Epoch: [8/30] Iters:[460/1875] loss 0.1429, rec_loss 0.0028, p_loss 0.0825, utilization 0.4551, perplexity 18676.4533,
Train Epoch: [8/30] Iters:[470/1875] loss 0.1430, rec_loss 0.0028, p_loss 0.0829, utilization 0.4538, perplexity 18567.7719,
Train Epoch: [8/30] Iters:[480/1875] loss 0.1418, rec_loss 0.0027, p_loss 0.0824, utilization 0.4555, perplexity 18678.7934,
Train Epoch: [8/30] Iters:[490/1875] loss 0.1413, rec_loss 0.0026, p_loss 0.0818, utilization 0.4557, perplexity 18893.5575,
Train Epoch: [8/30] Iters:[500/1875] loss 0.1410, rec_loss 0.0027, p_loss 0.0820, utilization 0.4550, perplexity 18886.0405,
Train Epoch: [8/30] Iters:[510/1875] loss 0.1404, rec_loss 0.0026, p_loss 0.0818, utilization 0.4534, perplexity 18704.6807,
Train Epoch: [8/30] Iters:[520/1875] loss 0.1395, rec_loss 0.0027, p_loss 0.0808, utilization 0.4548, perplexity 18845.7510,
Train Epoch: [8/30] Iters:[530/1875] loss 0.1395, rec_loss 0.0027, p_loss 0.0808, utilization 0.4529, perplexity 18711.1301,
Train Epoch: [8/30] Iters:[540/1875] loss 0.1404, rec_loss 0.0027, p_loss 0.0814, utilization 0.4529, perplexity 18589.6973,
Train Epoch: [8/30] Iters:[550/1875] loss 0.1400, rec_loss 0.0027, p_loss 0.0811, utilization 0.4532, perplexity 18643.6473,
Train Epoch: [8/30] Iters:[560/1875] loss 0.1405, rec_loss 0.0027, p_loss 0.0812, utilization 0.4540, perplexity 18668.2738,
Train Epoch: [8/30] Iters:[570/1875] loss 0.1397, rec_loss 0.0026, p_loss 0.0811, utilization 0.4533, perplexity 18679.6023,
Train Epoch: [8/30] Iters:[580/1875] loss 0.1398, rec_loss 0.0026, p_loss 0.0815, utilization 0.4520, perplexity 18520.2188,
Train Epoch: [8/30] Iters:[590/1875] loss 0.1391, rec_loss 0.0026, p_loss 0.0813, utilization 0.4516, perplexity 18378.2415,
Train Epoch: [8/30] Iters:[600/1875] loss 0.1406, rec_loss 0.0026, p_loss 0.0821, utilization 0.4525, perplexity 18365.0727,
Train Epoch: [8/30] Iters:[610/1875] loss 0.1401, rec_loss 0.0026, p_loss 0.0818, utilization 0.4537, perplexity 18572.1767,
Train Epoch: [8/30] Iters:[620/1875] loss 0.1410, rec_loss 0.0026, p_loss 0.0822, utilization 0.4528, perplexity 18480.4191,
Train Epoch: [8/30] Iters:[630/1875] loss 0.1412, rec_loss 0.0027, p_loss 0.0821, utilization 0.4541, perplexity 18523.0706,
Train Epoch: [8/30] Iters:[640/1875] loss 0.1404, rec_loss 0.0026, p_loss 0.0817, utilization 0.4553, perplexity 18888.3507,
Train Epoch: [8/30] Iters:[650/1875] loss 0.1400, rec_loss 0.0026, p_loss 0.0814, utilization 0.4530, perplexity 18700.1691,
Train Epoch: [8/30] Iters:[660/1875] loss 0.1396, rec_loss 0.0025, p_loss 0.0815, utilization 0.4510, perplexity 18515.0178,
Train Epoch: [8/30] Iters:[670/1875] loss 0.1401, rec_loss 0.0026, p_loss 0.0818, utilization 0.4541, perplexity 18753.5498,
Train Epoch: [8/30] Iters:[680/1875] loss 0.1404, rec_loss 0.0026, p_loss 0.0817, utilization 0.4543, perplexity 18865.0554,
Train Epoch: [8/30] Iters:[690/1875] loss 0.1403, rec_loss 0.0026, p_loss 0.0816, utilization 0.4544, perplexity 18758.0943,
Train Epoch: [8/30] Iters:[700/1875] loss 0.1406, rec_loss 0.0026, p_loss 0.0820, utilization 0.4554, perplexity 18815.7774,
Train Epoch: [8/30] Iters:[710/1875] loss 0.1411, rec_loss 0.0026, p_loss 0.0821, utilization 0.4572, perplexity 18974.9572,
Train Epoch: [8/30] Iters:[720/1875] loss 0.1413, rec_loss 0.0026, p_loss 0.0821, utilization 0.4555, perplexity 18797.0831,
Train Epoch: [8/30] Iters:[730/1875] loss 0.1425, rec_loss 0.0027, p_loss 0.0829, utilization 0.4548, perplexity 18627.8841,
Train Epoch: [8/30] Iters:[740/1875] loss 0.1443, rec_loss 0.0028, p_loss 0.0841, utilization 0.4535, perplexity 18518.4870,
Train Epoch: [8/30] Iters:[750/1875] loss 0.1429, rec_loss 0.0028, p_loss 0.0831, utilization 0.4533, perplexity 18519.6940,
Train Epoch: [8/30] Iters:[760/1875] loss 0.1433, rec_loss 0.0028, p_loss 0.0834, utilization 0.4523, perplexity 18485.8884,
Train Epoch: [8/30] Iters:[770/1875] loss 0.1414, rec_loss 0.0027, p_loss 0.0822, utilization 0.4514, perplexity 18444.0215,
Train Epoch: [8/30] Iters:[780/1875] loss 0.1399, rec_loss 0.0026, p_loss 0.0811, utilization 0.4517, perplexity 18609.2102,
Train Epoch: [8/30] Iters:[790/1875] loss 0.1396, rec_loss 0.0026, p_loss 0.0807, utilization 0.4526, perplexity 18624.0334,
Train Epoch: [8/30] Iters:[800/1875] loss 0.1421, rec_loss 0.0028, p_loss 0.0824, utilization 0.4530, perplexity 18498.7404,
Train Epoch: [8/30] Iters:[810/1875] loss 0.1411, rec_loss 0.0029, p_loss 0.0817, utilization 0.4520, perplexity 18329.4457,
Train Epoch: [8/30] Iters:[820/1875] loss 0.1431, rec_loss 0.0029, p_loss 0.0834, utilization 0.4519, perplexity 18195.7790,
Train Epoch: [8/30] Iters:[830/1875] loss 0.1436, rec_loss 0.0030, p_loss 0.0843, utilization 0.4510, perplexity 18043.1593,
Train Epoch: [8/30] Iters:[840/1875] loss 0.1426, rec_loss 0.0029, p_loss 0.0837, utilization 0.4509, perplexity 18086.0956,
Train Epoch: [8/30] Iters:[850/1875] loss 0.1406, rec_loss 0.0027, p_loss 0.0823, utilization 0.4503, perplexity 18199.8387,
Train Epoch: [8/30] Iters:[860/1875] loss 0.1402, rec_loss 0.0027, p_loss 0.0820, utilization 0.4519, perplexity 18346.7422,
Train Epoch: [8/30] Iters:[870/1875] loss 0.1400, rec_loss 0.0028, p_loss 0.0812, utilization 0.4526, perplexity 18513.1027,
Train Epoch: [8/30] Iters:[880/1875] loss 0.1402, rec_loss 0.0027, p_loss 0.0808, utilization 0.4551, perplexity 18761.5638,
Train Epoch: [8/30] Iters:[890/1875] loss 0.1408, rec_loss 0.0028, p_loss 0.0811, utilization 0.4541, perplexity 18607.3883,
Train Epoch: [8/30] Iters:[900/1875] loss 0.1413, rec_loss 0.0029, p_loss 0.0812, utilization 0.4555, perplexity 18729.7331,
Train Epoch: [8/30] Iters:[910/1875] loss 0.1417, rec_loss 0.0028, p_loss 0.0816, utilization 0.4541, perplexity 18579.7834,
Train Epoch: [8/30] Iters:[920/1875] loss 0.1422, rec_loss 0.0028, p_loss 0.0821, utilization 0.4545, perplexity 18646.1800,
Train Epoch: [8/30] Iters:[930/1875] loss 0.1407, rec_loss 0.0027, p_loss 0.0813, utilization 0.4517, perplexity 18363.0903,
Train Epoch: [8/30] Iters:[940/1875] loss 0.1400, rec_loss 0.0027, p_loss 0.0809, utilization 0.4522, perplexity 18457.3705,
Train Epoch: [8/30] Iters:[950/1875] loss 0.1404, rec_loss 0.0027, p_loss 0.0811, utilization 0.4522, perplexity 18420.7525,
Train Epoch: [8/30] Iters:[960/1875] loss 0.1396, rec_loss 0.0026, p_loss 0.0804, utilization 0.4528, perplexity 18448.0709,
Train Epoch: [8/30] Iters:[970/1875] loss 0.1392, rec_loss 0.0027, p_loss 0.0801, utilization 0.4526, perplexity 18362.1087,
Train Epoch: [8/30] Iters:[980/1875] loss 0.1411, rec_loss 0.0028, p_loss 0.0816, utilization 0.4548, perplexity 18595.1536,
Train Epoch: [8/30] Iters:[990/1875] loss 0.1411, rec_loss 0.0028, p_loss 0.0817, utilization 0.4537, perplexity 18332.1981,
Train Epoch: [8/30] Iters:[1000/1875] loss 0.1407, rec_loss 0.0028, p_loss 0.0817, utilization 0.4526, perplexity 18298.8888,
Train Epoch: [8/30] Iters:[1010/1875] loss 0.1412, rec_loss 0.0028, p_loss 0.0822, utilization 0.4527, perplexity 18434.9285,
Train Epoch: [8/30] Iters:[1020/1875] loss 0.1409, rec_loss 0.0027, p_loss 0.0819, utilization 0.4540, perplexity 18620.4298,
Train Epoch: [8/30] Iters:[1030/1875] loss 0.1395, rec_loss 0.0027, p_loss 0.0811, utilization 0.4495, perplexity 18140.2791,
Train Epoch: [8/30] Iters:[1040/1875] loss 0.1401, rec_loss 0.0027, p_loss 0.0810, utilization 0.4496, perplexity 18312.0440,
Train Epoch: [8/30] Iters:[1050/1875] loss 0.1413, rec_loss 0.0028, p_loss 0.0818, utilization 0.4500, perplexity 18362.6093,
Train Epoch: [8/30] Iters:[1060/1875] loss 0.1417, rec_loss 0.0028, p_loss 0.0819, utilization 0.4490, perplexity 18194.0065,
Train Epoch: [8/30] Iters:[1070/1875] loss 0.1419, rec_loss 0.0028, p_loss 0.0821, utilization 0.4477, perplexity 17991.2444,
Train Epoch: [8/30] Iters:[1080/1875] loss 0.1426, rec_loss 0.0028, p_loss 0.0822, utilization 0.4508, perplexity 18305.3228,
Train Epoch: [8/30] Iters:[1090/1875] loss 0.1420, rec_loss 0.0028, p_loss 0.0822, utilization 0.4514, perplexity 18387.9712,
Train Epoch: [8/30] Iters:[1100/1875] loss 0.1414, rec_loss 0.0027, p_loss 0.0815, utilization 0.4516, perplexity 18401.4910,
Train Epoch: [8/30] Iters:[1110/1875] loss 0.1411, rec_loss 0.0027, p_loss 0.0814, utilization 0.4530, perplexity 18543.7840,
Train Epoch: [8/30] Iters:[1120/1875] loss 0.1400, rec_loss 0.0026, p_loss 0.0810, utilization 0.4514, perplexity 18445.1113,
Train Epoch: [8/30] Iters:[1130/1875] loss 0.1395, rec_loss 0.0026, p_loss 0.0807, utilization 0.4516, perplexity 18449.0932,
Train Epoch: [8/30] Iters:[1140/1875] loss 0.1391, rec_loss 0.0026, p_loss 0.0804, utilization 0.4514, perplexity 18427.0627,
Train Epoch: [8/30] Iters:[1150/1875] loss 0.1392, rec_loss 0.0026, p_loss 0.0809, utilization 0.4514, perplexity 18423.8167,
Train Epoch: [8/30] Iters:[1160/1875] loss 0.1400, rec_loss 0.0027, p_loss 0.0816, utilization 0.4516, perplexity 18454.3038,
Train Epoch: [8/30] Iters:[1170/1875] loss 0.1409, rec_loss 0.0029, p_loss 0.0818, utilization 0.4508, perplexity 18403.9607,
Train Epoch: [8/30] Iters:[1180/1875] loss 0.1417, rec_loss 0.0030, p_loss 0.0821, utilization 0.4510, perplexity 18450.7607,
Train Epoch: [8/30] Iters:[1190/1875] loss 0.1424, rec_loss 0.0030, p_loss 0.0825, utilization 0.4524, perplexity 18580.3118,
Train Epoch: [8/30] Iters:[1200/1875] loss 0.1422, rec_loss 0.0029, p_loss 0.0821, utilization 0.4542, perplexity 18835.7232,
Train Epoch: [8/30] Iters:[1210/1875] loss 0.1412, rec_loss 0.0028, p_loss 0.0815, utilization 0.4507, perplexity 18470.9542,
Train Epoch: [8/30] Iters:[1220/1875] loss 0.1415, rec_loss 0.0028, p_loss 0.0817, utilization 0.4536, perplexity 18702.4913,
Train Epoch: [8/30] Iters:[1230/1875] loss 0.1403, rec_loss 0.0028, p_loss 0.0809, utilization 0.4537, perplexity 18730.7426,
Train Epoch: [8/30] Iters:[1240/1875] loss 0.1399, rec_loss 0.0028, p_loss 0.0808, utilization 0.4514, perplexity 18517.6068,
Train Epoch: [8/30] Iters:[1250/1875] loss 0.1402, rec_loss 0.0029, p_loss 0.0813, utilization 0.4498, perplexity 18271.9933,
Train Epoch: [8/30] Iters:[1260/1875] loss 0.1404, rec_loss 0.0029, p_loss 0.0812, utilization 0.4517, perplexity 18392.3986,
Train Epoch: [8/30] Iters:[1270/1875] loss 0.1412, rec_loss 0.0029, p_loss 0.0821, utilization 0.4519, perplexity 18388.9448,
Train Epoch: [8/30] Iters:[1280/1875] loss 0.1412, rec_loss 0.0028, p_loss 0.0822, utilization 0.4529, perplexity 18548.0245,
Train Epoch: [8/30] Iters:[1290/1875] loss 0.1407, rec_loss 0.0027, p_loss 0.0815, utilization 0.4536, perplexity 18493.8470,
Train Epoch: [8/30] Iters:[1300/1875] loss 0.1397, rec_loss 0.0026, p_loss 0.0810, utilization 0.4532, perplexity 18510.0393,
Train Epoch: [8/30] Iters:[1310/1875] loss 0.1408, rec_loss 0.0027, p_loss 0.0819, utilization 0.4540, perplexity 18624.5484,
Train Epoch: [8/30] Iters:[1320/1875] loss 0.1400, rec_loss 0.0027, p_loss 0.0812, utilization 0.4532, perplexity 18572.5613,
Train Epoch: [8/30] Iters:[1330/1875] loss 0.1408, rec_loss 0.0028, p_loss 0.0818, utilization 0.4536, perplexity 18548.6103,
Train Epoch: [8/30] Iters:[1340/1875] loss 0.1416, rec_loss 0.0028, p_loss 0.0825, utilization 0.4536, perplexity 18557.2181,
Train Epoch: [8/30] Iters:[1350/1875] loss 0.1408, rec_loss 0.0027, p_loss 0.0818, utilization 0.4539, perplexity 18610.2519,
Train Epoch: [8/30] Iters:[1360/1875] loss 0.1410, rec_loss 0.0027, p_loss 0.0814, utilization 0.4551, perplexity 18683.2361,
Train Epoch: [8/30] Iters:[1370/1875] loss 0.1409, rec_loss 0.0028, p_loss 0.0815, utilization 0.4529, perplexity 18535.4489,
Train Epoch: [8/30] Iters:[1380/1875] loss 0.1413, rec_loss 0.0028, p_loss 0.0813, utilization 0.4524, perplexity 18547.0371,
Train Epoch: [8/30] Iters:[1390/1875] loss 0.1412, rec_loss 0.0029, p_loss 0.0809, utilization 0.4522, perplexity 18537.7763,
Train Epoch: [8/30] Iters:[1400/1875] loss 0.1423, rec_loss 0.0029, p_loss 0.0817, utilization 0.4534, perplexity 18632.9666,
Train Epoch: [8/30] Iters:[1410/1875] loss 0.1422, rec_loss 0.0029, p_loss 0.0819, utilization 0.4528, perplexity 18680.3689,
Train Epoch: [8/30] Iters:[1420/1875] loss 0.1412, rec_loss 0.0029, p_loss 0.0808, utilization 0.4563, perplexity 19089.6769,
Train Epoch: [8/30] Iters:[1430/1875] loss 0.1413, rec_loss 0.0030, p_loss 0.0814, utilization 0.4562, perplexity 19028.3159,
Train Epoch: [8/30] Iters:[1440/1875] loss 0.1401, rec_loss 0.0029, p_loss 0.0809, utilization 0.4575, perplexity 19312.2684,
Train Epoch: [8/30] Iters:[1450/1875] loss 0.1398, rec_loss 0.0028, p_loss 0.0806, utilization 0.4562, perplexity 19156.9528,
Train Epoch: [8/30] Iters:[1460/1875] loss 0.1387, rec_loss 0.0027, p_loss 0.0798, utilization 0.4556, perplexity 18989.7357,
Train Epoch: [8/30] Iters:[1470/1875] loss 0.1400, rec_loss 0.0027, p_loss 0.0810, utilization 0.4548, perplexity 18822.3585,
Train Epoch: [8/30] Iters:[1480/1875] loss 0.1395, rec_loss 0.0026, p_loss 0.0806, utilization 0.4543, perplexity 18779.6198,
Train Epoch: [8/30] Iters:[1490/1875] loss 0.1400, rec_loss 0.0026, p_loss 0.0808, utilization 0.4539, perplexity 18644.1139,
Train Epoch: [8/30] Iters:[1500/1875] loss 0.1393, rec_loss 0.0026, p_loss 0.0805, utilization 0.4530, perplexity 18618.5501,
Train Epoch: [8/30] Iters:[1510/1875] loss 0.1399, rec_loss 0.0027, p_loss 0.0809, utilization 0.4545, perplexity 18855.8623,
Train Epoch: [8/30] Iters:[1520/1875] loss 0.1391, rec_loss 0.0027, p_loss 0.0802, utilization 0.4539, perplexity 18862.2748,
Train Epoch: [8/30] Iters:[1530/1875] loss 0.1386, rec_loss 0.0028, p_loss 0.0800, utilization 0.4535, perplexity 18871.5019,
Train Epoch: [8/30] Iters:[1540/1875] loss 0.1387, rec_loss 0.0028, p_loss 0.0800, utilization 0.4528, perplexity 18812.5703,
Train Epoch: [8/30] Iters:[1550/1875] loss 0.1393, rec_loss 0.0028, p_loss 0.0800, utilization 0.4529, perplexity 18616.2380,
Train Epoch: [8/30] Iters:[1560/1875] loss 0.1390, rec_loss 0.0028, p_loss 0.0795, utilization 0.4514, perplexity 18423.7990,
Train Epoch: [8/30] Iters:[1570/1875] loss 0.1392, rec_loss 0.0028, p_loss 0.0797, utilization 0.4507, perplexity 18284.6018,
Train Epoch: [8/30] Iters:[1580/1875] loss 0.1398, rec_loss 0.0028, p_loss 0.0799, utilization 0.4512, perplexity 18295.4751,
Train Epoch: [8/30] Iters:[1590/1875] loss 0.1396, rec_loss 0.0028, p_loss 0.0798, utilization 0.4494, perplexity 18049.7171,
Train Epoch: [8/30] Iters:[1600/1875] loss 0.1412, rec_loss 0.0028, p_loss 0.0812, utilization 0.4505, perplexity 18185.6235,
Train Epoch: [8/30] Iters:[1610/1875] loss 0.1405, rec_loss 0.0028, p_loss 0.0810, utilization 0.4508, perplexity 18145.8681,
Train Epoch: [8/30] Iters:[1620/1875] loss 0.1413, rec_loss 0.0028, p_loss 0.0816, utilization 0.4526, perplexity 18328.3775,
Train Epoch: [8/30] Iters:[1630/1875] loss 0.1416, rec_loss 0.0029, p_loss 0.0819, utilization 0.4517, perplexity 18170.9828,
Train Epoch: [8/30] Iters:[1640/1875] loss 0.1426, rec_loss 0.0028, p_loss 0.0826, utilization 0.4537, perplexity 18344.7315,
Train Epoch: [8/30] Iters:[1650/1875] loss 0.1412, rec_loss 0.0028, p_loss 0.0815, utilization 0.4535, perplexity 18350.2166,
Train Epoch: [8/30] Iters:[1660/1875] loss 0.1417, rec_loss 0.0028, p_loss 0.0819, utilization 0.4523, perplexity 18263.8954,
Train Epoch: [8/30] Iters:[1670/1875] loss 0.1407, rec_loss 0.0027, p_loss 0.0809, utilization 0.4530, perplexity 18350.2364,
Train Epoch: [8/30] Iters:[1680/1875] loss 0.1401, rec_loss 0.0026, p_loss 0.0803, utilization 0.4531, perplexity 18442.0990,
Train Epoch: [8/30] Iters:[1690/1875] loss 0.1390, rec_loss 0.0026, p_loss 0.0797, utilization 0.4532, perplexity 18401.7919,
Train Epoch: [8/30] Iters:[1700/1875] loss 0.1389, rec_loss 0.0026, p_loss 0.0799, utilization 0.4522, perplexity 18378.7922,
Train Epoch: [8/30] Iters:[1710/1875] loss 0.1389, rec_loss 0.0027, p_loss 0.0795, utilization 0.4539, perplexity 18484.1564,
Train Epoch: [8/30] Iters:[1720/1875] loss 0.1399, rec_loss 0.0028, p_loss 0.0802, utilization 0.4525, perplexity 18262.2162,
Train Epoch: [8/30] Iters:[1730/1875] loss 0.1404, rec_loss 0.0028, p_loss 0.0806, utilization 0.4519, perplexity 18112.4389,
Train Epoch: [8/30] Iters:[1740/1875] loss 0.1416, rec_loss 0.0029, p_loss 0.0813, utilization 0.4528, perplexity 18301.3267,
Train Epoch: [8/30] Iters:[1750/1875] loss 0.1410, rec_loss 0.0029, p_loss 0.0809, utilization 0.4537, perplexity 18421.3737,
Train Epoch: [8/30] Iters:[1760/1875] loss 0.1415, rec_loss 0.0028, p_loss 0.0815, utilization 0.4536, perplexity 18492.5539,
Train Epoch: [8/30] Iters:[1770/1875] loss 0.1411, rec_loss 0.0027, p_loss 0.0812, utilization 0.4526, perplexity 18446.3074,
Train Epoch: [8/30] Iters:[1780/1875] loss 0.1410, rec_loss 0.0027, p_loss 0.0811, utilization 0.4546, perplexity 18763.5433,
Train Epoch: [8/30] Iters:[1790/1875] loss 0.1409, rec_loss 0.0026, p_loss 0.0813, utilization 0.4534, perplexity 18605.6176,
Train Epoch: [8/30] Iters:[1800/1875] loss 0.1410, rec_loss 0.0027, p_loss 0.0815, utilization 0.4529, perplexity 18499.9818,
Train Epoch: [8/30] Iters:[1810/1875] loss 0.1404, rec_loss 0.0027, p_loss 0.0812, utilization 0.4527, perplexity 18490.9854,
Train Epoch: [8/30] Iters:[1820/1875] loss 0.1397, rec_loss 0.0027, p_loss 0.0805, utilization 0.4534, perplexity 18577.7879,
Train Epoch: [8/30] Iters:[1830/1875] loss 0.1401, rec_loss 0.0027, p_loss 0.0809, utilization 0.4517, perplexity 18385.0827,
Train Epoch: [8/30] Iters:[1840/1875] loss 0.1397, rec_loss 0.0027, p_loss 0.0802, utilization 0.4532, perplexity 18586.4043,
Train Epoch: [8/30] Iters:[1850/1875] loss 0.1388, rec_loss 0.0027, p_loss 0.0795, utilization 0.4536, perplexity 18694.1874,
Train Epoch: [8/30] Iters:[1860/1875] loss 0.1379, rec_loss 0.0026, p_loss 0.0789, utilization 0.4519, perplexity 18592.3887,
Train Epoch: [8/30] Iters:[1870/1875] loss 0.1379, rec_loss 0.0026, p_loss 0.0791, utilization 0.4512, perplexity 18495.4161,
epoch:9, cur_lr:0.000076
Train Epoch: [9/30] Iters:[10/1875] loss 0.1426, rec_loss 0.0031, p_loss 0.0832, utilization 0.4517, perplexity 18208.6183,
Train Epoch: [9/30] Iters:[20/1875] loss 0.1413, rec_loss 0.0029, p_loss 0.0813, utilization 0.4532, perplexity 18409.3074,
Train Epoch: [9/30] Iters:[30/1875] loss 0.1414, rec_loss 0.0028, p_loss 0.0818, utilization 0.4547, perplexity 18743.3475,
Train Epoch: [9/30] Iters:[40/1875] loss 0.1413, rec_loss 0.0028, p_loss 0.0820, utilization 0.4529, perplexity 18496.3835,
Train Epoch: [9/30] Iters:[50/1875] loss 0.1406, rec_loss 0.0028, p_loss 0.0814, utilization 0.4528, perplexity 18402.4594,
Train Epoch: [9/30] Iters:[60/1875] loss 0.1402, rec_loss 0.0027, p_loss 0.0809, utilization 0.4543, perplexity 18586.9707,
Train Epoch: [9/30] Iters:[70/1875] loss 0.1406, rec_loss 0.0028, p_loss 0.0812, utilization 0.4542, perplexity 18596.5223,
Train Epoch: [9/30] Iters:[80/1875] loss 0.1400, rec_loss 0.0028, p_loss 0.0805, utilization 0.4533, perplexity 18448.7404,
Train Epoch: [9/30] Iters:[90/1875] loss 0.1390, rec_loss 0.0028, p_loss 0.0795, utilization 0.4531, perplexity 18450.8040,
Train Epoch: [9/30] Iters:[100/1875] loss 0.1400, rec_loss 0.0028, p_loss 0.0800, utilization 0.4552, perplexity 18704.9155,
Train Epoch: [9/30] Iters:[110/1875] loss 0.1391, rec_loss 0.0028, p_loss 0.0799, utilization 0.4515, perplexity 18329.2587,
Train Epoch: [9/30] Iters:[120/1875] loss 0.1384, rec_loss 0.0028, p_loss 0.0791, utilization 0.4532, perplexity 18397.3500,
Train Epoch: [9/30] Iters:[130/1875] loss 0.1388, rec_loss 0.0028, p_loss 0.0796, utilization 0.4535, perplexity 18401.5347,
Train Epoch: [9/30] Iters:[140/1875] loss 0.1390, rec_loss 0.0028, p_loss 0.0799, utilization 0.4530, perplexity 18322.9055,
Train Epoch: [9/30] Iters:[150/1875] loss 0.1389, rec_loss 0.0027, p_loss 0.0801, utilization 0.4520, perplexity 18364.5278,
Train Epoch: [9/30] Iters:[160/1875] loss 0.1394, rec_loss 0.0027, p_loss 0.0803, utilization 0.4540, perplexity 18500.3956,
Train Epoch: [9/30] Iters:[170/1875] loss 0.1396, rec_loss 0.0028, p_loss 0.0808, utilization 0.4525, perplexity 18473.1898,
Train Epoch: [9/30] Iters:[180/1875] loss 0.1394, rec_loss 0.0028, p_loss 0.0806, utilization 0.4522, perplexity 18477.7016,
Train Epoch: [9/30] Iters:[190/1875] loss 0.1394, rec_loss 0.0027, p_loss 0.0804, utilization 0.4550, perplexity 18842.6141,
Train Epoch: [9/30] Iters:[200/1875] loss 0.1391, rec_loss 0.0028, p_loss 0.0799, utilization 0.4546, perplexity 18754.9536,
Train Epoch: [9/30] Iters:[210/1875] loss 0.1399, rec_loss 0.0030, p_loss 0.0804, utilization 0.4555, perplexity 18963.8344,
Train Epoch: [9/30] Iters:[220/1875] loss 0.1392, rec_loss 0.0028, p_loss 0.0797, utilization 0.4541, perplexity 18853.0240,
Train Epoch: [9/30] Iters:[230/1875] loss 0.1395, rec_loss 0.0028, p_loss 0.0801, utilization 0.4542, perplexity 18816.0638,
Train Epoch: [9/30] Iters:[240/1875] loss 0.1394, rec_loss 0.0028, p_loss 0.0799, utilization 0.4533, perplexity 18769.4188,
Train Epoch: [9/30] Iters:[250/1875] loss 0.1395, rec_loss 0.0028, p_loss 0.0801, utilization 0.4523, perplexity 18604.7513,
Train Epoch: [9/30] Iters:[260/1875] loss 0.1395, rec_loss 0.0027, p_loss 0.0795, utilization 0.4529, perplexity 18717.1979,
Train Epoch: [9/30] Iters:[270/1875] loss 0.1407, rec_loss 0.0028, p_loss 0.0805, utilization 0.4541, perplexity 18799.9937,
Train Epoch: [9/30] Iters:[280/1875] loss 0.1411, rec_loss 0.0028, p_loss 0.0808, utilization 0.4531, perplexity 18695.3193,
Train Epoch: [9/30] Iters:[290/1875] loss 0.1425, rec_loss 0.0028, p_loss 0.0818, utilization 0.4523, perplexity 18508.0311,
Train Epoch: [9/30] Iters:[300/1875] loss 0.1430, rec_loss 0.0028, p_loss 0.0822, utilization 0.4526, perplexity 18549.7767,
Train Epoch: [9/30] Iters:[310/1875] loss 0.1416, rec_loss 0.0027, p_loss 0.0817, utilization 0.4526, perplexity 18403.5509,
Train Epoch: [9/30] Iters:[320/1875] loss 0.1406, rec_loss 0.0027, p_loss 0.0812, utilization 0.4505, perplexity 18233.5942,
Train Epoch: [9/30] Iters:[330/1875] loss 0.1396, rec_loss 0.0027, p_loss 0.0805, utilization 0.4507, perplexity 18171.1982,
Train Epoch: [9/30] Iters:[340/1875] loss 0.1390, rec_loss 0.0026, p_loss 0.0799, utilization 0.4522, perplexity 18440.6006,
Train Epoch: [9/30] Iters:[350/1875] loss 0.1379, rec_loss 0.0025, p_loss 0.0794, utilization 0.4515, perplexity 18482.5895,
Train Epoch: [9/30] Iters:[360/1875] loss 0.1384, rec_loss 0.0026, p_loss 0.0799, utilization 0.4499, perplexity 18372.3822,
Train Epoch: [9/30] Iters:[370/1875] loss 0.1384, rec_loss 0.0026, p_loss 0.0793, utilization 0.4518, perplexity 18500.7764,
Train Epoch: [9/30] Iters:[380/1875] loss 0.1389, rec_loss 0.0026, p_loss 0.0800, utilization 0.4521, perplexity 18573.3957,
Train Epoch: [9/30] Iters:[390/1875] loss 0.1387, rec_loss 0.0027, p_loss 0.0800, utilization 0.4526, perplexity 18505.2592,
Train Epoch: [9/30] Iters:[400/1875] loss 0.1402, rec_loss 0.0027, p_loss 0.0808, utilization 0.4533, perplexity 18452.8262,
Train Epoch: [9/30] Iters:[410/1875] loss 0.1408, rec_loss 0.0028, p_loss 0.0810, utilization 0.4538, perplexity 18461.2418,
Train Epoch: [9/30] Iters:[420/1875] loss 0.1422, rec_loss 0.0028, p_loss 0.0820, utilization 0.4540, perplexity 18578.9683,
Train Epoch: [9/30] Iters:[430/1875] loss 0.1405, rec_loss 0.0028, p_loss 0.0803, utilization 0.4546, perplexity 18739.7109,
Train Epoch: [9/30] Iters:[440/1875] loss 0.1416, rec_loss 0.0027, p_loss 0.0810, utilization 0.4546, perplexity 18798.0645,
Train Epoch: [9/30] Iters:[450/1875] loss 0.1409, rec_loss 0.0027, p_loss 0.0805, utilization 0.4525, perplexity 18607.3086,
Train Epoch: [9/30] Iters:[460/1875] loss 0.1421, rec_loss 0.0027, p_loss 0.0816, utilization 0.4528, perplexity 18591.4253,
Train Epoch: [9/30] Iters:[470/1875] loss 0.1422, rec_loss 0.0026, p_loss 0.0815, utilization 0.4535, perplexity 18613.6518,
Train Epoch: [9/30] Iters:[480/1875] loss 0.1448, rec_loss 0.0027, p_loss 0.0838, utilization 0.4533, perplexity 18510.2108,
Train Epoch: [9/30] Iters:[490/1875] loss 0.1428, rec_loss 0.0028, p_loss 0.0826, utilization 0.4511, perplexity 18257.9986,
Train Epoch: [9/30] Iters:[500/1875] loss 0.1421, rec_loss 0.0027, p_loss 0.0819, utilization 0.4534, perplexity 18516.7246,
Train Epoch: [9/30] Iters:[510/1875] loss 0.1402, rec_loss 0.0027, p_loss 0.0805, utilization 0.4537, perplexity 18516.2171,
Train Epoch: [9/30] Iters:[520/1875] loss 0.1384, rec_loss 0.0026, p_loss 0.0796, utilization 0.4529, perplexity 18422.9840,
Train Epoch: [9/30] Iters:[530/1875] loss 0.1365, rec_loss 0.0025, p_loss 0.0783, utilization 0.4509, perplexity 18207.5605,
Train Epoch: [9/30] Iters:[540/1875] loss 0.1378, rec_loss 0.0025, p_loss 0.0788, utilization 0.4519, perplexity 18285.0609,
Train Epoch: [9/30] Iters:[550/1875] loss 0.1378, rec_loss 0.0025, p_loss 0.0787, utilization 0.4516, perplexity 18269.1871,
Train Epoch: [9/30] Iters:[560/1875] loss 0.1376, rec_loss 0.0026, p_loss 0.0785, utilization 0.4512, perplexity 18432.4514,
Train Epoch: [9/30] Iters:[570/1875] loss 0.1375, rec_loss 0.0026, p_loss 0.0784, utilization 0.4497, perplexity 18315.4299,
Train Epoch: [9/30] Iters:[580/1875] loss 0.1379, rec_loss 0.0026, p_loss 0.0783, utilization 0.4516, perplexity 18590.9429,
Train Epoch: [9/30] Iters:[590/1875] loss 0.1376, rec_loss 0.0026, p_loss 0.0782, utilization 0.4530, perplexity 18790.7192,
Train Epoch: [9/30] Iters:[600/1875] loss 0.1372, rec_loss 0.0026, p_loss 0.0782, utilization 0.4527, perplexity 18822.8614,
Train Epoch: [9/30] Iters:[610/1875] loss 0.1371, rec_loss 0.0026, p_loss 0.0783, utilization 0.4531, perplexity 18780.4649,
Train Epoch: [9/30] Iters:[620/1875] loss 0.1381, rec_loss 0.0026, p_loss 0.0789, utilization 0.4542, perplexity 18888.0937,
Train Epoch: [9/30] Iters:[630/1875] loss 0.1388, rec_loss 0.0026, p_loss 0.0795, utilization 0.4544, perplexity 18870.7514,
Train Epoch: [9/30] Iters:[640/1875] loss 0.1374, rec_loss 0.0026, p_loss 0.0784, utilization 0.4532, perplexity 18664.0763,
Train Epoch: [9/30] Iters:[650/1875] loss 0.1374, rec_loss 0.0026, p_loss 0.0784, utilization 0.4544, perplexity 18700.7041,
Train Epoch: [9/30] Iters:[660/1875] loss 0.1375, rec_loss 0.0026, p_loss 0.0784, utilization 0.4529, perplexity 18533.2475,
Train Epoch: [9/30] Iters:[670/1875] loss 0.1371, rec_loss 0.0026, p_loss 0.0783, utilization 0.4522, perplexity 18323.7753,
Train Epoch: [9/30] Iters:[680/1875] loss 0.1368, rec_loss 0.0026, p_loss 0.0778, utilization 0.4517, perplexity 18267.4138,
Train Epoch: [9/30] Iters:[690/1875] loss 0.1390, rec_loss 0.0027, p_loss 0.0794, utilization 0.4531, perplexity 18444.9728,
Train Epoch: [9/30] Iters:[700/1875] loss 0.1392, rec_loss 0.0027, p_loss 0.0794, utilization 0.4527, perplexity 18455.4804,
Train Epoch: [9/30] Iters:[710/1875] loss 0.1396, rec_loss 0.0027, p_loss 0.0797, utilization 0.4523, perplexity 18440.4696,
Train Epoch: [9/30] Iters:[720/1875] loss 0.1390, rec_loss 0.0027, p_loss 0.0791, utilization 0.4547, perplexity 18818.2992,
Train Epoch: [9/30] Iters:[730/1875] loss 0.1391, rec_loss 0.0027, p_loss 0.0793, utilization 0.4545, perplexity 18877.8690,
Train Epoch: [9/30] Iters:[740/1875] loss 0.1374, rec_loss 0.0027, p_loss 0.0783, utilization 0.4531, perplexity 18650.5645,
Train Epoch: [9/30] Iters:[750/1875] loss 0.1374, rec_loss 0.0027, p_loss 0.0784, utilization 0.4527, perplexity 18538.2360,
Train Epoch: [9/30] Iters:[760/1875] loss 0.1366, rec_loss 0.0027, p_loss 0.0777, utilization 0.4532, perplexity 18600.5268,
Train Epoch: [9/30] Iters:[770/1875] loss 0.1373, rec_loss 0.0027, p_loss 0.0785, utilization 0.4520, perplexity 18416.6084,
Train Epoch: [9/30] Iters:[780/1875] loss 0.1366, rec_loss 0.0026, p_loss 0.0780, utilization 0.4525, perplexity 18431.3082,
Train Epoch: [9/30] Iters:[790/1875] loss 0.1384, rec_loss 0.0027, p_loss 0.0788, utilization 0.4530, perplexity 18471.3656,
Train Epoch: [9/30] Iters:[800/1875] loss 0.1389, rec_loss 0.0026, p_loss 0.0794, utilization 0.4528, perplexity 18488.0120,
Train Epoch: [9/30] Iters:[810/1875] loss 0.1397, rec_loss 0.0026, p_loss 0.0800, utilization 0.4535, perplexity 18508.2047,
Train Epoch: [9/30] Iters:[820/1875] loss 0.1402, rec_loss 0.0027, p_loss 0.0803, utilization 0.4532, perplexity 18467.1743,
Train Epoch: [9/30] Iters:[830/1875] loss 0.1401, rec_loss 0.0027, p_loss 0.0801, utilization 0.4532, perplexity 18410.8386,
Train Epoch: [9/30] Iters:[840/1875] loss 0.1394, rec_loss 0.0028, p_loss 0.0794, utilization 0.4540, perplexity 18703.8776,
Train Epoch: [9/30] Iters:[850/1875] loss 0.1387, rec_loss 0.0027, p_loss 0.0791, utilization 0.4537, perplexity 18651.4891,
Train Epoch: [9/30] Iters:[860/1875] loss 0.1390, rec_loss 0.0027, p_loss 0.0792, utilization 0.4537, perplexity 18704.1831,
Train Epoch: [9/30] Iters:[870/1875] loss 0.1384, rec_loss 0.0026, p_loss 0.0787, utilization 0.4539, perplexity 18766.6173,
Train Epoch: [9/30] Iters:[880/1875] loss 0.1394, rec_loss 0.0026, p_loss 0.0796, utilization 0.4524, perplexity 18685.5611,
Train Epoch: [9/30] Iters:[890/1875] loss 0.1379, rec_loss 0.0025, p_loss 0.0791, utilization 0.4508, perplexity 18375.3575,
Train Epoch: [9/30] Iters:[900/1875] loss 0.1384, rec_loss 0.0026, p_loss 0.0793, utilization 0.4502, perplexity 18238.2141,
Train Epoch: [9/30] Iters:[910/1875] loss 0.1373, rec_loss 0.0026, p_loss 0.0785, utilization 0.4514, perplexity 18319.2837,
Train Epoch: [9/30] Iters:[920/1875] loss 0.1365, rec_loss 0.0026, p_loss 0.0782, utilization 0.4508, perplexity 18316.0635,
Train Epoch: [9/30] Iters:[930/1875] loss 0.1366, rec_loss 0.0027, p_loss 0.0781, utilization 0.4530, perplexity 18445.8516,
Train Epoch: [9/30] Iters:[940/1875] loss 0.1382, rec_loss 0.0027, p_loss 0.0793, utilization 0.4518, perplexity 18373.5997,
Train Epoch: [9/30] Iters:[950/1875] loss 0.1377, rec_loss 0.0026, p_loss 0.0788, utilization 0.4526, perplexity 18537.2380,
Train Epoch: [9/30] Iters:[960/1875] loss 0.1387, rec_loss 0.0026, p_loss 0.0796, utilization 0.4519, perplexity 18472.5469,
Train Epoch: [9/30] Iters:[970/1875] loss 0.1395, rec_loss 0.0026, p_loss 0.0801, utilization 0.4503, perplexity 18268.0605,
Train Epoch: [9/30] Iters:[980/1875] loss 0.1395, rec_loss 0.0026, p_loss 0.0802, utilization 0.4492, perplexity 18163.8847,
Train Epoch: [9/30] Iters:[990/1875] loss 0.1389, rec_loss 0.0026, p_loss 0.0796, utilization 0.4499, perplexity 18318.7248,
Train Epoch: [9/30] Iters:[1000/1875] loss 0.1400, rec_loss 0.0027, p_loss 0.0802, utilization 0.4491, perplexity 18261.3953,
Train Epoch: [9/30] Iters:[1010/1875] loss 0.1406, rec_loss 0.0027, p_loss 0.0806, utilization 0.4485, perplexity 18202.3268,
Train Epoch: [9/30] Iters:[1020/1875] loss 0.1398, rec_loss 0.0027, p_loss 0.0799, utilization 0.4501, perplexity 18383.5360,
Train Epoch: [9/30] Iters:[1030/1875] loss 0.1386, rec_loss 0.0025, p_loss 0.0791, utilization 0.4514, perplexity 18492.5295,
Train Epoch: [9/30] Iters:[1040/1875] loss 0.1386, rec_loss 0.0026, p_loss 0.0791, utilization 0.4531, perplexity 18482.6773,
Train Epoch: [9/30] Iters:[1050/1875] loss 0.1374, rec_loss 0.0026, p_loss 0.0785, utilization 0.4547, perplexity 18584.9387,
Train Epoch: [9/30] Iters:[1060/1875] loss 0.1356, rec_loss 0.0025, p_loss 0.0771, utilization 0.4552, perplexity 18595.7740,
Train Epoch: [9/30] Iters:[1070/1875] loss 0.1370, rec_loss 0.0025, p_loss 0.0783, utilization 0.4564, perplexity 18609.9873,
Train Epoch: [9/30] Iters:[1080/1875] loss 0.1368, rec_loss 0.0025, p_loss 0.0782, utilization 0.4546, perplexity 18456.8661,
Train Epoch: [9/30] Iters:[1090/1875] loss 0.1365, rec_loss 0.0025, p_loss 0.0777, utilization 0.4545, perplexity 18472.9903,
Train Epoch: [9/30] Iters:[1100/1875] loss 0.1366, rec_loss 0.0025, p_loss 0.0779, utilization 0.4521, perplexity 18255.3479,
Train Epoch: [9/30] Iters:[1110/1875] loss 0.1364, rec_loss 0.0024, p_loss 0.0777, utilization 0.4512, perplexity 18157.0009,
Train Epoch: [9/30] Iters:[1120/1875] loss 0.1354, rec_loss 0.0025, p_loss 0.0770, utilization 0.4497, perplexity 18149.1110,
Train Epoch: [9/30] Iters:[1130/1875] loss 0.1362, rec_loss 0.0025, p_loss 0.0770, utilization 0.4515, perplexity 18400.6403,
Train Epoch: [9/30] Iters:[1140/1875] loss 0.1370, rec_loss 0.0026, p_loss 0.0778, utilization 0.4497, perplexity 18231.7131,
Train Epoch: [9/30] Iters:[1150/1875] loss 0.1363, rec_loss 0.0026, p_loss 0.0771, utilization 0.4509, perplexity 18410.2984,
Train Epoch: [9/30] Iters:[1160/1875] loss 0.1367, rec_loss 0.0027, p_loss 0.0772, utilization 0.4518, perplexity 18651.8984,
Train Epoch: [9/30] Iters:[1170/1875] loss 0.1367, rec_loss 0.0027, p_loss 0.0771, utilization 0.4523, perplexity 18572.6986,
Train Epoch: [9/30] Iters:[1180/1875] loss 0.1368, rec_loss 0.0026, p_loss 0.0775, utilization 0.4518, perplexity 18394.5606,
Train Epoch: [9/30] Iters:[1190/1875] loss 0.1373, rec_loss 0.0026, p_loss 0.0779, utilization 0.4527, perplexity 18588.2505,
Train Epoch: [9/30] Iters:[1200/1875] loss 0.1382, rec_loss 0.0027, p_loss 0.0783, utilization 0.4537, perplexity 18647.2726,
Train Epoch: [9/30] Iters:[1210/1875] loss 0.1389, rec_loss 0.0028, p_loss 0.0792, utilization 0.4522, perplexity 18353.1881,
Train Epoch: [9/30] Iters:[1220/1875] loss 0.1399, rec_loss 0.0029, p_loss 0.0800, utilization 0.4523, perplexity 18337.1866,
Train Epoch: [9/30] Iters:[1230/1875] loss 0.1401, rec_loss 0.0030, p_loss 0.0805, utilization 0.4509, perplexity 18220.0349,
Train Epoch: [9/30] Iters:[1240/1875] loss 0.1399, rec_loss 0.0029, p_loss 0.0804, utilization 0.4504, perplexity 18054.2943,
Train Epoch: [9/30] Iters:[1250/1875] loss 0.1396, rec_loss 0.0028, p_loss 0.0803, utilization 0.4495, perplexity 17917.7078,
Train Epoch: [9/30] Iters:[1260/1875] loss 0.1394, rec_loss 0.0027, p_loss 0.0799, utilization 0.4514, perplexity 18179.7565,
Train Epoch: [9/30] Iters:[1270/1875] loss 0.1385, rec_loss 0.0026, p_loss 0.0790, utilization 0.4503, perplexity 18141.9008,
Train Epoch: [9/30] Iters:[1280/1875] loss 0.1377, rec_loss 0.0026, p_loss 0.0781, utilization 0.4516, perplexity 18344.1728,
Train Epoch: [9/30] Iters:[1290/1875] loss 0.1372, rec_loss 0.0026, p_loss 0.0778, utilization 0.4523, perplexity 18417.6292,
Train Epoch: [9/30] Iters:[1300/1875] loss 0.1380, rec_loss 0.0026, p_loss 0.0783, utilization 0.4522, perplexity 18469.8331,
Train Epoch: [9/30] Iters:[1310/1875] loss 0.1386, rec_loss 0.0028, p_loss 0.0785, utilization 0.4535, perplexity 18557.8071,
Train Epoch: [9/30] Iters:[1320/1875] loss 0.1390, rec_loss 0.0027, p_loss 0.0790, utilization 0.4528, perplexity 18445.9598,
Train Epoch: [9/30] Iters:[1330/1875] loss 0.1394, rec_loss 0.0027, p_loss 0.0794, utilization 0.4529, perplexity 18352.5526,
Train Epoch: [9/30] Iters:[1340/1875] loss 0.1389, rec_loss 0.0027, p_loss 0.0792, utilization 0.4517, perplexity 18292.3955,
Train Epoch: [9/30] Iters:[1350/1875] loss 0.1387, rec_loss 0.0027, p_loss 0.0790, utilization 0.4525, perplexity 18352.4615,
Train Epoch: [9/30] Iters:[1360/1875] loss 0.1383, rec_loss 0.0026, p_loss 0.0791, utilization 0.4499, perplexity 18125.6274,
Train Epoch: [9/30] Iters:[1370/1875] loss 0.1386, rec_loss 0.0026, p_loss 0.0790, utilization 0.4516, perplexity 18348.7841,
Train Epoch: [9/30] Iters:[1380/1875] loss 0.1379, rec_loss 0.0026, p_loss 0.0786, utilization 0.4507, perplexity 18333.3566,
Train Epoch: [9/30] Iters:[1390/1875] loss 0.1372, rec_loss 0.0026, p_loss 0.0779, utilization 0.4513, perplexity 18469.2730,
Train Epoch: [9/30] Iters:[1400/1875] loss 0.1375, rec_loss 0.0025, p_loss 0.0782, utilization 0.4516, perplexity 18522.7367,
Train Epoch: [9/30] Iters:[1410/1875] loss 0.1368, rec_loss 0.0025, p_loss 0.0774, utilization 0.4530, perplexity 18692.9564,
Train Epoch: [9/30] Iters:[1420/1875] loss 0.1362, rec_loss 0.0025, p_loss 0.0771, utilization 0.4536, perplexity 18792.1663,
Train Epoch: [9/30] Iters:[1430/1875] loss 0.1383, rec_loss 0.0026, p_loss 0.0784, utilization 0.4556, perplexity 18960.9635,
Train Epoch: [9/30] Iters:[1440/1875] loss 0.1401, rec_loss 0.0026, p_loss 0.0798, utilization 0.4562, perplexity 18908.1119,
Train Epoch: [9/30] Iters:[1450/1875] loss 0.1396, rec_loss 0.0027, p_loss 0.0795, utilization 0.4543, perplexity 18643.2224,
Train Epoch: [9/30] Iters:[1460/1875] loss 0.1393, rec_loss 0.0026, p_loss 0.0793, utilization 0.4534, perplexity 18518.1787,
Train Epoch: [9/30] Iters:[1470/1875] loss 0.1390, rec_loss 0.0026, p_loss 0.0795, utilization 0.4522, perplexity 18325.0053,
Train Epoch: [9/30] Iters:[1480/1875] loss 0.1366, rec_loss 0.0025, p_loss 0.0779, utilization 0.4517, perplexity 18372.4462,
Train Epoch: [9/30] Iters:[1490/1875] loss 0.1350, rec_loss 0.0024, p_loss 0.0767, utilization 0.4510, perplexity 18346.8933,
Train Epoch: [9/30] Iters:[1500/1875] loss 0.1342, rec_loss 0.0024, p_loss 0.0762, utilization 0.4514, perplexity 18384.7785,
Train Epoch: [9/30] Iters:[1510/1875] loss 0.1350, rec_loss 0.0024, p_loss 0.0767, utilization 0.4518, perplexity 18446.3413,
Train Epoch: [9/30] Iters:[1520/1875] loss 0.1355, rec_loss 0.0024, p_loss 0.0767, utilization 0.4534, perplexity 18597.0499,
Train Epoch: [9/30] Iters:[1530/1875] loss 0.1367, rec_loss 0.0025, p_loss 0.0775, utilization 0.4522, perplexity 18406.7765,
Train Epoch: [9/30] Iters:[1540/1875] loss 0.1364, rec_loss 0.0025, p_loss 0.0775, utilization 0.4519, perplexity 18372.3742,
Train Epoch: [9/30] Iters:[1550/1875] loss 0.1376, rec_loss 0.0026, p_loss 0.0781, utilization 0.4545, perplexity 18761.2196,
Train Epoch: [9/30] Iters:[1560/1875] loss 0.1384, rec_loss 0.0025, p_loss 0.0785, utilization 0.4566, perplexity 18946.0764,
Train Epoch: [9/30] Iters:[1570/1875] loss 0.1380, rec_loss 0.0026, p_loss 0.0783, utilization 0.4548, perplexity 18886.5363,
Train Epoch: [9/30] Iters:[1580/1875] loss 0.1364, rec_loss 0.0025, p_loss 0.0771, utilization 0.4538, perplexity 18810.2541,
Train Epoch: [9/30] Iters:[1590/1875] loss 0.1381, rec_loss 0.0026, p_loss 0.0780, utilization 0.4548, perplexity 18904.3950,
Train Epoch: [9/30] Iters:[1600/1875] loss 0.1376, rec_loss 0.0026, p_loss 0.0778, utilization 0.4530, perplexity 18629.2943,
Train Epoch: [9/30] Iters:[1610/1875] loss 0.1367, rec_loss 0.0026, p_loss 0.0774, utilization 0.4498, perplexity 18291.7296,
Train Epoch: [9/30] Iters:[1620/1875] loss 0.1368, rec_loss 0.0026, p_loss 0.0773, utilization 0.4517, perplexity 18399.8785,
Train Epoch: [9/30] Iters:[1630/1875] loss 0.1368, rec_loss 0.0026, p_loss 0.0775, utilization 0.4515, perplexity 18479.4078,
Train Epoch: [9/30] Iters:[1640/1875] loss 0.1367, rec_loss 0.0026, p_loss 0.0772, utilization 0.4518, perplexity 18433.8592,
Train Epoch: [9/30] Iters:[1650/1875] loss 0.1369, rec_loss 0.0026, p_loss 0.0772, utilization 0.4526, perplexity 18618.1797,
Train Epoch: [9/30] Iters:[1660/1875] loss 0.1364, rec_loss 0.0026, p_loss 0.0771, utilization 0.4522, perplexity 18554.8835,
Train Epoch: [9/30] Iters:[1670/1875] loss 0.1370, rec_loss 0.0025, p_loss 0.0780, utilization 0.4506, perplexity 18248.0335,
Train Epoch: [9/30] Iters:[1680/1875] loss 0.1381, rec_loss 0.0026, p_loss 0.0785, utilization 0.4523, perplexity 18308.1614,
Train Epoch: [9/30] Iters:[1690/1875] loss 0.1376, rec_loss 0.0026, p_loss 0.0783, utilization 0.4517, perplexity 18330.5725,
Train Epoch: [9/30] Iters:[1700/1875] loss 0.1364, rec_loss 0.0026, p_loss 0.0778, utilization 0.4494, perplexity 17998.8337,
Train Epoch: [9/30] Iters:[1710/1875] loss 0.1372, rec_loss 0.0026, p_loss 0.0783, utilization 0.4509, perplexity 18203.8291,
Train Epoch: [9/30] Iters:[1720/1875] loss 0.1369, rec_loss 0.0027, p_loss 0.0778, utilization 0.4505, perplexity 18320.6780,
Train Epoch: [9/30] Iters:[1730/1875] loss 0.1378, rec_loss 0.0028, p_loss 0.0785, utilization 0.4510, perplexity 18345.5547,
Train Epoch: [9/30] Iters:[1740/1875] loss 0.1380, rec_loss 0.0028, p_loss 0.0790, utilization 0.4510, perplexity 18287.4540,
Train Epoch: [9/30] Iters:[1750/1875] loss 0.1392, rec_loss 0.0029, p_loss 0.0793, utilization 0.4545, perplexity 18763.1340,
Train Epoch: [9/30] Iters:[1760/1875] loss 0.1376, rec_loss 0.0027, p_loss 0.0782, utilization 0.4524, perplexity 18571.5013,
Train Epoch: [9/30] Iters:[1770/1875] loss 0.1379, rec_loss 0.0027, p_loss 0.0782, utilization 0.4547, perplexity 18804.4093,
Train Epoch: [9/30] Iters:[1780/1875] loss 0.1366, rec_loss 0.0025, p_loss 0.0776, utilization 0.4541, perplexity 18867.8384,
Train Epoch: [9/30] Iters:[1790/1875] loss 0.1374, rec_loss 0.0025, p_loss 0.0779, utilization 0.4546, perplexity 18876.8114,
Train Epoch: [9/30] Iters:[1800/1875] loss 0.1379, rec_loss 0.0025, p_loss 0.0782, utilization 0.4541, perplexity 18709.1645,
Train Epoch: [9/30] Iters:[1810/1875] loss 0.1388, rec_loss 0.0026, p_loss 0.0788, utilization 0.4549, perplexity 18673.5149,
Train Epoch: [9/30] Iters:[1820/1875] loss 0.1365, rec_loss 0.0026, p_loss 0.0772, utilization 0.4536, perplexity 18545.7762,
Train Epoch: [9/30] Iters:[1830/1875] loss 0.1362, rec_loss 0.0026, p_loss 0.0767, utilization 0.4529, perplexity 18424.6390,
Train Epoch: [9/30] Iters:[1840/1875] loss 0.1348, rec_loss 0.0025, p_loss 0.0760, utilization 0.4517, perplexity 18426.2934,
Train Epoch: [9/30] Iters:[1850/1875] loss 0.1346, rec_loss 0.0025, p_loss 0.0759, utilization 0.4514, perplexity 18350.2955,
Train Epoch: [9/30] Iters:[1860/1875] loss 0.1349, rec_loss 0.0025, p_loss 0.0759, utilization 0.4515, perplexity 18513.5447,
Train Epoch: [9/30] Iters:[1870/1875] loss 0.1365, rec_loss 0.0025, p_loss 0.0771, utilization 0.4509, perplexity 18398.3810,
epoch:10, cur_lr:0.000073
Train Epoch: [10/30] Iters:[10/1875] loss 0.1354, rec_loss 0.0026, p_loss 0.0761, utilization 0.4501, perplexity 18275.7817,
Train Epoch: [10/30] Iters:[20/1875] loss 0.1350, rec_loss 0.0025, p_loss 0.0766, utilization 0.4515, perplexity 17994.4792,
Train Epoch: [10/30] Iters:[30/1875] loss 0.1340, rec_loss 0.0025, p_loss 0.0758, utilization 0.4530, perplexity 18466.0575,
Train Epoch: [10/30] Iters:[40/1875] loss 0.1346, rec_loss 0.0025, p_loss 0.0765, utilization 0.4505, perplexity 18087.4158,
Train Epoch: [10/30] Iters:[50/1875] loss 0.1362, rec_loss 0.0026, p_loss 0.0774, utilization 0.4525, perplexity 18324.0468,
Train Epoch: [10/30] Iters:[60/1875] loss 0.1378, rec_loss 0.0025, p_loss 0.0783, utilization 0.4553, perplexity 18615.5456,
Train Epoch: [10/30] Iters:[70/1875] loss 0.1393, rec_loss 0.0027, p_loss 0.0790, utilization 0.4545, perplexity 18680.5525,
Train Epoch: [10/30] Iters:[80/1875] loss 0.1418, rec_loss 0.0027, p_loss 0.0803, utilization 0.4552, perplexity 18542.1396,
Train Epoch: [10/30] Iters:[90/1875] loss 0.1430, rec_loss 0.0028, p_loss 0.0809, utilization 0.4578, perplexity 18852.5822,
Train Epoch: [10/30] Iters:[100/1875] loss 0.1427, rec_loss 0.0028, p_loss 0.0808, utilization 0.4560, perplexity 18712.2558,
Train Epoch: [10/30] Iters:[110/1875] loss 0.1407, rec_loss 0.0027, p_loss 0.0800, utilization 0.4524, perplexity 18391.8664,
Train Epoch: [10/30] Iters:[120/1875] loss 0.1393, rec_loss 0.0026, p_loss 0.0789, utilization 0.4537, perplexity 18605.6470,
Train Epoch: [10/30] Iters:[130/1875] loss 0.1378, rec_loss 0.0025, p_loss 0.0785, utilization 0.4526, perplexity 18577.6937,
Train Epoch: [10/30] Iters:[140/1875] loss 0.1374, rec_loss 0.0025, p_loss 0.0781, utilization 0.4513, perplexity 18476.5269,
Train Epoch: [10/30] Iters:[150/1875] loss 0.1370, rec_loss 0.0025, p_loss 0.0779, utilization 0.4503, perplexity 18348.6186,
Train Epoch: [10/30] Iters:[160/1875] loss 0.1368, rec_loss 0.0025, p_loss 0.0774, utilization 0.4506, perplexity 18372.2464,
Train Epoch: [10/30] Iters:[170/1875] loss 0.1360, rec_loss 0.0025, p_loss 0.0769, utilization 0.4505, perplexity 18352.5430,
Train Epoch: [10/30] Iters:[180/1875] loss 0.1355, rec_loss 0.0024, p_loss 0.0764, utilization 0.4509, perplexity 18530.5225,
Train Epoch: [10/30] Iters:[190/1875] loss 0.1342, rec_loss 0.0024, p_loss 0.0756, utilization 0.4511, perplexity 18592.0217,
Train Epoch: [10/30] Iters:[200/1875] loss 0.1333, rec_loss 0.0024, p_loss 0.0749, utilization 0.4513, perplexity 18647.7953,
Train Epoch: [10/30] Iters:[210/1875] loss 0.1345, rec_loss 0.0025, p_loss 0.0758, utilization 0.4531, perplexity 18774.5229,
Train Epoch: [10/30] Iters:[220/1875] loss 0.1361, rec_loss 0.0025, p_loss 0.0769, utilization 0.4523, perplexity 18600.6514,
Train Epoch: [10/30] Iters:[230/1875] loss 0.1376, rec_loss 0.0027, p_loss 0.0778, utilization 0.4512, perplexity 18325.4538,
Train Epoch: [10/30] Iters:[240/1875] loss 0.1381, rec_loss 0.0026, p_loss 0.0780, utilization 0.4524, perplexity 18379.6562,
Train Epoch: [10/30] Iters:[250/1875] loss 0.1382, rec_loss 0.0026, p_loss 0.0780, utilization 0.4540, perplexity 18566.6703,
Train Epoch: [10/30] Iters:[260/1875] loss 0.1388, rec_loss 0.0027, p_loss 0.0782, utilization 0.4534, perplexity 18492.0260,
Train Epoch: [10/30] Iters:[270/1875] loss 0.1389, rec_loss 0.0027, p_loss 0.0783, utilization 0.4541, perplexity 18609.2684,
Train Epoch: [10/30] Iters:[280/1875] loss 0.1393, rec_loss 0.0027, p_loss 0.0787, utilization 0.4545, perplexity 18668.5273,
Train Epoch: [10/30] Iters:[290/1875] loss 0.1402, rec_loss 0.0029, p_loss 0.0794, utilization 0.4534, perplexity 18610.6794,
Train Epoch: [10/30] Iters:[300/1875] loss 0.1401, rec_loss 0.0028, p_loss 0.0795, utilization 0.4522, perplexity 18410.3373,
Train Epoch: [10/30] Iters:[310/1875] loss 0.1388, rec_loss 0.0027, p_loss 0.0791, utilization 0.4514, perplexity 18381.8506,
Train Epoch: [10/30] Iters:[320/1875] loss 0.1382, rec_loss 0.0027, p_loss 0.0787, utilization 0.4519, perplexity 18355.4127,
Train Epoch: [10/30] Iters:[330/1875] loss 0.1367, rec_loss 0.0027, p_loss 0.0777, utilization 0.4511, perplexity 18199.8035,
Train Epoch: [10/30] Iters:[340/1875] loss 0.1356, rec_loss 0.0026, p_loss 0.0768, utilization 0.4523, perplexity 18311.6085,
Train Epoch: [10/30] Iters:[350/1875] loss 0.1363, rec_loss 0.0026, p_loss 0.0770, utilization 0.4532, perplexity 18404.3671,
Train Epoch: [10/30] Iters:[360/1875] loss 0.1372, rec_loss 0.0027, p_loss 0.0773, utilization 0.4535, perplexity 18359.6412,
Train Epoch: [10/30] Iters:[370/1875] loss 0.1365, rec_loss 0.0027, p_loss 0.0767, utilization 0.4542, perplexity 18565.6833,
Train Epoch: [10/30] Iters:[380/1875] loss 0.1352, rec_loss 0.0027, p_loss 0.0756, utilization 0.4553, perplexity 18822.9205,
Train Epoch: [10/30] Iters:[390/1875] loss 0.1350, rec_loss 0.0025, p_loss 0.0758, utilization 0.4542, perplexity 18665.9497,
Train Epoch: [10/30] Iters:[400/1875] loss 0.1344, rec_loss 0.0024, p_loss 0.0755, utilization 0.4544, perplexity 18768.2605,
Train Epoch: [10/30] Iters:[410/1875] loss 0.1337, rec_loss 0.0024, p_loss 0.0747, utilization 0.4564, perplexity 18997.5000,
Train Epoch: [10/30] Iters:[420/1875] loss 0.1339, rec_loss 0.0024, p_loss 0.0750, utilization 0.4536, perplexity 18630.2331,
Train Epoch: [10/30] Iters:[430/1875] loss 0.1356, rec_loss 0.0024, p_loss 0.0764, utilization 0.4525, perplexity 18411.3085,
Train Epoch: [10/30] Iters:[440/1875] loss 0.1358, rec_loss 0.0024, p_loss 0.0764, utilization 0.4539, perplexity 18655.1868,
Train Epoch: [10/30] Iters:[450/1875] loss 0.1374, rec_loss 0.0026, p_loss 0.0775, utilization 0.4524, perplexity 18407.7307,
Train Epoch: [10/30] Iters:[460/1875] loss 0.1371, rec_loss 0.0026, p_loss 0.0776, utilization 0.4497, perplexity 18142.3369,
Train Epoch: [10/30] Iters:[470/1875] loss 0.1381, rec_loss 0.0027, p_loss 0.0783, utilization 0.4513, perplexity 18331.8345,
Train Epoch: [10/30] Iters:[480/1875] loss 0.1379, rec_loss 0.0028, p_loss 0.0779, utilization 0.4525, perplexity 18564.3422,
Train Epoch: [10/30] Iters:[490/1875] loss 0.1385, rec_loss 0.0028, p_loss 0.0785, utilization 0.4512, perplexity 18432.3354,
Train Epoch: [10/30] Iters:[500/1875] loss 0.1372, rec_loss 0.0027, p_loss 0.0775, utilization 0.4529, perplexity 18647.0614,
Train Epoch: [10/30] Iters:[510/1875] loss 0.1378, rec_loss 0.0026, p_loss 0.0778, utilization 0.4535, perplexity 18718.5509,
Train Epoch: [10/30] Iters:[520/1875] loss 0.1373, rec_loss 0.0026, p_loss 0.0776, utilization 0.4518, perplexity 18598.4515,
Train Epoch: [10/30] Iters:[530/1875] loss 0.1386, rec_loss 0.0027, p_loss 0.0787, utilization 0.4504, perplexity 18437.6234,
Train Epoch: [10/30] Iters:[540/1875] loss 0.1381, rec_loss 0.0026, p_loss 0.0780, utilization 0.4514, perplexity 18465.9277,
Train Epoch: [10/30] Iters:[550/1875] loss 0.1381, rec_loss 0.0026, p_loss 0.0780, utilization 0.4516, perplexity 18441.4823,
Train Epoch: [10/30] Iters:[560/1875] loss 0.1388, rec_loss 0.0026, p_loss 0.0789, utilization 0.4504, perplexity 18287.3116,
Train Epoch: [10/30] Iters:[570/1875] loss 0.1390, rec_loss 0.0026, p_loss 0.0787, utilization 0.4532, perplexity 18557.7038,
Train Epoch: [10/30] Iters:[580/1875] loss 0.1379, rec_loss 0.0025, p_loss 0.0776, utilization 0.4543, perplexity 18649.3712,
Train Epoch: [10/30] Iters:[590/1875] loss 0.1382, rec_loss 0.0025, p_loss 0.0781, utilization 0.4528, perplexity 18498.0122,
Train Epoch: [10/30] Iters:[600/1875] loss 0.1384, rec_loss 0.0026, p_loss 0.0783, utilization 0.4519, perplexity 18424.0149,
Train Epoch: [10/30] Iters:[610/1875] loss 0.1385, rec_loss 0.0026, p_loss 0.0778, utilization 0.4537, perplexity 18623.9118,
Train Epoch: [10/30] Iters:[620/1875] loss 0.1375, rec_loss 0.0025, p_loss 0.0774, utilization 0.4535, perplexity 18627.9702,
Train Epoch: [10/30] Iters:[630/1875] loss 0.1366, rec_loss 0.0025, p_loss 0.0771, utilization 0.4527, perplexity 18546.8772,
Train Epoch: [10/30] Iters:[640/1875] loss 0.1368, rec_loss 0.0025, p_loss 0.0770, utilization 0.4551, perplexity 18782.7221,
Train Epoch: [10/30] Iters:[650/1875] loss 0.1366, rec_loss 0.0026, p_loss 0.0767, utilization 0.4563, perplexity 18991.7724,
Train Epoch: [10/30] Iters:[660/1875] loss 0.1353, rec_loss 0.0025, p_loss 0.0759, utilization 0.4537, perplexity 18768.4649,
Train Epoch: [10/30] Iters:[670/1875] loss 0.1365, rec_loss 0.0026, p_loss 0.0766, utilization 0.4527, perplexity 18495.1575,
Train Epoch: [10/30] Iters:[680/1875] loss 0.1374, rec_loss 0.0026, p_loss 0.0770, utilization 0.4539, perplexity 18680.4451,
Train Epoch: [10/30] Iters:[690/1875] loss 0.1366, rec_loss 0.0026, p_loss 0.0766, utilization 0.4520, perplexity 18481.3424,
Train Epoch: [10/30] Iters:[700/1875] loss 0.1373, rec_loss 0.0026, p_loss 0.0770, utilization 0.4513, perplexity 18331.0399,
Train Epoch: [10/30] Iters:[710/1875] loss 0.1378, rec_loss 0.0026, p_loss 0.0777, utilization 0.4513, perplexity 18315.5050,
Train Epoch: [10/30] Iters:[720/1875] loss 0.1363, rec_loss 0.0025, p_loss 0.0765, utilization 0.4516, perplexity 18503.2166,
Train Epoch: [10/30] Iters:[730/1875] loss 0.1361, rec_loss 0.0024, p_loss 0.0765, utilization 0.4510, perplexity 18340.9309,
Train Epoch: [10/30] Iters:[740/1875] loss 0.1362, rec_loss 0.0024, p_loss 0.0768, utilization 0.4505, perplexity 18374.2260,
Train Epoch: [10/30] Iters:[750/1875] loss 0.1357, rec_loss 0.0024, p_loss 0.0764, utilization 0.4498, perplexity 18292.3402,
Train Epoch: [10/30] Iters:[760/1875] loss 0.1350, rec_loss 0.0025, p_loss 0.0760, utilization 0.4512, perplexity 18501.3502,
Train Epoch: [10/30] Iters:[770/1875] loss 0.1366, rec_loss 0.0026, p_loss 0.0772, utilization 0.4510, perplexity 18447.9360,
Train Epoch: [10/30] Iters:[780/1875] loss 0.1367, rec_loss 0.0027, p_loss 0.0773, utilization 0.4510, perplexity 18493.7064,
Train Epoch: [10/30] Iters:[790/1875] loss 0.1383, rec_loss 0.0027, p_loss 0.0780, utilization 0.4526, perplexity 18581.2800,
Train Epoch: [10/30] Iters:[800/1875] loss 0.1391, rec_loss 0.0027, p_loss 0.0789, utilization 0.4531, perplexity 18646.8058,
Train Epoch: [10/30] Iters:[810/1875] loss 0.1404, rec_loss 0.0027, p_loss 0.0798, utilization 0.4546, perplexity 18759.1325,
Train Epoch: [10/30] Iters:[820/1875] loss 0.1395, rec_loss 0.0026, p_loss 0.0792, utilization 0.4542, perplexity 18681.1523,
Train Epoch: [10/30] Iters:[830/1875] loss 0.1394, rec_loss 0.0026, p_loss 0.0791, utilization 0.4545, perplexity 18704.6426,
Train Epoch: [10/30] Iters:[840/1875] loss 0.1367, rec_loss 0.0026, p_loss 0.0771, utilization 0.4527, perplexity 18572.1678,
Train Epoch: [10/30] Iters:[850/1875] loss 0.1351, rec_loss 0.0025, p_loss 0.0760, utilization 0.4513, perplexity 18478.9286,
Train Epoch: [10/30] Iters:[860/1875] loss 0.1352, rec_loss 0.0026, p_loss 0.0757, utilization 0.4517, perplexity 18449.8358,
Train Epoch: [10/30] Iters:[870/1875] loss 0.1352, rec_loss 0.0026, p_loss 0.0762, utilization 0.4497, perplexity 18267.6770,
Train Epoch: [10/30] Iters:[880/1875] loss 0.1354, rec_loss 0.0026, p_loss 0.0765, utilization 0.4498, perplexity 18236.9181,
Train Epoch: [10/30] Iters:[890/1875] loss 0.1376, rec_loss 0.0027, p_loss 0.0781, utilization 0.4521, perplexity 18444.5788,
Train Epoch: [10/30] Iters:[900/1875] loss 0.1390, rec_loss 0.0028, p_loss 0.0790, utilization 0.4529, perplexity 18417.7367,
Train Epoch: [10/30] Iters:[910/1875] loss 0.1381, rec_loss 0.0027, p_loss 0.0782, utilization 0.4521, perplexity 18382.5290,
Train Epoch: [10/30] Iters:[920/1875] loss 0.1391, rec_loss 0.0028, p_loss 0.0789, utilization 0.4550, perplexity 18661.8338,
Train Epoch: [10/30] Iters:[930/1875] loss 0.1389, rec_loss 0.0028, p_loss 0.0784, utilization 0.4551, perplexity 18624.6575,
Train Epoch: [10/30] Iters:[940/1875] loss 0.1388, rec_loss 0.0028, p_loss 0.0784, utilization 0.4531, perplexity 18464.6818,
Train Epoch: [10/30] Iters:[950/1875] loss 0.1382, rec_loss 0.0026, p_loss 0.0777, utilization 0.4532, perplexity 18561.6015,
Train Epoch: [10/30] Iters:[960/1875] loss 0.1381, rec_loss 0.0026, p_loss 0.0779, utilization 0.4520, perplexity 18474.3173,
Train Epoch: [10/30] Iters:[970/1875] loss 0.1360, rec_loss 0.0025, p_loss 0.0759, utilization 0.4524, perplexity 18452.7823,
Train Epoch: [10/30] Iters:[980/1875] loss 0.1364, rec_loss 0.0024, p_loss 0.0763, utilization 0.4506, perplexity 18326.6236,
Train Epoch: [10/30] Iters:[990/1875] loss 0.1360, rec_loss 0.0024, p_loss 0.0762, utilization 0.4514, perplexity 18304.2669,
Train Epoch: [10/30] Iters:[1000/1875] loss 0.1361, rec_loss 0.0025, p_loss 0.0764, utilization 0.4517, perplexity 18311.0820,
Train Epoch: [10/30] Iters:[1010/1875] loss 0.1359, rec_loss 0.0025, p_loss 0.0763, utilization 0.4528, perplexity 18442.9664,
Train Epoch: [10/30] Iters:[1020/1875] loss 0.1363, rec_loss 0.0026, p_loss 0.0771, utilization 0.4509, perplexity 18364.9530,
Train Epoch: [10/30] Iters:[1030/1875] loss 0.1348, rec_loss 0.0025, p_loss 0.0762, utilization 0.4536, perplexity 18744.7717,
Train Epoch: [10/30] Iters:[1040/1875] loss 0.1348, rec_loss 0.0025, p_loss 0.0763, utilization 0.4529, perplexity 18714.7248,
Train Epoch: [10/30] Iters:[1050/1875] loss 0.1344, rec_loss 0.0025, p_loss 0.0761, utilization 0.4532, perplexity 18806.2387,
Train Epoch: [10/30] Iters:[1060/1875] loss 0.1340, rec_loss 0.0025, p_loss 0.0759, utilization 0.4519, perplexity 18619.5748,
Train Epoch: [10/30] Iters:[1070/1875] loss 0.1347, rec_loss 0.0024, p_loss 0.0760, utilization 0.4538, perplexity 18716.9054,
Train Epoch: [10/30] Iters:[1080/1875] loss 0.1346, rec_loss 0.0025, p_loss 0.0759, utilization 0.4521, perplexity 18406.8417,
Train Epoch: [10/30] Iters:[1090/1875] loss 0.1347, rec_loss 0.0025, p_loss 0.0758, utilization 0.4525, perplexity 18501.6069,
Train Epoch: [10/30] Iters:[1100/1875] loss 0.1343, rec_loss 0.0025, p_loss 0.0754, utilization 0.4514, perplexity 18327.2808,
Train Epoch: [10/30] Iters:[1110/1875] loss 0.1348, rec_loss 0.0025, p_loss 0.0761, utilization 0.4520, perplexity 18377.7291,
Train Epoch: [10/30] Iters:[1120/1875] loss 0.1348, rec_loss 0.0025, p_loss 0.0761, utilization 0.4518, perplexity 18362.7133,
Train Epoch: [10/30] Iters:[1130/1875] loss 0.1352, rec_loss 0.0025, p_loss 0.0763, utilization 0.4526, perplexity 18517.6420,
Train Epoch: [10/30] Iters:[1140/1875] loss 0.1350, rec_loss 0.0025, p_loss 0.0764, utilization 0.4522, perplexity 18484.5201,
Train Epoch: [10/30] Iters:[1150/1875] loss 0.1357, rec_loss 0.0025, p_loss 0.0766, utilization 0.4537, perplexity 18693.1278,
Train Epoch: [10/30] Iters:[1160/1875] loss 0.1361, rec_loss 0.0025, p_loss 0.0764, utilization 0.4552, perplexity 18970.8921,
Train Epoch: [10/30] Iters:[1170/1875] loss 0.1357, rec_loss 0.0025, p_loss 0.0760, utilization 0.4554, perplexity 18961.0979,
Train Epoch: [10/30] Iters:[1180/1875] loss 0.1350, rec_loss 0.0025, p_loss 0.0755, utilization 0.4547, perplexity 18921.7114,
Train Epoch: [10/30] Iters:[1190/1875] loss 0.1338, rec_loss 0.0024, p_loss 0.0748, utilization 0.4560, perplexity 18995.5497,
Train Epoch: [10/30] Iters:[1200/1875] loss 0.1337, rec_loss 0.0024, p_loss 0.0748, utilization 0.4560, perplexity 18941.5531,
Train Epoch: [10/30] Iters:[1210/1875] loss 0.1333, rec_loss 0.0024, p_loss 0.0747, utilization 0.4549, perplexity 18668.5123,
Train Epoch: [10/30] Iters:[1220/1875] loss 0.1330, rec_loss 0.0024, p_loss 0.0746, utilization 0.4541, perplexity 18614.0709,
Train Epoch: [10/30] Iters:[1230/1875] loss 0.1328, rec_loss 0.0024, p_loss 0.0743, utilization 0.4540, perplexity 18579.6632,
Train Epoch: [10/30] Iters:[1240/1875] loss 0.1334, rec_loss 0.0024, p_loss 0.0748, utilization 0.4516, perplexity 18408.8396,
Train Epoch: [10/30] Iters:[1250/1875] loss 0.1341, rec_loss 0.0025, p_loss 0.0752, utilization 0.4508, perplexity 18297.0229,
Train Epoch: [10/30] Iters:[1260/1875] loss 0.1347, rec_loss 0.0026, p_loss 0.0755, utilization 0.4494, perplexity 18274.7354,
Train Epoch: [10/30] Iters:[1270/1875] loss 0.1353, rec_loss 0.0025, p_loss 0.0759, utilization 0.4488, perplexity 18237.1218,
Train Epoch: [10/30] Iters:[1280/1875] loss 0.1364, rec_loss 0.0026, p_loss 0.0767, utilization 0.4493, perplexity 18247.6795,
Train Epoch: [10/30] Iters:[1290/1875] loss 0.1377, rec_loss 0.0026, p_loss 0.0772, utilization 0.4518, perplexity 18460.2951,
Train Epoch: [10/30] Iters:[1300/1875] loss 0.1373, rec_loss 0.0025, p_loss 0.0772, utilization 0.4520, perplexity 18528.9854,
Train Epoch: [10/30] Iters:[1310/1875] loss 0.1363, rec_loss 0.0025, p_loss 0.0768, utilization 0.4530, perplexity 18642.8302,
Train Epoch: [10/30] Iters:[1320/1875] loss 0.1367, rec_loss 0.0025, p_loss 0.0771, utilization 0.4531, perplexity 18596.2461,
Train Epoch: [10/30] Iters:[1330/1875] loss 0.1381, rec_loss 0.0025, p_loss 0.0777, utilization 0.4540, perplexity 18642.9840,
Train Epoch: [10/30] Iters:[1340/1875] loss 0.1369, rec_loss 0.0025, p_loss 0.0769, utilization 0.4527, perplexity 18554.9955,
Train Epoch: [10/30] Iters:[1350/1875] loss 0.1365, rec_loss 0.0025, p_loss 0.0767, utilization 0.4514, perplexity 18378.6832,
Train Epoch: [10/30] Iters:[1360/1875] loss 0.1361, rec_loss 0.0025, p_loss 0.0764, utilization 0.4515, perplexity 18357.3513,
Train Epoch: [10/30] Iters:[1370/1875] loss 0.1352, rec_loss 0.0025, p_loss 0.0757, utilization 0.4525, perplexity 18501.6301,
Train Epoch: [10/30] Iters:[1380/1875] loss 0.1336, rec_loss 0.0025, p_loss 0.0749, utilization 0.4522, perplexity 18563.4948,
Train Epoch: [10/30] Iters:[1390/1875] loss 0.1333, rec_loss 0.0024, p_loss 0.0749, utilization 0.4522, perplexity 18533.2229,
Train Epoch: [10/30] Iters:[1400/1875] loss 0.1337, rec_loss 0.0025, p_loss 0.0748, utilization 0.4534, perplexity 18623.2680,
Train Epoch: [10/30] Iters:[1410/1875] loss 0.1341, rec_loss 0.0025, p_loss 0.0752, utilization 0.4530, perplexity 18500.2364,
Train Epoch: [10/30] Iters:[1420/1875] loss 0.1340, rec_loss 0.0025, p_loss 0.0752, utilization 0.4514, perplexity 18336.4929,
Train Epoch: [10/30] Iters:[1430/1875] loss 0.1340, rec_loss 0.0025, p_loss 0.0752, utilization 0.4521, perplexity 18343.4531,
Train Epoch: [10/30] Iters:[1440/1875] loss 0.1367, rec_loss 0.0026, p_loss 0.0772, utilization 0.4519, perplexity 18242.5153,
Train Epoch: [10/30] Iters:[1450/1875] loss 0.1371, rec_loss 0.0026, p_loss 0.0779, utilization 0.4504, perplexity 18087.8961,
Train Epoch: [10/30] Iters:[1460/1875] loss 0.1372, rec_loss 0.0025, p_loss 0.0776, utilization 0.4521, perplexity 18386.9815,
Train Epoch: [10/30] Iters:[1470/1875] loss 0.1384, rec_loss 0.0026, p_loss 0.0784, utilization 0.4528, perplexity 18505.7831,
Train Epoch: [10/30] Iters:[1480/1875] loss 0.1388, rec_loss 0.0026, p_loss 0.0787, utilization 0.4516, perplexity 18368.8193,
Train Epoch: [10/30] Iters:[1490/1875] loss 0.1368, rec_loss 0.0026, p_loss 0.0768, utilization 0.4523, perplexity 18483.6825,
Train Epoch: [10/30] Iters:[1500/1875] loss 0.1359, rec_loss 0.0025, p_loss 0.0761, utilization 0.4535, perplexity 18575.3947,
Train Epoch: [10/30] Iters:[1510/1875] loss 0.1362, rec_loss 0.0026, p_loss 0.0766, utilization 0.4524, perplexity 18379.3335,
Train Epoch: [10/30] Iters:[1520/1875] loss 0.1360, rec_loss 0.0026, p_loss 0.0767, utilization 0.4523, perplexity 18243.2572,
Train Epoch: [10/30] Iters:[1530/1875] loss 0.1359, rec_loss 0.0025, p_loss 0.0764, utilization 0.4532, perplexity 18332.8868,
Train Epoch: [10/30] Iters:[1540/1875] loss 0.1358, rec_loss 0.0025, p_loss 0.0766, utilization 0.4539, perplexity 18528.6787,
Train Epoch: [10/30] Iters:[1550/1875] loss 0.1363, rec_loss 0.0026, p_loss 0.0767, utilization 0.4540, perplexity 18568.8819,
Train Epoch: [10/30] Iters:[1560/1875] loss 0.1360, rec_loss 0.0026, p_loss 0.0766, utilization 0.4529, perplexity 18447.7947,
Train Epoch: [10/30] Iters:[1570/1875] loss 0.1348, rec_loss 0.0025, p_loss 0.0757, utilization 0.4528, perplexity 18610.4497,
Train Epoch: [10/30] Iters:[1580/1875] loss 0.1352, rec_loss 0.0024, p_loss 0.0762, utilization 0.4533, perplexity 18597.9510,
Train Epoch: [10/30] Iters:[1590/1875] loss 0.1365, rec_loss 0.0025, p_loss 0.0771, utilization 0.4532, perplexity 18572.9757,
Train Epoch: [10/30] Iters:[1600/1875] loss 0.1355, rec_loss 0.0024, p_loss 0.0766, utilization 0.4537, perplexity 18744.3046,
Train Epoch: [10/30] Iters:[1610/1875] loss 0.1356, rec_loss 0.0024, p_loss 0.0763, utilization 0.4559, perplexity 18978.4899,
Train Epoch: [10/30] Iters:[1620/1875] loss 0.1354, rec_loss 0.0025, p_loss 0.0763, utilization 0.4558, perplexity 19005.3866,
Train Epoch: [10/30] Iters:[1630/1875] loss 0.1342, rec_loss 0.0024, p_loss 0.0753, utilization 0.4550, perplexity 19028.6253,
Train Epoch: [10/30] Iters:[1640/1875] loss 0.1332, rec_loss 0.0023, p_loss 0.0746, utilization 0.4535, perplexity 18875.9984,
Train Epoch: [10/30] Iters:[1650/1875] loss 0.1348, rec_loss 0.0024, p_loss 0.0753, utilization 0.4538, perplexity 18791.0016,
Train Epoch: [10/30] Iters:[1660/1875] loss 0.1350, rec_loss 0.0024, p_loss 0.0757, utilization 0.4526, perplexity 18682.7788,
Train Epoch: [10/30] Iters:[1670/1875] loss 0.1368, rec_loss 0.0025, p_loss 0.0765, utilization 0.4537, perplexity 18667.3614,
Train Epoch: [10/30] Iters:[1680/1875] loss 0.1377, rec_loss 0.0025, p_loss 0.0773, utilization 0.4537, perplexity 18681.7246,
Train Epoch: [10/30] Iters:[1690/1875] loss 0.1371, rec_loss 0.0026, p_loss 0.0772, utilization 0.4529, perplexity 18536.6677,
Train Epoch: [10/30] Iters:[1700/1875] loss 0.1368, rec_loss 0.0026, p_loss 0.0772, utilization 0.4525, perplexity 18482.8107,
Train Epoch: [10/30] Iters:[1710/1875] loss 0.1371, rec_loss 0.0026, p_loss 0.0771, utilization 0.4534, perplexity 18511.8339,
Train Epoch: [10/30] Iters:[1720/1875] loss 0.1350, rec_loss 0.0026, p_loss 0.0761, utilization 0.4519, perplexity 18333.9791,
Train Epoch: [10/30] Iters:[1730/1875] loss 0.1356, rec_loss 0.0025, p_loss 0.0764, utilization 0.4504, perplexity 18013.7663,
Train Epoch: [10/30] Iters:[1740/1875] loss 0.1361, rec_loss 0.0025, p_loss 0.0765, utilization 0.4526, perplexity 18300.9840,
Train Epoch: [10/30] Iters:[1750/1875] loss 0.1363, rec_loss 0.0025, p_loss 0.0766, utilization 0.4529, perplexity 18205.6309,
Train Epoch: [10/30] Iters:[1760/1875] loss 0.1360, rec_loss 0.0025, p_loss 0.0766, utilization 0.4527, perplexity 18263.1071,
Train Epoch: [10/30] Iters:[1770/1875] loss 0.1377, rec_loss 0.0025, p_loss 0.0775, utilization 0.4534, perplexity 18337.6986,
Train Epoch: [10/30] Iters:[1780/1875] loss 0.1371, rec_loss 0.0025, p_loss 0.0769, utilization 0.4555, perplexity 18705.6840,
Train Epoch: [10/30] Iters:[1790/1875] loss 0.1366, rec_loss 0.0025, p_loss 0.0765, utilization 0.4544, perplexity 18588.4734,
Train Epoch: [10/30] Iters:[1800/1875] loss 0.1351, rec_loss 0.0024, p_loss 0.0755, utilization 0.4526, perplexity 18514.0185,
Train Epoch: [10/30] Iters:[1810/1875] loss 0.1348, rec_loss 0.0024, p_loss 0.0751, utilization 0.4527, perplexity 18496.3619,
Train Epoch: [10/30] Iters:[1820/1875] loss 0.1332, rec_loss 0.0023, p_loss 0.0742, utilization 0.4525, perplexity 18611.2127,
Train Epoch: [10/30] Iters:[1830/1875] loss 0.1333, rec_loss 0.0024, p_loss 0.0744, utilization 0.4516, perplexity 18448.8821,
Train Epoch: [10/30] Iters:[1840/1875] loss 0.1341, rec_loss 0.0023, p_loss 0.0750, utilization 0.4529, perplexity 18581.7955,
Train Epoch: [10/30] Iters:[1850/1875] loss 0.1347, rec_loss 0.0024, p_loss 0.0753, utilization 0.4547, perplexity 18755.2145,
Train Epoch: [10/30] Iters:[1860/1875] loss 0.1348, rec_loss 0.0025, p_loss 0.0752, utilization 0.4541, perplexity 18705.9879,
Train Epoch: [10/30] Iters:[1870/1875] loss 0.1359, rec_loss 0.0025, p_loss 0.0757, utilization 0.4560, perplexity 18846.5618,
Loading pretrained model LPIPS from /home/sunset/.cache/torch/hub/pyiqa/LPIPS_v0.1_alex-df73285e.pth
PSNR:33.828255892944334  SSIM:0.9143485601425171  LPIPS:0.03986269218921661
Loading pretrained model LPIPS from /home/sunset/.cache/torch/hub/pyiqa/LPIPS_v0.1_alex-df73285e.pth
epoch:11, cur_lr:0.000070
Train Epoch: [11/30] Iters:[10/1875] loss 0.1343, rec_loss 0.0026, p_loss 0.0746, utilization 0.4544, perplexity 18900.4184,
Train Epoch: [11/30] Iters:[20/1875] loss 0.1346, rec_loss 0.0026, p_loss 0.0752, utilization 0.4531, perplexity 18484.7432,
Train Epoch: [11/30] Iters:[30/1875] loss 0.1333, rec_loss 0.0025, p_loss 0.0745, utilization 0.4511, perplexity 18421.1076,
Train Epoch: [11/30] Iters:[40/1875] loss 0.1345, rec_loss 0.0026, p_loss 0.0753, utilization 0.4521, perplexity 18420.0183,
Train Epoch: [11/30] Iters:[50/1875] loss 0.1347, rec_loss 0.0027, p_loss 0.0756, utilization 0.4511, perplexity 18354.3752,
Train Epoch: [11/30] Iters:[60/1875] loss 0.1351, rec_loss 0.0027, p_loss 0.0759, utilization 0.4510, perplexity 18298.8773,
Train Epoch: [11/30] Iters:[70/1875] loss 0.1349, rec_loss 0.0026, p_loss 0.0755, utilization 0.4515, perplexity 18378.0512,
Train Epoch: [11/30] Iters:[80/1875] loss 0.1350, rec_loss 0.0026, p_loss 0.0755, utilization 0.4523, perplexity 18403.5394,
Train Epoch: [11/30] Iters:[90/1875] loss 0.1339, rec_loss 0.0025, p_loss 0.0748, utilization 0.4521, perplexity 18429.4500,
Train Epoch: [11/30] Iters:[100/1875] loss 0.1338, rec_loss 0.0024, p_loss 0.0744, utilization 0.4543, perplexity 18686.1411,
Train Epoch: [11/30] Iters:[110/1875] loss 0.1335, rec_loss 0.0024, p_loss 0.0742, utilization 0.4533, perplexity 18618.1898,
Train Epoch: [11/30] Iters:[120/1875] loss 0.1334, rec_loss 0.0023, p_loss 0.0741, utilization 0.4533, perplexity 18658.1971,
Train Epoch: [11/30] Iters:[130/1875] loss 0.1340, rec_loss 0.0023, p_loss 0.0747, utilization 0.4532, perplexity 18649.5449,
Train Epoch: [11/30] Iters:[140/1875] loss 0.1352, rec_loss 0.0024, p_loss 0.0755, utilization 0.4546, perplexity 18866.9544,
Train Epoch: [11/30] Iters:[150/1875] loss 0.1337, rec_loss 0.0024, p_loss 0.0747, utilization 0.4513, perplexity 18479.9055,
Train Epoch: [11/30] Iters:[160/1875] loss 0.1351, rec_loss 0.0024, p_loss 0.0754, utilization 0.4527, perplexity 18563.3229,
Train Epoch: [11/30] Iters:[170/1875] loss 0.1364, rec_loss 0.0025, p_loss 0.0764, utilization 0.4531, perplexity 18526.9078,
Train Epoch: [11/30] Iters:[180/1875] loss 0.1357, rec_loss 0.0025, p_loss 0.0756, utilization 0.4536, perplexity 18556.3865,
Train Epoch: [11/30] Iters:[190/1875] loss 0.1350, rec_loss 0.0025, p_loss 0.0751, utilization 0.4519, perplexity 18333.6645,
Train Epoch: [11/30] Iters:[200/1875] loss 0.1365, rec_loss 0.0026, p_loss 0.0760, utilization 0.4551, perplexity 18658.3134,
Train Epoch: [11/30] Iters:[210/1875] loss 0.1355, rec_loss 0.0026, p_loss 0.0755, utilization 0.4540, perplexity 18604.1068,
Train Epoch: [11/30] Iters:[220/1875] loss 0.1345, rec_loss 0.0025, p_loss 0.0748, utilization 0.4533, perplexity 18610.7850,
Train Epoch: [11/30] Iters:[230/1875] loss 0.1351, rec_loss 0.0026, p_loss 0.0753, utilization 0.4538, perplexity 18663.8854,
Train Epoch: [11/30] Iters:[240/1875] loss 0.1359, rec_loss 0.0026, p_loss 0.0761, utilization 0.4546, perplexity 18717.9837,
Train Epoch: [11/30] Iters:[250/1875] loss 0.1356, rec_loss 0.0026, p_loss 0.0757, utilization 0.4531, perplexity 18583.7762,
Train Epoch: [11/30] Iters:[260/1875] loss 0.1347, rec_loss 0.0025, p_loss 0.0755, utilization 0.4526, perplexity 18427.6898,
Train Epoch: [11/30] Iters:[270/1875] loss 0.1346, rec_loss 0.0025, p_loss 0.0753, utilization 0.4530, perplexity 18474.4907,
Train Epoch: [11/30] Iters:[280/1875] loss 0.1346, rec_loss 0.0024, p_loss 0.0754, utilization 0.4532, perplexity 18453.6899,
Train Epoch: [11/30] Iters:[290/1875] loss 0.1339, rec_loss 0.0024, p_loss 0.0749, utilization 0.4509, perplexity 18198.8419,
Train Epoch: [11/30] Iters:[300/1875] loss 0.1338, rec_loss 0.0024, p_loss 0.0746, utilization 0.4508, perplexity 18146.0462,
Train Epoch: [11/30] Iters:[310/1875] loss 0.1353, rec_loss 0.0025, p_loss 0.0754, utilization 0.4534, perplexity 18502.9412,
Train Epoch: [11/30] Iters:[320/1875] loss 0.1352, rec_loss 0.0026, p_loss 0.0756, utilization 0.4539, perplexity 18670.9248,
Train Epoch: [11/30] Iters:[330/1875] loss 0.1357, rec_loss 0.0026, p_loss 0.0759, utilization 0.4516, perplexity 18461.8891,
Train Epoch: [11/30] Iters:[340/1875] loss 0.1353, rec_loss 0.0026, p_loss 0.0755, utilization 0.4526, perplexity 18629.7564,
Train Epoch: [11/30] Iters:[350/1875] loss 0.1350, rec_loss 0.0025, p_loss 0.0755, utilization 0.4533, perplexity 18721.9794,
Train Epoch: [11/30] Iters:[360/1875] loss 0.1329, rec_loss 0.0024, p_loss 0.0741, utilization 0.4517, perplexity 18513.8353,
Train Epoch: [11/30] Iters:[370/1875] loss 0.1335, rec_loss 0.0024, p_loss 0.0743, utilization 0.4502, perplexity 18178.9387,
Train Epoch: [11/30] Iters:[380/1875] loss 0.1330, rec_loss 0.0025, p_loss 0.0740, utilization 0.4518, perplexity 18255.9838,
Train Epoch: [11/30] Iters:[390/1875] loss 0.1340, rec_loss 0.0025, p_loss 0.0747, utilization 0.4523, perplexity 18271.6699,
Train Epoch: [11/30] Iters:[400/1875] loss 0.1345, rec_loss 0.0026, p_loss 0.0753, utilization 0.4536, perplexity 18428.2615,
Train Epoch: [11/30] Iters:[410/1875] loss 0.1357, rec_loss 0.0026, p_loss 0.0763, utilization 0.4534, perplexity 18408.8696,
Train Epoch: [11/30] Iters:[420/1875] loss 0.1360, rec_loss 0.0026, p_loss 0.0762, utilization 0.4546, perplexity 18547.6682,
Train Epoch: [11/30] Iters:[430/1875] loss 0.1372, rec_loss 0.0026, p_loss 0.0770, utilization 0.4562, perplexity 18765.9837,
Train Epoch: [11/30] Iters:[440/1875] loss 0.1362, rec_loss 0.0025, p_loss 0.0763, utilization 0.4552, perplexity 18685.5801,
Train Epoch: [11/30] Iters:[450/1875] loss 0.1359, rec_loss 0.0025, p_loss 0.0758, utilization 0.4531, perplexity 18534.4790,
Train Epoch: [11/30] Iters:[460/1875] loss 0.1361, rec_loss 0.0024, p_loss 0.0756, utilization 0.4552, perplexity 18738.7960,
Train Epoch: [11/30] Iters:[470/1875] loss 0.1363, rec_loss 0.0025, p_loss 0.0763, utilization 0.4537, perplexity 18706.7199,
Train Epoch: [11/30] Iters:[480/1875] loss 0.1363, rec_loss 0.0025, p_loss 0.0762, utilization 0.4517, perplexity 18530.0621,
Train Epoch: [11/30] Iters:[490/1875] loss 0.1366, rec_loss 0.0026, p_loss 0.0763, utilization 0.4526, perplexity 18630.4003,
Train Epoch: [11/30] Iters:[500/1875] loss 0.1371, rec_loss 0.0026, p_loss 0.0765, utilization 0.4538, perplexity 18809.8390,
Train Epoch: [11/30] Iters:[510/1875] loss 0.1369, rec_loss 0.0026, p_loss 0.0768, utilization 0.4512, perplexity 18524.6241,
Train Epoch: [11/30] Iters:[520/1875] loss 0.1370, rec_loss 0.0027, p_loss 0.0764, utilization 0.4516, perplexity 18517.3043,
Train Epoch: [11/30] Iters:[530/1875] loss 0.1364, rec_loss 0.0026, p_loss 0.0763, utilization 0.4528, perplexity 18699.0293,
Train Epoch: [11/30] Iters:[540/1875] loss 0.1355, rec_loss 0.0026, p_loss 0.0757, utilization 0.4526, perplexity 18694.1247,
Train Epoch: [11/30] Iters:[550/1875] loss 0.1359, rec_loss 0.0026, p_loss 0.0761, utilization 0.4520, perplexity 18498.2120,
Train Epoch: [11/30] Iters:[560/1875] loss 0.1361, rec_loss 0.0026, p_loss 0.0761, utilization 0.4523, perplexity 18510.8697,
Train Epoch: [11/30] Iters:[570/1875] loss 0.1354, rec_loss 0.0025, p_loss 0.0757, utilization 0.4530, perplexity 18525.5276,
Train Epoch: [11/30] Iters:[580/1875] loss 0.1346, rec_loss 0.0025, p_loss 0.0751, utilization 0.4526, perplexity 18457.4227,
Train Epoch: [11/30] Iters:[590/1875] loss 0.1351, rec_loss 0.0025, p_loss 0.0753, utilization 0.4517, perplexity 18308.7808,
Train Epoch: [11/30] Iters:[600/1875] loss 0.1353, rec_loss 0.0026, p_loss 0.0752, utilization 0.4522, perplexity 18329.3774,
Train Epoch: [11/30] Iters:[610/1875] loss 0.1342, rec_loss 0.0025, p_loss 0.0744, utilization 0.4529, perplexity 18447.9938,
Train Epoch: [11/30] Iters:[620/1875] loss 0.1335, rec_loss 0.0025, p_loss 0.0740, utilization 0.4518, perplexity 18367.6346,
Train Epoch: [11/30] Iters:[630/1875] loss 0.1333, rec_loss 0.0025, p_loss 0.0737, utilization 0.4510, perplexity 18239.9483,
Train Epoch: [11/30] Iters:[640/1875] loss 0.1344, rec_loss 0.0025, p_loss 0.0745, utilization 0.4533, perplexity 18510.0837,
Train Epoch: [11/30] Iters:[650/1875] loss 0.1338, rec_loss 0.0024, p_loss 0.0745, utilization 0.4514, perplexity 18381.1494,
Train Epoch: [11/30] Iters:[660/1875] loss 0.1340, rec_loss 0.0024, p_loss 0.0745, utilization 0.4520, perplexity 18425.0147,
Train Epoch: [11/30] Iters:[670/1875] loss 0.1343, rec_loss 0.0025, p_loss 0.0747, utilization 0.4542, perplexity 18670.5937,
Train Epoch: [11/30] Iters:[680/1875] loss 0.1344, rec_loss 0.0025, p_loss 0.0751, utilization 0.4535, perplexity 18623.2709,
Train Epoch: [11/30] Iters:[690/1875] loss 0.1338, rec_loss 0.0025, p_loss 0.0750, utilization 0.4516, perplexity 18433.5637,
Train Epoch: [11/30] Iters:[700/1875] loss 0.1339, rec_loss 0.0025, p_loss 0.0749, utilization 0.4548, perplexity 18787.3384,
Train Epoch: [11/30] Iters:[710/1875] loss 0.1337, rec_loss 0.0025, p_loss 0.0749, utilization 0.4536, perplexity 18798.6588,
Train Epoch: [11/30] Iters:[720/1875] loss 0.1336, rec_loss 0.0024, p_loss 0.0748, utilization 0.4527, perplexity 18813.5004,
Train Epoch: [11/30] Iters:[730/1875] loss 0.1337, rec_loss 0.0024, p_loss 0.0747, utilization 0.4542, perplexity 19016.3181,
Train Epoch: [11/30] Iters:[740/1875] loss 0.1332, rec_loss 0.0023, p_loss 0.0743, utilization 0.4543, perplexity 18977.5135,
Train Epoch: [11/30] Iters:[750/1875] loss 0.1328, rec_loss 0.0023, p_loss 0.0741, utilization 0.4532, perplexity 18834.4211,
Train Epoch: [11/30] Iters:[760/1875] loss 0.1334, rec_loss 0.0023, p_loss 0.0744, utilization 0.4545, perplexity 18935.1899,
Train Epoch: [11/30] Iters:[770/1875] loss 0.1342, rec_loss 0.0024, p_loss 0.0750, utilization 0.4536, perplexity 18788.9139,
Train Epoch: [11/30] Iters:[780/1875] loss 0.1350, rec_loss 0.0024, p_loss 0.0752, utilization 0.4547, perplexity 18865.0259,
Train Epoch: [11/30] Iters:[790/1875] loss 0.1349, rec_loss 0.0025, p_loss 0.0751, utilization 0.4534, perplexity 18779.5702,
Train Epoch: [11/30] Iters:[800/1875] loss 0.1343, rec_loss 0.0025, p_loss 0.0749, utilization 0.4518, perplexity 18561.2852,
Train Epoch: [11/30] Iters:[810/1875] loss 0.1338, rec_loss 0.0025, p_loss 0.0744, utilization 0.4526, perplexity 18666.0039,
Train Epoch: [11/30] Iters:[820/1875] loss 0.1324, rec_loss 0.0024, p_loss 0.0735, utilization 0.4528, perplexity 18678.2752,
Train Epoch: [11/30] Iters:[830/1875] loss 0.1305, rec_loss 0.0023, p_loss 0.0728, utilization 0.4507, perplexity 18481.8014,
Train Epoch: [11/30] Iters:[840/1875] loss 0.1330, rec_loss 0.0024, p_loss 0.0739, utilization 0.4546, perplexity 18898.3740,
Train Epoch: [11/30] Iters:[850/1875] loss 0.1333, rec_loss 0.0024, p_loss 0.0742, utilization 0.4544, perplexity 18935.1667,
Train Epoch: [11/30] Iters:[860/1875] loss 0.1340, rec_loss 0.0025, p_loss 0.0749, utilization 0.4527, perplexity 18706.0368,
Train Epoch: [11/30] Iters:[870/1875] loss 0.1350, rec_loss 0.0025, p_loss 0.0757, utilization 0.4524, perplexity 18618.9254,
Train Epoch: [11/30] Iters:[880/1875] loss 0.1373, rec_loss 0.0026, p_loss 0.0772, utilization 0.4538, perplexity 18637.2183,
Train Epoch: [11/30] Iters:[890/1875] loss 0.1351, rec_loss 0.0025, p_loss 0.0763, utilization 0.4505, perplexity 18288.5357,
Train Epoch: [11/30] Iters:[900/1875] loss 0.1357, rec_loss 0.0025, p_loss 0.0761, utilization 0.4528, perplexity 18517.7970,
Train Epoch: [11/30] Iters:[910/1875] loss 0.1357, rec_loss 0.0024, p_loss 0.0760, utilization 0.4532, perplexity 18473.2390,
Train Epoch: [11/30] Iters:[920/1875] loss 0.1361, rec_loss 0.0024, p_loss 0.0759, utilization 0.4553, perplexity 18679.3409,
Train Epoch: [11/30] Iters:[930/1875] loss 0.1357, rec_loss 0.0025, p_loss 0.0755, utilization 0.4551, perplexity 18693.7537,
Train Epoch: [11/30] Iters:[940/1875] loss 0.1362, rec_loss 0.0025, p_loss 0.0756, utilization 0.4566, perplexity 18762.1976,
Train Epoch: [11/30] Iters:[950/1875] loss 0.1368, rec_loss 0.0025, p_loss 0.0762, utilization 0.4558, perplexity 18566.6893,
Train Epoch: [11/30] Iters:[960/1875] loss 0.1375, rec_loss 0.0026, p_loss 0.0768, utilization 0.4562, perplexity 18646.4364,
Train Epoch: [11/30] Iters:[970/1875] loss 0.1375, rec_loss 0.0026, p_loss 0.0767, utilization 0.4543, perplexity 18415.1980,
Train Epoch: [11/30] Iters:[980/1875] loss 0.1370, rec_loss 0.0026, p_loss 0.0762, utilization 0.4540, perplexity 18430.7355,
Train Epoch: [11/30] Iters:[990/1875] loss 0.1372, rec_loss 0.0026, p_loss 0.0765, utilization 0.4544, perplexity 18466.7421,
Train Epoch: [11/30] Iters:[1000/1875] loss 0.1366, rec_loss 0.0026, p_loss 0.0762, utilization 0.4523, perplexity 18380.3253,
Train Epoch: [11/30] Iters:[1010/1875] loss 0.1346, rec_loss 0.0025, p_loss 0.0747, utilization 0.4511, perplexity 18261.9585,
Train Epoch: [11/30] Iters:[1020/1875] loss 0.1335, rec_loss 0.0024, p_loss 0.0741, utilization 0.4509, perplexity 18273.9810,
Train Epoch: [11/30] Iters:[1030/1875] loss 0.1325, rec_loss 0.0024, p_loss 0.0736, utilization 0.4484, perplexity 17961.1773,
Train Epoch: [11/30] Iters:[1040/1875] loss 0.1327, rec_loss 0.0024, p_loss 0.0735, utilization 0.4483, perplexity 17928.2935,
Train Epoch: [11/30] Iters:[1050/1875] loss 0.1327, rec_loss 0.0024, p_loss 0.0734, utilization 0.4504, perplexity 18076.8120,
Train Epoch: [11/30] Iters:[1060/1875] loss 0.1334, rec_loss 0.0024, p_loss 0.0740, utilization 0.4509, perplexity 18179.6815,
Train Epoch: [11/30] Iters:[1070/1875] loss 0.1340, rec_loss 0.0024, p_loss 0.0747, utilization 0.4512, perplexity 18107.9129,
Train Epoch: [11/30] Iters:[1080/1875] loss 0.1340, rec_loss 0.0024, p_loss 0.0749, utilization 0.4529, perplexity 18337.5031,
Train Epoch: [11/30] Iters:[1090/1875] loss 0.1331, rec_loss 0.0024, p_loss 0.0742, utilization 0.4529, perplexity 18485.7812,
Train Epoch: [11/30] Iters:[1100/1875] loss 0.1327, rec_loss 0.0023, p_loss 0.0741, utilization 0.4520, perplexity 18417.6577,
Train Epoch: [11/30] Iters:[1110/1875] loss 0.1344, rec_loss 0.0025, p_loss 0.0750, utilization 0.4526, perplexity 18333.3792,
Train Epoch: [11/30] Iters:[1120/1875] loss 0.1335, rec_loss 0.0024, p_loss 0.0740, utilization 0.4535, perplexity 18657.5753,
Train Epoch: [11/30] Iters:[1130/1875] loss 0.1344, rec_loss 0.0025, p_loss 0.0747, utilization 0.4530, perplexity 18592.2505,
Train Epoch: [11/30] Iters:[1140/1875] loss 0.1356, rec_loss 0.0025, p_loss 0.0754, utilization 0.4544, perplexity 18644.2907,
Train Epoch: [11/30] Iters:[1150/1875] loss 0.1369, rec_loss 0.0026, p_loss 0.0760, utilization 0.4549, perplexity 18690.4063,
Train Epoch: [11/30] Iters:[1160/1875] loss 0.1359, rec_loss 0.0025, p_loss 0.0755, utilization 0.4542, perplexity 18652.1106,
Train Epoch: [11/30] Iters:[1170/1875] loss 0.1370, rec_loss 0.0025, p_loss 0.0762, utilization 0.4530, perplexity 18408.4936,
Train Epoch: [11/30] Iters:[1180/1875] loss 0.1365, rec_loss 0.0024, p_loss 0.0756, utilization 0.4535, perplexity 18556.8307,
Train Epoch: [11/30] Iters:[1190/1875] loss 0.1352, rec_loss 0.0024, p_loss 0.0750, utilization 0.4511, perplexity 18285.0847,
Train Epoch: [11/30] Iters:[1200/1875] loss 0.1340, rec_loss 0.0024, p_loss 0.0745, utilization 0.4515, perplexity 18336.1276,
Train Epoch: [11/30] Iters:[1210/1875] loss 0.1338, rec_loss 0.0024, p_loss 0.0743, utilization 0.4536, perplexity 18610.6512,
Train Epoch: [11/30] Iters:[1220/1875] loss 0.1331, rec_loss 0.0024, p_loss 0.0741, utilization 0.4530, perplexity 18533.5924,
Train Epoch: [11/30] Iters:[1230/1875] loss 0.1323, rec_loss 0.0024, p_loss 0.0736, utilization 0.4530, perplexity 18440.0861,
Train Epoch: [11/30] Iters:[1240/1875] loss 0.1332, rec_loss 0.0025, p_loss 0.0740, utilization 0.4544, perplexity 18662.9720,
Train Epoch: [11/30] Iters:[1250/1875] loss 0.1331, rec_loss 0.0025, p_loss 0.0737, utilization 0.4536, perplexity 18621.7388,
Train Epoch: [11/30] Iters:[1260/1875] loss 0.1330, rec_loss 0.0026, p_loss 0.0741, utilization 0.4511, perplexity 18383.7773,
Train Epoch: [11/30] Iters:[1270/1875] loss 0.1329, rec_loss 0.0025, p_loss 0.0739, utilization 0.4523, perplexity 18517.4646,
Train Epoch: [11/30] Iters:[1280/1875] loss 0.1337, rec_loss 0.0025, p_loss 0.0741, utilization 0.4525, perplexity 18559.1587,
Train Epoch: [11/30] Iters:[1290/1875] loss 0.1337, rec_loss 0.0025, p_loss 0.0745, utilization 0.4514, perplexity 18414.4464,
Train Epoch: [11/30] Iters:[1300/1875] loss 0.1339, rec_loss 0.0025, p_loss 0.0747, utilization 0.4499, perplexity 18241.4752,
Train Epoch: [11/30] Iters:[1310/1875] loss 0.1341, rec_loss 0.0024, p_loss 0.0744, utilization 0.4503, perplexity 18283.2809,
Train Epoch: [11/30] Iters:[1320/1875] loss 0.1334, rec_loss 0.0024, p_loss 0.0739, utilization 0.4497, perplexity 18137.0996,
Train Epoch: [11/30] Iters:[1330/1875] loss 0.1335, rec_loss 0.0024, p_loss 0.0742, utilization 0.4493, perplexity 18098.1926,
Train Epoch: [11/30] Iters:[1340/1875] loss 0.1335, rec_loss 0.0024, p_loss 0.0740, utilization 0.4506, perplexity 18270.0851,
Train Epoch: [11/30] Iters:[1350/1875] loss 0.1341, rec_loss 0.0024, p_loss 0.0744, utilization 0.4522, perplexity 18373.1725,
Train Epoch: [11/30] Iters:[1360/1875] loss 0.1357, rec_loss 0.0024, p_loss 0.0754, utilization 0.4541, perplexity 18534.5167,
Train Epoch: [11/30] Iters:[1370/1875] loss 0.1369, rec_loss 0.0025, p_loss 0.0766, utilization 0.4539, perplexity 18652.1105,
Train Epoch: [11/30] Iters:[1380/1875] loss 0.1372, rec_loss 0.0025, p_loss 0.0766, utilization 0.4539, perplexity 18674.8359,
Train Epoch: [11/30] Iters:[1390/1875] loss 0.1362, rec_loss 0.0025, p_loss 0.0757, utilization 0.4533, perplexity 18685.2808,
Train Epoch: [11/30] Iters:[1400/1875] loss 0.1355, rec_loss 0.0024, p_loss 0.0752, utilization 0.4544, perplexity 18898.1414,
Train Epoch: [11/30] Iters:[1410/1875] loss 0.1326, rec_loss 0.0023, p_loss 0.0732, utilization 0.4520, perplexity 18689.4239,
Train Epoch: [11/30] Iters:[1420/1875] loss 0.1313, rec_loss 0.0023, p_loss 0.0720, utilization 0.4524, perplexity 18715.9461,
Train Epoch: [11/30] Iters:[1430/1875] loss 0.1309, rec_loss 0.0023, p_loss 0.0720, utilization 0.4513, perplexity 18650.5168,
Train Epoch: [11/30] Iters:[1440/1875] loss 0.1313, rec_loss 0.0023, p_loss 0.0724, utilization 0.4510, perplexity 18475.9009,
Train Epoch: [11/30] Iters:[1450/1875] loss 0.1317, rec_loss 0.0025, p_loss 0.0727, utilization 0.4495, perplexity 18298.1298,
Train Epoch: [11/30] Iters:[1460/1875] loss 0.1327, rec_loss 0.0025, p_loss 0.0737, utilization 0.4502, perplexity 18347.4750,
Train Epoch: [11/30] Iters:[1470/1875] loss 0.1345, rec_loss 0.0026, p_loss 0.0748, utilization 0.4512, perplexity 18391.0744,
Train Epoch: [11/30] Iters:[1480/1875] loss 0.1349, rec_loss 0.0027, p_loss 0.0751, utilization 0.4527, perplexity 18498.7988,
Train Epoch: [11/30] Iters:[1490/1875] loss 0.1350, rec_loss 0.0026, p_loss 0.0751, utilization 0.4521, perplexity 18469.9450,
Train Epoch: [11/30] Iters:[1500/1875] loss 0.1360, rec_loss 0.0026, p_loss 0.0757, utilization 0.4544, perplexity 18726.6663,
Train Epoch: [11/30] Iters:[1510/1875] loss 0.1362, rec_loss 0.0026, p_loss 0.0758, utilization 0.4541, perplexity 18633.3732,
Train Epoch: [11/30] Iters:[1520/1875] loss 0.1344, rec_loss 0.0025, p_loss 0.0747, utilization 0.4515, perplexity 18393.1411,
Train Epoch: [11/30] Iters:[1530/1875] loss 0.1340, rec_loss 0.0025, p_loss 0.0746, utilization 0.4507, perplexity 18206.5605,
Train Epoch: [11/30] Iters:[1540/1875] loss 0.1333, rec_loss 0.0025, p_loss 0.0744, utilization 0.4512, perplexity 18314.0486,
Train Epoch: [11/30] Iters:[1550/1875] loss 0.1321, rec_loss 0.0024, p_loss 0.0736, utilization 0.4498, perplexity 18196.3359,
Train Epoch: [11/30] Iters:[1560/1875] loss 0.1315, rec_loss 0.0023, p_loss 0.0732, utilization 0.4498, perplexity 18381.3160,
Train Epoch: [11/30] Iters:[1570/1875] loss 0.1334, rec_loss 0.0023, p_loss 0.0745, utilization 0.4532, perplexity 18816.4117,
Train Epoch: [11/30] Iters:[1580/1875] loss 0.1339, rec_loss 0.0024, p_loss 0.0747, utilization 0.4547, perplexity 19128.7267,
Train Epoch: [11/30] Iters:[1590/1875] loss 0.1341, rec_loss 0.0024, p_loss 0.0746, utilization 0.4557, perplexity 19176.8449,
Train Epoch: [11/30] Iters:[1600/1875] loss 0.1334, rec_loss 0.0023, p_loss 0.0740, utilization 0.4550, perplexity 19079.5803,
Train Epoch: [11/30] Iters:[1610/1875] loss 0.1353, rec_loss 0.0025, p_loss 0.0751, utilization 0.4555, perplexity 18919.8528,
Train Epoch: [11/30] Iters:[1620/1875] loss 0.1347, rec_loss 0.0025, p_loss 0.0744, utilization 0.4546, perplexity 18657.6192,
Train Epoch: [11/30] Iters:[1630/1875] loss 0.1346, rec_loss 0.0024, p_loss 0.0744, utilization 0.4555, perplexity 18645.4785,
Train Epoch: [11/30] Iters:[1640/1875] loss 0.1346, rec_loss 0.0025, p_loss 0.0742, utilization 0.4530, perplexity 18466.7259,
Train Epoch: [11/30] Iters:[1650/1875] loss 0.1363, rec_loss 0.0026, p_loss 0.0756, utilization 0.4530, perplexity 18415.3386,
Train Epoch: [11/30] Iters:[1660/1875] loss 0.1358, rec_loss 0.0026, p_loss 0.0752, utilization 0.4536, perplexity 18612.2129,
Train Epoch: [11/30] Iters:[1670/1875] loss 0.1358, rec_loss 0.0025, p_loss 0.0754, utilization 0.4541, perplexity 18750.9870,
Train Epoch: [11/30] Iters:[1680/1875] loss 0.1359, rec_loss 0.0026, p_loss 0.0754, utilization 0.4519, perplexity 18588.1659,
Train Epoch: [11/30] Iters:[1690/1875] loss 0.1356, rec_loss 0.0025, p_loss 0.0753, utilization 0.4536, perplexity 18644.5002,
Train Epoch: [11/30] Iters:[1700/1875] loss 0.1337, rec_loss 0.0025, p_loss 0.0737, utilization 0.4535, perplexity 18661.3180,
Train Epoch: [11/30] Iters:[1710/1875] loss 0.1325, rec_loss 0.0024, p_loss 0.0732, utilization 0.4523, perplexity 18483.6801,
Train Epoch: [11/30] Iters:[1720/1875] loss 0.1332, rec_loss 0.0024, p_loss 0.0737, utilization 0.4530, perplexity 18585.0087,
Train Epoch: [11/30] Iters:[1730/1875] loss 0.1320, rec_loss 0.0024, p_loss 0.0730, utilization 0.4525, perplexity 18464.4173,
Train Epoch: [11/30] Iters:[1740/1875] loss 0.1329, rec_loss 0.0024, p_loss 0.0735, utilization 0.4541, perplexity 18612.4254,
Train Epoch: [11/30] Iters:[1750/1875] loss 0.1343, rec_loss 0.0024, p_loss 0.0744, utilization 0.4556, perplexity 18854.3088,
Train Epoch: [11/30] Iters:[1760/1875] loss 0.1341, rec_loss 0.0024, p_loss 0.0741, utilization 0.4558, perplexity 18758.5142,
Train Epoch: [11/30] Iters:[1770/1875] loss 0.1334, rec_loss 0.0024, p_loss 0.0737, utilization 0.4540, perplexity 18498.2328,
Train Epoch: [11/30] Iters:[1780/1875] loss 0.1340, rec_loss 0.0024, p_loss 0.0740, utilization 0.4556, perplexity 18718.1796,
Train Epoch: [11/30] Iters:[1790/1875] loss 0.1334, rec_loss 0.0024, p_loss 0.0735, utilization 0.4549, perplexity 18763.1400,
Train Epoch: [11/30] Iters:[1800/1875] loss 0.1328, rec_loss 0.0024, p_loss 0.0734, utilization 0.4537, perplexity 18542.6064,
Train Epoch: [11/30] Iters:[1810/1875] loss 0.1341, rec_loss 0.0025, p_loss 0.0744, utilization 0.4515, perplexity 18417.1799,
Train Epoch: [11/30] Iters:[1820/1875] loss 0.1353, rec_loss 0.0025, p_loss 0.0750, utilization 0.4517, perplexity 18498.7774,
Train Epoch: [11/30] Iters:[1830/1875] loss 0.1354, rec_loss 0.0025, p_loss 0.0753, utilization 0.4498, perplexity 18325.8898,
Train Epoch: [11/30] Iters:[1840/1875] loss 0.1364, rec_loss 0.0025, p_loss 0.0762, utilization 0.4499, perplexity 18256.0231,
Train Epoch: [11/30] Iters:[1850/1875] loss 0.1366, rec_loss 0.0026, p_loss 0.0759, utilization 0.4505, perplexity 18308.9221,
Train Epoch: [11/30] Iters:[1860/1875] loss 0.1354, rec_loss 0.0025, p_loss 0.0751, utilization 0.4532, perplexity 18716.1116,
Train Epoch: [11/30] Iters:[1870/1875] loss 0.1350, rec_loss 0.0024, p_loss 0.0750, utilization 0.4542, perplexity 18740.1541,
epoch:12, cur_lr:0.000067
Train Epoch: [12/30] Iters:[10/1875] loss 0.1300, rec_loss 0.0022, p_loss 0.0722, utilization 0.4595, perplexity 19264.1434,
Train Epoch: [12/30] Iters:[20/1875] loss 0.1311, rec_loss 0.0022, p_loss 0.0720, utilization 0.4595, perplexity 19169.3388,
Train Epoch: [12/30] Iters:[30/1875] loss 0.1334, rec_loss 0.0024, p_loss 0.0737, utilization 0.4573, perplexity 19000.5139,
Train Epoch: [12/30] Iters:[40/1875] loss 0.1333, rec_loss 0.0024, p_loss 0.0737, utilization 0.4559, perplexity 18899.1729,
Train Epoch: [12/30] Iters:[50/1875] loss 0.1328, rec_loss 0.0024, p_loss 0.0732, utilization 0.4563, perplexity 18869.9278,
Train Epoch: [12/30] Iters:[60/1875] loss 0.1332, rec_loss 0.0025, p_loss 0.0734, utilization 0.4557, perplexity 18784.1326,
Train Epoch: [12/30] Iters:[70/1875] loss 0.1337, rec_loss 0.0025, p_loss 0.0741, utilization 0.4539, perplexity 18635.7742,
Train Epoch: [12/30] Iters:[80/1875] loss 0.1330, rec_loss 0.0024, p_loss 0.0736, utilization 0.4542, perplexity 18675.2620,
Train Epoch: [12/30] Iters:[90/1875] loss 0.1332, rec_loss 0.0024, p_loss 0.0737, utilization 0.4553, perplexity 18819.3918,
Train Epoch: [12/30] Iters:[100/1875] loss 0.1337, rec_loss 0.0024, p_loss 0.0743, utilization 0.4546, perplexity 18785.2511,
Train Epoch: [12/30] Iters:[110/1875] loss 0.1334, rec_loss 0.0023, p_loss 0.0741, utilization 0.4548, perplexity 18836.1483,
Train Epoch: [12/30] Iters:[120/1875] loss 0.1344, rec_loss 0.0024, p_loss 0.0750, utilization 0.4556, perplexity 18918.2525,
Train Epoch: [12/30] Iters:[130/1875] loss 0.1354, rec_loss 0.0025, p_loss 0.0753, utilization 0.4556, perplexity 18911.5359,
Train Epoch: [12/30] Iters:[140/1875] loss 0.1352, rec_loss 0.0025, p_loss 0.0751, utilization 0.4552, perplexity 18772.5977,
Train Epoch: [12/30] Iters:[150/1875] loss 0.1352, rec_loss 0.0025, p_loss 0.0749, utilization 0.4551, perplexity 18817.6289,
Train Epoch: [12/30] Iters:[160/1875] loss 0.1360, rec_loss 0.0027, p_loss 0.0753, utilization 0.4544, perplexity 18720.4743,
Train Epoch: [12/30] Iters:[170/1875] loss 0.1334, rec_loss 0.0025, p_loss 0.0733, utilization 0.4527, perplexity 18532.6180,
Train Epoch: [12/30] Iters:[180/1875] loss 0.1330, rec_loss 0.0025, p_loss 0.0732, utilization 0.4531, perplexity 18646.3633,
Train Epoch: [12/30] Iters:[190/1875] loss 0.1329, rec_loss 0.0025, p_loss 0.0731, utilization 0.4518, perplexity 18591.2367,
Train Epoch: [12/30] Iters:[200/1875] loss 0.1330, rec_loss 0.0025, p_loss 0.0734, utilization 0.4508, perplexity 18496.2424,
Train Epoch: [12/30] Iters:[210/1875] loss 0.1323, rec_loss 0.0024, p_loss 0.0731, utilization 0.4499, perplexity 18363.2253,
Train Epoch: [12/30] Iters:[220/1875] loss 0.1339, rec_loss 0.0024, p_loss 0.0740, utilization 0.4515, perplexity 18531.8199,
Train Epoch: [12/30] Iters:[230/1875] loss 0.1337, rec_loss 0.0024, p_loss 0.0739, utilization 0.4522, perplexity 18467.5247,
Train Epoch: [12/30] Iters:[240/1875] loss 0.1334, rec_loss 0.0024, p_loss 0.0739, utilization 0.4531, perplexity 18505.6167,
Train Epoch: [12/30] Iters:[250/1875] loss 0.1321, rec_loss 0.0023, p_loss 0.0730, utilization 0.4535, perplexity 18557.1913,
Train Epoch: [12/30] Iters:[260/1875] loss 0.1322, rec_loss 0.0023, p_loss 0.0727, utilization 0.4544, perplexity 18724.8040,
Train Epoch: [12/30] Iters:[270/1875] loss 0.1319, rec_loss 0.0023, p_loss 0.0727, utilization 0.4552, perplexity 18817.4793,
Train Epoch: [12/30] Iters:[280/1875] loss 0.1313, rec_loss 0.0023, p_loss 0.0722, utilization 0.4541, perplexity 18812.4147,
Train Epoch: [12/30] Iters:[290/1875] loss 0.1313, rec_loss 0.0023, p_loss 0.0721, utilization 0.4546, perplexity 18856.2912,
Train Epoch: [12/30] Iters:[300/1875] loss 0.1325, rec_loss 0.0023, p_loss 0.0728, utilization 0.4551, perplexity 18844.6724,
Train Epoch: [12/30] Iters:[310/1875] loss 0.1322, rec_loss 0.0024, p_loss 0.0727, utilization 0.4549, perplexity 18897.8467,
Train Epoch: [12/30] Iters:[320/1875] loss 0.1334, rec_loss 0.0024, p_loss 0.0735, utilization 0.4537, perplexity 18765.3941,
Train Epoch: [12/30] Iters:[330/1875] loss 0.1332, rec_loss 0.0024, p_loss 0.0735, utilization 0.4528, perplexity 18620.8473,
Train Epoch: [12/30] Iters:[340/1875] loss 0.1341, rec_loss 0.0024, p_loss 0.0739, utilization 0.4523, perplexity 18492.9933,
Train Epoch: [12/30] Iters:[350/1875] loss 0.1329, rec_loss 0.0024, p_loss 0.0733, utilization 0.4510, perplexity 18377.5769,
Train Epoch: [12/30] Iters:[360/1875] loss 0.1344, rec_loss 0.0024, p_loss 0.0743, utilization 0.4510, perplexity 18312.6552,
Train Epoch: [12/30] Iters:[370/1875] loss 0.1335, rec_loss 0.0024, p_loss 0.0737, utilization 0.4520, perplexity 18363.0327,
Train Epoch: [12/30] Iters:[380/1875] loss 0.1340, rec_loss 0.0025, p_loss 0.0742, utilization 0.4523, perplexity 18433.9913,
Train Epoch: [12/30] Iters:[390/1875] loss 0.1341, rec_loss 0.0025, p_loss 0.0743, utilization 0.4537, perplexity 18672.4931,
Train Epoch: [12/30] Iters:[400/1875] loss 0.1352, rec_loss 0.0026, p_loss 0.0751, utilization 0.4548, perplexity 18791.2105,
Train Epoch: [12/30] Iters:[410/1875] loss 0.1340, rec_loss 0.0025, p_loss 0.0741, utilization 0.4546, perplexity 18781.6586,
Train Epoch: [12/30] Iters:[420/1875] loss 0.1327, rec_loss 0.0025, p_loss 0.0733, utilization 0.4536, perplexity 18769.0215,
Train Epoch: [12/30] Iters:[430/1875] loss 0.1325, rec_loss 0.0024, p_loss 0.0731, utilization 0.4548, perplexity 18900.6123,
Train Epoch: [12/30] Iters:[440/1875] loss 0.1320, rec_loss 0.0024, p_loss 0.0730, utilization 0.4527, perplexity 18670.0573,
Train Epoch: [12/30] Iters:[450/1875] loss 0.1319, rec_loss 0.0024, p_loss 0.0728, utilization 0.4525, perplexity 18717.8208,
Train Epoch: [12/30] Iters:[460/1875] loss 0.1335, rec_loss 0.0024, p_loss 0.0741, utilization 0.4518, perplexity 18548.7341,
Train Epoch: [12/30] Iters:[470/1875] loss 0.1347, rec_loss 0.0025, p_loss 0.0751, utilization 0.4523, perplexity 18587.0729,
Train Epoch: [12/30] Iters:[480/1875] loss 0.1344, rec_loss 0.0025, p_loss 0.0749, utilization 0.4510, perplexity 18433.8199,
Train Epoch: [12/30] Iters:[490/1875] loss 0.1343, rec_loss 0.0025, p_loss 0.0747, utilization 0.4515, perplexity 18682.7671,
Train Epoch: [12/30] Iters:[500/1875] loss 0.1348, rec_loss 0.0026, p_loss 0.0752, utilization 0.4524, perplexity 18687.3780,
Train Epoch: [12/30] Iters:[510/1875] loss 0.1341, rec_loss 0.0025, p_loss 0.0745, utilization 0.4539, perplexity 18901.3149,
Train Epoch: [12/30] Iters:[520/1875] loss 0.1328, rec_loss 0.0024, p_loss 0.0735, utilization 0.4535, perplexity 18747.2692,
Train Epoch: [12/30] Iters:[530/1875] loss 0.1327, rec_loss 0.0024, p_loss 0.0734, utilization 0.4540, perplexity 18788.0346,
Train Epoch: [12/30] Iters:[540/1875] loss 0.1325, rec_loss 0.0024, p_loss 0.0732, utilization 0.4551, perplexity 18776.8616,
Train Epoch: [12/30] Iters:[550/1875] loss 0.1326, rec_loss 0.0023, p_loss 0.0730, utilization 0.4549, perplexity 18764.9497,
Train Epoch: [12/30] Iters:[560/1875] loss 0.1324, rec_loss 0.0024, p_loss 0.0732, utilization 0.4544, perplexity 18592.9307,
Train Epoch: [12/30] Iters:[570/1875] loss 0.1329, rec_loss 0.0023, p_loss 0.0733, utilization 0.4539, perplexity 18627.6533,
Train Epoch: [12/30] Iters:[580/1875] loss 0.1328, rec_loss 0.0024, p_loss 0.0733, utilization 0.4530, perplexity 18510.7973,
Train Epoch: [12/30] Iters:[590/1875] loss 0.1322, rec_loss 0.0024, p_loss 0.0728, utilization 0.4509, perplexity 18163.7991,
Train Epoch: [12/30] Iters:[600/1875] loss 0.1316, rec_loss 0.0024, p_loss 0.0725, utilization 0.4508, perplexity 18183.4977,
Train Epoch: [12/30] Iters:[610/1875] loss 0.1307, rec_loss 0.0024, p_loss 0.0720, utilization 0.4502, perplexity 18202.9239,
Train Epoch: [12/30] Iters:[620/1875] loss 0.1316, rec_loss 0.0025, p_loss 0.0726, utilization 0.4513, perplexity 18158.4785,
Train Epoch: [12/30] Iters:[630/1875] loss 0.1316, rec_loss 0.0025, p_loss 0.0726, utilization 0.4521, perplexity 18212.6057,
Train Epoch: [12/30] Iters:[640/1875] loss 0.1339, rec_loss 0.0025, p_loss 0.0743, utilization 0.4522, perplexity 18298.1936,
Train Epoch: [12/30] Iters:[650/1875] loss 0.1334, rec_loss 0.0024, p_loss 0.0739, utilization 0.4516, perplexity 18256.3359,
Train Epoch: [12/30] Iters:[660/1875] loss 0.1343, rec_loss 0.0025, p_loss 0.0744, utilization 0.4506, perplexity 18173.5868,
Train Epoch: [12/30] Iters:[670/1875] loss 0.1340, rec_loss 0.0025, p_loss 0.0741, utilization 0.4512, perplexity 18352.9713,
Train Epoch: [12/30] Iters:[680/1875] loss 0.1337, rec_loss 0.0024, p_loss 0.0739, utilization 0.4500, perplexity 18202.4423,
Train Epoch: [12/30] Iters:[690/1875] loss 0.1326, rec_loss 0.0024, p_loss 0.0731, utilization 0.4512, perplexity 18306.4099,
Train Epoch: [12/30] Iters:[700/1875] loss 0.1336, rec_loss 0.0025, p_loss 0.0738, utilization 0.4511, perplexity 18219.0369,
Train Epoch: [12/30] Iters:[710/1875] loss 0.1341, rec_loss 0.0024, p_loss 0.0739, utilization 0.4537, perplexity 18544.7280,
Train Epoch: [12/30] Iters:[720/1875] loss 0.1333, rec_loss 0.0024, p_loss 0.0736, utilization 0.4517, perplexity 18383.2564,
Train Epoch: [12/30] Iters:[730/1875] loss 0.1337, rec_loss 0.0024, p_loss 0.0740, utilization 0.4529, perplexity 18515.3220,
Train Epoch: [12/30] Iters:[740/1875] loss 0.1322, rec_loss 0.0024, p_loss 0.0731, utilization 0.4535, perplexity 18643.4037,
Train Epoch: [12/30] Iters:[750/1875] loss 0.1328, rec_loss 0.0024, p_loss 0.0738, utilization 0.4524, perplexity 18435.8176,
Train Epoch: [12/30] Iters:[760/1875] loss 0.1312, rec_loss 0.0023, p_loss 0.0729, utilization 0.4513, perplexity 18326.1691,
Train Epoch: [12/30] Iters:[770/1875] loss 0.1321, rec_loss 0.0023, p_loss 0.0733, utilization 0.4520, perplexity 18403.6952,
Train Epoch: [12/30] Iters:[780/1875] loss 0.1325, rec_loss 0.0023, p_loss 0.0735, utilization 0.4523, perplexity 18512.6426,
Train Epoch: [12/30] Iters:[790/1875] loss 0.1336, rec_loss 0.0024, p_loss 0.0739, utilization 0.4516, perplexity 18409.9805,
Train Epoch: [12/30] Iters:[800/1875] loss 0.1325, rec_loss 0.0023, p_loss 0.0728, utilization 0.4541, perplexity 18844.5086,
Train Epoch: [12/30] Iters:[810/1875] loss 0.1327, rec_loss 0.0023, p_loss 0.0729, utilization 0.4541, perplexity 18843.8047,
Train Epoch: [12/30] Iters:[820/1875] loss 0.1326, rec_loss 0.0024, p_loss 0.0728, utilization 0.4538, perplexity 18745.0314,
Train Epoch: [12/30] Iters:[830/1875] loss 0.1322, rec_loss 0.0024, p_loss 0.0725, utilization 0.4537, perplexity 18677.8340,
Train Epoch: [12/30] Iters:[840/1875] loss 0.1326, rec_loss 0.0024, p_loss 0.0728, utilization 0.4544, perplexity 18715.4123,
Train Epoch: [12/30] Iters:[850/1875] loss 0.1315, rec_loss 0.0023, p_loss 0.0722, utilization 0.4529, perplexity 18532.8187,
Train Epoch: [12/30] Iters:[860/1875] loss 0.1314, rec_loss 0.0023, p_loss 0.0721, utilization 0.4535, perplexity 18564.0836,
Train Epoch: [12/30] Iters:[870/1875] loss 0.1309, rec_loss 0.0023, p_loss 0.0717, utilization 0.4528, perplexity 18614.2657,
Train Epoch: [12/30] Iters:[880/1875] loss 0.1308, rec_loss 0.0023, p_loss 0.0719, utilization 0.4530, perplexity 18672.6970,
Train Epoch: [12/30] Iters:[890/1875] loss 0.1310, rec_loss 0.0023, p_loss 0.0721, utilization 0.4525, perplexity 18621.8711,
Train Epoch: [12/30] Iters:[900/1875] loss 0.1318, rec_loss 0.0024, p_loss 0.0727, utilization 0.4522, perplexity 18636.0319,
Train Epoch: [12/30] Iters:[910/1875] loss 0.1333, rec_loss 0.0024, p_loss 0.0738, utilization 0.4512, perplexity 18521.5854,
Train Epoch: [12/30] Iters:[920/1875] loss 0.1335, rec_loss 0.0025, p_loss 0.0740, utilization 0.4520, perplexity 18463.2885,
Train Epoch: [12/30] Iters:[930/1875] loss 0.1339, rec_loss 0.0025, p_loss 0.0743, utilization 0.4514, perplexity 18424.9234,
Train Epoch: [12/30] Iters:[940/1875] loss 0.1333, rec_loss 0.0025, p_loss 0.0738, utilization 0.4513, perplexity 18445.7331,
Train Epoch: [12/30] Iters:[950/1875] loss 0.1328, rec_loss 0.0024, p_loss 0.0736, utilization 0.4524, perplexity 18555.9268,
Train Epoch: [12/30] Iters:[960/1875] loss 0.1319, rec_loss 0.0024, p_loss 0.0728, utilization 0.4538, perplexity 18597.8701,
Train Epoch: [12/30] Iters:[970/1875] loss 0.1322, rec_loss 0.0024, p_loss 0.0730, utilization 0.4534, perplexity 18576.5854,
Train Epoch: [12/30] Iters:[980/1875] loss 0.1316, rec_loss 0.0024, p_loss 0.0726, utilization 0.4518, perplexity 18435.2374,
Train Epoch: [12/30] Iters:[990/1875] loss 0.1327, rec_loss 0.0024, p_loss 0.0732, utilization 0.4517, perplexity 18391.6811,
Train Epoch: [12/30] Iters:[1000/1875] loss 0.1346, rec_loss 0.0025, p_loss 0.0746, utilization 0.4522, perplexity 18372.0820,
Train Epoch: [12/30] Iters:[1010/1875] loss 0.1344, rec_loss 0.0025, p_loss 0.0746, utilization 0.4511, perplexity 18314.6581,
Train Epoch: [12/30] Iters:[1020/1875] loss 0.1335, rec_loss 0.0025, p_loss 0.0740, utilization 0.4518, perplexity 18429.0489,
Train Epoch: [12/30] Iters:[1030/1875] loss 0.1337, rec_loss 0.0024, p_loss 0.0739, utilization 0.4529, perplexity 18470.2840,
Train Epoch: [12/30] Iters:[1040/1875] loss 0.1333, rec_loss 0.0024, p_loss 0.0735, utilization 0.4547, perplexity 18713.1121,
Train Epoch: [12/30] Iters:[1050/1875] loss 0.1324, rec_loss 0.0025, p_loss 0.0728, utilization 0.4540, perplexity 18631.3713,
Train Epoch: [12/30] Iters:[1060/1875] loss 0.1318, rec_loss 0.0024, p_loss 0.0722, utilization 0.4545, perplexity 18814.4505,
Train Epoch: [12/30] Iters:[1070/1875] loss 0.1331, rec_loss 0.0025, p_loss 0.0730, utilization 0.4541, perplexity 18800.5759,
Train Epoch: [12/30] Iters:[1080/1875] loss 0.1332, rec_loss 0.0025, p_loss 0.0734, utilization 0.4544, perplexity 18875.6624,
Train Epoch: [12/30] Iters:[1090/1875] loss 0.1318, rec_loss 0.0024, p_loss 0.0727, utilization 0.4512, perplexity 18542.6175,
Train Epoch: [12/30] Iters:[1100/1875] loss 0.1317, rec_loss 0.0023, p_loss 0.0725, utilization 0.4506, perplexity 18467.8364,
Train Epoch: [12/30] Iters:[1110/1875] loss 0.1313, rec_loss 0.0023, p_loss 0.0722, utilization 0.4523, perplexity 18618.3003,
Train Epoch: [12/30] Iters:[1120/1875] loss 0.1307, rec_loss 0.0023, p_loss 0.0718, utilization 0.4540, perplexity 18782.9373,
Train Epoch: [12/30] Iters:[1130/1875] loss 0.1298, rec_loss 0.0023, p_loss 0.0712, utilization 0.4528, perplexity 18535.9629,
Train Epoch: [12/30] Iters:[1140/1875] loss 0.1297, rec_loss 0.0023, p_loss 0.0709, utilization 0.4540, perplexity 18631.2530,
Train Epoch: [12/30] Iters:[1150/1875] loss 0.1300, rec_loss 0.0022, p_loss 0.0710, utilization 0.4558, perplexity 18899.0921,
Train Epoch: [12/30] Iters:[1160/1875] loss 0.1314, rec_loss 0.0023, p_loss 0.0721, utilization 0.4533, perplexity 18593.4843,
Train Epoch: [12/30] Iters:[1170/1875] loss 0.1318, rec_loss 0.0023, p_loss 0.0724, utilization 0.4523, perplexity 18486.1449,
Train Epoch: [12/30] Iters:[1180/1875] loss 0.1322, rec_loss 0.0023, p_loss 0.0723, utilization 0.4529, perplexity 18645.0205,
Train Epoch: [12/30] Iters:[1190/1875] loss 0.1330, rec_loss 0.0024, p_loss 0.0732, utilization 0.4514, perplexity 18423.7736,
Train Epoch: [12/30] Iters:[1200/1875] loss 0.1323, rec_loss 0.0024, p_loss 0.0727, utilization 0.4492, perplexity 18165.9015,
Train Epoch: [12/30] Iters:[1210/1875] loss 0.1324, rec_loss 0.0024, p_loss 0.0725, utilization 0.4519, perplexity 18412.4159,
Train Epoch: [12/30] Iters:[1220/1875] loss 0.1317, rec_loss 0.0024, p_loss 0.0721, utilization 0.4519, perplexity 18462.8784,
Train Epoch: [12/30] Iters:[1230/1875] loss 0.1313, rec_loss 0.0025, p_loss 0.0719, utilization 0.4510, perplexity 18361.7812,
Train Epoch: [12/30] Iters:[1240/1875] loss 0.1324, rec_loss 0.0025, p_loss 0.0725, utilization 0.4530, perplexity 18684.7096,
Train Epoch: [12/30] Iters:[1250/1875] loss 0.1328, rec_loss 0.0025, p_loss 0.0728, utilization 0.4540, perplexity 18722.4156,
Train Epoch: [12/30] Iters:[1260/1875] loss 0.1320, rec_loss 0.0024, p_loss 0.0723, utilization 0.4520, perplexity 18603.4660,
Train Epoch: [12/30] Iters:[1270/1875] loss 0.1323, rec_loss 0.0024, p_loss 0.0725, utilization 0.4516, perplexity 18443.8447,
Train Epoch: [12/30] Iters:[1280/1875] loss 0.1334, rec_loss 0.0023, p_loss 0.0734, utilization 0.4533, perplexity 18700.6255,
Train Epoch: [12/30] Iters:[1290/1875] loss 0.1332, rec_loss 0.0023, p_loss 0.0732, utilization 0.4533, perplexity 18650.7572,
Train Epoch: [12/30] Iters:[1300/1875] loss 0.1334, rec_loss 0.0023, p_loss 0.0734, utilization 0.4533, perplexity 18774.5131,
Train Epoch: [12/30] Iters:[1310/1875] loss 0.1334, rec_loss 0.0023, p_loss 0.0738, utilization 0.4524, perplexity 18603.9396,
Train Epoch: [12/30] Iters:[1320/1875] loss 0.1328, rec_loss 0.0023, p_loss 0.0733, utilization 0.4536, perplexity 18728.7994,
Train Epoch: [12/30] Iters:[1330/1875] loss 0.1319, rec_loss 0.0023, p_loss 0.0727, utilization 0.4528, perplexity 18540.6437,
Train Epoch: [12/30] Iters:[1340/1875] loss 0.1320, rec_loss 0.0023, p_loss 0.0726, utilization 0.4519, perplexity 18370.4427,
Train Epoch: [12/30] Iters:[1350/1875] loss 0.1317, rec_loss 0.0023, p_loss 0.0727, utilization 0.4524, perplexity 18275.9809,
Train Epoch: [12/30] Iters:[1360/1875] loss 0.1331, rec_loss 0.0024, p_loss 0.0734, utilization 0.4533, perplexity 18413.3812,
Train Epoch: [12/30] Iters:[1370/1875] loss 0.1334, rec_loss 0.0024, p_loss 0.0736, utilization 0.4528, perplexity 18373.0670,
Train Epoch: [12/30] Iters:[1380/1875] loss 0.1334, rec_loss 0.0024, p_loss 0.0736, utilization 0.4544, perplexity 18605.5500,
Train Epoch: [12/30] Iters:[1390/1875] loss 0.1327, rec_loss 0.0023, p_loss 0.0735, utilization 0.4546, perplexity 18744.9119,
Train Epoch: [12/30] Iters:[1400/1875] loss 0.1326, rec_loss 0.0023, p_loss 0.0735, utilization 0.4541, perplexity 18798.8534,
Train Epoch: [12/30] Iters:[1410/1875] loss 0.1312, rec_loss 0.0023, p_loss 0.0725, utilization 0.4538, perplexity 18777.8585,
Train Epoch: [12/30] Iters:[1420/1875] loss 0.1328, rec_loss 0.0024, p_loss 0.0735, utilization 0.4540, perplexity 18773.7378,
Train Epoch: [12/30] Iters:[1430/1875] loss 0.1325, rec_loss 0.0025, p_loss 0.0733, utilization 0.4521, perplexity 18524.7593,
Train Epoch: [12/30] Iters:[1440/1875] loss 0.1326, rec_loss 0.0025, p_loss 0.0731, utilization 0.4537, perplexity 18632.8876,
Train Epoch: [12/30] Iters:[1450/1875] loss 0.1330, rec_loss 0.0025, p_loss 0.0730, utilization 0.4545, perplexity 18698.8788,
Train Epoch: [12/30] Iters:[1460/1875] loss 0.1331, rec_loss 0.0025, p_loss 0.0732, utilization 0.4533, perplexity 18549.2671,
Train Epoch: [12/30] Iters:[1470/1875] loss 0.1307, rec_loss 0.0024, p_loss 0.0720, utilization 0.4500, perplexity 18307.4735,
Train Epoch: [12/30] Iters:[1480/1875] loss 0.1311, rec_loss 0.0023, p_loss 0.0721, utilization 0.4532, perplexity 18695.9338,
Train Epoch: [12/30] Iters:[1490/1875] loss 0.1315, rec_loss 0.0023, p_loss 0.0725, utilization 0.4520, perplexity 18556.6755,
Train Epoch: [12/30] Iters:[1500/1875] loss 0.1306, rec_loss 0.0023, p_loss 0.0723, utilization 0.4515, perplexity 18451.8783,
Train Epoch: [12/30] Iters:[1510/1875] loss 0.1311, rec_loss 0.0023, p_loss 0.0724, utilization 0.4526, perplexity 18550.4343,
Train Epoch: [12/30] Iters:[1520/1875] loss 0.1330, rec_loss 0.0023, p_loss 0.0732, utilization 0.4571, perplexity 18939.3036,
Train Epoch: [12/30] Iters:[1530/1875] loss 0.1338, rec_loss 0.0023, p_loss 0.0737, utilization 0.4568, perplexity 18926.2155,
Train Epoch: [12/30] Iters:[1540/1875] loss 0.1336, rec_loss 0.0024, p_loss 0.0734, utilization 0.4557, perplexity 18964.2259,
Train Epoch: [12/30] Iters:[1550/1875] loss 0.1348, rec_loss 0.0024, p_loss 0.0741, utilization 0.4555, perplexity 18954.1185,
Train Epoch: [12/30] Iters:[1560/1875] loss 0.1353, rec_loss 0.0025, p_loss 0.0744, utilization 0.4561, perplexity 19004.4541,
Train Epoch: [12/30] Iters:[1570/1875] loss 0.1335, rec_loss 0.0025, p_loss 0.0736, utilization 0.4534, perplexity 18723.5953,
Train Epoch: [12/30] Iters:[1580/1875] loss 0.1338, rec_loss 0.0025, p_loss 0.0739, utilization 0.4522, perplexity 18596.4226,
Train Epoch: [12/30] Iters:[1590/1875] loss 0.1332, rec_loss 0.0025, p_loss 0.0735, utilization 0.4524, perplexity 18543.4165,
Train Epoch: [12/30] Iters:[1600/1875] loss 0.1328, rec_loss 0.0025, p_loss 0.0732, utilization 0.4532, perplexity 18592.9156,
Train Epoch: [12/30] Iters:[1610/1875] loss 0.1320, rec_loss 0.0024, p_loss 0.0726, utilization 0.4533, perplexity 18634.9417,
Train Epoch: [12/30] Iters:[1620/1875] loss 0.1326, rec_loss 0.0024, p_loss 0.0727, utilization 0.4545, perplexity 18810.2869,
Train Epoch: [12/30] Iters:[1630/1875] loss 0.1321, rec_loss 0.0023, p_loss 0.0723, utilization 0.4543, perplexity 18781.0288,
Train Epoch: [12/30] Iters:[1640/1875] loss 0.1323, rec_loss 0.0023, p_loss 0.0726, utilization 0.4539, perplexity 18670.0880,
Train Epoch: [12/30] Iters:[1650/1875] loss 0.1325, rec_loss 0.0023, p_loss 0.0725, utilization 0.4528, perplexity 18498.7383,
Train Epoch: [12/30] Iters:[1660/1875] loss 0.1323, rec_loss 0.0024, p_loss 0.0726, utilization 0.4518, perplexity 18376.2617,
Train Epoch: [12/30] Iters:[1670/1875] loss 0.1334, rec_loss 0.0025, p_loss 0.0735, utilization 0.4507, perplexity 18143.5412,
Train Epoch: [12/30] Iters:[1680/1875] loss 0.1346, rec_loss 0.0025, p_loss 0.0740, utilization 0.4514, perplexity 18180.5296,
Train Epoch: [12/30] Iters:[1690/1875] loss 0.1342, rec_loss 0.0026, p_loss 0.0737, utilization 0.4536, perplexity 18457.2164,
Train Epoch: [12/30] Iters:[1700/1875] loss 0.1338, rec_loss 0.0025, p_loss 0.0738, utilization 0.4541, perplexity 18570.1890,
Train Epoch: [12/30] Iters:[1710/1875] loss 0.1346, rec_loss 0.0026, p_loss 0.0741, utilization 0.4551, perplexity 18672.9252,
Train Epoch: [12/30] Iters:[1720/1875] loss 0.1351, rec_loss 0.0025, p_loss 0.0741, utilization 0.4567, perplexity 18934.6982,
Train Epoch: [12/30] Iters:[1730/1875] loss 0.1346, rec_loss 0.0025, p_loss 0.0742, utilization 0.4555, perplexity 18762.7074,
Train Epoch: [12/30] Iters:[1740/1875] loss 0.1342, rec_loss 0.0025, p_loss 0.0740, utilization 0.4535, perplexity 18514.7505,
Train Epoch: [12/30] Iters:[1750/1875] loss 0.1346, rec_loss 0.0024, p_loss 0.0740, utilization 0.4537, perplexity 18597.3433,
Train Epoch: [12/30] Iters:[1760/1875] loss 0.1327, rec_loss 0.0024, p_loss 0.0730, utilization 0.4528, perplexity 18480.5214,
Train Epoch: [12/30] Iters:[1770/1875] loss 0.1315, rec_loss 0.0023, p_loss 0.0722, utilization 0.4520, perplexity 18478.4405,
Train Epoch: [12/30] Iters:[1780/1875] loss 0.1298, rec_loss 0.0023, p_loss 0.0710, utilization 0.4517, perplexity 18461.3926,
Train Epoch: [12/30] Iters:[1790/1875] loss 0.1314, rec_loss 0.0024, p_loss 0.0718, utilization 0.4534, perplexity 18614.7530,
Train Epoch: [12/30] Iters:[1800/1875] loss 0.1313, rec_loss 0.0023, p_loss 0.0719, utilization 0.4535, perplexity 18576.4999,
Train Epoch: [12/30] Iters:[1810/1875] loss 0.1320, rec_loss 0.0024, p_loss 0.0725, utilization 0.4527, perplexity 18434.7715,
Train Epoch: [12/30] Iters:[1820/1875] loss 0.1316, rec_loss 0.0023, p_loss 0.0721, utilization 0.4537, perplexity 18456.4370,
Train Epoch: [12/30] Iters:[1830/1875] loss 0.1317, rec_loss 0.0023, p_loss 0.0723, utilization 0.4539, perplexity 18564.4155,
Train Epoch: [12/30] Iters:[1840/1875] loss 0.1303, rec_loss 0.0022, p_loss 0.0716, utilization 0.4534, perplexity 18599.3423,
Train Epoch: [12/30] Iters:[1850/1875] loss 0.1297, rec_loss 0.0022, p_loss 0.0712, utilization 0.4534, perplexity 18568.1728,
Train Epoch: [12/30] Iters:[1860/1875] loss 0.1306, rec_loss 0.0023, p_loss 0.0717, utilization 0.4548, perplexity 18764.0554,
Train Epoch: [12/30] Iters:[1870/1875] loss 0.1309, rec_loss 0.0023, p_loss 0.0721, utilization 0.4550, perplexity 18758.5572,
epoch:13, cur_lr:0.000064
Train Epoch: [13/30] Iters:[10/1875] loss 0.1358, rec_loss 0.0027, p_loss 0.0755, utilization 0.4548, perplexity 19268.3434,
Train Epoch: [13/30] Iters:[20/1875] loss 0.1352, rec_loss 0.0026, p_loss 0.0748, utilization 0.4517, perplexity 18784.6156,
Train Epoch: [13/30] Iters:[30/1875] loss 0.1337, rec_loss 0.0025, p_loss 0.0738, utilization 0.4543, perplexity 19084.7237,
Train Epoch: [13/30] Iters:[40/1875] loss 0.1337, rec_loss 0.0025, p_loss 0.0737, utilization 0.4553, perplexity 18989.6553,
Train Epoch: [13/30] Iters:[50/1875] loss 0.1333, rec_loss 0.0025, p_loss 0.0734, utilization 0.4561, perplexity 18919.9254,
Train Epoch: [13/30] Iters:[60/1875] loss 0.1330, rec_loss 0.0024, p_loss 0.0731, utilization 0.4571, perplexity 18896.1678,
Train Epoch: [13/30] Iters:[70/1875] loss 0.1327, rec_loss 0.0024, p_loss 0.0729, utilization 0.4579, perplexity 18888.1747,
Train Epoch: [13/30] Iters:[80/1875] loss 0.1331, rec_loss 0.0024, p_loss 0.0732, utilization 0.4549, perplexity 18395.5246,
Train Epoch: [13/30] Iters:[90/1875] loss 0.1331, rec_loss 0.0024, p_loss 0.0731, utilization 0.4547, perplexity 18483.4480,
Train Epoch: [13/30] Iters:[100/1875] loss 0.1335, rec_loss 0.0024, p_loss 0.0734, utilization 0.4546, perplexity 18602.3837,
Train Epoch: [13/30] Iters:[110/1875] loss 0.1327, rec_loss 0.0024, p_loss 0.0730, utilization 0.4531, perplexity 18513.3726,
Train Epoch: [13/30] Iters:[120/1875] loss 0.1325, rec_loss 0.0023, p_loss 0.0732, utilization 0.4532, perplexity 18602.0513,
Train Epoch: [13/30] Iters:[130/1875] loss 0.1327, rec_loss 0.0023, p_loss 0.0733, utilization 0.4537, perplexity 18662.8121,
Train Epoch: [13/30] Iters:[140/1875] loss 0.1323, rec_loss 0.0023, p_loss 0.0729, utilization 0.4549, perplexity 18820.1557,
Train Epoch: [13/30] Iters:[150/1875] loss 0.1313, rec_loss 0.0023, p_loss 0.0722, utilization 0.4543, perplexity 18720.1170,
Train Epoch: [13/30] Iters:[160/1875] loss 0.1316, rec_loss 0.0023, p_loss 0.0726, utilization 0.4537, perplexity 18626.4764,
Train Epoch: [13/30] Iters:[170/1875] loss 0.1307, rec_loss 0.0023, p_loss 0.0716, utilization 0.4542, perplexity 18687.9603,
Train Epoch: [13/30] Iters:[180/1875] loss 0.1306, rec_loss 0.0023, p_loss 0.0714, utilization 0.4555, perplexity 18929.8869,
Train Epoch: [13/30] Iters:[190/1875] loss 0.1314, rec_loss 0.0023, p_loss 0.0723, utilization 0.4548, perplexity 18777.9822,
Train Epoch: [13/30] Iters:[200/1875] loss 0.1327, rec_loss 0.0023, p_loss 0.0731, utilization 0.4552, perplexity 18846.5268,
Train Epoch: [13/30] Iters:[210/1875] loss 0.1330, rec_loss 0.0023, p_loss 0.0732, utilization 0.4560, perplexity 18877.5795,
Train Epoch: [13/30] Iters:[220/1875] loss 0.1347, rec_loss 0.0023, p_loss 0.0742, utilization 0.4572, perplexity 19007.6073,
Train Epoch: [13/30] Iters:[230/1875] loss 0.1349, rec_loss 0.0024, p_loss 0.0743, utilization 0.4575, perplexity 18969.7262,
Train Epoch: [13/30] Iters:[240/1875] loss 0.1341, rec_loss 0.0024, p_loss 0.0736, utilization 0.4569, perplexity 18911.6768,
Train Epoch: [13/30] Iters:[250/1875] loss 0.1337, rec_loss 0.0024, p_loss 0.0733, utilization 0.4569, perplexity 18967.5456,
Train Epoch: [13/30] Iters:[260/1875] loss 0.1338, rec_loss 0.0024, p_loss 0.0735, utilization 0.4579, perplexity 19124.7655,
Train Epoch: [13/30] Iters:[270/1875] loss 0.1331, rec_loss 0.0024, p_loss 0.0734, utilization 0.4549, perplexity 18854.8916,
Train Epoch: [13/30] Iters:[280/1875] loss 0.1331, rec_loss 0.0024, p_loss 0.0736, utilization 0.4551, perplexity 18865.0791,
Train Epoch: [13/30] Iters:[290/1875] loss 0.1335, rec_loss 0.0024, p_loss 0.0737, utilization 0.4559, perplexity 18859.6666,
Train Epoch: [13/30] Iters:[300/1875] loss 0.1334, rec_loss 0.0024, p_loss 0.0737, utilization 0.4548, perplexity 18764.1803,
Train Epoch: [13/30] Iters:[310/1875] loss 0.1333, rec_loss 0.0024, p_loss 0.0737, utilization 0.4547, perplexity 18747.9376,
Train Epoch: [13/30] Iters:[320/1875] loss 0.1339, rec_loss 0.0024, p_loss 0.0739, utilization 0.4561, perplexity 18769.2084,
Train Epoch: [13/30] Iters:[330/1875] loss 0.1335, rec_loss 0.0024, p_loss 0.0735, utilization 0.4544, perplexity 18700.3514,
Train Epoch: [13/30] Iters:[340/1875] loss 0.1329, rec_loss 0.0024, p_loss 0.0731, utilization 0.4535, perplexity 18742.6346,
Train Epoch: [13/30] Iters:[350/1875] loss 0.1327, rec_loss 0.0024, p_loss 0.0733, utilization 0.4519, perplexity 18458.8444,
Train Epoch: [13/30] Iters:[360/1875] loss 0.1325, rec_loss 0.0024, p_loss 0.0727, utilization 0.4510, perplexity 18338.3720,
Train Epoch: [13/30] Iters:[370/1875] loss 0.1316, rec_loss 0.0023, p_loss 0.0720, utilization 0.4509, perplexity 18453.7846,
Train Epoch: [13/30] Iters:[380/1875] loss 0.1311, rec_loss 0.0023, p_loss 0.0716, utilization 0.4520, perplexity 18543.9522,
Train Epoch: [13/30] Iters:[390/1875] loss 0.1315, rec_loss 0.0023, p_loss 0.0721, utilization 0.4514, perplexity 18417.6551,
Train Epoch: [13/30] Iters:[400/1875] loss 0.1309, rec_loss 0.0023, p_loss 0.0715, utilization 0.4530, perplexity 18630.0862,
Train Epoch: [13/30] Iters:[410/1875] loss 0.1300, rec_loss 0.0022, p_loss 0.0714, utilization 0.4526, perplexity 18647.1362,
Train Epoch: [13/30] Iters:[420/1875] loss 0.1305, rec_loss 0.0023, p_loss 0.0717, utilization 0.4530, perplexity 18606.2528,
Train Epoch: [13/30] Iters:[430/1875] loss 0.1309, rec_loss 0.0023, p_loss 0.0719, utilization 0.4517, perplexity 18509.3122,
Train Epoch: [13/30] Iters:[440/1875] loss 0.1311, rec_loss 0.0023, p_loss 0.0716, utilization 0.4527, perplexity 18601.1468,
Train Epoch: [13/30] Iters:[450/1875] loss 0.1314, rec_loss 0.0023, p_loss 0.0719, utilization 0.4519, perplexity 18534.0642,
Train Epoch: [13/30] Iters:[460/1875] loss 0.1319, rec_loss 0.0024, p_loss 0.0719, utilization 0.4529, perplexity 18543.9403,
Train Epoch: [13/30] Iters:[470/1875] loss 0.1310, rec_loss 0.0024, p_loss 0.0714, utilization 0.4532, perplexity 18606.9179,
Train Epoch: [13/30] Iters:[480/1875] loss 0.1325, rec_loss 0.0024, p_loss 0.0724, utilization 0.4548, perplexity 18625.8412,
Train Epoch: [13/30] Iters:[490/1875] loss 0.1326, rec_loss 0.0024, p_loss 0.0728, utilization 0.4542, perplexity 18551.6078,
Train Epoch: [13/30] Iters:[500/1875] loss 0.1341, rec_loss 0.0024, p_loss 0.0735, utilization 0.4569, perplexity 18784.7810,
Train Epoch: [13/30] Iters:[510/1875] loss 0.1334, rec_loss 0.0024, p_loss 0.0733, utilization 0.4544, perplexity 18685.0195,
Train Epoch: [13/30] Iters:[520/1875] loss 0.1338, rec_loss 0.0024, p_loss 0.0735, utilization 0.4543, perplexity 18650.1272,
Train Epoch: [13/30] Iters:[530/1875] loss 0.1320, rec_loss 0.0024, p_loss 0.0725, utilization 0.4549, perplexity 18856.8652,
Train Epoch: [13/30] Iters:[540/1875] loss 0.1314, rec_loss 0.0024, p_loss 0.0720, utilization 0.4552, perplexity 18966.9656,
Train Epoch: [13/30] Iters:[550/1875] loss 0.1296, rec_loss 0.0024, p_loss 0.0709, utilization 0.4534, perplexity 18826.6135,
Train Epoch: [13/30] Iters:[560/1875] loss 0.1296, rec_loss 0.0024, p_loss 0.0707, utilization 0.4554, perplexity 18909.5689,
Train Epoch: [13/30] Iters:[570/1875] loss 0.1301, rec_loss 0.0024, p_loss 0.0708, utilization 0.4553, perplexity 18912.7462,
Train Epoch: [13/30] Iters:[580/1875] loss 0.1304, rec_loss 0.0025, p_loss 0.0711, utilization 0.4528, perplexity 18615.5090,
Train Epoch: [13/30] Iters:[590/1875] loss 0.1310, rec_loss 0.0025, p_loss 0.0715, utilization 0.4512, perplexity 18365.7123,
Train Epoch: [13/30] Iters:[600/1875] loss 0.1323, rec_loss 0.0025, p_loss 0.0723, utilization 0.4527, perplexity 18487.7396,
Train Epoch: [13/30] Iters:[610/1875] loss 0.1323, rec_loss 0.0025, p_loss 0.0725, utilization 0.4514, perplexity 18319.7083,
Train Epoch: [13/30] Iters:[620/1875] loss 0.1319, rec_loss 0.0025, p_loss 0.0726, utilization 0.4505, perplexity 18230.2121,
Train Epoch: [13/30] Iters:[630/1875] loss 0.1320, rec_loss 0.0024, p_loss 0.0724, utilization 0.4525, perplexity 18459.5205,
Train Epoch: [13/30] Iters:[640/1875] loss 0.1306, rec_loss 0.0023, p_loss 0.0719, utilization 0.4539, perplexity 18613.9017,
Train Epoch: [13/30] Iters:[650/1875] loss 0.1297, rec_loss 0.0023, p_loss 0.0713, utilization 0.4532, perplexity 18550.6719,
Train Epoch: [13/30] Iters:[660/1875] loss 0.1302, rec_loss 0.0022, p_loss 0.0714, utilization 0.4527, perplexity 18531.6129,
Train Epoch: [13/30] Iters:[670/1875] loss 0.1314, rec_loss 0.0023, p_loss 0.0723, utilization 0.4526, perplexity 18446.2403,
Train Epoch: [13/30] Iters:[680/1875] loss 0.1310, rec_loss 0.0023, p_loss 0.0719, utilization 0.4526, perplexity 18389.2184,
Train Epoch: [13/30] Iters:[690/1875] loss 0.1313, rec_loss 0.0023, p_loss 0.0720, utilization 0.4515, perplexity 18300.0909,
Train Epoch: [13/30] Iters:[700/1875] loss 0.1320, rec_loss 0.0024, p_loss 0.0726, utilization 0.4502, perplexity 18182.6779,
Train Epoch: [13/30] Iters:[710/1875] loss 0.1324, rec_loss 0.0024, p_loss 0.0728, utilization 0.4524, perplexity 18493.6882,
Train Epoch: [13/30] Iters:[720/1875] loss 0.1303, rec_loss 0.0023, p_loss 0.0713, utilization 0.4520, perplexity 18448.3906,
Train Epoch: [13/30] Iters:[730/1875] loss 0.1300, rec_loss 0.0024, p_loss 0.0715, utilization 0.4505, perplexity 18246.7511,
Train Epoch: [13/30] Iters:[740/1875] loss 0.1307, rec_loss 0.0024, p_loss 0.0717, utilization 0.4509, perplexity 18323.7190,
Train Epoch: [13/30] Iters:[750/1875] loss 0.1299, rec_loss 0.0023, p_loss 0.0709, utilization 0.4522, perplexity 18488.8988,
Train Epoch: [13/30] Iters:[760/1875] loss 0.1288, rec_loss 0.0023, p_loss 0.0704, utilization 0.4514, perplexity 18352.0928,
Train Epoch: [13/30] Iters:[770/1875] loss 0.1293, rec_loss 0.0023, p_loss 0.0708, utilization 0.4518, perplexity 18472.2617,
Train Epoch: [13/30] Iters:[780/1875] loss 0.1298, rec_loss 0.0023, p_loss 0.0711, utilization 0.4535, perplexity 18762.3293,
Train Epoch: [13/30] Iters:[790/1875] loss 0.1286, rec_loss 0.0022, p_loss 0.0705, utilization 0.4522, perplexity 18632.6911,
Train Epoch: [13/30] Iters:[800/1875] loss 0.1274, rec_loss 0.0022, p_loss 0.0698, utilization 0.4502, perplexity 18525.8250,
Train Epoch: [13/30] Iters:[810/1875] loss 0.1285, rec_loss 0.0023, p_loss 0.0705, utilization 0.4514, perplexity 18619.0601,
Train Epoch: [13/30] Iters:[820/1875] loss 0.1292, rec_loss 0.0023, p_loss 0.0705, utilization 0.4525, perplexity 18714.7352,
Train Epoch: [13/30] Iters:[830/1875] loss 0.1283, rec_loss 0.0023, p_loss 0.0700, utilization 0.4525, perplexity 18684.8477,
Train Epoch: [13/30] Iters:[840/1875] loss 0.1294, rec_loss 0.0023, p_loss 0.0707, utilization 0.4542, perplexity 18834.0545,
Train Epoch: [13/30] Iters:[850/1875] loss 0.1322, rec_loss 0.0024, p_loss 0.0722, utilization 0.4554, perplexity 18847.6020,
Train Epoch: [13/30] Iters:[860/1875] loss 0.1308, rec_loss 0.0024, p_loss 0.0712, utilization 0.4537, perplexity 18746.5053,
Train Epoch: [13/30] Iters:[870/1875] loss 0.1305, rec_loss 0.0023, p_loss 0.0713, utilization 0.4546, perplexity 18853.8779,
Train Epoch: [13/30] Iters:[880/1875] loss 0.1321, rec_loss 0.0024, p_loss 0.0723, utilization 0.4543, perplexity 18739.0395,
Train Epoch: [13/30] Iters:[890/1875] loss 0.1322, rec_loss 0.0024, p_loss 0.0723, utilization 0.4539, perplexity 18601.5920,
Train Epoch: [13/30] Iters:[900/1875] loss 0.1308, rec_loss 0.0023, p_loss 0.0716, utilization 0.4537, perplexity 18588.7713,
Train Epoch: [13/30] Iters:[910/1875] loss 0.1316, rec_loss 0.0023, p_loss 0.0722, utilization 0.4544, perplexity 18572.3027,
Train Epoch: [13/30] Iters:[920/1875] loss 0.1322, rec_loss 0.0024, p_loss 0.0724, utilization 0.4524, perplexity 18324.2830,
Train Epoch: [13/30] Iters:[930/1875] loss 0.1319, rec_loss 0.0024, p_loss 0.0722, utilization 0.4533, perplexity 18546.5815,
Train Epoch: [13/30] Iters:[940/1875] loss 0.1318, rec_loss 0.0024, p_loss 0.0721, utilization 0.4552, perplexity 18769.9072,
Train Epoch: [13/30] Iters:[950/1875] loss 0.1322, rec_loss 0.0024, p_loss 0.0723, utilization 0.4556, perplexity 18851.5672,
Train Epoch: [13/30] Iters:[960/1875] loss 0.1319, rec_loss 0.0024, p_loss 0.0722, utilization 0.4549, perplexity 18849.8832,
Train Epoch: [13/30] Iters:[970/1875] loss 0.1312, rec_loss 0.0024, p_loss 0.0719, utilization 0.4550, perplexity 18841.8762,
Train Epoch: [13/30] Iters:[980/1875] loss 0.1298, rec_loss 0.0023, p_loss 0.0710, utilization 0.4533, perplexity 18605.8263,
Train Epoch: [13/30] Iters:[990/1875] loss 0.1299, rec_loss 0.0023, p_loss 0.0712, utilization 0.4530, perplexity 18635.9903,
Train Epoch: [13/30] Iters:[1000/1875] loss 0.1285, rec_loss 0.0023, p_loss 0.0704, utilization 0.4509, perplexity 18379.6965,
Train Epoch: [13/30] Iters:[1010/1875] loss 0.1300, rec_loss 0.0023, p_loss 0.0713, utilization 0.4531, perplexity 18513.8855,
Train Epoch: [13/30] Iters:[1020/1875] loss 0.1299, rec_loss 0.0024, p_loss 0.0708, utilization 0.4530, perplexity 18488.0289,
Train Epoch: [13/30] Iters:[1030/1875] loss 0.1309, rec_loss 0.0024, p_loss 0.0715, utilization 0.4531, perplexity 18396.4008,
Train Epoch: [13/30] Iters:[1040/1875] loss 0.1311, rec_loss 0.0024, p_loss 0.0711, utilization 0.4543, perplexity 18553.0233,
Train Epoch: [13/30] Iters:[1050/1875] loss 0.1317, rec_loss 0.0024, p_loss 0.0714, utilization 0.4555, perplexity 18649.9462,
Train Epoch: [13/30] Iters:[1060/1875] loss 0.1316, rec_loss 0.0024, p_loss 0.0714, utilization 0.4550, perplexity 18708.5348,
Train Epoch: [13/30] Iters:[1070/1875] loss 0.1316, rec_loss 0.0023, p_loss 0.0717, utilization 0.4541, perplexity 18680.9574,
Train Epoch: [13/30] Iters:[1080/1875] loss 0.1304, rec_loss 0.0023, p_loss 0.0711, utilization 0.4543, perplexity 18749.9449,
Train Epoch: [13/30] Iters:[1090/1875] loss 0.1303, rec_loss 0.0023, p_loss 0.0712, utilization 0.4526, perplexity 18572.7958,
Train Epoch: [13/30] Iters:[1100/1875] loss 0.1299, rec_loss 0.0023, p_loss 0.0712, utilization 0.4524, perplexity 18532.1071,
Train Epoch: [13/30] Iters:[1110/1875] loss 0.1302, rec_loss 0.0023, p_loss 0.0710, utilization 0.4527, perplexity 18496.7858,
Train Epoch: [13/30] Iters:[1120/1875] loss 0.1304, rec_loss 0.0024, p_loss 0.0710, utilization 0.4534, perplexity 18556.1511,
Train Epoch: [13/30] Iters:[1130/1875] loss 0.1311, rec_loss 0.0024, p_loss 0.0715, utilization 0.4527, perplexity 18605.6817,
Train Epoch: [13/30] Iters:[1140/1875] loss 0.1306, rec_loss 0.0024, p_loss 0.0713, utilization 0.4527, perplexity 18569.1477,
Train Epoch: [13/30] Iters:[1150/1875] loss 0.1311, rec_loss 0.0024, p_loss 0.0714, utilization 0.4548, perplexity 18770.8454,
Train Epoch: [13/30] Iters:[1160/1875] loss 0.1307, rec_loss 0.0024, p_loss 0.0712, utilization 0.4534, perplexity 18676.6260,
Train Epoch: [13/30] Iters:[1170/1875] loss 0.1304, rec_loss 0.0024, p_loss 0.0711, utilization 0.4546, perplexity 18831.1737,
Train Epoch: [13/30] Iters:[1180/1875] loss 0.1306, rec_loss 0.0024, p_loss 0.0711, utilization 0.4543, perplexity 18777.3845,
Train Epoch: [13/30] Iters:[1190/1875] loss 0.1304, rec_loss 0.0024, p_loss 0.0711, utilization 0.4524, perplexity 18623.7501,
Train Epoch: [13/30] Iters:[1200/1875] loss 0.1299, rec_loss 0.0023, p_loss 0.0708, utilization 0.4504, perplexity 18403.2866,
Train Epoch: [13/30] Iters:[1210/1875] loss 0.1291, rec_loss 0.0022, p_loss 0.0703, utilization 0.4499, perplexity 18321.8467,
Train Epoch: [13/30] Iters:[1220/1875] loss 0.1301, rec_loss 0.0022, p_loss 0.0711, utilization 0.4496, perplexity 18140.0048,
Train Epoch: [13/30] Iters:[1230/1875] loss 0.1301, rec_loss 0.0022, p_loss 0.0711, utilization 0.4516, perplexity 18300.0035,
Train Epoch: [13/30] Iters:[1240/1875] loss 0.1307, rec_loss 0.0023, p_loss 0.0712, utilization 0.4534, perplexity 18452.1537,
Train Epoch: [13/30] Iters:[1250/1875] loss 0.1318, rec_loss 0.0023, p_loss 0.0721, utilization 0.4536, perplexity 18447.3674,
Train Epoch: [13/30] Iters:[1260/1875] loss 0.1315, rec_loss 0.0023, p_loss 0.0724, utilization 0.4531, perplexity 18396.0199,
Train Epoch: [13/30] Iters:[1270/1875] loss 0.1306, rec_loss 0.0023, p_loss 0.0714, utilization 0.4553, perplexity 18771.7115,
Train Epoch: [13/30] Iters:[1280/1875] loss 0.1313, rec_loss 0.0023, p_loss 0.0720, utilization 0.4539, perplexity 18621.9002,
Train Epoch: [13/30] Iters:[1290/1875] loss 0.1320, rec_loss 0.0024, p_loss 0.0728, utilization 0.4534, perplexity 18498.4384,
Train Epoch: [13/30] Iters:[1300/1875] loss 0.1323, rec_loss 0.0024, p_loss 0.0728, utilization 0.4554, perplexity 18847.6450,
Train Epoch: [13/30] Iters:[1310/1875] loss 0.1328, rec_loss 0.0025, p_loss 0.0728, utilization 0.4561, perplexity 18937.8008,
Train Epoch: [13/30] Iters:[1320/1875] loss 0.1330, rec_loss 0.0025, p_loss 0.0731, utilization 0.4536, perplexity 18597.8750,
Train Epoch: [13/30] Iters:[1330/1875] loss 0.1320, rec_loss 0.0024, p_loss 0.0725, utilization 0.4517, perplexity 18453.6125,
Train Epoch: [13/30] Iters:[1340/1875] loss 0.1314, rec_loss 0.0023, p_loss 0.0716, utilization 0.4528, perplexity 18714.4757,
Train Epoch: [13/30] Iters:[1350/1875] loss 0.1308, rec_loss 0.0023, p_loss 0.0712, utilization 0.4517, perplexity 18513.5644,
Train Epoch: [13/30] Iters:[1360/1875] loss 0.1304, rec_loss 0.0023, p_loss 0.0710, utilization 0.4525, perplexity 18673.9978,
Train Epoch: [13/30] Iters:[1370/1875] loss 0.1302, rec_loss 0.0022, p_loss 0.0712, utilization 0.4515, perplexity 18604.8951,
Train Epoch: [13/30] Iters:[1380/1875] loss 0.1313, rec_loss 0.0023, p_loss 0.0716, utilization 0.4535, perplexity 18792.3112,
Train Epoch: [13/30] Iters:[1390/1875] loss 0.1317, rec_loss 0.0023, p_loss 0.0723, utilization 0.4534, perplexity 18672.8972,
Train Epoch: [13/30] Iters:[1400/1875] loss 0.1315, rec_loss 0.0023, p_loss 0.0721, utilization 0.4527, perplexity 18622.4799,
Train Epoch: [13/30] Iters:[1410/1875] loss 0.1313, rec_loss 0.0023, p_loss 0.0720, utilization 0.4525, perplexity 18417.0100,
Train Epoch: [13/30] Iters:[1420/1875] loss 0.1318, rec_loss 0.0024, p_loss 0.0722, utilization 0.4538, perplexity 18638.2397,
Train Epoch: [13/30] Iters:[1430/1875] loss 0.1315, rec_loss 0.0023, p_loss 0.0720, utilization 0.4543, perplexity 18646.2832,
Train Epoch: [13/30] Iters:[1440/1875] loss 0.1295, rec_loss 0.0023, p_loss 0.0704, utilization 0.4522, perplexity 18488.4142,
Train Epoch: [13/30] Iters:[1450/1875] loss 0.1304, rec_loss 0.0023, p_loss 0.0708, utilization 0.4531, perplexity 18479.6042,
Train Epoch: [13/30] Iters:[1460/1875] loss 0.1319, rec_loss 0.0024, p_loss 0.0719, utilization 0.4537, perplexity 18678.1239,
Train Epoch: [13/30] Iters:[1470/1875] loss 0.1327, rec_loss 0.0024, p_loss 0.0726, utilization 0.4542, perplexity 18677.8051,
Train Epoch: [13/30] Iters:[1480/1875] loss 0.1322, rec_loss 0.0024, p_loss 0.0726, utilization 0.4524, perplexity 18483.7889,
Train Epoch: [13/30] Iters:[1490/1875] loss 0.1348, rec_loss 0.0025, p_loss 0.0741, utilization 0.4546, perplexity 18685.8578,
Train Epoch: [13/30] Iters:[1500/1875] loss 0.1349, rec_loss 0.0025, p_loss 0.0747, utilization 0.4540, perplexity 18772.6910,
Train Epoch: [13/30] Iters:[1510/1875] loss 0.1343, rec_loss 0.0025, p_loss 0.0745, utilization 0.4515, perplexity 18428.8778,
Train Epoch: [13/30] Iters:[1520/1875] loss 0.1327, rec_loss 0.0024, p_loss 0.0730, utilization 0.4513, perplexity 18395.3516,
Train Epoch: [13/30] Iters:[1530/1875] loss 0.1328, rec_loss 0.0023, p_loss 0.0731, utilization 0.4513, perplexity 18446.6468,
Train Epoch: [13/30] Iters:[1540/1875] loss 0.1322, rec_loss 0.0023, p_loss 0.0728, utilization 0.4494, perplexity 18234.4814,
Train Epoch: [13/30] Iters:[1550/1875] loss 0.1308, rec_loss 0.0023, p_loss 0.0715, utilization 0.4504, perplexity 18294.0862,
Train Epoch: [13/30] Iters:[1560/1875] loss 0.1296, rec_loss 0.0022, p_loss 0.0705, utilization 0.4512, perplexity 18501.2733,
Train Epoch: [13/30] Iters:[1570/1875] loss 0.1310, rec_loss 0.0023, p_loss 0.0715, utilization 0.4524, perplexity 18494.5476,
Train Epoch: [13/30] Iters:[1580/1875] loss 0.1305, rec_loss 0.0023, p_loss 0.0711, utilization 0.4539, perplexity 18690.1181,
Train Epoch: [13/30] Iters:[1590/1875] loss 0.1296, rec_loss 0.0023, p_loss 0.0707, utilization 0.4535, perplexity 18652.2137,
Train Epoch: [13/30] Iters:[1600/1875] loss 0.1303, rec_loss 0.0023, p_loss 0.0711, utilization 0.4543, perplexity 18731.2234,
Train Epoch: [13/30] Iters:[1610/1875] loss 0.1321, rec_loss 0.0023, p_loss 0.0722, utilization 0.4563, perplexity 18813.8443,
Train Epoch: [13/30] Iters:[1620/1875] loss 0.1304, rec_loss 0.0023, p_loss 0.0710, utilization 0.4556, perplexity 18887.0855,
Train Epoch: [13/30] Iters:[1630/1875] loss 0.1315, rec_loss 0.0023, p_loss 0.0715, utilization 0.4573, perplexity 19051.1912,
Train Epoch: [13/30] Iters:[1640/1875] loss 0.1313, rec_loss 0.0023, p_loss 0.0712, utilization 0.4588, perplexity 19194.2068,
Train Epoch: [13/30] Iters:[1650/1875] loss 0.1317, rec_loss 0.0023, p_loss 0.0715, utilization 0.4566, perplexity 19022.4543,
Train Epoch: [13/30] Iters:[1660/1875] loss 0.1302, rec_loss 0.0023, p_loss 0.0706, utilization 0.4573, perplexity 19151.9073,
Train Epoch: [13/30] Iters:[1670/1875] loss 0.1309, rec_loss 0.0023, p_loss 0.0712, utilization 0.4564, perplexity 19122.3413,
Train Epoch: [13/30] Iters:[1680/1875] loss 0.1298, rec_loss 0.0023, p_loss 0.0706, utilization 0.4552, perplexity 19013.1379,
Train Epoch: [13/30] Iters:[1690/1875] loss 0.1306, rec_loss 0.0024, p_loss 0.0713, utilization 0.4550, perplexity 18929.2801,
Train Epoch: [13/30] Iters:[1700/1875] loss 0.1304, rec_loss 0.0024, p_loss 0.0714, utilization 0.4553, perplexity 18898.2539,
Train Epoch: [13/30] Iters:[1710/1875] loss 0.1315, rec_loss 0.0025, p_loss 0.0722, utilization 0.4547, perplexity 18813.5864,
Train Epoch: [13/30] Iters:[1720/1875] loss 0.1319, rec_loss 0.0025, p_loss 0.0723, utilization 0.4543, perplexity 18685.2444,
Train Epoch: [13/30] Iters:[1730/1875] loss 0.1317, rec_loss 0.0025, p_loss 0.0723, utilization 0.4536, perplexity 18646.7838,
Train Epoch: [13/30] Iters:[1740/1875] loss 0.1310, rec_loss 0.0023, p_loss 0.0716, utilization 0.4547, perplexity 18951.0983,
Train Epoch: [13/30] Iters:[1750/1875] loss 0.1307, rec_loss 0.0023, p_loss 0.0713, utilization 0.4546, perplexity 18971.3050,
Train Epoch: [13/30] Iters:[1760/1875] loss 0.1297, rec_loss 0.0022, p_loss 0.0707, utilization 0.4531, perplexity 18802.9765,
Train Epoch: [13/30] Iters:[1770/1875] loss 0.1298, rec_loss 0.0022, p_loss 0.0709, utilization 0.4542, perplexity 18870.9071,
Train Epoch: [13/30] Iters:[1780/1875] loss 0.1308, rec_loss 0.0023, p_loss 0.0716, utilization 0.4541, perplexity 18771.7044,
Train Epoch: [13/30] Iters:[1790/1875] loss 0.1320, rec_loss 0.0024, p_loss 0.0725, utilization 0.4546, perplexity 18669.4233,
Train Epoch: [13/30] Iters:[1800/1875] loss 0.1322, rec_loss 0.0025, p_loss 0.0725, utilization 0.4556, perplexity 18723.3102,
Train Epoch: [13/30] Iters:[1810/1875] loss 0.1326, rec_loss 0.0025, p_loss 0.0728, utilization 0.4554, perplexity 18684.3849,
Train Epoch: [13/30] Iters:[1820/1875] loss 0.1325, rec_loss 0.0025, p_loss 0.0728, utilization 0.4546, perplexity 18560.3032,
Train Epoch: [13/30] Iters:[1830/1875] loss 0.1331, rec_loss 0.0024, p_loss 0.0728, utilization 0.4552, perplexity 18604.0002,
Train Epoch: [13/30] Iters:[1840/1875] loss 0.1330, rec_loss 0.0024, p_loss 0.0727, utilization 0.4544, perplexity 18518.5314,
Train Epoch: [13/30] Iters:[1850/1875] loss 0.1331, rec_loss 0.0024, p_loss 0.0728, utilization 0.4537, perplexity 18439.9045,
Train Epoch: [13/30] Iters:[1860/1875] loss 0.1337, rec_loss 0.0024, p_loss 0.0729, utilization 0.4561, perplexity 18721.1170,
Train Epoch: [13/30] Iters:[1870/1875] loss 0.1332, rec_loss 0.0024, p_loss 0.0723, utilization 0.4580, perplexity 18965.1323,
epoch:14, cur_lr:0.000061
Train Epoch: [14/30] Iters:[10/1875] loss 0.1305, rec_loss 0.0023, p_loss 0.0708, utilization 0.4548, perplexity 18670.0211,
Train Epoch: [14/30] Iters:[20/1875] loss 0.1277, rec_loss 0.0021, p_loss 0.0694, utilization 0.4552, perplexity 18757.7688,
Train Epoch: [14/30] Iters:[30/1875] loss 0.1291, rec_loss 0.0022, p_loss 0.0700, utilization 0.4556, perplexity 18863.7225,
Train Epoch: [14/30] Iters:[40/1875] loss 0.1295, rec_loss 0.0023, p_loss 0.0705, utilization 0.4554, perplexity 18899.2735,
Train Epoch: [14/30] Iters:[50/1875] loss 0.1286, rec_loss 0.0023, p_loss 0.0700, utilization 0.4545, perplexity 18715.7000,
Train Epoch: [14/30] Iters:[60/1875] loss 0.1277, rec_loss 0.0022, p_loss 0.0699, utilization 0.4532, perplexity 18542.8557,
Train Epoch: [14/30] Iters:[70/1875] loss 0.1289, rec_loss 0.0022, p_loss 0.0706, utilization 0.4529, perplexity 18562.1215,
Train Epoch: [14/30] Iters:[80/1875] loss 0.1287, rec_loss 0.0022, p_loss 0.0706, utilization 0.4525, perplexity 18438.2909,
Train Epoch: [14/30] Iters:[90/1875] loss 0.1286, rec_loss 0.0022, p_loss 0.0706, utilization 0.4525, perplexity 18389.3556,
Train Epoch: [14/30] Iters:[100/1875] loss 0.1296, rec_loss 0.0022, p_loss 0.0711, utilization 0.4530, perplexity 18550.6796,
Train Epoch: [14/30] Iters:[110/1875] loss 0.1312, rec_loss 0.0023, p_loss 0.0714, utilization 0.4540, perplexity 18743.0827,
Train Epoch: [14/30] Iters:[120/1875] loss 0.1307, rec_loss 0.0023, p_loss 0.0714, utilization 0.4543, perplexity 18642.8432,
Train Epoch: [14/30] Iters:[130/1875] loss 0.1302, rec_loss 0.0023, p_loss 0.0712, utilization 0.4530, perplexity 18578.5356,
Train Epoch: [14/30] Iters:[140/1875] loss 0.1296, rec_loss 0.0023, p_loss 0.0703, utilization 0.4537, perplexity 18696.0030,
Train Epoch: [14/30] Iters:[150/1875] loss 0.1294, rec_loss 0.0022, p_loss 0.0703, utilization 0.4533, perplexity 18612.4601,
Train Epoch: [14/30] Iters:[160/1875] loss 0.1282, rec_loss 0.0022, p_loss 0.0699, utilization 0.4530, perplexity 18602.1282,
Train Epoch: [14/30] Iters:[170/1875] loss 0.1284, rec_loss 0.0022, p_loss 0.0698, utilization 0.4520, perplexity 18634.6865,
Train Epoch: [14/30] Iters:[180/1875] loss 0.1283, rec_loss 0.0022, p_loss 0.0696, utilization 0.4526, perplexity 18656.5010,
Train Epoch: [14/30] Iters:[190/1875] loss 0.1287, rec_loss 0.0022, p_loss 0.0698, utilization 0.4526, perplexity 18712.1436,
Train Epoch: [14/30] Iters:[200/1875] loss 0.1281, rec_loss 0.0021, p_loss 0.0693, utilization 0.4538, perplexity 18902.0448,
Train Epoch: [14/30] Iters:[210/1875] loss 0.1278, rec_loss 0.0022, p_loss 0.0695, utilization 0.4528, perplexity 18613.5805,
Train Epoch: [14/30] Iters:[220/1875] loss 0.1283, rec_loss 0.0022, p_loss 0.0696, utilization 0.4539, perplexity 18646.0774,
Train Epoch: [14/30] Iters:[230/1875] loss 0.1294, rec_loss 0.0022, p_loss 0.0706, utilization 0.4537, perplexity 18654.7145,
Train Epoch: [14/30] Iters:[240/1875] loss 0.1306, rec_loss 0.0023, p_loss 0.0719, utilization 0.4535, perplexity 18490.2274,
Train Epoch: [14/30] Iters:[250/1875] loss 0.1323, rec_loss 0.0023, p_loss 0.0730, utilization 0.4539, perplexity 18481.5214,
Train Epoch: [14/30] Iters:[260/1875] loss 0.1332, rec_loss 0.0024, p_loss 0.0732, utilization 0.4546, perplexity 18612.3299,
Train Epoch: [14/30] Iters:[270/1875] loss 0.1330, rec_loss 0.0024, p_loss 0.0732, utilization 0.4546, perplexity 18685.1999,
Train Epoch: [14/30] Iters:[280/1875] loss 0.1329, rec_loss 0.0024, p_loss 0.0729, utilization 0.4560, perplexity 18766.1210,
Train Epoch: [14/30] Iters:[290/1875] loss 0.1314, rec_loss 0.0023, p_loss 0.0719, utilization 0.4549, perplexity 18686.7507,
Train Epoch: [14/30] Iters:[300/1875] loss 0.1309, rec_loss 0.0023, p_loss 0.0715, utilization 0.4538, perplexity 18609.0195,
Train Epoch: [14/30] Iters:[310/1875] loss 0.1306, rec_loss 0.0022, p_loss 0.0711, utilization 0.4539, perplexity 18645.6843,
Train Epoch: [14/30] Iters:[320/1875] loss 0.1306, rec_loss 0.0023, p_loss 0.0711, utilization 0.4540, perplexity 18625.6191,
Train Epoch: [14/30] Iters:[330/1875] loss 0.1300, rec_loss 0.0023, p_loss 0.0704, utilization 0.4541, perplexity 18657.5006,
Train Epoch: [14/30] Iters:[340/1875] loss 0.1301, rec_loss 0.0023, p_loss 0.0705, utilization 0.4535, perplexity 18672.2732,
Train Epoch: [14/30] Iters:[350/1875] loss 0.1292, rec_loss 0.0023, p_loss 0.0698, utilization 0.4541, perplexity 18627.9141,
Train Epoch: [14/30] Iters:[360/1875] loss 0.1294, rec_loss 0.0023, p_loss 0.0700, utilization 0.4556, perplexity 18822.3467,
Train Epoch: [14/30] Iters:[370/1875] loss 0.1289, rec_loss 0.0023, p_loss 0.0697, utilization 0.4559, perplexity 18869.2012,
Train Epoch: [14/30] Iters:[380/1875] loss 0.1287, rec_loss 0.0023, p_loss 0.0701, utilization 0.4548, perplexity 18816.6601,
Train Epoch: [14/30] Iters:[390/1875] loss 0.1295, rec_loss 0.0023, p_loss 0.0704, utilization 0.4557, perplexity 18846.2472,
Train Epoch: [14/30] Iters:[400/1875] loss 0.1312, rec_loss 0.0023, p_loss 0.0718, utilization 0.4557, perplexity 18918.7838,
Train Epoch: [14/30] Iters:[410/1875] loss 0.1310, rec_loss 0.0023, p_loss 0.0717, utilization 0.4551, perplexity 18868.2409,
Train Epoch: [14/30] Iters:[420/1875] loss 0.1320, rec_loss 0.0024, p_loss 0.0722, utilization 0.4546, perplexity 18782.0534,
Train Epoch: [14/30] Iters:[430/1875] loss 0.1316, rec_loss 0.0024, p_loss 0.0717, utilization 0.4554, perplexity 18795.6319,
Train Epoch: [14/30] Iters:[440/1875] loss 0.1302, rec_loss 0.0023, p_loss 0.0709, utilization 0.4551, perplexity 18783.1499,
Train Epoch: [14/30] Iters:[450/1875] loss 0.1294, rec_loss 0.0023, p_loss 0.0701, utilization 0.4544, perplexity 18701.8502,
Train Epoch: [14/30] Iters:[460/1875] loss 0.1290, rec_loss 0.0023, p_loss 0.0697, utilization 0.4534, perplexity 18552.5118,
Train Epoch: [14/30] Iters:[470/1875] loss 0.1286, rec_loss 0.0022, p_loss 0.0695, utilization 0.4532, perplexity 18554.4142,
Train Epoch: [14/30] Iters:[480/1875] loss 0.1296, rec_loss 0.0023, p_loss 0.0698, utilization 0.4526, perplexity 18587.3830,
Train Epoch: [14/30] Iters:[490/1875] loss 0.1307, rec_loss 0.0023, p_loss 0.0705, utilization 0.4547, perplexity 18771.0864,
Train Epoch: [14/30] Iters:[500/1875] loss 0.1306, rec_loss 0.0023, p_loss 0.0707, utilization 0.4545, perplexity 18760.2474,
Train Epoch: [14/30] Iters:[510/1875] loss 0.1315, rec_loss 0.0024, p_loss 0.0715, utilization 0.4546, perplexity 18657.0842,
Train Epoch: [14/30] Iters:[520/1875] loss 0.1309, rec_loss 0.0024, p_loss 0.0711, utilization 0.4532, perplexity 18561.7073,
Train Epoch: [14/30] Iters:[530/1875] loss 0.1298, rec_loss 0.0024, p_loss 0.0706, utilization 0.4534, perplexity 18461.7797,
Train Epoch: [14/30] Iters:[540/1875] loss 0.1303, rec_loss 0.0024, p_loss 0.0709, utilization 0.4525, perplexity 18275.5982,
Train Epoch: [14/30] Iters:[550/1875] loss 0.1311, rec_loss 0.0025, p_loss 0.0715, utilization 0.4523, perplexity 18203.9049,
Train Epoch: [14/30] Iters:[560/1875] loss 0.1315, rec_loss 0.0024, p_loss 0.0720, utilization 0.4537, perplexity 18478.1229,
Train Epoch: [14/30] Iters:[570/1875] loss 0.1319, rec_loss 0.0024, p_loss 0.0721, utilization 0.4552, perplexity 18633.4865,
Train Epoch: [14/30] Iters:[580/1875] loss 0.1325, rec_loss 0.0023, p_loss 0.0727, utilization 0.4551, perplexity 18786.5144,
Train Epoch: [14/30] Iters:[590/1875] loss 0.1328, rec_loss 0.0023, p_loss 0.0728, utilization 0.4545, perplexity 18795.1509,
Train Epoch: [14/30] Iters:[600/1875] loss 0.1319, rec_loss 0.0023, p_loss 0.0719, utilization 0.4540, perplexity 18950.5612,
Train Epoch: [14/30] Iters:[610/1875] loss 0.1315, rec_loss 0.0023, p_loss 0.0717, utilization 0.4523, perplexity 18760.5792,
Train Epoch: [14/30] Iters:[620/1875] loss 0.1316, rec_loss 0.0024, p_loss 0.0719, utilization 0.4531, perplexity 18865.7572,
Train Epoch: [14/30] Iters:[630/1875] loss 0.1321, rec_loss 0.0024, p_loss 0.0719, utilization 0.4535, perplexity 18836.5982,
Train Epoch: [14/30] Iters:[640/1875] loss 0.1314, rec_loss 0.0024, p_loss 0.0717, utilization 0.4539, perplexity 18886.0738,
Train Epoch: [14/30] Iters:[650/1875] loss 0.1308, rec_loss 0.0024, p_loss 0.0713, utilization 0.4548, perplexity 18780.6629,
Train Epoch: [14/30] Iters:[660/1875] loss 0.1307, rec_loss 0.0024, p_loss 0.0709, utilization 0.4568, perplexity 18995.2074,
Train Epoch: [14/30] Iters:[670/1875] loss 0.1303, rec_loss 0.0023, p_loss 0.0708, utilization 0.4539, perplexity 18678.0352,
Train Epoch: [14/30] Iters:[680/1875] loss 0.1289, rec_loss 0.0023, p_loss 0.0702, utilization 0.4537, perplexity 18671.5555,
Train Epoch: [14/30] Iters:[690/1875] loss 0.1280, rec_loss 0.0023, p_loss 0.0691, utilization 0.4552, perplexity 18894.1150,
Train Epoch: [14/30] Iters:[700/1875] loss 0.1279, rec_loss 0.0023, p_loss 0.0690, utilization 0.4540, perplexity 18890.1660,
Train Epoch: [14/30] Iters:[710/1875] loss 0.1269, rec_loss 0.0023, p_loss 0.0683, utilization 0.4538, perplexity 18879.3133,
Train Epoch: [14/30] Iters:[720/1875] loss 0.1278, rec_loss 0.0023, p_loss 0.0685, utilization 0.4563, perplexity 19034.4275,
Train Epoch: [14/30] Iters:[730/1875] loss 0.1285, rec_loss 0.0023, p_loss 0.0690, utilization 0.4558, perplexity 19005.0376,
Train Epoch: [14/30] Iters:[740/1875] loss 0.1291, rec_loss 0.0023, p_loss 0.0698, utilization 0.4538, perplexity 18789.0713,
Train Epoch: [14/30] Iters:[750/1875] loss 0.1303, rec_loss 0.0023, p_loss 0.0706, utilization 0.4549, perplexity 18873.8739,
Train Epoch: [14/30] Iters:[760/1875] loss 0.1309, rec_loss 0.0023, p_loss 0.0712, utilization 0.4533, perplexity 18743.0606,
Train Epoch: [14/30] Iters:[770/1875] loss 0.1307, rec_loss 0.0023, p_loss 0.0715, utilization 0.4536, perplexity 18806.2653,
Train Epoch: [14/30] Iters:[780/1875] loss 0.1311, rec_loss 0.0022, p_loss 0.0718, utilization 0.4536, perplexity 18786.0592,
Train Epoch: [14/30] Iters:[790/1875] loss 0.1314, rec_loss 0.0022, p_loss 0.0719, utilization 0.4528, perplexity 18623.8981,
Train Epoch: [14/30] Iters:[800/1875] loss 0.1306, rec_loss 0.0022, p_loss 0.0714, utilization 0.4524, perplexity 18537.7271,
Train Epoch: [14/30] Iters:[810/1875] loss 0.1310, rec_loss 0.0023, p_loss 0.0715, utilization 0.4547, perplexity 18794.8526,
Train Epoch: [14/30] Iters:[820/1875] loss 0.1312, rec_loss 0.0023, p_loss 0.0716, utilization 0.4542, perplexity 18778.7188,
Train Epoch: [14/30] Iters:[830/1875] loss 0.1309, rec_loss 0.0023, p_loss 0.0715, utilization 0.4536, perplexity 18684.4435,
Train Epoch: [14/30] Iters:[840/1875] loss 0.1303, rec_loss 0.0023, p_loss 0.0710, utilization 0.4552, perplexity 18911.8032,
Train Epoch: [14/30] Iters:[850/1875] loss 0.1303, rec_loss 0.0024, p_loss 0.0711, utilization 0.4544, perplexity 18888.2074,
Train Epoch: [14/30] Iters:[860/1875] loss 0.1295, rec_loss 0.0024, p_loss 0.0706, utilization 0.4535, perplexity 18774.6006,
Train Epoch: [14/30] Iters:[870/1875] loss 0.1291, rec_loss 0.0024, p_loss 0.0702, utilization 0.4532, perplexity 18772.4106,
Train Epoch: [14/30] Iters:[880/1875] loss 0.1291, rec_loss 0.0024, p_loss 0.0698, utilization 0.4533, perplexity 18755.5906,
Train Epoch: [14/30] Iters:[890/1875] loss 0.1310, rec_loss 0.0023, p_loss 0.0710, utilization 0.4545, perplexity 18869.7552,
Train Epoch: [14/30] Iters:[900/1875] loss 0.1308, rec_loss 0.0023, p_loss 0.0705, utilization 0.4549, perplexity 18907.6710,
Train Epoch: [14/30] Iters:[910/1875] loss 0.1311, rec_loss 0.0023, p_loss 0.0707, utilization 0.4537, perplexity 18687.8574,
Train Epoch: [14/30] Iters:[920/1875] loss 0.1310, rec_loss 0.0023, p_loss 0.0706, utilization 0.4530, perplexity 18555.0470,
Train Epoch: [14/30] Iters:[930/1875] loss 0.1306, rec_loss 0.0023, p_loss 0.0707, utilization 0.4530, perplexity 18597.5658,
Train Epoch: [14/30] Iters:[940/1875] loss 0.1283, rec_loss 0.0022, p_loss 0.0693, utilization 0.4502, perplexity 18315.0882,
Train Epoch: [14/30] Iters:[950/1875] loss 0.1289, rec_loss 0.0023, p_loss 0.0699, utilization 0.4506, perplexity 18276.1927,
Train Epoch: [14/30] Iters:[960/1875] loss 0.1290, rec_loss 0.0023, p_loss 0.0699, utilization 0.4529, perplexity 18647.8447,
Train Epoch: [14/30] Iters:[970/1875] loss 0.1289, rec_loss 0.0023, p_loss 0.0700, utilization 0.4532, perplexity 18644.0657,
Train Epoch: [14/30] Iters:[980/1875] loss 0.1295, rec_loss 0.0023, p_loss 0.0699, utilization 0.4554, perplexity 18860.1086,
Train Epoch: [14/30] Iters:[990/1875] loss 0.1288, rec_loss 0.0023, p_loss 0.0694, utilization 0.4560, perplexity 18806.4556,
Train Epoch: [14/30] Iters:[1000/1875] loss 0.1294, rec_loss 0.0023, p_loss 0.0697, utilization 0.4569, perplexity 18984.0329,
Train Epoch: [14/30] Iters:[1010/1875] loss 0.1282, rec_loss 0.0022, p_loss 0.0690, utilization 0.4545, perplexity 18628.2717,
Train Epoch: [14/30] Iters:[1020/1875] loss 0.1277, rec_loss 0.0022, p_loss 0.0690, utilization 0.4536, perplexity 18612.2721,
Train Epoch: [14/30] Iters:[1030/1875] loss 0.1274, rec_loss 0.0022, p_loss 0.0689, utilization 0.4515, perplexity 18468.3124,
Train Epoch: [14/30] Iters:[1040/1875] loss 0.1282, rec_loss 0.0022, p_loss 0.0697, utilization 0.4514, perplexity 18458.4856,
Train Epoch: [14/30] Iters:[1050/1875] loss 0.1277, rec_loss 0.0022, p_loss 0.0692, utilization 0.4512, perplexity 18357.9561,
Train Epoch: [14/30] Iters:[1060/1875] loss 0.1293, rec_loss 0.0023, p_loss 0.0700, utilization 0.4529, perplexity 18561.9121,
Train Epoch: [14/30] Iters:[1070/1875] loss 0.1295, rec_loss 0.0023, p_loss 0.0700, utilization 0.4538, perplexity 18619.0187,
Train Epoch: [14/30] Iters:[1080/1875] loss 0.1298, rec_loss 0.0023, p_loss 0.0702, utilization 0.4545, perplexity 18610.9077,
Train Epoch: [14/30] Iters:[1090/1875] loss 0.1299, rec_loss 0.0023, p_loss 0.0700, utilization 0.4548, perplexity 18690.1510,
Train Epoch: [14/30] Iters:[1100/1875] loss 0.1298, rec_loss 0.0023, p_loss 0.0703, utilization 0.4550, perplexity 18729.2543,
Train Epoch: [14/30] Iters:[1110/1875] loss 0.1285, rec_loss 0.0023, p_loss 0.0699, utilization 0.4550, perplexity 18670.0920,
Train Epoch: [14/30] Iters:[1120/1875] loss 0.1284, rec_loss 0.0023, p_loss 0.0700, utilization 0.4546, perplexity 18586.6311,
Train Epoch: [14/30] Iters:[1130/1875] loss 0.1290, rec_loss 0.0023, p_loss 0.0703, utilization 0.4562, perplexity 18741.6853,
Train Epoch: [14/30] Iters:[1140/1875] loss 0.1292, rec_loss 0.0023, p_loss 0.0707, utilization 0.4573, perplexity 18875.2740,
Train Epoch: [14/30] Iters:[1150/1875] loss 0.1287, rec_loss 0.0023, p_loss 0.0701, utilization 0.4575, perplexity 18999.3623,
Train Epoch: [14/30] Iters:[1160/1875] loss 0.1293, rec_loss 0.0024, p_loss 0.0704, utilization 0.4578, perplexity 19115.3393,
Train Epoch: [14/30] Iters:[1170/1875] loss 0.1293, rec_loss 0.0023, p_loss 0.0704, utilization 0.4573, perplexity 19209.0028,
Train Epoch: [14/30] Iters:[1180/1875] loss 0.1282, rec_loss 0.0023, p_loss 0.0697, utilization 0.4548, perplexity 19031.9201,
Train Epoch: [14/30] Iters:[1190/1875] loss 0.1281, rec_loss 0.0023, p_loss 0.0693, utilization 0.4541, perplexity 19021.8041,
Train Epoch: [14/30] Iters:[1200/1875] loss 0.1283, rec_loss 0.0022, p_loss 0.0694, utilization 0.4540, perplexity 18957.7936,
Train Epoch: [14/30] Iters:[1210/1875] loss 0.1290, rec_loss 0.0023, p_loss 0.0701, utilization 0.4532, perplexity 18906.7495,
Train Epoch: [14/30] Iters:[1220/1875] loss 0.1301, rec_loss 0.0023, p_loss 0.0708, utilization 0.4549, perplexity 18906.5821,
Train Epoch: [14/30] Iters:[1230/1875] loss 0.1311, rec_loss 0.0024, p_loss 0.0716, utilization 0.4554, perplexity 18840.6063,
Train Epoch: [14/30] Iters:[1240/1875] loss 0.1317, rec_loss 0.0024, p_loss 0.0720, utilization 0.4568, perplexity 18869.0897,
Train Epoch: [14/30] Iters:[1250/1875] loss 0.1333, rec_loss 0.0025, p_loss 0.0732, utilization 0.4574, perplexity 18952.1644,
Train Epoch: [14/30] Iters:[1260/1875] loss 0.1339, rec_loss 0.0025, p_loss 0.0734, utilization 0.4574, perplexity 18875.2898,
Train Epoch: [14/30] Iters:[1270/1875] loss 0.1337, rec_loss 0.0024, p_loss 0.0730, utilization 0.4587, perplexity 19183.7465,
Train Epoch: [14/30] Iters:[1280/1875] loss 0.1332, rec_loss 0.0024, p_loss 0.0727, utilization 0.4580, perplexity 19092.0133,
Train Epoch: [14/30] Iters:[1290/1875] loss 0.1329, rec_loss 0.0023, p_loss 0.0726, utilization 0.4575, perplexity 19065.6320,
Train Epoch: [14/30] Iters:[1300/1875] loss 0.1312, rec_loss 0.0022, p_loss 0.0713, utilization 0.4568, perplexity 18850.2018,
Train Epoch: [14/30] Iters:[1310/1875] loss 0.1296, rec_loss 0.0022, p_loss 0.0702, utilization 0.4560, perplexity 18823.2236,
Train Epoch: [14/30] Iters:[1320/1875] loss 0.1293, rec_loss 0.0023, p_loss 0.0701, utilization 0.4549, perplexity 18523.0366,
Train Epoch: [14/30] Iters:[1330/1875] loss 0.1286, rec_loss 0.0023, p_loss 0.0695, utilization 0.4561, perplexity 18805.5507,
Train Epoch: [14/30] Iters:[1340/1875] loss 0.1287, rec_loss 0.0023, p_loss 0.0695, utilization 0.4554, perplexity 18714.8383,
Train Epoch: [14/30] Iters:[1350/1875] loss 0.1285, rec_loss 0.0023, p_loss 0.0695, utilization 0.4545, perplexity 18722.1698,
Train Epoch: [14/30] Iters:[1360/1875] loss 0.1294, rec_loss 0.0023, p_loss 0.0699, utilization 0.4560, perplexity 18831.9434,
Train Epoch: [14/30] Iters:[1370/1875] loss 0.1293, rec_loss 0.0023, p_loss 0.0700, utilization 0.4559, perplexity 18916.7987,
Train Epoch: [14/30] Iters:[1380/1875] loss 0.1306, rec_loss 0.0023, p_loss 0.0709, utilization 0.4565, perplexity 18885.6688,
Train Epoch: [14/30] Iters:[1390/1875] loss 0.1300, rec_loss 0.0023, p_loss 0.0705, utilization 0.4563, perplexity 18960.5177,
Train Epoch: [14/30] Iters:[1400/1875] loss 0.1306, rec_loss 0.0023, p_loss 0.0710, utilization 0.4572, perplexity 19009.4171,
Train Epoch: [14/30] Iters:[1410/1875] loss 0.1299, rec_loss 0.0023, p_loss 0.0706, utilization 0.4562, perplexity 18998.0058,
Train Epoch: [14/30] Iters:[1420/1875] loss 0.1302, rec_loss 0.0023, p_loss 0.0706, utilization 0.4550, perplexity 18793.0420,
Train Epoch: [14/30] Iters:[1430/1875] loss 0.1291, rec_loss 0.0022, p_loss 0.0698, utilization 0.4549, perplexity 18808.7229,
Train Epoch: [14/30] Iters:[1440/1875] loss 0.1293, rec_loss 0.0023, p_loss 0.0700, utilization 0.4545, perplexity 18805.1521,
Train Epoch: [14/30] Iters:[1450/1875] loss 0.1294, rec_loss 0.0023, p_loss 0.0700, utilization 0.4523, perplexity 18522.4345,
Train Epoch: [14/30] Iters:[1460/1875] loss 0.1304, rec_loss 0.0023, p_loss 0.0705, utilization 0.4521, perplexity 18407.6932,
Train Epoch: [14/30] Iters:[1470/1875] loss 0.1296, rec_loss 0.0022, p_loss 0.0702, utilization 0.4526, perplexity 18539.4908,
Train Epoch: [14/30] Iters:[1480/1875] loss 0.1295, rec_loss 0.0022, p_loss 0.0705, utilization 0.4515, perplexity 18401.9861,
Train Epoch: [14/30] Iters:[1490/1875] loss 0.1306, rec_loss 0.0023, p_loss 0.0712, utilization 0.4518, perplexity 18346.6869,
Train Epoch: [14/30] Iters:[1500/1875] loss 0.1301, rec_loss 0.0023, p_loss 0.0708, utilization 0.4531, perplexity 18467.6687,
Train Epoch: [14/30] Iters:[1510/1875] loss 0.1302, rec_loss 0.0023, p_loss 0.0710, utilization 0.4535, perplexity 18562.7482,
Train Epoch: [14/30] Iters:[1520/1875] loss 0.1312, rec_loss 0.0025, p_loss 0.0716, utilization 0.4540, perplexity 18484.0291,
Train Epoch: [14/30] Iters:[1530/1875] loss 0.1313, rec_loss 0.0025, p_loss 0.0714, utilization 0.4548, perplexity 18608.7700,
Train Epoch: [14/30] Iters:[1540/1875] loss 0.1302, rec_loss 0.0024, p_loss 0.0706, utilization 0.4554, perplexity 18713.3761,
Train Epoch: [14/30] Iters:[1550/1875] loss 0.1300, rec_loss 0.0023, p_loss 0.0705, utilization 0.4566, perplexity 19007.2103,
Train Epoch: [14/30] Iters:[1560/1875] loss 0.1285, rec_loss 0.0022, p_loss 0.0697, utilization 0.4563, perplexity 19021.4112,
Train Epoch: [14/30] Iters:[1570/1875] loss 0.1284, rec_loss 0.0022, p_loss 0.0697, utilization 0.4563, perplexity 19114.8167,
Train Epoch: [14/30] Iters:[1580/1875] loss 0.1288, rec_loss 0.0023, p_loss 0.0701, utilization 0.4542, perplexity 18710.0335,
Train Epoch: [14/30] Iters:[1590/1875] loss 0.1282, rec_loss 0.0023, p_loss 0.0698, utilization 0.4535, perplexity 18677.3263,
Train Epoch: [14/30] Iters:[1600/1875] loss 0.1278, rec_loss 0.0023, p_loss 0.0692, utilization 0.4530, perplexity 18688.5457,
Train Epoch: [14/30] Iters:[1610/1875] loss 0.1286, rec_loss 0.0024, p_loss 0.0697, utilization 0.4522, perplexity 18466.3737,
Train Epoch: [14/30] Iters:[1620/1875] loss 0.1277, rec_loss 0.0023, p_loss 0.0689, utilization 0.4515, perplexity 18357.6231,
Train Epoch: [14/30] Iters:[1630/1875] loss 0.1290, rec_loss 0.0023, p_loss 0.0694, utilization 0.4542, perplexity 18731.1176,
Train Epoch: [14/30] Iters:[1640/1875] loss 0.1292, rec_loss 0.0023, p_loss 0.0697, utilization 0.4541, perplexity 18621.6733,
Train Epoch: [14/30] Iters:[1650/1875] loss 0.1307, rec_loss 0.0023, p_loss 0.0708, utilization 0.4551, perplexity 18534.1619,
Train Epoch: [14/30] Iters:[1660/1875] loss 0.1316, rec_loss 0.0023, p_loss 0.0714, utilization 0.4557, perplexity 18683.2385,
Train Epoch: [14/30] Iters:[1670/1875] loss 0.1316, rec_loss 0.0023, p_loss 0.0715, utilization 0.4550, perplexity 18646.6533,
Train Epoch: [14/30] Iters:[1680/1875] loss 0.1304, rec_loss 0.0023, p_loss 0.0709, utilization 0.4563, perplexity 18849.3803,
Train Epoch: [14/30] Iters:[1690/1875] loss 0.1311, rec_loss 0.0023, p_loss 0.0713, utilization 0.4571, perplexity 18889.3948,
Train Epoch: [14/30] Iters:[1700/1875] loss 0.1304, rec_loss 0.0023, p_loss 0.0709, utilization 0.4564, perplexity 18859.6823,
Train Epoch: [14/30] Iters:[1710/1875] loss 0.1304, rec_loss 0.0023, p_loss 0.0708, utilization 0.4582, perplexity 19020.9180,
Train Epoch: [14/30] Iters:[1720/1875] loss 0.1307, rec_loss 0.0023, p_loss 0.0709, utilization 0.4586, perplexity 19121.4750,
Train Epoch: [14/30] Iters:[1730/1875] loss 0.1310, rec_loss 0.0023, p_loss 0.0710, utilization 0.4572, perplexity 18929.2588,
Train Epoch: [14/30] Iters:[1740/1875] loss 0.1304, rec_loss 0.0023, p_loss 0.0707, utilization 0.4554, perplexity 18861.3004,
Train Epoch: [14/30] Iters:[1750/1875] loss 0.1303, rec_loss 0.0023, p_loss 0.0704, utilization 0.4561, perplexity 18941.0781,
Train Epoch: [14/30] Iters:[1760/1875] loss 0.1283, rec_loss 0.0022, p_loss 0.0693, utilization 0.4551, perplexity 18881.7367,
Train Epoch: [14/30] Iters:[1770/1875] loss 0.1274, rec_loss 0.0021, p_loss 0.0686, utilization 0.4556, perplexity 18880.3645,
Train Epoch: [14/30] Iters:[1780/1875] loss 0.1271, rec_loss 0.0021, p_loss 0.0685, utilization 0.4554, perplexity 18818.6773,
Train Epoch: [14/30] Iters:[1790/1875] loss 0.1280, rec_loss 0.0022, p_loss 0.0688, utilization 0.4570, perplexity 18940.9523,
Train Epoch: [14/30] Iters:[1800/1875] loss 0.1280, rec_loss 0.0022, p_loss 0.0691, utilization 0.4553, perplexity 18805.5392,
Train Epoch: [14/30] Iters:[1810/1875] loss 0.1286, rec_loss 0.0022, p_loss 0.0695, utilization 0.4553, perplexity 18778.9147,
Train Epoch: [14/30] Iters:[1820/1875] loss 0.1290, rec_loss 0.0022, p_loss 0.0697, utilization 0.4544, perplexity 18727.4116,
Train Epoch: [14/30] Iters:[1830/1875] loss 0.1283, rec_loss 0.0022, p_loss 0.0692, utilization 0.4538, perplexity 18789.0940,
Train Epoch: [14/30] Iters:[1840/1875] loss 0.1268, rec_loss 0.0022, p_loss 0.0684, utilization 0.4517, perplexity 18542.6741,
Train Epoch: [14/30] Iters:[1850/1875] loss 0.1272, rec_loss 0.0022, p_loss 0.0688, utilization 0.4522, perplexity 18559.3420,
Train Epoch: [14/30] Iters:[1860/1875] loss 0.1266, rec_loss 0.0021, p_loss 0.0683, utilization 0.4511, perplexity 18556.7198,
Train Epoch: [14/30] Iters:[1870/1875] loss 0.1264, rec_loss 0.0021, p_loss 0.0684, utilization 0.4524, perplexity 18665.0192,
epoch:15, cur_lr:0.000058
Train Epoch: [15/30] Iters:[10/1875] loss 0.1288, rec_loss 0.0022, p_loss 0.0703, utilization 0.4480, perplexity 18125.4070,
Train Epoch: [15/30] Iters:[20/1875] loss 0.1279, rec_loss 0.0023, p_loss 0.0696, utilization 0.4501, perplexity 18345.0968,
Train Epoch: [15/30] Iters:[30/1875] loss 0.1307, rec_loss 0.0024, p_loss 0.0713, utilization 0.4527, perplexity 18570.6226,
Train Epoch: [15/30] Iters:[40/1875] loss 0.1303, rec_loss 0.0024, p_loss 0.0711, utilization 0.4531, perplexity 18569.0350,
Train Epoch: [15/30] Iters:[50/1875] loss 0.1299, rec_loss 0.0024, p_loss 0.0706, utilization 0.4542, perplexity 18852.6395,
Train Epoch: [15/30] Iters:[60/1875] loss 0.1301, rec_loss 0.0024, p_loss 0.0707, utilization 0.4544, perplexity 18775.6675,
Train Epoch: [15/30] Iters:[70/1875] loss 0.1311, rec_loss 0.0024, p_loss 0.0714, utilization 0.4544, perplexity 18765.6199,
Train Epoch: [15/30] Iters:[80/1875] loss 0.1297, rec_loss 0.0023, p_loss 0.0706, utilization 0.4527, perplexity 18575.6227,
Train Epoch: [15/30] Iters:[90/1875] loss 0.1298, rec_loss 0.0023, p_loss 0.0706, utilization 0.4537, perplexity 18720.1718,
Train Epoch: [15/30] Iters:[100/1875] loss 0.1300, rec_loss 0.0023, p_loss 0.0709, utilization 0.4528, perplexity 18428.4411,
Train Epoch: [15/30] Iters:[110/1875] loss 0.1297, rec_loss 0.0023, p_loss 0.0707, utilization 0.4529, perplexity 18523.0298,
Train Epoch: [15/30] Iters:[120/1875] loss 0.1286, rec_loss 0.0022, p_loss 0.0699, utilization 0.4522, perplexity 18376.5139,
Train Epoch: [15/30] Iters:[130/1875] loss 0.1296, rec_loss 0.0023, p_loss 0.0702, utilization 0.4542, perplexity 18563.5625,
Train Epoch: [15/30] Iters:[140/1875] loss 0.1296, rec_loss 0.0023, p_loss 0.0703, utilization 0.4518, perplexity 18311.3157,
Train Epoch: [15/30] Iters:[150/1875] loss 0.1303, rec_loss 0.0024, p_loss 0.0704, utilization 0.4538, perplexity 18522.7072,
Train Epoch: [15/30] Iters:[160/1875] loss 0.1296, rec_loss 0.0023, p_loss 0.0702, utilization 0.4539, perplexity 18596.2285,
Train Epoch: [15/30] Iters:[170/1875] loss 0.1308, rec_loss 0.0024, p_loss 0.0707, utilization 0.4566, perplexity 18917.0960,
Train Epoch: [15/30] Iters:[180/1875] loss 0.1296, rec_loss 0.0023, p_loss 0.0702, utilization 0.4551, perplexity 18801.5440,
Train Epoch: [15/30] Iters:[190/1875] loss 0.1293, rec_loss 0.0023, p_loss 0.0700, utilization 0.4551, perplexity 18671.3180,
Train Epoch: [15/30] Iters:[200/1875] loss 0.1284, rec_loss 0.0023, p_loss 0.0697, utilization 0.4539, perplexity 18525.6894,
Train Epoch: [15/30] Iters:[210/1875] loss 0.1300, rec_loss 0.0024, p_loss 0.0705, utilization 0.4546, perplexity 18551.9383,
Train Epoch: [15/30] Iters:[220/1875] loss 0.1287, rec_loss 0.0023, p_loss 0.0700, utilization 0.4525, perplexity 18369.2536,
Train Epoch: [15/30] Iters:[230/1875] loss 0.1292, rec_loss 0.0024, p_loss 0.0700, utilization 0.4530, perplexity 18362.6303,
Train Epoch: [15/30] Iters:[240/1875] loss 0.1290, rec_loss 0.0023, p_loss 0.0697, utilization 0.4548, perplexity 18762.5567,
Train Epoch: [15/30] Iters:[250/1875] loss 0.1288, rec_loss 0.0023, p_loss 0.0697, utilization 0.4545, perplexity 18760.5062,
Train Epoch: [15/30] Iters:[260/1875] loss 0.1292, rec_loss 0.0023, p_loss 0.0699, utilization 0.4552, perplexity 18705.3093,
Train Epoch: [15/30] Iters:[270/1875] loss 0.1298, rec_loss 0.0023, p_loss 0.0702, utilization 0.4557, perplexity 18810.9247,
Train Epoch: [15/30] Iters:[280/1875] loss 0.1302, rec_loss 0.0023, p_loss 0.0708, utilization 0.4561, perplexity 18974.5227,
Train Epoch: [15/30] Iters:[290/1875] loss 0.1315, rec_loss 0.0023, p_loss 0.0713, utilization 0.4559, perplexity 18893.1996,
Train Epoch: [15/30] Iters:[300/1875] loss 0.1318, rec_loss 0.0024, p_loss 0.0712, utilization 0.4551, perplexity 18736.8816,
Train Epoch: [15/30] Iters:[310/1875] loss 0.1304, rec_loss 0.0023, p_loss 0.0703, utilization 0.4545, perplexity 18814.1843,
Train Epoch: [15/30] Iters:[320/1875] loss 0.1304, rec_loss 0.0023, p_loss 0.0704, utilization 0.4538, perplexity 18790.2119,
Train Epoch: [15/30] Iters:[330/1875] loss 0.1310, rec_loss 0.0023, p_loss 0.0707, utilization 0.4536, perplexity 18777.0100,
Train Epoch: [15/30] Iters:[340/1875] loss 0.1298, rec_loss 0.0022, p_loss 0.0703, utilization 0.4531, perplexity 18724.1017,
Train Epoch: [15/30] Iters:[350/1875] loss 0.1300, rec_loss 0.0022, p_loss 0.0706, utilization 0.4543, perplexity 19014.0198,
Train Epoch: [15/30] Iters:[360/1875] loss 0.1297, rec_loss 0.0022, p_loss 0.0706, utilization 0.4548, perplexity 19042.4562,
Train Epoch: [15/30] Iters:[370/1875] loss 0.1303, rec_loss 0.0022, p_loss 0.0709, utilization 0.4561, perplexity 19074.8046,
Train Epoch: [15/30] Iters:[380/1875] loss 0.1286, rec_loss 0.0022, p_loss 0.0695, utilization 0.4570, perplexity 19122.6676,
Train Epoch: [15/30] Iters:[390/1875] loss 0.1294, rec_loss 0.0022, p_loss 0.0699, utilization 0.4587, perplexity 19250.3952,
Train Epoch: [15/30] Iters:[400/1875] loss 0.1289, rec_loss 0.0022, p_loss 0.0696, utilization 0.4572, perplexity 19103.9324,
Train Epoch: [15/30] Iters:[410/1875] loss 0.1288, rec_loss 0.0022, p_loss 0.0693, utilization 0.4565, perplexity 19026.6636,
Train Epoch: [15/30] Iters:[420/1875] loss 0.1279, rec_loss 0.0023, p_loss 0.0687, utilization 0.4567, perplexity 19116.2854,
Train Epoch: [15/30] Iters:[430/1875] loss 0.1282, rec_loss 0.0023, p_loss 0.0693, utilization 0.4546, perplexity 18908.1843,
Train Epoch: [15/30] Iters:[440/1875] loss 0.1290, rec_loss 0.0023, p_loss 0.0697, utilization 0.4546, perplexity 18878.5468,
Train Epoch: [15/30] Iters:[450/1875] loss 0.1294, rec_loss 0.0023, p_loss 0.0700, utilization 0.4564, perplexity 19052.9534,
Train Epoch: [15/30] Iters:[460/1875] loss 0.1300, rec_loss 0.0023, p_loss 0.0706, utilization 0.4568, perplexity 19134.2477,
Train Epoch: [15/30] Iters:[470/1875] loss 0.1295, rec_loss 0.0023, p_loss 0.0702, utilization 0.4559, perplexity 19033.1917,
Train Epoch: [15/30] Iters:[480/1875] loss 0.1287, rec_loss 0.0023, p_loss 0.0697, utilization 0.4564, perplexity 19101.5988,
Train Epoch: [15/30] Iters:[490/1875] loss 0.1270, rec_loss 0.0023, p_loss 0.0688, utilization 0.4537, perplexity 18880.7636,
Train Epoch: [15/30] Iters:[500/1875] loss 0.1268, rec_loss 0.0023, p_loss 0.0688, utilization 0.4517, perplexity 18627.3367,
Train Epoch: [15/30] Iters:[510/1875] loss 0.1257, rec_loss 0.0022, p_loss 0.0682, utilization 0.4499, perplexity 18434.0286,
Train Epoch: [15/30] Iters:[520/1875] loss 0.1260, rec_loss 0.0022, p_loss 0.0683, utilization 0.4491, perplexity 18254.7001,
Train Epoch: [15/30] Iters:[530/1875] loss 0.1269, rec_loss 0.0022, p_loss 0.0686, utilization 0.4503, perplexity 18341.1650,
Train Epoch: [15/30] Iters:[540/1875] loss 0.1283, rec_loss 0.0023, p_loss 0.0695, utilization 0.4522, perplexity 18422.3273,
Train Epoch: [15/30] Iters:[550/1875] loss 0.1281, rec_loss 0.0023, p_loss 0.0688, utilization 0.4550, perplexity 18788.7078,
Train Epoch: [15/30] Iters:[560/1875] loss 0.1287, rec_loss 0.0023, p_loss 0.0692, utilization 0.4567, perplexity 18954.6122,
Train Epoch: [15/30] Iters:[570/1875] loss 0.1301, rec_loss 0.0023, p_loss 0.0703, utilization 0.4576, perplexity 19037.5282,
Train Epoch: [15/30] Iters:[580/1875] loss 0.1305, rec_loss 0.0024, p_loss 0.0709, utilization 0.4549, perplexity 18706.8086,
Train Epoch: [15/30] Iters:[590/1875] loss 0.1293, rec_loss 0.0023, p_loss 0.0700, utilization 0.4537, perplexity 18688.6657,
Train Epoch: [15/30] Iters:[600/1875] loss 0.1293, rec_loss 0.0024, p_loss 0.0704, utilization 0.4517, perplexity 18430.4495,
Train Epoch: [15/30] Iters:[610/1875] loss 0.1289, rec_loss 0.0023, p_loss 0.0701, utilization 0.4515, perplexity 18330.4888,
Train Epoch: [15/30] Iters:[620/1875] loss 0.1282, rec_loss 0.0023, p_loss 0.0696, utilization 0.4528, perplexity 18569.2590,
Train Epoch: [15/30] Iters:[630/1875] loss 0.1278, rec_loss 0.0023, p_loss 0.0690, utilization 0.4542, perplexity 18723.8060,
Train Epoch: [15/30] Iters:[640/1875] loss 0.1285, rec_loss 0.0024, p_loss 0.0697, utilization 0.4543, perplexity 18691.4542,
Train Epoch: [15/30] Iters:[650/1875] loss 0.1298, rec_loss 0.0024, p_loss 0.0705, utilization 0.4548, perplexity 18752.9839,
Train Epoch: [15/30] Iters:[660/1875] loss 0.1305, rec_loss 0.0025, p_loss 0.0709, utilization 0.4545, perplexity 18731.9470,
Train Epoch: [15/30] Iters:[670/1875] loss 0.1305, rec_loss 0.0024, p_loss 0.0709, utilization 0.4528, perplexity 18456.9834,
Train Epoch: [15/30] Iters:[680/1875] loss 0.1307, rec_loss 0.0024, p_loss 0.0709, utilization 0.4549, perplexity 18666.2062,
Train Epoch: [15/30] Iters:[690/1875] loss 0.1291, rec_loss 0.0022, p_loss 0.0701, utilization 0.4532, perplexity 18524.3089,
Train Epoch: [15/30] Iters:[700/1875] loss 0.1283, rec_loss 0.0022, p_loss 0.0697, utilization 0.4537, perplexity 18462.6082,
Train Epoch: [15/30] Iters:[710/1875] loss 0.1286, rec_loss 0.0022, p_loss 0.0698, utilization 0.4544, perplexity 18522.8203,
Train Epoch: [15/30] Iters:[720/1875] loss 0.1271, rec_loss 0.0022, p_loss 0.0688, utilization 0.4535, perplexity 18523.4642,
Train Epoch: [15/30] Iters:[730/1875] loss 0.1269, rec_loss 0.0022, p_loss 0.0688, utilization 0.4536, perplexity 18607.5804,
Train Epoch: [15/30] Iters:[740/1875] loss 0.1284, rec_loss 0.0022, p_loss 0.0693, utilization 0.4558, perplexity 18853.2004,
Train Epoch: [15/30] Iters:[750/1875] loss 0.1273, rec_loss 0.0022, p_loss 0.0687, utilization 0.4525, perplexity 18595.0583,
Train Epoch: [15/30] Iters:[760/1875] loss 0.1268, rec_loss 0.0021, p_loss 0.0684, utilization 0.4519, perplexity 18609.1429,
Train Epoch: [15/30] Iters:[770/1875] loss 0.1291, rec_loss 0.0022, p_loss 0.0699, utilization 0.4539, perplexity 18651.3645,
Train Epoch: [15/30] Iters:[780/1875] loss 0.1288, rec_loss 0.0022, p_loss 0.0697, utilization 0.4523, perplexity 18565.2468,
Train Epoch: [15/30] Iters:[790/1875] loss 0.1285, rec_loss 0.0022, p_loss 0.0696, utilization 0.4536, perplexity 18661.0296,
Train Epoch: [15/30] Iters:[800/1875] loss 0.1294, rec_loss 0.0022, p_loss 0.0700, utilization 0.4558, perplexity 19002.4419,
Train Epoch: [15/30] Iters:[810/1875] loss 0.1299, rec_loss 0.0023, p_loss 0.0702, utilization 0.4579, perplexity 19313.4446,
Train Epoch: [15/30] Iters:[820/1875] loss 0.1285, rec_loss 0.0023, p_loss 0.0690, utilization 0.4576, perplexity 19508.5372,
Train Epoch: [15/30] Iters:[830/1875] loss 0.1281, rec_loss 0.0023, p_loss 0.0689, utilization 0.4580, perplexity 19499.4222,
Train Epoch: [15/30] Iters:[840/1875] loss 0.1288, rec_loss 0.0024, p_loss 0.0692, utilization 0.4561, perplexity 19276.8068,
Train Epoch: [15/30] Iters:[850/1875] loss 0.1287, rec_loss 0.0024, p_loss 0.0690, utilization 0.4556, perplexity 19175.6494,
Train Epoch: [15/30] Iters:[860/1875] loss 0.1275, rec_loss 0.0024, p_loss 0.0682, utilization 0.4544, perplexity 18893.3333,
Train Epoch: [15/30] Iters:[870/1875] loss 0.1275, rec_loss 0.0024, p_loss 0.0685, utilization 0.4524, perplexity 18487.3014,
Train Epoch: [15/30] Iters:[880/1875] loss 0.1282, rec_loss 0.0024, p_loss 0.0687, utilization 0.4541, perplexity 18577.6551,
Train Epoch: [15/30] Iters:[890/1875] loss 0.1267, rec_loss 0.0022, p_loss 0.0682, utilization 0.4525, perplexity 18535.8870,
Train Epoch: [15/30] Iters:[900/1875] loss 0.1278, rec_loss 0.0022, p_loss 0.0689, utilization 0.4538, perplexity 18541.5292,
Train Epoch: [15/30] Iters:[910/1875] loss 0.1284, rec_loss 0.0022, p_loss 0.0694, utilization 0.4524, perplexity 18374.3479,
Train Epoch: [15/30] Iters:[920/1875] loss 0.1283, rec_loss 0.0022, p_loss 0.0692, utilization 0.4533, perplexity 18546.0321,
Train Epoch: [15/30] Iters:[930/1875] loss 0.1283, rec_loss 0.0022, p_loss 0.0694, utilization 0.4511, perplexity 18406.7823,
Train Epoch: [15/30] Iters:[940/1875] loss 0.1296, rec_loss 0.0023, p_loss 0.0698, utilization 0.4536, perplexity 18629.7810,
Train Epoch: [15/30] Iters:[950/1875] loss 0.1285, rec_loss 0.0023, p_loss 0.0693, utilization 0.4533, perplexity 18648.9428,
Train Epoch: [15/30] Iters:[960/1875] loss 0.1280, rec_loss 0.0022, p_loss 0.0691, utilization 0.4538, perplexity 18726.1216,
Train Epoch: [15/30] Iters:[970/1875] loss 0.1278, rec_loss 0.0022, p_loss 0.0689, utilization 0.4548, perplexity 18867.8825,
Train Epoch: [15/30] Iters:[980/1875] loss 0.1278, rec_loss 0.0023, p_loss 0.0691, utilization 0.4560, perplexity 18919.5139,
Train Epoch: [15/30] Iters:[990/1875] loss 0.1269, rec_loss 0.0023, p_loss 0.0686, utilization 0.4551, perplexity 18746.9183,
Train Epoch: [15/30] Iters:[1000/1875] loss 0.1266, rec_loss 0.0023, p_loss 0.0685, utilization 0.4535, perplexity 18623.1246,
Train Epoch: [15/30] Iters:[1010/1875] loss 0.1278, rec_loss 0.0024, p_loss 0.0694, utilization 0.4536, perplexity 18640.2641,
Train Epoch: [15/30] Iters:[1020/1875] loss 0.1284, rec_loss 0.0023, p_loss 0.0695, utilization 0.4530, perplexity 18601.9374,
Train Epoch: [15/30] Iters:[1030/1875] loss 0.1282, rec_loss 0.0023, p_loss 0.0691, utilization 0.4536, perplexity 18683.2264,
Train Epoch: [15/30] Iters:[1040/1875] loss 0.1282, rec_loss 0.0022, p_loss 0.0693, utilization 0.4534, perplexity 18659.0399,
Train Epoch: [15/30] Iters:[1050/1875] loss 0.1288, rec_loss 0.0022, p_loss 0.0696, utilization 0.4555, perplexity 18968.1013,
Train Epoch: [15/30] Iters:[1060/1875] loss 0.1283, rec_loss 0.0022, p_loss 0.0690, utilization 0.4560, perplexity 19082.5842,
Train Epoch: [15/30] Iters:[1070/1875] loss 0.1279, rec_loss 0.0023, p_loss 0.0690, utilization 0.4562, perplexity 19063.9269,
Train Epoch: [15/30] Iters:[1080/1875] loss 0.1269, rec_loss 0.0022, p_loss 0.0682, utilization 0.4555, perplexity 19028.4899,
Train Epoch: [15/30] Iters:[1090/1875] loss 0.1272, rec_loss 0.0022, p_loss 0.0686, utilization 0.4567, perplexity 19178.8371,
Train Epoch: [15/30] Iters:[1100/1875] loss 0.1267, rec_loss 0.0022, p_loss 0.0685, utilization 0.4550, perplexity 18813.2025,
Train Epoch: [15/30] Iters:[1110/1875] loss 0.1270, rec_loss 0.0022, p_loss 0.0686, utilization 0.4550, perplexity 18783.7563,
Train Epoch: [15/30] Iters:[1120/1875] loss 0.1276, rec_loss 0.0021, p_loss 0.0691, utilization 0.4558, perplexity 18850.2889,
Train Epoch: [15/30] Iters:[1130/1875] loss 0.1283, rec_loss 0.0022, p_loss 0.0697, utilization 0.4550, perplexity 18737.4034,
Train Epoch: [15/30] Iters:[1140/1875] loss 0.1278, rec_loss 0.0021, p_loss 0.0692, utilization 0.4550, perplexity 18774.5293,
Train Epoch: [15/30] Iters:[1150/1875] loss 0.1277, rec_loss 0.0022, p_loss 0.0692, utilization 0.4546, perplexity 18845.9764,
Train Epoch: [15/30] Iters:[1160/1875] loss 0.1271, rec_loss 0.0022, p_loss 0.0689, utilization 0.4543, perplexity 18779.3545,
Train Epoch: [15/30] Iters:[1170/1875] loss 0.1273, rec_loss 0.0022, p_loss 0.0690, utilization 0.4537, perplexity 18635.6605,
Train Epoch: [15/30] Iters:[1180/1875] loss 0.1275, rec_loss 0.0023, p_loss 0.0692, utilization 0.4537, perplexity 18535.5470,
Train Epoch: [15/30] Iters:[1190/1875] loss 0.1281, rec_loss 0.0023, p_loss 0.0695, utilization 0.4535, perplexity 18562.0755,
Train Epoch: [15/30] Iters:[1200/1875] loss 0.1283, rec_loss 0.0023, p_loss 0.0690, utilization 0.4548, perplexity 18668.4847,
Train Epoch: [15/30] Iters:[1210/1875] loss 0.1288, rec_loss 0.0023, p_loss 0.0694, utilization 0.4561, perplexity 18784.0066,
Train Epoch: [15/30] Iters:[1220/1875] loss 0.1282, rec_loss 0.0023, p_loss 0.0689, utilization 0.4552, perplexity 18825.4603,
Train Epoch: [15/30] Iters:[1230/1875] loss 0.1283, rec_loss 0.0023, p_loss 0.0686, utilization 0.4557, perplexity 19010.4124,
Train Epoch: [15/30] Iters:[1240/1875] loss 0.1275, rec_loss 0.0023, p_loss 0.0684, utilization 0.4550, perplexity 18879.3296,
Train Epoch: [15/30] Iters:[1250/1875] loss 0.1274, rec_loss 0.0022, p_loss 0.0684, utilization 0.4554, perplexity 18968.8786,
Train Epoch: [15/30] Iters:[1260/1875] loss 0.1266, rec_loss 0.0021, p_loss 0.0679, utilization 0.4545, perplexity 18886.2726,
Train Epoch: [15/30] Iters:[1270/1875] loss 0.1265, rec_loss 0.0021, p_loss 0.0680, utilization 0.4548, perplexity 18937.8813,
Train Epoch: [15/30] Iters:[1280/1875] loss 0.1265, rec_loss 0.0021, p_loss 0.0681, utilization 0.4559, perplexity 18994.5606,
Train Epoch: [15/30] Iters:[1290/1875] loss 0.1276, rec_loss 0.0021, p_loss 0.0687, utilization 0.4566, perplexity 19010.8826,
Train Epoch: [15/30] Iters:[1300/1875] loss 0.1289, rec_loss 0.0022, p_loss 0.0696, utilization 0.4566, perplexity 18913.3909,
Train Epoch: [15/30] Iters:[1310/1875] loss 0.1291, rec_loss 0.0022, p_loss 0.0696, utilization 0.4554, perplexity 18832.8270,
Train Epoch: [15/30] Iters:[1320/1875] loss 0.1292, rec_loss 0.0022, p_loss 0.0694, utilization 0.4558, perplexity 18837.4448,
Train Epoch: [15/30] Iters:[1330/1875] loss 0.1295, rec_loss 0.0022, p_loss 0.0696, utilization 0.4552, perplexity 18738.8794,
Train Epoch: [15/30] Iters:[1340/1875] loss 0.1279, rec_loss 0.0021, p_loss 0.0685, utilization 0.4552, perplexity 18788.9638,
Train Epoch: [15/30] Iters:[1350/1875] loss 0.1264, rec_loss 0.0020, p_loss 0.0674, utilization 0.4555, perplexity 18946.9335,
Train Epoch: [15/30] Iters:[1360/1875] loss 0.1261, rec_loss 0.0020, p_loss 0.0677, utilization 0.4545, perplexity 18855.9398,
Train Epoch: [15/30] Iters:[1370/1875] loss 0.1270, rec_loss 0.0021, p_loss 0.0684, utilization 0.4560, perplexity 19008.8153,
Train Epoch: [15/30] Iters:[1380/1875] loss 0.1271, rec_loss 0.0021, p_loss 0.0684, utilization 0.4557, perplexity 19073.4646,
Train Epoch: [15/30] Iters:[1390/1875] loss 0.1277, rec_loss 0.0022, p_loss 0.0686, utilization 0.4548, perplexity 18942.0638,
Train Epoch: [15/30] Iters:[1400/1875] loss 0.1283, rec_loss 0.0022, p_loss 0.0693, utilization 0.4519, perplexity 18497.1047,
Train Epoch: [15/30] Iters:[1410/1875] loss 0.1280, rec_loss 0.0022, p_loss 0.0688, utilization 0.4548, perplexity 18667.0507,
Train Epoch: [15/30] Iters:[1420/1875] loss 0.1269, rec_loss 0.0022, p_loss 0.0683, utilization 0.4534, perplexity 18523.5599,
Train Epoch: [15/30] Iters:[1430/1875] loss 0.1269, rec_loss 0.0022, p_loss 0.0685, utilization 0.4538, perplexity 18510.0109,
Train Epoch: [15/30] Iters:[1440/1875] loss 0.1270, rec_loss 0.0022, p_loss 0.0688, utilization 0.4541, perplexity 18656.9681,
Train Epoch: [15/30] Iters:[1450/1875] loss 0.1270, rec_loss 0.0023, p_loss 0.0686, utilization 0.4557, perplexity 18895.8867,
Train Epoch: [15/30] Iters:[1460/1875] loss 0.1282, rec_loss 0.0024, p_loss 0.0695, utilization 0.4541, perplexity 18736.2100,
Train Epoch: [15/30] Iters:[1470/1875] loss 0.1292, rec_loss 0.0024, p_loss 0.0702, utilization 0.4550, perplexity 18836.6640,
Train Epoch: [15/30] Iters:[1480/1875] loss 0.1292, rec_loss 0.0024, p_loss 0.0704, utilization 0.4540, perplexity 18690.4837,
Train Epoch: [15/30] Iters:[1490/1875] loss 0.1299, rec_loss 0.0024, p_loss 0.0708, utilization 0.4549, perplexity 18765.3909,
Train Epoch: [15/30] Iters:[1500/1875] loss 0.1302, rec_loss 0.0024, p_loss 0.0709, utilization 0.4561, perplexity 18846.9637,
Train Epoch: [15/30] Iters:[1510/1875] loss 0.1308, rec_loss 0.0023, p_loss 0.0709, utilization 0.4574, perplexity 19072.3613,
Train Epoch: [15/30] Iters:[1520/1875] loss 0.1304, rec_loss 0.0023, p_loss 0.0704, utilization 0.4572, perplexity 19086.0608,
Train Epoch: [15/30] Iters:[1530/1875] loss 0.1299, rec_loss 0.0023, p_loss 0.0701, utilization 0.4565, perplexity 19047.6187,
Train Epoch: [15/30] Iters:[1540/1875] loss 0.1288, rec_loss 0.0022, p_loss 0.0693, utilization 0.4566, perplexity 19029.0626,
Train Epoch: [15/30] Iters:[1550/1875] loss 0.1280, rec_loss 0.0021, p_loss 0.0686, utilization 0.4563, perplexity 19063.4053,
Train Epoch: [15/30] Iters:[1560/1875] loss 0.1275, rec_loss 0.0021, p_loss 0.0684, utilization 0.4559, perplexity 19021.6828,
Train Epoch: [15/30] Iters:[1570/1875] loss 0.1271, rec_loss 0.0020, p_loss 0.0681, utilization 0.4569, perplexity 19075.8637,
Train Epoch: [15/30] Iters:[1580/1875] loss 0.1274, rec_loss 0.0021, p_loss 0.0682, utilization 0.4561, perplexity 18936.6959,
Train Epoch: [15/30] Iters:[1590/1875] loss 0.1295, rec_loss 0.0022, p_loss 0.0696, utilization 0.4567, perplexity 18966.9418,
Train Epoch: [15/30] Iters:[1600/1875] loss 0.1298, rec_loss 0.0023, p_loss 0.0700, utilization 0.4568, perplexity 18945.9446,
Train Epoch: [15/30] Iters:[1610/1875] loss 0.1286, rec_loss 0.0023, p_loss 0.0695, utilization 0.4562, perplexity 18861.0809,
Train Epoch: [15/30] Iters:[1620/1875] loss 0.1289, rec_loss 0.0023, p_loss 0.0700, utilization 0.4546, perplexity 18681.4489,
Train Epoch: [15/30] Iters:[1630/1875] loss 0.1297, rec_loss 0.0023, p_loss 0.0703, utilization 0.4565, perplexity 18942.5181,
Train Epoch: [15/30] Iters:[1640/1875] loss 0.1292, rec_loss 0.0023, p_loss 0.0699, utilization 0.4564, perplexity 18934.4933,
Train Epoch: [15/30] Iters:[1650/1875] loss 0.1295, rec_loss 0.0023, p_loss 0.0701, utilization 0.4560, perplexity 18867.1150,
Train Epoch: [15/30] Iters:[1660/1875] loss 0.1299, rec_loss 0.0022, p_loss 0.0703, utilization 0.4569, perplexity 19066.1646,
Train Epoch: [15/30] Iters:[1670/1875] loss 0.1293, rec_loss 0.0022, p_loss 0.0696, utilization 0.4568, perplexity 19119.8836,
Train Epoch: [15/30] Iters:[1680/1875] loss 0.1277, rec_loss 0.0022, p_loss 0.0686, utilization 0.4541, perplexity 18839.2405,
Train Epoch: [15/30] Iters:[1690/1875] loss 0.1267, rec_loss 0.0022, p_loss 0.0682, utilization 0.4530, perplexity 18763.6670,
Train Epoch: [15/30] Iters:[1700/1875] loss 0.1269, rec_loss 0.0022, p_loss 0.0683, utilization 0.4539, perplexity 18879.7391,
Train Epoch: [15/30] Iters:[1710/1875] loss 0.1270, rec_loss 0.0022, p_loss 0.0685, utilization 0.4537, perplexity 18823.3453,
Train Epoch: [15/30] Iters:[1720/1875] loss 0.1278, rec_loss 0.0022, p_loss 0.0692, utilization 0.4546, perplexity 18961.3992,
Train Epoch: [15/30] Iters:[1730/1875] loss 0.1291, rec_loss 0.0022, p_loss 0.0696, utilization 0.4569, perplexity 19257.2371,
Train Epoch: [15/30] Iters:[1740/1875] loss 0.1292, rec_loss 0.0022, p_loss 0.0695, utilization 0.4580, perplexity 19336.2119,
Train Epoch: [15/30] Iters:[1750/1875] loss 0.1295, rec_loss 0.0022, p_loss 0.0696, utilization 0.4576, perplexity 19257.2268,
Train Epoch: [15/30] Iters:[1760/1875] loss 0.1308, rec_loss 0.0023, p_loss 0.0705, utilization 0.4589, perplexity 19287.4672,
Train Epoch: [15/30] Iters:[1770/1875] loss 0.1308, rec_loss 0.0023, p_loss 0.0705, utilization 0.4580, perplexity 19113.9086,
Train Epoch: [15/30] Iters:[1780/1875] loss 0.1306, rec_loss 0.0024, p_loss 0.0706, utilization 0.4586, perplexity 19169.1933,
Train Epoch: [15/30] Iters:[1790/1875] loss 0.1306, rec_loss 0.0024, p_loss 0.0706, utilization 0.4576, perplexity 19100.3352,
Train Epoch: [15/30] Iters:[1800/1875] loss 0.1301, rec_loss 0.0024, p_loss 0.0704, utilization 0.4563, perplexity 19010.3587,
Train Epoch: [15/30] Iters:[1810/1875] loss 0.1288, rec_loss 0.0023, p_loss 0.0691, utilization 0.4548, perplexity 18923.1856,
Train Epoch: [15/30] Iters:[1820/1875] loss 0.1278, rec_loss 0.0023, p_loss 0.0684, utilization 0.4544, perplexity 18898.6268,
Train Epoch: [15/30] Iters:[1830/1875] loss 0.1274, rec_loss 0.0023, p_loss 0.0681, utilization 0.4535, perplexity 18733.7303,
Train Epoch: [15/30] Iters:[1840/1875] loss 0.1274, rec_loss 0.0023, p_loss 0.0682, utilization 0.4548, perplexity 18818.1084,
Train Epoch: [15/30] Iters:[1850/1875] loss 0.1277, rec_loss 0.0022, p_loss 0.0682, utilization 0.4551, perplexity 18789.2752,
Train Epoch: [15/30] Iters:[1860/1875] loss 0.1277, rec_loss 0.0022, p_loss 0.0686, utilization 0.4559, perplexity 18786.2049,
Train Epoch: [15/30] Iters:[1870/1875] loss 0.1281, rec_loss 0.0023, p_loss 0.0692, utilization 0.4562, perplexity 18750.1874,
Loading pretrained model LPIPS from /home/sunset/.cache/torch/hub/pyiqa/LPIPS_v0.1_alex-df73285e.pth
PSNR:34.60511412353516  SSIM:0.9228338153521219  LPIPS:0.03248743132551511
Loading pretrained model LPIPS from /home/sunset/.cache/torch/hub/pyiqa/LPIPS_v0.1_alex-df73285e.pth
epoch:16, cur_lr:0.000055
Train Epoch: [16/30] Iters:[10/1875] loss 0.1228, rec_loss 0.0021, p_loss 0.0659, utilization 0.4465, perplexity 18051.1306,
Train Epoch: [16/30] Iters:[20/1875] loss 0.1266, rec_loss 0.0022, p_loss 0.0683, utilization 0.4495, perplexity 18298.1983,
Train Epoch: [16/30] Iters:[30/1875] loss 0.1278, rec_loss 0.0023, p_loss 0.0686, utilization 0.4500, perplexity 18209.7159,
Train Epoch: [16/30] Iters:[40/1875] loss 0.1280, rec_loss 0.0022, p_loss 0.0690, utilization 0.4517, perplexity 18327.5725,
Train Epoch: [16/30] Iters:[50/1875] loss 0.1281, rec_loss 0.0022, p_loss 0.0690, utilization 0.4513, perplexity 18328.4757,
Train Epoch: [16/30] Iters:[60/1875] loss 0.1297, rec_loss 0.0023, p_loss 0.0698, utilization 0.4535, perplexity 18502.4193,
Train Epoch: [16/30] Iters:[70/1875] loss 0.1300, rec_loss 0.0023, p_loss 0.0698, utilization 0.4548, perplexity 18662.4485,
Train Epoch: [16/30] Iters:[80/1875] loss 0.1290, rec_loss 0.0022, p_loss 0.0695, utilization 0.4548, perplexity 18823.3486,
Train Epoch: [16/30] Iters:[90/1875] loss 0.1279, rec_loss 0.0022, p_loss 0.0685, utilization 0.4534, perplexity 18757.8967,
Train Epoch: [16/30] Iters:[100/1875] loss 0.1288, rec_loss 0.0023, p_loss 0.0692, utilization 0.4550, perplexity 18902.9894,
Train Epoch: [16/30] Iters:[110/1875] loss 0.1281, rec_loss 0.0022, p_loss 0.0688, utilization 0.4542, perplexity 18857.5915,
Train Epoch: [16/30] Iters:[120/1875] loss 0.1271, rec_loss 0.0022, p_loss 0.0684, utilization 0.4535, perplexity 18772.9596,
Train Epoch: [16/30] Iters:[130/1875] loss 0.1276, rec_loss 0.0022, p_loss 0.0686, utilization 0.4541, perplexity 18749.6010,
Train Epoch: [16/30] Iters:[140/1875] loss 0.1293, rec_loss 0.0023, p_loss 0.0698, utilization 0.4552, perplexity 18812.9516,
Train Epoch: [16/30] Iters:[150/1875] loss 0.1293, rec_loss 0.0023, p_loss 0.0695, utilization 0.4583, perplexity 19186.2961,
Train Epoch: [16/30] Iters:[160/1875] loss 0.1297, rec_loss 0.0023, p_loss 0.0699, utilization 0.4569, perplexity 18998.6782,
Train Epoch: [16/30] Iters:[170/1875] loss 0.1295, rec_loss 0.0023, p_loss 0.0700, utilization 0.4547, perplexity 18817.4371,
Train Epoch: [16/30] Iters:[180/1875] loss 0.1306, rec_loss 0.0023, p_loss 0.0706, utilization 0.4559, perplexity 18891.1391,
Train Epoch: [16/30] Iters:[190/1875] loss 0.1310, rec_loss 0.0024, p_loss 0.0710, utilization 0.4561, perplexity 18935.8730,
Train Epoch: [16/30] Iters:[200/1875] loss 0.1301, rec_loss 0.0024, p_loss 0.0708, utilization 0.4511, perplexity 18386.6278,
Train Epoch: [16/30] Iters:[210/1875] loss 0.1290, rec_loss 0.0024, p_loss 0.0700, utilization 0.4528, perplexity 18685.5854,
Train Epoch: [16/30] Iters:[220/1875] loss 0.1302, rec_loss 0.0024, p_loss 0.0704, utilization 0.4551, perplexity 18797.8717,
Train Epoch: [16/30] Iters:[230/1875] loss 0.1294, rec_loss 0.0023, p_loss 0.0701, utilization 0.4540, perplexity 18615.2303,
Train Epoch: [16/30] Iters:[240/1875] loss 0.1276, rec_loss 0.0022, p_loss 0.0690, utilization 0.4533, perplexity 18563.8755,
Train Epoch: [16/30] Iters:[250/1875] loss 0.1273, rec_loss 0.0022, p_loss 0.0684, utilization 0.4553, perplexity 18744.4835,
Train Epoch: [16/30] Iters:[260/1875] loss 0.1283, rec_loss 0.0022, p_loss 0.0692, utilization 0.4550, perplexity 18664.5381,
Train Epoch: [16/30] Iters:[270/1875] loss 0.1276, rec_loss 0.0022, p_loss 0.0687, utilization 0.4546, perplexity 18637.6899,
Train Epoch: [16/30] Iters:[280/1875] loss 0.1277, rec_loss 0.0022, p_loss 0.0686, utilization 0.4550, perplexity 18778.2444,
Train Epoch: [16/30] Iters:[290/1875] loss 0.1280, rec_loss 0.0023, p_loss 0.0688, utilization 0.4557, perplexity 18815.9663,
Train Epoch: [16/30] Iters:[300/1875] loss 0.1288, rec_loss 0.0023, p_loss 0.0694, utilization 0.4549, perplexity 18695.2410,
Train Epoch: [16/30] Iters:[310/1875] loss 0.1285, rec_loss 0.0023, p_loss 0.0693, utilization 0.4552, perplexity 18708.6350,
Train Epoch: [16/30] Iters:[320/1875] loss 0.1288, rec_loss 0.0022, p_loss 0.0695, utilization 0.4572, perplexity 19029.7009,
Train Epoch: [16/30] Iters:[330/1875] loss 0.1281, rec_loss 0.0022, p_loss 0.0693, utilization 0.4559, perplexity 18883.6219,
Train Epoch: [16/30] Iters:[340/1875] loss 0.1263, rec_loss 0.0022, p_loss 0.0680, utilization 0.4546, perplexity 18711.6004,
Train Epoch: [16/30] Iters:[350/1875] loss 0.1260, rec_loss 0.0021, p_loss 0.0679, utilization 0.4550, perplexity 18837.7903,
Train Epoch: [16/30] Iters:[360/1875] loss 0.1250, rec_loss 0.0021, p_loss 0.0673, utilization 0.4546, perplexity 18838.5597,
Train Epoch: [16/30] Iters:[370/1875] loss 0.1249, rec_loss 0.0021, p_loss 0.0672, utilization 0.4531, perplexity 18575.6518,
Train Epoch: [16/30] Iters:[380/1875] loss 0.1249, rec_loss 0.0021, p_loss 0.0671, utilization 0.4529, perplexity 18557.3617,
Train Epoch: [16/30] Iters:[390/1875] loss 0.1268, rec_loss 0.0022, p_loss 0.0681, utilization 0.4548, perplexity 18885.4397,
Train Epoch: [16/30] Iters:[400/1875] loss 0.1268, rec_loss 0.0022, p_loss 0.0679, utilization 0.4552, perplexity 18952.0012,
Train Epoch: [16/30] Iters:[410/1875] loss 0.1278, rec_loss 0.0022, p_loss 0.0686, utilization 0.4555, perplexity 18913.6838,
Train Epoch: [16/30] Iters:[420/1875] loss 0.1281, rec_loss 0.0022, p_loss 0.0690, utilization 0.4542, perplexity 18867.2021,
Train Epoch: [16/30] Iters:[430/1875] loss 0.1295, rec_loss 0.0022, p_loss 0.0698, utilization 0.4561, perplexity 19100.0002,
Train Epoch: [16/30] Iters:[440/1875] loss 0.1294, rec_loss 0.0022, p_loss 0.0698, utilization 0.4557, perplexity 19017.6806,
Train Epoch: [16/30] Iters:[450/1875] loss 0.1282, rec_loss 0.0022, p_loss 0.0690, utilization 0.4546, perplexity 18890.7134,
Train Epoch: [16/30] Iters:[460/1875] loss 0.1270, rec_loss 0.0021, p_loss 0.0682, utilization 0.4543, perplexity 18964.2887,
Train Epoch: [16/30] Iters:[470/1875] loss 0.1267, rec_loss 0.0021, p_loss 0.0679, utilization 0.4562, perplexity 19152.0523,
Train Epoch: [16/30] Iters:[480/1875] loss 0.1257, rec_loss 0.0021, p_loss 0.0675, utilization 0.4548, perplexity 18936.6178,
Train Epoch: [16/30] Iters:[490/1875] loss 0.1259, rec_loss 0.0021, p_loss 0.0678, utilization 0.4543, perplexity 18811.2055,
Train Epoch: [16/30] Iters:[500/1875] loss 0.1273, rec_loss 0.0022, p_loss 0.0689, utilization 0.4537, perplexity 18640.7925,
Train Epoch: [16/30] Iters:[510/1875] loss 0.1289, rec_loss 0.0023, p_loss 0.0698, utilization 0.4560, perplexity 18720.0940,
Train Epoch: [16/30] Iters:[520/1875] loss 0.1300, rec_loss 0.0023, p_loss 0.0703, utilization 0.4562, perplexity 18742.9141,
Train Epoch: [16/30] Iters:[530/1875] loss 0.1295, rec_loss 0.0022, p_loss 0.0699, utilization 0.4571, perplexity 18914.8188,
Train Epoch: [16/30] Iters:[540/1875] loss 0.1285, rec_loss 0.0022, p_loss 0.0691, utilization 0.4580, perplexity 19198.9290,
Train Epoch: [16/30] Iters:[550/1875] loss 0.1277, rec_loss 0.0021, p_loss 0.0685, utilization 0.4581, perplexity 19323.2086,
Train Epoch: [16/30] Iters:[560/1875] loss 0.1270, rec_loss 0.0021, p_loss 0.0681, utilization 0.4564, perplexity 19288.3462,
Train Epoch: [16/30] Iters:[570/1875] loss 0.1259, rec_loss 0.0021, p_loss 0.0675, utilization 0.4569, perplexity 19345.8815,
Train Epoch: [16/30] Iters:[580/1875] loss 0.1257, rec_loss 0.0021, p_loss 0.0674, utilization 0.4560, perplexity 19266.1892,
Train Epoch: [16/30] Iters:[590/1875] loss 0.1266, rec_loss 0.0022, p_loss 0.0680, utilization 0.4555, perplexity 18988.9716,
Train Epoch: [16/30] Iters:[600/1875] loss 0.1267, rec_loss 0.0022, p_loss 0.0678, utilization 0.4565, perplexity 19018.5945,
Train Epoch: [16/30] Iters:[610/1875] loss 0.1268, rec_loss 0.0022, p_loss 0.0682, utilization 0.4560, perplexity 19013.9784,
Train Epoch: [16/30] Iters:[620/1875] loss 0.1278, rec_loss 0.0023, p_loss 0.0689, utilization 0.4552, perplexity 18871.5001,
Train Epoch: [16/30] Iters:[630/1875] loss 0.1287, rec_loss 0.0023, p_loss 0.0692, utilization 0.4560, perplexity 18784.0063,
Train Epoch: [16/30] Iters:[640/1875] loss 0.1286, rec_loss 0.0022, p_loss 0.0692, utilization 0.4570, perplexity 19079.7751,
Train Epoch: [16/30] Iters:[650/1875] loss 0.1294, rec_loss 0.0023, p_loss 0.0700, utilization 0.4578, perplexity 19147.8840,
Train Epoch: [16/30] Iters:[660/1875] loss 0.1287, rec_loss 0.0023, p_loss 0.0693, utilization 0.4576, perplexity 19104.9802,
Train Epoch: [16/30] Iters:[670/1875] loss 0.1269, rec_loss 0.0022, p_loss 0.0680, utilization 0.4574, perplexity 19130.7250,
Train Epoch: [16/30] Iters:[680/1875] loss 0.1258, rec_loss 0.0022, p_loss 0.0674, utilization 0.4571, perplexity 19235.8111,
Train Epoch: [16/30] Iters:[690/1875] loss 0.1256, rec_loss 0.0022, p_loss 0.0672, utilization 0.4564, perplexity 19151.7398,
Train Epoch: [16/30] Iters:[700/1875] loss 0.1259, rec_loss 0.0021, p_loss 0.0676, utilization 0.4564, perplexity 19262.4876,
Train Epoch: [16/30] Iters:[710/1875] loss 0.1266, rec_loss 0.0022, p_loss 0.0678, utilization 0.4576, perplexity 19344.9124,
Train Epoch: [16/30] Iters:[720/1875] loss 0.1276, rec_loss 0.0022, p_loss 0.0685, utilization 0.4573, perplexity 19221.9462,
Train Epoch: [16/30] Iters:[730/1875] loss 0.1292, rec_loss 0.0023, p_loss 0.0697, utilization 0.4580, perplexity 19266.5378,
Train Epoch: [16/30] Iters:[740/1875] loss 0.1304, rec_loss 0.0023, p_loss 0.0703, utilization 0.4580, perplexity 19240.5689,
Train Epoch: [16/30] Iters:[750/1875] loss 0.1304, rec_loss 0.0023, p_loss 0.0704, utilization 0.4579, perplexity 19082.0750,
Train Epoch: [16/30] Iters:[760/1875] loss 0.1307, rec_loss 0.0023, p_loss 0.0706, utilization 0.4594, perplexity 19233.7580,
Train Epoch: [16/30] Iters:[770/1875] loss 0.1297, rec_loss 0.0022, p_loss 0.0701, utilization 0.4595, perplexity 19415.5904,
Train Epoch: [16/30] Iters:[780/1875] loss 0.1297, rec_loss 0.0022, p_loss 0.0700, utilization 0.4599, perplexity 19501.1359,
Train Epoch: [16/30] Iters:[790/1875] loss 0.1289, rec_loss 0.0022, p_loss 0.0693, utilization 0.4598, perplexity 19503.2437,
Train Epoch: [16/30] Iters:[800/1875] loss 0.1284, rec_loss 0.0022, p_loss 0.0688, utilization 0.4582, perplexity 19400.2398,
Train Epoch: [16/30] Iters:[810/1875] loss 0.1279, rec_loss 0.0022, p_loss 0.0684, utilization 0.4552, perplexity 19042.1681,
Train Epoch: [16/30] Iters:[820/1875] loss 0.1289, rec_loss 0.0022, p_loss 0.0689, utilization 0.4570, perplexity 19109.2470,
Train Epoch: [16/30] Iters:[830/1875] loss 0.1280, rec_loss 0.0022, p_loss 0.0683, utilization 0.4568, perplexity 19030.5398,
Train Epoch: [16/30] Iters:[840/1875] loss 0.1278, rec_loss 0.0022, p_loss 0.0683, utilization 0.4570, perplexity 18952.9873,
Train Epoch: [16/30] Iters:[850/1875] loss 0.1276, rec_loss 0.0022, p_loss 0.0681, utilization 0.4602, perplexity 19261.7761,
Train Epoch: [16/30] Iters:[860/1875] loss 0.1295, rec_loss 0.0023, p_loss 0.0694, utilization 0.4607, perplexity 19342.2476,
Train Epoch: [16/30] Iters:[870/1875] loss 0.1294, rec_loss 0.0022, p_loss 0.0695, utilization 0.4586, perplexity 19172.7719,
Train Epoch: [16/30] Iters:[880/1875] loss 0.1282, rec_loss 0.0022, p_loss 0.0690, utilization 0.4569, perplexity 19034.3361,
Train Epoch: [16/30] Iters:[890/1875] loss 0.1285, rec_loss 0.0022, p_loss 0.0693, utilization 0.4571, perplexity 18989.6219,
Train Epoch: [16/30] Iters:[900/1875] loss 0.1279, rec_loss 0.0021, p_loss 0.0691, utilization 0.4540, perplexity 18669.4584,
Train Epoch: [16/30] Iters:[910/1875] loss 0.1260, rec_loss 0.0020, p_loss 0.0681, utilization 0.4548, perplexity 18723.5763,
Train Epoch: [16/30] Iters:[920/1875] loss 0.1252, rec_loss 0.0020, p_loss 0.0678, utilization 0.4536, perplexity 18550.3351,
Train Epoch: [16/30] Iters:[930/1875] loss 0.1258, rec_loss 0.0021, p_loss 0.0679, utilization 0.4550, perplexity 18677.5812,
Train Epoch: [16/30] Iters:[940/1875] loss 0.1258, rec_loss 0.0021, p_loss 0.0676, utilization 0.4554, perplexity 18804.7857,
Train Epoch: [16/30] Iters:[950/1875] loss 0.1261, rec_loss 0.0021, p_loss 0.0677, utilization 0.4560, perplexity 18846.2802,
Train Epoch: [16/30] Iters:[960/1875] loss 0.1258, rec_loss 0.0021, p_loss 0.0673, utilization 0.4555, perplexity 18705.6002,
Train Epoch: [16/30] Iters:[970/1875] loss 0.1256, rec_loss 0.0022, p_loss 0.0670, utilization 0.4566, perplexity 18891.9253,
Train Epoch: [16/30] Iters:[980/1875] loss 0.1258, rec_loss 0.0021, p_loss 0.0671, utilization 0.4566, perplexity 18932.9215,
Train Epoch: [16/30] Iters:[990/1875] loss 0.1242, rec_loss 0.0021, p_loss 0.0662, utilization 0.4544, perplexity 18740.1429,
Train Epoch: [16/30] Iters:[1000/1875] loss 0.1238, rec_loss 0.0021, p_loss 0.0660, utilization 0.4544, perplexity 18877.3768,
Train Epoch: [16/30] Iters:[1010/1875] loss 0.1236, rec_loss 0.0020, p_loss 0.0661, utilization 0.4547, perplexity 19017.8468,
Train Epoch: [16/30] Iters:[1020/1875] loss 0.1236, rec_loss 0.0021, p_loss 0.0661, utilization 0.4543, perplexity 18892.7302,
Train Epoch: [16/30] Iters:[1030/1875] loss 0.1241, rec_loss 0.0021, p_loss 0.0665, utilization 0.4548, perplexity 18976.1380,
Train Epoch: [16/30] Iters:[1040/1875] loss 0.1258, rec_loss 0.0022, p_loss 0.0674, utilization 0.4568, perplexity 19233.5214,
Train Epoch: [16/30] Iters:[1050/1875] loss 0.1263, rec_loss 0.0022, p_loss 0.0677, utilization 0.4569, perplexity 19171.5608,
Train Epoch: [16/30] Iters:[1060/1875] loss 0.1263, rec_loss 0.0022, p_loss 0.0676, utilization 0.4567, perplexity 19193.0338,
Train Epoch: [16/30] Iters:[1070/1875] loss 0.1268, rec_loss 0.0022, p_loss 0.0678, utilization 0.4570, perplexity 19256.6551,
Train Epoch: [16/30] Iters:[1080/1875] loss 0.1270, rec_loss 0.0022, p_loss 0.0678, utilization 0.4570, perplexity 19313.5611,
Train Epoch: [16/30] Iters:[1090/1875] loss 0.1268, rec_loss 0.0021, p_loss 0.0680, utilization 0.4540, perplexity 18901.8085,
Train Epoch: [16/30] Iters:[1100/1875] loss 0.1265, rec_loss 0.0022, p_loss 0.0677, utilization 0.4540, perplexity 18907.2879,
Train Epoch: [16/30] Iters:[1110/1875] loss 0.1282, rec_loss 0.0022, p_loss 0.0688, utilization 0.4535, perplexity 18668.6168,
Train Epoch: [16/30] Iters:[1120/1875] loss 0.1283, rec_loss 0.0022, p_loss 0.0690, utilization 0.4522, perplexity 18511.8272,
Train Epoch: [16/30] Iters:[1130/1875] loss 0.1276, rec_loss 0.0022, p_loss 0.0685, utilization 0.4520, perplexity 18393.6764,
Train Epoch: [16/30] Iters:[1140/1875] loss 0.1273, rec_loss 0.0022, p_loss 0.0686, utilization 0.4527, perplexity 18587.7141,
Train Epoch: [16/30] Iters:[1150/1875] loss 0.1276, rec_loss 0.0021, p_loss 0.0686, utilization 0.4537, perplexity 18677.2764,
Train Epoch: [16/30] Iters:[1160/1875] loss 0.1270, rec_loss 0.0021, p_loss 0.0684, utilization 0.4541, perplexity 18867.7021,
Train Epoch: [16/30] Iters:[1170/1875] loss 0.1277, rec_loss 0.0021, p_loss 0.0689, utilization 0.4551, perplexity 18981.7855,
Train Epoch: [16/30] Iters:[1180/1875] loss 0.1277, rec_loss 0.0022, p_loss 0.0691, utilization 0.4553, perplexity 19016.2876,
Train Epoch: [16/30] Iters:[1190/1875] loss 0.1273, rec_loss 0.0022, p_loss 0.0686, utilization 0.4540, perplexity 18739.8756,
Train Epoch: [16/30] Iters:[1200/1875] loss 0.1271, rec_loss 0.0022, p_loss 0.0686, utilization 0.4532, perplexity 18637.7063,
Train Epoch: [16/30] Iters:[1210/1875] loss 0.1271, rec_loss 0.0022, p_loss 0.0683, utilization 0.4540, perplexity 18709.9513,
Train Epoch: [16/30] Iters:[1220/1875] loss 0.1257, rec_loss 0.0021, p_loss 0.0674, utilization 0.4549, perplexity 18910.6177,
Train Epoch: [16/30] Iters:[1230/1875] loss 0.1258, rec_loss 0.0021, p_loss 0.0674, utilization 0.4533, perplexity 18779.8559,
Train Epoch: [16/30] Iters:[1240/1875] loss 0.1265, rec_loss 0.0021, p_loss 0.0677, utilization 0.4556, perplexity 18981.7318,
Train Epoch: [16/30] Iters:[1250/1875] loss 0.1278, rec_loss 0.0022, p_loss 0.0685, utilization 0.4564, perplexity 19085.5057,
Train Epoch: [16/30] Iters:[1260/1875] loss 0.1272, rec_loss 0.0022, p_loss 0.0683, utilization 0.4546, perplexity 18880.1633,
Train Epoch: [16/30] Iters:[1270/1875] loss 0.1280, rec_loss 0.0022, p_loss 0.0688, utilization 0.4537, perplexity 18682.3652,
Train Epoch: [16/30] Iters:[1280/1875] loss 0.1282, rec_loss 0.0023, p_loss 0.0691, utilization 0.4548, perplexity 18745.0561,
Train Epoch: [16/30] Iters:[1290/1875] loss 0.1286, rec_loss 0.0023, p_loss 0.0694, utilization 0.4554, perplexity 18939.8057,
Train Epoch: [16/30] Iters:[1300/1875] loss 0.1274, rec_loss 0.0023, p_loss 0.0687, utilization 0.4545, perplexity 18915.0055,
Train Epoch: [16/30] Iters:[1310/1875] loss 0.1280, rec_loss 0.0023, p_loss 0.0689, utilization 0.4562, perplexity 18953.5606,
Train Epoch: [16/30] Iters:[1320/1875] loss 0.1281, rec_loss 0.0023, p_loss 0.0690, utilization 0.4570, perplexity 18983.3568,
Train Epoch: [16/30] Iters:[1330/1875] loss 0.1275, rec_loss 0.0023, p_loss 0.0685, utilization 0.4567, perplexity 18936.5975,
Train Epoch: [16/30] Iters:[1340/1875] loss 0.1267, rec_loss 0.0022, p_loss 0.0680, utilization 0.4551, perplexity 18725.6705,
Train Epoch: [16/30] Iters:[1350/1875] loss 0.1267, rec_loss 0.0022, p_loss 0.0678, utilization 0.4557, perplexity 18695.3489,
Train Epoch: [16/30] Iters:[1360/1875] loss 0.1254, rec_loss 0.0021, p_loss 0.0670, utilization 0.4565, perplexity 18959.4849,
Train Epoch: [16/30] Iters:[1370/1875] loss 0.1254, rec_loss 0.0021, p_loss 0.0670, utilization 0.4564, perplexity 19020.0130,
Train Epoch: [16/30] Iters:[1380/1875] loss 0.1265, rec_loss 0.0022, p_loss 0.0678, utilization 0.4557, perplexity 18930.3339,
Train Epoch: [16/30] Iters:[1390/1875] loss 0.1266, rec_loss 0.0022, p_loss 0.0679, utilization 0.4582, perplexity 19233.4287,
Train Epoch: [16/30] Iters:[1400/1875] loss 0.1267, rec_loss 0.0022, p_loss 0.0681, utilization 0.4583, perplexity 19348.5994,
Train Epoch: [16/30] Iters:[1410/1875] loss 0.1273, rec_loss 0.0022, p_loss 0.0684, utilization 0.4590, perplexity 19317.4278,
Train Epoch: [16/30] Iters:[1420/1875] loss 0.1277, rec_loss 0.0022, p_loss 0.0688, utilization 0.4593, perplexity 19262.4580,
Train Epoch: [16/30] Iters:[1430/1875] loss 0.1286, rec_loss 0.0022, p_loss 0.0694, utilization 0.4610, perplexity 19552.2151,
Train Epoch: [16/30] Iters:[1440/1875] loss 0.1289, rec_loss 0.0022, p_loss 0.0694, utilization 0.4604, perplexity 19413.7570,
Train Epoch: [16/30] Iters:[1450/1875] loss 0.1283, rec_loss 0.0022, p_loss 0.0689, utilization 0.4590, perplexity 19305.9934,
Train Epoch: [16/30] Iters:[1460/1875] loss 0.1283, rec_loss 0.0022, p_loss 0.0690, utilization 0.4565, perplexity 19033.1674,
Train Epoch: [16/30] Iters:[1470/1875] loss 0.1265, rec_loss 0.0021, p_loss 0.0675, utilization 0.4547, perplexity 18909.6075,
Train Epoch: [16/30] Iters:[1480/1875] loss 0.1252, rec_loss 0.0021, p_loss 0.0667, utilization 0.4535, perplexity 18676.7022,
Train Epoch: [16/30] Iters:[1490/1875] loss 0.1256, rec_loss 0.0021, p_loss 0.0669, utilization 0.4538, perplexity 18739.2493,
Train Epoch: [16/30] Iters:[1500/1875] loss 0.1271, rec_loss 0.0022, p_loss 0.0681, utilization 0.4542, perplexity 18610.9906,
Train Epoch: [16/30] Iters:[1510/1875] loss 0.1269, rec_loss 0.0022, p_loss 0.0680, utilization 0.4538, perplexity 18687.8380,
Train Epoch: [16/30] Iters:[1520/1875] loss 0.1282, rec_loss 0.0022, p_loss 0.0688, utilization 0.4551, perplexity 18817.0148,
Train Epoch: [16/30] Iters:[1530/1875] loss 0.1280, rec_loss 0.0022, p_loss 0.0685, utilization 0.4557, perplexity 18910.4420,
Train Epoch: [16/30] Iters:[1540/1875] loss 0.1278, rec_loss 0.0022, p_loss 0.0684, utilization 0.4550, perplexity 18881.4137,
Train Epoch: [16/30] Iters:[1550/1875] loss 0.1269, rec_loss 0.0021, p_loss 0.0680, utilization 0.4548, perplexity 18927.9785,
Train Epoch: [16/30] Iters:[1560/1875] loss 0.1276, rec_loss 0.0021, p_loss 0.0684, utilization 0.4559, perplexity 18996.6071,
Train Epoch: [16/30] Iters:[1570/1875] loss 0.1270, rec_loss 0.0021, p_loss 0.0680, utilization 0.4551, perplexity 18864.0905,
Train Epoch: [16/30] Iters:[1580/1875] loss 0.1272, rec_loss 0.0021, p_loss 0.0680, utilization 0.4552, perplexity 18836.1442,
Train Epoch: [16/30] Iters:[1590/1875] loss 0.1265, rec_loss 0.0021, p_loss 0.0675, utilization 0.4545, perplexity 18773.2285,
Train Epoch: [16/30] Iters:[1600/1875] loss 0.1271, rec_loss 0.0022, p_loss 0.0678, utilization 0.4557, perplexity 18912.5354,
Train Epoch: [16/30] Iters:[1610/1875] loss 0.1260, rec_loss 0.0022, p_loss 0.0674, utilization 0.4551, perplexity 18873.8214,
Train Epoch: [16/30] Iters:[1620/1875] loss 0.1268, rec_loss 0.0022, p_loss 0.0678, utilization 0.4561, perplexity 19072.6207,
Train Epoch: [16/30] Iters:[1630/1875] loss 0.1270, rec_loss 0.0022, p_loss 0.0679, utilization 0.4557, perplexity 18967.2739,
Train Epoch: [16/30] Iters:[1640/1875] loss 0.1271, rec_loss 0.0022, p_loss 0.0680, utilization 0.4558, perplexity 18865.5492,
Train Epoch: [16/30] Iters:[1650/1875] loss 0.1263, rec_loss 0.0021, p_loss 0.0675, utilization 0.4552, perplexity 18788.3947,
Train Epoch: [16/30] Iters:[1660/1875] loss 0.1259, rec_loss 0.0021, p_loss 0.0670, utilization 0.4545, perplexity 18746.8958,
Train Epoch: [16/30] Iters:[1670/1875] loss 0.1266, rec_loss 0.0022, p_loss 0.0677, utilization 0.4540, perplexity 18661.0480,
Train Epoch: [16/30] Iters:[1680/1875] loss 0.1260, rec_loss 0.0022, p_loss 0.0673, utilization 0.4545, perplexity 18839.5209,
Train Epoch: [16/30] Iters:[1690/1875] loss 0.1263, rec_loss 0.0022, p_loss 0.0674, utilization 0.4539, perplexity 18768.2836,
Train Epoch: [16/30] Iters:[1700/1875] loss 0.1274, rec_loss 0.0022, p_loss 0.0678, utilization 0.4547, perplexity 18811.2855,
Train Epoch: [16/30] Iters:[1710/1875] loss 0.1288, rec_loss 0.0023, p_loss 0.0686, utilization 0.4570, perplexity 19071.5898,
Train Epoch: [16/30] Iters:[1720/1875] loss 0.1279, rec_loss 0.0022, p_loss 0.0680, utilization 0.4563, perplexity 18977.8622,
Train Epoch: [16/30] Iters:[1730/1875] loss 0.1283, rec_loss 0.0022, p_loss 0.0684, utilization 0.4558, perplexity 18888.9301,
Train Epoch: [16/30] Iters:[1740/1875] loss 0.1276, rec_loss 0.0022, p_loss 0.0684, utilization 0.4561, perplexity 19060.3408,
Train Epoch: [16/30] Iters:[1750/1875] loss 0.1267, rec_loss 0.0022, p_loss 0.0681, utilization 0.4550, perplexity 18994.4986,
Train Epoch: [16/30] Iters:[1760/1875] loss 0.1259, rec_loss 0.0022, p_loss 0.0678, utilization 0.4529, perplexity 18499.6546,
Train Epoch: [16/30] Iters:[1770/1875] loss 0.1249, rec_loss 0.0022, p_loss 0.0670, utilization 0.4544, perplexity 18754.8851,
Train Epoch: [16/30] Iters:[1780/1875] loss 0.1235, rec_loss 0.0022, p_loss 0.0660, utilization 0.4553, perplexity 18859.2529,
Train Epoch: [16/30] Iters:[1790/1875] loss 0.1236, rec_loss 0.0021, p_loss 0.0659, utilization 0.4542, perplexity 18576.1267,
Train Epoch: [16/30] Iters:[1800/1875] loss 0.1232, rec_loss 0.0021, p_loss 0.0655, utilization 0.4547, perplexity 18628.5602,
Train Epoch: [16/30] Iters:[1810/1875] loss 0.1241, rec_loss 0.0021, p_loss 0.0659, utilization 0.4562, perplexity 18917.9146,
Train Epoch: [16/30] Iters:[1820/1875] loss 0.1251, rec_loss 0.0021, p_loss 0.0665, utilization 0.4554, perplexity 18799.7027,
Train Epoch: [16/30] Iters:[1830/1875] loss 0.1274, rec_loss 0.0022, p_loss 0.0680, utilization 0.4546, perplexity 18618.5410,
Train Epoch: [16/30] Iters:[1840/1875] loss 0.1274, rec_loss 0.0022, p_loss 0.0682, utilization 0.4548, perplexity 18812.9667,
Train Epoch: [16/30] Iters:[1850/1875] loss 0.1280, rec_loss 0.0023, p_loss 0.0686, utilization 0.4558, perplexity 18834.7722,
Train Epoch: [16/30] Iters:[1860/1875] loss 0.1280, rec_loss 0.0023, p_loss 0.0686, utilization 0.4548, perplexity 18763.7893,
Train Epoch: [16/30] Iters:[1870/1875] loss 0.1283, rec_loss 0.0024, p_loss 0.0687, utilization 0.4542, perplexity 18702.4784,
epoch:17, cur_lr:0.000052
Train Epoch: [17/30] Iters:[10/1875] loss 0.1258, rec_loss 0.0021, p_loss 0.0677, utilization 0.4601, perplexity 19070.9777,
Train Epoch: [17/30] Iters:[20/1875] loss 0.1271, rec_loss 0.0021, p_loss 0.0682, utilization 0.4595, perplexity 19175.3890,
Train Epoch: [17/30] Iters:[30/1875] loss 0.1269, rec_loss 0.0022, p_loss 0.0680, utilization 0.4586, perplexity 19023.0674,
Train Epoch: [17/30] Iters:[40/1875] loss 0.1269, rec_loss 0.0022, p_loss 0.0681, utilization 0.4587, perplexity 19095.2275,
Train Epoch: [17/30] Iters:[50/1875] loss 0.1269, rec_loss 0.0022, p_loss 0.0683, utilization 0.4586, perplexity 19089.9029,
Train Epoch: [17/30] Iters:[60/1875] loss 0.1268, rec_loss 0.0022, p_loss 0.0683, utilization 0.4571, perplexity 18954.2597,
Train Epoch: [17/30] Iters:[70/1875] loss 0.1262, rec_loss 0.0022, p_loss 0.0678, utilization 0.4565, perplexity 18876.0274,
Train Epoch: [17/30] Iters:[80/1875] loss 0.1263, rec_loss 0.0022, p_loss 0.0679, utilization 0.4567, perplexity 18915.1557,
Train Epoch: [17/30] Iters:[90/1875] loss 0.1259, rec_loss 0.0022, p_loss 0.0674, utilization 0.4557, perplexity 18812.4260,
Train Epoch: [17/30] Iters:[100/1875] loss 0.1255, rec_loss 0.0022, p_loss 0.0668, utilization 0.4562, perplexity 18985.3125,
Train Epoch: [17/30] Iters:[110/1875] loss 0.1269, rec_loss 0.0022, p_loss 0.0673, utilization 0.4588, perplexity 19262.0034,
Train Epoch: [17/30] Iters:[120/1875] loss 0.1268, rec_loss 0.0022, p_loss 0.0673, utilization 0.4581, perplexity 19263.0813,
Train Epoch: [17/30] Iters:[130/1875] loss 0.1257, rec_loss 0.0021, p_loss 0.0665, utilization 0.4579, perplexity 19291.0230,
Train Epoch: [17/30] Iters:[140/1875] loss 0.1264, rec_loss 0.0021, p_loss 0.0671, utilization 0.4583, perplexity 19170.6702,
Train Epoch: [17/30] Iters:[150/1875] loss 0.1257, rec_loss 0.0021, p_loss 0.0665, utilization 0.4570, perplexity 19019.4540,
Train Epoch: [17/30] Iters:[160/1875] loss 0.1239, rec_loss 0.0021, p_loss 0.0657, utilization 0.4549, perplexity 18859.2106,
Train Epoch: [17/30] Iters:[170/1875] loss 0.1244, rec_loss 0.0021, p_loss 0.0657, utilization 0.4562, perplexity 18973.4984,
Train Epoch: [17/30] Iters:[180/1875] loss 0.1247, rec_loss 0.0021, p_loss 0.0661, utilization 0.4560, perplexity 19006.8911,
Train Epoch: [17/30] Iters:[190/1875] loss 0.1247, rec_loss 0.0021, p_loss 0.0663, utilization 0.4550, perplexity 19111.4202,
Train Epoch: [17/30] Iters:[200/1875] loss 0.1260, rec_loss 0.0022, p_loss 0.0674, utilization 0.4561, perplexity 19047.0499,
Train Epoch: [17/30] Iters:[210/1875] loss 0.1264, rec_loss 0.0022, p_loss 0.0675, utilization 0.4557, perplexity 19050.4756,
Train Epoch: [17/30] Iters:[220/1875] loss 0.1265, rec_loss 0.0022, p_loss 0.0679, utilization 0.4561, perplexity 19097.0431,
Train Epoch: [17/30] Iters:[230/1875] loss 0.1272, rec_loss 0.0022, p_loss 0.0684, utilization 0.4570, perplexity 19052.1958,
Train Epoch: [17/30] Iters:[240/1875] loss 0.1262, rec_loss 0.0022, p_loss 0.0675, utilization 0.4559, perplexity 18847.3982,
Train Epoch: [17/30] Iters:[250/1875] loss 0.1259, rec_loss 0.0021, p_loss 0.0673, utilization 0.4558, perplexity 18911.2487,
Train Epoch: [17/30] Iters:[260/1875] loss 0.1260, rec_loss 0.0022, p_loss 0.0672, utilization 0.4576, perplexity 19003.4616,
Train Epoch: [17/30] Iters:[270/1875] loss 0.1259, rec_loss 0.0022, p_loss 0.0671, utilization 0.4554, perplexity 18728.8173,
Train Epoch: [17/30] Iters:[280/1875] loss 0.1253, rec_loss 0.0022, p_loss 0.0666, utilization 0.4552, perplexity 18816.8627,
Train Epoch: [17/30] Iters:[290/1875] loss 0.1261, rec_loss 0.0022, p_loss 0.0671, utilization 0.4573, perplexity 19008.5732,
Train Epoch: [17/30] Iters:[300/1875] loss 0.1268, rec_loss 0.0022, p_loss 0.0676, utilization 0.4570, perplexity 18903.2160,
Train Epoch: [17/30] Iters:[310/1875] loss 0.1274, rec_loss 0.0022, p_loss 0.0682, utilization 0.4559, perplexity 18905.3391,
Train Epoch: [17/30] Iters:[320/1875] loss 0.1274, rec_loss 0.0021, p_loss 0.0682, utilization 0.4569, perplexity 19024.1170,
Train Epoch: [17/30] Iters:[330/1875] loss 0.1284, rec_loss 0.0022, p_loss 0.0689, utilization 0.4569, perplexity 18952.5941,
Train Epoch: [17/30] Iters:[340/1875] loss 0.1284, rec_loss 0.0023, p_loss 0.0691, utilization 0.4573, perplexity 19062.4833,
Train Epoch: [17/30] Iters:[350/1875] loss 0.1283, rec_loss 0.0023, p_loss 0.0691, utilization 0.4560, perplexity 19045.1333,
Train Epoch: [17/30] Iters:[360/1875] loss 0.1274, rec_loss 0.0023, p_loss 0.0686, utilization 0.4547, perplexity 18737.8453,
Train Epoch: [17/30] Iters:[370/1875] loss 0.1276, rec_loss 0.0024, p_loss 0.0686, utilization 0.4548, perplexity 18686.2912,
Train Epoch: [17/30] Iters:[380/1875] loss 0.1279, rec_loss 0.0024, p_loss 0.0687, utilization 0.4538, perplexity 18553.2036,
Train Epoch: [17/30] Iters:[390/1875] loss 0.1269, rec_loss 0.0023, p_loss 0.0680, utilization 0.4514, perplexity 18226.7193,
Train Epoch: [17/30] Iters:[400/1875] loss 0.1270, rec_loss 0.0023, p_loss 0.0674, utilization 0.4535, perplexity 18405.0423,
Train Epoch: [17/30] Iters:[410/1875] loss 0.1268, rec_loss 0.0023, p_loss 0.0675, utilization 0.4539, perplexity 18588.0063,
Train Epoch: [17/30] Iters:[420/1875] loss 0.1271, rec_loss 0.0022, p_loss 0.0677, utilization 0.4552, perplexity 18753.0902,
Train Epoch: [17/30] Iters:[430/1875] loss 0.1269, rec_loss 0.0021, p_loss 0.0676, utilization 0.4552, perplexity 18828.3466,
Train Epoch: [17/30] Iters:[440/1875] loss 0.1278, rec_loss 0.0021, p_loss 0.0685, utilization 0.4557, perplexity 18874.5604,
Train Epoch: [17/30] Iters:[450/1875] loss 0.1279, rec_loss 0.0022, p_loss 0.0688, utilization 0.4547, perplexity 18806.1287,
Train Epoch: [17/30] Iters:[460/1875] loss 0.1285, rec_loss 0.0022, p_loss 0.0691, utilization 0.4552, perplexity 18872.5359,
Train Epoch: [17/30] Iters:[470/1875] loss 0.1286, rec_loss 0.0022, p_loss 0.0694, utilization 0.4544, perplexity 18840.3982,
Train Epoch: [17/30] Iters:[480/1875] loss 0.1290, rec_loss 0.0023, p_loss 0.0698, utilization 0.4542, perplexity 18854.9882,
Train Epoch: [17/30] Iters:[490/1875] loss 0.1288, rec_loss 0.0023, p_loss 0.0693, utilization 0.4549, perplexity 18999.1298,
Train Epoch: [17/30] Iters:[500/1875] loss 0.1281, rec_loss 0.0023, p_loss 0.0690, utilization 0.4546, perplexity 18986.8338,
Train Epoch: [17/30] Iters:[510/1875] loss 0.1274, rec_loss 0.0023, p_loss 0.0687, utilization 0.4555, perplexity 19116.2182,
Train Epoch: [17/30] Iters:[520/1875] loss 0.1267, rec_loss 0.0022, p_loss 0.0681, utilization 0.4553, perplexity 19031.7218,
Train Epoch: [17/30] Iters:[530/1875] loss 0.1257, rec_loss 0.0021, p_loss 0.0673, utilization 0.4555, perplexity 19005.6927,
Train Epoch: [17/30] Iters:[540/1875] loss 0.1246, rec_loss 0.0021, p_loss 0.0668, utilization 0.4545, perplexity 18885.9881,
Train Epoch: [17/30] Iters:[550/1875] loss 0.1255, rec_loss 0.0022, p_loss 0.0672, utilization 0.4552, perplexity 18897.6954,
Train Epoch: [17/30] Iters:[560/1875] loss 0.1267, rec_loss 0.0022, p_loss 0.0678, utilization 0.4553, perplexity 18803.0546,
Train Epoch: [17/30] Iters:[570/1875] loss 0.1274, rec_loss 0.0022, p_loss 0.0683, utilization 0.4554, perplexity 18813.3881,
Train Epoch: [17/30] Iters:[580/1875] loss 0.1273, rec_loss 0.0022, p_loss 0.0683, utilization 0.4553, perplexity 18883.3275,
Train Epoch: [17/30] Iters:[590/1875] loss 0.1281, rec_loss 0.0022, p_loss 0.0689, utilization 0.4558, perplexity 18956.3954,
Train Epoch: [17/30] Iters:[600/1875] loss 0.1268, rec_loss 0.0021, p_loss 0.0681, utilization 0.4557, perplexity 19012.1113,
Train Epoch: [17/30] Iters:[610/1875] loss 0.1260, rec_loss 0.0021, p_loss 0.0674, utilization 0.4555, perplexity 19029.5177,
Train Epoch: [17/30] Iters:[620/1875] loss 0.1263, rec_loss 0.0021, p_loss 0.0675, utilization 0.4554, perplexity 19094.5255,
Train Epoch: [17/30] Iters:[630/1875] loss 0.1264, rec_loss 0.0021, p_loss 0.0678, utilization 0.4569, perplexity 19163.0831,
Train Epoch: [17/30] Iters:[640/1875] loss 0.1260, rec_loss 0.0021, p_loss 0.0672, utilization 0.4586, perplexity 19424.5145,
Train Epoch: [17/30] Iters:[650/1875] loss 0.1260, rec_loss 0.0021, p_loss 0.0672, utilization 0.4572, perplexity 19157.7040,
Train Epoch: [17/30] Iters:[660/1875] loss 0.1265, rec_loss 0.0022, p_loss 0.0675, utilization 0.4568, perplexity 19119.0838,
Train Epoch: [17/30] Iters:[670/1875] loss 0.1251, rec_loss 0.0021, p_loss 0.0666, utilization 0.4564, perplexity 19079.5444,
Train Epoch: [17/30] Iters:[680/1875] loss 0.1257, rec_loss 0.0021, p_loss 0.0669, utilization 0.4559, perplexity 19054.0107,
Train Epoch: [17/30] Iters:[690/1875] loss 0.1262, rec_loss 0.0022, p_loss 0.0673, utilization 0.4551, perplexity 18911.3220,
Train Epoch: [17/30] Iters:[700/1875] loss 0.1266, rec_loss 0.0022, p_loss 0.0675, utilization 0.4561, perplexity 19126.9901,
Train Epoch: [17/30] Iters:[710/1875] loss 0.1261, rec_loss 0.0022, p_loss 0.0676, utilization 0.4555, perplexity 18980.3051,
Train Epoch: [17/30] Iters:[720/1875] loss 0.1276, rec_loss 0.0022, p_loss 0.0684, utilization 0.4565, perplexity 19008.2410,
Train Epoch: [17/30] Iters:[730/1875] loss 0.1274, rec_loss 0.0023, p_loss 0.0681, utilization 0.4567, perplexity 19024.5846,
Train Epoch: [17/30] Iters:[740/1875] loss 0.1266, rec_loss 0.0022, p_loss 0.0679, utilization 0.4568, perplexity 19035.8036,
Train Epoch: [17/30] Iters:[750/1875] loss 0.1273, rec_loss 0.0022, p_loss 0.0684, utilization 0.4577, perplexity 19124.2965,
Train Epoch: [17/30] Iters:[760/1875] loss 0.1276, rec_loss 0.0022, p_loss 0.0684, utilization 0.4579, perplexity 19189.7643,
Train Epoch: [17/30] Iters:[770/1875] loss 0.1260, rec_loss 0.0022, p_loss 0.0673, utilization 0.4574, perplexity 19207.5707,
Train Epoch: [17/30] Iters:[780/1875] loss 0.1265, rec_loss 0.0022, p_loss 0.0677, utilization 0.4560, perplexity 19001.2520,
Train Epoch: [17/30] Iters:[790/1875] loss 0.1274, rec_loss 0.0023, p_loss 0.0683, utilization 0.4557, perplexity 18978.8602,
Train Epoch: [17/30] Iters:[800/1875] loss 0.1264, rec_loss 0.0022, p_loss 0.0674, utilization 0.4555, perplexity 18965.3608,
Train Epoch: [17/30] Iters:[810/1875] loss 0.1255, rec_loss 0.0022, p_loss 0.0671, utilization 0.4552, perplexity 18927.7694,
Train Epoch: [17/30] Iters:[820/1875] loss 0.1253, rec_loss 0.0022, p_loss 0.0672, utilization 0.4542, perplexity 18685.9415,
Train Epoch: [17/30] Iters:[830/1875] loss 0.1244, rec_loss 0.0021, p_loss 0.0668, utilization 0.4533, perplexity 18689.9811,
Train Epoch: [17/30] Iters:[840/1875] loss 0.1250, rec_loss 0.0021, p_loss 0.0670, utilization 0.4553, perplexity 18761.4144,
Train Epoch: [17/30] Iters:[850/1875] loss 0.1255, rec_loss 0.0022, p_loss 0.0674, utilization 0.4532, perplexity 18548.8303,
Train Epoch: [17/30] Iters:[860/1875] loss 0.1264, rec_loss 0.0022, p_loss 0.0677, utilization 0.4544, perplexity 18675.0033,
Train Epoch: [17/30] Iters:[870/1875] loss 0.1268, rec_loss 0.0022, p_loss 0.0678, utilization 0.4537, perplexity 18765.6230,
Train Epoch: [17/30] Iters:[880/1875] loss 0.1270, rec_loss 0.0022, p_loss 0.0677, utilization 0.4544, perplexity 18819.6371,
Train Epoch: [17/30] Iters:[890/1875] loss 0.1268, rec_loss 0.0022, p_loss 0.0675, utilization 0.4541, perplexity 18896.6854,
Train Epoch: [17/30] Iters:[900/1875] loss 0.1262, rec_loss 0.0022, p_loss 0.0675, utilization 0.4543, perplexity 18881.4957,
Train Epoch: [17/30] Iters:[910/1875] loss 0.1266, rec_loss 0.0022, p_loss 0.0677, utilization 0.4540, perplexity 18878.9532,
Train Epoch: [17/30] Iters:[920/1875] loss 0.1270, rec_loss 0.0022, p_loss 0.0678, utilization 0.4554, perplexity 18930.2450,
Train Epoch: [17/30] Iters:[930/1875] loss 0.1267, rec_loss 0.0022, p_loss 0.0676, utilization 0.4564, perplexity 19023.9790,
Train Epoch: [17/30] Iters:[940/1875] loss 0.1261, rec_loss 0.0022, p_loss 0.0674, utilization 0.4553, perplexity 18924.3210,
Train Epoch: [17/30] Iters:[950/1875] loss 0.1265, rec_loss 0.0022, p_loss 0.0672, utilization 0.4569, perplexity 19100.1227,
Train Epoch: [17/30] Iters:[960/1875] loss 0.1267, rec_loss 0.0022, p_loss 0.0674, utilization 0.4571, perplexity 19072.2556,
Train Epoch: [17/30] Iters:[970/1875] loss 0.1271, rec_loss 0.0022, p_loss 0.0677, utilization 0.4587, perplexity 19384.1181,
Train Epoch: [17/30] Iters:[980/1875] loss 0.1271, rec_loss 0.0022, p_loss 0.0677, utilization 0.4588, perplexity 19314.0792,
Train Epoch: [17/30] Iters:[990/1875] loss 0.1274, rec_loss 0.0022, p_loss 0.0674, utilization 0.4596, perplexity 19439.9940,
Train Epoch: [17/30] Iters:[1000/1875] loss 0.1273, rec_loss 0.0022, p_loss 0.0677, utilization 0.4588, perplexity 19332.0943,
Train Epoch: [17/30] Iters:[1010/1875] loss 0.1263, rec_loss 0.0022, p_loss 0.0672, utilization 0.4580, perplexity 19180.7714,
Train Epoch: [17/30] Iters:[1020/1875] loss 0.1264, rec_loss 0.0022, p_loss 0.0673, utilization 0.4579, perplexity 19077.6913,
Train Epoch: [17/30] Iters:[1030/1875] loss 0.1267, rec_loss 0.0022, p_loss 0.0676, utilization 0.4578, perplexity 19089.7118,
Train Epoch: [17/30] Iters:[1040/1875] loss 0.1269, rec_loss 0.0023, p_loss 0.0680, utilization 0.4578, perplexity 19029.1075,
Train Epoch: [17/30] Iters:[1050/1875] loss 0.1275, rec_loss 0.0023, p_loss 0.0682, utilization 0.4576, perplexity 19008.4907,
Train Epoch: [17/30] Iters:[1060/1875] loss 0.1277, rec_loss 0.0022, p_loss 0.0682, utilization 0.4575, perplexity 19111.1829,
Train Epoch: [17/30] Iters:[1070/1875] loss 0.1266, rec_loss 0.0022, p_loss 0.0676, utilization 0.4562, perplexity 18968.7298,
Train Epoch: [17/30] Iters:[1080/1875] loss 0.1260, rec_loss 0.0022, p_loss 0.0671, utilization 0.4559, perplexity 18939.8674,
Train Epoch: [17/30] Iters:[1090/1875] loss 0.1264, rec_loss 0.0022, p_loss 0.0675, utilization 0.4553, perplexity 18836.9214,
Train Epoch: [17/30] Iters:[1100/1875] loss 0.1259, rec_loss 0.0021, p_loss 0.0670, utilization 0.4575, perplexity 19068.5499,
Train Epoch: [17/30] Iters:[1110/1875] loss 0.1254, rec_loss 0.0021, p_loss 0.0667, utilization 0.4577, perplexity 19081.1043,
Train Epoch: [17/30] Iters:[1120/1875] loss 0.1254, rec_loss 0.0021, p_loss 0.0666, utilization 0.4582, perplexity 19129.4241,
Train Epoch: [17/30] Iters:[1130/1875] loss 0.1261, rec_loss 0.0021, p_loss 0.0670, utilization 0.4583, perplexity 19076.1167,
Train Epoch: [17/30] Iters:[1140/1875] loss 0.1249, rec_loss 0.0021, p_loss 0.0664, utilization 0.4578, perplexity 19044.6949,
Train Epoch: [17/30] Iters:[1150/1875] loss 0.1244, rec_loss 0.0021, p_loss 0.0662, utilization 0.4548, perplexity 18780.1215,
Train Epoch: [17/30] Iters:[1160/1875] loss 0.1247, rec_loss 0.0022, p_loss 0.0665, utilization 0.4553, perplexity 18852.3941,
Train Epoch: [17/30] Iters:[1170/1875] loss 0.1244, rec_loss 0.0022, p_loss 0.0663, utilization 0.4551, perplexity 18765.8651,
Train Epoch: [17/30] Iters:[1180/1875] loss 0.1233, rec_loss 0.0022, p_loss 0.0656, utilization 0.4547, perplexity 18912.7548,
Train Epoch: [17/30] Iters:[1190/1875] loss 0.1236, rec_loss 0.0022, p_loss 0.0657, utilization 0.4553, perplexity 18944.7682,
Train Epoch: [17/30] Iters:[1200/1875] loss 0.1237, rec_loss 0.0022, p_loss 0.0658, utilization 0.4562, perplexity 19044.0450,
Train Epoch: [17/30] Iters:[1210/1875] loss 0.1237, rec_loss 0.0021, p_loss 0.0659, utilization 0.4558, perplexity 18912.9199,
Train Epoch: [17/30] Iters:[1220/1875] loss 0.1251, rec_loss 0.0022, p_loss 0.0669, utilization 0.4550, perplexity 18837.0254,
Train Epoch: [17/30] Iters:[1230/1875] loss 0.1260, rec_loss 0.0022, p_loss 0.0674, utilization 0.4578, perplexity 19061.2331,
Train Epoch: [17/30] Iters:[1240/1875] loss 0.1263, rec_loss 0.0022, p_loss 0.0678, utilization 0.4573, perplexity 18987.7043,
Train Epoch: [17/30] Iters:[1250/1875] loss 0.1257, rec_loss 0.0021, p_loss 0.0675, utilization 0.4575, perplexity 19010.5628,
Train Epoch: [17/30] Iters:[1260/1875] loss 0.1248, rec_loss 0.0021, p_loss 0.0667, utilization 0.4558, perplexity 18837.5501,
Train Epoch: [17/30] Iters:[1270/1875] loss 0.1244, rec_loss 0.0021, p_loss 0.0666, utilization 0.4565, perplexity 18972.5732,
Train Epoch: [17/30] Iters:[1280/1875] loss 0.1243, rec_loss 0.0021, p_loss 0.0664, utilization 0.4541, perplexity 18720.3288,
Train Epoch: [17/30] Iters:[1290/1875] loss 0.1241, rec_loss 0.0021, p_loss 0.0660, utilization 0.4545, perplexity 18758.6628,
Train Epoch: [17/30] Iters:[1300/1875] loss 0.1252, rec_loss 0.0022, p_loss 0.0666, utilization 0.4535, perplexity 18612.3956,
Train Epoch: [17/30] Iters:[1310/1875] loss 0.1260, rec_loss 0.0022, p_loss 0.0671, utilization 0.4555, perplexity 18862.1378,
Train Epoch: [17/30] Iters:[1320/1875] loss 0.1258, rec_loss 0.0023, p_loss 0.0668, utilization 0.4552, perplexity 18875.7158,
Train Epoch: [17/30] Iters:[1330/1875] loss 0.1261, rec_loss 0.0023, p_loss 0.0672, utilization 0.4553, perplexity 18876.1976,
Train Epoch: [17/30] Iters:[1340/1875] loss 0.1266, rec_loss 0.0023, p_loss 0.0677, utilization 0.4556, perplexity 18876.3699,
Train Epoch: [17/30] Iters:[1350/1875] loss 0.1270, rec_loss 0.0023, p_loss 0.0682, utilization 0.4571, perplexity 19083.0056,
Train Epoch: [17/30] Iters:[1360/1875] loss 0.1279, rec_loss 0.0023, p_loss 0.0688, utilization 0.4574, perplexity 19003.5917,
Train Epoch: [17/30] Iters:[1370/1875] loss 0.1275, rec_loss 0.0023, p_loss 0.0686, utilization 0.4582, perplexity 19130.8540,
Train Epoch: [17/30] Iters:[1380/1875] loss 0.1271, rec_loss 0.0023, p_loss 0.0681, utilization 0.4575, perplexity 19072.5826,
Train Epoch: [17/30] Iters:[1390/1875] loss 0.1267, rec_loss 0.0022, p_loss 0.0677, utilization 0.4564, perplexity 19152.1758,
Train Epoch: [17/30] Iters:[1400/1875] loss 0.1260, rec_loss 0.0022, p_loss 0.0670, utilization 0.4560, perplexity 19125.3183,
Train Epoch: [17/30] Iters:[1410/1875] loss 0.1251, rec_loss 0.0021, p_loss 0.0665, utilization 0.4552, perplexity 19115.8402,
Train Epoch: [17/30] Iters:[1420/1875] loss 0.1254, rec_loss 0.0022, p_loss 0.0668, utilization 0.4531, perplexity 18892.9640,
Train Epoch: [17/30] Iters:[1430/1875] loss 0.1262, rec_loss 0.0022, p_loss 0.0674, utilization 0.4532, perplexity 18796.1897,
Train Epoch: [17/30] Iters:[1440/1875] loss 0.1264, rec_loss 0.0022, p_loss 0.0676, utilization 0.4542, perplexity 18679.1006,
Train Epoch: [17/30] Iters:[1450/1875] loss 0.1264, rec_loss 0.0022, p_loss 0.0674, utilization 0.4545, perplexity 18697.0396,
Train Epoch: [17/30] Iters:[1460/1875] loss 0.1263, rec_loss 0.0022, p_loss 0.0672, utilization 0.4557, perplexity 18832.5659,
Train Epoch: [17/30] Iters:[1470/1875] loss 0.1268, rec_loss 0.0022, p_loss 0.0674, utilization 0.4572, perplexity 18890.2528,
Train Epoch: [17/30] Iters:[1480/1875] loss 0.1270, rec_loss 0.0022, p_loss 0.0676, utilization 0.4585, perplexity 19054.6797,
Train Epoch: [17/30] Iters:[1490/1875] loss 0.1262, rec_loss 0.0022, p_loss 0.0670, utilization 0.4582, perplexity 19145.7131,
Train Epoch: [17/30] Iters:[1500/1875] loss 0.1257, rec_loss 0.0021, p_loss 0.0669, utilization 0.4566, perplexity 18992.4492,
Train Epoch: [17/30] Iters:[1510/1875] loss 0.1268, rec_loss 0.0022, p_loss 0.0678, utilization 0.4563, perplexity 18913.2975,
Train Epoch: [17/30] Iters:[1520/1875] loss 0.1259, rec_loss 0.0021, p_loss 0.0672, utilization 0.4568, perplexity 18957.5046,
Train Epoch: [17/30] Iters:[1530/1875] loss 0.1243, rec_loss 0.0021, p_loss 0.0662, utilization 0.4564, perplexity 19049.4987,
Train Epoch: [17/30] Iters:[1540/1875] loss 0.1250, rec_loss 0.0022, p_loss 0.0667, utilization 0.4552, perplexity 18899.8392,
Train Epoch: [17/30] Iters:[1550/1875] loss 0.1255, rec_loss 0.0022, p_loss 0.0671, utilization 0.4567, perplexity 19031.0672,
Train Epoch: [17/30] Iters:[1560/1875] loss 0.1251, rec_loss 0.0022, p_loss 0.0666, utilization 0.4553, perplexity 18998.9186,
Train Epoch: [17/30] Iters:[1570/1875] loss 0.1258, rec_loss 0.0023, p_loss 0.0672, utilization 0.4559, perplexity 19103.7861,
Train Epoch: [17/30] Iters:[1580/1875] loss 0.1261, rec_loss 0.0022, p_loss 0.0674, utilization 0.4563, perplexity 19128.7314,
Train Epoch: [17/30] Iters:[1590/1875] loss 0.1264, rec_loss 0.0022, p_loss 0.0675, utilization 0.4594, perplexity 19481.7580,
Train Epoch: [17/30] Iters:[1600/1875] loss 0.1274, rec_loss 0.0022, p_loss 0.0681, utilization 0.4593, perplexity 19471.7463,
Train Epoch: [17/30] Iters:[1610/1875] loss 0.1276, rec_loss 0.0022, p_loss 0.0683, utilization 0.4592, perplexity 19418.9913,
Train Epoch: [17/30] Iters:[1620/1875] loss 0.1273, rec_loss 0.0022, p_loss 0.0681, utilization 0.4564, perplexity 19055.8706,
Train Epoch: [17/30] Iters:[1630/1875] loss 0.1278, rec_loss 0.0022, p_loss 0.0681, utilization 0.4559, perplexity 18940.8320,
Train Epoch: [17/30] Iters:[1640/1875] loss 0.1283, rec_loss 0.0022, p_loss 0.0684, utilization 0.4550, perplexity 18807.3857,
Train Epoch: [17/30] Iters:[1650/1875] loss 0.1272, rec_loss 0.0022, p_loss 0.0676, utilization 0.4544, perplexity 18722.1247,
Train Epoch: [17/30] Iters:[1660/1875] loss 0.1267, rec_loss 0.0021, p_loss 0.0671, utilization 0.4563, perplexity 18857.4141,
Train Epoch: [17/30] Iters:[1670/1875] loss 0.1266, rec_loss 0.0022, p_loss 0.0670, utilization 0.4586, perplexity 19047.5452,
Train Epoch: [17/30] Iters:[1680/1875] loss 0.1260, rec_loss 0.0022, p_loss 0.0671, utilization 0.4572, perplexity 18957.5330,
Train Epoch: [17/30] Iters:[1690/1875] loss 0.1253, rec_loss 0.0022, p_loss 0.0667, utilization 0.4557, perplexity 18883.9464,
Train Epoch: [17/30] Iters:[1700/1875] loss 0.1262, rec_loss 0.0022, p_loss 0.0674, utilization 0.4558, perplexity 18803.2237,
Train Epoch: [17/30] Iters:[1710/1875] loss 0.1251, rec_loss 0.0022, p_loss 0.0669, utilization 0.4555, perplexity 18828.4356,
Train Epoch: [17/30] Iters:[1720/1875] loss 0.1252, rec_loss 0.0022, p_loss 0.0673, utilization 0.4544, perplexity 18721.6405,
Train Epoch: [17/30] Iters:[1730/1875] loss 0.1254, rec_loss 0.0022, p_loss 0.0672, utilization 0.4552, perplexity 18824.1114,
Train Epoch: [17/30] Iters:[1740/1875] loss 0.1246, rec_loss 0.0021, p_loss 0.0665, utilization 0.4556, perplexity 18827.3071,
Train Epoch: [17/30] Iters:[1750/1875] loss 0.1239, rec_loss 0.0021, p_loss 0.0659, utilization 0.4566, perplexity 19026.9492,
Train Epoch: [17/30] Iters:[1760/1875] loss 0.1249, rec_loss 0.0021, p_loss 0.0667, utilization 0.4562, perplexity 18996.6911,
Train Epoch: [17/30] Iters:[1770/1875] loss 0.1241, rec_loss 0.0020, p_loss 0.0660, utilization 0.4564, perplexity 19217.5905,
Train Epoch: [17/30] Iters:[1780/1875] loss 0.1242, rec_loss 0.0020, p_loss 0.0660, utilization 0.4569, perplexity 19290.1964,
Train Epoch: [17/30] Iters:[1790/1875] loss 0.1248, rec_loss 0.0020, p_loss 0.0664, utilization 0.4574, perplexity 19292.6315,
Train Epoch: [17/30] Iters:[1800/1875] loss 0.1239, rec_loss 0.0021, p_loss 0.0657, utilization 0.4564, perplexity 19265.6713,
Train Epoch: [17/30] Iters:[1810/1875] loss 0.1234, rec_loss 0.0021, p_loss 0.0651, utilization 0.4542, perplexity 19041.5069,
Train Epoch: [17/30] Iters:[1820/1875] loss 0.1231, rec_loss 0.0021, p_loss 0.0652, utilization 0.4533, perplexity 18867.5068,
Train Epoch: [17/30] Iters:[1830/1875] loss 0.1234, rec_loss 0.0021, p_loss 0.0653, utilization 0.4541, perplexity 18795.1097,
Train Epoch: [17/30] Iters:[1840/1875] loss 0.1246, rec_loss 0.0021, p_loss 0.0662, utilization 0.4549, perplexity 18894.1914,
Train Epoch: [17/30] Iters:[1850/1875] loss 0.1267, rec_loss 0.0022, p_loss 0.0677, utilization 0.4563, perplexity 18953.8312,
Train Epoch: [17/30] Iters:[1860/1875] loss 0.1270, rec_loss 0.0022, p_loss 0.0680, utilization 0.4589, perplexity 19142.8499,
Train Epoch: [17/30] Iters:[1870/1875] loss 0.1278, rec_loss 0.0022, p_loss 0.0684, utilization 0.4601, perplexity 19214.0940,
epoch:18, cur_lr:0.000049
Train Epoch: [18/30] Iters:[10/1875] loss 0.1276, rec_loss 0.0021, p_loss 0.0684, utilization 0.4519, perplexity 18634.0463,
Train Epoch: [18/30] Iters:[20/1875] loss 0.1269, rec_loss 0.0021, p_loss 0.0681, utilization 0.4525, perplexity 18567.8223,
Train Epoch: [18/30] Iters:[30/1875] loss 0.1272, rec_loss 0.0021, p_loss 0.0680, utilization 0.4556, perplexity 18877.0600,
Train Epoch: [18/30] Iters:[40/1875] loss 0.1264, rec_loss 0.0021, p_loss 0.0677, utilization 0.4548, perplexity 18883.8979,
Train Epoch: [18/30] Iters:[50/1875] loss 0.1268, rec_loss 0.0022, p_loss 0.0679, utilization 0.4550, perplexity 18854.0245,
Train Epoch: [18/30] Iters:[60/1875] loss 0.1258, rec_loss 0.0021, p_loss 0.0671, utilization 0.4552, perplexity 18776.8143,
Train Epoch: [18/30] Iters:[70/1875] loss 0.1259, rec_loss 0.0021, p_loss 0.0671, utilization 0.4557, perplexity 18912.6069,
Train Epoch: [18/30] Iters:[80/1875] loss 0.1250, rec_loss 0.0022, p_loss 0.0663, utilization 0.4552, perplexity 18888.0700,
Train Epoch: [18/30] Iters:[90/1875] loss 0.1250, rec_loss 0.0022, p_loss 0.0661, utilization 0.4561, perplexity 18975.9395,
Train Epoch: [18/30] Iters:[100/1875] loss 0.1244, rec_loss 0.0021, p_loss 0.0657, utilization 0.4571, perplexity 19172.1834,
Train Epoch: [18/30] Iters:[110/1875] loss 0.1247, rec_loss 0.0022, p_loss 0.0657, utilization 0.4584, perplexity 19433.7877,
Train Epoch: [18/30] Iters:[120/1875] loss 0.1241, rec_loss 0.0022, p_loss 0.0655, utilization 0.4570, perplexity 19304.6737,
Train Epoch: [18/30] Iters:[130/1875] loss 0.1237, rec_loss 0.0021, p_loss 0.0655, utilization 0.4559, perplexity 19186.8498,
Train Epoch: [18/30] Iters:[140/1875] loss 0.1250, rec_loss 0.0022, p_loss 0.0664, utilization 0.4552, perplexity 19134.5201,
Train Epoch: [18/30] Iters:[150/1875] loss 0.1244, rec_loss 0.0022, p_loss 0.0661, utilization 0.4536, perplexity 18920.1461,
Train Epoch: [18/30] Iters:[160/1875] loss 0.1249, rec_loss 0.0022, p_loss 0.0664, utilization 0.4523, perplexity 18706.7403,
Train Epoch: [18/30] Iters:[170/1875] loss 0.1250, rec_loss 0.0021, p_loss 0.0666, utilization 0.4531, perplexity 18772.4942,
Train Epoch: [18/30] Iters:[180/1875] loss 0.1265, rec_loss 0.0022, p_loss 0.0676, utilization 0.4528, perplexity 18640.2123,
Train Epoch: [18/30] Iters:[190/1875] loss 0.1263, rec_loss 0.0022, p_loss 0.0674, utilization 0.4545, perplexity 18639.1426,
Train Epoch: [18/30] Iters:[200/1875] loss 0.1264, rec_loss 0.0022, p_loss 0.0675, utilization 0.4550, perplexity 18770.2680,
Train Epoch: [18/30] Iters:[210/1875] loss 0.1255, rec_loss 0.0022, p_loss 0.0672, utilization 0.4558, perplexity 18904.3862,
Train Epoch: [18/30] Iters:[220/1875] loss 0.1259, rec_loss 0.0022, p_loss 0.0672, utilization 0.4559, perplexity 18815.7404,
Train Epoch: [18/30] Iters:[230/1875] loss 0.1252, rec_loss 0.0022, p_loss 0.0669, utilization 0.4568, perplexity 19041.8373,
Train Epoch: [18/30] Iters:[240/1875] loss 0.1241, rec_loss 0.0021, p_loss 0.0662, utilization 0.4561, perplexity 19102.7205,
Train Epoch: [18/30] Iters:[250/1875] loss 0.1255, rec_loss 0.0022, p_loss 0.0671, utilization 0.4568, perplexity 19069.8920,
Train Epoch: [18/30] Iters:[260/1875] loss 0.1265, rec_loss 0.0022, p_loss 0.0676, utilization 0.4573, perplexity 19135.5154,
Train Epoch: [18/30] Iters:[270/1875] loss 0.1253, rec_loss 0.0022, p_loss 0.0670, utilization 0.4573, perplexity 19143.9728,
Train Epoch: [18/30] Iters:[280/1875] loss 0.1243, rec_loss 0.0021, p_loss 0.0664, utilization 0.4574, perplexity 19113.7797,
Train Epoch: [18/30] Iters:[290/1875] loss 0.1253, rec_loss 0.0022, p_loss 0.0672, utilization 0.4576, perplexity 19061.7883,
Train Epoch: [18/30] Iters:[300/1875] loss 0.1237, rec_loss 0.0021, p_loss 0.0661, utilization 0.4558, perplexity 18876.4323,
Train Epoch: [18/30] Iters:[310/1875] loss 0.1225, rec_loss 0.0021, p_loss 0.0653, utilization 0.4551, perplexity 18743.9655,
Train Epoch: [18/30] Iters:[320/1875] loss 0.1233, rec_loss 0.0020, p_loss 0.0656, utilization 0.4554, perplexity 18904.4879,
Train Epoch: [18/30] Iters:[330/1875] loss 0.1245, rec_loss 0.0021, p_loss 0.0662, utilization 0.4540, perplexity 18766.3324,
Train Epoch: [18/30] Iters:[340/1875] loss 0.1239, rec_loss 0.0021, p_loss 0.0656, utilization 0.4540, perplexity 18815.9448,
Train Epoch: [18/30] Iters:[350/1875] loss 0.1241, rec_loss 0.0021, p_loss 0.0660, utilization 0.4540, perplexity 18882.4990,
Train Epoch: [18/30] Iters:[360/1875] loss 0.1256, rec_loss 0.0021, p_loss 0.0670, utilization 0.4549, perplexity 18931.8429,
Train Epoch: [18/30] Iters:[370/1875] loss 0.1258, rec_loss 0.0022, p_loss 0.0670, utilization 0.4563, perplexity 19011.8125,
Train Epoch: [18/30] Iters:[380/1875] loss 0.1254, rec_loss 0.0022, p_loss 0.0668, utilization 0.4560, perplexity 19049.3837,
Train Epoch: [18/30] Iters:[390/1875] loss 0.1266, rec_loss 0.0022, p_loss 0.0677, utilization 0.4552, perplexity 19010.2244,
Train Epoch: [18/30] Iters:[400/1875] loss 0.1267, rec_loss 0.0022, p_loss 0.0674, utilization 0.4574, perplexity 19205.6665,
Train Epoch: [18/30] Iters:[410/1875] loss 0.1261, rec_loss 0.0021, p_loss 0.0669, utilization 0.4573, perplexity 19210.3987,
Train Epoch: [18/30] Iters:[420/1875] loss 0.1270, rec_loss 0.0022, p_loss 0.0676, utilization 0.4561, perplexity 19064.1972,
Train Epoch: [18/30] Iters:[430/1875] loss 0.1266, rec_loss 0.0022, p_loss 0.0676, utilization 0.4575, perplexity 19145.4718,
Train Epoch: [18/30] Iters:[440/1875] loss 0.1253, rec_loss 0.0021, p_loss 0.0668, utilization 0.4588, perplexity 19184.4166,
Train Epoch: [18/30] Iters:[450/1875] loss 0.1253, rec_loss 0.0022, p_loss 0.0668, utilization 0.4577, perplexity 19100.9101,
Train Epoch: [18/30] Iters:[460/1875] loss 0.1255, rec_loss 0.0022, p_loss 0.0673, utilization 0.4559, perplexity 18820.6764,
Train Epoch: [18/30] Iters:[470/1875] loss 0.1246, rec_loss 0.0021, p_loss 0.0667, utilization 0.4559, perplexity 18751.0929,
Train Epoch: [18/30] Iters:[480/1875] loss 0.1247, rec_loss 0.0022, p_loss 0.0664, utilization 0.4553, perplexity 18641.9276,
Train Epoch: [18/30] Iters:[490/1875] loss 0.1253, rec_loss 0.0022, p_loss 0.0668, utilization 0.4539, perplexity 18542.8187,
Train Epoch: [18/30] Iters:[500/1875] loss 0.1257, rec_loss 0.0022, p_loss 0.0673, utilization 0.4534, perplexity 18481.3724,
Train Epoch: [18/30] Iters:[510/1875] loss 0.1260, rec_loss 0.0022, p_loss 0.0667, utilization 0.4572, perplexity 19084.3833,
Train Epoch: [18/30] Iters:[520/1875] loss 0.1260, rec_loss 0.0021, p_loss 0.0669, utilization 0.4576, perplexity 19182.8958,
Train Epoch: [18/30] Iters:[530/1875] loss 0.1264, rec_loss 0.0021, p_loss 0.0671, utilization 0.4590, perplexity 19397.6031,
Train Epoch: [18/30] Iters:[540/1875] loss 0.1258, rec_loss 0.0021, p_loss 0.0665, utilization 0.4592, perplexity 19496.7705,
Train Epoch: [18/30] Iters:[550/1875] loss 0.1264, rec_loss 0.0021, p_loss 0.0667, utilization 0.4595, perplexity 19532.8990,
Train Epoch: [18/30] Iters:[560/1875] loss 0.1264, rec_loss 0.0021, p_loss 0.0671, utilization 0.4579, perplexity 19334.8981,
Train Epoch: [18/30] Iters:[570/1875] loss 0.1265, rec_loss 0.0022, p_loss 0.0672, utilization 0.4574, perplexity 19382.4521,
Train Epoch: [18/30] Iters:[580/1875] loss 0.1260, rec_loss 0.0021, p_loss 0.0669, utilization 0.4563, perplexity 19185.8153,
Train Epoch: [18/30] Iters:[590/1875] loss 0.1276, rec_loss 0.0022, p_loss 0.0680, utilization 0.4573, perplexity 19193.5828,
Train Epoch: [18/30] Iters:[600/1875] loss 0.1269, rec_loss 0.0021, p_loss 0.0677, utilization 0.4577, perplexity 19178.3943,
Train Epoch: [18/30] Iters:[610/1875] loss 0.1268, rec_loss 0.0022, p_loss 0.0676, utilization 0.4567, perplexity 19057.6973,
Train Epoch: [18/30] Iters:[620/1875] loss 0.1260, rec_loss 0.0021, p_loss 0.0672, utilization 0.4568, perplexity 19066.7653,
Train Epoch: [18/30] Iters:[630/1875] loss 0.1260, rec_loss 0.0021, p_loss 0.0674, utilization 0.4573, perplexity 19173.7296,
Train Epoch: [18/30] Iters:[640/1875] loss 0.1241, rec_loss 0.0021, p_loss 0.0664, utilization 0.4558, perplexity 19008.2532,
Train Epoch: [18/30] Iters:[650/1875] loss 0.1232, rec_loss 0.0021, p_loss 0.0657, utilization 0.4561, perplexity 19060.0489,
Train Epoch: [18/30] Iters:[660/1875] loss 0.1220, rec_loss 0.0020, p_loss 0.0649, utilization 0.4556, perplexity 19004.2952,
Train Epoch: [18/30] Iters:[670/1875] loss 0.1230, rec_loss 0.0021, p_loss 0.0653, utilization 0.4563, perplexity 19091.5969,
Train Epoch: [18/30] Iters:[680/1875] loss 0.1234, rec_loss 0.0021, p_loss 0.0652, utilization 0.4563, perplexity 19046.7396,
Train Epoch: [18/30] Iters:[690/1875] loss 0.1233, rec_loss 0.0021, p_loss 0.0651, utilization 0.4566, perplexity 19134.4512,
Train Epoch: [18/30] Iters:[700/1875] loss 0.1241, rec_loss 0.0022, p_loss 0.0655, utilization 0.4575, perplexity 19266.0677,
Train Epoch: [18/30] Iters:[710/1875] loss 0.1246, rec_loss 0.0022, p_loss 0.0658, utilization 0.4579, perplexity 19285.8179,
Train Epoch: [18/30] Iters:[720/1875] loss 0.1241, rec_loss 0.0022, p_loss 0.0658, utilization 0.4569, perplexity 19054.8862,
Train Epoch: [18/30] Iters:[730/1875] loss 0.1246, rec_loss 0.0022, p_loss 0.0664, utilization 0.4562, perplexity 19030.4637,
Train Epoch: [18/30] Iters:[740/1875] loss 0.1256, rec_loss 0.0022, p_loss 0.0668, utilization 0.4574, perplexity 19114.7131,
Train Epoch: [18/30] Iters:[750/1875] loss 0.1266, rec_loss 0.0022, p_loss 0.0676, utilization 0.4565, perplexity 18971.2724,
Train Epoch: [18/30] Iters:[760/1875] loss 0.1259, rec_loss 0.0022, p_loss 0.0672, utilization 0.4550, perplexity 18714.0212,
Train Epoch: [18/30] Iters:[770/1875] loss 0.1257, rec_loss 0.0021, p_loss 0.0670, utilization 0.4549, perplexity 18728.9814,
Train Epoch: [18/30] Iters:[780/1875] loss 0.1258, rec_loss 0.0022, p_loss 0.0666, utilization 0.4571, perplexity 18989.0256,
Train Epoch: [18/30] Iters:[790/1875] loss 0.1241, rec_loss 0.0021, p_loss 0.0657, utilization 0.4543, perplexity 18691.6241,
Train Epoch: [18/30] Iters:[800/1875] loss 0.1236, rec_loss 0.0021, p_loss 0.0656, utilization 0.4537, perplexity 18612.4488,
Train Epoch: [18/30] Iters:[810/1875] loss 0.1253, rec_loss 0.0022, p_loss 0.0667, utilization 0.4556, perplexity 18935.7683,
Train Epoch: [18/30] Iters:[820/1875] loss 0.1254, rec_loss 0.0022, p_loss 0.0666, utilization 0.4556, perplexity 18960.9889,
Train Epoch: [18/30] Iters:[830/1875] loss 0.1247, rec_loss 0.0021, p_loss 0.0664, utilization 0.4531, perplexity 18673.5822,
Train Epoch: [18/30] Iters:[840/1875] loss 0.1254, rec_loss 0.0021, p_loss 0.0668, utilization 0.4561, perplexity 19024.2731,
Train Epoch: [18/30] Iters:[850/1875] loss 0.1243, rec_loss 0.0021, p_loss 0.0659, utilization 0.4562, perplexity 19066.1184,
Train Epoch: [18/30] Iters:[860/1875] loss 0.1231, rec_loss 0.0021, p_loss 0.0651, utilization 0.4565, perplexity 19013.0259,
Train Epoch: [18/30] Iters:[870/1875] loss 0.1239, rec_loss 0.0021, p_loss 0.0655, utilization 0.4577, perplexity 19067.7645,
Train Epoch: [18/30] Iters:[880/1875] loss 0.1248, rec_loss 0.0021, p_loss 0.0659, utilization 0.4595, perplexity 19196.7043,
Train Epoch: [18/30] Iters:[890/1875] loss 0.1251, rec_loss 0.0022, p_loss 0.0664, utilization 0.4579, perplexity 19088.2980,
Train Epoch: [18/30] Iters:[900/1875] loss 0.1246, rec_loss 0.0021, p_loss 0.0661, utilization 0.4571, perplexity 18993.0192,
Train Epoch: [18/30] Iters:[910/1875] loss 0.1254, rec_loss 0.0022, p_loss 0.0667, utilization 0.4565, perplexity 18984.4692,
Train Epoch: [18/30] Iters:[920/1875] loss 0.1251, rec_loss 0.0022, p_loss 0.0664, utilization 0.4566, perplexity 19090.4335,
Train Epoch: [18/30] Iters:[930/1875] loss 0.1241, rec_loss 0.0021, p_loss 0.0661, utilization 0.4548, perplexity 19029.5888,
Train Epoch: [18/30] Iters:[940/1875] loss 0.1253, rec_loss 0.0021, p_loss 0.0667, utilization 0.4556, perplexity 18960.4905,
Train Epoch: [18/30] Iters:[950/1875] loss 0.1271, rec_loss 0.0022, p_loss 0.0680, utilization 0.4564, perplexity 19147.6248,
Train Epoch: [18/30] Iters:[960/1875] loss 0.1260, rec_loss 0.0022, p_loss 0.0672, utilization 0.4548, perplexity 19018.9902,
Train Epoch: [18/30] Iters:[970/1875] loss 0.1255, rec_loss 0.0022, p_loss 0.0671, utilization 0.4549, perplexity 19000.3753,
Train Epoch: [18/30] Iters:[980/1875] loss 0.1252, rec_loss 0.0022, p_loss 0.0669, utilization 0.4553, perplexity 18960.6161,
Train Epoch: [18/30] Iters:[990/1875] loss 0.1236, rec_loss 0.0021, p_loss 0.0657, utilization 0.4546, perplexity 18987.2970,
Train Epoch: [18/30] Iters:[1000/1875] loss 0.1226, rec_loss 0.0021, p_loss 0.0648, utilization 0.4549, perplexity 18853.5167,
Train Epoch: [18/30] Iters:[1010/1875] loss 0.1229, rec_loss 0.0021, p_loss 0.0653, utilization 0.4560, perplexity 18937.4565,
Train Epoch: [18/30] Iters:[1020/1875] loss 0.1239, rec_loss 0.0021, p_loss 0.0660, utilization 0.4562, perplexity 18982.2144,
Train Epoch: [18/30] Iters:[1030/1875] loss 0.1234, rec_loss 0.0021, p_loss 0.0656, utilization 0.4564, perplexity 19035.5943,
Train Epoch: [18/30] Iters:[1040/1875] loss 0.1244, rec_loss 0.0022, p_loss 0.0663, utilization 0.4561, perplexity 18853.5018,
Train Epoch: [18/30] Iters:[1050/1875] loss 0.1249, rec_loss 0.0022, p_loss 0.0666, utilization 0.4555, perplexity 18797.7048,
Train Epoch: [18/30] Iters:[1060/1875] loss 0.1251, rec_loss 0.0022, p_loss 0.0665, utilization 0.4560, perplexity 18808.4228,
Train Epoch: [18/30] Iters:[1070/1875] loss 0.1250, rec_loss 0.0022, p_loss 0.0663, utilization 0.4547, perplexity 18569.2790,
Train Epoch: [18/30] Iters:[1080/1875] loss 0.1266, rec_loss 0.0022, p_loss 0.0672, utilization 0.4561, perplexity 18669.9490,
Train Epoch: [18/30] Iters:[1090/1875] loss 0.1267, rec_loss 0.0022, p_loss 0.0673, utilization 0.4579, perplexity 18929.1761,
Train Epoch: [18/30] Iters:[1100/1875] loss 0.1263, rec_loss 0.0021, p_loss 0.0672, utilization 0.4567, perplexity 18901.6810,
Train Epoch: [18/30] Iters:[1110/1875] loss 0.1265, rec_loss 0.0021, p_loss 0.0675, utilization 0.4561, perplexity 18899.8723,
Train Epoch: [18/30] Iters:[1120/1875] loss 0.1268, rec_loss 0.0021, p_loss 0.0678, utilization 0.4575, perplexity 19034.4375,
Train Epoch: [18/30] Iters:[1130/1875] loss 0.1268, rec_loss 0.0022, p_loss 0.0678, utilization 0.4561, perplexity 18855.1517,
Train Epoch: [18/30] Iters:[1140/1875] loss 0.1270, rec_loss 0.0022, p_loss 0.0676, utilization 0.4573, perplexity 19041.0089,
Train Epoch: [18/30] Iters:[1150/1875] loss 0.1267, rec_loss 0.0022, p_loss 0.0674, utilization 0.4579, perplexity 19130.9485,
Train Epoch: [18/30] Iters:[1160/1875] loss 0.1268, rec_loss 0.0023, p_loss 0.0672, utilization 0.4575, perplexity 19084.9368,
Train Epoch: [18/30] Iters:[1170/1875] loss 0.1259, rec_loss 0.0022, p_loss 0.0667, utilization 0.4560, perplexity 18991.0230,
Train Epoch: [18/30] Iters:[1180/1875] loss 0.1251, rec_loss 0.0021, p_loss 0.0661, utilization 0.4562, perplexity 19037.4700,
Train Epoch: [18/30] Iters:[1190/1875] loss 0.1243, rec_loss 0.0021, p_loss 0.0659, utilization 0.4552, perplexity 18990.5591,
Train Epoch: [18/30] Iters:[1200/1875] loss 0.1251, rec_loss 0.0022, p_loss 0.0663, utilization 0.4566, perplexity 19086.1177,
Train Epoch: [18/30] Iters:[1210/1875] loss 0.1248, rec_loss 0.0021, p_loss 0.0663, utilization 0.4584, perplexity 19275.0374,
Train Epoch: [18/30] Iters:[1220/1875] loss 0.1254, rec_loss 0.0021, p_loss 0.0664, utilization 0.4597, perplexity 19412.6017,
Train Epoch: [18/30] Iters:[1230/1875] loss 0.1256, rec_loss 0.0021, p_loss 0.0667, utilization 0.4592, perplexity 19399.4376,
Train Epoch: [18/30] Iters:[1240/1875] loss 0.1261, rec_loss 0.0021, p_loss 0.0670, utilization 0.4578, perplexity 19215.6349,
Train Epoch: [18/30] Iters:[1250/1875] loss 0.1255, rec_loss 0.0021, p_loss 0.0664, utilization 0.4582, perplexity 19323.3351,
Train Epoch: [18/30] Iters:[1260/1875] loss 0.1252, rec_loss 0.0021, p_loss 0.0661, utilization 0.4577, perplexity 19236.2910,
Train Epoch: [18/30] Iters:[1270/1875] loss 0.1240, rec_loss 0.0021, p_loss 0.0657, utilization 0.4570, perplexity 19235.4250,
Train Epoch: [18/30] Iters:[1280/1875] loss 0.1241, rec_loss 0.0021, p_loss 0.0658, utilization 0.4575, perplexity 19312.1807,
Train Epoch: [18/30] Iters:[1290/1875] loss 0.1242, rec_loss 0.0021, p_loss 0.0658, utilization 0.4579, perplexity 19290.1591,
Train Epoch: [18/30] Iters:[1300/1875] loss 0.1256, rec_loss 0.0022, p_loss 0.0670, utilization 0.4565, perplexity 18994.6297,
Train Epoch: [18/30] Iters:[1310/1875] loss 0.1256, rec_loss 0.0023, p_loss 0.0673, utilization 0.4548, perplexity 18845.2938,
Train Epoch: [18/30] Iters:[1320/1875] loss 0.1261, rec_loss 0.0023, p_loss 0.0673, utilization 0.4546, perplexity 18760.7694,
Train Epoch: [18/30] Iters:[1330/1875] loss 0.1264, rec_loss 0.0022, p_loss 0.0674, utilization 0.4541, perplexity 18678.1273,
Train Epoch: [18/30] Iters:[1340/1875] loss 0.1262, rec_loss 0.0022, p_loss 0.0673, utilization 0.4540, perplexity 18662.5341,
Train Epoch: [18/30] Iters:[1350/1875] loss 0.1251, rec_loss 0.0021, p_loss 0.0666, utilization 0.4538, perplexity 18795.8232,
Train Epoch: [18/30] Iters:[1360/1875] loss 0.1250, rec_loss 0.0020, p_loss 0.0663, utilization 0.4554, perplexity 18927.3678,
Train Epoch: [18/30] Iters:[1370/1875] loss 0.1259, rec_loss 0.0021, p_loss 0.0669, utilization 0.4551, perplexity 18885.4968,
Train Epoch: [18/30] Iters:[1380/1875] loss 0.1262, rec_loss 0.0021, p_loss 0.0671, utilization 0.4556, perplexity 18884.7888,
Train Epoch: [18/30] Iters:[1390/1875] loss 0.1271, rec_loss 0.0022, p_loss 0.0677, utilization 0.4563, perplexity 18908.0661,
Train Epoch: [18/30] Iters:[1400/1875] loss 0.1268, rec_loss 0.0022, p_loss 0.0672, utilization 0.4569, perplexity 18881.4463,
Train Epoch: [18/30] Iters:[1410/1875] loss 0.1275, rec_loss 0.0023, p_loss 0.0677, utilization 0.4573, perplexity 18964.0820,
Train Epoch: [18/30] Iters:[1420/1875] loss 0.1264, rec_loss 0.0022, p_loss 0.0671, utilization 0.4576, perplexity 19022.4596,
Train Epoch: [18/30] Iters:[1430/1875] loss 0.1256, rec_loss 0.0021, p_loss 0.0666, utilization 0.4581, perplexity 19245.7943,
Train Epoch: [18/30] Iters:[1440/1875] loss 0.1248, rec_loss 0.0020, p_loss 0.0660, utilization 0.4576, perplexity 19305.7366,
Train Epoch: [18/30] Iters:[1450/1875] loss 0.1250, rec_loss 0.0020, p_loss 0.0663, utilization 0.4580, perplexity 19410.1990,
Train Epoch: [18/30] Iters:[1460/1875] loss 0.1262, rec_loss 0.0020, p_loss 0.0674, utilization 0.4577, perplexity 19374.7444,
Train Epoch: [18/30] Iters:[1470/1875] loss 0.1261, rec_loss 0.0021, p_loss 0.0670, utilization 0.4586, perplexity 19520.0989,
Train Epoch: [18/30] Iters:[1480/1875] loss 0.1262, rec_loss 0.0021, p_loss 0.0670, utilization 0.4599, perplexity 19549.1386,
Train Epoch: [18/30] Iters:[1490/1875] loss 0.1259, rec_loss 0.0021, p_loss 0.0668, utilization 0.4597, perplexity 19457.9337,
Train Epoch: [18/30] Iters:[1500/1875] loss 0.1265, rec_loss 0.0022, p_loss 0.0672, utilization 0.4587, perplexity 19373.7904,
Train Epoch: [18/30] Iters:[1510/1875] loss 0.1247, rec_loss 0.0021, p_loss 0.0658, utilization 0.4586, perplexity 19329.2261,
Train Epoch: [18/30] Iters:[1520/1875] loss 0.1249, rec_loss 0.0021, p_loss 0.0660, utilization 0.4578, perplexity 19144.9225,
Train Epoch: [18/30] Iters:[1530/1875] loss 0.1251, rec_loss 0.0021, p_loss 0.0663, utilization 0.4559, perplexity 18935.4130,
Train Epoch: [18/30] Iters:[1540/1875] loss 0.1258, rec_loss 0.0022, p_loss 0.0667, utilization 0.4555, perplexity 18907.1078,
Train Epoch: [18/30] Iters:[1550/1875] loss 0.1250, rec_loss 0.0021, p_loss 0.0661, utilization 0.4569, perplexity 19102.2308,
Train Epoch: [18/30] Iters:[1560/1875] loss 0.1256, rec_loss 0.0021, p_loss 0.0666, utilization 0.4568, perplexity 19046.6396,
Train Epoch: [18/30] Iters:[1570/1875] loss 0.1267, rec_loss 0.0021, p_loss 0.0673, utilization 0.4578, perplexity 19082.4100,
Train Epoch: [18/30] Iters:[1580/1875] loss 0.1262, rec_loss 0.0022, p_loss 0.0671, utilization 0.4570, perplexity 19018.7021,
Train Epoch: [18/30] Iters:[1590/1875] loss 0.1251, rec_loss 0.0021, p_loss 0.0664, utilization 0.4578, perplexity 19115.3132,
Train Epoch: [18/30] Iters:[1600/1875] loss 0.1245, rec_loss 0.0021, p_loss 0.0661, utilization 0.4576, perplexity 19024.4006,
Train Epoch: [18/30] Iters:[1610/1875] loss 0.1245, rec_loss 0.0022, p_loss 0.0660, utilization 0.4592, perplexity 19212.0714,
Train Epoch: [18/30] Iters:[1620/1875] loss 0.1238, rec_loss 0.0022, p_loss 0.0656, utilization 0.4581, perplexity 19182.1108,
Train Epoch: [18/30] Iters:[1630/1875] loss 0.1235, rec_loss 0.0022, p_loss 0.0654, utilization 0.4589, perplexity 19285.2948,
Train Epoch: [18/30] Iters:[1640/1875] loss 0.1241, rec_loss 0.0022, p_loss 0.0658, utilization 0.4589, perplexity 19284.0388,
Train Epoch: [18/30] Iters:[1650/1875] loss 0.1259, rec_loss 0.0022, p_loss 0.0668, utilization 0.4587, perplexity 19208.1203,
Train Epoch: [18/30] Iters:[1660/1875] loss 0.1256, rec_loss 0.0021, p_loss 0.0665, utilization 0.4580, perplexity 19183.8217,
Train Epoch: [18/30] Iters:[1670/1875] loss 0.1249, rec_loss 0.0021, p_loss 0.0659, utilization 0.4588, perplexity 19294.8052,
Train Epoch: [18/30] Iters:[1680/1875] loss 0.1262, rec_loss 0.0021, p_loss 0.0667, utilization 0.4601, perplexity 19465.9127,
Train Epoch: [18/30] Iters:[1690/1875] loss 0.1261, rec_loss 0.0021, p_loss 0.0665, utilization 0.4599, perplexity 19385.3162,
Train Epoch: [18/30] Iters:[1700/1875] loss 0.1251, rec_loss 0.0022, p_loss 0.0662, utilization 0.4583, perplexity 19211.8762,
Train Epoch: [18/30] Iters:[1710/1875] loss 0.1256, rec_loss 0.0022, p_loss 0.0666, utilization 0.4588, perplexity 19273.3813,
Train Epoch: [18/30] Iters:[1720/1875] loss 0.1261, rec_loss 0.0022, p_loss 0.0670, utilization 0.4578, perplexity 19128.2957,
Train Epoch: [18/30] Iters:[1730/1875] loss 0.1256, rec_loss 0.0022, p_loss 0.0668, utilization 0.4576, perplexity 19098.8582,
Train Epoch: [18/30] Iters:[1740/1875] loss 0.1268, rec_loss 0.0022, p_loss 0.0675, utilization 0.4591, perplexity 19283.4914,
Train Epoch: [18/30] Iters:[1750/1875] loss 0.1270, rec_loss 0.0022, p_loss 0.0676, utilization 0.4591, perplexity 19379.0734,
Train Epoch: [18/30] Iters:[1760/1875] loss 0.1264, rec_loss 0.0021, p_loss 0.0673, utilization 0.4592, perplexity 19341.0362,
Train Epoch: [18/30] Iters:[1770/1875] loss 0.1269, rec_loss 0.0021, p_loss 0.0677, utilization 0.4603, perplexity 19571.1939,
Train Epoch: [18/30] Iters:[1780/1875] loss 0.1262, rec_loss 0.0022, p_loss 0.0672, utilization 0.4575, perplexity 19171.2036,
Train Epoch: [18/30] Iters:[1790/1875] loss 0.1249, rec_loss 0.0021, p_loss 0.0663, utilization 0.4571, perplexity 19190.2004,
Train Epoch: [18/30] Iters:[1800/1875] loss 0.1250, rec_loss 0.0021, p_loss 0.0661, utilization 0.4591, perplexity 19359.1371,
Train Epoch: [18/30] Iters:[1810/1875] loss 0.1244, rec_loss 0.0021, p_loss 0.0659, utilization 0.4578, perplexity 19261.8388,
Train Epoch: [18/30] Iters:[1820/1875] loss 0.1236, rec_loss 0.0021, p_loss 0.0654, utilization 0.4568, perplexity 19124.3726,
Train Epoch: [18/30] Iters:[1830/1875] loss 0.1237, rec_loss 0.0021, p_loss 0.0654, utilization 0.4587, perplexity 19417.2452,
Train Epoch: [18/30] Iters:[1840/1875] loss 0.1227, rec_loss 0.0021, p_loss 0.0650, utilization 0.4575, perplexity 19247.3764,
Train Epoch: [18/30] Iters:[1850/1875] loss 0.1235, rec_loss 0.0021, p_loss 0.0657, utilization 0.4566, perplexity 19175.1461,
Train Epoch: [18/30] Iters:[1860/1875] loss 0.1243, rec_loss 0.0021, p_loss 0.0663, utilization 0.4564, perplexity 19103.5441,
Train Epoch: [18/30] Iters:[1870/1875] loss 0.1246, rec_loss 0.0021, p_loss 0.0665, utilization 0.4558, perplexity 18966.3141,
epoch:19, cur_lr:0.000046
Train Epoch: [19/30] Iters:[10/1875] loss 0.1256, rec_loss 0.0020, p_loss 0.0661, utilization 0.4576, perplexity 19220.4346,
Train Epoch: [19/30] Iters:[20/1875] loss 0.1276, rec_loss 0.0022, p_loss 0.0671, utilization 0.4602, perplexity 19588.7332,
Train Epoch: [19/30] Iters:[30/1875] loss 0.1270, rec_loss 0.0022, p_loss 0.0673, utilization 0.4577, perplexity 19225.4628,
Train Epoch: [19/30] Iters:[40/1875] loss 0.1266, rec_loss 0.0022, p_loss 0.0672, utilization 0.4561, perplexity 19011.7516,
Train Epoch: [19/30] Iters:[50/1875] loss 0.1260, rec_loss 0.0022, p_loss 0.0669, utilization 0.4565, perplexity 18977.2245,
Train Epoch: [19/30] Iters:[60/1875] loss 0.1253, rec_loss 0.0022, p_loss 0.0666, utilization 0.4544, perplexity 18785.5645,
Train Epoch: [19/30] Iters:[70/1875] loss 0.1248, rec_loss 0.0021, p_loss 0.0665, utilization 0.4549, perplexity 18709.9486,
Train Epoch: [19/30] Iters:[80/1875] loss 0.1243, rec_loss 0.0021, p_loss 0.0661, utilization 0.4555, perplexity 18725.4288,
Train Epoch: [19/30] Iters:[90/1875] loss 0.1236, rec_loss 0.0021, p_loss 0.0654, utilization 0.4557, perplexity 18694.4556,
Train Epoch: [19/30] Iters:[100/1875] loss 0.1238, rec_loss 0.0021, p_loss 0.0655, utilization 0.4541, perplexity 18598.9791,
Train Epoch: [19/30] Iters:[110/1875] loss 0.1246, rec_loss 0.0021, p_loss 0.0660, utilization 0.4563, perplexity 18760.9718,
Train Epoch: [19/30] Iters:[120/1875] loss 0.1244, rec_loss 0.0021, p_loss 0.0660, utilization 0.4539, perplexity 18572.8615,
Train Epoch: [19/30] Iters:[130/1875] loss 0.1246, rec_loss 0.0021, p_loss 0.0661, utilization 0.4551, perplexity 18778.8232,
Train Epoch: [19/30] Iters:[140/1875] loss 0.1249, rec_loss 0.0021, p_loss 0.0662, utilization 0.4561, perplexity 18967.0999,
Train Epoch: [19/30] Iters:[150/1875] loss 0.1246, rec_loss 0.0021, p_loss 0.0659, utilization 0.4580, perplexity 19185.6804,
Train Epoch: [19/30] Iters:[160/1875] loss 0.1244, rec_loss 0.0021, p_loss 0.0657, utilization 0.4596, perplexity 19450.6112,
Train Epoch: [19/30] Iters:[170/1875] loss 0.1238, rec_loss 0.0021, p_loss 0.0655, utilization 0.4602, perplexity 19641.5522,
Train Epoch: [19/30] Iters:[180/1875] loss 0.1235, rec_loss 0.0021, p_loss 0.0653, utilization 0.4579, perplexity 19390.6382,
Train Epoch: [19/30] Iters:[190/1875] loss 0.1234, rec_loss 0.0022, p_loss 0.0652, utilization 0.4568, perplexity 19326.2310,
Train Epoch: [19/30] Iters:[200/1875] loss 0.1234, rec_loss 0.0022, p_loss 0.0653, utilization 0.4561, perplexity 19216.4936,
Train Epoch: [19/30] Iters:[210/1875] loss 0.1239, rec_loss 0.0022, p_loss 0.0655, utilization 0.4553, perplexity 18958.5662,
Train Epoch: [19/30] Iters:[220/1875] loss 0.1237, rec_loss 0.0022, p_loss 0.0653, utilization 0.4554, perplexity 18838.7993,
Train Epoch: [19/30] Iters:[230/1875] loss 0.1237, rec_loss 0.0022, p_loss 0.0652, utilization 0.4564, perplexity 18966.1295,
Train Epoch: [19/30] Iters:[240/1875] loss 0.1239, rec_loss 0.0022, p_loss 0.0653, utilization 0.4585, perplexity 19194.1114,
Train Epoch: [19/30] Iters:[250/1875] loss 0.1235, rec_loss 0.0021, p_loss 0.0653, utilization 0.4580, perplexity 19248.8821,
Train Epoch: [19/30] Iters:[260/1875] loss 0.1230, rec_loss 0.0020, p_loss 0.0650, utilization 0.4588, perplexity 19421.9503,
Train Epoch: [19/30] Iters:[270/1875] loss 0.1238, rec_loss 0.0021, p_loss 0.0653, utilization 0.4584, perplexity 19379.2468,
Train Epoch: [19/30] Iters:[280/1875] loss 0.1238, rec_loss 0.0020, p_loss 0.0655, utilization 0.4572, perplexity 19199.9330,
Train Epoch: [19/30] Iters:[290/1875] loss 0.1234, rec_loss 0.0020, p_loss 0.0653, utilization 0.4567, perplexity 19062.3227,
Train Epoch: [19/30] Iters:[300/1875] loss 0.1237, rec_loss 0.0020, p_loss 0.0655, utilization 0.4567, perplexity 18968.8638,
Train Epoch: [19/30] Iters:[310/1875] loss 0.1230, rec_loss 0.0020, p_loss 0.0651, utilization 0.4549, perplexity 18883.3210,
Train Epoch: [19/30] Iters:[320/1875] loss 0.1223, rec_loss 0.0020, p_loss 0.0647, utilization 0.4546, perplexity 18853.2863,
Train Epoch: [19/30] Iters:[330/1875] loss 0.1223, rec_loss 0.0020, p_loss 0.0646, utilization 0.4562, perplexity 19125.7352,
Train Epoch: [19/30] Iters:[340/1875] loss 0.1215, rec_loss 0.0019, p_loss 0.0644, utilization 0.4559, perplexity 19172.9518,
Train Epoch: [19/30] Iters:[350/1875] loss 0.1230, rec_loss 0.0020, p_loss 0.0647, utilization 0.4576, perplexity 19363.7824,
Train Epoch: [19/30] Iters:[360/1875] loss 0.1243, rec_loss 0.0021, p_loss 0.0655, utilization 0.4584, perplexity 19346.4745,
Train Epoch: [19/30] Iters:[370/1875] loss 0.1249, rec_loss 0.0021, p_loss 0.0657, utilization 0.4597, perplexity 19518.1795,
Train Epoch: [19/30] Iters:[380/1875] loss 0.1253, rec_loss 0.0022, p_loss 0.0663, utilization 0.4583, perplexity 19314.3107,
Train Epoch: [19/30] Iters:[390/1875] loss 0.1266, rec_loss 0.0022, p_loss 0.0670, utilization 0.4595, perplexity 19462.8907,
Train Epoch: [19/30] Iters:[400/1875] loss 0.1257, rec_loss 0.0022, p_loss 0.0669, utilization 0.4581, perplexity 19410.8192,
Train Epoch: [19/30] Iters:[410/1875] loss 0.1247, rec_loss 0.0021, p_loss 0.0663, utilization 0.4572, perplexity 19343.0895,
Train Epoch: [19/30] Iters:[420/1875] loss 0.1245, rec_loss 0.0021, p_loss 0.0663, utilization 0.4573, perplexity 19325.4813,
Train Epoch: [19/30] Iters:[430/1875] loss 0.1249, rec_loss 0.0021, p_loss 0.0662, utilization 0.4600, perplexity 19620.6263,
Train Epoch: [19/30] Iters:[440/1875] loss 0.1262, rec_loss 0.0021, p_loss 0.0672, utilization 0.4589, perplexity 19262.1071,
Train Epoch: [19/30] Iters:[450/1875] loss 0.1260, rec_loss 0.0021, p_loss 0.0672, utilization 0.4602, perplexity 19303.7574,
Train Epoch: [19/30] Iters:[460/1875] loss 0.1264, rec_loss 0.0022, p_loss 0.0673, utilization 0.4607, perplexity 19307.8636,
Train Epoch: [19/30] Iters:[470/1875] loss 0.1264, rec_loss 0.0022, p_loss 0.0674, utilization 0.4596, perplexity 19200.6731,
Train Epoch: [19/30] Iters:[480/1875] loss 0.1261, rec_loss 0.0022, p_loss 0.0673, utilization 0.4587, perplexity 18977.8637,
Train Epoch: [19/30] Iters:[490/1875] loss 0.1250, rec_loss 0.0021, p_loss 0.0663, utilization 0.4588, perplexity 19120.4147,
Train Epoch: [19/30] Iters:[500/1875] loss 0.1247, rec_loss 0.0021, p_loss 0.0662, utilization 0.4581, perplexity 19013.9895,
Train Epoch: [19/30] Iters:[510/1875] loss 0.1251, rec_loss 0.0021, p_loss 0.0664, utilization 0.4576, perplexity 19051.2907,
Train Epoch: [19/30] Iters:[520/1875] loss 0.1258, rec_loss 0.0022, p_loss 0.0667, utilization 0.4589, perplexity 19212.3019,
Train Epoch: [19/30] Iters:[530/1875] loss 0.1254, rec_loss 0.0022, p_loss 0.0664, utilization 0.4583, perplexity 19305.9902,
Train Epoch: [19/30] Iters:[540/1875] loss 0.1270, rec_loss 0.0023, p_loss 0.0674, utilization 0.4595, perplexity 19465.7727,
Train Epoch: [19/30] Iters:[550/1875] loss 0.1269, rec_loss 0.0022, p_loss 0.0672, utilization 0.4585, perplexity 19427.2602,
Train Epoch: [19/30] Iters:[560/1875] loss 0.1265, rec_loss 0.0022, p_loss 0.0669, utilization 0.4593, perplexity 19426.5330,
Train Epoch: [19/30] Iters:[570/1875] loss 0.1250, rec_loss 0.0022, p_loss 0.0662, utilization 0.4567, perplexity 19135.7780,
Train Epoch: [19/30] Iters:[580/1875] loss 0.1259, rec_loss 0.0021, p_loss 0.0669, utilization 0.4574, perplexity 19211.1295,
Train Epoch: [19/30] Iters:[590/1875] loss 0.1235, rec_loss 0.0020, p_loss 0.0656, utilization 0.4535, perplexity 18853.1997,
Train Epoch: [19/30] Iters:[600/1875] loss 0.1247, rec_loss 0.0021, p_loss 0.0664, utilization 0.4542, perplexity 18866.3927,
Train Epoch: [19/30] Iters:[610/1875] loss 0.1244, rec_loss 0.0021, p_loss 0.0664, utilization 0.4534, perplexity 18754.8041,
Train Epoch: [19/30] Iters:[620/1875] loss 0.1257, rec_loss 0.0021, p_loss 0.0670, utilization 0.4543, perplexity 18854.1144,
Train Epoch: [19/30] Iters:[630/1875] loss 0.1249, rec_loss 0.0021, p_loss 0.0662, utilization 0.4532, perplexity 18711.9841,
Train Epoch: [19/30] Iters:[640/1875] loss 0.1256, rec_loss 0.0022, p_loss 0.0665, utilization 0.4576, perplexity 19186.5589,
Train Epoch: [19/30] Iters:[650/1875] loss 0.1240, rec_loss 0.0021, p_loss 0.0652, utilization 0.4565, perplexity 19129.2355,
Train Epoch: [19/30] Iters:[660/1875] loss 0.1235, rec_loss 0.0021, p_loss 0.0648, utilization 0.4578, perplexity 19386.9874,
Train Epoch: [19/30] Iters:[670/1875] loss 0.1234, rec_loss 0.0021, p_loss 0.0648, utilization 0.4586, perplexity 19476.3975,
Train Epoch: [19/30] Iters:[680/1875] loss 0.1242, rec_loss 0.0021, p_loss 0.0658, utilization 0.4586, perplexity 19410.7380,
Train Epoch: [19/30] Iters:[690/1875] loss 0.1245, rec_loss 0.0021, p_loss 0.0660, utilization 0.4565, perplexity 19033.7647,
Train Epoch: [19/30] Iters:[700/1875] loss 0.1259, rec_loss 0.0022, p_loss 0.0671, utilization 0.4576, perplexity 19030.0375,
Train Epoch: [19/30] Iters:[710/1875] loss 0.1275, rec_loss 0.0022, p_loss 0.0682, utilization 0.4573, perplexity 18904.9967,
Train Epoch: [19/30] Iters:[720/1875] loss 0.1270, rec_loss 0.0022, p_loss 0.0679, utilization 0.4574, perplexity 18913.4190,
Train Epoch: [19/30] Iters:[730/1875] loss 0.1258, rec_loss 0.0022, p_loss 0.0671, utilization 0.4572, perplexity 18953.0284,
Train Epoch: [19/30] Iters:[740/1875] loss 0.1245, rec_loss 0.0021, p_loss 0.0661, utilization 0.4570, perplexity 19042.0863,
Train Epoch: [19/30] Iters:[750/1875] loss 0.1246, rec_loss 0.0021, p_loss 0.0660, utilization 0.4579, perplexity 19151.7305,
Train Epoch: [19/30] Iters:[760/1875] loss 0.1234, rec_loss 0.0021, p_loss 0.0651, utilization 0.4566, perplexity 19092.9898,
Train Epoch: [19/30] Iters:[770/1875] loss 0.1241, rec_loss 0.0020, p_loss 0.0655, utilization 0.4561, perplexity 19056.3229,
Train Epoch: [19/30] Iters:[780/1875] loss 0.1238, rec_loss 0.0020, p_loss 0.0651, utilization 0.4558, perplexity 18905.0416,
Train Epoch: [19/30] Iters:[790/1875] loss 0.1249, rec_loss 0.0020, p_loss 0.0662, utilization 0.4564, perplexity 18972.5037,
Train Epoch: [19/30] Iters:[800/1875] loss 0.1248, rec_loss 0.0021, p_loss 0.0660, utilization 0.4571, perplexity 19154.1207,
Train Epoch: [19/30] Iters:[810/1875] loss 0.1243, rec_loss 0.0021, p_loss 0.0659, utilization 0.4564, perplexity 19057.6363,
Train Epoch: [19/30] Iters:[820/1875] loss 0.1241, rec_loss 0.0021, p_loss 0.0655, utilization 0.4574, perplexity 19095.3904,
Train Epoch: [19/30] Iters:[830/1875] loss 0.1249, rec_loss 0.0021, p_loss 0.0662, utilization 0.4578, perplexity 19193.9585,
Train Epoch: [19/30] Iters:[840/1875] loss 0.1249, rec_loss 0.0022, p_loss 0.0659, utilization 0.4578, perplexity 19160.2212,
Train Epoch: [19/30] Iters:[850/1875] loss 0.1241, rec_loss 0.0021, p_loss 0.0656, utilization 0.4557, perplexity 18963.4297,
Train Epoch: [19/30] Iters:[860/1875] loss 0.1254, rec_loss 0.0021, p_loss 0.0664, utilization 0.4575, perplexity 19096.2628,
Train Epoch: [19/30] Iters:[870/1875] loss 0.1243, rec_loss 0.0021, p_loss 0.0659, utilization 0.4567, perplexity 19166.1082,
Train Epoch: [19/30] Iters:[880/1875] loss 0.1248, rec_loss 0.0021, p_loss 0.0661, utilization 0.4574, perplexity 19271.7760,
Train Epoch: [19/30] Iters:[890/1875] loss 0.1242, rec_loss 0.0021, p_loss 0.0659, utilization 0.4563, perplexity 19140.7026,
Train Epoch: [19/30] Iters:[900/1875] loss 0.1245, rec_loss 0.0021, p_loss 0.0662, utilization 0.4559, perplexity 19133.0715,
Train Epoch: [19/30] Iters:[910/1875] loss 0.1247, rec_loss 0.0022, p_loss 0.0663, utilization 0.4549, perplexity 19049.5369,
Train Epoch: [19/30] Iters:[920/1875] loss 0.1252, rec_loss 0.0022, p_loss 0.0663, utilization 0.4555, perplexity 19053.9817,
Train Epoch: [19/30] Iters:[930/1875] loss 0.1247, rec_loss 0.0022, p_loss 0.0658, utilization 0.4556, perplexity 19083.8581,
Train Epoch: [19/30] Iters:[940/1875] loss 0.1245, rec_loss 0.0021, p_loss 0.0656, utilization 0.4551, perplexity 18962.7311,
Train Epoch: [19/30] Iters:[950/1875] loss 0.1251, rec_loss 0.0022, p_loss 0.0658, utilization 0.4563, perplexity 18899.6297,
Train Epoch: [19/30] Iters:[960/1875] loss 0.1229, rec_loss 0.0020, p_loss 0.0645, utilization 0.4560, perplexity 18857.0619,
Train Epoch: [19/30] Iters:[970/1875] loss 0.1220, rec_loss 0.0020, p_loss 0.0643, utilization 0.4539, perplexity 18560.0743,
Train Epoch: [19/30] Iters:[980/1875] loss 0.1219, rec_loss 0.0020, p_loss 0.0645, utilization 0.4526, perplexity 18346.2995,
Train Epoch: [19/30] Iters:[990/1875] loss 0.1233, rec_loss 0.0021, p_loss 0.0657, utilization 0.4538, perplexity 18561.5511,
Train Epoch: [19/30] Iters:[1000/1875] loss 0.1223, rec_loss 0.0021, p_loss 0.0652, utilization 0.4534, perplexity 18558.1739,
Train Epoch: [19/30] Iters:[1010/1875] loss 0.1233, rec_loss 0.0021, p_loss 0.0656, utilization 0.4542, perplexity 18617.1283,
Train Epoch: [19/30] Iters:[1020/1875] loss 0.1253, rec_loss 0.0022, p_loss 0.0666, utilization 0.4565, perplexity 18931.6472,
Train Epoch: [19/30] Iters:[1030/1875] loss 0.1250, rec_loss 0.0022, p_loss 0.0664, utilization 0.4564, perplexity 19065.1345,
Train Epoch: [19/30] Iters:[1040/1875] loss 0.1245, rec_loss 0.0022, p_loss 0.0659, utilization 0.4567, perplexity 19154.7097,
Train Epoch: [19/30] Iters:[1050/1875] loss 0.1257, rec_loss 0.0022, p_loss 0.0666, utilization 0.4573, perplexity 19205.1311,
Train Epoch: [19/30] Iters:[1060/1875] loss 0.1273, rec_loss 0.0022, p_loss 0.0676, utilization 0.4584, perplexity 19385.9863,
Train Epoch: [19/30] Iters:[1070/1875] loss 0.1262, rec_loss 0.0022, p_loss 0.0669, utilization 0.4571, perplexity 19287.2985,
Train Epoch: [19/30] Iters:[1080/1875] loss 0.1277, rec_loss 0.0022, p_loss 0.0675, utilization 0.4603, perplexity 19487.2507,
Train Epoch: [19/30] Iters:[1090/1875] loss 0.1269, rec_loss 0.0022, p_loss 0.0671, utilization 0.4598, perplexity 19369.7613,
Train Epoch: [19/30] Iters:[1100/1875] loss 0.1262, rec_loss 0.0022, p_loss 0.0667, utilization 0.4603, perplexity 19503.5774,
Train Epoch: [19/30] Iters:[1110/1875] loss 0.1242, rec_loss 0.0021, p_loss 0.0657, utilization 0.4582, perplexity 19352.8833,
Train Epoch: [19/30] Iters:[1120/1875] loss 0.1237, rec_loss 0.0021, p_loss 0.0653, utilization 0.4589, perplexity 19311.4252,
Train Epoch: [19/30] Iters:[1130/1875] loss 0.1226, rec_loss 0.0021, p_loss 0.0649, utilization 0.4565, perplexity 19115.4223,
Train Epoch: [19/30] Iters:[1140/1875] loss 0.1214, rec_loss 0.0020, p_loss 0.0641, utilization 0.4556, perplexity 19080.6413,
Train Epoch: [19/30] Iters:[1150/1875] loss 0.1220, rec_loss 0.0020, p_loss 0.0645, utilization 0.4554, perplexity 18981.9666,
Train Epoch: [19/30] Iters:[1160/1875] loss 0.1218, rec_loss 0.0020, p_loss 0.0643, utilization 0.4556, perplexity 18959.2191,
Train Epoch: [19/30] Iters:[1170/1875] loss 0.1230, rec_loss 0.0021, p_loss 0.0650, utilization 0.4560, perplexity 19074.4436,
Train Epoch: [19/30] Iters:[1180/1875] loss 0.1226, rec_loss 0.0020, p_loss 0.0647, utilization 0.4559, perplexity 19133.4746,
Train Epoch: [19/30] Iters:[1190/1875] loss 0.1243, rec_loss 0.0021, p_loss 0.0655, utilization 0.4576, perplexity 19166.5164,
Train Epoch: [19/30] Iters:[1200/1875] loss 0.1229, rec_loss 0.0021, p_loss 0.0646, utilization 0.4560, perplexity 19049.4458,
Train Epoch: [19/30] Iters:[1210/1875] loss 0.1236, rec_loss 0.0021, p_loss 0.0652, utilization 0.4552, perplexity 18938.1101,
Train Epoch: [19/30] Iters:[1220/1875] loss 0.1234, rec_loss 0.0021, p_loss 0.0652, utilization 0.4544, perplexity 18800.5539,
Train Epoch: [19/30] Iters:[1230/1875] loss 0.1240, rec_loss 0.0021, p_loss 0.0654, utilization 0.4550, perplexity 18771.0780,
Train Epoch: [19/30] Iters:[1240/1875] loss 0.1233, rec_loss 0.0020, p_loss 0.0653, utilization 0.4539, perplexity 18715.4665,
Train Epoch: [19/30] Iters:[1250/1875] loss 0.1234, rec_loss 0.0020, p_loss 0.0652, utilization 0.4551, perplexity 18860.9850,
Train Epoch: [19/30] Iters:[1260/1875] loss 0.1236, rec_loss 0.0020, p_loss 0.0652, utilization 0.4556, perplexity 18907.4652,
Train Epoch: [19/30] Iters:[1270/1875] loss 0.1240, rec_loss 0.0021, p_loss 0.0652, utilization 0.4573, perplexity 19142.8706,
Train Epoch: [19/30] Iters:[1280/1875] loss 0.1239, rec_loss 0.0021, p_loss 0.0652, utilization 0.4575, perplexity 19138.1917,
Train Epoch: [19/30] Iters:[1290/1875] loss 0.1248, rec_loss 0.0022, p_loss 0.0656, utilization 0.4591, perplexity 19325.6143,
Train Epoch: [19/30] Iters:[1300/1875] loss 0.1255, rec_loss 0.0022, p_loss 0.0660, utilization 0.4597, perplexity 19423.3452,
Train Epoch: [19/30] Iters:[1310/1875] loss 0.1260, rec_loss 0.0022, p_loss 0.0666, utilization 0.4595, perplexity 19354.0560,
Train Epoch: [19/30] Iters:[1320/1875] loss 0.1250, rec_loss 0.0021, p_loss 0.0660, utilization 0.4591, perplexity 19322.6895,
Train Epoch: [19/30] Iters:[1330/1875] loss 0.1232, rec_loss 0.0021, p_loss 0.0651, utilization 0.4570, perplexity 19181.9935,
Train Epoch: [19/30] Iters:[1340/1875] loss 0.1233, rec_loss 0.0021, p_loss 0.0653, utilization 0.4558, perplexity 19032.3511,
Train Epoch: [19/30] Iters:[1350/1875] loss 0.1237, rec_loss 0.0021, p_loss 0.0656, utilization 0.4553, perplexity 18981.6971,
Train Epoch: [19/30] Iters:[1360/1875] loss 0.1234, rec_loss 0.0021, p_loss 0.0654, utilization 0.4556, perplexity 19018.6664,
Train Epoch: [19/30] Iters:[1370/1875] loss 0.1244, rec_loss 0.0021, p_loss 0.0660, utilization 0.4546, perplexity 18816.1874,
Train Epoch: [19/30] Iters:[1380/1875] loss 0.1263, rec_loss 0.0022, p_loss 0.0670, utilization 0.4551, perplexity 18835.6707,
Train Epoch: [19/30] Iters:[1390/1875] loss 0.1257, rec_loss 0.0022, p_loss 0.0667, utilization 0.4556, perplexity 18883.8139,
Train Epoch: [19/30] Iters:[1400/1875] loss 0.1255, rec_loss 0.0022, p_loss 0.0665, utilization 0.4551, perplexity 18669.6302,
Train Epoch: [19/30] Iters:[1410/1875] loss 0.1251, rec_loss 0.0022, p_loss 0.0660, utilization 0.4581, perplexity 19035.4543,
Train Epoch: [19/30] Iters:[1420/1875] loss 0.1251, rec_loss 0.0022, p_loss 0.0659, utilization 0.4582, perplexity 19115.9954,
Train Epoch: [19/30] Iters:[1430/1875] loss 0.1246, rec_loss 0.0021, p_loss 0.0654, utilization 0.4601, perplexity 19325.8029,
Train Epoch: [19/30] Iters:[1440/1875] loss 0.1250, rec_loss 0.0022, p_loss 0.0655, utilization 0.4599, perplexity 19310.8086,
Train Epoch: [19/30] Iters:[1450/1875] loss 0.1250, rec_loss 0.0022, p_loss 0.0657, utilization 0.4593, perplexity 19320.5209,
Train Epoch: [19/30] Iters:[1460/1875] loss 0.1252, rec_loss 0.0022, p_loss 0.0658, utilization 0.4588, perplexity 19296.2601,
Train Epoch: [19/30] Iters:[1470/1875] loss 0.1241, rec_loss 0.0021, p_loss 0.0654, utilization 0.4580, perplexity 19090.5187,
Train Epoch: [19/30] Iters:[1480/1875] loss 0.1246, rec_loss 0.0021, p_loss 0.0656, utilization 0.4584, perplexity 19192.9065,
Train Epoch: [19/30] Iters:[1490/1875] loss 0.1244, rec_loss 0.0021, p_loss 0.0656, utilization 0.4576, perplexity 19177.4918,
Train Epoch: [19/30] Iters:[1500/1875] loss 0.1241, rec_loss 0.0021, p_loss 0.0652, utilization 0.4590, perplexity 19240.2197,
Train Epoch: [19/30] Iters:[1510/1875] loss 0.1247, rec_loss 0.0021, p_loss 0.0656, utilization 0.4583, perplexity 19061.9363,
Train Epoch: [19/30] Iters:[1520/1875] loss 0.1248, rec_loss 0.0022, p_loss 0.0656, utilization 0.4585, perplexity 19156.6812,
Train Epoch: [19/30] Iters:[1530/1875] loss 0.1249, rec_loss 0.0022, p_loss 0.0659, utilization 0.4582, perplexity 19058.7650,
Train Epoch: [19/30] Iters:[1540/1875] loss 0.1253, rec_loss 0.0022, p_loss 0.0661, utilization 0.4577, perplexity 19029.2438,
Train Epoch: [19/30] Iters:[1550/1875] loss 0.1244, rec_loss 0.0022, p_loss 0.0658, utilization 0.4577, perplexity 19159.0772,
Train Epoch: [19/30] Iters:[1560/1875] loss 0.1242, rec_loss 0.0022, p_loss 0.0659, utilization 0.4568, perplexity 19080.7731,
Train Epoch: [19/30] Iters:[1570/1875] loss 0.1244, rec_loss 0.0021, p_loss 0.0658, utilization 0.4578, perplexity 19243.5377,
Train Epoch: [19/30] Iters:[1580/1875] loss 0.1244, rec_loss 0.0021, p_loss 0.0661, utilization 0.4572, perplexity 19137.8818,
Train Epoch: [19/30] Iters:[1590/1875] loss 0.1243, rec_loss 0.0021, p_loss 0.0660, utilization 0.4582, perplexity 19152.6190,
Train Epoch: [19/30] Iters:[1600/1875] loss 0.1246, rec_loss 0.0022, p_loss 0.0662, utilization 0.4583, perplexity 19144.6856,
Train Epoch: [19/30] Iters:[1610/1875] loss 0.1249, rec_loss 0.0021, p_loss 0.0664, utilization 0.4587, perplexity 19242.9771,
Train Epoch: [19/30] Iters:[1620/1875] loss 0.1258, rec_loss 0.0022, p_loss 0.0672, utilization 0.4578, perplexity 19026.2534,
Train Epoch: [19/30] Iters:[1630/1875] loss 0.1256, rec_loss 0.0022, p_loss 0.0670, utilization 0.4570, perplexity 18950.8526,
Train Epoch: [19/30] Iters:[1640/1875] loss 0.1255, rec_loss 0.0021, p_loss 0.0668, utilization 0.4579, perplexity 19150.7959,
Train Epoch: [19/30] Iters:[1650/1875] loss 0.1249, rec_loss 0.0021, p_loss 0.0664, utilization 0.4574, perplexity 19082.2229,
Train Epoch: [19/30] Iters:[1660/1875] loss 0.1248, rec_loss 0.0021, p_loss 0.0663, utilization 0.4574, perplexity 19045.5110,
Train Epoch: [19/30] Iters:[1670/1875] loss 0.1243, rec_loss 0.0021, p_loss 0.0659, utilization 0.4578, perplexity 19153.0457,
Train Epoch: [19/30] Iters:[1680/1875] loss 0.1238, rec_loss 0.0020, p_loss 0.0657, utilization 0.4587, perplexity 19312.4465,
Train Epoch: [19/30] Iters:[1690/1875] loss 0.1227, rec_loss 0.0021, p_loss 0.0650, utilization 0.4567, perplexity 19028.9708,
Train Epoch: [19/30] Iters:[1700/1875] loss 0.1234, rec_loss 0.0021, p_loss 0.0657, utilization 0.4564, perplexity 19034.1531,
Train Epoch: [19/30] Iters:[1710/1875] loss 0.1228, rec_loss 0.0021, p_loss 0.0651, utilization 0.4557, perplexity 18939.2686,
Train Epoch: [19/30] Iters:[1720/1875] loss 0.1221, rec_loss 0.0021, p_loss 0.0647, utilization 0.4565, perplexity 19032.8651,
Train Epoch: [19/30] Iters:[1730/1875] loss 0.1224, rec_loss 0.0021, p_loss 0.0649, utilization 0.4571, perplexity 19066.9915,
Train Epoch: [19/30] Iters:[1740/1875] loss 0.1236, rec_loss 0.0021, p_loss 0.0654, utilization 0.4588, perplexity 19284.8149,
Train Epoch: [19/30] Iters:[1750/1875] loss 0.1229, rec_loss 0.0021, p_loss 0.0649, utilization 0.4590, perplexity 19259.3126,
Train Epoch: [19/30] Iters:[1760/1875] loss 0.1222, rec_loss 0.0020, p_loss 0.0646, utilization 0.4581, perplexity 19219.8680,
Train Epoch: [19/30] Iters:[1770/1875] loss 0.1223, rec_loss 0.0020, p_loss 0.0646, utilization 0.4580, perplexity 19144.7634,
Train Epoch: [19/30] Iters:[1780/1875] loss 0.1220, rec_loss 0.0020, p_loss 0.0642, utilization 0.4576, perplexity 19121.9235,
Train Epoch: [19/30] Iters:[1790/1875] loss 0.1213, rec_loss 0.0020, p_loss 0.0638, utilization 0.4579, perplexity 19042.8144,
Train Epoch: [19/30] Iters:[1800/1875] loss 0.1217, rec_loss 0.0020, p_loss 0.0640, utilization 0.4591, perplexity 19120.8670,
Train Epoch: [19/30] Iters:[1810/1875] loss 0.1225, rec_loss 0.0021, p_loss 0.0645, utilization 0.4612, perplexity 19417.1559,
Train Epoch: [19/30] Iters:[1820/1875] loss 0.1235, rec_loss 0.0021, p_loss 0.0652, utilization 0.4615, perplexity 19567.4685,
Train Epoch: [19/30] Iters:[1830/1875] loss 0.1237, rec_loss 0.0021, p_loss 0.0655, utilization 0.4605, perplexity 19449.9412,
Train Epoch: [19/30] Iters:[1840/1875] loss 0.1242, rec_loss 0.0021, p_loss 0.0659, utilization 0.4594, perplexity 19449.2115,
Train Epoch: [19/30] Iters:[1850/1875] loss 0.1252, rec_loss 0.0021, p_loss 0.0666, utilization 0.4581, perplexity 19423.6700,
Train Epoch: [19/30] Iters:[1860/1875] loss 0.1248, rec_loss 0.0021, p_loss 0.0663, utilization 0.4571, perplexity 19284.4827,
Train Epoch: [19/30] Iters:[1870/1875] loss 0.1244, rec_loss 0.0021, p_loss 0.0658, utilization 0.4556, perplexity 19008.2638,
epoch:20, cur_lr:0.000043
Train Epoch: [20/30] Iters:[10/1875] loss 0.1237, rec_loss 0.0020, p_loss 0.0656, utilization 0.4617, perplexity 20043.0682,
Train Epoch: [20/30] Iters:[20/1875] loss 0.1277, rec_loss 0.0022, p_loss 0.0679, utilization 0.4615, perplexity 19660.0271,
Train Epoch: [20/30] Iters:[30/1875] loss 0.1266, rec_loss 0.0021, p_loss 0.0675, utilization 0.4585, perplexity 19320.7887,
Train Epoch: [20/30] Iters:[40/1875] loss 0.1259, rec_loss 0.0022, p_loss 0.0668, utilization 0.4583, perplexity 19319.7388,
Train Epoch: [20/30] Iters:[50/1875] loss 0.1253, rec_loss 0.0022, p_loss 0.0665, utilization 0.4577, perplexity 19121.7121,
Train Epoch: [20/30] Iters:[60/1875] loss 0.1256, rec_loss 0.0023, p_loss 0.0666, utilization 0.4557, perplexity 18842.4708,
Train Epoch: [20/30] Iters:[70/1875] loss 0.1240, rec_loss 0.0022, p_loss 0.0653, utilization 0.4559, perplexity 18893.2975,
Train Epoch: [20/30] Iters:[80/1875] loss 0.1247, rec_loss 0.0023, p_loss 0.0655, utilization 0.4581, perplexity 19137.8255,
Train Epoch: [20/30] Iters:[90/1875] loss 0.1246, rec_loss 0.0022, p_loss 0.0657, utilization 0.4576, perplexity 19058.6177,
Train Epoch: [20/30] Iters:[100/1875] loss 0.1250, rec_loss 0.0022, p_loss 0.0658, utilization 0.4592, perplexity 19312.7872,
Train Epoch: [20/30] Iters:[110/1875] loss 0.1241, rec_loss 0.0021, p_loss 0.0653, utilization 0.4594, perplexity 19243.2313,
Train Epoch: [20/30] Iters:[120/1875] loss 0.1231, rec_loss 0.0021, p_loss 0.0650, utilization 0.4570, perplexity 18918.8297,
Train Epoch: [20/30] Iters:[130/1875] loss 0.1236, rec_loss 0.0022, p_loss 0.0653, utilization 0.4568, perplexity 18878.7645,
Train Epoch: [20/30] Iters:[140/1875] loss 0.1241, rec_loss 0.0022, p_loss 0.0655, utilization 0.4577, perplexity 18948.8437,
Train Epoch: [20/30] Iters:[150/1875] loss 0.1232, rec_loss 0.0022, p_loss 0.0649, utilization 0.4569, perplexity 18964.5319,
Train Epoch: [20/30] Iters:[160/1875] loss 0.1234, rec_loss 0.0022, p_loss 0.0653, utilization 0.4568, perplexity 19105.3923,
Train Epoch: [20/30] Iters:[170/1875] loss 0.1250, rec_loss 0.0023, p_loss 0.0663, utilization 0.4581, perplexity 19211.1116,
Train Epoch: [20/30] Iters:[180/1875] loss 0.1234, rec_loss 0.0022, p_loss 0.0654, utilization 0.4572, perplexity 19095.1281,
Train Epoch: [20/30] Iters:[190/1875] loss 0.1236, rec_loss 0.0021, p_loss 0.0656, utilization 0.4574, perplexity 19109.2928,
Train Epoch: [20/30] Iters:[200/1875] loss 0.1245, rec_loss 0.0022, p_loss 0.0663, utilization 0.4574, perplexity 19001.3325,
Train Epoch: [20/30] Iters:[210/1875] loss 0.1246, rec_loss 0.0022, p_loss 0.0661, utilization 0.4581, perplexity 18964.6974,
Train Epoch: [20/30] Iters:[220/1875] loss 0.1244, rec_loss 0.0021, p_loss 0.0657, utilization 0.4588, perplexity 19017.1902,
Train Epoch: [20/30] Iters:[230/1875] loss 0.1250, rec_loss 0.0021, p_loss 0.0660, utilization 0.4594, perplexity 19082.7542,
Train Epoch: [20/30] Iters:[240/1875] loss 0.1249, rec_loss 0.0021, p_loss 0.0659, utilization 0.4603, perplexity 19188.6733,
Train Epoch: [20/30] Iters:[250/1875] loss 0.1247, rec_loss 0.0021, p_loss 0.0658, utilization 0.4594, perplexity 19130.7690,
Train Epoch: [20/30] Iters:[260/1875] loss 0.1259, rec_loss 0.0021, p_loss 0.0668, utilization 0.4598, perplexity 19226.0609,
Train Epoch: [20/30] Iters:[270/1875] loss 0.1249, rec_loss 0.0021, p_loss 0.0665, utilization 0.4594, perplexity 19356.2189,
Train Epoch: [20/30] Iters:[280/1875] loss 0.1247, rec_loss 0.0021, p_loss 0.0664, utilization 0.4589, perplexity 19381.1141,
Train Epoch: [20/30] Iters:[290/1875] loss 0.1249, rec_loss 0.0021, p_loss 0.0662, utilization 0.4583, perplexity 19390.0888,
Train Epoch: [20/30] Iters:[300/1875] loss 0.1243, rec_loss 0.0021, p_loss 0.0657, utilization 0.4585, perplexity 19481.0664,
Train Epoch: [20/30] Iters:[310/1875] loss 0.1232, rec_loss 0.0021, p_loss 0.0650, utilization 0.4574, perplexity 19392.5272,
Train Epoch: [20/30] Iters:[320/1875] loss 0.1234, rec_loss 0.0021, p_loss 0.0651, utilization 0.4562, perplexity 19167.2313,
Train Epoch: [20/30] Iters:[330/1875] loss 0.1232, rec_loss 0.0021, p_loss 0.0650, utilization 0.4574, perplexity 19177.1222,
Train Epoch: [20/30] Iters:[340/1875] loss 0.1228, rec_loss 0.0021, p_loss 0.0649, utilization 0.4572, perplexity 19052.3102,
Train Epoch: [20/30] Iters:[350/1875] loss 0.1234, rec_loss 0.0021, p_loss 0.0655, utilization 0.4579, perplexity 19042.8406,
Train Epoch: [20/30] Iters:[360/1875] loss 0.1246, rec_loss 0.0021, p_loss 0.0662, utilization 0.4604, perplexity 19292.5836,
Train Epoch: [20/30] Iters:[370/1875] loss 0.1251, rec_loss 0.0021, p_loss 0.0665, utilization 0.4613, perplexity 19434.4089,
Train Epoch: [20/30] Iters:[380/1875] loss 0.1253, rec_loss 0.0022, p_loss 0.0667, utilization 0.4597, perplexity 19295.9179,
Train Epoch: [20/30] Iters:[390/1875] loss 0.1252, rec_loss 0.0021, p_loss 0.0666, utilization 0.4606, perplexity 19432.0014,
Train Epoch: [20/30] Iters:[400/1875] loss 0.1249, rec_loss 0.0022, p_loss 0.0663, utilization 0.4587, perplexity 19193.7433,
Train Epoch: [20/30] Iters:[410/1875] loss 0.1242, rec_loss 0.0021, p_loss 0.0657, utilization 0.4583, perplexity 19120.7644,
Train Epoch: [20/30] Iters:[420/1875] loss 0.1243, rec_loss 0.0022, p_loss 0.0656, utilization 0.4581, perplexity 19112.1404,
Train Epoch: [20/30] Iters:[430/1875] loss 0.1243, rec_loss 0.0022, p_loss 0.0653, utilization 0.4580, perplexity 19139.8830,
Train Epoch: [20/30] Iters:[440/1875] loss 0.1241, rec_loss 0.0022, p_loss 0.0653, utilization 0.4574, perplexity 19132.5064,
Train Epoch: [20/30] Iters:[450/1875] loss 0.1239, rec_loss 0.0022, p_loss 0.0654, utilization 0.4578, perplexity 19228.3560,
Train Epoch: [20/30] Iters:[460/1875] loss 0.1245, rec_loss 0.0022, p_loss 0.0656, utilization 0.4574, perplexity 19085.4226,
Train Epoch: [20/30] Iters:[470/1875] loss 0.1249, rec_loss 0.0022, p_loss 0.0660, utilization 0.4580, perplexity 19016.3093,
Train Epoch: [20/30] Iters:[480/1875] loss 0.1250, rec_loss 0.0022, p_loss 0.0661, utilization 0.4572, perplexity 19041.6806,
Train Epoch: [20/30] Iters:[490/1875] loss 0.1242, rec_loss 0.0022, p_loss 0.0657, utilization 0.4541, perplexity 18685.2752,
Train Epoch: [20/30] Iters:[500/1875] loss 0.1244, rec_loss 0.0022, p_loss 0.0657, utilization 0.4564, perplexity 18978.8298,
Train Epoch: [20/30] Iters:[510/1875] loss 0.1235, rec_loss 0.0022, p_loss 0.0650, utilization 0.4558, perplexity 19049.1044,
Train Epoch: [20/30] Iters:[520/1875] loss 0.1226, rec_loss 0.0021, p_loss 0.0643, utilization 0.4555, perplexity 19140.3392,
Train Epoch: [20/30] Iters:[530/1875] loss 0.1223, rec_loss 0.0021, p_loss 0.0643, utilization 0.4568, perplexity 19143.2327,
Train Epoch: [20/30] Iters:[540/1875] loss 0.1224, rec_loss 0.0021, p_loss 0.0642, utilization 0.4581, perplexity 19271.1232,
Train Epoch: [20/30] Iters:[550/1875] loss 0.1228, rec_loss 0.0021, p_loss 0.0643, utilization 0.4575, perplexity 19189.9741,
Train Epoch: [20/30] Iters:[560/1875] loss 0.1220, rec_loss 0.0020, p_loss 0.0640, utilization 0.4571, perplexity 19157.8739,
Train Epoch: [20/30] Iters:[570/1875] loss 0.1216, rec_loss 0.0020, p_loss 0.0640, utilization 0.4547, perplexity 18973.7269,
Train Epoch: [20/30] Iters:[580/1875] loss 0.1219, rec_loss 0.0020, p_loss 0.0637, utilization 0.4554, perplexity 19078.1488,
Train Epoch: [20/30] Iters:[590/1875] loss 0.1224, rec_loss 0.0021, p_loss 0.0639, utilization 0.4562, perplexity 19224.5291,
Train Epoch: [20/30] Iters:[600/1875] loss 0.1210, rec_loss 0.0020, p_loss 0.0632, utilization 0.4554, perplexity 19111.8712,
Train Epoch: [20/30] Iters:[610/1875] loss 0.1225, rec_loss 0.0021, p_loss 0.0641, utilization 0.4580, perplexity 19438.3189,
Train Epoch: [20/30] Iters:[620/1875] loss 0.1233, rec_loss 0.0021, p_loss 0.0644, utilization 0.4602, perplexity 19626.4372,
Train Epoch: [20/30] Iters:[630/1875] loss 0.1242, rec_loss 0.0022, p_loss 0.0653, utilization 0.4594, perplexity 19524.4411,
Train Epoch: [20/30] Iters:[640/1875] loss 0.1243, rec_loss 0.0022, p_loss 0.0657, utilization 0.4576, perplexity 19288.2884,
Train Epoch: [20/30] Iters:[650/1875] loss 0.1253, rec_loss 0.0022, p_loss 0.0663, utilization 0.4582, perplexity 19341.8936,
Train Epoch: [20/30] Iters:[660/1875] loss 0.1235, rec_loss 0.0022, p_loss 0.0652, utilization 0.4553, perplexity 19012.6165,
Train Epoch: [20/30] Iters:[670/1875] loss 0.1235, rec_loss 0.0021, p_loss 0.0652, utilization 0.4559, perplexity 19040.8868,
Train Epoch: [20/30] Iters:[680/1875] loss 0.1220, rec_loss 0.0020, p_loss 0.0642, utilization 0.4550, perplexity 18966.2391,
Train Epoch: [20/30] Iters:[690/1875] loss 0.1228, rec_loss 0.0021, p_loss 0.0644, utilization 0.4556, perplexity 18979.0616,
Train Epoch: [20/30] Iters:[700/1875] loss 0.1219, rec_loss 0.0020, p_loss 0.0640, utilization 0.4553, perplexity 18964.9820,
Train Epoch: [20/30] Iters:[710/1875] loss 0.1229, rec_loss 0.0021, p_loss 0.0646, utilization 0.4550, perplexity 18821.4644,
Train Epoch: [20/30] Iters:[720/1875] loss 0.1229, rec_loss 0.0021, p_loss 0.0647, utilization 0.4553, perplexity 18952.7923,
Train Epoch: [20/30] Iters:[730/1875] loss 0.1238, rec_loss 0.0021, p_loss 0.0651, utilization 0.4569, perplexity 19126.3545,
Train Epoch: [20/30] Iters:[740/1875] loss 0.1232, rec_loss 0.0020, p_loss 0.0647, utilization 0.4582, perplexity 19224.8407,
Train Epoch: [20/30] Iters:[750/1875] loss 0.1240, rec_loss 0.0021, p_loss 0.0651, utilization 0.4572, perplexity 19089.2526,
Train Epoch: [20/30] Iters:[760/1875] loss 0.1249, rec_loss 0.0021, p_loss 0.0656, utilization 0.4600, perplexity 19335.9740,
Train Epoch: [20/30] Iters:[770/1875] loss 0.1248, rec_loss 0.0021, p_loss 0.0657, utilization 0.4600, perplexity 19348.1763,
Train Epoch: [20/30] Iters:[780/1875] loss 0.1244, rec_loss 0.0020, p_loss 0.0657, utilization 0.4586, perplexity 19222.0034,
Train Epoch: [20/30] Iters:[790/1875] loss 0.1241, rec_loss 0.0021, p_loss 0.0654, utilization 0.4593, perplexity 19419.6441,
Train Epoch: [20/30] Iters:[800/1875] loss 0.1241, rec_loss 0.0021, p_loss 0.0654, utilization 0.4604, perplexity 19538.9289,
Train Epoch: [20/30] Iters:[810/1875] loss 0.1231, rec_loss 0.0020, p_loss 0.0647, utilization 0.4599, perplexity 19645.7465,
Train Epoch: [20/30] Iters:[820/1875] loss 0.1241, rec_loss 0.0021, p_loss 0.0652, utilization 0.4587, perplexity 19350.5163,
Train Epoch: [20/30] Iters:[830/1875] loss 0.1244, rec_loss 0.0021, p_loss 0.0653, utilization 0.4581, perplexity 19330.6222,
Train Epoch: [20/30] Iters:[840/1875] loss 0.1248, rec_loss 0.0021, p_loss 0.0657, utilization 0.4566, perplexity 18997.2798,
Train Epoch: [20/30] Iters:[850/1875] loss 0.1252, rec_loss 0.0020, p_loss 0.0657, utilization 0.4580, perplexity 19158.7985,
Train Epoch: [20/30] Iters:[860/1875] loss 0.1255, rec_loss 0.0021, p_loss 0.0661, utilization 0.4564, perplexity 18946.4546,
Train Epoch: [20/30] Iters:[870/1875] loss 0.1238, rec_loss 0.0020, p_loss 0.0651, utilization 0.4571, perplexity 19083.6759,
Train Epoch: [20/30] Iters:[880/1875] loss 0.1242, rec_loss 0.0021, p_loss 0.0655, utilization 0.4579, perplexity 19061.4283,
Train Epoch: [20/30] Iters:[890/1875] loss 0.1236, rec_loss 0.0021, p_loss 0.0650, utilization 0.4602, perplexity 19390.7599,
Train Epoch: [20/30] Iters:[900/1875] loss 0.1230, rec_loss 0.0021, p_loss 0.0650, utilization 0.4595, perplexity 19359.8058,
Train Epoch: [20/30] Iters:[910/1875] loss 0.1231, rec_loss 0.0021, p_loss 0.0651, utilization 0.4604, perplexity 19452.4365,
Train Epoch: [20/30] Iters:[920/1875] loss 0.1238, rec_loss 0.0021, p_loss 0.0656, utilization 0.4602, perplexity 19442.6657,
Train Epoch: [20/30] Iters:[930/1875] loss 0.1229, rec_loss 0.0021, p_loss 0.0649, utilization 0.4596, perplexity 19458.9721,
Train Epoch: [20/30] Iters:[940/1875] loss 0.1222, rec_loss 0.0020, p_loss 0.0647, utilization 0.4575, perplexity 19338.3765,
Train Epoch: [20/30] Iters:[950/1875] loss 0.1218, rec_loss 0.0020, p_loss 0.0645, utilization 0.4577, perplexity 19326.6492,
Train Epoch: [20/30] Iters:[960/1875] loss 0.1209, rec_loss 0.0020, p_loss 0.0639, utilization 0.4562, perplexity 19264.6531,
Train Epoch: [20/30] Iters:[970/1875] loss 0.1207, rec_loss 0.0020, p_loss 0.0637, utilization 0.4560, perplexity 19150.9866,
Train Epoch: [20/30] Iters:[980/1875] loss 0.1202, rec_loss 0.0019, p_loss 0.0634, utilization 0.4570, perplexity 19226.6923,
Train Epoch: [20/30] Iters:[990/1875] loss 0.1214, rec_loss 0.0020, p_loss 0.0641, utilization 0.4571, perplexity 19083.3086,
Train Epoch: [20/30] Iters:[1000/1875] loss 0.1218, rec_loss 0.0021, p_loss 0.0643, utilization 0.4561, perplexity 18971.7363,
Train Epoch: [20/30] Iters:[1010/1875] loss 0.1225, rec_loss 0.0021, p_loss 0.0646, utilization 0.4570, perplexity 18833.7820,
Train Epoch: [20/30] Iters:[1020/1875] loss 0.1216, rec_loss 0.0020, p_loss 0.0639, utilization 0.4563, perplexity 18861.0923,
Train Epoch: [20/30] Iters:[1030/1875] loss 0.1225, rec_loss 0.0021, p_loss 0.0645, utilization 0.4558, perplexity 18828.2405,
Train Epoch: [20/30] Iters:[1040/1875] loss 0.1231, rec_loss 0.0021, p_loss 0.0646, utilization 0.4584, perplexity 19054.7211,
Train Epoch: [20/30] Iters:[1050/1875] loss 0.1224, rec_loss 0.0021, p_loss 0.0642, utilization 0.4585, perplexity 19066.8169,
Train Epoch: [20/30] Iters:[1060/1875] loss 0.1226, rec_loss 0.0021, p_loss 0.0643, utilization 0.4590, perplexity 19135.8139,
Train Epoch: [20/30] Iters:[1070/1875] loss 0.1233, rec_loss 0.0021, p_loss 0.0649, utilization 0.4605, perplexity 19271.1477,
Train Epoch: [20/30] Iters:[1080/1875] loss 0.1230, rec_loss 0.0021, p_loss 0.0646, utilization 0.4617, perplexity 19363.3154,
Train Epoch: [20/30] Iters:[1090/1875] loss 0.1225, rec_loss 0.0021, p_loss 0.0643, utilization 0.4602, perplexity 19238.8319,
Train Epoch: [20/30] Iters:[1100/1875] loss 0.1238, rec_loss 0.0021, p_loss 0.0652, utilization 0.4602, perplexity 19129.8617,
Train Epoch: [20/30] Iters:[1110/1875] loss 0.1239, rec_loss 0.0021, p_loss 0.0653, utilization 0.4604, perplexity 19235.5329,
Train Epoch: [20/30] Iters:[1120/1875] loss 0.1246, rec_loss 0.0021, p_loss 0.0657, utilization 0.4592, perplexity 19131.4370,
Train Epoch: [20/30] Iters:[1130/1875] loss 0.1250, rec_loss 0.0021, p_loss 0.0660, utilization 0.4589, perplexity 19106.1009,
Train Epoch: [20/30] Iters:[1140/1875] loss 0.1237, rec_loss 0.0021, p_loss 0.0652, utilization 0.4572, perplexity 19019.7530,
Train Epoch: [20/30] Iters:[1150/1875] loss 0.1226, rec_loss 0.0020, p_loss 0.0645, utilization 0.4562, perplexity 18985.5882,
Train Epoch: [20/30] Iters:[1160/1875] loss 0.1225, rec_loss 0.0020, p_loss 0.0642, utilization 0.4565, perplexity 19066.4110,
Train Epoch: [20/30] Iters:[1170/1875] loss 0.1224, rec_loss 0.0020, p_loss 0.0641, utilization 0.4577, perplexity 19264.2362,
Train Epoch: [20/30] Iters:[1180/1875] loss 0.1223, rec_loss 0.0020, p_loss 0.0640, utilization 0.4569, perplexity 19230.5643,
Train Epoch: [20/30] Iters:[1190/1875] loss 0.1231, rec_loss 0.0020, p_loss 0.0645, utilization 0.4589, perplexity 19494.8984,
Train Epoch: [20/30] Iters:[1200/1875] loss 0.1242, rec_loss 0.0021, p_loss 0.0652, utilization 0.4584, perplexity 19473.4981,
Train Epoch: [20/30] Iters:[1210/1875] loss 0.1242, rec_loss 0.0022, p_loss 0.0654, utilization 0.4577, perplexity 19342.6067,
Train Epoch: [20/30] Iters:[1220/1875] loss 0.1253, rec_loss 0.0022, p_loss 0.0661, utilization 0.4581, perplexity 19281.1573,
Train Epoch: [20/30] Iters:[1230/1875] loss 0.1251, rec_loss 0.0022, p_loss 0.0661, utilization 0.4580, perplexity 19169.1249,
Train Epoch: [20/30] Iters:[1240/1875] loss 0.1248, rec_loss 0.0022, p_loss 0.0660, utilization 0.4565, perplexity 18912.0400,
Train Epoch: [20/30] Iters:[1250/1875] loss 0.1237, rec_loss 0.0021, p_loss 0.0652, utilization 0.4573, perplexity 19101.6588,
Train Epoch: [20/30] Iters:[1260/1875] loss 0.1235, rec_loss 0.0021, p_loss 0.0653, utilization 0.4577, perplexity 19108.9503,
Train Epoch: [20/30] Iters:[1270/1875] loss 0.1222, rec_loss 0.0021, p_loss 0.0641, utilization 0.4578, perplexity 19211.1857,
Train Epoch: [20/30] Iters:[1280/1875] loss 0.1227, rec_loss 0.0021, p_loss 0.0645, utilization 0.4582, perplexity 19181.2368,
Train Epoch: [20/30] Iters:[1290/1875] loss 0.1231, rec_loss 0.0021, p_loss 0.0645, utilization 0.4588, perplexity 19335.6559,
Train Epoch: [20/30] Iters:[1300/1875] loss 0.1239, rec_loss 0.0021, p_loss 0.0649, utilization 0.4592, perplexity 19369.2908,
Train Epoch: [20/30] Iters:[1310/1875] loss 0.1238, rec_loss 0.0022, p_loss 0.0647, utilization 0.4580, perplexity 19241.5924,
Train Epoch: [20/30] Iters:[1320/1875] loss 0.1237, rec_loss 0.0022, p_loss 0.0650, utilization 0.4566, perplexity 19064.1603,
Train Epoch: [20/30] Iters:[1330/1875] loss 0.1227, rec_loss 0.0021, p_loss 0.0642, utilization 0.4573, perplexity 19344.1057,
Train Epoch: [20/30] Iters:[1340/1875] loss 0.1230, rec_loss 0.0021, p_loss 0.0645, utilization 0.4581, perplexity 19285.2137,
Train Epoch: [20/30] Iters:[1350/1875] loss 0.1234, rec_loss 0.0021, p_loss 0.0650, utilization 0.4584, perplexity 19229.8001,
Train Epoch: [20/30] Iters:[1360/1875] loss 0.1240, rec_loss 0.0021, p_loss 0.0656, utilization 0.4599, perplexity 19412.8887,
Train Epoch: [20/30] Iters:[1370/1875] loss 0.1237, rec_loss 0.0021, p_loss 0.0655, utilization 0.4610, perplexity 19498.6508,
Train Epoch: [20/30] Iters:[1380/1875] loss 0.1241, rec_loss 0.0021, p_loss 0.0659, utilization 0.4599, perplexity 19269.2788,
Train Epoch: [20/30] Iters:[1390/1875] loss 0.1235, rec_loss 0.0021, p_loss 0.0658, utilization 0.4581, perplexity 19113.4027,
Train Epoch: [20/30] Iters:[1400/1875] loss 0.1222, rec_loss 0.0020, p_loss 0.0649, utilization 0.4576, perplexity 19154.3119,
Train Epoch: [20/30] Iters:[1410/1875] loss 0.1217, rec_loss 0.0020, p_loss 0.0643, utilization 0.4566, perplexity 19057.4599,
Train Epoch: [20/30] Iters:[1420/1875] loss 0.1220, rec_loss 0.0020, p_loss 0.0643, utilization 0.4559, perplexity 19070.0603,
Train Epoch: [20/30] Iters:[1430/1875] loss 0.1217, rec_loss 0.0021, p_loss 0.0644, utilization 0.4549, perplexity 19034.8249,
Train Epoch: [20/30] Iters:[1440/1875] loss 0.1226, rec_loss 0.0021, p_loss 0.0645, utilization 0.4578, perplexity 19367.9472,
Train Epoch: [20/30] Iters:[1450/1875] loss 0.1228, rec_loss 0.0021, p_loss 0.0648, utilization 0.4571, perplexity 19213.6337,
Train Epoch: [20/30] Iters:[1460/1875] loss 0.1240, rec_loss 0.0021, p_loss 0.0655, utilization 0.4579, perplexity 19274.4162,
Train Epoch: [20/30] Iters:[1470/1875] loss 0.1241, rec_loss 0.0020, p_loss 0.0655, utilization 0.4589, perplexity 19309.3171,
Train Epoch: [20/30] Iters:[1480/1875] loss 0.1246, rec_loss 0.0020, p_loss 0.0654, utilization 0.4624, perplexity 19576.0635,
Train Epoch: [20/30] Iters:[1490/1875] loss 0.1244, rec_loss 0.0020, p_loss 0.0655, utilization 0.4609, perplexity 19496.8968,
Train Epoch: [20/30] Iters:[1500/1875] loss 0.1249, rec_loss 0.0020, p_loss 0.0656, utilization 0.4629, perplexity 19709.5738,
Train Epoch: [20/30] Iters:[1510/1875] loss 0.1236, rec_loss 0.0020, p_loss 0.0647, utilization 0.4624, perplexity 19673.9789,
Train Epoch: [20/30] Iters:[1520/1875] loss 0.1236, rec_loss 0.0021, p_loss 0.0649, utilization 0.4618, perplexity 19668.1122,
Train Epoch: [20/30] Iters:[1530/1875] loss 0.1239, rec_loss 0.0021, p_loss 0.0649, utilization 0.4606, perplexity 19628.9577,
Train Epoch: [20/30] Iters:[1540/1875] loss 0.1238, rec_loss 0.0021, p_loss 0.0648, utilization 0.4601, perplexity 19590.2623,
Train Epoch: [20/30] Iters:[1550/1875] loss 0.1235, rec_loss 0.0021, p_loss 0.0649, utilization 0.4584, perplexity 19368.6364,
Train Epoch: [20/30] Iters:[1560/1875] loss 0.1243, rec_loss 0.0021, p_loss 0.0653, utilization 0.4573, perplexity 19225.3991,
Train Epoch: [20/30] Iters:[1570/1875] loss 0.1232, rec_loss 0.0021, p_loss 0.0646, utilization 0.4562, perplexity 19024.0689,
Train Epoch: [20/30] Iters:[1580/1875] loss 0.1221, rec_loss 0.0020, p_loss 0.0641, utilization 0.4551, perplexity 18931.0315,
Train Epoch: [20/30] Iters:[1590/1875] loss 0.1224, rec_loss 0.0020, p_loss 0.0642, utilization 0.4550, perplexity 18863.3574,
Train Epoch: [20/30] Iters:[1600/1875] loss 0.1224, rec_loss 0.0020, p_loss 0.0640, utilization 0.4559, perplexity 18969.9119,
Train Epoch: [20/30] Iters:[1610/1875] loss 0.1217, rec_loss 0.0020, p_loss 0.0634, utilization 0.4574, perplexity 19130.1391,
Train Epoch: [20/30] Iters:[1620/1875] loss 0.1228, rec_loss 0.0021, p_loss 0.0642, utilization 0.4578, perplexity 19207.6836,
Train Epoch: [20/30] Iters:[1630/1875] loss 0.1241, rec_loss 0.0021, p_loss 0.0648, utilization 0.4589, perplexity 19196.2056,
Train Epoch: [20/30] Iters:[1640/1875] loss 0.1236, rec_loss 0.0020, p_loss 0.0646, utilization 0.4596, perplexity 19270.3569,
Train Epoch: [20/30] Iters:[1650/1875] loss 0.1243, rec_loss 0.0021, p_loss 0.0650, utilization 0.4598, perplexity 19403.5595,
Train Epoch: [20/30] Iters:[1660/1875] loss 0.1245, rec_loss 0.0021, p_loss 0.0654, utilization 0.4588, perplexity 19345.1098,
Train Epoch: [20/30] Iters:[1670/1875] loss 0.1244, rec_loss 0.0021, p_loss 0.0654, utilization 0.4591, perplexity 19346.6935,
Train Epoch: [20/30] Iters:[1680/1875] loss 0.1237, rec_loss 0.0021, p_loss 0.0652, utilization 0.4586, perplexity 19414.5843,
Train Epoch: [20/30] Iters:[1690/1875] loss 0.1245, rec_loss 0.0021, p_loss 0.0656, utilization 0.4586, perplexity 19462.2260,
Train Epoch: [20/30] Iters:[1700/1875] loss 0.1243, rec_loss 0.0021, p_loss 0.0658, utilization 0.4573, perplexity 19206.1576,
Train Epoch: [20/30] Iters:[1710/1875] loss 0.1243, rec_loss 0.0021, p_loss 0.0657, utilization 0.4572, perplexity 19147.3483,
Train Epoch: [20/30] Iters:[1720/1875] loss 0.1244, rec_loss 0.0021, p_loss 0.0658, utilization 0.4563, perplexity 19000.5927,
Train Epoch: [20/30] Iters:[1730/1875] loss 0.1243, rec_loss 0.0021, p_loss 0.0655, utilization 0.4569, perplexity 19035.5794,
Train Epoch: [20/30] Iters:[1740/1875] loss 0.1224, rec_loss 0.0021, p_loss 0.0644, utilization 0.4560, perplexity 18881.8135,
Train Epoch: [20/30] Iters:[1750/1875] loss 0.1230, rec_loss 0.0021, p_loss 0.0645, utilization 0.4583, perplexity 19112.3288,
Train Epoch: [20/30] Iters:[1760/1875] loss 0.1228, rec_loss 0.0021, p_loss 0.0644, utilization 0.4591, perplexity 19222.4661,
Train Epoch: [20/30] Iters:[1770/1875] loss 0.1221, rec_loss 0.0020, p_loss 0.0637, utilization 0.4595, perplexity 19319.5963,
Train Epoch: [20/30] Iters:[1780/1875] loss 0.1223, rec_loss 0.0021, p_loss 0.0638, utilization 0.4593, perplexity 19256.0539,
Train Epoch: [20/30] Iters:[1790/1875] loss 0.1225, rec_loss 0.0021, p_loss 0.0641, utilization 0.4584, perplexity 19178.8188,
Train Epoch: [20/30] Iters:[1800/1875] loss 0.1208, rec_loss 0.0020, p_loss 0.0632, utilization 0.4571, perplexity 19045.3723,
Train Epoch: [20/30] Iters:[1810/1875] loss 0.1202, rec_loss 0.0020, p_loss 0.0629, utilization 0.4572, perplexity 19105.5471,
Train Epoch: [20/30] Iters:[1820/1875] loss 0.1201, rec_loss 0.0020, p_loss 0.0628, utilization 0.4583, perplexity 19306.2726,
Train Epoch: [20/30] Iters:[1830/1875] loss 0.1195, rec_loss 0.0019, p_loss 0.0626, utilization 0.4567, perplexity 19178.3613,
Train Epoch: [20/30] Iters:[1840/1875] loss 0.1196, rec_loss 0.0019, p_loss 0.0625, utilization 0.4587, perplexity 19389.5308,
Train Epoch: [20/30] Iters:[1850/1875] loss 0.1197, rec_loss 0.0019, p_loss 0.0627, utilization 0.4564, perplexity 19248.3967,
Train Epoch: [20/30] Iters:[1860/1875] loss 0.1209, rec_loss 0.0019, p_loss 0.0633, utilization 0.4576, perplexity 19255.6619,
Train Epoch: [20/30] Iters:[1870/1875] loss 0.1214, rec_loss 0.0020, p_loss 0.0638, utilization 0.4577, perplexity 19184.6405,
Loading pretrained model LPIPS from /home/sunset/.cache/torch/hub/pyiqa/LPIPS_v0.1_alex-df73285e.pth
PSNR:34.77171486816406  SSIM:0.9233497380574545  LPIPS:0.030219879021247228
Loading pretrained model LPIPS from /home/sunset/.cache/torch/hub/pyiqa/LPIPS_v0.1_alex-df73285e.pth
epoch:21, cur_lr:0.000040
Train Epoch: [21/30] Iters:[10/1875] loss 0.1267, rec_loss 0.0022, p_loss 0.0665, utilization 0.4628, perplexity 19709.1073,
Train Epoch: [21/30] Iters:[20/1875] loss 0.1246, rec_loss 0.0020, p_loss 0.0656, utilization 0.4623, perplexity 19565.0874,
Train Epoch: [21/30] Iters:[30/1875] loss 0.1245, rec_loss 0.0021, p_loss 0.0656, utilization 0.4600, perplexity 19283.6877,
Train Epoch: [21/30] Iters:[40/1875] loss 0.1245, rec_loss 0.0021, p_loss 0.0657, utilization 0.4604, perplexity 19296.9020,
Train Epoch: [21/30] Iters:[50/1875] loss 0.1239, rec_loss 0.0021, p_loss 0.0654, utilization 0.4592, perplexity 19208.7627,
Train Epoch: [21/30] Iters:[60/1875] loss 0.1234, rec_loss 0.0020, p_loss 0.0651, utilization 0.4597, perplexity 19284.0422,
Train Epoch: [21/30] Iters:[70/1875] loss 0.1229, rec_loss 0.0020, p_loss 0.0649, utilization 0.4599, perplexity 19409.7928,
Train Epoch: [21/30] Iters:[80/1875] loss 0.1224, rec_loss 0.0020, p_loss 0.0647, utilization 0.4610, perplexity 19625.6470,
Train Epoch: [21/30] Iters:[90/1875] loss 0.1225, rec_loss 0.0020, p_loss 0.0646, utilization 0.4612, perplexity 19766.9005,
Train Epoch: [21/30] Iters:[100/1875] loss 0.1231, rec_loss 0.0020, p_loss 0.0648, utilization 0.4637, perplexity 19985.4850,
Train Epoch: [21/30] Iters:[110/1875] loss 0.1225, rec_loss 0.0020, p_loss 0.0645, utilization 0.4616, perplexity 19664.7966,
Train Epoch: [21/30] Iters:[120/1875] loss 0.1229, rec_loss 0.0021, p_loss 0.0647, utilization 0.4601, perplexity 19416.2907,
Train Epoch: [21/30] Iters:[130/1875] loss 0.1228, rec_loss 0.0021, p_loss 0.0644, utilization 0.4593, perplexity 19399.9713,
Train Epoch: [21/30] Iters:[140/1875] loss 0.1231, rec_loss 0.0021, p_loss 0.0647, utilization 0.4583, perplexity 19087.6946,
Train Epoch: [21/30] Iters:[150/1875] loss 0.1226, rec_loss 0.0020, p_loss 0.0644, utilization 0.4572, perplexity 19088.8635,
Train Epoch: [21/30] Iters:[160/1875] loss 0.1224, rec_loss 0.0021, p_loss 0.0643, utilization 0.4587, perplexity 19382.0230,
Train Epoch: [21/30] Iters:[170/1875] loss 0.1224, rec_loss 0.0021, p_loss 0.0640, utilization 0.4579, perplexity 19423.8975,
Train Epoch: [21/30] Iters:[180/1875] loss 0.1226, rec_loss 0.0021, p_loss 0.0644, utilization 0.4566, perplexity 19200.3595,
Train Epoch: [21/30] Iters:[190/1875] loss 0.1214, rec_loss 0.0021, p_loss 0.0635, utilization 0.4561, perplexity 19226.6875,
Train Epoch: [21/30] Iters:[200/1875] loss 0.1222, rec_loss 0.0021, p_loss 0.0640, utilization 0.4565, perplexity 19160.2675,
Train Epoch: [21/30] Iters:[210/1875] loss 0.1230, rec_loss 0.0021, p_loss 0.0645, utilization 0.4564, perplexity 19154.0779,
Train Epoch: [21/30] Iters:[220/1875] loss 0.1236, rec_loss 0.0021, p_loss 0.0651, utilization 0.4580, perplexity 19327.8985,
Train Epoch: [21/30] Iters:[230/1875] loss 0.1237, rec_loss 0.0021, p_loss 0.0652, utilization 0.4595, perplexity 19404.6914,
Train Epoch: [21/30] Iters:[240/1875] loss 0.1242, rec_loss 0.0020, p_loss 0.0655, utilization 0.4599, perplexity 19509.8173,
Train Epoch: [21/30] Iters:[250/1875] loss 0.1234, rec_loss 0.0020, p_loss 0.0648, utilization 0.4603, perplexity 19531.1186,
Train Epoch: [21/30] Iters:[260/1875] loss 0.1225, rec_loss 0.0020, p_loss 0.0643, utilization 0.4583, perplexity 19242.9240,
Train Epoch: [21/30] Iters:[270/1875] loss 0.1216, rec_loss 0.0020, p_loss 0.0635, utilization 0.4581, perplexity 19147.1248,
Train Epoch: [21/30] Iters:[280/1875] loss 0.1211, rec_loss 0.0020, p_loss 0.0630, utilization 0.4572, perplexity 19168.5231,
Train Epoch: [21/30] Iters:[290/1875] loss 0.1210, rec_loss 0.0020, p_loss 0.0629, utilization 0.4579, perplexity 19322.4898,
Train Epoch: [21/30] Iters:[300/1875] loss 0.1214, rec_loss 0.0020, p_loss 0.0636, utilization 0.4577, perplexity 19316.4679,
Train Epoch: [21/30] Iters:[310/1875] loss 0.1224, rec_loss 0.0020, p_loss 0.0642, utilization 0.4592, perplexity 19468.7182,
Train Epoch: [21/30] Iters:[320/1875] loss 0.1232, rec_loss 0.0020, p_loss 0.0650, utilization 0.4579, perplexity 19261.8535,
Train Epoch: [21/30] Iters:[330/1875] loss 0.1234, rec_loss 0.0020, p_loss 0.0652, utilization 0.4572, perplexity 19087.0454,
Train Epoch: [21/30] Iters:[340/1875] loss 0.1232, rec_loss 0.0021, p_loss 0.0652, utilization 0.4566, perplexity 18906.6859,
Train Epoch: [21/30] Iters:[350/1875] loss 0.1225, rec_loss 0.0021, p_loss 0.0647, utilization 0.4548, perplexity 18690.9944,
Train Epoch: [21/30] Iters:[360/1875] loss 0.1224, rec_loss 0.0021, p_loss 0.0646, utilization 0.4541, perplexity 18533.5543,
Train Epoch: [21/30] Iters:[370/1875] loss 0.1230, rec_loss 0.0021, p_loss 0.0648, utilization 0.4564, perplexity 18746.3655,
Train Epoch: [21/30] Iters:[380/1875] loss 0.1238, rec_loss 0.0022, p_loss 0.0650, utilization 0.4591, perplexity 19077.9457,
Train Epoch: [21/30] Iters:[390/1875] loss 0.1242, rec_loss 0.0022, p_loss 0.0651, utilization 0.4607, perplexity 19302.6219,
Train Epoch: [21/30] Iters:[400/1875] loss 0.1240, rec_loss 0.0021, p_loss 0.0651, utilization 0.4599, perplexity 19347.8519,
Train Epoch: [21/30] Iters:[410/1875] loss 0.1245, rec_loss 0.0022, p_loss 0.0652, utilization 0.4606, perplexity 19481.2021,
Train Epoch: [21/30] Iters:[420/1875] loss 0.1228, rec_loss 0.0021, p_loss 0.0641, utilization 0.4584, perplexity 19388.6964,
Train Epoch: [21/30] Iters:[430/1875] loss 0.1235, rec_loss 0.0021, p_loss 0.0645, utilization 0.4578, perplexity 19304.8897,
Train Epoch: [21/30] Iters:[440/1875] loss 0.1236, rec_loss 0.0021, p_loss 0.0647, utilization 0.4564, perplexity 19069.1501,
Train Epoch: [21/30] Iters:[450/1875] loss 0.1241, rec_loss 0.0021, p_loss 0.0649, utilization 0.4575, perplexity 19150.2020,
Train Epoch: [21/30] Iters:[460/1875] loss 0.1223, rec_loss 0.0020, p_loss 0.0639, utilization 0.4574, perplexity 19217.6492,
Train Epoch: [21/30] Iters:[470/1875] loss 0.1225, rec_loss 0.0020, p_loss 0.0640, utilization 0.4584, perplexity 19214.0837,
Train Epoch: [21/30] Iters:[480/1875] loss 0.1209, rec_loss 0.0020, p_loss 0.0629, utilization 0.4574, perplexity 19147.3762,
Train Epoch: [21/30] Iters:[490/1875] loss 0.1201, rec_loss 0.0020, p_loss 0.0624, utilization 0.4568, perplexity 19170.0785,
Train Epoch: [21/30] Iters:[500/1875] loss 0.1196, rec_loss 0.0020, p_loss 0.0622, utilization 0.4561, perplexity 19090.0389,
Train Epoch: [21/30] Iters:[510/1875] loss 0.1210, rec_loss 0.0021, p_loss 0.0630, utilization 0.4569, perplexity 19125.6311,
Train Epoch: [21/30] Iters:[520/1875] loss 0.1208, rec_loss 0.0021, p_loss 0.0632, utilization 0.4562, perplexity 19042.3785,
Train Epoch: [21/30] Iters:[530/1875] loss 0.1208, rec_loss 0.0021, p_loss 0.0636, utilization 0.4552, perplexity 18939.7839,
Train Epoch: [21/30] Iters:[540/1875] loss 0.1220, rec_loss 0.0021, p_loss 0.0641, utilization 0.4562, perplexity 18964.2037,
Train Epoch: [21/30] Iters:[550/1875] loss 0.1235, rec_loss 0.0021, p_loss 0.0648, utilization 0.4583, perplexity 19163.8732,
Train Epoch: [21/30] Iters:[560/1875] loss 0.1228, rec_loss 0.0021, p_loss 0.0644, utilization 0.4580, perplexity 19186.2283,
Train Epoch: [21/30] Iters:[570/1875] loss 0.1240, rec_loss 0.0021, p_loss 0.0648, utilization 0.4602, perplexity 19460.7804,
Train Epoch: [21/30] Iters:[580/1875] loss 0.1236, rec_loss 0.0021, p_loss 0.0645, utilization 0.4615, perplexity 19549.6078,
Train Epoch: [21/30] Iters:[590/1875] loss 0.1225, rec_loss 0.0020, p_loss 0.0640, utilization 0.4607, perplexity 19551.4433,
Train Epoch: [21/30] Iters:[600/1875] loss 0.1211, rec_loss 0.0020, p_loss 0.0634, utilization 0.4590, perplexity 19404.2244,
Train Epoch: [21/30] Iters:[610/1875] loss 0.1220, rec_loss 0.0020, p_loss 0.0640, utilization 0.4587, perplexity 19277.2003,
Train Epoch: [21/30] Iters:[620/1875] loss 0.1214, rec_loss 0.0020, p_loss 0.0637, utilization 0.4582, perplexity 19275.2860,
Train Epoch: [21/30] Iters:[630/1875] loss 0.1221, rec_loss 0.0020, p_loss 0.0641, utilization 0.4576, perplexity 19324.1328,
Train Epoch: [21/30] Iters:[640/1875] loss 0.1227, rec_loss 0.0021, p_loss 0.0645, utilization 0.4582, perplexity 19344.0141,
Train Epoch: [21/30] Iters:[650/1875] loss 0.1230, rec_loss 0.0021, p_loss 0.0647, utilization 0.4590, perplexity 19371.8196,
Train Epoch: [21/30] Iters:[660/1875] loss 0.1222, rec_loss 0.0021, p_loss 0.0643, utilization 0.4588, perplexity 19416.2744,
Train Epoch: [21/30] Iters:[670/1875] loss 0.1228, rec_loss 0.0021, p_loss 0.0646, utilization 0.4581, perplexity 19211.8948,
Train Epoch: [21/30] Iters:[680/1875] loss 0.1228, rec_loss 0.0021, p_loss 0.0647, utilization 0.4597, perplexity 19158.2946,
Train Epoch: [21/30] Iters:[690/1875] loss 0.1226, rec_loss 0.0021, p_loss 0.0645, utilization 0.4581, perplexity 18951.7560,
Train Epoch: [21/30] Iters:[700/1875] loss 0.1231, rec_loss 0.0022, p_loss 0.0646, utilization 0.4595, perplexity 19152.9832,
Train Epoch: [21/30] Iters:[710/1875] loss 0.1221, rec_loss 0.0021, p_loss 0.0639, utilization 0.4588, perplexity 19094.3940,
Train Epoch: [21/30] Iters:[720/1875] loss 0.1213, rec_loss 0.0021, p_loss 0.0635, utilization 0.4586, perplexity 19197.2306,
Train Epoch: [21/30] Iters:[730/1875] loss 0.1208, rec_loss 0.0021, p_loss 0.0631, utilization 0.4561, perplexity 19020.6545,
Train Epoch: [21/30] Iters:[740/1875] loss 0.1204, rec_loss 0.0020, p_loss 0.0630, utilization 0.4580, perplexity 19282.0063,
Train Epoch: [21/30] Iters:[750/1875] loss 0.1196, rec_loss 0.0020, p_loss 0.0626, utilization 0.4559, perplexity 18930.7593,
Train Epoch: [21/30] Iters:[760/1875] loss 0.1201, rec_loss 0.0020, p_loss 0.0630, utilization 0.4546, perplexity 18726.6070,
Train Epoch: [21/30] Iters:[770/1875] loss 0.1199, rec_loss 0.0020, p_loss 0.0629, utilization 0.4554, perplexity 18834.4532,
Train Epoch: [21/30] Iters:[780/1875] loss 0.1210, rec_loss 0.0020, p_loss 0.0634, utilization 0.4583, perplexity 19130.5591,
Train Epoch: [21/30] Iters:[790/1875] loss 0.1217, rec_loss 0.0020, p_loss 0.0637, utilization 0.4578, perplexity 19052.9216,
Train Epoch: [21/30] Iters:[800/1875] loss 0.1226, rec_loss 0.0020, p_loss 0.0642, utilization 0.4577, perplexity 19179.6356,
Train Epoch: [21/30] Iters:[810/1875] loss 0.1230, rec_loss 0.0020, p_loss 0.0644, utilization 0.4594, perplexity 19363.8403,
Train Epoch: [21/30] Iters:[820/1875] loss 0.1233, rec_loss 0.0020, p_loss 0.0647, utilization 0.4597, perplexity 19358.9045,
Train Epoch: [21/30] Iters:[830/1875] loss 0.1238, rec_loss 0.0021, p_loss 0.0651, utilization 0.4597, perplexity 19327.6154,
Train Epoch: [21/30] Iters:[840/1875] loss 0.1227, rec_loss 0.0020, p_loss 0.0645, utilization 0.4588, perplexity 19217.5606,
Train Epoch: [21/30] Iters:[850/1875] loss 0.1217, rec_loss 0.0020, p_loss 0.0637, utilization 0.4596, perplexity 19210.6440,
Train Epoch: [21/30] Iters:[860/1875] loss 0.1220, rec_loss 0.0021, p_loss 0.0638, utilization 0.4600, perplexity 19257.5100,
Train Epoch: [21/30] Iters:[870/1875] loss 0.1218, rec_loss 0.0020, p_loss 0.0636, utilization 0.4575, perplexity 18996.7134,
Train Epoch: [21/30] Iters:[880/1875] loss 0.1201, rec_loss 0.0020, p_loss 0.0627, utilization 0.4554, perplexity 18852.6843,
Train Epoch: [21/30] Iters:[890/1875] loss 0.1223, rec_loss 0.0021, p_loss 0.0640, utilization 0.4571, perplexity 19055.0451,
Train Epoch: [21/30] Iters:[900/1875] loss 0.1226, rec_loss 0.0021, p_loss 0.0644, utilization 0.4556, perplexity 18951.5313,
Train Epoch: [21/30] Iters:[910/1875] loss 0.1226, rec_loss 0.0021, p_loss 0.0646, utilization 0.4550, perplexity 18883.4296,
Train Epoch: [21/30] Iters:[920/1875] loss 0.1236, rec_loss 0.0021, p_loss 0.0653, utilization 0.4575, perplexity 19135.3195,
Train Epoch: [21/30] Iters:[930/1875] loss 0.1244, rec_loss 0.0022, p_loss 0.0657, utilization 0.4572, perplexity 19029.6697,
Train Epoch: [21/30] Iters:[940/1875] loss 0.1222, rec_loss 0.0021, p_loss 0.0642, utilization 0.4569, perplexity 18907.2194,
Train Epoch: [21/30] Iters:[950/1875] loss 0.1223, rec_loss 0.0021, p_loss 0.0643, utilization 0.4577, perplexity 18935.0915,
Train Epoch: [21/30] Iters:[960/1875] loss 0.1226, rec_loss 0.0020, p_loss 0.0644, utilization 0.4587, perplexity 19092.8347,
Train Epoch: [21/30] Iters:[970/1875] loss 0.1214, rec_loss 0.0020, p_loss 0.0636, utilization 0.4577, perplexity 19006.1090,
Train Epoch: [21/30] Iters:[980/1875] loss 0.1206, rec_loss 0.0020, p_loss 0.0630, utilization 0.4579, perplexity 19074.3528,
Train Epoch: [21/30] Iters:[990/1875] loss 0.1215, rec_loss 0.0020, p_loss 0.0637, utilization 0.4575, perplexity 19128.8408,
Train Epoch: [21/30] Iters:[1000/1875] loss 0.1228, rec_loss 0.0021, p_loss 0.0646, utilization 0.4588, perplexity 19216.8015,
Train Epoch: [21/30] Iters:[1010/1875] loss 0.1221, rec_loss 0.0021, p_loss 0.0640, utilization 0.4583, perplexity 19211.8122,
Train Epoch: [21/30] Iters:[1020/1875] loss 0.1236, rec_loss 0.0022, p_loss 0.0649, utilization 0.4576, perplexity 19064.0701,
Train Epoch: [21/30] Iters:[1030/1875] loss 0.1238, rec_loss 0.0021, p_loss 0.0650, utilization 0.4585, perplexity 19273.4494,
Train Epoch: [21/30] Iters:[1040/1875] loss 0.1247, rec_loss 0.0022, p_loss 0.0655, utilization 0.4575, perplexity 19114.7690,
Train Epoch: [21/30] Iters:[1050/1875] loss 0.1235, rec_loss 0.0021, p_loss 0.0647, utilization 0.4566, perplexity 19173.2089,
Train Epoch: [21/30] Iters:[1060/1875] loss 0.1225, rec_loss 0.0020, p_loss 0.0643, utilization 0.4568, perplexity 19279.9633,
Train Epoch: [21/30] Iters:[1070/1875] loss 0.1216, rec_loss 0.0019, p_loss 0.0636, utilization 0.4603, perplexity 19710.3385,
Train Epoch: [21/30] Iters:[1080/1875] loss 0.1224, rec_loss 0.0020, p_loss 0.0641, utilization 0.4608, perplexity 19714.9490,
Train Epoch: [21/30] Iters:[1090/1875] loss 0.1221, rec_loss 0.0020, p_loss 0.0640, utilization 0.4621, perplexity 19845.8183,
Train Epoch: [21/30] Iters:[1100/1875] loss 0.1226, rec_loss 0.0020, p_loss 0.0641, utilization 0.4638, perplexity 19962.9863,
Train Epoch: [21/30] Iters:[1110/1875] loss 0.1241, rec_loss 0.0021, p_loss 0.0650, utilization 0.4630, perplexity 19711.6021,
Train Epoch: [21/30] Iters:[1120/1875] loss 0.1236, rec_loss 0.0021, p_loss 0.0648, utilization 0.4599, perplexity 19362.5012,
Train Epoch: [21/30] Iters:[1130/1875] loss 0.1229, rec_loss 0.0020, p_loss 0.0645, utilization 0.4599, perplexity 19347.8230,
Train Epoch: [21/30] Iters:[1140/1875] loss 0.1223, rec_loss 0.0020, p_loss 0.0642, utilization 0.4589, perplexity 19275.8275,
Train Epoch: [21/30] Iters:[1150/1875] loss 0.1224, rec_loss 0.0021, p_loss 0.0643, utilization 0.4574, perplexity 19130.0510,
Train Epoch: [21/30] Iters:[1160/1875] loss 0.1231, rec_loss 0.0021, p_loss 0.0646, utilization 0.4583, perplexity 19207.6390,
Train Epoch: [21/30] Iters:[1170/1875] loss 0.1230, rec_loss 0.0021, p_loss 0.0646, utilization 0.4579, perplexity 19149.4262,
Train Epoch: [21/30] Iters:[1180/1875] loss 0.1232, rec_loss 0.0021, p_loss 0.0645, utilization 0.4571, perplexity 19113.4882,
Train Epoch: [21/30] Iters:[1190/1875] loss 0.1226, rec_loss 0.0021, p_loss 0.0638, utilization 0.4577, perplexity 19087.8231,
Train Epoch: [21/30] Iters:[1200/1875] loss 0.1214, rec_loss 0.0020, p_loss 0.0635, utilization 0.4576, perplexity 19106.4068,
Train Epoch: [21/30] Iters:[1210/1875] loss 0.1198, rec_loss 0.0019, p_loss 0.0626, utilization 0.4569, perplexity 19142.1799,
Train Epoch: [21/30] Iters:[1220/1875] loss 0.1196, rec_loss 0.0019, p_loss 0.0624, utilization 0.4567, perplexity 19161.1138,
Train Epoch: [21/30] Iters:[1230/1875] loss 0.1191, rec_loss 0.0019, p_loss 0.0622, utilization 0.4571, perplexity 19148.1690,
Train Epoch: [21/30] Iters:[1240/1875] loss 0.1195, rec_loss 0.0019, p_loss 0.0626, utilization 0.4575, perplexity 19363.7576,
Train Epoch: [21/30] Iters:[1250/1875] loss 0.1196, rec_loss 0.0020, p_loss 0.0624, utilization 0.4565, perplexity 19302.3293,
Train Epoch: [21/30] Iters:[1260/1875] loss 0.1215, rec_loss 0.0020, p_loss 0.0635, utilization 0.4577, perplexity 19452.0733,
Train Epoch: [21/30] Iters:[1270/1875] loss 0.1228, rec_loss 0.0020, p_loss 0.0640, utilization 0.4597, perplexity 19548.9727,
Train Epoch: [21/30] Iters:[1280/1875] loss 0.1233, rec_loss 0.0021, p_loss 0.0645, utilization 0.4589, perplexity 19451.0865,
Train Epoch: [21/30] Iters:[1290/1875] loss 0.1233, rec_loss 0.0021, p_loss 0.0646, utilization 0.4581, perplexity 19360.4528,
Train Epoch: [21/30] Iters:[1300/1875] loss 0.1230, rec_loss 0.0020, p_loss 0.0642, utilization 0.4587, perplexity 19458.9629,
Train Epoch: [21/30] Iters:[1310/1875] loss 0.1227, rec_loss 0.0020, p_loss 0.0642, utilization 0.4584, perplexity 19363.6211,
Train Epoch: [21/30] Iters:[1320/1875] loss 0.1221, rec_loss 0.0020, p_loss 0.0639, utilization 0.4568, perplexity 19239.5968,
Train Epoch: [21/30] Iters:[1330/1875] loss 0.1233, rec_loss 0.0020, p_loss 0.0644, utilization 0.4586, perplexity 19431.2292,
Train Epoch: [21/30] Iters:[1340/1875] loss 0.1239, rec_loss 0.0020, p_loss 0.0648, utilization 0.4594, perplexity 19528.7611,
Train Epoch: [21/30] Iters:[1350/1875] loss 0.1246, rec_loss 0.0021, p_loss 0.0654, utilization 0.4603, perplexity 19531.5310,
Train Epoch: [21/30] Iters:[1360/1875] loss 0.1242, rec_loss 0.0021, p_loss 0.0652, utilization 0.4598, perplexity 19487.9789,
Train Epoch: [21/30] Iters:[1370/1875] loss 0.1236, rec_loss 0.0021, p_loss 0.0648, utilization 0.4602, perplexity 19549.8391,
Train Epoch: [21/30] Iters:[1380/1875] loss 0.1228, rec_loss 0.0020, p_loss 0.0644, utilization 0.4594, perplexity 19479.5724,
Train Epoch: [21/30] Iters:[1390/1875] loss 0.1220, rec_loss 0.0020, p_loss 0.0639, utilization 0.4590, perplexity 19388.5417,
Train Epoch: [21/30] Iters:[1400/1875] loss 0.1218, rec_loss 0.0020, p_loss 0.0637, utilization 0.4581, perplexity 19304.0918,
Train Epoch: [21/30] Iters:[1410/1875] loss 0.1214, rec_loss 0.0020, p_loss 0.0633, utilization 0.4577, perplexity 19183.2821,
Train Epoch: [21/30] Iters:[1420/1875] loss 0.1213, rec_loss 0.0020, p_loss 0.0633, utilization 0.4576, perplexity 19280.8585,
Train Epoch: [21/30] Iters:[1430/1875] loss 0.1214, rec_loss 0.0021, p_loss 0.0635, utilization 0.4576, perplexity 19302.7605,
Train Epoch: [21/30] Iters:[1440/1875] loss 0.1220, rec_loss 0.0021, p_loss 0.0641, utilization 0.4567, perplexity 19238.9681,
Train Epoch: [21/30] Iters:[1450/1875] loss 0.1219, rec_loss 0.0021, p_loss 0.0643, utilization 0.4574, perplexity 19271.7955,
Train Epoch: [21/30] Iters:[1460/1875] loss 0.1215, rec_loss 0.0020, p_loss 0.0643, utilization 0.4574, perplexity 19292.9110,
Train Epoch: [21/30] Iters:[1470/1875] loss 0.1215, rec_loss 0.0020, p_loss 0.0643, utilization 0.4578, perplexity 19258.7472,
Train Epoch: [21/30] Iters:[1480/1875] loss 0.1212, rec_loss 0.0020, p_loss 0.0638, utilization 0.4569, perplexity 19104.1904,
Train Epoch: [21/30] Iters:[1490/1875] loss 0.1205, rec_loss 0.0020, p_loss 0.0633, utilization 0.4565, perplexity 18957.1128,
Train Epoch: [21/30] Iters:[1500/1875] loss 0.1211, rec_loss 0.0020, p_loss 0.0634, utilization 0.4573, perplexity 19073.2715,
Train Epoch: [21/30] Iters:[1510/1875] loss 0.1211, rec_loss 0.0019, p_loss 0.0633, utilization 0.4582, perplexity 19230.7142,
Train Epoch: [21/30] Iters:[1520/1875] loss 0.1207, rec_loss 0.0019, p_loss 0.0632, utilization 0.4571, perplexity 19088.3815,
Train Epoch: [21/30] Iters:[1530/1875] loss 0.1205, rec_loss 0.0019, p_loss 0.0630, utilization 0.4588, perplexity 19280.6517,
Train Epoch: [21/30] Iters:[1540/1875] loss 0.1208, rec_loss 0.0019, p_loss 0.0630, utilization 0.4611, perplexity 19536.7058,
Train Epoch: [21/30] Iters:[1550/1875] loss 0.1200, rec_loss 0.0019, p_loss 0.0627, utilization 0.4599, perplexity 19427.1562,
Train Epoch: [21/30] Iters:[1560/1875] loss 0.1199, rec_loss 0.0019, p_loss 0.0627, utilization 0.4587, perplexity 19201.6884,
Train Epoch: [21/30] Iters:[1570/1875] loss 0.1213, rec_loss 0.0019, p_loss 0.0636, utilization 0.4590, perplexity 19199.4027,
Train Epoch: [21/30] Iters:[1580/1875] loss 0.1215, rec_loss 0.0019, p_loss 0.0640, utilization 0.4579, perplexity 19154.1977,
Train Epoch: [21/30] Iters:[1590/1875] loss 0.1217, rec_loss 0.0020, p_loss 0.0639, utilization 0.4590, perplexity 19294.2057,
Train Epoch: [21/30] Iters:[1600/1875] loss 0.1212, rec_loss 0.0020, p_loss 0.0635, utilization 0.4572, perplexity 19131.5446,
Train Epoch: [21/30] Iters:[1610/1875] loss 0.1217, rec_loss 0.0020, p_loss 0.0640, utilization 0.4578, perplexity 19154.2638,
Train Epoch: [21/30] Iters:[1620/1875] loss 0.1209, rec_loss 0.0020, p_loss 0.0633, utilization 0.4591, perplexity 19336.1649,
Train Epoch: [21/30] Iters:[1630/1875] loss 0.1215, rec_loss 0.0021, p_loss 0.0639, utilization 0.4580, perplexity 19091.8052,
Train Epoch: [21/30] Iters:[1640/1875] loss 0.1216, rec_loss 0.0021, p_loss 0.0641, utilization 0.4568, perplexity 18962.0918,
Train Epoch: [21/30] Iters:[1650/1875] loss 0.1220, rec_loss 0.0021, p_loss 0.0645, utilization 0.4589, perplexity 19193.7193,
Train Epoch: [21/30] Iters:[1660/1875] loss 0.1227, rec_loss 0.0021, p_loss 0.0649, utilization 0.4590, perplexity 19156.3403,
Train Epoch: [21/30] Iters:[1670/1875] loss 0.1234, rec_loss 0.0021, p_loss 0.0654, utilization 0.4593, perplexity 19123.6757,
Train Epoch: [21/30] Iters:[1680/1875] loss 0.1228, rec_loss 0.0020, p_loss 0.0647, utilization 0.4600, perplexity 19290.5992,
Train Epoch: [21/30] Iters:[1690/1875] loss 0.1230, rec_loss 0.0020, p_loss 0.0648, utilization 0.4604, perplexity 19418.2141,
Train Epoch: [21/30] Iters:[1700/1875] loss 0.1233, rec_loss 0.0021, p_loss 0.0648, utilization 0.4603, perplexity 19355.8506,
Train Epoch: [21/30] Iters:[1710/1875] loss 0.1232, rec_loss 0.0021, p_loss 0.0648, utilization 0.4618, perplexity 19601.6449,
Train Epoch: [21/30] Iters:[1720/1875] loss 0.1224, rec_loss 0.0021, p_loss 0.0644, utilization 0.4599, perplexity 19403.9404,
Train Epoch: [21/30] Iters:[1730/1875] loss 0.1224, rec_loss 0.0020, p_loss 0.0644, utilization 0.4613, perplexity 19507.7133,
Train Epoch: [21/30] Iters:[1740/1875] loss 0.1225, rec_loss 0.0021, p_loss 0.0647, utilization 0.4601, perplexity 19243.2114,
Train Epoch: [21/30] Iters:[1750/1875] loss 0.1222, rec_loss 0.0020, p_loss 0.0646, utilization 0.4588, perplexity 19108.1709,
Train Epoch: [21/30] Iters:[1760/1875] loss 0.1221, rec_loss 0.0020, p_loss 0.0644, utilization 0.4576, perplexity 19008.9023,
Train Epoch: [21/30] Iters:[1770/1875] loss 0.1234, rec_loss 0.0021, p_loss 0.0648, utilization 0.4582, perplexity 19126.6816,
Train Epoch: [21/30] Iters:[1780/1875] loss 0.1228, rec_loss 0.0021, p_loss 0.0642, utilization 0.4574, perplexity 19147.1829,
Train Epoch: [21/30] Iters:[1790/1875] loss 0.1220, rec_loss 0.0021, p_loss 0.0635, utilization 0.4576, perplexity 19248.4374,
Train Epoch: [21/30] Iters:[1800/1875] loss 0.1221, rec_loss 0.0021, p_loss 0.0637, utilization 0.4584, perplexity 19325.2274,
Train Epoch: [21/30] Iters:[1810/1875] loss 0.1223, rec_loss 0.0021, p_loss 0.0642, utilization 0.4581, perplexity 19300.8485,
Train Epoch: [21/30] Iters:[1820/1875] loss 0.1218, rec_loss 0.0021, p_loss 0.0641, utilization 0.4599, perplexity 19474.3188,
Train Epoch: [21/30] Iters:[1830/1875] loss 0.1221, rec_loss 0.0021, p_loss 0.0645, utilization 0.4612, perplexity 19628.0732,
Train Epoch: [21/30] Iters:[1840/1875] loss 0.1227, rec_loss 0.0021, p_loss 0.0650, utilization 0.4605, perplexity 19528.6289,
Train Epoch: [21/30] Iters:[1850/1875] loss 0.1236, rec_loss 0.0021, p_loss 0.0655, utilization 0.4610, perplexity 19578.5159,
Train Epoch: [21/30] Iters:[1860/1875] loss 0.1228, rec_loss 0.0021, p_loss 0.0645, utilization 0.4606, perplexity 19531.7996,
Train Epoch: [21/30] Iters:[1870/1875] loss 0.1228, rec_loss 0.0020, p_loss 0.0644, utilization 0.4609, perplexity 19648.8183,
epoch:22, cur_lr:0.000037
Train Epoch: [22/30] Iters:[10/1875] loss 0.1205, rec_loss 0.0020, p_loss 0.0625, utilization 0.4636, perplexity 19946.2260,
Train Epoch: [22/30] Iters:[20/1875] loss 0.1199, rec_loss 0.0020, p_loss 0.0624, utilization 0.4587, perplexity 19254.2203,
Train Epoch: [22/30] Iters:[30/1875] loss 0.1199, rec_loss 0.0020, p_loss 0.0625, utilization 0.4588, perplexity 19258.5017,
Train Epoch: [22/30] Iters:[40/1875] loss 0.1206, rec_loss 0.0020, p_loss 0.0629, utilization 0.4599, perplexity 19431.4566,
Train Epoch: [22/30] Iters:[50/1875] loss 0.1204, rec_loss 0.0020, p_loss 0.0629, utilization 0.4603, perplexity 19434.7440,
Train Epoch: [22/30] Iters:[60/1875] loss 0.1203, rec_loss 0.0020, p_loss 0.0629, utilization 0.4588, perplexity 19220.8446,
Train Epoch: [22/30] Iters:[70/1875] loss 0.1202, rec_loss 0.0020, p_loss 0.0629, utilization 0.4596, perplexity 19336.4742,
Train Epoch: [22/30] Iters:[80/1875] loss 0.1198, rec_loss 0.0020, p_loss 0.0625, utilization 0.4601, perplexity 19500.5198,
Train Epoch: [22/30] Iters:[90/1875] loss 0.1194, rec_loss 0.0020, p_loss 0.0621, utilization 0.4594, perplexity 19498.4021,
Train Epoch: [22/30] Iters:[100/1875] loss 0.1197, rec_loss 0.0020, p_loss 0.0622, utilization 0.4583, perplexity 19339.2203,
Train Epoch: [22/30] Iters:[110/1875] loss 0.1194, rec_loss 0.0019, p_loss 0.0621, utilization 0.4582, perplexity 19484.0224,
Train Epoch: [22/30] Iters:[120/1875] loss 0.1204, rec_loss 0.0019, p_loss 0.0625, utilization 0.4585, perplexity 19476.8645,
Train Epoch: [22/30] Iters:[130/1875] loss 0.1206, rec_loss 0.0019, p_loss 0.0628, utilization 0.4576, perplexity 19359.2666,
Train Epoch: [22/30] Iters:[140/1875] loss 0.1222, rec_loss 0.0020, p_loss 0.0639, utilization 0.4581, perplexity 19251.1504,
Train Epoch: [22/30] Iters:[150/1875] loss 0.1226, rec_loss 0.0020, p_loss 0.0641, utilization 0.4583, perplexity 19430.6583,
Train Epoch: [22/30] Iters:[160/1875] loss 0.1229, rec_loss 0.0021, p_loss 0.0642, utilization 0.4590, perplexity 19364.1523,
Train Epoch: [22/30] Iters:[170/1875] loss 0.1228, rec_loss 0.0021, p_loss 0.0642, utilization 0.4598, perplexity 19480.4810,
Train Epoch: [22/30] Iters:[180/1875] loss 0.1232, rec_loss 0.0021, p_loss 0.0644, utilization 0.4592, perplexity 19280.5509,
Train Epoch: [22/30] Iters:[190/1875] loss 0.1213, rec_loss 0.0021, p_loss 0.0633, utilization 0.4581, perplexity 19180.0617,
Train Epoch: [22/30] Iters:[200/1875] loss 0.1216, rec_loss 0.0020, p_loss 0.0636, utilization 0.4591, perplexity 19238.7080,
Train Epoch: [22/30] Iters:[210/1875] loss 0.1218, rec_loss 0.0020, p_loss 0.0638, utilization 0.4594, perplexity 19275.8386,
Train Epoch: [22/30] Iters:[220/1875] loss 0.1228, rec_loss 0.0021, p_loss 0.0644, utilization 0.4580, perplexity 19145.0177,
Train Epoch: [22/30] Iters:[230/1875] loss 0.1227, rec_loss 0.0021, p_loss 0.0646, utilization 0.4592, perplexity 19429.9109,
Train Epoch: [22/30] Iters:[240/1875] loss 0.1231, rec_loss 0.0021, p_loss 0.0646, utilization 0.4602, perplexity 19647.1549,
Train Epoch: [22/30] Iters:[250/1875] loss 0.1230, rec_loss 0.0021, p_loss 0.0646, utilization 0.4605, perplexity 19713.5712,
Train Epoch: [22/30] Iters:[260/1875] loss 0.1231, rec_loss 0.0021, p_loss 0.0648, utilization 0.4590, perplexity 19529.6617,
Train Epoch: [22/30] Iters:[270/1875] loss 0.1227, rec_loss 0.0020, p_loss 0.0644, utilization 0.4605, perplexity 19632.9710,
Train Epoch: [22/30] Iters:[280/1875] loss 0.1232, rec_loss 0.0020, p_loss 0.0644, utilization 0.4614, perplexity 19620.5902,
Train Epoch: [22/30] Iters:[290/1875] loss 0.1232, rec_loss 0.0021, p_loss 0.0645, utilization 0.4592, perplexity 19370.2664,
Train Epoch: [22/30] Iters:[300/1875] loss 0.1230, rec_loss 0.0021, p_loss 0.0646, utilization 0.4585, perplexity 19284.3170,
Train Epoch: [22/30] Iters:[310/1875] loss 0.1234, rec_loss 0.0021, p_loss 0.0644, utilization 0.4597, perplexity 19499.0791,
Train Epoch: [22/30] Iters:[320/1875] loss 0.1227, rec_loss 0.0021, p_loss 0.0642, utilization 0.4581, perplexity 19373.4043,
Train Epoch: [22/30] Iters:[330/1875] loss 0.1218, rec_loss 0.0021, p_loss 0.0637, utilization 0.4578, perplexity 19416.2254,
Train Epoch: [22/30] Iters:[340/1875] loss 0.1215, rec_loss 0.0020, p_loss 0.0637, utilization 0.4580, perplexity 19426.9422,
Train Epoch: [22/30] Iters:[350/1875] loss 0.1217, rec_loss 0.0021, p_loss 0.0636, utilization 0.4582, perplexity 19369.5385,
Train Epoch: [22/30] Iters:[360/1875] loss 0.1217, rec_loss 0.0020, p_loss 0.0637, utilization 0.4584, perplexity 19342.5449,
Train Epoch: [22/30] Iters:[370/1875] loss 0.1211, rec_loss 0.0020, p_loss 0.0636, utilization 0.4581, perplexity 19282.0379,
Train Epoch: [22/30] Iters:[380/1875] loss 0.1214, rec_loss 0.0020, p_loss 0.0636, utilization 0.4577, perplexity 19189.8669,
Train Epoch: [22/30] Iters:[390/1875] loss 0.1227, rec_loss 0.0020, p_loss 0.0643, utilization 0.4582, perplexity 19176.5696,
Train Epoch: [22/30] Iters:[400/1875] loss 0.1228, rec_loss 0.0021, p_loss 0.0643, utilization 0.4586, perplexity 19265.7332,
Train Epoch: [22/30] Iters:[410/1875] loss 0.1230, rec_loss 0.0021, p_loss 0.0645, utilization 0.4583, perplexity 19175.9808,
Train Epoch: [22/30] Iters:[420/1875] loss 0.1234, rec_loss 0.0021, p_loss 0.0644, utilization 0.4601, perplexity 19424.0330,
Train Epoch: [22/30] Iters:[430/1875] loss 0.1236, rec_loss 0.0021, p_loss 0.0648, utilization 0.4593, perplexity 19411.6954,
Train Epoch: [22/30] Iters:[440/1875] loss 0.1226, rec_loss 0.0021, p_loss 0.0641, utilization 0.4600, perplexity 19454.2253,
Train Epoch: [22/30] Iters:[450/1875] loss 0.1223, rec_loss 0.0020, p_loss 0.0639, utilization 0.4601, perplexity 19473.3116,
Train Epoch: [22/30] Iters:[460/1875] loss 0.1215, rec_loss 0.0020, p_loss 0.0633, utilization 0.4594, perplexity 19520.1714,
Train Epoch: [22/30] Iters:[470/1875] loss 0.1216, rec_loss 0.0020, p_loss 0.0636, utilization 0.4596, perplexity 19459.4860,
Train Epoch: [22/30] Iters:[480/1875] loss 0.1216, rec_loss 0.0019, p_loss 0.0636, utilization 0.4598, perplexity 19352.6907,
Train Epoch: [22/30] Iters:[490/1875] loss 0.1221, rec_loss 0.0019, p_loss 0.0640, utilization 0.4600, perplexity 19454.2259,
Train Epoch: [22/30] Iters:[500/1875] loss 0.1211, rec_loss 0.0019, p_loss 0.0635, utilization 0.4591, perplexity 19366.6116,
Train Epoch: [22/30] Iters:[510/1875] loss 0.1216, rec_loss 0.0019, p_loss 0.0638, utilization 0.4603, perplexity 19446.8558,
Train Epoch: [22/30] Iters:[520/1875] loss 0.1217, rec_loss 0.0019, p_loss 0.0641, utilization 0.4590, perplexity 19324.0248,
Train Epoch: [22/30] Iters:[530/1875] loss 0.1223, rec_loss 0.0019, p_loss 0.0643, utilization 0.4606, perplexity 19518.8234,
Train Epoch: [22/30] Iters:[540/1875] loss 0.1222, rec_loss 0.0020, p_loss 0.0643, utilization 0.4596, perplexity 19457.9332,
Train Epoch: [22/30] Iters:[550/1875] loss 0.1234, rec_loss 0.0020, p_loss 0.0652, utilization 0.4591, perplexity 19330.7416,
Train Epoch: [22/30] Iters:[560/1875] loss 0.1233, rec_loss 0.0020, p_loss 0.0653, utilization 0.4586, perplexity 19253.1454,
Train Epoch: [22/30] Iters:[570/1875] loss 0.1236, rec_loss 0.0021, p_loss 0.0654, utilization 0.4600, perplexity 19420.8396,
Train Epoch: [22/30] Iters:[580/1875] loss 0.1229, rec_loss 0.0021, p_loss 0.0650, utilization 0.4583, perplexity 19203.5582,
Train Epoch: [22/30] Iters:[590/1875] loss 0.1219, rec_loss 0.0021, p_loss 0.0643, utilization 0.4578, perplexity 19134.5564,
Train Epoch: [22/30] Iters:[600/1875] loss 0.1211, rec_loss 0.0020, p_loss 0.0638, utilization 0.4576, perplexity 19123.7746,
Train Epoch: [22/30] Iters:[610/1875] loss 0.1218, rec_loss 0.0020, p_loss 0.0636, utilization 0.4603, perplexity 19395.2561,
Train Epoch: [22/30] Iters:[620/1875] loss 0.1212, rec_loss 0.0020, p_loss 0.0633, utilization 0.4586, perplexity 19213.1797,
Train Epoch: [22/30] Iters:[630/1875] loss 0.1210, rec_loss 0.0020, p_loss 0.0631, utilization 0.4591, perplexity 19300.7090,
Train Epoch: [22/30] Iters:[640/1875] loss 0.1214, rec_loss 0.0021, p_loss 0.0632, utilization 0.4614, perplexity 19516.4043,
Train Epoch: [22/30] Iters:[650/1875] loss 0.1217, rec_loss 0.0021, p_loss 0.0633, utilization 0.4614, perplexity 19571.2064,
Train Epoch: [22/30] Iters:[660/1875] loss 0.1213, rec_loss 0.0021, p_loss 0.0633, utilization 0.4600, perplexity 19530.5753,
Train Epoch: [22/30] Iters:[670/1875] loss 0.1209, rec_loss 0.0021, p_loss 0.0631, utilization 0.4599, perplexity 19561.1846,
Train Epoch: [22/30] Iters:[680/1875] loss 0.1210, rec_loss 0.0021, p_loss 0.0632, utilization 0.4575, perplexity 19327.2433,
Train Epoch: [22/30] Iters:[690/1875] loss 0.1215, rec_loss 0.0020, p_loss 0.0637, utilization 0.4551, perplexity 19023.1055,
Train Epoch: [22/30] Iters:[700/1875] loss 0.1214, rec_loss 0.0020, p_loss 0.0637, utilization 0.4563, perplexity 19125.3355,
Train Epoch: [22/30] Iters:[710/1875] loss 0.1216, rec_loss 0.0020, p_loss 0.0639, utilization 0.4562, perplexity 19079.0539,
Train Epoch: [22/30] Iters:[720/1875] loss 0.1220, rec_loss 0.0020, p_loss 0.0642, utilization 0.4570, perplexity 19209.2938,
Train Epoch: [22/30] Iters:[730/1875] loss 0.1222, rec_loss 0.0020, p_loss 0.0642, utilization 0.4580, perplexity 19296.0035,
Train Epoch: [22/30] Iters:[740/1875] loss 0.1218, rec_loss 0.0020, p_loss 0.0637, utilization 0.4597, perplexity 19552.0796,
Train Epoch: [22/30] Iters:[750/1875] loss 0.1216, rec_loss 0.0021, p_loss 0.0633, utilization 0.4580, perplexity 19369.0497,
Train Epoch: [22/30] Iters:[760/1875] loss 0.1215, rec_loss 0.0020, p_loss 0.0632, utilization 0.4574, perplexity 19283.2677,
Train Epoch: [22/30] Iters:[770/1875] loss 0.1208, rec_loss 0.0020, p_loss 0.0625, utilization 0.4573, perplexity 19189.0312,
Train Epoch: [22/30] Iters:[780/1875] loss 0.1207, rec_loss 0.0020, p_loss 0.0626, utilization 0.4578, perplexity 19304.6465,
Train Epoch: [22/30] Iters:[790/1875] loss 0.1208, rec_loss 0.0020, p_loss 0.0627, utilization 0.4595, perplexity 19412.5605,
Train Epoch: [22/30] Iters:[800/1875] loss 0.1209, rec_loss 0.0020, p_loss 0.0627, utilization 0.4608, perplexity 19479.4494,
Train Epoch: [22/30] Iters:[810/1875] loss 0.1201, rec_loss 0.0020, p_loss 0.0624, utilization 0.4603, perplexity 19454.7528,
Train Epoch: [22/30] Iters:[820/1875] loss 0.1214, rec_loss 0.0020, p_loss 0.0633, utilization 0.4598, perplexity 19511.1840,
Train Epoch: [22/30] Iters:[830/1875] loss 0.1221, rec_loss 0.0021, p_loss 0.0636, utilization 0.4598, perplexity 19471.1599,
Train Epoch: [22/30] Iters:[840/1875] loss 0.1214, rec_loss 0.0020, p_loss 0.0635, utilization 0.4572, perplexity 19262.0020,
Train Epoch: [22/30] Iters:[850/1875] loss 0.1212, rec_loss 0.0021, p_loss 0.0635, utilization 0.4570, perplexity 19341.1090,
Train Epoch: [22/30] Iters:[860/1875] loss 0.1214, rec_loss 0.0021, p_loss 0.0637, utilization 0.4556, perplexity 19209.4275,
Train Epoch: [22/30] Iters:[870/1875] loss 0.1214, rec_loss 0.0021, p_loss 0.0637, utilization 0.4569, perplexity 19252.7571,
Train Epoch: [22/30] Iters:[880/1875] loss 0.1211, rec_loss 0.0020, p_loss 0.0635, utilization 0.4561, perplexity 19233.3792,
Train Epoch: [22/30] Iters:[890/1875] loss 0.1216, rec_loss 0.0020, p_loss 0.0637, utilization 0.4560, perplexity 19115.8166,
Train Epoch: [22/30] Iters:[900/1875] loss 0.1218, rec_loss 0.0020, p_loss 0.0639, utilization 0.4565, perplexity 19167.6606,
Train Epoch: [22/30] Iters:[910/1875] loss 0.1224, rec_loss 0.0020, p_loss 0.0643, utilization 0.4576, perplexity 19116.8159,
Train Epoch: [22/30] Iters:[920/1875] loss 0.1214, rec_loss 0.0020, p_loss 0.0638, utilization 0.4564, perplexity 18960.3028,
Train Epoch: [22/30] Iters:[930/1875] loss 0.1213, rec_loss 0.0020, p_loss 0.0637, utilization 0.4587, perplexity 19163.0526,
Train Epoch: [22/30] Iters:[940/1875] loss 0.1232, rec_loss 0.0021, p_loss 0.0647, utilization 0.4612, perplexity 19453.7292,
Train Epoch: [22/30] Iters:[950/1875] loss 0.1225, rec_loss 0.0021, p_loss 0.0642, utilization 0.4608, perplexity 19382.0843,
Train Epoch: [22/30] Iters:[960/1875] loss 0.1220, rec_loss 0.0022, p_loss 0.0639, utilization 0.4611, perplexity 19590.0834,
Train Epoch: [22/30] Iters:[970/1875] loss 0.1225, rec_loss 0.0021, p_loss 0.0644, utilization 0.4612, perplexity 19696.4026,
Train Epoch: [22/30] Iters:[980/1875] loss 0.1235, rec_loss 0.0022, p_loss 0.0651, utilization 0.4614, perplexity 19671.8049,
Train Epoch: [22/30] Iters:[990/1875] loss 0.1223, rec_loss 0.0021, p_loss 0.0643, utilization 0.4604, perplexity 19637.5223,
Train Epoch: [22/30] Iters:[1000/1875] loss 0.1226, rec_loss 0.0021, p_loss 0.0649, utilization 0.4592, perplexity 19446.8967,
Train Epoch: [22/30] Iters:[1010/1875] loss 0.1227, rec_loss 0.0020, p_loss 0.0650, utilization 0.4588, perplexity 19349.8048,
Train Epoch: [22/30] Iters:[1020/1875] loss 0.1227, rec_loss 0.0021, p_loss 0.0646, utilization 0.4588, perplexity 19284.1408,
Train Epoch: [22/30] Iters:[1030/1875] loss 0.1219, rec_loss 0.0020, p_loss 0.0641, utilization 0.4569, perplexity 19111.5260,
Train Epoch: [22/30] Iters:[1040/1875] loss 0.1206, rec_loss 0.0020, p_loss 0.0632, utilization 0.4559, perplexity 19016.7760,
Train Epoch: [22/30] Iters:[1050/1875] loss 0.1218, rec_loss 0.0021, p_loss 0.0637, utilization 0.4576, perplexity 19147.0806,
Train Epoch: [22/30] Iters:[1060/1875] loss 0.1223, rec_loss 0.0021, p_loss 0.0639, utilization 0.4582, perplexity 19198.6991,
Train Epoch: [22/30] Iters:[1070/1875] loss 0.1223, rec_loss 0.0021, p_loss 0.0639, utilization 0.4587, perplexity 19215.6555,
Train Epoch: [22/30] Iters:[1080/1875] loss 0.1217, rec_loss 0.0021, p_loss 0.0636, utilization 0.4591, perplexity 19179.3292,
Train Epoch: [22/30] Iters:[1090/1875] loss 0.1225, rec_loss 0.0021, p_loss 0.0640, utilization 0.4596, perplexity 19213.9742,
Train Epoch: [22/30] Iters:[1100/1875] loss 0.1216, rec_loss 0.0021, p_loss 0.0636, utilization 0.4595, perplexity 19243.9221,
Train Epoch: [22/30] Iters:[1110/1875] loss 0.1220, rec_loss 0.0021, p_loss 0.0638, utilization 0.4597, perplexity 19192.1025,
Train Epoch: [22/30] Iters:[1120/1875] loss 0.1227, rec_loss 0.0021, p_loss 0.0642, utilization 0.4598, perplexity 19265.7142,
Train Epoch: [22/30] Iters:[1130/1875] loss 0.1229, rec_loss 0.0021, p_loss 0.0643, utilization 0.4607, perplexity 19323.7721,
Train Epoch: [22/30] Iters:[1140/1875] loss 0.1243, rec_loss 0.0022, p_loss 0.0655, utilization 0.4613, perplexity 19435.5873,
Train Epoch: [22/30] Iters:[1150/1875] loss 0.1245, rec_loss 0.0022, p_loss 0.0653, utilization 0.4614, perplexity 19519.2524,
Train Epoch: [22/30] Iters:[1160/1875] loss 0.1233, rec_loss 0.0021, p_loss 0.0647, utilization 0.4607, perplexity 19525.4409,
Train Epoch: [22/30] Iters:[1170/1875] loss 0.1234, rec_loss 0.0021, p_loss 0.0649, utilization 0.4605, perplexity 19453.9641,
Train Epoch: [22/30] Iters:[1180/1875] loss 0.1242, rec_loss 0.0021, p_loss 0.0653, utilization 0.4608, perplexity 19519.8696,
Train Epoch: [22/30] Iters:[1190/1875] loss 0.1225, rec_loss 0.0021, p_loss 0.0641, utilization 0.4603, perplexity 19421.6142,
Train Epoch: [22/30] Iters:[1200/1875] loss 0.1226, rec_loss 0.0020, p_loss 0.0646, utilization 0.4591, perplexity 19259.8875,
Train Epoch: [22/30] Iters:[1210/1875] loss 0.1233, rec_loss 0.0021, p_loss 0.0650, utilization 0.4591, perplexity 19129.5564,
Train Epoch: [22/30] Iters:[1220/1875] loss 0.1231, rec_loss 0.0021, p_loss 0.0648, utilization 0.4596, perplexity 19239.7992,
Train Epoch: [22/30] Iters:[1230/1875] loss 0.1226, rec_loss 0.0021, p_loss 0.0646, utilization 0.4587, perplexity 19253.5310,
Train Epoch: [22/30] Iters:[1240/1875] loss 0.1226, rec_loss 0.0021, p_loss 0.0646, utilization 0.4578, perplexity 19202.2019,
Train Epoch: [22/30] Iters:[1250/1875] loss 0.1225, rec_loss 0.0022, p_loss 0.0642, utilization 0.4588, perplexity 19239.1858,
Train Epoch: [22/30] Iters:[1260/1875] loss 0.1215, rec_loss 0.0021, p_loss 0.0636, utilization 0.4587, perplexity 19299.5851,
Train Epoch: [22/30] Iters:[1270/1875] loss 0.1205, rec_loss 0.0020, p_loss 0.0627, utilization 0.4582, perplexity 19278.7488,
Train Epoch: [22/30] Iters:[1280/1875] loss 0.1200, rec_loss 0.0020, p_loss 0.0625, utilization 0.4582, perplexity 19144.7818,
Train Epoch: [22/30] Iters:[1290/1875] loss 0.1200, rec_loss 0.0020, p_loss 0.0626, utilization 0.4576, perplexity 19045.9274,
Train Epoch: [22/30] Iters:[1300/1875] loss 0.1203, rec_loss 0.0020, p_loss 0.0630, utilization 0.4577, perplexity 19119.9835,
Train Epoch: [22/30] Iters:[1310/1875] loss 0.1205, rec_loss 0.0020, p_loss 0.0631, utilization 0.4570, perplexity 19056.3885,
Train Epoch: [22/30] Iters:[1320/1875] loss 0.1207, rec_loss 0.0021, p_loss 0.0632, utilization 0.4560, perplexity 18800.2098,
Train Epoch: [22/30] Iters:[1330/1875] loss 0.1219, rec_loss 0.0021, p_loss 0.0638, utilization 0.4559, perplexity 18821.9644,
Train Epoch: [22/30] Iters:[1340/1875] loss 0.1219, rec_loss 0.0021, p_loss 0.0639, utilization 0.4573, perplexity 18858.8583,
Train Epoch: [22/30] Iters:[1350/1875] loss 0.1219, rec_loss 0.0020, p_loss 0.0638, utilization 0.4576, perplexity 18855.6232,
Train Epoch: [22/30] Iters:[1360/1875] loss 0.1220, rec_loss 0.0020, p_loss 0.0638, utilization 0.4572, perplexity 18900.1352,
Train Epoch: [22/30] Iters:[1370/1875] loss 0.1222, rec_loss 0.0020, p_loss 0.0639, utilization 0.4593, perplexity 19183.2355,
Train Epoch: [22/30] Iters:[1380/1875] loss 0.1216, rec_loss 0.0020, p_loss 0.0636, utilization 0.4579, perplexity 19097.8108,
Train Epoch: [22/30] Iters:[1390/1875] loss 0.1214, rec_loss 0.0020, p_loss 0.0632, utilization 0.4577, perplexity 19199.2904,
Train Epoch: [22/30] Iters:[1400/1875] loss 0.1209, rec_loss 0.0020, p_loss 0.0630, utilization 0.4579, perplexity 19283.3370,
Train Epoch: [22/30] Iters:[1410/1875] loss 0.1214, rec_loss 0.0020, p_loss 0.0634, utilization 0.4585, perplexity 19244.0401,
Train Epoch: [22/30] Iters:[1420/1875] loss 0.1216, rec_loss 0.0020, p_loss 0.0635, utilization 0.4589, perplexity 19248.8273,
Train Epoch: [22/30] Iters:[1430/1875] loss 0.1210, rec_loss 0.0020, p_loss 0.0631, utilization 0.4606, perplexity 19398.3415,
Train Epoch: [22/30] Iters:[1440/1875] loss 0.1212, rec_loss 0.0021, p_loss 0.0633, utilization 0.4599, perplexity 19259.1617,
Train Epoch: [22/30] Iters:[1450/1875] loss 0.1213, rec_loss 0.0020, p_loss 0.0632, utilization 0.4591, perplexity 19160.9860,
Train Epoch: [22/30] Iters:[1460/1875] loss 0.1219, rec_loss 0.0020, p_loss 0.0636, utilization 0.4610, perplexity 19371.1583,
Train Epoch: [22/30] Iters:[1470/1875] loss 0.1218, rec_loss 0.0020, p_loss 0.0636, utilization 0.4589, perplexity 19186.1462,
Train Epoch: [22/30] Iters:[1480/1875] loss 0.1222, rec_loss 0.0020, p_loss 0.0639, utilization 0.4585, perplexity 19165.5374,
Train Epoch: [22/30] Iters:[1490/1875] loss 0.1232, rec_loss 0.0020, p_loss 0.0645, utilization 0.4597, perplexity 19303.1214,
Train Epoch: [22/30] Iters:[1500/1875] loss 0.1230, rec_loss 0.0020, p_loss 0.0645, utilization 0.4600, perplexity 19355.1980,
Train Epoch: [22/30] Iters:[1510/1875] loss 0.1220, rec_loss 0.0020, p_loss 0.0637, utilization 0.4590, perplexity 19291.3975,
Train Epoch: [22/30] Iters:[1520/1875] loss 0.1212, rec_loss 0.0020, p_loss 0.0633, utilization 0.4587, perplexity 19320.8677,
Train Epoch: [22/30] Iters:[1530/1875] loss 0.1209, rec_loss 0.0020, p_loss 0.0630, utilization 0.4577, perplexity 19150.4725,
Train Epoch: [22/30] Iters:[1540/1875] loss 0.1203, rec_loss 0.0020, p_loss 0.0624, utilization 0.4586, perplexity 19291.0827,
Train Epoch: [22/30] Iters:[1550/1875] loss 0.1203, rec_loss 0.0020, p_loss 0.0624, utilization 0.4590, perplexity 19318.6799,
Train Epoch: [22/30] Iters:[1560/1875] loss 0.1218, rec_loss 0.0021, p_loss 0.0634, utilization 0.4589, perplexity 19262.0233,
Train Epoch: [22/30] Iters:[1570/1875] loss 0.1222, rec_loss 0.0021, p_loss 0.0638, utilization 0.4579, perplexity 19159.5966,
Train Epoch: [22/30] Iters:[1580/1875] loss 0.1217, rec_loss 0.0021, p_loss 0.0635, utilization 0.4589, perplexity 19355.6319,
Train Epoch: [22/30] Iters:[1590/1875] loss 0.1221, rec_loss 0.0021, p_loss 0.0640, utilization 0.4576, perplexity 19198.3112,
Train Epoch: [22/30] Iters:[1600/1875] loss 0.1219, rec_loss 0.0021, p_loss 0.0639, utilization 0.4562, perplexity 19040.3077,
Train Epoch: [22/30] Iters:[1610/1875] loss 0.1199, rec_loss 0.0020, p_loss 0.0628, utilization 0.4561, perplexity 19091.3262,
Train Epoch: [22/30] Iters:[1620/1875] loss 0.1205, rec_loss 0.0020, p_loss 0.0630, utilization 0.4580, perplexity 19127.3297,
Train Epoch: [22/30] Iters:[1630/1875] loss 0.1216, rec_loss 0.0021, p_loss 0.0637, utilization 0.4578, perplexity 19123.7061,
Train Epoch: [22/30] Iters:[1640/1875] loss 0.1212, rec_loss 0.0020, p_loss 0.0635, utilization 0.4575, perplexity 19122.9063,
Train Epoch: [22/30] Iters:[1650/1875] loss 0.1225, rec_loss 0.0021, p_loss 0.0642, utilization 0.4576, perplexity 19119.6095,
Train Epoch: [22/30] Iters:[1660/1875] loss 0.1225, rec_loss 0.0021, p_loss 0.0639, utilization 0.4582, perplexity 19060.0563,
Train Epoch: [22/30] Iters:[1670/1875] loss 0.1218, rec_loss 0.0021, p_loss 0.0635, utilization 0.4567, perplexity 19041.5722,
Train Epoch: [22/30] Iters:[1680/1875] loss 0.1217, rec_loss 0.0021, p_loss 0.0634, utilization 0.4581, perplexity 19116.1271,
Train Epoch: [22/30] Iters:[1690/1875] loss 0.1208, rec_loss 0.0020, p_loss 0.0629, utilization 0.4573, perplexity 18967.6751,
Train Epoch: [22/30] Iters:[1700/1875] loss 0.1189, rec_loss 0.0020, p_loss 0.0618, utilization 0.4592, perplexity 19274.9310,
Train Epoch: [22/30] Iters:[1710/1875] loss 0.1196, rec_loss 0.0020, p_loss 0.0626, utilization 0.4587, perplexity 19365.0510,
Train Epoch: [22/30] Iters:[1720/1875] loss 0.1214, rec_loss 0.0021, p_loss 0.0636, utilization 0.4608, perplexity 19524.8582,
Train Epoch: [22/30] Iters:[1730/1875] loss 0.1215, rec_loss 0.0021, p_loss 0.0634, utilization 0.4596, perplexity 19462.1335,
Train Epoch: [22/30] Iters:[1740/1875] loss 0.1227, rec_loss 0.0021, p_loss 0.0643, utilization 0.4610, perplexity 19579.5524,
Train Epoch: [22/30] Iters:[1750/1875] loss 0.1242, rec_loss 0.0021, p_loss 0.0653, utilization 0.4605, perplexity 19440.4292,
Train Epoch: [22/30] Iters:[1760/1875] loss 0.1239, rec_loss 0.0021, p_loss 0.0648, utilization 0.4615, perplexity 19493.0980,
Train Epoch: [22/30] Iters:[1770/1875] loss 0.1213, rec_loss 0.0020, p_loss 0.0633, utilization 0.4596, perplexity 19431.2818,
Train Epoch: [22/30] Iters:[1780/1875] loss 0.1209, rec_loss 0.0020, p_loss 0.0632, utilization 0.4602, perplexity 19461.1933,
Train Epoch: [22/30] Iters:[1790/1875] loss 0.1197, rec_loss 0.0020, p_loss 0.0623, utilization 0.4604, perplexity 19515.1468,
Train Epoch: [22/30] Iters:[1800/1875] loss 0.1192, rec_loss 0.0019, p_loss 0.0618, utilization 0.4609, perplexity 19506.3178,
Train Epoch: [22/30] Iters:[1810/1875] loss 0.1193, rec_loss 0.0019, p_loss 0.0620, utilization 0.4598, perplexity 19435.7534,
Train Epoch: [22/30] Iters:[1820/1875] loss 0.1211, rec_loss 0.0020, p_loss 0.0632, utilization 0.4606, perplexity 19505.6635,
Train Epoch: [22/30] Iters:[1830/1875] loss 0.1214, rec_loss 0.0020, p_loss 0.0631, utilization 0.4614, perplexity 19576.2378,
Train Epoch: [22/30] Iters:[1840/1875] loss 0.1222, rec_loss 0.0020, p_loss 0.0635, utilization 0.4614, perplexity 19637.9971,
Train Epoch: [22/30] Iters:[1850/1875] loss 0.1233, rec_loss 0.0021, p_loss 0.0644, utilization 0.4599, perplexity 19496.9986,
Train Epoch: [22/30] Iters:[1860/1875] loss 0.1246, rec_loss 0.0022, p_loss 0.0654, utilization 0.4607, perplexity 19549.0240,
Train Epoch: [22/30] Iters:[1870/1875] loss 0.1243, rec_loss 0.0022, p_loss 0.0651, utilization 0.4623, perplexity 19655.1412,
epoch:23, cur_lr:0.000034
Train Epoch: [23/30] Iters:[10/1875] loss 0.1181, rec_loss 0.0019, p_loss 0.0611, utilization 0.4570, perplexity 19162.6924,
Train Epoch: [23/30] Iters:[20/1875] loss 0.1185, rec_loss 0.0019, p_loss 0.0614, utilization 0.4566, perplexity 19091.4086,
Train Epoch: [23/30] Iters:[30/1875] loss 0.1214, rec_loss 0.0020, p_loss 0.0633, utilization 0.4587, perplexity 19356.3970,
Train Epoch: [23/30] Iters:[40/1875] loss 0.1214, rec_loss 0.0020, p_loss 0.0631, utilization 0.4594, perplexity 19424.0477,
Train Epoch: [23/30] Iters:[50/1875] loss 0.1219, rec_loss 0.0020, p_loss 0.0633, utilization 0.4599, perplexity 19458.4794,
Train Epoch: [23/30] Iters:[60/1875] loss 0.1223, rec_loss 0.0020, p_loss 0.0637, utilization 0.4586, perplexity 19277.8903,
Train Epoch: [23/30] Iters:[70/1875] loss 0.1240, rec_loss 0.0021, p_loss 0.0649, utilization 0.4599, perplexity 19486.1934,
Train Epoch: [23/30] Iters:[80/1875] loss 0.1229, rec_loss 0.0021, p_loss 0.0642, utilization 0.4582, perplexity 19268.0115,
Train Epoch: [23/30] Iters:[90/1875] loss 0.1233, rec_loss 0.0021, p_loss 0.0648, utilization 0.4577, perplexity 19184.8404,
Train Epoch: [23/30] Iters:[100/1875] loss 0.1231, rec_loss 0.0021, p_loss 0.0647, utilization 0.4582, perplexity 19346.6138,
Train Epoch: [23/30] Iters:[110/1875] loss 0.1240, rec_loss 0.0022, p_loss 0.0651, utilization 0.4608, perplexity 19620.1619,
Train Epoch: [23/30] Iters:[120/1875] loss 0.1224, rec_loss 0.0022, p_loss 0.0638, utilization 0.4597, perplexity 19470.3792,
Train Epoch: [23/30] Iters:[130/1875] loss 0.1226, rec_loss 0.0022, p_loss 0.0638, utilization 0.4618, perplexity 19634.8804,
Train Epoch: [23/30] Iters:[140/1875] loss 0.1212, rec_loss 0.0021, p_loss 0.0629, utilization 0.4606, perplexity 19522.4003,
Train Epoch: [23/30] Iters:[150/1875] loss 0.1219, rec_loss 0.0022, p_loss 0.0636, utilization 0.4594, perplexity 19314.9889,
Train Epoch: [23/30] Iters:[160/1875] loss 0.1219, rec_loss 0.0022, p_loss 0.0636, utilization 0.4592, perplexity 19300.9219,
Train Epoch: [23/30] Iters:[170/1875] loss 0.1224, rec_loss 0.0021, p_loss 0.0641, utilization 0.4599, perplexity 19401.9238,
Train Epoch: [23/30] Iters:[180/1875] loss 0.1213, rec_loss 0.0021, p_loss 0.0635, utilization 0.4581, perplexity 19286.3909,
Train Epoch: [23/30] Iters:[190/1875] loss 0.1222, rec_loss 0.0020, p_loss 0.0639, utilization 0.4596, perplexity 19449.4951,
Train Epoch: [23/30] Iters:[200/1875] loss 0.1208, rec_loss 0.0020, p_loss 0.0628, utilization 0.4599, perplexity 19521.8049,
Train Epoch: [23/30] Iters:[210/1875] loss 0.1205, rec_loss 0.0019, p_loss 0.0627, utilization 0.4602, perplexity 19631.8154,
Train Epoch: [23/30] Iters:[220/1875] loss 0.1200, rec_loss 0.0019, p_loss 0.0623, utilization 0.4602, perplexity 19527.4055,
Train Epoch: [23/30] Iters:[230/1875] loss 0.1212, rec_loss 0.0020, p_loss 0.0631, utilization 0.4615, perplexity 19657.5448,
Train Epoch: [23/30] Iters:[240/1875] loss 0.1214, rec_loss 0.0020, p_loss 0.0635, utilization 0.4613, perplexity 19635.3524,
Train Epoch: [23/30] Iters:[250/1875] loss 0.1220, rec_loss 0.0020, p_loss 0.0640, utilization 0.4627, perplexity 19746.9632,
Train Epoch: [23/30] Iters:[260/1875] loss 0.1222, rec_loss 0.0020, p_loss 0.0642, utilization 0.4617, perplexity 19591.1310,
Train Epoch: [23/30] Iters:[270/1875] loss 0.1229, rec_loss 0.0021, p_loss 0.0646, utilization 0.4613, perplexity 19593.9377,
Train Epoch: [23/30] Iters:[280/1875] loss 0.1233, rec_loss 0.0021, p_loss 0.0647, utilization 0.4609, perplexity 19500.7655,
Train Epoch: [23/30] Iters:[290/1875] loss 0.1238, rec_loss 0.0021, p_loss 0.0650, utilization 0.4609, perplexity 19484.8201,
Train Epoch: [23/30] Iters:[300/1875] loss 0.1231, rec_loss 0.0021, p_loss 0.0643, utilization 0.4598, perplexity 19435.1876,
Train Epoch: [23/30] Iters:[310/1875] loss 0.1225, rec_loss 0.0021, p_loss 0.0639, utilization 0.4588, perplexity 19240.9742,
Train Epoch: [23/30] Iters:[320/1875] loss 0.1228, rec_loss 0.0021, p_loss 0.0640, utilization 0.4596, perplexity 19339.6667,
Train Epoch: [23/30] Iters:[330/1875] loss 0.1215, rec_loss 0.0021, p_loss 0.0632, utilization 0.4588, perplexity 19407.7586,
Train Epoch: [23/30] Iters:[340/1875] loss 0.1205, rec_loss 0.0020, p_loss 0.0625, utilization 0.4590, perplexity 19468.7566,
Train Epoch: [23/30] Iters:[350/1875] loss 0.1211, rec_loss 0.0021, p_loss 0.0631, utilization 0.4576, perplexity 19290.3318,
Train Epoch: [23/30] Iters:[360/1875] loss 0.1210, rec_loss 0.0021, p_loss 0.0631, utilization 0.4584, perplexity 19466.3065,
Train Epoch: [23/30] Iters:[370/1875] loss 0.1208, rec_loss 0.0021, p_loss 0.0631, utilization 0.4581, perplexity 19371.9707,
Train Epoch: [23/30] Iters:[380/1875] loss 0.1213, rec_loss 0.0020, p_loss 0.0635, utilization 0.4582, perplexity 19330.8719,
Train Epoch: [23/30] Iters:[390/1875] loss 0.1220, rec_loss 0.0020, p_loss 0.0641, utilization 0.4585, perplexity 19290.2177,
Train Epoch: [23/30] Iters:[400/1875] loss 0.1220, rec_loss 0.0020, p_loss 0.0642, utilization 0.4605, perplexity 19553.4994,
Train Epoch: [23/30] Iters:[410/1875] loss 0.1233, rec_loss 0.0021, p_loss 0.0651, utilization 0.4625, perplexity 19775.3436,
Train Epoch: [23/30] Iters:[420/1875] loss 0.1227, rec_loss 0.0020, p_loss 0.0647, utilization 0.4630, perplexity 19922.8589,
Train Epoch: [23/30] Iters:[430/1875] loss 0.1227, rec_loss 0.0021, p_loss 0.0643, utilization 0.4638, perplexity 20003.2844,
Train Epoch: [23/30] Iters:[440/1875] loss 0.1227, rec_loss 0.0021, p_loss 0.0643, utilization 0.4642, perplexity 20070.4909,
Train Epoch: [23/30] Iters:[450/1875] loss 0.1223, rec_loss 0.0021, p_loss 0.0641, utilization 0.4621, perplexity 19750.2341,
Train Epoch: [23/30] Iters:[460/1875] loss 0.1202, rec_loss 0.0020, p_loss 0.0627, utilization 0.4604, perplexity 19549.3937,
Train Epoch: [23/30] Iters:[470/1875] loss 0.1202, rec_loss 0.0020, p_loss 0.0628, utilization 0.4595, perplexity 19329.5300,
Train Epoch: [23/30] Iters:[480/1875] loss 0.1200, rec_loss 0.0019, p_loss 0.0631, utilization 0.4586, perplexity 19140.3763,
Train Epoch: [23/30] Iters:[490/1875] loss 0.1199, rec_loss 0.0020, p_loss 0.0628, utilization 0.4574, perplexity 19026.1312,
Train Epoch: [23/30] Iters:[500/1875] loss 0.1199, rec_loss 0.0019, p_loss 0.0628, utilization 0.4573, perplexity 18946.2623,
Train Epoch: [23/30] Iters:[510/1875] loss 0.1212, rec_loss 0.0020, p_loss 0.0634, utilization 0.4569, perplexity 18839.7944,
Train Epoch: [23/30] Iters:[520/1875] loss 0.1218, rec_loss 0.0021, p_loss 0.0637, utilization 0.4566, perplexity 18820.9658,
Train Epoch: [23/30] Iters:[530/1875] loss 0.1226, rec_loss 0.0022, p_loss 0.0640, utilization 0.4562, perplexity 18860.8113,
Train Epoch: [23/30] Iters:[540/1875] loss 0.1224, rec_loss 0.0021, p_loss 0.0639, utilization 0.4568, perplexity 19088.6590,
Train Epoch: [23/30] Iters:[550/1875] loss 0.1233, rec_loss 0.0022, p_loss 0.0644, utilization 0.4603, perplexity 19513.1771,
Train Epoch: [23/30] Iters:[560/1875] loss 0.1234, rec_loss 0.0021, p_loss 0.0645, utilization 0.4617, perplexity 19732.3418,
Train Epoch: [23/30] Iters:[570/1875] loss 0.1232, rec_loss 0.0021, p_loss 0.0645, utilization 0.4621, perplexity 19918.2468,
Train Epoch: [23/30] Iters:[580/1875] loss 0.1225, rec_loss 0.0020, p_loss 0.0642, utilization 0.4627, perplexity 19964.0024,
Train Epoch: [23/30] Iters:[590/1875] loss 0.1226, rec_loss 0.0020, p_loss 0.0643, utilization 0.4626, perplexity 19629.5578,
Train Epoch: [23/30] Iters:[600/1875] loss 0.1227, rec_loss 0.0021, p_loss 0.0644, utilization 0.4606, perplexity 19342.1733,
Train Epoch: [23/30] Iters:[610/1875] loss 0.1216, rec_loss 0.0020, p_loss 0.0638, utilization 0.4588, perplexity 19174.6488,
Train Epoch: [23/30] Iters:[620/1875] loss 0.1211, rec_loss 0.0020, p_loss 0.0631, utilization 0.4591, perplexity 19121.7979,
Train Epoch: [23/30] Iters:[630/1875] loss 0.1213, rec_loss 0.0020, p_loss 0.0631, utilization 0.4594, perplexity 19205.9696,
Train Epoch: [23/30] Iters:[640/1875] loss 0.1214, rec_loss 0.0020, p_loss 0.0631, utilization 0.4601, perplexity 19464.9304,
Train Epoch: [23/30] Iters:[650/1875] loss 0.1211, rec_loss 0.0020, p_loss 0.0632, utilization 0.4595, perplexity 19451.9295,
Train Epoch: [23/30] Iters:[660/1875] loss 0.1205, rec_loss 0.0020, p_loss 0.0629, utilization 0.4581, perplexity 19433.7565,
Train Epoch: [23/30] Iters:[670/1875] loss 0.1202, rec_loss 0.0020, p_loss 0.0629, utilization 0.4581, perplexity 19432.0401,
Train Epoch: [23/30] Iters:[680/1875] loss 0.1194, rec_loss 0.0020, p_loss 0.0625, utilization 0.4567, perplexity 19244.5525,
Train Epoch: [23/30] Iters:[690/1875] loss 0.1187, rec_loss 0.0019, p_loss 0.0621, utilization 0.4566, perplexity 19266.8900,
Train Epoch: [23/30] Iters:[700/1875] loss 0.1185, rec_loss 0.0019, p_loss 0.0616, utilization 0.4574, perplexity 19388.7689,
Train Epoch: [23/30] Iters:[710/1875] loss 0.1194, rec_loss 0.0019, p_loss 0.0621, utilization 0.4587, perplexity 19355.4564,
Train Epoch: [23/30] Iters:[720/1875] loss 0.1205, rec_loss 0.0019, p_loss 0.0629, utilization 0.4576, perplexity 19291.6646,
Train Epoch: [23/30] Iters:[730/1875] loss 0.1207, rec_loss 0.0019, p_loss 0.0629, utilization 0.4601, perplexity 19538.1455,
Train Epoch: [23/30] Iters:[740/1875] loss 0.1210, rec_loss 0.0020, p_loss 0.0631, utilization 0.4596, perplexity 19289.3420,
Train Epoch: [23/30] Iters:[750/1875] loss 0.1211, rec_loss 0.0020, p_loss 0.0633, utilization 0.4586, perplexity 19127.2959,
Train Epoch: [23/30] Iters:[760/1875] loss 0.1204, rec_loss 0.0019, p_loss 0.0627, utilization 0.4602, perplexity 19234.4481,
Train Epoch: [23/30] Iters:[770/1875] loss 0.1196, rec_loss 0.0019, p_loss 0.0621, utilization 0.4613, perplexity 19306.5634,
Train Epoch: [23/30] Iters:[780/1875] loss 0.1199, rec_loss 0.0020, p_loss 0.0624, utilization 0.4604, perplexity 19297.6311,
Train Epoch: [23/30] Iters:[790/1875] loss 0.1189, rec_loss 0.0020, p_loss 0.0618, utilization 0.4612, perplexity 19559.5621,
Train Epoch: [23/30] Iters:[800/1875] loss 0.1187, rec_loss 0.0020, p_loss 0.0616, utilization 0.4604, perplexity 19499.8765,
Train Epoch: [23/30] Iters:[810/1875] loss 0.1197, rec_loss 0.0021, p_loss 0.0622, utilization 0.4592, perplexity 19395.6557,
Train Epoch: [23/30] Iters:[820/1875] loss 0.1204, rec_loss 0.0021, p_loss 0.0627, utilization 0.4584, perplexity 19247.6521,
Train Epoch: [23/30] Iters:[830/1875] loss 0.1212, rec_loss 0.0021, p_loss 0.0631, utilization 0.4573, perplexity 19115.9440,
Train Epoch: [23/30] Iters:[840/1875] loss 0.1226, rec_loss 0.0021, p_loss 0.0640, utilization 0.4556, perplexity 18916.2912,
Train Epoch: [23/30] Iters:[850/1875] loss 0.1229, rec_loss 0.0021, p_loss 0.0643, utilization 0.4579, perplexity 19150.4981,
Train Epoch: [23/30] Iters:[860/1875] loss 0.1228, rec_loss 0.0020, p_loss 0.0643, utilization 0.4585, perplexity 19285.0358,
Train Epoch: [23/30] Iters:[870/1875] loss 0.1231, rec_loss 0.0020, p_loss 0.0646, utilization 0.4587, perplexity 19431.3243,
Train Epoch: [23/30] Iters:[880/1875] loss 0.1221, rec_loss 0.0020, p_loss 0.0641, utilization 0.4592, perplexity 19506.8176,
Train Epoch: [23/30] Iters:[890/1875] loss 0.1220, rec_loss 0.0020, p_loss 0.0640, utilization 0.4613, perplexity 19691.0737,
Train Epoch: [23/30] Iters:[900/1875] loss 0.1224, rec_loss 0.0021, p_loss 0.0640, utilization 0.4593, perplexity 19493.0972,
Train Epoch: [23/30] Iters:[910/1875] loss 0.1225, rec_loss 0.0021, p_loss 0.0641, utilization 0.4607, perplexity 19566.8632,
Train Epoch: [23/30] Iters:[920/1875] loss 0.1215, rec_loss 0.0020, p_loss 0.0634, utilization 0.4605, perplexity 19555.0312,
Train Epoch: [23/30] Iters:[930/1875] loss 0.1229, rec_loss 0.0021, p_loss 0.0640, utilization 0.4625, perplexity 19686.2673,
Train Epoch: [23/30] Iters:[940/1875] loss 0.1227, rec_loss 0.0021, p_loss 0.0639, utilization 0.4614, perplexity 19568.9444,
Train Epoch: [23/30] Iters:[950/1875] loss 0.1214, rec_loss 0.0021, p_loss 0.0631, utilization 0.4639, perplexity 19858.7719,
Train Epoch: [23/30] Iters:[960/1875] loss 0.1202, rec_loss 0.0020, p_loss 0.0625, utilization 0.4611, perplexity 19649.9938,
Train Epoch: [23/30] Iters:[970/1875] loss 0.1211, rec_loss 0.0021, p_loss 0.0629, utilization 0.4620, perplexity 19682.5708,
Train Epoch: [23/30] Iters:[980/1875] loss 0.1199, rec_loss 0.0020, p_loss 0.0624, utilization 0.4606, perplexity 19516.2062,
Train Epoch: [23/30] Iters:[990/1875] loss 0.1188, rec_loss 0.0020, p_loss 0.0616, utilization 0.4593, perplexity 19345.4383,
Train Epoch: [23/30] Iters:[1000/1875] loss 0.1209, rec_loss 0.0020, p_loss 0.0628, utilization 0.4598, perplexity 19390.7133,
Train Epoch: [23/30] Iters:[1010/1875] loss 0.1207, rec_loss 0.0021, p_loss 0.0625, utilization 0.4595, perplexity 19333.6591,
Train Epoch: [23/30] Iters:[1020/1875] loss 0.1204, rec_loss 0.0020, p_loss 0.0625, utilization 0.4612, perplexity 19516.3254,
Train Epoch: [23/30] Iters:[1030/1875] loss 0.1206, rec_loss 0.0020, p_loss 0.0626, utilization 0.4616, perplexity 19510.5873,
Train Epoch: [23/30] Iters:[1040/1875] loss 0.1216, rec_loss 0.0020, p_loss 0.0633, utilization 0.4639, perplexity 19852.0057,
Train Epoch: [23/30] Iters:[1050/1875] loss 0.1193, rec_loss 0.0019, p_loss 0.0620, utilization 0.4615, perplexity 19633.4637,
Train Epoch: [23/30] Iters:[1060/1875] loss 0.1193, rec_loss 0.0019, p_loss 0.0621, utilization 0.4621, perplexity 19620.3058,
Train Epoch: [23/30] Iters:[1070/1875] loss 0.1193, rec_loss 0.0019, p_loss 0.0620, utilization 0.4614, perplexity 19590.4814,
Train Epoch: [23/30] Iters:[1080/1875] loss 0.1201, rec_loss 0.0020, p_loss 0.0625, utilization 0.4614, perplexity 19574.2664,
Train Epoch: [23/30] Iters:[1090/1875] loss 0.1197, rec_loss 0.0020, p_loss 0.0623, utilization 0.4596, perplexity 19428.6633,
Train Epoch: [23/30] Iters:[1100/1875] loss 0.1201, rec_loss 0.0020, p_loss 0.0625, utilization 0.4588, perplexity 19386.0644,
Train Epoch: [23/30] Iters:[1110/1875] loss 0.1214, rec_loss 0.0021, p_loss 0.0632, utilization 0.4608, perplexity 19596.9937,
Train Epoch: [23/30] Iters:[1120/1875] loss 0.1211, rec_loss 0.0021, p_loss 0.0631, utilization 0.4583, perplexity 19307.3279,
Train Epoch: [23/30] Iters:[1130/1875] loss 0.1215, rec_loss 0.0021, p_loss 0.0633, utilization 0.4589, perplexity 19404.4490,
Train Epoch: [23/30] Iters:[1140/1875] loss 0.1217, rec_loss 0.0021, p_loss 0.0635, utilization 0.4587, perplexity 19278.5385,
Train Epoch: [23/30] Iters:[1150/1875] loss 0.1225, rec_loss 0.0021, p_loss 0.0640, utilization 0.4598, perplexity 19277.2183,
Train Epoch: [23/30] Iters:[1160/1875] loss 0.1234, rec_loss 0.0022, p_loss 0.0647, utilization 0.4604, perplexity 19422.4215,
Train Epoch: [23/30] Iters:[1170/1875] loss 0.1234, rec_loss 0.0022, p_loss 0.0647, utilization 0.4613, perplexity 19550.8173,
Train Epoch: [23/30] Iters:[1180/1875] loss 0.1228, rec_loss 0.0021, p_loss 0.0643, utilization 0.4595, perplexity 19368.7032,
Train Epoch: [23/30] Iters:[1190/1875] loss 0.1232, rec_loss 0.0021, p_loss 0.0643, utilization 0.4613, perplexity 19588.8295,
Train Epoch: [23/30] Iters:[1200/1875] loss 0.1224, rec_loss 0.0021, p_loss 0.0640, utilization 0.4596, perplexity 19411.0867,
Train Epoch: [23/30] Iters:[1210/1875] loss 0.1199, rec_loss 0.0020, p_loss 0.0623, utilization 0.4584, perplexity 19253.4567,
Train Epoch: [23/30] Iters:[1220/1875] loss 0.1205, rec_loss 0.0020, p_loss 0.0626, utilization 0.4595, perplexity 19295.2200,
Train Epoch: [23/30] Iters:[1230/1875] loss 0.1214, rec_loss 0.0021, p_loss 0.0632, utilization 0.4604, perplexity 19383.8516,
Train Epoch: [23/30] Iters:[1240/1875] loss 0.1198, rec_loss 0.0020, p_loss 0.0625, utilization 0.4587, perplexity 19170.7976,
Train Epoch: [23/30] Iters:[1250/1875] loss 0.1206, rec_loss 0.0020, p_loss 0.0627, utilization 0.4606, perplexity 19446.4632,
Train Epoch: [23/30] Iters:[1260/1875] loss 0.1222, rec_loss 0.0021, p_loss 0.0638, utilization 0.4599, perplexity 19326.6315,
Train Epoch: [23/30] Iters:[1270/1875] loss 0.1223, rec_loss 0.0021, p_loss 0.0637, utilization 0.4609, perplexity 19416.7363,
Train Epoch: [23/30] Iters:[1280/1875] loss 0.1206, rec_loss 0.0020, p_loss 0.0628, utilization 0.4594, perplexity 19405.7288,
Train Epoch: [23/30] Iters:[1290/1875] loss 0.1215, rec_loss 0.0020, p_loss 0.0631, utilization 0.4594, perplexity 19407.4003,
Train Epoch: [23/30] Iters:[1300/1875] loss 0.1213, rec_loss 0.0020, p_loss 0.0631, utilization 0.4596, perplexity 19356.9613,
Train Epoch: [23/30] Iters:[1310/1875] loss 0.1210, rec_loss 0.0020, p_loss 0.0630, utilization 0.4585, perplexity 19214.9289,
Train Epoch: [23/30] Iters:[1320/1875] loss 0.1202, rec_loss 0.0020, p_loss 0.0626, utilization 0.4582, perplexity 19229.5567,
Train Epoch: [23/30] Iters:[1330/1875] loss 0.1212, rec_loss 0.0021, p_loss 0.0632, utilization 0.4596, perplexity 19308.9213,
Train Epoch: [23/30] Iters:[1340/1875] loss 0.1210, rec_loss 0.0020, p_loss 0.0631, utilization 0.4591, perplexity 19312.9826,
Train Epoch: [23/30] Iters:[1350/1875] loss 0.1210, rec_loss 0.0020, p_loss 0.0631, utilization 0.4570, perplexity 19212.7574,
Train Epoch: [23/30] Iters:[1360/1875] loss 0.1214, rec_loss 0.0020, p_loss 0.0634, utilization 0.4587, perplexity 19453.2106,
Train Epoch: [23/30] Iters:[1370/1875] loss 0.1213, rec_loss 0.0020, p_loss 0.0634, utilization 0.4569, perplexity 19253.1733,
Train Epoch: [23/30] Iters:[1380/1875] loss 0.1203, rec_loss 0.0020, p_loss 0.0626, utilization 0.4554, perplexity 19082.6658,
Train Epoch: [23/30] Iters:[1390/1875] loss 0.1208, rec_loss 0.0020, p_loss 0.0629, utilization 0.4565, perplexity 19220.8236,
Train Epoch: [23/30] Iters:[1400/1875] loss 0.1207, rec_loss 0.0020, p_loss 0.0627, utilization 0.4585, perplexity 19336.5600,
Train Epoch: [23/30] Iters:[1410/1875] loss 0.1202, rec_loss 0.0020, p_loss 0.0624, utilization 0.4583, perplexity 19319.0861,
Train Epoch: [23/30] Iters:[1420/1875] loss 0.1204, rec_loss 0.0020, p_loss 0.0626, utilization 0.4598, perplexity 19442.6756,
Train Epoch: [23/30] Iters:[1430/1875] loss 0.1209, rec_loss 0.0021, p_loss 0.0629, utilization 0.4606, perplexity 19573.3605,
Train Epoch: [23/30] Iters:[1440/1875] loss 0.1211, rec_loss 0.0021, p_loss 0.0630, utilization 0.4617, perplexity 19556.4352,
Train Epoch: [23/30] Iters:[1450/1875] loss 0.1206, rec_loss 0.0020, p_loss 0.0627, utilization 0.4614, perplexity 19582.2252,
Train Epoch: [23/30] Iters:[1460/1875] loss 0.1208, rec_loss 0.0020, p_loss 0.0629, utilization 0.4612, perplexity 19593.1117,
Train Epoch: [23/30] Iters:[1470/1875] loss 0.1206, rec_loss 0.0020, p_loss 0.0630, utilization 0.4593, perplexity 19480.4274,
Train Epoch: [23/30] Iters:[1480/1875] loss 0.1203, rec_loss 0.0020, p_loss 0.0627, utilization 0.4597, perplexity 19468.9164,
Train Epoch: [23/30] Iters:[1490/1875] loss 0.1205, rec_loss 0.0020, p_loss 0.0630, utilization 0.4599, perplexity 19473.1130,
Train Epoch: [23/30] Iters:[1500/1875] loss 0.1207, rec_loss 0.0020, p_loss 0.0632, utilization 0.4604, perplexity 19482.7990,
Train Epoch: [23/30] Iters:[1510/1875] loss 0.1193, rec_loss 0.0019, p_loss 0.0623, utilization 0.4598, perplexity 19465.2232,
Train Epoch: [23/30] Iters:[1520/1875] loss 0.1190, rec_loss 0.0019, p_loss 0.0619, utilization 0.4596, perplexity 19370.7298,
Train Epoch: [23/30] Iters:[1530/1875] loss 0.1189, rec_loss 0.0019, p_loss 0.0620, utilization 0.4595, perplexity 19429.3789,
Train Epoch: [23/30] Iters:[1540/1875] loss 0.1185, rec_loss 0.0018, p_loss 0.0615, utilization 0.4602, perplexity 19582.5040,
Train Epoch: [23/30] Iters:[1550/1875] loss 0.1185, rec_loss 0.0018, p_loss 0.0617, utilization 0.4594, perplexity 19486.8997,
Train Epoch: [23/30] Iters:[1560/1875] loss 0.1204, rec_loss 0.0019, p_loss 0.0626, utilization 0.4602, perplexity 19584.5388,
Train Epoch: [23/30] Iters:[1570/1875] loss 0.1205, rec_loss 0.0019, p_loss 0.0626, utilization 0.4609, perplexity 19612.5640,
Train Epoch: [23/30] Iters:[1580/1875] loss 0.1193, rec_loss 0.0019, p_loss 0.0620, utilization 0.4589, perplexity 19334.6762,
Train Epoch: [23/30] Iters:[1590/1875] loss 0.1192, rec_loss 0.0019, p_loss 0.0620, utilization 0.4587, perplexity 19402.8899,
Train Epoch: [23/30] Iters:[1600/1875] loss 0.1188, rec_loss 0.0019, p_loss 0.0618, utilization 0.4579, perplexity 19320.0895,
Train Epoch: [23/30] Iters:[1610/1875] loss 0.1182, rec_loss 0.0019, p_loss 0.0617, utilization 0.4565, perplexity 19116.4654,
Train Epoch: [23/30] Iters:[1620/1875] loss 0.1192, rec_loss 0.0019, p_loss 0.0622, utilization 0.4579, perplexity 19150.4396,
Train Epoch: [23/30] Iters:[1630/1875] loss 0.1208, rec_loss 0.0020, p_loss 0.0631, utilization 0.4603, perplexity 19469.2355,
Train Epoch: [23/30] Iters:[1640/1875] loss 0.1216, rec_loss 0.0021, p_loss 0.0639, utilization 0.4585, perplexity 19199.1624,
Train Epoch: [23/30] Iters:[1650/1875] loss 0.1225, rec_loss 0.0021, p_loss 0.0643, utilization 0.4590, perplexity 19161.0405,
Train Epoch: [23/30] Iters:[1660/1875] loss 0.1226, rec_loss 0.0021, p_loss 0.0641, utilization 0.4606, perplexity 19336.7801,
Train Epoch: [23/30] Iters:[1670/1875] loss 0.1221, rec_loss 0.0021, p_loss 0.0638, utilization 0.4603, perplexity 19393.8645,
Train Epoch: [23/30] Iters:[1680/1875] loss 0.1216, rec_loss 0.0021, p_loss 0.0634, utilization 0.4592, perplexity 19274.1770,
Train Epoch: [23/30] Iters:[1690/1875] loss 0.1213, rec_loss 0.0021, p_loss 0.0629, utilization 0.4604, perplexity 19357.4427,
Train Epoch: [23/30] Iters:[1700/1875] loss 0.1204, rec_loss 0.0020, p_loss 0.0621, utilization 0.4612, perplexity 19568.9468,
Train Epoch: [23/30] Iters:[1710/1875] loss 0.1214, rec_loss 0.0020, p_loss 0.0630, utilization 0.4637, perplexity 19773.2575,
Train Epoch: [23/30] Iters:[1720/1875] loss 0.1215, rec_loss 0.0020, p_loss 0.0633, utilization 0.4623, perplexity 19725.1216,
Train Epoch: [23/30] Iters:[1730/1875] loss 0.1222, rec_loss 0.0020, p_loss 0.0636, utilization 0.4619, perplexity 19607.9311,
Train Epoch: [23/30] Iters:[1740/1875] loss 0.1213, rec_loss 0.0020, p_loss 0.0633, utilization 0.4611, perplexity 19520.0609,
Train Epoch: [23/30] Iters:[1750/1875] loss 0.1225, rec_loss 0.0021, p_loss 0.0644, utilization 0.4612, perplexity 19455.1870,
Train Epoch: [23/30] Iters:[1760/1875] loss 0.1207, rec_loss 0.0020, p_loss 0.0632, utilization 0.4589, perplexity 19287.6215,
Train Epoch: [23/30] Iters:[1770/1875] loss 0.1203, rec_loss 0.0020, p_loss 0.0629, utilization 0.4597, perplexity 19287.7871,
Train Epoch: [23/30] Iters:[1780/1875] loss 0.1206, rec_loss 0.0020, p_loss 0.0631, utilization 0.4600, perplexity 19274.2986,
Train Epoch: [23/30] Iters:[1790/1875] loss 0.1210, rec_loss 0.0020, p_loss 0.0634, utilization 0.4597, perplexity 19303.2164,
Train Epoch: [23/30] Iters:[1800/1875] loss 0.1201, rec_loss 0.0020, p_loss 0.0625, utilization 0.4595, perplexity 19311.6745,
Train Epoch: [23/30] Iters:[1810/1875] loss 0.1208, rec_loss 0.0020, p_loss 0.0630, utilization 0.4584, perplexity 19195.0308,
Train Epoch: [23/30] Iters:[1820/1875] loss 0.1212, rec_loss 0.0021, p_loss 0.0632, utilization 0.4586, perplexity 19358.0246,
Train Epoch: [23/30] Iters:[1830/1875] loss 0.1205, rec_loss 0.0021, p_loss 0.0627, utilization 0.4589, perplexity 19395.5621,
Train Epoch: [23/30] Iters:[1840/1875] loss 0.1195, rec_loss 0.0020, p_loss 0.0619, utilization 0.4572, perplexity 19201.9986,
Train Epoch: [23/30] Iters:[1850/1875] loss 0.1188, rec_loss 0.0020, p_loss 0.0615, utilization 0.4556, perplexity 19079.8772,
Train Epoch: [23/30] Iters:[1860/1875] loss 0.1193, rec_loss 0.0021, p_loss 0.0616, utilization 0.4566, perplexity 19173.5383,
Train Epoch: [23/30] Iters:[1870/1875] loss 0.1187, rec_loss 0.0020, p_loss 0.0612, utilization 0.4572, perplexity 19063.4832,
epoch:24, cur_lr:0.000031
Train Epoch: [24/30] Iters:[10/1875] loss 0.1198, rec_loss 0.0020, p_loss 0.0622, utilization 0.4632, perplexity 19685.8582,
Train Epoch: [24/30] Iters:[20/1875] loss 0.1204, rec_loss 0.0020, p_loss 0.0625, utilization 0.4597, perplexity 19166.4511,
Train Epoch: [24/30] Iters:[30/1875] loss 0.1186, rec_loss 0.0019, p_loss 0.0615, utilization 0.4611, perplexity 19564.5491,
Train Epoch: [24/30] Iters:[40/1875] loss 0.1203, rec_loss 0.0020, p_loss 0.0626, utilization 0.4610, perplexity 19531.7464,
Train Epoch: [24/30] Iters:[50/1875] loss 0.1195, rec_loss 0.0020, p_loss 0.0623, utilization 0.4601, perplexity 19515.4556,
Train Epoch: [24/30] Iters:[60/1875] loss 0.1195, rec_loss 0.0019, p_loss 0.0622, utilization 0.4594, perplexity 19444.6142,
Train Epoch: [24/30] Iters:[70/1875] loss 0.1195, rec_loss 0.0019, p_loss 0.0624, utilization 0.4604, perplexity 19681.4989,
Train Epoch: [24/30] Iters:[80/1875] loss 0.1206, rec_loss 0.0020, p_loss 0.0633, utilization 0.4591, perplexity 19347.5289,
Train Epoch: [24/30] Iters:[90/1875] loss 0.1190, rec_loss 0.0019, p_loss 0.0623, utilization 0.4587, perplexity 19348.2370,
Train Epoch: [24/30] Iters:[100/1875] loss 0.1205, rec_loss 0.0021, p_loss 0.0629, utilization 0.4604, perplexity 19402.7944,
Train Epoch: [24/30] Iters:[110/1875] loss 0.1218, rec_loss 0.0021, p_loss 0.0640, utilization 0.4606, perplexity 19345.6379,
Train Epoch: [24/30] Iters:[120/1875] loss 0.1214, rec_loss 0.0021, p_loss 0.0636, utilization 0.4587, perplexity 19020.8860,
Train Epoch: [24/30] Iters:[130/1875] loss 0.1218, rec_loss 0.0020, p_loss 0.0637, utilization 0.4597, perplexity 19155.1729,
Train Epoch: [24/30] Iters:[140/1875] loss 0.1231, rec_loss 0.0021, p_loss 0.0645, utilization 0.4608, perplexity 19273.9974,
Train Epoch: [24/30] Iters:[150/1875] loss 0.1225, rec_loss 0.0020, p_loss 0.0643, utilization 0.4599, perplexity 19275.5707,
Train Epoch: [24/30] Iters:[160/1875] loss 0.1215, rec_loss 0.0020, p_loss 0.0635, utilization 0.4603, perplexity 19398.4525,
Train Epoch: [24/30] Iters:[170/1875] loss 0.1224, rec_loss 0.0020, p_loss 0.0642, utilization 0.4635, perplexity 19812.7586,
Train Epoch: [24/30] Iters:[180/1875] loss 0.1213, rec_loss 0.0020, p_loss 0.0634, utilization 0.4629, perplexity 19801.4924,
Train Epoch: [24/30] Iters:[190/1875] loss 0.1205, rec_loss 0.0020, p_loss 0.0630, utilization 0.4612, perplexity 19456.5747,
Train Epoch: [24/30] Iters:[200/1875] loss 0.1210, rec_loss 0.0020, p_loss 0.0632, utilization 0.4617, perplexity 19452.7777,
Train Epoch: [24/30] Iters:[210/1875] loss 0.1215, rec_loss 0.0020, p_loss 0.0635, utilization 0.4618, perplexity 19410.4927,
Train Epoch: [24/30] Iters:[220/1875] loss 0.1207, rec_loss 0.0020, p_loss 0.0629, utilization 0.4588, perplexity 19161.0850,
Train Epoch: [24/30] Iters:[230/1875] loss 0.1216, rec_loss 0.0020, p_loss 0.0636, utilization 0.4590, perplexity 19107.0846,
Train Epoch: [24/30] Iters:[240/1875] loss 0.1215, rec_loss 0.0020, p_loss 0.0633, utilization 0.4598, perplexity 19322.6055,
Train Epoch: [24/30] Iters:[250/1875] loss 0.1206, rec_loss 0.0020, p_loss 0.0626, utilization 0.4607, perplexity 19514.2166,
Train Epoch: [24/30] Iters:[260/1875] loss 0.1195, rec_loss 0.0019, p_loss 0.0621, utilization 0.4597, perplexity 19472.8588,
Train Epoch: [24/30] Iters:[270/1875] loss 0.1199, rec_loss 0.0020, p_loss 0.0623, utilization 0.4611, perplexity 19527.4196,
Train Epoch: [24/30] Iters:[280/1875] loss 0.1194, rec_loss 0.0020, p_loss 0.0619, utilization 0.4617, perplexity 19612.0401,
Train Epoch: [24/30] Iters:[290/1875] loss 0.1200, rec_loss 0.0020, p_loss 0.0625, utilization 0.4624, perplexity 19797.3116,
Train Epoch: [24/30] Iters:[300/1875] loss 0.1212, rec_loss 0.0020, p_loss 0.0634, utilization 0.4613, perplexity 19531.8754,
Train Epoch: [24/30] Iters:[310/1875] loss 0.1216, rec_loss 0.0020, p_loss 0.0633, utilization 0.4611, perplexity 19537.7277,
Train Epoch: [24/30] Iters:[320/1875] loss 0.1212, rec_loss 0.0019, p_loss 0.0632, utilization 0.4618, perplexity 19622.7511,
Train Epoch: [24/30] Iters:[330/1875] loss 0.1204, rec_loss 0.0020, p_loss 0.0626, utilization 0.4593, perplexity 19542.9928,
Train Epoch: [24/30] Iters:[340/1875] loss 0.1204, rec_loss 0.0020, p_loss 0.0626, utilization 0.4592, perplexity 19479.5394,
Train Epoch: [24/30] Iters:[350/1875] loss 0.1196, rec_loss 0.0020, p_loss 0.0622, utilization 0.4582, perplexity 19484.2404,
Train Epoch: [24/30] Iters:[360/1875] loss 0.1195, rec_loss 0.0020, p_loss 0.0621, utilization 0.4583, perplexity 19358.9030,
Train Epoch: [24/30] Iters:[370/1875] loss 0.1192, rec_loss 0.0020, p_loss 0.0618, utilization 0.4564, perplexity 19255.3961,
Train Epoch: [24/30] Iters:[380/1875] loss 0.1197, rec_loss 0.0020, p_loss 0.0622, utilization 0.4586, perplexity 19476.9375,
Train Epoch: [24/30] Iters:[390/1875] loss 0.1189, rec_loss 0.0019, p_loss 0.0616, utilization 0.4582, perplexity 19364.2172,
Train Epoch: [24/30] Iters:[400/1875] loss 0.1181, rec_loss 0.0020, p_loss 0.0610, utilization 0.4580, perplexity 19261.0717,
Train Epoch: [24/30] Iters:[410/1875] loss 0.1179, rec_loss 0.0019, p_loss 0.0612, utilization 0.4585, perplexity 19484.0712,
Train Epoch: [24/30] Iters:[420/1875] loss 0.1187, rec_loss 0.0020, p_loss 0.0616, utilization 0.4611, perplexity 19699.2128,
Train Epoch: [24/30] Iters:[430/1875] loss 0.1189, rec_loss 0.0019, p_loss 0.0616, utilization 0.4605, perplexity 19545.3912,
Train Epoch: [24/30] Iters:[440/1875] loss 0.1191, rec_loss 0.0020, p_loss 0.0616, utilization 0.4598, perplexity 19433.8112,
Train Epoch: [24/30] Iters:[450/1875] loss 0.1194, rec_loss 0.0019, p_loss 0.0620, utilization 0.4596, perplexity 19499.4797,
Train Epoch: [24/30] Iters:[460/1875] loss 0.1205, rec_loss 0.0020, p_loss 0.0625, utilization 0.4601, perplexity 19478.3583,
Train Epoch: [24/30] Iters:[470/1875] loss 0.1200, rec_loss 0.0020, p_loss 0.0623, utilization 0.4580, perplexity 19178.0695,
Train Epoch: [24/30] Iters:[480/1875] loss 0.1203, rec_loss 0.0020, p_loss 0.0625, utilization 0.4576, perplexity 19239.1771,
Train Epoch: [24/30] Iters:[490/1875] loss 0.1201, rec_loss 0.0020, p_loss 0.0625, utilization 0.4583, perplexity 19283.1393,
Train Epoch: [24/30] Iters:[500/1875] loss 0.1199, rec_loss 0.0020, p_loss 0.0622, utilization 0.4596, perplexity 19453.6773,
Train Epoch: [24/30] Iters:[510/1875] loss 0.1189, rec_loss 0.0020, p_loss 0.0616, utilization 0.4587, perplexity 19312.7657,
Train Epoch: [24/30] Iters:[520/1875] loss 0.1191, rec_loss 0.0020, p_loss 0.0620, utilization 0.4588, perplexity 19365.8073,
Train Epoch: [24/30] Iters:[530/1875] loss 0.1195, rec_loss 0.0020, p_loss 0.0623, utilization 0.4592, perplexity 19321.7067,
Train Epoch: [24/30] Iters:[540/1875] loss 0.1209, rec_loss 0.0021, p_loss 0.0633, utilization 0.4601, perplexity 19487.8610,
Train Epoch: [24/30] Iters:[550/1875] loss 0.1214, rec_loss 0.0021, p_loss 0.0637, utilization 0.4581, perplexity 19160.4694,
Train Epoch: [24/30] Iters:[560/1875] loss 0.1217, rec_loss 0.0021, p_loss 0.0639, utilization 0.4582, perplexity 19171.8373,
Train Epoch: [24/30] Iters:[570/1875] loss 0.1219, rec_loss 0.0021, p_loss 0.0637, utilization 0.4599, perplexity 19339.3075,
Train Epoch: [24/30] Iters:[580/1875] loss 0.1215, rec_loss 0.0021, p_loss 0.0634, utilization 0.4602, perplexity 19364.4329,
Train Epoch: [24/30] Iters:[590/1875] loss 0.1204, rec_loss 0.0021, p_loss 0.0629, utilization 0.4591, perplexity 19298.0163,
Train Epoch: [24/30] Iters:[600/1875] loss 0.1208, rec_loss 0.0021, p_loss 0.0630, utilization 0.4627, perplexity 19803.0174,
Train Epoch: [24/30] Iters:[610/1875] loss 0.1208, rec_loss 0.0021, p_loss 0.0628, utilization 0.4635, perplexity 19888.6494,
Train Epoch: [24/30] Iters:[620/1875] loss 0.1203, rec_loss 0.0020, p_loss 0.0627, utilization 0.4614, perplexity 19763.0851,
Train Epoch: [24/30] Iters:[630/1875] loss 0.1205, rec_loss 0.0020, p_loss 0.0627, utilization 0.4608, perplexity 19703.7983,
Train Epoch: [24/30] Iters:[640/1875] loss 0.1205, rec_loss 0.0020, p_loss 0.0624, utilization 0.4605, perplexity 19604.1192,
Train Epoch: [24/30] Iters:[650/1875] loss 0.1201, rec_loss 0.0020, p_loss 0.0623, utilization 0.4592, perplexity 19416.9813,
Train Epoch: [24/30] Iters:[660/1875] loss 0.1204, rec_loss 0.0020, p_loss 0.0627, utilization 0.4605, perplexity 19712.0675,
Train Epoch: [24/30] Iters:[670/1875] loss 0.1211, rec_loss 0.0021, p_loss 0.0630, utilization 0.4612, perplexity 19647.4826,
Train Epoch: [24/30] Iters:[680/1875] loss 0.1216, rec_loss 0.0021, p_loss 0.0632, utilization 0.4622, perplexity 19715.5088,
Train Epoch: [24/30] Iters:[690/1875] loss 0.1213, rec_loss 0.0020, p_loss 0.0631, utilization 0.4626, perplexity 19730.1074,
Train Epoch: [24/30] Iters:[700/1875] loss 0.1221, rec_loss 0.0021, p_loss 0.0634, utilization 0.4635, perplexity 19753.8094,
Train Epoch: [24/30] Iters:[710/1875] loss 0.1210, rec_loss 0.0020, p_loss 0.0629, utilization 0.4595, perplexity 19261.3702,
Train Epoch: [24/30] Iters:[720/1875] loss 0.1208, rec_loss 0.0020, p_loss 0.0631, utilization 0.4590, perplexity 19339.4410,
Train Epoch: [24/30] Iters:[730/1875] loss 0.1205, rec_loss 0.0020, p_loss 0.0629, utilization 0.4590, perplexity 19372.1248,
Train Epoch: [24/30] Iters:[740/1875] loss 0.1212, rec_loss 0.0020, p_loss 0.0634, utilization 0.4600, perplexity 19549.5764,
Train Epoch: [24/30] Iters:[750/1875] loss 0.1211, rec_loss 0.0020, p_loss 0.0635, utilization 0.4588, perplexity 19455.3450,
Train Epoch: [24/30] Iters:[760/1875] loss 0.1225, rec_loss 0.0021, p_loss 0.0640, utilization 0.4606, perplexity 19550.4131,
Train Epoch: [24/30] Iters:[770/1875] loss 0.1214, rec_loss 0.0021, p_loss 0.0632, utilization 0.4605, perplexity 19448.4279,
Train Epoch: [24/30] Iters:[780/1875] loss 0.1211, rec_loss 0.0020, p_loss 0.0630, utilization 0.4606, perplexity 19513.6006,
Train Epoch: [24/30] Iters:[790/1875] loss 0.1216, rec_loss 0.0020, p_loss 0.0631, utilization 0.4610, perplexity 19595.9697,
Train Epoch: [24/30] Iters:[800/1875] loss 0.1208, rec_loss 0.0019, p_loss 0.0627, utilization 0.4590, perplexity 19448.6735,
Train Epoch: [24/30] Iters:[810/1875] loss 0.1203, rec_loss 0.0019, p_loss 0.0626, utilization 0.4594, perplexity 19516.2090,
Train Epoch: [24/30] Iters:[820/1875] loss 0.1210, rec_loss 0.0020, p_loss 0.0630, utilization 0.4613, perplexity 19763.4909,
Train Epoch: [24/30] Iters:[830/1875] loss 0.1209, rec_loss 0.0020, p_loss 0.0630, utilization 0.4609, perplexity 19620.3410,
Train Epoch: [24/30] Iters:[840/1875] loss 0.1204, rec_loss 0.0020, p_loss 0.0630, utilization 0.4599, perplexity 19473.6262,
Train Epoch: [24/30] Iters:[850/1875] loss 0.1208, rec_loss 0.0020, p_loss 0.0631, utilization 0.4617, perplexity 19661.1086,
Train Epoch: [24/30] Iters:[860/1875] loss 0.1206, rec_loss 0.0020, p_loss 0.0628, utilization 0.4620, perplexity 19615.1328,
Train Epoch: [24/30] Iters:[870/1875] loss 0.1199, rec_loss 0.0020, p_loss 0.0625, utilization 0.4604, perplexity 19411.7136,
Train Epoch: [24/30] Iters:[880/1875] loss 0.1201, rec_loss 0.0020, p_loss 0.0626, utilization 0.4603, perplexity 19473.1273,
Train Epoch: [24/30] Iters:[890/1875] loss 0.1187, rec_loss 0.0020, p_loss 0.0616, utilization 0.4601, perplexity 19417.0389,
Train Epoch: [24/30] Iters:[900/1875] loss 0.1187, rec_loss 0.0020, p_loss 0.0615, utilization 0.4596, perplexity 19291.3265,
Train Epoch: [24/30] Iters:[910/1875] loss 0.1187, rec_loss 0.0020, p_loss 0.0615, utilization 0.4599, perplexity 19418.5779,
Train Epoch: [24/30] Iters:[920/1875] loss 0.1191, rec_loss 0.0020, p_loss 0.0616, utilization 0.4599, perplexity 19433.4600,
Train Epoch: [24/30] Iters:[930/1875] loss 0.1181, rec_loss 0.0020, p_loss 0.0610, utilization 0.4585, perplexity 19314.4848,
Train Epoch: [24/30] Iters:[940/1875] loss 0.1195, rec_loss 0.0020, p_loss 0.0618, utilization 0.4580, perplexity 19157.5320,
Train Epoch: [24/30] Iters:[950/1875] loss 0.1194, rec_loss 0.0020, p_loss 0.0618, utilization 0.4576, perplexity 19165.1827,
Train Epoch: [24/30] Iters:[960/1875] loss 0.1193, rec_loss 0.0020, p_loss 0.0617, utilization 0.4571, perplexity 19129.5430,
Train Epoch: [24/30] Iters:[970/1875] loss 0.1200, rec_loss 0.0020, p_loss 0.0623, utilization 0.4571, perplexity 19094.7586,
Train Epoch: [24/30] Iters:[980/1875] loss 0.1205, rec_loss 0.0020, p_loss 0.0625, utilization 0.4582, perplexity 19165.1283,
Train Epoch: [24/30] Iters:[990/1875] loss 0.1202, rec_loss 0.0020, p_loss 0.0622, utilization 0.4588, perplexity 19341.7128,
Train Epoch: [24/30] Iters:[1000/1875] loss 0.1209, rec_loss 0.0020, p_loss 0.0627, utilization 0.4603, perplexity 19492.1350,
Train Epoch: [24/30] Iters:[1010/1875] loss 0.1213, rec_loss 0.0020, p_loss 0.0627, utilization 0.4610, perplexity 19595.2073,
Train Epoch: [24/30] Iters:[1020/1875] loss 0.1208, rec_loss 0.0020, p_loss 0.0623, utilization 0.4609, perplexity 19595.6023,
Train Epoch: [24/30] Iters:[1030/1875] loss 0.1211, rec_loss 0.0020, p_loss 0.0625, utilization 0.4610, perplexity 19611.9029,
Train Epoch: [24/30] Iters:[1040/1875] loss 0.1212, rec_loss 0.0020, p_loss 0.0626, utilization 0.4613, perplexity 19608.7928,
Train Epoch: [24/30] Iters:[1050/1875] loss 0.1207, rec_loss 0.0020, p_loss 0.0625, utilization 0.4609, perplexity 19543.2598,
Train Epoch: [24/30] Iters:[1060/1875] loss 0.1204, rec_loss 0.0020, p_loss 0.0624, utilization 0.4599, perplexity 19305.1966,
Train Epoch: [24/30] Iters:[1070/1875] loss 0.1199, rec_loss 0.0019, p_loss 0.0620, utilization 0.4602, perplexity 19354.1232,
Train Epoch: [24/30] Iters:[1080/1875] loss 0.1195, rec_loss 0.0019, p_loss 0.0618, utilization 0.4593, perplexity 19146.6799,
Train Epoch: [24/30] Iters:[1090/1875] loss 0.1205, rec_loss 0.0020, p_loss 0.0626, utilization 0.4596, perplexity 19070.1907,
Train Epoch: [24/30] Iters:[1100/1875] loss 0.1199, rec_loss 0.0020, p_loss 0.0622, utilization 0.4584, perplexity 18959.4854,
Train Epoch: [24/30] Iters:[1110/1875] loss 0.1202, rec_loss 0.0020, p_loss 0.0625, utilization 0.4597, perplexity 19170.9374,
Train Epoch: [24/30] Iters:[1120/1875] loss 0.1204, rec_loss 0.0020, p_loss 0.0627, utilization 0.4595, perplexity 19180.0228,
Train Epoch: [24/30] Iters:[1130/1875] loss 0.1204, rec_loss 0.0020, p_loss 0.0626, utilization 0.4609, perplexity 19445.2914,
Train Epoch: [24/30] Iters:[1140/1875] loss 0.1196, rec_loss 0.0020, p_loss 0.0620, utilization 0.4608, perplexity 19562.0971,
Train Epoch: [24/30] Iters:[1150/1875] loss 0.1204, rec_loss 0.0020, p_loss 0.0623, utilization 0.4631, perplexity 19745.5315,
Train Epoch: [24/30] Iters:[1160/1875] loss 0.1193, rec_loss 0.0019, p_loss 0.0616, utilization 0.4621, perplexity 19671.3126,
Train Epoch: [24/30] Iters:[1170/1875] loss 0.1200, rec_loss 0.0020, p_loss 0.0620, utilization 0.4630, perplexity 19809.2136,
Train Epoch: [24/30] Iters:[1180/1875] loss 0.1207, rec_loss 0.0020, p_loss 0.0627, utilization 0.4629, perplexity 19703.2898,
Train Epoch: [24/30] Iters:[1190/1875] loss 0.1197, rec_loss 0.0019, p_loss 0.0620, utilization 0.4622, perplexity 19599.1164,
Train Epoch: [24/30] Iters:[1200/1875] loss 0.1190, rec_loss 0.0019, p_loss 0.0618, utilization 0.4602, perplexity 19347.3476,
Train Epoch: [24/30] Iters:[1210/1875] loss 0.1198, rec_loss 0.0020, p_loss 0.0623, utilization 0.4603, perplexity 19352.0508,
Train Epoch: [24/30] Iters:[1220/1875] loss 0.1193, rec_loss 0.0020, p_loss 0.0620, utilization 0.4590, perplexity 19204.2446,
Train Epoch: [24/30] Iters:[1230/1875] loss 0.1193, rec_loss 0.0020, p_loss 0.0614, utilization 0.4599, perplexity 19398.9869,
Train Epoch: [24/30] Iters:[1240/1875] loss 0.1202, rec_loss 0.0021, p_loss 0.0623, utilization 0.4604, perplexity 19496.7547,
Train Epoch: [24/30] Iters:[1250/1875] loss 0.1201, rec_loss 0.0020, p_loss 0.0623, utilization 0.4596, perplexity 19504.8309,
Train Epoch: [24/30] Iters:[1260/1875] loss 0.1203, rec_loss 0.0020, p_loss 0.0626, utilization 0.4594, perplexity 19448.3033,
Train Epoch: [24/30] Iters:[1270/1875] loss 0.1207, rec_loss 0.0020, p_loss 0.0628, utilization 0.4600, perplexity 19484.3608,
Train Epoch: [24/30] Iters:[1280/1875] loss 0.1197, rec_loss 0.0020, p_loss 0.0625, utilization 0.4592, perplexity 19387.9661,
Train Epoch: [24/30] Iters:[1290/1875] loss 0.1202, rec_loss 0.0020, p_loss 0.0626, utilization 0.4585, perplexity 19288.1526,
Train Epoch: [24/30] Iters:[1300/1875] loss 0.1198, rec_loss 0.0020, p_loss 0.0623, utilization 0.4578, perplexity 19190.7200,
Train Epoch: [24/30] Iters:[1310/1875] loss 0.1195, rec_loss 0.0020, p_loss 0.0618, utilization 0.4584, perplexity 19257.1899,
Train Epoch: [24/30] Iters:[1320/1875] loss 0.1197, rec_loss 0.0020, p_loss 0.0620, utilization 0.4607, perplexity 19589.2712,
Train Epoch: [24/30] Iters:[1330/1875] loss 0.1203, rec_loss 0.0020, p_loss 0.0624, utilization 0.4604, perplexity 19473.8973,
Train Epoch: [24/30] Iters:[1340/1875] loss 0.1189, rec_loss 0.0019, p_loss 0.0615, utilization 0.4601, perplexity 19440.6709,
Train Epoch: [24/30] Iters:[1350/1875] loss 0.1201, rec_loss 0.0019, p_loss 0.0622, utilization 0.4622, perplexity 19667.3126,
Train Epoch: [24/30] Iters:[1360/1875] loss 0.1194, rec_loss 0.0019, p_loss 0.0621, utilization 0.4604, perplexity 19472.6867,
Train Epoch: [24/30] Iters:[1370/1875] loss 0.1186, rec_loss 0.0019, p_loss 0.0615, utilization 0.4579, perplexity 19173.0934,
Train Epoch: [24/30] Iters:[1380/1875] loss 0.1185, rec_loss 0.0019, p_loss 0.0615, utilization 0.4578, perplexity 19229.2185,
Train Epoch: [24/30] Iters:[1390/1875] loss 0.1187, rec_loss 0.0019, p_loss 0.0616, utilization 0.4594, perplexity 19371.6610,
Train Epoch: [24/30] Iters:[1400/1875] loss 0.1170, rec_loss 0.0019, p_loss 0.0605, utilization 0.4575, perplexity 19126.0463,
Train Epoch: [24/30] Iters:[1410/1875] loss 0.1177, rec_loss 0.0019, p_loss 0.0606, utilization 0.4596, perplexity 19290.2671,
Train Epoch: [24/30] Iters:[1420/1875] loss 0.1175, rec_loss 0.0019, p_loss 0.0605, utilization 0.4602, perplexity 19356.3196,
Train Epoch: [24/30] Iters:[1430/1875] loss 0.1181, rec_loss 0.0020, p_loss 0.0608, utilization 0.4608, perplexity 19414.7010,
Train Epoch: [24/30] Iters:[1440/1875] loss 0.1183, rec_loss 0.0019, p_loss 0.0608, utilization 0.4606, perplexity 19436.9462,
Train Epoch: [24/30] Iters:[1450/1875] loss 0.1198, rec_loss 0.0020, p_loss 0.0619, utilization 0.4615, perplexity 19560.7224,
Train Epoch: [24/30] Iters:[1460/1875] loss 0.1205, rec_loss 0.0020, p_loss 0.0625, utilization 0.4622, perplexity 19669.2246,
Train Epoch: [24/30] Iters:[1470/1875] loss 0.1212, rec_loss 0.0021, p_loss 0.0628, utilization 0.4624, perplexity 19616.5372,
Train Epoch: [24/30] Iters:[1480/1875] loss 0.1207, rec_loss 0.0020, p_loss 0.0627, utilization 0.4612, perplexity 19392.8914,
Train Epoch: [24/30] Iters:[1490/1875] loss 0.1201, rec_loss 0.0020, p_loss 0.0624, utilization 0.4594, perplexity 19241.9577,
Train Epoch: [24/30] Iters:[1500/1875] loss 0.1196, rec_loss 0.0020, p_loss 0.0619, utilization 0.4608, perplexity 19422.4948,
Train Epoch: [24/30] Iters:[1510/1875] loss 0.1190, rec_loss 0.0019, p_loss 0.0616, utilization 0.4598, perplexity 19445.3839,
Train Epoch: [24/30] Iters:[1520/1875] loss 0.1190, rec_loss 0.0020, p_loss 0.0618, utilization 0.4586, perplexity 19374.1003,
Train Epoch: [24/30] Iters:[1530/1875] loss 0.1196, rec_loss 0.0020, p_loss 0.0619, utilization 0.4606, perplexity 19671.9908,
Train Epoch: [24/30] Iters:[1540/1875] loss 0.1209, rec_loss 0.0021, p_loss 0.0628, utilization 0.4618, perplexity 19810.6450,
Train Epoch: [24/30] Iters:[1550/1875] loss 0.1217, rec_loss 0.0021, p_loss 0.0632, utilization 0.4620, perplexity 19848.5571,
Train Epoch: [24/30] Iters:[1560/1875] loss 0.1222, rec_loss 0.0022, p_loss 0.0636, utilization 0.4618, perplexity 19689.8148,
Train Epoch: [24/30] Iters:[1570/1875] loss 0.1220, rec_loss 0.0021, p_loss 0.0635, utilization 0.4614, perplexity 19692.7543,
Train Epoch: [24/30] Iters:[1580/1875] loss 0.1215, rec_loss 0.0021, p_loss 0.0635, utilization 0.4596, perplexity 19416.8435,
Train Epoch: [24/30] Iters:[1590/1875] loss 0.1212, rec_loss 0.0020, p_loss 0.0631, utilization 0.4597, perplexity 19382.6551,
Train Epoch: [24/30] Iters:[1600/1875] loss 0.1206, rec_loss 0.0020, p_loss 0.0627, utilization 0.4597, perplexity 19308.1816,
Train Epoch: [24/30] Iters:[1610/1875] loss 0.1204, rec_loss 0.0020, p_loss 0.0624, utilization 0.4605, perplexity 19531.6150,
Train Epoch: [24/30] Iters:[1620/1875] loss 0.1197, rec_loss 0.0020, p_loss 0.0618, utilization 0.4614, perplexity 19612.6060,
Train Epoch: [24/30] Iters:[1630/1875] loss 0.1187, rec_loss 0.0019, p_loss 0.0614, utilization 0.4609, perplexity 19594.8841,
Train Epoch: [24/30] Iters:[1640/1875] loss 0.1188, rec_loss 0.0020, p_loss 0.0616, utilization 0.4611, perplexity 19634.0181,
Train Epoch: [24/30] Iters:[1650/1875] loss 0.1187, rec_loss 0.0019, p_loss 0.0614, utilization 0.4588, perplexity 19502.3627,
Train Epoch: [24/30] Iters:[1660/1875] loss 0.1190, rec_loss 0.0020, p_loss 0.0617, utilization 0.4591, perplexity 19502.0117,
Train Epoch: [24/30] Iters:[1670/1875] loss 0.1188, rec_loss 0.0019, p_loss 0.0619, utilization 0.4572, perplexity 19277.4623,
Train Epoch: [24/30] Iters:[1680/1875] loss 0.1207, rec_loss 0.0020, p_loss 0.0627, utilization 0.4597, perplexity 19602.4196,
Train Epoch: [24/30] Iters:[1690/1875] loss 0.1214, rec_loss 0.0020, p_loss 0.0631, utilization 0.4592, perplexity 19571.2420,
Train Epoch: [24/30] Iters:[1700/1875] loss 0.1221, rec_loss 0.0021, p_loss 0.0636, utilization 0.4611, perplexity 19681.2527,
Train Epoch: [24/30] Iters:[1710/1875] loss 0.1213, rec_loss 0.0020, p_loss 0.0631, utilization 0.4595, perplexity 19463.0380,
Train Epoch: [24/30] Iters:[1720/1875] loss 0.1223, rec_loss 0.0021, p_loss 0.0636, utilization 0.4624, perplexity 19674.4060,
Train Epoch: [24/30] Iters:[1730/1875] loss 0.1213, rec_loss 0.0021, p_loss 0.0631, utilization 0.4607, perplexity 19452.1830,
Train Epoch: [24/30] Iters:[1740/1875] loss 0.1203, rec_loss 0.0020, p_loss 0.0625, utilization 0.4613, perplexity 19487.1474,
Train Epoch: [24/30] Iters:[1750/1875] loss 0.1190, rec_loss 0.0019, p_loss 0.0617, utilization 0.4611, perplexity 19450.3090,
Train Epoch: [24/30] Iters:[1760/1875] loss 0.1193, rec_loss 0.0019, p_loss 0.0618, utilization 0.4620, perplexity 19525.4041,
Train Epoch: [24/30] Iters:[1770/1875] loss 0.1191, rec_loss 0.0019, p_loss 0.0617, utilization 0.4619, perplexity 19683.1626,
Train Epoch: [24/30] Iters:[1780/1875] loss 0.1203, rec_loss 0.0019, p_loss 0.0626, utilization 0.4622, perplexity 19662.3242,
Train Epoch: [24/30] Iters:[1790/1875] loss 0.1203, rec_loss 0.0020, p_loss 0.0628, utilization 0.4619, perplexity 19609.2374,
Train Epoch: [24/30] Iters:[1800/1875] loss 0.1214, rec_loss 0.0020, p_loss 0.0634, utilization 0.4633, perplexity 19825.6679,
Train Epoch: [24/30] Iters:[1810/1875] loss 0.1219, rec_loss 0.0020, p_loss 0.0636, utilization 0.4635, perplexity 19856.2429,
Train Epoch: [24/30] Iters:[1820/1875] loss 0.1219, rec_loss 0.0021, p_loss 0.0635, utilization 0.4630, perplexity 19701.4201,
Train Epoch: [24/30] Iters:[1830/1875] loss 0.1202, rec_loss 0.0020, p_loss 0.0624, utilization 0.4625, perplexity 19798.2933,
Train Epoch: [24/30] Iters:[1840/1875] loss 0.1211, rec_loss 0.0021, p_loss 0.0628, utilization 0.4631, perplexity 19871.4413,
Train Epoch: [24/30] Iters:[1850/1875] loss 0.1195, rec_loss 0.0020, p_loss 0.0619, utilization 0.4607, perplexity 19607.6076,
Train Epoch: [24/30] Iters:[1860/1875] loss 0.1190, rec_loss 0.0020, p_loss 0.0617, utilization 0.4607, perplexity 19621.1388,
Train Epoch: [24/30] Iters:[1870/1875] loss 0.1195, rec_loss 0.0020, p_loss 0.0621, utilization 0.4604, perplexity 19592.7660,
epoch:25, cur_lr:0.000028
Train Epoch: [25/30] Iters:[10/1875] loss 0.1122, rec_loss 0.0016, p_loss 0.0575, utilization 0.4587, perplexity 19262.9512,
Train Epoch: [25/30] Iters:[20/1875] loss 0.1157, rec_loss 0.0019, p_loss 0.0597, utilization 0.4604, perplexity 19747.4118,
Train Epoch: [25/30] Iters:[30/1875] loss 0.1168, rec_loss 0.0019, p_loss 0.0604, utilization 0.4594, perplexity 19510.7991,
Train Epoch: [25/30] Iters:[40/1875] loss 0.1179, rec_loss 0.0019, p_loss 0.0609, utilization 0.4601, perplexity 19531.0891,
Train Epoch: [25/30] Iters:[50/1875] loss 0.1193, rec_loss 0.0020, p_loss 0.0619, utilization 0.4600, perplexity 19516.4650,
Train Epoch: [25/30] Iters:[60/1875] loss 0.1200, rec_loss 0.0020, p_loss 0.0624, utilization 0.4601, perplexity 19573.1389,
Train Epoch: [25/30] Iters:[70/1875] loss 0.1191, rec_loss 0.0020, p_loss 0.0618, utilization 0.4590, perplexity 19375.2579,
Train Epoch: [25/30] Iters:[80/1875] loss 0.1192, rec_loss 0.0020, p_loss 0.0618, utilization 0.4602, perplexity 19501.6403,
Train Epoch: [25/30] Iters:[90/1875] loss 0.1196, rec_loss 0.0020, p_loss 0.0623, utilization 0.4601, perplexity 19543.9810,
Train Epoch: [25/30] Iters:[100/1875] loss 0.1191, rec_loss 0.0020, p_loss 0.0618, utilization 0.4606, perplexity 19659.9398,
Train Epoch: [25/30] Iters:[110/1875] loss 0.1199, rec_loss 0.0021, p_loss 0.0623, utilization 0.4612, perplexity 19711.4570,
Train Epoch: [25/30] Iters:[120/1875] loss 0.1209, rec_loss 0.0021, p_loss 0.0630, utilization 0.4606, perplexity 19656.5687,
Train Epoch: [25/30] Iters:[130/1875] loss 0.1217, rec_loss 0.0021, p_loss 0.0635, utilization 0.4608, perplexity 19711.7974,
Train Epoch: [25/30] Iters:[140/1875] loss 0.1206, rec_loss 0.0020, p_loss 0.0628, utilization 0.4604, perplexity 19618.8814,
Train Epoch: [25/30] Iters:[150/1875] loss 0.1197, rec_loss 0.0019, p_loss 0.0627, utilization 0.4594, perplexity 19510.0968,
Train Epoch: [25/30] Iters:[160/1875] loss 0.1196, rec_loss 0.0020, p_loss 0.0626, utilization 0.4588, perplexity 19338.7762,
Train Epoch: [25/30] Iters:[170/1875] loss 0.1198, rec_loss 0.0020, p_loss 0.0624, utilization 0.4602, perplexity 19452.5197,
Train Epoch: [25/30] Iters:[180/1875] loss 0.1188, rec_loss 0.0020, p_loss 0.0618, utilization 0.4598, perplexity 19250.8712,
Train Epoch: [25/30] Iters:[190/1875] loss 0.1195, rec_loss 0.0020, p_loss 0.0621, utilization 0.4603, perplexity 19311.5876,
Train Epoch: [25/30] Iters:[200/1875] loss 0.1196, rec_loss 0.0020, p_loss 0.0620, utilization 0.4597, perplexity 19135.0838,
Train Epoch: [25/30] Iters:[210/1875] loss 0.1196, rec_loss 0.0020, p_loss 0.0619, utilization 0.4597, perplexity 19176.0716,
Train Epoch: [25/30] Iters:[220/1875] loss 0.1199, rec_loss 0.0020, p_loss 0.0623, utilization 0.4600, perplexity 19284.0410,
Train Epoch: [25/30] Iters:[230/1875] loss 0.1196, rec_loss 0.0020, p_loss 0.0621, utilization 0.4585, perplexity 19292.1830,
Train Epoch: [25/30] Iters:[240/1875] loss 0.1190, rec_loss 0.0020, p_loss 0.0616, utilization 0.4586, perplexity 19353.3204,
Train Epoch: [25/30] Iters:[250/1875] loss 0.1187, rec_loss 0.0020, p_loss 0.0613, utilization 0.4600, perplexity 19554.2799,
Train Epoch: [25/30] Iters:[260/1875] loss 0.1189, rec_loss 0.0020, p_loss 0.0613, utilization 0.4603, perplexity 19668.9146,
Train Epoch: [25/30] Iters:[270/1875] loss 0.1187, rec_loss 0.0020, p_loss 0.0611, utilization 0.4593, perplexity 19467.2839,
Train Epoch: [25/30] Iters:[280/1875] loss 0.1194, rec_loss 0.0021, p_loss 0.0616, utilization 0.4606, perplexity 19596.7685,
Train Epoch: [25/30] Iters:[290/1875] loss 0.1202, rec_loss 0.0020, p_loss 0.0623, utilization 0.4599, perplexity 19534.7638,
Train Epoch: [25/30] Iters:[300/1875] loss 0.1205, rec_loss 0.0020, p_loss 0.0625, utilization 0.4600, perplexity 19540.3937,
Train Epoch: [25/30] Iters:[310/1875] loss 0.1202, rec_loss 0.0020, p_loss 0.0624, utilization 0.4589, perplexity 19370.6410,
Train Epoch: [25/30] Iters:[320/1875] loss 0.1191, rec_loss 0.0020, p_loss 0.0619, utilization 0.4595, perplexity 19425.6623,
Train Epoch: [25/30] Iters:[330/1875] loss 0.1188, rec_loss 0.0020, p_loss 0.0617, utilization 0.4600, perplexity 19476.6531,
Train Epoch: [25/30] Iters:[340/1875] loss 0.1178, rec_loss 0.0020, p_loss 0.0611, utilization 0.4584, perplexity 19200.4296,
Train Epoch: [25/30] Iters:[350/1875] loss 0.1188, rec_loss 0.0020, p_loss 0.0617, utilization 0.4598, perplexity 19424.9726,
Train Epoch: [25/30] Iters:[360/1875] loss 0.1189, rec_loss 0.0020, p_loss 0.0617, utilization 0.4601, perplexity 19467.2518,
Train Epoch: [25/30] Iters:[370/1875] loss 0.1203, rec_loss 0.0021, p_loss 0.0625, utilization 0.4605, perplexity 19594.5876,
Train Epoch: [25/30] Iters:[380/1875] loss 0.1214, rec_loss 0.0021, p_loss 0.0630, utilization 0.4603, perplexity 19500.4881,
Train Epoch: [25/30] Iters:[390/1875] loss 0.1214, rec_loss 0.0021, p_loss 0.0630, utilization 0.4612, perplexity 19575.9941,
Train Epoch: [25/30] Iters:[400/1875] loss 0.1211, rec_loss 0.0021, p_loss 0.0628, utilization 0.4608, perplexity 19414.2630,
Train Epoch: [25/30] Iters:[410/1875] loss 0.1214, rec_loss 0.0020, p_loss 0.0630, utilization 0.4610, perplexity 19416.4497,
Train Epoch: [25/30] Iters:[420/1875] loss 0.1208, rec_loss 0.0020, p_loss 0.0629, utilization 0.4597, perplexity 19278.7269,
Train Epoch: [25/30] Iters:[430/1875] loss 0.1199, rec_loss 0.0019, p_loss 0.0625, utilization 0.4592, perplexity 19346.4684,
Train Epoch: [25/30] Iters:[440/1875] loss 0.1209, rec_loss 0.0020, p_loss 0.0629, utilization 0.4612, perplexity 19700.3396,
Train Epoch: [25/30] Iters:[450/1875] loss 0.1202, rec_loss 0.0020, p_loss 0.0625, utilization 0.4582, perplexity 19472.9159,
Train Epoch: [25/30] Iters:[460/1875] loss 0.1202, rec_loss 0.0020, p_loss 0.0625, utilization 0.4605, perplexity 19747.0281,
Train Epoch: [25/30] Iters:[470/1875] loss 0.1204, rec_loss 0.0020, p_loss 0.0624, utilization 0.4617, perplexity 19876.8609,
Train Epoch: [25/30] Iters:[480/1875] loss 0.1196, rec_loss 0.0019, p_loss 0.0622, utilization 0.4626, perplexity 19871.0193,
Train Epoch: [25/30] Iters:[490/1875] loss 0.1197, rec_loss 0.0019, p_loss 0.0624, utilization 0.4610, perplexity 19591.7687,
Train Epoch: [25/30] Iters:[500/1875] loss 0.1201, rec_loss 0.0020, p_loss 0.0629, utilization 0.4611, perplexity 19599.0318,
Train Epoch: [25/30] Iters:[510/1875] loss 0.1202, rec_loss 0.0020, p_loss 0.0629, utilization 0.4592, perplexity 19326.9418,
Train Epoch: [25/30] Iters:[520/1875] loss 0.1204, rec_loss 0.0020, p_loss 0.0629, utilization 0.4605, perplexity 19459.9645,
Train Epoch: [25/30] Iters:[530/1875] loss 0.1214, rec_loss 0.0021, p_loss 0.0633, utilization 0.4590, perplexity 19341.7266,
Train Epoch: [25/30] Iters:[540/1875] loss 0.1209, rec_loss 0.0021, p_loss 0.0631, utilization 0.4586, perplexity 19351.2188,
Train Epoch: [25/30] Iters:[550/1875] loss 0.1210, rec_loss 0.0021, p_loss 0.0629, utilization 0.4602, perplexity 19442.3052,
Train Epoch: [25/30] Iters:[560/1875] loss 0.1212, rec_loss 0.0021, p_loss 0.0629, utilization 0.4607, perplexity 19573.2824,
Train Epoch: [25/30] Iters:[570/1875] loss 0.1215, rec_loss 0.0021, p_loss 0.0632, utilization 0.4608, perplexity 19483.3532,
Train Epoch: [25/30] Iters:[580/1875] loss 0.1209, rec_loss 0.0021, p_loss 0.0627, utilization 0.4602, perplexity 19429.1964,
Train Epoch: [25/30] Iters:[590/1875] loss 0.1200, rec_loss 0.0021, p_loss 0.0621, utilization 0.4599, perplexity 19404.7948,
Train Epoch: [25/30] Iters:[600/1875] loss 0.1189, rec_loss 0.0020, p_loss 0.0615, utilization 0.4599, perplexity 19414.7988,
Train Epoch: [25/30] Iters:[610/1875] loss 0.1178, rec_loss 0.0020, p_loss 0.0610, utilization 0.4584, perplexity 19196.0315,
Train Epoch: [25/30] Iters:[620/1875] loss 0.1170, rec_loss 0.0020, p_loss 0.0605, utilization 0.4565, perplexity 19012.2898,
Train Epoch: [25/30] Iters:[630/1875] loss 0.1174, rec_loss 0.0020, p_loss 0.0608, utilization 0.4572, perplexity 19086.8805,
Train Epoch: [25/30] Iters:[640/1875] loss 0.1182, rec_loss 0.0020, p_loss 0.0612, utilization 0.4586, perplexity 19263.2273,
Train Epoch: [25/30] Iters:[650/1875] loss 0.1195, rec_loss 0.0020, p_loss 0.0621, utilization 0.4594, perplexity 19357.4539,
Train Epoch: [25/30] Iters:[660/1875] loss 0.1200, rec_loss 0.0020, p_loss 0.0622, utilization 0.4597, perplexity 19371.6321,
Train Epoch: [25/30] Iters:[670/1875] loss 0.1203, rec_loss 0.0020, p_loss 0.0625, utilization 0.4615, perplexity 19616.0810,
Train Epoch: [25/30] Iters:[680/1875] loss 0.1206, rec_loss 0.0020, p_loss 0.0626, utilization 0.4630, perplexity 19630.5895,
Train Epoch: [25/30] Iters:[690/1875] loss 0.1220, rec_loss 0.0020, p_loss 0.0632, utilization 0.4626, perplexity 19537.7116,
Train Epoch: [25/30] Iters:[700/1875] loss 0.1214, rec_loss 0.0021, p_loss 0.0628, utilization 0.4614, perplexity 19456.9527,
Train Epoch: [25/30] Iters:[710/1875] loss 0.1216, rec_loss 0.0020, p_loss 0.0629, utilization 0.4635, perplexity 19687.2937,
Train Epoch: [25/30] Iters:[720/1875] loss 0.1202, rec_loss 0.0020, p_loss 0.0621, utilization 0.4606, perplexity 19420.1866,
Train Epoch: [25/30] Iters:[730/1875] loss 0.1200, rec_loss 0.0020, p_loss 0.0619, utilization 0.4594, perplexity 19364.5520,
Train Epoch: [25/30] Iters:[740/1875] loss 0.1197, rec_loss 0.0020, p_loss 0.0619, utilization 0.4611, perplexity 19492.2149,
Train Epoch: [25/30] Iters:[750/1875] loss 0.1188, rec_loss 0.0020, p_loss 0.0612, utilization 0.4617, perplexity 19516.9367,
Train Epoch: [25/30] Iters:[760/1875] loss 0.1175, rec_loss 0.0020, p_loss 0.0606, utilization 0.4593, perplexity 19337.7039,
Train Epoch: [25/30] Iters:[770/1875] loss 0.1189, rec_loss 0.0020, p_loss 0.0615, utilization 0.4604, perplexity 19369.7664,
Train Epoch: [25/30] Iters:[780/1875] loss 0.1191, rec_loss 0.0020, p_loss 0.0614, utilization 0.4607, perplexity 19437.9388,
Train Epoch: [25/30] Iters:[790/1875] loss 0.1172, rec_loss 0.0019, p_loss 0.0605, utilization 0.4579, perplexity 19238.3257,
Train Epoch: [25/30] Iters:[800/1875] loss 0.1184, rec_loss 0.0019, p_loss 0.0612, utilization 0.4593, perplexity 19448.8024,
Train Epoch: [25/30] Iters:[810/1875] loss 0.1194, rec_loss 0.0020, p_loss 0.0618, utilization 0.4610, perplexity 19543.7102,
Train Epoch: [25/30] Iters:[820/1875] loss 0.1200, rec_loss 0.0020, p_loss 0.0621, utilization 0.4613, perplexity 19537.7730,
Train Epoch: [25/30] Iters:[830/1875] loss 0.1191, rec_loss 0.0020, p_loss 0.0618, utilization 0.4604, perplexity 19459.2597,
Train Epoch: [25/30] Iters:[840/1875] loss 0.1209, rec_loss 0.0021, p_loss 0.0627, utilization 0.4622, perplexity 19650.5506,
Train Epoch: [25/30] Iters:[850/1875] loss 0.1210, rec_loss 0.0021, p_loss 0.0628, utilization 0.4607, perplexity 19405.5470,
Train Epoch: [25/30] Iters:[860/1875] loss 0.1208, rec_loss 0.0021, p_loss 0.0628, utilization 0.4611, perplexity 19436.5763,
Train Epoch: [25/30] Iters:[870/1875] loss 0.1198, rec_loss 0.0020, p_loss 0.0619, utilization 0.4622, perplexity 19594.9447,
Train Epoch: [25/30] Iters:[880/1875] loss 0.1202, rec_loss 0.0021, p_loss 0.0624, utilization 0.4624, perplexity 19659.5854,
Train Epoch: [25/30] Iters:[890/1875] loss 0.1190, rec_loss 0.0020, p_loss 0.0617, utilization 0.4617, perplexity 19643.0339,
Train Epoch: [25/30] Iters:[900/1875] loss 0.1176, rec_loss 0.0019, p_loss 0.0608, utilization 0.4610, perplexity 19593.8982,
Train Epoch: [25/30] Iters:[910/1875] loss 0.1180, rec_loss 0.0019, p_loss 0.0609, utilization 0.4604, perplexity 19462.9991,
Train Epoch: [25/30] Iters:[920/1875] loss 0.1184, rec_loss 0.0020, p_loss 0.0612, utilization 0.4603, perplexity 19509.9584,
Train Epoch: [25/30] Iters:[930/1875] loss 0.1179, rec_loss 0.0019, p_loss 0.0609, utilization 0.4611, perplexity 19609.3603,
Train Epoch: [25/30] Iters:[940/1875] loss 0.1182, rec_loss 0.0019, p_loss 0.0612, utilization 0.4601, perplexity 19403.4899,
Train Epoch: [25/30] Iters:[950/1875] loss 0.1188, rec_loss 0.0020, p_loss 0.0616, utilization 0.4602, perplexity 19456.4488,
Train Epoch: [25/30] Iters:[960/1875] loss 0.1194, rec_loss 0.0020, p_loss 0.0619, utilization 0.4624, perplexity 19803.1051,
Train Epoch: [25/30] Iters:[970/1875] loss 0.1185, rec_loss 0.0019, p_loss 0.0614, utilization 0.4620, perplexity 19810.6380,
Train Epoch: [25/30] Iters:[980/1875] loss 0.1188, rec_loss 0.0019, p_loss 0.0617, utilization 0.4610, perplexity 19625.3307,
Train Epoch: [25/30] Iters:[990/1875] loss 0.1184, rec_loss 0.0019, p_loss 0.0614, utilization 0.4621, perplexity 19854.0818,
Train Epoch: [25/30] Iters:[1000/1875] loss 0.1186, rec_loss 0.0019, p_loss 0.0615, utilization 0.4615, perplexity 19813.7439,
Train Epoch: [25/30] Iters:[1010/1875] loss 0.1180, rec_loss 0.0019, p_loss 0.0614, utilization 0.4594, perplexity 19543.9626,
Train Epoch: [25/30] Iters:[1020/1875] loss 0.1188, rec_loss 0.0019, p_loss 0.0617, utilization 0.4587, perplexity 19435.1774,
Train Epoch: [25/30] Iters:[1030/1875] loss 0.1183, rec_loss 0.0019, p_loss 0.0612, utilization 0.4589, perplexity 19436.1745,
Train Epoch: [25/30] Iters:[1040/1875] loss 0.1185, rec_loss 0.0019, p_loss 0.0612, utilization 0.4588, perplexity 19281.2616,
Train Epoch: [25/30] Iters:[1050/1875] loss 0.1189, rec_loss 0.0020, p_loss 0.0612, utilization 0.4609, perplexity 19533.1917,
Train Epoch: [25/30] Iters:[1060/1875] loss 0.1191, rec_loss 0.0020, p_loss 0.0613, utilization 0.4609, perplexity 19691.1379,
Train Epoch: [25/30] Iters:[1070/1875] loss 0.1195, rec_loss 0.0020, p_loss 0.0616, utilization 0.4611, perplexity 19658.3324,
Train Epoch: [25/30] Iters:[1080/1875] loss 0.1204, rec_loss 0.0020, p_loss 0.0621, utilization 0.4620, perplexity 19817.1245,
Train Epoch: [25/30] Iters:[1090/1875] loss 0.1202, rec_loss 0.0020, p_loss 0.0622, utilization 0.4608, perplexity 19804.8551,
Train Epoch: [25/30] Iters:[1100/1875] loss 0.1197, rec_loss 0.0019, p_loss 0.0620, utilization 0.4602, perplexity 19689.4811,
Train Epoch: [25/30] Iters:[1110/1875] loss 0.1186, rec_loss 0.0019, p_loss 0.0612, utilization 0.4610, perplexity 19709.2785,
Train Epoch: [25/30] Iters:[1120/1875] loss 0.1181, rec_loss 0.0019, p_loss 0.0609, utilization 0.4613, perplexity 19771.4657,
Train Epoch: [25/30] Iters:[1130/1875] loss 0.1174, rec_loss 0.0019, p_loss 0.0606, utilization 0.4609, perplexity 19841.8365,
Train Epoch: [25/30] Iters:[1140/1875] loss 0.1181, rec_loss 0.0019, p_loss 0.0609, utilization 0.4625, perplexity 19871.1200,
Train Epoch: [25/30] Iters:[1150/1875] loss 0.1178, rec_loss 0.0019, p_loss 0.0608, utilization 0.4612, perplexity 19789.4218,
Train Epoch: [25/30] Iters:[1160/1875] loss 0.1189, rec_loss 0.0019, p_loss 0.0614, utilization 0.4599, perplexity 19725.3609,
Train Epoch: [25/30] Iters:[1170/1875] loss 0.1191, rec_loss 0.0020, p_loss 0.0616, utilization 0.4615, perplexity 19776.0608,
Train Epoch: [25/30] Iters:[1180/1875] loss 0.1193, rec_loss 0.0020, p_loss 0.0617, utilization 0.4621, perplexity 19786.4441,
Train Epoch: [25/30] Iters:[1190/1875] loss 0.1189, rec_loss 0.0019, p_loss 0.0615, utilization 0.4601, perplexity 19667.4663,
Train Epoch: [25/30] Iters:[1200/1875] loss 0.1194, rec_loss 0.0019, p_loss 0.0619, utilization 0.4612, perplexity 19666.3988,
Train Epoch: [25/30] Iters:[1210/1875] loss 0.1194, rec_loss 0.0019, p_loss 0.0619, utilization 0.4615, perplexity 19589.4424,
Train Epoch: [25/30] Iters:[1220/1875] loss 0.1199, rec_loss 0.0019, p_loss 0.0622, utilization 0.4604, perplexity 19499.8545,
Train Epoch: [25/30] Iters:[1230/1875] loss 0.1203, rec_loss 0.0020, p_loss 0.0624, utilization 0.4601, perplexity 19385.4096,
Train Epoch: [25/30] Iters:[1240/1875] loss 0.1211, rec_loss 0.0021, p_loss 0.0623, utilization 0.4626, perplexity 19554.8295,
Train Epoch: [25/30] Iters:[1250/1875] loss 0.1211, rec_loss 0.0021, p_loss 0.0625, utilization 0.4613, perplexity 19542.6083,
Train Epoch: [25/30] Iters:[1260/1875] loss 0.1206, rec_loss 0.0021, p_loss 0.0624, utilization 0.4600, perplexity 19369.3647,
Train Epoch: [25/30] Iters:[1270/1875] loss 0.1209, rec_loss 0.0021, p_loss 0.0627, utilization 0.4590, perplexity 19229.0830,
Train Epoch: [25/30] Iters:[1280/1875] loss 0.1215, rec_loss 0.0022, p_loss 0.0631, utilization 0.4604, perplexity 19379.1551,
Train Epoch: [25/30] Iters:[1290/1875] loss 0.1206, rec_loss 0.0021, p_loss 0.0629, utilization 0.4587, perplexity 19297.2160,
Train Epoch: [25/30] Iters:[1300/1875] loss 0.1204, rec_loss 0.0021, p_loss 0.0625, utilization 0.4599, perplexity 19249.3350,
Train Epoch: [25/30] Iters:[1310/1875] loss 0.1209, rec_loss 0.0021, p_loss 0.0625, utilization 0.4617, perplexity 19445.2167,
Train Epoch: [25/30] Iters:[1320/1875] loss 0.1204, rec_loss 0.0021, p_loss 0.0623, utilization 0.4622, perplexity 19597.1988,
Train Epoch: [25/30] Iters:[1330/1875] loss 0.1195, rec_loss 0.0020, p_loss 0.0618, utilization 0.4600, perplexity 19351.3434,
Train Epoch: [25/30] Iters:[1340/1875] loss 0.1199, rec_loss 0.0021, p_loss 0.0620, utilization 0.4608, perplexity 19338.1789,
Train Epoch: [25/30] Iters:[1350/1875] loss 0.1198, rec_loss 0.0021, p_loss 0.0621, utilization 0.4605, perplexity 19393.1821,
Train Epoch: [25/30] Iters:[1360/1875] loss 0.1195, rec_loss 0.0021, p_loss 0.0619, utilization 0.4604, perplexity 19443.7263,
Train Epoch: [25/30] Iters:[1370/1875] loss 0.1196, rec_loss 0.0020, p_loss 0.0619, utilization 0.4602, perplexity 19340.6098,
Train Epoch: [25/30] Iters:[1380/1875] loss 0.1195, rec_loss 0.0020, p_loss 0.0619, utilization 0.4608, perplexity 19399.1885,
Train Epoch: [25/30] Iters:[1390/1875] loss 0.1196, rec_loss 0.0020, p_loss 0.0620, utilization 0.4615, perplexity 19545.7914,
Train Epoch: [25/30] Iters:[1400/1875] loss 0.1200, rec_loss 0.0020, p_loss 0.0622, utilization 0.4614, perplexity 19578.7423,
Train Epoch: [25/30] Iters:[1410/1875] loss 0.1205, rec_loss 0.0020, p_loss 0.0626, utilization 0.4603, perplexity 19375.4953,
Train Epoch: [25/30] Iters:[1420/1875] loss 0.1193, rec_loss 0.0020, p_loss 0.0618, utilization 0.4599, perplexity 19467.5160,
Train Epoch: [25/30] Iters:[1430/1875] loss 0.1194, rec_loss 0.0020, p_loss 0.0618, utilization 0.4587, perplexity 19291.9478,
Train Epoch: [25/30] Iters:[1440/1875] loss 0.1190, rec_loss 0.0020, p_loss 0.0616, utilization 0.4578, perplexity 19171.8896,
Train Epoch: [25/30] Iters:[1450/1875] loss 0.1185, rec_loss 0.0020, p_loss 0.0614, utilization 0.4569, perplexity 19030.6138,
Train Epoch: [25/30] Iters:[1460/1875] loss 0.1187, rec_loss 0.0020, p_loss 0.0613, utilization 0.4582, perplexity 19328.4412,
Train Epoch: [25/30] Iters:[1470/1875] loss 0.1194, rec_loss 0.0020, p_loss 0.0617, utilization 0.4589, perplexity 19287.3701,
Train Epoch: [25/30] Iters:[1480/1875] loss 0.1199, rec_loss 0.0020, p_loss 0.0618, utilization 0.4595, perplexity 19393.3162,
Train Epoch: [25/30] Iters:[1490/1875] loss 0.1191, rec_loss 0.0020, p_loss 0.0616, utilization 0.4583, perplexity 19363.2431,
Train Epoch: [25/30] Iters:[1500/1875] loss 0.1199, rec_loss 0.0020, p_loss 0.0620, utilization 0.4589, perplexity 19453.8063,
Train Epoch: [25/30] Iters:[1510/1875] loss 0.1189, rec_loss 0.0019, p_loss 0.0614, utilization 0.4581, perplexity 19357.6098,
Train Epoch: [25/30] Iters:[1520/1875] loss 0.1183, rec_loss 0.0019, p_loss 0.0612, utilization 0.4575, perplexity 19267.4979,
Train Epoch: [25/30] Iters:[1530/1875] loss 0.1169, rec_loss 0.0018, p_loss 0.0603, utilization 0.4568, perplexity 19086.0111,
Train Epoch: [25/30] Iters:[1540/1875] loss 0.1186, rec_loss 0.0019, p_loss 0.0611, utilization 0.4576, perplexity 19132.2074,
Train Epoch: [25/30] Iters:[1550/1875] loss 0.1175, rec_loss 0.0019, p_loss 0.0604, utilization 0.4584, perplexity 19260.1907,
Train Epoch: [25/30] Iters:[1560/1875] loss 0.1184, rec_loss 0.0019, p_loss 0.0611, utilization 0.4589, perplexity 19183.2957,
Train Epoch: [25/30] Iters:[1570/1875] loss 0.1192, rec_loss 0.0020, p_loss 0.0616, utilization 0.4596, perplexity 19205.2414,
Train Epoch: [25/30] Iters:[1580/1875] loss 0.1215, rec_loss 0.0021, p_loss 0.0632, utilization 0.4620, perplexity 19634.5289,
Train Epoch: [25/30] Iters:[1590/1875] loss 0.1207, rec_loss 0.0021, p_loss 0.0630, utilization 0.4634, perplexity 19746.8234,
Train Epoch: [25/30] Iters:[1600/1875] loss 0.1217, rec_loss 0.0021, p_loss 0.0637, utilization 0.4640, perplexity 19698.9490,
Train Epoch: [25/30] Iters:[1610/1875] loss 0.1214, rec_loss 0.0021, p_loss 0.0633, utilization 0.4630, perplexity 19683.2262,
Train Epoch: [25/30] Iters:[1620/1875] loss 0.1213, rec_loss 0.0021, p_loss 0.0632, utilization 0.4642, perplexity 19960.1294,
Train Epoch: [25/30] Iters:[1630/1875] loss 0.1202, rec_loss 0.0021, p_loss 0.0626, utilization 0.4633, perplexity 19856.3232,
Train Epoch: [25/30] Iters:[1640/1875] loss 0.1205, rec_loss 0.0020, p_loss 0.0626, utilization 0.4643, perplexity 20001.3494,
Train Epoch: [25/30] Iters:[1650/1875] loss 0.1207, rec_loss 0.0021, p_loss 0.0628, utilization 0.4643, perplexity 20050.5150,
Train Epoch: [25/30] Iters:[1660/1875] loss 0.1211, rec_loss 0.0021, p_loss 0.0632, utilization 0.4650, perplexity 20029.9471,
Train Epoch: [25/30] Iters:[1670/1875] loss 0.1208, rec_loss 0.0021, p_loss 0.0630, utilization 0.4636, perplexity 19850.1171,
Train Epoch: [25/30] Iters:[1680/1875] loss 0.1207, rec_loss 0.0021, p_loss 0.0630, utilization 0.4625, perplexity 19661.5374,
Train Epoch: [25/30] Iters:[1690/1875] loss 0.1204, rec_loss 0.0021, p_loss 0.0627, utilization 0.4621, perplexity 19533.3879,
Train Epoch: [25/30] Iters:[1700/1875] loss 0.1207, rec_loss 0.0021, p_loss 0.0630, utilization 0.4612, perplexity 19415.4587,
Train Epoch: [25/30] Iters:[1710/1875] loss 0.1206, rec_loss 0.0020, p_loss 0.0629, utilization 0.4604, perplexity 19369.8405,
Train Epoch: [25/30] Iters:[1720/1875] loss 0.1201, rec_loss 0.0020, p_loss 0.0626, utilization 0.4597, perplexity 19310.0385,
Train Epoch: [25/30] Iters:[1730/1875] loss 0.1194, rec_loss 0.0020, p_loss 0.0620, utilization 0.4606, perplexity 19449.1470,
Train Epoch: [25/30] Iters:[1740/1875] loss 0.1192, rec_loss 0.0020, p_loss 0.0621, utilization 0.4586, perplexity 19295.4351,
Train Epoch: [25/30] Iters:[1750/1875] loss 0.1177, rec_loss 0.0019, p_loss 0.0609, utilization 0.4595, perplexity 19421.1620,
Train Epoch: [25/30] Iters:[1760/1875] loss 0.1164, rec_loss 0.0019, p_loss 0.0601, utilization 0.4592, perplexity 19414.0256,
Train Epoch: [25/30] Iters:[1770/1875] loss 0.1172, rec_loss 0.0019, p_loss 0.0604, utilization 0.4594, perplexity 19425.5709,
Train Epoch: [25/30] Iters:[1780/1875] loss 0.1173, rec_loss 0.0019, p_loss 0.0604, utilization 0.4595, perplexity 19369.1673,
Train Epoch: [25/30] Iters:[1790/1875] loss 0.1178, rec_loss 0.0019, p_loss 0.0605, utilization 0.4605, perplexity 19415.5550,
Train Epoch: [25/30] Iters:[1800/1875] loss 0.1193, rec_loss 0.0019, p_loss 0.0616, utilization 0.4601, perplexity 19369.6700,
Train Epoch: [25/30] Iters:[1810/1875] loss 0.1199, rec_loss 0.0020, p_loss 0.0618, utilization 0.4617, perplexity 19540.2579,
Train Epoch: [25/30] Iters:[1820/1875] loss 0.1196, rec_loss 0.0020, p_loss 0.0617, utilization 0.4622, perplexity 19559.8009,
Train Epoch: [25/30] Iters:[1830/1875] loss 0.1201, rec_loss 0.0020, p_loss 0.0621, utilization 0.4615, perplexity 19584.5531,
Train Epoch: [25/30] Iters:[1840/1875] loss 0.1196, rec_loss 0.0020, p_loss 0.0619, utilization 0.4616, perplexity 19481.9073,
Train Epoch: [25/30] Iters:[1850/1875] loss 0.1192, rec_loss 0.0020, p_loss 0.0618, utilization 0.4625, perplexity 19608.1523,
Train Epoch: [25/30] Iters:[1860/1875] loss 0.1202, rec_loss 0.0019, p_loss 0.0625, utilization 0.4625, perplexity 19639.8196,
Train Epoch: [25/30] Iters:[1870/1875] loss 0.1209, rec_loss 0.0020, p_loss 0.0629, utilization 0.4619, perplexity 19589.7141,
Loading pretrained model LPIPS from /home/sunset/.cache/torch/hub/pyiqa/LPIPS_v0.1_alex-df73285e.pth
PSNR:34.861596913655596  SSIM:0.9242668950080871  LPIPS:0.028017512209216753
Loading pretrained model LPIPS from /home/sunset/.cache/torch/hub/pyiqa/LPIPS_v0.1_alex-df73285e.pth
epoch:26, cur_lr:0.000025
Train Epoch: [26/30] Iters:[10/1875] loss 0.1171, rec_loss 0.0019, p_loss 0.0611, utilization 0.4577, perplexity 19514.3686,
Train Epoch: [26/30] Iters:[20/1875] loss 0.1201, rec_loss 0.0020, p_loss 0.0624, utilization 0.4608, perplexity 19572.4131,
Train Epoch: [26/30] Iters:[30/1875] loss 0.1199, rec_loss 0.0020, p_loss 0.0621, utilization 0.4625, perplexity 19706.3067,
Train Epoch: [26/30] Iters:[40/1875] loss 0.1205, rec_loss 0.0020, p_loss 0.0626, utilization 0.4616, perplexity 19667.4984,
Train Epoch: [26/30] Iters:[50/1875] loss 0.1205, rec_loss 0.0020, p_loss 0.0624, utilization 0.4614, perplexity 19604.7191,
Train Epoch: [26/30] Iters:[60/1875] loss 0.1214, rec_loss 0.0021, p_loss 0.0628, utilization 0.4624, perplexity 19639.5864,
Train Epoch: [26/30] Iters:[70/1875] loss 0.1218, rec_loss 0.0021, p_loss 0.0633, utilization 0.4609, perplexity 19451.7944,
Train Epoch: [26/30] Iters:[80/1875] loss 0.1224, rec_loss 0.0021, p_loss 0.0637, utilization 0.4600, perplexity 19280.4708,
Train Epoch: [26/30] Iters:[90/1875] loss 0.1221, rec_loss 0.0021, p_loss 0.0636, utilization 0.4608, perplexity 19399.6354,
Train Epoch: [26/30] Iters:[100/1875] loss 0.1206, rec_loss 0.0020, p_loss 0.0629, utilization 0.4593, perplexity 19235.9073,
Train Epoch: [26/30] Iters:[110/1875] loss 0.1197, rec_loss 0.0020, p_loss 0.0625, utilization 0.4579, perplexity 19150.0115,
Train Epoch: [26/30] Iters:[120/1875] loss 0.1187, rec_loss 0.0019, p_loss 0.0617, utilization 0.4577, perplexity 19127.7125,
Train Epoch: [26/30] Iters:[130/1875] loss 0.1183, rec_loss 0.0019, p_loss 0.0612, utilization 0.4565, perplexity 19053.9162,
Train Epoch: [26/30] Iters:[140/1875] loss 0.1186, rec_loss 0.0020, p_loss 0.0614, utilization 0.4552, perplexity 18757.1528,
Train Epoch: [26/30] Iters:[150/1875] loss 0.1201, rec_loss 0.0020, p_loss 0.0621, utilization 0.4574, perplexity 19015.3723,
Train Epoch: [26/30] Iters:[160/1875] loss 0.1203, rec_loss 0.0020, p_loss 0.0622, utilization 0.4580, perplexity 19128.3324,
Train Epoch: [26/30] Iters:[170/1875] loss 0.1209, rec_loss 0.0021, p_loss 0.0626, utilization 0.4601, perplexity 19445.3600,
Train Epoch: [26/30] Iters:[180/1875] loss 0.1209, rec_loss 0.0021, p_loss 0.0628, utilization 0.4614, perplexity 19575.9940,
Train Epoch: [26/30] Iters:[190/1875] loss 0.1211, rec_loss 0.0021, p_loss 0.0630, utilization 0.4629, perplexity 19705.8771,
Train Epoch: [26/30] Iters:[200/1875] loss 0.1215, rec_loss 0.0021, p_loss 0.0632, utilization 0.4644, perplexity 19944.3839,
Train Epoch: [26/30] Iters:[210/1875] loss 0.1209, rec_loss 0.0021, p_loss 0.0627, utilization 0.4649, perplexity 19822.7291,
Train Epoch: [26/30] Iters:[220/1875] loss 0.1204, rec_loss 0.0021, p_loss 0.0625, utilization 0.4640, perplexity 19633.2915,
Train Epoch: [26/30] Iters:[230/1875] loss 0.1198, rec_loss 0.0020, p_loss 0.0620, utilization 0.4635, perplexity 19641.5527,
Train Epoch: [26/30] Iters:[240/1875] loss 0.1186, rec_loss 0.0019, p_loss 0.0610, utilization 0.4635, perplexity 19742.4190,
Train Epoch: [26/30] Iters:[250/1875] loss 0.1180, rec_loss 0.0019, p_loss 0.0607, utilization 0.4617, perplexity 19514.5466,
Train Epoch: [26/30] Iters:[260/1875] loss 0.1189, rec_loss 0.0019, p_loss 0.0613, utilization 0.4609, perplexity 19487.7523,
Train Epoch: [26/30] Iters:[270/1875] loss 0.1184, rec_loss 0.0019, p_loss 0.0610, utilization 0.4613, perplexity 19542.2372,
Train Epoch: [26/30] Iters:[280/1875] loss 0.1187, rec_loss 0.0019, p_loss 0.0612, utilization 0.4608, perplexity 19473.0576,
Train Epoch: [26/30] Iters:[290/1875] loss 0.1181, rec_loss 0.0019, p_loss 0.0610, utilization 0.4596, perplexity 19430.4484,
Train Epoch: [26/30] Iters:[300/1875] loss 0.1183, rec_loss 0.0019, p_loss 0.0612, utilization 0.4590, perplexity 19356.0140,
Train Epoch: [26/30] Iters:[310/1875] loss 0.1182, rec_loss 0.0019, p_loss 0.0611, utilization 0.4591, perplexity 19540.8420,
Train Epoch: [26/30] Iters:[320/1875] loss 0.1177, rec_loss 0.0019, p_loss 0.0608, utilization 0.4576, perplexity 19507.6350,
Train Epoch: [26/30] Iters:[330/1875] loss 0.1183, rec_loss 0.0019, p_loss 0.0612, utilization 0.4584, perplexity 19591.9885,
Train Epoch: [26/30] Iters:[340/1875] loss 0.1197, rec_loss 0.0020, p_loss 0.0618, utilization 0.4598, perplexity 19736.5287,
Train Epoch: [26/30] Iters:[350/1875] loss 0.1185, rec_loss 0.0020, p_loss 0.0610, utilization 0.4586, perplexity 19611.3538,
Train Epoch: [26/30] Iters:[360/1875] loss 0.1186, rec_loss 0.0020, p_loss 0.0611, utilization 0.4592, perplexity 19479.1737,
Train Epoch: [26/30] Iters:[370/1875] loss 0.1194, rec_loss 0.0020, p_loss 0.0615, utilization 0.4613, perplexity 19653.0969,
Train Epoch: [26/30] Iters:[380/1875] loss 0.1193, rec_loss 0.0020, p_loss 0.0616, utilization 0.4611, perplexity 19578.7957,
Train Epoch: [26/30] Iters:[390/1875] loss 0.1191, rec_loss 0.0020, p_loss 0.0617, utilization 0.4604, perplexity 19358.5232,
Train Epoch: [26/30] Iters:[400/1875] loss 0.1195, rec_loss 0.0020, p_loss 0.0620, utilization 0.4618, perplexity 19476.9843,
Train Epoch: [26/30] Iters:[410/1875] loss 0.1194, rec_loss 0.0020, p_loss 0.0618, utilization 0.4615, perplexity 19582.7270,
Train Epoch: [26/30] Iters:[420/1875] loss 0.1190, rec_loss 0.0020, p_loss 0.0615, utilization 0.4614, perplexity 19574.2201,
Train Epoch: [26/30] Iters:[430/1875] loss 0.1191, rec_loss 0.0020, p_loss 0.0615, utilization 0.4623, perplexity 19730.3823,
Train Epoch: [26/30] Iters:[440/1875] loss 0.1193, rec_loss 0.0020, p_loss 0.0617, utilization 0.4616, perplexity 19781.8913,
Train Epoch: [26/30] Iters:[450/1875] loss 0.1196, rec_loss 0.0020, p_loss 0.0619, utilization 0.4609, perplexity 19651.4094,
Train Epoch: [26/30] Iters:[460/1875] loss 0.1191, rec_loss 0.0019, p_loss 0.0615, utilization 0.4615, perplexity 19538.4837,
Train Epoch: [26/30] Iters:[470/1875] loss 0.1195, rec_loss 0.0020, p_loss 0.0619, utilization 0.4607, perplexity 19425.2570,
Train Epoch: [26/30] Iters:[480/1875] loss 0.1189, rec_loss 0.0020, p_loss 0.0617, utilization 0.4590, perplexity 19161.9551,
Train Epoch: [26/30] Iters:[490/1875] loss 0.1182, rec_loss 0.0019, p_loss 0.0611, utilization 0.4611, perplexity 19371.4182,
Train Epoch: [26/30] Iters:[500/1875] loss 0.1186, rec_loss 0.0020, p_loss 0.0612, utilization 0.4631, perplexity 19658.9369,
Train Epoch: [26/30] Iters:[510/1875] loss 0.1184, rec_loss 0.0019, p_loss 0.0613, utilization 0.4623, perplexity 19716.7839,
Train Epoch: [26/30] Iters:[520/1875] loss 0.1179, rec_loss 0.0019, p_loss 0.0611, utilization 0.4613, perplexity 19621.3569,
Train Epoch: [26/30] Iters:[530/1875] loss 0.1173, rec_loss 0.0019, p_loss 0.0603, utilization 0.4632, perplexity 20024.8716,
Train Epoch: [26/30] Iters:[540/1875] loss 0.1178, rec_loss 0.0019, p_loss 0.0607, utilization 0.4608, perplexity 19707.0942,
Train Epoch: [26/30] Iters:[550/1875] loss 0.1172, rec_loss 0.0019, p_loss 0.0604, utilization 0.4587, perplexity 19448.6574,
Train Epoch: [26/30] Iters:[560/1875] loss 0.1176, rec_loss 0.0019, p_loss 0.0604, utilization 0.4605, perplexity 19591.5400,
Train Epoch: [26/30] Iters:[570/1875] loss 0.1184, rec_loss 0.0019, p_loss 0.0606, utilization 0.4616, perplexity 19685.9265,
Train Epoch: [26/30] Iters:[580/1875] loss 0.1189, rec_loss 0.0020, p_loss 0.0610, utilization 0.4616, perplexity 19550.8230,
Train Epoch: [26/30] Iters:[590/1875] loss 0.1189, rec_loss 0.0020, p_loss 0.0610, utilization 0.4619, perplexity 19606.0871,
Train Epoch: [26/30] Iters:[600/1875] loss 0.1190, rec_loss 0.0020, p_loss 0.0609, utilization 0.4628, perplexity 19640.8886,
Train Epoch: [26/30] Iters:[610/1875] loss 0.1198, rec_loss 0.0020, p_loss 0.0615, utilization 0.4636, perplexity 19694.9077,
Train Epoch: [26/30] Iters:[620/1875] loss 0.1193, rec_loss 0.0020, p_loss 0.0612, utilization 0.4641, perplexity 19740.8393,
Train Epoch: [26/30] Iters:[630/1875] loss 0.1193, rec_loss 0.0020, p_loss 0.0613, utilization 0.4638, perplexity 19698.6455,
Train Epoch: [26/30] Iters:[640/1875] loss 0.1181, rec_loss 0.0019, p_loss 0.0606, utilization 0.4637, perplexity 19677.3018,
Train Epoch: [26/30] Iters:[650/1875] loss 0.1184, rec_loss 0.0019, p_loss 0.0610, utilization 0.4642, perplexity 19781.3400,
Train Epoch: [26/30] Iters:[660/1875] loss 0.1176, rec_loss 0.0019, p_loss 0.0607, utilization 0.4616, perplexity 19597.5293,
Train Epoch: [26/30] Iters:[670/1875] loss 0.1179, rec_loss 0.0019, p_loss 0.0610, utilization 0.4613, perplexity 19688.3499,
Train Epoch: [26/30] Iters:[680/1875] loss 0.1185, rec_loss 0.0019, p_loss 0.0615, utilization 0.4608, perplexity 19666.5073,
Train Epoch: [26/30] Iters:[690/1875] loss 0.1184, rec_loss 0.0020, p_loss 0.0613, utilization 0.4613, perplexity 19797.6585,
Train Epoch: [26/30] Iters:[700/1875] loss 0.1193, rec_loss 0.0020, p_loss 0.0617, utilization 0.4620, perplexity 19890.6432,
Train Epoch: [26/30] Iters:[710/1875] loss 0.1190, rec_loss 0.0019, p_loss 0.0616, utilization 0.4619, perplexity 19769.9613,
Train Epoch: [26/30] Iters:[720/1875] loss 0.1187, rec_loss 0.0019, p_loss 0.0612, utilization 0.4620, perplexity 19692.2817,
Train Epoch: [26/30] Iters:[730/1875] loss 0.1182, rec_loss 0.0019, p_loss 0.0608, utilization 0.4619, perplexity 19679.9990,
Train Epoch: [26/30] Iters:[740/1875] loss 0.1196, rec_loss 0.0019, p_loss 0.0619, utilization 0.4625, perplexity 19609.7492,
Train Epoch: [26/30] Iters:[750/1875] loss 0.1186, rec_loss 0.0019, p_loss 0.0613, utilization 0.4613, perplexity 19598.1397,
Train Epoch: [26/30] Iters:[760/1875] loss 0.1181, rec_loss 0.0019, p_loss 0.0610, utilization 0.4610, perplexity 19610.1078,
Train Epoch: [26/30] Iters:[770/1875] loss 0.1178, rec_loss 0.0019, p_loss 0.0608, utilization 0.4603, perplexity 19517.2566,
Train Epoch: [26/30] Iters:[780/1875] loss 0.1172, rec_loss 0.0019, p_loss 0.0603, utilization 0.4602, perplexity 19559.9682,
Train Epoch: [26/30] Iters:[790/1875] loss 0.1165, rec_loss 0.0019, p_loss 0.0598, utilization 0.4606, perplexity 19687.6017,
Train Epoch: [26/30] Iters:[800/1875] loss 0.1173, rec_loss 0.0019, p_loss 0.0603, utilization 0.4612, perplexity 19594.8886,
Train Epoch: [26/30] Iters:[810/1875] loss 0.1167, rec_loss 0.0019, p_loss 0.0599, utilization 0.4610, perplexity 19594.8385,
Train Epoch: [26/30] Iters:[820/1875] loss 0.1173, rec_loss 0.0019, p_loss 0.0604, utilization 0.4618, perplexity 19567.6286,
Train Epoch: [26/30] Iters:[830/1875] loss 0.1182, rec_loss 0.0020, p_loss 0.0611, utilization 0.4619, perplexity 19537.7656,
Train Epoch: [26/30] Iters:[840/1875] loss 0.1186, rec_loss 0.0019, p_loss 0.0613, utilization 0.4613, perplexity 19363.5440,
Train Epoch: [26/30] Iters:[850/1875] loss 0.1189, rec_loss 0.0020, p_loss 0.0615, utilization 0.4608, perplexity 19331.6287,
Train Epoch: [26/30] Iters:[860/1875] loss 0.1195, rec_loss 0.0020, p_loss 0.0619, utilization 0.4598, perplexity 19219.0073,
Train Epoch: [26/30] Iters:[870/1875] loss 0.1188, rec_loss 0.0020, p_loss 0.0617, utilization 0.4570, perplexity 19044.1754,
Train Epoch: [26/30] Iters:[880/1875] loss 0.1182, rec_loss 0.0019, p_loss 0.0612, utilization 0.4558, perplexity 18938.4183,
Train Epoch: [26/30] Iters:[890/1875] loss 0.1182, rec_loss 0.0020, p_loss 0.0610, utilization 0.4562, perplexity 18970.4397,
Train Epoch: [26/30] Iters:[900/1875] loss 0.1166, rec_loss 0.0019, p_loss 0.0602, utilization 0.4559, perplexity 19023.7197,
Train Epoch: [26/30] Iters:[910/1875] loss 0.1175, rec_loss 0.0020, p_loss 0.0606, utilization 0.4573, perplexity 19236.4801,
Train Epoch: [26/30] Iters:[920/1875] loss 0.1183, rec_loss 0.0020, p_loss 0.0609, utilization 0.4605, perplexity 19579.7425,
Train Epoch: [26/30] Iters:[930/1875] loss 0.1192, rec_loss 0.0021, p_loss 0.0614, utilization 0.4620, perplexity 19738.8856,
Train Epoch: [26/30] Iters:[940/1875] loss 0.1185, rec_loss 0.0020, p_loss 0.0610, utilization 0.4599, perplexity 19634.7996,
Train Epoch: [26/30] Iters:[950/1875] loss 0.1195, rec_loss 0.0021, p_loss 0.0615, utilization 0.4613, perplexity 19670.0881,
Train Epoch: [26/30] Iters:[960/1875] loss 0.1195, rec_loss 0.0020, p_loss 0.0616, utilization 0.4611, perplexity 19661.6558,
Train Epoch: [26/30] Iters:[970/1875] loss 0.1194, rec_loss 0.0020, p_loss 0.0614, utilization 0.4604, perplexity 19589.3196,
Train Epoch: [26/30] Iters:[980/1875] loss 0.1191, rec_loss 0.0020, p_loss 0.0612, utilization 0.4610, perplexity 19653.2798,
Train Epoch: [26/30] Iters:[990/1875] loss 0.1192, rec_loss 0.0020, p_loss 0.0614, utilization 0.4611, perplexity 19663.6254,
Train Epoch: [26/30] Iters:[1000/1875] loss 0.1193, rec_loss 0.0019, p_loss 0.0615, utilization 0.4612, perplexity 19608.4028,
Train Epoch: [26/30] Iters:[1010/1875] loss 0.1182, rec_loss 0.0019, p_loss 0.0608, utilization 0.4613, perplexity 19543.3690,
Train Epoch: [26/30] Iters:[1020/1875] loss 0.1181, rec_loss 0.0019, p_loss 0.0610, utilization 0.4607, perplexity 19470.8953,
Train Epoch: [26/30] Iters:[1030/1875] loss 0.1181, rec_loss 0.0019, p_loss 0.0612, utilization 0.4585, perplexity 19305.0279,
Train Epoch: [26/30] Iters:[1040/1875] loss 0.1187, rec_loss 0.0019, p_loss 0.0614, utilization 0.4604, perplexity 19488.7631,
Train Epoch: [26/30] Iters:[1050/1875] loss 0.1182, rec_loss 0.0019, p_loss 0.0609, utilization 0.4598, perplexity 19541.3176,
Train Epoch: [26/30] Iters:[1060/1875] loss 0.1182, rec_loss 0.0019, p_loss 0.0609, utilization 0.4591, perplexity 19535.3166,
Train Epoch: [26/30] Iters:[1070/1875] loss 0.1190, rec_loss 0.0019, p_loss 0.0611, utilization 0.4615, perplexity 19812.1383,
Train Epoch: [26/30] Iters:[1080/1875] loss 0.1189, rec_loss 0.0019, p_loss 0.0612, utilization 0.4635, perplexity 19940.6455,
Train Epoch: [26/30] Iters:[1090/1875] loss 0.1193, rec_loss 0.0019, p_loss 0.0615, utilization 0.4634, perplexity 19943.1520,
Train Epoch: [26/30] Iters:[1100/1875] loss 0.1189, rec_loss 0.0019, p_loss 0.0615, utilization 0.4621, perplexity 19859.9277,
Train Epoch: [26/30] Iters:[1110/1875] loss 0.1190, rec_loss 0.0019, p_loss 0.0615, utilization 0.4638, perplexity 19985.2918,
Train Epoch: [26/30] Iters:[1120/1875] loss 0.1182, rec_loss 0.0019, p_loss 0.0611, utilization 0.4626, perplexity 19683.9078,
Train Epoch: [26/30] Iters:[1130/1875] loss 0.1183, rec_loss 0.0019, p_loss 0.0610, utilization 0.4624, perplexity 19719.4841,
Train Epoch: [26/30] Iters:[1140/1875] loss 0.1177, rec_loss 0.0019, p_loss 0.0607, utilization 0.4609, perplexity 19601.9927,
Train Epoch: [26/30] Iters:[1150/1875] loss 0.1174, rec_loss 0.0019, p_loss 0.0605, utilization 0.4617, perplexity 19625.5144,
Train Epoch: [26/30] Iters:[1160/1875] loss 0.1186, rec_loss 0.0020, p_loss 0.0613, utilization 0.4605, perplexity 19418.2278,
Train Epoch: [26/30] Iters:[1170/1875] loss 0.1191, rec_loss 0.0020, p_loss 0.0616, utilization 0.4609, perplexity 19542.4232,
Train Epoch: [26/30] Iters:[1180/1875] loss 0.1185, rec_loss 0.0020, p_loss 0.0614, utilization 0.4606, perplexity 19485.7638,
Train Epoch: [26/30] Iters:[1190/1875] loss 0.1200, rec_loss 0.0020, p_loss 0.0621, utilization 0.4626, perplexity 19630.1485,
Train Epoch: [26/30] Iters:[1200/1875] loss 0.1207, rec_loss 0.0020, p_loss 0.0626, utilization 0.4617, perplexity 19490.1487,
Train Epoch: [26/30] Iters:[1210/1875] loss 0.1200, rec_loss 0.0020, p_loss 0.0623, utilization 0.4615, perplexity 19563.7788,
Train Epoch: [26/30] Iters:[1220/1875] loss 0.1202, rec_loss 0.0020, p_loss 0.0625, utilization 0.4609, perplexity 19567.8798,
Train Epoch: [26/30] Iters:[1230/1875] loss 0.1194, rec_loss 0.0020, p_loss 0.0619, utilization 0.4594, perplexity 19376.7790,
Train Epoch: [26/30] Iters:[1240/1875] loss 0.1181, rec_loss 0.0019, p_loss 0.0611, utilization 0.4601, perplexity 19450.9879,
Train Epoch: [26/30] Iters:[1250/1875] loss 0.1182, rec_loss 0.0019, p_loss 0.0611, utilization 0.4611, perplexity 19640.1900,
Train Epoch: [26/30] Iters:[1260/1875] loss 0.1194, rec_loss 0.0019, p_loss 0.0616, utilization 0.4627, perplexity 19794.2802,
Train Epoch: [26/30] Iters:[1270/1875] loss 0.1192, rec_loss 0.0019, p_loss 0.0614, utilization 0.4631, perplexity 19874.3077,
Train Epoch: [26/30] Iters:[1280/1875] loss 0.1212, rec_loss 0.0020, p_loss 0.0627, utilization 0.4635, perplexity 19887.5264,
Train Epoch: [26/30] Iters:[1290/1875] loss 0.1221, rec_loss 0.0021, p_loss 0.0633, utilization 0.4636, perplexity 19944.5242,
Train Epoch: [26/30] Iters:[1300/1875] loss 0.1210, rec_loss 0.0020, p_loss 0.0625, utilization 0.4627, perplexity 19820.0727,
Train Epoch: [26/30] Iters:[1310/1875] loss 0.1209, rec_loss 0.0020, p_loss 0.0625, utilization 0.4628, perplexity 19861.1284,
Train Epoch: [26/30] Iters:[1320/1875] loss 0.1210, rec_loss 0.0021, p_loss 0.0626, utilization 0.4617, perplexity 19728.9720,
Train Epoch: [26/30] Iters:[1330/1875] loss 0.1208, rec_loss 0.0020, p_loss 0.0622, utilization 0.4637, perplexity 20012.3861,
Train Epoch: [26/30] Iters:[1340/1875] loss 0.1213, rec_loss 0.0021, p_loss 0.0624, utilization 0.4637, perplexity 19995.5830,
Train Epoch: [26/30] Iters:[1350/1875] loss 0.1226, rec_loss 0.0021, p_loss 0.0634, utilization 0.4648, perplexity 20087.1613,
Train Epoch: [26/30] Iters:[1360/1875] loss 0.1218, rec_loss 0.0021, p_loss 0.0629, utilization 0.4640, perplexity 19984.1785,
Train Epoch: [26/30] Iters:[1370/1875] loss 0.1222, rec_loss 0.0020, p_loss 0.0631, utilization 0.4646, perplexity 19951.0529,
Train Epoch: [26/30] Iters:[1380/1875] loss 0.1224, rec_loss 0.0021, p_loss 0.0633, utilization 0.4637, perplexity 19853.8669,
Train Epoch: [26/30] Iters:[1390/1875] loss 0.1207, rec_loss 0.0020, p_loss 0.0623, utilization 0.4619, perplexity 19586.2018,
Train Epoch: [26/30] Iters:[1400/1875] loss 0.1209, rec_loss 0.0020, p_loss 0.0623, utilization 0.4619, perplexity 19595.7862,
Train Epoch: [26/30] Iters:[1410/1875] loss 0.1208, rec_loss 0.0020, p_loss 0.0622, utilization 0.4612, perplexity 19467.1306,
Train Epoch: [26/30] Iters:[1420/1875] loss 0.1205, rec_loss 0.0020, p_loss 0.0622, utilization 0.4599, perplexity 19321.1151,
Train Epoch: [26/30] Iters:[1430/1875] loss 0.1203, rec_loss 0.0020, p_loss 0.0623, utilization 0.4595, perplexity 19277.1265,
Train Epoch: [26/30] Iters:[1440/1875] loss 0.1206, rec_loss 0.0020, p_loss 0.0626, utilization 0.4590, perplexity 19294.7810,
Train Epoch: [26/30] Iters:[1450/1875] loss 0.1198, rec_loss 0.0019, p_loss 0.0622, utilization 0.4582, perplexity 19185.6647,
Train Epoch: [26/30] Iters:[1460/1875] loss 0.1200, rec_loss 0.0020, p_loss 0.0625, utilization 0.4576, perplexity 19105.6298,
Train Epoch: [26/30] Iters:[1470/1875] loss 0.1193, rec_loss 0.0020, p_loss 0.0619, utilization 0.4574, perplexity 19107.4524,
Train Epoch: [26/30] Iters:[1480/1875] loss 0.1183, rec_loss 0.0020, p_loss 0.0611, utilization 0.4572, perplexity 18976.5780,
Train Epoch: [26/30] Iters:[1490/1875] loss 0.1186, rec_loss 0.0020, p_loss 0.0611, utilization 0.4572, perplexity 19031.1535,
Train Epoch: [26/30] Iters:[1500/1875] loss 0.1185, rec_loss 0.0021, p_loss 0.0608, utilization 0.4580, perplexity 19048.3864,
Train Epoch: [26/30] Iters:[1510/1875] loss 0.1193, rec_loss 0.0021, p_loss 0.0611, utilization 0.4598, perplexity 19339.6496,
Train Epoch: [26/30] Iters:[1520/1875] loss 0.1190, rec_loss 0.0021, p_loss 0.0611, utilization 0.4600, perplexity 19420.0425,
Train Epoch: [26/30] Iters:[1530/1875] loss 0.1199, rec_loss 0.0020, p_loss 0.0617, utilization 0.4619, perplexity 19755.4893,
Train Epoch: [26/30] Iters:[1540/1875] loss 0.1189, rec_loss 0.0020, p_loss 0.0610, utilization 0.4614, perplexity 19684.3448,
Train Epoch: [26/30] Iters:[1550/1875] loss 0.1186, rec_loss 0.0020, p_loss 0.0609, utilization 0.4616, perplexity 19866.4726,
Train Epoch: [26/30] Iters:[1560/1875] loss 0.1172, rec_loss 0.0020, p_loss 0.0603, utilization 0.4609, perplexity 19798.5608,
Train Epoch: [26/30] Iters:[1570/1875] loss 0.1177, rec_loss 0.0019, p_loss 0.0603, utilization 0.4628, perplexity 20024.3470,
Train Epoch: [26/30] Iters:[1580/1875] loss 0.1177, rec_loss 0.0019, p_loss 0.0604, utilization 0.4623, perplexity 19917.6902,
Train Epoch: [26/30] Iters:[1590/1875] loss 0.1179, rec_loss 0.0019, p_loss 0.0608, utilization 0.4638, perplexity 20071.1234,
Train Epoch: [26/30] Iters:[1600/1875] loss 0.1184, rec_loss 0.0019, p_loss 0.0613, utilization 0.4626, perplexity 19896.0531,
Train Epoch: [26/30] Iters:[1610/1875] loss 0.1188, rec_loss 0.0019, p_loss 0.0612, utilization 0.4633, perplexity 19911.5530,
Train Epoch: [26/30] Iters:[1620/1875] loss 0.1194, rec_loss 0.0020, p_loss 0.0617, utilization 0.4634, perplexity 19901.4358,
Train Epoch: [26/30] Iters:[1630/1875] loss 0.1191, rec_loss 0.0020, p_loss 0.0613, utilization 0.4634, perplexity 19911.6751,
Train Epoch: [26/30] Iters:[1640/1875] loss 0.1198, rec_loss 0.0021, p_loss 0.0619, utilization 0.4617, perplexity 19646.6055,
Train Epoch: [26/30] Iters:[1650/1875] loss 0.1203, rec_loss 0.0021, p_loss 0.0621, utilization 0.4631, perplexity 19791.1838,
Train Epoch: [26/30] Iters:[1660/1875] loss 0.1203, rec_loss 0.0021, p_loss 0.0624, utilization 0.4620, perplexity 19735.8214,
Train Epoch: [26/30] Iters:[1670/1875] loss 0.1202, rec_loss 0.0020, p_loss 0.0623, utilization 0.4622, perplexity 19681.7089,
Train Epoch: [26/30] Iters:[1680/1875] loss 0.1203, rec_loss 0.0020, p_loss 0.0625, utilization 0.4603, perplexity 19421.0989,
Train Epoch: [26/30] Iters:[1690/1875] loss 0.1196, rec_loss 0.0020, p_loss 0.0619, utilization 0.4612, perplexity 19530.2461,
Train Epoch: [26/30] Iters:[1700/1875] loss 0.1191, rec_loss 0.0020, p_loss 0.0616, utilization 0.4608, perplexity 19416.8254,
Train Epoch: [26/30] Iters:[1710/1875] loss 0.1190, rec_loss 0.0020, p_loss 0.0613, utilization 0.4600, perplexity 19321.6568,
Train Epoch: [26/30] Iters:[1720/1875] loss 0.1182, rec_loss 0.0020, p_loss 0.0607, utilization 0.4596, perplexity 19315.0527,
Train Epoch: [26/30] Iters:[1730/1875] loss 0.1180, rec_loss 0.0019, p_loss 0.0607, utilization 0.4609, perplexity 19469.5804,
Train Epoch: [26/30] Iters:[1740/1875] loss 0.1181, rec_loss 0.0020, p_loss 0.0611, utilization 0.4600, perplexity 19411.9224,
Train Epoch: [26/30] Iters:[1750/1875] loss 0.1177, rec_loss 0.0019, p_loss 0.0608, utilization 0.4601, perplexity 19472.2645,
Train Epoch: [26/30] Iters:[1760/1875] loss 0.1179, rec_loss 0.0019, p_loss 0.0613, utilization 0.4615, perplexity 19620.9025,
Train Epoch: [26/30] Iters:[1770/1875] loss 0.1168, rec_loss 0.0019, p_loss 0.0607, utilization 0.4605, perplexity 19536.5687,
Train Epoch: [26/30] Iters:[1780/1875] loss 0.1167, rec_loss 0.0019, p_loss 0.0606, utilization 0.4592, perplexity 19487.3480,
Train Epoch: [26/30] Iters:[1790/1875] loss 0.1160, rec_loss 0.0018, p_loss 0.0599, utilization 0.4591, perplexity 19485.5291,
Train Epoch: [26/30] Iters:[1800/1875] loss 0.1169, rec_loss 0.0018, p_loss 0.0603, utilization 0.4600, perplexity 19620.1502,
Train Epoch: [26/30] Iters:[1810/1875] loss 0.1172, rec_loss 0.0018, p_loss 0.0603, utilization 0.4603, perplexity 19715.0250,
Train Epoch: [26/30] Iters:[1820/1875] loss 0.1185, rec_loss 0.0019, p_loss 0.0610, utilization 0.4605, perplexity 19757.3609,
Train Epoch: [26/30] Iters:[1830/1875] loss 0.1192, rec_loss 0.0019, p_loss 0.0615, utilization 0.4615, perplexity 19825.0206,
Train Epoch: [26/30] Iters:[1840/1875] loss 0.1205, rec_loss 0.0020, p_loss 0.0623, utilization 0.4623, perplexity 20029.6718,
Train Epoch: [26/30] Iters:[1850/1875] loss 0.1205, rec_loss 0.0020, p_loss 0.0625, utilization 0.4625, perplexity 19990.8059,
Train Epoch: [26/30] Iters:[1860/1875] loss 0.1205, rec_loss 0.0019, p_loss 0.0623, utilization 0.4627, perplexity 19943.8904,
Train Epoch: [26/30] Iters:[1870/1875] loss 0.1196, rec_loss 0.0019, p_loss 0.0619, utilization 0.4628, perplexity 19971.0282,
epoch:27, cur_lr:0.000022
Train Epoch: [27/30] Iters:[10/1875] loss 0.1182, rec_loss 0.0020, p_loss 0.0608, utilization 0.4644, perplexity 19523.3094,
Train Epoch: [27/30] Iters:[20/1875] loss 0.1199, rec_loss 0.0020, p_loss 0.0618, utilization 0.4647, perplexity 19877.7699,
Train Epoch: [27/30] Iters:[30/1875] loss 0.1189, rec_loss 0.0020, p_loss 0.0615, utilization 0.4632, perplexity 19899.6081,
Train Epoch: [27/30] Iters:[40/1875] loss 0.1188, rec_loss 0.0020, p_loss 0.0613, utilization 0.4638, perplexity 20023.9182,
Train Epoch: [27/30] Iters:[50/1875] loss 0.1185, rec_loss 0.0020, p_loss 0.0612, utilization 0.4627, perplexity 19883.8849,
Train Epoch: [27/30] Iters:[60/1875] loss 0.1186, rec_loss 0.0019, p_loss 0.0614, utilization 0.4616, perplexity 19826.8467,
Train Epoch: [27/30] Iters:[70/1875] loss 0.1181, rec_loss 0.0019, p_loss 0.0611, utilization 0.4616, perplexity 19767.6320,
Train Epoch: [27/30] Iters:[80/1875] loss 0.1183, rec_loss 0.0019, p_loss 0.0611, utilization 0.4626, perplexity 19780.6550,
Train Epoch: [27/30] Iters:[90/1875] loss 0.1186, rec_loss 0.0020, p_loss 0.0613, utilization 0.4608, perplexity 19483.5498,
Train Epoch: [27/30] Iters:[100/1875] loss 0.1179, rec_loss 0.0019, p_loss 0.0608, utilization 0.4604, perplexity 19401.2111,
Train Epoch: [27/30] Iters:[110/1875] loss 0.1181, rec_loss 0.0019, p_loss 0.0607, utilization 0.4608, perplexity 19469.6410,
Train Epoch: [27/30] Iters:[120/1875] loss 0.1184, rec_loss 0.0020, p_loss 0.0610, utilization 0.4615, perplexity 19634.4550,
Train Epoch: [27/30] Iters:[130/1875] loss 0.1178, rec_loss 0.0020, p_loss 0.0607, utilization 0.4601, perplexity 19503.0707,
Train Epoch: [27/30] Iters:[140/1875] loss 0.1172, rec_loss 0.0019, p_loss 0.0605, utilization 0.4605, perplexity 19581.1612,
Train Epoch: [27/30] Iters:[150/1875] loss 0.1176, rec_loss 0.0019, p_loss 0.0606, utilization 0.4609, perplexity 19652.5229,
Train Epoch: [27/30] Iters:[160/1875] loss 0.1180, rec_loss 0.0020, p_loss 0.0609, utilization 0.4597, perplexity 19559.8114,
Train Epoch: [27/30] Iters:[170/1875] loss 0.1175, rec_loss 0.0020, p_loss 0.0607, utilization 0.4579, perplexity 19243.8863,
Train Epoch: [27/30] Iters:[180/1875] loss 0.1181, rec_loss 0.0019, p_loss 0.0609, utilization 0.4584, perplexity 19183.0338,
Train Epoch: [27/30] Iters:[190/1875] loss 0.1183, rec_loss 0.0020, p_loss 0.0608, utilization 0.4601, perplexity 19351.6676,
Train Epoch: [27/30] Iters:[200/1875] loss 0.1190, rec_loss 0.0020, p_loss 0.0613, utilization 0.4605, perplexity 19368.5158,
Train Epoch: [27/30] Iters:[210/1875] loss 0.1181, rec_loss 0.0019, p_loss 0.0607, utilization 0.4621, perplexity 19489.8159,
Train Epoch: [27/30] Iters:[220/1875] loss 0.1184, rec_loss 0.0020, p_loss 0.0608, utilization 0.4618, perplexity 19535.3922,
Train Epoch: [27/30] Iters:[230/1875] loss 0.1202, rec_loss 0.0020, p_loss 0.0615, utilization 0.4638, perplexity 19860.2896,
Train Epoch: [27/30] Iters:[240/1875] loss 0.1211, rec_loss 0.0020, p_loss 0.0622, utilization 0.4621, perplexity 19645.0146,
Train Epoch: [27/30] Iters:[250/1875] loss 0.1215, rec_loss 0.0021, p_loss 0.0622, utilization 0.4629, perplexity 19820.4486,
Train Epoch: [27/30] Iters:[260/1875] loss 0.1219, rec_loss 0.0021, p_loss 0.0624, utilization 0.4629, perplexity 19774.3099,
Train Epoch: [27/30] Iters:[270/1875] loss 0.1214, rec_loss 0.0021, p_loss 0.0623, utilization 0.4637, perplexity 19759.8218,
Train Epoch: [27/30] Iters:[280/1875] loss 0.1195, rec_loss 0.0020, p_loss 0.0617, utilization 0.4614, perplexity 19455.9564,
Train Epoch: [27/30] Iters:[290/1875] loss 0.1182, rec_loss 0.0020, p_loss 0.0609, utilization 0.4618, perplexity 19603.0545,
Train Epoch: [27/30] Iters:[300/1875] loss 0.1180, rec_loss 0.0020, p_loss 0.0611, utilization 0.4606, perplexity 19401.6649,
Train Epoch: [27/30] Iters:[310/1875] loss 0.1182, rec_loss 0.0020, p_loss 0.0611, utilization 0.4611, perplexity 19448.6386,
Train Epoch: [27/30] Iters:[320/1875] loss 0.1180, rec_loss 0.0020, p_loss 0.0608, utilization 0.4597, perplexity 19511.0862,
Train Epoch: [27/30] Iters:[330/1875] loss 0.1185, rec_loss 0.0020, p_loss 0.0612, utilization 0.4596, perplexity 19558.7222,
Train Epoch: [27/30] Iters:[340/1875] loss 0.1186, rec_loss 0.0019, p_loss 0.0614, utilization 0.4589, perplexity 19407.5213,
Train Epoch: [27/30] Iters:[350/1875] loss 0.1183, rec_loss 0.0019, p_loss 0.0610, utilization 0.4600, perplexity 19537.4767,
Train Epoch: [27/30] Iters:[360/1875] loss 0.1185, rec_loss 0.0020, p_loss 0.0612, utilization 0.4597, perplexity 19509.1717,
Train Epoch: [27/30] Iters:[370/1875] loss 0.1196, rec_loss 0.0020, p_loss 0.0618, utilization 0.4605, perplexity 19419.8112,
Train Epoch: [27/30] Iters:[380/1875] loss 0.1200, rec_loss 0.0021, p_loss 0.0617, utilization 0.4621, perplexity 19532.6954,
Train Epoch: [27/30] Iters:[390/1875] loss 0.1203, rec_loss 0.0021, p_loss 0.0619, utilization 0.4629, perplexity 19618.4295,
Train Epoch: [27/30] Iters:[400/1875] loss 0.1197, rec_loss 0.0020, p_loss 0.0617, utilization 0.4625, perplexity 19589.9891,
Train Epoch: [27/30] Iters:[410/1875] loss 0.1194, rec_loss 0.0020, p_loss 0.0617, utilization 0.4622, perplexity 19716.1705,
Train Epoch: [27/30] Iters:[420/1875] loss 0.1179, rec_loss 0.0020, p_loss 0.0609, utilization 0.4613, perplexity 19585.2999,
Train Epoch: [27/30] Iters:[430/1875] loss 0.1170, rec_loss 0.0019, p_loss 0.0605, utilization 0.4593, perplexity 19444.0616,
Train Epoch: [27/30] Iters:[440/1875] loss 0.1175, rec_loss 0.0019, p_loss 0.0608, utilization 0.4588, perplexity 19399.0166,
Train Epoch: [27/30] Iters:[450/1875] loss 0.1177, rec_loss 0.0019, p_loss 0.0610, utilization 0.4576, perplexity 19279.6842,
Train Epoch: [27/30] Iters:[460/1875] loss 0.1168, rec_loss 0.0019, p_loss 0.0602, utilization 0.4586, perplexity 19217.5647,
Train Epoch: [27/30] Iters:[470/1875] loss 0.1173, rec_loss 0.0019, p_loss 0.0604, utilization 0.4598, perplexity 19430.0637,
Train Epoch: [27/30] Iters:[480/1875] loss 0.1180, rec_loss 0.0020, p_loss 0.0609, utilization 0.4610, perplexity 19527.3951,
Train Epoch: [27/30] Iters:[490/1875] loss 0.1169, rec_loss 0.0020, p_loss 0.0603, utilization 0.4595, perplexity 19394.8813,
Train Epoch: [27/30] Iters:[500/1875] loss 0.1170, rec_loss 0.0020, p_loss 0.0602, utilization 0.4608, perplexity 19479.7413,
Train Epoch: [27/30] Iters:[510/1875] loss 0.1173, rec_loss 0.0020, p_loss 0.0605, utilization 0.4585, perplexity 19343.3550,
Train Epoch: [27/30] Iters:[520/1875] loss 0.1180, rec_loss 0.0020, p_loss 0.0609, utilization 0.4582, perplexity 19290.6568,
Train Epoch: [27/30] Iters:[530/1875] loss 0.1173, rec_loss 0.0020, p_loss 0.0603, utilization 0.4576, perplexity 19188.4726,
Train Epoch: [27/30] Iters:[540/1875] loss 0.1182, rec_loss 0.0020, p_loss 0.0608, utilization 0.4595, perplexity 19354.4173,
Train Epoch: [27/30] Iters:[550/1875] loss 0.1183, rec_loss 0.0020, p_loss 0.0609, utilization 0.4583, perplexity 19279.2203,
Train Epoch: [27/30] Iters:[560/1875] loss 0.1185, rec_loss 0.0020, p_loss 0.0610, utilization 0.4584, perplexity 19231.6630,
Train Epoch: [27/30] Iters:[570/1875] loss 0.1176, rec_loss 0.0019, p_loss 0.0604, utilization 0.4585, perplexity 19282.1329,
Train Epoch: [27/30] Iters:[580/1875] loss 0.1179, rec_loss 0.0019, p_loss 0.0606, utilization 0.4579, perplexity 19184.6667,
Train Epoch: [27/30] Iters:[590/1875] loss 0.1167, rec_loss 0.0019, p_loss 0.0598, utilization 0.4575, perplexity 19219.2117,
Train Epoch: [27/30] Iters:[600/1875] loss 0.1160, rec_loss 0.0018, p_loss 0.0595, utilization 0.4580, perplexity 19227.1220,
Train Epoch: [27/30] Iters:[610/1875] loss 0.1172, rec_loss 0.0019, p_loss 0.0605, utilization 0.4592, perplexity 19357.4998,
Train Epoch: [27/30] Iters:[620/1875] loss 0.1179, rec_loss 0.0020, p_loss 0.0611, utilization 0.4592, perplexity 19358.1945,
Train Epoch: [27/30] Iters:[630/1875] loss 0.1183, rec_loss 0.0020, p_loss 0.0615, utilization 0.4600, perplexity 19487.5317,
Train Epoch: [27/30] Iters:[640/1875] loss 0.1196, rec_loss 0.0020, p_loss 0.0624, utilization 0.4608, perplexity 19446.4467,
Train Epoch: [27/30] Iters:[650/1875] loss 0.1199, rec_loss 0.0020, p_loss 0.0624, utilization 0.4615, perplexity 19528.9564,
Train Epoch: [27/30] Iters:[660/1875] loss 0.1180, rec_loss 0.0019, p_loss 0.0610, utilization 0.4618, perplexity 19596.4991,
Train Epoch: [27/30] Iters:[670/1875] loss 0.1172, rec_loss 0.0019, p_loss 0.0603, utilization 0.4618, perplexity 19611.6841,
Train Epoch: [27/30] Iters:[680/1875] loss 0.1177, rec_loss 0.0019, p_loss 0.0603, utilization 0.4625, perplexity 19750.9275,
Train Epoch: [27/30] Iters:[690/1875] loss 0.1173, rec_loss 0.0019, p_loss 0.0600, utilization 0.4630, perplexity 19887.8832,
Train Epoch: [27/30] Iters:[700/1875] loss 0.1163, rec_loss 0.0019, p_loss 0.0594, utilization 0.4624, perplexity 19852.1659,
Train Epoch: [27/30] Iters:[710/1875] loss 0.1172, rec_loss 0.0019, p_loss 0.0600, utilization 0.4627, perplexity 19893.5755,
Train Epoch: [27/30] Iters:[720/1875] loss 0.1176, rec_loss 0.0019, p_loss 0.0604, utilization 0.4628, perplexity 19678.1512,
Train Epoch: [27/30] Iters:[730/1875] loss 0.1175, rec_loss 0.0019, p_loss 0.0604, utilization 0.4627, perplexity 19650.0349,
Train Epoch: [27/30] Iters:[740/1875] loss 0.1172, rec_loss 0.0019, p_loss 0.0600, utilization 0.4618, perplexity 19531.6911,
Train Epoch: [27/30] Iters:[750/1875] loss 0.1184, rec_loss 0.0020, p_loss 0.0608, utilization 0.4625, perplexity 19563.4316,
Train Epoch: [27/30] Iters:[760/1875] loss 0.1179, rec_loss 0.0020, p_loss 0.0606, utilization 0.4607, perplexity 19411.5442,
Train Epoch: [27/30] Iters:[770/1875] loss 0.1174, rec_loss 0.0019, p_loss 0.0605, utilization 0.4598, perplexity 19526.7843,
Train Epoch: [27/30] Iters:[780/1875] loss 0.1168, rec_loss 0.0019, p_loss 0.0601, utilization 0.4606, perplexity 19660.1814,
Train Epoch: [27/30] Iters:[790/1875] loss 0.1173, rec_loss 0.0019, p_loss 0.0607, utilization 0.4613, perplexity 19628.5825,
Train Epoch: [27/30] Iters:[800/1875] loss 0.1173, rec_loss 0.0019, p_loss 0.0609, utilization 0.4601, perplexity 19671.1282,
Train Epoch: [27/30] Iters:[810/1875] loss 0.1174, rec_loss 0.0019, p_loss 0.0606, utilization 0.4607, perplexity 19766.8297,
Train Epoch: [27/30] Iters:[820/1875] loss 0.1175, rec_loss 0.0019, p_loss 0.0605, utilization 0.4613, perplexity 19868.2826,
Train Epoch: [27/30] Iters:[830/1875] loss 0.1177, rec_loss 0.0019, p_loss 0.0606, utilization 0.4593, perplexity 19663.9247,
Train Epoch: [27/30] Iters:[840/1875] loss 0.1178, rec_loss 0.0019, p_loss 0.0604, utilization 0.4592, perplexity 19728.5956,
Train Epoch: [27/30] Iters:[850/1875] loss 0.1183, rec_loss 0.0019, p_loss 0.0606, utilization 0.4605, perplexity 19762.2085,
Train Epoch: [27/30] Iters:[860/1875] loss 0.1191, rec_loss 0.0020, p_loss 0.0613, utilization 0.4609, perplexity 19728.1514,
Train Epoch: [27/30] Iters:[870/1875] loss 0.1198, rec_loss 0.0020, p_loss 0.0617, utilization 0.4602, perplexity 19494.2321,
Train Epoch: [27/30] Iters:[880/1875] loss 0.1204, rec_loss 0.0020, p_loss 0.0620, utilization 0.4609, perplexity 19575.6381,
Train Epoch: [27/30] Iters:[890/1875] loss 0.1211, rec_loss 0.0020, p_loss 0.0625, utilization 0.4620, perplexity 19693.6088,
Train Epoch: [27/30] Iters:[900/1875] loss 0.1217, rec_loss 0.0021, p_loss 0.0626, utilization 0.4617, perplexity 19715.6341,
Train Epoch: [27/30] Iters:[910/1875] loss 0.1206, rec_loss 0.0021, p_loss 0.0620, utilization 0.4607, perplexity 19531.8224,
Train Epoch: [27/30] Iters:[920/1875] loss 0.1199, rec_loss 0.0021, p_loss 0.0615, utilization 0.4613, perplexity 19572.0275,
Train Epoch: [27/30] Iters:[930/1875] loss 0.1191, rec_loss 0.0021, p_loss 0.0611, utilization 0.4604, perplexity 19454.3038,
Train Epoch: [27/30] Iters:[940/1875] loss 0.1179, rec_loss 0.0020, p_loss 0.0608, utilization 0.4588, perplexity 19357.0748,
Train Epoch: [27/30] Iters:[950/1875] loss 0.1167, rec_loss 0.0019, p_loss 0.0601, utilization 0.4581, perplexity 19233.3548,
Train Epoch: [27/30] Iters:[960/1875] loss 0.1176, rec_loss 0.0020, p_loss 0.0606, utilization 0.4582, perplexity 19208.9318,
Train Epoch: [27/30] Iters:[970/1875] loss 0.1184, rec_loss 0.0020, p_loss 0.0611, utilization 0.4583, perplexity 19286.2560,
Train Epoch: [27/30] Iters:[980/1875] loss 0.1179, rec_loss 0.0019, p_loss 0.0608, utilization 0.4581, perplexity 19141.8815,
Train Epoch: [27/30] Iters:[990/1875] loss 0.1180, rec_loss 0.0019, p_loss 0.0605, utilization 0.4592, perplexity 19167.7818,
Train Epoch: [27/30] Iters:[1000/1875] loss 0.1185, rec_loss 0.0020, p_loss 0.0611, utilization 0.4592, perplexity 19178.9163,
Train Epoch: [27/30] Iters:[1010/1875] loss 0.1190, rec_loss 0.0020, p_loss 0.0615, utilization 0.4610, perplexity 19426.2889,
Train Epoch: [27/30] Iters:[1020/1875] loss 0.1183, rec_loss 0.0019, p_loss 0.0612, utilization 0.4609, perplexity 19455.6064,
Train Epoch: [27/30] Iters:[1030/1875] loss 0.1191, rec_loss 0.0020, p_loss 0.0617, utilization 0.4610, perplexity 19557.9095,
Train Epoch: [27/30] Iters:[1040/1875] loss 0.1194, rec_loss 0.0020, p_loss 0.0619, utilization 0.4595, perplexity 19493.4486,
Train Epoch: [27/30] Iters:[1050/1875] loss 0.1192, rec_loss 0.0020, p_loss 0.0616, utilization 0.4603, perplexity 19550.6385,
Train Epoch: [27/30] Iters:[1060/1875] loss 0.1180, rec_loss 0.0019, p_loss 0.0610, utilization 0.4596, perplexity 19443.5959,
Train Epoch: [27/30] Iters:[1070/1875] loss 0.1182, rec_loss 0.0020, p_loss 0.0609, utilization 0.4603, perplexity 19422.9366,
Train Epoch: [27/30] Iters:[1080/1875] loss 0.1176, rec_loss 0.0019, p_loss 0.0606, utilization 0.4609, perplexity 19537.2747,
Train Epoch: [27/30] Iters:[1090/1875] loss 0.1177, rec_loss 0.0019, p_loss 0.0607, utilization 0.4623, perplexity 19600.6537,
Train Epoch: [27/30] Iters:[1100/1875] loss 0.1186, rec_loss 0.0020, p_loss 0.0614, utilization 0.4618, perplexity 19524.7523,
Train Epoch: [27/30] Iters:[1110/1875] loss 0.1191, rec_loss 0.0020, p_loss 0.0615, utilization 0.4615, perplexity 19575.9461,
Train Epoch: [27/30] Iters:[1120/1875] loss 0.1187, rec_loss 0.0020, p_loss 0.0614, utilization 0.4613, perplexity 19659.2513,
Train Epoch: [27/30] Iters:[1130/1875] loss 0.1192, rec_loss 0.0020, p_loss 0.0617, utilization 0.4613, perplexity 19628.0584,
Train Epoch: [27/30] Iters:[1140/1875] loss 0.1194, rec_loss 0.0020, p_loss 0.0617, utilization 0.4616, perplexity 19631.8375,
Train Epoch: [27/30] Iters:[1150/1875] loss 0.1193, rec_loss 0.0020, p_loss 0.0615, utilization 0.4626, perplexity 19730.9871,
Train Epoch: [27/30] Iters:[1160/1875] loss 0.1196, rec_loss 0.0020, p_loss 0.0618, utilization 0.4626, perplexity 19650.3197,
Train Epoch: [27/30] Iters:[1170/1875] loss 0.1197, rec_loss 0.0021, p_loss 0.0619, utilization 0.4628, perplexity 19727.5683,
Train Epoch: [27/30] Iters:[1180/1875] loss 0.1204, rec_loss 0.0021, p_loss 0.0621, utilization 0.4625, perplexity 19689.7002,
Train Epoch: [27/30] Iters:[1190/1875] loss 0.1194, rec_loss 0.0021, p_loss 0.0613, utilization 0.4619, perplexity 19588.7859,
Train Epoch: [27/30] Iters:[1200/1875] loss 0.1183, rec_loss 0.0020, p_loss 0.0607, utilization 0.4601, perplexity 19417.3465,
Train Epoch: [27/30] Iters:[1210/1875] loss 0.1185, rec_loss 0.0020, p_loss 0.0610, utilization 0.4614, perplexity 19592.4499,
Train Epoch: [27/30] Iters:[1220/1875] loss 0.1191, rec_loss 0.0020, p_loss 0.0614, utilization 0.4621, perplexity 19578.2736,
Train Epoch: [27/30] Iters:[1230/1875] loss 0.1178, rec_loss 0.0020, p_loss 0.0608, utilization 0.4629, perplexity 19735.9263,
Train Epoch: [27/30] Iters:[1240/1875] loss 0.1175, rec_loss 0.0020, p_loss 0.0609, utilization 0.4621, perplexity 19695.6944,
Train Epoch: [27/30] Iters:[1250/1875] loss 0.1185, rec_loss 0.0020, p_loss 0.0613, utilization 0.4649, perplexity 20007.2654,
Train Epoch: [27/30] Iters:[1260/1875] loss 0.1188, rec_loss 0.0020, p_loss 0.0613, utilization 0.4652, perplexity 20041.6852,
Train Epoch: [27/30] Iters:[1270/1875] loss 0.1186, rec_loss 0.0020, p_loss 0.0612, utilization 0.4651, perplexity 20203.9702,
Train Epoch: [27/30] Iters:[1280/1875] loss 0.1192, rec_loss 0.0020, p_loss 0.0615, utilization 0.4660, perplexity 20343.6072,
Train Epoch: [27/30] Iters:[1290/1875] loss 0.1200, rec_loss 0.0020, p_loss 0.0619, utilization 0.4674, perplexity 20488.5652,
Train Epoch: [27/30] Iters:[1300/1875] loss 0.1202, rec_loss 0.0020, p_loss 0.0622, utilization 0.4652, perplexity 20244.8973,
Train Epoch: [27/30] Iters:[1310/1875] loss 0.1192, rec_loss 0.0019, p_loss 0.0614, utilization 0.4642, perplexity 20195.3818,
Train Epoch: [27/30] Iters:[1320/1875] loss 0.1187, rec_loss 0.0019, p_loss 0.0610, utilization 0.4629, perplexity 20007.4348,
Train Epoch: [27/30] Iters:[1330/1875] loss 0.1190, rec_loss 0.0019, p_loss 0.0611, utilization 0.4607, perplexity 19677.4981,
Train Epoch: [27/30] Iters:[1340/1875] loss 0.1187, rec_loss 0.0019, p_loss 0.0609, utilization 0.4599, perplexity 19618.6958,
Train Epoch: [27/30] Iters:[1350/1875] loss 0.1187, rec_loss 0.0020, p_loss 0.0609, utilization 0.4600, perplexity 19656.6750,
Train Epoch: [27/30] Iters:[1360/1875] loss 0.1193, rec_loss 0.0020, p_loss 0.0615, utilization 0.4590, perplexity 19672.9756,
Train Epoch: [27/30] Iters:[1370/1875] loss 0.1208, rec_loss 0.0020, p_loss 0.0625, utilization 0.4607, perplexity 19867.6525,
Train Epoch: [27/30] Iters:[1380/1875] loss 0.1203, rec_loss 0.0020, p_loss 0.0622, utilization 0.4616, perplexity 19900.9872,
Train Epoch: [27/30] Iters:[1390/1875] loss 0.1203, rec_loss 0.0020, p_loss 0.0622, utilization 0.4613, perplexity 19832.0874,
Train Epoch: [27/30] Iters:[1400/1875] loss 0.1200, rec_loss 0.0019, p_loss 0.0620, utilization 0.4618, perplexity 19859.4823,
Train Epoch: [27/30] Iters:[1410/1875] loss 0.1196, rec_loss 0.0019, p_loss 0.0616, utilization 0.4630, perplexity 19812.7197,
Train Epoch: [27/30] Iters:[1420/1875] loss 0.1182, rec_loss 0.0019, p_loss 0.0608, utilization 0.4612, perplexity 19475.1640,
Train Epoch: [27/30] Iters:[1430/1875] loss 0.1188, rec_loss 0.0019, p_loss 0.0610, utilization 0.4618, perplexity 19682.3780,
Train Epoch: [27/30] Iters:[1440/1875] loss 0.1191, rec_loss 0.0019, p_loss 0.0613, utilization 0.4617, perplexity 19646.1811,
Train Epoch: [27/30] Iters:[1450/1875] loss 0.1180, rec_loss 0.0019, p_loss 0.0604, utilization 0.4606, perplexity 19509.9306,
Train Epoch: [27/30] Iters:[1460/1875] loss 0.1186, rec_loss 0.0020, p_loss 0.0608, utilization 0.4609, perplexity 19577.4605,
Train Epoch: [27/30] Iters:[1470/1875] loss 0.1185, rec_loss 0.0020, p_loss 0.0608, utilization 0.4614, perplexity 19724.0792,
Train Epoch: [27/30] Iters:[1480/1875] loss 0.1180, rec_loss 0.0019, p_loss 0.0605, utilization 0.4613, perplexity 19609.2044,
Train Epoch: [27/30] Iters:[1490/1875] loss 0.1177, rec_loss 0.0019, p_loss 0.0604, utilization 0.4612, perplexity 19693.7868,
Train Epoch: [27/30] Iters:[1500/1875] loss 0.1178, rec_loss 0.0019, p_loss 0.0605, utilization 0.4617, perplexity 19852.4185,
Train Epoch: [27/30] Iters:[1510/1875] loss 0.1161, rec_loss 0.0018, p_loss 0.0596, utilization 0.4591, perplexity 19584.5152,
Train Epoch: [27/30] Iters:[1520/1875] loss 0.1157, rec_loss 0.0018, p_loss 0.0594, utilization 0.4599, perplexity 19531.8398,
Train Epoch: [27/30] Iters:[1530/1875] loss 0.1153, rec_loss 0.0018, p_loss 0.0593, utilization 0.4582, perplexity 19409.6194,
Train Epoch: [27/30] Iters:[1540/1875] loss 0.1146, rec_loss 0.0018, p_loss 0.0587, utilization 0.4574, perplexity 19276.4383,
Train Epoch: [27/30] Iters:[1550/1875] loss 0.1154, rec_loss 0.0019, p_loss 0.0593, utilization 0.4580, perplexity 19228.0857,
Train Epoch: [27/30] Iters:[1560/1875] loss 0.1171, rec_loss 0.0019, p_loss 0.0601, utilization 0.4602, perplexity 19441.7864,
Train Epoch: [27/30] Iters:[1570/1875] loss 0.1173, rec_loss 0.0019, p_loss 0.0603, utilization 0.4605, perplexity 19558.5885,
Train Epoch: [27/30] Iters:[1580/1875] loss 0.1184, rec_loss 0.0020, p_loss 0.0608, utilization 0.4629, perplexity 19764.7774,
Train Epoch: [27/30] Iters:[1590/1875] loss 0.1189, rec_loss 0.0020, p_loss 0.0611, utilization 0.4654, perplexity 20044.6485,
Train Epoch: [27/30] Iters:[1600/1875] loss 0.1187, rec_loss 0.0019, p_loss 0.0610, utilization 0.4653, perplexity 20104.2569,
Train Epoch: [27/30] Iters:[1610/1875] loss 0.1187, rec_loss 0.0019, p_loss 0.0611, utilization 0.4648, perplexity 20063.6252,
Train Epoch: [27/30] Iters:[1620/1875] loss 0.1202, rec_loss 0.0020, p_loss 0.0620, utilization 0.4640, perplexity 19913.3224,
Train Epoch: [27/30] Iters:[1630/1875] loss 0.1194, rec_loss 0.0020, p_loss 0.0618, utilization 0.4607, perplexity 19495.6313,
Train Epoch: [27/30] Iters:[1640/1875] loss 0.1203, rec_loss 0.0021, p_loss 0.0621, utilization 0.4603, perplexity 19492.2794,
Train Epoch: [27/30] Iters:[1650/1875] loss 0.1206, rec_loss 0.0021, p_loss 0.0623, utilization 0.4600, perplexity 19431.9730,
Train Epoch: [27/30] Iters:[1660/1875] loss 0.1203, rec_loss 0.0021, p_loss 0.0620, utilization 0.4590, perplexity 19291.9609,
Train Epoch: [27/30] Iters:[1670/1875] loss 0.1197, rec_loss 0.0020, p_loss 0.0616, utilization 0.4593, perplexity 19403.6163,
Train Epoch: [27/30] Iters:[1680/1875] loss 0.1205, rec_loss 0.0020, p_loss 0.0619, utilization 0.4619, perplexity 19739.9093,
Train Epoch: [27/30] Iters:[1690/1875] loss 0.1204, rec_loss 0.0020, p_loss 0.0618, utilization 0.4622, perplexity 19783.1739,
Train Epoch: [27/30] Iters:[1700/1875] loss 0.1202, rec_loss 0.0020, p_loss 0.0617, utilization 0.4625, perplexity 19793.1691,
Train Epoch: [27/30] Iters:[1710/1875] loss 0.1202, rec_loss 0.0020, p_loss 0.0618, utilization 0.4627, perplexity 19829.9089,
Train Epoch: [27/30] Iters:[1720/1875] loss 0.1192, rec_loss 0.0020, p_loss 0.0614, utilization 0.4623, perplexity 19777.7350,
Train Epoch: [27/30] Iters:[1730/1875] loss 0.1188, rec_loss 0.0021, p_loss 0.0612, utilization 0.4614, perplexity 19691.2252,
Train Epoch: [27/30] Iters:[1740/1875] loss 0.1182, rec_loss 0.0020, p_loss 0.0610, utilization 0.4604, perplexity 19527.9218,
Train Epoch: [27/30] Iters:[1750/1875] loss 0.1179, rec_loss 0.0020, p_loss 0.0608, utilization 0.4602, perplexity 19601.0118,
Train Epoch: [27/30] Iters:[1760/1875] loss 0.1172, rec_loss 0.0019, p_loss 0.0603, utilization 0.4603, perplexity 19630.5056,
Train Epoch: [27/30] Iters:[1770/1875] loss 0.1172, rec_loss 0.0020, p_loss 0.0601, utilization 0.4599, perplexity 19568.6326,
Train Epoch: [27/30] Iters:[1780/1875] loss 0.1174, rec_loss 0.0019, p_loss 0.0603, utilization 0.4606, perplexity 19582.1477,
Train Epoch: [27/30] Iters:[1790/1875] loss 0.1181, rec_loss 0.0019, p_loss 0.0607, utilization 0.4620, perplexity 19678.6522,
Train Epoch: [27/30] Iters:[1800/1875] loss 0.1178, rec_loss 0.0019, p_loss 0.0604, utilization 0.4622, perplexity 19581.3419,
Train Epoch: [27/30] Iters:[1810/1875] loss 0.1176, rec_loss 0.0019, p_loss 0.0602, utilization 0.4633, perplexity 19743.6376,
Train Epoch: [27/30] Iters:[1820/1875] loss 0.1173, rec_loss 0.0019, p_loss 0.0601, utilization 0.4642, perplexity 19914.6101,
Train Epoch: [27/30] Iters:[1830/1875] loss 0.1168, rec_loss 0.0019, p_loss 0.0600, utilization 0.4630, perplexity 19809.7362,
Train Epoch: [27/30] Iters:[1840/1875] loss 0.1159, rec_loss 0.0019, p_loss 0.0596, utilization 0.4609, perplexity 19541.2450,
Train Epoch: [27/30] Iters:[1850/1875] loss 0.1169, rec_loss 0.0019, p_loss 0.0603, utilization 0.4621, perplexity 19638.6621,
Train Epoch: [27/30] Iters:[1860/1875] loss 0.1168, rec_loss 0.0019, p_loss 0.0602, utilization 0.4613, perplexity 19430.7726,
Train Epoch: [27/30] Iters:[1870/1875] loss 0.1180, rec_loss 0.0020, p_loss 0.0609, utilization 0.4622, perplexity 19417.1059,
epoch:28, cur_lr:0.000019
Train Epoch: [28/30] Iters:[10/1875] loss 0.1146, rec_loss 0.0018, p_loss 0.0587, utilization 0.4569, perplexity 19404.2207,
Train Epoch: [28/30] Iters:[20/1875] loss 0.1199, rec_loss 0.0020, p_loss 0.0615, utilization 0.4649, perplexity 20197.0988,
Train Epoch: [28/30] Iters:[30/1875] loss 0.1191, rec_loss 0.0020, p_loss 0.0614, utilization 0.4628, perplexity 19826.2018,
Train Epoch: [28/30] Iters:[40/1875] loss 0.1182, rec_loss 0.0019, p_loss 0.0606, utilization 0.4635, perplexity 19861.1485,
Train Epoch: [28/30] Iters:[50/1875] loss 0.1176, rec_loss 0.0019, p_loss 0.0604, utilization 0.4619, perplexity 19736.8887,
Train Epoch: [28/30] Iters:[60/1875] loss 0.1182, rec_loss 0.0019, p_loss 0.0608, utilization 0.4640, perplexity 19885.1869,
Train Epoch: [28/30] Iters:[70/1875] loss 0.1170, rec_loss 0.0019, p_loss 0.0603, utilization 0.4621, perplexity 19619.7535,
Train Epoch: [28/30] Iters:[80/1875] loss 0.1169, rec_loss 0.0019, p_loss 0.0602, utilization 0.4630, perplexity 19761.0185,
Train Epoch: [28/30] Iters:[90/1875] loss 0.1173, rec_loss 0.0020, p_loss 0.0605, utilization 0.4621, perplexity 19682.0375,
Train Epoch: [28/30] Iters:[100/1875] loss 0.1175, rec_loss 0.0020, p_loss 0.0604, utilization 0.4640, perplexity 19882.5395,
Train Epoch: [28/30] Iters:[110/1875] loss 0.1171, rec_loss 0.0019, p_loss 0.0601, utilization 0.4620, perplexity 19663.9135,
Train Epoch: [28/30] Iters:[120/1875] loss 0.1179, rec_loss 0.0020, p_loss 0.0605, utilization 0.4615, perplexity 19682.9897,
Train Epoch: [28/30] Iters:[130/1875] loss 0.1180, rec_loss 0.0020, p_loss 0.0605, utilization 0.4612, perplexity 19554.9822,
Train Epoch: [28/30] Iters:[140/1875] loss 0.1191, rec_loss 0.0020, p_loss 0.0612, utilization 0.4621, perplexity 19604.1946,
Train Epoch: [28/30] Iters:[150/1875] loss 0.1190, rec_loss 0.0020, p_loss 0.0612, utilization 0.4593, perplexity 19197.2864,
Train Epoch: [28/30] Iters:[160/1875] loss 0.1200, rec_loss 0.0021, p_loss 0.0617, utilization 0.4609, perplexity 19406.3363,
Train Epoch: [28/30] Iters:[170/1875] loss 0.1193, rec_loss 0.0021, p_loss 0.0612, utilization 0.4615, perplexity 19429.4225,
Train Epoch: [28/30] Iters:[180/1875] loss 0.1199, rec_loss 0.0021, p_loss 0.0618, utilization 0.4609, perplexity 19385.9457,
Train Epoch: [28/30] Iters:[190/1875] loss 0.1186, rec_loss 0.0020, p_loss 0.0611, utilization 0.4593, perplexity 19376.1760,
Train Epoch: [28/30] Iters:[200/1875] loss 0.1188, rec_loss 0.0020, p_loss 0.0612, utilization 0.4602, perplexity 19577.0212,
Train Epoch: [28/30] Iters:[210/1875] loss 0.1182, rec_loss 0.0020, p_loss 0.0608, utilization 0.4587, perplexity 19392.4190,
Train Epoch: [28/30] Iters:[220/1875] loss 0.1179, rec_loss 0.0020, p_loss 0.0605, utilization 0.4587, perplexity 19369.1731,
Train Epoch: [28/30] Iters:[230/1875] loss 0.1165, rec_loss 0.0019, p_loss 0.0596, utilization 0.4575, perplexity 19377.8646,
Train Epoch: [28/30] Iters:[240/1875] loss 0.1169, rec_loss 0.0019, p_loss 0.0599, utilization 0.4583, perplexity 19351.7194,
Train Epoch: [28/30] Iters:[250/1875] loss 0.1181, rec_loss 0.0019, p_loss 0.0607, utilization 0.4599, perplexity 19493.4346,
Train Epoch: [28/30] Iters:[260/1875] loss 0.1180, rec_loss 0.0019, p_loss 0.0606, utilization 0.4605, perplexity 19561.1882,
Train Epoch: [28/30] Iters:[270/1875] loss 0.1176, rec_loss 0.0019, p_loss 0.0605, utilization 0.4601, perplexity 19614.6260,
Train Epoch: [28/30] Iters:[280/1875] loss 0.1183, rec_loss 0.0019, p_loss 0.0608, utilization 0.4610, perplexity 19641.0070,
Train Epoch: [28/30] Iters:[290/1875] loss 0.1184, rec_loss 0.0019, p_loss 0.0607, utilization 0.4618, perplexity 19770.2407,
Train Epoch: [28/30] Iters:[300/1875] loss 0.1173, rec_loss 0.0019, p_loss 0.0601, utilization 0.4621, perplexity 19866.4079,
Train Epoch: [28/30] Iters:[310/1875] loss 0.1173, rec_loss 0.0019, p_loss 0.0601, utilization 0.4627, perplexity 19989.1535,
Train Epoch: [28/30] Iters:[320/1875] loss 0.1174, rec_loss 0.0019, p_loss 0.0603, utilization 0.4618, perplexity 19792.2812,
Train Epoch: [28/30] Iters:[330/1875] loss 0.1168, rec_loss 0.0019, p_loss 0.0598, utilization 0.4637, perplexity 20081.0418,
Train Epoch: [28/30] Iters:[340/1875] loss 0.1157, rec_loss 0.0018, p_loss 0.0592, utilization 0.4623, perplexity 19882.3189,
Train Epoch: [28/30] Iters:[350/1875] loss 0.1161, rec_loss 0.0019, p_loss 0.0595, utilization 0.4608, perplexity 19529.6091,
Train Epoch: [28/30] Iters:[360/1875] loss 0.1175, rec_loss 0.0020, p_loss 0.0604, utilization 0.4625, perplexity 19691.0576,
Train Epoch: [28/30] Iters:[370/1875] loss 0.1181, rec_loss 0.0019, p_loss 0.0608, utilization 0.4642, perplexity 19772.2734,
Train Epoch: [28/30] Iters:[380/1875] loss 0.1189, rec_loss 0.0020, p_loss 0.0614, utilization 0.4631, perplexity 19654.5202,
Train Epoch: [28/30] Iters:[390/1875] loss 0.1190, rec_loss 0.0020, p_loss 0.0614, utilization 0.4617, perplexity 19535.3203,
Train Epoch: [28/30] Iters:[400/1875] loss 0.1183, rec_loss 0.0019, p_loss 0.0608, utilization 0.4631, perplexity 19792.2858,
Train Epoch: [28/30] Iters:[410/1875] loss 0.1171, rec_loss 0.0019, p_loss 0.0602, utilization 0.4605, perplexity 19456.0201,
Train Epoch: [28/30] Iters:[420/1875] loss 0.1180, rec_loss 0.0019, p_loss 0.0605, utilization 0.4600, perplexity 19424.6151,
Train Epoch: [28/30] Iters:[430/1875] loss 0.1178, rec_loss 0.0019, p_loss 0.0603, utilization 0.4609, perplexity 19534.6748,
Train Epoch: [28/30] Iters:[440/1875] loss 0.1185, rec_loss 0.0019, p_loss 0.0607, utilization 0.4617, perplexity 19520.6218,
Train Epoch: [28/30] Iters:[450/1875] loss 0.1200, rec_loss 0.0020, p_loss 0.0616, utilization 0.4614, perplexity 19481.5215,
Train Epoch: [28/30] Iters:[460/1875] loss 0.1208, rec_loss 0.0020, p_loss 0.0622, utilization 0.4626, perplexity 19653.8207,
Train Epoch: [28/30] Iters:[470/1875] loss 0.1193, rec_loss 0.0020, p_loss 0.0614, utilization 0.4628, perplexity 19813.7234,
Train Epoch: [28/30] Iters:[480/1875] loss 0.1192, rec_loss 0.0020, p_loss 0.0615, utilization 0.4613, perplexity 19478.3891,
Train Epoch: [28/30] Iters:[490/1875] loss 0.1204, rec_loss 0.0020, p_loss 0.0625, utilization 0.4630, perplexity 19763.9104,
Train Epoch: [28/30] Iters:[500/1875] loss 0.1192, rec_loss 0.0020, p_loss 0.0617, utilization 0.4632, perplexity 19803.9371,
Train Epoch: [28/30] Iters:[510/1875] loss 0.1186, rec_loss 0.0019, p_loss 0.0613, utilization 0.4622, perplexity 19729.5681,
Train Epoch: [28/30] Iters:[520/1875] loss 0.1188, rec_loss 0.0019, p_loss 0.0616, utilization 0.4619, perplexity 19474.9588,
Train Epoch: [28/30] Iters:[530/1875] loss 0.1187, rec_loss 0.0019, p_loss 0.0614, utilization 0.4607, perplexity 19435.9604,
Train Epoch: [28/30] Iters:[540/1875] loss 0.1182, rec_loss 0.0020, p_loss 0.0609, utilization 0.4595, perplexity 19253.6573,
Train Epoch: [28/30] Iters:[550/1875] loss 0.1193, rec_loss 0.0020, p_loss 0.0617, utilization 0.4587, perplexity 19052.7665,
Train Epoch: [28/30] Iters:[560/1875] loss 0.1196, rec_loss 0.0020, p_loss 0.0620, utilization 0.4590, perplexity 19051.1945,
Train Epoch: [28/30] Iters:[570/1875] loss 0.1197, rec_loss 0.0020, p_loss 0.0619, utilization 0.4589, perplexity 19263.6856,
Train Epoch: [28/30] Iters:[580/1875] loss 0.1200, rec_loss 0.0020, p_loss 0.0621, utilization 0.4608, perplexity 19455.8537,
Train Epoch: [28/30] Iters:[590/1875] loss 0.1195, rec_loss 0.0019, p_loss 0.0616, utilization 0.4621, perplexity 19600.7051,
Train Epoch: [28/30] Iters:[600/1875] loss 0.1181, rec_loss 0.0019, p_loss 0.0607, utilization 0.4626, perplexity 19817.5795,
Train Epoch: [28/30] Iters:[610/1875] loss 0.1179, rec_loss 0.0019, p_loss 0.0607, utilization 0.4619, perplexity 19720.6532,
Train Epoch: [28/30] Iters:[620/1875] loss 0.1187, rec_loss 0.0020, p_loss 0.0611, utilization 0.4625, perplexity 19747.2988,
Train Epoch: [28/30] Iters:[630/1875] loss 0.1183, rec_loss 0.0020, p_loss 0.0607, utilization 0.4621, perplexity 19722.1976,
Train Epoch: [28/30] Iters:[640/1875] loss 0.1175, rec_loss 0.0019, p_loss 0.0604, utilization 0.4625, perplexity 19654.5551,
Train Epoch: [28/30] Iters:[650/1875] loss 0.1178, rec_loss 0.0020, p_loss 0.0606, utilization 0.4622, perplexity 19578.1239,
Train Epoch: [28/30] Iters:[660/1875] loss 0.1165, rec_loss 0.0019, p_loss 0.0598, utilization 0.4615, perplexity 19578.3974,
Train Epoch: [28/30] Iters:[670/1875] loss 0.1157, rec_loss 0.0019, p_loss 0.0595, utilization 0.4608, perplexity 19454.9534,
Train Epoch: [28/30] Iters:[680/1875] loss 0.1157, rec_loss 0.0019, p_loss 0.0594, utilization 0.4619, perplexity 19467.9208,
Train Epoch: [28/30] Iters:[690/1875] loss 0.1166, rec_loss 0.0019, p_loss 0.0600, utilization 0.4612, perplexity 19519.9073,
Train Epoch: [28/30] Iters:[700/1875] loss 0.1168, rec_loss 0.0019, p_loss 0.0601, utilization 0.4607, perplexity 19504.6458,
Train Epoch: [28/30] Iters:[710/1875] loss 0.1186, rec_loss 0.0020, p_loss 0.0610, utilization 0.4624, perplexity 19601.7012,
Train Epoch: [28/30] Iters:[720/1875] loss 0.1192, rec_loss 0.0019, p_loss 0.0614, utilization 0.4633, perplexity 19630.4317,
Train Epoch: [28/30] Iters:[730/1875] loss 0.1198, rec_loss 0.0020, p_loss 0.0619, utilization 0.4622, perplexity 19566.8272,
Train Epoch: [28/30] Iters:[740/1875] loss 0.1197, rec_loss 0.0020, p_loss 0.0618, utilization 0.4633, perplexity 19725.8042,
Train Epoch: [28/30] Iters:[750/1875] loss 0.1197, rec_loss 0.0020, p_loss 0.0618, utilization 0.4629, perplexity 19700.1744,
Train Epoch: [28/30] Iters:[760/1875] loss 0.1191, rec_loss 0.0020, p_loss 0.0615, utilization 0.4635, perplexity 19812.4763,
Train Epoch: [28/30] Iters:[770/1875] loss 0.1192, rec_loss 0.0020, p_loss 0.0615, utilization 0.4629, perplexity 19876.0748,
Train Epoch: [28/30] Iters:[780/1875] loss 0.1190, rec_loss 0.0019, p_loss 0.0614, utilization 0.4619, perplexity 19918.6055,
Train Epoch: [28/30] Iters:[790/1875] loss 0.1183, rec_loss 0.0019, p_loss 0.0612, utilization 0.4604, perplexity 19674.7823,
Train Epoch: [28/30] Iters:[800/1875] loss 0.1189, rec_loss 0.0019, p_loss 0.0615, utilization 0.4620, perplexity 19755.4266,
Train Epoch: [28/30] Iters:[810/1875] loss 0.1178, rec_loss 0.0018, p_loss 0.0609, utilization 0.4604, perplexity 19566.9311,
Train Epoch: [28/30] Iters:[820/1875] loss 0.1169, rec_loss 0.0019, p_loss 0.0602, utilization 0.4594, perplexity 19501.0221,
Train Epoch: [28/30] Iters:[830/1875] loss 0.1163, rec_loss 0.0019, p_loss 0.0596, utilization 0.4605, perplexity 19509.5920,
Train Epoch: [28/30] Iters:[840/1875] loss 0.1162, rec_loss 0.0019, p_loss 0.0596, utilization 0.4597, perplexity 19567.2143,
Train Epoch: [28/30] Iters:[850/1875] loss 0.1161, rec_loss 0.0019, p_loss 0.0597, utilization 0.4595, perplexity 19578.8233,
Train Epoch: [28/30] Iters:[860/1875] loss 0.1165, rec_loss 0.0020, p_loss 0.0598, utilization 0.4597, perplexity 19559.6032,
Train Epoch: [28/30] Iters:[870/1875] loss 0.1171, rec_loss 0.0020, p_loss 0.0603, utilization 0.4610, perplexity 19598.2160,
Train Epoch: [28/30] Iters:[880/1875] loss 0.1175, rec_loss 0.0020, p_loss 0.0608, utilization 0.4605, perplexity 19577.1636,
Train Epoch: [28/30] Iters:[890/1875] loss 0.1182, rec_loss 0.0020, p_loss 0.0612, utilization 0.4603, perplexity 19437.4811,
Train Epoch: [28/30] Iters:[900/1875] loss 0.1184, rec_loss 0.0020, p_loss 0.0611, utilization 0.4613, perplexity 19582.6334,
Train Epoch: [28/30] Iters:[910/1875] loss 0.1185, rec_loss 0.0020, p_loss 0.0613, utilization 0.4616, perplexity 19664.0279,
Train Epoch: [28/30] Iters:[920/1875] loss 0.1179, rec_loss 0.0019, p_loss 0.0610, utilization 0.4617, perplexity 19740.7145,
Train Epoch: [28/30] Iters:[930/1875] loss 0.1173, rec_loss 0.0019, p_loss 0.0606, utilization 0.4616, perplexity 19595.8120,
Train Epoch: [28/30] Iters:[940/1875] loss 0.1176, rec_loss 0.0019, p_loss 0.0607, utilization 0.4633, perplexity 19817.2338,
Train Epoch: [28/30] Iters:[950/1875] loss 0.1168, rec_loss 0.0019, p_loss 0.0601, utilization 0.4627, perplexity 19683.0323,
Train Epoch: [28/30] Iters:[960/1875] loss 0.1171, rec_loss 0.0019, p_loss 0.0602, utilization 0.4608, perplexity 19487.1805,
Train Epoch: [28/30] Iters:[970/1875] loss 0.1171, rec_loss 0.0019, p_loss 0.0599, utilization 0.4602, perplexity 19380.6255,
Train Epoch: [28/30] Iters:[980/1875] loss 0.1182, rec_loss 0.0019, p_loss 0.0605, utilization 0.4610, perplexity 19574.2809,
Train Epoch: [28/30] Iters:[990/1875] loss 0.1176, rec_loss 0.0020, p_loss 0.0601, utilization 0.4601, perplexity 19451.6775,
Train Epoch: [28/30] Iters:[1000/1875] loss 0.1170, rec_loss 0.0020, p_loss 0.0598, utilization 0.4605, perplexity 19563.4730,
Train Epoch: [28/30] Iters:[1010/1875] loss 0.1173, rec_loss 0.0020, p_loss 0.0599, utilization 0.4630, perplexity 19873.4082,
Train Epoch: [28/30] Iters:[1020/1875] loss 0.1175, rec_loss 0.0020, p_loss 0.0603, utilization 0.4625, perplexity 19808.6191,
Train Epoch: [28/30] Iters:[1030/1875] loss 0.1166, rec_loss 0.0019, p_loss 0.0598, utilization 0.4619, perplexity 19736.6245,
Train Epoch: [28/30] Iters:[1040/1875] loss 0.1169, rec_loss 0.0019, p_loss 0.0599, utilization 0.4620, perplexity 19759.7877,
Train Epoch: [28/30] Iters:[1050/1875] loss 0.1171, rec_loss 0.0020, p_loss 0.0601, utilization 0.4604, perplexity 19514.7243,
Train Epoch: [28/30] Iters:[1060/1875] loss 0.1165, rec_loss 0.0019, p_loss 0.0600, utilization 0.4611, perplexity 19510.9008,
Train Epoch: [28/30] Iters:[1070/1875] loss 0.1174, rec_loss 0.0020, p_loss 0.0604, utilization 0.4605, perplexity 19390.8141,
Train Epoch: [28/30] Iters:[1080/1875] loss 0.1177, rec_loss 0.0020, p_loss 0.0606, utilization 0.4612, perplexity 19577.4327,
Train Epoch: [28/30] Iters:[1090/1875] loss 0.1176, rec_loss 0.0020, p_loss 0.0606, utilization 0.4622, perplexity 19716.0690,
Train Epoch: [28/30] Iters:[1100/1875] loss 0.1178, rec_loss 0.0019, p_loss 0.0607, utilization 0.4622, perplexity 19739.1923,
Train Epoch: [28/30] Iters:[1110/1875] loss 0.1186, rec_loss 0.0020, p_loss 0.0611, utilization 0.4611, perplexity 19631.8118,
Train Epoch: [28/30] Iters:[1120/1875] loss 0.1184, rec_loss 0.0020, p_loss 0.0609, utilization 0.4631, perplexity 19943.7745,
Train Epoch: [28/30] Iters:[1130/1875] loss 0.1189, rec_loss 0.0020, p_loss 0.0612, utilization 0.4626, perplexity 19759.3450,
Train Epoch: [28/30] Iters:[1140/1875] loss 0.1180, rec_loss 0.0020, p_loss 0.0609, utilization 0.4597, perplexity 19467.2119,
Train Epoch: [28/30] Iters:[1150/1875] loss 0.1179, rec_loss 0.0019, p_loss 0.0609, utilization 0.4616, perplexity 19639.8772,
Train Epoch: [28/30] Iters:[1160/1875] loss 0.1168, rec_loss 0.0019, p_loss 0.0604, utilization 0.4605, perplexity 19566.3320,
Train Epoch: [28/30] Iters:[1170/1875] loss 0.1167, rec_loss 0.0019, p_loss 0.0603, utilization 0.4601, perplexity 19463.0839,
Train Epoch: [28/30] Iters:[1180/1875] loss 0.1162, rec_loss 0.0019, p_loss 0.0599, utilization 0.4595, perplexity 19497.3847,
Train Epoch: [28/30] Iters:[1190/1875] loss 0.1171, rec_loss 0.0019, p_loss 0.0604, utilization 0.4633, perplexity 19881.6986,
Train Epoch: [28/30] Iters:[1200/1875] loss 0.1176, rec_loss 0.0019, p_loss 0.0607, utilization 0.4622, perplexity 19755.3141,
Train Epoch: [28/30] Iters:[1210/1875] loss 0.1185, rec_loss 0.0019, p_loss 0.0609, utilization 0.4630, perplexity 19846.3876,
Train Epoch: [28/30] Iters:[1220/1875] loss 0.1181, rec_loss 0.0019, p_loss 0.0608, utilization 0.4633, perplexity 19865.1732,
Train Epoch: [28/30] Iters:[1230/1875] loss 0.1185, rec_loss 0.0019, p_loss 0.0611, utilization 0.4648, perplexity 19872.0239,
Train Epoch: [28/30] Iters:[1240/1875] loss 0.1184, rec_loss 0.0020, p_loss 0.0610, utilization 0.4628, perplexity 19607.0642,
Train Epoch: [28/30] Iters:[1250/1875] loss 0.1180, rec_loss 0.0020, p_loss 0.0605, utilization 0.4639, perplexity 19673.4973,
Train Epoch: [28/30] Iters:[1260/1875] loss 0.1184, rec_loss 0.0019, p_loss 0.0608, utilization 0.4640, perplexity 19700.6783,
Train Epoch: [28/30] Iters:[1270/1875] loss 0.1184, rec_loss 0.0019, p_loss 0.0606, utilization 0.4637, perplexity 19811.7173,
Train Epoch: [28/30] Iters:[1280/1875] loss 0.1185, rec_loss 0.0020, p_loss 0.0606, utilization 0.4646, perplexity 19997.0617,
Train Epoch: [28/30] Iters:[1290/1875] loss 0.1191, rec_loss 0.0020, p_loss 0.0608, utilization 0.4640, perplexity 19953.5020,
Train Epoch: [28/30] Iters:[1300/1875] loss 0.1202, rec_loss 0.0020, p_loss 0.0618, utilization 0.4629, perplexity 19883.4388,
Train Epoch: [28/30] Iters:[1310/1875] loss 0.1193, rec_loss 0.0020, p_loss 0.0609, utilization 0.4633, perplexity 19835.3344,
Train Epoch: [28/30] Iters:[1320/1875] loss 0.1186, rec_loss 0.0020, p_loss 0.0606, utilization 0.4622, perplexity 19760.3350,
Train Epoch: [28/30] Iters:[1330/1875] loss 0.1195, rec_loss 0.0020, p_loss 0.0612, utilization 0.4617, perplexity 19731.8608,
Train Epoch: [28/30] Iters:[1340/1875] loss 0.1184, rec_loss 0.0019, p_loss 0.0607, utilization 0.4614, perplexity 19751.6617,
Train Epoch: [28/30] Iters:[1350/1875] loss 0.1184, rec_loss 0.0019, p_loss 0.0608, utilization 0.4616, perplexity 19784.7592,
Train Epoch: [28/30] Iters:[1360/1875] loss 0.1183, rec_loss 0.0019, p_loss 0.0608, utilization 0.4608, perplexity 19688.6485,
Train Epoch: [28/30] Iters:[1370/1875] loss 0.1191, rec_loss 0.0020, p_loss 0.0611, utilization 0.4634, perplexity 19828.9678,
Train Epoch: [28/30] Iters:[1380/1875] loss 0.1175, rec_loss 0.0019, p_loss 0.0603, utilization 0.4614, perplexity 19704.0730,
Train Epoch: [28/30] Iters:[1390/1875] loss 0.1176, rec_loss 0.0019, p_loss 0.0602, utilization 0.4626, perplexity 19730.2537,
Train Epoch: [28/30] Iters:[1400/1875] loss 0.1162, rec_loss 0.0019, p_loss 0.0593, utilization 0.4619, perplexity 19695.2166,
Train Epoch: [28/30] Iters:[1410/1875] loss 0.1162, rec_loss 0.0019, p_loss 0.0594, utilization 0.4623, perplexity 19689.3539,
Train Epoch: [28/30] Iters:[1420/1875] loss 0.1157, rec_loss 0.0018, p_loss 0.0593, utilization 0.4613, perplexity 19572.0849,
Train Epoch: [28/30] Iters:[1430/1875] loss 0.1166, rec_loss 0.0019, p_loss 0.0596, utilization 0.4619, perplexity 19538.6149,
Train Epoch: [28/30] Iters:[1440/1875] loss 0.1171, rec_loss 0.0019, p_loss 0.0600, utilization 0.4611, perplexity 19544.6006,
Train Epoch: [28/30] Iters:[1450/1875] loss 0.1176, rec_loss 0.0019, p_loss 0.0604, utilization 0.4601, perplexity 19449.2012,
Train Epoch: [28/30] Iters:[1460/1875] loss 0.1177, rec_loss 0.0019, p_loss 0.0603, utilization 0.4610, perplexity 19705.3488,
Train Epoch: [28/30] Iters:[1470/1875] loss 0.1179, rec_loss 0.0019, p_loss 0.0604, utilization 0.4607, perplexity 19735.5435,
Train Epoch: [28/30] Iters:[1480/1875] loss 0.1177, rec_loss 0.0018, p_loss 0.0603, utilization 0.4612, perplexity 19776.5201,
Train Epoch: [28/30] Iters:[1490/1875] loss 0.1170, rec_loss 0.0018, p_loss 0.0599, utilization 0.4622, perplexity 19829.2178,
Train Epoch: [28/30] Iters:[1500/1875] loss 0.1171, rec_loss 0.0019, p_loss 0.0600, utilization 0.4629, perplexity 19846.8486,
Train Epoch: [28/30] Iters:[1510/1875] loss 0.1162, rec_loss 0.0019, p_loss 0.0593, utilization 0.4610, perplexity 19670.4676,
Train Epoch: [28/30] Iters:[1520/1875] loss 0.1153, rec_loss 0.0019, p_loss 0.0589, utilization 0.4605, perplexity 19659.5306,
Train Epoch: [28/30] Iters:[1530/1875] loss 0.1150, rec_loss 0.0019, p_loss 0.0587, utilization 0.4613, perplexity 19701.7523,
Train Epoch: [28/30] Iters:[1540/1875] loss 0.1150, rec_loss 0.0018, p_loss 0.0589, utilization 0.4609, perplexity 19738.0015,
Train Epoch: [28/30] Iters:[1550/1875] loss 0.1145, rec_loss 0.0018, p_loss 0.0583, utilization 0.4612, perplexity 19775.4729,
Train Epoch: [28/30] Iters:[1560/1875] loss 0.1154, rec_loss 0.0018, p_loss 0.0591, utilization 0.4620, perplexity 19803.8615,
Train Epoch: [28/30] Iters:[1570/1875] loss 0.1167, rec_loss 0.0018, p_loss 0.0598, utilization 0.4629, perplexity 19864.5095,
Train Epoch: [28/30] Iters:[1580/1875] loss 0.1179, rec_loss 0.0019, p_loss 0.0604, utilization 0.4634, perplexity 19928.2877,
Train Epoch: [28/30] Iters:[1590/1875] loss 0.1182, rec_loss 0.0020, p_loss 0.0605, utilization 0.4632, perplexity 19832.1054,
Train Epoch: [28/30] Iters:[1600/1875] loss 0.1186, rec_loss 0.0020, p_loss 0.0611, utilization 0.4634, perplexity 19827.6649,
Train Epoch: [28/30] Iters:[1610/1875] loss 0.1192, rec_loss 0.0020, p_loss 0.0615, utilization 0.4627, perplexity 19791.9561,
Train Epoch: [28/30] Iters:[1620/1875] loss 0.1192, rec_loss 0.0020, p_loss 0.0615, utilization 0.4614, perplexity 19540.2808,
Train Epoch: [28/30] Iters:[1630/1875] loss 0.1174, rec_loss 0.0019, p_loss 0.0606, utilization 0.4596, perplexity 19438.1897,
Train Epoch: [28/30] Iters:[1640/1875] loss 0.1178, rec_loss 0.0019, p_loss 0.0609, utilization 0.4591, perplexity 19419.8688,
Train Epoch: [28/30] Iters:[1650/1875] loss 0.1176, rec_loss 0.0019, p_loss 0.0605, utilization 0.4586, perplexity 19433.8189,
Train Epoch: [28/30] Iters:[1660/1875] loss 0.1174, rec_loss 0.0019, p_loss 0.0602, utilization 0.4601, perplexity 19466.8214,
Train Epoch: [28/30] Iters:[1670/1875] loss 0.1168, rec_loss 0.0019, p_loss 0.0601, utilization 0.4589, perplexity 19407.7881,
Train Epoch: [28/30] Iters:[1680/1875] loss 0.1175, rec_loss 0.0019, p_loss 0.0603, utilization 0.4598, perplexity 19499.6774,
Train Epoch: [28/30] Iters:[1690/1875] loss 0.1172, rec_loss 0.0019, p_loss 0.0600, utilization 0.4597, perplexity 19443.3430,
Train Epoch: [28/30] Iters:[1700/1875] loss 0.1177, rec_loss 0.0019, p_loss 0.0605, utilization 0.4601, perplexity 19432.6856,
Train Epoch: [28/30] Iters:[1710/1875] loss 0.1180, rec_loss 0.0019, p_loss 0.0605, utilization 0.4587, perplexity 19375.9507,
Train Epoch: [28/30] Iters:[1720/1875] loss 0.1176, rec_loss 0.0020, p_loss 0.0600, utilization 0.4593, perplexity 19468.5598,
Train Epoch: [28/30] Iters:[1730/1875] loss 0.1177, rec_loss 0.0020, p_loss 0.0602, utilization 0.4601, perplexity 19488.0067,
Train Epoch: [28/30] Iters:[1740/1875] loss 0.1170, rec_loss 0.0020, p_loss 0.0598, utilization 0.4599, perplexity 19461.7059,
Train Epoch: [28/30] Iters:[1750/1875] loss 0.1162, rec_loss 0.0020, p_loss 0.0592, utilization 0.4586, perplexity 19317.5129,
Train Epoch: [28/30] Iters:[1760/1875] loss 0.1159, rec_loss 0.0019, p_loss 0.0592, utilization 0.4593, perplexity 19402.5117,
Train Epoch: [28/30] Iters:[1770/1875] loss 0.1163, rec_loss 0.0019, p_loss 0.0594, utilization 0.4603, perplexity 19481.4668,
Train Epoch: [28/30] Iters:[1780/1875] loss 0.1165, rec_loss 0.0019, p_loss 0.0595, utilization 0.4582, perplexity 19204.2283,
Train Epoch: [28/30] Iters:[1790/1875] loss 0.1177, rec_loss 0.0019, p_loss 0.0603, utilization 0.4605, perplexity 19435.7188,
Train Epoch: [28/30] Iters:[1800/1875] loss 0.1179, rec_loss 0.0019, p_loss 0.0606, utilization 0.4615, perplexity 19644.0937,
Train Epoch: [28/30] Iters:[1810/1875] loss 0.1180, rec_loss 0.0019, p_loss 0.0606, utilization 0.4623, perplexity 19651.1521,
Train Epoch: [28/30] Iters:[1820/1875] loss 0.1183, rec_loss 0.0019, p_loss 0.0609, utilization 0.4632, perplexity 19775.1250,
Train Epoch: [28/30] Iters:[1830/1875] loss 0.1180, rec_loss 0.0019, p_loss 0.0608, utilization 0.4644, perplexity 19998.0790,
Train Epoch: [28/30] Iters:[1840/1875] loss 0.1172, rec_loss 0.0019, p_loss 0.0602, utilization 0.4641, perplexity 20084.3465,
Train Epoch: [28/30] Iters:[1850/1875] loss 0.1172, rec_loss 0.0019, p_loss 0.0600, utilization 0.4634, perplexity 19945.9014,
Train Epoch: [28/30] Iters:[1860/1875] loss 0.1165, rec_loss 0.0019, p_loss 0.0595, utilization 0.4618, perplexity 19714.5654,
Train Epoch: [28/30] Iters:[1870/1875] loss 0.1168, rec_loss 0.0019, p_loss 0.0599, utilization 0.4611, perplexity 19618.9977,
epoch:29, cur_lr:0.000016
Train Epoch: [29/30] Iters:[10/1875] loss 0.1188, rec_loss 0.0020, p_loss 0.0612, utilization 0.4603, perplexity 19453.3090,
Train Epoch: [29/30] Iters:[20/1875] loss 0.1170, rec_loss 0.0019, p_loss 0.0597, utilization 0.4610, perplexity 19792.9348,
Train Epoch: [29/30] Iters:[30/1875] loss 0.1164, rec_loss 0.0018, p_loss 0.0593, utilization 0.4625, perplexity 19810.7654,
Train Epoch: [29/30] Iters:[40/1875] loss 0.1177, rec_loss 0.0019, p_loss 0.0605, utilization 0.4616, perplexity 19706.8272,
Train Epoch: [29/30] Iters:[50/1875] loss 0.1170, rec_loss 0.0019, p_loss 0.0600, utilization 0.4612, perplexity 19649.5915,
Train Epoch: [29/30] Iters:[60/1875] loss 0.1167, rec_loss 0.0018, p_loss 0.0598, utilization 0.4622, perplexity 19731.7953,
Train Epoch: [29/30] Iters:[70/1875] loss 0.1168, rec_loss 0.0019, p_loss 0.0601, utilization 0.4610, perplexity 19519.9498,
Train Epoch: [29/30] Iters:[80/1875] loss 0.1180, rec_loss 0.0019, p_loss 0.0610, utilization 0.4613, perplexity 19617.6934,
Train Epoch: [29/30] Iters:[90/1875] loss 0.1164, rec_loss 0.0019, p_loss 0.0598, utilization 0.4603, perplexity 19480.9371,
Train Epoch: [29/30] Iters:[100/1875] loss 0.1173, rec_loss 0.0019, p_loss 0.0603, utilization 0.4610, perplexity 19557.1912,
Train Epoch: [29/30] Iters:[110/1875] loss 0.1171, rec_loss 0.0019, p_loss 0.0603, utilization 0.4609, perplexity 19656.0127,
Train Epoch: [29/30] Iters:[120/1875] loss 0.1182, rec_loss 0.0019, p_loss 0.0610, utilization 0.4630, perplexity 19920.2583,
Train Epoch: [29/30] Iters:[130/1875] loss 0.1172, rec_loss 0.0019, p_loss 0.0602, utilization 0.4612, perplexity 19692.8778,
Train Epoch: [29/30] Iters:[140/1875] loss 0.1185, rec_loss 0.0019, p_loss 0.0608, utilization 0.4638, perplexity 19999.3372,
Train Epoch: [29/30] Iters:[150/1875] loss 0.1183, rec_loss 0.0019, p_loss 0.0609, utilization 0.4638, perplexity 20061.0821,
Train Epoch: [29/30] Iters:[160/1875] loss 0.1183, rec_loss 0.0020, p_loss 0.0608, utilization 0.4629, perplexity 19903.0525,
Train Epoch: [29/30] Iters:[170/1875] loss 0.1171, rec_loss 0.0019, p_loss 0.0599, utilization 0.4614, perplexity 19702.0421,
Train Epoch: [29/30] Iters:[180/1875] loss 0.1170, rec_loss 0.0019, p_loss 0.0601, utilization 0.4608, perplexity 19689.6817,
Train Epoch: [29/30] Iters:[190/1875] loss 0.1166, rec_loss 0.0019, p_loss 0.0598, utilization 0.4595, perplexity 19547.3615,
Train Epoch: [29/30] Iters:[200/1875] loss 0.1173, rec_loss 0.0019, p_loss 0.0601, utilization 0.4603, perplexity 19590.9688,
Train Epoch: [29/30] Iters:[210/1875] loss 0.1173, rec_loss 0.0019, p_loss 0.0600, utilization 0.4607, perplexity 19563.8303,
Train Epoch: [29/30] Iters:[220/1875] loss 0.1176, rec_loss 0.0019, p_loss 0.0601, utilization 0.4631, perplexity 19845.0007,
Train Epoch: [29/30] Iters:[230/1875] loss 0.1167, rec_loss 0.0019, p_loss 0.0597, utilization 0.4639, perplexity 19933.1998,
Train Epoch: [29/30] Iters:[240/1875] loss 0.1165, rec_loss 0.0018, p_loss 0.0596, utilization 0.4643, perplexity 20017.0587,
Train Epoch: [29/30] Iters:[250/1875] loss 0.1154, rec_loss 0.0018, p_loss 0.0588, utilization 0.4637, perplexity 19980.3957,
Train Epoch: [29/30] Iters:[260/1875] loss 0.1151, rec_loss 0.0018, p_loss 0.0588, utilization 0.4633, perplexity 20054.8756,
Train Epoch: [29/30] Iters:[270/1875] loss 0.1146, rec_loss 0.0018, p_loss 0.0588, utilization 0.4609, perplexity 19846.4556,
Train Epoch: [29/30] Iters:[280/1875] loss 0.1162, rec_loss 0.0019, p_loss 0.0596, utilization 0.4612, perplexity 19845.5435,
Train Epoch: [29/30] Iters:[290/1875] loss 0.1177, rec_loss 0.0020, p_loss 0.0604, utilization 0.4630, perplexity 19889.9314,
Train Epoch: [29/30] Iters:[300/1875] loss 0.1175, rec_loss 0.0020, p_loss 0.0605, utilization 0.4614, perplexity 19707.5977,
Train Epoch: [29/30] Iters:[310/1875] loss 0.1183, rec_loss 0.0020, p_loss 0.0608, utilization 0.4625, perplexity 19827.4033,
Train Epoch: [29/30] Iters:[320/1875] loss 0.1184, rec_loss 0.0020, p_loss 0.0608, utilization 0.4637, perplexity 19747.2437,
Train Epoch: [29/30] Iters:[330/1875] loss 0.1182, rec_loss 0.0020, p_loss 0.0606, utilization 0.4645, perplexity 19796.2808,
Train Epoch: [29/30] Iters:[340/1875] loss 0.1173, rec_loss 0.0020, p_loss 0.0601, utilization 0.4633, perplexity 19834.0363,
Train Epoch: [29/30] Iters:[350/1875] loss 0.1188, rec_loss 0.0020, p_loss 0.0608, utilization 0.4650, perplexity 19959.5881,
Train Epoch: [29/30] Iters:[360/1875] loss 0.1182, rec_loss 0.0020, p_loss 0.0605, utilization 0.4640, perplexity 19740.2789,
Train Epoch: [29/30] Iters:[370/1875] loss 0.1188, rec_loss 0.0019, p_loss 0.0608, utilization 0.4634, perplexity 19779.1389,
Train Epoch: [29/30] Iters:[380/1875] loss 0.1188, rec_loss 0.0019, p_loss 0.0608, utilization 0.4625, perplexity 19660.3741,
Train Epoch: [29/30] Iters:[390/1875] loss 0.1177, rec_loss 0.0019, p_loss 0.0603, utilization 0.4610, perplexity 19507.2550,
Train Epoch: [29/30] Iters:[400/1875] loss 0.1156, rec_loss 0.0019, p_loss 0.0591, utilization 0.4588, perplexity 19344.2559,
Train Epoch: [29/30] Iters:[410/1875] loss 0.1156, rec_loss 0.0019, p_loss 0.0592, utilization 0.4593, perplexity 19333.9700,
Train Epoch: [29/30] Iters:[420/1875] loss 0.1163, rec_loss 0.0020, p_loss 0.0597, utilization 0.4594, perplexity 19372.1055,
Train Epoch: [29/30] Iters:[430/1875] loss 0.1156, rec_loss 0.0019, p_loss 0.0593, utilization 0.4590, perplexity 19360.8496,
Train Epoch: [29/30] Iters:[440/1875] loss 0.1163, rec_loss 0.0019, p_loss 0.0596, utilization 0.4593, perplexity 19399.5281,
Train Epoch: [29/30] Iters:[450/1875] loss 0.1171, rec_loss 0.0020, p_loss 0.0601, utilization 0.4601, perplexity 19397.9862,
Train Epoch: [29/30] Iters:[460/1875] loss 0.1177, rec_loss 0.0020, p_loss 0.0604, utilization 0.4597, perplexity 19459.3798,
Train Epoch: [29/30] Iters:[470/1875] loss 0.1165, rec_loss 0.0019, p_loss 0.0595, utilization 0.4590, perplexity 19346.9426,
Train Epoch: [29/30] Iters:[480/1875] loss 0.1181, rec_loss 0.0020, p_loss 0.0605, utilization 0.4596, perplexity 19403.6817,
Train Epoch: [29/30] Iters:[490/1875] loss 0.1179, rec_loss 0.0019, p_loss 0.0602, utilization 0.4600, perplexity 19399.1300,
Train Epoch: [29/30] Iters:[500/1875] loss 0.1191, rec_loss 0.0020, p_loss 0.0609, utilization 0.4613, perplexity 19510.5730,
Train Epoch: [29/30] Iters:[510/1875] loss 0.1181, rec_loss 0.0019, p_loss 0.0604, utilization 0.4614, perplexity 19540.2827,
Train Epoch: [29/30] Iters:[520/1875] loss 0.1182, rec_loss 0.0019, p_loss 0.0605, utilization 0.4621, perplexity 19596.2310,
Train Epoch: [29/30] Iters:[530/1875] loss 0.1168, rec_loss 0.0018, p_loss 0.0598, utilization 0.4635, perplexity 19860.9062,
Train Epoch: [29/30] Iters:[540/1875] loss 0.1168, rec_loss 0.0018, p_loss 0.0598, utilization 0.4638, perplexity 19993.4576,
Train Epoch: [29/30] Iters:[550/1875] loss 0.1158, rec_loss 0.0017, p_loss 0.0591, utilization 0.4629, perplexity 19938.0198,
Train Epoch: [29/30] Iters:[560/1875] loss 0.1172, rec_loss 0.0018, p_loss 0.0598, utilization 0.4643, perplexity 20075.1516,
Train Epoch: [29/30] Iters:[570/1875] loss 0.1176, rec_loss 0.0018, p_loss 0.0601, utilization 0.4643, perplexity 20141.9059,
Train Epoch: [29/30] Iters:[580/1875] loss 0.1179, rec_loss 0.0019, p_loss 0.0601, utilization 0.4634, perplexity 19955.4019,
Train Epoch: [29/30] Iters:[590/1875] loss 0.1183, rec_loss 0.0019, p_loss 0.0605, utilization 0.4636, perplexity 19916.8985,
Train Epoch: [29/30] Iters:[600/1875] loss 0.1189, rec_loss 0.0019, p_loss 0.0612, utilization 0.4629, perplexity 19827.2245,
Train Epoch: [29/30] Iters:[610/1875] loss 0.1187, rec_loss 0.0019, p_loss 0.0611, utilization 0.4622, perplexity 19692.2015,
Train Epoch: [29/30] Iters:[620/1875] loss 0.1186, rec_loss 0.0019, p_loss 0.0611, utilization 0.4622, perplexity 19624.0124,
Train Epoch: [29/30] Iters:[630/1875] loss 0.1193, rec_loss 0.0020, p_loss 0.0615, utilization 0.4630, perplexity 19675.0889,
Train Epoch: [29/30] Iters:[640/1875] loss 0.1189, rec_loss 0.0020, p_loss 0.0613, utilization 0.4609, perplexity 19406.3882,
Train Epoch: [29/30] Iters:[650/1875] loss 0.1185, rec_loss 0.0020, p_loss 0.0608, utilization 0.4617, perplexity 19575.9430,
Train Epoch: [29/30] Iters:[660/1875] loss 0.1171, rec_loss 0.0019, p_loss 0.0599, utilization 0.4599, perplexity 19453.5646,
Train Epoch: [29/30] Iters:[670/1875] loss 0.1172, rec_loss 0.0019, p_loss 0.0600, utilization 0.4588, perplexity 19400.5177,
Train Epoch: [29/30] Iters:[680/1875] loss 0.1164, rec_loss 0.0019, p_loss 0.0596, utilization 0.4576, perplexity 19213.5731,
Train Epoch: [29/30] Iters:[690/1875] loss 0.1161, rec_loss 0.0019, p_loss 0.0593, utilization 0.4586, perplexity 19379.4633,
Train Epoch: [29/30] Iters:[700/1875] loss 0.1169, rec_loss 0.0019, p_loss 0.0599, utilization 0.4587, perplexity 19277.7627,
Train Epoch: [29/30] Iters:[710/1875] loss 0.1182, rec_loss 0.0020, p_loss 0.0607, utilization 0.4600, perplexity 19438.2107,
Train Epoch: [29/30] Iters:[720/1875] loss 0.1184, rec_loss 0.0020, p_loss 0.0608, utilization 0.4610, perplexity 19489.9705,
Train Epoch: [29/30] Iters:[730/1875] loss 0.1191, rec_loss 0.0020, p_loss 0.0612, utilization 0.4611, perplexity 19566.1561,
Train Epoch: [29/30] Iters:[740/1875] loss 0.1186, rec_loss 0.0020, p_loss 0.0611, utilization 0.4608, perplexity 19515.9808,
Train Epoch: [29/30] Iters:[750/1875] loss 0.1179, rec_loss 0.0019, p_loss 0.0606, utilization 0.4616, perplexity 19648.1604,
Train Epoch: [29/30] Iters:[760/1875] loss 0.1181, rec_loss 0.0019, p_loss 0.0608, utilization 0.4614, perplexity 19542.7837,
Train Epoch: [29/30] Iters:[770/1875] loss 0.1177, rec_loss 0.0019, p_loss 0.0606, utilization 0.4605, perplexity 19488.3773,
Train Epoch: [29/30] Iters:[780/1875] loss 0.1175, rec_loss 0.0019, p_loss 0.0605, utilization 0.4623, perplexity 19650.1579,
Train Epoch: [29/30] Iters:[790/1875] loss 0.1181, rec_loss 0.0019, p_loss 0.0607, utilization 0.4622, perplexity 19545.3287,
Train Epoch: [29/30] Iters:[800/1875] loss 0.1181, rec_loss 0.0019, p_loss 0.0609, utilization 0.4620, perplexity 19438.8320,
Train Epoch: [29/30] Iters:[810/1875] loss 0.1171, rec_loss 0.0019, p_loss 0.0602, utilization 0.4621, perplexity 19470.0551,
Train Epoch: [29/30] Iters:[820/1875] loss 0.1186, rec_loss 0.0020, p_loss 0.0612, utilization 0.4636, perplexity 19653.3540,
Train Epoch: [29/30] Iters:[830/1875] loss 0.1187, rec_loss 0.0020, p_loss 0.0613, utilization 0.4635, perplexity 19707.4327,
Train Epoch: [29/30] Iters:[840/1875] loss 0.1193, rec_loss 0.0020, p_loss 0.0616, utilization 0.4648, perplexity 20039.0387,
Train Epoch: [29/30] Iters:[850/1875] loss 0.1184, rec_loss 0.0020, p_loss 0.0609, utilization 0.4637, perplexity 20072.1629,
Train Epoch: [29/30] Iters:[860/1875] loss 0.1183, rec_loss 0.0020, p_loss 0.0610, utilization 0.4626, perplexity 20029.1101,
Train Epoch: [29/30] Iters:[870/1875] loss 0.1174, rec_loss 0.0019, p_loss 0.0603, utilization 0.4632, perplexity 20026.7819,
Train Epoch: [29/30] Iters:[880/1875] loss 0.1171, rec_loss 0.0020, p_loss 0.0602, utilization 0.4612, perplexity 19783.7516,
Train Epoch: [29/30] Iters:[890/1875] loss 0.1164, rec_loss 0.0020, p_loss 0.0598, utilization 0.4596, perplexity 19453.3903,
Train Epoch: [29/30] Iters:[900/1875] loss 0.1176, rec_loss 0.0020, p_loss 0.0604, utilization 0.4605, perplexity 19401.5376,
Train Epoch: [29/30] Iters:[910/1875] loss 0.1178, rec_loss 0.0020, p_loss 0.0605, utilization 0.4611, perplexity 19400.5418,
Train Epoch: [29/30] Iters:[920/1875] loss 0.1172, rec_loss 0.0020, p_loss 0.0602, utilization 0.4603, perplexity 19242.9176,
Train Epoch: [29/30] Iters:[930/1875] loss 0.1174, rec_loss 0.0019, p_loss 0.0604, utilization 0.4610, perplexity 19398.0316,
Train Epoch: [29/30] Iters:[940/1875] loss 0.1185, rec_loss 0.0019, p_loss 0.0610, utilization 0.4624, perplexity 19617.7760,
Train Epoch: [29/30] Iters:[950/1875] loss 0.1178, rec_loss 0.0019, p_loss 0.0607, utilization 0.4619, perplexity 19655.8819,
Train Epoch: [29/30] Iters:[960/1875] loss 0.1182, rec_loss 0.0019, p_loss 0.0609, utilization 0.4627, perplexity 19802.2771,
Train Epoch: [29/30] Iters:[970/1875] loss 0.1186, rec_loss 0.0019, p_loss 0.0613, utilization 0.4632, perplexity 19954.7392,
Train Epoch: [29/30] Iters:[980/1875] loss 0.1178, rec_loss 0.0020, p_loss 0.0607, utilization 0.4618, perplexity 19802.0461,
Train Epoch: [29/30] Iters:[990/1875] loss 0.1176, rec_loss 0.0020, p_loss 0.0606, utilization 0.4610, perplexity 19646.1587,
Train Epoch: [29/30] Iters:[1000/1875] loss 0.1178, rec_loss 0.0020, p_loss 0.0608, utilization 0.4621, perplexity 19736.9617,
Train Epoch: [29/30] Iters:[1010/1875] loss 0.1171, rec_loss 0.0020, p_loss 0.0603, utilization 0.4607, perplexity 19597.4913,
Train Epoch: [29/30] Iters:[1020/1875] loss 0.1167, rec_loss 0.0020, p_loss 0.0597, utilization 0.4611, perplexity 19651.6852,
Train Epoch: [29/30] Iters:[1030/1875] loss 0.1170, rec_loss 0.0019, p_loss 0.0600, utilization 0.4626, perplexity 19742.7646,
Train Epoch: [29/30] Iters:[1040/1875] loss 0.1172, rec_loss 0.0019, p_loss 0.0600, utilization 0.4632, perplexity 19891.5458,
Train Epoch: [29/30] Iters:[1050/1875] loss 0.1163, rec_loss 0.0019, p_loss 0.0594, utilization 0.4621, perplexity 19695.9282,
Train Epoch: [29/30] Iters:[1060/1875] loss 0.1170, rec_loss 0.0019, p_loss 0.0598, utilization 0.4623, perplexity 19714.8021,
Train Epoch: [29/30] Iters:[1070/1875] loss 0.1166, rec_loss 0.0019, p_loss 0.0598, utilization 0.4606, perplexity 19596.1691,
Train Epoch: [29/30] Iters:[1080/1875] loss 0.1167, rec_loss 0.0020, p_loss 0.0598, utilization 0.4600, perplexity 19537.3557,
Train Epoch: [29/30] Iters:[1090/1875] loss 0.1156, rec_loss 0.0019, p_loss 0.0591, utilization 0.4600, perplexity 19587.7316,
Train Epoch: [29/30] Iters:[1100/1875] loss 0.1164, rec_loss 0.0019, p_loss 0.0595, utilization 0.4608, perplexity 19790.0934,
Train Epoch: [29/30] Iters:[1110/1875] loss 0.1161, rec_loss 0.0019, p_loss 0.0593, utilization 0.4612, perplexity 19773.4529,
Train Epoch: [29/30] Iters:[1120/1875] loss 0.1161, rec_loss 0.0019, p_loss 0.0594, utilization 0.4603, perplexity 19596.9050,
Train Epoch: [29/30] Iters:[1130/1875] loss 0.1161, rec_loss 0.0019, p_loss 0.0595, utilization 0.4600, perplexity 19547.9389,
Train Epoch: [29/30] Iters:[1140/1875] loss 0.1169, rec_loss 0.0019, p_loss 0.0600, utilization 0.4606, perplexity 19613.6534,
Train Epoch: [29/30] Iters:[1150/1875] loss 0.1172, rec_loss 0.0020, p_loss 0.0605, utilization 0.4602, perplexity 19566.8528,
Train Epoch: [29/30] Iters:[1160/1875] loss 0.1175, rec_loss 0.0019, p_loss 0.0606, utilization 0.4603, perplexity 19540.6546,
Train Epoch: [29/30] Iters:[1170/1875] loss 0.1182, rec_loss 0.0020, p_loss 0.0610, utilization 0.4610, perplexity 19588.8866,
Train Epoch: [29/30] Iters:[1180/1875] loss 0.1183, rec_loss 0.0019, p_loss 0.0608, utilization 0.4624, perplexity 19668.0077,
Train Epoch: [29/30] Iters:[1190/1875] loss 0.1183, rec_loss 0.0019, p_loss 0.0608, utilization 0.4612, perplexity 19479.7196,
Train Epoch: [29/30] Iters:[1200/1875] loss 0.1185, rec_loss 0.0019, p_loss 0.0606, utilization 0.4615, perplexity 19440.8871,
Train Epoch: [29/30] Iters:[1210/1875] loss 0.1184, rec_loss 0.0020, p_loss 0.0605, utilization 0.4621, perplexity 19523.7724,
Train Epoch: [29/30] Iters:[1220/1875] loss 0.1177, rec_loss 0.0019, p_loss 0.0601, utilization 0.4629, perplexity 19659.0950,
Train Epoch: [29/30] Iters:[1230/1875] loss 0.1178, rec_loss 0.0019, p_loss 0.0602, utilization 0.4635, perplexity 19800.8678,
Train Epoch: [29/30] Iters:[1240/1875] loss 0.1171, rec_loss 0.0019, p_loss 0.0597, utilization 0.4631, perplexity 19755.2139,
Train Epoch: [29/30] Iters:[1250/1875] loss 0.1164, rec_loss 0.0019, p_loss 0.0596, utilization 0.4627, perplexity 19790.3711,
Train Epoch: [29/30] Iters:[1260/1875] loss 0.1168, rec_loss 0.0019, p_loss 0.0599, utilization 0.4627, perplexity 19786.2990,
Train Epoch: [29/30] Iters:[1270/1875] loss 0.1171, rec_loss 0.0020, p_loss 0.0602, utilization 0.4612, perplexity 19570.8402,
Train Epoch: [29/30] Iters:[1280/1875] loss 0.1168, rec_loss 0.0020, p_loss 0.0602, utilization 0.4606, perplexity 19509.5499,
Train Epoch: [29/30] Iters:[1290/1875] loss 0.1164, rec_loss 0.0020, p_loss 0.0600, utilization 0.4604, perplexity 19504.8342,
Train Epoch: [29/30] Iters:[1300/1875] loss 0.1164, rec_loss 0.0020, p_loss 0.0601, utilization 0.4595, perplexity 19339.8338,
Train Epoch: [29/30] Iters:[1310/1875] loss 0.1163, rec_loss 0.0020, p_loss 0.0599, utilization 0.4591, perplexity 19393.2309,
Train Epoch: [29/30] Iters:[1320/1875] loss 0.1161, rec_loss 0.0020, p_loss 0.0596, utilization 0.4608, perplexity 19517.0304,
Train Epoch: [29/30] Iters:[1330/1875] loss 0.1161, rec_loss 0.0020, p_loss 0.0599, utilization 0.4587, perplexity 19250.6630,
Train Epoch: [29/30] Iters:[1340/1875] loss 0.1171, rec_loss 0.0020, p_loss 0.0602, utilization 0.4593, perplexity 19188.5654,
Train Epoch: [29/30] Iters:[1350/1875] loss 0.1181, rec_loss 0.0020, p_loss 0.0605, utilization 0.4617, perplexity 19529.0958,
Train Epoch: [29/30] Iters:[1360/1875] loss 0.1179, rec_loss 0.0019, p_loss 0.0604, utilization 0.4617, perplexity 19299.8659,
Train Epoch: [29/30] Iters:[1370/1875] loss 0.1177, rec_loss 0.0020, p_loss 0.0603, utilization 0.4606, perplexity 19242.6971,
Train Epoch: [29/30] Iters:[1380/1875] loss 0.1171, rec_loss 0.0019, p_loss 0.0598, utilization 0.4627, perplexity 19412.5588,
Train Epoch: [29/30] Iters:[1390/1875] loss 0.1165, rec_loss 0.0019, p_loss 0.0596, utilization 0.4620, perplexity 19447.5707,
Train Epoch: [29/30] Iters:[1400/1875] loss 0.1152, rec_loss 0.0018, p_loss 0.0588, utilization 0.4607, perplexity 19330.7196,
Train Epoch: [29/30] Iters:[1410/1875] loss 0.1161, rec_loss 0.0019, p_loss 0.0594, utilization 0.4609, perplexity 19463.2763,
Train Epoch: [29/30] Iters:[1420/1875] loss 0.1175, rec_loss 0.0019, p_loss 0.0600, utilization 0.4625, perplexity 19771.6914,
Train Epoch: [29/30] Iters:[1430/1875] loss 0.1182, rec_loss 0.0019, p_loss 0.0606, utilization 0.4619, perplexity 19701.9469,
Train Epoch: [29/30] Iters:[1440/1875] loss 0.1185, rec_loss 0.0019, p_loss 0.0606, utilization 0.4632, perplexity 19857.6742,
Train Epoch: [29/30] Iters:[1450/1875] loss 0.1185, rec_loss 0.0020, p_loss 0.0606, utilization 0.4632, perplexity 19745.2396,
Train Epoch: [29/30] Iters:[1460/1875] loss 0.1179, rec_loss 0.0019, p_loss 0.0603, utilization 0.4641, perplexity 19962.2547,
Train Epoch: [29/30] Iters:[1470/1875] loss 0.1170, rec_loss 0.0019, p_loss 0.0601, utilization 0.4634, perplexity 19771.5505,
Train Epoch: [29/30] Iters:[1480/1875] loss 0.1166, rec_loss 0.0019, p_loss 0.0597, utilization 0.4634, perplexity 19867.8861,
Train Epoch: [29/30] Iters:[1490/1875] loss 0.1170, rec_loss 0.0019, p_loss 0.0599, utilization 0.4632, perplexity 19915.8624,
Train Epoch: [29/30] Iters:[1500/1875] loss 0.1171, rec_loss 0.0019, p_loss 0.0600, utilization 0.4629, perplexity 19929.8335,
Train Epoch: [29/30] Iters:[1510/1875] loss 0.1167, rec_loss 0.0020, p_loss 0.0598, utilization 0.4606, perplexity 19667.1155,
Train Epoch: [29/30] Iters:[1520/1875] loss 0.1171, rec_loss 0.0020, p_loss 0.0596, utilization 0.4618, perplexity 19900.1724,
Train Epoch: [29/30] Iters:[1530/1875] loss 0.1173, rec_loss 0.0019, p_loss 0.0597, utilization 0.4629, perplexity 19939.4443,
Train Epoch: [29/30] Iters:[1540/1875] loss 0.1181, rec_loss 0.0020, p_loss 0.0603, utilization 0.4633, perplexity 19822.8076,
Train Epoch: [29/30] Iters:[1550/1875] loss 0.1185, rec_loss 0.0020, p_loss 0.0605, utilization 0.4645, perplexity 19925.8338,
Train Epoch: [29/30] Iters:[1560/1875] loss 0.1191, rec_loss 0.0020, p_loss 0.0609, utilization 0.4664, perplexity 20105.4238,
Train Epoch: [29/30] Iters:[1570/1875] loss 0.1195, rec_loss 0.0020, p_loss 0.0613, utilization 0.4644, perplexity 19817.6396,
Train Epoch: [29/30] Iters:[1580/1875] loss 0.1196, rec_loss 0.0021, p_loss 0.0615, utilization 0.4643, perplexity 19860.9845,
Train Epoch: [29/30] Iters:[1590/1875] loss 0.1185, rec_loss 0.0020, p_loss 0.0608, utilization 0.4639, perplexity 20007.9899,
Train Epoch: [29/30] Iters:[1600/1875] loss 0.1174, rec_loss 0.0020, p_loss 0.0603, utilization 0.4614, perplexity 19753.8940,
Train Epoch: [29/30] Iters:[1610/1875] loss 0.1163, rec_loss 0.0019, p_loss 0.0594, utilization 0.4603, perplexity 19637.6148,
Train Epoch: [29/30] Iters:[1620/1875] loss 0.1145, rec_loss 0.0018, p_loss 0.0583, utilization 0.4617, perplexity 19752.8554,
Train Epoch: [29/30] Iters:[1630/1875] loss 0.1147, rec_loss 0.0018, p_loss 0.0585, utilization 0.4604, perplexity 19633.6470,
Train Epoch: [29/30] Iters:[1640/1875] loss 0.1152, rec_loss 0.0019, p_loss 0.0587, utilization 0.4619, perplexity 19644.7365,
Train Epoch: [29/30] Iters:[1650/1875] loss 0.1171, rec_loss 0.0019, p_loss 0.0599, utilization 0.4642, perplexity 19846.8127,
Train Epoch: [29/30] Iters:[1660/1875] loss 0.1182, rec_loss 0.0020, p_loss 0.0608, utilization 0.4642, perplexity 19827.7798,
Train Epoch: [29/30] Iters:[1670/1875] loss 0.1192, rec_loss 0.0020, p_loss 0.0616, utilization 0.4632, perplexity 19748.8057,
Train Epoch: [29/30] Iters:[1680/1875] loss 0.1187, rec_loss 0.0020, p_loss 0.0611, utilization 0.4626, perplexity 19729.7432,
Train Epoch: [29/30] Iters:[1690/1875] loss 0.1183, rec_loss 0.0020, p_loss 0.0609, utilization 0.4611, perplexity 19594.5345,
Train Epoch: [29/30] Iters:[1700/1875] loss 0.1169, rec_loss 0.0019, p_loss 0.0600, utilization 0.4602, perplexity 19567.0096,
Train Epoch: [29/30] Iters:[1710/1875] loss 0.1163, rec_loss 0.0019, p_loss 0.0595, utilization 0.4592, perplexity 19533.8655,
Train Epoch: [29/30] Iters:[1720/1875] loss 0.1164, rec_loss 0.0019, p_loss 0.0593, utilization 0.4609, perplexity 19746.7255,
Train Epoch: [29/30] Iters:[1730/1875] loss 0.1155, rec_loss 0.0019, p_loss 0.0588, utilization 0.4612, perplexity 19767.2872,
Train Epoch: [29/30] Iters:[1740/1875] loss 0.1154, rec_loss 0.0019, p_loss 0.0587, utilization 0.4619, perplexity 19838.1253,
Train Epoch: [29/30] Iters:[1750/1875] loss 0.1161, rec_loss 0.0019, p_loss 0.0593, utilization 0.4624, perplexity 19737.3421,
Train Epoch: [29/30] Iters:[1760/1875] loss 0.1162, rec_loss 0.0020, p_loss 0.0594, utilization 0.4635, perplexity 19768.3416,
Train Epoch: [29/30] Iters:[1770/1875] loss 0.1164, rec_loss 0.0020, p_loss 0.0595, utilization 0.4624, perplexity 19675.7221,
Train Epoch: [29/30] Iters:[1780/1875] loss 0.1187, rec_loss 0.0020, p_loss 0.0610, utilization 0.4641, perplexity 19726.4845,
Train Epoch: [29/30] Iters:[1790/1875] loss 0.1189, rec_loss 0.0020, p_loss 0.0612, utilization 0.4634, perplexity 19625.0579,
Train Epoch: [29/30] Iters:[1800/1875] loss 0.1182, rec_loss 0.0019, p_loss 0.0607, utilization 0.4630, perplexity 19667.8027,
Train Epoch: [29/30] Iters:[1810/1875] loss 0.1181, rec_loss 0.0019, p_loss 0.0608, utilization 0.4629, perplexity 19639.8951,
Train Epoch: [29/30] Iters:[1820/1875] loss 0.1173, rec_loss 0.0019, p_loss 0.0605, utilization 0.4616, perplexity 19508.7246,
Train Epoch: [29/30] Iters:[1830/1875] loss 0.1158, rec_loss 0.0019, p_loss 0.0594, utilization 0.4605, perplexity 19502.4578,
Train Epoch: [29/30] Iters:[1840/1875] loss 0.1156, rec_loss 0.0019, p_loss 0.0592, utilization 0.4605, perplexity 19594.8457,
Train Epoch: [29/30] Iters:[1850/1875] loss 0.1152, rec_loss 0.0019, p_loss 0.0588, utilization 0.4606, perplexity 19616.0589,
Train Epoch: [29/30] Iters:[1860/1875] loss 0.1149, rec_loss 0.0018, p_loss 0.0585, utilization 0.4608, perplexity 19688.4480,
Train Epoch: [29/30] Iters:[1870/1875] loss 0.1157, rec_loss 0.0019, p_loss 0.0590, utilization 0.4630, perplexity 19825.5981,
epoch:30, cur_lr:0.000013
Train Epoch: [30/30] Iters:[10/1875] loss 0.1164, rec_loss 0.0020, p_loss 0.0590, utilization 0.4604, perplexity 19500.3799,
Train Epoch: [30/30] Iters:[20/1875] loss 0.1174, rec_loss 0.0020, p_loss 0.0598, utilization 0.4596, perplexity 19558.2934,
Train Epoch: [30/30] Iters:[30/1875] loss 0.1176, rec_loss 0.0020, p_loss 0.0600, utilization 0.4615, perplexity 19823.6790,
Train Epoch: [30/30] Iters:[40/1875] loss 0.1180, rec_loss 0.0021, p_loss 0.0604, utilization 0.4621, perplexity 19857.4019,
Train Epoch: [30/30] Iters:[50/1875] loss 0.1180, rec_loss 0.0020, p_loss 0.0605, utilization 0.4625, perplexity 19841.2400,
Train Epoch: [30/30] Iters:[60/1875] loss 0.1184, rec_loss 0.0020, p_loss 0.0607, utilization 0.4639, perplexity 19967.7713,
Train Epoch: [30/30] Iters:[70/1875] loss 0.1172, rec_loss 0.0020, p_loss 0.0599, utilization 0.4629, perplexity 19743.9696,
Train Epoch: [30/30] Iters:[80/1875] loss 0.1173, rec_loss 0.0020, p_loss 0.0599, utilization 0.4644, perplexity 19838.8421,
Train Epoch: [30/30] Iters:[90/1875] loss 0.1173, rec_loss 0.0020, p_loss 0.0599, utilization 0.4633, perplexity 19776.5790,
Train Epoch: [30/30] Iters:[100/1875] loss 0.1175, rec_loss 0.0020, p_loss 0.0599, utilization 0.4637, perplexity 19783.8312,
Train Epoch: [30/30] Iters:[110/1875] loss 0.1169, rec_loss 0.0020, p_loss 0.0597, utilization 0.4614, perplexity 19630.8142,
Train Epoch: [30/30] Iters:[120/1875] loss 0.1179, rec_loss 0.0020, p_loss 0.0604, utilization 0.4634, perplexity 19938.5729,
Train Epoch: [30/30] Iters:[130/1875] loss 0.1186, rec_loss 0.0020, p_loss 0.0608, utilization 0.4616, perplexity 19846.6452,
Train Epoch: [30/30] Iters:[140/1875] loss 0.1178, rec_loss 0.0020, p_loss 0.0602, utilization 0.4616, perplexity 19758.1911,
Train Epoch: [30/30] Iters:[150/1875] loss 0.1172, rec_loss 0.0020, p_loss 0.0598, utilization 0.4608, perplexity 19732.0153,
Train Epoch: [30/30] Iters:[160/1875] loss 0.1169, rec_loss 0.0019, p_loss 0.0597, utilization 0.4622, perplexity 19853.6273,
Train Epoch: [30/30] Iters:[170/1875] loss 0.1170, rec_loss 0.0019, p_loss 0.0599, utilization 0.4626, perplexity 19833.4938,
Train Epoch: [30/30] Iters:[180/1875] loss 0.1157, rec_loss 0.0018, p_loss 0.0594, utilization 0.4619, perplexity 19721.5113,
Train Epoch: [30/30] Iters:[190/1875] loss 0.1161, rec_loss 0.0018, p_loss 0.0599, utilization 0.4622, perplexity 19818.4828,
Train Epoch: [30/30] Iters:[200/1875] loss 0.1163, rec_loss 0.0018, p_loss 0.0600, utilization 0.4632, perplexity 19961.1943,
Train Epoch: [30/30] Iters:[210/1875] loss 0.1176, rec_loss 0.0019, p_loss 0.0606, utilization 0.4639, perplexity 20059.2167,
Train Epoch: [30/30] Iters:[220/1875] loss 0.1166, rec_loss 0.0019, p_loss 0.0599, utilization 0.4625, perplexity 19924.0307,
Train Epoch: [30/30] Iters:[230/1875] loss 0.1166, rec_loss 0.0019, p_loss 0.0598, utilization 0.4613, perplexity 19714.2859,
Train Epoch: [30/30] Iters:[240/1875] loss 0.1173, rec_loss 0.0019, p_loss 0.0602, utilization 0.4615, perplexity 19675.5939,
Train Epoch: [30/30] Iters:[250/1875] loss 0.1174, rec_loss 0.0019, p_loss 0.0602, utilization 0.4608, perplexity 19572.4402,
Train Epoch: [30/30] Iters:[260/1875] loss 0.1163, rec_loss 0.0019, p_loss 0.0596, utilization 0.4598, perplexity 19394.8183,
Train Epoch: [30/30] Iters:[270/1875] loss 0.1163, rec_loss 0.0019, p_loss 0.0596, utilization 0.4597, perplexity 19344.6796,
Train Epoch: [30/30] Iters:[280/1875] loss 0.1168, rec_loss 0.0019, p_loss 0.0598, utilization 0.4619, perplexity 19646.2064,
Train Epoch: [30/30] Iters:[290/1875] loss 0.1157, rec_loss 0.0018, p_loss 0.0591, utilization 0.4624, perplexity 19687.7454,
Train Epoch: [30/30] Iters:[300/1875] loss 0.1166, rec_loss 0.0019, p_loss 0.0594, utilization 0.4633, perplexity 19775.5465,
Train Epoch: [30/30] Iters:[310/1875] loss 0.1168, rec_loss 0.0019, p_loss 0.0595, utilization 0.4642, perplexity 19886.2989,
Train Epoch: [30/30] Iters:[320/1875] loss 0.1184, rec_loss 0.0020, p_loss 0.0604, utilization 0.4663, perplexity 20117.0328,
Train Epoch: [30/30] Iters:[330/1875] loss 0.1188, rec_loss 0.0020, p_loss 0.0608, utilization 0.4654, perplexity 19908.2230,
Train Epoch: [30/30] Iters:[340/1875] loss 0.1193, rec_loss 0.0021, p_loss 0.0611, utilization 0.4651, perplexity 19863.6295,
Train Epoch: [30/30] Iters:[350/1875] loss 0.1178, rec_loss 0.0019, p_loss 0.0604, utilization 0.4628, perplexity 19589.4116,
Train Epoch: [30/30] Iters:[360/1875] loss 0.1178, rec_loss 0.0019, p_loss 0.0606, utilization 0.4604, perplexity 19273.1424,
Train Epoch: [30/30] Iters:[370/1875] loss 0.1179, rec_loss 0.0020, p_loss 0.0607, utilization 0.4602, perplexity 19160.5277,
Train Epoch: [30/30] Iters:[380/1875] loss 0.1170, rec_loss 0.0019, p_loss 0.0602, utilization 0.4592, perplexity 19036.3298,
Train Epoch: [30/30] Iters:[390/1875] loss 0.1170, rec_loss 0.0020, p_loss 0.0601, utilization 0.4591, perplexity 19112.4750,
Train Epoch: [30/30] Iters:[400/1875] loss 0.1173, rec_loss 0.0019, p_loss 0.0603, utilization 0.4614, perplexity 19380.8819,
Train Epoch: [30/30] Iters:[410/1875] loss 0.1172, rec_loss 0.0019, p_loss 0.0602, utilization 0.4635, perplexity 19741.0009,
Train Epoch: [30/30] Iters:[420/1875] loss 0.1162, rec_loss 0.0019, p_loss 0.0595, utilization 0.4616, perplexity 19731.0118,
Train Epoch: [30/30] Iters:[430/1875] loss 0.1159, rec_loss 0.0019, p_loss 0.0591, utilization 0.4620, perplexity 19863.3158,
Train Epoch: [30/30] Iters:[440/1875] loss 0.1156, rec_loss 0.0018, p_loss 0.0590, utilization 0.4622, perplexity 19771.0102,
Train Epoch: [30/30] Iters:[450/1875] loss 0.1168, rec_loss 0.0019, p_loss 0.0599, utilization 0.4618, perplexity 19657.0030,
Train Epoch: [30/30] Iters:[460/1875] loss 0.1169, rec_loss 0.0019, p_loss 0.0599, utilization 0.4605, perplexity 19441.2684,
Train Epoch: [30/30] Iters:[470/1875] loss 0.1173, rec_loss 0.0019, p_loss 0.0602, utilization 0.4604, perplexity 19379.0696,
Train Epoch: [30/30] Iters:[480/1875] loss 0.1181, rec_loss 0.0020, p_loss 0.0607, utilization 0.4623, perplexity 19634.1958,
Train Epoch: [30/30] Iters:[490/1875] loss 0.1182, rec_loss 0.0020, p_loss 0.0606, utilization 0.4622, perplexity 19693.7340,
Train Epoch: [30/30] Iters:[500/1875] loss 0.1178, rec_loss 0.0020, p_loss 0.0603, utilization 0.4609, perplexity 19658.1494,
Train Epoch: [30/30] Iters:[510/1875] loss 0.1176, rec_loss 0.0020, p_loss 0.0602, utilization 0.4611, perplexity 19711.2181,
Train Epoch: [30/30] Iters:[520/1875] loss 0.1170, rec_loss 0.0020, p_loss 0.0597, utilization 0.4625, perplexity 19862.0113,
Train Epoch: [30/30] Iters:[530/1875] loss 0.1168, rec_loss 0.0020, p_loss 0.0594, utilization 0.4611, perplexity 19696.3336,
Train Epoch: [30/30] Iters:[540/1875] loss 0.1174, rec_loss 0.0019, p_loss 0.0599, utilization 0.4606, perplexity 19673.3552,
Train Epoch: [30/30] Iters:[550/1875] loss 0.1166, rec_loss 0.0019, p_loss 0.0594, utilization 0.4610, perplexity 19767.8691,
Train Epoch: [30/30] Iters:[560/1875] loss 0.1171, rec_loss 0.0019, p_loss 0.0596, utilization 0.4625, perplexity 19923.9873,
Train Epoch: [30/30] Iters:[570/1875] loss 0.1171, rec_loss 0.0019, p_loss 0.0598, utilization 0.4606, perplexity 19690.3761,
Train Epoch: [30/30] Iters:[580/1875] loss 0.1167, rec_loss 0.0018, p_loss 0.0597, utilization 0.4620, perplexity 19835.8885,
Train Epoch: [30/30] Iters:[590/1875] loss 0.1173, rec_loss 0.0019, p_loss 0.0601, utilization 0.4640, perplexity 20113.4833,
Train Epoch: [30/30] Iters:[600/1875] loss 0.1172, rec_loss 0.0018, p_loss 0.0601, utilization 0.4630, perplexity 19917.3361,
Train Epoch: [30/30] Iters:[610/1875] loss 0.1168, rec_loss 0.0018, p_loss 0.0598, utilization 0.4608, perplexity 19635.7169,
Train Epoch: [30/30] Iters:[620/1875] loss 0.1171, rec_loss 0.0019, p_loss 0.0601, utilization 0.4628, perplexity 19890.7071,
Train Epoch: [30/30] Iters:[630/1875] loss 0.1169, rec_loss 0.0019, p_loss 0.0600, utilization 0.4612, perplexity 19742.3407,
Train Epoch: [30/30] Iters:[640/1875] loss 0.1159, rec_loss 0.0018, p_loss 0.0593, utilization 0.4613, perplexity 19589.7831,
Train Epoch: [30/30] Iters:[650/1875] loss 0.1163, rec_loss 0.0019, p_loss 0.0594, utilization 0.4626, perplexity 19803.3362,
Train Epoch: [30/30] Iters:[660/1875] loss 0.1171, rec_loss 0.0019, p_loss 0.0600, utilization 0.4642, perplexity 19956.6410,
Train Epoch: [30/30] Iters:[670/1875] loss 0.1166, rec_loss 0.0019, p_loss 0.0596, utilization 0.4632, perplexity 19880.8399,
Train Epoch: [30/30] Iters:[680/1875] loss 0.1176, rec_loss 0.0019, p_loss 0.0602, utilization 0.4632, perplexity 19836.4923,
Train Epoch: [30/30] Iters:[690/1875] loss 0.1180, rec_loss 0.0020, p_loss 0.0605, utilization 0.4621, perplexity 19699.5102,
Train Epoch: [30/30] Iters:[700/1875] loss 0.1184, rec_loss 0.0020, p_loss 0.0607, utilization 0.4621, perplexity 19627.0167,
Train Epoch: [30/30] Iters:[710/1875] loss 0.1180, rec_loss 0.0020, p_loss 0.0604, utilization 0.4611, perplexity 19557.5419,
Train Epoch: [30/30] Iters:[720/1875] loss 0.1184, rec_loss 0.0020, p_loss 0.0607, utilization 0.4600, perplexity 19304.0937,
Train Epoch: [30/30] Iters:[730/1875] loss 0.1185, rec_loss 0.0020, p_loss 0.0607, utilization 0.4617, perplexity 19462.4060,
Train Epoch: [30/30] Iters:[740/1875] loss 0.1181, rec_loss 0.0019, p_loss 0.0604, utilization 0.4616, perplexity 19601.7549,
Train Epoch: [30/30] Iters:[750/1875] loss 0.1179, rec_loss 0.0019, p_loss 0.0603, utilization 0.4613, perplexity 19560.0058,
Train Epoch: [30/30] Iters:[760/1875] loss 0.1176, rec_loss 0.0019, p_loss 0.0602, utilization 0.4609, perplexity 19484.6513,
Train Epoch: [30/30] Iters:[770/1875] loss 0.1166, rec_loss 0.0018, p_loss 0.0597, utilization 0.4614, perplexity 19670.8929,
Train Epoch: [30/30] Iters:[780/1875] loss 0.1165, rec_loss 0.0019, p_loss 0.0597, utilization 0.4605, perplexity 19568.1065,
Train Epoch: [30/30] Iters:[790/1875] loss 0.1167, rec_loss 0.0019, p_loss 0.0596, utilization 0.4607, perplexity 19569.4263,
Train Epoch: [30/30] Iters:[800/1875] loss 0.1162, rec_loss 0.0019, p_loss 0.0593, utilization 0.4604, perplexity 19608.9270,
Train Epoch: [30/30] Iters:[810/1875] loss 0.1168, rec_loss 0.0019, p_loss 0.0596, utilization 0.4609, perplexity 19685.3832,
Train Epoch: [30/30] Iters:[820/1875] loss 0.1188, rec_loss 0.0020, p_loss 0.0605, utilization 0.4628, perplexity 19909.4782,
Train Epoch: [30/30] Iters:[830/1875] loss 0.1184, rec_loss 0.0019, p_loss 0.0604, utilization 0.4633, perplexity 19951.0578,
Train Epoch: [30/30] Iters:[840/1875] loss 0.1181, rec_loss 0.0019, p_loss 0.0605, utilization 0.4629, perplexity 19826.2653,
Train Epoch: [30/30] Iters:[850/1875] loss 0.1188, rec_loss 0.0019, p_loss 0.0608, utilization 0.4642, perplexity 20004.3898,
Train Epoch: [30/30] Iters:[860/1875] loss 0.1184, rec_loss 0.0020, p_loss 0.0605, utilization 0.4645, perplexity 19971.3329,
Train Epoch: [30/30] Iters:[870/1875] loss 0.1171, rec_loss 0.0020, p_loss 0.0599, utilization 0.4639, perplexity 19963.7821,
Train Epoch: [30/30] Iters:[880/1875] loss 0.1168, rec_loss 0.0019, p_loss 0.0596, utilization 0.4625, perplexity 19841.1680,
Train Epoch: [30/30] Iters:[890/1875] loss 0.1163, rec_loss 0.0019, p_loss 0.0591, utilization 0.4619, perplexity 19815.9177,
Train Epoch: [30/30] Iters:[900/1875] loss 0.1159, rec_loss 0.0019, p_loss 0.0591, utilization 0.4614, perplexity 19696.7000,
Train Epoch: [30/30] Iters:[910/1875] loss 0.1160, rec_loss 0.0019, p_loss 0.0592, utilization 0.4614, perplexity 19853.8446,
Train Epoch: [30/30] Iters:[920/1875] loss 0.1159, rec_loss 0.0019, p_loss 0.0591, utilization 0.4608, perplexity 19649.8779,
Train Epoch: [30/30] Iters:[930/1875] loss 0.1161, rec_loss 0.0019, p_loss 0.0592, utilization 0.4614, perplexity 19714.4857,
Train Epoch: [30/30] Iters:[940/1875] loss 0.1160, rec_loss 0.0019, p_loss 0.0594, utilization 0.4613, perplexity 19675.9673,
Train Epoch: [30/30] Iters:[950/1875] loss 0.1168, rec_loss 0.0019, p_loss 0.0601, utilization 0.4615, perplexity 19634.6606,
Train Epoch: [30/30] Iters:[960/1875] loss 0.1173, rec_loss 0.0019, p_loss 0.0603, utilization 0.4623, perplexity 19543.0107,
Train Epoch: [30/30] Iters:[970/1875] loss 0.1179, rec_loss 0.0019, p_loss 0.0606, utilization 0.4627, perplexity 19604.0182,
Train Epoch: [30/30] Iters:[980/1875] loss 0.1182, rec_loss 0.0020, p_loss 0.0606, utilization 0.4626, perplexity 19591.8705,
Train Epoch: [30/30] Iters:[990/1875] loss 0.1177, rec_loss 0.0020, p_loss 0.0602, utilization 0.4613, perplexity 19365.5130,
Train Epoch: [30/30] Iters:[1000/1875] loss 0.1167, rec_loss 0.0019, p_loss 0.0594, utilization 0.4610, perplexity 19401.4349,
Train Epoch: [30/30] Iters:[1010/1875] loss 0.1164, rec_loss 0.0019, p_loss 0.0593, utilization 0.4600, perplexity 19387.9745,
Train Epoch: [30/30] Iters:[1020/1875] loss 0.1163, rec_loss 0.0019, p_loss 0.0593, utilization 0.4604, perplexity 19413.6845,
Train Epoch: [30/30] Iters:[1030/1875] loss 0.1165, rec_loss 0.0019, p_loss 0.0595, utilization 0.4612, perplexity 19574.9988,
Train Epoch: [30/30] Iters:[1040/1875] loss 0.1173, rec_loss 0.0019, p_loss 0.0601, utilization 0.4640, perplexity 19995.0913,
Train Epoch: [30/30] Iters:[1050/1875] loss 0.1166, rec_loss 0.0019, p_loss 0.0597, utilization 0.4631, perplexity 19924.9162,
Train Epoch: [30/30] Iters:[1060/1875] loss 0.1177, rec_loss 0.0019, p_loss 0.0606, utilization 0.4646, perplexity 20054.2308,
Train Epoch: [30/30] Iters:[1070/1875] loss 0.1167, rec_loss 0.0019, p_loss 0.0601, utilization 0.4634, perplexity 20033.6656,
Train Epoch: [30/30] Iters:[1080/1875] loss 0.1158, rec_loss 0.0018, p_loss 0.0596, utilization 0.4618, perplexity 19795.0918,
Train Epoch: [30/30] Iters:[1090/1875] loss 0.1164, rec_loss 0.0018, p_loss 0.0598, utilization 0.4616, perplexity 19724.4407,
Train Epoch: [30/30] Iters:[1100/1875] loss 0.1168, rec_loss 0.0019, p_loss 0.0601, utilization 0.4614, perplexity 19645.4582,
Train Epoch: [30/30] Iters:[1110/1875] loss 0.1162, rec_loss 0.0019, p_loss 0.0597, utilization 0.4605, perplexity 19627.1729,
Train Epoch: [30/30] Iters:[1120/1875] loss 0.1174, rec_loss 0.0019, p_loss 0.0603, utilization 0.4617, perplexity 19596.8008,
Train Epoch: [30/30] Iters:[1130/1875] loss 0.1181, rec_loss 0.0020, p_loss 0.0608, utilization 0.4625, perplexity 19629.4250,
Train Epoch: [30/30] Iters:[1140/1875] loss 0.1175, rec_loss 0.0019, p_loss 0.0603, utilization 0.4621, perplexity 19647.2298,
Train Epoch: [30/30] Iters:[1150/1875] loss 0.1176, rec_loss 0.0019, p_loss 0.0603, utilization 0.4637, perplexity 19883.8824,
Train Epoch: [30/30] Iters:[1160/1875] loss 0.1168, rec_loss 0.0019, p_loss 0.0597, utilization 0.4624, perplexity 19619.7566,
Train Epoch: [30/30] Iters:[1170/1875] loss 0.1176, rec_loss 0.0019, p_loss 0.0602, utilization 0.4632, perplexity 19761.3618,
Train Epoch: [30/30] Iters:[1180/1875] loss 0.1175, rec_loss 0.0020, p_loss 0.0600, utilization 0.4624, perplexity 19768.3618,
Train Epoch: [30/30] Iters:[1190/1875] loss 0.1174, rec_loss 0.0020, p_loss 0.0601, utilization 0.4618, perplexity 19608.3035,
Train Epoch: [30/30] Iters:[1200/1875] loss 0.1173, rec_loss 0.0020, p_loss 0.0600, utilization 0.4602, perplexity 19429.0702,
Train Epoch: [30/30] Iters:[1210/1875] loss 0.1159, rec_loss 0.0019, p_loss 0.0593, utilization 0.4594, perplexity 19463.3204,
Train Epoch: [30/30] Iters:[1220/1875] loss 0.1147, rec_loss 0.0019, p_loss 0.0586, utilization 0.4586, perplexity 19399.1230,
Train Epoch: [30/30] Iters:[1230/1875] loss 0.1136, rec_loss 0.0018, p_loss 0.0580, utilization 0.4584, perplexity 19449.5504,
Train Epoch: [30/30] Iters:[1240/1875] loss 0.1140, rec_loss 0.0018, p_loss 0.0581, utilization 0.4580, perplexity 19535.6996,
Train Epoch: [30/30] Iters:[1250/1875] loss 0.1157, rec_loss 0.0019, p_loss 0.0591, utilization 0.4608, perplexity 19804.9035,
Train Epoch: [30/30] Iters:[1260/1875] loss 0.1177, rec_loss 0.0019, p_loss 0.0603, utilization 0.4633, perplexity 20142.1521,
Train Epoch: [30/30] Iters:[1270/1875] loss 0.1172, rec_loss 0.0019, p_loss 0.0598, utilization 0.4622, perplexity 20065.0715,
Train Epoch: [30/30] Iters:[1280/1875] loss 0.1177, rec_loss 0.0019, p_loss 0.0602, utilization 0.4629, perplexity 19987.6172,
Train Epoch: [30/30] Iters:[1290/1875] loss 0.1180, rec_loss 0.0020, p_loss 0.0602, utilization 0.4633, perplexity 19908.4506,
Train Epoch: [30/30] Iters:[1300/1875] loss 0.1168, rec_loss 0.0019, p_loss 0.0595, utilization 0.4623, perplexity 19782.9671,
Train Epoch: [30/30] Iters:[1310/1875] loss 0.1172, rec_loss 0.0019, p_loss 0.0596, utilization 0.4624, perplexity 19715.3130,
Train Epoch: [30/30] Iters:[1320/1875] loss 0.1175, rec_loss 0.0020, p_loss 0.0599, utilization 0.4646, perplexity 19940.1679,
Train Epoch: [30/30] Iters:[1330/1875] loss 0.1175, rec_loss 0.0020, p_loss 0.0601, utilization 0.4642, perplexity 19897.8693,
Train Epoch: [30/30] Iters:[1340/1875] loss 0.1172, rec_loss 0.0019, p_loss 0.0601, utilization 0.4634, perplexity 19864.0001,
Train Epoch: [30/30] Iters:[1350/1875] loss 0.1172, rec_loss 0.0019, p_loss 0.0603, utilization 0.4618, perplexity 19771.2076,
Train Epoch: [30/30] Iters:[1360/1875] loss 0.1173, rec_loss 0.0019, p_loss 0.0604, utilization 0.4614, perplexity 19813.3060,
Train Epoch: [30/30] Iters:[1370/1875] loss 0.1170, rec_loss 0.0019, p_loss 0.0602, utilization 0.4602, perplexity 19650.3829,
Train Epoch: [30/30] Iters:[1380/1875] loss 0.1185, rec_loss 0.0020, p_loss 0.0608, utilization 0.4616, perplexity 19756.4814,
Train Epoch: [30/30] Iters:[1390/1875] loss 0.1195, rec_loss 0.0020, p_loss 0.0613, utilization 0.4632, perplexity 19933.3080,
Train Epoch: [30/30] Iters:[1400/1875] loss 0.1188, rec_loss 0.0020, p_loss 0.0609, utilization 0.4622, perplexity 19765.0999,
Train Epoch: [30/30] Iters:[1410/1875] loss 0.1177, rec_loss 0.0020, p_loss 0.0601, utilization 0.4623, perplexity 19792.2932,
Train Epoch: [30/30] Iters:[1420/1875] loss 0.1188, rec_loss 0.0020, p_loss 0.0609, utilization 0.4634, perplexity 19815.7421,
Train Epoch: [30/30] Iters:[1430/1875] loss 0.1176, rec_loss 0.0020, p_loss 0.0603, utilization 0.4614, perplexity 19649.4642,
Train Epoch: [30/30] Iters:[1440/1875] loss 0.1158, rec_loss 0.0019, p_loss 0.0592, utilization 0.4610, perplexity 19574.3343,
Train Epoch: [30/30] Iters:[1450/1875] loss 0.1166, rec_loss 0.0019, p_loss 0.0595, utilization 0.4614, perplexity 19597.5150,
Train Epoch: [30/30] Iters:[1460/1875] loss 0.1181, rec_loss 0.0020, p_loss 0.0604, utilization 0.4627, perplexity 19593.3551,
Train Epoch: [30/30] Iters:[1470/1875] loss 0.1166, rec_loss 0.0019, p_loss 0.0596, utilization 0.4613, perplexity 19546.0102,
Train Epoch: [30/30] Iters:[1480/1875] loss 0.1162, rec_loss 0.0019, p_loss 0.0593, utilization 0.4614, perplexity 19593.4006,
Train Epoch: [30/30] Iters:[1490/1875] loss 0.1161, rec_loss 0.0019, p_loss 0.0594, utilization 0.4619, perplexity 19720.2116,
Train Epoch: [30/30] Iters:[1500/1875] loss 0.1157, rec_loss 0.0019, p_loss 0.0592, utilization 0.4625, perplexity 19817.0629,
Train Epoch: [30/30] Iters:[1510/1875] loss 0.1141, rec_loss 0.0018, p_loss 0.0583, utilization 0.4616, perplexity 19713.7382,
Train Epoch: [30/30] Iters:[1520/1875] loss 0.1150, rec_loss 0.0018, p_loss 0.0590, utilization 0.4614, perplexity 19645.9371,
Train Epoch: [30/30] Iters:[1530/1875] loss 0.1152, rec_loss 0.0018, p_loss 0.0592, utilization 0.4613, perplexity 19647.4432,
Train Epoch: [30/30] Iters:[1540/1875] loss 0.1160, rec_loss 0.0018, p_loss 0.0595, utilization 0.4611, perplexity 19579.7784,
Train Epoch: [30/30] Iters:[1550/1875] loss 0.1164, rec_loss 0.0019, p_loss 0.0597, utilization 0.4614, perplexity 19473.1467,
Train Epoch: [30/30] Iters:[1560/1875] loss 0.1165, rec_loss 0.0019, p_loss 0.0597, utilization 0.4622, perplexity 19590.1183,
Train Epoch: [30/30] Iters:[1570/1875] loss 0.1160, rec_loss 0.0019, p_loss 0.0592, utilization 0.4622, perplexity 19645.1293,
Train Epoch: [30/30] Iters:[1580/1875] loss 0.1167, rec_loss 0.0019, p_loss 0.0597, utilization 0.4628, perplexity 19588.4607,
Train Epoch: [30/30] Iters:[1590/1875] loss 0.1165, rec_loss 0.0019, p_loss 0.0596, utilization 0.4623, perplexity 19592.1687,
Train Epoch: [30/30] Iters:[1600/1875] loss 0.1172, rec_loss 0.0020, p_loss 0.0601, utilization 0.4643, perplexity 19908.1890,
Train Epoch: [30/30] Iters:[1610/1875] loss 0.1181, rec_loss 0.0020, p_loss 0.0606, utilization 0.4637, perplexity 19774.8925,
Train Epoch: [30/30] Iters:[1620/1875] loss 0.1175, rec_loss 0.0020, p_loss 0.0603, utilization 0.4629, perplexity 19716.1408,
Train Epoch: [30/30] Iters:[1630/1875] loss 0.1160, rec_loss 0.0020, p_loss 0.0591, utilization 0.4635, perplexity 19847.0408,
Train Epoch: [30/30] Iters:[1640/1875] loss 0.1152, rec_loss 0.0019, p_loss 0.0586, utilization 0.4643, perplexity 20024.2491,
Train Epoch: [30/30] Iters:[1650/1875] loss 0.1137, rec_loss 0.0018, p_loss 0.0577, utilization 0.4630, perplexity 19886.6599,
Train Epoch: [30/30] Iters:[1660/1875] loss 0.1137, rec_loss 0.0018, p_loss 0.0578, utilization 0.4629, perplexity 19956.2407,
Train Epoch: [30/30] Iters:[1670/1875] loss 0.1153, rec_loss 0.0019, p_loss 0.0587, utilization 0.4653, perplexity 20255.1672,
Train Epoch: [30/30] Iters:[1680/1875] loss 0.1168, rec_loss 0.0019, p_loss 0.0596, utilization 0.4661, perplexity 20299.4892,
Train Epoch: [30/30] Iters:[1690/1875] loss 0.1179, rec_loss 0.0020, p_loss 0.0605, utilization 0.4646, perplexity 19953.1531,
Train Epoch: [30/30] Iters:[1700/1875] loss 0.1182, rec_loss 0.0020, p_loss 0.0608, utilization 0.4641, perplexity 19916.6405,
Train Epoch: [30/30] Iters:[1710/1875] loss 0.1172, rec_loss 0.0019, p_loss 0.0601, utilization 0.4623, perplexity 19662.9992,
Train Epoch: [30/30] Iters:[1720/1875] loss 0.1155, rec_loss 0.0018, p_loss 0.0591, utilization 0.4607, perplexity 19441.6709,
Train Epoch: [30/30] Iters:[1730/1875] loss 0.1148, rec_loss 0.0018, p_loss 0.0586, utilization 0.4602, perplexity 19495.2706,
Train Epoch: [30/30] Iters:[1740/1875] loss 0.1149, rec_loss 0.0018, p_loss 0.0583, utilization 0.4610, perplexity 19627.3762,
Train Epoch: [30/30] Iters:[1750/1875] loss 0.1154, rec_loss 0.0018, p_loss 0.0588, utilization 0.4595, perplexity 19459.5828,
Train Epoch: [30/30] Iters:[1760/1875] loss 0.1165, rec_loss 0.0019, p_loss 0.0593, utilization 0.4609, perplexity 19549.2850,
Train Epoch: [30/30] Iters:[1770/1875] loss 0.1174, rec_loss 0.0020, p_loss 0.0599, utilization 0.4621, perplexity 19635.9638,
Train Epoch: [30/30] Iters:[1780/1875] loss 0.1173, rec_loss 0.0020, p_loss 0.0600, utilization 0.4622, perplexity 19598.4372,
Train Epoch: [30/30] Iters:[1790/1875] loss 0.1167, rec_loss 0.0020, p_loss 0.0597, utilization 0.4610, perplexity 19511.0895,
Train Epoch: [30/30] Iters:[1800/1875] loss 0.1161, rec_loss 0.0019, p_loss 0.0593, utilization 0.4633, perplexity 19842.0578,
Train Epoch: [30/30] Iters:[1810/1875] loss 0.1155, rec_loss 0.0019, p_loss 0.0589, utilization 0.4633, perplexity 19909.9770,
Train Epoch: [30/30] Iters:[1820/1875] loss 0.1167, rec_loss 0.0020, p_loss 0.0595, utilization 0.4638, perplexity 19975.3128,
Train Epoch: [30/30] Iters:[1830/1875] loss 0.1169, rec_loss 0.0020, p_loss 0.0594, utilization 0.4647, perplexity 20085.6404,
Train Epoch: [30/30] Iters:[1840/1875] loss 0.1169, rec_loss 0.0019, p_loss 0.0594, utilization 0.4662, perplexity 20227.3356,
Train Epoch: [30/30] Iters:[1850/1875] loss 0.1165, rec_loss 0.0020, p_loss 0.0591, utilization 0.4652, perplexity 20049.2536,
Train Epoch: [30/30] Iters:[1860/1875] loss 0.1161, rec_loss 0.0020, p_loss 0.0591, utilization 0.4642, perplexity 19971.0632,
Train Epoch: [30/30] Iters:[1870/1875] loss 0.1151, rec_loss 0.0019, p_loss 0.0585, utilization 0.4636, perplexity 19903.5666,
Loading pretrained model LPIPS from /home/sunset/.cache/torch/hub/pyiqa/LPIPS_v0.1_alex-df73285e.pth
PSNR:34.967302779134116  SSIM:0.9266280413309733  LPIPS:0.027303431869546573
Loading pretrained model LPIPS from /home/sunset/.cache/torch/hub/pyiqa/LPIPS_v0.1_alex-df73285e.pth
######### saving checkpoint #########
Loading pretrained model LPIPS from /home/sunset/.cache/torch/hub/pyiqa/LPIPS_v0.1_alex-df73285e.pth
PSNR:34.967302779134116  SSIM:0.9266280413309733  LPIPS:0.027303431869546573
