dataset_dir: /project/6105494/shared/data/
dataset_name: FFHQ
global_batch_size: 64
workers: 6
resolution: 256
channels: 3
codebook_size: 65536
codebook_dim: 16
project_dim: 16
pq: 1
L: 4
alpha: 1.0
beta: 0.2
gamma: 0.5
disc_weight: 0.4
lecam_loss_weight: 0.001
disc_cr_loss_weight: 4.0
VQ: wasserstein_vq
transplant_epochs: 30
refinement_epochs: 30
eval_epochs: 5
disc_epoch: 1
lr_transplant: 0.0001
lr_refinement: 1e-05
dropout: 0.0
seed: 3407
weight_decay: 1e-05
stage: transplant
checkpoint_dir: /project/6105494/sunset/VQ-Projects/Rate-Distortion-Perspective/VAR-Transplant/checkpoint/Transplant/FFHQ
results_dir: /project/6105494/sunset/VQ-Projects/Rate-Distortion-Perspective/VAR-Transplant/results/Transplant/FFHQ
saver_dir: /project/6105494/sunset/VQ-Projects/Rate-Distortion-Perspective/VAR-Transplant/saver/Transplant/FFHQ
reconstruction_dir: /project/6105494/sunset/VQ-Projects/Rate-Distortion-Perspective/VAR-Transplant/reconstruction/Transplant/FFHQ
yaml_dir: /project/6105494/sunset/VQ-Projects/Rate-Distortion-Perspective/VAR-Transplant/yaml/Transplant/FFHQ
pretrained_tokenizer: /project/6105494/sunset/VQ-Projects/Rate-Distortion-Perspective/VAR-Transplant/pretrained_tokenizer/vae_ch160v4096z32.pth
checkpoint_name: 
nnodes: -1
node_rank: -1
local_rank: 0
dist_url: tcp://224.66.41.62:23456
dist_backend: nccl
world_size: 2
batch_size: 32
init_checkpoint_dir: /project/6105494/sunset/VQ-Projects/Rate-Distortion-Perspective/VAR-Transplant/checkpoint/
data_pre: FFHQ
model_pre: model_65536_16_1
loss_pre: loss_1.0_0.2_0.5_0.4
training_pre: wasserstein_vq_transplant
saver_name_pre: wasserstein_vq_transplant_FFHQ_model_65536_16_1_loss_1.0_0.2_0.5_0.4
| distributed init (rank 0): env://
| distributed init (rank 1): env://
loaded pretrained LPIPS loss from /project/6105494/sunset/VQ-Projects/Rate-Distortion-Perspective/VAR-Transplant/code/models/cache/vgg.pth
VQ Model Parameters: 108761795
dataset name: FFHQ
len train_set: 70000
len val_set: 70000
Start training...
epoch:1, cur_lr:0.000100
Train Epoch: [1/30] Iters:[10/1093] transplant_loss 8.1873, rec_loss 0.3947, p_loss 0.8020, quant_error 1.0181, utilization 0.0141, perplexity 389.5764,
Train Epoch: [1/30] Iters:[20/1093] transplant_loss 7.5812, rec_loss 0.2822, p_loss 0.7662, quant_error 0.7831, utilization 0.0107, perplexity 227.2259,
Train Epoch: [1/30] Iters:[30/1093] transplant_loss 6.8518, rec_loss 0.2257, p_loss 0.7288, quant_error 0.6605, utilization 0.0125, perplexity 209.2171,
Train Epoch: [1/30] Iters:[40/1093] transplant_loss 6.1690, rec_loss 0.1887, p_loss 0.6750, quant_error 0.5864, utilization 0.0162, perplexity 255.7483,
Train Epoch: [1/30] Iters:[50/1093] transplant_loss 5.6477, rec_loss 0.1626, p_loss 0.6249, quant_error 0.5363, utilization 0.0193, perplexity 321.5387,
Train Epoch: [1/30] Iters:[60/1093] transplant_loss 4.6380, rec_loss 0.0922, p_loss 0.5337, quant_error 0.3931, utilization 0.0236, perplexity 405.4150,
Train Epoch: [1/30] Iters:[70/1093] transplant_loss 3.8347, rec_loss 0.0651, p_loss 0.4464, quant_error 0.3413, utilization 0.0308, perplexity 611.3156,
Train Epoch: [1/30] Iters:[80/1093] transplant_loss 3.3803, rec_loss 0.0484, p_loss 0.3673, quant_error 0.3152, utilization 0.0376, perplexity 853.9185,
Train Epoch: [1/30] Iters:[90/1093] transplant_loss 3.2361, rec_loss 0.0379, p_loss 0.3110, quant_error 0.2989, utilization 0.0448, perplexity 1163.2413,
Train Epoch: [1/30] Iters:[100/1093] transplant_loss 3.2376, rec_loss 0.0311, p_loss 0.2698, quant_error 0.2863, utilization 0.0548, perplexity 1604.1665,
Train Epoch: [1/30] Iters:[110/1093] transplant_loss 3.3426, rec_loss 0.0269, p_loss 0.2415, quant_error 0.2803, utilization 0.0680, perplexity 2216.6474,
Train Epoch: [1/30] Iters:[120/1093] transplant_loss 3.4707, rec_loss 0.0241, p_loss 0.2220, quant_error 0.2750, utilization 0.0839, perplexity 3019.7528,
Train Epoch: [1/30] Iters:[130/1093] transplant_loss 3.5609, rec_loss 0.0227, p_loss 0.2090, quant_error 0.2704, utilization 0.1015, perplexity 3992.7424,
Train Epoch: [1/30] Iters:[140/1093] transplant_loss 3.5690, rec_loss 0.0216, p_loss 0.1994, quant_error 0.2643, utilization 0.1191, perplexity 5063.7355,
Train Epoch: [1/30] Iters:[150/1093] transplant_loss 3.5123, rec_loss 0.0206, p_loss 0.1919, quant_error 0.2579, utilization 0.1341, perplexity 6067.0769,
Train Epoch: [1/30] Iters:[160/1093] transplant_loss 3.4104, rec_loss 0.0202, p_loss 0.1862, quant_error 0.2502, utilization 0.1458, perplexity 6929.1822,
Train Epoch: [1/30] Iters:[170/1093] transplant_loss 3.2836, rec_loss 0.0196, p_loss 0.1817, quant_error 0.2412, utilization 0.1544, perplexity 7621.4678,
Train Epoch: [1/30] Iters:[180/1093] transplant_loss 3.1331, rec_loss 0.0186, p_loss 0.1780, quant_error 0.2301, utilization 0.1613, perplexity 8232.9596,
Train Epoch: [1/30] Iters:[190/1093] transplant_loss 2.9942, rec_loss 0.0182, p_loss 0.1750, quant_error 0.2201, utilization 0.1674, perplexity 8790.9635,
Train Epoch: [1/30] Iters:[200/1093] transplant_loss 2.8746, rec_loss 0.0179, p_loss 0.1720, quant_error 0.2113, utilization 0.1733, perplexity 9345.8658,
Train Epoch: [1/30] Iters:[210/1093] transplant_loss 2.7750, rec_loss 0.0174, p_loss 0.1697, quant_error 0.2037, utilization 0.1796, perplexity 9935.0754,
Train Epoch: [1/30] Iters:[220/1093] transplant_loss 2.6949, rec_loss 0.0174, p_loss 0.1680, quant_error 0.1985, utilization 0.1858, perplexity 10523.9017,
Train Epoch: [1/30] Iters:[230/1093] transplant_loss 2.6185, rec_loss 0.0172, p_loss 0.1656, quant_error 0.1945, utilization 0.1914, perplexity 11061.0467,
Train Epoch: [1/30] Iters:[240/1093] transplant_loss 2.5533, rec_loss 0.0172, p_loss 0.1658, quant_error 0.1924, utilization 0.1958, perplexity 11479.2478,
Train Epoch: [1/30] Iters:[250/1093] transplant_loss 2.4797, rec_loss 0.0170, p_loss 0.1656, quant_error 0.1904, utilization 0.1994, perplexity 11832.8700,
Train Epoch: [1/30] Iters:[260/1093] transplant_loss 2.3965, rec_loss 0.0168, p_loss 0.1652, quant_error 0.1884, utilization 0.2023, perplexity 12103.9587,
Train Epoch: [1/30] Iters:[270/1093] transplant_loss 2.3211, rec_loss 0.0165, p_loss 0.1650, quant_error 0.1873, utilization 0.2044, perplexity 12310.3070,
Train Epoch: [1/30] Iters:[280/1093] transplant_loss 2.2592, rec_loss 0.0165, p_loss 0.1654, quant_error 0.1869, utilization 0.2058, perplexity 12430.5369,
Train Epoch: [1/30] Iters:[290/1093] transplant_loss 2.1960, rec_loss 0.0162, p_loss 0.1648, quant_error 0.1864, utilization 0.2067, perplexity 12516.2268,
Train Epoch: [1/30] Iters:[300/1093] transplant_loss 2.1374, rec_loss 0.0161, p_loss 0.1644, quant_error 0.1859, utilization 0.2074, perplexity 12573.7645,
Train Epoch: [1/30] Iters:[310/1093] transplant_loss 2.0847, rec_loss 0.0161, p_loss 0.1643, quant_error 0.1855, utilization 0.2078, perplexity 12610.8093,
Train Epoch: [1/30] Iters:[320/1093] transplant_loss 2.0305, rec_loss 0.0163, p_loss 0.1635, quant_error 0.1844, utilization 0.2078, perplexity 12613.8346,
Train Epoch: [1/30] Iters:[330/1093] transplant_loss 1.9730, rec_loss 0.0161, p_loss 0.1624, quant_error 0.1830, utilization 0.2075, perplexity 12580.9812,
Train Epoch: [1/30] Iters:[340/1093] transplant_loss 1.9275, rec_loss 0.0161, p_loss 0.1616, quant_error 0.1822, utilization 0.2072, perplexity 12546.8715,
Train Epoch: [1/30] Iters:[350/1093] transplant_loss 1.8839, rec_loss 0.0160, p_loss 0.1616, quant_error 0.1815, utilization 0.2067, perplexity 12495.4746,
Train Epoch: [1/30] Iters:[360/1093] transplant_loss 1.8426, rec_loss 0.0161, p_loss 0.1616, quant_error 0.1814, utilization 0.2060, perplexity 12429.6093,
Train Epoch: [1/30] Iters:[370/1093] transplant_loss 1.8070, rec_loss 0.0161, p_loss 0.1615, quant_error 0.1817, utilization 0.2054, perplexity 12382.6526,
Train Epoch: [1/30] Iters:[380/1093] transplant_loss 1.7776, rec_loss 0.0161, p_loss 0.1614, quant_error 0.1819, utilization 0.2051, perplexity 12367.9551,
Train Epoch: [1/30] Iters:[390/1093] transplant_loss 1.7318, rec_loss 0.0160, p_loss 0.1601, quant_error 0.1800, utilization 0.2047, perplexity 12337.7927,
Train Epoch: [1/30] Iters:[400/1093] transplant_loss 1.7090, rec_loss 0.0160, p_loss 0.1608, quant_error 0.1805, utilization 0.2043, perplexity 12310.4328,
Train Epoch: [1/30] Iters:[410/1093] transplant_loss 1.6762, rec_loss 0.0157, p_loss 0.1608, quant_error 0.1794, utilization 0.2038, perplexity 12264.8806,
Train Epoch: [1/30] Iters:[420/1093] transplant_loss 1.6493, rec_loss 0.0154, p_loss 0.1617, quant_error 0.1791, utilization 0.2033, perplexity 12231.9664,
Train Epoch: [1/30] Iters:[430/1093] transplant_loss 1.6312, rec_loss 0.0154, p_loss 0.1621, quant_error 0.1799, utilization 0.2028, perplexity 12196.6248,
Train Epoch: [1/30] Iters:[440/1093] transplant_loss 1.6219, rec_loss 0.0156, p_loss 0.1631, quant_error 0.1810, utilization 0.2025, perplexity 12177.3849,
Train Epoch: [1/30] Iters:[450/1093] transplant_loss 1.5848, rec_loss 0.0155, p_loss 0.1609, quant_error 0.1787, utilization 0.2021, perplexity 12152.7671,
Train Epoch: [1/30] Iters:[460/1093] transplant_loss 1.5670, rec_loss 0.0155, p_loss 0.1600, quant_error 0.1782, utilization 0.2020, perplexity 12150.9406,
Train Epoch: [1/30] Iters:[470/1093] transplant_loss 1.5528, rec_loss 0.0157, p_loss 0.1590, quant_error 0.1778, utilization 0.2019, perplexity 12149.2371,
Train Epoch: [1/30] Iters:[480/1093] transplant_loss 1.5347, rec_loss 0.0155, p_loss 0.1584, quant_error 0.1764, utilization 0.2019, perplexity 12145.2944,
Train Epoch: [1/30] Iters:[490/1093] transplant_loss 1.5183, rec_loss 0.0154, p_loss 0.1579, quant_error 0.1753, utilization 0.2016, perplexity 12120.8397,
Train Epoch: [1/30] Iters:[500/1093] transplant_loss 1.5282, rec_loss 0.0155, p_loss 0.1599, quant_error 0.1778, utilization 0.2018, perplexity 12145.1867,
Train Epoch: [1/30] Iters:[510/1093] transplant_loss 1.5213, rec_loss 0.0154, p_loss 0.1599, quant_error 0.1775, utilization 0.2018, perplexity 12153.3119,
Train Epoch: [1/30] Iters:[520/1093] transplant_loss 1.5094, rec_loss 0.0152, p_loss 0.1594, quant_error 0.1762, utilization 0.2019, perplexity 12162.9948,
Train Epoch: [1/30] Iters:[530/1093] transplant_loss 1.4999, rec_loss 0.0152, p_loss 0.1588, quant_error 0.1753, utilization 0.2019, perplexity 12163.9323,
Train Epoch: [1/30] Iters:[540/1093] transplant_loss 1.4917, rec_loss 0.0151, p_loss 0.1582, quant_error 0.1742, utilization 0.2022, perplexity 12204.6673,
Train Epoch: [1/30] Iters:[550/1093] transplant_loss 1.4661, rec_loss 0.0146, p_loss 0.1558, quant_error 0.1703, utilization 0.2023, perplexity 12218.2560,
Train Epoch: [1/30] Iters:[560/1093] transplant_loss 1.4679, rec_loss 0.0145, p_loss 0.1559, quant_error 0.1699, utilization 0.2028, perplexity 12270.4156,
Train Epoch: [1/30] Iters:[570/1093] transplant_loss 1.4742, rec_loss 0.0145, p_loss 0.1563, quant_error 0.1702, utilization 0.2033, perplexity 12308.4035,
Train Epoch: [1/30] Iters:[580/1093] transplant_loss 1.4717, rec_loss 0.0144, p_loss 0.1558, quant_error 0.1693, utilization 0.2036, perplexity 12346.0780,
Train Epoch: [1/30] Iters:[590/1093] transplant_loss 1.4665, rec_loss 0.0142, p_loss 0.1551, quant_error 0.1683, utilization 0.2038, perplexity 12362.2123,
Train Epoch: [1/30] Iters:[600/1093] transplant_loss 1.4764, rec_loss 0.0144, p_loss 0.1555, quant_error 0.1689, utilization 0.2041, perplexity 12383.3400,
Train Epoch: [1/30] Iters:[610/1093] transplant_loss 1.4774, rec_loss 0.0145, p_loss 0.1551, quant_error 0.1687, utilization 0.2043, perplexity 12399.1180,
Train Epoch: [1/30] Iters:[620/1093] transplant_loss 1.4738, rec_loss 0.0145, p_loss 0.1547, quant_error 0.1681, utilization 0.2045, perplexity 12414.6248,
Train Epoch: [1/30] Iters:[630/1093] transplant_loss 1.4767, rec_loss 0.0146, p_loss 0.1551, quant_error 0.1687, utilization 0.2047, perplexity 12433.7734,
Train Epoch: [1/30] Iters:[640/1093] transplant_loss 1.4782, rec_loss 0.0145, p_loss 0.1549, quant_error 0.1688, utilization 0.2049, perplexity 12461.4053,
Train Epoch: [1/30] Iters:[650/1093] transplant_loss 1.4714, rec_loss 0.0143, p_loss 0.1549, quant_error 0.1679, utilization 0.2051, perplexity 12471.3774,
Train Epoch: [1/30] Iters:[660/1093] transplant_loss 1.4683, rec_loss 0.0143, p_loss 0.1549, quant_error 0.1674, utilization 0.2053, perplexity 12494.4681,
Train Epoch: [1/30] Iters:[670/1093] transplant_loss 1.4638, rec_loss 0.0142, p_loss 0.1542, quant_error 0.1664, utilization 0.2055, perplexity 12509.2197,
Train Epoch: [1/30] Iters:[680/1093] transplant_loss 1.4603, rec_loss 0.0142, p_loss 0.1532, quant_error 0.1653, utilization 0.2056, perplexity 12524.7727,
Train Epoch: [1/30] Iters:[690/1093] transplant_loss 1.4601, rec_loss 0.0142, p_loss 0.1527, quant_error 0.1648, utilization 0.2059, perplexity 12540.9719,
Train Epoch: [1/30] Iters:[700/1093] transplant_loss 1.4675, rec_loss 0.0141, p_loss 0.1527, quant_error 0.1658, utilization 0.2061, perplexity 12570.7680,
Train Epoch: [1/30] Iters:[710/1093] transplant_loss 1.4653, rec_loss 0.0141, p_loss 0.1521, quant_error 0.1653, utilization 0.2061, perplexity 12565.1766,
Train Epoch: [1/30] Iters:[720/1093] transplant_loss 1.4665, rec_loss 0.0140, p_loss 0.1520, quant_error 0.1653, utilization 0.2061, perplexity 12567.2556,
Train Epoch: [1/30] Iters:[730/1093] transplant_loss 1.4670, rec_loss 0.0140, p_loss 0.1522, quant_error 0.1651, utilization 0.2062, perplexity 12581.7809,
Train Epoch: [1/30] Iters:[740/1093] transplant_loss 1.4676, rec_loss 0.0141, p_loss 0.1528, quant_error 0.1648, utilization 0.2064, perplexity 12589.9965,
Train Epoch: [1/30] Iters:[750/1093] transplant_loss 1.4637, rec_loss 0.0141, p_loss 0.1520, quant_error 0.1640, utilization 0.2064, perplexity 12591.1560,
Train Epoch: [1/30] Iters:[760/1093] transplant_loss 1.4627, rec_loss 0.0140, p_loss 0.1518, quant_error 0.1632, utilization 0.2066, perplexity 12607.6190,
Train Epoch: [1/30] Iters:[770/1093] transplant_loss 1.4644, rec_loss 0.0140, p_loss 0.1517, quant_error 0.1634, utilization 0.2069, perplexity 12637.3257,
Train Epoch: [1/30] Iters:[780/1093] transplant_loss 1.4643, rec_loss 0.0139, p_loss 0.1519, quant_error 0.1635, utilization 0.2072, perplexity 12661.8385,
Train Epoch: [1/30] Iters:[790/1093] transplant_loss 1.4711, rec_loss 0.0139, p_loss 0.1520, quant_error 0.1645, utilization 0.2073, perplexity 12680.0317,
Train Epoch: [1/30] Iters:[800/1093] transplant_loss 1.4714, rec_loss 0.0138, p_loss 0.1520, quant_error 0.1645, utilization 0.2075, perplexity 12693.4668,
Train Epoch: [1/30] Iters:[810/1093] transplant_loss 1.4659, rec_loss 0.0136, p_loss 0.1515, quant_error 0.1639, utilization 0.2074, perplexity 12685.8852,
Train Epoch: [1/30] Iters:[820/1093] transplant_loss 1.4645, rec_loss 0.0136, p_loss 0.1514, quant_error 0.1635, utilization 0.2075, perplexity 12695.5930,
Train Epoch: [1/30] Iters:[830/1093] transplant_loss 1.4781, rec_loss 0.0140, p_loss 0.1521, quant_error 0.1648, utilization 0.2077, perplexity 12708.0564,
Train Epoch: [1/30] Iters:[840/1093] transplant_loss 1.4703, rec_loss 0.0139, p_loss 0.1510, quant_error 0.1636, utilization 0.2077, perplexity 12707.7522,
Train Epoch: [1/30] Iters:[850/1093] transplant_loss 1.4692, rec_loss 0.0141, p_loss 0.1506, quant_error 0.1631, utilization 0.2078, perplexity 12716.0695,
Train Epoch: [1/30] Iters:[860/1093] transplant_loss 1.4778, rec_loss 0.0143, p_loss 0.1511, quant_error 0.1643, utilization 0.2081, perplexity 12747.8088,
Train Epoch: [1/30] Iters:[870/1093] transplant_loss 1.4765, rec_loss 0.0142, p_loss 0.1511, quant_error 0.1638, utilization 0.2082, perplexity 12753.7792,
Train Epoch: [1/30] Iters:[880/1093] transplant_loss 1.4637, rec_loss 0.0138, p_loss 0.1503, quant_error 0.1622, utilization 0.2082, perplexity 12751.0879,
Train Epoch: [1/30] Iters:[890/1093] transplant_loss 1.4679, rec_loss 0.0139, p_loss 0.1508, quant_error 0.1625, utilization 0.2085, perplexity 12780.8575,
Train Epoch: [1/30] Iters:[900/1093] transplant_loss 1.4675, rec_loss 0.0138, p_loss 0.1510, quant_error 0.1626, utilization 0.2086, perplexity 12795.1745,
Train Epoch: [1/30] Iters:[910/1093] transplant_loss 1.4645, rec_loss 0.0138, p_loss 0.1508, quant_error 0.1620, utilization 0.2087, perplexity 12804.4910,
Train Epoch: [1/30] Iters:[920/1093] transplant_loss 1.4593, rec_loss 0.0138, p_loss 0.1503, quant_error 0.1611, utilization 0.2086, perplexity 12795.8205,
Train Epoch: [1/30] Iters:[930/1093] transplant_loss 1.4604, rec_loss 0.0139, p_loss 0.1498, quant_error 0.1607, utilization 0.2087, perplexity 12795.9367,
Train Epoch: [1/30] Iters:[940/1093] transplant_loss 1.4572, rec_loss 0.0138, p_loss 0.1495, quant_error 0.1599, utilization 0.2086, perplexity 12786.1731,
Train Epoch: [1/30] Iters:[950/1093] transplant_loss 1.4571, rec_loss 0.0138, p_loss 0.1497, quant_error 0.1596, utilization 0.2086, perplexity 12785.0226,
Train Epoch: [1/30] Iters:[960/1093] transplant_loss 1.4557, rec_loss 0.0137, p_loss 0.1493, quant_error 0.1592, utilization 0.2088, perplexity 12800.2588,
Train Epoch: [1/30] Iters:[970/1093] transplant_loss 1.4588, rec_loss 0.0136, p_loss 0.1493, quant_error 0.1594, utilization 0.2091, perplexity 12833.4490,
Train Epoch: [1/30] Iters:[980/1093] transplant_loss 1.4666, rec_loss 0.0138, p_loss 0.1503, quant_error 0.1603, utilization 0.2093, perplexity 12855.2669,
Train Epoch: [1/30] Iters:[990/1093] transplant_loss 1.4617, rec_loss 0.0136, p_loss 0.1500, quant_error 0.1597, utilization 0.2094, perplexity 12866.1165,
Train Epoch: [1/30] Iters:[1000/1093] transplant_loss 1.4576, rec_loss 0.0135, p_loss 0.1495, quant_error 0.1588, utilization 0.2095, perplexity 12878.5791,
Train Epoch: [1/30] Iters:[1010/1093] transplant_loss 1.4575, rec_loss 0.0135, p_loss 0.1495, quant_error 0.1587, utilization 0.2095, perplexity 12876.1328,
Train Epoch: [1/30] Iters:[1020/1093] transplant_loss 1.4612, rec_loss 0.0136, p_loss 0.1496, quant_error 0.1591, utilization 0.2095, perplexity 12873.1219,
Train Epoch: [1/30] Iters:[1030/1093] transplant_loss 1.4525, rec_loss 0.0133, p_loss 0.1485, quant_error 0.1580, utilization 0.2095, perplexity 12876.4183,
Train Epoch: [1/30] Iters:[1040/1093] transplant_loss 1.4601, rec_loss 0.0133, p_loss 0.1487, quant_error 0.1589, utilization 0.2097, perplexity 12887.6934,
Train Epoch: [1/30] Iters:[1050/1093] transplant_loss 1.4651, rec_loss 0.0133, p_loss 0.1487, quant_error 0.1594, utilization 0.2097, perplexity 12890.0834,
Train Epoch: [1/30] Iters:[1060/1093] transplant_loss 1.4640, rec_loss 0.0133, p_loss 0.1485, quant_error 0.1591, utilization 0.2097, perplexity 12887.6919,
Train Epoch: [1/30] Iters:[1070/1093] transplant_loss 1.4576, rec_loss 0.0131, p_loss 0.1479, quant_error 0.1583, utilization 0.2097, perplexity 12892.7186,
Train Epoch: [1/30] Iters:[1080/1093] transplant_loss 1.4518, rec_loss 0.0130, p_loss 0.1477, quant_error 0.1572, utilization 0.2097, perplexity 12886.6081,
Train Epoch: [1/30] Iters:[1090/1093] transplant_loss 1.4477, rec_loss 0.0131, p_loss 0.1475, quant_error 0.1562, utilization 0.2097, perplexity 12889.0859,
epoch:2, cur_lr:0.000097
Train Epoch: [2/30] Iters:[10/1093] transplant_loss 1.4398, rec_loss 0.0129, p_loss 0.1468, quant_error 0.1556, utilization 0.2099, perplexity 12919.3990,
Train Epoch: [2/30] Iters:[20/1093] transplant_loss 1.4538, rec_loss 0.0132, p_loss 0.1476, quant_error 0.1569, utilization 0.2103, perplexity 12950.4282,
Train Epoch: [2/30] Iters:[30/1093] transplant_loss 1.4558, rec_loss 0.0131, p_loss 0.1478, quant_error 0.1570, utilization 0.2103, perplexity 12948.3158,
Train Epoch: [2/30] Iters:[40/1093] transplant_loss 1.4554, rec_loss 0.0132, p_loss 0.1475, quant_error 0.1566, utilization 0.2104, perplexity 12958.2872,
Train Epoch: [2/30] Iters:[50/1093] transplant_loss 1.4510, rec_loss 0.0131, p_loss 0.1470, quant_error 0.1561, utilization 0.2102, perplexity 12940.5159,
Train Epoch: [2/30] Iters:[60/1093] transplant_loss 1.4477, rec_loss 0.0131, p_loss 0.1463, quant_error 0.1553, utilization 0.2103, perplexity 12947.5996,
Train Epoch: [2/30] Iters:[70/1093] transplant_loss 1.4422, rec_loss 0.0129, p_loss 0.1460, quant_error 0.1545, utilization 0.2102, perplexity 12935.9315,
Train Epoch: [2/30] Iters:[80/1093] transplant_loss 1.4399, rec_loss 0.0129, p_loss 0.1457, quant_error 0.1542, utilization 0.2103, perplexity 12946.7742,
Train Epoch: [2/30] Iters:[90/1093] transplant_loss 1.4416, rec_loss 0.0129, p_loss 0.1460, quant_error 0.1546, utilization 0.2104, perplexity 12956.3837,
Train Epoch: [2/30] Iters:[100/1093] transplant_loss 1.4387, rec_loss 0.0128, p_loss 0.1463, quant_error 0.1542, utilization 0.2105, perplexity 12965.7360,
Train Epoch: [2/30] Iters:[110/1093] transplant_loss 1.4366, rec_loss 0.0128, p_loss 0.1471, quant_error 0.1538, utilization 0.2105, perplexity 12965.3586,
Train Epoch: [2/30] Iters:[120/1093] transplant_loss 1.4337, rec_loss 0.0129, p_loss 0.1470, quant_error 0.1533, utilization 0.2107, perplexity 12978.1472,
Train Epoch: [2/30] Iters:[130/1093] transplant_loss 1.4407, rec_loss 0.0131, p_loss 0.1477, quant_error 0.1541, utilization 0.2107, perplexity 12980.1660,
Train Epoch: [2/30] Iters:[140/1093] transplant_loss 1.4411, rec_loss 0.0132, p_loss 0.1476, quant_error 0.1538, utilization 0.2107, perplexity 12978.6077,
Train Epoch: [2/30] Iters:[150/1093] transplant_loss 1.4428, rec_loss 0.0134, p_loss 0.1472, quant_error 0.1538, utilization 0.2109, perplexity 12990.9277,
Train Epoch: [2/30] Iters:[160/1093] transplant_loss 1.4443, rec_loss 0.0135, p_loss 0.1464, quant_error 0.1540, utilization 0.2109, perplexity 12992.5831,
Train Epoch: [2/30] Iters:[170/1093] transplant_loss 1.4443, rec_loss 0.0134, p_loss 0.1463, quant_error 0.1541, utilization 0.2109, perplexity 12998.9855,
Train Epoch: [2/30] Iters:[180/1093] transplant_loss 1.4325, rec_loss 0.0131, p_loss 0.1457, quant_error 0.1523, utilization 0.2110, perplexity 13000.4159,
Train Epoch: [2/30] Iters:[190/1093] transplant_loss 1.4301, rec_loss 0.0129, p_loss 0.1454, quant_error 0.1520, utilization 0.2109, perplexity 12997.8094,
Train Epoch: [2/30] Iters:[200/1093] transplant_loss 1.4331, rec_loss 0.0129, p_loss 0.1456, quant_error 0.1522, utilization 0.2110, perplexity 13001.3534,
Train Epoch: [2/30] Iters:[210/1093] transplant_loss 1.4381, rec_loss 0.0129, p_loss 0.1460, quant_error 0.1527, utilization 0.2111, perplexity 13009.4261,
Train Epoch: [2/30] Iters:[220/1093] transplant_loss 1.4405, rec_loss 0.0130, p_loss 0.1458, quant_error 0.1528, utilization 0.2110, perplexity 13004.1978,
Train Epoch: [2/30] Iters:[230/1093] transplant_loss 1.4428, rec_loss 0.0131, p_loss 0.1450, quant_error 0.1525, utilization 0.2112, perplexity 13017.2005,
Train Epoch: [2/30] Iters:[240/1093] transplant_loss 1.4411, rec_loss 0.0131, p_loss 0.1448, quant_error 0.1520, utilization 0.2112, perplexity 13021.7972,
Train Epoch: [2/30] Iters:[250/1093] transplant_loss 1.4415, rec_loss 0.0131, p_loss 0.1447, quant_error 0.1521, utilization 0.2113, perplexity 13027.6084,
Train Epoch: [2/30] Iters:[260/1093] transplant_loss 1.4383, rec_loss 0.0130, p_loss 0.1446, quant_error 0.1517, utilization 0.2112, perplexity 13020.7105,
Train Epoch: [2/30] Iters:[270/1093] transplant_loss 1.4433, rec_loss 0.0129, p_loss 0.1452, quant_error 0.1525, utilization 0.2114, perplexity 13039.1435,
Train Epoch: [2/30] Iters:[280/1093] transplant_loss 1.4407, rec_loss 0.0128, p_loss 0.1453, quant_error 0.1526, utilization 0.2113, perplexity 13030.2579,
Train Epoch: [2/30] Iters:[290/1093] transplant_loss 1.4449, rec_loss 0.0129, p_loss 0.1460, quant_error 0.1533, utilization 0.2113, perplexity 13029.2227,
Train Epoch: [2/30] Iters:[300/1093] transplant_loss 1.4461, rec_loss 0.0129, p_loss 0.1460, quant_error 0.1533, utilization 0.2115, perplexity 13042.9844,
Train Epoch: [2/30] Iters:[310/1093] transplant_loss 1.4444, rec_loss 0.0130, p_loss 0.1457, quant_error 0.1527, utilization 0.2116, perplexity 13060.9014,
Train Epoch: [2/30] Iters:[320/1093] transplant_loss 1.4416, rec_loss 0.0131, p_loss 0.1460, quant_error 0.1519, utilization 0.2115, perplexity 13053.2354,
Train Epoch: [2/30] Iters:[330/1093] transplant_loss 1.4373, rec_loss 0.0131, p_loss 0.1461, quant_error 0.1514, utilization 0.2116, perplexity 13055.7722,
Train Epoch: [2/30] Iters:[340/1093] transplant_loss 1.4318, rec_loss 0.0130, p_loss 0.1455, quant_error 0.1507, utilization 0.2117, perplexity 13063.6340,
Train Epoch: [2/30] Iters:[350/1093] transplant_loss 1.4294, rec_loss 0.0130, p_loss 0.1452, quant_error 0.1505, utilization 0.2116, perplexity 13059.2583,
Train Epoch: [2/30] Iters:[360/1093] transplant_loss 1.4284, rec_loss 0.0128, p_loss 0.1451, quant_error 0.1502, utilization 0.2117, perplexity 13063.3730,
Train Epoch: [2/30] Iters:[370/1093] transplant_loss 1.4209, rec_loss 0.0126, p_loss 0.1436, quant_error 0.1490, utilization 0.2117, perplexity 13063.7092,
Train Epoch: [2/30] Iters:[380/1093] transplant_loss 1.4291, rec_loss 0.0127, p_loss 0.1434, quant_error 0.1497, utilization 0.2118, perplexity 13077.5257,
Train Epoch: [2/30] Iters:[390/1093] transplant_loss 1.4220, rec_loss 0.0124, p_loss 0.1427, quant_error 0.1483, utilization 0.2119, perplexity 13079.3702,
Train Epoch: [2/30] Iters:[400/1093] transplant_loss 1.4194, rec_loss 0.0123, p_loss 0.1431, quant_error 0.1477, utilization 0.2119, perplexity 13084.0256,
Train Epoch: [2/30] Iters:[410/1093] transplant_loss 1.4282, rec_loss 0.0124, p_loss 0.1445, quant_error 0.1490, utilization 0.2121, perplexity 13098.5329,
Train Epoch: [2/30] Iters:[420/1093] transplant_loss 1.4392, rec_loss 0.0126, p_loss 0.1451, quant_error 0.1505, utilization 0.2123, perplexity 13115.0638,
Train Epoch: [2/30] Iters:[430/1093] transplant_loss 1.4379, rec_loss 0.0125, p_loss 0.1457, quant_error 0.1507, utilization 0.2122, perplexity 13108.7053,
Train Epoch: [2/30] Iters:[440/1093] transplant_loss 1.4490, rec_loss 0.0127, p_loss 0.1465, quant_error 0.1521, utilization 0.2123, perplexity 13115.7254,
Train Epoch: [2/30] Iters:[450/1093] transplant_loss 1.4518, rec_loss 0.0126, p_loss 0.1463, quant_error 0.1524, utilization 0.2123, perplexity 13116.5451,
Train Epoch: [2/30] Iters:[460/1093] transplant_loss 1.4421, rec_loss 0.0126, p_loss 0.1453, quant_error 0.1508, utilization 0.2122, perplexity 13110.6652,
Train Epoch: [2/30] Iters:[470/1093] transplant_loss 1.4356, rec_loss 0.0125, p_loss 0.1452, quant_error 0.1499, utilization 0.2122, perplexity 13108.2242,
Train Epoch: [2/30] Iters:[480/1093] transplant_loss 1.4327, rec_loss 0.0124, p_loss 0.1448, quant_error 0.1493, utilization 0.2123, perplexity 13116.6247,
Train Epoch: [2/30] Iters:[490/1093] transplant_loss 1.4260, rec_loss 0.0123, p_loss 0.1445, quant_error 0.1480, utilization 0.2124, perplexity 13121.5952,
Train Epoch: [2/30] Iters:[500/1093] transplant_loss 1.4262, rec_loss 0.0123, p_loss 0.1438, quant_error 0.1480, utilization 0.2124, perplexity 13123.2178,
Train Epoch: [2/30] Iters:[510/1093] transplant_loss 1.4291, rec_loss 0.0123, p_loss 0.1437, quant_error 0.1481, utilization 0.2123, perplexity 13118.4125,
Train Epoch: [2/30] Iters:[520/1093] transplant_loss 1.4291, rec_loss 0.0122, p_loss 0.1439, quant_error 0.1477, utilization 0.2124, perplexity 13124.9975,
Train Epoch: [2/30] Iters:[530/1093] transplant_loss 1.4287, rec_loss 0.0123, p_loss 0.1436, quant_error 0.1474, utilization 0.2123, perplexity 13119.9798,
Train Epoch: [2/30] Iters:[540/1093] transplant_loss 1.4261, rec_loss 0.0124, p_loss 0.1432, quant_error 0.1472, utilization 0.2122, perplexity 13113.0013,
Train Epoch: [2/30] Iters:[550/1093] transplant_loss 1.4251, rec_loss 0.0124, p_loss 0.1431, quant_error 0.1470, utilization 0.2124, perplexity 13129.3615,
Train Epoch: [2/30] Iters:[560/1093] transplant_loss 1.4327, rec_loss 0.0125, p_loss 0.1432, quant_error 0.1481, utilization 0.2126, perplexity 13144.9737,
Train Epoch: [2/30] Iters:[570/1093] transplant_loss 1.4330, rec_loss 0.0125, p_loss 0.1432, quant_error 0.1482, utilization 0.2125, perplexity 13137.5353,
Train Epoch: [2/30] Iters:[580/1093] transplant_loss 1.4375, rec_loss 0.0126, p_loss 0.1434, quant_error 0.1486, utilization 0.2126, perplexity 13144.4957,
Train Epoch: [2/30] Iters:[590/1093] transplant_loss 1.4414, rec_loss 0.0126, p_loss 0.1437, quant_error 0.1491, utilization 0.2128, perplexity 13158.6017,
Train Epoch: [2/30] Iters:[600/1093] transplant_loss 1.4398, rec_loss 0.0125, p_loss 0.1439, quant_error 0.1489, utilization 0.2127, perplexity 13154.2669,
Train Epoch: [2/30] Iters:[610/1093] transplant_loss 1.4386, rec_loss 0.0125, p_loss 0.1442, quant_error 0.1487, utilization 0.2127, perplexity 13158.3478,
Train Epoch: [2/30] Iters:[620/1093] transplant_loss 1.4404, rec_loss 0.0125, p_loss 0.1441, quant_error 0.1490, utilization 0.2129, perplexity 13171.1948,
Train Epoch: [2/30] Iters:[630/1093] transplant_loss 1.4361, rec_loss 0.0123, p_loss 0.1438, quant_error 0.1485, utilization 0.2128, perplexity 13164.2674,
Train Epoch: [2/30] Iters:[640/1093] transplant_loss 1.4348, rec_loss 0.0123, p_loss 0.1437, quant_error 0.1481, utilization 0.2128, perplexity 13162.0036,
Train Epoch: [2/30] Iters:[650/1093] transplant_loss 1.4385, rec_loss 0.0123, p_loss 0.1440, quant_error 0.1484, utilization 0.2129, perplexity 13169.1255,
Train Epoch: [2/30] Iters:[660/1093] transplant_loss 1.4306, rec_loss 0.0121, p_loss 0.1434, quant_error 0.1472, utilization 0.2129, perplexity 13167.2543,
Train Epoch: [2/30] Iters:[670/1093] transplant_loss 1.4288, rec_loss 0.0121, p_loss 0.1433, quant_error 0.1467, utilization 0.2129, perplexity 13168.4817,
Train Epoch: [2/30] Iters:[680/1093] transplant_loss 1.4382, rec_loss 0.0124, p_loss 0.1439, quant_error 0.1476, utilization 0.2131, perplexity 13184.7457,
Train Epoch: [2/30] Iters:[690/1093] transplant_loss 1.4472, rec_loss 0.0127, p_loss 0.1442, quant_error 0.1486, utilization 0.2131, perplexity 13190.5730,
Train Epoch: [2/30] Iters:[700/1093] transplant_loss 1.4436, rec_loss 0.0127, p_loss 0.1442, quant_error 0.1482, utilization 0.2130, perplexity 13184.3534,
Train Epoch: [2/30] Iters:[710/1093] transplant_loss 1.4498, rec_loss 0.0129, p_loss 0.1443, quant_error 0.1489, utilization 0.2131, perplexity 13187.4117,
Train Epoch: [2/30] Iters:[720/1093] transplant_loss 1.4575, rec_loss 0.0130, p_loss 0.1443, quant_error 0.1499, utilization 0.2131, perplexity 13190.7237,
Train Epoch: [2/30] Iters:[730/1093] transplant_loss 1.4533, rec_loss 0.0129, p_loss 0.1436, quant_error 0.1494, utilization 0.2132, perplexity 13199.0217,
Train Epoch: [2/30] Iters:[740/1093] transplant_loss 1.4487, rec_loss 0.0128, p_loss 0.1431, quant_error 0.1487, utilization 0.2131, perplexity 13189.2247,
Train Epoch: [2/30] Iters:[750/1093] transplant_loss 1.4445, rec_loss 0.0126, p_loss 0.1423, quant_error 0.1476, utilization 0.2131, perplexity 13186.2222,
Train Epoch: [2/30] Iters:[760/1093] transplant_loss 1.4357, rec_loss 0.0124, p_loss 0.1419, quant_error 0.1461, utilization 0.2131, perplexity 13183.0148,
Train Epoch: [2/30] Iters:[770/1093] transplant_loss 1.4370, rec_loss 0.0124, p_loss 0.1421, quant_error 0.1461, utilization 0.2131, perplexity 13181.8914,
Train Epoch: [2/30] Iters:[780/1093] transplant_loss 1.4318, rec_loss 0.0123, p_loss 0.1420, quant_error 0.1453, utilization 0.2129, perplexity 13168.1030,
Train Epoch: [2/30] Iters:[790/1093] transplant_loss 1.4302, rec_loss 0.0122, p_loss 0.1426, quant_error 0.1453, utilization 0.2131, perplexity 13183.9348,
Train Epoch: [2/30] Iters:[800/1093] transplant_loss 1.4392, rec_loss 0.0124, p_loss 0.1435, quant_error 0.1467, utilization 0.2132, perplexity 13194.1887,
Train Epoch: [2/30] Iters:[810/1093] transplant_loss 1.4574, rec_loss 0.0126, p_loss 0.1448, quant_error 0.1489, utilization 0.2132, perplexity 13195.2382,
Train Epoch: [2/30] Iters:[820/1093] transplant_loss 1.4454, rec_loss 0.0125, p_loss 0.1438, quant_error 0.1473, utilization 0.2131, perplexity 13186.0701,
Train Epoch: [2/30] Iters:[830/1093] transplant_loss 1.4505, rec_loss 0.0125, p_loss 0.1440, quant_error 0.1480, utilization 0.2133, perplexity 13205.0044,
Train Epoch: [2/30] Iters:[840/1093] transplant_loss 1.4521, rec_loss 0.0125, p_loss 0.1432, quant_error 0.1476, utilization 0.2132, perplexity 13200.7237,
Train Epoch: [2/30] Iters:[850/1093] transplant_loss 1.4460, rec_loss 0.0124, p_loss 0.1429, quant_error 0.1470, utilization 0.2132, perplexity 13196.2301,
Train Epoch: [2/30] Iters:[860/1093] transplant_loss 1.4305, rec_loss 0.0121, p_loss 0.1414, quant_error 0.1452, utilization 0.2132, perplexity 13198.3085,
Train Epoch: [2/30] Iters:[870/1093] transplant_loss 1.4357, rec_loss 0.0121, p_loss 0.1418, quant_error 0.1457, utilization 0.2134, perplexity 13222.2587,
Train Epoch: [2/30] Iters:[880/1093] transplant_loss 1.4303, rec_loss 0.0119, p_loss 0.1416, quant_error 0.1447, utilization 0.2133, perplexity 13212.7899,
Train Epoch: [2/30] Iters:[890/1093] transplant_loss 1.4315, rec_loss 0.0120, p_loss 0.1418, quant_error 0.1449, utilization 0.2134, perplexity 13221.6878,
Train Epoch: [2/30] Iters:[900/1093] transplant_loss 1.4353, rec_loss 0.0122, p_loss 0.1419, quant_error 0.1451, utilization 0.2135, perplexity 13227.0480,
Train Epoch: [2/30] Iters:[910/1093] transplant_loss 1.4372, rec_loss 0.0123, p_loss 0.1424, quant_error 0.1452, utilization 0.2135, perplexity 13221.7954,
Train Epoch: [2/30] Iters:[920/1093] transplant_loss 1.4374, rec_loss 0.0125, p_loss 0.1426, quant_error 0.1456, utilization 0.2134, perplexity 13220.6898,
Train Epoch: [2/30] Iters:[930/1093] transplant_loss 1.4421, rec_loss 0.0125, p_loss 0.1429, quant_error 0.1463, utilization 0.2135, perplexity 13225.9336,
Train Epoch: [2/30] Iters:[940/1093] transplant_loss 1.4399, rec_loss 0.0124, p_loss 0.1431, quant_error 0.1460, utilization 0.2136, perplexity 13230.0587,
Train Epoch: [2/30] Iters:[950/1093] transplant_loss 1.4451, rec_loss 0.0124, p_loss 0.1429, quant_error 0.1468, utilization 0.2136, perplexity 13231.9445,
Train Epoch: [2/30] Iters:[960/1093] transplant_loss 1.4531, rec_loss 0.0125, p_loss 0.1435, quant_error 0.1477, utilization 0.2137, perplexity 13245.0994,
Train Epoch: [2/30] Iters:[970/1093] transplant_loss 1.4530, rec_loss 0.0124, p_loss 0.1435, quant_error 0.1475, utilization 0.2136, perplexity 13234.1653,
Train Epoch: [2/30] Iters:[980/1093] transplant_loss 1.4537, rec_loss 0.0124, p_loss 0.1432, quant_error 0.1473, utilization 0.2137, perplexity 13237.8013,
Train Epoch: [2/30] Iters:[990/1093] transplant_loss 1.4521, rec_loss 0.0124, p_loss 0.1430, quant_error 0.1470, utilization 0.2136, perplexity 13231.4438,
Train Epoch: [2/30] Iters:[1000/1093] transplant_loss 1.4477, rec_loss 0.0124, p_loss 0.1429, quant_error 0.1464, utilization 0.2136, perplexity 13226.6892,
Train Epoch: [2/30] Iters:[1010/1093] transplant_loss 1.4398, rec_loss 0.0122, p_loss 0.1423, quant_error 0.1453, utilization 0.2135, perplexity 13220.8620,
Train Epoch: [2/30] Iters:[1020/1093] transplant_loss 1.4389, rec_loss 0.0122, p_loss 0.1424, quant_error 0.1449, utilization 0.2137, perplexity 13232.9884,
Train Epoch: [2/30] Iters:[1030/1093] transplant_loss 1.4389, rec_loss 0.0122, p_loss 0.1426, quant_error 0.1452, utilization 0.2136, perplexity 13231.2588,
Train Epoch: [2/30] Iters:[1040/1093] transplant_loss 1.4387, rec_loss 0.0122, p_loss 0.1425, quant_error 0.1451, utilization 0.2137, perplexity 13234.4797,
Train Epoch: [2/30] Iters:[1050/1093] transplant_loss 1.4366, rec_loss 0.0121, p_loss 0.1421, quant_error 0.1445, utilization 0.2138, perplexity 13244.8424,
Train Epoch: [2/30] Iters:[1060/1093] transplant_loss 1.4419, rec_loss 0.0122, p_loss 0.1420, quant_error 0.1450, utilization 0.2139, perplexity 13257.8408,
Train Epoch: [2/30] Iters:[1070/1093] transplant_loss 1.4365, rec_loss 0.0121, p_loss 0.1412, quant_error 0.1443, utilization 0.2138, perplexity 13247.6347,
Train Epoch: [2/30] Iters:[1080/1093] transplant_loss 1.4349, rec_loss 0.0121, p_loss 0.1406, quant_error 0.1438, utilization 0.2137, perplexity 13242.8270,
Train Epoch: [2/30] Iters:[1090/1093] transplant_loss 1.4367, rec_loss 0.0120, p_loss 0.1408, quant_error 0.1437, utilization 0.2137, perplexity 13243.1847,
epoch:3, cur_lr:0.000094
Train Epoch: [3/30] Iters:[10/1093] transplant_loss 1.4320, rec_loss 0.0117, p_loss 0.1419, quant_error 0.1422, utilization 0.2140, perplexity 13267.6577,
Train Epoch: [3/30] Iters:[20/1093] transplant_loss 1.4439, rec_loss 0.0120, p_loss 0.1426, quant_error 0.1440, utilization 0.2138, perplexity 13243.5710,
Train Epoch: [3/30] Iters:[30/1093] transplant_loss 1.4443, rec_loss 0.0122, p_loss 0.1430, quant_error 0.1446, utilization 0.2139, perplexity 13254.9311,
Train Epoch: [3/30] Iters:[40/1093] transplant_loss 1.4478, rec_loss 0.0123, p_loss 0.1426, quant_error 0.1451, utilization 0.2139, perplexity 13254.3314,
Train Epoch: [3/30] Iters:[50/1093] transplant_loss 1.4478, rec_loss 0.0123, p_loss 0.1425, quant_error 0.1449, utilization 0.2139, perplexity 13256.8303,
Train Epoch: [3/30] Iters:[60/1093] transplant_loss 1.4561, rec_loss 0.0125, p_loss 0.1433, quant_error 0.1462, utilization 0.2139, perplexity 13261.4452,
Train Epoch: [3/30] Iters:[70/1093] transplant_loss 1.4540, rec_loss 0.0125, p_loss 0.1431, quant_error 0.1460, utilization 0.2140, perplexity 13270.5602,
Train Epoch: [3/30] Iters:[80/1093] transplant_loss 1.4506, rec_loss 0.0124, p_loss 0.1424, quant_error 0.1453, utilization 0.2139, perplexity 13258.6192,
Train Epoch: [3/30] Iters:[90/1093] transplant_loss 1.4479, rec_loss 0.0122, p_loss 0.1424, quant_error 0.1448, utilization 0.2140, perplexity 13267.0337,
Train Epoch: [3/30] Iters:[100/1093] transplant_loss 1.4469, rec_loss 0.0121, p_loss 0.1424, quant_error 0.1448, utilization 0.2140, perplexity 13267.2046,
Train Epoch: [3/30] Iters:[110/1093] transplant_loss 1.4441, rec_loss 0.0120, p_loss 0.1412, quant_error 0.1442, utilization 0.2140, perplexity 13261.8789,
Train Epoch: [3/30] Iters:[120/1093] transplant_loss 1.4460, rec_loss 0.0120, p_loss 0.1411, quant_error 0.1442, utilization 0.2141, perplexity 13270.2419,
Train Epoch: [3/30] Iters:[130/1093] transplant_loss 1.4545, rec_loss 0.0121, p_loss 0.1420, quant_error 0.1452, utilization 0.2142, perplexity 13283.3736,
Train Epoch: [3/30] Iters:[140/1093] transplant_loss 1.4545, rec_loss 0.0121, p_loss 0.1420, quant_error 0.1453, utilization 0.2142, perplexity 13280.4557,
Train Epoch: [3/30] Iters:[150/1093] transplant_loss 1.4604, rec_loss 0.0122, p_loss 0.1423, quant_error 0.1459, utilization 0.2141, perplexity 13272.3985,
Train Epoch: [3/30] Iters:[160/1093] transplant_loss 1.4600, rec_loss 0.0122, p_loss 0.1426, quant_error 0.1459, utilization 0.2141, perplexity 13275.1284,
Train Epoch: [3/30] Iters:[170/1093] transplant_loss 1.4609, rec_loss 0.0122, p_loss 0.1426, quant_error 0.1461, utilization 0.2141, perplexity 13267.3547,
Train Epoch: [3/30] Iters:[180/1093] transplant_loss 1.4568, rec_loss 0.0122, p_loss 0.1422, quant_error 0.1458, utilization 0.2141, perplexity 13265.5398,
Train Epoch: [3/30] Iters:[190/1093] transplant_loss 1.4552, rec_loss 0.0122, p_loss 0.1415, quant_error 0.1453, utilization 0.2141, perplexity 13264.8626,
Train Epoch: [3/30] Iters:[200/1093] transplant_loss 1.4460, rec_loss 0.0120, p_loss 0.1407, quant_error 0.1439, utilization 0.2141, perplexity 13269.4550,
Train Epoch: [3/30] Iters:[210/1093] transplant_loss 1.4483, rec_loss 0.0121, p_loss 0.1409, quant_error 0.1441, utilization 0.2142, perplexity 13278.1742,
Train Epoch: [3/30] Iters:[220/1093] transplant_loss 1.4435, rec_loss 0.0120, p_loss 0.1403, quant_error 0.1432, utilization 0.2143, perplexity 13286.5600,
Train Epoch: [3/30] Iters:[230/1093] transplant_loss 1.4421, rec_loss 0.0119, p_loss 0.1401, quant_error 0.1425, utilization 0.2144, perplexity 13298.0052,
Train Epoch: [3/30] Iters:[240/1093] transplant_loss 1.4464, rec_loss 0.0120, p_loss 0.1411, quant_error 0.1432, utilization 0.2144, perplexity 13296.2421,
Train Epoch: [3/30] Iters:[250/1093] transplant_loss 1.4545, rec_loss 0.0120, p_loss 0.1413, quant_error 0.1442, utilization 0.2144, perplexity 13296.3974,
Train Epoch: [3/30] Iters:[260/1093] transplant_loss 1.4489, rec_loss 0.0119, p_loss 0.1414, quant_error 0.1435, utilization 0.2142, perplexity 13283.1357,
Train Epoch: [3/30] Iters:[270/1093] transplant_loss 1.4465, rec_loss 0.0119, p_loss 0.1418, quant_error 0.1433, utilization 0.2141, perplexity 13274.0730,
Train Epoch: [3/30] Iters:[280/1093] transplant_loss 1.4428, rec_loss 0.0120, p_loss 0.1411, quant_error 0.1432, utilization 0.2141, perplexity 13272.0767,
Train Epoch: [3/30] Iters:[290/1093] transplant_loss 1.4388, rec_loss 0.0122, p_loss 0.1409, quant_error 0.1426, utilization 0.2141, perplexity 13273.6224,
Train Epoch: [3/30] Iters:[300/1093] transplant_loss 1.4369, rec_loss 0.0125, p_loss 0.1413, quant_error 0.1422, utilization 0.2141, perplexity 13278.6463,
Train Epoch: [3/30] Iters:[310/1093] transplant_loss 1.4324, rec_loss 0.0124, p_loss 0.1408, quant_error 0.1414, utilization 0.2142, perplexity 13281.5319,
Train Epoch: [3/30] Iters:[320/1093] transplant_loss 1.4406, rec_loss 0.0126, p_loss 0.1411, quant_error 0.1425, utilization 0.2143, perplexity 13291.7222,
Train Epoch: [3/30] Iters:[330/1093] transplant_loss 1.4456, rec_loss 0.0125, p_loss 0.1418, quant_error 0.1429, utilization 0.2143, perplexity 13289.1072,
Train Epoch: [3/30] Iters:[340/1093] transplant_loss 1.4409, rec_loss 0.0122, p_loss 0.1411, quant_error 0.1422, utilization 0.2143, perplexity 13291.7033,
Train Epoch: [3/30] Iters:[350/1093] transplant_loss 1.4341, rec_loss 0.0118, p_loss 0.1405, quant_error 0.1416, utilization 0.2143, perplexity 13296.1230,
Train Epoch: [3/30] Iters:[360/1093] transplant_loss 1.4375, rec_loss 0.0118, p_loss 0.1406, quant_error 0.1422, utilization 0.2144, perplexity 13306.1232,
Train Epoch: [3/30] Iters:[370/1093] transplant_loss 1.4463, rec_loss 0.0120, p_loss 0.1408, quant_error 0.1428, utilization 0.2145, perplexity 13311.8050,
Train Epoch: [3/30] Iters:[380/1093] transplant_loss 1.4464, rec_loss 0.0120, p_loss 0.1404, quant_error 0.1428, utilization 0.2145, perplexity 13310.1689,
Train Epoch: [3/30] Iters:[390/1093] transplant_loss 1.4528, rec_loss 0.0122, p_loss 0.1403, quant_error 0.1434, utilization 0.2146, perplexity 13317.1141,
Train Epoch: [3/30] Iters:[400/1093] transplant_loss 1.4575, rec_loss 0.0123, p_loss 0.1405, quant_error 0.1438, utilization 0.2146, perplexity 13314.2358,
Train Epoch: [3/30] Iters:[410/1093] transplant_loss 1.4621, rec_loss 0.0123, p_loss 0.1405, quant_error 0.1440, utilization 0.2146, perplexity 13317.8212,
Train Epoch: [3/30] Iters:[420/1093] transplant_loss 1.4553, rec_loss 0.0122, p_loss 0.1401, quant_error 0.1433, utilization 0.2145, perplexity 13312.6731,
Train Epoch: [3/30] Iters:[430/1093] transplant_loss 1.4610, rec_loss 0.0123, p_loss 0.1406, quant_error 0.1441, utilization 0.2145, perplexity 13311.6591,
Train Epoch: [3/30] Iters:[440/1093] transplant_loss 1.4654, rec_loss 0.0122, p_loss 0.1414, quant_error 0.1446, utilization 0.2145, perplexity 13310.4021,
Train Epoch: [3/30] Iters:[450/1093] transplant_loss 1.4663, rec_loss 0.0122, p_loss 0.1415, quant_error 0.1445, utilization 0.2146, perplexity 13318.5108,
Train Epoch: [3/30] Iters:[460/1093] transplant_loss 1.4603, rec_loss 0.0120, p_loss 0.1413, quant_error 0.1440, utilization 0.2145, perplexity 13310.9471,
Train Epoch: [3/30] Iters:[470/1093] transplant_loss 1.4598, rec_loss 0.0119, p_loss 0.1418, quant_error 0.1436, utilization 0.2145, perplexity 13310.8200,
Train Epoch: [3/30] Iters:[480/1093] transplant_loss 1.4578, rec_loss 0.0119, p_loss 0.1411, quant_error 0.1430, utilization 0.2146, perplexity 13319.5912,
Train Epoch: [3/30] Iters:[490/1093] transplant_loss 1.4535, rec_loss 0.0119, p_loss 0.1408, quant_error 0.1423, utilization 0.2147, perplexity 13322.3848,
Train Epoch: [3/30] Iters:[500/1093] transplant_loss 1.4557, rec_loss 0.0119, p_loss 0.1407, quant_error 0.1426, utilization 0.2147, perplexity 13326.5585,
Train Epoch: [3/30] Iters:[510/1093] transplant_loss 1.4635, rec_loss 0.0120, p_loss 0.1413, quant_error 0.1435, utilization 0.2148, perplexity 13331.9226,
Train Epoch: [3/30] Iters:[520/1093] transplant_loss 1.4608, rec_loss 0.0119, p_loss 0.1410, quant_error 0.1432, utilization 0.2147, perplexity 13329.2007,
Train Epoch: [3/30] Iters:[530/1093] transplant_loss 1.4607, rec_loss 0.0119, p_loss 0.1413, quant_error 0.1435, utilization 0.2147, perplexity 13330.2093,
Train Epoch: [3/30] Iters:[540/1093] transplant_loss 1.4602, rec_loss 0.0119, p_loss 0.1413, quant_error 0.1432, utilization 0.2147, perplexity 13327.9551,
Train Epoch: [3/30] Iters:[550/1093] transplant_loss 1.4523, rec_loss 0.0118, p_loss 0.1409, quant_error 0.1421, utilization 0.2145, perplexity 13313.3433,
Train Epoch: [3/30] Iters:[560/1093] transplant_loss 1.4512, rec_loss 0.0118, p_loss 0.1405, quant_error 0.1416, utilization 0.2146, perplexity 13313.9046,
Train Epoch: [3/30] Iters:[570/1093] transplant_loss 1.4540, rec_loss 0.0119, p_loss 0.1404, quant_error 0.1419, utilization 0.2146, perplexity 13320.2877,
Train Epoch: [3/30] Iters:[580/1093] transplant_loss 1.4589, rec_loss 0.0120, p_loss 0.1405, quant_error 0.1422, utilization 0.2147, perplexity 13324.8836,
Train Epoch: [3/30] Iters:[590/1093] transplant_loss 1.4586, rec_loss 0.0120, p_loss 0.1401, quant_error 0.1423, utilization 0.2148, perplexity 13329.7151,
Train Epoch: [3/30] Iters:[600/1093] transplant_loss 1.4668, rec_loss 0.0121, p_loss 0.1407, quant_error 0.1432, utilization 0.2148, perplexity 13337.8769,
Train Epoch: [3/30] Iters:[610/1093] transplant_loss 1.4603, rec_loss 0.0120, p_loss 0.1402, quant_error 0.1425, utilization 0.2148, perplexity 13330.6687,
Train Epoch: [3/30] Iters:[620/1093] transplant_loss 1.4597, rec_loss 0.0118, p_loss 0.1400, quant_error 0.1426, utilization 0.2148, perplexity 13329.0981,
Train Epoch: [3/30] Iters:[630/1093] transplant_loss 1.4558, rec_loss 0.0118, p_loss 0.1399, quant_error 0.1419, utilization 0.2148, perplexity 13328.7744,
Train Epoch: [3/30] Iters:[640/1093] transplant_loss 1.4606, rec_loss 0.0118, p_loss 0.1402, quant_error 0.1425, utilization 0.2147, perplexity 13322.5856,
Train Epoch: [3/30] Iters:[650/1093] transplant_loss 1.4592, rec_loss 0.0118, p_loss 0.1396, quant_error 0.1425, utilization 0.2146, perplexity 13317.2411,
Train Epoch: [3/30] Iters:[660/1093] transplant_loss 1.4582, rec_loss 0.0118, p_loss 0.1396, quant_error 0.1420, utilization 0.2147, perplexity 13321.1887,
Train Epoch: [3/30] Iters:[670/1093] transplant_loss 1.4559, rec_loss 0.0119, p_loss 0.1397, quant_error 0.1418, utilization 0.2147, perplexity 13322.6032,
Train Epoch: [3/30] Iters:[680/1093] transplant_loss 1.4475, rec_loss 0.0118, p_loss 0.1394, quant_error 0.1410, utilization 0.2146, perplexity 13312.0774,
Train Epoch: [3/30] Iters:[690/1093] transplant_loss 1.4542, rec_loss 0.0118, p_loss 0.1398, quant_error 0.1416, utilization 0.2147, perplexity 13324.8431,
Train Epoch: [3/30] Iters:[700/1093] transplant_loss 1.4510, rec_loss 0.0117, p_loss 0.1395, quant_error 0.1406, utilization 0.2148, perplexity 13331.7514,
Train Epoch: [3/30] Iters:[710/1093] transplant_loss 1.4533, rec_loss 0.0116, p_loss 0.1397, quant_error 0.1409, utilization 0.2148, perplexity 13333.8452,
Train Epoch: [3/30] Iters:[720/1093] transplant_loss 1.4529, rec_loss 0.0115, p_loss 0.1398, quant_error 0.1409, utilization 0.2148, perplexity 13332.3820,
Train Epoch: [3/30] Iters:[730/1093] transplant_loss 1.4574, rec_loss 0.0116, p_loss 0.1398, quant_error 0.1410, utilization 0.2148, perplexity 13330.8703,
Train Epoch: [3/30] Iters:[740/1093] transplant_loss 1.4491, rec_loss 0.0116, p_loss 0.1392, quant_error 0.1401, utilization 0.2148, perplexity 13332.2437,
Train Epoch: [3/30] Iters:[750/1093] transplant_loss 1.4582, rec_loss 0.0117, p_loss 0.1402, quant_error 0.1416, utilization 0.2149, perplexity 13342.9124,
Train Epoch: [3/30] Iters:[760/1093] transplant_loss 1.4610, rec_loss 0.0119, p_loss 0.1402, quant_error 0.1422, utilization 0.2150, perplexity 13346.7697,
Train Epoch: [3/30] Iters:[770/1093] transplant_loss 1.4603, rec_loss 0.0119, p_loss 0.1400, quant_error 0.1420, utilization 0.2149, perplexity 13342.3515,
Train Epoch: [3/30] Iters:[780/1093] transplant_loss 1.4642, rec_loss 0.0119, p_loss 0.1406, quant_error 0.1427, utilization 0.2151, perplexity 13356.5989,
Train Epoch: [3/30] Iters:[790/1093] transplant_loss 1.4614, rec_loss 0.0118, p_loss 0.1403, quant_error 0.1420, utilization 0.2149, perplexity 13338.2735,
Train Epoch: [3/30] Iters:[800/1093] transplant_loss 1.4551, rec_loss 0.0117, p_loss 0.1398, quant_error 0.1409, utilization 0.2148, perplexity 13329.8834,
Train Epoch: [3/30] Iters:[810/1093] transplant_loss 1.4580, rec_loss 0.0117, p_loss 0.1403, quant_error 0.1410, utilization 0.2149, perplexity 13341.1712,
Train Epoch: [3/30] Iters:[820/1093] transplant_loss 1.4572, rec_loss 0.0118, p_loss 0.1400, quant_error 0.1407, utilization 0.2150, perplexity 13354.1516,
Train Epoch: [3/30] Iters:[830/1093] transplant_loss 1.4498, rec_loss 0.0116, p_loss 0.1393, quant_error 0.1394, utilization 0.2149, perplexity 13347.1085,
Train Epoch: [3/30] Iters:[840/1093] transplant_loss 1.4476, rec_loss 0.0116, p_loss 0.1392, quant_error 0.1389, utilization 0.2150, perplexity 13358.2095,
Train Epoch: [3/30] Iters:[850/1093] transplant_loss 1.4538, rec_loss 0.0117, p_loss 0.1396, quant_error 0.1396, utilization 0.2151, perplexity 13368.4606,
Train Epoch: [3/30] Iters:[860/1093] transplant_loss 1.4596, rec_loss 0.0118, p_loss 0.1397, quant_error 0.1402, utilization 0.2152, perplexity 13371.3052,
Train Epoch: [3/30] Iters:[870/1093] transplant_loss 1.4629, rec_loss 0.0118, p_loss 0.1401, quant_error 0.1407, utilization 0.2152, perplexity 13375.1921,
Train Epoch: [3/30] Iters:[880/1093] transplant_loss 1.4641, rec_loss 0.0119, p_loss 0.1399, quant_error 0.1408, utilization 0.2153, perplexity 13376.7189,
Train Epoch: [3/30] Iters:[890/1093] transplant_loss 1.4720, rec_loss 0.0121, p_loss 0.1403, quant_error 0.1421, utilization 0.2153, perplexity 13379.0348,
Train Epoch: [3/30] Iters:[900/1093] transplant_loss 1.4644, rec_loss 0.0119, p_loss 0.1396, quant_error 0.1412, utilization 0.2151, perplexity 13364.3840,
Train Epoch: [3/30] Iters:[910/1093] transplant_loss 1.4547, rec_loss 0.0117, p_loss 0.1389, quant_error 0.1400, utilization 0.2150, perplexity 13353.7351,
Train Epoch: [3/30] Iters:[920/1093] transplant_loss 1.4498, rec_loss 0.0116, p_loss 0.1387, quant_error 0.1391, utilization 0.2149, perplexity 13347.6122,
Train Epoch: [3/30] Iters:[930/1093] transplant_loss 1.4561, rec_loss 0.0116, p_loss 0.1396, quant_error 0.1398, utilization 0.2149, perplexity 13347.7428,
Train Epoch: [3/30] Iters:[940/1093] transplant_loss 1.4591, rec_loss 0.0117, p_loss 0.1400, quant_error 0.1401, utilization 0.2150, perplexity 13354.0365,
Train Epoch: [3/30] Iters:[950/1093] transplant_loss 1.4628, rec_loss 0.0117, p_loss 0.1404, quant_error 0.1406, utilization 0.2151, perplexity 13366.8763,
Train Epoch: [3/30] Iters:[960/1093] transplant_loss 1.4653, rec_loss 0.0119, p_loss 0.1404, quant_error 0.1408, utilization 0.2152, perplexity 13372.8621,
Train Epoch: [3/30] Iters:[970/1093] transplant_loss 1.4698, rec_loss 0.0119, p_loss 0.1408, quant_error 0.1417, utilization 0.2152, perplexity 13373.4973,
Train Epoch: [3/30] Iters:[980/1093] transplant_loss 1.4635, rec_loss 0.0118, p_loss 0.1403, quant_error 0.1412, utilization 0.2152, perplexity 13374.9692,
Train Epoch: [3/30] Iters:[990/1093] transplant_loss 1.4552, rec_loss 0.0116, p_loss 0.1396, quant_error 0.1402, utilization 0.2151, perplexity 13361.9619,
Train Epoch: [3/30] Iters:[1000/1093] transplant_loss 1.4511, rec_loss 0.0116, p_loss 0.1394, quant_error 0.1397, utilization 0.2150, perplexity 13351.3926,
Train Epoch: [3/30] Iters:[1010/1093] transplant_loss 1.4481, rec_loss 0.0115, p_loss 0.1391, quant_error 0.1391, utilization 0.2149, perplexity 13336.9503,
Train Epoch: [3/30] Iters:[1020/1093] transplant_loss 1.4456, rec_loss 0.0116, p_loss 0.1386, quant_error 0.1385, utilization 0.2149, perplexity 13340.3701,
Train Epoch: [3/30] Iters:[1030/1093] transplant_loss 1.4521, rec_loss 0.0118, p_loss 0.1389, quant_error 0.1392, utilization 0.2150, perplexity 13344.9594,
Train Epoch: [3/30] Iters:[1040/1093] transplant_loss 1.4540, rec_loss 0.0118, p_loss 0.1393, quant_error 0.1393, utilization 0.2151, perplexity 13360.8890,
Train Epoch: [3/30] Iters:[1050/1093] transplant_loss 1.4531, rec_loss 0.0117, p_loss 0.1391, quant_error 0.1389, utilization 0.2152, perplexity 13371.8559,
Train Epoch: [3/30] Iters:[1060/1093] transplant_loss 1.4625, rec_loss 0.0117, p_loss 0.1400, quant_error 0.1403, utilization 0.2153, perplexity 13379.0820,
Train Epoch: [3/30] Iters:[1070/1093] transplant_loss 1.4673, rec_loss 0.0117, p_loss 0.1398, quant_error 0.1408, utilization 0.2153, perplexity 13380.0191,
Train Epoch: [3/30] Iters:[1080/1093] transplant_loss 1.4649, rec_loss 0.0116, p_loss 0.1394, quant_error 0.1402, utilization 0.2153, perplexity 13373.4266,
Train Epoch: [3/30] Iters:[1090/1093] transplant_loss 1.4629, rec_loss 0.0115, p_loss 0.1391, quant_error 0.1401, utilization 0.2152, perplexity 13367.8207,
epoch:4, cur_lr:0.000091
Train Epoch: [4/30] Iters:[10/1093] transplant_loss 1.4783, rec_loss 0.0117, p_loss 0.1389, quant_error 0.1424, utilization 0.2152, perplexity 13364.4172,
Train Epoch: [4/30] Iters:[20/1093] transplant_loss 1.4622, rec_loss 0.0115, p_loss 0.1389, quant_error 0.1402, utilization 0.2154, perplexity 13385.2622,
Train Epoch: [4/30] Iters:[30/1093] transplant_loss 1.4692, rec_loss 0.0117, p_loss 0.1398, quant_error 0.1409, utilization 0.2154, perplexity 13383.3376,
Train Epoch: [4/30] Iters:[40/1093] transplant_loss 1.4701, rec_loss 0.0116, p_loss 0.1399, quant_error 0.1410, utilization 0.2153, perplexity 13379.8014,
Train Epoch: [4/30] Iters:[50/1093] transplant_loss 1.4666, rec_loss 0.0116, p_loss 0.1402, quant_error 0.1404, utilization 0.2153, perplexity 13378.8963,
Train Epoch: [4/30] Iters:[60/1093] transplant_loss 1.4661, rec_loss 0.0116, p_loss 0.1406, quant_error 0.1402, utilization 0.2153, perplexity 13380.8377,
Train Epoch: [4/30] Iters:[70/1093] transplant_loss 1.4660, rec_loss 0.0115, p_loss 0.1408, quant_error 0.1403, utilization 0.2154, perplexity 13382.3693,
Train Epoch: [4/30] Iters:[80/1093] transplant_loss 1.4598, rec_loss 0.0115, p_loss 0.1403, quant_error 0.1394, utilization 0.2154, perplexity 13387.3590,
Train Epoch: [4/30] Iters:[90/1093] transplant_loss 1.4648, rec_loss 0.0116, p_loss 0.1402, quant_error 0.1399, utilization 0.2155, perplexity 13394.4604,
Train Epoch: [4/30] Iters:[100/1093] transplant_loss 1.4676, rec_loss 0.0118, p_loss 0.1397, quant_error 0.1404, utilization 0.2155, perplexity 13393.7670,
Train Epoch: [4/30] Iters:[110/1093] transplant_loss 1.4620, rec_loss 0.0118, p_loss 0.1392, quant_error 0.1396, utilization 0.2155, perplexity 13392.6885,
Train Epoch: [4/30] Iters:[120/1093] transplant_loss 1.4666, rec_loss 0.0119, p_loss 0.1390, quant_error 0.1401, utilization 0.2155, perplexity 13393.3726,
Train Epoch: [4/30] Iters:[130/1093] transplant_loss 1.4734, rec_loss 0.0119, p_loss 0.1392, quant_error 0.1406, utilization 0.2154, perplexity 13388.1899,
Train Epoch: [4/30] Iters:[140/1093] transplant_loss 1.4714, rec_loss 0.0118, p_loss 0.1393, quant_error 0.1405, utilization 0.2153, perplexity 13381.5370,
Train Epoch: [4/30] Iters:[150/1093] transplant_loss 1.4733, rec_loss 0.0118, p_loss 0.1389, quant_error 0.1406, utilization 0.2153, perplexity 13379.8056,
Train Epoch: [4/30] Iters:[160/1093] transplant_loss 1.4777, rec_loss 0.0117, p_loss 0.1388, quant_error 0.1410, utilization 0.2153, perplexity 13378.9184,
Train Epoch: [4/30] Iters:[170/1093] transplant_loss 1.4770, rec_loss 0.0117, p_loss 0.1388, quant_error 0.1409, utilization 0.2153, perplexity 13374.2845,
Train Epoch: [4/30] Iters:[180/1093] transplant_loss 1.4750, rec_loss 0.0117, p_loss 0.1385, quant_error 0.1409, utilization 0.2153, perplexity 13377.9878,
Train Epoch: [4/30] Iters:[190/1093] transplant_loss 1.4710, rec_loss 0.0117, p_loss 0.1382, quant_error 0.1404, utilization 0.2154, perplexity 13377.4676,
Train Epoch: [4/30] Iters:[200/1093] transplant_loss 1.4666, rec_loss 0.0115, p_loss 0.1385, quant_error 0.1400, utilization 0.2153, perplexity 13377.2203,
Train Epoch: [4/30] Iters:[210/1093] transplant_loss 1.4651, rec_loss 0.0115, p_loss 0.1386, quant_error 0.1399, utilization 0.2154, perplexity 13385.7290,
Train Epoch: [4/30] Iters:[220/1093] transplant_loss 1.4706, rec_loss 0.0118, p_loss 0.1393, quant_error 0.1403, utilization 0.2154, perplexity 13379.9377,
Train Epoch: [4/30] Iters:[230/1093] transplant_loss 1.4607, rec_loss 0.0116, p_loss 0.1389, quant_error 0.1388, utilization 0.2153, perplexity 13374.2732,
Train Epoch: [4/30] Iters:[240/1093] transplant_loss 1.4563, rec_loss 0.0116, p_loss 0.1387, quant_error 0.1381, utilization 0.2153, perplexity 13376.9220,
Train Epoch: [4/30] Iters:[250/1093] transplant_loss 1.4571, rec_loss 0.0117, p_loss 0.1387, quant_error 0.1380, utilization 0.2154, perplexity 13385.4565,
Train Epoch: [4/30] Iters:[260/1093] transplant_loss 1.4577, rec_loss 0.0117, p_loss 0.1384, quant_error 0.1382, utilization 0.2153, perplexity 13378.3586,
Train Epoch: [4/30] Iters:[270/1093] transplant_loss 1.4604, rec_loss 0.0116, p_loss 0.1383, quant_error 0.1387, utilization 0.2155, perplexity 13389.4376,
Train Epoch: [4/30] Iters:[280/1093] transplant_loss 1.4649, rec_loss 0.0117, p_loss 0.1389, quant_error 0.1393, utilization 0.2155, perplexity 13395.0599,
Train Epoch: [4/30] Iters:[290/1093] transplant_loss 1.4703, rec_loss 0.0118, p_loss 0.1390, quant_error 0.1399, utilization 0.2156, perplexity 13400.8375,
Train Epoch: [4/30] Iters:[300/1093] transplant_loss 1.4732, rec_loss 0.0117, p_loss 0.1390, quant_error 0.1404, utilization 0.2156, perplexity 13402.0336,
Train Epoch: [4/30] Iters:[310/1093] transplant_loss 1.4836, rec_loss 0.0119, p_loss 0.1399, quant_error 0.1411, utilization 0.2156, perplexity 13407.6782,
Train Epoch: [4/30] Iters:[320/1093] transplant_loss 1.4812, rec_loss 0.0119, p_loss 0.1397, quant_error 0.1406, utilization 0.2156, perplexity 13404.6783,
Train Epoch: [4/30] Iters:[330/1093] transplant_loss 1.4840, rec_loss 0.0119, p_loss 0.1394, quant_error 0.1410, utilization 0.2157, perplexity 13406.3211,
Train Epoch: [4/30] Iters:[340/1093] transplant_loss 1.4880, rec_loss 0.0119, p_loss 0.1396, quant_error 0.1416, utilization 0.2155, perplexity 13394.2676,
Train Epoch: [4/30] Iters:[350/1093] transplant_loss 1.4838, rec_loss 0.0118, p_loss 0.1396, quant_error 0.1408, utilization 0.2154, perplexity 13383.8374,
Train Epoch: [4/30] Iters:[360/1093] transplant_loss 1.4703, rec_loss 0.0115, p_loss 0.1387, quant_error 0.1392, utilization 0.2154, perplexity 13377.7512,
Train Epoch: [4/30] Iters:[370/1093] transplant_loss 1.4702, rec_loss 0.0116, p_loss 0.1386, quant_error 0.1392, utilization 0.2154, perplexity 13379.2123,
Train Epoch: [4/30] Iters:[380/1093] transplant_loss 1.4716, rec_loss 0.0116, p_loss 0.1388, quant_error 0.1391, utilization 0.2153, perplexity 13375.8645,
Train Epoch: [4/30] Iters:[390/1093] transplant_loss 1.4656, rec_loss 0.0115, p_loss 0.1389, quant_error 0.1383, utilization 0.2155, perplexity 13394.1011,
Train Epoch: [4/30] Iters:[400/1093] transplant_loss 1.4690, rec_loss 0.0116, p_loss 0.1391, quant_error 0.1389, utilization 0.2156, perplexity 13405.6052,
Train Epoch: [4/30] Iters:[410/1093] transplant_loss 1.4667, rec_loss 0.0116, p_loss 0.1391, quant_error 0.1387, utilization 0.2157, perplexity 13408.0801,
Train Epoch: [4/30] Iters:[420/1093] transplant_loss 1.4624, rec_loss 0.0115, p_loss 0.1387, quant_error 0.1381, utilization 0.2157, perplexity 13410.0308,
Train Epoch: [4/30] Iters:[430/1093] transplant_loss 1.4555, rec_loss 0.0114, p_loss 0.1384, quant_error 0.1373, utilization 0.2157, perplexity 13416.0406,
Train Epoch: [4/30] Iters:[440/1093] transplant_loss 1.4469, rec_loss 0.0113, p_loss 0.1375, quant_error 0.1361, utilization 0.2156, perplexity 13402.0935,
Train Epoch: [4/30] Iters:[450/1093] transplant_loss 1.4487, rec_loss 0.0113, p_loss 0.1375, quant_error 0.1360, utilization 0.2156, perplexity 13404.1838,
Train Epoch: [4/30] Iters:[460/1093] transplant_loss 1.4600, rec_loss 0.0114, p_loss 0.1384, quant_error 0.1375, utilization 0.2157, perplexity 13412.2934,
Train Epoch: [4/30] Iters:[470/1093] transplant_loss 1.4629, rec_loss 0.0115, p_loss 0.1390, quant_error 0.1378, utilization 0.2156, perplexity 13404.0118,
Train Epoch: [4/30] Iters:[480/1093] transplant_loss 1.4693, rec_loss 0.0116, p_loss 0.1393, quant_error 0.1387, utilization 0.2156, perplexity 13399.4946,
Train Epoch: [4/30] Iters:[490/1093] transplant_loss 1.4752, rec_loss 0.0118, p_loss 0.1395, quant_error 0.1393, utilization 0.2156, perplexity 13399.1690,
Train Epoch: [4/30] Iters:[500/1093] transplant_loss 1.4707, rec_loss 0.0117, p_loss 0.1389, quant_error 0.1387, utilization 0.2155, perplexity 13394.5007,
Train Epoch: [4/30] Iters:[510/1093] transplant_loss 1.4659, rec_loss 0.0117, p_loss 0.1386, quant_error 0.1380, utilization 0.2155, perplexity 13389.0797,
Train Epoch: [4/30] Iters:[520/1093] transplant_loss 1.4616, rec_loss 0.0116, p_loss 0.1378, quant_error 0.1375, utilization 0.2155, perplexity 13391.9073,
Train Epoch: [4/30] Iters:[530/1093] transplant_loss 1.4609, rec_loss 0.0115, p_loss 0.1377, quant_error 0.1371, utilization 0.2155, perplexity 13385.7942,
Train Epoch: [4/30] Iters:[540/1093] transplant_loss 1.4677, rec_loss 0.0114, p_loss 0.1380, quant_error 0.1382, utilization 0.2155, perplexity 13387.5743,
Train Epoch: [4/30] Iters:[550/1093] transplant_loss 1.4677, rec_loss 0.0115, p_loss 0.1382, quant_error 0.1382, utilization 0.2155, perplexity 13389.7295,
Train Epoch: [4/30] Iters:[560/1093] transplant_loss 1.4686, rec_loss 0.0114, p_loss 0.1383, quant_error 0.1384, utilization 0.2155, perplexity 13389.0593,
Train Epoch: [4/30] Iters:[570/1093] transplant_loss 1.4688, rec_loss 0.0114, p_loss 0.1386, quant_error 0.1383, utilization 0.2155, perplexity 13393.8377,
Train Epoch: [4/30] Iters:[580/1093] transplant_loss 1.4680, rec_loss 0.0115, p_loss 0.1385, quant_error 0.1380, utilization 0.2156, perplexity 13397.1113,
Train Epoch: [4/30] Iters:[590/1093] transplant_loss 1.4624, rec_loss 0.0114, p_loss 0.1383, quant_error 0.1371, utilization 0.2156, perplexity 13400.3277,
Train Epoch: [4/30] Iters:[600/1093] transplant_loss 1.4665, rec_loss 0.0115, p_loss 0.1384, quant_error 0.1372, utilization 0.2156, perplexity 13401.4461,
Train Epoch: [4/30] Iters:[610/1093] transplant_loss 1.4666, rec_loss 0.0115, p_loss 0.1383, quant_error 0.1371, utilization 0.2156, perplexity 13399.3375,
Train Epoch: [4/30] Iters:[620/1093] transplant_loss 1.4717, rec_loss 0.0116, p_loss 0.1385, quant_error 0.1377, utilization 0.2156, perplexity 13396.9846,
Train Epoch: [4/30] Iters:[630/1093] transplant_loss 1.4665, rec_loss 0.0114, p_loss 0.1383, quant_error 0.1370, utilization 0.2156, perplexity 13399.8213,
Train Epoch: [4/30] Iters:[640/1093] transplant_loss 1.4664, rec_loss 0.0114, p_loss 0.1384, quant_error 0.1373, utilization 0.2156, perplexity 13397.1797,
Train Epoch: [4/30] Iters:[650/1093] transplant_loss 1.4606, rec_loss 0.0113, p_loss 0.1380, quant_error 0.1366, utilization 0.2156, perplexity 13398.2305,
Train Epoch: [4/30] Iters:[660/1093] transplant_loss 1.4552, rec_loss 0.0112, p_loss 0.1376, quant_error 0.1358, utilization 0.2156, perplexity 13397.9236,
Train Epoch: [4/30] Iters:[670/1093] transplant_loss 1.4495, rec_loss 0.0111, p_loss 0.1371, quant_error 0.1350, utilization 0.2156, perplexity 13393.9503,
Train Epoch: [4/30] Iters:[680/1093] transplant_loss 1.4587, rec_loss 0.0113, p_loss 0.1372, quant_error 0.1362, utilization 0.2156, perplexity 13397.0956,
Train Epoch: [4/30] Iters:[690/1093] transplant_loss 1.4608, rec_loss 0.0112, p_loss 0.1375, quant_error 0.1363, utilization 0.2157, perplexity 13410.9518,
Train Epoch: [4/30] Iters:[700/1093] transplant_loss 1.4674, rec_loss 0.0114, p_loss 0.1380, quant_error 0.1371, utilization 0.2157, perplexity 13412.0179,
Train Epoch: [4/30] Iters:[710/1093] transplant_loss 1.4682, rec_loss 0.0114, p_loss 0.1381, quant_error 0.1373, utilization 0.2158, perplexity 13416.0778,
Train Epoch: [4/30] Iters:[720/1093] transplant_loss 1.4767, rec_loss 0.0115, p_loss 0.1387, quant_error 0.1383, utilization 0.2159, perplexity 13431.3858,
Train Epoch: [4/30] Iters:[730/1093] transplant_loss 1.4742, rec_loss 0.0115, p_loss 0.1385, quant_error 0.1383, utilization 0.2159, perplexity 13432.3052,
Train Epoch: [4/30] Iters:[740/1093] transplant_loss 1.4789, rec_loss 0.0116, p_loss 0.1390, quant_error 0.1391, utilization 0.2159, perplexity 13431.5835,
Train Epoch: [4/30] Iters:[750/1093] transplant_loss 1.4775, rec_loss 0.0116, p_loss 0.1389, quant_error 0.1390, utilization 0.2159, perplexity 13429.8778,
Train Epoch: [4/30] Iters:[760/1093] transplant_loss 1.4812, rec_loss 0.0116, p_loss 0.1387, quant_error 0.1395, utilization 0.2159, perplexity 13435.2026,
Train Epoch: [4/30] Iters:[770/1093] transplant_loss 1.4772, rec_loss 0.0115, p_loss 0.1383, quant_error 0.1392, utilization 0.2159, perplexity 13431.8494,
Train Epoch: [4/30] Iters:[780/1093] transplant_loss 1.4776, rec_loss 0.0116, p_loss 0.1389, quant_error 0.1390, utilization 0.2159, perplexity 13429.9879,
Train Epoch: [4/30] Iters:[790/1093] transplant_loss 1.4772, rec_loss 0.0115, p_loss 0.1386, quant_error 0.1388, utilization 0.2158, perplexity 13420.3976,
Train Epoch: [4/30] Iters:[800/1093] transplant_loss 1.4756, rec_loss 0.0115, p_loss 0.1388, quant_error 0.1385, utilization 0.2158, perplexity 13417.7600,
Train Epoch: [4/30] Iters:[810/1093] transplant_loss 1.4788, rec_loss 0.0116, p_loss 0.1393, quant_error 0.1391, utilization 0.2158, perplexity 13420.5022,
Train Epoch: [4/30] Iters:[820/1093] transplant_loss 1.4745, rec_loss 0.0116, p_loss 0.1388, quant_error 0.1386, utilization 0.2157, perplexity 13414.6756,
Train Epoch: [4/30] Iters:[830/1093] transplant_loss 1.4776, rec_loss 0.0116, p_loss 0.1386, quant_error 0.1390, utilization 0.2158, perplexity 13418.7704,
Train Epoch: [4/30] Iters:[840/1093] transplant_loss 1.4754, rec_loss 0.0117, p_loss 0.1380, quant_error 0.1389, utilization 0.2158, perplexity 13415.1194,
Train Epoch: [4/30] Iters:[850/1093] transplant_loss 1.4739, rec_loss 0.0116, p_loss 0.1376, quant_error 0.1385, utilization 0.2158, perplexity 13414.0754,
Train Epoch: [4/30] Iters:[860/1093] transplant_loss 1.4792, rec_loss 0.0116, p_loss 0.1376, quant_error 0.1389, utilization 0.2158, perplexity 13411.4852,
Train Epoch: [4/30] Iters:[870/1093] transplant_loss 1.4779, rec_loss 0.0116, p_loss 0.1379, quant_error 0.1382, utilization 0.2157, perplexity 13408.8547,
Train Epoch: [4/30] Iters:[880/1093] transplant_loss 1.4765, rec_loss 0.0116, p_loss 0.1380, quant_error 0.1381, utilization 0.2157, perplexity 13410.6787,
Train Epoch: [4/30] Iters:[890/1093] transplant_loss 1.4723, rec_loss 0.0114, p_loss 0.1378, quant_error 0.1373, utilization 0.2157, perplexity 13415.7704,
Train Epoch: [4/30] Iters:[900/1093] transplant_loss 1.4752, rec_loss 0.0114, p_loss 0.1379, quant_error 0.1377, utilization 0.2158, perplexity 13421.9247,
Train Epoch: [4/30] Iters:[910/1093] transplant_loss 1.4730, rec_loss 0.0114, p_loss 0.1378, quant_error 0.1372, utilization 0.2159, perplexity 13431.8646,
Train Epoch: [4/30] Iters:[920/1093] transplant_loss 1.4792, rec_loss 0.0114, p_loss 0.1384, quant_error 0.1381, utilization 0.2159, perplexity 13434.7922,
Train Epoch: [4/30] Iters:[930/1093] transplant_loss 1.4771, rec_loss 0.0114, p_loss 0.1382, quant_error 0.1376, utilization 0.2159, perplexity 13430.3125,
Train Epoch: [4/30] Iters:[940/1093] transplant_loss 1.4788, rec_loss 0.0115, p_loss 0.1381, quant_error 0.1378, utilization 0.2160, perplexity 13433.4504,
Train Epoch: [4/30] Iters:[950/1093] transplant_loss 1.4776, rec_loss 0.0115, p_loss 0.1379, quant_error 0.1376, utilization 0.2160, perplexity 13435.9704,
Train Epoch: [4/30] Iters:[960/1093] transplant_loss 1.4715, rec_loss 0.0114, p_loss 0.1378, quant_error 0.1371, utilization 0.2159, perplexity 13425.6512,
Train Epoch: [4/30] Iters:[970/1093] transplant_loss 1.4641, rec_loss 0.0113, p_loss 0.1371, quant_error 0.1362, utilization 0.2158, perplexity 13421.2365,
Train Epoch: [4/30] Iters:[980/1093] transplant_loss 1.4567, rec_loss 0.0112, p_loss 0.1365, quant_error 0.1350, utilization 0.2159, perplexity 13422.5156,
Train Epoch: [4/30] Iters:[990/1093] transplant_loss 1.4598, rec_loss 0.0112, p_loss 0.1369, quant_error 0.1354, utilization 0.2160, perplexity 13433.1245,
Train Epoch: [4/30] Iters:[1000/1093] transplant_loss 1.4591, rec_loss 0.0111, p_loss 0.1366, quant_error 0.1353, utilization 0.2159, perplexity 13430.1192,
Train Epoch: [4/30] Iters:[1010/1093] transplant_loss 1.4594, rec_loss 0.0111, p_loss 0.1365, quant_error 0.1350, utilization 0.2160, perplexity 13432.8686,
Train Epoch: [4/30] Iters:[1020/1093] transplant_loss 1.4622, rec_loss 0.0112, p_loss 0.1367, quant_error 0.1353, utilization 0.2160, perplexity 13438.0540,
Train Epoch: [4/30] Iters:[1030/1093] transplant_loss 1.4672, rec_loss 0.0112, p_loss 0.1372, quant_error 0.1362, utilization 0.2160, perplexity 13431.9742,
Train Epoch: [4/30] Iters:[1040/1093] transplant_loss 1.4702, rec_loss 0.0113, p_loss 0.1375, quant_error 0.1365, utilization 0.2159, perplexity 13425.9135,
Train Epoch: [4/30] Iters:[1050/1093] transplant_loss 1.4685, rec_loss 0.0113, p_loss 0.1379, quant_error 0.1365, utilization 0.2160, perplexity 13430.8800,
Train Epoch: [4/30] Iters:[1060/1093] transplant_loss 1.4670, rec_loss 0.0112, p_loss 0.1379, quant_error 0.1365, utilization 0.2160, perplexity 13430.6380,
Train Epoch: [4/30] Iters:[1070/1093] transplant_loss 1.4689, rec_loss 0.0113, p_loss 0.1381, quant_error 0.1367, utilization 0.2159, perplexity 13426.3823,
Train Epoch: [4/30] Iters:[1080/1093] transplant_loss 1.4727, rec_loss 0.0113, p_loss 0.1380, quant_error 0.1372, utilization 0.2161, perplexity 13442.4324,
Train Epoch: [4/30] Iters:[1090/1093] transplant_loss 1.4695, rec_loss 0.0113, p_loss 0.1381, quant_error 0.1367, utilization 0.2161, perplexity 13442.7007,
epoch:5, cur_lr:0.000088
Train Epoch: [5/30] Iters:[10/1093] transplant_loss 1.4596, rec_loss 0.0111, p_loss 0.1359, quant_error 0.1346, utilization 0.2159, perplexity 13437.7940,
Train Epoch: [5/30] Iters:[20/1093] transplant_loss 1.4711, rec_loss 0.0113, p_loss 0.1371, quant_error 0.1363, utilization 0.2160, perplexity 13435.8076,
Train Epoch: [5/30] Iters:[30/1093] transplant_loss 1.4735, rec_loss 0.0113, p_loss 0.1374, quant_error 0.1364, utilization 0.2159, perplexity 13432.5348,
Train Epoch: [5/30] Iters:[40/1093] transplant_loss 1.4789, rec_loss 0.0114, p_loss 0.1375, quant_error 0.1370, utilization 0.2161, perplexity 13441.0482,
Train Epoch: [5/30] Iters:[50/1093] transplant_loss 1.4754, rec_loss 0.0113, p_loss 0.1371, quant_error 0.1365, utilization 0.2160, perplexity 13432.0296,
Train Epoch: [5/30] Iters:[60/1093] transplant_loss 1.4788, rec_loss 0.0113, p_loss 0.1374, quant_error 0.1370, utilization 0.2160, perplexity 13430.3476,
Train Epoch: [5/30] Iters:[70/1093] transplant_loss 1.4774, rec_loss 0.0113, p_loss 0.1375, quant_error 0.1368, utilization 0.2161, perplexity 13439.3023,
Train Epoch: [5/30] Iters:[80/1093] transplant_loss 1.4772, rec_loss 0.0114, p_loss 0.1371, quant_error 0.1369, utilization 0.2161, perplexity 13445.7786,
Train Epoch: [5/30] Iters:[90/1093] transplant_loss 1.4822, rec_loss 0.0115, p_loss 0.1377, quant_error 0.1376, utilization 0.2160, perplexity 13438.3517,
Train Epoch: [5/30] Iters:[100/1093] transplant_loss 1.4836, rec_loss 0.0115, p_loss 0.1381, quant_error 0.1376, utilization 0.2161, perplexity 13450.4436,
Train Epoch: [5/30] Iters:[110/1093] transplant_loss 1.4777, rec_loss 0.0115, p_loss 0.1377, quant_error 0.1367, utilization 0.2161, perplexity 13450.7202,
Train Epoch: [5/30] Iters:[120/1093] transplant_loss 1.4802, rec_loss 0.0115, p_loss 0.1376, quant_error 0.1370, utilization 0.2160, perplexity 13442.0426,
Train Epoch: [5/30] Iters:[130/1093] transplant_loss 1.4836, rec_loss 0.0115, p_loss 0.1381, quant_error 0.1375, utilization 0.2160, perplexity 13440.6009,
Train Epoch: [5/30] Iters:[140/1093] transplant_loss 1.4761, rec_loss 0.0114, p_loss 0.1375, quant_error 0.1365, utilization 0.2160, perplexity 13443.4726,
Train Epoch: [5/30] Iters:[150/1093] transplant_loss 1.4795, rec_loss 0.0113, p_loss 0.1376, quant_error 0.1372, utilization 0.2160, perplexity 13439.8818,
Train Epoch: [5/30] Iters:[160/1093] transplant_loss 1.4887, rec_loss 0.0115, p_loss 0.1383, quant_error 0.1383, utilization 0.2161, perplexity 13448.8172,
Train Epoch: [5/30] Iters:[170/1093] transplant_loss 1.4862, rec_loss 0.0114, p_loss 0.1383, quant_error 0.1379, utilization 0.2161, perplexity 13450.6568,
Train Epoch: [5/30] Iters:[180/1093] transplant_loss 1.4828, rec_loss 0.0114, p_loss 0.1378, quant_error 0.1371, utilization 0.2161, perplexity 13445.4326,
Train Epoch: [5/30] Iters:[190/1093] transplant_loss 1.4874, rec_loss 0.0115, p_loss 0.1382, quant_error 0.1375, utilization 0.2161, perplexity 13450.1756,
Train Epoch: [5/30] Iters:[200/1093] transplant_loss 1.4866, rec_loss 0.0115, p_loss 0.1381, quant_error 0.1372, utilization 0.2161, perplexity 13445.3060,
Train Epoch: [5/30] Iters:[210/1093] transplant_loss 1.4798, rec_loss 0.0113, p_loss 0.1379, quant_error 0.1364, utilization 0.2161, perplexity 13443.9615,
Train Epoch: [5/30] Iters:[220/1093] transplant_loss 1.4839, rec_loss 0.0115, p_loss 0.1379, quant_error 0.1368, utilization 0.2161, perplexity 13448.5939,
Train Epoch: [5/30] Iters:[230/1093] transplant_loss 1.4794, rec_loss 0.0113, p_loss 0.1380, quant_error 0.1362, utilization 0.2161, perplexity 13448.4574,
Train Epoch: [5/30] Iters:[240/1093] transplant_loss 1.4721, rec_loss 0.0112, p_loss 0.1374, quant_error 0.1352, utilization 0.2162, perplexity 13452.6551,
Train Epoch: [5/30] Iters:[250/1093] transplant_loss 1.4726, rec_loss 0.0112, p_loss 0.1373, quant_error 0.1350, utilization 0.2163, perplexity 13459.8884,
Train Epoch: [5/30] Iters:[260/1093] transplant_loss 1.4740, rec_loss 0.0112, p_loss 0.1369, quant_error 0.1353, utilization 0.2162, perplexity 13448.7201,
Train Epoch: [5/30] Iters:[270/1093] transplant_loss 1.4664, rec_loss 0.0111, p_loss 0.1367, quant_error 0.1345, utilization 0.2161, perplexity 13445.4726,
Train Epoch: [5/30] Iters:[280/1093] transplant_loss 1.4733, rec_loss 0.0112, p_loss 0.1371, quant_error 0.1357, utilization 0.2160, perplexity 13437.1359,
Train Epoch: [5/30] Iters:[290/1093] transplant_loss 1.4768, rec_loss 0.0112, p_loss 0.1377, quant_error 0.1362, utilization 0.2160, perplexity 13429.9565,
Train Epoch: [5/30] Iters:[300/1093] transplant_loss 1.4733, rec_loss 0.0112, p_loss 0.1374, quant_error 0.1361, utilization 0.2159, perplexity 13422.8418,
Train Epoch: [5/30] Iters:[310/1093] transplant_loss 1.4712, rec_loss 0.0111, p_loss 0.1375, quant_error 0.1355, utilization 0.2160, perplexity 13434.3682,
Train Epoch: [5/30] Iters:[320/1093] transplant_loss 1.4789, rec_loss 0.0113, p_loss 0.1379, quant_error 0.1365, utilization 0.2161, perplexity 13442.6356,
Train Epoch: [5/30] Iters:[330/1093] transplant_loss 1.4886, rec_loss 0.0114, p_loss 0.1381, quant_error 0.1372, utilization 0.2162, perplexity 13457.4709,
Train Epoch: [5/30] Iters:[340/1093] transplant_loss 1.4882, rec_loss 0.0115, p_loss 0.1374, quant_error 0.1370, utilization 0.2162, perplexity 13455.6831,
Train Epoch: [5/30] Iters:[350/1093] transplant_loss 1.4859, rec_loss 0.0114, p_loss 0.1373, quant_error 0.1367, utilization 0.2162, perplexity 13460.2484,
Train Epoch: [5/30] Iters:[360/1093] transplant_loss 1.4844, rec_loss 0.0114, p_loss 0.1371, quant_error 0.1368, utilization 0.2162, perplexity 13453.1179,
Train Epoch: [5/30] Iters:[370/1093] transplant_loss 1.4819, rec_loss 0.0113, p_loss 0.1368, quant_error 0.1363, utilization 0.2160, perplexity 13439.1271,
Train Epoch: [5/30] Iters:[380/1093] transplant_loss 1.4697, rec_loss 0.0112, p_loss 0.1363, quant_error 0.1353, utilization 0.2160, perplexity 13435.9055,
Train Epoch: [5/30] Iters:[390/1093] transplant_loss 1.4689, rec_loss 0.0112, p_loss 0.1366, quant_error 0.1350, utilization 0.2160, perplexity 13438.6555,
Train Epoch: [5/30] Iters:[400/1093] transplant_loss 1.4753, rec_loss 0.0112, p_loss 0.1371, quant_error 0.1359, utilization 0.2161, perplexity 13444.3786,
Train Epoch: [5/30] Iters:[410/1093] transplant_loss 1.4825, rec_loss 0.0113, p_loss 0.1376, quant_error 0.1367, utilization 0.2162, perplexity 13445.1994,
Train Epoch: [5/30] Iters:[420/1093] transplant_loss 1.4818, rec_loss 0.0114, p_loss 0.1380, quant_error 0.1365, utilization 0.2162, perplexity 13452.1719,
Train Epoch: [5/30] Iters:[430/1093] transplant_loss 1.4857, rec_loss 0.0114, p_loss 0.1387, quant_error 0.1369, utilization 0.2162, perplexity 13455.5002,
Train Epoch: [5/30] Iters:[440/1093] transplant_loss 1.4834, rec_loss 0.0114, p_loss 0.1387, quant_error 0.1370, utilization 0.2162, perplexity 13451.4560,
Train Epoch: [5/30] Iters:[450/1093] transplant_loss 1.4859, rec_loss 0.0115, p_loss 0.1387, quant_error 0.1372, utilization 0.2162, perplexity 13448.6240,
Train Epoch: [5/30] Iters:[460/1093] transplant_loss 1.4815, rec_loss 0.0114, p_loss 0.1383, quant_error 0.1365, utilization 0.2161, perplexity 13445.8393,
Train Epoch: [5/30] Iters:[470/1093] transplant_loss 1.4778, rec_loss 0.0113, p_loss 0.1377, quant_error 0.1363, utilization 0.2161, perplexity 13441.4799,
Train Epoch: [5/30] Iters:[480/1093] transplant_loss 1.4793, rec_loss 0.0113, p_loss 0.1371, quant_error 0.1362, utilization 0.2161, perplexity 13441.9238,
Train Epoch: [5/30] Iters:[490/1093] transplant_loss 1.4741, rec_loss 0.0111, p_loss 0.1366, quant_error 0.1354, utilization 0.2161, perplexity 13444.1905,
Train Epoch: [5/30] Iters:[500/1093] transplant_loss 1.4728, rec_loss 0.0111, p_loss 0.1368, quant_error 0.1351, utilization 0.2161, perplexity 13443.4159,
Train Epoch: [5/30] Iters:[510/1093] transplant_loss 1.4802, rec_loss 0.0112, p_loss 0.1371, quant_error 0.1358, utilization 0.2162, perplexity 13451.1812,
Train Epoch: [5/30] Iters:[520/1093] transplant_loss 1.4822, rec_loss 0.0111, p_loss 0.1370, quant_error 0.1359, utilization 0.2162, perplexity 13454.1213,
Train Epoch: [5/30] Iters:[530/1093] transplant_loss 1.4759, rec_loss 0.0110, p_loss 0.1369, quant_error 0.1353, utilization 0.2162, perplexity 13455.3696,
Train Epoch: [5/30] Iters:[540/1093] transplant_loss 1.4917, rec_loss 0.0112, p_loss 0.1374, quant_error 0.1370, utilization 0.2163, perplexity 13465.1871,
Train Epoch: [5/30] Iters:[550/1093] transplant_loss 1.4907, rec_loss 0.0112, p_loss 0.1371, quant_error 0.1368, utilization 0.2163, perplexity 13461.3254,
Train Epoch: [5/30] Iters:[560/1093] transplant_loss 1.4835, rec_loss 0.0111, p_loss 0.1368, quant_error 0.1360, utilization 0.2162, perplexity 13456.8588,
Train Epoch: [5/30] Iters:[570/1093] transplant_loss 1.4931, rec_loss 0.0114, p_loss 0.1378, quant_error 0.1372, utilization 0.2163, perplexity 13462.7090,
Train Epoch: [5/30] Iters:[580/1093] transplant_loss 1.4922, rec_loss 0.0114, p_loss 0.1378, quant_error 0.1370, utilization 0.2163, perplexity 13464.4741,
Train Epoch: [5/30] Iters:[590/1093] transplant_loss 1.4844, rec_loss 0.0114, p_loss 0.1377, quant_error 0.1362, utilization 0.2162, perplexity 13455.2653,
Train Epoch: [5/30] Iters:[600/1093] transplant_loss 1.4797, rec_loss 0.0113, p_loss 0.1374, quant_error 0.1358, utilization 0.2162, perplexity 13459.1397,
Train Epoch: [5/30] Iters:[610/1093] transplant_loss 1.4836, rec_loss 0.0113, p_loss 0.1376, quant_error 0.1363, utilization 0.2162, perplexity 13459.5809,
Train Epoch: [5/30] Iters:[620/1093] transplant_loss 1.4754, rec_loss 0.0113, p_loss 0.1367, quant_error 0.1350, utilization 0.2162, perplexity 13450.2929,
Train Epoch: [5/30] Iters:[630/1093] transplant_loss 1.4751, rec_loss 0.0112, p_loss 0.1363, quant_error 0.1347, utilization 0.2161, perplexity 13443.4060,
Train Epoch: [5/30] Iters:[640/1093] transplant_loss 1.4750, rec_loss 0.0112, p_loss 0.1359, quant_error 0.1346, utilization 0.2161, perplexity 13441.4305,
Train Epoch: [5/30] Iters:[650/1093] transplant_loss 1.4800, rec_loss 0.0113, p_loss 0.1360, quant_error 0.1350, utilization 0.2163, perplexity 13453.8582,
Train Epoch: [5/30] Iters:[660/1093] transplant_loss 1.4814, rec_loss 0.0113, p_loss 0.1361, quant_error 0.1352, utilization 0.2162, perplexity 13449.5782,
Train Epoch: [5/30] Iters:[670/1093] transplant_loss 1.4831, rec_loss 0.0113, p_loss 0.1365, quant_error 0.1356, utilization 0.2162, perplexity 13450.6477,
Train Epoch: [5/30] Iters:[680/1093] transplant_loss 1.4903, rec_loss 0.0114, p_loss 0.1374, quant_error 0.1367, utilization 0.2163, perplexity 13457.5548,
Train Epoch: [5/30] Iters:[690/1093] transplant_loss 1.4908, rec_loss 0.0113, p_loss 0.1377, quant_error 0.1367, utilization 0.2163, perplexity 13462.2035,
Train Epoch: [5/30] Iters:[700/1093] transplant_loss 1.4871, rec_loss 0.0113, p_loss 0.1376, quant_error 0.1363, utilization 0.2163, perplexity 13458.3029,
Train Epoch: [5/30] Iters:[710/1093] transplant_loss 1.4891, rec_loss 0.0114, p_loss 0.1373, quant_error 0.1364, utilization 0.2164, perplexity 13468.0509,
Train Epoch: [5/30] Iters:[720/1093] transplant_loss 1.4941, rec_loss 0.0114, p_loss 0.1368, quant_error 0.1366, utilization 0.2164, perplexity 13472.4019,
Train Epoch: [5/30] Iters:[730/1093] transplant_loss 1.4886, rec_loss 0.0113, p_loss 0.1362, quant_error 0.1357, utilization 0.2164, perplexity 13470.8241,
Train Epoch: [5/30] Iters:[740/1093] transplant_loss 1.4912, rec_loss 0.0113, p_loss 0.1361, quant_error 0.1363, utilization 0.2164, perplexity 13466.0336,
Train Epoch: [5/30] Iters:[750/1093] transplant_loss 1.4951, rec_loss 0.0114, p_loss 0.1364, quant_error 0.1367, utilization 0.2163, perplexity 13462.7302,
Train Epoch: [5/30] Iters:[760/1093] transplant_loss 1.4970, rec_loss 0.0113, p_loss 0.1367, quant_error 0.1371, utilization 0.2163, perplexity 13461.1704,
Train Epoch: [5/30] Iters:[770/1093] transplant_loss 1.4872, rec_loss 0.0112, p_loss 0.1366, quant_error 0.1361, utilization 0.2163, perplexity 13460.6731,
Train Epoch: [5/30] Iters:[780/1093] transplant_loss 1.4908, rec_loss 0.0112, p_loss 0.1363, quant_error 0.1365, utilization 0.2164, perplexity 13469.5503,
Train Epoch: [5/30] Iters:[790/1093] transplant_loss 1.4857, rec_loss 0.0112, p_loss 0.1364, quant_error 0.1356, utilization 0.2165, perplexity 13476.7222,
Train Epoch: [5/30] Iters:[800/1093] transplant_loss 1.4892, rec_loss 0.0112, p_loss 0.1365, quant_error 0.1357, utilization 0.2166, perplexity 13485.4614,
Train Epoch: [5/30] Iters:[810/1093] transplant_loss 1.4837, rec_loss 0.0111, p_loss 0.1366, quant_error 0.1347, utilization 0.2166, perplexity 13484.7252,
Train Epoch: [5/30] Iters:[820/1093] transplant_loss 1.4920, rec_loss 0.0113, p_loss 0.1373, quant_error 0.1358, utilization 0.2166, perplexity 13488.8987,
Train Epoch: [5/30] Iters:[830/1093] transplant_loss 1.4902, rec_loss 0.0113, p_loss 0.1374, quant_error 0.1357, utilization 0.2165, perplexity 13479.8279,
Train Epoch: [5/30] Iters:[840/1093] transplant_loss 1.4873, rec_loss 0.0113, p_loss 0.1370, quant_error 0.1354, utilization 0.2165, perplexity 13473.4715,
Train Epoch: [5/30] Iters:[850/1093] transplant_loss 1.4855, rec_loss 0.0113, p_loss 0.1370, quant_error 0.1355, utilization 0.2164, perplexity 13467.3738,
Train Epoch: [5/30] Iters:[860/1093] transplant_loss 1.4874, rec_loss 0.0113, p_loss 0.1366, quant_error 0.1358, utilization 0.2164, perplexity 13469.4829,
Train Epoch: [5/30] Iters:[870/1093] transplant_loss 1.4785, rec_loss 0.0111, p_loss 0.1361, quant_error 0.1346, utilization 0.2164, perplexity 13467.2523,
Train Epoch: [5/30] Iters:[880/1093] transplant_loss 1.4784, rec_loss 0.0111, p_loss 0.1363, quant_error 0.1345, utilization 0.2164, perplexity 13471.8615,
Train Epoch: [5/30] Iters:[890/1093] transplant_loss 1.4843, rec_loss 0.0112, p_loss 0.1362, quant_error 0.1354, utilization 0.2165, perplexity 13479.3047,
Train Epoch: [5/30] Iters:[900/1093] transplant_loss 1.4799, rec_loss 0.0112, p_loss 0.1356, quant_error 0.1346, utilization 0.2164, perplexity 13471.0073,
Train Epoch: [5/30] Iters:[910/1093] transplant_loss 1.4793, rec_loss 0.0111, p_loss 0.1360, quant_error 0.1347, utilization 0.2164, perplexity 13470.6670,
Train Epoch: [5/30] Iters:[920/1093] transplant_loss 1.4892, rec_loss 0.0112, p_loss 0.1368, quant_error 0.1359, utilization 0.2165, perplexity 13475.3834,
Train Epoch: [5/30] Iters:[930/1093] transplant_loss 1.4894, rec_loss 0.0111, p_loss 0.1370, quant_error 0.1358, utilization 0.2164, perplexity 13473.2094,
Train Epoch: [5/30] Iters:[940/1093] transplant_loss 1.4963, rec_loss 0.0112, p_loss 0.1379, quant_error 0.1367, utilization 0.2165, perplexity 13476.4207,
Train Epoch: [5/30] Iters:[950/1093] transplant_loss 1.5019, rec_loss 0.0113, p_loss 0.1388, quant_error 0.1376, utilization 0.2165, perplexity 13482.1669,
Train Epoch: [5/30] Iters:[960/1093] transplant_loss 1.4983, rec_loss 0.0114, p_loss 0.1382, quant_error 0.1372, utilization 0.2165, perplexity 13476.8241,
Train Epoch: [5/30] Iters:[970/1093] transplant_loss 1.4850, rec_loss 0.0111, p_loss 0.1370, quant_error 0.1357, utilization 0.2164, perplexity 13469.8288,
Train Epoch: [5/30] Iters:[980/1093] transplant_loss 1.4783, rec_loss 0.0110, p_loss 0.1365, quant_error 0.1350, utilization 0.2164, perplexity 13470.2339,
Train Epoch: [5/30] Iters:[990/1093] transplant_loss 1.4731, rec_loss 0.0109, p_loss 0.1361, quant_error 0.1339, utilization 0.2164, perplexity 13471.4077,
Train Epoch: [5/30] Iters:[1000/1093] transplant_loss 1.4651, rec_loss 0.0108, p_loss 0.1352, quant_error 0.1328, utilization 0.2164, perplexity 13469.6205,
Train Epoch: [5/30] Iters:[1010/1093] transplant_loss 1.4773, rec_loss 0.0109, p_loss 0.1360, quant_error 0.1341, utilization 0.2165, perplexity 13479.7722,
Train Epoch: [5/30] Iters:[1020/1093] transplant_loss 1.4824, rec_loss 0.0111, p_loss 0.1362, quant_error 0.1344, utilization 0.2165, perplexity 13476.6225,
Train Epoch: [5/30] Iters:[1030/1093] transplant_loss 1.4900, rec_loss 0.0112, p_loss 0.1367, quant_error 0.1353, utilization 0.2166, perplexity 13482.1166,
Train Epoch: [5/30] Iters:[1040/1093] transplant_loss 1.4849, rec_loss 0.0112, p_loss 0.1362, quant_error 0.1350, utilization 0.2166, perplexity 13480.7739,
Train Epoch: [5/30] Iters:[1050/1093] transplant_loss 1.4946, rec_loss 0.0112, p_loss 0.1370, quant_error 0.1361, utilization 0.2166, perplexity 13489.7847,
Train Epoch: [5/30] Iters:[1060/1093] transplant_loss 1.4847, rec_loss 0.0111, p_loss 0.1367, quant_error 0.1349, utilization 0.2166, perplexity 13481.5487,
Train Epoch: [5/30] Iters:[1070/1093] transplant_loss 1.4897, rec_loss 0.0112, p_loss 0.1375, quant_error 0.1354, utilization 0.2167, perplexity 13493.2241,
Train Epoch: [5/30] Iters:[1080/1093] transplant_loss 1.4873, rec_loss 0.0111, p_loss 0.1374, quant_error 0.1350, utilization 0.2166, perplexity 13489.7910,
Train Epoch: [5/30] Iters:[1090/1093] transplant_loss 1.4930, rec_loss 0.0112, p_loss 0.1380, quant_error 0.1356, utilization 0.2166, perplexity 13487.7919,
Loading pretrained model LPIPS from /home/sunset/.cache/torch/hub/pyiqa/LPIPS_v0.1_alex-df73285e.pth
epoch:6, cur_lr:0.000085
Train Epoch: [6/30] Iters:[10/1093] transplant_loss 1.4804, rec_loss 0.0110, p_loss 0.1369, quant_error 0.1334, utilization 0.2166, perplexity 13497.0724,
Train Epoch: [6/30] Iters:[20/1093] transplant_loss 1.5011, rec_loss 0.0113, p_loss 0.1372, quant_error 0.1366, utilization 0.2165, perplexity 13478.3354,
Train Epoch: [6/30] Iters:[30/1093] transplant_loss 1.4889, rec_loss 0.0111, p_loss 0.1359, quant_error 0.1350, utilization 0.2164, perplexity 13473.5343,
Train Epoch: [6/30] Iters:[40/1093] transplant_loss 1.4919, rec_loss 0.0112, p_loss 0.1364, quant_error 0.1354, utilization 0.2165, perplexity 13475.2829,
Train Epoch: [6/30] Iters:[50/1093] transplant_loss 1.4922, rec_loss 0.0112, p_loss 0.1363, quant_error 0.1355, utilization 0.2165, perplexity 13475.3864,
Train Epoch: [6/30] Iters:[60/1093] transplant_loss 1.4974, rec_loss 0.0113, p_loss 0.1364, quant_error 0.1360, utilization 0.2165, perplexity 13473.5141,
Train Epoch: [6/30] Iters:[70/1093] transplant_loss 1.4945, rec_loss 0.0112, p_loss 0.1363, quant_error 0.1357, utilization 0.2165, perplexity 13470.7515,
Train Epoch: [6/30] Iters:[80/1093] transplant_loss 1.4954, rec_loss 0.0112, p_loss 0.1366, quant_error 0.1360, utilization 0.2165, perplexity 13473.5112,
Train Epoch: [6/30] Iters:[90/1093] transplant_loss 1.4993, rec_loss 0.0112, p_loss 0.1367, quant_error 0.1364, utilization 0.2166, perplexity 13480.6966,
Train Epoch: [6/30] Iters:[100/1093] transplant_loss 1.5025, rec_loss 0.0113, p_loss 0.1373, quant_error 0.1365, utilization 0.2166, perplexity 13487.3315,
Train Epoch: [6/30] Iters:[110/1093] transplant_loss 1.4998, rec_loss 0.0112, p_loss 0.1372, quant_error 0.1362, utilization 0.2165, perplexity 13478.9617,
Train Epoch: [6/30] Iters:[120/1093] transplant_loss 1.4943, rec_loss 0.0111, p_loss 0.1369, quant_error 0.1353, utilization 0.2165, perplexity 13486.4835,
Train Epoch: [6/30] Iters:[130/1093] transplant_loss 1.4941, rec_loss 0.0112, p_loss 0.1370, quant_error 0.1352, utilization 0.2165, perplexity 13483.7521,
Train Epoch: [6/30] Iters:[140/1093] transplant_loss 1.4872, rec_loss 0.0112, p_loss 0.1366, quant_error 0.1344, utilization 0.2165, perplexity 13479.6406,
Train Epoch: [6/30] Iters:[150/1093] transplant_loss 1.4785, rec_loss 0.0111, p_loss 0.1362, quant_error 0.1336, utilization 0.2165, perplexity 13477.8391,
Train Epoch: [6/30] Iters:[160/1093] transplant_loss 1.4779, rec_loss 0.0111, p_loss 0.1362, quant_error 0.1335, utilization 0.2166, perplexity 13494.1974,
Train Epoch: [6/30] Iters:[170/1093] transplant_loss 1.4689, rec_loss 0.0109, p_loss 0.1356, quant_error 0.1323, utilization 0.2166, perplexity 13484.9496,
Train Epoch: [6/30] Iters:[180/1093] transplant_loss 1.4735, rec_loss 0.0109, p_loss 0.1358, quant_error 0.1328, utilization 0.2167, perplexity 13495.8632,
Train Epoch: [6/30] Iters:[190/1093] transplant_loss 1.4773, rec_loss 0.0108, p_loss 0.1359, quant_error 0.1330, utilization 0.2167, perplexity 13501.4215,
Train Epoch: [6/30] Iters:[200/1093] transplant_loss 1.4830, rec_loss 0.0108, p_loss 0.1360, quant_error 0.1337, utilization 0.2167, perplexity 13496.7337,
Train Epoch: [6/30] Iters:[210/1093] transplant_loss 1.4855, rec_loss 0.0109, p_loss 0.1361, quant_error 0.1339, utilization 0.2166, perplexity 13487.9268,
Train Epoch: [6/30] Iters:[220/1093] transplant_loss 1.4948, rec_loss 0.0110, p_loss 0.1366, quant_error 0.1351, utilization 0.2167, perplexity 13490.9111,
Train Epoch: [6/30] Iters:[230/1093] transplant_loss 1.4912, rec_loss 0.0110, p_loss 0.1366, quant_error 0.1347, utilization 0.2166, perplexity 13478.3486,
Train Epoch: [6/30] Iters:[240/1093] transplant_loss 1.4884, rec_loss 0.0110, p_loss 0.1366, quant_error 0.1345, utilization 0.2165, perplexity 13470.4710,
Train Epoch: [6/30] Iters:[250/1093] transplant_loss 1.4889, rec_loss 0.0111, p_loss 0.1365, quant_error 0.1345, utilization 0.2164, perplexity 13468.1611,
Train Epoch: [6/30] Iters:[260/1093] transplant_loss 1.4862, rec_loss 0.0110, p_loss 0.1363, quant_error 0.1340, utilization 0.2165, perplexity 13477.6178,
Train Epoch: [6/30] Iters:[270/1093] transplant_loss 1.4992, rec_loss 0.0112, p_loss 0.1370, quant_error 0.1352, utilization 0.2167, perplexity 13493.8221,
Train Epoch: [6/30] Iters:[280/1093] transplant_loss 1.5002, rec_loss 0.0112, p_loss 0.1366, quant_error 0.1352, utilization 0.2166, perplexity 13487.5683,
Train Epoch: [6/30] Iters:[290/1093] transplant_loss 1.5044, rec_loss 0.0113, p_loss 0.1369, quant_error 0.1358, utilization 0.2166, perplexity 13490.5080,
Train Epoch: [6/30] Iters:[300/1093] transplant_loss 1.5075, rec_loss 0.0114, p_loss 0.1370, quant_error 0.1363, utilization 0.2167, perplexity 13491.3517,
Train Epoch: [6/30] Iters:[310/1093] transplant_loss 1.5123, rec_loss 0.0115, p_loss 0.1372, quant_error 0.1369, utilization 0.2166, perplexity 13480.2661,
Train Epoch: [6/30] Iters:[320/1093] transplant_loss 1.5112, rec_loss 0.0114, p_loss 0.1372, quant_error 0.1369, utilization 0.2165, perplexity 13473.4985,
Train Epoch: [6/30] Iters:[330/1093] transplant_loss 1.5182, rec_loss 0.0115, p_loss 0.1379, quant_error 0.1379, utilization 0.2166, perplexity 13480.9588,
Train Epoch: [6/30] Iters:[340/1093] transplant_loss 1.5153, rec_loss 0.0114, p_loss 0.1377, quant_error 0.1373, utilization 0.2165, perplexity 13480.5959,
Train Epoch: [6/30] Iters:[350/1093] transplant_loss 1.5158, rec_loss 0.0114, p_loss 0.1377, quant_error 0.1373, utilization 0.2165, perplexity 13482.9240,
Train Epoch: [6/30] Iters:[360/1093] transplant_loss 1.5128, rec_loss 0.0113, p_loss 0.1380, quant_error 0.1369, utilization 0.2165, perplexity 13486.6820,
Train Epoch: [6/30] Iters:[370/1093] transplant_loss 1.5016, rec_loss 0.0112, p_loss 0.1374, quant_error 0.1358, utilization 0.2165, perplexity 13480.9353,
Train Epoch: [6/30] Iters:[380/1093] transplant_loss 1.5008, rec_loss 0.0113, p_loss 0.1379, quant_error 0.1356, utilization 0.2164, perplexity 13475.1626,
Train Epoch: [6/30] Iters:[390/1093] transplant_loss 1.4927, rec_loss 0.0112, p_loss 0.1374, quant_error 0.1347, utilization 0.2163, perplexity 13459.4029,
Train Epoch: [6/30] Iters:[400/1093] transplant_loss 1.4884, rec_loss 0.0111, p_loss 0.1377, quant_error 0.1344, utilization 0.2163, perplexity 13452.6488,
Train Epoch: [6/30] Iters:[410/1093] transplant_loss 1.4958, rec_loss 0.0112, p_loss 0.1383, quant_error 0.1355, utilization 0.2164, perplexity 13459.4746,
Train Epoch: [6/30] Iters:[420/1093] transplant_loss 1.4958, rec_loss 0.0112, p_loss 0.1385, quant_error 0.1351, utilization 0.2164, perplexity 13459.0172,
Train Epoch: [6/30] Iters:[430/1093] transplant_loss 1.4873, rec_loss 0.0110, p_loss 0.1376, quant_error 0.1341, utilization 0.2165, perplexity 13472.0400,
Train Epoch: [6/30] Iters:[440/1093] transplant_loss 1.4967, rec_loss 0.0111, p_loss 0.1376, quant_error 0.1353, utilization 0.2167, perplexity 13494.1271,
Train Epoch: [6/30] Iters:[450/1093] transplant_loss 1.4943, rec_loss 0.0110, p_loss 0.1370, quant_error 0.1346, utilization 0.2168, perplexity 13508.0965,
Train Epoch: [6/30] Iters:[460/1093] transplant_loss 1.4860, rec_loss 0.0110, p_loss 0.1361, quant_error 0.1335, utilization 0.2167, perplexity 13497.2783,
Train Epoch: [6/30] Iters:[470/1093] transplant_loss 1.4837, rec_loss 0.0109, p_loss 0.1359, quant_error 0.1334, utilization 0.2167, perplexity 13497.2368,
Train Epoch: [6/30] Iters:[480/1093] transplant_loss 1.4922, rec_loss 0.0109, p_loss 0.1360, quant_error 0.1344, utilization 0.2167, perplexity 13498.9636,
Train Epoch: [6/30] Iters:[490/1093] transplant_loss 1.4893, rec_loss 0.0109, p_loss 0.1363, quant_error 0.1340, utilization 0.2166, perplexity 13491.5174,
Train Epoch: [6/30] Iters:[500/1093] transplant_loss 1.4996, rec_loss 0.0111, p_loss 0.1367, quant_error 0.1352, utilization 0.2165, perplexity 13482.5829,
Train Epoch: [6/30] Iters:[510/1093] transplant_loss 1.5025, rec_loss 0.0110, p_loss 0.1367, quant_error 0.1356, utilization 0.2165, perplexity 13480.0051,
Train Epoch: [6/30] Iters:[520/1093] transplant_loss 1.5046, rec_loss 0.0111, p_loss 0.1367, quant_error 0.1357, utilization 0.2165, perplexity 13481.4929,
Train Epoch: [6/30] Iters:[530/1093] transplant_loss 1.5003, rec_loss 0.0111, p_loss 0.1369, quant_error 0.1351, utilization 0.2165, perplexity 13477.1867,
Train Epoch: [6/30] Iters:[540/1093] transplant_loss 1.5005, rec_loss 0.0111, p_loss 0.1368, quant_error 0.1350, utilization 0.2166, perplexity 13479.1634,
Train Epoch: [6/30] Iters:[550/1093] transplant_loss 1.4988, rec_loss 0.0111, p_loss 0.1368, quant_error 0.1346, utilization 0.2166, perplexity 13489.7918,
Train Epoch: [6/30] Iters:[560/1093] transplant_loss 1.4919, rec_loss 0.0111, p_loss 0.1365, quant_error 0.1338, utilization 0.2167, perplexity 13492.4229,
Train Epoch: [6/30] Iters:[570/1093] transplant_loss 1.4924, rec_loss 0.0111, p_loss 0.1363, quant_error 0.1341, utilization 0.2167, perplexity 13494.7380,
Train Epoch: [6/30] Iters:[580/1093] transplant_loss 1.4937, rec_loss 0.0112, p_loss 0.1359, quant_error 0.1343, utilization 0.2167, perplexity 13494.0097,
Train Epoch: [6/30] Iters:[590/1093] transplant_loss 1.5019, rec_loss 0.0112, p_loss 0.1361, quant_error 0.1353, utilization 0.2167, perplexity 13495.3502,
Train Epoch: [6/30] Iters:[600/1093] transplant_loss 1.4979, rec_loss 0.0111, p_loss 0.1359, quant_error 0.1350, utilization 0.2166, perplexity 13490.4815,
Train Epoch: [6/30] Iters:[610/1093] transplant_loss 1.5024, rec_loss 0.0112, p_loss 0.1363, quant_error 0.1355, utilization 0.2166, perplexity 13490.8758,
Train Epoch: [6/30] Iters:[620/1093] transplant_loss 1.5085, rec_loss 0.0113, p_loss 0.1363, quant_error 0.1360, utilization 0.2167, perplexity 13496.1285,
Train Epoch: [6/30] Iters:[630/1093] transplant_loss 1.5125, rec_loss 0.0113, p_loss 0.1367, quant_error 0.1362, utilization 0.2167, perplexity 13499.7062,
Train Epoch: [6/30] Iters:[640/1093] transplant_loss 1.5030, rec_loss 0.0112, p_loss 0.1363, quant_error 0.1351, utilization 0.2166, perplexity 13490.7680,
Train Epoch: [6/30] Iters:[650/1093] transplant_loss 1.5018, rec_loss 0.0111, p_loss 0.1366, quant_error 0.1350, utilization 0.2166, perplexity 13494.7164,
Train Epoch: [6/30] Iters:[660/1093] transplant_loss 1.4979, rec_loss 0.0110, p_loss 0.1364, quant_error 0.1345, utilization 0.2168, perplexity 13505.4967,
Train Epoch: [6/30] Iters:[670/1093] transplant_loss 1.4924, rec_loss 0.0109, p_loss 0.1367, quant_error 0.1338, utilization 0.2167, perplexity 13500.2057,
Train Epoch: [6/30] Iters:[680/1093] transplant_loss 1.4875, rec_loss 0.0109, p_loss 0.1364, quant_error 0.1333, utilization 0.2167, perplexity 13502.2939,
Train Epoch: [6/30] Iters:[690/1093] transplant_loss 1.4872, rec_loss 0.0110, p_loss 0.1363, quant_error 0.1331, utilization 0.2168, perplexity 13505.9166,
Train Epoch: [6/30] Iters:[700/1093] transplant_loss 1.4894, rec_loss 0.0110, p_loss 0.1359, quant_error 0.1334, utilization 0.2168, perplexity 13505.6431,
Train Epoch: [6/30] Iters:[710/1093] transplant_loss 1.4904, rec_loss 0.0111, p_loss 0.1356, quant_error 0.1338, utilization 0.2167, perplexity 13496.1932,
Train Epoch: [6/30] Iters:[720/1093] transplant_loss 1.4984, rec_loss 0.0111, p_loss 0.1359, quant_error 0.1347, utilization 0.2167, perplexity 13499.1578,
Train Epoch: [6/30] Iters:[730/1093] transplant_loss 1.5027, rec_loss 0.0112, p_loss 0.1362, quant_error 0.1353, utilization 0.2167, perplexity 13500.4664,
Train Epoch: [6/30] Iters:[740/1093] transplant_loss 1.5092, rec_loss 0.0112, p_loss 0.1367, quant_error 0.1360, utilization 0.2168, perplexity 13513.5804,
Train Epoch: [6/30] Iters:[750/1093] transplant_loss 1.5052, rec_loss 0.0111, p_loss 0.1366, quant_error 0.1353, utilization 0.2168, perplexity 13505.4858,
Train Epoch: [6/30] Iters:[760/1093] transplant_loss 1.5071, rec_loss 0.0111, p_loss 0.1367, quant_error 0.1353, utilization 0.2167, perplexity 13503.5617,
Train Epoch: [6/30] Iters:[770/1093] transplant_loss 1.4961, rec_loss 0.0110, p_loss 0.1364, quant_error 0.1342, utilization 0.2168, perplexity 13504.4503,
Train Epoch: [6/30] Iters:[780/1093] transplant_loss 1.4922, rec_loss 0.0110, p_loss 0.1361, quant_error 0.1336, utilization 0.2167, perplexity 13496.2508,
Train Epoch: [6/30] Iters:[790/1093] transplant_loss 1.4886, rec_loss 0.0109, p_loss 0.1361, quant_error 0.1331, utilization 0.2166, perplexity 13485.9205,
Train Epoch: [6/30] Iters:[800/1093] transplant_loss 1.4873, rec_loss 0.0110, p_loss 0.1363, quant_error 0.1330, utilization 0.2167, perplexity 13491.3389,
Train Epoch: [6/30] Iters:[810/1093] transplant_loss 1.4858, rec_loss 0.0109, p_loss 0.1363, quant_error 0.1326, utilization 0.2168, perplexity 13502.9171,
Train Epoch: [6/30] Iters:[820/1093] transplant_loss 1.4901, rec_loss 0.0111, p_loss 0.1364, quant_error 0.1330, utilization 0.2167, perplexity 13497.2971,
Train Epoch: [6/30] Iters:[830/1093] transplant_loss 1.4901, rec_loss 0.0110, p_loss 0.1358, quant_error 0.1329, utilization 0.2167, perplexity 13498.9400,
Train Epoch: [6/30] Iters:[840/1093] transplant_loss 1.4910, rec_loss 0.0110, p_loss 0.1357, quant_error 0.1330, utilization 0.2167, perplexity 13500.0700,
Train Epoch: [6/30] Iters:[850/1093] transplant_loss 1.4884, rec_loss 0.0110, p_loss 0.1352, quant_error 0.1327, utilization 0.2166, perplexity 13488.4806,
Train Epoch: [6/30] Iters:[860/1093] transplant_loss 1.4903, rec_loss 0.0111, p_loss 0.1356, quant_error 0.1330, utilization 0.2166, perplexity 13479.8724,
Train Epoch: [6/30] Iters:[870/1093] transplant_loss 1.4917, rec_loss 0.0110, p_loss 0.1355, quant_error 0.1332, utilization 0.2166, perplexity 13484.0170,
Train Epoch: [6/30] Iters:[880/1093] transplant_loss 1.4955, rec_loss 0.0111, p_loss 0.1363, quant_error 0.1341, utilization 0.2167, perplexity 13491.3287,
Train Epoch: [6/30] Iters:[890/1093] transplant_loss 1.4980, rec_loss 0.0110, p_loss 0.1365, quant_error 0.1344, utilization 0.2168, perplexity 13497.4390,
Train Epoch: [6/30] Iters:[900/1093] transplant_loss 1.4990, rec_loss 0.0110, p_loss 0.1367, quant_error 0.1344, utilization 0.2168, perplexity 13506.9470,
Train Epoch: [6/30] Iters:[910/1093] transplant_loss 1.5017, rec_loss 0.0110, p_loss 0.1366, quant_error 0.1350, utilization 0.2169, perplexity 13511.8245,
Train Epoch: [6/30] Iters:[920/1093] transplant_loss 1.4998, rec_loss 0.0110, p_loss 0.1362, quant_error 0.1347, utilization 0.2168, perplexity 13505.5908,
Train Epoch: [6/30] Iters:[930/1093] transplant_loss 1.5008, rec_loss 0.0111, p_loss 0.1361, quant_error 0.1344, utilization 0.2168, perplexity 13504.9884,
Train Epoch: [6/30] Iters:[940/1093] transplant_loss 1.4983, rec_loss 0.0111, p_loss 0.1357, quant_error 0.1339, utilization 0.2167, perplexity 13495.9731,
Train Epoch: [6/30] Iters:[950/1093] transplant_loss 1.5122, rec_loss 0.0113, p_loss 0.1368, quant_error 0.1356, utilization 0.2168, perplexity 13501.9858,
Train Epoch: [6/30] Iters:[960/1093] transplant_loss 1.5162, rec_loss 0.0113, p_loss 0.1366, quant_error 0.1359, utilization 0.2167, perplexity 13497.6386,
Train Epoch: [6/30] Iters:[970/1093] transplant_loss 1.5194, rec_loss 0.0114, p_loss 0.1373, quant_error 0.1361, utilization 0.2167, perplexity 13499.6713,
Train Epoch: [6/30] Iters:[980/1093] transplant_loss 1.5142, rec_loss 0.0113, p_loss 0.1366, quant_error 0.1353, utilization 0.2167, perplexity 13495.5850,
Train Epoch: [6/30] Iters:[990/1093] transplant_loss 1.5124, rec_loss 0.0112, p_loss 0.1365, quant_error 0.1352, utilization 0.2167, perplexity 13494.4413,
Train Epoch: [6/30] Iters:[1000/1093] transplant_loss 1.5069, rec_loss 0.0111, p_loss 0.1359, quant_error 0.1344, utilization 0.2167, perplexity 13491.7152,
Train Epoch: [6/30] Iters:[1010/1093] transplant_loss 1.5043, rec_loss 0.0110, p_loss 0.1361, quant_error 0.1341, utilization 0.2167, perplexity 13495.7475,
Train Epoch: [6/30] Iters:[1020/1093] transplant_loss 1.5020, rec_loss 0.0110, p_loss 0.1358, quant_error 0.1339, utilization 0.2168, perplexity 13503.1350,
Train Epoch: [6/30] Iters:[1030/1093] transplant_loss 1.5048, rec_loss 0.0111, p_loss 0.1363, quant_error 0.1346, utilization 0.2168, perplexity 13498.5813,
Train Epoch: [6/30] Iters:[1040/1093] transplant_loss 1.5094, rec_loss 0.0112, p_loss 0.1365, quant_error 0.1353, utilization 0.2168, perplexity 13500.4306,
Train Epoch: [6/30] Iters:[1050/1093] transplant_loss 1.5117, rec_loss 0.0112, p_loss 0.1364, quant_error 0.1355, utilization 0.2168, perplexity 13502.7994,
Train Epoch: [6/30] Iters:[1060/1093] transplant_loss 1.5069, rec_loss 0.0112, p_loss 0.1361, quant_error 0.1348, utilization 0.2168, perplexity 13498.5349,
Train Epoch: [6/30] Iters:[1070/1093] transplant_loss 1.5074, rec_loss 0.0112, p_loss 0.1359, quant_error 0.1346, utilization 0.2167, perplexity 13494.2758,
Train Epoch: [6/30] Iters:[1080/1093] transplant_loss 1.5025, rec_loss 0.0111, p_loss 0.1356, quant_error 0.1338, utilization 0.2168, perplexity 13497.2279,
Train Epoch: [6/30] Iters:[1090/1093] transplant_loss 1.4981, rec_loss 0.0110, p_loss 0.1351, quant_error 0.1329, utilization 0.2168, perplexity 13498.8563,
epoch:7, cur_lr:0.000082
Train Epoch: [7/30] Iters:[10/1093] transplant_loss 1.5177, rec_loss 0.0109, p_loss 0.1378, quant_error 0.1356, utilization 0.2169, perplexity 13506.5180,
Train Epoch: [7/30] Iters:[20/1093] transplant_loss 1.4955, rec_loss 0.0107, p_loss 0.1365, quant_error 0.1333, utilization 0.2167, perplexity 13494.9934,
Train Epoch: [7/30] Iters:[30/1093] transplant_loss 1.5020, rec_loss 0.0110, p_loss 0.1369, quant_error 0.1340, utilization 0.2167, perplexity 13497.7678,
Train Epoch: [7/30] Iters:[40/1093] transplant_loss 1.5088, rec_loss 0.0111, p_loss 0.1368, quant_error 0.1347, utilization 0.2168, perplexity 13497.0864,
Train Epoch: [7/30] Iters:[50/1093] transplant_loss 1.5055, rec_loss 0.0110, p_loss 0.1369, quant_error 0.1344, utilization 0.2169, perplexity 13507.6124,
Train Epoch: [7/30] Iters:[60/1093] transplant_loss 1.4973, rec_loss 0.0110, p_loss 0.1361, quant_error 0.1335, utilization 0.2168, perplexity 13504.0857,
Train Epoch: [7/30] Iters:[70/1093] transplant_loss 1.5036, rec_loss 0.0110, p_loss 0.1364, quant_error 0.1344, utilization 0.2168, perplexity 13505.0546,
Train Epoch: [7/30] Iters:[80/1093] transplant_loss 1.5010, rec_loss 0.0110, p_loss 0.1365, quant_error 0.1340, utilization 0.2168, perplexity 13502.2884,
Train Epoch: [7/30] Iters:[90/1093] transplant_loss 1.4925, rec_loss 0.0109, p_loss 0.1361, quant_error 0.1330, utilization 0.2169, perplexity 13508.0739,
Train Epoch: [7/30] Iters:[100/1093] transplant_loss 1.4936, rec_loss 0.0110, p_loss 0.1355, quant_error 0.1330, utilization 0.2168, perplexity 13499.5004,
Train Epoch: [7/30] Iters:[110/1093] transplant_loss 1.4944, rec_loss 0.0111, p_loss 0.1356, quant_error 0.1330, utilization 0.2168, perplexity 13497.5740,
Train Epoch: [7/30] Iters:[120/1093] transplant_loss 1.5011, rec_loss 0.0111, p_loss 0.1357, quant_error 0.1336, utilization 0.2169, perplexity 13512.7852,
Train Epoch: [7/30] Iters:[130/1093] transplant_loss 1.4988, rec_loss 0.0111, p_loss 0.1349, quant_error 0.1336, utilization 0.2169, perplexity 13511.4309,
Train Epoch: [7/30] Iters:[140/1093] transplant_loss 1.5036, rec_loss 0.0110, p_loss 0.1351, quant_error 0.1340, utilization 0.2169, perplexity 13510.7665,
Train Epoch: [7/30] Iters:[150/1093] transplant_loss 1.5096, rec_loss 0.0111, p_loss 0.1356, quant_error 0.1348, utilization 0.2169, perplexity 13508.0448,
Train Epoch: [7/30] Iters:[160/1093] transplant_loss 1.5115, rec_loss 0.0111, p_loss 0.1357, quant_error 0.1349, utilization 0.2169, perplexity 13510.0728,
Train Epoch: [7/30] Iters:[170/1093] transplant_loss 1.5012, rec_loss 0.0110, p_loss 0.1351, quant_error 0.1338, utilization 0.2167, perplexity 13493.7005,
Train Epoch: [7/30] Iters:[180/1093] transplant_loss 1.4951, rec_loss 0.0110, p_loss 0.1352, quant_error 0.1329, utilization 0.2167, perplexity 13493.5557,
Train Epoch: [7/30] Iters:[190/1093] transplant_loss 1.4911, rec_loss 0.0110, p_loss 0.1350, quant_error 0.1326, utilization 0.2167, perplexity 13494.0604,
Train Epoch: [7/30] Iters:[200/1093] transplant_loss 1.4941, rec_loss 0.0109, p_loss 0.1354, quant_error 0.1330, utilization 0.2168, perplexity 13500.4764,
Train Epoch: [7/30] Iters:[210/1093] transplant_loss 1.4964, rec_loss 0.0110, p_loss 0.1357, quant_error 0.1334, utilization 0.2168, perplexity 13507.0420,
Train Epoch: [7/30] Iters:[220/1093] transplant_loss 1.5012, rec_loss 0.0110, p_loss 0.1356, quant_error 0.1337, utilization 0.2169, perplexity 13511.9558,
Train Epoch: [7/30] Iters:[230/1093] transplant_loss 1.5142, rec_loss 0.0112, p_loss 0.1364, quant_error 0.1352, utilization 0.2170, perplexity 13523.4316,
Train Epoch: [7/30] Iters:[240/1093] transplant_loss 1.5210, rec_loss 0.0112, p_loss 0.1368, quant_error 0.1362, utilization 0.2171, perplexity 13534.6422,
Train Epoch: [7/30] Iters:[250/1093] transplant_loss 1.5115, rec_loss 0.0112, p_loss 0.1361, quant_error 0.1348, utilization 0.2171, perplexity 13535.7787,
Train Epoch: [7/30] Iters:[260/1093] transplant_loss 1.5117, rec_loss 0.0112, p_loss 0.1361, quant_error 0.1346, utilization 0.2171, perplexity 13537.1960,
Train Epoch: [7/30] Iters:[270/1093] transplant_loss 1.5136, rec_loss 0.0112, p_loss 0.1366, quant_error 0.1349, utilization 0.2171, perplexity 13534.6316,
Train Epoch: [7/30] Iters:[280/1093] transplant_loss 1.5126, rec_loss 0.0111, p_loss 0.1364, quant_error 0.1347, utilization 0.2170, perplexity 13518.7142,
Train Epoch: [7/30] Iters:[290/1093] transplant_loss 1.5125, rec_loss 0.0112, p_loss 0.1363, quant_error 0.1345, utilization 0.2168, perplexity 13505.3431,
Train Epoch: [7/30] Iters:[300/1093] transplant_loss 1.5200, rec_loss 0.0113, p_loss 0.1366, quant_error 0.1356, utilization 0.2168, perplexity 13502.2327,
Train Epoch: [7/30] Iters:[310/1093] transplant_loss 1.5222, rec_loss 0.0113, p_loss 0.1364, quant_error 0.1358, utilization 0.2168, perplexity 13497.5474,
Train Epoch: [7/30] Iters:[320/1093] transplant_loss 1.5179, rec_loss 0.0113, p_loss 0.1363, quant_error 0.1352, utilization 0.2167, perplexity 13492.4084,
Train Epoch: [7/30] Iters:[330/1093] transplant_loss 1.5121, rec_loss 0.0111, p_loss 0.1361, quant_error 0.1345, utilization 0.2168, perplexity 13497.6823,
Train Epoch: [7/30] Iters:[340/1093] transplant_loss 1.5039, rec_loss 0.0110, p_loss 0.1356, quant_error 0.1335, utilization 0.2168, perplexity 13497.4036,
Train Epoch: [7/30] Iters:[350/1093] transplant_loss 1.4978, rec_loss 0.0108, p_loss 0.1355, quant_error 0.1329, utilization 0.2167, perplexity 13492.8017,
Train Epoch: [7/30] Iters:[360/1093] transplant_loss 1.4956, rec_loss 0.0107, p_loss 0.1356, quant_error 0.1327, utilization 0.2167, perplexity 13492.1722,
Train Epoch: [7/30] Iters:[370/1093] transplant_loss 1.5022, rec_loss 0.0108, p_loss 0.1359, quant_error 0.1336, utilization 0.2168, perplexity 13502.1363,
Train Epoch: [7/30] Iters:[380/1093] transplant_loss 1.5026, rec_loss 0.0108, p_loss 0.1358, quant_error 0.1336, utilization 0.2169, perplexity 13513.7404,
Train Epoch: [7/30] Iters:[390/1093] transplant_loss 1.5076, rec_loss 0.0109, p_loss 0.1363, quant_error 0.1341, utilization 0.2170, perplexity 13518.6042,
Train Epoch: [7/30] Iters:[400/1093] transplant_loss 1.5083, rec_loss 0.0110, p_loss 0.1361, quant_error 0.1338, utilization 0.2170, perplexity 13521.9058,
Train Epoch: [7/30] Iters:[410/1093] transplant_loss 1.5039, rec_loss 0.0110, p_loss 0.1358, quant_error 0.1331, utilization 0.2169, perplexity 13512.6164,
Train Epoch: [7/30] Iters:[420/1093] transplant_loss 1.5011, rec_loss 0.0110, p_loss 0.1353, quant_error 0.1327, utilization 0.2170, perplexity 13516.8863,
Train Epoch: [7/30] Iters:[430/1093] transplant_loss 1.4977, rec_loss 0.0110, p_loss 0.1350, quant_error 0.1324, utilization 0.2169, perplexity 13516.0155,
Train Epoch: [7/30] Iters:[440/1093] transplant_loss 1.4915, rec_loss 0.0108, p_loss 0.1345, quant_error 0.1320, utilization 0.2168, perplexity 13501.2337,
Train Epoch: [7/30] Iters:[450/1093] transplant_loss 1.4941, rec_loss 0.0109, p_loss 0.1350, quant_error 0.1323, utilization 0.2168, perplexity 13501.8729,
Train Epoch: [7/30] Iters:[460/1093] transplant_loss 1.5019, rec_loss 0.0110, p_loss 0.1352, quant_error 0.1334, utilization 0.2169, perplexity 13517.4172,
Train Epoch: [7/30] Iters:[470/1093] transplant_loss 1.4999, rec_loss 0.0110, p_loss 0.1352, quant_error 0.1334, utilization 0.2169, perplexity 13513.1666,
Train Epoch: [7/30] Iters:[480/1093] transplant_loss 1.5058, rec_loss 0.0110, p_loss 0.1358, quant_error 0.1341, utilization 0.2168, perplexity 13508.5525,
Train Epoch: [7/30] Iters:[490/1093] transplant_loss 1.5101, rec_loss 0.0112, p_loss 0.1364, quant_error 0.1343, utilization 0.2170, perplexity 13525.4714,
Train Epoch: [7/30] Iters:[500/1093] transplant_loss 1.5089, rec_loss 0.0110, p_loss 0.1363, quant_error 0.1343, utilization 0.2170, perplexity 13527.8341,
Train Epoch: [7/30] Iters:[510/1093] transplant_loss 1.5057, rec_loss 0.0110, p_loss 0.1363, quant_error 0.1337, utilization 0.2170, perplexity 13520.5804,
Train Epoch: [7/30] Iters:[520/1093] transplant_loss 1.5101, rec_loss 0.0110, p_loss 0.1367, quant_error 0.1338, utilization 0.2170, perplexity 13524.8702,
Train Epoch: [7/30] Iters:[530/1093] transplant_loss 1.5090, rec_loss 0.0110, p_loss 0.1364, quant_error 0.1336, utilization 0.2170, perplexity 13518.6341,
Train Epoch: [7/30] Iters:[540/1093] transplant_loss 1.5058, rec_loss 0.0108, p_loss 0.1358, quant_error 0.1334, utilization 0.2169, perplexity 13509.1669,
Train Epoch: [7/30] Iters:[550/1093] transplant_loss 1.5039, rec_loss 0.0108, p_loss 0.1358, quant_error 0.1330, utilization 0.2168, perplexity 13500.6239,
Train Epoch: [7/30] Iters:[560/1093] transplant_loss 1.5040, rec_loss 0.0109, p_loss 0.1358, quant_error 0.1331, utilization 0.2168, perplexity 13506.4043,
Train Epoch: [7/30] Iters:[570/1093] transplant_loss 1.5007, rec_loss 0.0109, p_loss 0.1355, quant_error 0.1327, utilization 0.2168, perplexity 13504.7154,
Train Epoch: [7/30] Iters:[580/1093] transplant_loss 1.5010, rec_loss 0.0109, p_loss 0.1357, quant_error 0.1326, utilization 0.2169, perplexity 13513.2710,
Train Epoch: [7/30] Iters:[590/1093] transplant_loss 1.5068, rec_loss 0.0110, p_loss 0.1363, quant_error 0.1333, utilization 0.2169, perplexity 13513.4193,
Train Epoch: [7/30] Iters:[600/1093] transplant_loss 1.5067, rec_loss 0.0110, p_loss 0.1360, quant_error 0.1332, utilization 0.2169, perplexity 13518.9048,
Train Epoch: [7/30] Iters:[610/1093] transplant_loss 1.5068, rec_loss 0.0109, p_loss 0.1358, quant_error 0.1333, utilization 0.2170, perplexity 13519.0970,
Train Epoch: [7/30] Iters:[620/1093] transplant_loss 1.5034, rec_loss 0.0108, p_loss 0.1355, quant_error 0.1329, utilization 0.2169, perplexity 13512.7729,
Train Epoch: [7/30] Iters:[630/1093] transplant_loss 1.5018, rec_loss 0.0108, p_loss 0.1353, quant_error 0.1331, utilization 0.2169, perplexity 13510.2148,
Train Epoch: [7/30] Iters:[640/1093] transplant_loss 1.4986, rec_loss 0.0108, p_loss 0.1347, quant_error 0.1327, utilization 0.2169, perplexity 13507.2645,
Train Epoch: [7/30] Iters:[650/1093] transplant_loss 1.4954, rec_loss 0.0108, p_loss 0.1351, quant_error 0.1324, utilization 0.2169, perplexity 13509.9273,
Train Epoch: [7/30] Iters:[660/1093] transplant_loss 1.4976, rec_loss 0.0109, p_loss 0.1354, quant_error 0.1327, utilization 0.2169, perplexity 13512.0465,
Train Epoch: [7/30] Iters:[670/1093] transplant_loss 1.5006, rec_loss 0.0110, p_loss 0.1355, quant_error 0.1330, utilization 0.2170, perplexity 13519.4776,
Train Epoch: [7/30] Iters:[680/1093] transplant_loss 1.4979, rec_loss 0.0109, p_loss 0.1354, quant_error 0.1325, utilization 0.2169, perplexity 13517.4125,
Train Epoch: [7/30] Iters:[690/1093] transplant_loss 1.4968, rec_loss 0.0108, p_loss 0.1352, quant_error 0.1322, utilization 0.2170, perplexity 13520.9443,
Train Epoch: [7/30] Iters:[700/1093] transplant_loss 1.5167, rec_loss 0.0110, p_loss 0.1358, quant_error 0.1345, utilization 0.2169, perplexity 13520.2096,
Train Epoch: [7/30] Iters:[710/1093] transplant_loss 1.5136, rec_loss 0.0109, p_loss 0.1354, quant_error 0.1341, utilization 0.2169, perplexity 13518.7112,
Train Epoch: [7/30] Iters:[720/1093] transplant_loss 1.5104, rec_loss 0.0109, p_loss 0.1356, quant_error 0.1339, utilization 0.2169, perplexity 13514.1030,
Train Epoch: [7/30] Iters:[730/1093] transplant_loss 1.5102, rec_loss 0.0109, p_loss 0.1357, quant_error 0.1338, utilization 0.2169, perplexity 13509.9309,
Train Epoch: [7/30] Iters:[740/1093] transplant_loss 1.5074, rec_loss 0.0109, p_loss 0.1358, quant_error 0.1333, utilization 0.2169, perplexity 13512.0392,
Train Epoch: [7/30] Iters:[750/1093] transplant_loss 1.4900, rec_loss 0.0107, p_loss 0.1350, quant_error 0.1311, utilization 0.2170, perplexity 13517.4464,
Train Epoch: [7/30] Iters:[760/1093] transplant_loss 1.4915, rec_loss 0.0107, p_loss 0.1351, quant_error 0.1312, utilization 0.2170, perplexity 13515.3357,
Train Epoch: [7/30] Iters:[770/1093] transplant_loss 1.4968, rec_loss 0.0108, p_loss 0.1354, quant_error 0.1319, utilization 0.2170, perplexity 13520.4416,
Train Epoch: [7/30] Iters:[780/1093] transplant_loss 1.5013, rec_loss 0.0109, p_loss 0.1356, quant_error 0.1327, utilization 0.2170, perplexity 13520.3520,
Train Epoch: [7/30] Iters:[790/1093] transplant_loss 1.5062, rec_loss 0.0109, p_loss 0.1362, quant_error 0.1335, utilization 0.2170, perplexity 13521.9853,
Train Epoch: [7/30] Iters:[800/1093] transplant_loss 1.5065, rec_loss 0.0110, p_loss 0.1361, quant_error 0.1334, utilization 0.2170, perplexity 13515.7613,
Train Epoch: [7/30] Iters:[810/1093] transplant_loss 1.5122, rec_loss 0.0111, p_loss 0.1366, quant_error 0.1342, utilization 0.2170, perplexity 13515.7517,
Train Epoch: [7/30] Iters:[820/1093] transplant_loss 1.5064, rec_loss 0.0109, p_loss 0.1363, quant_error 0.1335, utilization 0.2169, perplexity 13505.1303,
Train Epoch: [7/30] Iters:[830/1093] transplant_loss 1.5041, rec_loss 0.0109, p_loss 0.1359, quant_error 0.1329, utilization 0.2170, perplexity 13516.8127,
Train Epoch: [7/30] Iters:[840/1093] transplant_loss 1.5081, rec_loss 0.0109, p_loss 0.1358, quant_error 0.1334, utilization 0.2169, perplexity 13513.5783,
Train Epoch: [7/30] Iters:[850/1093] transplant_loss 1.5068, rec_loss 0.0107, p_loss 0.1361, quant_error 0.1334, utilization 0.2170, perplexity 13516.4607,
Train Epoch: [7/30] Iters:[860/1093] transplant_loss 1.5036, rec_loss 0.0106, p_loss 0.1354, quant_error 0.1330, utilization 0.2169, perplexity 13511.1700,
Train Epoch: [7/30] Iters:[870/1093] transplant_loss 1.5041, rec_loss 0.0106, p_loss 0.1352, quant_error 0.1330, utilization 0.2169, perplexity 13510.8340,
Train Epoch: [7/30] Iters:[880/1093] transplant_loss 1.5032, rec_loss 0.0106, p_loss 0.1353, quant_error 0.1329, utilization 0.2168, perplexity 13501.0567,
Train Epoch: [7/30] Iters:[890/1093] transplant_loss 1.4980, rec_loss 0.0106, p_loss 0.1351, quant_error 0.1323, utilization 0.2169, perplexity 13504.4664,
Train Epoch: [7/30] Iters:[900/1093] transplant_loss 1.5025, rec_loss 0.0108, p_loss 0.1354, quant_error 0.1327, utilization 0.2169, perplexity 13503.2485,
Train Epoch: [7/30] Iters:[910/1093] transplant_loss 1.5073, rec_loss 0.0109, p_loss 0.1360, quant_error 0.1331, utilization 0.2170, perplexity 13516.6281,
Train Epoch: [7/30] Iters:[920/1093] transplant_loss 1.5117, rec_loss 0.0110, p_loss 0.1366, quant_error 0.1335, utilization 0.2171, perplexity 13532.1898,
Train Epoch: [7/30] Iters:[930/1093] transplant_loss 1.5146, rec_loss 0.0111, p_loss 0.1365, quant_error 0.1339, utilization 0.2172, perplexity 13537.6302,
Train Epoch: [7/30] Iters:[940/1093] transplant_loss 1.5135, rec_loss 0.0110, p_loss 0.1361, quant_error 0.1336, utilization 0.2172, perplexity 13537.6242,
Train Epoch: [7/30] Iters:[950/1093] transplant_loss 1.5098, rec_loss 0.0109, p_loss 0.1358, quant_error 0.1332, utilization 0.2172, perplexity 13541.8863,
Train Epoch: [7/30] Iters:[960/1093] transplant_loss 1.4991, rec_loss 0.0108, p_loss 0.1354, quant_error 0.1320, utilization 0.2171, perplexity 13531.4811,
Train Epoch: [7/30] Iters:[970/1093] transplant_loss 1.4952, rec_loss 0.0107, p_loss 0.1347, quant_error 0.1315, utilization 0.2169, perplexity 13514.2614,
Train Epoch: [7/30] Iters:[980/1093] transplant_loss 1.4945, rec_loss 0.0107, p_loss 0.1347, quant_error 0.1314, utilization 0.2169, perplexity 13509.2537,
Train Epoch: [7/30] Iters:[990/1093] transplant_loss 1.4967, rec_loss 0.0108, p_loss 0.1354, quant_error 0.1316, utilization 0.2168, perplexity 13502.9148,
Train Epoch: [7/30] Iters:[1000/1093] transplant_loss 1.4950, rec_loss 0.0108, p_loss 0.1352, quant_error 0.1315, utilization 0.2168, perplexity 13494.7785,
Train Epoch: [7/30] Iters:[1010/1093] transplant_loss 1.4975, rec_loss 0.0108, p_loss 0.1349, quant_error 0.1319, utilization 0.2167, perplexity 13490.8835,
Train Epoch: [7/30] Iters:[1020/1093] transplant_loss 1.4980, rec_loss 0.0108, p_loss 0.1353, quant_error 0.1323, utilization 0.2168, perplexity 13496.1581,
Train Epoch: [7/30] Iters:[1030/1093] transplant_loss 1.5032, rec_loss 0.0109, p_loss 0.1355, quant_error 0.1328, utilization 0.2169, perplexity 13501.9400,
Train Epoch: [7/30] Iters:[1040/1093] transplant_loss 1.5037, rec_loss 0.0110, p_loss 0.1352, quant_error 0.1329, utilization 0.2169, perplexity 13510.1315,
Train Epoch: [7/30] Iters:[1050/1093] transplant_loss 1.5033, rec_loss 0.0110, p_loss 0.1351, quant_error 0.1329, utilization 0.2170, perplexity 13516.5760,
Train Epoch: [7/30] Iters:[1060/1093] transplant_loss 1.5072, rec_loss 0.0110, p_loss 0.1349, quant_error 0.1334, utilization 0.2171, perplexity 13525.4517,
Train Epoch: [7/30] Iters:[1070/1093] transplant_loss 1.5095, rec_loss 0.0110, p_loss 0.1348, quant_error 0.1333, utilization 0.2170, perplexity 13524.5583,
Train Epoch: [7/30] Iters:[1080/1093] transplant_loss 1.5156, rec_loss 0.0111, p_loss 0.1352, quant_error 0.1340, utilization 0.2171, perplexity 13529.3470,
Train Epoch: [7/30] Iters:[1090/1093] transplant_loss 1.5173, rec_loss 0.0111, p_loss 0.1352, quant_error 0.1341, utilization 0.2170, perplexity 13526.5082,
epoch:8, cur_lr:0.000079
Train Epoch: [8/30] Iters:[10/1093] transplant_loss 1.4774, rec_loss 0.0107, p_loss 0.1342, quant_error 0.1285, utilization 0.2172, perplexity 13533.8809,
Train Epoch: [8/30] Iters:[20/1093] transplant_loss 1.4854, rec_loss 0.0108, p_loss 0.1343, quant_error 0.1294, utilization 0.2171, perplexity 13522.2012,
Train Epoch: [8/30] Iters:[30/1093] transplant_loss 1.4864, rec_loss 0.0107, p_loss 0.1342, quant_error 0.1297, utilization 0.2170, perplexity 13515.9075,
Train Epoch: [8/30] Iters:[40/1093] transplant_loss 1.4951, rec_loss 0.0108, p_loss 0.1343, quant_error 0.1310, utilization 0.2169, perplexity 13511.0640,
Train Epoch: [8/30] Iters:[50/1093] transplant_loss 1.4935, rec_loss 0.0108, p_loss 0.1342, quant_error 0.1308, utilization 0.2170, perplexity 13511.2107,
Train Epoch: [8/30] Iters:[60/1093] transplant_loss 1.5037, rec_loss 0.0109, p_loss 0.1343, quant_error 0.1323, utilization 0.2170, perplexity 13518.8111,
Train Epoch: [8/30] Iters:[70/1093] transplant_loss 1.5056, rec_loss 0.0108, p_loss 0.1345, quant_error 0.1328, utilization 0.2171, perplexity 13523.6156,
Train Epoch: [8/30] Iters:[80/1093] transplant_loss 1.5121, rec_loss 0.0109, p_loss 0.1349, quant_error 0.1336, utilization 0.2172, perplexity 13535.2735,
Train Epoch: [8/30] Iters:[90/1093] transplant_loss 1.5063, rec_loss 0.0108, p_loss 0.1351, quant_error 0.1329, utilization 0.2172, perplexity 13537.8597,
Train Epoch: [8/30] Iters:[100/1093] transplant_loss 1.5106, rec_loss 0.0109, p_loss 0.1354, quant_error 0.1334, utilization 0.2172, perplexity 13542.7372,
Train Epoch: [8/30] Iters:[110/1093] transplant_loss 1.5045, rec_loss 0.0108, p_loss 0.1352, quant_error 0.1325, utilization 0.2172, perplexity 13533.7701,
Train Epoch: [8/30] Iters:[120/1093] transplant_loss 1.5043, rec_loss 0.0109, p_loss 0.1354, quant_error 0.1324, utilization 0.2172, perplexity 13534.9641,
Train Epoch: [8/30] Iters:[130/1093] transplant_loss 1.4969, rec_loss 0.0108, p_loss 0.1348, quant_error 0.1315, utilization 0.2171, perplexity 13530.2211,
Train Epoch: [8/30] Iters:[140/1093] transplant_loss 1.4989, rec_loss 0.0108, p_loss 0.1348, quant_error 0.1317, utilization 0.2172, perplexity 13535.4853,
Train Epoch: [8/30] Iters:[150/1093] transplant_loss 1.5010, rec_loss 0.0108, p_loss 0.1347, quant_error 0.1318, utilization 0.2172, perplexity 13536.8295,
Train Epoch: [8/30] Iters:[160/1093] transplant_loss 1.4982, rec_loss 0.0107, p_loss 0.1345, quant_error 0.1316, utilization 0.2172, perplexity 13536.6711,
Train Epoch: [8/30] Iters:[170/1093] transplant_loss 1.4937, rec_loss 0.0106, p_loss 0.1342, quant_error 0.1309, utilization 0.2171, perplexity 13530.5308,
Train Epoch: [8/30] Iters:[180/1093] transplant_loss 1.4909, rec_loss 0.0106, p_loss 0.1340, quant_error 0.1305, utilization 0.2170, perplexity 13518.4562,
Train Epoch: [8/30] Iters:[190/1093] transplant_loss 1.4944, rec_loss 0.0106, p_loss 0.1342, quant_error 0.1311, utilization 0.2170, perplexity 13516.6318,
Train Epoch: [8/30] Iters:[200/1093] transplant_loss 1.4932, rec_loss 0.0105, p_loss 0.1344, quant_error 0.1312, utilization 0.2168, perplexity 13504.0847,
Train Epoch: [8/30] Iters:[210/1093] transplant_loss 1.4985, rec_loss 0.0107, p_loss 0.1350, quant_error 0.1317, utilization 0.2168, perplexity 13507.6332,
Train Epoch: [8/30] Iters:[220/1093] transplant_loss 1.5053, rec_loss 0.0108, p_loss 0.1353, quant_error 0.1327, utilization 0.2169, perplexity 13511.6488,
Train Epoch: [8/30] Iters:[230/1093] transplant_loss 1.5113, rec_loss 0.0109, p_loss 0.1358, quant_error 0.1335, utilization 0.2170, perplexity 13521.0387,
Train Epoch: [8/30] Iters:[240/1093] transplant_loss 1.5097, rec_loss 0.0109, p_loss 0.1361, quant_error 0.1332, utilization 0.2170, perplexity 13514.4608,
Train Epoch: [8/30] Iters:[250/1093] transplant_loss 1.5072, rec_loss 0.0110, p_loss 0.1358, quant_error 0.1327, utilization 0.2170, perplexity 13516.1364,
Train Epoch: [8/30] Iters:[260/1093] transplant_loss 1.5055, rec_loss 0.0109, p_loss 0.1355, quant_error 0.1326, utilization 0.2170, perplexity 13508.0485,
Train Epoch: [8/30] Iters:[270/1093] transplant_loss 1.5034, rec_loss 0.0109, p_loss 0.1355, quant_error 0.1324, utilization 0.2169, perplexity 13505.9545,
Train Epoch: [8/30] Iters:[280/1093] transplant_loss 1.5055, rec_loss 0.0109, p_loss 0.1354, quant_error 0.1325, utilization 0.2170, perplexity 13513.0695,
Train Epoch: [8/30] Iters:[290/1093] transplant_loss 1.5047, rec_loss 0.0110, p_loss 0.1348, quant_error 0.1322, utilization 0.2171, perplexity 13525.9633,
Train Epoch: [8/30] Iters:[300/1093] transplant_loss 1.4982, rec_loss 0.0108, p_loss 0.1344, quant_error 0.1313, utilization 0.2171, perplexity 13524.9672,
Train Epoch: [8/30] Iters:[310/1093] transplant_loss 1.4986, rec_loss 0.0107, p_loss 0.1347, quant_error 0.1312, utilization 0.2172, perplexity 13534.6930,
Train Epoch: [8/30] Iters:[320/1093] transplant_loss 1.4991, rec_loss 0.0107, p_loss 0.1345, quant_error 0.1311, utilization 0.2171, perplexity 13533.6116,
Train Epoch: [8/30] Iters:[330/1093] transplant_loss 1.4881, rec_loss 0.0105, p_loss 0.1339, quant_error 0.1299, utilization 0.2170, perplexity 13520.3097,
Train Epoch: [8/30] Iters:[340/1093] transplant_loss 1.4928, rec_loss 0.0105, p_loss 0.1342, quant_error 0.1303, utilization 0.2171, perplexity 13527.2806,
Train Epoch: [8/30] Iters:[350/1093] transplant_loss 1.5008, rec_loss 0.0107, p_loss 0.1347, quant_error 0.1316, utilization 0.2171, perplexity 13534.2981,
Train Epoch: [8/30] Iters:[360/1093] transplant_loss 1.5002, rec_loss 0.0108, p_loss 0.1342, quant_error 0.1315, utilization 0.2172, perplexity 13537.7060,
Train Epoch: [8/30] Iters:[370/1093] transplant_loss 1.4986, rec_loss 0.0108, p_loss 0.1342, quant_error 0.1312, utilization 0.2172, perplexity 13538.1274,
Train Epoch: [8/30] Iters:[380/1093] transplant_loss 1.5109, rec_loss 0.0109, p_loss 0.1351, quant_error 0.1326, utilization 0.2172, perplexity 13532.0014,
Train Epoch: [8/30] Iters:[390/1093] transplant_loss 1.5086, rec_loss 0.0109, p_loss 0.1352, quant_error 0.1326, utilization 0.2171, perplexity 13525.8455,
Train Epoch: [8/30] Iters:[400/1093] transplant_loss 1.5047, rec_loss 0.0108, p_loss 0.1352, quant_error 0.1318, utilization 0.2171, perplexity 13525.7983,
Train Epoch: [8/30] Iters:[410/1093] transplant_loss 1.5088, rec_loss 0.0108, p_loss 0.1355, quant_error 0.1325, utilization 0.2170, perplexity 13517.4089,
Train Epoch: [8/30] Iters:[420/1093] transplant_loss 1.5110, rec_loss 0.0109, p_loss 0.1353, quant_error 0.1326, utilization 0.2171, perplexity 13524.1523,
Train Epoch: [8/30] Iters:[430/1093] transplant_loss 1.5160, rec_loss 0.0109, p_loss 0.1356, quant_error 0.1334, utilization 0.2172, perplexity 13541.3999,
Train Epoch: [8/30] Iters:[440/1093] transplant_loss 1.5082, rec_loss 0.0108, p_loss 0.1351, quant_error 0.1323, utilization 0.2171, perplexity 13528.6390,
Train Epoch: [8/30] Iters:[450/1093] transplant_loss 1.5125, rec_loss 0.0109, p_loss 0.1354, quant_error 0.1330, utilization 0.2171, perplexity 13532.2950,
Train Epoch: [8/30] Iters:[460/1093] transplant_loss 1.5111, rec_loss 0.0109, p_loss 0.1353, quant_error 0.1329, utilization 0.2172, perplexity 13534.1356,
Train Epoch: [8/30] Iters:[470/1093] transplant_loss 1.5144, rec_loss 0.0109, p_loss 0.1358, quant_error 0.1334, utilization 0.2171, perplexity 13531.4139,
Train Epoch: [8/30] Iters:[480/1093] transplant_loss 1.5049, rec_loss 0.0107, p_loss 0.1355, quant_error 0.1321, utilization 0.2171, perplexity 13530.8308,
Train Epoch: [8/30] Iters:[490/1093] transplant_loss 1.5132, rec_loss 0.0108, p_loss 0.1356, quant_error 0.1332, utilization 0.2171, perplexity 13532.4786,
Train Epoch: [8/30] Iters:[500/1093] transplant_loss 1.5109, rec_loss 0.0108, p_loss 0.1352, quant_error 0.1329, utilization 0.2171, perplexity 13527.7389,
Train Epoch: [8/30] Iters:[510/1093] transplant_loss 1.5143, rec_loss 0.0109, p_loss 0.1356, quant_error 0.1331, utilization 0.2171, perplexity 13530.8821,
Train Epoch: [8/30] Iters:[520/1093] transplant_loss 1.5115, rec_loss 0.0109, p_loss 0.1354, quant_error 0.1326, utilization 0.2171, perplexity 13525.5076,
Train Epoch: [8/30] Iters:[530/1093] transplant_loss 1.5126, rec_loss 0.0110, p_loss 0.1351, quant_error 0.1327, utilization 0.2171, perplexity 13525.9523,
Train Epoch: [8/30] Iters:[540/1093] transplant_loss 1.5070, rec_loss 0.0109, p_loss 0.1351, quant_error 0.1318, utilization 0.2171, perplexity 13527.4167,
Train Epoch: [8/30] Iters:[550/1093] transplant_loss 1.5110, rec_loss 0.0110, p_loss 0.1355, quant_error 0.1321, utilization 0.2172, perplexity 13536.9183,
Train Epoch: [8/30] Iters:[560/1093] transplant_loss 1.5109, rec_loss 0.0110, p_loss 0.1352, quant_error 0.1321, utilization 0.2172, perplexity 13534.1909,
Train Epoch: [8/30] Iters:[570/1093] transplant_loss 1.5076, rec_loss 0.0109, p_loss 0.1349, quant_error 0.1319, utilization 0.2172, perplexity 13536.2002,
Train Epoch: [8/30] Iters:[580/1093] transplant_loss 1.5116, rec_loss 0.0109, p_loss 0.1350, quant_error 0.1325, utilization 0.2172, perplexity 13534.5073,
Train Epoch: [8/30] Iters:[590/1093] transplant_loss 1.5162, rec_loss 0.0109, p_loss 0.1352, quant_error 0.1332, utilization 0.2172, perplexity 13540.8123,
Train Epoch: [8/30] Iters:[600/1093] transplant_loss 1.5080, rec_loss 0.0108, p_loss 0.1347, quant_error 0.1322, utilization 0.2172, perplexity 13541.0457,
Train Epoch: [8/30] Iters:[610/1093] transplant_loss 1.5086, rec_loss 0.0108, p_loss 0.1347, quant_error 0.1320, utilization 0.2172, perplexity 13540.9954,
Train Epoch: [8/30] Iters:[620/1093] transplant_loss 1.5126, rec_loss 0.0108, p_loss 0.1349, quant_error 0.1326, utilization 0.2172, perplexity 13545.1689,
Train Epoch: [8/30] Iters:[630/1093] transplant_loss 1.5110, rec_loss 0.0108, p_loss 0.1352, quant_error 0.1324, utilization 0.2172, perplexity 13547.0729,
Train Epoch: [8/30] Iters:[640/1093] transplant_loss 1.5173, rec_loss 0.0109, p_loss 0.1353, quant_error 0.1330, utilization 0.2172, perplexity 13541.6019,
Train Epoch: [8/30] Iters:[650/1093] transplant_loss 1.5187, rec_loss 0.0110, p_loss 0.1357, quant_error 0.1333, utilization 0.2171, perplexity 13534.3630,
Train Epoch: [8/30] Iters:[660/1093] transplant_loss 1.5212, rec_loss 0.0111, p_loss 0.1358, quant_error 0.1336, utilization 0.2172, perplexity 13536.5729,
Train Epoch: [8/30] Iters:[670/1093] transplant_loss 1.5210, rec_loss 0.0111, p_loss 0.1360, quant_error 0.1335, utilization 0.2172, perplexity 13535.7658,
Train Epoch: [8/30] Iters:[680/1093] transplant_loss 1.5220, rec_loss 0.0110, p_loss 0.1358, quant_error 0.1336, utilization 0.2172, perplexity 13540.6557,
Train Epoch: [8/30] Iters:[690/1093] transplant_loss 1.5106, rec_loss 0.0109, p_loss 0.1356, quant_error 0.1325, utilization 0.2173, perplexity 13547.2154,
Train Epoch: [8/30] Iters:[700/1093] transplant_loss 1.5218, rec_loss 0.0110, p_loss 0.1360, quant_error 0.1342, utilization 0.2174, perplexity 13554.0596,
Train Epoch: [8/30] Iters:[710/1093] transplant_loss 1.5098, rec_loss 0.0107, p_loss 0.1354, quant_error 0.1328, utilization 0.2173, perplexity 13548.5282,
Train Epoch: [8/30] Iters:[720/1093] transplant_loss 1.5075, rec_loss 0.0107, p_loss 0.1354, quant_error 0.1324, utilization 0.2173, perplexity 13544.7103,
Train Epoch: [8/30] Iters:[730/1093] transplant_loss 1.5043, rec_loss 0.0107, p_loss 0.1352, quant_error 0.1318, utilization 0.2172, perplexity 13540.2372,
Train Epoch: [8/30] Iters:[740/1093] transplant_loss 1.5080, rec_loss 0.0107, p_loss 0.1352, quant_error 0.1323, utilization 0.2172, perplexity 13537.4629,
Train Epoch: [8/30] Iters:[750/1093] transplant_loss 1.5030, rec_loss 0.0107, p_loss 0.1347, quant_error 0.1316, utilization 0.2171, perplexity 13532.6853,
Train Epoch: [8/30] Iters:[760/1093] transplant_loss 1.5028, rec_loss 0.0107, p_loss 0.1348, quant_error 0.1317, utilization 0.2171, perplexity 13534.5722,
Train Epoch: [8/30] Iters:[770/1093] transplant_loss 1.5095, rec_loss 0.0108, p_loss 0.1350, quant_error 0.1324, utilization 0.2174, perplexity 13557.5961,
Train Epoch: [8/30] Iters:[780/1093] transplant_loss 1.5123, rec_loss 0.0108, p_loss 0.1348, quant_error 0.1327, utilization 0.2175, perplexity 13565.0002,
Train Epoch: [8/30] Iters:[790/1093] transplant_loss 1.5092, rec_loss 0.0107, p_loss 0.1349, quant_error 0.1322, utilization 0.2175, perplexity 13568.4869,
Train Epoch: [8/30] Iters:[800/1093] transplant_loss 1.5042, rec_loss 0.0106, p_loss 0.1349, quant_error 0.1315, utilization 0.2175, perplexity 13566.1604,
Train Epoch: [8/30] Iters:[810/1093] transplant_loss 1.5126, rec_loss 0.0108, p_loss 0.1354, quant_error 0.1325, utilization 0.2175, perplexity 13565.6620,
Train Epoch: [8/30] Iters:[820/1093] transplant_loss 1.5026, rec_loss 0.0106, p_loss 0.1347, quant_error 0.1313, utilization 0.2173, perplexity 13545.1744,
Train Epoch: [8/30] Iters:[830/1093] transplant_loss 1.4992, rec_loss 0.0106, p_loss 0.1349, quant_error 0.1309, utilization 0.2171, perplexity 13524.4898,
Train Epoch: [8/30] Iters:[840/1093] transplant_loss 1.5031, rec_loss 0.0107, p_loss 0.1348, quant_error 0.1312, utilization 0.2170, perplexity 13514.7632,
Train Epoch: [8/30] Iters:[850/1093] transplant_loss 1.5040, rec_loss 0.0107, p_loss 0.1348, quant_error 0.1313, utilization 0.2170, perplexity 13519.2188,
Train Epoch: [8/30] Iters:[860/1093] transplant_loss 1.5044, rec_loss 0.0107, p_loss 0.1346, quant_error 0.1312, utilization 0.2171, perplexity 13522.9910,
Train Epoch: [8/30] Iters:[870/1093] transplant_loss 1.5113, rec_loss 0.0108, p_loss 0.1353, quant_error 0.1321, utilization 0.2171, perplexity 13528.5228,
Train Epoch: [8/30] Iters:[880/1093] transplant_loss 1.5086, rec_loss 0.0107, p_loss 0.1350, quant_error 0.1316, utilization 0.2172, perplexity 13531.9713,
Train Epoch: [8/30] Iters:[890/1093] transplant_loss 1.5118, rec_loss 0.0108, p_loss 0.1351, quant_error 0.1321, utilization 0.2172, perplexity 13541.1444,
Train Epoch: [8/30] Iters:[900/1093] transplant_loss 1.5142, rec_loss 0.0108, p_loss 0.1353, quant_error 0.1323, utilization 0.2172, perplexity 13539.3348,
Train Epoch: [8/30] Iters:[910/1093] transplant_loss 1.5055, rec_loss 0.0107, p_loss 0.1351, quant_error 0.1313, utilization 0.2171, perplexity 13526.7820,
Train Epoch: [8/30] Iters:[920/1093] transplant_loss 1.5061, rec_loss 0.0107, p_loss 0.1348, quant_error 0.1315, utilization 0.2170, perplexity 13516.3953,
Train Epoch: [8/30] Iters:[930/1093] transplant_loss 1.5099, rec_loss 0.0108, p_loss 0.1353, quant_error 0.1321, utilization 0.2171, perplexity 13533.4450,
Train Epoch: [8/30] Iters:[940/1093] transplant_loss 1.5017, rec_loss 0.0106, p_loss 0.1350, quant_error 0.1311, utilization 0.2172, perplexity 13535.8182,
Train Epoch: [8/30] Iters:[950/1093] transplant_loss 1.5018, rec_loss 0.0107, p_loss 0.1348, quant_error 0.1311, utilization 0.2171, perplexity 13533.2049,
Train Epoch: [8/30] Iters:[960/1093] transplant_loss 1.5091, rec_loss 0.0107, p_loss 0.1351, quant_error 0.1321, utilization 0.2173, perplexity 13552.9278,
Train Epoch: [8/30] Iters:[970/1093] transplant_loss 1.4999, rec_loss 0.0106, p_loss 0.1345, quant_error 0.1312, utilization 0.2173, perplexity 13554.3165,
Train Epoch: [8/30] Iters:[980/1093] transplant_loss 1.5005, rec_loss 0.0106, p_loss 0.1340, quant_error 0.1313, utilization 0.2172, perplexity 13539.1116,
Train Epoch: [8/30] Iters:[990/1093] transplant_loss 1.5100, rec_loss 0.0107, p_loss 0.1342, quant_error 0.1322, utilization 0.2172, perplexity 13537.9883,
Train Epoch: [8/30] Iters:[1000/1093] transplant_loss 1.5130, rec_loss 0.0108, p_loss 0.1342, quant_error 0.1326, utilization 0.2173, perplexity 13544.0419,
Train Epoch: [8/30] Iters:[1010/1093] transplant_loss 1.5101, rec_loss 0.0108, p_loss 0.1339, quant_error 0.1322, utilization 0.2173, perplexity 13541.3484,
Train Epoch: [8/30] Iters:[1020/1093] transplant_loss 1.5149, rec_loss 0.0109, p_loss 0.1341, quant_error 0.1325, utilization 0.2173, perplexity 13547.5144,
Train Epoch: [8/30] Iters:[1030/1093] transplant_loss 1.5201, rec_loss 0.0109, p_loss 0.1345, quant_error 0.1330, utilization 0.2174, perplexity 13554.4566,
Train Epoch: [8/30] Iters:[1040/1093] transplant_loss 1.5153, rec_loss 0.0109, p_loss 0.1346, quant_error 0.1328, utilization 0.2172, perplexity 13543.9955,
Train Epoch: [8/30] Iters:[1050/1093] transplant_loss 1.5063, rec_loss 0.0108, p_loss 0.1345, quant_error 0.1317, utilization 0.2171, perplexity 13528.0792,
Train Epoch: [8/30] Iters:[1060/1093] transplant_loss 1.5116, rec_loss 0.0109, p_loss 0.1345, quant_error 0.1322, utilization 0.2170, perplexity 13524.3431,
Train Epoch: [8/30] Iters:[1070/1093] transplant_loss 1.5105, rec_loss 0.0109, p_loss 0.1345, quant_error 0.1322, utilization 0.2169, perplexity 13515.6997,
Train Epoch: [8/30] Iters:[1080/1093] transplant_loss 1.5073, rec_loss 0.0109, p_loss 0.1346, quant_error 0.1320, utilization 0.2170, perplexity 13518.4938,
Train Epoch: [8/30] Iters:[1090/1093] transplant_loss 1.5072, rec_loss 0.0109, p_loss 0.1345, quant_error 0.1317, utilization 0.2171, perplexity 13522.7597,
epoch:9, cur_lr:0.000076
Train Epoch: [9/30] Iters:[10/1093] transplant_loss 1.5028, rec_loss 0.0106, p_loss 0.1334, quant_error 0.1307, utilization 0.2172, perplexity 13545.7924,
Train Epoch: [9/30] Iters:[20/1093] transplant_loss 1.5006, rec_loss 0.0108, p_loss 0.1346, quant_error 0.1300, utilization 0.2171, perplexity 13529.6220,
Train Epoch: [9/30] Iters:[30/1093] transplant_loss 1.5132, rec_loss 0.0110, p_loss 0.1347, quant_error 0.1320, utilization 0.2172, perplexity 13531.5820,
Train Epoch: [9/30] Iters:[40/1093] transplant_loss 1.5094, rec_loss 0.0108, p_loss 0.1343, quant_error 0.1316, utilization 0.2171, perplexity 13527.2826,
Train Epoch: [9/30] Iters:[50/1093] transplant_loss 1.5074, rec_loss 0.0108, p_loss 0.1344, quant_error 0.1313, utilization 0.2172, perplexity 13532.9756,
Train Epoch: [9/30] Iters:[60/1093] transplant_loss 1.5094, rec_loss 0.0108, p_loss 0.1350, quant_error 0.1317, utilization 0.2171, perplexity 13529.3240,
Train Epoch: [9/30] Iters:[70/1093] transplant_loss 1.5147, rec_loss 0.0108, p_loss 0.1347, quant_error 0.1324, utilization 0.2173, perplexity 13544.0413,
Train Epoch: [9/30] Iters:[80/1093] transplant_loss 1.5100, rec_loss 0.0108, p_loss 0.1346, quant_error 0.1315, utilization 0.2173, perplexity 13547.2292,
Train Epoch: [9/30] Iters:[90/1093] transplant_loss 1.5147, rec_loss 0.0109, p_loss 0.1350, quant_error 0.1322, utilization 0.2174, perplexity 13554.7316,
Train Epoch: [9/30] Iters:[100/1093] transplant_loss 1.5143, rec_loss 0.0109, p_loss 0.1352, quant_error 0.1324, utilization 0.2173, perplexity 13549.7104,
Train Epoch: [9/30] Iters:[110/1093] transplant_loss 1.5156, rec_loss 0.0109, p_loss 0.1351, quant_error 0.1324, utilization 0.2174, perplexity 13552.7813,
Train Epoch: [9/30] Iters:[120/1093] transplant_loss 1.5075, rec_loss 0.0109, p_loss 0.1350, quant_error 0.1316, utilization 0.2172, perplexity 13537.1443,
Train Epoch: [9/30] Iters:[130/1093] transplant_loss 1.5060, rec_loss 0.0108, p_loss 0.1350, quant_error 0.1314, utilization 0.2172, perplexity 13530.5455,
Train Epoch: [9/30] Iters:[140/1093] transplant_loss 1.5112, rec_loss 0.0108, p_loss 0.1350, quant_error 0.1317, utilization 0.2172, perplexity 13532.2220,
Train Epoch: [9/30] Iters:[150/1093] transplant_loss 1.5092, rec_loss 0.0109, p_loss 0.1346, quant_error 0.1313, utilization 0.2172, perplexity 13538.7959,
Train Epoch: [9/30] Iters:[160/1093] transplant_loss 1.5020, rec_loss 0.0108, p_loss 0.1340, quant_error 0.1304, utilization 0.2172, perplexity 13531.4596,
Train Epoch: [9/30] Iters:[170/1093] transplant_loss 1.5026, rec_loss 0.0107, p_loss 0.1340, quant_error 0.1304, utilization 0.2171, perplexity 13532.1218,
Train Epoch: [9/30] Iters:[180/1093] transplant_loss 1.5054, rec_loss 0.0107, p_loss 0.1343, quant_error 0.1309, utilization 0.2172, perplexity 13538.9380,
Train Epoch: [9/30] Iters:[190/1093] transplant_loss 1.4980, rec_loss 0.0106, p_loss 0.1346, quant_error 0.1302, utilization 0.2172, perplexity 13531.9309,
Train Epoch: [9/30] Iters:[200/1093] transplant_loss 1.5007, rec_loss 0.0106, p_loss 0.1346, quant_error 0.1305, utilization 0.2171, perplexity 13529.2686,
Train Epoch: [9/30] Iters:[210/1093] transplant_loss 1.5096, rec_loss 0.0106, p_loss 0.1350, quant_error 0.1314, utilization 0.2172, perplexity 13533.4058,
Train Epoch: [9/30] Iters:[220/1093] transplant_loss 1.5138, rec_loss 0.0107, p_loss 0.1352, quant_error 0.1317, utilization 0.2173, perplexity 13541.3792,
Train Epoch: [9/30] Iters:[230/1093] transplant_loss 1.5099, rec_loss 0.0106, p_loss 0.1348, quant_error 0.1312, utilization 0.2172, perplexity 13537.2038,
Train Epoch: [9/30] Iters:[240/1093] transplant_loss 1.5081, rec_loss 0.0106, p_loss 0.1340, quant_error 0.1309, utilization 0.2171, perplexity 13530.5898,
Train Epoch: [9/30] Iters:[250/1093] transplant_loss 1.5070, rec_loss 0.0107, p_loss 0.1337, quant_error 0.1307, utilization 0.2171, perplexity 13524.3155,
Train Epoch: [9/30] Iters:[260/1093] transplant_loss 1.5104, rec_loss 0.0107, p_loss 0.1341, quant_error 0.1312, utilization 0.2171, perplexity 13532.9679,
Train Epoch: [9/30] Iters:[270/1093] transplant_loss 1.5048, rec_loss 0.0107, p_loss 0.1338, quant_error 0.1308, utilization 0.2171, perplexity 13523.9004,
Train Epoch: [9/30] Iters:[280/1093] transplant_loss 1.5117, rec_loss 0.0108, p_loss 0.1344, quant_error 0.1315, utilization 0.2170, perplexity 13514.1606,
Train Epoch: [9/30] Iters:[290/1093] transplant_loss 1.5139, rec_loss 0.0108, p_loss 0.1346, quant_error 0.1316, utilization 0.2170, perplexity 13517.8670,
Train Epoch: [9/30] Iters:[300/1093] transplant_loss 1.5188, rec_loss 0.0108, p_loss 0.1352, quant_error 0.1323, utilization 0.2171, perplexity 13523.1324,
Train Epoch: [9/30] Iters:[310/1093] transplant_loss 1.5137, rec_loss 0.0107, p_loss 0.1349, quant_error 0.1319, utilization 0.2170, perplexity 13512.0483,
Train Epoch: [9/30] Iters:[320/1093] transplant_loss 1.5169, rec_loss 0.0107, p_loss 0.1352, quant_error 0.1321, utilization 0.2171, perplexity 13522.4197,
Train Epoch: [9/30] Iters:[330/1093] transplant_loss 1.5089, rec_loss 0.0106, p_loss 0.1345, quant_error 0.1311, utilization 0.2171, perplexity 13528.5365,
Train Epoch: [9/30] Iters:[340/1093] transplant_loss 1.5060, rec_loss 0.0106, p_loss 0.1344, quant_error 0.1308, utilization 0.2172, perplexity 13537.2500,
Train Epoch: [9/30] Iters:[350/1093] transplant_loss 1.4999, rec_loss 0.0105, p_loss 0.1338, quant_error 0.1299, utilization 0.2172, perplexity 13534.4421,
Train Epoch: [9/30] Iters:[360/1093] transplant_loss 1.4904, rec_loss 0.0104, p_loss 0.1331, quant_error 0.1287, utilization 0.2171, perplexity 13534.7950,
Train Epoch: [9/30] Iters:[370/1093] transplant_loss 1.4892, rec_loss 0.0104, p_loss 0.1329, quant_error 0.1286, utilization 0.2171, perplexity 13535.8120,
Train Epoch: [9/30] Iters:[380/1093] transplant_loss 1.4908, rec_loss 0.0104, p_loss 0.1331, quant_error 0.1290, utilization 0.2173, perplexity 13545.7521,
Train Epoch: [9/30] Iters:[390/1093] transplant_loss 1.4956, rec_loss 0.0104, p_loss 0.1334, quant_error 0.1296, utilization 0.2173, perplexity 13548.0406,
Train Epoch: [9/30] Iters:[400/1093] transplant_loss 1.5043, rec_loss 0.0105, p_loss 0.1343, quant_error 0.1309, utilization 0.2173, perplexity 13553.6200,
Train Epoch: [9/30] Iters:[410/1093] transplant_loss 1.5140, rec_loss 0.0106, p_loss 0.1349, quant_error 0.1321, utilization 0.2174, perplexity 13562.4426,
Train Epoch: [9/30] Iters:[420/1093] transplant_loss 1.5200, rec_loss 0.0107, p_loss 0.1349, quant_error 0.1329, utilization 0.2174, perplexity 13554.9353,
Train Epoch: [9/30] Iters:[430/1093] transplant_loss 1.5221, rec_loss 0.0108, p_loss 0.1352, quant_error 0.1329, utilization 0.2173, perplexity 13550.0025,
Train Epoch: [9/30] Iters:[440/1093] transplant_loss 1.5143, rec_loss 0.0107, p_loss 0.1345, quant_error 0.1320, utilization 0.2173, perplexity 13546.6553,
Train Epoch: [9/30] Iters:[450/1093] transplant_loss 1.5236, rec_loss 0.0108, p_loss 0.1345, quant_error 0.1327, utilization 0.2173, perplexity 13539.0938,
Train Epoch: [9/30] Iters:[460/1093] transplant_loss 1.5268, rec_loss 0.0109, p_loss 0.1345, quant_error 0.1327, utilization 0.2172, perplexity 13534.7684,
Train Epoch: [9/30] Iters:[470/1093] transplant_loss 1.5302, rec_loss 0.0109, p_loss 0.1348, quant_error 0.1333, utilization 0.2172, perplexity 13538.9402,
Train Epoch: [9/30] Iters:[480/1093] transplant_loss 1.5326, rec_loss 0.0110, p_loss 0.1350, quant_error 0.1337, utilization 0.2173, perplexity 13541.6845,
Train Epoch: [9/30] Iters:[490/1093] transplant_loss 1.5363, rec_loss 0.0111, p_loss 0.1354, quant_error 0.1341, utilization 0.2172, perplexity 13539.4733,
Train Epoch: [9/30] Iters:[500/1093] transplant_loss 1.5254, rec_loss 0.0110, p_loss 0.1348, quant_error 0.1331, utilization 0.2172, perplexity 13543.4823,
Train Epoch: [9/30] Iters:[510/1093] transplant_loss 1.5131, rec_loss 0.0108, p_loss 0.1344, quant_error 0.1318, utilization 0.2172, perplexity 13539.2107,
Train Epoch: [9/30] Iters:[520/1093] transplant_loss 1.5060, rec_loss 0.0107, p_loss 0.1341, quant_error 0.1308, utilization 0.2172, perplexity 13541.2799,
Train Epoch: [9/30] Iters:[530/1093] transplant_loss 1.5018, rec_loss 0.0106, p_loss 0.1336, quant_error 0.1303, utilization 0.2172, perplexity 13544.1043,
Train Epoch: [9/30] Iters:[540/1093] transplant_loss 1.5057, rec_loss 0.0106, p_loss 0.1340, quant_error 0.1306, utilization 0.2173, perplexity 13549.2782,
Train Epoch: [9/30] Iters:[550/1093] transplant_loss 1.5074, rec_loss 0.0107, p_loss 0.1343, quant_error 0.1306, utilization 0.2174, perplexity 13555.5704,
Train Epoch: [9/30] Iters:[560/1093] transplant_loss 1.5128, rec_loss 0.0107, p_loss 0.1345, quant_error 0.1313, utilization 0.2174, perplexity 13559.7441,
Train Epoch: [9/30] Iters:[570/1093] transplant_loss 1.5147, rec_loss 0.0107, p_loss 0.1348, quant_error 0.1315, utilization 0.2173, perplexity 13553.0561,
Train Epoch: [9/30] Iters:[580/1093] transplant_loss 1.5218, rec_loss 0.0108, p_loss 0.1354, quant_error 0.1324, utilization 0.2173, perplexity 13546.5869,
Train Epoch: [9/30] Iters:[590/1093] transplant_loss 1.5222, rec_loss 0.0108, p_loss 0.1352, quant_error 0.1325, utilization 0.2173, perplexity 13545.0430,
Train Epoch: [9/30] Iters:[600/1093] transplant_loss 1.5184, rec_loss 0.0107, p_loss 0.1347, quant_error 0.1321, utilization 0.2172, perplexity 13537.7027,
Train Epoch: [9/30] Iters:[610/1093] transplant_loss 1.5167, rec_loss 0.0107, p_loss 0.1346, quant_error 0.1319, utilization 0.2171, perplexity 13536.0449,
Train Epoch: [9/30] Iters:[620/1093] transplant_loss 1.5223, rec_loss 0.0108, p_loss 0.1348, quant_error 0.1324, utilization 0.2173, perplexity 13552.4505,
Train Epoch: [9/30] Iters:[630/1093] transplant_loss 1.5163, rec_loss 0.0107, p_loss 0.1345, quant_error 0.1316, utilization 0.2174, perplexity 13560.9207,
Train Epoch: [9/30] Iters:[640/1093] transplant_loss 1.5176, rec_loss 0.0107, p_loss 0.1343, quant_error 0.1317, utilization 0.2174, perplexity 13556.9088,
Train Epoch: [9/30] Iters:[650/1093] transplant_loss 1.5120, rec_loss 0.0106, p_loss 0.1345, quant_error 0.1311, utilization 0.2173, perplexity 13545.3450,
Train Epoch: [9/30] Iters:[660/1093] transplant_loss 1.5169, rec_loss 0.0107, p_loss 0.1346, quant_error 0.1316, utilization 0.2174, perplexity 13554.8227,
Train Epoch: [9/30] Iters:[670/1093] transplant_loss 1.5116, rec_loss 0.0106, p_loss 0.1341, quant_error 0.1314, utilization 0.2172, perplexity 13536.8628,
Train Epoch: [9/30] Iters:[680/1093] transplant_loss 1.5118, rec_loss 0.0107, p_loss 0.1339, quant_error 0.1315, utilization 0.2172, perplexity 13533.4095,
Train Epoch: [9/30] Iters:[690/1093] transplant_loss 1.5123, rec_loss 0.0106, p_loss 0.1343, quant_error 0.1318, utilization 0.2172, perplexity 13541.2469,
Train Epoch: [9/30] Iters:[700/1093] transplant_loss 1.5173, rec_loss 0.0108, p_loss 0.1344, quant_error 0.1326, utilization 0.2173, perplexity 13549.7207,
Train Epoch: [9/30] Iters:[710/1093] transplant_loss 1.5211, rec_loss 0.0108, p_loss 0.1347, quant_error 0.1331, utilization 0.2172, perplexity 13541.1529,
Train Epoch: [9/30] Iters:[720/1093] transplant_loss 1.5236, rec_loss 0.0108, p_loss 0.1349, quant_error 0.1333, utilization 0.2173, perplexity 13542.8081,
Train Epoch: [9/30] Iters:[730/1093] transplant_loss 1.5251, rec_loss 0.0108, p_loss 0.1348, quant_error 0.1332, utilization 0.2172, perplexity 13539.3256,
Train Epoch: [9/30] Iters:[740/1093] transplant_loss 1.5189, rec_loss 0.0108, p_loss 0.1343, quant_error 0.1321, utilization 0.2173, perplexity 13540.8459,
Train Epoch: [9/30] Iters:[750/1093] transplant_loss 1.5179, rec_loss 0.0107, p_loss 0.1344, quant_error 0.1319, utilization 0.2174, perplexity 13551.3742,
Train Epoch: [9/30] Iters:[760/1093] transplant_loss 1.5189, rec_loss 0.0108, p_loss 0.1344, quant_error 0.1319, utilization 0.2173, perplexity 13548.8597,
Train Epoch: [9/30] Iters:[770/1093] transplant_loss 1.5185, rec_loss 0.0108, p_loss 0.1345, quant_error 0.1316, utilization 0.2174, perplexity 13553.3404,
Train Epoch: [9/30] Iters:[780/1093] transplant_loss 1.5183, rec_loss 0.0107, p_loss 0.1348, quant_error 0.1318, utilization 0.2175, perplexity 13564.2512,
Train Epoch: [9/30] Iters:[790/1093] transplant_loss 1.5162, rec_loss 0.0107, p_loss 0.1347, quant_error 0.1316, utilization 0.2174, perplexity 13557.4805,
Train Epoch: [9/30] Iters:[800/1093] transplant_loss 1.5175, rec_loss 0.0107, p_loss 0.1344, quant_error 0.1316, utilization 0.2173, perplexity 13547.8797,
Train Epoch: [9/30] Iters:[810/1093] transplant_loss 1.5160, rec_loss 0.0107, p_loss 0.1345, quant_error 0.1316, utilization 0.2174, perplexity 13559.9839,
Train Epoch: [9/30] Iters:[820/1093] transplant_loss 1.5136, rec_loss 0.0106, p_loss 0.1342, quant_error 0.1314, utilization 0.2174, perplexity 13554.3659,
Train Epoch: [9/30] Iters:[830/1093] transplant_loss 1.5121, rec_loss 0.0106, p_loss 0.1339, quant_error 0.1311, utilization 0.2172, perplexity 13540.5044,
Train Epoch: [9/30] Iters:[840/1093] transplant_loss 1.5133, rec_loss 0.0106, p_loss 0.1340, quant_error 0.1313, utilization 0.2172, perplexity 13537.0005,
Train Epoch: [9/30] Iters:[850/1093] transplant_loss 1.5104, rec_loss 0.0106, p_loss 0.1340, quant_error 0.1311, utilization 0.2172, perplexity 13534.1738,
Train Epoch: [9/30] Iters:[860/1093] transplant_loss 1.5039, rec_loss 0.0105, p_loss 0.1338, quant_error 0.1305, utilization 0.2171, perplexity 13526.2630,
Train Epoch: [9/30] Iters:[870/1093] transplant_loss 1.5033, rec_loss 0.0106, p_loss 0.1338, quant_error 0.1302, utilization 0.2172, perplexity 13536.1289,
Train Epoch: [9/30] Iters:[880/1093] transplant_loss 1.5017, rec_loss 0.0105, p_loss 0.1338, quant_error 0.1300, utilization 0.2172, perplexity 13542.2829,
Train Epoch: [9/30] Iters:[890/1093] transplant_loss 1.5042, rec_loss 0.0106, p_loss 0.1340, quant_error 0.1305, utilization 0.2173, perplexity 13545.1923,
Train Epoch: [9/30] Iters:[900/1093] transplant_loss 1.5064, rec_loss 0.0107, p_loss 0.1341, quant_error 0.1308, utilization 0.2174, perplexity 13556.4757,
Train Epoch: [9/30] Iters:[910/1093] transplant_loss 1.5044, rec_loss 0.0106, p_loss 0.1339, quant_error 0.1305, utilization 0.2174, perplexity 13560.4439,
Train Epoch: [9/30] Iters:[920/1093] transplant_loss 1.5065, rec_loss 0.0106, p_loss 0.1340, quant_error 0.1309, utilization 0.2174, perplexity 13551.7400,
Train Epoch: [9/30] Iters:[930/1093] transplant_loss 1.5063, rec_loss 0.0106, p_loss 0.1342, quant_error 0.1308, utilization 0.2174, perplexity 13554.8382,
Train Epoch: [9/30] Iters:[940/1093] transplant_loss 1.5147, rec_loss 0.0107, p_loss 0.1344, quant_error 0.1313, utilization 0.2175, perplexity 13565.8172,
Train Epoch: [9/30] Iters:[950/1093] transplant_loss 1.5248, rec_loss 0.0107, p_loss 0.1352, quant_error 0.1320, utilization 0.2175, perplexity 13566.3905,
Train Epoch: [9/30] Iters:[960/1093] transplant_loss 1.5211, rec_loss 0.0107, p_loss 0.1351, quant_error 0.1312, utilization 0.2173, perplexity 13553.7118,
Train Epoch: [9/30] Iters:[970/1093] transplant_loss 1.5196, rec_loss 0.0106, p_loss 0.1349, quant_error 0.1308, utilization 0.2174, perplexity 13560.6947,
Train Epoch: [9/30] Iters:[980/1093] transplant_loss 1.5308, rec_loss 0.0108, p_loss 0.1350, quant_error 0.1323, utilization 0.2174, perplexity 13557.8285,
Train Epoch: [9/30] Iters:[990/1093] transplant_loss 1.5292, rec_loss 0.0108, p_loss 0.1349, quant_error 0.1321, utilization 0.2172, perplexity 13540.2534,
Train Epoch: [9/30] Iters:[1000/1093] transplant_loss 1.5195, rec_loss 0.0107, p_loss 0.1340, quant_error 0.1314, utilization 0.2172, perplexity 13531.2688,
Train Epoch: [9/30] Iters:[1010/1093] transplant_loss 1.5248, rec_loss 0.0108, p_loss 0.1341, quant_error 0.1323, utilization 0.2173, perplexity 13544.0096,
Train Epoch: [9/30] Iters:[1020/1093] transplant_loss 1.5227, rec_loss 0.0108, p_loss 0.1340, quant_error 0.1323, utilization 0.2173, perplexity 13547.3288,
Train Epoch: [9/30] Iters:[1030/1093] transplant_loss 1.5120, rec_loss 0.0107, p_loss 0.1338, quant_error 0.1311, utilization 0.2173, perplexity 13542.7948,
Train Epoch: [9/30] Iters:[1040/1093] transplant_loss 1.5055, rec_loss 0.0105, p_loss 0.1336, quant_error 0.1305, utilization 0.2174, perplexity 13555.4277,
Train Epoch: [9/30] Iters:[1050/1093] transplant_loss 1.5053, rec_loss 0.0105, p_loss 0.1338, quant_error 0.1304, utilization 0.2174, perplexity 13559.7021,
Train Epoch: [9/30] Iters:[1060/1093] transplant_loss 1.5040, rec_loss 0.0104, p_loss 0.1336, quant_error 0.1303, utilization 0.2174, perplexity 13553.8812,
Train Epoch: [9/30] Iters:[1070/1093] transplant_loss 1.5113, rec_loss 0.0105, p_loss 0.1345, quant_error 0.1310, utilization 0.2173, perplexity 13548.2775,
Train Epoch: [9/30] Iters:[1080/1093] transplant_loss 1.5049, rec_loss 0.0104, p_loss 0.1336, quant_error 0.1300, utilization 0.2173, perplexity 13546.2325,
Train Epoch: [9/30] Iters:[1090/1093] transplant_loss 1.5055, rec_loss 0.0104, p_loss 0.1335, quant_error 0.1301, utilization 0.2173, perplexity 13547.5429,
epoch:10, cur_lr:0.000073
Train Epoch: [10/30] Iters:[10/1093] transplant_loss 1.5326, rec_loss 0.0108, p_loss 0.1339, quant_error 0.1336, utilization 0.2176, perplexity 13579.6274,
Train Epoch: [10/30] Iters:[20/1093] transplant_loss 1.5279, rec_loss 0.0107, p_loss 0.1340, quant_error 0.1327, utilization 0.2175, perplexity 13567.4965,
Train Epoch: [10/30] Iters:[30/1093] transplant_loss 1.5263, rec_loss 0.0107, p_loss 0.1341, quant_error 0.1322, utilization 0.2175, perplexity 13561.9550,
Train Epoch: [10/30] Iters:[40/1093] transplant_loss 1.5247, rec_loss 0.0107, p_loss 0.1341, quant_error 0.1318, utilization 0.2174, perplexity 13555.4169,
Train Epoch: [10/30] Iters:[50/1093] transplant_loss 1.5195, rec_loss 0.0106, p_loss 0.1341, quant_error 0.1313, utilization 0.2173, perplexity 13543.0415,
Train Epoch: [10/30] Iters:[60/1093] transplant_loss 1.5202, rec_loss 0.0107, p_loss 0.1342, quant_error 0.1311, utilization 0.2172, perplexity 13535.0757,
Train Epoch: [10/30] Iters:[70/1093] transplant_loss 1.5170, rec_loss 0.0106, p_loss 0.1339, quant_error 0.1307, utilization 0.2172, perplexity 13536.1849,
Train Epoch: [10/30] Iters:[80/1093] transplant_loss 1.5213, rec_loss 0.0108, p_loss 0.1342, quant_error 0.1313, utilization 0.2171, perplexity 13529.5216,
Train Epoch: [10/30] Iters:[90/1093] transplant_loss 1.5173, rec_loss 0.0107, p_loss 0.1340, quant_error 0.1312, utilization 0.2171, perplexity 13531.7606,
Train Epoch: [10/30] Iters:[100/1093] transplant_loss 1.5278, rec_loss 0.0109, p_loss 0.1343, quant_error 0.1326, utilization 0.2173, perplexity 13552.4317,
Train Epoch: [10/30] Iters:[110/1093] transplant_loss 1.5297, rec_loss 0.0108, p_loss 0.1348, quant_error 0.1330, utilization 0.2174, perplexity 13561.7383,
Train Epoch: [10/30] Iters:[120/1093] transplant_loss 1.5337, rec_loss 0.0109, p_loss 0.1354, quant_error 0.1334, utilization 0.2174, perplexity 13559.0703,
Train Epoch: [10/30] Iters:[130/1093] transplant_loss 1.5271, rec_loss 0.0108, p_loss 0.1350, quant_error 0.1325, utilization 0.2174, perplexity 13561.9340,
Train Epoch: [10/30] Iters:[140/1093] transplant_loss 1.5312, rec_loss 0.0109, p_loss 0.1354, quant_error 0.1328, utilization 0.2174, perplexity 13558.4112,
Train Epoch: [10/30] Iters:[150/1093] transplant_loss 1.5256, rec_loss 0.0108, p_loss 0.1350, quant_error 0.1318, utilization 0.2173, perplexity 13547.2794,
Train Epoch: [10/30] Iters:[160/1093] transplant_loss 1.5249, rec_loss 0.0109, p_loss 0.1348, quant_error 0.1319, utilization 0.2173, perplexity 13543.7962,
Train Epoch: [10/30] Iters:[170/1093] transplant_loss 1.5239, rec_loss 0.0108, p_loss 0.1345, quant_error 0.1319, utilization 0.2174, perplexity 13552.9914,
Train Epoch: [10/30] Iters:[180/1093] transplant_loss 1.5226, rec_loss 0.0109, p_loss 0.1344, quant_error 0.1319, utilization 0.2173, perplexity 13551.3232,
Train Epoch: [10/30] Iters:[190/1093] transplant_loss 1.5234, rec_loss 0.0108, p_loss 0.1341, quant_error 0.1319, utilization 0.2173, perplexity 13547.5370,
Train Epoch: [10/30] Iters:[200/1093] transplant_loss 1.5188, rec_loss 0.0108, p_loss 0.1343, quant_error 0.1315, utilization 0.2173, perplexity 13541.2857,
Train Epoch: [10/30] Iters:[210/1093] transplant_loss 1.5152, rec_loss 0.0107, p_loss 0.1342, quant_error 0.1309, utilization 0.2172, perplexity 13534.9905,
Train Epoch: [10/30] Iters:[220/1093] transplant_loss 1.5089, rec_loss 0.0106, p_loss 0.1343, quant_error 0.1300, utilization 0.2172, perplexity 13530.5621,
Train Epoch: [10/30] Iters:[230/1093] transplant_loss 1.5148, rec_loss 0.0107, p_loss 0.1343, quant_error 0.1307, utilization 0.2173, perplexity 13540.3107,
Train Epoch: [10/30] Iters:[240/1093] transplant_loss 1.5057, rec_loss 0.0106, p_loss 0.1339, quant_error 0.1298, utilization 0.2173, perplexity 13545.8492,
Train Epoch: [10/30] Iters:[250/1093] transplant_loss 1.5061, rec_loss 0.0105, p_loss 0.1337, quant_error 0.1299, utilization 0.2173, perplexity 13546.8246,
Train Epoch: [10/30] Iters:[260/1093] transplant_loss 1.5054, rec_loss 0.0105, p_loss 0.1337, quant_error 0.1299, utilization 0.2173, perplexity 13542.2407,
Train Epoch: [10/30] Iters:[270/1093] transplant_loss 1.5086, rec_loss 0.0105, p_loss 0.1337, quant_error 0.1304, utilization 0.2173, perplexity 13542.0546,
Train Epoch: [10/30] Iters:[280/1093] transplant_loss 1.5037, rec_loss 0.0104, p_loss 0.1340, quant_error 0.1297, utilization 0.2172, perplexity 13534.0945,
Train Epoch: [10/30] Iters:[290/1093] transplant_loss 1.5101, rec_loss 0.0105, p_loss 0.1343, quant_error 0.1305, utilization 0.2172, perplexity 13532.4251,
Train Epoch: [10/30] Iters:[300/1093] transplant_loss 1.5093, rec_loss 0.0106, p_loss 0.1344, quant_error 0.1303, utilization 0.2173, perplexity 13543.1373,
Train Epoch: [10/30] Iters:[310/1093] transplant_loss 1.5047, rec_loss 0.0105, p_loss 0.1341, quant_error 0.1297, utilization 0.2174, perplexity 13553.9440,
Train Epoch: [10/30] Iters:[320/1093] transplant_loss 1.5122, rec_loss 0.0106, p_loss 0.1341, quant_error 0.1305, utilization 0.2173, perplexity 13552.1968,
Train Epoch: [10/30] Iters:[330/1093] transplant_loss 1.5151, rec_loss 0.0106, p_loss 0.1340, quant_error 0.1309, utilization 0.2174, perplexity 13561.9719,
Train Epoch: [10/30] Iters:[340/1093] transplant_loss 1.5285, rec_loss 0.0108, p_loss 0.1345, quant_error 0.1322, utilization 0.2176, perplexity 13576.0268,
Train Epoch: [10/30] Iters:[350/1093] transplant_loss 1.5233, rec_loss 0.0106, p_loss 0.1337, quant_error 0.1315, utilization 0.2175, perplexity 13567.0840,
Train Epoch: [10/30] Iters:[360/1093] transplant_loss 1.5277, rec_loss 0.0107, p_loss 0.1342, quant_error 0.1320, utilization 0.2175, perplexity 13564.4619,
Train Epoch: [10/30] Iters:[370/1093] transplant_loss 1.5227, rec_loss 0.0106, p_loss 0.1343, quant_error 0.1316, utilization 0.2175, perplexity 13565.4412,
Train Epoch: [10/30] Iters:[380/1093] transplant_loss 1.5311, rec_loss 0.0107, p_loss 0.1346, quant_error 0.1324, utilization 0.2175, perplexity 13570.1292,
Train Epoch: [10/30] Iters:[390/1093] transplant_loss 1.5237, rec_loss 0.0107, p_loss 0.1345, quant_error 0.1319, utilization 0.2175, perplexity 13566.8401,
Train Epoch: [10/30] Iters:[400/1093] transplant_loss 1.5364, rec_loss 0.0109, p_loss 0.1355, quant_error 0.1335, utilization 0.2175, perplexity 13571.2367,
Train Epoch: [10/30] Iters:[410/1093] transplant_loss 1.5331, rec_loss 0.0108, p_loss 0.1349, quant_error 0.1332, utilization 0.2175, perplexity 13572.9699,
Train Epoch: [10/30] Iters:[420/1093] transplant_loss 1.5343, rec_loss 0.0108, p_loss 0.1347, quant_error 0.1332, utilization 0.2176, perplexity 13576.4342,
Train Epoch: [10/30] Iters:[430/1093] transplant_loss 1.5224, rec_loss 0.0106, p_loss 0.1341, quant_error 0.1320, utilization 0.2175, perplexity 13564.4220,
Train Epoch: [10/30] Iters:[440/1093] transplant_loss 1.5237, rec_loss 0.0107, p_loss 0.1340, quant_error 0.1319, utilization 0.2174, perplexity 13559.5291,
Train Epoch: [10/30] Iters:[450/1093] transplant_loss 1.5213, rec_loss 0.0106, p_loss 0.1340, quant_error 0.1315, utilization 0.2175, perplexity 13564.3849,
Train Epoch: [10/30] Iters:[460/1093] transplant_loss 1.5247, rec_loss 0.0108, p_loss 0.1343, quant_error 0.1319, utilization 0.2174, perplexity 13558.4289,
Train Epoch: [10/30] Iters:[470/1093] transplant_loss 1.5205, rec_loss 0.0108, p_loss 0.1339, quant_error 0.1315, utilization 0.2174, perplexity 13556.9000,
Train Epoch: [10/30] Iters:[480/1093] transplant_loss 1.5250, rec_loss 0.0108, p_loss 0.1343, quant_error 0.1321, utilization 0.2175, perplexity 13566.6149,
Train Epoch: [10/30] Iters:[490/1093] transplant_loss 1.5184, rec_loss 0.0107, p_loss 0.1340, quant_error 0.1312, utilization 0.2175, perplexity 13568.4722,
Train Epoch: [10/30] Iters:[500/1093] transplant_loss 1.5159, rec_loss 0.0108, p_loss 0.1337, quant_error 0.1312, utilization 0.2175, perplexity 13563.4434,
Train Epoch: [10/30] Iters:[510/1093] transplant_loss 1.5124, rec_loss 0.0107, p_loss 0.1334, quant_error 0.1306, utilization 0.2175, perplexity 13567.4599,
Train Epoch: [10/30] Iters:[520/1093] transplant_loss 1.5201, rec_loss 0.0107, p_loss 0.1337, quant_error 0.1317, utilization 0.2175, perplexity 13562.8507,
Train Epoch: [10/30] Iters:[530/1093] transplant_loss 1.5132, rec_loss 0.0107, p_loss 0.1336, quant_error 0.1308, utilization 0.2174, perplexity 13554.4437,
Train Epoch: [10/30] Iters:[540/1093] transplant_loss 1.5120, rec_loss 0.0106, p_loss 0.1336, quant_error 0.1310, utilization 0.2173, perplexity 13547.2870,
Train Epoch: [10/30] Iters:[550/1093] transplant_loss 1.5061, rec_loss 0.0106, p_loss 0.1331, quant_error 0.1301, utilization 0.2173, perplexity 13541.7368,
Train Epoch: [10/30] Iters:[560/1093] transplant_loss 1.5109, rec_loss 0.0106, p_loss 0.1332, quant_error 0.1306, utilization 0.2173, perplexity 13544.4688,
Train Epoch: [10/30] Iters:[570/1093] transplant_loss 1.5013, rec_loss 0.0105, p_loss 0.1332, quant_error 0.1293, utilization 0.2173, perplexity 13544.6547,
Train Epoch: [10/30] Iters:[580/1093] transplant_loss 1.5043, rec_loss 0.0105, p_loss 0.1333, quant_error 0.1296, utilization 0.2174, perplexity 13550.1320,
Train Epoch: [10/30] Iters:[590/1093] transplant_loss 1.5046, rec_loss 0.0105, p_loss 0.1337, quant_error 0.1295, utilization 0.2174, perplexity 13551.9610,
Train Epoch: [10/30] Iters:[600/1093] transplant_loss 1.5119, rec_loss 0.0105, p_loss 0.1341, quant_error 0.1303, utilization 0.2174, perplexity 13554.7020,
Train Epoch: [10/30] Iters:[610/1093] transplant_loss 1.5068, rec_loss 0.0105, p_loss 0.1342, quant_error 0.1300, utilization 0.2173, perplexity 13546.8832,
Train Epoch: [10/30] Iters:[620/1093] transplant_loss 1.5160, rec_loss 0.0106, p_loss 0.1347, quant_error 0.1311, utilization 0.2174, perplexity 13550.7865,
Train Epoch: [10/30] Iters:[630/1093] transplant_loss 1.5139, rec_loss 0.0106, p_loss 0.1343, quant_error 0.1306, utilization 0.2173, perplexity 13548.0901,
Train Epoch: [10/30] Iters:[640/1093] transplant_loss 1.5202, rec_loss 0.0107, p_loss 0.1344, quant_error 0.1316, utilization 0.2174, perplexity 13554.8200,
Train Epoch: [10/30] Iters:[650/1093] transplant_loss 1.5203, rec_loss 0.0107, p_loss 0.1347, quant_error 0.1314, utilization 0.2174, perplexity 13550.4540,
Train Epoch: [10/30] Iters:[660/1093] transplant_loss 1.5211, rec_loss 0.0107, p_loss 0.1347, quant_error 0.1314, utilization 0.2174, perplexity 13554.1487,
Train Epoch: [10/30] Iters:[670/1093] transplant_loss 1.5138, rec_loss 0.0105, p_loss 0.1337, quant_error 0.1305, utilization 0.2173, perplexity 13545.6655,
Train Epoch: [10/30] Iters:[680/1093] transplant_loss 1.5159, rec_loss 0.0105, p_loss 0.1341, quant_error 0.1309, utilization 0.2172, perplexity 13536.4343,
Train Epoch: [10/30] Iters:[690/1093] transplant_loss 1.5135, rec_loss 0.0105, p_loss 0.1339, quant_error 0.1303, utilization 0.2172, perplexity 13536.0081,
Train Epoch: [10/30] Iters:[700/1093] transplant_loss 1.5042, rec_loss 0.0105, p_loss 0.1330, quant_error 0.1293, utilization 0.2172, perplexity 13540.4941,
Train Epoch: [10/30] Iters:[710/1093] transplant_loss 1.5030, rec_loss 0.0104, p_loss 0.1330, quant_error 0.1294, utilization 0.2172, perplexity 13538.0850,
Train Epoch: [10/30] Iters:[720/1093] transplant_loss 1.5059, rec_loss 0.0105, p_loss 0.1334, quant_error 0.1299, utilization 0.2173, perplexity 13541.8486,
Train Epoch: [10/30] Iters:[730/1093] transplant_loss 1.5035, rec_loss 0.0105, p_loss 0.1333, quant_error 0.1296, utilization 0.2174, perplexity 13554.1350,
Train Epoch: [10/30] Iters:[740/1093] transplant_loss 1.4993, rec_loss 0.0104, p_loss 0.1333, quant_error 0.1294, utilization 0.2174, perplexity 13553.4215,
Train Epoch: [10/30] Iters:[750/1093] transplant_loss 1.5106, rec_loss 0.0106, p_loss 0.1343, quant_error 0.1307, utilization 0.2175, perplexity 13564.2352,
Train Epoch: [10/30] Iters:[760/1093] transplant_loss 1.5166, rec_loss 0.0107, p_loss 0.1345, quant_error 0.1312, utilization 0.2175, perplexity 13564.1578,
Train Epoch: [10/30] Iters:[770/1093] transplant_loss 1.5226, rec_loss 0.0107, p_loss 0.1351, quant_error 0.1318, utilization 0.2175, perplexity 13567.3787,
Train Epoch: [10/30] Iters:[780/1093] transplant_loss 1.5264, rec_loss 0.0107, p_loss 0.1354, quant_error 0.1325, utilization 0.2175, perplexity 13557.5289,
Train Epoch: [10/30] Iters:[790/1093] transplant_loss 1.5293, rec_loss 0.0107, p_loss 0.1353, quant_error 0.1329, utilization 0.2174, perplexity 13555.7901,
Train Epoch: [10/30] Iters:[800/1093] transplant_loss 1.5205, rec_loss 0.0106, p_loss 0.1346, quant_error 0.1316, utilization 0.2173, perplexity 13542.5513,
Train Epoch: [10/30] Iters:[810/1093] transplant_loss 1.5173, rec_loss 0.0105, p_loss 0.1343, quant_error 0.1308, utilization 0.2174, perplexity 13549.2059,
Train Epoch: [10/30] Iters:[820/1093] transplant_loss 1.5182, rec_loss 0.0105, p_loss 0.1339, quant_error 0.1307, utilization 0.2174, perplexity 13556.0306,
Train Epoch: [10/30] Iters:[830/1093] transplant_loss 1.5154, rec_loss 0.0105, p_loss 0.1336, quant_error 0.1301, utilization 0.2174, perplexity 13554.8349,
Train Epoch: [10/30] Iters:[840/1093] transplant_loss 1.5118, rec_loss 0.0105, p_loss 0.1336, quant_error 0.1295, utilization 0.2175, perplexity 13559.9466,
Train Epoch: [10/30] Iters:[850/1093] transplant_loss 1.5204, rec_loss 0.0106, p_loss 0.1338, quant_error 0.1307, utilization 0.2175, perplexity 13563.1422,
Train Epoch: [10/30] Iters:[860/1093] transplant_loss 1.5223, rec_loss 0.0107, p_loss 0.1341, quant_error 0.1313, utilization 0.2174, perplexity 13555.8569,
Train Epoch: [10/30] Iters:[870/1093] transplant_loss 1.5202, rec_loss 0.0107, p_loss 0.1343, quant_error 0.1314, utilization 0.2174, perplexity 13553.2506,
Train Epoch: [10/30] Iters:[880/1093] transplant_loss 1.5182, rec_loss 0.0107, p_loss 0.1343, quant_error 0.1310, utilization 0.2174, perplexity 13555.5181,
Train Epoch: [10/30] Iters:[890/1093] transplant_loss 1.5216, rec_loss 0.0107, p_loss 0.1344, quant_error 0.1316, utilization 0.2174, perplexity 13549.4077,
Train Epoch: [10/30] Iters:[900/1093] transplant_loss 1.5262, rec_loss 0.0108, p_loss 0.1345, quant_error 0.1322, utilization 0.2174, perplexity 13556.3833,
Train Epoch: [10/30] Iters:[910/1093] transplant_loss 1.5309, rec_loss 0.0108, p_loss 0.1348, quant_error 0.1328, utilization 0.2175, perplexity 13560.8055,
Train Epoch: [10/30] Iters:[920/1093] transplant_loss 1.5217, rec_loss 0.0107, p_loss 0.1343, quant_error 0.1315, utilization 0.2174, perplexity 13552.0043,
Train Epoch: [10/30] Iters:[930/1093] transplant_loss 1.5241, rec_loss 0.0107, p_loss 0.1344, quant_error 0.1320, utilization 0.2174, perplexity 13552.1200,
Train Epoch: [10/30] Iters:[940/1093] transplant_loss 1.5181, rec_loss 0.0106, p_loss 0.1342, quant_error 0.1311, utilization 0.2174, perplexity 13551.7636,
Train Epoch: [10/30] Iters:[950/1093] transplant_loss 1.5156, rec_loss 0.0106, p_loss 0.1341, quant_error 0.1309, utilization 0.2174, perplexity 13556.9735,
Train Epoch: [10/30] Iters:[960/1093] transplant_loss 1.5068, rec_loss 0.0105, p_loss 0.1337, quant_error 0.1297, utilization 0.2174, perplexity 13560.8938,
Train Epoch: [10/30] Iters:[970/1093] transplant_loss 1.5069, rec_loss 0.0105, p_loss 0.1337, quant_error 0.1295, utilization 0.2175, perplexity 13565.2375,
Train Epoch: [10/30] Iters:[980/1093] transplant_loss 1.5012, rec_loss 0.0104, p_loss 0.1334, quant_error 0.1287, utilization 0.2175, perplexity 13568.5770,
Train Epoch: [10/30] Iters:[990/1093] transplant_loss 1.4990, rec_loss 0.0104, p_loss 0.1332, quant_error 0.1285, utilization 0.2175, perplexity 13569.8266,
Train Epoch: [10/30] Iters:[1000/1093] transplant_loss 1.4986, rec_loss 0.0103, p_loss 0.1334, quant_error 0.1282, utilization 0.2175, perplexity 13564.1975,
Train Epoch: [10/30] Iters:[1010/1093] transplant_loss 1.4954, rec_loss 0.0102, p_loss 0.1330, quant_error 0.1277, utilization 0.2174, perplexity 13557.2160,
Train Epoch: [10/30] Iters:[1020/1093] transplant_loss 1.5024, rec_loss 0.0103, p_loss 0.1335, quant_error 0.1288, utilization 0.2175, perplexity 13564.4784,
Train Epoch: [10/30] Iters:[1030/1093] transplant_loss 1.5029, rec_loss 0.0103, p_loss 0.1336, quant_error 0.1291, utilization 0.2175, perplexity 13564.0615,
Train Epoch: [10/30] Iters:[1040/1093] transplant_loss 1.5101, rec_loss 0.0105, p_loss 0.1340, quant_error 0.1298, utilization 0.2175, perplexity 13567.6491,
Train Epoch: [10/30] Iters:[1050/1093] transplant_loss 1.4997, rec_loss 0.0105, p_loss 0.1335, quant_error 0.1285, utilization 0.2175, perplexity 13565.3725,
Train Epoch: [10/30] Iters:[1060/1093] transplant_loss 1.5039, rec_loss 0.0105, p_loss 0.1343, quant_error 0.1293, utilization 0.2175, perplexity 13567.8015,
Train Epoch: [10/30] Iters:[1070/1093] transplant_loss 1.5022, rec_loss 0.0105, p_loss 0.1342, quant_error 0.1291, utilization 0.2175, perplexity 13560.7280,
Train Epoch: [10/30] Iters:[1080/1093] transplant_loss 1.5135, rec_loss 0.0106, p_loss 0.1345, quant_error 0.1303, utilization 0.2174, perplexity 13561.1908,
Train Epoch: [10/30] Iters:[1090/1093] transplant_loss 1.5097, rec_loss 0.0105, p_loss 0.1342, quant_error 0.1300, utilization 0.2174, perplexity 13557.3875,
Loading pretrained model LPIPS from /home/sunset/.cache/torch/hub/pyiqa/LPIPS_v0.1_alex-df73285e.pth
epoch:11, cur_lr:0.000070
Train Epoch: [11/30] Iters:[10/1093] transplant_loss 1.5194, rec_loss 0.0107, p_loss 0.1349, quant_error 0.1319, utilization 0.2177, perplexity 13581.2894,
Train Epoch: [11/30] Iters:[20/1093] transplant_loss 1.5281, rec_loss 0.0108, p_loss 0.1352, quant_error 0.1325, utilization 0.2174, perplexity 13553.9109,
Train Epoch: [11/30] Iters:[30/1093] transplant_loss 1.5013, rec_loss 0.0104, p_loss 0.1332, quant_error 0.1289, utilization 0.2173, perplexity 13548.1877,
Train Epoch: [11/30] Iters:[40/1093] transplant_loss 1.5003, rec_loss 0.0103, p_loss 0.1332, quant_error 0.1290, utilization 0.2174, perplexity 13557.6848,
Train Epoch: [11/30] Iters:[50/1093] transplant_loss 1.5032, rec_loss 0.0103, p_loss 0.1333, quant_error 0.1293, utilization 0.2173, perplexity 13551.6574,
Train Epoch: [11/30] Iters:[60/1093] transplant_loss 1.5076, rec_loss 0.0104, p_loss 0.1333, quant_error 0.1295, utilization 0.2173, perplexity 13551.2623,
Train Epoch: [11/30] Iters:[70/1093] transplant_loss 1.5019, rec_loss 0.0104, p_loss 0.1330, quant_error 0.1285, utilization 0.2173, perplexity 13548.6179,
Train Epoch: [11/30] Iters:[80/1093] transplant_loss 1.5138, rec_loss 0.0106, p_loss 0.1336, quant_error 0.1302, utilization 0.2174, perplexity 13555.3919,
Train Epoch: [11/30] Iters:[90/1093] transplant_loss 1.5117, rec_loss 0.0106, p_loss 0.1330, quant_error 0.1298, utilization 0.2173, perplexity 13543.1432,
Train Epoch: [11/30] Iters:[100/1093] transplant_loss 1.5161, rec_loss 0.0107, p_loss 0.1332, quant_error 0.1301, utilization 0.2174, perplexity 13553.2841,
Train Epoch: [11/30] Iters:[110/1093] transplant_loss 1.5157, rec_loss 0.0107, p_loss 0.1333, quant_error 0.1303, utilization 0.2174, perplexity 13551.7250,
Train Epoch: [11/30] Iters:[120/1093] transplant_loss 1.5209, rec_loss 0.0107, p_loss 0.1337, quant_error 0.1313, utilization 0.2176, perplexity 13568.6104,
Train Epoch: [11/30] Iters:[130/1093] transplant_loss 1.5291, rec_loss 0.0108, p_loss 0.1345, quant_error 0.1320, utilization 0.2175, perplexity 13564.8835,
Train Epoch: [11/30] Iters:[140/1093] transplant_loss 1.5336, rec_loss 0.0108, p_loss 0.1353, quant_error 0.1324, utilization 0.2175, perplexity 13558.8751,
Train Epoch: [11/30] Iters:[150/1093] transplant_loss 1.5246, rec_loss 0.0106, p_loss 0.1351, quant_error 0.1315, utilization 0.2174, perplexity 13550.9387,
Train Epoch: [11/30] Iters:[160/1093] transplant_loss 1.5240, rec_loss 0.0106, p_loss 0.1348, quant_error 0.1312, utilization 0.2174, perplexity 13547.5682,
Train Epoch: [11/30] Iters:[170/1093] transplant_loss 1.5270, rec_loss 0.0106, p_loss 0.1346, quant_error 0.1318, utilization 0.2173, perplexity 13540.5609,
Train Epoch: [11/30] Iters:[180/1093] transplant_loss 1.5184, rec_loss 0.0106, p_loss 0.1343, quant_error 0.1309, utilization 0.2173, perplexity 13541.2500,
Train Epoch: [11/30] Iters:[190/1093] transplant_loss 1.5180, rec_loss 0.0106, p_loss 0.1337, quant_error 0.1308, utilization 0.2173, perplexity 13545.3014,
Train Epoch: [11/30] Iters:[200/1093] transplant_loss 1.5149, rec_loss 0.0106, p_loss 0.1331, quant_error 0.1303, utilization 0.2174, perplexity 13549.8391,
Train Epoch: [11/30] Iters:[210/1093] transplant_loss 1.5149, rec_loss 0.0107, p_loss 0.1332, quant_error 0.1303, utilization 0.2174, perplexity 13552.0849,
Train Epoch: [11/30] Iters:[220/1093] transplant_loss 1.5118, rec_loss 0.0106, p_loss 0.1334, quant_error 0.1297, utilization 0.2175, perplexity 13560.1556,
Train Epoch: [11/30] Iters:[230/1093] transplant_loss 1.5122, rec_loss 0.0106, p_loss 0.1324, quant_error 0.1297, utilization 0.2174, perplexity 13552.8238,
Train Epoch: [11/30] Iters:[240/1093] transplant_loss 1.5145, rec_loss 0.0106, p_loss 0.1329, quant_error 0.1302, utilization 0.2175, perplexity 13562.8272,
Train Epoch: [11/30] Iters:[250/1093] transplant_loss 1.5241, rec_loss 0.0107, p_loss 0.1335, quant_error 0.1314, utilization 0.2174, perplexity 13560.4526,
Train Epoch: [11/30] Iters:[260/1093] transplant_loss 1.5178, rec_loss 0.0106, p_loss 0.1333, quant_error 0.1308, utilization 0.2174, perplexity 13559.9876,
Train Epoch: [11/30] Iters:[270/1093] transplant_loss 1.5099, rec_loss 0.0105, p_loss 0.1328, quant_error 0.1299, utilization 0.2173, perplexity 13545.8981,
Train Epoch: [11/30] Iters:[280/1093] transplant_loss 1.5180, rec_loss 0.0107, p_loss 0.1341, quant_error 0.1308, utilization 0.2175, perplexity 13562.9977,
Train Epoch: [11/30] Iters:[290/1093] transplant_loss 1.5195, rec_loss 0.0108, p_loss 0.1342, quant_error 0.1309, utilization 0.2175, perplexity 13559.2485,
Train Epoch: [11/30] Iters:[300/1093] transplant_loss 1.5206, rec_loss 0.0107, p_loss 0.1347, quant_error 0.1311, utilization 0.2176, perplexity 13565.1285,
Train Epoch: [11/30] Iters:[310/1093] transplant_loss 1.5299, rec_loss 0.0109, p_loss 0.1352, quant_error 0.1321, utilization 0.2175, perplexity 13563.5322,
Train Epoch: [11/30] Iters:[320/1093] transplant_loss 1.5385, rec_loss 0.0110, p_loss 0.1355, quant_error 0.1331, utilization 0.2176, perplexity 13573.8284,
Train Epoch: [11/30] Iters:[330/1093] transplant_loss 1.5379, rec_loss 0.0109, p_loss 0.1354, quant_error 0.1333, utilization 0.2175, perplexity 13566.3634,
Train Epoch: [11/30] Iters:[340/1093] transplant_loss 1.5344, rec_loss 0.0108, p_loss 0.1351, quant_error 0.1327, utilization 0.2176, perplexity 13573.5812,
Train Epoch: [11/30] Iters:[350/1093] transplant_loss 1.5307, rec_loss 0.0108, p_loss 0.1344, quant_error 0.1321, utilization 0.2175, perplexity 13566.4238,
Train Epoch: [11/30] Iters:[360/1093] transplant_loss 1.5190, rec_loss 0.0106, p_loss 0.1336, quant_error 0.1307, utilization 0.2175, perplexity 13564.5317,
Train Epoch: [11/30] Iters:[370/1093] transplant_loss 1.5135, rec_loss 0.0104, p_loss 0.1339, quant_error 0.1299, utilization 0.2175, perplexity 13568.5610,
Train Epoch: [11/30] Iters:[380/1093] transplant_loss 1.5108, rec_loss 0.0105, p_loss 0.1338, quant_error 0.1295, utilization 0.2175, perplexity 13568.3845,
Train Epoch: [11/30] Iters:[390/1093] transplant_loss 1.5063, rec_loss 0.0104, p_loss 0.1333, quant_error 0.1292, utilization 0.2175, perplexity 13564.2975,
Train Epoch: [11/30] Iters:[400/1093] transplant_loss 1.5057, rec_loss 0.0104, p_loss 0.1331, quant_error 0.1294, utilization 0.2175, perplexity 13567.4778,
Train Epoch: [11/30] Iters:[410/1093] transplant_loss 1.5160, rec_loss 0.0106, p_loss 0.1336, quant_error 0.1308, utilization 0.2176, perplexity 13572.9323,
Train Epoch: [11/30] Iters:[420/1093] transplant_loss 1.5253, rec_loss 0.0107, p_loss 0.1333, quant_error 0.1319, utilization 0.2175, perplexity 13561.8661,
Train Epoch: [11/30] Iters:[430/1093] transplant_loss 1.5206, rec_loss 0.0106, p_loss 0.1333, quant_error 0.1314, utilization 0.2175, perplexity 13563.3241,
Train Epoch: [11/30] Iters:[440/1093] transplant_loss 1.5250, rec_loss 0.0107, p_loss 0.1338, quant_error 0.1318, utilization 0.2176, perplexity 13568.4101,
Train Epoch: [11/30] Iters:[450/1093] transplant_loss 1.5288, rec_loss 0.0107, p_loss 0.1340, quant_error 0.1321, utilization 0.2176, perplexity 13570.3059,
Train Epoch: [11/30] Iters:[460/1093] transplant_loss 1.5250, rec_loss 0.0106, p_loss 0.1341, quant_error 0.1314, utilization 0.2176, perplexity 13571.4821,
Train Epoch: [11/30] Iters:[470/1093] transplant_loss 1.5221, rec_loss 0.0106, p_loss 0.1341, quant_error 0.1311, utilization 0.2176, perplexity 13577.1156,
Train Epoch: [11/30] Iters:[480/1093] transplant_loss 1.5208, rec_loss 0.0106, p_loss 0.1339, quant_error 0.1308, utilization 0.2176, perplexity 13572.3740,
Train Epoch: [11/30] Iters:[490/1093] transplant_loss 1.5178, rec_loss 0.0105, p_loss 0.1337, quant_error 0.1302, utilization 0.2176, perplexity 13569.1958,
Train Epoch: [11/30] Iters:[500/1093] transplant_loss 1.5127, rec_loss 0.0105, p_loss 0.1339, quant_error 0.1299, utilization 0.2175, perplexity 13565.7996,
Train Epoch: [11/30] Iters:[510/1093] transplant_loss 1.5079, rec_loss 0.0105, p_loss 0.1331, quant_error 0.1293, utilization 0.2176, perplexity 13570.5620,
Train Epoch: [11/30] Iters:[520/1093] transplant_loss 1.5060, rec_loss 0.0105, p_loss 0.1328, quant_error 0.1290, utilization 0.2175, perplexity 13561.8217,
Train Epoch: [11/30] Iters:[530/1093] transplant_loss 1.5205, rec_loss 0.0107, p_loss 0.1334, quant_error 0.1305, utilization 0.2176, perplexity 13572.0624,
Train Epoch: [11/30] Iters:[540/1093] transplant_loss 1.5237, rec_loss 0.0107, p_loss 0.1335, quant_error 0.1309, utilization 0.2175, perplexity 13567.3521,
Train Epoch: [11/30] Iters:[550/1093] transplant_loss 1.5218, rec_loss 0.0107, p_loss 0.1334, quant_error 0.1305, utilization 0.2176, perplexity 13570.2995,
Train Epoch: [11/30] Iters:[560/1093] transplant_loss 1.5213, rec_loss 0.0106, p_loss 0.1336, quant_error 0.1306, utilization 0.2175, perplexity 13563.1432,
Train Epoch: [11/30] Iters:[570/1093] transplant_loss 1.5127, rec_loss 0.0105, p_loss 0.1332, quant_error 0.1297, utilization 0.2176, perplexity 13574.1084,
Train Epoch: [11/30] Iters:[580/1093] transplant_loss 1.5001, rec_loss 0.0104, p_loss 0.1326, quant_error 0.1288, utilization 0.2174, perplexity 13557.0462,
Train Epoch: [11/30] Iters:[590/1093] transplant_loss 1.5027, rec_loss 0.0104, p_loss 0.1328, quant_error 0.1292, utilization 0.2174, perplexity 13550.5574,
Train Epoch: [11/30] Iters:[600/1093] transplant_loss 1.5060, rec_loss 0.0104, p_loss 0.1330, quant_error 0.1299, utilization 0.2173, perplexity 13541.9622,
Train Epoch: [11/30] Iters:[610/1093] transplant_loss 1.5061, rec_loss 0.0104, p_loss 0.1331, quant_error 0.1299, utilization 0.2173, perplexity 13545.9802,
Train Epoch: [11/30] Iters:[620/1093] transplant_loss 1.5141, rec_loss 0.0105, p_loss 0.1337, quant_error 0.1307, utilization 0.2172, perplexity 13538.4455,
Train Epoch: [11/30] Iters:[630/1093] transplant_loss 1.5215, rec_loss 0.0105, p_loss 0.1339, quant_error 0.1310, utilization 0.2174, perplexity 13553.8874,
Train Epoch: [11/30] Iters:[640/1093] transplant_loss 1.5156, rec_loss 0.0105, p_loss 0.1335, quant_error 0.1303, utilization 0.2175, perplexity 13564.0805,
Train Epoch: [11/30] Iters:[650/1093] transplant_loss 1.5224, rec_loss 0.0106, p_loss 0.1336, quant_error 0.1306, utilization 0.2176, perplexity 13574.4653,
Train Epoch: [11/30] Iters:[660/1093] transplant_loss 1.5249, rec_loss 0.0107, p_loss 0.1336, quant_error 0.1309, utilization 0.2175, perplexity 13565.5214,
Train Epoch: [11/30] Iters:[670/1093] transplant_loss 1.5286, rec_loss 0.0107, p_loss 0.1336, quant_error 0.1313, utilization 0.2176, perplexity 13573.5556,
Train Epoch: [11/30] Iters:[680/1093] transplant_loss 1.5176, rec_loss 0.0106, p_loss 0.1333, quant_error 0.1304, utilization 0.2176, perplexity 13569.9619,
Train Epoch: [11/30] Iters:[690/1093] transplant_loss 1.5331, rec_loss 0.0108, p_loss 0.1338, quant_error 0.1325, utilization 0.2177, perplexity 13579.1462,
Train Epoch: [11/30] Iters:[700/1093] transplant_loss 1.5284, rec_loss 0.0108, p_loss 0.1339, quant_error 0.1318, utilization 0.2177, perplexity 13581.1039,
Train Epoch: [11/30] Iters:[710/1093] transplant_loss 1.5316, rec_loss 0.0107, p_loss 0.1338, quant_error 0.1322, utilization 0.2178, perplexity 13587.7663,
Train Epoch: [11/30] Iters:[720/1093] transplant_loss 1.5333, rec_loss 0.0107, p_loss 0.1338, quant_error 0.1324, utilization 0.2177, perplexity 13581.0790,
Train Epoch: [11/30] Iters:[730/1093] transplant_loss 1.5331, rec_loss 0.0107, p_loss 0.1339, quant_error 0.1321, utilization 0.2176, perplexity 13573.6220,
Train Epoch: [11/30] Iters:[740/1093] transplant_loss 1.5206, rec_loss 0.0105, p_loss 0.1338, quant_error 0.1305, utilization 0.2175, perplexity 13562.9833,
Train Epoch: [11/30] Iters:[750/1093] transplant_loss 1.5178, rec_loss 0.0104, p_loss 0.1335, quant_error 0.1304, utilization 0.2174, perplexity 13555.2878,
Train Epoch: [11/30] Iters:[760/1093] transplant_loss 1.5215, rec_loss 0.0105, p_loss 0.1340, quant_error 0.1307, utilization 0.2174, perplexity 13554.3499,
Train Epoch: [11/30] Iters:[770/1093] transplant_loss 1.5154, rec_loss 0.0104, p_loss 0.1341, quant_error 0.1301, utilization 0.2175, perplexity 13561.1554,
Train Epoch: [11/30] Iters:[780/1093] transplant_loss 1.5202, rec_loss 0.0105, p_loss 0.1344, quant_error 0.1307, utilization 0.2175, perplexity 13563.0602,
Train Epoch: [11/30] Iters:[790/1093] transplant_loss 1.5230, rec_loss 0.0106, p_loss 0.1344, quant_error 0.1307, utilization 0.2175, perplexity 13564.3657,
Train Epoch: [11/30] Iters:[800/1093] transplant_loss 1.5232, rec_loss 0.0106, p_loss 0.1344, quant_error 0.1307, utilization 0.2175, perplexity 13568.0831,
Train Epoch: [11/30] Iters:[810/1093] transplant_loss 1.5164, rec_loss 0.0106, p_loss 0.1340, quant_error 0.1301, utilization 0.2175, perplexity 13566.7167,
Train Epoch: [11/30] Iters:[820/1093] transplant_loss 1.5137, rec_loss 0.0106, p_loss 0.1336, quant_error 0.1296, utilization 0.2175, perplexity 13557.9356,
Train Epoch: [11/30] Iters:[830/1093] transplant_loss 1.5099, rec_loss 0.0105, p_loss 0.1333, quant_error 0.1293, utilization 0.2175, perplexity 13559.0170,
Train Epoch: [11/30] Iters:[840/1093] transplant_loss 1.5104, rec_loss 0.0105, p_loss 0.1333, quant_error 0.1295, utilization 0.2175, perplexity 13560.4350,
Train Epoch: [11/30] Iters:[850/1093] transplant_loss 1.5172, rec_loss 0.0106, p_loss 0.1333, quant_error 0.1304, utilization 0.2175, perplexity 13560.4147,
Train Epoch: [11/30] Iters:[860/1093] transplant_loss 1.5175, rec_loss 0.0106, p_loss 0.1330, quant_error 0.1307, utilization 0.2175, perplexity 13559.1215,
Train Epoch: [11/30] Iters:[870/1093] transplant_loss 1.5160, rec_loss 0.0105, p_loss 0.1331, quant_error 0.1305, utilization 0.2175, perplexity 13563.4817,
Train Epoch: [11/30] Iters:[880/1093] transplant_loss 1.5223, rec_loss 0.0106, p_loss 0.1334, quant_error 0.1313, utilization 0.2176, perplexity 13568.6620,
Train Epoch: [11/30] Iters:[890/1093] transplant_loss 1.5237, rec_loss 0.0106, p_loss 0.1333, quant_error 0.1314, utilization 0.2175, perplexity 13564.6740,
Train Epoch: [11/30] Iters:[900/1093] transplant_loss 1.5180, rec_loss 0.0106, p_loss 0.1336, quant_error 0.1307, utilization 0.2175, perplexity 13564.6622,
Train Epoch: [11/30] Iters:[910/1093] transplant_loss 1.5214, rec_loss 0.0106, p_loss 0.1337, quant_error 0.1309, utilization 0.2175, perplexity 13563.4736,
Train Epoch: [11/30] Iters:[920/1093] transplant_loss 1.5248, rec_loss 0.0107, p_loss 0.1339, quant_error 0.1313, utilization 0.2175, perplexity 13559.4498,
Train Epoch: [11/30] Iters:[930/1093] transplant_loss 1.5190, rec_loss 0.0106, p_loss 0.1333, quant_error 0.1305, utilization 0.2174, perplexity 13557.8331,
Train Epoch: [11/30] Iters:[940/1093] transplant_loss 1.5134, rec_loss 0.0104, p_loss 0.1334, quant_error 0.1299, utilization 0.2175, perplexity 13562.2736,
Train Epoch: [11/30] Iters:[950/1093] transplant_loss 1.5128, rec_loss 0.0104, p_loss 0.1332, quant_error 0.1298, utilization 0.2174, perplexity 13555.9591,
Train Epoch: [11/30] Iters:[960/1093] transplant_loss 1.5135, rec_loss 0.0104, p_loss 0.1332, quant_error 0.1298, utilization 0.2175, perplexity 13563.1687,
Train Epoch: [11/30] Iters:[970/1093] transplant_loss 1.5191, rec_loss 0.0106, p_loss 0.1331, quant_error 0.1303, utilization 0.2175, perplexity 13566.0236,
Train Epoch: [11/30] Iters:[980/1093] transplant_loss 1.5185, rec_loss 0.0106, p_loss 0.1335, quant_error 0.1302, utilization 0.2175, perplexity 13559.7698,
Train Epoch: [11/30] Iters:[990/1093] transplant_loss 1.5268, rec_loss 0.0107, p_loss 0.1341, quant_error 0.1310, utilization 0.2174, perplexity 13549.8130,
Train Epoch: [11/30] Iters:[1000/1093] transplant_loss 1.5235, rec_loss 0.0106, p_loss 0.1335, quant_error 0.1305, utilization 0.2175, perplexity 13554.2157,
Train Epoch: [11/30] Iters:[1010/1093] transplant_loss 1.5266, rec_loss 0.0107, p_loss 0.1334, quant_error 0.1309, utilization 0.2175, perplexity 13555.9506,
Train Epoch: [11/30] Iters:[1020/1093] transplant_loss 1.5192, rec_loss 0.0105, p_loss 0.1335, quant_error 0.1301, utilization 0.2175, perplexity 13561.0939,
Train Epoch: [11/30] Iters:[1030/1093] transplant_loss 1.5180, rec_loss 0.0105, p_loss 0.1334, quant_error 0.1299, utilization 0.2175, perplexity 13564.8450,
Train Epoch: [11/30] Iters:[1040/1093] transplant_loss 1.5133, rec_loss 0.0104, p_loss 0.1328, quant_error 0.1294, utilization 0.2176, perplexity 13572.1838,
Train Epoch: [11/30] Iters:[1050/1093] transplant_loss 1.5107, rec_loss 0.0104, p_loss 0.1330, quant_error 0.1289, utilization 0.2175, perplexity 13571.5628,
Train Epoch: [11/30] Iters:[1060/1093] transplant_loss 1.5055, rec_loss 0.0104, p_loss 0.1331, quant_error 0.1282, utilization 0.2175, perplexity 13564.2161,
Train Epoch: [11/30] Iters:[1070/1093] transplant_loss 1.5050, rec_loss 0.0103, p_loss 0.1330, quant_error 0.1283, utilization 0.2175, perplexity 13559.9435,
Train Epoch: [11/30] Iters:[1080/1093] transplant_loss 1.5129, rec_loss 0.0105, p_loss 0.1332, quant_error 0.1294, utilization 0.2175, perplexity 13568.9921,
Train Epoch: [11/30] Iters:[1090/1093] transplant_loss 1.5002, rec_loss 0.0103, p_loss 0.1326, quant_error 0.1278, utilization 0.2175, perplexity 13565.7040,
epoch:12, cur_lr:0.000067
Train Epoch: [12/30] Iters:[10/1093] transplant_loss 1.5399, rec_loss 0.0107, p_loss 0.1352, quant_error 0.1331, utilization 0.2176, perplexity 13579.1738,
Train Epoch: [12/30] Iters:[20/1093] transplant_loss 1.5175, rec_loss 0.0104, p_loss 0.1341, quant_error 0.1301, utilization 0.2176, perplexity 13581.8320,
Train Epoch: [12/30] Iters:[30/1093] transplant_loss 1.5199, rec_loss 0.0104, p_loss 0.1339, quant_error 0.1301, utilization 0.2177, perplexity 13579.9402,
Train Epoch: [12/30] Iters:[40/1093] transplant_loss 1.5233, rec_loss 0.0105, p_loss 0.1339, quant_error 0.1304, utilization 0.2177, perplexity 13586.8790,
Train Epoch: [12/30] Iters:[50/1093] transplant_loss 1.5150, rec_loss 0.0104, p_loss 0.1336, quant_error 0.1296, utilization 0.2176, perplexity 13578.4697,
Train Epoch: [12/30] Iters:[60/1093] transplant_loss 1.5116, rec_loss 0.0104, p_loss 0.1332, quant_error 0.1291, utilization 0.2177, perplexity 13579.1416,
Train Epoch: [12/30] Iters:[70/1093] transplant_loss 1.5133, rec_loss 0.0104, p_loss 0.1328, quant_error 0.1295, utilization 0.2176, perplexity 13569.2982,
Train Epoch: [12/30] Iters:[80/1093] transplant_loss 1.5115, rec_loss 0.0104, p_loss 0.1326, quant_error 0.1295, utilization 0.2176, perplexity 13573.2667,
Train Epoch: [12/30] Iters:[90/1093] transplant_loss 1.5110, rec_loss 0.0104, p_loss 0.1327, quant_error 0.1295, utilization 0.2175, perplexity 13566.8025,
Train Epoch: [12/30] Iters:[100/1093] transplant_loss 1.5145, rec_loss 0.0104, p_loss 0.1326, quant_error 0.1297, utilization 0.2176, perplexity 13566.9626,
Train Epoch: [12/30] Iters:[110/1093] transplant_loss 1.5080, rec_loss 0.0104, p_loss 0.1326, quant_error 0.1291, utilization 0.2175, perplexity 13559.7467,
Train Epoch: [12/30] Iters:[120/1093] transplant_loss 1.5082, rec_loss 0.0104, p_loss 0.1329, quant_error 0.1292, utilization 0.2177, perplexity 13573.7250,
Train Epoch: [12/30] Iters:[130/1093] transplant_loss 1.5114, rec_loss 0.0105, p_loss 0.1335, quant_error 0.1296, utilization 0.2176, perplexity 13565.5782,
Train Epoch: [12/30] Iters:[140/1093] transplant_loss 1.5005, rec_loss 0.0103, p_loss 0.1327, quant_error 0.1284, utilization 0.2175, perplexity 13556.9211,
Train Epoch: [12/30] Iters:[150/1093] transplant_loss 1.5128, rec_loss 0.0104, p_loss 0.1330, quant_error 0.1296, utilization 0.2177, perplexity 13573.7735,
Train Epoch: [12/30] Iters:[160/1093] transplant_loss 1.5177, rec_loss 0.0104, p_loss 0.1332, quant_error 0.1302, utilization 0.2177, perplexity 13580.9110,
Train Epoch: [12/30] Iters:[170/1093] transplant_loss 1.5225, rec_loss 0.0104, p_loss 0.1333, quant_error 0.1305, utilization 0.2177, perplexity 13577.4132,
Train Epoch: [12/30] Iters:[180/1093] transplant_loss 1.5157, rec_loss 0.0104, p_loss 0.1327, quant_error 0.1296, utilization 0.2176, perplexity 13571.6554,
Train Epoch: [12/30] Iters:[190/1093] transplant_loss 1.5229, rec_loss 0.0105, p_loss 0.1336, quant_error 0.1306, utilization 0.2177, perplexity 13585.0159,
Train Epoch: [12/30] Iters:[200/1093] transplant_loss 1.5182, rec_loss 0.0104, p_loss 0.1333, quant_error 0.1303, utilization 0.2177, perplexity 13578.7838,
Train Epoch: [12/30] Iters:[210/1093] transplant_loss 1.5159, rec_loss 0.0104, p_loss 0.1330, quant_error 0.1300, utilization 0.2177, perplexity 13576.6186,
Train Epoch: [12/30] Iters:[220/1093] transplant_loss 1.5177, rec_loss 0.0104, p_loss 0.1330, quant_error 0.1302, utilization 0.2176, perplexity 13568.2208,
Train Epoch: [12/30] Iters:[230/1093] transplant_loss 1.5269, rec_loss 0.0106, p_loss 0.1337, quant_error 0.1311, utilization 0.2177, perplexity 13581.5487,
Train Epoch: [12/30] Iters:[240/1093] transplant_loss 1.5325, rec_loss 0.0107, p_loss 0.1340, quant_error 0.1319, utilization 0.2176, perplexity 13570.8156,
Train Epoch: [12/30] Iters:[250/1093] transplant_loss 1.5248, rec_loss 0.0107, p_loss 0.1343, quant_error 0.1309, utilization 0.2176, perplexity 13567.9535,
Train Epoch: [12/30] Iters:[260/1093] transplant_loss 1.5283, rec_loss 0.0107, p_loss 0.1346, quant_error 0.1314, utilization 0.2176, perplexity 13561.8638,
Train Epoch: [12/30] Iters:[270/1093] transplant_loss 1.5240, rec_loss 0.0107, p_loss 0.1347, quant_error 0.1307, utilization 0.2177, perplexity 13572.5353,
Train Epoch: [12/30] Iters:[280/1093] transplant_loss 1.5222, rec_loss 0.0106, p_loss 0.1347, quant_error 0.1307, utilization 0.2176, perplexity 13569.9303,
Train Epoch: [12/30] Iters:[290/1093] transplant_loss 1.5237, rec_loss 0.0106, p_loss 0.1340, quant_error 0.1308, utilization 0.2177, perplexity 13573.4788,
Train Epoch: [12/30] Iters:[300/1093] transplant_loss 1.5304, rec_loss 0.0106, p_loss 0.1342, quant_error 0.1314, utilization 0.2176, perplexity 13571.3945,
Train Epoch: [12/30] Iters:[310/1093] transplant_loss 1.5270, rec_loss 0.0106, p_loss 0.1339, quant_error 0.1310, utilization 0.2176, perplexity 13573.0119,
Train Epoch: [12/30] Iters:[320/1093] transplant_loss 1.5219, rec_loss 0.0105, p_loss 0.1336, quant_error 0.1306, utilization 0.2175, perplexity 13561.8525,
Train Epoch: [12/30] Iters:[330/1093] transplant_loss 1.5164, rec_loss 0.0104, p_loss 0.1330, quant_error 0.1297, utilization 0.2175, perplexity 13562.0339,
Train Epoch: [12/30] Iters:[340/1093] transplant_loss 1.5059, rec_loss 0.0104, p_loss 0.1330, quant_error 0.1283, utilization 0.2175, perplexity 13564.5684,
Train Epoch: [12/30] Iters:[350/1093] transplant_loss 1.4977, rec_loss 0.0103, p_loss 0.1326, quant_error 0.1275, utilization 0.2175, perplexity 13563.7330,
Train Epoch: [12/30] Iters:[360/1093] transplant_loss 1.4967, rec_loss 0.0103, p_loss 0.1327, quant_error 0.1273, utilization 0.2175, perplexity 13563.2868,
Train Epoch: [12/30] Iters:[370/1093] transplant_loss 1.4981, rec_loss 0.0103, p_loss 0.1328, quant_error 0.1274, utilization 0.2175, perplexity 13565.7662,
Train Epoch: [12/30] Iters:[380/1093] transplant_loss 1.5081, rec_loss 0.0104, p_loss 0.1333, quant_error 0.1284, utilization 0.2176, perplexity 13569.9522,
Train Epoch: [12/30] Iters:[390/1093] transplant_loss 1.5123, rec_loss 0.0104, p_loss 0.1334, quant_error 0.1290, utilization 0.2176, perplexity 13574.1604,
Train Epoch: [12/30] Iters:[400/1093] transplant_loss 1.5158, rec_loss 0.0105, p_loss 0.1334, quant_error 0.1296, utilization 0.2176, perplexity 13578.7189,
Train Epoch: [12/30] Iters:[410/1093] transplant_loss 1.5257, rec_loss 0.0106, p_loss 0.1342, quant_error 0.1310, utilization 0.2177, perplexity 13582.2469,
Train Epoch: [12/30] Iters:[420/1093] transplant_loss 1.5289, rec_loss 0.0107, p_loss 0.1342, quant_error 0.1313, utilization 0.2178, perplexity 13591.0368,
Train Epoch: [12/30] Iters:[430/1093] transplant_loss 1.5237, rec_loss 0.0106, p_loss 0.1340, quant_error 0.1313, utilization 0.2177, perplexity 13585.4287,
Train Epoch: [12/30] Iters:[440/1093] transplant_loss 1.5324, rec_loss 0.0106, p_loss 0.1343, quant_error 0.1325, utilization 0.2177, perplexity 13583.5154,
Train Epoch: [12/30] Iters:[450/1093] transplant_loss 1.5340, rec_loss 0.0106, p_loss 0.1346, quant_error 0.1325, utilization 0.2177, perplexity 13580.0540,
Train Epoch: [12/30] Iters:[460/1093] transplant_loss 1.5316, rec_loss 0.0105, p_loss 0.1342, quant_error 0.1321, utilization 0.2177, perplexity 13583.7432,
Train Epoch: [12/30] Iters:[470/1093] transplant_loss 1.5281, rec_loss 0.0105, p_loss 0.1340, quant_error 0.1316, utilization 0.2176, perplexity 13574.8090,
Train Epoch: [12/30] Iters:[480/1093] transplant_loss 1.5275, rec_loss 0.0105, p_loss 0.1338, quant_error 0.1315, utilization 0.2176, perplexity 13578.5467,
Train Epoch: [12/30] Iters:[490/1093] transplant_loss 1.5172, rec_loss 0.0105, p_loss 0.1336, quant_error 0.1300, utilization 0.2176, perplexity 13573.1530,
Train Epoch: [12/30] Iters:[500/1093] transplant_loss 1.5151, rec_loss 0.0105, p_loss 0.1333, quant_error 0.1298, utilization 0.2175, perplexity 13571.3242,
Train Epoch: [12/30] Iters:[510/1093] transplant_loss 1.5118, rec_loss 0.0104, p_loss 0.1333, quant_error 0.1294, utilization 0.2176, perplexity 13574.0718,
Train Epoch: [12/30] Iters:[520/1093] transplant_loss 1.5139, rec_loss 0.0105, p_loss 0.1333, quant_error 0.1299, utilization 0.2177, perplexity 13579.2458,
Train Epoch: [12/30] Iters:[530/1093] transplant_loss 1.5126, rec_loss 0.0104, p_loss 0.1332, quant_error 0.1298, utilization 0.2176, perplexity 13574.8139,
Train Epoch: [12/30] Iters:[540/1093] transplant_loss 1.5149, rec_loss 0.0104, p_loss 0.1330, quant_error 0.1303, utilization 0.2177, perplexity 13577.6112,
Train Epoch: [12/30] Iters:[550/1093] transplant_loss 1.5099, rec_loss 0.0103, p_loss 0.1328, quant_error 0.1296, utilization 0.2177, perplexity 13577.6472,
Train Epoch: [12/30] Iters:[560/1093] transplant_loss 1.5081, rec_loss 0.0103, p_loss 0.1325, quant_error 0.1292, utilization 0.2176, perplexity 13576.1504,
Train Epoch: [12/30] Iters:[570/1093] transplant_loss 1.5096, rec_loss 0.0104, p_loss 0.1330, quant_error 0.1291, utilization 0.2177, perplexity 13577.9401,
Train Epoch: [12/30] Iters:[580/1093] transplant_loss 1.5080, rec_loss 0.0104, p_loss 0.1329, quant_error 0.1285, utilization 0.2177, perplexity 13581.8494,
Train Epoch: [12/30] Iters:[590/1093] transplant_loss 1.5086, rec_loss 0.0104, p_loss 0.1330, quant_error 0.1282, utilization 0.2177, perplexity 13584.2281,
Train Epoch: [12/30] Iters:[600/1093] transplant_loss 1.5229, rec_loss 0.0106, p_loss 0.1335, quant_error 0.1300, utilization 0.2178, perplexity 13589.7288,
Train Epoch: [12/30] Iters:[610/1093] transplant_loss 1.5205, rec_loss 0.0106, p_loss 0.1331, quant_error 0.1299, utilization 0.2177, perplexity 13585.1295,
Train Epoch: [12/30] Iters:[620/1093] transplant_loss 1.5216, rec_loss 0.0106, p_loss 0.1328, quant_error 0.1303, utilization 0.2176, perplexity 13577.0574,
Train Epoch: [12/30] Iters:[630/1093] transplant_loss 1.5303, rec_loss 0.0106, p_loss 0.1333, quant_error 0.1313, utilization 0.2176, perplexity 13572.7163,
Train Epoch: [12/30] Iters:[640/1093] transplant_loss 1.5310, rec_loss 0.0106, p_loss 0.1336, quant_error 0.1317, utilization 0.2176, perplexity 13572.9044,
Train Epoch: [12/30] Iters:[650/1093] transplant_loss 1.5229, rec_loss 0.0104, p_loss 0.1337, quant_error 0.1306, utilization 0.2176, perplexity 13567.1220,
Train Epoch: [12/30] Iters:[660/1093] transplant_loss 1.5272, rec_loss 0.0104, p_loss 0.1345, quant_error 0.1311, utilization 0.2175, perplexity 13563.8118,
Train Epoch: [12/30] Iters:[670/1093] transplant_loss 1.5299, rec_loss 0.0105, p_loss 0.1345, quant_error 0.1313, utilization 0.2176, perplexity 13571.4084,
Train Epoch: [12/30] Iters:[680/1093] transplant_loss 1.5238, rec_loss 0.0105, p_loss 0.1343, quant_error 0.1308, utilization 0.2176, perplexity 13571.4643,
Train Epoch: [12/30] Iters:[690/1093] transplant_loss 1.5199, rec_loss 0.0105, p_loss 0.1339, quant_error 0.1302, utilization 0.2175, perplexity 13564.8482,
Train Epoch: [12/30] Iters:[700/1093] transplant_loss 1.5174, rec_loss 0.0105, p_loss 0.1331, quant_error 0.1297, utilization 0.2176, perplexity 13569.0750,
Train Epoch: [12/30] Iters:[710/1093] transplant_loss 1.5163, rec_loss 0.0104, p_loss 0.1328, quant_error 0.1297, utilization 0.2176, perplexity 13573.4566,
Train Epoch: [12/30] Iters:[720/1093] transplant_loss 1.5136, rec_loss 0.0104, p_loss 0.1327, quant_error 0.1292, utilization 0.2176, perplexity 13571.7398,
Train Epoch: [12/30] Iters:[730/1093] transplant_loss 1.5208, rec_loss 0.0105, p_loss 0.1332, quant_error 0.1296, utilization 0.2176, perplexity 13569.1263,
Train Epoch: [12/30] Iters:[740/1093] transplant_loss 1.5234, rec_loss 0.0105, p_loss 0.1332, quant_error 0.1300, utilization 0.2177, perplexity 13576.5721,
Train Epoch: [12/30] Iters:[750/1093] transplant_loss 1.5260, rec_loss 0.0105, p_loss 0.1336, quant_error 0.1307, utilization 0.2176, perplexity 13567.0561,
Train Epoch: [12/30] Iters:[760/1093] transplant_loss 1.5280, rec_loss 0.0106, p_loss 0.1339, quant_error 0.1308, utilization 0.2176, perplexity 13571.6629,
Train Epoch: [12/30] Iters:[770/1093] transplant_loss 1.5246, rec_loss 0.0105, p_loss 0.1340, quant_error 0.1304, utilization 0.2175, perplexity 13566.0510,
Train Epoch: [12/30] Iters:[780/1093] transplant_loss 1.5105, rec_loss 0.0103, p_loss 0.1335, quant_error 0.1290, utilization 0.2176, perplexity 13575.2021,
Train Epoch: [12/30] Iters:[790/1093] transplant_loss 1.5080, rec_loss 0.0103, p_loss 0.1335, quant_error 0.1284, utilization 0.2176, perplexity 13572.8828,
Train Epoch: [12/30] Iters:[800/1093] transplant_loss 1.5128, rec_loss 0.0104, p_loss 0.1334, quant_error 0.1287, utilization 0.2177, perplexity 13584.0613,
Train Epoch: [12/30] Iters:[810/1093] transplant_loss 1.5108, rec_loss 0.0104, p_loss 0.1334, quant_error 0.1283, utilization 0.2178, perplexity 13589.9710,
Train Epoch: [12/30] Iters:[820/1093] transplant_loss 1.5121, rec_loss 0.0105, p_loss 0.1333, quant_error 0.1287, utilization 0.2178, perplexity 13589.1896,
Train Epoch: [12/30] Iters:[830/1093] transplant_loss 1.5143, rec_loss 0.0105, p_loss 0.1330, quant_error 0.1290, utilization 0.2177, perplexity 13580.0285,
Train Epoch: [12/30] Iters:[840/1093] transplant_loss 1.5200, rec_loss 0.0106, p_loss 0.1333, quant_error 0.1296, utilization 0.2176, perplexity 13574.8690,
Train Epoch: [12/30] Iters:[850/1093] transplant_loss 1.5208, rec_loss 0.0105, p_loss 0.1333, quant_error 0.1298, utilization 0.2176, perplexity 13568.9031,
Train Epoch: [12/30] Iters:[860/1093] transplant_loss 1.5171, rec_loss 0.0105, p_loss 0.1331, quant_error 0.1296, utilization 0.2175, perplexity 13559.2267,
Train Epoch: [12/30] Iters:[870/1093] transplant_loss 1.5304, rec_loss 0.0106, p_loss 0.1335, quant_error 0.1311, utilization 0.2176, perplexity 13570.8093,
Train Epoch: [12/30] Iters:[880/1093] transplant_loss 1.5405, rec_loss 0.0107, p_loss 0.1340, quant_error 0.1322, utilization 0.2177, perplexity 13578.3442,
Train Epoch: [12/30] Iters:[890/1093] transplant_loss 1.5403, rec_loss 0.0106, p_loss 0.1338, quant_error 0.1324, utilization 0.2177, perplexity 13580.2980,
Train Epoch: [12/30] Iters:[900/1093] transplant_loss 1.5365, rec_loss 0.0106, p_loss 0.1338, quant_error 0.1317, utilization 0.2177, perplexity 13581.1794,
Train Epoch: [12/30] Iters:[910/1093] transplant_loss 1.5382, rec_loss 0.0106, p_loss 0.1334, quant_error 0.1316, utilization 0.2176, perplexity 13577.3988,
Train Epoch: [12/30] Iters:[920/1093] transplant_loss 1.5240, rec_loss 0.0104, p_loss 0.1331, quant_error 0.1300, utilization 0.2175, perplexity 13566.6869,
Train Epoch: [12/30] Iters:[930/1093] transplant_loss 1.5148, rec_loss 0.0104, p_loss 0.1327, quant_error 0.1291, utilization 0.2175, perplexity 13564.5778,
Train Epoch: [12/30] Iters:[940/1093] transplant_loss 1.5139, rec_loss 0.0104, p_loss 0.1326, quant_error 0.1289, utilization 0.2176, perplexity 13571.7622,
Train Epoch: [12/30] Iters:[950/1093] transplant_loss 1.5147, rec_loss 0.0104, p_loss 0.1325, quant_error 0.1293, utilization 0.2177, perplexity 13575.4864,
Train Epoch: [12/30] Iters:[960/1093] transplant_loss 1.5267, rec_loss 0.0106, p_loss 0.1333, quant_error 0.1308, utilization 0.2177, perplexity 13575.4129,
Train Epoch: [12/30] Iters:[970/1093] transplant_loss 1.5340, rec_loss 0.0107, p_loss 0.1336, quant_error 0.1315, utilization 0.2176, perplexity 13569.4552,
Train Epoch: [12/30] Iters:[980/1093] transplant_loss 1.5352, rec_loss 0.0107, p_loss 0.1336, quant_error 0.1316, utilization 0.2176, perplexity 13568.6438,
Train Epoch: [12/30] Iters:[990/1093] transplant_loss 1.5301, rec_loss 0.0107, p_loss 0.1334, quant_error 0.1310, utilization 0.2175, perplexity 13559.3653,
Train Epoch: [12/30] Iters:[1000/1093] transplant_loss 1.5295, rec_loss 0.0107, p_loss 0.1335, quant_error 0.1308, utilization 0.2175, perplexity 13553.4395,
Train Epoch: [12/30] Iters:[1010/1093] transplant_loss 1.5237, rec_loss 0.0106, p_loss 0.1334, quant_error 0.1302, utilization 0.2174, perplexity 13549.9986,
Train Epoch: [12/30] Iters:[1020/1093] transplant_loss 1.5201, rec_loss 0.0106, p_loss 0.1330, quant_error 0.1299, utilization 0.2175, perplexity 13555.2691,
Train Epoch: [12/30] Iters:[1030/1093] transplant_loss 1.5177, rec_loss 0.0105, p_loss 0.1330, quant_error 0.1297, utilization 0.2174, perplexity 13547.1842,
Train Epoch: [12/30] Iters:[1040/1093] transplant_loss 1.5202, rec_loss 0.0105, p_loss 0.1331, quant_error 0.1302, utilization 0.2174, perplexity 13547.2927,
Train Epoch: [12/30] Iters:[1050/1093] transplant_loss 1.5295, rec_loss 0.0105, p_loss 0.1338, quant_error 0.1314, utilization 0.2175, perplexity 13558.2571,
Train Epoch: [12/30] Iters:[1060/1093] transplant_loss 1.5302, rec_loss 0.0106, p_loss 0.1333, quant_error 0.1315, utilization 0.2175, perplexity 13565.1814,
Train Epoch: [12/30] Iters:[1070/1093] transplant_loss 1.5228, rec_loss 0.0105, p_loss 0.1331, quant_error 0.1304, utilization 0.2175, perplexity 13565.8787,
Train Epoch: [12/30] Iters:[1080/1093] transplant_loss 1.5322, rec_loss 0.0106, p_loss 0.1337, quant_error 0.1311, utilization 0.2176, perplexity 13572.7561,
Train Epoch: [12/30] Iters:[1090/1093] transplant_loss 1.5381, rec_loss 0.0106, p_loss 0.1341, quant_error 0.1315, utilization 0.2177, perplexity 13580.6358,
epoch:13, cur_lr:0.000064
Train Epoch: [13/30] Iters:[10/1093] transplant_loss 1.4904, rec_loss 0.0100, p_loss 0.1312, quant_error 0.1271, utilization 0.2171, perplexity 13531.5532,
Train Epoch: [13/30] Iters:[20/1093] transplant_loss 1.5004, rec_loss 0.0101, p_loss 0.1320, quant_error 0.1282, utilization 0.2173, perplexity 13549.2808,
Train Epoch: [13/30] Iters:[30/1093] transplant_loss 1.5200, rec_loss 0.0104, p_loss 0.1325, quant_error 0.1304, utilization 0.2174, perplexity 13562.5080,
Train Epoch: [13/30] Iters:[40/1093] transplant_loss 1.5141, rec_loss 0.0103, p_loss 0.1324, quant_error 0.1297, utilization 0.2175, perplexity 13565.4971,
Train Epoch: [13/30] Iters:[50/1093] transplant_loss 1.5134, rec_loss 0.0103, p_loss 0.1324, quant_error 0.1295, utilization 0.2175, perplexity 13567.2977,
Train Epoch: [13/30] Iters:[60/1093] transplant_loss 1.5160, rec_loss 0.0103, p_loss 0.1328, quant_error 0.1297, utilization 0.2176, perplexity 13572.6249,
Train Epoch: [13/30] Iters:[70/1093] transplant_loss 1.5215, rec_loss 0.0104, p_loss 0.1334, quant_error 0.1304, utilization 0.2177, perplexity 13579.8911,
Train Epoch: [13/30] Iters:[80/1093] transplant_loss 1.5117, rec_loss 0.0103, p_loss 0.1334, quant_error 0.1291, utilization 0.2176, perplexity 13569.7101,
Train Epoch: [13/30] Iters:[90/1093] transplant_loss 1.5217, rec_loss 0.0104, p_loss 0.1338, quant_error 0.1301, utilization 0.2176, perplexity 13574.4433,
Train Epoch: [13/30] Iters:[100/1093] transplant_loss 1.5318, rec_loss 0.0106, p_loss 0.1346, quant_error 0.1313, utilization 0.2177, perplexity 13579.8129,
Train Epoch: [13/30] Iters:[110/1093] transplant_loss 1.5348, rec_loss 0.0107, p_loss 0.1346, quant_error 0.1316, utilization 0.2177, perplexity 13583.8576,
Train Epoch: [13/30] Iters:[120/1093] transplant_loss 1.5316, rec_loss 0.0106, p_loss 0.1339, quant_error 0.1311, utilization 0.2177, perplexity 13580.7186,
Train Epoch: [13/30] Iters:[130/1093] transplant_loss 1.5365, rec_loss 0.0106, p_loss 0.1342, quant_error 0.1318, utilization 0.2178, perplexity 13590.7015,
Train Epoch: [13/30] Iters:[140/1093] transplant_loss 1.5270, rec_loss 0.0105, p_loss 0.1338, quant_error 0.1305, utilization 0.2178, perplexity 13589.6130,
Train Epoch: [13/30] Iters:[150/1093] transplant_loss 1.5148, rec_loss 0.0103, p_loss 0.1329, quant_error 0.1290, utilization 0.2177, perplexity 13579.3498,
Train Epoch: [13/30] Iters:[160/1093] transplant_loss 1.5137, rec_loss 0.0103, p_loss 0.1328, quant_error 0.1288, utilization 0.2177, perplexity 13576.2034,
Train Epoch: [13/30] Iters:[170/1093] transplant_loss 1.5133, rec_loss 0.0103, p_loss 0.1331, quant_error 0.1286, utilization 0.2177, perplexity 13578.4370,
Train Epoch: [13/30] Iters:[180/1093] transplant_loss 1.5102, rec_loss 0.0103, p_loss 0.1329, quant_error 0.1281, utilization 0.2177, perplexity 13581.5112,
Train Epoch: [13/30] Iters:[190/1093] transplant_loss 1.5112, rec_loss 0.0103, p_loss 0.1331, quant_error 0.1284, utilization 0.2177, perplexity 13578.5033,
Train Epoch: [13/30] Iters:[200/1093] transplant_loss 1.5108, rec_loss 0.0103, p_loss 0.1331, quant_error 0.1285, utilization 0.2177, perplexity 13583.4583,
Train Epoch: [13/30] Iters:[210/1093] transplant_loss 1.5099, rec_loss 0.0103, p_loss 0.1330, quant_error 0.1283, utilization 0.2178, perplexity 13585.4916,
Train Epoch: [13/30] Iters:[220/1093] transplant_loss 1.5114, rec_loss 0.0103, p_loss 0.1327, quant_error 0.1288, utilization 0.2178, perplexity 13585.3820,
Train Epoch: [13/30] Iters:[230/1093] transplant_loss 1.5057, rec_loss 0.0103, p_loss 0.1324, quant_error 0.1281, utilization 0.2177, perplexity 13581.1737,
Train Epoch: [13/30] Iters:[240/1093] transplant_loss 1.5142, rec_loss 0.0104, p_loss 0.1325, quant_error 0.1290, utilization 0.2178, perplexity 13586.0212,
Train Epoch: [13/30] Iters:[250/1093] transplant_loss 1.5204, rec_loss 0.0105, p_loss 0.1328, quant_error 0.1296, utilization 0.2178, perplexity 13587.3221,
Train Epoch: [13/30] Iters:[260/1093] transplant_loss 1.5196, rec_loss 0.0105, p_loss 0.1331, quant_error 0.1295, utilization 0.2178, perplexity 13589.3375,
Train Epoch: [13/30] Iters:[270/1093] transplant_loss 1.5163, rec_loss 0.0105, p_loss 0.1333, quant_error 0.1289, utilization 0.2177, perplexity 13585.2354,
Train Epoch: [13/30] Iters:[280/1093] transplant_loss 1.5275, rec_loss 0.0106, p_loss 0.1338, quant_error 0.1303, utilization 0.2177, perplexity 13581.4744,
Train Epoch: [13/30] Iters:[290/1093] transplant_loss 1.5214, rec_loss 0.0105, p_loss 0.1337, quant_error 0.1297, utilization 0.2177, perplexity 13583.5129,
Train Epoch: [13/30] Iters:[300/1093] transplant_loss 1.5212, rec_loss 0.0105, p_loss 0.1338, quant_error 0.1298, utilization 0.2178, perplexity 13589.0748,
Train Epoch: [13/30] Iters:[310/1093] transplant_loss 1.5271, rec_loss 0.0105, p_loss 0.1339, quant_error 0.1309, utilization 0.2178, perplexity 13591.1930,
Train Epoch: [13/30] Iters:[320/1093] transplant_loss 1.5286, rec_loss 0.0105, p_loss 0.1338, quant_error 0.1311, utilization 0.2177, perplexity 13584.1951,
Train Epoch: [13/30] Iters:[330/1093] transplant_loss 1.5215, rec_loss 0.0105, p_loss 0.1334, quant_error 0.1302, utilization 0.2178, perplexity 13590.8373,
Train Epoch: [13/30] Iters:[340/1093] transplant_loss 1.5243, rec_loss 0.0105, p_loss 0.1331, quant_error 0.1307, utilization 0.2177, perplexity 13582.4534,
Train Epoch: [13/30] Iters:[350/1093] transplant_loss 1.5296, rec_loss 0.0105, p_loss 0.1331, quant_error 0.1312, utilization 0.2177, perplexity 13580.7181,
Train Epoch: [13/30] Iters:[360/1093] transplant_loss 1.5264, rec_loss 0.0105, p_loss 0.1327, quant_error 0.1304, utilization 0.2176, perplexity 13570.5921,
Train Epoch: [13/30] Iters:[370/1093] transplant_loss 1.5313, rec_loss 0.0106, p_loss 0.1335, quant_error 0.1311, utilization 0.2177, perplexity 13578.6538,
Train Epoch: [13/30] Iters:[380/1093] transplant_loss 1.5340, rec_loss 0.0106, p_loss 0.1336, quant_error 0.1314, utilization 0.2177, perplexity 13579.5336,
Train Epoch: [13/30] Iters:[390/1093] transplant_loss 1.5303, rec_loss 0.0106, p_loss 0.1339, quant_error 0.1308, utilization 0.2177, perplexity 13582.6396,
Train Epoch: [13/30] Iters:[400/1093] transplant_loss 1.5245, rec_loss 0.0106, p_loss 0.1338, quant_error 0.1302, utilization 0.2177, perplexity 13582.3871,
Train Epoch: [13/30] Iters:[410/1093] transplant_loss 1.5249, rec_loss 0.0105, p_loss 0.1340, quant_error 0.1303, utilization 0.2178, perplexity 13586.9426,
Train Epoch: [13/30] Iters:[420/1093] transplant_loss 1.5152, rec_loss 0.0104, p_loss 0.1327, quant_error 0.1290, utilization 0.2177, perplexity 13585.1437,
Train Epoch: [13/30] Iters:[430/1093] transplant_loss 1.5122, rec_loss 0.0103, p_loss 0.1324, quant_error 0.1286, utilization 0.2177, perplexity 13578.0173,
Train Epoch: [13/30] Iters:[440/1093] transplant_loss 1.5081, rec_loss 0.0102, p_loss 0.1322, quant_error 0.1282, utilization 0.2176, perplexity 13574.9654,
Train Epoch: [13/30] Iters:[450/1093] transplant_loss 1.5062, rec_loss 0.0102, p_loss 0.1325, quant_error 0.1278, utilization 0.2177, perplexity 13578.3792,
Train Epoch: [13/30] Iters:[460/1093] transplant_loss 1.5098, rec_loss 0.0103, p_loss 0.1327, quant_error 0.1282, utilization 0.2177, perplexity 13579.9524,
Train Epoch: [13/30] Iters:[470/1093] transplant_loss 1.5148, rec_loss 0.0104, p_loss 0.1335, quant_error 0.1288, utilization 0.2177, perplexity 13580.2389,
Train Epoch: [13/30] Iters:[480/1093] transplant_loss 1.5161, rec_loss 0.0105, p_loss 0.1338, quant_error 0.1290, utilization 0.2177, perplexity 13581.5561,
Train Epoch: [13/30] Iters:[490/1093] transplant_loss 1.5243, rec_loss 0.0106, p_loss 0.1339, quant_error 0.1299, utilization 0.2178, perplexity 13587.3575,
Train Epoch: [13/30] Iters:[500/1093] transplant_loss 1.5235, rec_loss 0.0105, p_loss 0.1336, quant_error 0.1299, utilization 0.2177, perplexity 13582.4524,
Train Epoch: [13/30] Iters:[510/1093] transplant_loss 1.5077, rec_loss 0.0103, p_loss 0.1326, quant_error 0.1281, utilization 0.2177, perplexity 13580.0179,
Train Epoch: [13/30] Iters:[520/1093] transplant_loss 1.5014, rec_loss 0.0104, p_loss 0.1320, quant_error 0.1272, utilization 0.2177, perplexity 13583.0856,
Train Epoch: [13/30] Iters:[530/1093] transplant_loss 1.5044, rec_loss 0.0104, p_loss 0.1321, quant_error 0.1278, utilization 0.2176, perplexity 13573.7980,
Train Epoch: [13/30] Iters:[540/1093] transplant_loss 1.5045, rec_loss 0.0104, p_loss 0.1321, quant_error 0.1277, utilization 0.2176, perplexity 13569.8987,
Train Epoch: [13/30] Iters:[550/1093] transplant_loss 1.5001, rec_loss 0.0103, p_loss 0.1319, quant_error 0.1270, utilization 0.2175, perplexity 13562.3836,
Train Epoch: [13/30] Iters:[560/1093] transplant_loss 1.5139, rec_loss 0.0105, p_loss 0.1328, quant_error 0.1285, utilization 0.2176, perplexity 13570.6295,
Train Epoch: [13/30] Iters:[570/1093] transplant_loss 1.5186, rec_loss 0.0105, p_loss 0.1332, quant_error 0.1293, utilization 0.2176, perplexity 13570.0198,
Train Epoch: [13/30] Iters:[580/1093] transplant_loss 1.5179, rec_loss 0.0105, p_loss 0.1330, quant_error 0.1289, utilization 0.2177, perplexity 13579.7734,
Train Epoch: [13/30] Iters:[590/1093] transplant_loss 1.5175, rec_loss 0.0105, p_loss 0.1331, quant_error 0.1289, utilization 0.2176, perplexity 13575.5161,
Train Epoch: [13/30] Iters:[600/1093] transplant_loss 1.5246, rec_loss 0.0106, p_loss 0.1335, quant_error 0.1297, utilization 0.2177, perplexity 13580.1915,
Train Epoch: [13/30] Iters:[610/1093] transplant_loss 1.5240, rec_loss 0.0106, p_loss 0.1335, quant_error 0.1301, utilization 0.2176, perplexity 13576.5012,
Train Epoch: [13/30] Iters:[620/1093] transplant_loss 1.5269, rec_loss 0.0106, p_loss 0.1334, quant_error 0.1304, utilization 0.2176, perplexity 13575.6732,
Train Epoch: [13/30] Iters:[630/1093] transplant_loss 1.5204, rec_loss 0.0105, p_loss 0.1327, quant_error 0.1300, utilization 0.2176, perplexity 13572.7673,
Train Epoch: [13/30] Iters:[640/1093] transplant_loss 1.5143, rec_loss 0.0104, p_loss 0.1320, quant_error 0.1291, utilization 0.2177, perplexity 13576.0021,
Train Epoch: [13/30] Iters:[650/1093] transplant_loss 1.5110, rec_loss 0.0104, p_loss 0.1317, quant_error 0.1286, utilization 0.2177, perplexity 13575.4271,
Train Epoch: [13/30] Iters:[660/1093] transplant_loss 1.5131, rec_loss 0.0105, p_loss 0.1315, quant_error 0.1288, utilization 0.2176, perplexity 13570.3439,
Train Epoch: [13/30] Iters:[670/1093] transplant_loss 1.5103, rec_loss 0.0104, p_loss 0.1315, quant_error 0.1283, utilization 0.2175, perplexity 13559.5911,
Train Epoch: [13/30] Iters:[680/1093] transplant_loss 1.5143, rec_loss 0.0104, p_loss 0.1321, quant_error 0.1285, utilization 0.2175, perplexity 13556.9937,
Train Epoch: [13/30] Iters:[690/1093] transplant_loss 1.5213, rec_loss 0.0105, p_loss 0.1331, quant_error 0.1296, utilization 0.2175, perplexity 13554.9410,
Train Epoch: [13/30] Iters:[700/1093] transplant_loss 1.5165, rec_loss 0.0104, p_loss 0.1330, quant_error 0.1292, utilization 0.2175, perplexity 13556.4038,
Train Epoch: [13/30] Iters:[710/1093] transplant_loss 1.5066, rec_loss 0.0102, p_loss 0.1326, quant_error 0.1279, utilization 0.2175, perplexity 13559.0345,
Train Epoch: [13/30] Iters:[720/1093] transplant_loss 1.5076, rec_loss 0.0102, p_loss 0.1327, quant_error 0.1280, utilization 0.2176, perplexity 13570.3876,
Train Epoch: [13/30] Iters:[730/1093] transplant_loss 1.5086, rec_loss 0.0103, p_loss 0.1330, quant_error 0.1282, utilization 0.2176, perplexity 13573.4308,
Train Epoch: [13/30] Iters:[740/1093] transplant_loss 1.5055, rec_loss 0.0102, p_loss 0.1326, quant_error 0.1276, utilization 0.2177, perplexity 13585.0493,
Train Epoch: [13/30] Iters:[750/1093] transplant_loss 1.5145, rec_loss 0.0104, p_loss 0.1331, quant_error 0.1286, utilization 0.2178, perplexity 13587.3683,
Train Epoch: [13/30] Iters:[760/1093] transplant_loss 1.5143, rec_loss 0.0104, p_loss 0.1332, quant_error 0.1284, utilization 0.2178, perplexity 13586.5992,
Train Epoch: [13/30] Iters:[770/1093] transplant_loss 1.5153, rec_loss 0.0104, p_loss 0.1330, quant_error 0.1286, utilization 0.2178, perplexity 13587.4853,
Train Epoch: [13/30] Iters:[780/1093] transplant_loss 1.5147, rec_loss 0.0103, p_loss 0.1328, quant_error 0.1285, utilization 0.2177, perplexity 13583.4506,
Train Epoch: [13/30] Iters:[790/1093] transplant_loss 1.5175, rec_loss 0.0103, p_loss 0.1327, quant_error 0.1289, utilization 0.2177, perplexity 13574.6246,
Train Epoch: [13/30] Iters:[800/1093] transplant_loss 1.5160, rec_loss 0.0103, p_loss 0.1327, quant_error 0.1287, utilization 0.2176, perplexity 13573.9812,
Train Epoch: [13/30] Iters:[810/1093] transplant_loss 1.5223, rec_loss 0.0104, p_loss 0.1331, quant_error 0.1295, utilization 0.2176, perplexity 13572.6170,
Train Epoch: [13/30] Iters:[820/1093] transplant_loss 1.5206, rec_loss 0.0104, p_loss 0.1332, quant_error 0.1294, utilization 0.2176, perplexity 13565.3915,
Train Epoch: [13/30] Iters:[830/1093] transplant_loss 1.5275, rec_loss 0.0106, p_loss 0.1336, quant_error 0.1302, utilization 0.2177, perplexity 13577.2806,
Train Epoch: [13/30] Iters:[840/1093] transplant_loss 1.5272, rec_loss 0.0106, p_loss 0.1337, quant_error 0.1301, utilization 0.2177, perplexity 13576.8137,
Train Epoch: [13/30] Iters:[850/1093] transplant_loss 1.5230, rec_loss 0.0106, p_loss 0.1333, quant_error 0.1297, utilization 0.2177, perplexity 13574.1885,
Train Epoch: [13/30] Iters:[860/1093] transplant_loss 1.5241, rec_loss 0.0106, p_loss 0.1335, quant_error 0.1299, utilization 0.2177, perplexity 13582.2097,
Train Epoch: [13/30] Iters:[870/1093] transplant_loss 1.5285, rec_loss 0.0106, p_loss 0.1339, quant_error 0.1303, utilization 0.2178, perplexity 13590.3691,
Train Epoch: [13/30] Iters:[880/1093] transplant_loss 1.5149, rec_loss 0.0104, p_loss 0.1332, quant_error 0.1288, utilization 0.2176, perplexity 13573.9134,
Train Epoch: [13/30] Iters:[890/1093] transplant_loss 1.5121, rec_loss 0.0103, p_loss 0.1335, quant_error 0.1286, utilization 0.2177, perplexity 13578.1708,
Train Epoch: [13/30] Iters:[900/1093] transplant_loss 1.5168, rec_loss 0.0103, p_loss 0.1333, quant_error 0.1291, utilization 0.2176, perplexity 13575.6779,
Train Epoch: [13/30] Iters:[910/1093] transplant_loss 1.5095, rec_loss 0.0102, p_loss 0.1326, quant_error 0.1282, utilization 0.2175, perplexity 13564.9079,
Train Epoch: [13/30] Iters:[920/1093] transplant_loss 1.5066, rec_loss 0.0103, p_loss 0.1322, quant_error 0.1279, utilization 0.2175, perplexity 13561.5946,
Train Epoch: [13/30] Iters:[930/1093] transplant_loss 1.5169, rec_loss 0.0104, p_loss 0.1327, quant_error 0.1290, utilization 0.2177, perplexity 13574.9767,
Train Epoch: [13/30] Iters:[940/1093] transplant_loss 1.5161, rec_loss 0.0104, p_loss 0.1322, quant_error 0.1289, utilization 0.2176, perplexity 13568.2465,
Train Epoch: [13/30] Iters:[950/1093] transplant_loss 1.5162, rec_loss 0.0103, p_loss 0.1326, quant_error 0.1291, utilization 0.2177, perplexity 13578.2549,
Train Epoch: [13/30] Iters:[960/1093] transplant_loss 1.5200, rec_loss 0.0103, p_loss 0.1330, quant_error 0.1296, utilization 0.2178, perplexity 13584.5056,
Train Epoch: [13/30] Iters:[970/1093] transplant_loss 1.5199, rec_loss 0.0103, p_loss 0.1330, quant_error 0.1295, utilization 0.2177, perplexity 13580.5317,
Train Epoch: [13/30] Iters:[980/1093] transplant_loss 1.5172, rec_loss 0.0103, p_loss 0.1328, quant_error 0.1291, utilization 0.2177, perplexity 13584.4113,
Train Epoch: [13/30] Iters:[990/1093] transplant_loss 1.5154, rec_loss 0.0103, p_loss 0.1326, quant_error 0.1292, utilization 0.2177, perplexity 13582.5884,
Train Epoch: [13/30] Iters:[1000/1093] transplant_loss 1.5159, rec_loss 0.0104, p_loss 0.1326, quant_error 0.1291, utilization 0.2177, perplexity 13576.7046,
Train Epoch: [13/30] Iters:[1010/1093] transplant_loss 1.5197, rec_loss 0.0104, p_loss 0.1327, quant_error 0.1296, utilization 0.2177, perplexity 13577.2080,
Train Epoch: [13/30] Iters:[1020/1093] transplant_loss 1.5252, rec_loss 0.0105, p_loss 0.1328, quant_error 0.1301, utilization 0.2178, perplexity 13588.6325,
Train Epoch: [13/30] Iters:[1030/1093] transplant_loss 1.5201, rec_loss 0.0104, p_loss 0.1329, quant_error 0.1294, utilization 0.2176, perplexity 13576.8374,
Train Epoch: [13/30] Iters:[1040/1093] transplant_loss 1.5227, rec_loss 0.0105, p_loss 0.1330, quant_error 0.1294, utilization 0.2177, perplexity 13579.7271,
Train Epoch: [13/30] Iters:[1050/1093] transplant_loss 1.5270, rec_loss 0.0105, p_loss 0.1332, quant_error 0.1298, utilization 0.2178, perplexity 13591.3676,
Train Epoch: [13/30] Iters:[1060/1093] transplant_loss 1.5266, rec_loss 0.0105, p_loss 0.1333, quant_error 0.1297, utilization 0.2178, perplexity 13592.5218,
Train Epoch: [13/30] Iters:[1070/1093] transplant_loss 1.5265, rec_loss 0.0105, p_loss 0.1336, quant_error 0.1298, utilization 0.2178, perplexity 13591.7097,
Train Epoch: [13/30] Iters:[1080/1093] transplant_loss 1.5308, rec_loss 0.0106, p_loss 0.1337, quant_error 0.1303, utilization 0.2179, perplexity 13593.4667,
Train Epoch: [13/30] Iters:[1090/1093] transplant_loss 1.5446, rec_loss 0.0107, p_loss 0.1345, quant_error 0.1320, utilization 0.2179, perplexity 13596.1127,
epoch:14, cur_lr:0.000061
Train Epoch: [14/30] Iters:[10/1093] transplant_loss 1.5021, rec_loss 0.0102, p_loss 0.1319, quant_error 0.1271, utilization 0.2177, perplexity 13590.6373,
Train Epoch: [14/30] Iters:[20/1093] transplant_loss 1.5217, rec_loss 0.0105, p_loss 0.1331, quant_error 0.1294, utilization 0.2175, perplexity 13563.9213,
Train Epoch: [14/30] Iters:[30/1093] transplant_loss 1.5135, rec_loss 0.0104, p_loss 0.1326, quant_error 0.1286, utilization 0.2176, perplexity 13568.9822,
Train Epoch: [14/30] Iters:[40/1093] transplant_loss 1.5124, rec_loss 0.0103, p_loss 0.1325, quant_error 0.1287, utilization 0.2177, perplexity 13577.4247,
Train Epoch: [14/30] Iters:[50/1093] transplant_loss 1.5143, rec_loss 0.0103, p_loss 0.1326, quant_error 0.1289, utilization 0.2177, perplexity 13576.7414,
Train Epoch: [14/30] Iters:[60/1093] transplant_loss 1.5141, rec_loss 0.0104, p_loss 0.1326, quant_error 0.1288, utilization 0.2177, perplexity 13581.2004,
Train Epoch: [14/30] Iters:[70/1093] transplant_loss 1.5084, rec_loss 0.0102, p_loss 0.1323, quant_error 0.1282, utilization 0.2178, perplexity 13592.1687,
Train Epoch: [14/30] Iters:[80/1093] transplant_loss 1.5157, rec_loss 0.0104, p_loss 0.1329, quant_error 0.1289, utilization 0.2178, perplexity 13592.8767,
Train Epoch: [14/30] Iters:[90/1093] transplant_loss 1.5185, rec_loss 0.0104, p_loss 0.1330, quant_error 0.1287, utilization 0.2178, perplexity 13587.8731,
Train Epoch: [14/30] Iters:[100/1093] transplant_loss 1.5163, rec_loss 0.0104, p_loss 0.1330, quant_error 0.1285, utilization 0.2178, perplexity 13588.8267,
Train Epoch: [14/30] Iters:[110/1093] transplant_loss 1.5205, rec_loss 0.0104, p_loss 0.1333, quant_error 0.1292, utilization 0.2177, perplexity 13585.2561,
Train Epoch: [14/30] Iters:[120/1093] transplant_loss 1.5173, rec_loss 0.0104, p_loss 0.1332, quant_error 0.1286, utilization 0.2176, perplexity 13572.7030,
Train Epoch: [14/30] Iters:[130/1093] transplant_loss 1.5118, rec_loss 0.0103, p_loss 0.1325, quant_error 0.1283, utilization 0.2176, perplexity 13571.5287,
Train Epoch: [14/30] Iters:[140/1093] transplant_loss 1.5162, rec_loss 0.0104, p_loss 0.1330, quant_error 0.1291, utilization 0.2176, perplexity 13575.7152,
Train Epoch: [14/30] Iters:[150/1093] transplant_loss 1.5220, rec_loss 0.0104, p_loss 0.1331, quant_error 0.1299, utilization 0.2177, perplexity 13579.3380,
Train Epoch: [14/30] Iters:[160/1093] transplant_loss 1.5157, rec_loss 0.0103, p_loss 0.1327, quant_error 0.1292, utilization 0.2176, perplexity 13570.2756,
Train Epoch: [14/30] Iters:[170/1093] transplant_loss 1.5285, rec_loss 0.0105, p_loss 0.1333, quant_error 0.1306, utilization 0.2177, perplexity 13575.3155,
Train Epoch: [14/30] Iters:[180/1093] transplant_loss 1.5324, rec_loss 0.0105, p_loss 0.1337, quant_error 0.1308, utilization 0.2178, perplexity 13581.8523,
Train Epoch: [14/30] Iters:[190/1093] transplant_loss 1.5242, rec_loss 0.0104, p_loss 0.1331, quant_error 0.1298, utilization 0.2177, perplexity 13570.5092,
Train Epoch: [14/30] Iters:[200/1093] transplant_loss 1.5204, rec_loss 0.0103, p_loss 0.1334, quant_error 0.1292, utilization 0.2176, perplexity 13567.7895,
Train Epoch: [14/30] Iters:[210/1093] transplant_loss 1.5235, rec_loss 0.0104, p_loss 0.1336, quant_error 0.1294, utilization 0.2177, perplexity 13575.2981,
Train Epoch: [14/30] Iters:[220/1093] transplant_loss 1.5208, rec_loss 0.0103, p_loss 0.1335, quant_error 0.1291, utilization 0.2177, perplexity 13581.8612,
Train Epoch: [14/30] Iters:[230/1093] transplant_loss 1.5206, rec_loss 0.0103, p_loss 0.1334, quant_error 0.1292, utilization 0.2177, perplexity 13577.5777,
Train Epoch: [14/30] Iters:[240/1093] transplant_loss 1.5183, rec_loss 0.0103, p_loss 0.1336, quant_error 0.1291, utilization 0.2177, perplexity 13582.6761,
Train Epoch: [14/30] Iters:[250/1093] transplant_loss 1.5163, rec_loss 0.0103, p_loss 0.1329, quant_error 0.1290, utilization 0.2177, perplexity 13579.5518,
Train Epoch: [14/30] Iters:[260/1093] transplant_loss 1.5222, rec_loss 0.0103, p_loss 0.1330, quant_error 0.1299, utilization 0.2177, perplexity 13581.7363,
Train Epoch: [14/30] Iters:[270/1093] transplant_loss 1.5092, rec_loss 0.0103, p_loss 0.1322, quant_error 0.1284, utilization 0.2177, perplexity 13576.6281,
Train Epoch: [14/30] Iters:[280/1093] transplant_loss 1.5099, rec_loss 0.0103, p_loss 0.1322, quant_error 0.1284, utilization 0.2177, perplexity 13576.2312,
Train Epoch: [14/30] Iters:[290/1093] transplant_loss 1.5146, rec_loss 0.0104, p_loss 0.1320, quant_error 0.1291, utilization 0.2177, perplexity 13573.6571,
Train Epoch: [14/30] Iters:[300/1093] transplant_loss 1.5189, rec_loss 0.0104, p_loss 0.1323, quant_error 0.1292, utilization 0.2176, perplexity 13573.3925,
Train Epoch: [14/30] Iters:[310/1093] transplant_loss 1.5184, rec_loss 0.0105, p_loss 0.1323, quant_error 0.1289, utilization 0.2176, perplexity 13571.7963,
Train Epoch: [14/30] Iters:[320/1093] transplant_loss 1.5231, rec_loss 0.0105, p_loss 0.1325, quant_error 0.1293, utilization 0.2176, perplexity 13573.7041,
Train Epoch: [14/30] Iters:[330/1093] transplant_loss 1.5226, rec_loss 0.0104, p_loss 0.1326, quant_error 0.1293, utilization 0.2176, perplexity 13574.6532,
Train Epoch: [14/30] Iters:[340/1093] transplant_loss 1.5226, rec_loss 0.0104, p_loss 0.1326, quant_error 0.1291, utilization 0.2177, perplexity 13576.4391,
Train Epoch: [14/30] Iters:[350/1093] transplant_loss 1.5225, rec_loss 0.0104, p_loss 0.1329, quant_error 0.1292, utilization 0.2177, perplexity 13584.5646,
Train Epoch: [14/30] Iters:[360/1093] transplant_loss 1.5247, rec_loss 0.0104, p_loss 0.1332, quant_error 0.1296, utilization 0.2177, perplexity 13579.9519,
Train Epoch: [14/30] Iters:[370/1093] transplant_loss 1.5216, rec_loss 0.0104, p_loss 0.1333, quant_error 0.1297, utilization 0.2177, perplexity 13582.2741,
Train Epoch: [14/30] Iters:[380/1093] transplant_loss 1.5205, rec_loss 0.0104, p_loss 0.1330, quant_error 0.1295, utilization 0.2177, perplexity 13580.3657,
Train Epoch: [14/30] Iters:[390/1093] transplant_loss 1.5227, rec_loss 0.0105, p_loss 0.1332, quant_error 0.1299, utilization 0.2177, perplexity 13583.4643,
Train Epoch: [14/30] Iters:[400/1093] transplant_loss 1.5247, rec_loss 0.0105, p_loss 0.1330, quant_error 0.1303, utilization 0.2177, perplexity 13581.2399,
Train Epoch: [14/30] Iters:[410/1093] transplant_loss 1.5205, rec_loss 0.0104, p_loss 0.1330, quant_error 0.1298, utilization 0.2177, perplexity 13587.7060,
Train Epoch: [14/30] Iters:[420/1093] transplant_loss 1.5247, rec_loss 0.0104, p_loss 0.1328, quant_error 0.1302, utilization 0.2177, perplexity 13585.4842,
Train Epoch: [14/30] Iters:[430/1093] transplant_loss 1.5221, rec_loss 0.0104, p_loss 0.1329, quant_error 0.1298, utilization 0.2177, perplexity 13588.4210,
Train Epoch: [14/30] Iters:[440/1093] transplant_loss 1.5269, rec_loss 0.0104, p_loss 0.1334, quant_error 0.1301, utilization 0.2178, perplexity 13590.7417,
Train Epoch: [14/30] Iters:[450/1093] transplant_loss 1.5287, rec_loss 0.0105, p_loss 0.1335, quant_error 0.1301, utilization 0.2178, perplexity 13592.6935,
Train Epoch: [14/30] Iters:[460/1093] transplant_loss 1.5313, rec_loss 0.0105, p_loss 0.1337, quant_error 0.1304, utilization 0.2177, perplexity 13581.7515,
Train Epoch: [14/30] Iters:[470/1093] transplant_loss 1.5341, rec_loss 0.0106, p_loss 0.1339, quant_error 0.1306, utilization 0.2178, perplexity 13584.3531,
Train Epoch: [14/30] Iters:[480/1093] transplant_loss 1.5391, rec_loss 0.0106, p_loss 0.1340, quant_error 0.1313, utilization 0.2177, perplexity 13581.2319,
Train Epoch: [14/30] Iters:[490/1093] transplant_loss 1.5272, rec_loss 0.0106, p_loss 0.1333, quant_error 0.1298, utilization 0.2177, perplexity 13584.6069,
Train Epoch: [14/30] Iters:[500/1093] transplant_loss 1.5173, rec_loss 0.0104, p_loss 0.1324, quant_error 0.1288, utilization 0.2177, perplexity 13579.1559,
Train Epoch: [14/30] Iters:[510/1093] transplant_loss 1.5203, rec_loss 0.0105, p_loss 0.1324, quant_error 0.1291, utilization 0.2178, perplexity 13590.9999,
Train Epoch: [14/30] Iters:[520/1093] transplant_loss 1.5204, rec_loss 0.0105, p_loss 0.1328, quant_error 0.1292, utilization 0.2179, perplexity 13597.6121,
Train Epoch: [14/30] Iters:[530/1093] transplant_loss 1.5229, rec_loss 0.0106, p_loss 0.1329, quant_error 0.1293, utilization 0.2179, perplexity 13599.6182,
Train Epoch: [14/30] Iters:[540/1093] transplant_loss 1.5239, rec_loss 0.0105, p_loss 0.1333, quant_error 0.1295, utilization 0.2178, perplexity 13592.3868,
Train Epoch: [14/30] Iters:[550/1093] transplant_loss 1.5250, rec_loss 0.0104, p_loss 0.1334, quant_error 0.1295, utilization 0.2178, perplexity 13589.3470,
Train Epoch: [14/30] Iters:[560/1093] transplant_loss 1.5209, rec_loss 0.0103, p_loss 0.1331, quant_error 0.1291, utilization 0.2178, perplexity 13592.8556,
Train Epoch: [14/30] Iters:[570/1093] transplant_loss 1.5196, rec_loss 0.0103, p_loss 0.1331, quant_error 0.1288, utilization 0.2178, perplexity 13587.8769,
Train Epoch: [14/30] Iters:[580/1093] transplant_loss 1.5166, rec_loss 0.0103, p_loss 0.1330, quant_error 0.1285, utilization 0.2177, perplexity 13583.8022,
Train Epoch: [14/30] Iters:[590/1093] transplant_loss 1.5189, rec_loss 0.0104, p_loss 0.1327, quant_error 0.1290, utilization 0.2178, perplexity 13593.9274,
Train Epoch: [14/30] Iters:[600/1093] transplant_loss 1.5203, rec_loss 0.0104, p_loss 0.1332, quant_error 0.1295, utilization 0.2179, perplexity 13599.2736,
Train Epoch: [14/30] Iters:[610/1093] transplant_loss 1.5230, rec_loss 0.0105, p_loss 0.1331, quant_error 0.1297, utilization 0.2179, perplexity 13594.5696,
Train Epoch: [14/30] Iters:[620/1093] transplant_loss 1.5207, rec_loss 0.0105, p_loss 0.1325, quant_error 0.1297, utilization 0.2178, perplexity 13587.5824,
Train Epoch: [14/30] Iters:[630/1093] transplant_loss 1.5240, rec_loss 0.0105, p_loss 0.1323, quant_error 0.1302, utilization 0.2178, perplexity 13590.2686,
Train Epoch: [14/30] Iters:[640/1093] transplant_loss 1.5186, rec_loss 0.0104, p_loss 0.1322, quant_error 0.1295, utilization 0.2178, perplexity 13582.3365,
Train Epoch: [14/30] Iters:[650/1093] transplant_loss 1.5253, rec_loss 0.0105, p_loss 0.1325, quant_error 0.1301, utilization 0.2178, perplexity 13582.7086,
Train Epoch: [14/30] Iters:[660/1093] transplant_loss 1.5197, rec_loss 0.0104, p_loss 0.1324, quant_error 0.1295, utilization 0.2178, perplexity 13583.0303,
Train Epoch: [14/30] Iters:[670/1093] transplant_loss 1.5187, rec_loss 0.0103, p_loss 0.1326, quant_error 0.1292, utilization 0.2177, perplexity 13578.9386,
Train Epoch: [14/30] Iters:[680/1093] transplant_loss 1.5169, rec_loss 0.0103, p_loss 0.1331, quant_error 0.1289, utilization 0.2177, perplexity 13584.1223,
Train Epoch: [14/30] Iters:[690/1093] transplant_loss 1.5337, rec_loss 0.0105, p_loss 0.1339, quant_error 0.1310, utilization 0.2178, perplexity 13592.0658,
Train Epoch: [14/30] Iters:[700/1093] transplant_loss 1.5329, rec_loss 0.0104, p_loss 0.1334, quant_error 0.1306, utilization 0.2177, perplexity 13579.9100,
Train Epoch: [14/30] Iters:[710/1093] transplant_loss 1.5345, rec_loss 0.0104, p_loss 0.1331, quant_error 0.1308, utilization 0.2177, perplexity 13580.2700,
Train Epoch: [14/30] Iters:[720/1093] transplant_loss 1.5351, rec_loss 0.0104, p_loss 0.1330, quant_error 0.1308, utilization 0.2178, perplexity 13583.7225,
Train Epoch: [14/30] Iters:[730/1093] transplant_loss 1.5254, rec_loss 0.0103, p_loss 0.1323, quant_error 0.1297, utilization 0.2176, perplexity 13569.4668,
Train Epoch: [14/30] Iters:[740/1093] transplant_loss 1.5139, rec_loss 0.0102, p_loss 0.1314, quant_error 0.1280, utilization 0.2175, perplexity 13557.6197,
Train Epoch: [14/30] Iters:[750/1093] transplant_loss 1.5109, rec_loss 0.0103, p_loss 0.1318, quant_error 0.1279, utilization 0.2176, perplexity 13562.5826,
Train Epoch: [14/30] Iters:[760/1093] transplant_loss 1.5097, rec_loss 0.0102, p_loss 0.1319, quant_error 0.1275, utilization 0.2176, perplexity 13562.4043,
Train Epoch: [14/30] Iters:[770/1093] transplant_loss 1.5056, rec_loss 0.0102, p_loss 0.1319, quant_error 0.1271, utilization 0.2176, perplexity 13571.1191,
Train Epoch: [14/30] Iters:[780/1093] transplant_loss 1.5206, rec_loss 0.0103, p_loss 0.1328, quant_error 0.1288, utilization 0.2178, perplexity 13586.8262,
Train Epoch: [14/30] Iters:[790/1093] transplant_loss 1.5258, rec_loss 0.0103, p_loss 0.1335, quant_error 0.1296, utilization 0.2178, perplexity 13589.9050,
Train Epoch: [14/30] Iters:[800/1093] transplant_loss 1.5245, rec_loss 0.0104, p_loss 0.1335, quant_error 0.1295, utilization 0.2178, perplexity 13584.2099,
Train Epoch: [14/30] Iters:[810/1093] transplant_loss 1.5292, rec_loss 0.0105, p_loss 0.1338, quant_error 0.1303, utilization 0.2177, perplexity 13579.5495,
Train Epoch: [14/30] Iters:[820/1093] transplant_loss 1.5341, rec_loss 0.0106, p_loss 0.1341, quant_error 0.1309, utilization 0.2177, perplexity 13572.8085,
Train Epoch: [14/30] Iters:[830/1093] transplant_loss 1.5216, rec_loss 0.0105, p_loss 0.1334, quant_error 0.1295, utilization 0.2177, perplexity 13572.4904,
Train Epoch: [14/30] Iters:[840/1093] transplant_loss 1.5153, rec_loss 0.0105, p_loss 0.1331, quant_error 0.1289, utilization 0.2176, perplexity 13570.5554,
Train Epoch: [14/30] Iters:[850/1093] transplant_loss 1.5179, rec_loss 0.0104, p_loss 0.1331, quant_error 0.1291, utilization 0.2178, perplexity 13582.2261,
Train Epoch: [14/30] Iters:[860/1093] transplant_loss 1.5223, rec_loss 0.0104, p_loss 0.1331, quant_error 0.1294, utilization 0.2178, perplexity 13584.8376,
Train Epoch: [14/30] Iters:[870/1093] transplant_loss 1.5255, rec_loss 0.0103, p_loss 0.1332, quant_error 0.1299, utilization 0.2178, perplexity 13587.0033,
Train Epoch: [14/30] Iters:[880/1093] transplant_loss 1.5218, rec_loss 0.0103, p_loss 0.1327, quant_error 0.1296, utilization 0.2176, perplexity 13564.5283,
Train Epoch: [14/30] Iters:[890/1093] transplant_loss 1.5214, rec_loss 0.0103, p_loss 0.1323, quant_error 0.1294, utilization 0.2176, perplexity 13564.4263,
Train Epoch: [14/30] Iters:[900/1093] transplant_loss 1.5207, rec_loss 0.0103, p_loss 0.1325, quant_error 0.1291, utilization 0.2176, perplexity 13567.0931,
Train Epoch: [14/30] Iters:[910/1093] transplant_loss 1.5144, rec_loss 0.0102, p_loss 0.1323, quant_error 0.1284, utilization 0.2177, perplexity 13572.9087,
Train Epoch: [14/30] Iters:[920/1093] transplant_loss 1.5162, rec_loss 0.0103, p_loss 0.1322, quant_error 0.1286, utilization 0.2177, perplexity 13579.5430,
Train Epoch: [14/30] Iters:[930/1093] transplant_loss 1.5289, rec_loss 0.0104, p_loss 0.1330, quant_error 0.1301, utilization 0.2178, perplexity 13587.7924,
Train Epoch: [14/30] Iters:[940/1093] transplant_loss 1.5268, rec_loss 0.0104, p_loss 0.1329, quant_error 0.1298, utilization 0.2178, perplexity 13590.6005,
Train Epoch: [14/30] Iters:[950/1093] transplant_loss 1.5181, rec_loss 0.0103, p_loss 0.1323, quant_error 0.1288, utilization 0.2178, perplexity 13589.4161,
Train Epoch: [14/30] Iters:[960/1093] transplant_loss 1.5169, rec_loss 0.0103, p_loss 0.1326, quant_error 0.1286, utilization 0.2178, perplexity 13589.0421,
Train Epoch: [14/30] Iters:[970/1093] transplant_loss 1.5184, rec_loss 0.0104, p_loss 0.1329, quant_error 0.1284, utilization 0.2177, perplexity 13583.9982,
Train Epoch: [14/30] Iters:[980/1093] transplant_loss 1.5101, rec_loss 0.0103, p_loss 0.1325, quant_error 0.1273, utilization 0.2178, perplexity 13587.9227,
Train Epoch: [14/30] Iters:[990/1093] transplant_loss 1.5143, rec_loss 0.0103, p_loss 0.1330, quant_error 0.1278, utilization 0.2178, perplexity 13590.8552,
Train Epoch: [14/30] Iters:[1000/1093] transplant_loss 1.5229, rec_loss 0.0104, p_loss 0.1337, quant_error 0.1291, utilization 0.2178, perplexity 13592.2568,
Train Epoch: [14/30] Iters:[1010/1093] transplant_loss 1.5178, rec_loss 0.0103, p_loss 0.1332, quant_error 0.1287, utilization 0.2178, perplexity 13582.3111,
Train Epoch: [14/30] Iters:[1020/1093] transplant_loss 1.5062, rec_loss 0.0101, p_loss 0.1325, quant_error 0.1277, utilization 0.2177, perplexity 13579.2650,
Train Epoch: [14/30] Iters:[1030/1093] transplant_loss 1.5087, rec_loss 0.0102, p_loss 0.1324, quant_error 0.1278, utilization 0.2178, perplexity 13583.4271,
Train Epoch: [14/30] Iters:[1040/1093] transplant_loss 1.5137, rec_loss 0.0103, p_loss 0.1322, quant_error 0.1283, utilization 0.2177, perplexity 13579.5020,
Train Epoch: [14/30] Iters:[1050/1093] transplant_loss 1.5096, rec_loss 0.0104, p_loss 0.1322, quant_error 0.1276, utilization 0.2176, perplexity 13569.8419,
Train Epoch: [14/30] Iters:[1060/1093] transplant_loss 1.5168, rec_loss 0.0104, p_loss 0.1326, quant_error 0.1286, utilization 0.2177, perplexity 13579.1832,
Train Epoch: [14/30] Iters:[1070/1093] transplant_loss 1.5249, rec_loss 0.0106, p_loss 0.1328, quant_error 0.1293, utilization 0.2177, perplexity 13583.7806,
Train Epoch: [14/30] Iters:[1080/1093] transplant_loss 1.5294, rec_loss 0.0106, p_loss 0.1329, quant_error 0.1299, utilization 0.2177, perplexity 13578.9975,
Train Epoch: [14/30] Iters:[1090/1093] transplant_loss 1.5229, rec_loss 0.0105, p_loss 0.1330, quant_error 0.1293, utilization 0.2177, perplexity 13582.2245,
epoch:15, cur_lr:0.000058
Train Epoch: [15/30] Iters:[10/1093] transplant_loss 1.5195, rec_loss 0.0103, p_loss 0.1315, quant_error 0.1292, utilization 0.2176, perplexity 13573.9908,
Train Epoch: [15/30] Iters:[20/1093] transplant_loss 1.5055, rec_loss 0.0102, p_loss 0.1307, quant_error 0.1273, utilization 0.2176, perplexity 13565.3296,
Train Epoch: [15/30] Iters:[30/1093] transplant_loss 1.5046, rec_loss 0.0102, p_loss 0.1307, quant_error 0.1272, utilization 0.2176, perplexity 13568.7355,
Train Epoch: [15/30] Iters:[40/1093] transplant_loss 1.5123, rec_loss 0.0102, p_loss 0.1314, quant_error 0.1282, utilization 0.2177, perplexity 13575.2041,
Train Epoch: [15/30] Iters:[50/1093] transplant_loss 1.5128, rec_loss 0.0102, p_loss 0.1316, quant_error 0.1283, utilization 0.2177, perplexity 13575.8704,
Train Epoch: [15/30] Iters:[60/1093] transplant_loss 1.5169, rec_loss 0.0103, p_loss 0.1322, quant_error 0.1287, utilization 0.2178, perplexity 13584.1682,
Train Epoch: [15/30] Iters:[70/1093] transplant_loss 1.5215, rec_loss 0.0103, p_loss 0.1327, quant_error 0.1293, utilization 0.2179, perplexity 13594.0059,
Train Epoch: [15/30] Iters:[80/1093] transplant_loss 1.5214, rec_loss 0.0103, p_loss 0.1330, quant_error 0.1295, utilization 0.2178, perplexity 13591.5729,
Train Epoch: [15/30] Iters:[90/1093] transplant_loss 1.5109, rec_loss 0.0102, p_loss 0.1323, quant_error 0.1280, utilization 0.2178, perplexity 13587.9243,
Train Epoch: [15/30] Iters:[100/1093] transplant_loss 1.5133, rec_loss 0.0102, p_loss 0.1323, quant_error 0.1282, utilization 0.2178, perplexity 13591.4941,
Train Epoch: [15/30] Iters:[110/1093] transplant_loss 1.5021, rec_loss 0.0101, p_loss 0.1314, quant_error 0.1269, utilization 0.2176, perplexity 13579.5560,
Train Epoch: [15/30] Iters:[120/1093] transplant_loss 1.5031, rec_loss 0.0101, p_loss 0.1314, quant_error 0.1269, utilization 0.2176, perplexity 13580.4143,
Train Epoch: [15/30] Iters:[130/1093] transplant_loss 1.5086, rec_loss 0.0101, p_loss 0.1316, quant_error 0.1272, utilization 0.2178, perplexity 13592.8733,
Train Epoch: [15/30] Iters:[140/1093] transplant_loss 1.5137, rec_loss 0.0102, p_loss 0.1322, quant_error 0.1280, utilization 0.2178, perplexity 13589.4252,
Train Epoch: [15/30] Iters:[150/1093] transplant_loss 1.5101, rec_loss 0.0101, p_loss 0.1319, quant_error 0.1274, utilization 0.2178, perplexity 13588.8468,
Train Epoch: [15/30] Iters:[160/1093] transplant_loss 1.5164, rec_loss 0.0102, p_loss 0.1324, quant_error 0.1281, utilization 0.2179, perplexity 13595.1604,
Train Epoch: [15/30] Iters:[170/1093] transplant_loss 1.5215, rec_loss 0.0103, p_loss 0.1326, quant_error 0.1285, utilization 0.2179, perplexity 13590.3452,
Train Epoch: [15/30] Iters:[180/1093] transplant_loss 1.5235, rec_loss 0.0104, p_loss 0.1328, quant_error 0.1288, utilization 0.2178, perplexity 13586.0013,
Train Epoch: [15/30] Iters:[190/1093] transplant_loss 1.5299, rec_loss 0.0104, p_loss 0.1331, quant_error 0.1295, utilization 0.2179, perplexity 13598.2929,
Train Epoch: [15/30] Iters:[200/1093] transplant_loss 1.5339, rec_loss 0.0105, p_loss 0.1336, quant_error 0.1301, utilization 0.2179, perplexity 13599.3112,
Train Epoch: [15/30] Iters:[210/1093] transplant_loss 1.5336, rec_loss 0.0105, p_loss 0.1340, quant_error 0.1301, utilization 0.2179, perplexity 13597.4579,
Train Epoch: [15/30] Iters:[220/1093] transplant_loss 1.5330, rec_loss 0.0105, p_loss 0.1346, quant_error 0.1304, utilization 0.2179, perplexity 13600.7748,
Train Epoch: [15/30] Iters:[230/1093] transplant_loss 1.5346, rec_loss 0.0105, p_loss 0.1348, quant_error 0.1308, utilization 0.2179, perplexity 13596.8698,
Train Epoch: [15/30] Iters:[240/1093] transplant_loss 1.5272, rec_loss 0.0104, p_loss 0.1345, quant_error 0.1299, utilization 0.2177, perplexity 13582.2630,
Train Epoch: [15/30] Iters:[250/1093] transplant_loss 1.5236, rec_loss 0.0104, p_loss 0.1341, quant_error 0.1294, utilization 0.2176, perplexity 13572.0608,
Train Epoch: [15/30] Iters:[260/1093] transplant_loss 1.5206, rec_loss 0.0104, p_loss 0.1337, quant_error 0.1290, utilization 0.2176, perplexity 13568.4634,
Train Epoch: [15/30] Iters:[270/1093] transplant_loss 1.5184, rec_loss 0.0104, p_loss 0.1333, quant_error 0.1286, utilization 0.2175, perplexity 13563.9627,
Train Epoch: [15/30] Iters:[280/1093] transplant_loss 1.5133, rec_loss 0.0103, p_loss 0.1331, quant_error 0.1281, utilization 0.2176, perplexity 13564.2543,
Train Epoch: [15/30] Iters:[290/1093] transplant_loss 1.5150, rec_loss 0.0103, p_loss 0.1333, quant_error 0.1283, utilization 0.2176, perplexity 13571.8986,
Train Epoch: [15/30] Iters:[300/1093] transplant_loss 1.5161, rec_loss 0.0102, p_loss 0.1332, quant_error 0.1285, utilization 0.2177, perplexity 13577.7248,
Train Epoch: [15/30] Iters:[310/1093] transplant_loss 1.5237, rec_loss 0.0102, p_loss 0.1334, quant_error 0.1294, utilization 0.2177, perplexity 13586.1372,
Train Epoch: [15/30] Iters:[320/1093] transplant_loss 1.5190, rec_loss 0.0102, p_loss 0.1326, quant_error 0.1288, utilization 0.2177, perplexity 13584.5506,
Train Epoch: [15/30] Iters:[330/1093] transplant_loss 1.5266, rec_loss 0.0103, p_loss 0.1326, quant_error 0.1296, utilization 0.2177, perplexity 13579.6895,
Train Epoch: [15/30] Iters:[340/1093] transplant_loss 1.5239, rec_loss 0.0103, p_loss 0.1322, quant_error 0.1292, utilization 0.2176, perplexity 13578.7252,
Train Epoch: [15/30] Iters:[350/1093] transplant_loss 1.5223, rec_loss 0.0103, p_loss 0.1322, quant_error 0.1292, utilization 0.2176, perplexity 13577.0584,
Train Epoch: [15/30] Iters:[360/1093] transplant_loss 1.5204, rec_loss 0.0103, p_loss 0.1324, quant_error 0.1289, utilization 0.2177, perplexity 13580.7339,
Train Epoch: [15/30] Iters:[370/1093] transplant_loss 1.5300, rec_loss 0.0104, p_loss 0.1331, quant_error 0.1301, utilization 0.2178, perplexity 13588.7400,
Train Epoch: [15/30] Iters:[380/1093] transplant_loss 1.5351, rec_loss 0.0104, p_loss 0.1335, quant_error 0.1304, utilization 0.2179, perplexity 13599.1753,
Train Epoch: [15/30] Iters:[390/1093] transplant_loss 1.5445, rec_loss 0.0106, p_loss 0.1339, quant_error 0.1316, utilization 0.2180, perplexity 13607.2464,
Train Epoch: [15/30] Iters:[400/1093] transplant_loss 1.5456, rec_loss 0.0106, p_loss 0.1341, quant_error 0.1318, utilization 0.2180, perplexity 13606.6083,
Train Epoch: [15/30] Iters:[410/1093] transplant_loss 1.5408, rec_loss 0.0105, p_loss 0.1335, quant_error 0.1312, utilization 0.2179, perplexity 13595.7336,
Train Epoch: [15/30] Iters:[420/1093] transplant_loss 1.5383, rec_loss 0.0105, p_loss 0.1337, quant_error 0.1307, utilization 0.2179, perplexity 13593.1101,
Train Epoch: [15/30] Iters:[430/1093] transplant_loss 1.5268, rec_loss 0.0105, p_loss 0.1331, quant_error 0.1294, utilization 0.2178, perplexity 13581.9920,
Train Epoch: [15/30] Iters:[440/1093] transplant_loss 1.5196, rec_loss 0.0104, p_loss 0.1330, quant_error 0.1285, utilization 0.2177, perplexity 13577.0018,
Train Epoch: [15/30] Iters:[450/1093] transplant_loss 1.5216, rec_loss 0.0105, p_loss 0.1330, quant_error 0.1287, utilization 0.2178, perplexity 13582.0770,
Train Epoch: [15/30] Iters:[460/1093] transplant_loss 1.5242, rec_loss 0.0105, p_loss 0.1335, quant_error 0.1292, utilization 0.2178, perplexity 13586.5956,
Train Epoch: [15/30] Iters:[470/1093] transplant_loss 1.5160, rec_loss 0.0104, p_loss 0.1328, quant_error 0.1285, utilization 0.2178, perplexity 13582.3634,
Train Epoch: [15/30] Iters:[480/1093] transplant_loss 1.5219, rec_loss 0.0104, p_loss 0.1332, quant_error 0.1291, utilization 0.2179, perplexity 13600.8607,
Train Epoch: [15/30] Iters:[490/1093] transplant_loss 1.5203, rec_loss 0.0103, p_loss 0.1330, quant_error 0.1288, utilization 0.2179, perplexity 13595.9896,
Train Epoch: [15/30] Iters:[500/1093] transplant_loss 1.5178, rec_loss 0.0103, p_loss 0.1332, quant_error 0.1284, utilization 0.2178, perplexity 13591.5925,
Train Epoch: [15/30] Iters:[510/1093] transplant_loss 1.5187, rec_loss 0.0103, p_loss 0.1328, quant_error 0.1285, utilization 0.2178, perplexity 13589.7737,
Train Epoch: [15/30] Iters:[520/1093] transplant_loss 1.5285, rec_loss 0.0104, p_loss 0.1330, quant_error 0.1292, utilization 0.2179, perplexity 13592.5765,
Train Epoch: [15/30] Iters:[530/1093] transplant_loss 1.5161, rec_loss 0.0103, p_loss 0.1322, quant_error 0.1281, utilization 0.2177, perplexity 13580.9051,
Train Epoch: [15/30] Iters:[540/1093] transplant_loss 1.5235, rec_loss 0.0104, p_loss 0.1328, quant_error 0.1292, utilization 0.2178, perplexity 13583.6964,
Train Epoch: [15/30] Iters:[550/1093] transplant_loss 1.5348, rec_loss 0.0105, p_loss 0.1328, quant_error 0.1304, utilization 0.2179, perplexity 13597.6653,
Train Epoch: [15/30] Iters:[560/1093] transplant_loss 1.5433, rec_loss 0.0106, p_loss 0.1333, quant_error 0.1312, utilization 0.2180, perplexity 13606.1578,
Train Epoch: [15/30] Iters:[570/1093] transplant_loss 1.5371, rec_loss 0.0106, p_loss 0.1332, quant_error 0.1307, utilization 0.2179, perplexity 13600.6511,
Train Epoch: [15/30] Iters:[580/1093] transplant_loss 1.5431, rec_loss 0.0106, p_loss 0.1334, quant_error 0.1314, utilization 0.2178, perplexity 13594.2069,
Train Epoch: [15/30] Iters:[590/1093] transplant_loss 1.5443, rec_loss 0.0105, p_loss 0.1332, quant_error 0.1314, utilization 0.2178, perplexity 13594.5752,
Train Epoch: [15/30] Iters:[600/1093] transplant_loss 1.5333, rec_loss 0.0104, p_loss 0.1329, quant_error 0.1302, utilization 0.2177, perplexity 13584.1874,
Train Epoch: [15/30] Iters:[610/1093] transplant_loss 1.5219, rec_loss 0.0103, p_loss 0.1324, quant_error 0.1289, utilization 0.2176, perplexity 13572.1182,
Train Epoch: [15/30] Iters:[620/1093] transplant_loss 1.5296, rec_loss 0.0104, p_loss 0.1327, quant_error 0.1299, utilization 0.2177, perplexity 13584.1796,
Train Epoch: [15/30] Iters:[630/1093] transplant_loss 1.5322, rec_loss 0.0105, p_loss 0.1329, quant_error 0.1301, utilization 0.2178, perplexity 13588.9097,
Train Epoch: [15/30] Iters:[640/1093] transplant_loss 1.5273, rec_loss 0.0105, p_loss 0.1326, quant_error 0.1296, utilization 0.2178, perplexity 13586.6545,
Train Epoch: [15/30] Iters:[650/1093] transplant_loss 1.5299, rec_loss 0.0105, p_loss 0.1331, quant_error 0.1297, utilization 0.2178, perplexity 13586.0744,
Train Epoch: [15/30] Iters:[660/1093] transplant_loss 1.5336, rec_loss 0.0106, p_loss 0.1335, quant_error 0.1302, utilization 0.2178, perplexity 13580.8138,
Train Epoch: [15/30] Iters:[670/1093] transplant_loss 1.5228, rec_loss 0.0104, p_loss 0.1333, quant_error 0.1289, utilization 0.2178, perplexity 13580.7821,
Train Epoch: [15/30] Iters:[680/1093] transplant_loss 1.5148, rec_loss 0.0103, p_loss 0.1330, quant_error 0.1280, utilization 0.2178, perplexity 13581.2065,
Train Epoch: [15/30] Iters:[690/1093] transplant_loss 1.5131, rec_loss 0.0103, p_loss 0.1330, quant_error 0.1278, utilization 0.2178, perplexity 13584.7635,
Train Epoch: [15/30] Iters:[700/1093] transplant_loss 1.5163, rec_loss 0.0103, p_loss 0.1329, quant_error 0.1282, utilization 0.2178, perplexity 13586.0414,
Train Epoch: [15/30] Iters:[710/1093] transplant_loss 1.5053, rec_loss 0.0102, p_loss 0.1322, quant_error 0.1269, utilization 0.2177, perplexity 13581.1883,
Train Epoch: [15/30] Iters:[720/1093] transplant_loss 1.5093, rec_loss 0.0103, p_loss 0.1323, quant_error 0.1274, utilization 0.2177, perplexity 13579.0405,
Train Epoch: [15/30] Iters:[730/1093] transplant_loss 1.5185, rec_loss 0.0104, p_loss 0.1329, quant_error 0.1285, utilization 0.2177, perplexity 13579.3989,
Train Epoch: [15/30] Iters:[740/1093] transplant_loss 1.5189, rec_loss 0.0103, p_loss 0.1330, quant_error 0.1287, utilization 0.2177, perplexity 13577.2790,
Train Epoch: [15/30] Iters:[750/1093] transplant_loss 1.5241, rec_loss 0.0104, p_loss 0.1330, quant_error 0.1291, utilization 0.2177, perplexity 13579.9038,
Train Epoch: [15/30] Iters:[760/1093] transplant_loss 1.5360, rec_loss 0.0106, p_loss 0.1335, quant_error 0.1308, utilization 0.2179, perplexity 13601.1586,
Train Epoch: [15/30] Iters:[770/1093] transplant_loss 1.5406, rec_loss 0.0106, p_loss 0.1335, quant_error 0.1312, utilization 0.2179, perplexity 13599.5590,
Train Epoch: [15/30] Iters:[780/1093] transplant_loss 1.5343, rec_loss 0.0105, p_loss 0.1329, quant_error 0.1304, utilization 0.2178, perplexity 13593.8591,
Train Epoch: [15/30] Iters:[790/1093] transplant_loss 1.5338, rec_loss 0.0104, p_loss 0.1326, quant_error 0.1303, utilization 0.2179, perplexity 13596.0160,
Train Epoch: [15/30] Iters:[800/1093] transplant_loss 1.5276, rec_loss 0.0103, p_loss 0.1325, quant_error 0.1300, utilization 0.2179, perplexity 13603.0985,
Train Epoch: [15/30] Iters:[810/1093] transplant_loss 1.5275, rec_loss 0.0103, p_loss 0.1328, quant_error 0.1297, utilization 0.2179, perplexity 13595.1929,
Train Epoch: [15/30] Iters:[820/1093] transplant_loss 1.5226, rec_loss 0.0102, p_loss 0.1325, quant_error 0.1293, utilization 0.2178, perplexity 13586.0613,
Train Epoch: [15/30] Iters:[830/1093] transplant_loss 1.5223, rec_loss 0.0102, p_loss 0.1328, quant_error 0.1293, utilization 0.2179, perplexity 13593.3891,
Train Epoch: [15/30] Iters:[840/1093] transplant_loss 1.5216, rec_loss 0.0102, p_loss 0.1328, quant_error 0.1292, utilization 0.2178, perplexity 13590.8342,
Train Epoch: [15/30] Iters:[850/1093] transplant_loss 1.5287, rec_loss 0.0103, p_loss 0.1329, quant_error 0.1298, utilization 0.2177, perplexity 13583.5904,
Train Epoch: [15/30] Iters:[860/1093] transplant_loss 1.5260, rec_loss 0.0103, p_loss 0.1325, quant_error 0.1294, utilization 0.2177, perplexity 13582.2061,
Train Epoch: [15/30] Iters:[870/1093] transplant_loss 1.5232, rec_loss 0.0103, p_loss 0.1325, quant_error 0.1289, utilization 0.2178, perplexity 13588.5521,
Train Epoch: [15/30] Iters:[880/1093] transplant_loss 1.5293, rec_loss 0.0104, p_loss 0.1323, quant_error 0.1297, utilization 0.2177, perplexity 13581.2716,
Train Epoch: [15/30] Iters:[890/1093] transplant_loss 1.5356, rec_loss 0.0105, p_loss 0.1327, quant_error 0.1303, utilization 0.2177, perplexity 13578.7585,
Train Epoch: [15/30] Iters:[900/1093] transplant_loss 1.5235, rec_loss 0.0104, p_loss 0.1322, quant_error 0.1291, utilization 0.2177, perplexity 13575.1788,
Train Epoch: [15/30] Iters:[910/1093] transplant_loss 1.5222, rec_loss 0.0104, p_loss 0.1321, quant_error 0.1291, utilization 0.2177, perplexity 13572.3048,
Train Epoch: [15/30] Iters:[920/1093] transplant_loss 1.5271, rec_loss 0.0104, p_loss 0.1323, quant_error 0.1297, utilization 0.2178, perplexity 13582.4919,
Train Epoch: [15/30] Iters:[930/1093] transplant_loss 1.5311, rec_loss 0.0104, p_loss 0.1329, quant_error 0.1300, utilization 0.2179, perplexity 13593.3861,
Train Epoch: [15/30] Iters:[940/1093] transplant_loss 1.5341, rec_loss 0.0105, p_loss 0.1331, quant_error 0.1303, utilization 0.2179, perplexity 13593.5632,
Train Epoch: [15/30] Iters:[950/1093] transplant_loss 1.5348, rec_loss 0.0104, p_loss 0.1330, quant_error 0.1302, utilization 0.2179, perplexity 13597.5999,
Train Epoch: [15/30] Iters:[960/1093] transplant_loss 1.5336, rec_loss 0.0103, p_loss 0.1329, quant_error 0.1300, utilization 0.2179, perplexity 13601.8694,
Train Epoch: [15/30] Iters:[970/1093] transplant_loss 1.5273, rec_loss 0.0103, p_loss 0.1328, quant_error 0.1291, utilization 0.2179, perplexity 13597.1954,
Train Epoch: [15/30] Iters:[980/1093] transplant_loss 1.5211, rec_loss 0.0102, p_loss 0.1323, quant_error 0.1285, utilization 0.2179, perplexity 13595.1917,
Train Epoch: [15/30] Iters:[990/1093] transplant_loss 1.5107, rec_loss 0.0101, p_loss 0.1316, quant_error 0.1274, utilization 0.2179, perplexity 13595.7833,
Train Epoch: [15/30] Iters:[1000/1093] transplant_loss 1.5071, rec_loss 0.0101, p_loss 0.1318, quant_error 0.1270, utilization 0.2179, perplexity 13599.5833,
Train Epoch: [15/30] Iters:[1010/1093] transplant_loss 1.5120, rec_loss 0.0103, p_loss 0.1322, quant_error 0.1275, utilization 0.2179, perplexity 13597.0641,
Train Epoch: [15/30] Iters:[1020/1093] transplant_loss 1.5159, rec_loss 0.0103, p_loss 0.1321, quant_error 0.1280, utilization 0.2177, perplexity 13584.1003,
Train Epoch: [15/30] Iters:[1030/1093] transplant_loss 1.5079, rec_loss 0.0102, p_loss 0.1317, quant_error 0.1270, utilization 0.2177, perplexity 13579.6947,
Train Epoch: [15/30] Iters:[1040/1093] transplant_loss 1.5119, rec_loss 0.0101, p_loss 0.1323, quant_error 0.1275, utilization 0.2178, perplexity 13590.1619,
Train Epoch: [15/30] Iters:[1050/1093] transplant_loss 1.5118, rec_loss 0.0101, p_loss 0.1319, quant_error 0.1278, utilization 0.2177, perplexity 13580.7472,
Train Epoch: [15/30] Iters:[1060/1093] transplant_loss 1.5138, rec_loss 0.0101, p_loss 0.1324, quant_error 0.1281, utilization 0.2177, perplexity 13584.9187,
Train Epoch: [15/30] Iters:[1070/1093] transplant_loss 1.5201, rec_loss 0.0102, p_loss 0.1325, quant_error 0.1290, utilization 0.2178, perplexity 13595.2674,
Train Epoch: [15/30] Iters:[1080/1093] transplant_loss 1.5287, rec_loss 0.0103, p_loss 0.1332, quant_error 0.1298, utilization 0.2179, perplexity 13603.2475,
Train Epoch: [15/30] Iters:[1090/1093] transplant_loss 1.5310, rec_loss 0.0104, p_loss 0.1331, quant_error 0.1301, utilization 0.2179, perplexity 13595.8227,
Loading pretrained model LPIPS from /home/sunset/.cache/torch/hub/pyiqa/LPIPS_v0.1_alex-df73285e.pth
epoch:16, cur_lr:0.000055
Train Epoch: [16/30] Iters:[10/1093] transplant_loss 1.5332, rec_loss 0.0106, p_loss 0.1327, quant_error 0.1298, utilization 0.2177, perplexity 13565.9043,
Train Epoch: [16/30] Iters:[20/1093] transplant_loss 1.5285, rec_loss 0.0105, p_loss 0.1326, quant_error 0.1293, utilization 0.2177, perplexity 13570.1365,
Train Epoch: [16/30] Iters:[30/1093] transplant_loss 1.5215, rec_loss 0.0103, p_loss 0.1325, quant_error 0.1289, utilization 0.2177, perplexity 13573.9357,
Train Epoch: [16/30] Iters:[40/1093] transplant_loss 1.5231, rec_loss 0.0103, p_loss 0.1327, quant_error 0.1289, utilization 0.2177, perplexity 13575.7631,
Train Epoch: [16/30] Iters:[50/1093] transplant_loss 1.5223, rec_loss 0.0103, p_loss 0.1327, quant_error 0.1289, utilization 0.2178, perplexity 13584.5857,
Train Epoch: [16/30] Iters:[60/1093] transplant_loss 1.5199, rec_loss 0.0103, p_loss 0.1328, quant_error 0.1286, utilization 0.2178, perplexity 13590.3951,
Train Epoch: [16/30] Iters:[70/1093] transplant_loss 1.5175, rec_loss 0.0103, p_loss 0.1327, quant_error 0.1284, utilization 0.2178, perplexity 13584.7736,
Train Epoch: [16/30] Iters:[80/1093] transplant_loss 1.5222, rec_loss 0.0104, p_loss 0.1331, quant_error 0.1286, utilization 0.2178, perplexity 13587.0300,
Train Epoch: [16/30] Iters:[90/1093] transplant_loss 1.5197, rec_loss 0.0104, p_loss 0.1333, quant_error 0.1286, utilization 0.2178, perplexity 13586.6836,
Train Epoch: [16/30] Iters:[100/1093] transplant_loss 1.5203, rec_loss 0.0104, p_loss 0.1336, quant_error 0.1288, utilization 0.2178, perplexity 13588.2002,
Train Epoch: [16/30] Iters:[110/1093] transplant_loss 1.5188, rec_loss 0.0104, p_loss 0.1333, quant_error 0.1288, utilization 0.2178, perplexity 13587.3622,
Train Epoch: [16/30] Iters:[120/1093] transplant_loss 1.5201, rec_loss 0.0103, p_loss 0.1336, quant_error 0.1292, utilization 0.2178, perplexity 13587.0043,
Train Epoch: [16/30] Iters:[130/1093] transplant_loss 1.5201, rec_loss 0.0102, p_loss 0.1332, quant_error 0.1290, utilization 0.2178, perplexity 13589.4877,
Train Epoch: [16/30] Iters:[140/1093] transplant_loss 1.5170, rec_loss 0.0102, p_loss 0.1329, quant_error 0.1284, utilization 0.2179, perplexity 13591.2555,
Train Epoch: [16/30] Iters:[150/1093] transplant_loss 1.5119, rec_loss 0.0102, p_loss 0.1327, quant_error 0.1276, utilization 0.2178, perplexity 13582.5447,
Train Epoch: [16/30] Iters:[160/1093] transplant_loss 1.5057, rec_loss 0.0101, p_loss 0.1324, quant_error 0.1268, utilization 0.2177, perplexity 13582.7244,
Train Epoch: [16/30] Iters:[170/1093] transplant_loss 1.5148, rec_loss 0.0102, p_loss 0.1324, quant_error 0.1276, utilization 0.2178, perplexity 13594.2959,
Train Epoch: [16/30] Iters:[180/1093] transplant_loss 1.5109, rec_loss 0.0101, p_loss 0.1322, quant_error 0.1278, utilization 0.2178, perplexity 13592.7778,
Train Epoch: [16/30] Iters:[190/1093] transplant_loss 1.5146, rec_loss 0.0101, p_loss 0.1322, quant_error 0.1284, utilization 0.2178, perplexity 13592.3448,
Train Epoch: [16/30] Iters:[200/1093] transplant_loss 1.5220, rec_loss 0.0102, p_loss 0.1321, quant_error 0.1293, utilization 0.2178, perplexity 13584.9281,
Train Epoch: [16/30] Iters:[210/1093] transplant_loss 1.5246, rec_loss 0.0102, p_loss 0.1323, quant_error 0.1296, utilization 0.2178, perplexity 13583.1163,
Train Epoch: [16/30] Iters:[220/1093] transplant_loss 1.5096, rec_loss 0.0101, p_loss 0.1317, quant_error 0.1278, utilization 0.2177, perplexity 13576.5266,
Train Epoch: [16/30] Iters:[230/1093] transplant_loss 1.5155, rec_loss 0.0102, p_loss 0.1320, quant_error 0.1282, utilization 0.2177, perplexity 13575.8021,
Train Epoch: [16/30] Iters:[240/1093] transplant_loss 1.5178, rec_loss 0.0103, p_loss 0.1324, quant_error 0.1281, utilization 0.2177, perplexity 13583.7981,
Train Epoch: [16/30] Iters:[250/1093] transplant_loss 1.5136, rec_loss 0.0102, p_loss 0.1326, quant_error 0.1278, utilization 0.2179, perplexity 13597.9958,
Train Epoch: [16/30] Iters:[260/1093] transplant_loss 1.5181, rec_loss 0.0103, p_loss 0.1332, quant_error 0.1282, utilization 0.2179, perplexity 13602.8065,
Train Epoch: [16/30] Iters:[270/1093] transplant_loss 1.5211, rec_loss 0.0104, p_loss 0.1330, quant_error 0.1285, utilization 0.2179, perplexity 13600.1218,
Train Epoch: [16/30] Iters:[280/1093] transplant_loss 1.5162, rec_loss 0.0103, p_loss 0.1327, quant_error 0.1278, utilization 0.2179, perplexity 13600.9540,
Train Epoch: [16/30] Iters:[290/1093] transplant_loss 1.5133, rec_loss 0.0102, p_loss 0.1322, quant_error 0.1278, utilization 0.2179, perplexity 13601.3658,
Train Epoch: [16/30] Iters:[300/1093] transplant_loss 1.5173, rec_loss 0.0103, p_loss 0.1320, quant_error 0.1282, utilization 0.2178, perplexity 13593.0557,
Train Epoch: [16/30] Iters:[310/1093] transplant_loss 1.5188, rec_loss 0.0103, p_loss 0.1319, quant_error 0.1286, utilization 0.2178, perplexity 13587.9833,
Train Epoch: [16/30] Iters:[320/1093] transplant_loss 1.5222, rec_loss 0.0104, p_loss 0.1322, quant_error 0.1289, utilization 0.2179, perplexity 13594.5705,
Train Epoch: [16/30] Iters:[330/1093] transplant_loss 1.5286, rec_loss 0.0105, p_loss 0.1328, quant_error 0.1297, utilization 0.2179, perplexity 13598.5231,
Train Epoch: [16/30] Iters:[340/1093] transplant_loss 1.5291, rec_loss 0.0105, p_loss 0.1326, quant_error 0.1296, utilization 0.2178, perplexity 13585.6824,
Train Epoch: [16/30] Iters:[350/1093] transplant_loss 1.5317, rec_loss 0.0105, p_loss 0.1326, quant_error 0.1295, utilization 0.2179, perplexity 13589.8087,
Train Epoch: [16/30] Iters:[360/1093] transplant_loss 1.5279, rec_loss 0.0103, p_loss 0.1323, quant_error 0.1290, utilization 0.2178, perplexity 13588.3861,
Train Epoch: [16/30] Iters:[370/1093] transplant_loss 1.5245, rec_loss 0.0103, p_loss 0.1321, quant_error 0.1288, utilization 0.2178, perplexity 13584.6289,
Train Epoch: [16/30] Iters:[380/1093] transplant_loss 1.5145, rec_loss 0.0102, p_loss 0.1318, quant_error 0.1277, utilization 0.2177, perplexity 13573.6334,
Train Epoch: [16/30] Iters:[390/1093] transplant_loss 1.5158, rec_loss 0.0102, p_loss 0.1320, quant_error 0.1279, utilization 0.2177, perplexity 13582.0660,
Train Epoch: [16/30] Iters:[400/1093] transplant_loss 1.5167, rec_loss 0.0102, p_loss 0.1325, quant_error 0.1281, utilization 0.2178, perplexity 13586.9442,
Train Epoch: [16/30] Iters:[410/1093] transplant_loss 1.5192, rec_loss 0.0103, p_loss 0.1325, quant_error 0.1284, utilization 0.2178, perplexity 13585.5002,
Train Epoch: [16/30] Iters:[420/1093] transplant_loss 1.5203, rec_loss 0.0103, p_loss 0.1327, quant_error 0.1286, utilization 0.2178, perplexity 13589.8117,
Train Epoch: [16/30] Iters:[430/1093] transplant_loss 1.5269, rec_loss 0.0104, p_loss 0.1328, quant_error 0.1294, utilization 0.2179, perplexity 13596.6548,
Train Epoch: [16/30] Iters:[440/1093] transplant_loss 1.5342, rec_loss 0.0104, p_loss 0.1332, quant_error 0.1300, utilization 0.2179, perplexity 13596.6613,
Train Epoch: [16/30] Iters:[450/1093] transplant_loss 1.5317, rec_loss 0.0104, p_loss 0.1326, quant_error 0.1298, utilization 0.2179, perplexity 13597.7654,
Train Epoch: [16/30] Iters:[460/1093] transplant_loss 1.5341, rec_loss 0.0104, p_loss 0.1330, quant_error 0.1300, utilization 0.2180, perplexity 13604.6083,
Train Epoch: [16/30] Iters:[470/1093] transplant_loss 1.5346, rec_loss 0.0104, p_loss 0.1334, quant_error 0.1300, utilization 0.2179, perplexity 13600.0829,
Train Epoch: [16/30] Iters:[480/1093] transplant_loss 1.5370, rec_loss 0.0105, p_loss 0.1335, quant_error 0.1301, utilization 0.2179, perplexity 13601.6803,
Train Epoch: [16/30] Iters:[490/1093] transplant_loss 1.5263, rec_loss 0.0104, p_loss 0.1326, quant_error 0.1289, utilization 0.2179, perplexity 13597.1436,
Train Epoch: [16/30] Iters:[500/1093] transplant_loss 1.5185, rec_loss 0.0103, p_loss 0.1327, quant_error 0.1282, utilization 0.2179, perplexity 13591.6600,
Train Epoch: [16/30] Iters:[510/1093] transplant_loss 1.5146, rec_loss 0.0102, p_loss 0.1325, quant_error 0.1279, utilization 0.2178, perplexity 13588.1701,
Train Epoch: [16/30] Iters:[520/1093] transplant_loss 1.5193, rec_loss 0.0102, p_loss 0.1325, quant_error 0.1285, utilization 0.2178, perplexity 13588.6612,
Train Epoch: [16/30] Iters:[530/1093] transplant_loss 1.5172, rec_loss 0.0102, p_loss 0.1323, quant_error 0.1284, utilization 0.2179, perplexity 13595.5027,
Train Epoch: [16/30] Iters:[540/1093] transplant_loss 1.5178, rec_loss 0.0102, p_loss 0.1327, quant_error 0.1285, utilization 0.2178, perplexity 13590.1741,
Train Epoch: [16/30] Iters:[550/1093] transplant_loss 1.5234, rec_loss 0.0103, p_loss 0.1327, quant_error 0.1290, utilization 0.2178, perplexity 13587.1384,
Train Epoch: [16/30] Iters:[560/1093] transplant_loss 1.5286, rec_loss 0.0104, p_loss 0.1329, quant_error 0.1294, utilization 0.2179, perplexity 13592.0121,
Train Epoch: [16/30] Iters:[570/1093] transplant_loss 1.5224, rec_loss 0.0103, p_loss 0.1325, quant_error 0.1285, utilization 0.2179, perplexity 13596.1051,
Train Epoch: [16/30] Iters:[580/1093] transplant_loss 1.5198, rec_loss 0.0103, p_loss 0.1322, quant_error 0.1283, utilization 0.2178, perplexity 13587.3443,
Train Epoch: [16/30] Iters:[590/1093] transplant_loss 1.5205, rec_loss 0.0103, p_loss 0.1322, quant_error 0.1283, utilization 0.2178, perplexity 13592.8797,
Train Epoch: [16/30] Iters:[600/1093] transplant_loss 1.5229, rec_loss 0.0103, p_loss 0.1325, quant_error 0.1287, utilization 0.2179, perplexity 13599.4456,
Train Epoch: [16/30] Iters:[610/1093] transplant_loss 1.5249, rec_loss 0.0103, p_loss 0.1326, quant_error 0.1289, utilization 0.2178, perplexity 13585.7742,
Train Epoch: [16/30] Iters:[620/1093] transplant_loss 1.5297, rec_loss 0.0103, p_loss 0.1331, quant_error 0.1295, utilization 0.2178, perplexity 13586.0002,
Train Epoch: [16/30] Iters:[630/1093] transplant_loss 1.5263, rec_loss 0.0103, p_loss 0.1332, quant_error 0.1290, utilization 0.2178, perplexity 13587.5790,
Train Epoch: [16/30] Iters:[640/1093] transplant_loss 1.5206, rec_loss 0.0103, p_loss 0.1330, quant_error 0.1283, utilization 0.2178, perplexity 13588.8229,
Train Epoch: [16/30] Iters:[650/1093] transplant_loss 1.5224, rec_loss 0.0103, p_loss 0.1329, quant_error 0.1282, utilization 0.2178, perplexity 13586.2091,
Train Epoch: [16/30] Iters:[660/1093] transplant_loss 1.5174, rec_loss 0.0102, p_loss 0.1327, quant_error 0.1276, utilization 0.2179, perplexity 13605.6645,
Train Epoch: [16/30] Iters:[670/1093] transplant_loss 1.5114, rec_loss 0.0102, p_loss 0.1323, quant_error 0.1269, utilization 0.2179, perplexity 13603.3749,
Train Epoch: [16/30] Iters:[680/1093] transplant_loss 1.5188, rec_loss 0.0102, p_loss 0.1326, quant_error 0.1280, utilization 0.2179, perplexity 13601.9718,
Train Epoch: [16/30] Iters:[690/1093] transplant_loss 1.5238, rec_loss 0.0103, p_loss 0.1324, quant_error 0.1287, utilization 0.2180, perplexity 13609.9004,
Train Epoch: [16/30] Iters:[700/1093] transplant_loss 1.5131, rec_loss 0.0101, p_loss 0.1320, quant_error 0.1276, utilization 0.2179, perplexity 13597.0307,
Train Epoch: [16/30] Iters:[710/1093] transplant_loss 1.5152, rec_loss 0.0102, p_loss 0.1319, quant_error 0.1278, utilization 0.2178, perplexity 13585.1438,
Train Epoch: [16/30] Iters:[720/1093] transplant_loss 1.5162, rec_loss 0.0102, p_loss 0.1318, quant_error 0.1278, utilization 0.2178, perplexity 13586.3404,
Train Epoch: [16/30] Iters:[730/1093] transplant_loss 1.5102, rec_loss 0.0101, p_loss 0.1313, quant_error 0.1269, utilization 0.2177, perplexity 13579.2434,
Train Epoch: [16/30] Iters:[740/1093] transplant_loss 1.5222, rec_loss 0.0102, p_loss 0.1318, quant_error 0.1284, utilization 0.2176, perplexity 13575.8188,
Train Epoch: [16/30] Iters:[750/1093] transplant_loss 1.5246, rec_loss 0.0103, p_loss 0.1322, quant_error 0.1288, utilization 0.2178, perplexity 13586.8941,
Train Epoch: [16/30] Iters:[760/1093] transplant_loss 1.5236, rec_loss 0.0103, p_loss 0.1320, quant_error 0.1288, utilization 0.2178, perplexity 13591.5822,
Train Epoch: [16/30] Iters:[770/1093] transplant_loss 1.5233, rec_loss 0.0103, p_loss 0.1318, quant_error 0.1288, utilization 0.2177, perplexity 13579.1419,
Train Epoch: [16/30] Iters:[780/1093] transplant_loss 1.5262, rec_loss 0.0103, p_loss 0.1321, quant_error 0.1290, utilization 0.2178, perplexity 13587.7896,
Train Epoch: [16/30] Iters:[790/1093] transplant_loss 1.5248, rec_loss 0.0103, p_loss 0.1324, quant_error 0.1288, utilization 0.2178, perplexity 13592.6558,
Train Epoch: [16/30] Iters:[800/1093] transplant_loss 1.5251, rec_loss 0.0103, p_loss 0.1323, quant_error 0.1287, utilization 0.2179, perplexity 13598.1392,
Train Epoch: [16/30] Iters:[810/1093] transplant_loss 1.5208, rec_loss 0.0102, p_loss 0.1324, quant_error 0.1280, utilization 0.2178, perplexity 13589.5674,
Train Epoch: [16/30] Iters:[820/1093] transplant_loss 1.5257, rec_loss 0.0102, p_loss 0.1332, quant_error 0.1287, utilization 0.2180, perplexity 13607.8126,
Train Epoch: [16/30] Iters:[830/1093] transplant_loss 1.5199, rec_loss 0.0101, p_loss 0.1331, quant_error 0.1281, utilization 0.2180, perplexity 13608.2328,
Train Epoch: [16/30] Iters:[840/1093] transplant_loss 1.5102, rec_loss 0.0100, p_loss 0.1322, quant_error 0.1273, utilization 0.2179, perplexity 13599.5087,
Train Epoch: [16/30] Iters:[850/1093] transplant_loss 1.5109, rec_loss 0.0100, p_loss 0.1323, quant_error 0.1276, utilization 0.2178, perplexity 13592.8812,
Train Epoch: [16/30] Iters:[860/1093] transplant_loss 1.5050, rec_loss 0.0099, p_loss 0.1317, quant_error 0.1269, utilization 0.2179, perplexity 13596.7801,
Train Epoch: [16/30] Iters:[870/1093] transplant_loss 1.5174, rec_loss 0.0100, p_loss 0.1317, quant_error 0.1278, utilization 0.2179, perplexity 13601.2906,
Train Epoch: [16/30] Iters:[880/1093] transplant_loss 1.5224, rec_loss 0.0101, p_loss 0.1319, quant_error 0.1284, utilization 0.2178, perplexity 13590.9739,
Train Epoch: [16/30] Iters:[890/1093] transplant_loss 1.5238, rec_loss 0.0102, p_loss 0.1323, quant_error 0.1284, utilization 0.2178, perplexity 13588.4672,
Train Epoch: [16/30] Iters:[900/1093] transplant_loss 1.5253, rec_loss 0.0102, p_loss 0.1324, quant_error 0.1284, utilization 0.2178, perplexity 13589.2055,
Train Epoch: [16/30] Iters:[910/1093] transplant_loss 1.5290, rec_loss 0.0103, p_loss 0.1330, quant_error 0.1290, utilization 0.2179, perplexity 13593.4850,
Train Epoch: [16/30] Iters:[920/1093] transplant_loss 1.5159, rec_loss 0.0102, p_loss 0.1325, quant_error 0.1280, utilization 0.2178, perplexity 13583.2780,
Train Epoch: [16/30] Iters:[930/1093] transplant_loss 1.5170, rec_loss 0.0102, p_loss 0.1329, quant_error 0.1280, utilization 0.2178, perplexity 13584.3462,
Train Epoch: [16/30] Iters:[940/1093] transplant_loss 1.5173, rec_loss 0.0102, p_loss 0.1331, quant_error 0.1280, utilization 0.2178, perplexity 13589.7870,
Train Epoch: [16/30] Iters:[950/1093] transplant_loss 1.5185, rec_loss 0.0102, p_loss 0.1327, quant_error 0.1281, utilization 0.2179, perplexity 13591.3933,
Train Epoch: [16/30] Iters:[960/1093] transplant_loss 1.5230, rec_loss 0.0103, p_loss 0.1326, quant_error 0.1288, utilization 0.2179, perplexity 13591.2812,
Train Epoch: [16/30] Iters:[970/1093] transplant_loss 1.5267, rec_loss 0.0103, p_loss 0.1326, quant_error 0.1293, utilization 0.2179, perplexity 13590.7638,
Train Epoch: [16/30] Iters:[980/1093] transplant_loss 1.5200, rec_loss 0.0102, p_loss 0.1320, quant_error 0.1287, utilization 0.2178, perplexity 13592.7431,
Train Epoch: [16/30] Iters:[990/1093] transplant_loss 1.5233, rec_loss 0.0103, p_loss 0.1318, quant_error 0.1291, utilization 0.2179, perplexity 13593.8500,
Train Epoch: [16/30] Iters:[1000/1093] transplant_loss 1.5264, rec_loss 0.0103, p_loss 0.1318, quant_error 0.1295, utilization 0.2179, perplexity 13591.0199,
Train Epoch: [16/30] Iters:[1010/1093] transplant_loss 1.5325, rec_loss 0.0104, p_loss 0.1321, quant_error 0.1301, utilization 0.2179, perplexity 13594.2870,
Train Epoch: [16/30] Iters:[1020/1093] transplant_loss 1.5318, rec_loss 0.0104, p_loss 0.1322, quant_error 0.1298, utilization 0.2180, perplexity 13602.2117,
Train Epoch: [16/30] Iters:[1030/1093] transplant_loss 1.5383, rec_loss 0.0105, p_loss 0.1324, quant_error 0.1307, utilization 0.2179, perplexity 13601.0080,
Train Epoch: [16/30] Iters:[1040/1093] transplant_loss 1.5338, rec_loss 0.0104, p_loss 0.1324, quant_error 0.1299, utilization 0.2179, perplexity 13600.8750,
Train Epoch: [16/30] Iters:[1050/1093] transplant_loss 1.5286, rec_loss 0.0104, p_loss 0.1327, quant_error 0.1293, utilization 0.2179, perplexity 13604.1655,
Train Epoch: [16/30] Iters:[1060/1093] transplant_loss 1.5253, rec_loss 0.0104, p_loss 0.1326, quant_error 0.1287, utilization 0.2178, perplexity 13597.2872,
Train Epoch: [16/30] Iters:[1070/1093] transplant_loss 1.5182, rec_loss 0.0103, p_loss 0.1324, quant_error 0.1282, utilization 0.2178, perplexity 13589.7929,
Train Epoch: [16/30] Iters:[1080/1093] transplant_loss 1.5191, rec_loss 0.0103, p_loss 0.1325, quant_error 0.1281, utilization 0.2179, perplexity 13602.8205,
Train Epoch: [16/30] Iters:[1090/1093] transplant_loss 1.5217, rec_loss 0.0103, p_loss 0.1327, quant_error 0.1286, utilization 0.2179, perplexity 13597.6303,
epoch:17, cur_lr:0.000052
Train Epoch: [17/30] Iters:[10/1093] transplant_loss 1.5036, rec_loss 0.0101, p_loss 0.1317, quant_error 0.1273, utilization 0.2176, perplexity 13566.2147,
Train Epoch: [17/30] Iters:[20/1093] transplant_loss 1.4910, rec_loss 0.0099, p_loss 0.1308, quant_error 0.1257, utilization 0.2176, perplexity 13567.3358,
Train Epoch: [17/30] Iters:[30/1093] transplant_loss 1.5024, rec_loss 0.0100, p_loss 0.1316, quant_error 0.1267, utilization 0.2177, perplexity 13583.9746,
Train Epoch: [17/30] Iters:[40/1093] transplant_loss 1.5027, rec_loss 0.0100, p_loss 0.1315, quant_error 0.1265, utilization 0.2177, perplexity 13586.2716,
Train Epoch: [17/30] Iters:[50/1093] transplant_loss 1.5029, rec_loss 0.0100, p_loss 0.1314, quant_error 0.1265, utilization 0.2178, perplexity 13589.0154,
Train Epoch: [17/30] Iters:[60/1093] transplant_loss 1.5113, rec_loss 0.0101, p_loss 0.1316, quant_error 0.1273, utilization 0.2178, perplexity 13594.4556,
Train Epoch: [17/30] Iters:[70/1093] transplant_loss 1.5146, rec_loss 0.0102, p_loss 0.1321, quant_error 0.1277, utilization 0.2179, perplexity 13597.6915,
Train Epoch: [17/30] Iters:[80/1093] transplant_loss 1.5155, rec_loss 0.0102, p_loss 0.1321, quant_error 0.1279, utilization 0.2178, perplexity 13588.5335,
Train Epoch: [17/30] Iters:[90/1093] transplant_loss 1.5114, rec_loss 0.0102, p_loss 0.1319, quant_error 0.1274, utilization 0.2177, perplexity 13580.8120,
Train Epoch: [17/30] Iters:[100/1093] transplant_loss 1.5170, rec_loss 0.0103, p_loss 0.1324, quant_error 0.1282, utilization 0.2178, perplexity 13581.6012,
Train Epoch: [17/30] Iters:[110/1093] transplant_loss 1.5125, rec_loss 0.0102, p_loss 0.1322, quant_error 0.1275, utilization 0.2177, perplexity 13576.0247,
Train Epoch: [17/30] Iters:[120/1093] transplant_loss 1.5157, rec_loss 0.0103, p_loss 0.1322, quant_error 0.1279, utilization 0.2178, perplexity 13583.9084,
Train Epoch: [17/30] Iters:[130/1093] transplant_loss 1.5149, rec_loss 0.0103, p_loss 0.1320, quant_error 0.1277, utilization 0.2178, perplexity 13586.9422,
Train Epoch: [17/30] Iters:[140/1093] transplant_loss 1.5213, rec_loss 0.0103, p_loss 0.1323, quant_error 0.1285, utilization 0.2178, perplexity 13593.1098,
Train Epoch: [17/30] Iters:[150/1093] transplant_loss 1.5216, rec_loss 0.0102, p_loss 0.1322, quant_error 0.1283, utilization 0.2178, perplexity 13586.9494,
Train Epoch: [17/30] Iters:[160/1093] transplant_loss 1.5308, rec_loss 0.0103, p_loss 0.1323, quant_error 0.1296, utilization 0.2178, perplexity 13593.7184,
Train Epoch: [17/30] Iters:[170/1093] transplant_loss 1.5340, rec_loss 0.0104, p_loss 0.1324, quant_error 0.1298, utilization 0.2178, perplexity 13585.4793,
Train Epoch: [17/30] Iters:[180/1093] transplant_loss 1.5312, rec_loss 0.0103, p_loss 0.1324, quant_error 0.1296, utilization 0.2178, perplexity 13588.8367,
Train Epoch: [17/30] Iters:[190/1093] transplant_loss 1.5328, rec_loss 0.0104, p_loss 0.1326, quant_error 0.1298, utilization 0.2178, perplexity 13588.8358,
Train Epoch: [17/30] Iters:[200/1093] transplant_loss 1.5336, rec_loss 0.0104, p_loss 0.1328, quant_error 0.1301, utilization 0.2178, perplexity 13590.8275,
Train Epoch: [17/30] Iters:[210/1093] transplant_loss 1.5215, rec_loss 0.0102, p_loss 0.1323, quant_error 0.1287, utilization 0.2177, perplexity 13580.5309,
Train Epoch: [17/30] Iters:[220/1093] transplant_loss 1.5155, rec_loss 0.0101, p_loss 0.1319, quant_error 0.1280, utilization 0.2178, perplexity 13588.2437,
Train Epoch: [17/30] Iters:[230/1093] transplant_loss 1.5214, rec_loss 0.0101, p_loss 0.1321, quant_error 0.1286, utilization 0.2178, perplexity 13588.7091,
Train Epoch: [17/30] Iters:[240/1093] transplant_loss 1.5243, rec_loss 0.0102, p_loss 0.1326, quant_error 0.1288, utilization 0.2179, perplexity 13592.0567,
Train Epoch: [17/30] Iters:[250/1093] transplant_loss 1.5156, rec_loss 0.0101, p_loss 0.1315, quant_error 0.1277, utilization 0.2179, perplexity 13593.7817,
Train Epoch: [17/30] Iters:[260/1093] transplant_loss 1.5149, rec_loss 0.0101, p_loss 0.1321, quant_error 0.1276, utilization 0.2180, perplexity 13600.6011,
Train Epoch: [17/30] Iters:[270/1093] transplant_loss 1.5171, rec_loss 0.0102, p_loss 0.1323, quant_error 0.1279, utilization 0.2178, perplexity 13586.0734,
Train Epoch: [17/30] Iters:[280/1093] transplant_loss 1.5074, rec_loss 0.0101, p_loss 0.1316, quant_error 0.1269, utilization 0.2178, perplexity 13580.7042,
Train Epoch: [17/30] Iters:[290/1093] transplant_loss 1.4983, rec_loss 0.0101, p_loss 0.1308, quant_error 0.1261, utilization 0.2177, perplexity 13574.2451,
Train Epoch: [17/30] Iters:[300/1093] transplant_loss 1.5121, rec_loss 0.0101, p_loss 0.1319, quant_error 0.1277, utilization 0.2177, perplexity 13571.1335,
Train Epoch: [17/30] Iters:[310/1093] transplant_loss 1.5196, rec_loss 0.0102, p_loss 0.1319, quant_error 0.1284, utilization 0.2177, perplexity 13579.4649,
Train Epoch: [17/30] Iters:[320/1093] transplant_loss 1.5260, rec_loss 0.0103, p_loss 0.1325, quant_error 0.1291, utilization 0.2179, perplexity 13594.5176,
Train Epoch: [17/30] Iters:[330/1093] transplant_loss 1.5276, rec_loss 0.0103, p_loss 0.1328, quant_error 0.1291, utilization 0.2179, perplexity 13595.5558,
Train Epoch: [17/30] Iters:[340/1093] transplant_loss 1.5278, rec_loss 0.0103, p_loss 0.1329, quant_error 0.1291, utilization 0.2178, perplexity 13592.1247,
Train Epoch: [17/30] Iters:[350/1093] transplant_loss 1.5266, rec_loss 0.0103, p_loss 0.1329, quant_error 0.1289, utilization 0.2178, perplexity 13595.5469,
Train Epoch: [17/30] Iters:[360/1093] transplant_loss 1.5177, rec_loss 0.0102, p_loss 0.1327, quant_error 0.1279, utilization 0.2178, perplexity 13588.7218,
Train Epoch: [17/30] Iters:[370/1093] transplant_loss 1.5068, rec_loss 0.0101, p_loss 0.1316, quant_error 0.1267, utilization 0.2177, perplexity 13579.1438,
Train Epoch: [17/30] Iters:[380/1093] transplant_loss 1.5117, rec_loss 0.0101, p_loss 0.1317, quant_error 0.1273, utilization 0.2177, perplexity 13579.8586,
Train Epoch: [17/30] Iters:[390/1093] transplant_loss 1.5210, rec_loss 0.0102, p_loss 0.1320, quant_error 0.1283, utilization 0.2178, perplexity 13589.2764,
Train Epoch: [17/30] Iters:[400/1093] transplant_loss 1.5110, rec_loss 0.0100, p_loss 0.1314, quant_error 0.1271, utilization 0.2177, perplexity 13576.3461,
Train Epoch: [17/30] Iters:[410/1093] transplant_loss 1.5204, rec_loss 0.0101, p_loss 0.1315, quant_error 0.1284, utilization 0.2177, perplexity 13575.9808,
Train Epoch: [17/30] Iters:[420/1093] transplant_loss 1.5238, rec_loss 0.0102, p_loss 0.1320, quant_error 0.1287, utilization 0.2177, perplexity 13576.4182,
Train Epoch: [17/30] Iters:[430/1093] transplant_loss 1.5291, rec_loss 0.0103, p_loss 0.1321, quant_error 0.1292, utilization 0.2177, perplexity 13578.4202,
Train Epoch: [17/30] Iters:[440/1093] transplant_loss 1.5276, rec_loss 0.0103, p_loss 0.1323, quant_error 0.1292, utilization 0.2178, perplexity 13584.7101,
Train Epoch: [17/30] Iters:[450/1093] transplant_loss 1.5293, rec_loss 0.0104, p_loss 0.1326, quant_error 0.1295, utilization 0.2179, perplexity 13594.7518,
Train Epoch: [17/30] Iters:[460/1093] transplant_loss 1.5212, rec_loss 0.0103, p_loss 0.1325, quant_error 0.1284, utilization 0.2179, perplexity 13601.7162,
Train Epoch: [17/30] Iters:[470/1093] transplant_loss 1.5228, rec_loss 0.0103, p_loss 0.1323, quant_error 0.1285, utilization 0.2179, perplexity 13604.0987,
Train Epoch: [17/30] Iters:[480/1093] transplant_loss 1.5221, rec_loss 0.0103, p_loss 0.1325, quant_error 0.1284, utilization 0.2180, perplexity 13608.4320,
Train Epoch: [17/30] Iters:[490/1093] transplant_loss 1.5247, rec_loss 0.0103, p_loss 0.1325, quant_error 0.1287, utilization 0.2179, perplexity 13603.0440,
Train Epoch: [17/30] Iters:[500/1093] transplant_loss 1.5264, rec_loss 0.0103, p_loss 0.1321, quant_error 0.1288, utilization 0.2180, perplexity 13604.5557,
Train Epoch: [17/30] Iters:[510/1093] transplant_loss 1.5301, rec_loss 0.0104, p_loss 0.1320, quant_error 0.1293, utilization 0.2179, perplexity 13592.2264,
Train Epoch: [17/30] Iters:[520/1093] transplant_loss 1.5275, rec_loss 0.0103, p_loss 0.1323, quant_error 0.1291, utilization 0.2178, perplexity 13589.4459,
Train Epoch: [17/30] Iters:[530/1093] transplant_loss 1.5183, rec_loss 0.0102, p_loss 0.1317, quant_error 0.1282, utilization 0.2178, perplexity 13590.7928,
Train Epoch: [17/30] Iters:[540/1093] transplant_loss 1.5116, rec_loss 0.0101, p_loss 0.1313, quant_error 0.1271, utilization 0.2178, perplexity 13583.8539,
Train Epoch: [17/30] Iters:[550/1093] transplant_loss 1.5112, rec_loss 0.0101, p_loss 0.1316, quant_error 0.1272, utilization 0.2178, perplexity 13587.1787,
Train Epoch: [17/30] Iters:[560/1093] transplant_loss 1.5104, rec_loss 0.0101, p_loss 0.1314, quant_error 0.1271, utilization 0.2178, perplexity 13592.6364,
Train Epoch: [17/30] Iters:[570/1093] transplant_loss 1.5132, rec_loss 0.0102, p_loss 0.1316, quant_error 0.1271, utilization 0.2179, perplexity 13600.6647,
Train Epoch: [17/30] Iters:[580/1093] transplant_loss 1.5189, rec_loss 0.0102, p_loss 0.1322, quant_error 0.1278, utilization 0.2178, perplexity 13593.0807,
Train Epoch: [17/30] Iters:[590/1093] transplant_loss 1.5201, rec_loss 0.0102, p_loss 0.1326, quant_error 0.1283, utilization 0.2179, perplexity 13600.2024,
Train Epoch: [17/30] Iters:[600/1093] transplant_loss 1.5179, rec_loss 0.0102, p_loss 0.1322, quant_error 0.1280, utilization 0.2179, perplexity 13594.1974,
Train Epoch: [17/30] Iters:[610/1093] transplant_loss 1.5181, rec_loss 0.0102, p_loss 0.1328, quant_error 0.1279, utilization 0.2179, perplexity 13597.0919,
Train Epoch: [17/30] Iters:[620/1093] transplant_loss 1.5196, rec_loss 0.0102, p_loss 0.1327, quant_error 0.1284, utilization 0.2179, perplexity 13595.4482,
Train Epoch: [17/30] Iters:[630/1093] transplant_loss 1.5208, rec_loss 0.0102, p_loss 0.1324, quant_error 0.1286, utilization 0.2179, perplexity 13601.5836,
Train Epoch: [17/30] Iters:[640/1093] transplant_loss 1.5218, rec_loss 0.0102, p_loss 0.1323, quant_error 0.1286, utilization 0.2179, perplexity 13601.0536,
Train Epoch: [17/30] Iters:[650/1093] transplant_loss 1.5250, rec_loss 0.0103, p_loss 0.1327, quant_error 0.1290, utilization 0.2179, perplexity 13602.3851,
Train Epoch: [17/30] Iters:[660/1093] transplant_loss 1.5218, rec_loss 0.0102, p_loss 0.1325, quant_error 0.1286, utilization 0.2178, perplexity 13594.4645,
Train Epoch: [17/30] Iters:[670/1093] transplant_loss 1.5221, rec_loss 0.0102, p_loss 0.1326, quant_error 0.1287, utilization 0.2178, perplexity 13594.6590,
Train Epoch: [17/30] Iters:[680/1093] transplant_loss 1.5171, rec_loss 0.0102, p_loss 0.1327, quant_error 0.1280, utilization 0.2177, perplexity 13587.9058,
Train Epoch: [17/30] Iters:[690/1093] transplant_loss 1.5176, rec_loss 0.0102, p_loss 0.1325, quant_error 0.1281, utilization 0.2177, perplexity 13579.9408,
Train Epoch: [17/30] Iters:[700/1093] transplant_loss 1.5218, rec_loss 0.0102, p_loss 0.1327, quant_error 0.1286, utilization 0.2177, perplexity 13576.8312,
Train Epoch: [17/30] Iters:[710/1093] transplant_loss 1.5312, rec_loss 0.0104, p_loss 0.1332, quant_error 0.1297, utilization 0.2178, perplexity 13588.6270,
Train Epoch: [17/30] Iters:[720/1093] transplant_loss 1.5245, rec_loss 0.0102, p_loss 0.1328, quant_error 0.1288, utilization 0.2177, perplexity 13578.3598,
Train Epoch: [17/30] Iters:[730/1093] transplant_loss 1.5242, rec_loss 0.0102, p_loss 0.1326, quant_error 0.1287, utilization 0.2177, perplexity 13576.8282,
Train Epoch: [17/30] Iters:[740/1093] transplant_loss 1.5342, rec_loss 0.0103, p_loss 0.1331, quant_error 0.1298, utilization 0.2178, perplexity 13585.1554,
Train Epoch: [17/30] Iters:[750/1093] transplant_loss 1.5312, rec_loss 0.0102, p_loss 0.1327, quant_error 0.1295, utilization 0.2179, perplexity 13602.7820,
Train Epoch: [17/30] Iters:[760/1093] transplant_loss 1.5248, rec_loss 0.0101, p_loss 0.1321, quant_error 0.1289, utilization 0.2179, perplexity 13594.0490,
Train Epoch: [17/30] Iters:[770/1093] transplant_loss 1.5293, rec_loss 0.0101, p_loss 0.1325, quant_error 0.1294, utilization 0.2179, perplexity 13600.5786,
Train Epoch: [17/30] Iters:[780/1093] transplant_loss 1.5300, rec_loss 0.0102, p_loss 0.1326, quant_error 0.1295, utilization 0.2179, perplexity 13600.0171,
Train Epoch: [17/30] Iters:[790/1093] transplant_loss 1.5191, rec_loss 0.0102, p_loss 0.1323, quant_error 0.1280, utilization 0.2179, perplexity 13600.3196,
Train Epoch: [17/30] Iters:[800/1093] transplant_loss 1.5181, rec_loss 0.0102, p_loss 0.1325, quant_error 0.1278, utilization 0.2178, perplexity 13593.7698,
Train Epoch: [17/30] Iters:[810/1093] transplant_loss 1.5154, rec_loss 0.0102, p_loss 0.1326, quant_error 0.1275, utilization 0.2179, perplexity 13596.8759,
Train Epoch: [17/30] Iters:[820/1093] transplant_loss 1.5119, rec_loss 0.0102, p_loss 0.1322, quant_error 0.1271, utilization 0.2179, perplexity 13600.2612,
Train Epoch: [17/30] Iters:[830/1093] transplant_loss 1.5109, rec_loss 0.0102, p_loss 0.1321, quant_error 0.1269, utilization 0.2179, perplexity 13592.5180,
Train Epoch: [17/30] Iters:[840/1093] transplant_loss 1.5166, rec_loss 0.0102, p_loss 0.1322, quant_error 0.1276, utilization 0.2179, perplexity 13592.0499,
Train Epoch: [17/30] Iters:[850/1093] transplant_loss 1.5146, rec_loss 0.0101, p_loss 0.1318, quant_error 0.1274, utilization 0.2178, perplexity 13587.1022,
Train Epoch: [17/30] Iters:[860/1093] transplant_loss 1.5219, rec_loss 0.0102, p_loss 0.1321, quant_error 0.1279, utilization 0.2178, perplexity 13588.7977,
Train Epoch: [17/30] Iters:[870/1093] transplant_loss 1.5286, rec_loss 0.0102, p_loss 0.1323, quant_error 0.1287, utilization 0.2178, perplexity 13588.9849,
Train Epoch: [17/30] Iters:[880/1093] transplant_loss 1.5370, rec_loss 0.0102, p_loss 0.1325, quant_error 0.1297, utilization 0.2179, perplexity 13597.9916,
Train Epoch: [17/30] Iters:[890/1093] transplant_loss 1.5289, rec_loss 0.0101, p_loss 0.1324, quant_error 0.1291, utilization 0.2178, perplexity 13594.1411,
Train Epoch: [17/30] Iters:[900/1093] transplant_loss 1.5329, rec_loss 0.0102, p_loss 0.1328, quant_error 0.1295, utilization 0.2178, perplexity 13590.2772,
Train Epoch: [17/30] Iters:[910/1093] transplant_loss 1.5318, rec_loss 0.0102, p_loss 0.1328, quant_error 0.1294, utilization 0.2178, perplexity 13588.1824,
Train Epoch: [17/30] Iters:[920/1093] transplant_loss 1.5315, rec_loss 0.0102, p_loss 0.1332, quant_error 0.1294, utilization 0.2178, perplexity 13585.1912,
Train Epoch: [17/30] Iters:[930/1093] transplant_loss 1.5264, rec_loss 0.0102, p_loss 0.1331, quant_error 0.1290, utilization 0.2178, perplexity 13585.5796,
Train Epoch: [17/30] Iters:[940/1093] transplant_loss 1.5325, rec_loss 0.0103, p_loss 0.1334, quant_error 0.1295, utilization 0.2178, perplexity 13592.2555,
Train Epoch: [17/30] Iters:[950/1093] transplant_loss 1.5322, rec_loss 0.0103, p_loss 0.1334, quant_error 0.1295, utilization 0.2179, perplexity 13597.6366,
Train Epoch: [17/30] Iters:[960/1093] transplant_loss 1.5307, rec_loss 0.0103, p_loss 0.1332, quant_error 0.1295, utilization 0.2179, perplexity 13599.9881,
Train Epoch: [17/30] Iters:[970/1093] transplant_loss 1.5292, rec_loss 0.0102, p_loss 0.1330, quant_error 0.1291, utilization 0.2178, perplexity 13593.5783,
Train Epoch: [17/30] Iters:[980/1093] transplant_loss 1.5295, rec_loss 0.0102, p_loss 0.1327, quant_error 0.1290, utilization 0.2179, perplexity 13597.0915,
Train Epoch: [17/30] Iters:[990/1093] transplant_loss 1.5322, rec_loss 0.0103, p_loss 0.1328, quant_error 0.1292, utilization 0.2179, perplexity 13604.6491,
Train Epoch: [17/30] Iters:[1000/1093] transplant_loss 1.5355, rec_loss 0.0103, p_loss 0.1325, quant_error 0.1297, utilization 0.2179, perplexity 13603.4300,
Train Epoch: [17/30] Iters:[1010/1093] transplant_loss 1.5400, rec_loss 0.0104, p_loss 0.1328, quant_error 0.1302, utilization 0.2180, perplexity 13604.1344,
Train Epoch: [17/30] Iters:[1020/1093] transplant_loss 1.5416, rec_loss 0.0105, p_loss 0.1331, quant_error 0.1302, utilization 0.2180, perplexity 13606.1928,
Train Epoch: [17/30] Iters:[1030/1093] transplant_loss 1.5430, rec_loss 0.0105, p_loss 0.1336, quant_error 0.1304, utilization 0.2181, perplexity 13613.3480,
Train Epoch: [17/30] Iters:[1040/1093] transplant_loss 1.5358, rec_loss 0.0105, p_loss 0.1334, quant_error 0.1298, utilization 0.2179, perplexity 13598.0668,
Train Epoch: [17/30] Iters:[1050/1093] transplant_loss 1.5367, rec_loss 0.0105, p_loss 0.1335, quant_error 0.1295, utilization 0.2179, perplexity 13598.9212,
Train Epoch: [17/30] Iters:[1060/1093] transplant_loss 1.5376, rec_loss 0.0105, p_loss 0.1336, quant_error 0.1296, utilization 0.2180, perplexity 13601.2923,
Train Epoch: [17/30] Iters:[1070/1093] transplant_loss 1.5336, rec_loss 0.0104, p_loss 0.1333, quant_error 0.1294, utilization 0.2180, perplexity 13604.7043,
Train Epoch: [17/30] Iters:[1080/1093] transplant_loss 1.5306, rec_loss 0.0104, p_loss 0.1329, quant_error 0.1290, utilization 0.2179, perplexity 13593.9825,
Train Epoch: [17/30] Iters:[1090/1093] transplant_loss 1.5304, rec_loss 0.0104, p_loss 0.1330, quant_error 0.1290, utilization 0.2179, perplexity 13596.3905,
epoch:18, cur_lr:0.000049
Train Epoch: [18/30] Iters:[10/1093] transplant_loss 1.5275, rec_loss 0.0103, p_loss 0.1331, quant_error 0.1287, utilization 0.2182, perplexity 13624.3073,
Train Epoch: [18/30] Iters:[20/1093] transplant_loss 1.5364, rec_loss 0.0104, p_loss 0.1326, quant_error 0.1297, utilization 0.2180, perplexity 13602.7513,
Train Epoch: [18/30] Iters:[30/1093] transplant_loss 1.5253, rec_loss 0.0103, p_loss 0.1318, quant_error 0.1287, utilization 0.2181, perplexity 13612.9843,
Train Epoch: [18/30] Iters:[40/1093] transplant_loss 1.5142, rec_loss 0.0101, p_loss 0.1315, quant_error 0.1271, utilization 0.2178, perplexity 13591.0024,
Train Epoch: [18/30] Iters:[50/1093] transplant_loss 1.5170, rec_loss 0.0101, p_loss 0.1318, quant_error 0.1274, utilization 0.2179, perplexity 13595.0305,
Train Epoch: [18/30] Iters:[60/1093] transplant_loss 1.5187, rec_loss 0.0101, p_loss 0.1317, quant_error 0.1276, utilization 0.2178, perplexity 13588.8576,
Train Epoch: [18/30] Iters:[70/1093] transplant_loss 1.5187, rec_loss 0.0101, p_loss 0.1318, quant_error 0.1275, utilization 0.2179, perplexity 13601.2961,
Train Epoch: [18/30] Iters:[80/1093] transplant_loss 1.5207, rec_loss 0.0101, p_loss 0.1318, quant_error 0.1275, utilization 0.2179, perplexity 13595.7223,
Train Epoch: [18/30] Iters:[90/1093] transplant_loss 1.5359, rec_loss 0.0104, p_loss 0.1326, quant_error 0.1294, utilization 0.2181, perplexity 13613.9835,
Train Epoch: [18/30] Iters:[100/1093] transplant_loss 1.5372, rec_loss 0.0105, p_loss 0.1327, quant_error 0.1296, utilization 0.2180, perplexity 13607.8105,
Train Epoch: [18/30] Iters:[110/1093] transplant_loss 1.5359, rec_loss 0.0105, p_loss 0.1325, quant_error 0.1292, utilization 0.2180, perplexity 13606.2060,
Train Epoch: [18/30] Iters:[120/1093] transplant_loss 1.5291, rec_loss 0.0104, p_loss 0.1326, quant_error 0.1287, utilization 0.2179, perplexity 13593.5867,
Train Epoch: [18/30] Iters:[130/1093] transplant_loss 1.5264, rec_loss 0.0103, p_loss 0.1325, quant_error 0.1285, utilization 0.2178, perplexity 13591.2731,
Train Epoch: [18/30] Iters:[140/1093] transplant_loss 1.5211, rec_loss 0.0102, p_loss 0.1323, quant_error 0.1280, utilization 0.2178, perplexity 13584.9581,
Train Epoch: [18/30] Iters:[150/1093] transplant_loss 1.5208, rec_loss 0.0101, p_loss 0.1324, quant_error 0.1280, utilization 0.2178, perplexity 13589.5175,
Train Epoch: [18/30] Iters:[160/1093] transplant_loss 1.5192, rec_loss 0.0101, p_loss 0.1329, quant_error 0.1279, utilization 0.2179, perplexity 13595.2679,
Train Epoch: [18/30] Iters:[170/1093] transplant_loss 1.5199, rec_loss 0.0101, p_loss 0.1328, quant_error 0.1279, utilization 0.2179, perplexity 13598.6243,
Train Epoch: [18/30] Iters:[180/1093] transplant_loss 1.5335, rec_loss 0.0103, p_loss 0.1338, quant_error 0.1295, utilization 0.2179, perplexity 13600.7939,
Train Epoch: [18/30] Iters:[190/1093] transplant_loss 1.5303, rec_loss 0.0103, p_loss 0.1334, quant_error 0.1291, utilization 0.2179, perplexity 13598.2772,
Train Epoch: [18/30] Iters:[200/1093] transplant_loss 1.5300, rec_loss 0.0103, p_loss 0.1332, quant_error 0.1291, utilization 0.2179, perplexity 13599.3922,
Train Epoch: [18/30] Iters:[210/1093] transplant_loss 1.5288, rec_loss 0.0103, p_loss 0.1331, quant_error 0.1292, utilization 0.2178, perplexity 13589.2339,
Train Epoch: [18/30] Iters:[220/1093] transplant_loss 1.5301, rec_loss 0.0103, p_loss 0.1329, quant_error 0.1293, utilization 0.2178, perplexity 13589.2930,
Train Epoch: [18/30] Iters:[230/1093] transplant_loss 1.5211, rec_loss 0.0102, p_loss 0.1325, quant_error 0.1283, utilization 0.2178, perplexity 13586.8573,
Train Epoch: [18/30] Iters:[240/1093] transplant_loss 1.5145, rec_loss 0.0102, p_loss 0.1319, quant_error 0.1274, utilization 0.2178, perplexity 13591.6222,
Train Epoch: [18/30] Iters:[250/1093] transplant_loss 1.5208, rec_loss 0.0102, p_loss 0.1322, quant_error 0.1279, utilization 0.2178, perplexity 13594.3700,
Train Epoch: [18/30] Iters:[260/1093] transplant_loss 1.5271, rec_loss 0.0102, p_loss 0.1320, quant_error 0.1284, utilization 0.2179, perplexity 13599.8495,
Train Epoch: [18/30] Iters:[270/1093] transplant_loss 1.5355, rec_loss 0.0104, p_loss 0.1325, quant_error 0.1295, utilization 0.2180, perplexity 13606.0712,
Train Epoch: [18/30] Iters:[280/1093] transplant_loss 1.5337, rec_loss 0.0104, p_loss 0.1321, quant_error 0.1292, utilization 0.2179, perplexity 13601.5630,
Train Epoch: [18/30] Iters:[290/1093] transplant_loss 1.5389, rec_loss 0.0104, p_loss 0.1326, quant_error 0.1300, utilization 0.2179, perplexity 13598.5677,
Train Epoch: [18/30] Iters:[300/1093] transplant_loss 1.5215, rec_loss 0.0101, p_loss 0.1318, quant_error 0.1281, utilization 0.2178, perplexity 13594.7362,
Train Epoch: [18/30] Iters:[310/1093] transplant_loss 1.5208, rec_loss 0.0102, p_loss 0.1318, quant_error 0.1282, utilization 0.2179, perplexity 13604.0759,
Train Epoch: [18/30] Iters:[320/1093] transplant_loss 1.5084, rec_loss 0.0099, p_loss 0.1313, quant_error 0.1266, utilization 0.2179, perplexity 13600.3141,
Train Epoch: [18/30] Iters:[330/1093] transplant_loss 1.5120, rec_loss 0.0100, p_loss 0.1317, quant_error 0.1270, utilization 0.2179, perplexity 13606.0420,
Train Epoch: [18/30] Iters:[340/1093] transplant_loss 1.5164, rec_loss 0.0101, p_loss 0.1318, quant_error 0.1273, utilization 0.2180, perplexity 13614.6908,
Train Epoch: [18/30] Iters:[350/1093] transplant_loss 1.5234, rec_loss 0.0101, p_loss 0.1319, quant_error 0.1283, utilization 0.2180, perplexity 13608.5307,
Train Epoch: [18/30] Iters:[360/1093] transplant_loss 1.5098, rec_loss 0.0099, p_loss 0.1313, quant_error 0.1266, utilization 0.2179, perplexity 13596.2346,
Train Epoch: [18/30] Iters:[370/1093] transplant_loss 1.5164, rec_loss 0.0100, p_loss 0.1319, quant_error 0.1273, utilization 0.2179, perplexity 13595.2708,
Train Epoch: [18/30] Iters:[380/1093] transplant_loss 1.5075, rec_loss 0.0099, p_loss 0.1313, quant_error 0.1261, utilization 0.2178, perplexity 13590.7013,
Train Epoch: [18/30] Iters:[390/1093] transplant_loss 1.5060, rec_loss 0.0099, p_loss 0.1314, quant_error 0.1259, utilization 0.2178, perplexity 13583.1617,
Train Epoch: [18/30] Iters:[400/1093] transplant_loss 1.5171, rec_loss 0.0100, p_loss 0.1325, quant_error 0.1271, utilization 0.2179, perplexity 13595.9208,
Train Epoch: [18/30] Iters:[410/1093] transplant_loss 1.5222, rec_loss 0.0100, p_loss 0.1325, quant_error 0.1277, utilization 0.2180, perplexity 13598.8525,
Train Epoch: [18/30] Iters:[420/1093] transplant_loss 1.5176, rec_loss 0.0100, p_loss 0.1319, quant_error 0.1274, utilization 0.2179, perplexity 13595.8456,
Train Epoch: [18/30] Iters:[430/1093] transplant_loss 1.5273, rec_loss 0.0101, p_loss 0.1327, quant_error 0.1285, utilization 0.2179, perplexity 13595.0182,
Train Epoch: [18/30] Iters:[440/1093] transplant_loss 1.5246, rec_loss 0.0101, p_loss 0.1326, quant_error 0.1284, utilization 0.2180, perplexity 13603.4737,
Train Epoch: [18/30] Iters:[450/1093] transplant_loss 1.5215, rec_loss 0.0102, p_loss 0.1324, quant_error 0.1282, utilization 0.2179, perplexity 13595.2013,
Train Epoch: [18/30] Iters:[460/1093] transplant_loss 1.5235, rec_loss 0.0103, p_loss 0.1327, quant_error 0.1284, utilization 0.2179, perplexity 13596.9160,
Train Epoch: [18/30] Iters:[470/1093] transplant_loss 1.5208, rec_loss 0.0102, p_loss 0.1324, quant_error 0.1281, utilization 0.2179, perplexity 13595.6554,
Train Epoch: [18/30] Iters:[480/1093] transplant_loss 1.5174, rec_loss 0.0101, p_loss 0.1318, quant_error 0.1278, utilization 0.2179, perplexity 13603.9209,
Train Epoch: [18/30] Iters:[490/1093] transplant_loss 1.5252, rec_loss 0.0103, p_loss 0.1319, quant_error 0.1284, utilization 0.2179, perplexity 13595.2187,
Train Epoch: [18/30] Iters:[500/1093] transplant_loss 1.5207, rec_loss 0.0102, p_loss 0.1313, quant_error 0.1279, utilization 0.2179, perplexity 13595.4742,
Train Epoch: [18/30] Iters:[510/1093] transplant_loss 1.5243, rec_loss 0.0102, p_loss 0.1314, quant_error 0.1283, utilization 0.2179, perplexity 13598.4739,
Train Epoch: [18/30] Iters:[520/1093] transplant_loss 1.5258, rec_loss 0.0103, p_loss 0.1315, quant_error 0.1287, utilization 0.2179, perplexity 13590.7627,
Train Epoch: [18/30] Iters:[530/1093] transplant_loss 1.5229, rec_loss 0.0103, p_loss 0.1316, quant_error 0.1284, utilization 0.2178, perplexity 13585.5488,
Train Epoch: [18/30] Iters:[540/1093] transplant_loss 1.5251, rec_loss 0.0103, p_loss 0.1317, quant_error 0.1289, utilization 0.2178, perplexity 13585.2285,
Train Epoch: [18/30] Iters:[550/1093] transplant_loss 1.5190, rec_loss 0.0102, p_loss 0.1315, quant_error 0.1282, utilization 0.2178, perplexity 13587.2788,
Train Epoch: [18/30] Iters:[560/1093] transplant_loss 1.5186, rec_loss 0.0103, p_loss 0.1317, quant_error 0.1282, utilization 0.2178, perplexity 13587.3293,
Train Epoch: [18/30] Iters:[570/1093] transplant_loss 1.5178, rec_loss 0.0102, p_loss 0.1314, quant_error 0.1278, utilization 0.2179, perplexity 13601.0517,
Train Epoch: [18/30] Iters:[580/1093] transplant_loss 1.5305, rec_loss 0.0103, p_loss 0.1319, quant_error 0.1291, utilization 0.2180, perplexity 13605.4021,
Train Epoch: [18/30] Iters:[590/1093] transplant_loss 1.5228, rec_loss 0.0102, p_loss 0.1315, quant_error 0.1282, utilization 0.2181, perplexity 13618.0727,
Train Epoch: [18/30] Iters:[600/1093] transplant_loss 1.5330, rec_loss 0.0103, p_loss 0.1321, quant_error 0.1293, utilization 0.2181, perplexity 13622.7927,
Train Epoch: [18/30] Iters:[610/1093] transplant_loss 1.5326, rec_loss 0.0102, p_loss 0.1320, quant_error 0.1293, utilization 0.2181, perplexity 13621.1862,
Train Epoch: [18/30] Iters:[620/1093] transplant_loss 1.5344, rec_loss 0.0102, p_loss 0.1324, quant_error 0.1297, utilization 0.2181, perplexity 13611.4534,
Train Epoch: [18/30] Iters:[630/1093] transplant_loss 1.5214, rec_loss 0.0101, p_loss 0.1317, quant_error 0.1282, utilization 0.2180, perplexity 13606.9646,
Train Epoch: [18/30] Iters:[640/1093] transplant_loss 1.5247, rec_loss 0.0101, p_loss 0.1319, quant_error 0.1285, utilization 0.2179, perplexity 13599.5584,
Train Epoch: [18/30] Iters:[650/1093] transplant_loss 1.5230, rec_loss 0.0101, p_loss 0.1319, quant_error 0.1283, utilization 0.2179, perplexity 13596.8538,
Train Epoch: [18/30] Iters:[660/1093] transplant_loss 1.5216, rec_loss 0.0101, p_loss 0.1317, quant_error 0.1280, utilization 0.2178, perplexity 13591.3930,
Train Epoch: [18/30] Iters:[670/1093] transplant_loss 1.5217, rec_loss 0.0102, p_loss 0.1319, quant_error 0.1281, utilization 0.2180, perplexity 13607.7345,
Train Epoch: [18/30] Iters:[680/1093] transplant_loss 1.5260, rec_loss 0.0102, p_loss 0.1321, quant_error 0.1287, utilization 0.2180, perplexity 13607.0680,
Train Epoch: [18/30] Iters:[690/1093] transplant_loss 1.5266, rec_loss 0.0103, p_loss 0.1320, quant_error 0.1288, utilization 0.2180, perplexity 13602.7222,
Train Epoch: [18/30] Iters:[700/1093] transplant_loss 1.5248, rec_loss 0.0103, p_loss 0.1317, quant_error 0.1286, utilization 0.2179, perplexity 13599.4105,
Train Epoch: [18/30] Iters:[710/1093] transplant_loss 1.5252, rec_loss 0.0103, p_loss 0.1319, quant_error 0.1287, utilization 0.2180, perplexity 13604.2483,
Train Epoch: [18/30] Iters:[720/1093] transplant_loss 1.5282, rec_loss 0.0103, p_loss 0.1320, quant_error 0.1289, utilization 0.2179, perplexity 13596.4307,
Train Epoch: [18/30] Iters:[730/1093] transplant_loss 1.5306, rec_loss 0.0103, p_loss 0.1322, quant_error 0.1290, utilization 0.2179, perplexity 13599.1660,
Train Epoch: [18/30] Iters:[740/1093] transplant_loss 1.5295, rec_loss 0.0103, p_loss 0.1323, quant_error 0.1289, utilization 0.2180, perplexity 13605.2533,
Train Epoch: [18/30] Iters:[750/1093] transplant_loss 1.5300, rec_loss 0.0104, p_loss 0.1323, quant_error 0.1288, utilization 0.2180, perplexity 13603.3380,
Train Epoch: [18/30] Iters:[760/1093] transplant_loss 1.5349, rec_loss 0.0104, p_loss 0.1327, quant_error 0.1292, utilization 0.2180, perplexity 13602.8079,
Train Epoch: [18/30] Iters:[770/1093] transplant_loss 1.5350, rec_loss 0.0104, p_loss 0.1327, quant_error 0.1292, utilization 0.2179, perplexity 13598.4748,
Train Epoch: [18/30] Iters:[780/1093] transplant_loss 1.5373, rec_loss 0.0105, p_loss 0.1326, quant_error 0.1295, utilization 0.2180, perplexity 13603.7002,
Train Epoch: [18/30] Iters:[790/1093] transplant_loss 1.5388, rec_loss 0.0105, p_loss 0.1331, quant_error 0.1296, utilization 0.2179, perplexity 13598.8528,
Train Epoch: [18/30] Iters:[800/1093] transplant_loss 1.5422, rec_loss 0.0104, p_loss 0.1336, quant_error 0.1300, utilization 0.2180, perplexity 13606.3301,
Train Epoch: [18/30] Iters:[810/1093] transplant_loss 1.5341, rec_loss 0.0104, p_loss 0.1331, quant_error 0.1290, utilization 0.2180, perplexity 13608.0508,
Train Epoch: [18/30] Iters:[820/1093] transplant_loss 1.5283, rec_loss 0.0103, p_loss 0.1324, quant_error 0.1283, utilization 0.2180, perplexity 13609.2037,
Train Epoch: [18/30] Iters:[830/1093] transplant_loss 1.5182, rec_loss 0.0102, p_loss 0.1323, quant_error 0.1272, utilization 0.2179, perplexity 13598.8847,
Train Epoch: [18/30] Iters:[840/1093] transplant_loss 1.5124, rec_loss 0.0101, p_loss 0.1318, quant_error 0.1265, utilization 0.2178, perplexity 13588.3074,
Train Epoch: [18/30] Iters:[850/1093] transplant_loss 1.5073, rec_loss 0.0100, p_loss 0.1317, quant_error 0.1258, utilization 0.2178, perplexity 13590.5066,
Train Epoch: [18/30] Iters:[860/1093] transplant_loss 1.5125, rec_loss 0.0101, p_loss 0.1322, quant_error 0.1267, utilization 0.2178, perplexity 13586.4231,
Train Epoch: [18/30] Iters:[870/1093] transplant_loss 1.5110, rec_loss 0.0100, p_loss 0.1321, quant_error 0.1266, utilization 0.2178, perplexity 13581.8139,
Train Epoch: [18/30] Iters:[880/1093] transplant_loss 1.5135, rec_loss 0.0101, p_loss 0.1320, quant_error 0.1270, utilization 0.2178, perplexity 13587.4423,
Train Epoch: [18/30] Iters:[890/1093] transplant_loss 1.5230, rec_loss 0.0101, p_loss 0.1324, quant_error 0.1281, utilization 0.2179, perplexity 13599.5833,
Train Epoch: [18/30] Iters:[900/1093] transplant_loss 1.5154, rec_loss 0.0101, p_loss 0.1318, quant_error 0.1273, utilization 0.2178, perplexity 13585.2165,
Train Epoch: [18/30] Iters:[910/1093] transplant_loss 1.5163, rec_loss 0.0101, p_loss 0.1315, quant_error 0.1274, utilization 0.2178, perplexity 13591.6871,
Train Epoch: [18/30] Iters:[920/1093] transplant_loss 1.5240, rec_loss 0.0102, p_loss 0.1325, quant_error 0.1286, utilization 0.2180, perplexity 13598.5994,
Train Epoch: [18/30] Iters:[930/1093] transplant_loss 1.5205, rec_loss 0.0101, p_loss 0.1321, quant_error 0.1279, utilization 0.2178, perplexity 13587.3439,
Train Epoch: [18/30] Iters:[940/1093] transplant_loss 1.5144, rec_loss 0.0101, p_loss 0.1317, quant_error 0.1273, utilization 0.2178, perplexity 13583.5309,
Train Epoch: [18/30] Iters:[950/1093] transplant_loss 1.5194, rec_loss 0.0101, p_loss 0.1318, quant_error 0.1279, utilization 0.2178, perplexity 13586.4790,
Train Epoch: [18/30] Iters:[960/1093] transplant_loss 1.5101, rec_loss 0.0101, p_loss 0.1317, quant_error 0.1268, utilization 0.2178, perplexity 13584.4652,
Train Epoch: [18/30] Iters:[970/1093] transplant_loss 1.5053, rec_loss 0.0100, p_loss 0.1313, quant_error 0.1261, utilization 0.2177, perplexity 13577.0488,
Train Epoch: [18/30] Iters:[980/1093] transplant_loss 1.5088, rec_loss 0.0100, p_loss 0.1318, quant_error 0.1267, utilization 0.2177, perplexity 13576.7891,
Train Epoch: [18/30] Iters:[990/1093] transplant_loss 1.5186, rec_loss 0.0101, p_loss 0.1325, quant_error 0.1277, utilization 0.2178, perplexity 13589.2847,
Train Epoch: [18/30] Iters:[1000/1093] transplant_loss 1.5172, rec_loss 0.0101, p_loss 0.1324, quant_error 0.1277, utilization 0.2179, perplexity 13593.9146,
Train Epoch: [18/30] Iters:[1010/1093] transplant_loss 1.5271, rec_loss 0.0102, p_loss 0.1328, quant_error 0.1288, utilization 0.2179, perplexity 13589.7607,
Train Epoch: [18/30] Iters:[1020/1093] transplant_loss 1.5254, rec_loss 0.0101, p_loss 0.1325, quant_error 0.1284, utilization 0.2179, perplexity 13592.6994,
Train Epoch: [18/30] Iters:[1030/1093] transplant_loss 1.5220, rec_loss 0.0102, p_loss 0.1321, quant_error 0.1279, utilization 0.2180, perplexity 13608.5949,
Train Epoch: [18/30] Iters:[1040/1093] transplant_loss 1.5064, rec_loss 0.0100, p_loss 0.1313, quant_error 0.1263, utilization 0.2179, perplexity 13596.9088,
Train Epoch: [18/30] Iters:[1050/1093] transplant_loss 1.5171, rec_loss 0.0101, p_loss 0.1319, quant_error 0.1273, utilization 0.2179, perplexity 13595.7026,
Train Epoch: [18/30] Iters:[1060/1093] transplant_loss 1.5098, rec_loss 0.0101, p_loss 0.1313, quant_error 0.1264, utilization 0.2179, perplexity 13592.4368,
Train Epoch: [18/30] Iters:[1070/1093] transplant_loss 1.5152, rec_loss 0.0102, p_loss 0.1319, quant_error 0.1273, utilization 0.2180, perplexity 13602.1244,
Train Epoch: [18/30] Iters:[1080/1093] transplant_loss 1.5241, rec_loss 0.0103, p_loss 0.1322, quant_error 0.1283, utilization 0.2180, perplexity 13603.2767,
Train Epoch: [18/30] Iters:[1090/1093] transplant_loss 1.5326, rec_loss 0.0103, p_loss 0.1324, quant_error 0.1291, utilization 0.2180, perplexity 13600.3018,
epoch:19, cur_lr:0.000046
Train Epoch: [19/30] Iters:[10/1093] transplant_loss 1.5059, rec_loss 0.0097, p_loss 0.1305, quant_error 0.1260, utilization 0.2177, perplexity 13581.8742,
Train Epoch: [19/30] Iters:[20/1093] transplant_loss 1.5133, rec_loss 0.0098, p_loss 0.1313, quant_error 0.1272, utilization 0.2178, perplexity 13589.6020,
Train Epoch: [19/30] Iters:[30/1093] transplant_loss 1.5212, rec_loss 0.0100, p_loss 0.1321, quant_error 0.1278, utilization 0.2179, perplexity 13594.7328,
Train Epoch: [19/30] Iters:[40/1093] transplant_loss 1.5205, rec_loss 0.0100, p_loss 0.1321, quant_error 0.1276, utilization 0.2179, perplexity 13595.7204,
Train Epoch: [19/30] Iters:[50/1093] transplant_loss 1.5164, rec_loss 0.0101, p_loss 0.1323, quant_error 0.1273, utilization 0.2179, perplexity 13595.9748,
Train Epoch: [19/30] Iters:[60/1093] transplant_loss 1.5162, rec_loss 0.0101, p_loss 0.1324, quant_error 0.1272, utilization 0.2179, perplexity 13597.1951,
Train Epoch: [19/30] Iters:[70/1093] transplant_loss 1.5169, rec_loss 0.0101, p_loss 0.1322, quant_error 0.1271, utilization 0.2179, perplexity 13602.0323,
Train Epoch: [19/30] Iters:[80/1093] transplant_loss 1.5121, rec_loss 0.0100, p_loss 0.1318, quant_error 0.1265, utilization 0.2180, perplexity 13606.1769,
Train Epoch: [19/30] Iters:[90/1093] transplant_loss 1.5120, rec_loss 0.0100, p_loss 0.1317, quant_error 0.1266, utilization 0.2180, perplexity 13602.0414,
Train Epoch: [19/30] Iters:[100/1093] transplant_loss 1.5177, rec_loss 0.0100, p_loss 0.1319, quant_error 0.1270, utilization 0.2180, perplexity 13604.7436,
Train Epoch: [19/30] Iters:[110/1093] transplant_loss 1.5229, rec_loss 0.0101, p_loss 0.1321, quant_error 0.1277, utilization 0.2180, perplexity 13606.3743,
Train Epoch: [19/30] Iters:[120/1093] transplant_loss 1.5211, rec_loss 0.0101, p_loss 0.1326, quant_error 0.1276, utilization 0.2180, perplexity 13607.0405,
Train Epoch: [19/30] Iters:[130/1093] transplant_loss 1.5263, rec_loss 0.0102, p_loss 0.1329, quant_error 0.1283, utilization 0.2180, perplexity 13604.4681,
Train Epoch: [19/30] Iters:[140/1093] transplant_loss 1.5269, rec_loss 0.0102, p_loss 0.1331, quant_error 0.1282, utilization 0.2180, perplexity 13609.3491,
Train Epoch: [19/30] Iters:[150/1093] transplant_loss 1.5233, rec_loss 0.0101, p_loss 0.1325, quant_error 0.1277, utilization 0.2179, perplexity 13604.9574,
Train Epoch: [19/30] Iters:[160/1093] transplant_loss 1.5210, rec_loss 0.0100, p_loss 0.1322, quant_error 0.1275, utilization 0.2180, perplexity 13608.5320,
Train Epoch: [19/30] Iters:[170/1093] transplant_loss 1.5220, rec_loss 0.0101, p_loss 0.1317, quant_error 0.1278, utilization 0.2179, perplexity 13603.2148,
Train Epoch: [19/30] Iters:[180/1093] transplant_loss 1.5174, rec_loss 0.0100, p_loss 0.1314, quant_error 0.1274, utilization 0.2179, perplexity 13604.4347,
Train Epoch: [19/30] Iters:[190/1093] transplant_loss 1.5190, rec_loss 0.0100, p_loss 0.1314, quant_error 0.1275, utilization 0.2180, perplexity 13605.6221,
Train Epoch: [19/30] Iters:[200/1093] transplant_loss 1.5168, rec_loss 0.0101, p_loss 0.1313, quant_error 0.1275, utilization 0.2180, perplexity 13609.2054,
Train Epoch: [19/30] Iters:[210/1093] transplant_loss 1.5149, rec_loss 0.0101, p_loss 0.1315, quant_error 0.1272, utilization 0.2180, perplexity 13605.9832,
Train Epoch: [19/30] Iters:[220/1093] transplant_loss 1.5152, rec_loss 0.0101, p_loss 0.1319, quant_error 0.1272, utilization 0.2180, perplexity 13604.9240,
Train Epoch: [19/30] Iters:[230/1093] transplant_loss 1.5168, rec_loss 0.0101, p_loss 0.1319, quant_error 0.1272, utilization 0.2179, perplexity 13602.8692,
Train Epoch: [19/30] Iters:[240/1093] transplant_loss 1.5139, rec_loss 0.0101, p_loss 0.1316, quant_error 0.1271, utilization 0.2179, perplexity 13601.7310,
Train Epoch: [19/30] Iters:[250/1093] transplant_loss 1.5310, rec_loss 0.0103, p_loss 0.1326, quant_error 0.1288, utilization 0.2180, perplexity 13610.8408,
Train Epoch: [19/30] Iters:[260/1093] transplant_loss 1.5299, rec_loss 0.0102, p_loss 0.1324, quant_error 0.1287, utilization 0.2180, perplexity 13607.7592,
Train Epoch: [19/30] Iters:[270/1093] transplant_loss 1.5252, rec_loss 0.0102, p_loss 0.1320, quant_error 0.1281, utilization 0.2179, perplexity 13604.4182,
Train Epoch: [19/30] Iters:[280/1093] transplant_loss 1.5299, rec_loss 0.0102, p_loss 0.1321, quant_error 0.1286, utilization 0.2179, perplexity 13599.8385,
Train Epoch: [19/30] Iters:[290/1093] transplant_loss 1.5336, rec_loss 0.0102, p_loss 0.1322, quant_error 0.1291, utilization 0.2179, perplexity 13601.4743,
Train Epoch: [19/30] Iters:[300/1093] transplant_loss 1.5215, rec_loss 0.0101, p_loss 0.1317, quant_error 0.1278, utilization 0.2178, perplexity 13593.2609,
Train Epoch: [19/30] Iters:[310/1093] transplant_loss 1.5224, rec_loss 0.0101, p_loss 0.1317, quant_error 0.1278, utilization 0.2179, perplexity 13595.3107,
Train Epoch: [19/30] Iters:[320/1093] transplant_loss 1.5315, rec_loss 0.0102, p_loss 0.1319, quant_error 0.1290, utilization 0.2180, perplexity 13605.4304,
Train Epoch: [19/30] Iters:[330/1093] transplant_loss 1.5334, rec_loss 0.0102, p_loss 0.1321, quant_error 0.1293, utilization 0.2181, perplexity 13613.4633,
Train Epoch: [19/30] Iters:[340/1093] transplant_loss 1.5290, rec_loss 0.0102, p_loss 0.1322, quant_error 0.1289, utilization 0.2181, perplexity 13606.9201,
Train Epoch: [19/30] Iters:[350/1093] transplant_loss 1.5280, rec_loss 0.0101, p_loss 0.1320, quant_error 0.1289, utilization 0.2180, perplexity 13601.9129,
Train Epoch: [19/30] Iters:[360/1093] transplant_loss 1.5294, rec_loss 0.0101, p_loss 0.1319, quant_error 0.1292, utilization 0.2180, perplexity 13604.8568,
Train Epoch: [19/30] Iters:[370/1093] transplant_loss 1.5244, rec_loss 0.0101, p_loss 0.1321, quant_error 0.1285, utilization 0.2180, perplexity 13602.2896,
Train Epoch: [19/30] Iters:[380/1093] transplant_loss 1.5177, rec_loss 0.0101, p_loss 0.1318, quant_error 0.1277, utilization 0.2178, perplexity 13590.2896,
Train Epoch: [19/30] Iters:[390/1093] transplant_loss 1.5096, rec_loss 0.0100, p_loss 0.1311, quant_error 0.1266, utilization 0.2178, perplexity 13593.5517,
Train Epoch: [19/30] Iters:[400/1093] transplant_loss 1.5159, rec_loss 0.0100, p_loss 0.1313, quant_error 0.1274, utilization 0.2179, perplexity 13599.4964,
Train Epoch: [19/30] Iters:[410/1093] transplant_loss 1.5214, rec_loss 0.0101, p_loss 0.1315, quant_error 0.1281, utilization 0.2179, perplexity 13601.5292,
Train Epoch: [19/30] Iters:[420/1093] transplant_loss 1.5296, rec_loss 0.0101, p_loss 0.1319, quant_error 0.1291, utilization 0.2179, perplexity 13599.6839,
Train Epoch: [19/30] Iters:[430/1093] transplant_loss 1.5276, rec_loss 0.0101, p_loss 0.1320, quant_error 0.1289, utilization 0.2180, perplexity 13602.9383,
Train Epoch: [19/30] Iters:[440/1093] transplant_loss 1.5336, rec_loss 0.0102, p_loss 0.1326, quant_error 0.1295, utilization 0.2180, perplexity 13606.7527,
Train Epoch: [19/30] Iters:[450/1093] transplant_loss 1.5227, rec_loss 0.0101, p_loss 0.1325, quant_error 0.1282, utilization 0.2179, perplexity 13602.3493,
Train Epoch: [19/30] Iters:[460/1093] transplant_loss 1.5180, rec_loss 0.0101, p_loss 0.1324, quant_error 0.1274, utilization 0.2179, perplexity 13598.3695,
Train Epoch: [19/30] Iters:[470/1093] transplant_loss 1.5076, rec_loss 0.0100, p_loss 0.1318, quant_error 0.1261, utilization 0.2179, perplexity 13593.7276,
Train Epoch: [19/30] Iters:[480/1093] transplant_loss 1.5083, rec_loss 0.0100, p_loss 0.1319, quant_error 0.1262, utilization 0.2179, perplexity 13593.7771,
Train Epoch: [19/30] Iters:[490/1093] transplant_loss 1.5154, rec_loss 0.0101, p_loss 0.1319, quant_error 0.1272, utilization 0.2178, perplexity 13589.1639,
Train Epoch: [19/30] Iters:[500/1093] transplant_loss 1.5168, rec_loss 0.0102, p_loss 0.1320, quant_error 0.1271, utilization 0.2179, perplexity 13597.1416,
Train Epoch: [19/30] Iters:[510/1093] transplant_loss 1.5141, rec_loss 0.0101, p_loss 0.1319, quant_error 0.1269, utilization 0.2179, perplexity 13597.1508,
Train Epoch: [19/30] Iters:[520/1093] transplant_loss 1.5283, rec_loss 0.0103, p_loss 0.1326, quant_error 0.1284, utilization 0.2180, perplexity 13607.9464,
Train Epoch: [19/30] Iters:[530/1093] transplant_loss 1.5292, rec_loss 0.0102, p_loss 0.1326, quant_error 0.1285, utilization 0.2179, perplexity 13603.0229,
Train Epoch: [19/30] Iters:[540/1093] transplant_loss 1.5264, rec_loss 0.0102, p_loss 0.1326, quant_error 0.1281, utilization 0.2179, perplexity 13597.7798,
Train Epoch: [19/30] Iters:[550/1093] transplant_loss 1.5293, rec_loss 0.0103, p_loss 0.1324, quant_error 0.1284, utilization 0.2178, perplexity 13584.7069,
Train Epoch: [19/30] Iters:[560/1093] transplant_loss 1.5329, rec_loss 0.0103, p_loss 0.1325, quant_error 0.1288, utilization 0.2178, perplexity 13585.0476,
Train Epoch: [19/30] Iters:[570/1093] transplant_loss 1.5277, rec_loss 0.0101, p_loss 0.1320, quant_error 0.1285, utilization 0.2177, perplexity 13570.2478,
Train Epoch: [19/30] Iters:[580/1093] transplant_loss 1.5250, rec_loss 0.0102, p_loss 0.1318, quant_error 0.1283, utilization 0.2177, perplexity 13578.3280,
Train Epoch: [19/30] Iters:[590/1093] transplant_loss 1.5246, rec_loss 0.0102, p_loss 0.1319, quant_error 0.1285, utilization 0.2177, perplexity 13582.1245,
Train Epoch: [19/30] Iters:[600/1093] transplant_loss 1.5238, rec_loss 0.0102, p_loss 0.1318, quant_error 0.1285, utilization 0.2178, perplexity 13588.4935,
Train Epoch: [19/30] Iters:[610/1093] transplant_loss 1.5256, rec_loss 0.0102, p_loss 0.1322, quant_error 0.1287, utilization 0.2179, perplexity 13593.8679,
Train Epoch: [19/30] Iters:[620/1093] transplant_loss 1.5244, rec_loss 0.0102, p_loss 0.1324, quant_error 0.1283, utilization 0.2179, perplexity 13603.5748,
Train Epoch: [19/30] Iters:[630/1093] transplant_loss 1.5275, rec_loss 0.0102, p_loss 0.1329, quant_error 0.1285, utilization 0.2180, perplexity 13606.7153,
Train Epoch: [19/30] Iters:[640/1093] transplant_loss 1.5290, rec_loss 0.0102, p_loss 0.1327, quant_error 0.1286, utilization 0.2180, perplexity 13612.7072,
Train Epoch: [19/30] Iters:[650/1093] transplant_loss 1.5369, rec_loss 0.0102, p_loss 0.1332, quant_error 0.1295, utilization 0.2181, perplexity 13619.0237,
Train Epoch: [19/30] Iters:[660/1093] transplant_loss 1.5359, rec_loss 0.0103, p_loss 0.1333, quant_error 0.1295, utilization 0.2181, perplexity 13618.1512,
Train Epoch: [19/30] Iters:[670/1093] transplant_loss 1.5335, rec_loss 0.0103, p_loss 0.1333, quant_error 0.1293, utilization 0.2180, perplexity 13612.1586,
Train Epoch: [19/30] Iters:[680/1093] transplant_loss 1.5329, rec_loss 0.0103, p_loss 0.1328, quant_error 0.1293, utilization 0.2180, perplexity 13608.3507,
Train Epoch: [19/30] Iters:[690/1093] transplant_loss 1.5328, rec_loss 0.0103, p_loss 0.1332, quant_error 0.1292, utilization 0.2180, perplexity 13602.2863,
Train Epoch: [19/30] Iters:[700/1093] transplant_loss 1.5268, rec_loss 0.0103, p_loss 0.1326, quant_error 0.1287, utilization 0.2179, perplexity 13595.8124,
Train Epoch: [19/30] Iters:[710/1093] transplant_loss 1.5307, rec_loss 0.0103, p_loss 0.1324, quant_error 0.1291, utilization 0.2179, perplexity 13599.5448,
Train Epoch: [19/30] Iters:[720/1093] transplant_loss 1.5236, rec_loss 0.0102, p_loss 0.1321, quant_error 0.1284, utilization 0.2180, perplexity 13608.9003,
Train Epoch: [19/30] Iters:[730/1093] transplant_loss 1.5243, rec_loss 0.0102, p_loss 0.1321, quant_error 0.1285, utilization 0.2181, perplexity 13616.0435,
Train Epoch: [19/30] Iters:[740/1093] transplant_loss 1.5342, rec_loss 0.0103, p_loss 0.1325, quant_error 0.1296, utilization 0.2181, perplexity 13619.8312,
Train Epoch: [19/30] Iters:[750/1093] transplant_loss 1.5383, rec_loss 0.0104, p_loss 0.1330, quant_error 0.1299, utilization 0.2182, perplexity 13626.7046,
Train Epoch: [19/30] Iters:[760/1093] transplant_loss 1.5309, rec_loss 0.0103, p_loss 0.1326, quant_error 0.1291, utilization 0.2181, perplexity 13614.8242,
Train Epoch: [19/30] Iters:[770/1093] transplant_loss 1.5365, rec_loss 0.0103, p_loss 0.1328, quant_error 0.1297, utilization 0.2180, perplexity 13610.0562,
Train Epoch: [19/30] Iters:[780/1093] transplant_loss 1.5316, rec_loss 0.0102, p_loss 0.1327, quant_error 0.1289, utilization 0.2179, perplexity 13596.1441,
Train Epoch: [19/30] Iters:[790/1093] transplant_loss 1.5246, rec_loss 0.0101, p_loss 0.1324, quant_error 0.1282, utilization 0.2179, perplexity 13599.8638,
Train Epoch: [19/30] Iters:[800/1093] transplant_loss 1.5228, rec_loss 0.0100, p_loss 0.1323, quant_error 0.1279, utilization 0.2179, perplexity 13591.7488,
Train Epoch: [19/30] Iters:[810/1093] transplant_loss 1.5297, rec_loss 0.0101, p_loss 0.1328, quant_error 0.1287, utilization 0.2180, perplexity 13601.3727,
Train Epoch: [19/30] Iters:[820/1093] transplant_loss 1.5297, rec_loss 0.0101, p_loss 0.1324, quant_error 0.1289, utilization 0.2178, perplexity 13589.4604,
Train Epoch: [19/30] Iters:[830/1093] transplant_loss 1.5342, rec_loss 0.0102, p_loss 0.1324, quant_error 0.1296, utilization 0.2179, perplexity 13589.6062,
Train Epoch: [19/30] Iters:[840/1093] transplant_loss 1.5323, rec_loss 0.0102, p_loss 0.1319, quant_error 0.1292, utilization 0.2179, perplexity 13590.5365,
Train Epoch: [19/30] Iters:[850/1093] transplant_loss 1.5311, rec_loss 0.0102, p_loss 0.1316, quant_error 0.1292, utilization 0.2179, perplexity 13593.7346,
Train Epoch: [19/30] Iters:[860/1093] transplant_loss 1.5277, rec_loss 0.0102, p_loss 0.1316, quant_error 0.1287, utilization 0.2179, perplexity 13589.7265,
Train Epoch: [19/30] Iters:[870/1093] transplant_loss 1.5291, rec_loss 0.0101, p_loss 0.1320, quant_error 0.1286, utilization 0.2180, perplexity 13602.9553,
Train Epoch: [19/30] Iters:[880/1093] transplant_loss 1.5343, rec_loss 0.0102, p_loss 0.1324, quant_error 0.1292, utilization 0.2181, perplexity 13612.9146,
Train Epoch: [19/30] Iters:[890/1093] transplant_loss 1.5336, rec_loss 0.0103, p_loss 0.1325, quant_error 0.1293, utilization 0.2180, perplexity 13604.4723,
Train Epoch: [19/30] Iters:[900/1093] transplant_loss 1.5305, rec_loss 0.0103, p_loss 0.1325, quant_error 0.1290, utilization 0.2180, perplexity 13604.1000,
Train Epoch: [19/30] Iters:[910/1093] transplant_loss 1.5295, rec_loss 0.0102, p_loss 0.1321, quant_error 0.1291, utilization 0.2180, perplexity 13604.5960,
Train Epoch: [19/30] Iters:[920/1093] transplant_loss 1.5268, rec_loss 0.0102, p_loss 0.1319, quant_error 0.1289, utilization 0.2180, perplexity 13608.6235,
Train Epoch: [19/30] Iters:[930/1093] transplant_loss 1.5218, rec_loss 0.0102, p_loss 0.1314, quant_error 0.1281, utilization 0.2180, perplexity 13607.8405,
Train Epoch: [19/30] Iters:[940/1093] transplant_loss 1.5279, rec_loss 0.0102, p_loss 0.1315, quant_error 0.1287, utilization 0.2181, perplexity 13609.8517,
Train Epoch: [19/30] Iters:[950/1093] transplant_loss 1.5328, rec_loss 0.0103, p_loss 0.1320, quant_error 0.1289, utilization 0.2181, perplexity 13608.1439,
Train Epoch: [19/30] Iters:[960/1093] transplant_loss 1.5309, rec_loss 0.0102, p_loss 0.1318, quant_error 0.1286, utilization 0.2180, perplexity 13599.2571,
Train Epoch: [19/30] Iters:[970/1093] transplant_loss 1.5306, rec_loss 0.0103, p_loss 0.1320, quant_error 0.1285, utilization 0.2179, perplexity 13595.6448,
Train Epoch: [19/30] Iters:[980/1093] transplant_loss 1.5275, rec_loss 0.0102, p_loss 0.1320, quant_error 0.1283, utilization 0.2179, perplexity 13594.5911,
Train Epoch: [19/30] Iters:[990/1093] transplant_loss 1.5168, rec_loss 0.0101, p_loss 0.1319, quant_error 0.1271, utilization 0.2178, perplexity 13589.4701,
Train Epoch: [19/30] Iters:[1000/1093] transplant_loss 1.5207, rec_loss 0.0101, p_loss 0.1315, quant_error 0.1275, utilization 0.2179, perplexity 13598.6424,
Train Epoch: [19/30] Iters:[1010/1093] transplant_loss 1.5221, rec_loss 0.0102, p_loss 0.1319, quant_error 0.1276, utilization 0.2179, perplexity 13598.2273,
Train Epoch: [19/30] Iters:[1020/1093] transplant_loss 1.5201, rec_loss 0.0102, p_loss 0.1318, quant_error 0.1275, utilization 0.2179, perplexity 13593.9331,
Train Epoch: [19/30] Iters:[1030/1093] transplant_loss 1.5206, rec_loss 0.0102, p_loss 0.1317, quant_error 0.1276, utilization 0.2180, perplexity 13601.4805,
Train Epoch: [19/30] Iters:[1040/1093] transplant_loss 1.5163, rec_loss 0.0102, p_loss 0.1314, quant_error 0.1271, utilization 0.2180, perplexity 13605.1427,
Train Epoch: [19/30] Iters:[1050/1093] transplant_loss 1.5092, rec_loss 0.0101, p_loss 0.1315, quant_error 0.1267, utilization 0.2178, perplexity 13590.8587,
Train Epoch: [19/30] Iters:[1060/1093] transplant_loss 1.5093, rec_loss 0.0100, p_loss 0.1314, quant_error 0.1267, utilization 0.2179, perplexity 13599.1670,
Train Epoch: [19/30] Iters:[1070/1093] transplant_loss 1.5114, rec_loss 0.0100, p_loss 0.1315, quant_error 0.1268, utilization 0.2179, perplexity 13602.4145,
Train Epoch: [19/30] Iters:[1080/1093] transplant_loss 1.5075, rec_loss 0.0100, p_loss 0.1314, quant_error 0.1262, utilization 0.2179, perplexity 13597.8249,
Train Epoch: [19/30] Iters:[1090/1093] transplant_loss 1.5227, rec_loss 0.0101, p_loss 0.1320, quant_error 0.1281, utilization 0.2180, perplexity 13607.3563,
epoch:20, cur_lr:0.000043
Train Epoch: [20/30] Iters:[10/1093] transplant_loss 1.5129, rec_loss 0.0097, p_loss 0.1309, quant_error 0.1269, utilization 0.2185, perplexity 13661.5718,
Train Epoch: [20/30] Iters:[20/1093] transplant_loss 1.5223, rec_loss 0.0099, p_loss 0.1318, quant_error 0.1279, utilization 0.2182, perplexity 13624.1327,
Train Epoch: [20/30] Iters:[30/1093] transplant_loss 1.5183, rec_loss 0.0100, p_loss 0.1319, quant_error 0.1272, utilization 0.2181, perplexity 13620.7497,
Train Epoch: [20/30] Iters:[40/1093] transplant_loss 1.5199, rec_loss 0.0100, p_loss 0.1318, quant_error 0.1276, utilization 0.2181, perplexity 13615.4391,
Train Epoch: [20/30] Iters:[50/1093] transplant_loss 1.5169, rec_loss 0.0100, p_loss 0.1317, quant_error 0.1272, utilization 0.2180, perplexity 13608.9408,
Train Epoch: [20/30] Iters:[60/1093] transplant_loss 1.5141, rec_loss 0.0101, p_loss 0.1318, quant_error 0.1269, utilization 0.2179, perplexity 13596.1209,
Train Epoch: [20/30] Iters:[70/1093] transplant_loss 1.5151, rec_loss 0.0101, p_loss 0.1319, quant_error 0.1270, utilization 0.2180, perplexity 13607.8006,
Train Epoch: [20/30] Iters:[80/1093] transplant_loss 1.5127, rec_loss 0.0101, p_loss 0.1315, quant_error 0.1268, utilization 0.2180, perplexity 13602.1376,
Train Epoch: [20/30] Iters:[90/1093] transplant_loss 1.5131, rec_loss 0.0101, p_loss 0.1313, quant_error 0.1266, utilization 0.2179, perplexity 13599.1292,
Train Epoch: [20/30] Iters:[100/1093] transplant_loss 1.5145, rec_loss 0.0101, p_loss 0.1314, quant_error 0.1267, utilization 0.2179, perplexity 13600.5176,
Train Epoch: [20/30] Iters:[110/1093] transplant_loss 1.5252, rec_loss 0.0102, p_loss 0.1317, quant_error 0.1281, utilization 0.2179, perplexity 13599.4083,
Train Epoch: [20/30] Iters:[120/1093] transplant_loss 1.5306, rec_loss 0.0103, p_loss 0.1316, quant_error 0.1285, utilization 0.2179, perplexity 13596.8206,
Train Epoch: [20/30] Iters:[130/1093] transplant_loss 1.5460, rec_loss 0.0104, p_loss 0.1324, quant_error 0.1302, utilization 0.2180, perplexity 13601.7000,
Train Epoch: [20/30] Iters:[140/1093] transplant_loss 1.5458, rec_loss 0.0104, p_loss 0.1328, quant_error 0.1302, utilization 0.2180, perplexity 13604.3242,
Train Epoch: [20/30] Iters:[150/1093] transplant_loss 1.5454, rec_loss 0.0105, p_loss 0.1327, quant_error 0.1301, utilization 0.2180, perplexity 13607.3589,
Train Epoch: [20/30] Iters:[160/1093] transplant_loss 1.5377, rec_loss 0.0104, p_loss 0.1325, quant_error 0.1290, utilization 0.2180, perplexity 13610.6150,
Train Epoch: [20/30] Iters:[170/1093] transplant_loss 1.5364, rec_loss 0.0104, p_loss 0.1324, quant_error 0.1289, utilization 0.2180, perplexity 13610.3246,
Train Epoch: [20/30] Iters:[180/1093] transplant_loss 1.5265, rec_loss 0.0103, p_loss 0.1318, quant_error 0.1278, utilization 0.2180, perplexity 13603.3147,
Train Epoch: [20/30] Iters:[190/1093] transplant_loss 1.5283, rec_loss 0.0103, p_loss 0.1316, quant_error 0.1282, utilization 0.2180, perplexity 13607.5560,
Train Epoch: [20/30] Iters:[200/1093] transplant_loss 1.5351, rec_loss 0.0104, p_loss 0.1320, quant_error 0.1291, utilization 0.2180, perplexity 13607.2468,
Train Epoch: [20/30] Iters:[210/1093] transplant_loss 1.5331, rec_loss 0.0103, p_loss 0.1318, quant_error 0.1290, utilization 0.2180, perplexity 13605.9610,
Train Epoch: [20/30] Iters:[220/1093] transplant_loss 1.5224, rec_loss 0.0102, p_loss 0.1316, quant_error 0.1281, utilization 0.2179, perplexity 13603.4280,
Train Epoch: [20/30] Iters:[230/1093] transplant_loss 1.5203, rec_loss 0.0102, p_loss 0.1320, quant_error 0.1277, utilization 0.2180, perplexity 13609.2751,
Train Epoch: [20/30] Iters:[240/1093] transplant_loss 1.5141, rec_loss 0.0100, p_loss 0.1320, quant_error 0.1270, utilization 0.2179, perplexity 13605.9014,
Train Epoch: [20/30] Iters:[250/1093] transplant_loss 1.5189, rec_loss 0.0100, p_loss 0.1322, quant_error 0.1273, utilization 0.2180, perplexity 13607.7456,
Train Epoch: [20/30] Iters:[260/1093] transplant_loss 1.5165, rec_loss 0.0100, p_loss 0.1320, quant_error 0.1270, utilization 0.2179, perplexity 13600.2385,
Train Epoch: [20/30] Iters:[270/1093] transplant_loss 1.5141, rec_loss 0.0101, p_loss 0.1318, quant_error 0.1266, utilization 0.2178, perplexity 13592.6626,
Train Epoch: [20/30] Iters:[280/1093] transplant_loss 1.5138, rec_loss 0.0100, p_loss 0.1314, quant_error 0.1265, utilization 0.2179, perplexity 13598.7102,
Train Epoch: [20/30] Iters:[290/1093] transplant_loss 1.5153, rec_loss 0.0101, p_loss 0.1313, quant_error 0.1267, utilization 0.2180, perplexity 13602.2296,
Train Epoch: [20/30] Iters:[300/1093] transplant_loss 1.5067, rec_loss 0.0100, p_loss 0.1309, quant_error 0.1262, utilization 0.2180, perplexity 13604.5642,
Train Epoch: [20/30] Iters:[310/1093] transplant_loss 1.5134, rec_loss 0.0100, p_loss 0.1314, quant_error 0.1268, utilization 0.2180, perplexity 13608.5521,
Train Epoch: [20/30] Iters:[320/1093] transplant_loss 1.5212, rec_loss 0.0101, p_loss 0.1319, quant_error 0.1277, utilization 0.2181, perplexity 13617.1915,
Train Epoch: [20/30] Iters:[330/1093] transplant_loss 1.5245, rec_loss 0.0101, p_loss 0.1320, quant_error 0.1281, utilization 0.2180, perplexity 13607.8905,
Train Epoch: [20/30] Iters:[340/1093] transplant_loss 1.5222, rec_loss 0.0101, p_loss 0.1320, quant_error 0.1279, utilization 0.2180, perplexity 13597.1970,
Train Epoch: [20/30] Iters:[350/1093] transplant_loss 1.5231, rec_loss 0.0102, p_loss 0.1323, quant_error 0.1279, utilization 0.2179, perplexity 13594.3325,
Train Epoch: [20/30] Iters:[360/1093] transplant_loss 1.5209, rec_loss 0.0101, p_loss 0.1322, quant_error 0.1277, utilization 0.2179, perplexity 13592.9438,
Train Epoch: [20/30] Iters:[370/1093] transplant_loss 1.5226, rec_loss 0.0101, p_loss 0.1321, quant_error 0.1278, utilization 0.2179, perplexity 13596.9346,
Train Epoch: [20/30] Iters:[380/1093] transplant_loss 1.5273, rec_loss 0.0102, p_loss 0.1323, quant_error 0.1284, utilization 0.2179, perplexity 13594.3444,
Train Epoch: [20/30] Iters:[390/1093] transplant_loss 1.5293, rec_loss 0.0102, p_loss 0.1326, quant_error 0.1286, utilization 0.2179, perplexity 13595.7102,
Train Epoch: [20/30] Iters:[400/1093] transplant_loss 1.5224, rec_loss 0.0101, p_loss 0.1320, quant_error 0.1276, utilization 0.2179, perplexity 13590.7839,
Train Epoch: [20/30] Iters:[410/1093] transplant_loss 1.5252, rec_loss 0.0101, p_loss 0.1320, quant_error 0.1280, utilization 0.2179, perplexity 13594.0004,
Train Epoch: [20/30] Iters:[420/1093] transplant_loss 1.5211, rec_loss 0.0101, p_loss 0.1320, quant_error 0.1276, utilization 0.2179, perplexity 13593.6351,
Train Epoch: [20/30] Iters:[430/1093] transplant_loss 1.5167, rec_loss 0.0100, p_loss 0.1323, quant_error 0.1273, utilization 0.2180, perplexity 13601.7063,
Train Epoch: [20/30] Iters:[440/1093] transplant_loss 1.5148, rec_loss 0.0100, p_loss 0.1318, quant_error 0.1271, utilization 0.2181, perplexity 13614.3325,
Train Epoch: [20/30] Iters:[450/1093] transplant_loss 1.5264, rec_loss 0.0101, p_loss 0.1323, quant_error 0.1285, utilization 0.2181, perplexity 13620.8784,
Train Epoch: [20/30] Iters:[460/1093] transplant_loss 1.5230, rec_loss 0.0102, p_loss 0.1317, quant_error 0.1281, utilization 0.2182, perplexity 13623.0822,
Train Epoch: [20/30] Iters:[470/1093] transplant_loss 1.5260, rec_loss 0.0102, p_loss 0.1320, quant_error 0.1282, utilization 0.2181, perplexity 13617.5370,
Train Epoch: [20/30] Iters:[480/1093] transplant_loss 1.5205, rec_loss 0.0101, p_loss 0.1313, quant_error 0.1275, utilization 0.2181, perplexity 13614.8600,
Train Epoch: [20/30] Iters:[490/1093] transplant_loss 1.5268, rec_loss 0.0101, p_loss 0.1319, quant_error 0.1282, utilization 0.2181, perplexity 13615.2183,
Train Epoch: [20/30] Iters:[500/1093] transplant_loss 1.5274, rec_loss 0.0101, p_loss 0.1320, quant_error 0.1280, utilization 0.2181, perplexity 13615.6149,
Train Epoch: [20/30] Iters:[510/1093] transplant_loss 1.5352, rec_loss 0.0101, p_loss 0.1329, quant_error 0.1290, utilization 0.2181, perplexity 13615.2415,
Train Epoch: [20/30] Iters:[520/1093] transplant_loss 1.5391, rec_loss 0.0102, p_loss 0.1329, quant_error 0.1295, utilization 0.2181, perplexity 13615.6176,
Train Epoch: [20/30] Iters:[530/1093] transplant_loss 1.5399, rec_loss 0.0102, p_loss 0.1331, quant_error 0.1296, utilization 0.2181, perplexity 13613.4387,
Train Epoch: [20/30] Iters:[540/1093] transplant_loss 1.5341, rec_loss 0.0102, p_loss 0.1325, quant_error 0.1287, utilization 0.2180, perplexity 13597.6409,
Train Epoch: [20/30] Iters:[550/1093] transplant_loss 1.5333, rec_loss 0.0102, p_loss 0.1325, quant_error 0.1288, utilization 0.2179, perplexity 13594.2789,
Train Epoch: [20/30] Iters:[560/1093] transplant_loss 1.5301, rec_loss 0.0102, p_loss 0.1319, quant_error 0.1285, utilization 0.2179, perplexity 13595.0525,
Train Epoch: [20/30] Iters:[570/1093] transplant_loss 1.5222, rec_loss 0.0101, p_loss 0.1313, quant_error 0.1274, utilization 0.2179, perplexity 13590.7405,
Train Epoch: [20/30] Iters:[580/1093] transplant_loss 1.5247, rec_loss 0.0101, p_loss 0.1313, quant_error 0.1277, utilization 0.2179, perplexity 13596.6032,
Train Epoch: [20/30] Iters:[590/1093] transplant_loss 1.5273, rec_loss 0.0101, p_loss 0.1316, quant_error 0.1281, utilization 0.2180, perplexity 13604.4145,
Train Epoch: [20/30] Iters:[600/1093] transplant_loss 1.5150, rec_loss 0.0100, p_loss 0.1310, quant_error 0.1268, utilization 0.2180, perplexity 13606.4907,
Train Epoch: [20/30] Iters:[610/1093] transplant_loss 1.5137, rec_loss 0.0099, p_loss 0.1311, quant_error 0.1265, utilization 0.2180, perplexity 13604.9916,
Train Epoch: [20/30] Iters:[620/1093] transplant_loss 1.5151, rec_loss 0.0100, p_loss 0.1309, quant_error 0.1270, utilization 0.2180, perplexity 13606.6994,
Train Epoch: [20/30] Iters:[630/1093] transplant_loss 1.5166, rec_loss 0.0099, p_loss 0.1312, quant_error 0.1272, utilization 0.2179, perplexity 13601.7793,
Train Epoch: [20/30] Iters:[640/1093] transplant_loss 1.5157, rec_loss 0.0100, p_loss 0.1311, quant_error 0.1270, utilization 0.2179, perplexity 13602.1708,
Train Epoch: [20/30] Iters:[650/1093] transplant_loss 1.5220, rec_loss 0.0101, p_loss 0.1315, quant_error 0.1277, utilization 0.2179, perplexity 13601.1283,
Train Epoch: [20/30] Iters:[660/1093] transplant_loss 1.5229, rec_loss 0.0101, p_loss 0.1315, quant_error 0.1278, utilization 0.2179, perplexity 13597.8569,
Train Epoch: [20/30] Iters:[670/1093] transplant_loss 1.5267, rec_loss 0.0102, p_loss 0.1323, quant_error 0.1283, utilization 0.2179, perplexity 13590.7962,
Train Epoch: [20/30] Iters:[680/1093] transplant_loss 1.5224, rec_loss 0.0102, p_loss 0.1320, quant_error 0.1278, utilization 0.2178, perplexity 13588.7706,
Train Epoch: [20/30] Iters:[690/1093] transplant_loss 1.5216, rec_loss 0.0101, p_loss 0.1320, quant_error 0.1277, utilization 0.2178, perplexity 13586.9131,
Train Epoch: [20/30] Iters:[700/1093] transplant_loss 1.5162, rec_loss 0.0100, p_loss 0.1320, quant_error 0.1272, utilization 0.2179, perplexity 13590.3894,
Train Epoch: [20/30] Iters:[710/1093] transplant_loss 1.5152, rec_loss 0.0101, p_loss 0.1324, quant_error 0.1273, utilization 0.2179, perplexity 13596.6201,
Train Epoch: [20/30] Iters:[720/1093] transplant_loss 1.5132, rec_loss 0.0100, p_loss 0.1319, quant_error 0.1268, utilization 0.2180, perplexity 13607.4586,
Train Epoch: [20/30] Iters:[730/1093] transplant_loss 1.5131, rec_loss 0.0100, p_loss 0.1318, quant_error 0.1269, utilization 0.2180, perplexity 13599.3953,
Train Epoch: [20/30] Iters:[740/1093] transplant_loss 1.5158, rec_loss 0.0100, p_loss 0.1321, quant_error 0.1273, utilization 0.2180, perplexity 13605.5313,
Train Epoch: [20/30] Iters:[750/1093] transplant_loss 1.5177, rec_loss 0.0101, p_loss 0.1320, quant_error 0.1274, utilization 0.2181, perplexity 13606.2206,
Train Epoch: [20/30] Iters:[760/1093] transplant_loss 1.5217, rec_loss 0.0101, p_loss 0.1320, quant_error 0.1276, utilization 0.2181, perplexity 13611.2370,
Train Epoch: [20/30] Iters:[770/1093] transplant_loss 1.5199, rec_loss 0.0101, p_loss 0.1320, quant_error 0.1274, utilization 0.2180, perplexity 13604.5669,
Train Epoch: [20/30] Iters:[780/1093] transplant_loss 1.5219, rec_loss 0.0101, p_loss 0.1322, quant_error 0.1276, utilization 0.2181, perplexity 13614.5218,
Train Epoch: [20/30] Iters:[790/1093] transplant_loss 1.5236, rec_loss 0.0102, p_loss 0.1317, quant_error 0.1278, utilization 0.2180, perplexity 13605.6427,
Train Epoch: [20/30] Iters:[800/1093] transplant_loss 1.5286, rec_loss 0.0103, p_loss 0.1320, quant_error 0.1285, utilization 0.2178, perplexity 13589.8094,
Train Epoch: [20/30] Iters:[810/1093] transplant_loss 1.5223, rec_loss 0.0102, p_loss 0.1319, quant_error 0.1277, utilization 0.2178, perplexity 13579.9498,
Train Epoch: [20/30] Iters:[820/1093] transplant_loss 1.5235, rec_loss 0.0102, p_loss 0.1320, quant_error 0.1278, utilization 0.2178, perplexity 13582.5884,
Train Epoch: [20/30] Iters:[830/1093] transplant_loss 1.5235, rec_loss 0.0102, p_loss 0.1321, quant_error 0.1279, utilization 0.2179, perplexity 13584.7626,
Train Epoch: [20/30] Iters:[840/1093] transplant_loss 1.5203, rec_loss 0.0101, p_loss 0.1324, quant_error 0.1277, utilization 0.2179, perplexity 13592.1361,
Train Epoch: [20/30] Iters:[850/1093] transplant_loss 1.5197, rec_loss 0.0100, p_loss 0.1323, quant_error 0.1275, utilization 0.2180, perplexity 13606.8397,
Train Epoch: [20/30] Iters:[860/1093] transplant_loss 1.5216, rec_loss 0.0101, p_loss 0.1319, quant_error 0.1278, utilization 0.2180, perplexity 13609.4467,
Train Epoch: [20/30] Iters:[870/1093] transplant_loss 1.5181, rec_loss 0.0100, p_loss 0.1313, quant_error 0.1274, utilization 0.2181, perplexity 13610.9355,
Train Epoch: [20/30] Iters:[880/1093] transplant_loss 1.5135, rec_loss 0.0100, p_loss 0.1311, quant_error 0.1266, utilization 0.2180, perplexity 13610.5087,
Train Epoch: [20/30] Iters:[890/1093] transplant_loss 1.5151, rec_loss 0.0100, p_loss 0.1311, quant_error 0.1267, utilization 0.2180, perplexity 13609.9577,
Train Epoch: [20/30] Iters:[900/1093] transplant_loss 1.5145, rec_loss 0.0101, p_loss 0.1309, quant_error 0.1266, utilization 0.2180, perplexity 13603.6788,
Train Epoch: [20/30] Iters:[910/1093] transplant_loss 1.5183, rec_loss 0.0101, p_loss 0.1315, quant_error 0.1272, utilization 0.2179, perplexity 13598.2201,
Train Epoch: [20/30] Iters:[920/1093] transplant_loss 1.5221, rec_loss 0.0101, p_loss 0.1318, quant_error 0.1278, utilization 0.2179, perplexity 13591.8329,
Train Epoch: [20/30] Iters:[930/1093] transplant_loss 1.5303, rec_loss 0.0102, p_loss 0.1322, quant_error 0.1290, utilization 0.2179, perplexity 13591.1346,
Train Epoch: [20/30] Iters:[940/1093] transplant_loss 1.5303, rec_loss 0.0102, p_loss 0.1320, quant_error 0.1289, utilization 0.2177, perplexity 13581.2447,
Train Epoch: [20/30] Iters:[950/1093] transplant_loss 1.5374, rec_loss 0.0102, p_loss 0.1324, quant_error 0.1296, utilization 0.2178, perplexity 13589.9062,
Train Epoch: [20/30] Iters:[960/1093] transplant_loss 1.5246, rec_loss 0.0101, p_loss 0.1317, quant_error 0.1279, utilization 0.2179, perplexity 13592.9767,
Train Epoch: [20/30] Iters:[970/1093] transplant_loss 1.5214, rec_loss 0.0100, p_loss 0.1318, quant_error 0.1275, utilization 0.2179, perplexity 13598.5225,
Train Epoch: [20/30] Iters:[980/1093] transplant_loss 1.5218, rec_loss 0.0100, p_loss 0.1320, quant_error 0.1274, utilization 0.2179, perplexity 13600.8153,
Train Epoch: [20/30] Iters:[990/1093] transplant_loss 1.5224, rec_loss 0.0100, p_loss 0.1319, quant_error 0.1274, utilization 0.2180, perplexity 13608.9544,
Train Epoch: [20/30] Iters:[1000/1093] transplant_loss 1.5131, rec_loss 0.0099, p_loss 0.1314, quant_error 0.1265, utilization 0.2180, perplexity 13607.1840,
Train Epoch: [20/30] Iters:[1010/1093] transplant_loss 1.5220, rec_loss 0.0100, p_loss 0.1319, quant_error 0.1277, utilization 0.2181, perplexity 13615.4325,
Train Epoch: [20/30] Iters:[1020/1093] transplant_loss 1.5366, rec_loss 0.0101, p_loss 0.1325, quant_error 0.1291, utilization 0.2182, perplexity 13624.9408,
Train Epoch: [20/30] Iters:[1030/1093] transplant_loss 1.5367, rec_loss 0.0101, p_loss 0.1326, quant_error 0.1290, utilization 0.2182, perplexity 13625.1693,
Train Epoch: [20/30] Iters:[1040/1093] transplant_loss 1.5390, rec_loss 0.0102, p_loss 0.1331, quant_error 0.1295, utilization 0.2183, perplexity 13634.0202,
Train Epoch: [20/30] Iters:[1050/1093] transplant_loss 1.5440, rec_loss 0.0103, p_loss 0.1332, quant_error 0.1301, utilization 0.2182, perplexity 13624.8206,
Train Epoch: [20/30] Iters:[1060/1093] transplant_loss 1.5374, rec_loss 0.0102, p_loss 0.1330, quant_error 0.1291, utilization 0.2181, perplexity 13619.2238,
Train Epoch: [20/30] Iters:[1070/1093] transplant_loss 1.5310, rec_loss 0.0102, p_loss 0.1328, quant_error 0.1286, utilization 0.2181, perplexity 13614.1114,
Train Epoch: [20/30] Iters:[1080/1093] transplant_loss 1.5283, rec_loss 0.0103, p_loss 0.1326, quant_error 0.1283, utilization 0.2181, perplexity 13614.1762,
Train Epoch: [20/30] Iters:[1090/1093] transplant_loss 1.5258, rec_loss 0.0103, p_loss 0.1323, quant_error 0.1278, utilization 0.2180, perplexity 13606.9103,
Loading pretrained model LPIPS from /home/sunset/.cache/torch/hub/pyiqa/LPIPS_v0.1_alex-df73285e.pth
epoch:21, cur_lr:0.000040
Train Epoch: [21/30] Iters:[10/1093] transplant_loss 1.4998, rec_loss 0.0100, p_loss 0.1303, quant_error 0.1244, utilization 0.2175, perplexity 13553.8547,
Train Epoch: [21/30] Iters:[20/1093] transplant_loss 1.5085, rec_loss 0.0099, p_loss 0.1307, quant_error 0.1258, utilization 0.2177, perplexity 13575.4287,
Train Epoch: [21/30] Iters:[30/1093] transplant_loss 1.5161, rec_loss 0.0101, p_loss 0.1313, quant_error 0.1267, utilization 0.2179, perplexity 13595.8220,
Train Epoch: [21/30] Iters:[40/1093] transplant_loss 1.5168, rec_loss 0.0101, p_loss 0.1317, quant_error 0.1269, utilization 0.2179, perplexity 13601.1685,
Train Epoch: [21/30] Iters:[50/1093] transplant_loss 1.5124, rec_loss 0.0100, p_loss 0.1316, quant_error 0.1265, utilization 0.2180, perplexity 13603.3947,
Train Epoch: [21/30] Iters:[60/1093] transplant_loss 1.5191, rec_loss 0.0101, p_loss 0.1319, quant_error 0.1273, utilization 0.2181, perplexity 13618.9305,
Train Epoch: [21/30] Iters:[70/1093] transplant_loss 1.5196, rec_loss 0.0101, p_loss 0.1320, quant_error 0.1272, utilization 0.2182, perplexity 13626.6877,
Train Epoch: [21/30] Iters:[80/1093] transplant_loss 1.5167, rec_loss 0.0101, p_loss 0.1317, quant_error 0.1269, utilization 0.2181, perplexity 13621.3765,
Train Epoch: [21/30] Iters:[90/1093] transplant_loss 1.5192, rec_loss 0.0100, p_loss 0.1315, quant_error 0.1272, utilization 0.2181, perplexity 13618.8015,
Train Epoch: [21/30] Iters:[100/1093] transplant_loss 1.5233, rec_loss 0.0101, p_loss 0.1316, quant_error 0.1278, utilization 0.2182, perplexity 13620.3038,
Train Epoch: [21/30] Iters:[110/1093] transplant_loss 1.5184, rec_loss 0.0100, p_loss 0.1314, quant_error 0.1275, utilization 0.2181, perplexity 13609.9294,
Train Epoch: [21/30] Iters:[120/1093] transplant_loss 1.5166, rec_loss 0.0100, p_loss 0.1313, quant_error 0.1275, utilization 0.2181, perplexity 13608.5417,
Train Epoch: [21/30] Iters:[130/1093] transplant_loss 1.5169, rec_loss 0.0101, p_loss 0.1312, quant_error 0.1275, utilization 0.2181, perplexity 13607.5244,
Train Epoch: [21/30] Iters:[140/1093] transplant_loss 1.5196, rec_loss 0.0101, p_loss 0.1314, quant_error 0.1275, utilization 0.2181, perplexity 13609.0295,
Train Epoch: [21/30] Iters:[150/1093] transplant_loss 1.5160, rec_loss 0.0101, p_loss 0.1313, quant_error 0.1270, utilization 0.2180, perplexity 13601.4955,
Train Epoch: [21/30] Iters:[160/1093] transplant_loss 1.5144, rec_loss 0.0100, p_loss 0.1314, quant_error 0.1268, utilization 0.2180, perplexity 13605.0423,
Train Epoch: [21/30] Iters:[170/1093] transplant_loss 1.5137, rec_loss 0.0100, p_loss 0.1315, quant_error 0.1266, utilization 0.2179, perplexity 13599.6201,
Train Epoch: [21/30] Iters:[180/1093] transplant_loss 1.5150, rec_loss 0.0100, p_loss 0.1317, quant_error 0.1266, utilization 0.2180, perplexity 13602.1062,
Train Epoch: [21/30] Iters:[190/1093] transplant_loss 1.5023, rec_loss 0.0099, p_loss 0.1314, quant_error 0.1255, utilization 0.2179, perplexity 13601.7995,
Train Epoch: [21/30] Iters:[200/1093] transplant_loss 1.5032, rec_loss 0.0099, p_loss 0.1313, quant_error 0.1256, utilization 0.2180, perplexity 13607.5200,
Train Epoch: [21/30] Iters:[210/1093] transplant_loss 1.5164, rec_loss 0.0100, p_loss 0.1319, quant_error 0.1269, utilization 0.2181, perplexity 13614.9655,
Train Epoch: [21/30] Iters:[220/1093] transplant_loss 1.5165, rec_loss 0.0100, p_loss 0.1316, quant_error 0.1268, utilization 0.2181, perplexity 13613.1990,
Train Epoch: [21/30] Iters:[230/1093] transplant_loss 1.5148, rec_loss 0.0100, p_loss 0.1316, quant_error 0.1268, utilization 0.2180, perplexity 13609.0022,
Train Epoch: [21/30] Iters:[240/1093] transplant_loss 1.5216, rec_loss 0.0101, p_loss 0.1320, quant_error 0.1274, utilization 0.2180, perplexity 13606.7574,
Train Epoch: [21/30] Iters:[250/1093] transplant_loss 1.5305, rec_loss 0.0102, p_loss 0.1325, quant_error 0.1285, utilization 0.2181, perplexity 13612.3823,
Train Epoch: [21/30] Iters:[260/1093] transplant_loss 1.5217, rec_loss 0.0101, p_loss 0.1320, quant_error 0.1274, utilization 0.2179, perplexity 13601.1952,
Train Epoch: [21/30] Iters:[270/1093] transplant_loss 1.5263, rec_loss 0.0102, p_loss 0.1326, quant_error 0.1281, utilization 0.2179, perplexity 13601.3057,
Train Epoch: [21/30] Iters:[280/1093] transplant_loss 1.5294, rec_loss 0.0102, p_loss 0.1323, quant_error 0.1285, utilization 0.2180, perplexity 13605.8289,
Train Epoch: [21/30] Iters:[290/1093] transplant_loss 1.5309, rec_loss 0.0103, p_loss 0.1314, quant_error 0.1288, utilization 0.2179, perplexity 13599.6797,
Train Epoch: [21/30] Iters:[300/1093] transplant_loss 1.5216, rec_loss 0.0101, p_loss 0.1309, quant_error 0.1277, utilization 0.2178, perplexity 13583.5195,
Train Epoch: [21/30] Iters:[310/1093] transplant_loss 1.5229, rec_loss 0.0101, p_loss 0.1308, quant_error 0.1281, utilization 0.2179, perplexity 13593.9331,
Train Epoch: [21/30] Iters:[320/1093] transplant_loss 1.5267, rec_loss 0.0101, p_loss 0.1307, quant_error 0.1283, utilization 0.2179, perplexity 13597.5548,
Train Epoch: [21/30] Iters:[330/1093] transplant_loss 1.5204, rec_loss 0.0100, p_loss 0.1305, quant_error 0.1276, utilization 0.2180, perplexity 13605.2022,
Train Epoch: [21/30] Iters:[340/1093] transplant_loss 1.5203, rec_loss 0.0101, p_loss 0.1316, quant_error 0.1273, utilization 0.2181, perplexity 13612.6805,
Train Epoch: [21/30] Iters:[350/1093] transplant_loss 1.5246, rec_loss 0.0101, p_loss 0.1316, quant_error 0.1278, utilization 0.2182, perplexity 13622.9238,
Train Epoch: [21/30] Iters:[360/1093] transplant_loss 1.5308, rec_loss 0.0102, p_loss 0.1319, quant_error 0.1283, utilization 0.2181, perplexity 13618.5981,
Train Epoch: [21/30] Iters:[370/1093] transplant_loss 1.5318, rec_loss 0.0102, p_loss 0.1320, quant_error 0.1286, utilization 0.2181, perplexity 13614.4221,
Train Epoch: [21/30] Iters:[380/1093] transplant_loss 1.5339, rec_loss 0.0103, p_loss 0.1323, quant_error 0.1286, utilization 0.2180, perplexity 13603.8330,
Train Epoch: [21/30] Iters:[390/1093] transplant_loss 1.5387, rec_loss 0.0103, p_loss 0.1326, quant_error 0.1293, utilization 0.2180, perplexity 13608.7895,
Train Epoch: [21/30] Iters:[400/1093] transplant_loss 1.5418, rec_loss 0.0103, p_loss 0.1329, quant_error 0.1297, utilization 0.2181, perplexity 13613.0125,
Train Epoch: [21/30] Iters:[410/1093] transplant_loss 1.5272, rec_loss 0.0102, p_loss 0.1321, quant_error 0.1281, utilization 0.2180, perplexity 13603.1554,
Train Epoch: [21/30] Iters:[420/1093] transplant_loss 1.5254, rec_loss 0.0101, p_loss 0.1319, quant_error 0.1279, utilization 0.2181, perplexity 13607.2746,
Train Epoch: [21/30] Iters:[430/1093] transplant_loss 1.5319, rec_loss 0.0101, p_loss 0.1323, quant_error 0.1287, utilization 0.2181, perplexity 13606.5546,
Train Epoch: [21/30] Iters:[440/1093] transplant_loss 1.5283, rec_loss 0.0101, p_loss 0.1318, quant_error 0.1285, utilization 0.2180, perplexity 13599.9698,
Train Epoch: [21/30] Iters:[450/1093] transplant_loss 1.5235, rec_loss 0.0101, p_loss 0.1315, quant_error 0.1277, utilization 0.2179, perplexity 13593.6022,
Train Epoch: [21/30] Iters:[460/1093] transplant_loss 1.5349, rec_loss 0.0103, p_loss 0.1325, quant_error 0.1292, utilization 0.2180, perplexity 13606.7291,
Train Epoch: [21/30] Iters:[470/1093] transplant_loss 1.5316, rec_loss 0.0102, p_loss 0.1328, quant_error 0.1287, utilization 0.2180, perplexity 13609.7552,
Train Epoch: [21/30] Iters:[480/1093] transplant_loss 1.5394, rec_loss 0.0103, p_loss 0.1332, quant_error 0.1297, utilization 0.2180, perplexity 13608.2183,
Train Epoch: [21/30] Iters:[490/1093] transplant_loss 1.5398, rec_loss 0.0103, p_loss 0.1334, quant_error 0.1296, utilization 0.2180, perplexity 13612.1687,
Train Epoch: [21/30] Iters:[500/1093] transplant_loss 1.5377, rec_loss 0.0102, p_loss 0.1332, quant_error 0.1293, utilization 0.2181, perplexity 13613.5505,
Train Epoch: [21/30] Iters:[510/1093] transplant_loss 1.5380, rec_loss 0.0102, p_loss 0.1331, quant_error 0.1289, utilization 0.2181, perplexity 13610.8717,
Train Epoch: [21/30] Iters:[520/1093] transplant_loss 1.5310, rec_loss 0.0102, p_loss 0.1324, quant_error 0.1281, utilization 0.2181, perplexity 13611.6848,
Train Epoch: [21/30] Iters:[530/1093] transplant_loss 1.5131, rec_loss 0.0100, p_loss 0.1317, quant_error 0.1260, utilization 0.2181, perplexity 13613.6907,
Train Epoch: [21/30] Iters:[540/1093] transplant_loss 1.5114, rec_loss 0.0100, p_loss 0.1314, quant_error 0.1258, utilization 0.2181, perplexity 13613.3248,
Train Epoch: [21/30] Iters:[550/1093] transplant_loss 1.5132, rec_loss 0.0100, p_loss 0.1313, quant_error 0.1261, utilization 0.2180, perplexity 13607.7729,
Train Epoch: [21/30] Iters:[560/1093] transplant_loss 1.5055, rec_loss 0.0099, p_loss 0.1307, quant_error 0.1255, utilization 0.2180, perplexity 13605.4463,
Train Epoch: [21/30] Iters:[570/1093] transplant_loss 1.5106, rec_loss 0.0099, p_loss 0.1311, quant_error 0.1260, utilization 0.2180, perplexity 13605.3813,
Train Epoch: [21/30] Iters:[580/1093] transplant_loss 1.5154, rec_loss 0.0100, p_loss 0.1312, quant_error 0.1265, utilization 0.2180, perplexity 13606.9861,
Train Epoch: [21/30] Iters:[590/1093] transplant_loss 1.5170, rec_loss 0.0100, p_loss 0.1313, quant_error 0.1266, utilization 0.2180, perplexity 13604.5849,
Train Epoch: [21/30] Iters:[600/1093] transplant_loss 1.5228, rec_loss 0.0100, p_loss 0.1318, quant_error 0.1272, utilization 0.2181, perplexity 13616.6082,
Train Epoch: [21/30] Iters:[610/1093] transplant_loss 1.5265, rec_loss 0.0101, p_loss 0.1321, quant_error 0.1277, utilization 0.2181, perplexity 13616.8079,
Train Epoch: [21/30] Iters:[620/1093] transplant_loss 1.5306, rec_loss 0.0101, p_loss 0.1324, quant_error 0.1284, utilization 0.2181, perplexity 13618.6862,
Train Epoch: [21/30] Iters:[630/1093] transplant_loss 1.5324, rec_loss 0.0101, p_loss 0.1323, quant_error 0.1285, utilization 0.2181, perplexity 13620.3983,
Train Epoch: [21/30] Iters:[640/1093] transplant_loss 1.5353, rec_loss 0.0102, p_loss 0.1329, quant_error 0.1289, utilization 0.2182, perplexity 13626.8080,
Train Epoch: [21/30] Iters:[650/1093] transplant_loss 1.5346, rec_loss 0.0102, p_loss 0.1332, quant_error 0.1287, utilization 0.2181, perplexity 13621.2142,
Train Epoch: [21/30] Iters:[660/1093] transplant_loss 1.5273, rec_loss 0.0101, p_loss 0.1329, quant_error 0.1276, utilization 0.2181, perplexity 13621.1821,
Train Epoch: [21/30] Iters:[670/1093] transplant_loss 1.5243, rec_loss 0.0102, p_loss 0.1326, quant_error 0.1272, utilization 0.2181, perplexity 13613.9283,
Train Epoch: [21/30] Iters:[680/1093] transplant_loss 1.5223, rec_loss 0.0101, p_loss 0.1324, quant_error 0.1272, utilization 0.2181, perplexity 13615.3981,
Train Epoch: [21/30] Iters:[690/1093] transplant_loss 1.5213, rec_loss 0.0100, p_loss 0.1322, quant_error 0.1273, utilization 0.2180, perplexity 13611.3451,
Train Epoch: [21/30] Iters:[700/1093] transplant_loss 1.5226, rec_loss 0.0100, p_loss 0.1317, quant_error 0.1274, utilization 0.2180, perplexity 13606.9798,
Train Epoch: [21/30] Iters:[710/1093] transplant_loss 1.5360, rec_loss 0.0102, p_loss 0.1327, quant_error 0.1290, utilization 0.2180, perplexity 13606.8853,
Train Epoch: [21/30] Iters:[720/1093] transplant_loss 1.5301, rec_loss 0.0102, p_loss 0.1323, quant_error 0.1286, utilization 0.2180, perplexity 13608.1346,
Train Epoch: [21/30] Iters:[730/1093] transplant_loss 1.5295, rec_loss 0.0103, p_loss 0.1326, quant_error 0.1285, utilization 0.2181, perplexity 13608.8104,
Train Epoch: [21/30] Iters:[740/1093] transplant_loss 1.5198, rec_loss 0.0101, p_loss 0.1319, quant_error 0.1274, utilization 0.2181, perplexity 13610.5884,
Train Epoch: [21/30] Iters:[750/1093] transplant_loss 1.5216, rec_loss 0.0102, p_loss 0.1320, quant_error 0.1276, utilization 0.2181, perplexity 13615.2482,
Train Epoch: [21/30] Iters:[760/1093] transplant_loss 1.5149, rec_loss 0.0101, p_loss 0.1311, quant_error 0.1268, utilization 0.2179, perplexity 13602.7623,
Train Epoch: [21/30] Iters:[770/1093] transplant_loss 1.5174, rec_loss 0.0101, p_loss 0.1314, quant_error 0.1267, utilization 0.2179, perplexity 13601.7171,
Train Epoch: [21/30] Iters:[780/1093] transplant_loss 1.5200, rec_loss 0.0102, p_loss 0.1315, quant_error 0.1270, utilization 0.2179, perplexity 13595.4236,
Train Epoch: [21/30] Iters:[790/1093] transplant_loss 1.5231, rec_loss 0.0102, p_loss 0.1315, quant_error 0.1272, utilization 0.2178, perplexity 13590.7201,
Train Epoch: [21/30] Iters:[800/1093] transplant_loss 1.5227, rec_loss 0.0101, p_loss 0.1314, quant_error 0.1276, utilization 0.2179, perplexity 13591.7762,
Train Epoch: [21/30] Iters:[810/1093] transplant_loss 1.5148, rec_loss 0.0100, p_loss 0.1311, quant_error 0.1268, utilization 0.2180, perplexity 13610.2637,
Train Epoch: [21/30] Iters:[820/1093] transplant_loss 1.5211, rec_loss 0.0100, p_loss 0.1312, quant_error 0.1279, utilization 0.2180, perplexity 13602.6594,
Train Epoch: [21/30] Iters:[830/1093] transplant_loss 1.5182, rec_loss 0.0100, p_loss 0.1308, quant_error 0.1276, utilization 0.2179, perplexity 13600.8054,
Train Epoch: [21/30] Iters:[840/1093] transplant_loss 1.5166, rec_loss 0.0100, p_loss 0.1308, quant_error 0.1274, utilization 0.2179, perplexity 13600.3759,
Train Epoch: [21/30] Iters:[850/1093] transplant_loss 1.5116, rec_loss 0.0100, p_loss 0.1313, quant_error 0.1264, utilization 0.2180, perplexity 13607.2238,
Train Epoch: [21/30] Iters:[860/1093] transplant_loss 1.5234, rec_loss 0.0101, p_loss 0.1320, quant_error 0.1276, utilization 0.2180, perplexity 13604.4062,
Train Epoch: [21/30] Iters:[870/1093] transplant_loss 1.5223, rec_loss 0.0101, p_loss 0.1319, quant_error 0.1273, utilization 0.2181, perplexity 13616.5128,
Train Epoch: [21/30] Iters:[880/1093] transplant_loss 1.5163, rec_loss 0.0100, p_loss 0.1315, quant_error 0.1267, utilization 0.2181, perplexity 13616.3666,
Train Epoch: [21/30] Iters:[890/1093] transplant_loss 1.5216, rec_loss 0.0101, p_loss 0.1318, quant_error 0.1275, utilization 0.2181, perplexity 13619.1155,
Train Epoch: [21/30] Iters:[900/1093] transplant_loss 1.5220, rec_loss 0.0100, p_loss 0.1317, quant_error 0.1276, utilization 0.2180, perplexity 13608.8197,
Train Epoch: [21/30] Iters:[910/1093] transplant_loss 1.5110, rec_loss 0.0099, p_loss 0.1310, quant_error 0.1264, utilization 0.2180, perplexity 13611.6029,
Train Epoch: [21/30] Iters:[920/1093] transplant_loss 1.5126, rec_loss 0.0099, p_loss 0.1313, quant_error 0.1264, utilization 0.2180, perplexity 13603.3903,
Train Epoch: [21/30] Iters:[930/1093] transplant_loss 1.5185, rec_loss 0.0099, p_loss 0.1314, quant_error 0.1267, utilization 0.2180, perplexity 13602.9854,
Train Epoch: [21/30] Iters:[940/1093] transplant_loss 1.5216, rec_loss 0.0099, p_loss 0.1312, quant_error 0.1268, utilization 0.2181, perplexity 13610.2563,
Train Epoch: [21/30] Iters:[950/1093] transplant_loss 1.5200, rec_loss 0.0100, p_loss 0.1311, quant_error 0.1266, utilization 0.2181, perplexity 13607.8153,
Train Epoch: [21/30] Iters:[960/1093] transplant_loss 1.5203, rec_loss 0.0100, p_loss 0.1312, quant_error 0.1267, utilization 0.2180, perplexity 13598.4863,
Train Epoch: [21/30] Iters:[970/1093] transplant_loss 1.5127, rec_loss 0.0100, p_loss 0.1309, quant_error 0.1261, utilization 0.2180, perplexity 13604.0690,
Train Epoch: [21/30] Iters:[980/1093] transplant_loss 1.5135, rec_loss 0.0099, p_loss 0.1313, quant_error 0.1263, utilization 0.2180, perplexity 13602.1502,
Train Epoch: [21/30] Iters:[990/1093] transplant_loss 1.5102, rec_loss 0.0099, p_loss 0.1312, quant_error 0.1260, utilization 0.2180, perplexity 13595.4150,
Train Epoch: [21/30] Iters:[1000/1093] transplant_loss 1.5147, rec_loss 0.0099, p_loss 0.1312, quant_error 0.1267, utilization 0.2181, perplexity 13605.5129,
Train Epoch: [21/30] Iters:[1010/1093] transplant_loss 1.5196, rec_loss 0.0100, p_loss 0.1314, quant_error 0.1273, utilization 0.2181, perplexity 13611.3944,
Train Epoch: [21/30] Iters:[1020/1093] transplant_loss 1.5197, rec_loss 0.0100, p_loss 0.1314, quant_error 0.1272, utilization 0.2181, perplexity 13609.9642,
Train Epoch: [21/30] Iters:[1030/1093] transplant_loss 1.5211, rec_loss 0.0100, p_loss 0.1316, quant_error 0.1276, utilization 0.2181, perplexity 13614.3161,
Train Epoch: [21/30] Iters:[1040/1093] transplant_loss 1.5258, rec_loss 0.0101, p_loss 0.1318, quant_error 0.1281, utilization 0.2182, perplexity 13621.4234,
Train Epoch: [21/30] Iters:[1050/1093] transplant_loss 1.5248, rec_loss 0.0101, p_loss 0.1312, quant_error 0.1278, utilization 0.2181, perplexity 13616.5960,
Train Epoch: [21/30] Iters:[1060/1093] transplant_loss 1.5258, rec_loss 0.0102, p_loss 0.1312, quant_error 0.1278, utilization 0.2181, perplexity 13616.4733,
Train Epoch: [21/30] Iters:[1070/1093] transplant_loss 1.5306, rec_loss 0.0103, p_loss 0.1314, quant_error 0.1284, utilization 0.2181, perplexity 13615.3106,
Train Epoch: [21/30] Iters:[1080/1093] transplant_loss 1.5313, rec_loss 0.0103, p_loss 0.1312, quant_error 0.1283, utilization 0.2180, perplexity 13608.1855,
Train Epoch: [21/30] Iters:[1090/1093] transplant_loss 1.5246, rec_loss 0.0101, p_loss 0.1309, quant_error 0.1274, utilization 0.2179, perplexity 13602.0202,
epoch:22, cur_lr:0.000037
Train Epoch: [22/30] Iters:[10/1093] transplant_loss 1.4899, rec_loss 0.0098, p_loss 0.1317, quant_error 0.1243, utilization 0.2177, perplexity 13565.4958,
Train Epoch: [22/30] Iters:[20/1093] transplant_loss 1.4986, rec_loss 0.0098, p_loss 0.1309, quant_error 0.1253, utilization 0.2177, perplexity 13573.4772,
Train Epoch: [22/30] Iters:[30/1093] transplant_loss 1.5042, rec_loss 0.0098, p_loss 0.1308, quant_error 0.1256, utilization 0.2178, perplexity 13584.7253,
Train Epoch: [22/30] Iters:[40/1093] transplant_loss 1.4978, rec_loss 0.0097, p_loss 0.1306, quant_error 0.1249, utilization 0.2179, perplexity 13591.1362,
Train Epoch: [22/30] Iters:[50/1093] transplant_loss 1.5039, rec_loss 0.0098, p_loss 0.1308, quant_error 0.1255, utilization 0.2178, perplexity 13588.0074,
Train Epoch: [22/30] Iters:[60/1093] transplant_loss 1.5095, rec_loss 0.0098, p_loss 0.1311, quant_error 0.1260, utilization 0.2179, perplexity 13601.0730,
Train Epoch: [22/30] Iters:[70/1093] transplant_loss 1.5093, rec_loss 0.0098, p_loss 0.1313, quant_error 0.1258, utilization 0.2180, perplexity 13608.2368,
Train Epoch: [22/30] Iters:[80/1093] transplant_loss 1.5079, rec_loss 0.0098, p_loss 0.1314, quant_error 0.1257, utilization 0.2180, perplexity 13607.9846,
Train Epoch: [22/30] Iters:[90/1093] transplant_loss 1.5182, rec_loss 0.0099, p_loss 0.1319, quant_error 0.1270, utilization 0.2180, perplexity 13607.5787,
Train Epoch: [22/30] Iters:[100/1093] transplant_loss 1.5142, rec_loss 0.0099, p_loss 0.1319, quant_error 0.1266, utilization 0.2180, perplexity 13609.1151,
Train Epoch: [22/30] Iters:[110/1093] transplant_loss 1.5133, rec_loss 0.0099, p_loss 0.1318, quant_error 0.1263, utilization 0.2180, perplexity 13604.2120,
Train Epoch: [22/30] Iters:[120/1093] transplant_loss 1.5168, rec_loss 0.0100, p_loss 0.1315, quant_error 0.1269, utilization 0.2180, perplexity 13601.3117,
Train Epoch: [22/30] Iters:[130/1093] transplant_loss 1.5206, rec_loss 0.0100, p_loss 0.1316, quant_error 0.1273, utilization 0.2180, perplexity 13603.8153,
Train Epoch: [22/30] Iters:[140/1093] transplant_loss 1.5216, rec_loss 0.0100, p_loss 0.1318, quant_error 0.1271, utilization 0.2181, perplexity 13611.0445,
Train Epoch: [22/30] Iters:[150/1093] transplant_loss 1.5232, rec_loss 0.0101, p_loss 0.1315, quant_error 0.1275, utilization 0.2181, perplexity 13614.5228,
Train Epoch: [22/30] Iters:[160/1093] transplant_loss 1.5278, rec_loss 0.0101, p_loss 0.1320, quant_error 0.1283, utilization 0.2181, perplexity 13617.1113,
Train Epoch: [22/30] Iters:[170/1093] transplant_loss 1.5280, rec_loss 0.0101, p_loss 0.1326, quant_error 0.1284, utilization 0.2181, perplexity 13619.1277,
Train Epoch: [22/30] Iters:[180/1093] transplant_loss 1.5262, rec_loss 0.0101, p_loss 0.1326, quant_error 0.1282, utilization 0.2181, perplexity 13620.9335,
Train Epoch: [22/30] Iters:[190/1093] transplant_loss 1.5182, rec_loss 0.0100, p_loss 0.1320, quant_error 0.1272, utilization 0.2180, perplexity 13607.1386,
Train Epoch: [22/30] Iters:[200/1093] transplant_loss 1.5146, rec_loss 0.0100, p_loss 0.1317, quant_error 0.1266, utilization 0.2180, perplexity 13608.0674,
Train Epoch: [22/30] Iters:[210/1093] transplant_loss 1.5124, rec_loss 0.0099, p_loss 0.1310, quant_error 0.1264, utilization 0.2180, perplexity 13603.5060,
Train Epoch: [22/30] Iters:[220/1093] transplant_loss 1.5144, rec_loss 0.0099, p_loss 0.1309, quant_error 0.1264, utilization 0.2180, perplexity 13608.7223,
Train Epoch: [22/30] Iters:[230/1093] transplant_loss 1.5154, rec_loss 0.0099, p_loss 0.1310, quant_error 0.1266, utilization 0.2180, perplexity 13602.1366,
Train Epoch: [22/30] Iters:[240/1093] transplant_loss 1.5225, rec_loss 0.0100, p_loss 0.1313, quant_error 0.1275, utilization 0.2180, perplexity 13607.7501,
Train Epoch: [22/30] Iters:[250/1093] transplant_loss 1.5295, rec_loss 0.0101, p_loss 0.1319, quant_error 0.1283, utilization 0.2181, perplexity 13609.2823,
Train Epoch: [22/30] Iters:[260/1093] transplant_loss 1.5248, rec_loss 0.0101, p_loss 0.1316, quant_error 0.1279, utilization 0.2180, perplexity 13607.2944,
Train Epoch: [22/30] Iters:[270/1093] transplant_loss 1.5166, rec_loss 0.0100, p_loss 0.1311, quant_error 0.1271, utilization 0.2179, perplexity 13593.3330,
Train Epoch: [22/30] Iters:[280/1093] transplant_loss 1.5130, rec_loss 0.0100, p_loss 0.1306, quant_error 0.1265, utilization 0.2179, perplexity 13596.1789,
Train Epoch: [22/30] Iters:[290/1093] transplant_loss 1.5068, rec_loss 0.0099, p_loss 0.1302, quant_error 0.1259, utilization 0.2179, perplexity 13596.6309,
Train Epoch: [22/30] Iters:[300/1093] transplant_loss 1.5030, rec_loss 0.0098, p_loss 0.1300, quant_error 0.1253, utilization 0.2179, perplexity 13600.0597,
Train Epoch: [22/30] Iters:[310/1093] transplant_loss 1.5089, rec_loss 0.0099, p_loss 0.1305, quant_error 0.1258, utilization 0.2180, perplexity 13605.4237,
Train Epoch: [22/30] Iters:[320/1093] transplant_loss 1.5066, rec_loss 0.0098, p_loss 0.1308, quant_error 0.1256, utilization 0.2180, perplexity 13607.0804,
Train Epoch: [22/30] Iters:[330/1093] transplant_loss 1.5112, rec_loss 0.0099, p_loss 0.1309, quant_error 0.1263, utilization 0.2181, perplexity 13614.2285,
Train Epoch: [22/30] Iters:[340/1093] transplant_loss 1.5176, rec_loss 0.0100, p_loss 0.1314, quant_error 0.1271, utilization 0.2182, perplexity 13624.0111,
Train Epoch: [22/30] Iters:[350/1093] transplant_loss 1.5201, rec_loss 0.0100, p_loss 0.1315, quant_error 0.1274, utilization 0.2182, perplexity 13625.9458,
Train Epoch: [22/30] Iters:[360/1093] transplant_loss 1.5220, rec_loss 0.0101, p_loss 0.1317, quant_error 0.1274, utilization 0.2182, perplexity 13628.4312,
Train Epoch: [22/30] Iters:[370/1093] transplant_loss 1.5335, rec_loss 0.0102, p_loss 0.1323, quant_error 0.1285, utilization 0.2183, perplexity 13636.5973,
Train Epoch: [22/30] Iters:[380/1093] transplant_loss 1.5251, rec_loss 0.0101, p_loss 0.1322, quant_error 0.1276, utilization 0.2182, perplexity 13629.7224,
Train Epoch: [22/30] Iters:[390/1093] transplant_loss 1.5256, rec_loss 0.0102, p_loss 0.1320, quant_error 0.1275, utilization 0.2181, perplexity 13620.7334,
Train Epoch: [22/30] Iters:[400/1093] transplant_loss 1.5255, rec_loss 0.0101, p_loss 0.1322, quant_error 0.1276, utilization 0.2180, perplexity 13603.5211,
Train Epoch: [22/30] Iters:[410/1093] transplant_loss 1.5181, rec_loss 0.0099, p_loss 0.1314, quant_error 0.1270, utilization 0.2179, perplexity 13590.0239,
Train Epoch: [22/30] Iters:[420/1093] transplant_loss 1.5118, rec_loss 0.0098, p_loss 0.1310, quant_error 0.1263, utilization 0.2179, perplexity 13592.0170,
Train Epoch: [22/30] Iters:[430/1093] transplant_loss 1.5187, rec_loss 0.0099, p_loss 0.1311, quant_error 0.1269, utilization 0.2178, perplexity 13582.2283,
Train Epoch: [22/30] Iters:[440/1093] transplant_loss 1.5240, rec_loss 0.0100, p_loss 0.1316, quant_error 0.1274, utilization 0.2179, perplexity 13593.3919,
Train Epoch: [22/30] Iters:[450/1093] transplant_loss 1.5218, rec_loss 0.0100, p_loss 0.1311, quant_error 0.1272, utilization 0.2180, perplexity 13603.9922,
Train Epoch: [22/30] Iters:[460/1093] transplant_loss 1.5324, rec_loss 0.0102, p_loss 0.1323, quant_error 0.1284, utilization 0.2181, perplexity 13619.2108,
Train Epoch: [22/30] Iters:[470/1093] transplant_loss 1.5291, rec_loss 0.0101, p_loss 0.1320, quant_error 0.1282, utilization 0.2181, perplexity 13614.3294,
Train Epoch: [22/30] Iters:[480/1093] transplant_loss 1.5343, rec_loss 0.0102, p_loss 0.1324, quant_error 0.1289, utilization 0.2181, perplexity 13623.3928,
Train Epoch: [22/30] Iters:[490/1093] transplant_loss 1.5250, rec_loss 0.0101, p_loss 0.1321, quant_error 0.1280, utilization 0.2181, perplexity 13618.5073,
Train Epoch: [22/30] Iters:[500/1093] transplant_loss 1.5259, rec_loss 0.0101, p_loss 0.1325, quant_error 0.1281, utilization 0.2181, perplexity 13618.0732,
Train Epoch: [22/30] Iters:[510/1093] transplant_loss 1.5152, rec_loss 0.0100, p_loss 0.1316, quant_error 0.1269, utilization 0.2180, perplexity 13600.6269,
Train Epoch: [22/30] Iters:[520/1093] transplant_loss 1.5165, rec_loss 0.0100, p_loss 0.1317, quant_error 0.1270, utilization 0.2180, perplexity 13607.2485,
Train Epoch: [22/30] Iters:[530/1093] transplant_loss 1.5091, rec_loss 0.0099, p_loss 0.1311, quant_error 0.1262, utilization 0.2180, perplexity 13604.0057,
Train Epoch: [22/30] Iters:[540/1093] transplant_loss 1.5169, rec_loss 0.0100, p_loss 0.1313, quant_error 0.1270, utilization 0.2179, perplexity 13594.9485,
Train Epoch: [22/30] Iters:[550/1093] transplant_loss 1.5162, rec_loss 0.0100, p_loss 0.1311, quant_error 0.1269, utilization 0.2179, perplexity 13593.4353,
Train Epoch: [22/30] Iters:[560/1093] transplant_loss 1.5229, rec_loss 0.0101, p_loss 0.1315, quant_error 0.1276, utilization 0.2180, perplexity 13606.0345,
Train Epoch: [22/30] Iters:[570/1093] transplant_loss 1.5206, rec_loss 0.0101, p_loss 0.1313, quant_error 0.1274, utilization 0.2179, perplexity 13587.1772,
Train Epoch: [22/30] Iters:[580/1093] transplant_loss 1.5194, rec_loss 0.0101, p_loss 0.1315, quant_error 0.1273, utilization 0.2179, perplexity 13593.0865,
Train Epoch: [22/30] Iters:[590/1093] transplant_loss 1.5167, rec_loss 0.0100, p_loss 0.1313, quant_error 0.1272, utilization 0.2180, perplexity 13601.8378,
Train Epoch: [22/30] Iters:[600/1093] transplant_loss 1.5185, rec_loss 0.0101, p_loss 0.1314, quant_error 0.1276, utilization 0.2179, perplexity 13597.5832,
Train Epoch: [22/30] Iters:[610/1093] transplant_loss 1.5122, rec_loss 0.0100, p_loss 0.1310, quant_error 0.1268, utilization 0.2179, perplexity 13594.7325,
Train Epoch: [22/30] Iters:[620/1093] transplant_loss 1.5169, rec_loss 0.0100, p_loss 0.1314, quant_error 0.1274, utilization 0.2180, perplexity 13613.2509,
Train Epoch: [22/30] Iters:[630/1093] transplant_loss 1.5252, rec_loss 0.0101, p_loss 0.1316, quant_error 0.1283, utilization 0.2180, perplexity 13611.9210,
Train Epoch: [22/30] Iters:[640/1093] transplant_loss 1.5291, rec_loss 0.0101, p_loss 0.1316, quant_error 0.1288, utilization 0.2180, perplexity 13607.6890,
Train Epoch: [22/30] Iters:[650/1093] transplant_loss 1.5270, rec_loss 0.0101, p_loss 0.1313, quant_error 0.1283, utilization 0.2181, perplexity 13615.2379,
Train Epoch: [22/30] Iters:[660/1093] transplant_loss 1.5315, rec_loss 0.0101, p_loss 0.1319, quant_error 0.1287, utilization 0.2182, perplexity 13626.3057,
Train Epoch: [22/30] Iters:[670/1093] transplant_loss 1.5310, rec_loss 0.0102, p_loss 0.1318, quant_error 0.1287, utilization 0.2181, perplexity 13617.2447,
Train Epoch: [22/30] Iters:[680/1093] transplant_loss 1.5252, rec_loss 0.0101, p_loss 0.1313, quant_error 0.1278, utilization 0.2181, perplexity 13614.8619,
Train Epoch: [22/30] Iters:[690/1093] transplant_loss 1.5178, rec_loss 0.0100, p_loss 0.1310, quant_error 0.1267, utilization 0.2181, perplexity 13618.5564,
Train Epoch: [22/30] Iters:[700/1093] transplant_loss 1.5262, rec_loss 0.0102, p_loss 0.1317, quant_error 0.1277, utilization 0.2182, perplexity 13624.9591,
Train Epoch: [22/30] Iters:[710/1093] transplant_loss 1.5223, rec_loss 0.0101, p_loss 0.1310, quant_error 0.1274, utilization 0.2181, perplexity 13616.9321,
Train Epoch: [22/30] Iters:[720/1093] transplant_loss 1.5171, rec_loss 0.0100, p_loss 0.1305, quant_error 0.1265, utilization 0.2181, perplexity 13608.9129,
Train Epoch: [22/30] Iters:[730/1093] transplant_loss 1.5206, rec_loss 0.0100, p_loss 0.1311, quant_error 0.1270, utilization 0.2181, perplexity 13609.9779,
Train Epoch: [22/30] Iters:[740/1093] transplant_loss 1.5266, rec_loss 0.0101, p_loss 0.1313, quant_error 0.1278, utilization 0.2181, perplexity 13607.9089,
Train Epoch: [22/30] Iters:[750/1093] transplant_loss 1.5233, rec_loss 0.0100, p_loss 0.1310, quant_error 0.1272, utilization 0.2180, perplexity 13605.5274,
Train Epoch: [22/30] Iters:[760/1093] transplant_loss 1.5262, rec_loss 0.0101, p_loss 0.1313, quant_error 0.1274, utilization 0.2180, perplexity 13605.9867,
Train Epoch: [22/30] Iters:[770/1093] transplant_loss 1.5340, rec_loss 0.0102, p_loss 0.1319, quant_error 0.1283, utilization 0.2181, perplexity 13613.2644,
Train Epoch: [22/30] Iters:[780/1093] transplant_loss 1.5319, rec_loss 0.0101, p_loss 0.1318, quant_error 0.1281, utilization 0.2181, perplexity 13611.8611,
Train Epoch: [22/30] Iters:[790/1093] transplant_loss 1.5297, rec_loss 0.0101, p_loss 0.1318, quant_error 0.1278, utilization 0.2181, perplexity 13614.5186,
Train Epoch: [22/30] Iters:[800/1093] transplant_loss 1.5242, rec_loss 0.0101, p_loss 0.1314, quant_error 0.1274, utilization 0.2180, perplexity 13601.3137,
Train Epoch: [22/30] Iters:[810/1093] transplant_loss 1.5225, rec_loss 0.0101, p_loss 0.1314, quant_error 0.1275, utilization 0.2180, perplexity 13606.0363,
Train Epoch: [22/30] Iters:[820/1093] transplant_loss 1.5252, rec_loss 0.0101, p_loss 0.1315, quant_error 0.1280, utilization 0.2180, perplexity 13609.2362,
Train Epoch: [22/30] Iters:[830/1093] transplant_loss 1.5257, rec_loss 0.0101, p_loss 0.1317, quant_error 0.1281, utilization 0.2180, perplexity 13610.3390,
Train Epoch: [22/30] Iters:[840/1093] transplant_loss 1.5176, rec_loss 0.0100, p_loss 0.1312, quant_error 0.1273, utilization 0.2180, perplexity 13602.5238,
Train Epoch: [22/30] Iters:[850/1093] transplant_loss 1.5156, rec_loss 0.0100, p_loss 0.1312, quant_error 0.1269, utilization 0.2181, perplexity 13611.7724,
Train Epoch: [22/30] Iters:[860/1093] transplant_loss 1.5124, rec_loss 0.0099, p_loss 0.1310, quant_error 0.1264, utilization 0.2180, perplexity 13604.9482,
Train Epoch: [22/30] Iters:[870/1093] transplant_loss 1.5113, rec_loss 0.0099, p_loss 0.1311, quant_error 0.1261, utilization 0.2181, perplexity 13612.4422,
Train Epoch: [22/30] Iters:[880/1093] transplant_loss 1.5111, rec_loss 0.0099, p_loss 0.1311, quant_error 0.1259, utilization 0.2181, perplexity 13617.9461,
Train Epoch: [22/30] Iters:[890/1093] transplant_loss 1.5146, rec_loss 0.0099, p_loss 0.1311, quant_error 0.1264, utilization 0.2181, perplexity 13615.9384,
Train Epoch: [22/30] Iters:[900/1093] transplant_loss 1.5152, rec_loss 0.0100, p_loss 0.1314, quant_error 0.1265, utilization 0.2181, perplexity 13616.5322,
Train Epoch: [22/30] Iters:[910/1093] transplant_loss 1.5182, rec_loss 0.0100, p_loss 0.1318, quant_error 0.1270, utilization 0.2182, perplexity 13623.7184,
Train Epoch: [22/30] Iters:[920/1093] transplant_loss 1.5184, rec_loss 0.0100, p_loss 0.1319, quant_error 0.1272, utilization 0.2182, perplexity 13620.7268,
Train Epoch: [22/30] Iters:[930/1093] transplant_loss 1.5171, rec_loss 0.0100, p_loss 0.1319, quant_error 0.1272, utilization 0.2181, perplexity 13616.4696,
Train Epoch: [22/30] Iters:[940/1093] transplant_loss 1.5319, rec_loss 0.0102, p_loss 0.1331, quant_error 0.1287, utilization 0.2182, perplexity 13625.4287,
Train Epoch: [22/30] Iters:[950/1093] transplant_loss 1.5370, rec_loss 0.0103, p_loss 0.1335, quant_error 0.1293, utilization 0.2182, perplexity 13624.9581,
Train Epoch: [22/30] Iters:[960/1093] transplant_loss 1.5404, rec_loss 0.0104, p_loss 0.1334, quant_error 0.1297, utilization 0.2181, perplexity 13617.9075,
Train Epoch: [22/30] Iters:[970/1093] transplant_loss 1.5441, rec_loss 0.0104, p_loss 0.1332, quant_error 0.1300, utilization 0.2182, perplexity 13623.4184,
Train Epoch: [22/30] Iters:[980/1093] transplant_loss 1.5519, rec_loss 0.0105, p_loss 0.1332, quant_error 0.1309, utilization 0.2182, perplexity 13623.2222,
Train Epoch: [22/30] Iters:[990/1093] transplant_loss 1.5396, rec_loss 0.0105, p_loss 0.1325, quant_error 0.1296, utilization 0.2182, perplexity 13622.0267,
Train Epoch: [22/30] Iters:[1000/1093] transplant_loss 1.5351, rec_loss 0.0103, p_loss 0.1320, quant_error 0.1292, utilization 0.2181, perplexity 13618.1454,
Train Epoch: [22/30] Iters:[1010/1093] transplant_loss 1.5337, rec_loss 0.0103, p_loss 0.1318, quant_error 0.1289, utilization 0.2181, perplexity 13619.1932,
Train Epoch: [22/30] Iters:[1020/1093] transplant_loss 1.5302, rec_loss 0.0102, p_loss 0.1319, quant_error 0.1284, utilization 0.2182, perplexity 13621.1969,
Train Epoch: [22/30] Iters:[1030/1093] transplant_loss 1.5149, rec_loss 0.0100, p_loss 0.1309, quant_error 0.1264, utilization 0.2181, perplexity 13617.2342,
Train Epoch: [22/30] Iters:[1040/1093] transplant_loss 1.5173, rec_loss 0.0100, p_loss 0.1312, quant_error 0.1266, utilization 0.2181, perplexity 13615.2223,
Train Epoch: [22/30] Iters:[1050/1093] transplant_loss 1.5119, rec_loss 0.0100, p_loss 0.1305, quant_error 0.1259, utilization 0.2181, perplexity 13618.3226,
Train Epoch: [22/30] Iters:[1060/1093] transplant_loss 1.5159, rec_loss 0.0100, p_loss 0.1309, quant_error 0.1263, utilization 0.2181, perplexity 13613.8415,
Train Epoch: [22/30] Iters:[1070/1093] transplant_loss 1.5119, rec_loss 0.0100, p_loss 0.1308, quant_error 0.1260, utilization 0.2180, perplexity 13606.2958,
Train Epoch: [22/30] Iters:[1080/1093] transplant_loss 1.5233, rec_loss 0.0101, p_loss 0.1321, quant_error 0.1273, utilization 0.2181, perplexity 13609.2763,
Train Epoch: [22/30] Iters:[1090/1093] transplant_loss 1.5169, rec_loss 0.0100, p_loss 0.1317, quant_error 0.1266, utilization 0.2181, perplexity 13607.8441,
epoch:23, cur_lr:0.000034
Train Epoch: [23/30] Iters:[10/1093] transplant_loss 1.4890, rec_loss 0.0097, p_loss 0.1299, quant_error 0.1224, utilization 0.2182, perplexity 13619.7767,
Train Epoch: [23/30] Iters:[20/1093] transplant_loss 1.5030, rec_loss 0.0099, p_loss 0.1309, quant_error 0.1248, utilization 0.2182, perplexity 13620.2354,
Train Epoch: [23/30] Iters:[30/1093] transplant_loss 1.5113, rec_loss 0.0100, p_loss 0.1317, quant_error 0.1258, utilization 0.2181, perplexity 13615.2147,
Train Epoch: [23/30] Iters:[40/1093] transplant_loss 1.5152, rec_loss 0.0100, p_loss 0.1317, quant_error 0.1263, utilization 0.2181, perplexity 13613.9691,
Train Epoch: [23/30] Iters:[50/1093] transplant_loss 1.5179, rec_loss 0.0100, p_loss 0.1317, quant_error 0.1265, utilization 0.2182, perplexity 13618.2836,
Train Epoch: [23/30] Iters:[60/1093] transplant_loss 1.5228, rec_loss 0.0101, p_loss 0.1319, quant_error 0.1275, utilization 0.2181, perplexity 13614.4946,
Train Epoch: [23/30] Iters:[70/1093] transplant_loss 1.5168, rec_loss 0.0100, p_loss 0.1316, quant_error 0.1269, utilization 0.2180, perplexity 13602.2680,
Train Epoch: [23/30] Iters:[80/1093] transplant_loss 1.5158, rec_loss 0.0099, p_loss 0.1313, quant_error 0.1269, utilization 0.2180, perplexity 13602.7862,
Train Epoch: [23/30] Iters:[90/1093] transplant_loss 1.5131, rec_loss 0.0099, p_loss 0.1310, quant_error 0.1266, utilization 0.2181, perplexity 13613.2647,
Train Epoch: [23/30] Iters:[100/1093] transplant_loss 1.5118, rec_loss 0.0099, p_loss 0.1310, quant_error 0.1264, utilization 0.2180, perplexity 13606.0763,
Train Epoch: [23/30] Iters:[110/1093] transplant_loss 1.5104, rec_loss 0.0099, p_loss 0.1309, quant_error 0.1261, utilization 0.2181, perplexity 13611.7508,
Train Epoch: [23/30] Iters:[120/1093] transplant_loss 1.5133, rec_loss 0.0100, p_loss 0.1312, quant_error 0.1263, utilization 0.2181, perplexity 13619.8387,
Train Epoch: [23/30] Iters:[130/1093] transplant_loss 1.5105, rec_loss 0.0100, p_loss 0.1311, quant_error 0.1257, utilization 0.2181, perplexity 13621.0484,
Train Epoch: [23/30] Iters:[140/1093] transplant_loss 1.5192, rec_loss 0.0102, p_loss 0.1316, quant_error 0.1267, utilization 0.2180, perplexity 13610.6679,
Train Epoch: [23/30] Iters:[150/1093] transplant_loss 1.5119, rec_loss 0.0101, p_loss 0.1313, quant_error 0.1261, utilization 0.2181, perplexity 13615.6770,
Train Epoch: [23/30] Iters:[160/1093] transplant_loss 1.5152, rec_loss 0.0101, p_loss 0.1316, quant_error 0.1265, utilization 0.2181, perplexity 13612.9546,
Train Epoch: [23/30] Iters:[170/1093] transplant_loss 1.5167, rec_loss 0.0101, p_loss 0.1314, quant_error 0.1265, utilization 0.2181, perplexity 13613.9943,
Train Epoch: [23/30] Iters:[180/1093] transplant_loss 1.5236, rec_loss 0.0101, p_loss 0.1316, quant_error 0.1273, utilization 0.2181, perplexity 13613.6974,
Train Epoch: [23/30] Iters:[190/1093] transplant_loss 1.5166, rec_loss 0.0100, p_loss 0.1314, quant_error 0.1265, utilization 0.2181, perplexity 13614.1627,
Train Epoch: [23/30] Iters:[200/1093] transplant_loss 1.5212, rec_loss 0.0101, p_loss 0.1317, quant_error 0.1271, utilization 0.2180, perplexity 13607.6708,
Train Epoch: [23/30] Iters:[210/1093] transplant_loss 1.5209, rec_loss 0.0101, p_loss 0.1318, quant_error 0.1270, utilization 0.2181, perplexity 13609.9612,
Train Epoch: [23/30] Iters:[220/1093] transplant_loss 1.5227, rec_loss 0.0101, p_loss 0.1317, quant_error 0.1272, utilization 0.2180, perplexity 13608.1749,
Train Epoch: [23/30] Iters:[230/1093] transplant_loss 1.5144, rec_loss 0.0101, p_loss 0.1314, quant_error 0.1264, utilization 0.2181, perplexity 13613.3290,
Train Epoch: [23/30] Iters:[240/1093] transplant_loss 1.5159, rec_loss 0.0100, p_loss 0.1314, quant_error 0.1267, utilization 0.2181, perplexity 13617.8076,
Train Epoch: [23/30] Iters:[250/1093] transplant_loss 1.5205, rec_loss 0.0101, p_loss 0.1312, quant_error 0.1271, utilization 0.2182, perplexity 13625.1778,
Train Epoch: [23/30] Iters:[260/1093] transplant_loss 1.5236, rec_loss 0.0101, p_loss 0.1311, quant_error 0.1277, utilization 0.2182, perplexity 13623.1968,
Train Epoch: [23/30] Iters:[270/1093] transplant_loss 1.5269, rec_loss 0.0101, p_loss 0.1314, quant_error 0.1283, utilization 0.2183, perplexity 13630.2736,
Train Epoch: [23/30] Iters:[280/1093] transplant_loss 1.5260, rec_loss 0.0101, p_loss 0.1312, quant_error 0.1282, utilization 0.2182, perplexity 13627.9846,
Train Epoch: [23/30] Iters:[290/1093] transplant_loss 1.5260, rec_loss 0.0101, p_loss 0.1313, quant_error 0.1281, utilization 0.2182, perplexity 13623.9539,
Train Epoch: [23/30] Iters:[300/1093] transplant_loss 1.5184, rec_loss 0.0100, p_loss 0.1312, quant_error 0.1272, utilization 0.2181, perplexity 13616.1490,
Train Epoch: [23/30] Iters:[310/1093] transplant_loss 1.5125, rec_loss 0.0099, p_loss 0.1311, quant_error 0.1263, utilization 0.2181, perplexity 13612.2592,
Train Epoch: [23/30] Iters:[320/1093] transplant_loss 1.5094, rec_loss 0.0098, p_loss 0.1310, quant_error 0.1259, utilization 0.2180, perplexity 13608.7627,
Train Epoch: [23/30] Iters:[330/1093] transplant_loss 1.5154, rec_loss 0.0100, p_loss 0.1314, quant_error 0.1265, utilization 0.2180, perplexity 13600.5814,
Train Epoch: [23/30] Iters:[340/1093] transplant_loss 1.5177, rec_loss 0.0100, p_loss 0.1316, quant_error 0.1266, utilization 0.2179, perplexity 13596.3457,
Train Epoch: [23/30] Iters:[350/1093] transplant_loss 1.5285, rec_loss 0.0101, p_loss 0.1322, quant_error 0.1280, utilization 0.2180, perplexity 13599.1302,
Train Epoch: [23/30] Iters:[360/1093] transplant_loss 1.5350, rec_loss 0.0102, p_loss 0.1324, quant_error 0.1289, utilization 0.2180, perplexity 13605.9827,
Train Epoch: [23/30] Iters:[370/1093] transplant_loss 1.5334, rec_loss 0.0102, p_loss 0.1321, quant_error 0.1287, utilization 0.2180, perplexity 13601.7441,
Train Epoch: [23/30] Iters:[380/1093] transplant_loss 1.5370, rec_loss 0.0102, p_loss 0.1325, quant_error 0.1292, utilization 0.2181, perplexity 13612.5651,
Train Epoch: [23/30] Iters:[390/1093] transplant_loss 1.5353, rec_loss 0.0102, p_loss 0.1327, quant_error 0.1290, utilization 0.2181, perplexity 13614.6894,
Train Epoch: [23/30] Iters:[400/1093] transplant_loss 1.5215, rec_loss 0.0101, p_loss 0.1317, quant_error 0.1274, utilization 0.2180, perplexity 13599.2902,
Train Epoch: [23/30] Iters:[410/1093] transplant_loss 1.5253, rec_loss 0.0101, p_loss 0.1320, quant_error 0.1277, utilization 0.2179, perplexity 13597.5214,
Train Epoch: [23/30] Iters:[420/1093] transplant_loss 1.5268, rec_loss 0.0101, p_loss 0.1323, quant_error 0.1278, utilization 0.2179, perplexity 13589.8782,
Train Epoch: [23/30] Iters:[430/1093] transplant_loss 1.5131, rec_loss 0.0099, p_loss 0.1313, quant_error 0.1261, utilization 0.2177, perplexity 13575.6927,
Train Epoch: [23/30] Iters:[440/1093] transplant_loss 1.5078, rec_loss 0.0099, p_loss 0.1306, quant_error 0.1255, utilization 0.2178, perplexity 13585.2126,
Train Epoch: [23/30] Iters:[450/1093] transplant_loss 1.5249, rec_loss 0.0100, p_loss 0.1319, quant_error 0.1275, utilization 0.2180, perplexity 13609.0613,
Train Epoch: [23/30] Iters:[460/1093] transplant_loss 1.5195, rec_loss 0.0100, p_loss 0.1314, quant_error 0.1268, utilization 0.2181, perplexity 13609.7263,
Train Epoch: [23/30] Iters:[470/1093] transplant_loss 1.5181, rec_loss 0.0099, p_loss 0.1313, quant_error 0.1265, utilization 0.2182, perplexity 13623.7075,
Train Epoch: [23/30] Iters:[480/1093] transplant_loss 1.5289, rec_loss 0.0100, p_loss 0.1317, quant_error 0.1279, utilization 0.2183, perplexity 13633.4754,
Train Epoch: [23/30] Iters:[490/1093] transplant_loss 1.5287, rec_loss 0.0099, p_loss 0.1316, quant_error 0.1277, utilization 0.2182, perplexity 13625.0849,
Train Epoch: [23/30] Iters:[500/1093] transplant_loss 1.5169, rec_loss 0.0098, p_loss 0.1306, quant_error 0.1263, utilization 0.2180, perplexity 13610.2492,
Train Epoch: [23/30] Iters:[510/1093] transplant_loss 1.5189, rec_loss 0.0099, p_loss 0.1307, quant_error 0.1267, utilization 0.2180, perplexity 13609.4603,
Train Epoch: [23/30] Iters:[520/1093] transplant_loss 1.5222, rec_loss 0.0099, p_loss 0.1306, quant_error 0.1272, utilization 0.2180, perplexity 13605.6232,
Train Epoch: [23/30] Iters:[530/1093] transplant_loss 1.5190, rec_loss 0.0100, p_loss 0.1306, quant_error 0.1270, utilization 0.2179, perplexity 13602.3962,
Train Epoch: [23/30] Iters:[540/1093] transplant_loss 1.5268, rec_loss 0.0101, p_loss 0.1310, quant_error 0.1281, utilization 0.2179, perplexity 13596.7861,
Train Epoch: [23/30] Iters:[550/1093] transplant_loss 1.5249, rec_loss 0.0101, p_loss 0.1311, quant_error 0.1280, utilization 0.2180, perplexity 13598.2428,
Train Epoch: [23/30] Iters:[560/1093] transplant_loss 1.5201, rec_loss 0.0100, p_loss 0.1312, quant_error 0.1274, utilization 0.2179, perplexity 13594.9128,
Train Epoch: [23/30] Iters:[570/1093] transplant_loss 1.5140, rec_loss 0.0100, p_loss 0.1309, quant_error 0.1265, utilization 0.2178, perplexity 13587.5096,
Train Epoch: [23/30] Iters:[580/1093] transplant_loss 1.5202, rec_loss 0.0100, p_loss 0.1314, quant_error 0.1272, utilization 0.2179, perplexity 13586.3920,
Train Epoch: [23/30] Iters:[590/1093] transplant_loss 1.5218, rec_loss 0.0100, p_loss 0.1315, quant_error 0.1271, utilization 0.2178, perplexity 13590.4587,
Train Epoch: [23/30] Iters:[600/1093] transplant_loss 1.5277, rec_loss 0.0101, p_loss 0.1317, quant_error 0.1278, utilization 0.2179, perplexity 13593.1555,
Train Epoch: [23/30] Iters:[610/1093] transplant_loss 1.5275, rec_loss 0.0101, p_loss 0.1316, quant_error 0.1277, utilization 0.2179, perplexity 13594.2515,
Train Epoch: [23/30] Iters:[620/1093] transplant_loss 1.5262, rec_loss 0.0100, p_loss 0.1319, quant_error 0.1277, utilization 0.2180, perplexity 13603.2375,
Train Epoch: [23/30] Iters:[630/1093] transplant_loss 1.5138, rec_loss 0.0099, p_loss 0.1311, quant_error 0.1263, utilization 0.2180, perplexity 13603.1427,
Train Epoch: [23/30] Iters:[640/1093] transplant_loss 1.5148, rec_loss 0.0099, p_loss 0.1306, quant_error 0.1264, utilization 0.2180, perplexity 13601.1241,
Train Epoch: [23/30] Iters:[650/1093] transplant_loss 1.5172, rec_loss 0.0100, p_loss 0.1308, quant_error 0.1267, utilization 0.2181, perplexity 13607.2406,
Train Epoch: [23/30] Iters:[660/1093] transplant_loss 1.5183, rec_loss 0.0100, p_loss 0.1310, quant_error 0.1268, utilization 0.2180, perplexity 13603.3915,
Train Epoch: [23/30] Iters:[670/1093] transplant_loss 1.5270, rec_loss 0.0101, p_loss 0.1313, quant_error 0.1278, utilization 0.2180, perplexity 13602.8291,
Train Epoch: [23/30] Iters:[680/1093] transplant_loss 1.5437, rec_loss 0.0103, p_loss 0.1321, quant_error 0.1296, utilization 0.2180, perplexity 13609.0679,
Train Epoch: [23/30] Iters:[690/1093] transplant_loss 1.5440, rec_loss 0.0104, p_loss 0.1330, quant_error 0.1297, utilization 0.2181, perplexity 13619.6070,
Train Epoch: [23/30] Iters:[700/1093] transplant_loss 1.5399, rec_loss 0.0104, p_loss 0.1325, quant_error 0.1293, utilization 0.2181, perplexity 13613.6832,
Train Epoch: [23/30] Iters:[710/1093] transplant_loss 1.5393, rec_loss 0.0103, p_loss 0.1325, quant_error 0.1291, utilization 0.2181, perplexity 13614.3752,
Train Epoch: [23/30] Iters:[720/1093] transplant_loss 1.5369, rec_loss 0.0103, p_loss 0.1324, quant_error 0.1288, utilization 0.2181, perplexity 13616.0257,
Train Epoch: [23/30] Iters:[730/1093] transplant_loss 1.5219, rec_loss 0.0102, p_loss 0.1321, quant_error 0.1273, utilization 0.2180, perplexity 13608.7615,
Train Epoch: [23/30] Iters:[740/1093] transplant_loss 1.5150, rec_loss 0.0100, p_loss 0.1316, quant_error 0.1263, utilization 0.2180, perplexity 13608.0343,
Train Epoch: [23/30] Iters:[750/1093] transplant_loss 1.5218, rec_loss 0.0100, p_loss 0.1322, quant_error 0.1268, utilization 0.2181, perplexity 13616.3858,
Train Epoch: [23/30] Iters:[760/1093] transplant_loss 1.5197, rec_loss 0.0100, p_loss 0.1321, quant_error 0.1266, utilization 0.2182, perplexity 13625.2564,
Train Epoch: [23/30] Iters:[770/1093] transplant_loss 1.5173, rec_loss 0.0099, p_loss 0.1318, quant_error 0.1262, utilization 0.2181, perplexity 13621.0333,
Train Epoch: [23/30] Iters:[780/1093] transplant_loss 1.5233, rec_loss 0.0100, p_loss 0.1314, quant_error 0.1268, utilization 0.2181, perplexity 13618.8121,
Train Epoch: [23/30] Iters:[790/1093] transplant_loss 1.5277, rec_loss 0.0101, p_loss 0.1316, quant_error 0.1275, utilization 0.2182, perplexity 13620.0091,
Train Epoch: [23/30] Iters:[800/1093] transplant_loss 1.5173, rec_loss 0.0100, p_loss 0.1308, quant_error 0.1265, utilization 0.2180, perplexity 13608.7933,
Train Epoch: [23/30] Iters:[810/1093] transplant_loss 1.5244, rec_loss 0.0100, p_loss 0.1310, quant_error 0.1272, utilization 0.2180, perplexity 13602.6207,
Train Epoch: [23/30] Iters:[820/1093] transplant_loss 1.5271, rec_loss 0.0101, p_loss 0.1314, quant_error 0.1274, utilization 0.2180, perplexity 13609.5901,
Train Epoch: [23/30] Iters:[830/1093] transplant_loss 1.5267, rec_loss 0.0101, p_loss 0.1318, quant_error 0.1275, utilization 0.2181, perplexity 13615.5948,
Train Epoch: [23/30] Iters:[840/1093] transplant_loss 1.5218, rec_loss 0.0100, p_loss 0.1313, quant_error 0.1270, utilization 0.2180, perplexity 13605.5323,
Train Epoch: [23/30] Iters:[850/1093] transplant_loss 1.5303, rec_loss 0.0101, p_loss 0.1320, quant_error 0.1280, utilization 0.2180, perplexity 13608.3771,
Train Epoch: [23/30] Iters:[860/1093] transplant_loss 1.5271, rec_loss 0.0101, p_loss 0.1319, quant_error 0.1279, utilization 0.2180, perplexity 13609.4438,
Train Epoch: [23/30] Iters:[870/1093] transplant_loss 1.5311, rec_loss 0.0101, p_loss 0.1318, quant_error 0.1285, utilization 0.2181, perplexity 13612.1647,
Train Epoch: [23/30] Iters:[880/1093] transplant_loss 1.5344, rec_loss 0.0101, p_loss 0.1319, quant_error 0.1289, utilization 0.2181, perplexity 13613.4774,
Train Epoch: [23/30] Iters:[890/1093] transplant_loss 1.5342, rec_loss 0.0101, p_loss 0.1322, quant_error 0.1289, utilization 0.2181, perplexity 13608.4116,
Train Epoch: [23/30] Iters:[900/1093] transplant_loss 1.5309, rec_loss 0.0101, p_loss 0.1320, quant_error 0.1283, utilization 0.2182, perplexity 13616.3096,
Train Epoch: [23/30] Iters:[910/1093] transplant_loss 1.5320, rec_loss 0.0101, p_loss 0.1321, quant_error 0.1282, utilization 0.2182, perplexity 13619.3945,
Train Epoch: [23/30] Iters:[920/1093] transplant_loss 1.5316, rec_loss 0.0101, p_loss 0.1320, quant_error 0.1281, utilization 0.2181, perplexity 13611.5295,
Train Epoch: [23/30] Iters:[930/1093] transplant_loss 1.5289, rec_loss 0.0101, p_loss 0.1317, quant_error 0.1276, utilization 0.2181, perplexity 13612.7440,
Train Epoch: [23/30] Iters:[940/1093] transplant_loss 1.5289, rec_loss 0.0101, p_loss 0.1316, quant_error 0.1276, utilization 0.2181, perplexity 13619.4533,
Train Epoch: [23/30] Iters:[950/1093] transplant_loss 1.5329, rec_loss 0.0101, p_loss 0.1322, quant_error 0.1282, utilization 0.2182, perplexity 13623.6783,
Train Epoch: [23/30] Iters:[960/1093] transplant_loss 1.5320, rec_loss 0.0101, p_loss 0.1321, quant_error 0.1282, utilization 0.2181, perplexity 13613.2554,
Train Epoch: [23/30] Iters:[970/1093] transplant_loss 1.5319, rec_loss 0.0102, p_loss 0.1324, quant_error 0.1283, utilization 0.2181, perplexity 13618.1804,
Train Epoch: [23/30] Iters:[980/1093] transplant_loss 1.5371, rec_loss 0.0103, p_loss 0.1327, quant_error 0.1288, utilization 0.2182, perplexity 13624.9083,
Train Epoch: [23/30] Iters:[990/1093] transplant_loss 1.5352, rec_loss 0.0103, p_loss 0.1326, quant_error 0.1286, utilization 0.2182, perplexity 13621.6623,
Train Epoch: [23/30] Iters:[1000/1093] transplant_loss 1.5249, rec_loss 0.0102, p_loss 0.1317, quant_error 0.1275, utilization 0.2181, perplexity 13611.5958,
Train Epoch: [23/30] Iters:[1010/1093] transplant_loss 1.5310, rec_loss 0.0103, p_loss 0.1319, quant_error 0.1281, utilization 0.2182, perplexity 13622.5424,
Train Epoch: [23/30] Iters:[1020/1093] transplant_loss 1.5308, rec_loss 0.0102, p_loss 0.1316, quant_error 0.1280, utilization 0.2181, perplexity 13617.4535,
Train Epoch: [23/30] Iters:[1030/1093] transplant_loss 1.5283, rec_loss 0.0101, p_loss 0.1315, quant_error 0.1279, utilization 0.2180, perplexity 13600.9198,
Train Epoch: [23/30] Iters:[1040/1093] transplant_loss 1.5244, rec_loss 0.0101, p_loss 0.1313, quant_error 0.1274, utilization 0.2180, perplexity 13604.9152,
Train Epoch: [23/30] Iters:[1050/1093] transplant_loss 1.5314, rec_loss 0.0101, p_loss 0.1319, quant_error 0.1282, utilization 0.2180, perplexity 13607.8303,
Train Epoch: [23/30] Iters:[1060/1093] transplant_loss 1.5264, rec_loss 0.0100, p_loss 0.1318, quant_error 0.1279, utilization 0.2180, perplexity 13607.7992,
Train Epoch: [23/30] Iters:[1070/1093] transplant_loss 1.5242, rec_loss 0.0100, p_loss 0.1320, quant_error 0.1276, utilization 0.2180, perplexity 13612.6736,
Train Epoch: [23/30] Iters:[1080/1093] transplant_loss 1.5190, rec_loss 0.0099, p_loss 0.1318, quant_error 0.1268, utilization 0.2181, perplexity 13614.4280,
Train Epoch: [23/30] Iters:[1090/1093] transplant_loss 1.5232, rec_loss 0.0100, p_loss 0.1319, quant_error 0.1273, utilization 0.2181, perplexity 13616.0321,
epoch:24, cur_lr:0.000031
Train Epoch: [24/30] Iters:[10/1093] transplant_loss 1.5338, rec_loss 0.0100, p_loss 0.1318, quant_error 0.1290, utilization 0.2181, perplexity 13614.0871,
Train Epoch: [24/30] Iters:[20/1093] transplant_loss 1.5331, rec_loss 0.0101, p_loss 0.1312, quant_error 0.1287, utilization 0.2181, perplexity 13612.1286,
Train Epoch: [24/30] Iters:[30/1093] transplant_loss 1.5430, rec_loss 0.0102, p_loss 0.1319, quant_error 0.1297, utilization 0.2180, perplexity 13603.6921,
Train Epoch: [24/30] Iters:[40/1093] transplant_loss 1.5461, rec_loss 0.0104, p_loss 0.1322, quant_error 0.1298, utilization 0.2181, perplexity 13616.9561,
Train Epoch: [24/30] Iters:[50/1093] transplant_loss 1.5380, rec_loss 0.0103, p_loss 0.1318, quant_error 0.1287, utilization 0.2181, perplexity 13614.5373,
Train Epoch: [24/30] Iters:[60/1093] transplant_loss 1.5333, rec_loss 0.0103, p_loss 0.1316, quant_error 0.1281, utilization 0.2182, perplexity 13617.0412,
Train Epoch: [24/30] Iters:[70/1093] transplant_loss 1.5351, rec_loss 0.0103, p_loss 0.1316, quant_error 0.1282, utilization 0.2181, perplexity 13609.9883,
Train Epoch: [24/30] Iters:[80/1093] transplant_loss 1.5349, rec_loss 0.0103, p_loss 0.1314, quant_error 0.1282, utilization 0.2182, perplexity 13621.3417,
Train Epoch: [24/30] Iters:[90/1093] transplant_loss 1.5251, rec_loss 0.0100, p_loss 0.1310, quant_error 0.1271, utilization 0.2181, perplexity 13610.5820,
Train Epoch: [24/30] Iters:[100/1093] transplant_loss 1.5336, rec_loss 0.0101, p_loss 0.1318, quant_error 0.1283, utilization 0.2180, perplexity 13606.5730,
Train Epoch: [24/30] Iters:[110/1093] transplant_loss 1.5368, rec_loss 0.0101, p_loss 0.1319, quant_error 0.1287, utilization 0.2180, perplexity 13604.2290,
Train Epoch: [24/30] Iters:[120/1093] transplant_loss 1.5355, rec_loss 0.0102, p_loss 0.1324, quant_error 0.1289, utilization 0.2180, perplexity 13608.8033,
Train Epoch: [24/30] Iters:[130/1093] transplant_loss 1.5245, rec_loss 0.0101, p_loss 0.1321, quant_error 0.1276, utilization 0.2180, perplexity 13604.1512,
Train Epoch: [24/30] Iters:[140/1093] transplant_loss 1.5323, rec_loss 0.0102, p_loss 0.1323, quant_error 0.1286, utilization 0.2180, perplexity 13608.5343,
Train Epoch: [24/30] Iters:[150/1093] transplant_loss 1.5272, rec_loss 0.0101, p_loss 0.1318, quant_error 0.1278, utilization 0.2181, perplexity 13615.9463,
Train Epoch: [24/30] Iters:[160/1093] transplant_loss 1.5388, rec_loss 0.0102, p_loss 0.1322, quant_error 0.1289, utilization 0.2181, perplexity 13617.0734,
Train Epoch: [24/30] Iters:[170/1093] transplant_loss 1.5360, rec_loss 0.0101, p_loss 0.1320, quant_error 0.1284, utilization 0.2181, perplexity 13617.4181,
Train Epoch: [24/30] Iters:[180/1093] transplant_loss 1.5395, rec_loss 0.0101, p_loss 0.1321, quant_error 0.1288, utilization 0.2180, perplexity 13606.0570,
Train Epoch: [24/30] Iters:[190/1093] transplant_loss 1.5332, rec_loss 0.0101, p_loss 0.1317, quant_error 0.1279, utilization 0.2180, perplexity 13598.2415,
Train Epoch: [24/30] Iters:[200/1093] transplant_loss 1.5342, rec_loss 0.0102, p_loss 0.1316, quant_error 0.1281, utilization 0.2179, perplexity 13591.0937,
Train Epoch: [24/30] Iters:[210/1093] transplant_loss 1.5272, rec_loss 0.0101, p_loss 0.1314, quant_error 0.1278, utilization 0.2179, perplexity 13592.7714,
Train Epoch: [24/30] Iters:[220/1093] transplant_loss 1.5204, rec_loss 0.0100, p_loss 0.1311, quant_error 0.1270, utilization 0.2179, perplexity 13592.9562,
Train Epoch: [24/30] Iters:[230/1093] transplant_loss 1.5176, rec_loss 0.0099, p_loss 0.1310, quant_error 0.1266, utilization 0.2179, perplexity 13601.6631,
Train Epoch: [24/30] Iters:[240/1093] transplant_loss 1.5075, rec_loss 0.0098, p_loss 0.1306, quant_error 0.1256, utilization 0.2179, perplexity 13596.7902,
Train Epoch: [24/30] Iters:[250/1093] transplant_loss 1.5136, rec_loss 0.0098, p_loss 0.1311, quant_error 0.1262, utilization 0.2180, perplexity 13603.8998,
Train Epoch: [24/30] Iters:[260/1093] transplant_loss 1.5093, rec_loss 0.0098, p_loss 0.1304, quant_error 0.1252, utilization 0.2180, perplexity 13607.1765,
Train Epoch: [24/30] Iters:[270/1093] transplant_loss 1.5114, rec_loss 0.0098, p_loss 0.1302, quant_error 0.1254, utilization 0.2181, perplexity 13611.1265,
Train Epoch: [24/30] Iters:[280/1093] transplant_loss 1.5153, rec_loss 0.0098, p_loss 0.1303, quant_error 0.1261, utilization 0.2181, perplexity 13611.7797,
Train Epoch: [24/30] Iters:[290/1093] transplant_loss 1.5358, rec_loss 0.0100, p_loss 0.1314, quant_error 0.1285, utilization 0.2183, perplexity 13628.5642,
Train Epoch: [24/30] Iters:[300/1093] transplant_loss 1.5238, rec_loss 0.0099, p_loss 0.1307, quant_error 0.1273, utilization 0.2182, perplexity 13620.8113,
Train Epoch: [24/30] Iters:[310/1093] transplant_loss 1.5181, rec_loss 0.0099, p_loss 0.1307, quant_error 0.1270, utilization 0.2181, perplexity 13613.5869,
Train Epoch: [24/30] Iters:[320/1093] transplant_loss 1.5166, rec_loss 0.0099, p_loss 0.1308, quant_error 0.1268, utilization 0.2180, perplexity 13605.0969,
Train Epoch: [24/30] Iters:[330/1093] transplant_loss 1.5185, rec_loss 0.0100, p_loss 0.1312, quant_error 0.1268, utilization 0.2180, perplexity 13607.7270,
Train Epoch: [24/30] Iters:[340/1093] transplant_loss 1.5152, rec_loss 0.0100, p_loss 0.1310, quant_error 0.1263, utilization 0.2180, perplexity 13604.0062,
Train Epoch: [24/30] Iters:[350/1093] transplant_loss 1.5210, rec_loss 0.0102, p_loss 0.1313, quant_error 0.1269, utilization 0.2180, perplexity 13604.9658,
Train Epoch: [24/30] Iters:[360/1093] transplant_loss 1.5200, rec_loss 0.0102, p_loss 0.1314, quant_error 0.1265, utilization 0.2180, perplexity 13603.5171,
Train Epoch: [24/30] Iters:[370/1093] transplant_loss 1.5310, rec_loss 0.0103, p_loss 0.1319, quant_error 0.1278, utilization 0.2180, perplexity 13609.8635,
Train Epoch: [24/30] Iters:[380/1093] transplant_loss 1.5297, rec_loss 0.0103, p_loss 0.1317, quant_error 0.1276, utilization 0.2179, perplexity 13603.6277,
Train Epoch: [24/30] Iters:[390/1093] transplant_loss 1.5212, rec_loss 0.0102, p_loss 0.1311, quant_error 0.1269, utilization 0.2179, perplexity 13595.7493,
Train Epoch: [24/30] Iters:[400/1093] transplant_loss 1.5215, rec_loss 0.0100, p_loss 0.1312, quant_error 0.1268, utilization 0.2179, perplexity 13599.9404,
Train Epoch: [24/30] Iters:[410/1093] transplant_loss 1.5284, rec_loss 0.0101, p_loss 0.1317, quant_error 0.1277, utilization 0.2180, perplexity 13603.4433,
Train Epoch: [24/30] Iters:[420/1093] transplant_loss 1.5218, rec_loss 0.0100, p_loss 0.1319, quant_error 0.1268, utilization 0.2180, perplexity 13606.6262,
Train Epoch: [24/30] Iters:[430/1093] transplant_loss 1.5172, rec_loss 0.0099, p_loss 0.1314, quant_error 0.1264, utilization 0.2181, perplexity 13612.2005,
Train Epoch: [24/30] Iters:[440/1093] transplant_loss 1.5156, rec_loss 0.0099, p_loss 0.1314, quant_error 0.1263, utilization 0.2181, perplexity 13613.9654,
Train Epoch: [24/30] Iters:[450/1093] transplant_loss 1.5297, rec_loss 0.0101, p_loss 0.1318, quant_error 0.1277, utilization 0.2181, perplexity 13618.8221,
Train Epoch: [24/30] Iters:[460/1093] transplant_loss 1.5255, rec_loss 0.0100, p_loss 0.1314, quant_error 0.1273, utilization 0.2181, perplexity 13613.8706,
Train Epoch: [24/30] Iters:[470/1093] transplant_loss 1.5322, rec_loss 0.0101, p_loss 0.1314, quant_error 0.1279, utilization 0.2180, perplexity 13608.1703,
Train Epoch: [24/30] Iters:[480/1093] transplant_loss 1.5341, rec_loss 0.0102, p_loss 0.1314, quant_error 0.1281, utilization 0.2180, perplexity 13603.6080,
Train Epoch: [24/30] Iters:[490/1093] transplant_loss 1.5448, rec_loss 0.0103, p_loss 0.1319, quant_error 0.1292, utilization 0.2181, perplexity 13607.7038,
Train Epoch: [24/30] Iters:[500/1093] transplant_loss 1.5274, rec_loss 0.0101, p_loss 0.1315, quant_error 0.1273, utilization 0.2180, perplexity 13602.9119,
Train Epoch: [24/30] Iters:[510/1093] transplant_loss 1.5349, rec_loss 0.0103, p_loss 0.1319, quant_error 0.1281, utilization 0.2181, perplexity 13614.0531,
Train Epoch: [24/30] Iters:[520/1093] transplant_loss 1.5264, rec_loss 0.0102, p_loss 0.1312, quant_error 0.1273, utilization 0.2181, perplexity 13619.7374,
Train Epoch: [24/30] Iters:[530/1093] transplant_loss 1.5284, rec_loss 0.0101, p_loss 0.1314, quant_error 0.1276, utilization 0.2182, perplexity 13624.8747,
Train Epoch: [24/30] Iters:[540/1093] transplant_loss 1.5227, rec_loss 0.0101, p_loss 0.1313, quant_error 0.1268, utilization 0.2182, perplexity 13623.2340,
Train Epoch: [24/30] Iters:[550/1093] transplant_loss 1.5294, rec_loss 0.0101, p_loss 0.1317, quant_error 0.1276, utilization 0.2183, perplexity 13630.6521,
Train Epoch: [24/30] Iters:[560/1093] transplant_loss 1.5257, rec_loss 0.0100, p_loss 0.1316, quant_error 0.1273, utilization 0.2182, perplexity 13625.7640,
Train Epoch: [24/30] Iters:[570/1093] transplant_loss 1.5227, rec_loss 0.0100, p_loss 0.1318, quant_error 0.1268, utilization 0.2181, perplexity 13613.8568,
Train Epoch: [24/30] Iters:[580/1093] transplant_loss 1.5176, rec_loss 0.0100, p_loss 0.1314, quant_error 0.1264, utilization 0.2181, perplexity 13609.4322,
Train Epoch: [24/30] Iters:[590/1093] transplant_loss 1.5194, rec_loss 0.0100, p_loss 0.1314, quant_error 0.1266, utilization 0.2180, perplexity 13608.3041,
Train Epoch: [24/30] Iters:[600/1093] transplant_loss 1.5122, rec_loss 0.0100, p_loss 0.1310, quant_error 0.1258, utilization 0.2180, perplexity 13605.1290,
Train Epoch: [24/30] Iters:[610/1093] transplant_loss 1.5090, rec_loss 0.0100, p_loss 0.1308, quant_error 0.1253, utilization 0.2180, perplexity 13604.4940,
Train Epoch: [24/30] Iters:[620/1093] transplant_loss 1.5088, rec_loss 0.0099, p_loss 0.1305, quant_error 0.1254, utilization 0.2181, perplexity 13615.2859,
Train Epoch: [24/30] Iters:[630/1093] transplant_loss 1.5123, rec_loss 0.0100, p_loss 0.1308, quant_error 0.1255, utilization 0.2181, perplexity 13620.2795,
Train Epoch: [24/30] Iters:[640/1093] transplant_loss 1.5137, rec_loss 0.0100, p_loss 0.1307, quant_error 0.1255, utilization 0.2181, perplexity 13623.3149,
Train Epoch: [24/30] Iters:[650/1093] transplant_loss 1.5140, rec_loss 0.0099, p_loss 0.1304, quant_error 0.1257, utilization 0.2181, perplexity 13621.1532,
Train Epoch: [24/30] Iters:[660/1093] transplant_loss 1.5167, rec_loss 0.0100, p_loss 0.1306, quant_error 0.1261, utilization 0.2181, perplexity 13619.8247,
Train Epoch: [24/30] Iters:[670/1093] transplant_loss 1.5241, rec_loss 0.0100, p_loss 0.1308, quant_error 0.1267, utilization 0.2181, perplexity 13618.7768,
Train Epoch: [24/30] Iters:[680/1093] transplant_loss 1.5251, rec_loss 0.0100, p_loss 0.1310, quant_error 0.1270, utilization 0.2181, perplexity 13616.2518,
Train Epoch: [24/30] Iters:[690/1093] transplant_loss 1.5262, rec_loss 0.0101, p_loss 0.1312, quant_error 0.1273, utilization 0.2181, perplexity 13616.9040,
Train Epoch: [24/30] Iters:[700/1093] transplant_loss 1.5250, rec_loss 0.0100, p_loss 0.1312, quant_error 0.1270, utilization 0.2181, perplexity 13611.0068,
Train Epoch: [24/30] Iters:[710/1093] transplant_loss 1.5191, rec_loss 0.0099, p_loss 0.1311, quant_error 0.1263, utilization 0.2180, perplexity 13604.9789,
Train Epoch: [24/30] Iters:[720/1093] transplant_loss 1.5243, rec_loss 0.0100, p_loss 0.1314, quant_error 0.1271, utilization 0.2180, perplexity 13599.0256,
Train Epoch: [24/30] Iters:[730/1093] transplant_loss 1.5177, rec_loss 0.0099, p_loss 0.1311, quant_error 0.1261, utilization 0.2179, perplexity 13592.0916,
Train Epoch: [24/30] Iters:[740/1093] transplant_loss 1.5146, rec_loss 0.0099, p_loss 0.1311, quant_error 0.1258, utilization 0.2179, perplexity 13594.3818,
Train Epoch: [24/30] Iters:[750/1093] transplant_loss 1.5198, rec_loss 0.0099, p_loss 0.1311, quant_error 0.1265, utilization 0.2180, perplexity 13606.5659,
Train Epoch: [24/30] Iters:[760/1093] transplant_loss 1.5269, rec_loss 0.0100, p_loss 0.1309, quant_error 0.1272, utilization 0.2181, perplexity 13614.7058,
Train Epoch: [24/30] Iters:[770/1093] transplant_loss 1.5305, rec_loss 0.0100, p_loss 0.1313, quant_error 0.1277, utilization 0.2182, perplexity 13625.9841,
Train Epoch: [24/30] Iters:[780/1093] transplant_loss 1.5322, rec_loss 0.0100, p_loss 0.1310, quant_error 0.1279, utilization 0.2183, perplexity 13630.1348,
Train Epoch: [24/30] Iters:[790/1093] transplant_loss 1.5330, rec_loss 0.0100, p_loss 0.1308, quant_error 0.1280, utilization 0.2183, perplexity 13631.4135,
Train Epoch: [24/30] Iters:[800/1093] transplant_loss 1.5279, rec_loss 0.0100, p_loss 0.1311, quant_error 0.1279, utilization 0.2182, perplexity 13627.5959,
Train Epoch: [24/30] Iters:[810/1093] transplant_loss 1.5244, rec_loss 0.0100, p_loss 0.1312, quant_error 0.1277, utilization 0.2182, perplexity 13626.6147,
Train Epoch: [24/30] Iters:[820/1093] transplant_loss 1.5155, rec_loss 0.0099, p_loss 0.1305, quant_error 0.1267, utilization 0.2182, perplexity 13624.2560,
Train Epoch: [24/30] Iters:[830/1093] transplant_loss 1.5219, rec_loss 0.0100, p_loss 0.1313, quant_error 0.1274, utilization 0.2182, perplexity 13623.6605,
Train Epoch: [24/30] Iters:[840/1093] transplant_loss 1.5172, rec_loss 0.0100, p_loss 0.1317, quant_error 0.1267, utilization 0.2182, perplexity 13620.9546,
Train Epoch: [24/30] Iters:[850/1093] transplant_loss 1.5247, rec_loss 0.0101, p_loss 0.1316, quant_error 0.1271, utilization 0.2181, perplexity 13615.3265,
Train Epoch: [24/30] Iters:[860/1093] transplant_loss 1.5214, rec_loss 0.0100, p_loss 0.1315, quant_error 0.1267, utilization 0.2181, perplexity 13615.1051,
Train Epoch: [24/30] Iters:[870/1093] transplant_loss 1.5258, rec_loss 0.0100, p_loss 0.1322, quant_error 0.1270, utilization 0.2182, perplexity 13623.7019,
Train Epoch: [24/30] Iters:[880/1093] transplant_loss 1.5233, rec_loss 0.0100, p_loss 0.1324, quant_error 0.1268, utilization 0.2183, perplexity 13630.6723,
Train Epoch: [24/30] Iters:[890/1093] transplant_loss 1.5288, rec_loss 0.0100, p_loss 0.1323, quant_error 0.1276, utilization 0.2183, perplexity 13632.3409,
Train Epoch: [24/30] Iters:[900/1093] transplant_loss 1.5283, rec_loss 0.0100, p_loss 0.1325, quant_error 0.1276, utilization 0.2183, perplexity 13631.8781,
Train Epoch: [24/30] Iters:[910/1093] transplant_loss 1.5321, rec_loss 0.0101, p_loss 0.1328, quant_error 0.1279, utilization 0.2182, perplexity 13631.7341,
Train Epoch: [24/30] Iters:[920/1093] transplant_loss 1.5222, rec_loss 0.0101, p_loss 0.1323, quant_error 0.1267, utilization 0.2181, perplexity 13612.7602,
Train Epoch: [24/30] Iters:[930/1093] transplant_loss 1.5246, rec_loss 0.0101, p_loss 0.1318, quant_error 0.1268, utilization 0.2180, perplexity 13606.2881,
Train Epoch: [24/30] Iters:[940/1093] transplant_loss 1.5291, rec_loss 0.0102, p_loss 0.1318, quant_error 0.1271, utilization 0.2180, perplexity 13601.0052,
Train Epoch: [24/30] Iters:[950/1093] transplant_loss 1.5246, rec_loss 0.0101, p_loss 0.1313, quant_error 0.1267, utilization 0.2180, perplexity 13606.1364,
Train Epoch: [24/30] Iters:[960/1093] transplant_loss 1.5382, rec_loss 0.0102, p_loss 0.1313, quant_error 0.1282, utilization 0.2181, perplexity 13607.0301,
Train Epoch: [24/30] Iters:[970/1093] transplant_loss 1.5436, rec_loss 0.0102, p_loss 0.1315, quant_error 0.1292, utilization 0.2181, perplexity 13611.7632,
Train Epoch: [24/30] Iters:[980/1093] transplant_loss 1.5433, rec_loss 0.0102, p_loss 0.1318, quant_error 0.1294, utilization 0.2180, perplexity 13603.9256,
Train Epoch: [24/30] Iters:[990/1093] transplant_loss 1.5380, rec_loss 0.0102, p_loss 0.1319, quant_error 0.1289, utilization 0.2181, perplexity 13610.8803,
Train Epoch: [24/30] Iters:[1000/1093] transplant_loss 1.5462, rec_loss 0.0103, p_loss 0.1324, quant_error 0.1297, utilization 0.2182, perplexity 13618.6603,
Train Epoch: [24/30] Iters:[1010/1093] transplant_loss 1.5377, rec_loss 0.0102, p_loss 0.1323, quant_error 0.1288, utilization 0.2181, perplexity 13614.8990,
Train Epoch: [24/30] Iters:[1020/1093] transplant_loss 1.5444, rec_loss 0.0103, p_loss 0.1323, quant_error 0.1297, utilization 0.2182, perplexity 13618.4718,
Train Epoch: [24/30] Iters:[1030/1093] transplant_loss 1.5386, rec_loss 0.0102, p_loss 0.1321, quant_error 0.1287, utilization 0.2183, perplexity 13628.0456,
Train Epoch: [24/30] Iters:[1040/1093] transplant_loss 1.5425, rec_loss 0.0103, p_loss 0.1322, quant_error 0.1291, utilization 0.2182, perplexity 13625.8028,
Train Epoch: [24/30] Iters:[1050/1093] transplant_loss 1.5349, rec_loss 0.0102, p_loss 0.1319, quant_error 0.1282, utilization 0.2181, perplexity 13613.1110,
Train Epoch: [24/30] Iters:[1060/1093] transplant_loss 1.5347, rec_loss 0.0102, p_loss 0.1320, quant_error 0.1282, utilization 0.2181, perplexity 13614.6431,
Train Epoch: [24/30] Iters:[1070/1093] transplant_loss 1.5250, rec_loss 0.0101, p_loss 0.1317, quant_error 0.1269, utilization 0.2181, perplexity 13617.3312,
Train Epoch: [24/30] Iters:[1080/1093] transplant_loss 1.5332, rec_loss 0.0102, p_loss 0.1324, quant_error 0.1279, utilization 0.2182, perplexity 13628.1143,
Train Epoch: [24/30] Iters:[1090/1093] transplant_loss 1.5261, rec_loss 0.0101, p_loss 0.1317, quant_error 0.1271, utilization 0.2182, perplexity 13625.9525,
epoch:25, cur_lr:0.000028
Train Epoch: [25/30] Iters:[10/1093] transplant_loss 1.5350, rec_loss 0.0099, p_loss 0.1325, quant_error 0.1283, utilization 0.2179, perplexity 13593.9082,
Train Epoch: [25/30] Iters:[20/1093] transplant_loss 1.5130, rec_loss 0.0097, p_loss 0.1310, quant_error 0.1257, utilization 0.2181, perplexity 13614.8879,
Train Epoch: [25/30] Iters:[30/1093] transplant_loss 1.5082, rec_loss 0.0098, p_loss 0.1305, quant_error 0.1252, utilization 0.2180, perplexity 13609.7174,
Train Epoch: [25/30] Iters:[40/1093] transplant_loss 1.5120, rec_loss 0.0099, p_loss 0.1307, quant_error 0.1258, utilization 0.2180, perplexity 13611.2262,
Train Epoch: [25/30] Iters:[50/1093] transplant_loss 1.5125, rec_loss 0.0099, p_loss 0.1306, quant_error 0.1257, utilization 0.2181, perplexity 13615.1854,
Train Epoch: [25/30] Iters:[60/1093] transplant_loss 1.5133, rec_loss 0.0099, p_loss 0.1307, quant_error 0.1257, utilization 0.2182, perplexity 13624.8351,
Train Epoch: [25/30] Iters:[70/1093] transplant_loss 1.5228, rec_loss 0.0100, p_loss 0.1313, quant_error 0.1269, utilization 0.2182, perplexity 13622.4825,
Train Epoch: [25/30] Iters:[80/1093] transplant_loss 1.5303, rec_loss 0.0101, p_loss 0.1320, quant_error 0.1277, utilization 0.2182, perplexity 13625.2778,
Train Epoch: [25/30] Iters:[90/1093] transplant_loss 1.5273, rec_loss 0.0101, p_loss 0.1316, quant_error 0.1270, utilization 0.2182, perplexity 13624.0452,
Train Epoch: [25/30] Iters:[100/1093] transplant_loss 1.5291, rec_loss 0.0101, p_loss 0.1318, quant_error 0.1274, utilization 0.2182, perplexity 13618.8730,
Train Epoch: [25/30] Iters:[110/1093] transplant_loss 1.5246, rec_loss 0.0101, p_loss 0.1316, quant_error 0.1271, utilization 0.2181, perplexity 13614.9027,
Train Epoch: [25/30] Iters:[120/1093] transplant_loss 1.5296, rec_loss 0.0101, p_loss 0.1319, quant_error 0.1275, utilization 0.2181, perplexity 13612.1960,
Train Epoch: [25/30] Iters:[130/1093] transplant_loss 1.5300, rec_loss 0.0101, p_loss 0.1319, quant_error 0.1275, utilization 0.2181, perplexity 13610.3146,
Train Epoch: [25/30] Iters:[140/1093] transplant_loss 1.5314, rec_loss 0.0101, p_loss 0.1321, quant_error 0.1278, utilization 0.2181, perplexity 13606.8569,
Train Epoch: [25/30] Iters:[150/1093] transplant_loss 1.5433, rec_loss 0.0102, p_loss 0.1327, quant_error 0.1291, utilization 0.2182, perplexity 13618.0367,
Train Epoch: [25/30] Iters:[160/1093] transplant_loss 1.5381, rec_loss 0.0102, p_loss 0.1322, quant_error 0.1284, utilization 0.2181, perplexity 13606.9946,
Train Epoch: [25/30] Iters:[170/1093] transplant_loss 1.5298, rec_loss 0.0101, p_loss 0.1317, quant_error 0.1276, utilization 0.2180, perplexity 13600.6563,
Train Epoch: [25/30] Iters:[180/1093] transplant_loss 1.5236, rec_loss 0.0100, p_loss 0.1311, quant_error 0.1271, utilization 0.2180, perplexity 13605.7926,
Train Epoch: [25/30] Iters:[190/1093] transplant_loss 1.5240, rec_loss 0.0100, p_loss 0.1312, quant_error 0.1274, utilization 0.2180, perplexity 13606.9762,
Train Epoch: [25/30] Iters:[200/1093] transplant_loss 1.5125, rec_loss 0.0099, p_loss 0.1307, quant_error 0.1261, utilization 0.2179, perplexity 13594.0517,
Train Epoch: [25/30] Iters:[210/1093] transplant_loss 1.5135, rec_loss 0.0099, p_loss 0.1308, quant_error 0.1264, utilization 0.2180, perplexity 13608.6165,
Train Epoch: [25/30] Iters:[220/1093] transplant_loss 1.5181, rec_loss 0.0099, p_loss 0.1311, quant_error 0.1267, utilization 0.2181, perplexity 13618.9016,
Train Epoch: [25/30] Iters:[230/1093] transplant_loss 1.5189, rec_loss 0.0099, p_loss 0.1312, quant_error 0.1266, utilization 0.2181, perplexity 13617.1966,
Train Epoch: [25/30] Iters:[240/1093] transplant_loss 1.5128, rec_loss 0.0098, p_loss 0.1311, quant_error 0.1257, utilization 0.2182, perplexity 13621.3288,
Train Epoch: [25/30] Iters:[250/1093] transplant_loss 1.5092, rec_loss 0.0098, p_loss 0.1309, quant_error 0.1251, utilization 0.2182, perplexity 13626.1328,
Train Epoch: [25/30] Iters:[260/1093] transplant_loss 1.5125, rec_loss 0.0099, p_loss 0.1310, quant_error 0.1253, utilization 0.2182, perplexity 13620.7692,
Train Epoch: [25/30] Iters:[270/1093] transplant_loss 1.4967, rec_loss 0.0097, p_loss 0.1302, quant_error 0.1238, utilization 0.2181, perplexity 13612.6415,
Train Epoch: [25/30] Iters:[280/1093] transplant_loss 1.4965, rec_loss 0.0097, p_loss 0.1301, quant_error 0.1237, utilization 0.2181, perplexity 13613.1124,
Train Epoch: [25/30] Iters:[290/1093] transplant_loss 1.5010, rec_loss 0.0098, p_loss 0.1298, quant_error 0.1243, utilization 0.2181, perplexity 13611.5912,
Train Epoch: [25/30] Iters:[300/1093] transplant_loss 1.5021, rec_loss 0.0097, p_loss 0.1299, quant_error 0.1245, utilization 0.2180, perplexity 13606.4114,
Train Epoch: [25/30] Iters:[310/1093] transplant_loss 1.5082, rec_loss 0.0097, p_loss 0.1305, quant_error 0.1253, utilization 0.2180, perplexity 13607.3887,
Train Epoch: [25/30] Iters:[320/1093] transplant_loss 1.5216, rec_loss 0.0099, p_loss 0.1311, quant_error 0.1269, utilization 0.2180, perplexity 13608.3293,
Train Epoch: [25/30] Iters:[330/1093] transplant_loss 1.5265, rec_loss 0.0099, p_loss 0.1315, quant_error 0.1274, utilization 0.2181, perplexity 13613.0626,
Train Epoch: [25/30] Iters:[340/1093] transplant_loss 1.5225, rec_loss 0.0099, p_loss 0.1315, quant_error 0.1268, utilization 0.2181, perplexity 13613.6557,
Train Epoch: [25/30] Iters:[350/1093] transplant_loss 1.5211, rec_loss 0.0099, p_loss 0.1313, quant_error 0.1269, utilization 0.2181, perplexity 13615.1657,
Train Epoch: [25/30] Iters:[360/1093] transplant_loss 1.5216, rec_loss 0.0098, p_loss 0.1311, quant_error 0.1270, utilization 0.2181, perplexity 13616.9547,
Train Epoch: [25/30] Iters:[370/1093] transplant_loss 1.5179, rec_loss 0.0099, p_loss 0.1309, quant_error 0.1265, utilization 0.2182, perplexity 13621.1536,
Train Epoch: [25/30] Iters:[380/1093] transplant_loss 1.5172, rec_loss 0.0099, p_loss 0.1307, quant_error 0.1267, utilization 0.2182, perplexity 13615.6735,
Train Epoch: [25/30] Iters:[390/1093] transplant_loss 1.5218, rec_loss 0.0099, p_loss 0.1310, quant_error 0.1275, utilization 0.2182, perplexity 13620.8960,
Train Epoch: [25/30] Iters:[400/1093] transplant_loss 1.5266, rec_loss 0.0100, p_loss 0.1315, quant_error 0.1279, utilization 0.2182, perplexity 13618.1186,
Train Epoch: [25/30] Iters:[410/1093] transplant_loss 1.5208, rec_loss 0.0100, p_loss 0.1314, quant_error 0.1270, utilization 0.2181, perplexity 13617.0248,
Train Epoch: [25/30] Iters:[420/1093] transplant_loss 1.5241, rec_loss 0.0100, p_loss 0.1317, quant_error 0.1272, utilization 0.2182, perplexity 13621.5463,
Train Epoch: [25/30] Iters:[430/1093] transplant_loss 1.5183, rec_loss 0.0100, p_loss 0.1312, quant_error 0.1264, utilization 0.2181, perplexity 13610.9545,
Train Epoch: [25/30] Iters:[440/1093] transplant_loss 1.5281, rec_loss 0.0101, p_loss 0.1314, quant_error 0.1273, utilization 0.2181, perplexity 13613.0147,
Train Epoch: [25/30] Iters:[450/1093] transplant_loss 1.5258, rec_loss 0.0101, p_loss 0.1312, quant_error 0.1271, utilization 0.2181, perplexity 13616.8637,
Train Epoch: [25/30] Iters:[460/1093] transplant_loss 1.5267, rec_loss 0.0101, p_loss 0.1310, quant_error 0.1276, utilization 0.2181, perplexity 13617.9088,
Train Epoch: [25/30] Iters:[470/1093] transplant_loss 1.5271, rec_loss 0.0100, p_loss 0.1310, quant_error 0.1280, utilization 0.2181, perplexity 13613.5176,
Train Epoch: [25/30] Iters:[480/1093] transplant_loss 1.5299, rec_loss 0.0100, p_loss 0.1316, quant_error 0.1283, utilization 0.2182, perplexity 13625.0707,
Train Epoch: [25/30] Iters:[490/1093] transplant_loss 1.5174, rec_loss 0.0099, p_loss 0.1314, quant_error 0.1270, utilization 0.2182, perplexity 13622.1511,
Train Epoch: [25/30] Iters:[500/1093] transplant_loss 1.5175, rec_loss 0.0099, p_loss 0.1309, quant_error 0.1268, utilization 0.2182, perplexity 13622.5473,
Train Epoch: [25/30] Iters:[510/1093] transplant_loss 1.5141, rec_loss 0.0099, p_loss 0.1307, quant_error 0.1262, utilization 0.2181, perplexity 13615.3806,
Train Epoch: [25/30] Iters:[520/1093] transplant_loss 1.5035, rec_loss 0.0098, p_loss 0.1304, quant_error 0.1249, utilization 0.2181, perplexity 13616.0059,
Train Epoch: [25/30] Iters:[530/1093] transplant_loss 1.4968, rec_loss 0.0097, p_loss 0.1297, quant_error 0.1243, utilization 0.2181, perplexity 13611.7900,
Train Epoch: [25/30] Iters:[540/1093] transplant_loss 1.5066, rec_loss 0.0098, p_loss 0.1299, quant_error 0.1252, utilization 0.2181, perplexity 13611.0931,
Train Epoch: [25/30] Iters:[550/1093] transplant_loss 1.5098, rec_loss 0.0097, p_loss 0.1303, quant_error 0.1258, utilization 0.2182, perplexity 13617.5903,
Train Epoch: [25/30] Iters:[560/1093] transplant_loss 1.5146, rec_loss 0.0098, p_loss 0.1308, quant_error 0.1263, utilization 0.2182, perplexity 13626.0133,
Train Epoch: [25/30] Iters:[570/1093] transplant_loss 1.5265, rec_loss 0.0099, p_loss 0.1309, quant_error 0.1276, utilization 0.2183, perplexity 13627.7345,
Train Epoch: [25/30] Iters:[580/1093] transplant_loss 1.5366, rec_loss 0.0101, p_loss 0.1319, quant_error 0.1286, utilization 0.2183, perplexity 13632.4296,
Train Epoch: [25/30] Iters:[590/1093] transplant_loss 1.5345, rec_loss 0.0101, p_loss 0.1318, quant_error 0.1284, utilization 0.2183, perplexity 13629.2943,
Train Epoch: [25/30] Iters:[600/1093] transplant_loss 1.5295, rec_loss 0.0101, p_loss 0.1316, quant_error 0.1278, utilization 0.2182, perplexity 13621.5865,
Train Epoch: [25/30] Iters:[610/1093] transplant_loss 1.5243, rec_loss 0.0100, p_loss 0.1313, quant_error 0.1272, utilization 0.2182, perplexity 13620.9717,
Train Epoch: [25/30] Iters:[620/1093] transplant_loss 1.5312, rec_loss 0.0101, p_loss 0.1317, quant_error 0.1279, utilization 0.2182, perplexity 13616.5213,
Train Epoch: [25/30] Iters:[630/1093] transplant_loss 1.5321, rec_loss 0.0100, p_loss 0.1317, quant_error 0.1281, utilization 0.2182, perplexity 13614.9767,
Train Epoch: [25/30] Iters:[640/1093] transplant_loss 1.5274, rec_loss 0.0099, p_loss 0.1315, quant_error 0.1277, utilization 0.2182, perplexity 13618.2352,
Train Epoch: [25/30] Iters:[650/1093] transplant_loss 1.5278, rec_loss 0.0100, p_loss 0.1316, quant_error 0.1279, utilization 0.2182, perplexity 13618.7748,
Train Epoch: [25/30] Iters:[660/1093] transplant_loss 1.5373, rec_loss 0.0101, p_loss 0.1323, quant_error 0.1289, utilization 0.2182, perplexity 13618.7516,
Train Epoch: [25/30] Iters:[670/1093] transplant_loss 1.5365, rec_loss 0.0102, p_loss 0.1322, quant_error 0.1287, utilization 0.2182, perplexity 13625.2459,
Train Epoch: [25/30] Iters:[680/1093] transplant_loss 1.5419, rec_loss 0.0103, p_loss 0.1321, quant_error 0.1293, utilization 0.2183, perplexity 13631.0547,
Train Epoch: [25/30] Iters:[690/1093] transplant_loss 1.5459, rec_loss 0.0103, p_loss 0.1325, quant_error 0.1296, utilization 0.2182, perplexity 13628.6682,
Train Epoch: [25/30] Iters:[700/1093] transplant_loss 1.5497, rec_loss 0.0103, p_loss 0.1326, quant_error 0.1300, utilization 0.2182, perplexity 13628.2276,
Train Epoch: [25/30] Iters:[710/1093] transplant_loss 1.5422, rec_loss 0.0102, p_loss 0.1318, quant_error 0.1292, utilization 0.2182, perplexity 13627.4487,
Train Epoch: [25/30] Iters:[720/1093] transplant_loss 1.5303, rec_loss 0.0100, p_loss 0.1315, quant_error 0.1279, utilization 0.2182, perplexity 13621.2205,
Train Epoch: [25/30] Iters:[730/1093] transplant_loss 1.5160, rec_loss 0.0098, p_loss 0.1309, quant_error 0.1262, utilization 0.2180, perplexity 13607.8296,
Train Epoch: [25/30] Iters:[740/1093] transplant_loss 1.5185, rec_loss 0.0098, p_loss 0.1307, quant_error 0.1264, utilization 0.2180, perplexity 13606.6365,
Train Epoch: [25/30] Iters:[750/1093] transplant_loss 1.5167, rec_loss 0.0099, p_loss 0.1304, quant_error 0.1259, utilization 0.2181, perplexity 13610.1907,
Train Epoch: [25/30] Iters:[760/1093] transplant_loss 1.5224, rec_loss 0.0100, p_loss 0.1308, quant_error 0.1266, utilization 0.2181, perplexity 13610.7368,
Train Epoch: [25/30] Iters:[770/1093] transplant_loss 1.5246, rec_loss 0.0100, p_loss 0.1307, quant_error 0.1269, utilization 0.2181, perplexity 13611.2437,
Train Epoch: [25/30] Iters:[780/1093] transplant_loss 1.5332, rec_loss 0.0102, p_loss 0.1311, quant_error 0.1279, utilization 0.2182, perplexity 13626.0409,
Train Epoch: [25/30] Iters:[790/1093] transplant_loss 1.5309, rec_loss 0.0101, p_loss 0.1312, quant_error 0.1276, utilization 0.2183, perplexity 13630.4831,
Train Epoch: [25/30] Iters:[800/1093] transplant_loss 1.5282, rec_loss 0.0101, p_loss 0.1311, quant_error 0.1273, utilization 0.2182, perplexity 13630.0814,
Train Epoch: [25/30] Iters:[810/1093] transplant_loss 1.5225, rec_loss 0.0100, p_loss 0.1307, quant_error 0.1267, utilization 0.2181, perplexity 13620.9371,
Train Epoch: [25/30] Iters:[820/1093] transplant_loss 1.5294, rec_loss 0.0100, p_loss 0.1312, quant_error 0.1273, utilization 0.2181, perplexity 13623.4927,
Train Epoch: [25/30] Iters:[830/1093] transplant_loss 1.5306, rec_loss 0.0101, p_loss 0.1313, quant_error 0.1275, utilization 0.2181, perplexity 13617.2074,
Train Epoch: [25/30] Iters:[840/1093] transplant_loss 1.5255, rec_loss 0.0100, p_loss 0.1309, quant_error 0.1272, utilization 0.2180, perplexity 13604.3472,
Train Epoch: [25/30] Iters:[850/1093] transplant_loss 1.5246, rec_loss 0.0100, p_loss 0.1311, quant_error 0.1272, utilization 0.2180, perplexity 13604.2936,
Train Epoch: [25/30] Iters:[860/1093] transplant_loss 1.5320, rec_loss 0.0101, p_loss 0.1314, quant_error 0.1278, utilization 0.2180, perplexity 13607.1660,
Train Epoch: [25/30] Iters:[870/1093] transplant_loss 1.5265, rec_loss 0.0100, p_loss 0.1312, quant_error 0.1272, utilization 0.2180, perplexity 13611.1870,
Train Epoch: [25/30] Iters:[880/1093] transplant_loss 1.5227, rec_loss 0.0100, p_loss 0.1307, quant_error 0.1265, utilization 0.2181, perplexity 13611.8299,
Train Epoch: [25/30] Iters:[890/1093] transplant_loss 1.5254, rec_loss 0.0100, p_loss 0.1310, quant_error 0.1267, utilization 0.2181, perplexity 13616.1812,
Train Epoch: [25/30] Iters:[900/1093] transplant_loss 1.5276, rec_loss 0.0101, p_loss 0.1310, quant_error 0.1270, utilization 0.2181, perplexity 13611.5733,
Train Epoch: [25/30] Iters:[910/1093] transplant_loss 1.5192, rec_loss 0.0099, p_loss 0.1308, quant_error 0.1263, utilization 0.2181, perplexity 13616.6752,
Train Epoch: [25/30] Iters:[920/1093] transplant_loss 1.5153, rec_loss 0.0099, p_loss 0.1307, quant_error 0.1260, utilization 0.2181, perplexity 13612.0638,
Train Epoch: [25/30] Iters:[930/1093] transplant_loss 1.5171, rec_loss 0.0100, p_loss 0.1311, quant_error 0.1263, utilization 0.2181, perplexity 13610.0981,
Train Epoch: [25/30] Iters:[940/1093] transplant_loss 1.5179, rec_loss 0.0100, p_loss 0.1311, quant_error 0.1266, utilization 0.2181, perplexity 13610.1744,
Train Epoch: [25/30] Iters:[950/1093] transplant_loss 1.5154, rec_loss 0.0100, p_loss 0.1312, quant_error 0.1263, utilization 0.2181, perplexity 13615.7333,
Train Epoch: [25/30] Iters:[960/1093] transplant_loss 1.5121, rec_loss 0.0099, p_loss 0.1307, quant_error 0.1259, utilization 0.2181, perplexity 13608.2262,
Train Epoch: [25/30] Iters:[970/1093] transplant_loss 1.5135, rec_loss 0.0100, p_loss 0.1309, quant_error 0.1260, utilization 0.2180, perplexity 13602.7336,
Train Epoch: [25/30] Iters:[980/1093] transplant_loss 1.5146, rec_loss 0.0100, p_loss 0.1311, quant_error 0.1261, utilization 0.2180, perplexity 13605.8145,
Train Epoch: [25/30] Iters:[990/1093] transplant_loss 1.5122, rec_loss 0.0100, p_loss 0.1309, quant_error 0.1258, utilization 0.2181, perplexity 13608.8671,
Train Epoch: [25/30] Iters:[1000/1093] transplant_loss 1.5211, rec_loss 0.0101, p_loss 0.1311, quant_error 0.1268, utilization 0.2181, perplexity 13609.2682,
Train Epoch: [25/30] Iters:[1010/1093] transplant_loss 1.5274, rec_loss 0.0102, p_loss 0.1317, quant_error 0.1275, utilization 0.2181, perplexity 13612.9476,
Train Epoch: [25/30] Iters:[1020/1093] transplant_loss 1.5279, rec_loss 0.0101, p_loss 0.1316, quant_error 0.1277, utilization 0.2181, perplexity 13613.5987,
Train Epoch: [25/30] Iters:[1030/1093] transplant_loss 1.5224, rec_loss 0.0101, p_loss 0.1309, quant_error 0.1273, utilization 0.2180, perplexity 13606.0275,
Train Epoch: [25/30] Iters:[1040/1093] transplant_loss 1.5254, rec_loss 0.0101, p_loss 0.1311, quant_error 0.1274, utilization 0.2179, perplexity 13598.1622,
Train Epoch: [25/30] Iters:[1050/1093] transplant_loss 1.5194, rec_loss 0.0100, p_loss 0.1309, quant_error 0.1267, utilization 0.2180, perplexity 13599.9416,
Train Epoch: [25/30] Iters:[1060/1093] transplant_loss 1.5160, rec_loss 0.0100, p_loss 0.1308, quant_error 0.1263, utilization 0.2180, perplexity 13603.9438,
Train Epoch: [25/30] Iters:[1070/1093] transplant_loss 1.5229, rec_loss 0.0100, p_loss 0.1311, quant_error 0.1271, utilization 0.2181, perplexity 13616.7451,
Train Epoch: [25/30] Iters:[1080/1093] transplant_loss 1.5259, rec_loss 0.0100, p_loss 0.1314, quant_error 0.1272, utilization 0.2181, perplexity 13617.9483,
Train Epoch: [25/30] Iters:[1090/1093] transplant_loss 1.5197, rec_loss 0.0099, p_loss 0.1310, quant_error 0.1264, utilization 0.2182, perplexity 13620.1523,
Loading pretrained model LPIPS from /home/sunset/.cache/torch/hub/pyiqa/LPIPS_v0.1_alex-df73285e.pth
epoch:26, cur_lr:0.000025
Train Epoch: [26/30] Iters:[10/1093] transplant_loss 1.5294, rec_loss 0.0101, p_loss 0.1305, quant_error 0.1269, utilization 0.2180, perplexity 13606.9543,
Train Epoch: [26/30] Iters:[20/1093] transplant_loss 1.5212, rec_loss 0.0100, p_loss 0.1307, quant_error 0.1265, utilization 0.2181, perplexity 13612.8920,
Train Epoch: [26/30] Iters:[30/1093] transplant_loss 1.5427, rec_loss 0.0103, p_loss 0.1315, quant_error 0.1287, utilization 0.2182, perplexity 13621.6627,
Train Epoch: [26/30] Iters:[40/1093] transplant_loss 1.5315, rec_loss 0.0102, p_loss 0.1311, quant_error 0.1273, utilization 0.2181, perplexity 13614.9975,
Train Epoch: [26/30] Iters:[50/1093] transplant_loss 1.5311, rec_loss 0.0102, p_loss 0.1313, quant_error 0.1274, utilization 0.2182, perplexity 13621.7051,
Train Epoch: [26/30] Iters:[60/1093] transplant_loss 1.5286, rec_loss 0.0101, p_loss 0.1315, quant_error 0.1273, utilization 0.2182, perplexity 13620.1857,
Train Epoch: [26/30] Iters:[70/1093] transplant_loss 1.5296, rec_loss 0.0100, p_loss 0.1314, quant_error 0.1274, utilization 0.2181, perplexity 13610.0141,
Train Epoch: [26/30] Iters:[80/1093] transplant_loss 1.5117, rec_loss 0.0098, p_loss 0.1307, quant_error 0.1256, utilization 0.2180, perplexity 13603.4149,
Train Epoch: [26/30] Iters:[90/1093] transplant_loss 1.5102, rec_loss 0.0098, p_loss 0.1308, quant_error 0.1257, utilization 0.2180, perplexity 13603.0431,
Train Epoch: [26/30] Iters:[100/1093] transplant_loss 1.5042, rec_loss 0.0097, p_loss 0.1306, quant_error 0.1250, utilization 0.2179, perplexity 13593.1813,
Train Epoch: [26/30] Iters:[110/1093] transplant_loss 1.5024, rec_loss 0.0097, p_loss 0.1304, quant_error 0.1248, utilization 0.2179, perplexity 13595.2889,
Train Epoch: [26/30] Iters:[120/1093] transplant_loss 1.5068, rec_loss 0.0097, p_loss 0.1308, quant_error 0.1252, utilization 0.2181, perplexity 13613.3008,
Train Epoch: [26/30] Iters:[130/1093] transplant_loss 1.5064, rec_loss 0.0097, p_loss 0.1310, quant_error 0.1251, utilization 0.2181, perplexity 13611.9360,
Train Epoch: [26/30] Iters:[140/1093] transplant_loss 1.5084, rec_loss 0.0097, p_loss 0.1311, quant_error 0.1254, utilization 0.2182, perplexity 13619.7468,
Train Epoch: [26/30] Iters:[150/1093] transplant_loss 1.5158, rec_loss 0.0098, p_loss 0.1312, quant_error 0.1262, utilization 0.2183, perplexity 13628.0157,
Train Epoch: [26/30] Iters:[160/1093] transplant_loss 1.5147, rec_loss 0.0099, p_loss 0.1309, quant_error 0.1260, utilization 0.2182, perplexity 13621.7709,
Train Epoch: [26/30] Iters:[170/1093] transplant_loss 1.5146, rec_loss 0.0099, p_loss 0.1308, quant_error 0.1258, utilization 0.2181, perplexity 13616.6433,
Train Epoch: [26/30] Iters:[180/1093] transplant_loss 1.5182, rec_loss 0.0099, p_loss 0.1308, quant_error 0.1262, utilization 0.2181, perplexity 13620.7282,
Train Epoch: [26/30] Iters:[190/1093] transplant_loss 1.5221, rec_loss 0.0099, p_loss 0.1308, quant_error 0.1266, utilization 0.2182, perplexity 13623.8295,
Train Epoch: [26/30] Iters:[200/1093] transplant_loss 1.5187, rec_loss 0.0099, p_loss 0.1308, quant_error 0.1261, utilization 0.2181, perplexity 13618.0551,
Train Epoch: [26/30] Iters:[210/1093] transplant_loss 1.5257, rec_loss 0.0100, p_loss 0.1313, quant_error 0.1268, utilization 0.2182, perplexity 13626.0551,
Train Epoch: [26/30] Iters:[220/1093] transplant_loss 1.5204, rec_loss 0.0099, p_loss 0.1312, quant_error 0.1266, utilization 0.2182, perplexity 13624.1727,
Train Epoch: [26/30] Iters:[230/1093] transplant_loss 1.5265, rec_loss 0.0100, p_loss 0.1316, quant_error 0.1274, utilization 0.2182, perplexity 13619.0698,
Train Epoch: [26/30] Iters:[240/1093] transplant_loss 1.5232, rec_loss 0.0100, p_loss 0.1318, quant_error 0.1271, utilization 0.2181, perplexity 13615.9887,
Train Epoch: [26/30] Iters:[250/1093] transplant_loss 1.5224, rec_loss 0.0100, p_loss 0.1316, quant_error 0.1271, utilization 0.2182, perplexity 13619.0308,
Train Epoch: [26/30] Iters:[260/1093] transplant_loss 1.5208, rec_loss 0.0100, p_loss 0.1317, quant_error 0.1271, utilization 0.2182, perplexity 13622.0320,
Train Epoch: [26/30] Iters:[270/1093] transplant_loss 1.5223, rec_loss 0.0100, p_loss 0.1321, quant_error 0.1273, utilization 0.2182, perplexity 13623.8753,
Train Epoch: [26/30] Iters:[280/1093] transplant_loss 1.5178, rec_loss 0.0100, p_loss 0.1319, quant_error 0.1267, utilization 0.2182, perplexity 13628.3773,
Train Epoch: [26/30] Iters:[290/1093] transplant_loss 1.5208, rec_loss 0.0101, p_loss 0.1315, quant_error 0.1270, utilization 0.2182, perplexity 13624.9706,
Train Epoch: [26/30] Iters:[300/1093] transplant_loss 1.5193, rec_loss 0.0101, p_loss 0.1311, quant_error 0.1267, utilization 0.2181, perplexity 13620.2772,
Train Epoch: [26/30] Iters:[310/1093] transplant_loss 1.5166, rec_loss 0.0100, p_loss 0.1309, quant_error 0.1266, utilization 0.2181, perplexity 13620.8443,
Train Epoch: [26/30] Iters:[320/1093] transplant_loss 1.5247, rec_loss 0.0101, p_loss 0.1307, quant_error 0.1271, utilization 0.2182, perplexity 13625.3435,
Train Epoch: [26/30] Iters:[330/1093] transplant_loss 1.5295, rec_loss 0.0101, p_loss 0.1306, quant_error 0.1276, utilization 0.2181, perplexity 13617.5708,
Train Epoch: [26/30] Iters:[340/1093] transplant_loss 1.5336, rec_loss 0.0101, p_loss 0.1312, quant_error 0.1282, utilization 0.2181, perplexity 13614.1847,
Train Epoch: [26/30] Iters:[350/1093] transplant_loss 1.5365, rec_loss 0.0101, p_loss 0.1316, quant_error 0.1285, utilization 0.2182, perplexity 13619.2720,
Train Epoch: [26/30] Iters:[360/1093] transplant_loss 1.5332, rec_loss 0.0101, p_loss 0.1313, quant_error 0.1280, utilization 0.2181, perplexity 13616.5630,
Train Epoch: [26/30] Iters:[370/1093] transplant_loss 1.5214, rec_loss 0.0099, p_loss 0.1307, quant_error 0.1268, utilization 0.2180, perplexity 13599.4386,
Train Epoch: [26/30] Iters:[380/1093] transplant_loss 1.5107, rec_loss 0.0099, p_loss 0.1305, quant_error 0.1256, utilization 0.2180, perplexity 13602.0761,
Train Epoch: [26/30] Iters:[390/1093] transplant_loss 1.5103, rec_loss 0.0098, p_loss 0.1305, quant_error 0.1256, utilization 0.2181, perplexity 13615.4967,
Train Epoch: [26/30] Iters:[400/1093] transplant_loss 1.5057, rec_loss 0.0098, p_loss 0.1306, quant_error 0.1250, utilization 0.2181, perplexity 13606.9812,
Train Epoch: [26/30] Iters:[410/1093] transplant_loss 1.5144, rec_loss 0.0099, p_loss 0.1312, quant_error 0.1259, utilization 0.2181, perplexity 13610.8401,
Train Epoch: [26/30] Iters:[420/1093] transplant_loss 1.5141, rec_loss 0.0100, p_loss 0.1313, quant_error 0.1259, utilization 0.2182, perplexity 13620.1893,
Train Epoch: [26/30] Iters:[430/1093] transplant_loss 1.5200, rec_loss 0.0101, p_loss 0.1315, quant_error 0.1265, utilization 0.2183, perplexity 13628.3475,
Train Epoch: [26/30] Iters:[440/1093] transplant_loss 1.5123, rec_loss 0.0100, p_loss 0.1309, quant_error 0.1255, utilization 0.2181, perplexity 13614.0479,
Train Epoch: [26/30] Iters:[450/1093] transplant_loss 1.5172, rec_loss 0.0100, p_loss 0.1309, quant_error 0.1262, utilization 0.2181, perplexity 13619.1520,
Train Epoch: [26/30] Iters:[460/1093] transplant_loss 1.5150, rec_loss 0.0099, p_loss 0.1307, quant_error 0.1259, utilization 0.2181, perplexity 13618.9845,
Train Epoch: [26/30] Iters:[470/1093] transplant_loss 1.5122, rec_loss 0.0098, p_loss 0.1306, quant_error 0.1258, utilization 0.2181, perplexity 13615.5553,
Train Epoch: [26/30] Iters:[480/1093] transplant_loss 1.5098, rec_loss 0.0098, p_loss 0.1303, quant_error 0.1256, utilization 0.2180, perplexity 13605.1621,
Train Epoch: [26/30] Iters:[490/1093] transplant_loss 1.5245, rec_loss 0.0099, p_loss 0.1314, quant_error 0.1271, utilization 0.2182, perplexity 13618.9430,
Train Epoch: [26/30] Iters:[500/1093] transplant_loss 1.5247, rec_loss 0.0100, p_loss 0.1316, quant_error 0.1271, utilization 0.2182, perplexity 13620.3721,
Train Epoch: [26/30] Iters:[510/1093] transplant_loss 1.5182, rec_loss 0.0099, p_loss 0.1310, quant_error 0.1264, utilization 0.2181, perplexity 13608.7403,
Train Epoch: [26/30] Iters:[520/1093] transplant_loss 1.5221, rec_loss 0.0099, p_loss 0.1309, quant_error 0.1267, utilization 0.2181, perplexity 13613.3058,
Train Epoch: [26/30] Iters:[530/1093] transplant_loss 1.5236, rec_loss 0.0099, p_loss 0.1313, quant_error 0.1267, utilization 0.2182, perplexity 13622.8393,
Train Epoch: [26/30] Iters:[540/1093] transplant_loss 1.5143, rec_loss 0.0098, p_loss 0.1306, quant_error 0.1258, utilization 0.2181, perplexity 13614.7132,
Train Epoch: [26/30] Iters:[550/1093] transplant_loss 1.5156, rec_loss 0.0098, p_loss 0.1305, quant_error 0.1260, utilization 0.2181, perplexity 13612.9144,
Train Epoch: [26/30] Iters:[560/1093] transplant_loss 1.5231, rec_loss 0.0099, p_loss 0.1315, quant_error 0.1268, utilization 0.2182, perplexity 13623.4080,
Train Epoch: [26/30] Iters:[570/1093] transplant_loss 1.5331, rec_loss 0.0101, p_loss 0.1319, quant_error 0.1279, utilization 0.2182, perplexity 13623.7529,
Train Epoch: [26/30] Iters:[580/1093] transplant_loss 1.5375, rec_loss 0.0102, p_loss 0.1319, quant_error 0.1284, utilization 0.2182, perplexity 13628.5122,
Train Epoch: [26/30] Iters:[590/1093] transplant_loss 1.5316, rec_loss 0.0101, p_loss 0.1316, quant_error 0.1277, utilization 0.2182, perplexity 13629.6337,
Train Epoch: [26/30] Iters:[600/1093] transplant_loss 1.5343, rec_loss 0.0101, p_loss 0.1320, quant_error 0.1280, utilization 0.2183, perplexity 13636.6768,
Train Epoch: [26/30] Iters:[610/1093] transplant_loss 1.5317, rec_loss 0.0100, p_loss 0.1316, quant_error 0.1276, utilization 0.2182, perplexity 13629.7643,
Train Epoch: [26/30] Iters:[620/1093] transplant_loss 1.5238, rec_loss 0.0098, p_loss 0.1315, quant_error 0.1268, utilization 0.2182, perplexity 13630.2428,
Train Epoch: [26/30] Iters:[630/1093] transplant_loss 1.5185, rec_loss 0.0097, p_loss 0.1316, quant_error 0.1265, utilization 0.2181, perplexity 13618.6226,
Train Epoch: [26/30] Iters:[640/1093] transplant_loss 1.5270, rec_loss 0.0099, p_loss 0.1319, quant_error 0.1275, utilization 0.2182, perplexity 13627.2548,
Train Epoch: [26/30] Iters:[650/1093] transplant_loss 1.5252, rec_loss 0.0098, p_loss 0.1316, quant_error 0.1273, utilization 0.2181, perplexity 13619.6093,
Train Epoch: [26/30] Iters:[660/1093] transplant_loss 1.5232, rec_loss 0.0099, p_loss 0.1316, quant_error 0.1270, utilization 0.2182, perplexity 13626.2392,
Train Epoch: [26/30] Iters:[670/1093] transplant_loss 1.5193, rec_loss 0.0099, p_loss 0.1312, quant_error 0.1264, utilization 0.2182, perplexity 13620.6544,
Train Epoch: [26/30] Iters:[680/1093] transplant_loss 1.5197, rec_loss 0.0099, p_loss 0.1309, quant_error 0.1263, utilization 0.2182, perplexity 13622.0080,
Train Epoch: [26/30] Iters:[690/1093] transplant_loss 1.5116, rec_loss 0.0098, p_loss 0.1304, quant_error 0.1254, utilization 0.2180, perplexity 13603.0433,
Train Epoch: [26/30] Iters:[700/1093] transplant_loss 1.5020, rec_loss 0.0097, p_loss 0.1297, quant_error 0.1243, utilization 0.2180, perplexity 13606.1068,
Train Epoch: [26/30] Iters:[710/1093] transplant_loss 1.5133, rec_loss 0.0098, p_loss 0.1300, quant_error 0.1257, utilization 0.2181, perplexity 13611.7988,
Train Epoch: [26/30] Iters:[720/1093] transplant_loss 1.5150, rec_loss 0.0099, p_loss 0.1303, quant_error 0.1261, utilization 0.2180, perplexity 13606.3301,
Train Epoch: [26/30] Iters:[730/1093] transplant_loss 1.5175, rec_loss 0.0100, p_loss 0.1305, quant_error 0.1265, utilization 0.2182, perplexity 13618.4361,
Train Epoch: [26/30] Iters:[740/1093] transplant_loss 1.5235, rec_loss 0.0101, p_loss 0.1311, quant_error 0.1270, utilization 0.2183, perplexity 13629.2999,
Train Epoch: [26/30] Iters:[750/1093] transplant_loss 1.5253, rec_loss 0.0100, p_loss 0.1313, quant_error 0.1273, utilization 0.2182, perplexity 13626.5653,
Train Epoch: [26/30] Iters:[760/1093] transplant_loss 1.5118, rec_loss 0.0099, p_loss 0.1311, quant_error 0.1257, utilization 0.2182, perplexity 13620.7132,
Train Epoch: [26/30] Iters:[770/1093] transplant_loss 1.5207, rec_loss 0.0099, p_loss 0.1314, quant_error 0.1266, utilization 0.2183, perplexity 13631.5058,
Train Epoch: [26/30] Iters:[780/1093] transplant_loss 1.5241, rec_loss 0.0100, p_loss 0.1316, quant_error 0.1268, utilization 0.2183, perplexity 13627.8474,
Train Epoch: [26/30] Iters:[790/1093] transplant_loss 1.5205, rec_loss 0.0099, p_loss 0.1310, quant_error 0.1264, utilization 0.2182, perplexity 13615.6882,
Train Epoch: [26/30] Iters:[800/1093] transplant_loss 1.5230, rec_loss 0.0100, p_loss 0.1312, quant_error 0.1267, utilization 0.2182, perplexity 13615.5088,
Train Epoch: [26/30] Iters:[810/1093] transplant_loss 1.5243, rec_loss 0.0099, p_loss 0.1307, quant_error 0.1269, utilization 0.2182, perplexity 13616.9586,
Train Epoch: [26/30] Iters:[820/1093] transplant_loss 1.5218, rec_loss 0.0099, p_loss 0.1305, quant_error 0.1266, utilization 0.2182, perplexity 13618.7097,
Train Epoch: [26/30] Iters:[830/1093] transplant_loss 1.5129, rec_loss 0.0098, p_loss 0.1301, quant_error 0.1256, utilization 0.2181, perplexity 13608.4438,
Train Epoch: [26/30] Iters:[840/1093] transplant_loss 1.5081, rec_loss 0.0098, p_loss 0.1302, quant_error 0.1252, utilization 0.2181, perplexity 13613.3613,
Train Epoch: [26/30] Iters:[850/1093] transplant_loss 1.5100, rec_loss 0.0097, p_loss 0.1302, quant_error 0.1254, utilization 0.2181, perplexity 13614.2552,
Train Epoch: [26/30] Iters:[860/1093] transplant_loss 1.5172, rec_loss 0.0098, p_loss 0.1305, quant_error 0.1261, utilization 0.2181, perplexity 13610.8626,
Train Epoch: [26/30] Iters:[870/1093] transplant_loss 1.5122, rec_loss 0.0097, p_loss 0.1302, quant_error 0.1255, utilization 0.2180, perplexity 13603.6467,
Train Epoch: [26/30] Iters:[880/1093] transplant_loss 1.5221, rec_loss 0.0099, p_loss 0.1314, quant_error 0.1268, utilization 0.2181, perplexity 13611.9753,
Train Epoch: [26/30] Iters:[890/1093] transplant_loss 1.5277, rec_loss 0.0099, p_loss 0.1314, quant_error 0.1275, utilization 0.2181, perplexity 13616.8772,
Train Epoch: [26/30] Iters:[900/1093] transplant_loss 1.5268, rec_loss 0.0100, p_loss 0.1315, quant_error 0.1273, utilization 0.2182, perplexity 13621.2526,
Train Epoch: [26/30] Iters:[910/1093] transplant_loss 1.5170, rec_loss 0.0099, p_loss 0.1310, quant_error 0.1263, utilization 0.2182, perplexity 13623.3199,
Train Epoch: [26/30] Iters:[920/1093] transplant_loss 1.5228, rec_loss 0.0100, p_loss 0.1315, quant_error 0.1270, utilization 0.2182, perplexity 13623.5971,
Train Epoch: [26/30] Iters:[930/1093] transplant_loss 1.5125, rec_loss 0.0098, p_loss 0.1304, quant_error 0.1255, utilization 0.2181, perplexity 13619.5818,
Train Epoch: [26/30] Iters:[940/1093] transplant_loss 1.5094, rec_loss 0.0099, p_loss 0.1305, quant_error 0.1251, utilization 0.2181, perplexity 13613.4263,
Train Epoch: [26/30] Iters:[950/1093] transplant_loss 1.5120, rec_loss 0.0098, p_loss 0.1306, quant_error 0.1255, utilization 0.2180, perplexity 13608.9655,
Train Epoch: [26/30] Iters:[960/1093] transplant_loss 1.5234, rec_loss 0.0100, p_loss 0.1314, quant_error 0.1267, utilization 0.2180, perplexity 13598.0214,
Train Epoch: [26/30] Iters:[970/1093] transplant_loss 1.5151, rec_loss 0.0099, p_loss 0.1310, quant_error 0.1258, utilization 0.2180, perplexity 13603.8423,
Train Epoch: [26/30] Iters:[980/1093] transplant_loss 1.5142, rec_loss 0.0098, p_loss 0.1309, quant_error 0.1258, utilization 0.2180, perplexity 13602.9503,
Train Epoch: [26/30] Iters:[990/1093] transplant_loss 1.5216, rec_loss 0.0098, p_loss 0.1313, quant_error 0.1265, utilization 0.2181, perplexity 13613.4815,
Train Epoch: [26/30] Iters:[1000/1093] transplant_loss 1.5207, rec_loss 0.0099, p_loss 0.1310, quant_error 0.1263, utilization 0.2182, perplexity 13621.4870,
Train Epoch: [26/30] Iters:[1010/1093] transplant_loss 1.5153, rec_loss 0.0098, p_loss 0.1306, quant_error 0.1260, utilization 0.2182, perplexity 13622.1570,
Train Epoch: [26/30] Iters:[1020/1093] transplant_loss 1.5207, rec_loss 0.0099, p_loss 0.1306, quant_error 0.1267, utilization 0.2182, perplexity 13619.6394,
Train Epoch: [26/30] Iters:[1030/1093] transplant_loss 1.5261, rec_loss 0.0100, p_loss 0.1309, quant_error 0.1274, utilization 0.2181, perplexity 13618.4536,
Train Epoch: [26/30] Iters:[1040/1093] transplant_loss 1.5265, rec_loss 0.0100, p_loss 0.1306, quant_error 0.1276, utilization 0.2181, perplexity 13610.5924,
Train Epoch: [26/30] Iters:[1050/1093] transplant_loss 1.5250, rec_loss 0.0100, p_loss 0.1308, quant_error 0.1276, utilization 0.2181, perplexity 13608.7981,
Train Epoch: [26/30] Iters:[1060/1093] transplant_loss 1.5277, rec_loss 0.0100, p_loss 0.1311, quant_error 0.1277, utilization 0.2181, perplexity 13609.6960,
Train Epoch: [26/30] Iters:[1070/1093] transplant_loss 1.5242, rec_loss 0.0100, p_loss 0.1312, quant_error 0.1271, utilization 0.2180, perplexity 13603.9365,
Train Epoch: [26/30] Iters:[1080/1093] transplant_loss 1.5383, rec_loss 0.0101, p_loss 0.1316, quant_error 0.1287, utilization 0.2181, perplexity 13607.7795,
Train Epoch: [26/30] Iters:[1090/1093] transplant_loss 1.5383, rec_loss 0.0101, p_loss 0.1315, quant_error 0.1285, utilization 0.2180, perplexity 13601.6971,
epoch:27, cur_lr:0.000022
Train Epoch: [27/30] Iters:[10/1093] transplant_loss 1.5255, rec_loss 0.0100, p_loss 0.1311, quant_error 0.1267, utilization 0.2182, perplexity 13612.2275,
Train Epoch: [27/30] Iters:[20/1093] transplant_loss 1.5277, rec_loss 0.0100, p_loss 0.1316, quant_error 0.1272, utilization 0.2183, perplexity 13631.4215,
Train Epoch: [27/30] Iters:[30/1093] transplant_loss 1.5176, rec_loss 0.0099, p_loss 0.1312, quant_error 0.1262, utilization 0.2183, perplexity 13636.9378,
Train Epoch: [27/30] Iters:[40/1093] transplant_loss 1.5091, rec_loss 0.0097, p_loss 0.1308, quant_error 0.1253, utilization 0.2182, perplexity 13627.7687,
Train Epoch: [27/30] Iters:[50/1093] transplant_loss 1.5068, rec_loss 0.0097, p_loss 0.1306, quant_error 0.1251, utilization 0.2183, perplexity 13633.8176,
Train Epoch: [27/30] Iters:[60/1093] transplant_loss 1.5109, rec_loss 0.0098, p_loss 0.1308, quant_error 0.1257, utilization 0.2183, perplexity 13636.6268,
Train Epoch: [27/30] Iters:[70/1093] transplant_loss 1.5085, rec_loss 0.0097, p_loss 0.1306, quant_error 0.1254, utilization 0.2182, perplexity 13624.7607,
Train Epoch: [27/30] Iters:[80/1093] transplant_loss 1.5097, rec_loss 0.0098, p_loss 0.1311, quant_error 0.1255, utilization 0.2181, perplexity 13619.5011,
Train Epoch: [27/30] Iters:[90/1093] transplant_loss 1.5236, rec_loss 0.0100, p_loss 0.1318, quant_error 0.1270, utilization 0.2182, perplexity 13625.2166,
Train Epoch: [27/30] Iters:[100/1093] transplant_loss 1.5273, rec_loss 0.0101, p_loss 0.1320, quant_error 0.1273, utilization 0.2182, perplexity 13619.9516,
Train Epoch: [27/30] Iters:[110/1093] transplant_loss 1.5205, rec_loss 0.0100, p_loss 0.1315, quant_error 0.1263, utilization 0.2181, perplexity 13611.3585,
Train Epoch: [27/30] Iters:[120/1093] transplant_loss 1.5205, rec_loss 0.0101, p_loss 0.1314, quant_error 0.1264, utilization 0.2181, perplexity 13616.7212,
Train Epoch: [27/30] Iters:[130/1093] transplant_loss 1.5243, rec_loss 0.0100, p_loss 0.1311, quant_error 0.1268, utilization 0.2181, perplexity 13615.2766,
Train Epoch: [27/30] Iters:[140/1093] transplant_loss 1.5142, rec_loss 0.0099, p_loss 0.1306, quant_error 0.1259, utilization 0.2180, perplexity 13608.1866,
Train Epoch: [27/30] Iters:[150/1093] transplant_loss 1.5220, rec_loss 0.0099, p_loss 0.1310, quant_error 0.1269, utilization 0.2180, perplexity 13607.3786,
Train Epoch: [27/30] Iters:[160/1093] transplant_loss 1.5242, rec_loss 0.0100, p_loss 0.1316, quant_error 0.1274, utilization 0.2181, perplexity 13617.2033,
Train Epoch: [27/30] Iters:[170/1093] transplant_loss 1.5300, rec_loss 0.0099, p_loss 0.1318, quant_error 0.1281, utilization 0.2182, perplexity 13620.0543,
Train Epoch: [27/30] Iters:[180/1093] transplant_loss 1.5357, rec_loss 0.0101, p_loss 0.1321, quant_error 0.1285, utilization 0.2182, perplexity 13624.7044,
Train Epoch: [27/30] Iters:[190/1093] transplant_loss 1.5367, rec_loss 0.0100, p_loss 0.1322, quant_error 0.1282, utilization 0.2183, perplexity 13628.3891,
Train Epoch: [27/30] Iters:[200/1093] transplant_loss 1.5321, rec_loss 0.0100, p_loss 0.1316, quant_error 0.1279, utilization 0.2183, perplexity 13624.6030,
Train Epoch: [27/30] Iters:[210/1093] transplant_loss 1.5373, rec_loss 0.0100, p_loss 0.1316, quant_error 0.1284, utilization 0.2182, perplexity 13618.6396,
Train Epoch: [27/30] Iters:[220/1093] transplant_loss 1.5287, rec_loss 0.0099, p_loss 0.1310, quant_error 0.1272, utilization 0.2181, perplexity 13608.9117,
Train Epoch: [27/30] Iters:[230/1093] transplant_loss 1.5230, rec_loss 0.0099, p_loss 0.1307, quant_error 0.1268, utilization 0.2181, perplexity 13609.6683,
Train Epoch: [27/30] Iters:[240/1093] transplant_loss 1.5213, rec_loss 0.0098, p_loss 0.1304, quant_error 0.1269, utilization 0.2180, perplexity 13613.8218,
Train Epoch: [27/30] Iters:[250/1093] transplant_loss 1.5209, rec_loss 0.0098, p_loss 0.1309, quant_error 0.1265, utilization 0.2181, perplexity 13614.6011,
Train Epoch: [27/30] Iters:[260/1093] transplant_loss 1.5113, rec_loss 0.0098, p_loss 0.1301, quant_error 0.1255, utilization 0.2181, perplexity 13618.8829,
Train Epoch: [27/30] Iters:[270/1093] transplant_loss 1.5175, rec_loss 0.0099, p_loss 0.1305, quant_error 0.1262, utilization 0.2181, perplexity 13613.8351,
Train Epoch: [27/30] Iters:[280/1093] transplant_loss 1.5163, rec_loss 0.0099, p_loss 0.1307, quant_error 0.1260, utilization 0.2181, perplexity 13606.5024,
Train Epoch: [27/30] Iters:[290/1093] transplant_loss 1.5205, rec_loss 0.0100, p_loss 0.1311, quant_error 0.1264, utilization 0.2181, perplexity 13602.4789,
Train Epoch: [27/30] Iters:[300/1093] transplant_loss 1.5173, rec_loss 0.0100, p_loss 0.1308, quant_error 0.1263, utilization 0.2181, perplexity 13604.8548,
Train Epoch: [27/30] Iters:[310/1093] transplant_loss 1.5189, rec_loss 0.0100, p_loss 0.1313, quant_error 0.1264, utilization 0.2180, perplexity 13597.1588,
Train Epoch: [27/30] Iters:[320/1093] transplant_loss 1.5162, rec_loss 0.0100, p_loss 0.1311, quant_error 0.1264, utilization 0.2181, perplexity 13611.3811,
Train Epoch: [27/30] Iters:[330/1093] transplant_loss 1.5123, rec_loss 0.0099, p_loss 0.1307, quant_error 0.1259, utilization 0.2181, perplexity 13612.9576,
Train Epoch: [27/30] Iters:[340/1093] transplant_loss 1.5166, rec_loss 0.0099, p_loss 0.1309, quant_error 0.1264, utilization 0.2181, perplexity 13613.7505,
Train Epoch: [27/30] Iters:[350/1093] transplant_loss 1.5290, rec_loss 0.0100, p_loss 0.1314, quant_error 0.1274, utilization 0.2181, perplexity 13612.8036,
Train Epoch: [27/30] Iters:[360/1093] transplant_loss 1.5364, rec_loss 0.0101, p_loss 0.1320, quant_error 0.1280, utilization 0.2181, perplexity 13615.2160,
Train Epoch: [27/30] Iters:[370/1093] transplant_loss 1.5445, rec_loss 0.0102, p_loss 0.1324, quant_error 0.1289, utilization 0.2181, perplexity 13615.4052,
Train Epoch: [27/30] Iters:[380/1093] transplant_loss 1.5515, rec_loss 0.0103, p_loss 0.1324, quant_error 0.1296, utilization 0.2181, perplexity 13620.5011,
Train Epoch: [27/30] Iters:[390/1093] transplant_loss 1.5471, rec_loss 0.0103, p_loss 0.1324, quant_error 0.1292, utilization 0.2181, perplexity 13616.9075,
Train Epoch: [27/30] Iters:[400/1093] transplant_loss 1.5337, rec_loss 0.0101, p_loss 0.1317, quant_error 0.1282, utilization 0.2181, perplexity 13620.0407,
Train Epoch: [27/30] Iters:[410/1093] transplant_loss 1.5257, rec_loss 0.0099, p_loss 0.1308, quant_error 0.1275, utilization 0.2181, perplexity 13617.9418,
Train Epoch: [27/30] Iters:[420/1093] transplant_loss 1.5119, rec_loss 0.0097, p_loss 0.1302, quant_error 0.1259, utilization 0.2180, perplexity 13611.1449,
Train Epoch: [27/30] Iters:[430/1093] transplant_loss 1.5132, rec_loss 0.0098, p_loss 0.1306, quant_error 0.1260, utilization 0.2180, perplexity 13606.9887,
Train Epoch: [27/30] Iters:[440/1093] transplant_loss 1.5147, rec_loss 0.0098, p_loss 0.1305, quant_error 0.1261, utilization 0.2180, perplexity 13607.0412,
Train Epoch: [27/30] Iters:[450/1093] transplant_loss 1.5140, rec_loss 0.0098, p_loss 0.1303, quant_error 0.1260, utilization 0.2180, perplexity 13602.5468,
Train Epoch: [27/30] Iters:[460/1093] transplant_loss 1.5174, rec_loss 0.0099, p_loss 0.1308, quant_error 0.1266, utilization 0.2181, perplexity 13613.2029,
Train Epoch: [27/30] Iters:[470/1093] transplant_loss 1.5217, rec_loss 0.0100, p_loss 0.1309, quant_error 0.1270, utilization 0.2182, perplexity 13622.0729,
Train Epoch: [27/30] Iters:[480/1093] transplant_loss 1.5251, rec_loss 0.0100, p_loss 0.1310, quant_error 0.1274, utilization 0.2182, perplexity 13622.7414,
Train Epoch: [27/30] Iters:[490/1093] transplant_loss 1.5231, rec_loss 0.0100, p_loss 0.1307, quant_error 0.1271, utilization 0.2183, perplexity 13628.6096,
Train Epoch: [27/30] Iters:[500/1093] transplant_loss 1.5300, rec_loss 0.0101, p_loss 0.1313, quant_error 0.1275, utilization 0.2183, perplexity 13629.9163,
Train Epoch: [27/30] Iters:[510/1093] transplant_loss 1.5295, rec_loss 0.0101, p_loss 0.1313, quant_error 0.1273, utilization 0.2182, perplexity 13625.9882,
Train Epoch: [27/30] Iters:[520/1093] transplant_loss 1.5295, rec_loss 0.0101, p_loss 0.1317, quant_error 0.1274, utilization 0.2182, perplexity 13623.1661,
Train Epoch: [27/30] Iters:[530/1093] transplant_loss 1.5189, rec_loss 0.0099, p_loss 0.1313, quant_error 0.1259, utilization 0.2182, perplexity 13618.5522,
Train Epoch: [27/30] Iters:[540/1093] transplant_loss 1.5172, rec_loss 0.0099, p_loss 0.1312, quant_error 0.1258, utilization 0.2181, perplexity 13612.0199,
Train Epoch: [27/30] Iters:[550/1093] transplant_loss 1.5168, rec_loss 0.0098, p_loss 0.1313, quant_error 0.1258, utilization 0.2181, perplexity 13614.8833,
Train Epoch: [27/30] Iters:[560/1093] transplant_loss 1.5183, rec_loss 0.0098, p_loss 0.1312, quant_error 0.1259, utilization 0.2182, perplexity 13615.7626,
Train Epoch: [27/30] Iters:[570/1093] transplant_loss 1.5234, rec_loss 0.0098, p_loss 0.1307, quant_error 0.1264, utilization 0.2182, perplexity 13618.7506,
Train Epoch: [27/30] Iters:[580/1093] transplant_loss 1.5240, rec_loss 0.0098, p_loss 0.1305, quant_error 0.1267, utilization 0.2182, perplexity 13623.2708,
Train Epoch: [27/30] Iters:[590/1093] transplant_loss 1.5309, rec_loss 0.0099, p_loss 0.1313, quant_error 0.1277, utilization 0.2182, perplexity 13620.6540,
Train Epoch: [27/30] Iters:[600/1093] transplant_loss 1.5359, rec_loss 0.0100, p_loss 0.1313, quant_error 0.1282, utilization 0.2182, perplexity 13624.7178,
Train Epoch: [27/30] Iters:[610/1093] transplant_loss 1.5387, rec_loss 0.0101, p_loss 0.1313, quant_error 0.1286, utilization 0.2182, perplexity 13620.4540,
Train Epoch: [27/30] Iters:[620/1093] transplant_loss 1.5351, rec_loss 0.0101, p_loss 0.1318, quant_error 0.1282, utilization 0.2182, perplexity 13622.2520,
Train Epoch: [27/30] Iters:[630/1093] transplant_loss 1.5445, rec_loss 0.0102, p_loss 0.1324, quant_error 0.1291, utilization 0.2182, perplexity 13625.9526,
Train Epoch: [27/30] Iters:[640/1093] transplant_loss 1.5480, rec_loss 0.0103, p_loss 0.1323, quant_error 0.1293, utilization 0.2183, perplexity 13640.3541,
Train Epoch: [27/30] Iters:[650/1093] transplant_loss 1.5466, rec_loss 0.0102, p_loss 0.1324, quant_error 0.1290, utilization 0.2183, perplexity 13633.2392,
Train Epoch: [27/30] Iters:[660/1093] transplant_loss 1.5383, rec_loss 0.0101, p_loss 0.1317, quant_error 0.1281, utilization 0.2183, perplexity 13637.7537,
Train Epoch: [27/30] Iters:[670/1093] transplant_loss 1.5343, rec_loss 0.0101, p_loss 0.1312, quant_error 0.1277, utilization 0.2182, perplexity 13627.9584,
Train Epoch: [27/30] Iters:[680/1093] transplant_loss 1.5210, rec_loss 0.0099, p_loss 0.1306, quant_error 0.1263, utilization 0.2182, perplexity 13625.4011,
Train Epoch: [27/30] Iters:[690/1093] transplant_loss 1.5123, rec_loss 0.0098, p_loss 0.1304, quant_error 0.1255, utilization 0.2181, perplexity 13614.1464,
Train Epoch: [27/30] Iters:[700/1093] transplant_loss 1.5048, rec_loss 0.0097, p_loss 0.1300, quant_error 0.1247, utilization 0.2181, perplexity 13616.0599,
Train Epoch: [27/30] Iters:[710/1093] transplant_loss 1.5105, rec_loss 0.0098, p_loss 0.1306, quant_error 0.1252, utilization 0.2181, perplexity 13611.2772,
Train Epoch: [27/30] Iters:[720/1093] transplant_loss 1.5115, rec_loss 0.0098, p_loss 0.1307, quant_error 0.1252, utilization 0.2181, perplexity 13617.7011,
Train Epoch: [27/30] Iters:[730/1093] transplant_loss 1.5229, rec_loss 0.0099, p_loss 0.1314, quant_error 0.1266, utilization 0.2182, perplexity 13620.6411,
Train Epoch: [27/30] Iters:[740/1093] transplant_loss 1.5165, rec_loss 0.0098, p_loss 0.1308, quant_error 0.1259, utilization 0.2182, perplexity 13624.1684,
Train Epoch: [27/30] Iters:[750/1093] transplant_loss 1.5225, rec_loss 0.0099, p_loss 0.1309, quant_error 0.1267, utilization 0.2182, perplexity 13628.9184,
Train Epoch: [27/30] Iters:[760/1093] transplant_loss 1.5220, rec_loss 0.0099, p_loss 0.1306, quant_error 0.1267, utilization 0.2182, perplexity 13626.6677,
Train Epoch: [27/30] Iters:[770/1093] transplant_loss 1.5261, rec_loss 0.0100, p_loss 0.1307, quant_error 0.1271, utilization 0.2182, perplexity 13622.7504,
Train Epoch: [27/30] Iters:[780/1093] transplant_loss 1.5238, rec_loss 0.0100, p_loss 0.1305, quant_error 0.1268, utilization 0.2181, perplexity 13619.1359,
Train Epoch: [27/30] Iters:[790/1093] transplant_loss 1.5280, rec_loss 0.0101, p_loss 0.1308, quant_error 0.1273, utilization 0.2181, perplexity 13616.9413,
Train Epoch: [27/30] Iters:[800/1093] transplant_loss 1.5224, rec_loss 0.0100, p_loss 0.1307, quant_error 0.1267, utilization 0.2180, perplexity 13611.6063,
Train Epoch: [27/30] Iters:[810/1093] transplant_loss 1.5160, rec_loss 0.0099, p_loss 0.1307, quant_error 0.1260, utilization 0.2181, perplexity 13613.4871,
Train Epoch: [27/30] Iters:[820/1093] transplant_loss 1.5151, rec_loss 0.0099, p_loss 0.1305, quant_error 0.1259, utilization 0.2181, perplexity 13614.1267,
Train Epoch: [27/30] Iters:[830/1093] transplant_loss 1.5104, rec_loss 0.0099, p_loss 0.1303, quant_error 0.1253, utilization 0.2181, perplexity 13615.7161,
Train Epoch: [27/30] Iters:[840/1093] transplant_loss 1.5201, rec_loss 0.0100, p_loss 0.1308, quant_error 0.1264, utilization 0.2182, perplexity 13620.8497,
Train Epoch: [27/30] Iters:[850/1093] transplant_loss 1.5230, rec_loss 0.0100, p_loss 0.1309, quant_error 0.1268, utilization 0.2182, perplexity 13625.6877,
Train Epoch: [27/30] Iters:[860/1093] transplant_loss 1.5246, rec_loss 0.0100, p_loss 0.1310, quant_error 0.1270, utilization 0.2182, perplexity 13621.8763,
Train Epoch: [27/30] Iters:[870/1093] transplant_loss 1.5200, rec_loss 0.0099, p_loss 0.1309, quant_error 0.1264, utilization 0.2182, perplexity 13623.6876,
Train Epoch: [27/30] Iters:[880/1093] transplant_loss 1.5297, rec_loss 0.0100, p_loss 0.1313, quant_error 0.1273, utilization 0.2182, perplexity 13621.8981,
Train Epoch: [27/30] Iters:[890/1093] transplant_loss 1.5259, rec_loss 0.0100, p_loss 0.1312, quant_error 0.1268, utilization 0.2182, perplexity 13625.8369,
Train Epoch: [27/30] Iters:[900/1093] transplant_loss 1.5167, rec_loss 0.0099, p_loss 0.1307, quant_error 0.1256, utilization 0.2181, perplexity 13619.2205,
Train Epoch: [27/30] Iters:[910/1093] transplant_loss 1.5180, rec_loss 0.0099, p_loss 0.1309, quant_error 0.1257, utilization 0.2182, perplexity 13626.5903,
Train Epoch: [27/30] Iters:[920/1093] transplant_loss 1.5180, rec_loss 0.0100, p_loss 0.1308, quant_error 0.1257, utilization 0.2181, perplexity 13619.1411,
Train Epoch: [27/30] Iters:[930/1093] transplant_loss 1.5107, rec_loss 0.0099, p_loss 0.1305, quant_error 0.1251, utilization 0.2181, perplexity 13619.5045,
Train Epoch: [27/30] Iters:[940/1093] transplant_loss 1.5088, rec_loss 0.0099, p_loss 0.1305, quant_error 0.1251, utilization 0.2181, perplexity 13615.3021,
Train Epoch: [27/30] Iters:[950/1093] transplant_loss 1.5088, rec_loss 0.0099, p_loss 0.1304, quant_error 0.1251, utilization 0.2180, perplexity 13609.0683,
Train Epoch: [27/30] Iters:[960/1093] transplant_loss 1.5151, rec_loss 0.0099, p_loss 0.1305, quant_error 0.1258, utilization 0.2180, perplexity 13603.3722,
Train Epoch: [27/30] Iters:[970/1093] transplant_loss 1.5172, rec_loss 0.0099, p_loss 0.1307, quant_error 0.1263, utilization 0.2181, perplexity 13609.1007,
Train Epoch: [27/30] Iters:[980/1093] transplant_loss 1.5168, rec_loss 0.0100, p_loss 0.1306, quant_error 0.1263, utilization 0.2180, perplexity 13609.9608,
Train Epoch: [27/30] Iters:[990/1093] transplant_loss 1.5145, rec_loss 0.0099, p_loss 0.1304, quant_error 0.1258, utilization 0.2181, perplexity 13616.0578,
Train Epoch: [27/30] Iters:[1000/1093] transplant_loss 1.5198, rec_loss 0.0100, p_loss 0.1308, quant_error 0.1265, utilization 0.2182, perplexity 13624.9870,
Train Epoch: [27/30] Iters:[1010/1093] transplant_loss 1.5180, rec_loss 0.0100, p_loss 0.1306, quant_error 0.1262, utilization 0.2183, perplexity 13630.2462,
Train Epoch: [27/30] Iters:[1020/1093] transplant_loss 1.5289, rec_loss 0.0101, p_loss 0.1312, quant_error 0.1273, utilization 0.2184, perplexity 13638.1289,
Train Epoch: [27/30] Iters:[1030/1093] transplant_loss 1.5236, rec_loss 0.0100, p_loss 0.1311, quant_error 0.1267, utilization 0.2184, perplexity 13636.1053,
Train Epoch: [27/30] Iters:[1040/1093] transplant_loss 1.5309, rec_loss 0.0101, p_loss 0.1312, quant_error 0.1275, utilization 0.2182, perplexity 13625.3934,
Train Epoch: [27/30] Iters:[1050/1093] transplant_loss 1.5334, rec_loss 0.0101, p_loss 0.1313, quant_error 0.1277, utilization 0.2182, perplexity 13618.8230,
Train Epoch: [27/30] Iters:[1060/1093] transplant_loss 1.5301, rec_loss 0.0101, p_loss 0.1317, quant_error 0.1275, utilization 0.2181, perplexity 13607.9311,
Train Epoch: [27/30] Iters:[1070/1093] transplant_loss 1.5238, rec_loss 0.0100, p_loss 0.1311, quant_error 0.1270, utilization 0.2180, perplexity 13599.0705,
Train Epoch: [27/30] Iters:[1080/1093] transplant_loss 1.5232, rec_loss 0.0099, p_loss 0.1312, quant_error 0.1271, utilization 0.2180, perplexity 13599.1646,
Train Epoch: [27/30] Iters:[1090/1093] transplant_loss 1.5160, rec_loss 0.0098, p_loss 0.1312, quant_error 0.1265, utilization 0.2180, perplexity 13600.0672,
epoch:28, cur_lr:0.000019
Train Epoch: [28/30] Iters:[10/1093] transplant_loss 1.5230, rec_loss 0.0097, p_loss 0.1319, quant_error 0.1268, utilization 0.2181, perplexity 13615.9151,
Train Epoch: [28/30] Iters:[20/1093] transplant_loss 1.5266, rec_loss 0.0100, p_loss 0.1312, quant_error 0.1271, utilization 0.2184, perplexity 13643.0531,
Train Epoch: [28/30] Iters:[30/1093] transplant_loss 1.5212, rec_loss 0.0099, p_loss 0.1315, quant_error 0.1266, utilization 0.2184, perplexity 13637.1044,
Train Epoch: [28/30] Iters:[40/1093] transplant_loss 1.5189, rec_loss 0.0099, p_loss 0.1315, quant_error 0.1262, utilization 0.2183, perplexity 13633.9003,
Train Epoch: [28/30] Iters:[50/1093] transplant_loss 1.5237, rec_loss 0.0099, p_loss 0.1315, quant_error 0.1269, utilization 0.2183, perplexity 13632.9719,
Train Epoch: [28/30] Iters:[60/1093] transplant_loss 1.5257, rec_loss 0.0100, p_loss 0.1311, quant_error 0.1271, utilization 0.2183, perplexity 13632.2518,
Train Epoch: [28/30] Iters:[70/1093] transplant_loss 1.5190, rec_loss 0.0098, p_loss 0.1308, quant_error 0.1263, utilization 0.2181, perplexity 13614.0747,
Train Epoch: [28/30] Iters:[80/1093] transplant_loss 1.5210, rec_loss 0.0099, p_loss 0.1302, quant_error 0.1266, utilization 0.2181, perplexity 13611.2505,
Train Epoch: [28/30] Iters:[90/1093] transplant_loss 1.5242, rec_loss 0.0099, p_loss 0.1305, quant_error 0.1269, utilization 0.2181, perplexity 13617.1073,
Train Epoch: [28/30] Iters:[100/1093] transplant_loss 1.5191, rec_loss 0.0099, p_loss 0.1304, quant_error 0.1264, utilization 0.2181, perplexity 13613.8913,
Train Epoch: [28/30] Iters:[110/1093] transplant_loss 1.5179, rec_loss 0.0099, p_loss 0.1307, quant_error 0.1264, utilization 0.2181, perplexity 13612.2441,
Train Epoch: [28/30] Iters:[120/1093] transplant_loss 1.5248, rec_loss 0.0099, p_loss 0.1312, quant_error 0.1271, utilization 0.2182, perplexity 13625.7648,
Train Epoch: [28/30] Iters:[130/1093] transplant_loss 1.5294, rec_loss 0.0099, p_loss 0.1317, quant_error 0.1275, utilization 0.2183, perplexity 13627.3423,
Train Epoch: [28/30] Iters:[140/1093] transplant_loss 1.5337, rec_loss 0.0099, p_loss 0.1314, quant_error 0.1281, utilization 0.2182, perplexity 13616.0990,
Train Epoch: [28/30] Iters:[150/1093] transplant_loss 1.5353, rec_loss 0.0100, p_loss 0.1314, quant_error 0.1280, utilization 0.2181, perplexity 13615.0259,
Train Epoch: [28/30] Iters:[160/1093] transplant_loss 1.5378, rec_loss 0.0101, p_loss 0.1316, quant_error 0.1283, utilization 0.2182, perplexity 13626.7748,
Train Epoch: [28/30] Iters:[170/1093] transplant_loss 1.5396, rec_loss 0.0102, p_loss 0.1314, quant_error 0.1286, utilization 0.2182, perplexity 13624.9448,
Train Epoch: [28/30] Iters:[180/1093] transplant_loss 1.5361, rec_loss 0.0101, p_loss 0.1315, quant_error 0.1282, utilization 0.2181, perplexity 13620.1151,
Train Epoch: [28/30] Iters:[190/1093] transplant_loss 1.5302, rec_loss 0.0101, p_loss 0.1313, quant_error 0.1275, utilization 0.2182, perplexity 13627.2831,
Train Epoch: [28/30] Iters:[200/1093] transplant_loss 1.5290, rec_loss 0.0100, p_loss 0.1313, quant_error 0.1276, utilization 0.2182, perplexity 13628.9017,
Train Epoch: [28/30] Iters:[210/1093] transplant_loss 1.5206, rec_loss 0.0099, p_loss 0.1307, quant_error 0.1265, utilization 0.2181, perplexity 13617.0234,
Train Epoch: [28/30] Iters:[220/1093] transplant_loss 1.5114, rec_loss 0.0097, p_loss 0.1305, quant_error 0.1255, utilization 0.2181, perplexity 13611.6734,
Train Epoch: [28/30] Iters:[230/1093] transplant_loss 1.5100, rec_loss 0.0098, p_loss 0.1300, quant_error 0.1255, utilization 0.2181, perplexity 13616.8057,
Train Epoch: [28/30] Iters:[240/1093] transplant_loss 1.5127, rec_loss 0.0097, p_loss 0.1302, quant_error 0.1256, utilization 0.2181, perplexity 13615.5396,
Train Epoch: [28/30] Iters:[250/1093] transplant_loss 1.5146, rec_loss 0.0098, p_loss 0.1306, quant_error 0.1256, utilization 0.2181, perplexity 13619.0653,
Train Epoch: [28/30] Iters:[260/1093] transplant_loss 1.5144, rec_loss 0.0097, p_loss 0.1306, quant_error 0.1254, utilization 0.2182, perplexity 13622.1067,
Train Epoch: [28/30] Iters:[270/1093] transplant_loss 1.5202, rec_loss 0.0098, p_loss 0.1307, quant_error 0.1258, utilization 0.2182, perplexity 13624.6395,
Train Epoch: [28/30] Iters:[280/1093] transplant_loss 1.5221, rec_loss 0.0098, p_loss 0.1311, quant_error 0.1259, utilization 0.2182, perplexity 13625.4281,
Train Epoch: [28/30] Iters:[290/1093] transplant_loss 1.5235, rec_loss 0.0099, p_loss 0.1311, quant_error 0.1265, utilization 0.2182, perplexity 13626.1494,
Train Epoch: [28/30] Iters:[300/1093] transplant_loss 1.5199, rec_loss 0.0099, p_loss 0.1307, quant_error 0.1261, utilization 0.2181, perplexity 13618.3200,
Train Epoch: [28/30] Iters:[310/1093] transplant_loss 1.5244, rec_loss 0.0100, p_loss 0.1311, quant_error 0.1271, utilization 0.2181, perplexity 13614.9243,
Train Epoch: [28/30] Iters:[320/1093] transplant_loss 1.5247, rec_loss 0.0101, p_loss 0.1313, quant_error 0.1272, utilization 0.2181, perplexity 13611.4252,
Train Epoch: [28/30] Iters:[330/1093] transplant_loss 1.5194, rec_loss 0.0100, p_loss 0.1308, quant_error 0.1267, utilization 0.2180, perplexity 13604.7653,
Train Epoch: [28/30] Iters:[340/1093] transplant_loss 1.5156, rec_loss 0.0099, p_loss 0.1307, quant_error 0.1262, utilization 0.2181, perplexity 13610.0467,
Train Epoch: [28/30] Iters:[350/1093] transplant_loss 1.5105, rec_loss 0.0098, p_loss 0.1303, quant_error 0.1256, utilization 0.2181, perplexity 13615.1591,
Train Epoch: [28/30] Iters:[360/1093] transplant_loss 1.5103, rec_loss 0.0098, p_loss 0.1303, quant_error 0.1253, utilization 0.2181, perplexity 13618.2258,
Train Epoch: [28/30] Iters:[370/1093] transplant_loss 1.5089, rec_loss 0.0098, p_loss 0.1305, quant_error 0.1253, utilization 0.2182, perplexity 13620.1708,
Train Epoch: [28/30] Iters:[380/1093] transplant_loss 1.5129, rec_loss 0.0099, p_loss 0.1311, quant_error 0.1256, utilization 0.2183, perplexity 13631.0848,
Train Epoch: [28/30] Iters:[390/1093] transplant_loss 1.5081, rec_loss 0.0098, p_loss 0.1308, quant_error 0.1248, utilization 0.2182, perplexity 13622.5846,
Train Epoch: [28/30] Iters:[400/1093] transplant_loss 1.5111, rec_loss 0.0099, p_loss 0.1310, quant_error 0.1252, utilization 0.2182, perplexity 13618.4765,
Train Epoch: [28/30] Iters:[410/1093] transplant_loss 1.5216, rec_loss 0.0099, p_loss 0.1311, quant_error 0.1264, utilization 0.2182, perplexity 13626.4557,
Train Epoch: [28/30] Iters:[420/1093] transplant_loss 1.5196, rec_loss 0.0099, p_loss 0.1309, quant_error 0.1262, utilization 0.2183, perplexity 13630.3993,
Train Epoch: [28/30] Iters:[430/1093] transplant_loss 1.5207, rec_loss 0.0099, p_loss 0.1306, quant_error 0.1263, utilization 0.2182, perplexity 13626.5397,
Train Epoch: [28/30] Iters:[440/1093] transplant_loss 1.5221, rec_loss 0.0099, p_loss 0.1308, quant_error 0.1267, utilization 0.2182, perplexity 13627.3043,
Train Epoch: [28/30] Iters:[450/1093] transplant_loss 1.5271, rec_loss 0.0099, p_loss 0.1310, quant_error 0.1272, utilization 0.2183, perplexity 13635.2392,
Train Epoch: [28/30] Iters:[460/1093] transplant_loss 1.5119, rec_loss 0.0097, p_loss 0.1303, quant_error 0.1255, utilization 0.2182, perplexity 13624.1616,
Train Epoch: [28/30] Iters:[470/1093] transplant_loss 1.5119, rec_loss 0.0097, p_loss 0.1300, quant_error 0.1255, utilization 0.2181, perplexity 13614.8928,
Train Epoch: [28/30] Iters:[480/1093] transplant_loss 1.5038, rec_loss 0.0097, p_loss 0.1299, quant_error 0.1245, utilization 0.2181, perplexity 13612.5153,
Train Epoch: [28/30] Iters:[490/1093] transplant_loss 1.5059, rec_loss 0.0097, p_loss 0.1300, quant_error 0.1246, utilization 0.2181, perplexity 13613.5750,
Train Epoch: [28/30] Iters:[500/1093] transplant_loss 1.5014, rec_loss 0.0097, p_loss 0.1298, quant_error 0.1241, utilization 0.2180, perplexity 13607.8773,
Train Epoch: [28/30] Iters:[510/1093] transplant_loss 1.5096, rec_loss 0.0098, p_loss 0.1303, quant_error 0.1249, utilization 0.2181, perplexity 13619.2102,
Train Epoch: [28/30] Iters:[520/1093] transplant_loss 1.5049, rec_loss 0.0098, p_loss 0.1303, quant_error 0.1244, utilization 0.2182, perplexity 13624.1629,
Train Epoch: [28/30] Iters:[530/1093] transplant_loss 1.5103, rec_loss 0.0098, p_loss 0.1300, quant_error 0.1250, utilization 0.2183, perplexity 13627.4650,
Train Epoch: [28/30] Iters:[540/1093] transplant_loss 1.5216, rec_loss 0.0100, p_loss 0.1307, quant_error 0.1261, utilization 0.2183, perplexity 13632.9554,
Train Epoch: [28/30] Iters:[550/1093] transplant_loss 1.5239, rec_loss 0.0100, p_loss 0.1311, quant_error 0.1265, utilization 0.2183, perplexity 13633.2597,
Train Epoch: [28/30] Iters:[560/1093] transplant_loss 1.5191, rec_loss 0.0099, p_loss 0.1309, quant_error 0.1262, utilization 0.2182, perplexity 13621.4664,
Train Epoch: [28/30] Iters:[570/1093] transplant_loss 1.5300, rec_loss 0.0101, p_loss 0.1312, quant_error 0.1273, utilization 0.2182, perplexity 13621.9566,
Train Epoch: [28/30] Iters:[580/1093] transplant_loss 1.5289, rec_loss 0.0101, p_loss 0.1317, quant_error 0.1271, utilization 0.2182, perplexity 13624.5271,
Train Epoch: [28/30] Iters:[590/1093] transplant_loss 1.5227, rec_loss 0.0100, p_loss 0.1313, quant_error 0.1267, utilization 0.2181, perplexity 13613.0118,
Train Epoch: [28/30] Iters:[600/1093] transplant_loss 1.5197, rec_loss 0.0100, p_loss 0.1308, quant_error 0.1262, utilization 0.2181, perplexity 13607.9355,
Train Epoch: [28/30] Iters:[610/1093] transplant_loss 1.5207, rec_loss 0.0100, p_loss 0.1310, quant_error 0.1261, utilization 0.2181, perplexity 13614.1949,
Train Epoch: [28/30] Iters:[620/1093] transplant_loss 1.5133, rec_loss 0.0099, p_loss 0.1308, quant_error 0.1254, utilization 0.2181, perplexity 13613.0641,
Train Epoch: [28/30] Iters:[630/1093] transplant_loss 1.5203, rec_loss 0.0100, p_loss 0.1305, quant_error 0.1263, utilization 0.2180, perplexity 13600.0433,
Train Epoch: [28/30] Iters:[640/1093] transplant_loss 1.5206, rec_loss 0.0100, p_loss 0.1303, quant_error 0.1264, utilization 0.2181, perplexity 13606.7776,
Train Epoch: [28/30] Iters:[650/1093] transplant_loss 1.5269, rec_loss 0.0100, p_loss 0.1307, quant_error 0.1272, utilization 0.2181, perplexity 13609.4748,
Train Epoch: [28/30] Iters:[660/1093] transplant_loss 1.5245, rec_loss 0.0099, p_loss 0.1304, quant_error 0.1273, utilization 0.2180, perplexity 13605.0682,
Train Epoch: [28/30] Iters:[670/1093] transplant_loss 1.5246, rec_loss 0.0098, p_loss 0.1304, quant_error 0.1271, utilization 0.2180, perplexity 13603.9442,
Train Epoch: [28/30] Iters:[680/1093] transplant_loss 1.5175, rec_loss 0.0098, p_loss 0.1305, quant_error 0.1264, utilization 0.2181, perplexity 13616.4876,
Train Epoch: [28/30] Iters:[690/1093] transplant_loss 1.5079, rec_loss 0.0097, p_loss 0.1303, quant_error 0.1251, utilization 0.2181, perplexity 13612.9978,
Train Epoch: [28/30] Iters:[700/1093] transplant_loss 1.4991, rec_loss 0.0097, p_loss 0.1296, quant_error 0.1240, utilization 0.2180, perplexity 13604.6539,
Train Epoch: [28/30] Iters:[710/1093] transplant_loss 1.5033, rec_loss 0.0098, p_loss 0.1301, quant_error 0.1243, utilization 0.2180, perplexity 13605.4802,
Train Epoch: [28/30] Iters:[720/1093] transplant_loss 1.5101, rec_loss 0.0099, p_loss 0.1304, quant_error 0.1251, utilization 0.2181, perplexity 13613.6315,
Train Epoch: [28/30] Iters:[730/1093] transplant_loss 1.5199, rec_loss 0.0099, p_loss 0.1308, quant_error 0.1260, utilization 0.2181, perplexity 13616.7844,
Train Epoch: [28/30] Iters:[740/1093] transplant_loss 1.5252, rec_loss 0.0100, p_loss 0.1311, quant_error 0.1267, utilization 0.2181, perplexity 13619.4392,
Train Epoch: [28/30] Iters:[750/1093] transplant_loss 1.5347, rec_loss 0.0101, p_loss 0.1317, quant_error 0.1278, utilization 0.2183, perplexity 13632.9244,
Train Epoch: [28/30] Iters:[760/1093] transplant_loss 1.5356, rec_loss 0.0101, p_loss 0.1316, quant_error 0.1279, utilization 0.2183, perplexity 13640.2709,
Train Epoch: [28/30] Iters:[770/1093] transplant_loss 1.5349, rec_loss 0.0101, p_loss 0.1319, quant_error 0.1277, utilization 0.2183, perplexity 13634.4599,
Train Epoch: [28/30] Iters:[780/1093] transplant_loss 1.5356, rec_loss 0.0101, p_loss 0.1320, quant_error 0.1278, utilization 0.2183, perplexity 13635.2110,
Train Epoch: [28/30] Iters:[790/1093] transplant_loss 1.5374, rec_loss 0.0101, p_loss 0.1322, quant_error 0.1283, utilization 0.2182, perplexity 13623.7790,
Train Epoch: [28/30] Iters:[800/1093] transplant_loss 1.5307, rec_loss 0.0100, p_loss 0.1317, quant_error 0.1274, utilization 0.2181, perplexity 13615.5885,
Train Epoch: [28/30] Iters:[810/1093] transplant_loss 1.5314, rec_loss 0.0100, p_loss 0.1315, quant_error 0.1273, utilization 0.2181, perplexity 13609.0963,
Train Epoch: [28/30] Iters:[820/1093] transplant_loss 1.5270, rec_loss 0.0099, p_loss 0.1311, quant_error 0.1269, utilization 0.2180, perplexity 13606.0959,
Train Epoch: [28/30] Iters:[830/1093] transplant_loss 1.5201, rec_loss 0.0098, p_loss 0.1307, quant_error 0.1262, utilization 0.2180, perplexity 13601.6123,
Train Epoch: [28/30] Iters:[840/1093] transplant_loss 1.5164, rec_loss 0.0098, p_loss 0.1305, quant_error 0.1255, utilization 0.2181, perplexity 13610.1893,
Train Epoch: [28/30] Iters:[850/1093] transplant_loss 1.5108, rec_loss 0.0098, p_loss 0.1304, quant_error 0.1250, utilization 0.2181, perplexity 13612.2592,
Train Epoch: [28/30] Iters:[860/1093] transplant_loss 1.5048, rec_loss 0.0097, p_loss 0.1302, quant_error 0.1247, utilization 0.2182, perplexity 13621.2037,
Train Epoch: [28/30] Iters:[870/1093] transplant_loss 1.5079, rec_loss 0.0098, p_loss 0.1301, quant_error 0.1250, utilization 0.2181, perplexity 13614.0852,
Train Epoch: [28/30] Iters:[880/1093] transplant_loss 1.5018, rec_loss 0.0098, p_loss 0.1298, quant_error 0.1244, utilization 0.2180, perplexity 13608.4180,
Train Epoch: [28/30] Iters:[890/1093] transplant_loss 1.5097, rec_loss 0.0099, p_loss 0.1299, quant_error 0.1253, utilization 0.2181, perplexity 13618.8157,
Train Epoch: [28/30] Iters:[900/1093] transplant_loss 1.5161, rec_loss 0.0100, p_loss 0.1302, quant_error 0.1261, utilization 0.2182, perplexity 13625.9125,
Train Epoch: [28/30] Iters:[910/1093] transplant_loss 1.5205, rec_loss 0.0100, p_loss 0.1304, quant_error 0.1266, utilization 0.2182, perplexity 13622.6693,
Train Epoch: [28/30] Iters:[920/1093] transplant_loss 1.5226, rec_loss 0.0099, p_loss 0.1304, quant_error 0.1268, utilization 0.2182, perplexity 13628.9351,
Train Epoch: [28/30] Iters:[930/1093] transplant_loss 1.5274, rec_loss 0.0100, p_loss 0.1307, quant_error 0.1274, utilization 0.2183, perplexity 13634.5062,
Train Epoch: [28/30] Iters:[940/1093] transplant_loss 1.5229, rec_loss 0.0100, p_loss 0.1307, quant_error 0.1271, utilization 0.2182, perplexity 13625.5169,
Train Epoch: [28/30] Iters:[950/1093] transplant_loss 1.5224, rec_loss 0.0099, p_loss 0.1306, quant_error 0.1269, utilization 0.2182, perplexity 13624.9542,
Train Epoch: [28/30] Iters:[960/1093] transplant_loss 1.5197, rec_loss 0.0099, p_loss 0.1303, quant_error 0.1264, utilization 0.2181, perplexity 13617.5426,
Train Epoch: [28/30] Iters:[970/1093] transplant_loss 1.5185, rec_loss 0.0099, p_loss 0.1303, quant_error 0.1263, utilization 0.2182, perplexity 13623.2305,
Train Epoch: [28/30] Iters:[980/1093] transplant_loss 1.5240, rec_loss 0.0098, p_loss 0.1304, quant_error 0.1268, utilization 0.2182, perplexity 13620.6239,
Train Epoch: [28/30] Iters:[990/1093] transplant_loss 1.5200, rec_loss 0.0098, p_loss 0.1304, quant_error 0.1263, utilization 0.2182, perplexity 13624.0910,
Train Epoch: [28/30] Iters:[1000/1093] transplant_loss 1.5194, rec_loss 0.0098, p_loss 0.1303, quant_error 0.1262, utilization 0.2182, perplexity 13620.1752,
Train Epoch: [28/30] Iters:[1010/1093] transplant_loss 1.5188, rec_loss 0.0098, p_loss 0.1311, quant_error 0.1263, utilization 0.2182, perplexity 13620.9617,
Train Epoch: [28/30] Iters:[1020/1093] transplant_loss 1.5213, rec_loss 0.0099, p_loss 0.1313, quant_error 0.1267, utilization 0.2180, perplexity 13610.8646,
Train Epoch: [28/30] Iters:[1030/1093] transplant_loss 1.5166, rec_loss 0.0099, p_loss 0.1311, quant_error 0.1262, utilization 0.2180, perplexity 13602.9690,
Train Epoch: [28/30] Iters:[1040/1093] transplant_loss 1.5242, rec_loss 0.0100, p_loss 0.1312, quant_error 0.1269, utilization 0.2179, perplexity 13594.7095,
Train Epoch: [28/30] Iters:[1050/1093] transplant_loss 1.5250, rec_loss 0.0100, p_loss 0.1314, quant_error 0.1269, utilization 0.2179, perplexity 13597.5966,
Train Epoch: [28/30] Iters:[1060/1093] transplant_loss 1.5236, rec_loss 0.0100, p_loss 0.1310, quant_error 0.1268, utilization 0.2180, perplexity 13605.8689,
Train Epoch: [28/30] Iters:[1070/1093] transplant_loss 1.5205, rec_loss 0.0099, p_loss 0.1311, quant_error 0.1262, utilization 0.2182, perplexity 13623.3471,
Train Epoch: [28/30] Iters:[1080/1093] transplant_loss 1.5151, rec_loss 0.0099, p_loss 0.1310, quant_error 0.1256, utilization 0.2182, perplexity 13625.1669,
Train Epoch: [28/30] Iters:[1090/1093] transplant_loss 1.5124, rec_loss 0.0098, p_loss 0.1310, quant_error 0.1253, utilization 0.2184, perplexity 13639.0968,
epoch:29, cur_lr:0.000016
Train Epoch: [29/30] Iters:[10/1093] transplant_loss 1.5589, rec_loss 0.0101, p_loss 0.1322, quant_error 0.1311, utilization 0.2184, perplexity 13640.1882,
Train Epoch: [29/30] Iters:[20/1093] transplant_loss 1.5508, rec_loss 0.0101, p_loss 0.1319, quant_error 0.1299, utilization 0.2184, perplexity 13640.2461,
Train Epoch: [29/30] Iters:[30/1093] transplant_loss 1.5416, rec_loss 0.0100, p_loss 0.1321, quant_error 0.1289, utilization 0.2183, perplexity 13634.2562,
Train Epoch: [29/30] Iters:[40/1093] transplant_loss 1.5365, rec_loss 0.0100, p_loss 0.1319, quant_error 0.1284, utilization 0.2183, perplexity 13629.8478,
Train Epoch: [29/30] Iters:[50/1093] transplant_loss 1.5342, rec_loss 0.0099, p_loss 0.1318, quant_error 0.1281, utilization 0.2183, perplexity 13632.2357,
Train Epoch: [29/30] Iters:[60/1093] transplant_loss 1.5271, rec_loss 0.0099, p_loss 0.1317, quant_error 0.1271, utilization 0.2183, perplexity 13623.9435,
Train Epoch: [29/30] Iters:[70/1093] transplant_loss 1.5178, rec_loss 0.0098, p_loss 0.1315, quant_error 0.1262, utilization 0.2182, perplexity 13619.5831,
Train Epoch: [29/30] Iters:[80/1093] transplant_loss 1.5183, rec_loss 0.0099, p_loss 0.1309, quant_error 0.1263, utilization 0.2182, perplexity 13621.6619,
Train Epoch: [29/30] Iters:[90/1093] transplant_loss 1.5250, rec_loss 0.0099, p_loss 0.1309, quant_error 0.1270, utilization 0.2183, perplexity 13625.9285,
Train Epoch: [29/30] Iters:[100/1093] transplant_loss 1.5233, rec_loss 0.0100, p_loss 0.1308, quant_error 0.1266, utilization 0.2182, perplexity 13620.4052,
Train Epoch: [29/30] Iters:[110/1093] transplant_loss 1.5185, rec_loss 0.0099, p_loss 0.1306, quant_error 0.1261, utilization 0.2182, perplexity 13623.4204,
Train Epoch: [29/30] Iters:[120/1093] transplant_loss 1.5244, rec_loss 0.0100, p_loss 0.1305, quant_error 0.1267, utilization 0.2182, perplexity 13624.8280,
Train Epoch: [29/30] Iters:[130/1093] transplant_loss 1.5204, rec_loss 0.0099, p_loss 0.1306, quant_error 0.1262, utilization 0.2182, perplexity 13622.4210,
Train Epoch: [29/30] Iters:[140/1093] transplant_loss 1.5158, rec_loss 0.0099, p_loss 0.1303, quant_error 0.1257, utilization 0.2181, perplexity 13617.6685,
Train Epoch: [29/30] Iters:[150/1093] transplant_loss 1.5200, rec_loss 0.0099, p_loss 0.1304, quant_error 0.1262, utilization 0.2181, perplexity 13617.2262,
Train Epoch: [29/30] Iters:[160/1093] transplant_loss 1.5215, rec_loss 0.0100, p_loss 0.1302, quant_error 0.1266, utilization 0.2181, perplexity 13617.5160,
Train Epoch: [29/30] Iters:[170/1093] transplant_loss 1.5183, rec_loss 0.0099, p_loss 0.1300, quant_error 0.1263, utilization 0.2181, perplexity 13615.2998,
Train Epoch: [29/30] Iters:[180/1093] transplant_loss 1.5157, rec_loss 0.0099, p_loss 0.1296, quant_error 0.1260, utilization 0.2181, perplexity 13615.5011,
Train Epoch: [29/30] Iters:[190/1093] transplant_loss 1.5151, rec_loss 0.0099, p_loss 0.1295, quant_error 0.1258, utilization 0.2182, perplexity 13616.5144,
Train Epoch: [29/30] Iters:[200/1093] transplant_loss 1.5179, rec_loss 0.0099, p_loss 0.1299, quant_error 0.1260, utilization 0.2182, perplexity 13622.7063,
Train Epoch: [29/30] Iters:[210/1093] transplant_loss 1.5289, rec_loss 0.0100, p_loss 0.1304, quant_error 0.1272, utilization 0.2182, perplexity 13626.3890,
Train Epoch: [29/30] Iters:[220/1093] transplant_loss 1.5325, rec_loss 0.0100, p_loss 0.1311, quant_error 0.1276, utilization 0.2183, perplexity 13630.8063,
Train Epoch: [29/30] Iters:[230/1093] transplant_loss 1.5477, rec_loss 0.0102, p_loss 0.1322, quant_error 0.1291, utilization 0.2183, perplexity 13634.4130,
Train Epoch: [29/30] Iters:[240/1093] transplant_loss 1.5421, rec_loss 0.0100, p_loss 0.1322, quant_error 0.1286, utilization 0.2183, perplexity 13632.8568,
Train Epoch: [29/30] Iters:[250/1093] transplant_loss 1.5386, rec_loss 0.0101, p_loss 0.1320, quant_error 0.1284, utilization 0.2183, perplexity 13635.2149,
Train Epoch: [29/30] Iters:[260/1093] transplant_loss 1.5298, rec_loss 0.0100, p_loss 0.1315, quant_error 0.1276, utilization 0.2182, perplexity 13631.2444,
Train Epoch: [29/30] Iters:[270/1093] transplant_loss 1.5318, rec_loss 0.0100, p_loss 0.1317, quant_error 0.1278, utilization 0.2182, perplexity 13627.6598,
Train Epoch: [29/30] Iters:[280/1093] transplant_loss 1.5247, rec_loss 0.0099, p_loss 0.1315, quant_error 0.1271, utilization 0.2182, perplexity 13627.9190,
Train Epoch: [29/30] Iters:[290/1093] transplant_loss 1.5272, rec_loss 0.0100, p_loss 0.1318, quant_error 0.1273, utilization 0.2183, perplexity 13627.9054,
Train Epoch: [29/30] Iters:[300/1093] transplant_loss 1.5229, rec_loss 0.0099, p_loss 0.1313, quant_error 0.1266, utilization 0.2182, perplexity 13622.2291,
Train Epoch: [29/30] Iters:[310/1093] transplant_loss 1.5242, rec_loss 0.0099, p_loss 0.1315, quant_error 0.1264, utilization 0.2182, perplexity 13626.1988,
Train Epoch: [29/30] Iters:[320/1093] transplant_loss 1.5156, rec_loss 0.0099, p_loss 0.1309, quant_error 0.1255, utilization 0.2182, perplexity 13626.0914,
Train Epoch: [29/30] Iters:[330/1093] transplant_loss 1.5110, rec_loss 0.0098, p_loss 0.1303, quant_error 0.1253, utilization 0.2181, perplexity 13620.0774,
Train Epoch: [29/30] Iters:[340/1093] transplant_loss 1.5101, rec_loss 0.0098, p_loss 0.1299, quant_error 0.1253, utilization 0.2181, perplexity 13622.3239,
Train Epoch: [29/30] Iters:[350/1093] transplant_loss 1.5062, rec_loss 0.0097, p_loss 0.1298, quant_error 0.1251, utilization 0.2181, perplexity 13621.5921,
Train Epoch: [29/30] Iters:[360/1093] transplant_loss 1.5080, rec_loss 0.0097, p_loss 0.1301, quant_error 0.1254, utilization 0.2181, perplexity 13613.2702,
Train Epoch: [29/30] Iters:[370/1093] transplant_loss 1.5106, rec_loss 0.0097, p_loss 0.1301, quant_error 0.1256, utilization 0.2180, perplexity 13599.4440,
Train Epoch: [29/30] Iters:[380/1093] transplant_loss 1.5158, rec_loss 0.0098, p_loss 0.1304, quant_error 0.1260, utilization 0.2180, perplexity 13603.0806,
Train Epoch: [29/30] Iters:[390/1093] transplant_loss 1.5131, rec_loss 0.0098, p_loss 0.1303, quant_error 0.1256, utilization 0.2180, perplexity 13598.0365,
Train Epoch: [29/30] Iters:[400/1093] transplant_loss 1.5220, rec_loss 0.0099, p_loss 0.1307, quant_error 0.1267, utilization 0.2180, perplexity 13598.1395,
Train Epoch: [29/30] Iters:[410/1093] transplant_loss 1.5228, rec_loss 0.0099, p_loss 0.1306, quant_error 0.1267, utilization 0.2180, perplexity 13599.0429,
Train Epoch: [29/30] Iters:[420/1093] transplant_loss 1.5204, rec_loss 0.0099, p_loss 0.1307, quant_error 0.1264, utilization 0.2181, perplexity 13611.8449,
Train Epoch: [29/30] Iters:[430/1093] transplant_loss 1.5183, rec_loss 0.0099, p_loss 0.1306, quant_error 0.1262, utilization 0.2181, perplexity 13611.1770,
Train Epoch: [29/30] Iters:[440/1093] transplant_loss 1.5199, rec_loss 0.0100, p_loss 0.1310, quant_error 0.1263, utilization 0.2181, perplexity 13610.3729,
Train Epoch: [29/30] Iters:[450/1093] transplant_loss 1.5204, rec_loss 0.0100, p_loss 0.1310, quant_error 0.1262, utilization 0.2181, perplexity 13613.4721,
Train Epoch: [29/30] Iters:[460/1093] transplant_loss 1.5209, rec_loss 0.0101, p_loss 0.1309, quant_error 0.1263, utilization 0.2181, perplexity 13616.6123,
Train Epoch: [29/30] Iters:[470/1093] transplant_loss 1.5250, rec_loss 0.0101, p_loss 0.1309, quant_error 0.1270, utilization 0.2182, perplexity 13618.4606,
Train Epoch: [29/30] Iters:[480/1093] transplant_loss 1.5237, rec_loss 0.0101, p_loss 0.1309, quant_error 0.1270, utilization 0.2181, perplexity 13615.6204,
Train Epoch: [29/30] Iters:[490/1093] transplant_loss 1.5302, rec_loss 0.0101, p_loss 0.1310, quant_error 0.1279, utilization 0.2182, perplexity 13624.2877,
Train Epoch: [29/30] Iters:[500/1093] transplant_loss 1.5323, rec_loss 0.0101, p_loss 0.1313, quant_error 0.1283, utilization 0.2182, perplexity 13624.4410,
Train Epoch: [29/30] Iters:[510/1093] transplant_loss 1.5318, rec_loss 0.0100, p_loss 0.1313, quant_error 0.1281, utilization 0.2182, perplexity 13624.6072,
Train Epoch: [29/30] Iters:[520/1093] transplant_loss 1.5347, rec_loss 0.0100, p_loss 0.1315, quant_error 0.1282, utilization 0.2183, perplexity 13632.3493,
Train Epoch: [29/30] Iters:[530/1093] transplant_loss 1.5344, rec_loss 0.0101, p_loss 0.1319, quant_error 0.1282, utilization 0.2184, perplexity 13639.3664,
Train Epoch: [29/30] Iters:[540/1093] transplant_loss 1.5342, rec_loss 0.0100, p_loss 0.1320, quant_error 0.1281, utilization 0.2183, perplexity 13634.4020,
Train Epoch: [29/30] Iters:[550/1093] transplant_loss 1.5322, rec_loss 0.0100, p_loss 0.1316, quant_error 0.1278, utilization 0.2183, perplexity 13635.6162,
Train Epoch: [29/30] Iters:[560/1093] transplant_loss 1.5325, rec_loss 0.0100, p_loss 0.1317, quant_error 0.1278, utilization 0.2184, perplexity 13640.7410,
Train Epoch: [29/30] Iters:[570/1093] transplant_loss 1.5286, rec_loss 0.0099, p_loss 0.1316, quant_error 0.1275, utilization 0.2182, perplexity 13624.1475,
Train Epoch: [29/30] Iters:[580/1093] transplant_loss 1.5271, rec_loss 0.0099, p_loss 0.1313, quant_error 0.1271, utilization 0.2182, perplexity 13621.7875,
Train Epoch: [29/30] Iters:[590/1093] transplant_loss 1.5215, rec_loss 0.0099, p_loss 0.1309, quant_error 0.1267, utilization 0.2182, perplexity 13620.2606,
Train Epoch: [29/30] Iters:[600/1093] transplant_loss 1.5181, rec_loss 0.0099, p_loss 0.1310, quant_error 0.1262, utilization 0.2181, perplexity 13614.2609,
Train Epoch: [29/30] Iters:[610/1093] transplant_loss 1.5103, rec_loss 0.0098, p_loss 0.1305, quant_error 0.1253, utilization 0.2181, perplexity 13612.8690,
Train Epoch: [29/30] Iters:[620/1093] transplant_loss 1.5210, rec_loss 0.0100, p_loss 0.1311, quant_error 0.1262, utilization 0.2183, perplexity 13630.4412,
Train Epoch: [29/30] Iters:[630/1093] transplant_loss 1.5261, rec_loss 0.0100, p_loss 0.1313, quant_error 0.1268, utilization 0.2183, perplexity 13635.4579,
Train Epoch: [29/30] Iters:[640/1093] transplant_loss 1.5307, rec_loss 0.0100, p_loss 0.1315, quant_error 0.1272, utilization 0.2184, perplexity 13637.5474,
Train Epoch: [29/30] Iters:[650/1093] transplant_loss 1.5308, rec_loss 0.0100, p_loss 0.1315, quant_error 0.1272, utilization 0.2184, perplexity 13640.5540,
Train Epoch: [29/30] Iters:[660/1093] transplant_loss 1.5285, rec_loss 0.0100, p_loss 0.1313, quant_error 0.1269, utilization 0.2184, perplexity 13640.8259,
Train Epoch: [29/30] Iters:[670/1093] transplant_loss 1.5164, rec_loss 0.0098, p_loss 0.1307, quant_error 0.1258, utilization 0.2183, perplexity 13635.0816,
Train Epoch: [29/30] Iters:[680/1093] transplant_loss 1.5182, rec_loss 0.0098, p_loss 0.1309, quant_error 0.1261, utilization 0.2183, perplexity 13633.3802,
Train Epoch: [29/30] Iters:[690/1093] transplant_loss 1.5196, rec_loss 0.0099, p_loss 0.1307, quant_error 0.1259, utilization 0.2183, perplexity 13632.9742,
Train Epoch: [29/30] Iters:[700/1093] transplant_loss 1.5261, rec_loss 0.0099, p_loss 0.1309, quant_error 0.1267, utilization 0.2183, perplexity 13635.1098,
Train Epoch: [29/30] Iters:[710/1093] transplant_loss 1.5393, rec_loss 0.0100, p_loss 0.1315, quant_error 0.1283, utilization 0.2183, perplexity 13636.7282,
Train Epoch: [29/30] Iters:[720/1093] transplant_loss 1.5429, rec_loss 0.0101, p_loss 0.1318, quant_error 0.1288, utilization 0.2183, perplexity 13633.0737,
Train Epoch: [29/30] Iters:[730/1093] transplant_loss 1.5331, rec_loss 0.0099, p_loss 0.1312, quant_error 0.1274, utilization 0.2182, perplexity 13617.8620,
Train Epoch: [29/30] Iters:[740/1093] transplant_loss 1.5235, rec_loss 0.0098, p_loss 0.1311, quant_error 0.1264, utilization 0.2181, perplexity 13612.9200,
Train Epoch: [29/30] Iters:[750/1093] transplant_loss 1.5237, rec_loss 0.0099, p_loss 0.1309, quant_error 0.1264, utilization 0.2181, perplexity 13605.1057,
Train Epoch: [29/30] Iters:[760/1093] transplant_loss 1.5282, rec_loss 0.0099, p_loss 0.1309, quant_error 0.1267, utilization 0.2181, perplexity 13609.1517,
Train Epoch: [29/30] Iters:[770/1093] transplant_loss 1.5308, rec_loss 0.0100, p_loss 0.1311, quant_error 0.1268, utilization 0.2182, perplexity 13616.7722,
Train Epoch: [29/30] Iters:[780/1093] transplant_loss 1.5411, rec_loss 0.0101, p_loss 0.1314, quant_error 0.1281, utilization 0.2183, perplexity 13628.8406,
Train Epoch: [29/30] Iters:[790/1093] transplant_loss 1.5445, rec_loss 0.0102, p_loss 0.1316, quant_error 0.1284, utilization 0.2184, perplexity 13638.0591,
Train Epoch: [29/30] Iters:[800/1093] transplant_loss 1.5321, rec_loss 0.0100, p_loss 0.1313, quant_error 0.1270, utilization 0.2184, perplexity 13640.5740,
Train Epoch: [29/30] Iters:[810/1093] transplant_loss 1.5174, rec_loss 0.0099, p_loss 0.1309, quant_error 0.1254, utilization 0.2182, perplexity 13627.2228,
Train Epoch: [29/30] Iters:[820/1093] transplant_loss 1.5186, rec_loss 0.0100, p_loss 0.1307, quant_error 0.1256, utilization 0.2182, perplexity 13627.3000,
Train Epoch: [29/30] Iters:[830/1093] transplant_loss 1.5083, rec_loss 0.0098, p_loss 0.1303, quant_error 0.1246, utilization 0.2182, perplexity 13619.9959,
Train Epoch: [29/30] Iters:[840/1093] transplant_loss 1.5069, rec_loss 0.0098, p_loss 0.1299, quant_error 0.1245, utilization 0.2181, perplexity 13614.0807,
Train Epoch: [29/30] Iters:[850/1093] transplant_loss 1.5114, rec_loss 0.0099, p_loss 0.1299, quant_error 0.1250, utilization 0.2182, perplexity 13618.3612,
Train Epoch: [29/30] Iters:[860/1093] transplant_loss 1.5182, rec_loss 0.0098, p_loss 0.1300, quant_error 0.1260, utilization 0.2182, perplexity 13623.8516,
Train Epoch: [29/30] Iters:[870/1093] transplant_loss 1.5122, rec_loss 0.0097, p_loss 0.1298, quant_error 0.1253, utilization 0.2182, perplexity 13621.5357,
Train Epoch: [29/30] Iters:[880/1093] transplant_loss 1.5257, rec_loss 0.0099, p_loss 0.1306, quant_error 0.1269, utilization 0.2182, perplexity 13623.4048,
Train Epoch: [29/30] Iters:[890/1093] transplant_loss 1.5320, rec_loss 0.0100, p_loss 0.1311, quant_error 0.1276, utilization 0.2183, perplexity 13629.9431,
Train Epoch: [29/30] Iters:[900/1093] transplant_loss 1.5340, rec_loss 0.0100, p_loss 0.1312, quant_error 0.1278, utilization 0.2182, perplexity 13625.8746,
Train Epoch: [29/30] Iters:[910/1093] transplant_loss 1.5310, rec_loss 0.0100, p_loss 0.1311, quant_error 0.1273, utilization 0.2182, perplexity 13624.5499,
Train Epoch: [29/30] Iters:[920/1093] transplant_loss 1.5320, rec_loss 0.0100, p_loss 0.1310, quant_error 0.1276, utilization 0.2182, perplexity 13618.1660,
Train Epoch: [29/30] Iters:[930/1093] transplant_loss 1.5204, rec_loss 0.0098, p_loss 0.1304, quant_error 0.1261, utilization 0.2182, perplexity 13619.3379,
Train Epoch: [29/30] Iters:[940/1093] transplant_loss 1.5135, rec_loss 0.0097, p_loss 0.1297, quant_error 0.1252, utilization 0.2181, perplexity 13612.8380,
Train Epoch: [29/30] Iters:[950/1093] transplant_loss 1.5086, rec_loss 0.0097, p_loss 0.1297, quant_error 0.1249, utilization 0.2180, perplexity 13608.9562,
Train Epoch: [29/30] Iters:[960/1093] transplant_loss 1.5051, rec_loss 0.0097, p_loss 0.1297, quant_error 0.1244, utilization 0.2181, perplexity 13617.3658,
Train Epoch: [29/30] Iters:[970/1093] transplant_loss 1.5071, rec_loss 0.0097, p_loss 0.1299, quant_error 0.1245, utilization 0.2181, perplexity 13614.3406,
Train Epoch: [29/30] Iters:[980/1093] transplant_loss 1.5126, rec_loss 0.0098, p_loss 0.1300, quant_error 0.1253, utilization 0.2181, perplexity 13617.9915,
Train Epoch: [29/30] Iters:[990/1093] transplant_loss 1.5164, rec_loss 0.0098, p_loss 0.1304, quant_error 0.1258, utilization 0.2182, perplexity 13619.6606,
Train Epoch: [29/30] Iters:[1000/1093] transplant_loss 1.5184, rec_loss 0.0099, p_loss 0.1301, quant_error 0.1260, utilization 0.2181, perplexity 13617.6952,
Train Epoch: [29/30] Iters:[1010/1093] transplant_loss 1.5246, rec_loss 0.0100, p_loss 0.1303, quant_error 0.1266, utilization 0.2181, perplexity 13613.4615,
Train Epoch: [29/30] Iters:[1020/1093] transplant_loss 1.5236, rec_loss 0.0100, p_loss 0.1303, quant_error 0.1265, utilization 0.2181, perplexity 13612.9061,
Train Epoch: [29/30] Iters:[1030/1093] transplant_loss 1.5198, rec_loss 0.0099, p_loss 0.1305, quant_error 0.1260, utilization 0.2180, perplexity 13603.7364,
Train Epoch: [29/30] Iters:[1040/1093] transplant_loss 1.5227, rec_loss 0.0099, p_loss 0.1306, quant_error 0.1261, utilization 0.2180, perplexity 13598.0586,
Train Epoch: [29/30] Iters:[1050/1093] transplant_loss 1.5289, rec_loss 0.0100, p_loss 0.1312, quant_error 0.1267, utilization 0.2181, perplexity 13610.8430,
Train Epoch: [29/30] Iters:[1060/1093] transplant_loss 1.5287, rec_loss 0.0100, p_loss 0.1311, quant_error 0.1269, utilization 0.2181, perplexity 13613.4490,
Train Epoch: [29/30] Iters:[1070/1093] transplant_loss 1.5276, rec_loss 0.0099, p_loss 0.1309, quant_error 0.1268, utilization 0.2182, perplexity 13619.8440,
Train Epoch: [29/30] Iters:[1080/1093] transplant_loss 1.5279, rec_loss 0.0099, p_loss 0.1308, quant_error 0.1269, utilization 0.2183, perplexity 13632.7959,
Train Epoch: [29/30] Iters:[1090/1093] transplant_loss 1.5236, rec_loss 0.0099, p_loss 0.1307, quant_error 0.1266, utilization 0.2183, perplexity 13637.8454,
epoch:30, cur_lr:0.000013
Train Epoch: [30/30] Iters:[10/1093] transplant_loss 1.5173, rec_loss 0.0098, p_loss 0.1304, quant_error 0.1268, utilization 0.2181, perplexity 13615.4905,
Train Epoch: [30/30] Iters:[20/1093] transplant_loss 1.5342, rec_loss 0.0101, p_loss 0.1307, quant_error 0.1281, utilization 0.2180, perplexity 13607.1198,
Train Epoch: [30/30] Iters:[30/1093] transplant_loss 1.5350, rec_loss 0.0101, p_loss 0.1308, quant_error 0.1281, utilization 0.2182, perplexity 13621.0160,
Train Epoch: [30/30] Iters:[40/1093] transplant_loss 1.5311, rec_loss 0.0100, p_loss 0.1306, quant_error 0.1278, utilization 0.2182, perplexity 13622.0849,
Train Epoch: [30/30] Iters:[50/1093] transplant_loss 1.5306, rec_loss 0.0101, p_loss 0.1305, quant_error 0.1274, utilization 0.2182, perplexity 13622.7412,
Train Epoch: [30/30] Iters:[60/1093] transplant_loss 1.5301, rec_loss 0.0101, p_loss 0.1305, quant_error 0.1273, utilization 0.2183, perplexity 13630.6470,
Train Epoch: [30/30] Iters:[70/1093] transplant_loss 1.5221, rec_loss 0.0100, p_loss 0.1304, quant_error 0.1263, utilization 0.2183, perplexity 13637.3065,
Train Epoch: [30/30] Iters:[80/1093] transplant_loss 1.5257, rec_loss 0.0100, p_loss 0.1306, quant_error 0.1267, utilization 0.2183, perplexity 13633.0967,
Train Epoch: [30/30] Iters:[90/1093] transplant_loss 1.5239, rec_loss 0.0100, p_loss 0.1307, quant_error 0.1262, utilization 0.2183, perplexity 13628.4570,
Train Epoch: [30/30] Iters:[100/1093] transplant_loss 1.5206, rec_loss 0.0099, p_loss 0.1309, quant_error 0.1260, utilization 0.2182, perplexity 13624.9164,
Train Epoch: [30/30] Iters:[110/1093] transplant_loss 1.5234, rec_loss 0.0100, p_loss 0.1310, quant_error 0.1263, utilization 0.2181, perplexity 13615.2866,
Train Epoch: [30/30] Iters:[120/1093] transplant_loss 1.5345, rec_loss 0.0101, p_loss 0.1315, quant_error 0.1275, utilization 0.2182, perplexity 13620.4879,
Train Epoch: [30/30] Iters:[130/1093] transplant_loss 1.5297, rec_loss 0.0100, p_loss 0.1317, quant_error 0.1270, utilization 0.2182, perplexity 13620.7812,
Train Epoch: [30/30] Iters:[140/1093] transplant_loss 1.5324, rec_loss 0.0101, p_loss 0.1316, quant_error 0.1274, utilization 0.2182, perplexity 13625.8828,
Train Epoch: [30/30] Iters:[150/1093] transplant_loss 1.5377, rec_loss 0.0101, p_loss 0.1317, quant_error 0.1282, utilization 0.2182, perplexity 13629.9957,
Train Epoch: [30/30] Iters:[160/1093] transplant_loss 1.5365, rec_loss 0.0100, p_loss 0.1320, quant_error 0.1281, utilization 0.2183, perplexity 13629.2689,
Train Epoch: [30/30] Iters:[170/1093] transplant_loss 1.5333, rec_loss 0.0100, p_loss 0.1319, quant_error 0.1278, utilization 0.2182, perplexity 13625.4134,
Train Epoch: [30/30] Iters:[180/1093] transplant_loss 1.5347, rec_loss 0.0101, p_loss 0.1316, quant_error 0.1280, utilization 0.2182, perplexity 13626.2633,
Train Epoch: [30/30] Iters:[190/1093] transplant_loss 1.5334, rec_loss 0.0101, p_loss 0.1316, quant_error 0.1278, utilization 0.2182, perplexity 13618.6693,
Train Epoch: [30/30] Iters:[200/1093] transplant_loss 1.5319, rec_loss 0.0100, p_loss 0.1319, quant_error 0.1275, utilization 0.2182, perplexity 13620.8583,
Train Epoch: [30/30] Iters:[210/1093] transplant_loss 1.5392, rec_loss 0.0101, p_loss 0.1320, quant_error 0.1285, utilization 0.2183, perplexity 13629.0986,
Train Epoch: [30/30] Iters:[220/1093] transplant_loss 1.5323, rec_loss 0.0100, p_loss 0.1316, quant_error 0.1275, utilization 0.2182, perplexity 13626.2615,
Train Epoch: [30/30] Iters:[230/1093] transplant_loss 1.5293, rec_loss 0.0099, p_loss 0.1316, quant_error 0.1271, utilization 0.2182, perplexity 13624.6694,
Train Epoch: [30/30] Iters:[240/1093] transplant_loss 1.5325, rec_loss 0.0099, p_loss 0.1316, quant_error 0.1275, utilization 0.2183, perplexity 13626.7819,
Train Epoch: [30/30] Iters:[250/1093] transplant_loss 1.5330, rec_loss 0.0100, p_loss 0.1314, quant_error 0.1275, utilization 0.2182, perplexity 13617.6639,
Train Epoch: [30/30] Iters:[260/1093] transplant_loss 1.5300, rec_loss 0.0100, p_loss 0.1312, quant_error 0.1271, utilization 0.2182, perplexity 13616.3567,
Train Epoch: [30/30] Iters:[270/1093] transplant_loss 1.5301, rec_loss 0.0099, p_loss 0.1310, quant_error 0.1273, utilization 0.2181, perplexity 13615.0523,
Train Epoch: [30/30] Iters:[280/1093] transplant_loss 1.5254, rec_loss 0.0099, p_loss 0.1307, quant_error 0.1267, utilization 0.2182, perplexity 13622.4753,
Train Epoch: [30/30] Iters:[290/1093] transplant_loss 1.5250, rec_loss 0.0098, p_loss 0.1311, quant_error 0.1265, utilization 0.2183, perplexity 13636.5350,
Train Epoch: [30/30] Iters:[300/1093] transplant_loss 1.5177, rec_loss 0.0098, p_loss 0.1303, quant_error 0.1258, utilization 0.2184, perplexity 13644.4371,
Train Epoch: [30/30] Iters:[310/1093] transplant_loss 1.5148, rec_loss 0.0098, p_loss 0.1299, quant_error 0.1253, utilization 0.2183, perplexity 13639.8295,
Train Epoch: [30/30] Iters:[320/1093] transplant_loss 1.5161, rec_loss 0.0098, p_loss 0.1302, quant_error 0.1255, utilization 0.2184, perplexity 13644.8039,
Train Epoch: [30/30] Iters:[330/1093] transplant_loss 1.5191, rec_loss 0.0099, p_loss 0.1303, quant_error 0.1260, utilization 0.2182, perplexity 13624.0858,
Train Epoch: [30/30] Iters:[340/1093] transplant_loss 1.5140, rec_loss 0.0098, p_loss 0.1298, quant_error 0.1257, utilization 0.2181, perplexity 13611.7848,
Train Epoch: [30/30] Iters:[350/1093] transplant_loss 1.5187, rec_loss 0.0098, p_loss 0.1304, quant_error 0.1262, utilization 0.2181, perplexity 13607.7923,
Train Epoch: [30/30] Iters:[360/1093] transplant_loss 1.5155, rec_loss 0.0098, p_loss 0.1302, quant_error 0.1258, utilization 0.2181, perplexity 13606.0604,
Train Epoch: [30/30] Iters:[370/1093] transplant_loss 1.5126, rec_loss 0.0098, p_loss 0.1300, quant_error 0.1256, utilization 0.2180, perplexity 13601.3028,
Train Epoch: [30/30] Iters:[380/1093] transplant_loss 1.5168, rec_loss 0.0099, p_loss 0.1302, quant_error 0.1259, utilization 0.2182, perplexity 13619.8654,
Train Epoch: [30/30] Iters:[390/1093] transplant_loss 1.5228, rec_loss 0.0101, p_loss 0.1306, quant_error 0.1263, utilization 0.2182, perplexity 13625.4359,
Train Epoch: [30/30] Iters:[400/1093] transplant_loss 1.5251, rec_loss 0.0102, p_loss 0.1306, quant_error 0.1265, utilization 0.2182, perplexity 13627.1765,
Train Epoch: [30/30] Iters:[410/1093] transplant_loss 1.5258, rec_loss 0.0102, p_loss 0.1310, quant_error 0.1266, utilization 0.2183, perplexity 13635.5909,
Train Epoch: [30/30] Iters:[420/1093] transplant_loss 1.5259, rec_loss 0.0101, p_loss 0.1311, quant_error 0.1265, utilization 0.2183, perplexity 13637.1392,
Train Epoch: [30/30] Iters:[430/1093] transplant_loss 1.5191, rec_loss 0.0100, p_loss 0.1307, quant_error 0.1257, utilization 0.2182, perplexity 13622.4508,
Train Epoch: [30/30] Iters:[440/1093] transplant_loss 1.5130, rec_loss 0.0099, p_loss 0.1306, quant_error 0.1251, utilization 0.2182, perplexity 13619.8587,
Train Epoch: [30/30] Iters:[450/1093] transplant_loss 1.5164, rec_loss 0.0099, p_loss 0.1307, quant_error 0.1253, utilization 0.2182, perplexity 13621.8682,
Train Epoch: [30/30] Iters:[460/1093] transplant_loss 1.5110, rec_loss 0.0098, p_loss 0.1303, quant_error 0.1249, utilization 0.2181, perplexity 13612.8601,
Train Epoch: [30/30] Iters:[470/1093] transplant_loss 1.5061, rec_loss 0.0097, p_loss 0.1301, quant_error 0.1243, utilization 0.2180, perplexity 13608.0985,
Train Epoch: [30/30] Iters:[480/1093] transplant_loss 1.5180, rec_loss 0.0098, p_loss 0.1308, quant_error 0.1257, utilization 0.2182, perplexity 13618.3797,
Train Epoch: [30/30] Iters:[490/1093] transplant_loss 1.5222, rec_loss 0.0098, p_loss 0.1309, quant_error 0.1262, utilization 0.2183, perplexity 13626.7811,
Train Epoch: [30/30] Iters:[500/1093] transplant_loss 1.5268, rec_loss 0.0099, p_loss 0.1314, quant_error 0.1267, utilization 0.2183, perplexity 13627.7544,
Train Epoch: [30/30] Iters:[510/1093] transplant_loss 1.5314, rec_loss 0.0099, p_loss 0.1313, quant_error 0.1273, utilization 0.2182, perplexity 13623.6148,
Train Epoch: [30/30] Iters:[520/1093] transplant_loss 1.5417, rec_loss 0.0101, p_loss 0.1317, quant_error 0.1285, utilization 0.2183, perplexity 13633.8578,
Train Epoch: [30/30] Iters:[530/1093] transplant_loss 1.5326, rec_loss 0.0100, p_loss 0.1313, quant_error 0.1275, utilization 0.2182, perplexity 13628.6664,
Train Epoch: [30/30] Iters:[540/1093] transplant_loss 1.5323, rec_loss 0.0100, p_loss 0.1311, quant_error 0.1275, utilization 0.2182, perplexity 13625.5838,
Train Epoch: [30/30] Iters:[550/1093] transplant_loss 1.5330, rec_loss 0.0100, p_loss 0.1305, quant_error 0.1275, utilization 0.2181, perplexity 13620.2393,
Train Epoch: [30/30] Iters:[560/1093] transplant_loss 1.5431, rec_loss 0.0101, p_loss 0.1312, quant_error 0.1283, utilization 0.2182, perplexity 13630.6946,
Train Epoch: [30/30] Iters:[570/1093] transplant_loss 1.5378, rec_loss 0.0100, p_loss 0.1310, quant_error 0.1276, utilization 0.2182, perplexity 13625.1063,
Train Epoch: [30/30] Iters:[580/1093] transplant_loss 1.5393, rec_loss 0.0100, p_loss 0.1307, quant_error 0.1277, utilization 0.2182, perplexity 13632.8424,
Train Epoch: [30/30] Iters:[590/1093] transplant_loss 1.5410, rec_loss 0.0101, p_loss 0.1309, quant_error 0.1277, utilization 0.2182, perplexity 13622.0628,
Train Epoch: [30/30] Iters:[600/1093] transplant_loss 1.5285, rec_loss 0.0100, p_loss 0.1312, quant_error 0.1266, utilization 0.2182, perplexity 13623.7499,
Train Epoch: [30/30] Iters:[610/1093] transplant_loss 1.5205, rec_loss 0.0098, p_loss 0.1306, quant_error 0.1258, utilization 0.2182, perplexity 13624.1889,
Train Epoch: [30/30] Iters:[620/1093] transplant_loss 1.5235, rec_loss 0.0098, p_loss 0.1306, quant_error 0.1263, utilization 0.2182, perplexity 13624.2191,
Train Epoch: [30/30] Iters:[630/1093] transplant_loss 1.5260, rec_loss 0.0098, p_loss 0.1311, quant_error 0.1268, utilization 0.2181, perplexity 13616.4954,
Train Epoch: [30/30] Iters:[640/1093] transplant_loss 1.5171, rec_loss 0.0098, p_loss 0.1305, quant_error 0.1261, utilization 0.2181, perplexity 13614.4870,
Train Epoch: [30/30] Iters:[650/1093] transplant_loss 1.5163, rec_loss 0.0098, p_loss 0.1303, quant_error 0.1259, utilization 0.2181, perplexity 13613.6713,
Train Epoch: [30/30] Iters:[660/1093] transplant_loss 1.5202, rec_loss 0.0098, p_loss 0.1303, quant_error 0.1263, utilization 0.2181, perplexity 13611.7735,
Train Epoch: [30/30] Iters:[670/1093] transplant_loss 1.5197, rec_loss 0.0099, p_loss 0.1304, quant_error 0.1265, utilization 0.2181, perplexity 13611.4754,
Train Epoch: [30/30] Iters:[680/1093] transplant_loss 1.5214, rec_loss 0.0099, p_loss 0.1305, quant_error 0.1265, utilization 0.2181, perplexity 13615.2977,
Train Epoch: [30/30] Iters:[690/1093] transplant_loss 1.5318, rec_loss 0.0099, p_loss 0.1309, quant_error 0.1276, utilization 0.2182, perplexity 13623.7790,
Train Epoch: [30/30] Iters:[700/1093] transplant_loss 1.5311, rec_loss 0.0099, p_loss 0.1309, quant_error 0.1275, utilization 0.2182, perplexity 13622.7828,
Train Epoch: [30/30] Iters:[710/1093] transplant_loss 1.5274, rec_loss 0.0099, p_loss 0.1311, quant_error 0.1272, utilization 0.2181, perplexity 13620.5320,
Train Epoch: [30/30] Iters:[720/1093] transplant_loss 1.5328, rec_loss 0.0100, p_loss 0.1313, quant_error 0.1276, utilization 0.2182, perplexity 13629.3528,
Train Epoch: [30/30] Iters:[730/1093] transplant_loss 1.5318, rec_loss 0.0100, p_loss 0.1316, quant_error 0.1275, utilization 0.2183, perplexity 13632.2109,
Train Epoch: [30/30] Iters:[740/1093] transplant_loss 1.5194, rec_loss 0.0099, p_loss 0.1310, quant_error 0.1258, utilization 0.2182, perplexity 13624.9779,
Train Epoch: [30/30] Iters:[750/1093] transplant_loss 1.5195, rec_loss 0.0098, p_loss 0.1310, quant_error 0.1260, utilization 0.2182, perplexity 13627.3354,
Train Epoch: [30/30] Iters:[760/1093] transplant_loss 1.5173, rec_loss 0.0098, p_loss 0.1308, quant_error 0.1256, utilization 0.2182, perplexity 13626.2927,
Train Epoch: [30/30] Iters:[770/1093] transplant_loss 1.5130, rec_loss 0.0097, p_loss 0.1306, quant_error 0.1251, utilization 0.2181, perplexity 13614.9567,
Train Epoch: [30/30] Iters:[780/1093] transplant_loss 1.5143, rec_loss 0.0097, p_loss 0.1303, quant_error 0.1252, utilization 0.2181, perplexity 13617.1518,
Train Epoch: [30/30] Iters:[790/1093] transplant_loss 1.5220, rec_loss 0.0098, p_loss 0.1310, quant_error 0.1264, utilization 0.2182, perplexity 13620.9954,
Train Epoch: [30/30] Iters:[800/1093] transplant_loss 1.5230, rec_loss 0.0098, p_loss 0.1312, quant_error 0.1264, utilization 0.2182, perplexity 13621.8351,
Train Epoch: [30/30] Iters:[810/1093] transplant_loss 1.5264, rec_loss 0.0099, p_loss 0.1317, quant_error 0.1267, utilization 0.2183, perplexity 13632.4859,
Train Epoch: [30/30] Iters:[820/1093] transplant_loss 1.5180, rec_loss 0.0097, p_loss 0.1314, quant_error 0.1258, utilization 0.2183, perplexity 13631.4725,
Train Epoch: [30/30] Iters:[830/1093] transplant_loss 1.5147, rec_loss 0.0097, p_loss 0.1312, quant_error 0.1256, utilization 0.2182, perplexity 13626.6909,
Train Epoch: [30/30] Iters:[840/1093] transplant_loss 1.5144, rec_loss 0.0097, p_loss 0.1310, quant_error 0.1254, utilization 0.2183, perplexity 13632.3390,
Train Epoch: [30/30] Iters:[850/1093] transplant_loss 1.5164, rec_loss 0.0097, p_loss 0.1305, quant_error 0.1254, utilization 0.2182, perplexity 13629.5880,
Train Epoch: [30/30] Iters:[860/1093] transplant_loss 1.5106, rec_loss 0.0097, p_loss 0.1298, quant_error 0.1250, utilization 0.2181, perplexity 13616.8836,
Train Epoch: [30/30] Iters:[870/1093] transplant_loss 1.5215, rec_loss 0.0098, p_loss 0.1302, quant_error 0.1262, utilization 0.2182, perplexity 13624.6534,
Train Epoch: [30/30] Iters:[880/1093] transplant_loss 1.5192, rec_loss 0.0098, p_loss 0.1298, quant_error 0.1257, utilization 0.2183, perplexity 13630.0332,
Train Epoch: [30/30] Iters:[890/1093] transplant_loss 1.5168, rec_loss 0.0098, p_loss 0.1299, quant_error 0.1255, utilization 0.2183, perplexity 13624.4905,
Train Epoch: [30/30] Iters:[900/1093] transplant_loss 1.5158, rec_loss 0.0098, p_loss 0.1299, quant_error 0.1255, utilization 0.2183, perplexity 13630.4925,
Train Epoch: [30/30] Iters:[910/1093] transplant_loss 1.5130, rec_loss 0.0097, p_loss 0.1297, quant_error 0.1249, utilization 0.2183, perplexity 13630.5646,
Train Epoch: [30/30] Iters:[920/1093] transplant_loss 1.5122, rec_loss 0.0098, p_loss 0.1299, quant_error 0.1248, utilization 0.2182, perplexity 13627.2722,
Train Epoch: [30/30] Iters:[930/1093] transplant_loss 1.5115, rec_loss 0.0097, p_loss 0.1301, quant_error 0.1247, utilization 0.2182, perplexity 13618.2385,
Train Epoch: [30/30] Iters:[940/1093] transplant_loss 1.5187, rec_loss 0.0098, p_loss 0.1302, quant_error 0.1256, utilization 0.2181, perplexity 13615.3851,
Train Epoch: [30/30] Iters:[950/1093] transplant_loss 1.5231, rec_loss 0.0099, p_loss 0.1308, quant_error 0.1260, utilization 0.2182, perplexity 13616.2080,
Train Epoch: [30/30] Iters:[960/1093] transplant_loss 1.5311, rec_loss 0.0100, p_loss 0.1314, quant_error 0.1271, utilization 0.2182, perplexity 13619.8491,
Train Epoch: [30/30] Iters:[970/1093] transplant_loss 1.5333, rec_loss 0.0100, p_loss 0.1311, quant_error 0.1275, utilization 0.2181, perplexity 13616.5354,
Train Epoch: [30/30] Iters:[980/1093] transplant_loss 1.5365, rec_loss 0.0100, p_loss 0.1312, quant_error 0.1280, utilization 0.2181, perplexity 13611.6718,
Train Epoch: [30/30] Iters:[990/1093] transplant_loss 1.5247, rec_loss 0.0099, p_loss 0.1307, quant_error 0.1266, utilization 0.2181, perplexity 13614.9485,
Train Epoch: [30/30] Iters:[1000/1093] transplant_loss 1.5189, rec_loss 0.0098, p_loss 0.1300, quant_error 0.1261, utilization 0.2180, perplexity 13604.0248,
Train Epoch: [30/30] Iters:[1010/1093] transplant_loss 1.5124, rec_loss 0.0097, p_loss 0.1296, quant_error 0.1251, utilization 0.2181, perplexity 13608.1615,
Train Epoch: [30/30] Iters:[1020/1093] transplant_loss 1.5084, rec_loss 0.0097, p_loss 0.1299, quant_error 0.1243, utilization 0.2181, perplexity 13608.7756,
Train Epoch: [30/30] Iters:[1030/1093] transplant_loss 1.5099, rec_loss 0.0098, p_loss 0.1300, quant_error 0.1245, utilization 0.2181, perplexity 13615.1335,
Train Epoch: [30/30] Iters:[1040/1093] transplant_loss 1.5152, rec_loss 0.0098, p_loss 0.1305, quant_error 0.1254, utilization 0.2181, perplexity 13604.8505,
Train Epoch: [30/30] Iters:[1050/1093] transplant_loss 1.5130, rec_loss 0.0098, p_loss 0.1304, quant_error 0.1252, utilization 0.2180, perplexity 13604.5958,
Train Epoch: [30/30] Iters:[1060/1093] transplant_loss 1.5192, rec_loss 0.0099, p_loss 0.1309, quant_error 0.1260, utilization 0.2181, perplexity 13608.3224,
Train Epoch: [30/30] Iters:[1070/1093] transplant_loss 1.5219, rec_loss 0.0099, p_loss 0.1309, quant_error 0.1267, utilization 0.2181, perplexity 13611.2465,
Train Epoch: [30/30] Iters:[1080/1093] transplant_loss 1.5175, rec_loss 0.0098, p_loss 0.1308, quant_error 0.1261, utilization 0.2182, perplexity 13616.9506,
Train Epoch: [30/30] Iters:[1090/1093] transplant_loss 1.5147, rec_loss 0.0098, p_loss 0.1308, quant_error 0.1256, utilization 0.2183, perplexity 13632.6198,
Loading pretrained model LPIPS from /home/sunset/.cache/torch/hub/pyiqa/LPIPS_v0.1_alex-df73285e.pth
######### saving checkpoint #########
Loading pretrained model LPIPS from /home/sunset/.cache/torch/hub/pyiqa/LPIPS_v0.1_alex-df73285e.pth
PSNR:28.045794950212752  SSIM:0.7835517015320914  LPIPS:0.06980500185319355
