dataset_dir: /datasets/
dataset_name: ImageNet
global_batch_size: 64
workers: 6
resolution: 256
channels: 3
ms_patch_size: 1_2_3_4_5_6_8_10_13_16
importance: (1, 1, 1, 2, 2, 2, 3, 3, 5, 5)
max_patch_size: 16
codebook_size: 256
codebook_dim: 8
project_dim: 16
pq: 1
L: 4
chunks: 4
alpha: 1.0
beta: 0.2
gamma: 1.0
disc_weight: 0.4
lecam_loss_weight: 0.001
disc_cr_loss_weight: 4.0
VQ: mmd_vq
use_multiscale: False
transplant_epochs: 2
refinement_epochs: 5
eval_epochs: 1
disc_epoch: 1
lr_transplant: 0.0001
lr_refinement: 1e-05
dropout: 0.0
seed: 3407
weight_decay: 1e-05
stage: transplant
checkpoint_dir: /project/6105494/sunset/VQ-Projects/VQ-Transplant/checkpoint/Transplant/ImageNet
results_dir: /project/6105494/sunset/VQ-Projects/VQ-Transplant/results/Transplant/ImageNet
saver_dir: /project/6105494/sunset/VQ-Projects/VQ-Transplant/saver/Transplant/ImageNet
reconstruction_dir: /project/6105494/sunset/VQ-Projects/VQ-Transplant/reconstruction/Transplant/ImageNet
yaml_dir: /project/6105494/sunset/VQ-Projects/VQ-Transplant/yaml/Transplant/ImageNet
pretrained_tokenizer: /project/6105494/sunset/VQ-Projects/VQ-Transplant/pretrained_tokenizer/vae_ch160v4096z32.pth
checkpoint_name: 
nnodes: -1
node_rank: -1
local_rank: 0
dist_url: tcp://224.66.41.62:23456
dist_backend: nccl
world_size: 2
batch_size: 32
ms_token_size: (1, 2, 3, 4, 5, 6, 8, 10, 13, 16)
init_checkpoint_dir: /project/6105494/sunset/VQ-Projects/VQ-Transplant/checkpoint/
data_pre: ImageNet
model_pre: model_256_8_4_1
loss_pre: loss_1.0_0.2_1.0_0.4
training_pre: mmd_vq_transplant_False
saver_name_pre: mmd_vq_transplant_False_ImageNet_model_256_8_4_1_loss_1.0_0.2_1.0_0.4
| distributed init (rank 0): env://
| distributed init (rank 1): env://
loaded pretrained LPIPS loss from /project/6105494/sunset/VQ-Projects/VQ-Transplant/code/models/cache/vgg.pth
VQ Model Parameters: 108761795
dataset name: ImageNet
len train_set: 1281167
len val_set: 50000
Start training...
epoch:1, cur_lr:0.000100
Train Epoch: [1/2] Iters:[10/20018] transplant_loss 7.9331, rec_loss 0.5177, p_loss 0.7669, quant_error 1.1633, utilization 0.4234, perplexity 27.6145,
Train Epoch: [1/2] Iters:[20/20018] transplant_loss 7.9379, rec_loss 0.4271, p_loss 0.7556, quant_error 1.0424, utilization 0.3344, perplexity 20.7445,
Train Epoch: [1/2] Iters:[30/20018] transplant_loss 10.4572, rec_loss 0.3766, p_loss 0.7440, quant_error 0.9349, utilization 0.2891, perplexity 16.7243,
Train Epoch: [1/2] Iters:[40/20018] transplant_loss 18.3774, rec_loss 0.3370, p_loss 0.7416, quant_error 0.8752, utilization 0.2564, perplexity 13.8620,
Train Epoch: [1/2] Iters:[50/20018] transplant_loss 25.4176, rec_loss 0.3067, p_loss 0.7382, quant_error 0.8443, utilization 0.2322, perplexity 12.0389,
Train Epoch: [1/2] Iters:[60/20018] transplant_loss 32.6621, rec_loss 0.2393, p_loss 0.7217, quant_error 0.7404, utilization 0.1708, perplexity 7.4882,
Train Epoch: [1/2] Iters:[70/20018] transplant_loss 39.4869, rec_loss 0.2068, p_loss 0.7071, quant_error 0.6798, utilization 0.1414, perplexity 5.7175,
Train Epoch: [1/2] Iters:[80/20018] transplant_loss 47.3015, rec_loss 0.1876, p_loss 0.6972, quant_error 0.6637, utilization 0.1197, perplexity 4.9639,
Train Epoch: [1/2] Iters:[90/20018] transplant_loss 53.3127, rec_loss 0.1783, p_loss 0.6849, quant_error 0.6526, utilization 0.1044, perplexity 4.9195,
Train Epoch: [1/2] Iters:[100/20018] transplant_loss 58.3630, rec_loss 0.1722, p_loss 0.6763, quant_error 0.6355, utilization 0.0924, perplexity 5.0675,
Train Epoch: [1/2] Iters:[110/20018] transplant_loss 64.2367, rec_loss 0.1650, p_loss 0.6728, quant_error 0.6404, utilization 0.0834, perplexity 5.3182,
Train Epoch: [1/2] Iters:[120/20018] transplant_loss 70.4557, rec_loss 0.1578, p_loss 0.6690, quant_error 0.6400, utilization 0.0775, perplexity 5.6846,
Train Epoch: [1/2] Iters:[130/20018] transplant_loss 72.0416, rec_loss 0.1471, p_loss 0.6656, quant_error 0.6419, utilization 0.0725, perplexity 6.1756,
Train Epoch: [1/2] Iters:[140/20018] transplant_loss 68.6797, rec_loss 0.1350, p_loss 0.6609, quant_error 0.6282, utilization 0.0695, perplexity 6.7164,
Train Epoch: [1/2] Iters:[150/20018] transplant_loss 61.7281, rec_loss 0.1273, p_loss 0.6531, quant_error 0.6270, utilization 0.0679, perplexity 7.2246,
Train Epoch: [1/2] Iters:[160/20018] transplant_loss 55.0625, rec_loss 0.1211, p_loss 0.6479, quant_error 0.6155, utilization 0.0670, perplexity 7.6388,
Train Epoch: [1/2] Iters:[170/20018] transplant_loss 47.0577, rec_loss 0.1148, p_loss 0.6441, quant_error 0.6106, utilization 0.0671, perplexity 7.9512,
Train Epoch: [1/2] Iters:[180/20018] transplant_loss 39.9955, rec_loss 0.1115, p_loss 0.6396, quant_error 0.5993, utilization 0.0678, perplexity 8.2084,
Train Epoch: [1/2] Iters:[190/20018] transplant_loss 34.0479, rec_loss 0.1099, p_loss 0.6335, quant_error 0.6032, utilization 0.0687, perplexity 8.4538,
Train Epoch: [1/2] Iters:[200/20018] transplant_loss 30.3497, rec_loss 0.1077, p_loss 0.6285, quant_error 0.5975, utilization 0.0693, perplexity 8.6869,
Train Epoch: [1/2] Iters:[210/20018] transplant_loss 27.7498, rec_loss 0.1045, p_loss 0.6216, quant_error 0.5899, utilization 0.0699, perplexity 8.9121,
Train Epoch: [1/2] Iters:[220/20018] transplant_loss 25.1588, rec_loss 0.1024, p_loss 0.6163, quant_error 0.5897, utilization 0.0702, perplexity 9.1254,
Train Epoch: [1/2] Iters:[230/20018] transplant_loss 23.3958, rec_loss 0.0994, p_loss 0.6090, quant_error 0.5906, utilization 0.0707, perplexity 9.3381,
Train Epoch: [1/2] Iters:[240/20018] transplant_loss 21.7971, rec_loss 0.0978, p_loss 0.6058, quant_error 0.5900, utilization 0.0711, perplexity 9.4954,
Train Epoch: [1/2] Iters:[250/20018] transplant_loss 20.0351, rec_loss 0.0952, p_loss 0.6005, quant_error 0.5841, utilization 0.0715, perplexity 9.6553,
Train Epoch: [1/2] Iters:[260/20018] transplant_loss 17.6544, rec_loss 0.0931, p_loss 0.5974, quant_error 0.5776, utilization 0.0724, perplexity 9.8274,
Train Epoch: [1/2] Iters:[270/20018] transplant_loss 16.8506, rec_loss 0.0919, p_loss 0.5932, quant_error 0.5726, utilization 0.0734, perplexity 9.9943,
Train Epoch: [1/2] Iters:[280/20018] transplant_loss 16.3365, rec_loss 0.0909, p_loss 0.5910, quant_error 0.5639, utilization 0.0743, perplexity 10.1430,
Train Epoch: [1/2] Iters:[290/20018] transplant_loss 15.6430, rec_loss 0.0892, p_loss 0.5861, quant_error 0.5589, utilization 0.0752, perplexity 10.3397,
Train Epoch: [1/2] Iters:[300/20018] transplant_loss 14.7865, rec_loss 0.0891, p_loss 0.5834, quant_error 0.5614, utilization 0.0763, perplexity 10.5208,
Train Epoch: [1/2] Iters:[310/20018] transplant_loss 14.0469, rec_loss 0.0879, p_loss 0.5800, quant_error 0.5635, utilization 0.0773, perplexity 10.6767,
Train Epoch: [1/2] Iters:[320/20018] transplant_loss 13.1246, rec_loss 0.0879, p_loss 0.5782, quant_error 0.5657, utilization 0.0781, perplexity 10.8263,
Train Epoch: [1/2] Iters:[330/20018] transplant_loss 12.1897, rec_loss 0.0877, p_loss 0.5763, quant_error 0.5705, utilization 0.0788, perplexity 10.9712,
Train Epoch: [1/2] Iters:[340/20018] transplant_loss 11.5442, rec_loss 0.0871, p_loss 0.5738, quant_error 0.5658, utilization 0.0794, perplexity 11.0918,
Train Epoch: [1/2] Iters:[350/20018] transplant_loss 11.3012, rec_loss 0.0865, p_loss 0.5717, quant_error 0.5608, utilization 0.0796, perplexity 11.2416,
Train Epoch: [1/2] Iters:[360/20018] transplant_loss 11.1894, rec_loss 0.0880, p_loss 0.5712, quant_error 0.5630, utilization 0.0795, perplexity 11.4016,
Train Epoch: [1/2] Iters:[370/20018] transplant_loss 11.3788, rec_loss 0.0872, p_loss 0.5676, quant_error 0.5576, utilization 0.0796, perplexity 11.5511,
Train Epoch: [1/2] Iters:[380/20018] transplant_loss 11.5182, rec_loss 0.0887, p_loss 0.5644, quant_error 0.5568, utilization 0.0796, perplexity 11.7334,
Train Epoch: [1/2] Iters:[390/20018] transplant_loss 11.6899, rec_loss 0.0883, p_loss 0.5632, quant_error 0.5608, utilization 0.0795, perplexity 11.8942,
Train Epoch: [1/2] Iters:[400/20018] transplant_loss 11.6438, rec_loss 0.0871, p_loss 0.5588, quant_error 0.5541, utilization 0.0796, perplexity 12.0243,
Train Epoch: [1/2] Iters:[410/20018] transplant_loss 11.4804, rec_loss 0.0859, p_loss 0.5551, quant_error 0.5507, utilization 0.0797, perplexity 12.1923,
Train Epoch: [1/2] Iters:[420/20018] transplant_loss 10.9485, rec_loss 0.0845, p_loss 0.5520, quant_error 0.5446, utilization 0.0800, perplexity 12.3709,
Train Epoch: [1/2] Iters:[430/20018] transplant_loss 10.5138, rec_loss 0.0816, p_loss 0.5474, quant_error 0.5383, utilization 0.0801, perplexity 12.5362,
Train Epoch: [1/2] Iters:[440/20018] transplant_loss 10.1253, rec_loss 0.0816, p_loss 0.5415, quant_error 0.5362, utilization 0.0801, perplexity 12.6959,
Train Epoch: [1/2] Iters:[450/20018] transplant_loss 9.9339, rec_loss 0.0808, p_loss 0.5384, quant_error 0.5355, utilization 0.0800, perplexity 12.8304,
Train Epoch: [1/2] Iters:[460/20018] transplant_loss 9.9887, rec_loss 0.0801, p_loss 0.5322, quant_error 0.5293, utilization 0.0798, perplexity 12.9379,
Train Epoch: [1/2] Iters:[470/20018] transplant_loss 10.0074, rec_loss 0.0794, p_loss 0.5292, quant_error 0.5344, utilization 0.0794, perplexity 13.0968,
Train Epoch: [1/2] Iters:[480/20018] transplant_loss 10.2031, rec_loss 0.0789, p_loss 0.5253, quant_error 0.5334, utilization 0.0792, perplexity 13.2219,
Train Epoch: [1/2] Iters:[490/20018] transplant_loss 10.5315, rec_loss 0.0768, p_loss 0.5203, quant_error 0.5266, utilization 0.0791, perplexity 13.3085,
Train Epoch: [1/2] Iters:[500/20018] transplant_loss 10.9062, rec_loss 0.0770, p_loss 0.5155, quant_error 0.5266, utilization 0.0790, perplexity 13.4259,
Train Epoch: [1/2] Iters:[510/20018] transplant_loss 11.1937, rec_loss 0.0765, p_loss 0.5121, quant_error 0.5284, utilization 0.0791, perplexity 13.5681,
Train Epoch: [1/2] Iters:[520/20018] transplant_loss 11.6319, rec_loss 0.0761, p_loss 0.5053, quant_error 0.5193, utilization 0.0791, perplexity 13.6781,
Train Epoch: [1/2] Iters:[530/20018] transplant_loss 11.9413, rec_loss 0.0751, p_loss 0.5000, quant_error 0.5139, utilization 0.0791, perplexity 13.8008,
Train Epoch: [1/2] Iters:[540/20018] transplant_loss 12.2009, rec_loss 0.0754, p_loss 0.4961, quant_error 0.5102, utilization 0.0791, perplexity 13.9678,
Train Epoch: [1/2] Iters:[550/20018] transplant_loss 12.3681, rec_loss 0.0745, p_loss 0.4918, quant_error 0.5090, utilization 0.0791, perplexity 14.1498,
Train Epoch: [1/2] Iters:[560/20018] transplant_loss 12.6455, rec_loss 0.0729, p_loss 0.4859, quant_error 0.5043, utilization 0.0790, perplexity 14.3190,
Train Epoch: [1/2] Iters:[570/20018] transplant_loss 12.9631, rec_loss 0.0718, p_loss 0.4807, quant_error 0.5043, utilization 0.0791, perplexity 14.4647,
Train Epoch: [1/2] Iters:[580/20018] transplant_loss 13.4179, rec_loss 0.0712, p_loss 0.4768, quant_error 0.5054, utilization 0.0792, perplexity 14.5859,
Train Epoch: [1/2] Iters:[590/20018] transplant_loss 13.7123, rec_loss 0.0708, p_loss 0.4717, quant_error 0.5064, utilization 0.0793, perplexity 14.7660,
Train Epoch: [1/2] Iters:[600/20018] transplant_loss 14.0361, rec_loss 0.0693, p_loss 0.4660, quant_error 0.5021, utilization 0.0794, perplexity 14.9184,
Train Epoch: [1/2] Iters:[610/20018] transplant_loss 14.3349, rec_loss 0.0694, p_loss 0.4602, quant_error 0.4982, utilization 0.0795, perplexity 15.0344,
Train Epoch: [1/2] Iters:[620/20018] transplant_loss 14.6416, rec_loss 0.0694, p_loss 0.4549, quant_error 0.4976, utilization 0.0795, perplexity 15.1586,
Train Epoch: [1/2] Iters:[630/20018] transplant_loss 14.8200, rec_loss 0.0680, p_loss 0.4478, quant_error 0.4899, utilization 0.0796, perplexity 15.2792,
Train Epoch: [1/2] Iters:[640/20018] transplant_loss 15.1005, rec_loss 0.0670, p_loss 0.4423, quant_error 0.4861, utilization 0.0796, perplexity 15.3701,
Train Epoch: [1/2] Iters:[650/20018] transplant_loss 15.3847, rec_loss 0.0664, p_loss 0.4375, quant_error 0.4850, utilization 0.0796, perplexity 15.4823,
Train Epoch: [1/2] Iters:[660/20018] transplant_loss 15.6368, rec_loss 0.0651, p_loss 0.4331, quant_error 0.4819, utilization 0.0796, perplexity 15.6010,
Train Epoch: [1/2] Iters:[670/20018] transplant_loss 15.8423, rec_loss 0.0644, p_loss 0.4295, quant_error 0.4798, utilization 0.0796, perplexity 15.7005,
Train Epoch: [1/2] Iters:[680/20018] transplant_loss 16.0704, rec_loss 0.0645, p_loss 0.4253, quant_error 0.4784, utilization 0.0796, perplexity 15.8328,
Train Epoch: [1/2] Iters:[690/20018] transplant_loss 16.2684, rec_loss 0.0637, p_loss 0.4200, quant_error 0.4731, utilization 0.0796, perplexity 15.9192,
Train Epoch: [1/2] Iters:[700/20018] transplant_loss 16.5432, rec_loss 0.0640, p_loss 0.4149, quant_error 0.4719, utilization 0.0796, perplexity 15.9613,
Train Epoch: [1/2] Iters:[710/20018] transplant_loss 16.8087, rec_loss 0.0639, p_loss 0.4116, quant_error 0.4739, utilization 0.0795, perplexity 16.0227,
Train Epoch: [1/2] Iters:[720/20018] transplant_loss 17.0663, rec_loss 0.0630, p_loss 0.4065, quant_error 0.4698, utilization 0.0796, perplexity 16.1115,
Train Epoch: [1/2] Iters:[730/20018] transplant_loss 17.3529, rec_loss 0.0620, p_loss 0.4035, quant_error 0.4696, utilization 0.0795, perplexity 16.1613,
Train Epoch: [1/2] Iters:[740/20018] transplant_loss 17.6236, rec_loss 0.0622, p_loss 0.4021, quant_error 0.4747, utilization 0.0796, perplexity 16.2477,
Train Epoch: [1/2] Iters:[750/20018] transplant_loss 17.8683, rec_loss 0.0607, p_loss 0.3980, quant_error 0.4691, utilization 0.0797, perplexity 16.3454,
Train Epoch: [1/2] Iters:[760/20018] transplant_loss 18.0730, rec_loss 0.0596, p_loss 0.3941, quant_error 0.4642, utilization 0.0798, perplexity 16.4363,
Train Epoch: [1/2] Iters:[770/20018] transplant_loss 18.3252, rec_loss 0.0591, p_loss 0.3909, quant_error 0.4582, utilization 0.0799, perplexity 16.4725,
Train Epoch: [1/2] Iters:[780/20018] transplant_loss 18.5709, rec_loss 0.0586, p_loss 0.3877, quant_error 0.4567, utilization 0.0800, perplexity 16.5567,
Train Epoch: [1/2] Iters:[790/20018] transplant_loss 18.8058, rec_loss 0.0577, p_loss 0.3843, quant_error 0.4546, utilization 0.0800, perplexity 16.6047,
Train Epoch: [1/2] Iters:[800/20018] transplant_loss 19.0507, rec_loss 0.0578, p_loss 0.3827, quant_error 0.4533, utilization 0.0800, perplexity 16.6626,
Train Epoch: [1/2] Iters:[810/20018] transplant_loss 19.3520, rec_loss 0.0577, p_loss 0.3799, quant_error 0.4532, utilization 0.0800, perplexity 16.7035,
Train Epoch: [1/2] Iters:[820/20018] transplant_loss 19.6482, rec_loss 0.0575, p_loss 0.3777, quant_error 0.4569, utilization 0.0802, perplexity 16.7626,
Train Epoch: [1/2] Iters:[830/20018] transplant_loss 19.9118, rec_loss 0.0576, p_loss 0.3749, quant_error 0.4540, utilization 0.0802, perplexity 16.8162,
Train Epoch: [1/2] Iters:[840/20018] transplant_loss 20.1899, rec_loss 0.0570, p_loss 0.3715, quant_error 0.4482, utilization 0.0803, perplexity 16.8792,
Train Epoch: [1/2] Iters:[850/20018] transplant_loss 20.4969, rec_loss 0.0571, p_loss 0.3686, quant_error 0.4467, utilization 0.0802, perplexity 16.9306,
Train Epoch: [1/2] Iters:[860/20018] transplant_loss 20.8213, rec_loss 0.0584, p_loss 0.3672, quant_error 0.4455, utilization 0.0804, perplexity 16.9794,
Train Epoch: [1/2] Iters:[870/20018] transplant_loss 21.1656, rec_loss 0.0582, p_loss 0.3663, quant_error 0.4446, utilization 0.0805, perplexity 17.0291,
Train Epoch: [1/2] Iters:[880/20018] transplant_loss 21.5312, rec_loss 0.0580, p_loss 0.3655, quant_error 0.4445, utilization 0.0807, perplexity 17.0709,
Train Epoch: [1/2] Iters:[890/20018] transplant_loss 21.8932, rec_loss 0.0572, p_loss 0.3640, quant_error 0.4423, utilization 0.0809, perplexity 17.0938,
Train Epoch: [1/2] Iters:[900/20018] transplant_loss 22.1602, rec_loss 0.0563, p_loss 0.3633, quant_error 0.4427, utilization 0.0811, perplexity 17.1452,
Train Epoch: [1/2] Iters:[910/20018] transplant_loss 22.4111, rec_loss 0.0546, p_loss 0.3616, quant_error 0.4424, utilization 0.0812, perplexity 17.1803,
Train Epoch: [1/2] Iters:[920/20018] transplant_loss 22.6280, rec_loss 0.0542, p_loss 0.3586, quant_error 0.4399, utilization 0.0811, perplexity 17.2454,
Train Epoch: [1/2] Iters:[930/20018] transplant_loss 22.9130, rec_loss 0.0536, p_loss 0.3562, quant_error 0.4385, utilization 0.0812, perplexity 17.2855,
Train Epoch: [1/2] Iters:[940/20018] transplant_loss 23.2326, rec_loss 0.0537, p_loss 0.3539, quant_error 0.4388, utilization 0.0811, perplexity 17.3327,
Train Epoch: [1/2] Iters:[950/20018] transplant_loss 23.5675, rec_loss 0.0533, p_loss 0.3519, quant_error 0.4371, utilization 0.0811, perplexity 17.3684,
Train Epoch: [1/2] Iters:[960/20018] transplant_loss 23.9310, rec_loss 0.0531, p_loss 0.3509, quant_error 0.4354, utilization 0.0810, perplexity 17.4280,
Train Epoch: [1/2] Iters:[970/20018] transplant_loss 24.3182, rec_loss 0.0531, p_loss 0.3506, quant_error 0.4332, utilization 0.0810, perplexity 17.4500,
Train Epoch: [1/2] Iters:[980/20018] transplant_loss 24.6422, rec_loss 0.0533, p_loss 0.3493, quant_error 0.4299, utilization 0.0809, perplexity 17.5030,
Train Epoch: [1/2] Iters:[990/20018] transplant_loss 24.9433, rec_loss 0.0525, p_loss 0.3478, quant_error 0.4255, utilization 0.0810, perplexity 17.5597,
Train Epoch: [1/2] Iters:[1000/20018] transplant_loss 25.3168, rec_loss 0.0534, p_loss 0.3476, quant_error 0.4276, utilization 0.0810, perplexity 17.5794,
Train Epoch: [1/2] Iters:[1010/20018] transplant_loss 25.6345, rec_loss 0.0528, p_loss 0.3451, quant_error 0.4269, utilization 0.0810, perplexity 17.6075,
Train Epoch: [1/2] Iters:[1020/20018] transplant_loss 25.9019, rec_loss 0.0523, p_loss 0.3433, quant_error 0.4288, utilization 0.0812, perplexity 17.6582,
Train Epoch: [1/2] Iters:[1030/20018] transplant_loss 26.1485, rec_loss 0.0524, p_loss 0.3438, quant_error 0.4350, utilization 0.0812, perplexity 17.6705,
Train Epoch: [1/2] Iters:[1040/20018] transplant_loss 26.4172, rec_loss 0.0532, p_loss 0.3436, quant_error 0.4377, utilization 0.0813, perplexity 17.7122,
Train Epoch: [1/2] Iters:[1050/20018] transplant_loss 26.6026, rec_loss 0.0520, p_loss 0.3409, quant_error 0.4343, utilization 0.0813, perplexity 17.7665,
Train Epoch: [1/2] Iters:[1060/20018] transplant_loss 26.8753, rec_loss 0.0518, p_loss 0.3397, quant_error 0.4330, utilization 0.0813, perplexity 17.7873,
Train Epoch: [1/2] Iters:[1070/20018] transplant_loss 27.1101, rec_loss 0.0515, p_loss 0.3385, quant_error 0.4293, utilization 0.0812, perplexity 17.8187,
Train Epoch: [1/2] Iters:[1080/20018] transplant_loss 27.3820, rec_loss 0.0519, p_loss 0.3366, quant_error 0.4253, utilization 0.0813, perplexity 17.8682,
Train Epoch: [1/2] Iters:[1090/20018] transplant_loss 27.6747, rec_loss 0.0516, p_loss 0.3350, quant_error 0.4229, utilization 0.0815, perplexity 17.8639,
Train Epoch: [1/2] Iters:[1100/20018] transplant_loss 27.9765, rec_loss 0.0517, p_loss 0.3346, quant_error 0.4236, utilization 0.0817, perplexity 17.8804,
Train Epoch: [1/2] Iters:[1110/20018] transplant_loss 28.1605, rec_loss 0.0514, p_loss 0.3328, quant_error 0.4219, utilization 0.0819, perplexity 17.9199,
Train Epoch: [1/2] Iters:[1120/20018] transplant_loss 28.3653, rec_loss 0.0520, p_loss 0.3329, quant_error 0.4253, utilization 0.0821, perplexity 17.9272,
Train Epoch: [1/2] Iters:[1130/20018] transplant_loss 28.6012, rec_loss 0.0511, p_loss 0.3316, quant_error 0.4240, utilization 0.0821, perplexity 17.9436,
Train Epoch: [1/2] Iters:[1140/20018] transplant_loss 28.7878, rec_loss 0.0517, p_loss 0.3317, quant_error 0.4300, utilization 0.0821, perplexity 17.9980,
Train Epoch: [1/2] Iters:[1150/20018] transplant_loss 28.9856, rec_loss 0.0521, p_loss 0.3322, quant_error 0.4302, utilization 0.0824, perplexity 18.0109,
Train Epoch: [1/2] Iters:[1160/20018] transplant_loss 29.2426, rec_loss 0.0537, p_loss 0.3341, quant_error 0.4356, utilization 0.0824, perplexity 18.0379,
Train Epoch: [1/2] Iters:[1170/20018] transplant_loss 29.4881, rec_loss 0.0526, p_loss 0.3322, quant_error 0.4321, utilization 0.0829, perplexity 18.0802,
Train Epoch: [1/2] Iters:[1180/20018] transplant_loss 29.6504, rec_loss 0.0521, p_loss 0.3297, quant_error 0.4289, utilization 0.0832, perplexity 18.1059,
Train Epoch: [1/2] Iters:[1190/20018] transplant_loss 29.7834, rec_loss 0.0519, p_loss 0.3289, quant_error 0.4244, utilization 0.0835, perplexity 18.0996,
Train Epoch: [1/2] Iters:[1200/20018] transplant_loss 29.9019, rec_loss 0.0512, p_loss 0.3275, quant_error 0.4226, utilization 0.0835, perplexity 18.1294,
Train Epoch: [1/2] Iters:[1210/20018] transplant_loss 30.0279, rec_loss 0.0499, p_loss 0.3252, quant_error 0.4185, utilization 0.0839, perplexity 18.1617,
Train Epoch: [1/2] Iters:[1220/20018] transplant_loss 30.1947, rec_loss 0.0505, p_loss 0.3236, quant_error 0.4198, utilization 0.0840, perplexity 18.1719,
Train Epoch: [1/2] Iters:[1230/20018] transplant_loss 30.3619, rec_loss 0.0514, p_loss 0.3249, quant_error 0.4257, utilization 0.0843, perplexity 18.1939,
Train Epoch: [1/2] Iters:[1240/20018] transplant_loss 30.5280, rec_loss 0.0509, p_loss 0.3246, quant_error 0.4272, utilization 0.0845, perplexity 18.2516,
Train Epoch: [1/2] Iters:[1250/20018] transplant_loss 30.7199, rec_loss 0.0509, p_loss 0.3236, quant_error 0.4266, utilization 0.0851, perplexity 18.2921,
Train Epoch: [1/2] Iters:[1260/20018] transplant_loss 30.8922, rec_loss 0.0512, p_loss 0.3238, quant_error 0.4290, utilization 0.0852, perplexity 18.3027,
Train Epoch: [1/2] Iters:[1270/20018] transplant_loss 31.0313, rec_loss 0.0508, p_loss 0.3236, quant_error 0.4281, utilization 0.0852, perplexity 18.3277,
Train Epoch: [1/2] Iters:[1280/20018] transplant_loss 31.1678, rec_loss 0.0501, p_loss 0.3229, quant_error 0.4255, utilization 0.0852, perplexity 18.3610,
Train Epoch: [1/2] Iters:[1290/20018] transplant_loss 31.3053, rec_loss 0.0499, p_loss 0.3228, quant_error 0.4257, utilization 0.0853, perplexity 18.3772,
Train Epoch: [1/2] Iters:[1300/20018] transplant_loss 31.4265, rec_loss 0.0500, p_loss 0.3221, quant_error 0.4253, utilization 0.0852, perplexity 18.4020,
Train Epoch: [1/2] Iters:[1310/20018] transplant_loss 31.4707, rec_loss 0.0499, p_loss 0.3213, quant_error 0.4241, utilization 0.0854, perplexity 18.4156,
Train Epoch: [1/2] Iters:[1320/20018] transplant_loss 31.6168, rec_loss 0.0508, p_loss 0.3224, quant_error 0.4281, utilization 0.0857, perplexity 18.4543,
Train Epoch: [1/2] Iters:[1330/20018] transplant_loss 31.7603, rec_loss 0.0498, p_loss 0.3204, quant_error 0.4250, utilization 0.0859, perplexity 18.4451,
Train Epoch: [1/2] Iters:[1340/20018] transplant_loss 31.8624, rec_loss 0.0491, p_loss 0.3183, quant_error 0.4219, utilization 0.0860, perplexity 18.4618,
Train Epoch: [1/2] Iters:[1350/20018] transplant_loss 31.9369, rec_loss 0.0491, p_loss 0.3180, quant_error 0.4203, utilization 0.0863, perplexity 18.4712,
Train Epoch: [1/2] Iters:[1360/20018] transplant_loss 32.0120, rec_loss 0.0480, p_loss 0.3159, quant_error 0.4138, utilization 0.0863, perplexity 18.4971,
Train Epoch: [1/2] Iters:[1370/20018] transplant_loss 32.0450, rec_loss 0.0478, p_loss 0.3152, quant_error 0.4140, utilization 0.0866, perplexity 18.5297,
Train Epoch: [1/2] Iters:[1380/20018] transplant_loss 32.0566, rec_loss 0.0480, p_loss 0.3159, quant_error 0.4136, utilization 0.0868, perplexity 18.5872,
Train Epoch: [1/2] Iters:[1390/20018] transplant_loss 32.1259, rec_loss 0.0486, p_loss 0.3163, quant_error 0.4135, utilization 0.0870, perplexity 18.6157,
Train Epoch: [1/2] Iters:[1400/20018] transplant_loss 32.2115, rec_loss 0.0490, p_loss 0.3170, quant_error 0.4186, utilization 0.0873, perplexity 18.6355,
Train Epoch: [1/2] Iters:[1410/20018] transplant_loss 32.3763, rec_loss 0.0497, p_loss 0.3184, quant_error 0.4267, utilization 0.0874, perplexity 18.6669,
Train Epoch: [1/2] Iters:[1420/20018] transplant_loss 32.3698, rec_loss 0.0490, p_loss 0.3179, quant_error 0.4195, utilization 0.0873, perplexity 18.6624,
Train Epoch: [1/2] Iters:[1430/20018] transplant_loss 32.3956, rec_loss 0.0490, p_loss 0.3176, quant_error 0.4201, utilization 0.0877, perplexity 18.6859,
Train Epoch: [1/2] Iters:[1440/20018] transplant_loss 32.4210, rec_loss 0.0488, p_loss 0.3171, quant_error 0.4225, utilization 0.0878, perplexity 18.7055,
Train Epoch: [1/2] Iters:[1450/20018] transplant_loss 32.3948, rec_loss 0.0477, p_loss 0.3147, quant_error 0.4173, utilization 0.0881, perplexity 18.7485,
Train Epoch: [1/2] Iters:[1460/20018] transplant_loss 32.3394, rec_loss 0.0473, p_loss 0.3139, quant_error 0.4137, utilization 0.0885, perplexity 18.7688,
Train Epoch: [1/2] Iters:[1470/20018] transplant_loss 32.4117, rec_loss 0.0474, p_loss 0.3132, quant_error 0.4157, utilization 0.0892, perplexity 18.8029,
Train Epoch: [1/2] Iters:[1480/20018] transplant_loss 32.4519, rec_loss 0.0473, p_loss 0.3125, quant_error 0.4158, utilization 0.0894, perplexity 18.8214,
Train Epoch: [1/2] Iters:[1490/20018] transplant_loss 32.4746, rec_loss 0.0473, p_loss 0.3122, quant_error 0.4145, utilization 0.0896, perplexity 18.8378,
Train Epoch: [1/2] Iters:[1500/20018] transplant_loss 32.4749, rec_loss 0.0473, p_loss 0.3114, quant_error 0.4118, utilization 0.0896, perplexity 18.8500,
Train Epoch: [1/2] Iters:[1510/20018] transplant_loss 32.4558, rec_loss 0.0478, p_loss 0.3125, quant_error 0.4147, utilization 0.0901, perplexity 18.8882,
Train Epoch: [1/2] Iters:[1520/20018] transplant_loss 32.4190, rec_loss 0.0478, p_loss 0.3124, quant_error 0.4143, utilization 0.0901, perplexity 18.9167,
Train Epoch: [1/2] Iters:[1530/20018] transplant_loss 32.3756, rec_loss 0.0480, p_loss 0.3128, quant_error 0.4159, utilization 0.0907, perplexity 18.9354,
Train Epoch: [1/2] Iters:[1540/20018] transplant_loss 32.2942, rec_loss 0.0486, p_loss 0.3134, quant_error 0.4160, utilization 0.0913, perplexity 18.9678,
Train Epoch: [1/2] Iters:[1550/20018] transplant_loss 32.2564, rec_loss 0.0491, p_loss 0.3138, quant_error 0.4204, utilization 0.0918, perplexity 18.9984,
Train Epoch: [1/2] Iters:[1560/20018] transplant_loss 32.1617, rec_loss 0.0486, p_loss 0.3128, quant_error 0.4154, utilization 0.0919, perplexity 19.0156,
Train Epoch: [1/2] Iters:[1570/20018] transplant_loss 31.9776, rec_loss 0.0485, p_loss 0.3128, quant_error 0.4157, utilization 0.0920, perplexity 19.0388,
Train Epoch: [1/2] Iters:[1580/20018] transplant_loss 31.8337, rec_loss 0.0484, p_loss 0.3120, quant_error 0.4129, utilization 0.0925, perplexity 19.0547,
Train Epoch: [1/2] Iters:[1590/20018] transplant_loss 31.7772, rec_loss 0.0482, p_loss 0.3113, quant_error 0.4124, utilization 0.0930, perplexity 19.0775,
Train Epoch: [1/2] Iters:[1600/20018] transplant_loss 31.7008, rec_loss 0.0481, p_loss 0.3127, quant_error 0.4111, utilization 0.0936, perplexity 19.0906,
Train Epoch: [1/2] Iters:[1610/20018] transplant_loss 31.6348, rec_loss 0.0481, p_loss 0.3112, quant_error 0.4136, utilization 0.0940, perplexity 19.1144,
Train Epoch: [1/2] Iters:[1620/20018] transplant_loss 31.6533, rec_loss 0.0488, p_loss 0.3112, quant_error 0.4162, utilization 0.0945, perplexity 19.1514,
Train Epoch: [1/2] Iters:[1630/20018] transplant_loss 31.5214, rec_loss 0.0484, p_loss 0.3109, quant_error 0.4146, utilization 0.0946, perplexity 19.1743,
Train Epoch: [1/2] Iters:[1640/20018] transplant_loss 31.2793, rec_loss 0.0477, p_loss 0.3103, quant_error 0.4141, utilization 0.0946, perplexity 19.1926,
Train Epoch: [1/2] Iters:[1650/20018] transplant_loss 31.0073, rec_loss 0.0474, p_loss 0.3087, quant_error 0.4135, utilization 0.0946, perplexity 19.2195,
Train Epoch: [1/2] Iters:[1660/20018] transplant_loss 30.6654, rec_loss 0.0469, p_loss 0.3081, quant_error 0.4104, utilization 0.0949, perplexity 19.2294,
Train Epoch: [1/2] Iters:[1670/20018] transplant_loss 30.3879, rec_loss 0.0463, p_loss 0.3076, quant_error 0.4081, utilization 0.0952, perplexity 19.2367,
Train Epoch: [1/2] Iters:[1680/20018] transplant_loss 30.2411, rec_loss 0.0472, p_loss 0.3081, quant_error 0.4135, utilization 0.0958, perplexity 19.2736,
Train Epoch: [1/2] Iters:[1690/20018] transplant_loss 30.0687, rec_loss 0.0472, p_loss 0.3080, quant_error 0.4133, utilization 0.0965, perplexity 19.2918,
Train Epoch: [1/2] Iters:[1700/20018] transplant_loss 29.8857, rec_loss 0.0471, p_loss 0.3074, quant_error 0.4110, utilization 0.0970, perplexity 19.3109,
Train Epoch: [1/2] Iters:[1710/20018] transplant_loss 29.7642, rec_loss 0.0476, p_loss 0.3074, quant_error 0.4125, utilization 0.0975, perplexity 19.3422,
Train Epoch: [1/2] Iters:[1720/20018] transplant_loss 29.6179, rec_loss 0.0470, p_loss 0.3060, quant_error 0.4105, utilization 0.0980, perplexity 19.3563,
Train Epoch: [1/2] Iters:[1730/20018] transplant_loss 29.4143, rec_loss 0.0464, p_loss 0.3053, quant_error 0.4079, utilization 0.0980, perplexity 19.3705,
Train Epoch: [1/2] Iters:[1740/20018] transplant_loss 29.4197, rec_loss 0.0469, p_loss 0.3064, quant_error 0.4106, utilization 0.0982, perplexity 19.3969,
Train Epoch: [1/2] Iters:[1750/20018] transplant_loss 29.3361, rec_loss 0.0472, p_loss 0.3074, quant_error 0.4128, utilization 0.0987, perplexity 19.4268,
Train Epoch: [1/2] Iters:[1760/20018] transplant_loss 29.1553, rec_loss 0.0465, p_loss 0.3073, quant_error 0.4100, utilization 0.0990, perplexity 19.4524,
Train Epoch: [1/2] Iters:[1770/20018] transplant_loss 29.0790, rec_loss 0.0473, p_loss 0.3092, quant_error 0.4141, utilization 0.0997, perplexity 19.4699,
Train Epoch: [1/2] Iters:[1780/20018] transplant_loss 28.9301, rec_loss 0.0470, p_loss 0.3086, quant_error 0.4112, utilization 0.1002, perplexity 19.4788,
Train Epoch: [1/2] Iters:[1790/20018] transplant_loss 28.6359, rec_loss 0.0469, p_loss 0.3079, quant_error 0.4076, utilization 0.1007, perplexity 19.5032,
Train Epoch: [1/2] Iters:[1800/20018] transplant_loss 28.2570, rec_loss 0.0462, p_loss 0.3077, quant_error 0.4029, utilization 0.1009, perplexity 19.5231,
Train Epoch: [1/2] Iters:[1810/20018] transplant_loss 28.2738, rec_loss 0.0473, p_loss 0.3090, quant_error 0.4080, utilization 0.1013, perplexity 19.5405,
Train Epoch: [1/2] Iters:[1820/20018] transplant_loss 27.7757, rec_loss 0.0462, p_loss 0.3066, quant_error 0.4000, utilization 0.1016, perplexity 19.5684,
Train Epoch: [1/2] Iters:[1830/20018] transplant_loss 27.5294, rec_loss 0.0468, p_loss 0.3070, quant_error 0.4026, utilization 0.1018, perplexity 19.5984,
Train Epoch: [1/2] Iters:[1840/20018] transplant_loss 27.4064, rec_loss 0.0471, p_loss 0.3071, quant_error 0.4047, utilization 0.1027, perplexity 19.6123,
Train Epoch: [1/2] Iters:[1850/20018] transplant_loss 27.5165, rec_loss 0.0480, p_loss 0.3073, quant_error 0.4100, utilization 0.1033, perplexity 19.6375,
Train Epoch: [1/2] Iters:[1860/20018] transplant_loss 27.1005, rec_loss 0.0472, p_loss 0.3059, quant_error 0.4057, utilization 0.1038, perplexity 19.6603,
Train Epoch: [1/2] Iters:[1870/20018] transplant_loss 27.1373, rec_loss 0.0482, p_loss 0.3082, quant_error 0.4108, utilization 0.1042, perplexity 19.6693,
Train Epoch: [1/2] Iters:[1880/20018] transplant_loss 27.1456, rec_loss 0.0480, p_loss 0.3079, quant_error 0.4107, utilization 0.1050, perplexity 19.6821,
Train Epoch: [1/2] Iters:[1890/20018] transplant_loss 26.7562, rec_loss 0.0470, p_loss 0.3066, quant_error 0.4055, utilization 0.1053, perplexity 19.7194,
Train Epoch: [1/2] Iters:[1900/20018] transplant_loss 26.4390, rec_loss 0.0467, p_loss 0.3055, quant_error 0.4034, utilization 0.1058, perplexity 19.7466,
Train Epoch: [1/2] Iters:[1910/20018] transplant_loss 26.4589, rec_loss 0.0471, p_loss 0.3065, quant_error 0.4074, utilization 0.1060, perplexity 19.7596,
Train Epoch: [1/2] Iters:[1920/20018] transplant_loss 26.3106, rec_loss 0.0469, p_loss 0.3044, quant_error 0.4050, utilization 0.1067, perplexity 19.8005,
Train Epoch: [1/2] Iters:[1930/20018] transplant_loss 26.0469, rec_loss 0.0469, p_loss 0.3034, quant_error 0.4033, utilization 0.1073, perplexity 19.8372,
Train Epoch: [1/2] Iters:[1940/20018] transplant_loss 25.8592, rec_loss 0.0475, p_loss 0.3034, quant_error 0.4044, utilization 0.1074, perplexity 19.8560,
Train Epoch: [1/2] Iters:[1950/20018] transplant_loss 25.6830, rec_loss 0.0472, p_loss 0.3035, quant_error 0.4042, utilization 0.1078, perplexity 19.8725,
Train Epoch: [1/2] Iters:[1960/20018] transplant_loss 25.5001, rec_loss 0.0471, p_loss 0.3041, quant_error 0.4026, utilization 0.1082, perplexity 19.8858,
Train Epoch: [1/2] Iters:[1970/20018] transplant_loss 25.3827, rec_loss 0.0471, p_loss 0.3056, quant_error 0.4082, utilization 0.1085, perplexity 19.9095,
Train Epoch: [1/2] Iters:[1980/20018] transplant_loss 25.1561, rec_loss 0.0474, p_loss 0.3076, quant_error 0.4114, utilization 0.1088, perplexity 19.9260,
Train Epoch: [1/2] Iters:[1990/20018] transplant_loss 25.2290, rec_loss 0.0476, p_loss 0.3080, quant_error 0.4168, utilization 0.1095, perplexity 19.9410,
Train Epoch: [1/2] Iters:[2000/20018] transplant_loss 25.2717, rec_loss 0.0481, p_loss 0.3077, quant_error 0.4190, utilization 0.1103, perplexity 19.9665,
Train Epoch: [1/2] Iters:[2010/20018] transplant_loss 25.1558, rec_loss 0.0483, p_loss 0.3064, quant_error 0.4178, utilization 0.1108, perplexity 20.0165,
Train Epoch: [1/2] Iters:[2020/20018] transplant_loss 24.8507, rec_loss 0.0477, p_loss 0.3045, quant_error 0.4113, utilization 0.1118, perplexity 20.0320,
Train Epoch: [1/2] Iters:[2030/20018] transplant_loss 24.6286, rec_loss 0.0475, p_loss 0.3042, quant_error 0.4080, utilization 0.1124, perplexity 20.0719,
Train Epoch: [1/2] Iters:[2040/20018] transplant_loss 24.2725, rec_loss 0.0468, p_loss 0.3027, quant_error 0.4030, utilization 0.1133, perplexity 20.0957,
Train Epoch: [1/2] Iters:[2050/20018] transplant_loss 23.9066, rec_loss 0.0466, p_loss 0.3036, quant_error 0.4037, utilization 0.1136, perplexity 20.1339,
Train Epoch: [1/2] Iters:[2060/20018] transplant_loss 23.5613, rec_loss 0.0460, p_loss 0.3030, quant_error 0.4027, utilization 0.1150, perplexity 20.1619,
Train Epoch: [1/2] Iters:[2070/20018] transplant_loss 23.3230, rec_loss 0.0459, p_loss 0.3032, quant_error 0.4042, utilization 0.1157, perplexity 20.2028,
Train Epoch: [1/2] Iters:[2080/20018] transplant_loss 23.3489, rec_loss 0.0461, p_loss 0.3018, quant_error 0.4065, utilization 0.1160, perplexity 20.2398,
Train Epoch: [1/2] Iters:[2090/20018] transplant_loss 23.3560, rec_loss 0.0466, p_loss 0.3031, quant_error 0.4077, utilization 0.1167, perplexity 20.2870,
Train Epoch: [1/2] Iters:[2100/20018] transplant_loss 23.2039, rec_loss 0.0467, p_loss 0.3023, quant_error 0.4071, utilization 0.1179, perplexity 20.3128,
Train Epoch: [1/2] Iters:[2110/20018] transplant_loss 23.1028, rec_loss 0.0476, p_loss 0.3020, quant_error 0.4068, utilization 0.1180, perplexity 20.3345,
Train Epoch: [1/2] Iters:[2120/20018] transplant_loss 23.0266, rec_loss 0.0480, p_loss 0.3033, quant_error 0.4077, utilization 0.1182, perplexity 20.3661,
Train Epoch: [1/2] Iters:[2130/20018] transplant_loss 22.6949, rec_loss 0.0475, p_loss 0.3031, quant_error 0.4057, utilization 0.1188, perplexity 20.3745,
Train Epoch: [1/2] Iters:[2140/20018] transplant_loss 22.5215, rec_loss 0.0472, p_loss 0.3030, quant_error 0.4071, utilization 0.1193, perplexity 20.4028,
Train Epoch: [1/2] Iters:[2150/20018] transplant_loss 22.2936, rec_loss 0.0466, p_loss 0.3026, quant_error 0.4039, utilization 0.1198, perplexity 20.4387,
Train Epoch: [1/2] Iters:[2160/20018] transplant_loss 22.1704, rec_loss 0.0463, p_loss 0.3032, quant_error 0.4073, utilization 0.1207, perplexity 20.4766,
Train Epoch: [1/2] Iters:[2170/20018] transplant_loss 21.9876, rec_loss 0.0464, p_loss 0.3021, quant_error 0.4070, utilization 0.1212, perplexity 20.5029,
Train Epoch: [1/2] Iters:[2180/20018] transplant_loss 21.7443, rec_loss 0.0466, p_loss 0.3024, quant_error 0.4074, utilization 0.1218, perplexity 20.5595,
Train Epoch: [1/2] Iters:[2190/20018] transplant_loss 21.2727, rec_loss 0.0462, p_loss 0.3016, quant_error 0.4013, utilization 0.1225, perplexity 20.6057,
Train Epoch: [1/2] Iters:[2200/20018] transplant_loss 21.1340, rec_loss 0.0467, p_loss 0.3021, quant_error 0.4053, utilization 0.1225, perplexity 20.6161,
Train Epoch: [1/2] Iters:[2210/20018] transplant_loss 20.8727, rec_loss 0.0462, p_loss 0.3007, quant_error 0.3998, utilization 0.1230, perplexity 20.6618,
Train Epoch: [1/2] Iters:[2220/20018] transplant_loss 20.7813, rec_loss 0.0458, p_loss 0.3007, quant_error 0.3991, utilization 0.1243, perplexity 20.7170,
Train Epoch: [1/2] Iters:[2230/20018] transplant_loss 20.6412, rec_loss 0.0453, p_loss 0.3015, quant_error 0.3982, utilization 0.1249, perplexity 20.7389,
Train Epoch: [1/2] Iters:[2240/20018] transplant_loss 20.7402, rec_loss 0.0461, p_loss 0.3019, quant_error 0.4027, utilization 0.1258, perplexity 20.7849,
Train Epoch: [1/2] Iters:[2250/20018] transplant_loss 20.4150, rec_loss 0.0457, p_loss 0.3026, quant_error 0.3984, utilization 0.1270, perplexity 20.8604,
Train Epoch: [1/2] Iters:[2260/20018] transplant_loss 20.3685, rec_loss 0.0466, p_loss 0.3042, quant_error 0.4032, utilization 0.1282, perplexity 20.8996,
Train Epoch: [1/2] Iters:[2270/20018] transplant_loss 20.0473, rec_loss 0.0465, p_loss 0.3045, quant_error 0.4019, utilization 0.1286, perplexity 20.9210,
Train Epoch: [1/2] Iters:[2280/20018] transplant_loss 19.9280, rec_loss 0.0470, p_loss 0.3037, quant_error 0.4016, utilization 0.1293, perplexity 20.9868,
Train Epoch: [1/2] Iters:[2290/20018] transplant_loss 19.6853, rec_loss 0.0466, p_loss 0.3032, quant_error 0.4010, utilization 0.1297, perplexity 21.0288,
Train Epoch: [1/2] Iters:[2300/20018] transplant_loss 19.6203, rec_loss 0.0466, p_loss 0.3025, quant_error 0.4008, utilization 0.1304, perplexity 21.0493,
Train Epoch: [1/2] Iters:[2310/20018] transplant_loss 19.2750, rec_loss 0.0456, p_loss 0.3012, quant_error 0.3965, utilization 0.1314, perplexity 21.1124,
Train Epoch: [1/2] Iters:[2320/20018] transplant_loss 19.1414, rec_loss 0.0454, p_loss 0.2994, quant_error 0.3946, utilization 0.1328, perplexity 21.1860,
Train Epoch: [1/2] Iters:[2330/20018] transplant_loss 19.0113, rec_loss 0.0449, p_loss 0.2990, quant_error 0.3929, utilization 0.1341, perplexity 21.2279,
Train Epoch: [1/2] Iters:[2340/20018] transplant_loss 18.7403, rec_loss 0.0444, p_loss 0.2970, quant_error 0.3873, utilization 0.1352, perplexity 21.2649,
Train Epoch: [1/2] Iters:[2350/20018] transplant_loss 18.4455, rec_loss 0.0442, p_loss 0.2968, quant_error 0.3872, utilization 0.1359, perplexity 21.3181,
Train Epoch: [1/2] Iters:[2360/20018] transplant_loss 18.4422, rec_loss 0.0450, p_loss 0.2972, quant_error 0.3891, utilization 0.1358, perplexity 21.3434,
Train Epoch: [1/2] Iters:[2370/20018] transplant_loss 18.4092, rec_loss 0.0458, p_loss 0.2983, quant_error 0.3921, utilization 0.1364, perplexity 21.3854,
Train Epoch: [1/2] Iters:[2380/20018] transplant_loss 18.2603, rec_loss 0.0458, p_loss 0.2977, quant_error 0.3927, utilization 0.1378, perplexity 21.4415,
Train Epoch: [1/2] Iters:[2390/20018] transplant_loss 18.2729, rec_loss 0.0462, p_loss 0.2989, quant_error 0.3973, utilization 0.1390, perplexity 21.4955,
Train Epoch: [1/2] Iters:[2400/20018] transplant_loss 18.1514, rec_loss 0.0460, p_loss 0.2978, quant_error 0.3933, utilization 0.1401, perplexity 21.5646,
Train Epoch: [1/2] Iters:[2410/20018] transplant_loss 17.8281, rec_loss 0.0454, p_loss 0.2976, quant_error 0.3916, utilization 0.1412, perplexity 21.6157,
Train Epoch: [1/2] Iters:[2420/20018] transplant_loss 17.7251, rec_loss 0.0454, p_loss 0.2981, quant_error 0.3937, utilization 0.1416, perplexity 21.6570,
Train Epoch: [1/2] Iters:[2430/20018] transplant_loss 17.5638, rec_loss 0.0459, p_loss 0.2986, quant_error 0.3968, utilization 0.1418, perplexity 21.7084,
Train Epoch: [1/2] Iters:[2440/20018] transplant_loss 17.3662, rec_loss 0.0457, p_loss 0.2980, quant_error 0.3962, utilization 0.1418, perplexity 21.7559,
Train Epoch: [1/2] Iters:[2450/20018] transplant_loss 17.3372, rec_loss 0.0458, p_loss 0.2983, quant_error 0.4015, utilization 0.1429, perplexity 21.8072,
Train Epoch: [1/2] Iters:[2460/20018] transplant_loss 17.2198, rec_loss 0.0455, p_loss 0.2974, quant_error 0.4000, utilization 0.1436, perplexity 21.8587,
Train Epoch: [1/2] Iters:[2470/20018] transplant_loss 16.8739, rec_loss 0.0451, p_loss 0.2970, quant_error 0.3969, utilization 0.1445, perplexity 21.9364,
Train Epoch: [1/2] Iters:[2480/20018] transplant_loss 16.7674, rec_loss 0.0450, p_loss 0.2974, quant_error 0.3983, utilization 0.1447, perplexity 21.9508,
Train Epoch: [1/2] Iters:[2490/20018] transplant_loss 16.4695, rec_loss 0.0449, p_loss 0.2972, quant_error 0.3969, utilization 0.1457, perplexity 21.9992,
Train Epoch: [1/2] Iters:[2500/20018] transplant_loss 16.3038, rec_loss 0.0451, p_loss 0.2962, quant_error 0.3950, utilization 0.1460, perplexity 22.0265,
Train Epoch: [1/2] Iters:[2510/20018] transplant_loss 16.3598, rec_loss 0.0456, p_loss 0.2978, quant_error 0.3995, utilization 0.1474, perplexity 22.0995,
Train Epoch: [1/2] Iters:[2520/20018] transplant_loss 16.4425, rec_loss 0.0454, p_loss 0.2973, quant_error 0.3999, utilization 0.1487, perplexity 22.1471,
Train Epoch: [1/2] Iters:[2530/20018] transplant_loss 16.1905, rec_loss 0.0448, p_loss 0.2963, quant_error 0.3944, utilization 0.1498, perplexity 22.2301,
Train Epoch: [1/2] Iters:[2540/20018] transplant_loss 16.1980, rec_loss 0.0454, p_loss 0.2980, quant_error 0.3946, utilization 0.1508, perplexity 22.3291,
Train Epoch: [1/2] Iters:[2550/20018] transplant_loss 16.1095, rec_loss 0.0450, p_loss 0.2989, quant_error 0.3950, utilization 0.1517, perplexity 22.4177,
Train Epoch: [1/2] Iters:[2560/20018] transplant_loss 15.9062, rec_loss 0.0449, p_loss 0.2978, quant_error 0.3949, utilization 0.1521, perplexity 22.4763,
Train Epoch: [1/2] Iters:[2570/20018] transplant_loss 15.6416, rec_loss 0.0449, p_loss 0.2970, quant_error 0.3907, utilization 0.1521, perplexity 22.5210,
Train Epoch: [1/2] Iters:[2580/20018] transplant_loss 15.4421, rec_loss 0.0447, p_loss 0.2962, quant_error 0.3889, utilization 0.1530, perplexity 22.6015,
Train Epoch: [1/2] Iters:[2590/20018] transplant_loss 15.3711, rec_loss 0.0447, p_loss 0.2962, quant_error 0.3912, utilization 0.1537, perplexity 22.6234,
Train Epoch: [1/2] Iters:[2600/20018] transplant_loss 15.3747, rec_loss 0.0447, p_loss 0.2957, quant_error 0.3917, utilization 0.1541, perplexity 22.6731,
Train Epoch: [1/2] Iters:[2610/20018] transplant_loss 15.2230, rec_loss 0.0444, p_loss 0.2959, quant_error 0.3877, utilization 0.1546, perplexity 22.7350,
Train Epoch: [1/2] Iters:[2620/20018] transplant_loss 15.1341, rec_loss 0.0439, p_loss 0.2960, quant_error 0.3903, utilization 0.1559, perplexity 22.8302,
Train Epoch: [1/2] Iters:[2630/20018] transplant_loss 15.1580, rec_loss 0.0440, p_loss 0.2956, quant_error 0.3907, utilization 0.1568, perplexity 22.8820,
Train Epoch: [1/2] Iters:[2640/20018] transplant_loss 14.9334, rec_loss 0.0440, p_loss 0.2957, quant_error 0.3891, utilization 0.1573, perplexity 22.9622,
Train Epoch: [1/2] Iters:[2650/20018] transplant_loss 14.7948, rec_loss 0.0440, p_loss 0.2955, quant_error 0.3907, utilization 0.1580, perplexity 23.0348,
Train Epoch: [1/2] Iters:[2660/20018] transplant_loss 14.6597, rec_loss 0.0442, p_loss 0.2946, quant_error 0.3897, utilization 0.1586, perplexity 23.0975,
Train Epoch: [1/2] Iters:[2670/20018] transplant_loss 14.5549, rec_loss 0.0447, p_loss 0.2951, quant_error 0.3901, utilization 0.1591, perplexity 23.1729,
Train Epoch: [1/2] Iters:[2680/20018] transplant_loss 14.5289, rec_loss 0.0447, p_loss 0.2953, quant_error 0.3927, utilization 0.1601, perplexity 23.2525,
Train Epoch: [1/2] Iters:[2690/20018] transplant_loss 14.6941, rec_loss 0.0447, p_loss 0.2936, quant_error 0.3942, utilization 0.1604, perplexity 23.3436,
Train Epoch: [1/2] Iters:[2700/20018] transplant_loss 14.4816, rec_loss 0.0445, p_loss 0.2935, quant_error 0.3899, utilization 0.1613, perplexity 23.4397,
Train Epoch: [1/2] Iters:[2710/20018] transplant_loss 14.3321, rec_loss 0.0444, p_loss 0.2943, quant_error 0.3908, utilization 0.1622, perplexity 23.5209,
Train Epoch: [1/2] Iters:[2720/20018] transplant_loss 14.1216, rec_loss 0.0444, p_loss 0.2929, quant_error 0.3874, utilization 0.1635, perplexity 23.6703,
Train Epoch: [1/2] Iters:[2730/20018] transplant_loss 13.9474, rec_loss 0.0444, p_loss 0.2933, quant_error 0.3872, utilization 0.1642, perplexity 23.7852,
Train Epoch: [1/2] Iters:[2740/20018] transplant_loss 13.7387, rec_loss 0.0442, p_loss 0.2943, quant_error 0.3869, utilization 0.1655, perplexity 23.8582,
Train Epoch: [1/2] Iters:[2750/20018] transplant_loss 13.9360, rec_loss 0.0451, p_loss 0.2966, quant_error 0.3937, utilization 0.1662, perplexity 23.9253,
Train Epoch: [1/2] Iters:[2760/20018] transplant_loss 13.9942, rec_loss 0.0453, p_loss 0.2967, quant_error 0.3960, utilization 0.1671, perplexity 24.0216,
Train Epoch: [1/2] Iters:[2770/20018] transplant_loss 13.9298, rec_loss 0.0449, p_loss 0.2960, quant_error 0.3953, utilization 0.1677, perplexity 24.0703,
Train Epoch: [1/2] Iters:[2780/20018] transplant_loss 13.8614, rec_loss 0.0447, p_loss 0.2962, quant_error 0.3949, utilization 0.1679, perplexity 24.1242,
Train Epoch: [1/2] Iters:[2790/20018] transplant_loss 13.6599, rec_loss 0.0442, p_loss 0.2943, quant_error 0.3926, utilization 0.1686, perplexity 24.2298,
Train Epoch: [1/2] Iters:[2800/20018] transplant_loss 13.3477, rec_loss 0.0436, p_loss 0.2922, quant_error 0.3892, utilization 0.1692, perplexity 24.3045,
Train Epoch: [1/2] Iters:[2810/20018] transplant_loss 13.2503, rec_loss 0.0435, p_loss 0.2908, quant_error 0.3884, utilization 0.1703, perplexity 24.3922,
Train Epoch: [1/2] Iters:[2820/20018] transplant_loss 13.2551, rec_loss 0.0441, p_loss 0.2930, quant_error 0.3928, utilization 0.1705, perplexity 24.4290,
Train Epoch: [1/2] Iters:[2830/20018] transplant_loss 13.2356, rec_loss 0.0445, p_loss 0.2930, quant_error 0.3936, utilization 0.1716, perplexity 24.5366,
Train Epoch: [1/2] Iters:[2840/20018] transplant_loss 13.3108, rec_loss 0.0455, p_loss 0.2950, quant_error 0.3976, utilization 0.1724, perplexity 24.5777,
Train Epoch: [1/2] Iters:[2850/20018] transplant_loss 13.2657, rec_loss 0.0452, p_loss 0.2934, quant_error 0.3963, utilization 0.1734, perplexity 24.6716,
Train Epoch: [1/2] Iters:[2860/20018] transplant_loss 13.1291, rec_loss 0.0452, p_loss 0.2947, quant_error 0.3954, utilization 0.1733, perplexity 24.7574,
Train Epoch: [1/2] Iters:[2870/20018] transplant_loss 13.1480, rec_loss 0.0456, p_loss 0.2955, quant_error 0.3974, utilization 0.1737, perplexity 24.8006,
Train Epoch: [1/2] Iters:[2880/20018] transplant_loss 13.0168, rec_loss 0.0453, p_loss 0.2941, quant_error 0.3958, utilization 0.1739, perplexity 24.8308,
Train Epoch: [1/2] Iters:[2890/20018] transplant_loss 12.8202, rec_loss 0.0450, p_loss 0.2931, quant_error 0.3927, utilization 0.1738, perplexity 24.9011,
Train Epoch: [1/2] Iters:[2900/20018] transplant_loss 12.6688, rec_loss 0.0449, p_loss 0.2942, quant_error 0.3909, utilization 0.1749, perplexity 25.0195,
Train Epoch: [1/2] Iters:[2910/20018] transplant_loss 12.6414, rec_loss 0.0449, p_loss 0.2932, quant_error 0.3912, utilization 0.1762, perplexity 25.0899,
Train Epoch: [1/2] Iters:[2920/20018] transplant_loss 12.5401, rec_loss 0.0447, p_loss 0.2934, quant_error 0.3929, utilization 0.1774, perplexity 25.1950,
Train Epoch: [1/2] Iters:[2930/20018] transplant_loss 12.5611, rec_loss 0.0450, p_loss 0.2939, quant_error 0.3940, utilization 0.1781, perplexity 25.3034,
Train Epoch: [1/2] Iters:[2940/20018] transplant_loss 12.4431, rec_loss 0.0442, p_loss 0.2936, quant_error 0.3933, utilization 0.1794, perplexity 25.4278,
Train Epoch: [1/2] Iters:[2950/20018] transplant_loss 12.3596, rec_loss 0.0446, p_loss 0.2935, quant_error 0.3947, utilization 0.1796, perplexity 25.4988,
Train Epoch: [1/2] Iters:[2960/20018] transplant_loss 12.1874, rec_loss 0.0449, p_loss 0.2935, quant_error 0.3935, utilization 0.1804, perplexity 25.6513,
Train Epoch: [1/2] Iters:[2970/20018] transplant_loss 11.8333, rec_loss 0.0441, p_loss 0.2910, quant_error 0.3848, utilization 0.1818, perplexity 25.8205,
Train Epoch: [1/2] Iters:[2980/20018] transplant_loss 11.6964, rec_loss 0.0443, p_loss 0.2910, quant_error 0.3861, utilization 0.1827, perplexity 25.9060,
Train Epoch: [1/2] Iters:[2990/20018] transplant_loss 11.6932, rec_loss 0.0449, p_loss 0.2905, quant_error 0.3881, utilization 0.1840, perplexity 26.0382,
Train Epoch: [1/2] Iters:[3000/20018] transplant_loss 11.7207, rec_loss 0.0448, p_loss 0.2904, quant_error 0.3899, utilization 0.1848, perplexity 26.1002,
Train Epoch: [1/2] Iters:[3010/20018] transplant_loss 11.7067, rec_loss 0.0446, p_loss 0.2904, quant_error 0.3914, utilization 0.1850, perplexity 26.1226,
Train Epoch: [1/2] Iters:[3020/20018] transplant_loss 11.8909, rec_loss 0.0454, p_loss 0.2902, quant_error 0.3972, utilization 0.1855, perplexity 26.1986,
Train Epoch: [1/2] Iters:[3030/20018] transplant_loss 11.8393, rec_loss 0.0450, p_loss 0.2912, quant_error 0.3976, utilization 0.1861, perplexity 26.3277,
Train Epoch: [1/2] Iters:[3040/20018] transplant_loss 11.7148, rec_loss 0.0451, p_loss 0.2915, quant_error 0.3954, utilization 0.1870, perplexity 26.4421,
Train Epoch: [1/2] Iters:[3050/20018] transplant_loss 11.6853, rec_loss 0.0456, p_loss 0.2923, quant_error 0.3983, utilization 0.1880, perplexity 26.5725,
Train Epoch: [1/2] Iters:[3060/20018] transplant_loss 11.6614, rec_loss 0.0456, p_loss 0.2926, quant_error 0.3987, utilization 0.1896, perplexity 26.7146,
Train Epoch: [1/2] Iters:[3070/20018] transplant_loss 11.4665, rec_loss 0.0448, p_loss 0.2928, quant_error 0.3958, utilization 0.1903, perplexity 26.8387,
Train Epoch: [1/2] Iters:[3080/20018] transplant_loss 11.2921, rec_loss 0.0447, p_loss 0.2917, quant_error 0.3941, utilization 0.1920, perplexity 26.9846,
Train Epoch: [1/2] Iters:[3090/20018] transplant_loss 11.2538, rec_loss 0.0446, p_loss 0.2931, quant_error 0.3976, utilization 0.1927, perplexity 27.0661,
Train Epoch: [1/2] Iters:[3100/20018] transplant_loss 11.0224, rec_loss 0.0437, p_loss 0.2921, quant_error 0.3917, utilization 0.1938, perplexity 27.1756,
Train Epoch: [1/2] Iters:[3110/20018] transplant_loss 10.9400, rec_loss 0.0436, p_loss 0.2910, quant_error 0.3887, utilization 0.1942, perplexity 27.2791,
Train Epoch: [1/2] Iters:[3120/20018] transplant_loss 10.9669, rec_loss 0.0439, p_loss 0.2906, quant_error 0.3889, utilization 0.1950, perplexity 27.3385,
Train Epoch: [1/2] Iters:[3130/20018] transplant_loss 10.7940, rec_loss 0.0433, p_loss 0.2888, quant_error 0.3836, utilization 0.1957, perplexity 27.4446,
Train Epoch: [1/2] Iters:[3140/20018] transplant_loss 10.6910, rec_loss 0.0431, p_loss 0.2871, quant_error 0.3801, utilization 0.1964, perplexity 27.5800,
Train Epoch: [1/2] Iters:[3150/20018] transplant_loss 10.7710, rec_loss 0.0438, p_loss 0.2874, quant_error 0.3851, utilization 0.1973, perplexity 27.6798,
Train Epoch: [1/2] Iters:[3160/20018] transplant_loss 10.6271, rec_loss 0.0436, p_loss 0.2868, quant_error 0.3853, utilization 0.1990, perplexity 27.8432,
Train Epoch: [1/2] Iters:[3170/20018] transplant_loss 10.5308, rec_loss 0.0435, p_loss 0.2867, quant_error 0.3848, utilization 0.1996, perplexity 27.9643,
Train Epoch: [1/2] Iters:[3180/20018] transplant_loss 10.5452, rec_loss 0.0435, p_loss 0.2879, quant_error 0.3866, utilization 0.2006, perplexity 28.1048,
Train Epoch: [1/2] Iters:[3190/20018] transplant_loss 10.5732, rec_loss 0.0439, p_loss 0.2898, quant_error 0.3900, utilization 0.2017, perplexity 28.1931,
Train Epoch: [1/2] Iters:[3200/20018] transplant_loss 10.4739, rec_loss 0.0438, p_loss 0.2900, quant_error 0.3882, utilization 0.2024, perplexity 28.3148,
Train Epoch: [1/2] Iters:[3210/20018] transplant_loss 10.5039, rec_loss 0.0439, p_loss 0.2921, quant_error 0.3917, utilization 0.2029, perplexity 28.4240,
Train Epoch: [1/2] Iters:[3220/20018] transplant_loss 10.5105, rec_loss 0.0447, p_loss 0.2921, quant_error 0.3951, utilization 0.2051, perplexity 28.6506,
Train Epoch: [1/2] Iters:[3230/20018] transplant_loss 10.3147, rec_loss 0.0445, p_loss 0.2908, quant_error 0.3902, utilization 0.2060, perplexity 28.7804,
Train Epoch: [1/2] Iters:[3240/20018] transplant_loss 10.2855, rec_loss 0.0442, p_loss 0.2892, quant_error 0.3890, utilization 0.2068, perplexity 28.9585,
Train Epoch: [1/2] Iters:[3250/20018] transplant_loss 10.0082, rec_loss 0.0434, p_loss 0.2872, quant_error 0.3816, utilization 0.2094, perplexity 29.2217,
Train Epoch: [1/2] Iters:[3260/20018] transplant_loss 9.9247, rec_loss 0.0434, p_loss 0.2863, quant_error 0.3806, utilization 0.2107, perplexity 29.3124,
Train Epoch: [1/2] Iters:[3270/20018] transplant_loss 9.8378, rec_loss 0.0429, p_loss 0.2858, quant_error 0.3780, utilization 0.2115, perplexity 29.3911,
Train Epoch: [1/2] Iters:[3280/20018] transplant_loss 9.9302, rec_loss 0.0437, p_loss 0.2867, quant_error 0.3817, utilization 0.2129, perplexity 29.5819,
Train Epoch: [1/2] Iters:[3290/20018] transplant_loss 9.8421, rec_loss 0.0433, p_loss 0.2852, quant_error 0.3790, utilization 0.2145, perplexity 29.7291,
Train Epoch: [1/2] Iters:[3300/20018] transplant_loss 9.9527, rec_loss 0.0436, p_loss 0.2875, quant_error 0.3837, utilization 0.2144, perplexity 29.7702,
Train Epoch: [1/2] Iters:[3310/20018] transplant_loss 9.8771, rec_loss 0.0434, p_loss 0.2859, quant_error 0.3816, utilization 0.2158, perplexity 29.9737,
Train Epoch: [1/2] Iters:[3320/20018] transplant_loss 9.7345, rec_loss 0.0428, p_loss 0.2855, quant_error 0.3786, utilization 0.2179, perplexity 30.1769,
Train Epoch: [1/2] Iters:[3330/20018] transplant_loss 9.7246, rec_loss 0.0427, p_loss 0.2859, quant_error 0.3807, utilization 0.2183, perplexity 30.1608,
Train Epoch: [1/2] Iters:[3340/20018] transplant_loss 9.7281, rec_loss 0.0431, p_loss 0.2868, quant_error 0.3838, utilization 0.2189, perplexity 30.2277,
Train Epoch: [1/2] Iters:[3350/20018] transplant_loss 9.7196, rec_loss 0.0433, p_loss 0.2857, quant_error 0.3829, utilization 0.2203, perplexity 30.3549,
Train Epoch: [1/2] Iters:[3360/20018] transplant_loss 9.6367, rec_loss 0.0430, p_loss 0.2855, quant_error 0.3809, utilization 0.2213, perplexity 30.5329,
Train Epoch: [1/2] Iters:[3370/20018] transplant_loss 9.6624, rec_loss 0.0437, p_loss 0.2858, quant_error 0.3840, utilization 0.2215, perplexity 30.5575,
Train Epoch: [1/2] Iters:[3380/20018] transplant_loss 9.5971, rec_loss 0.0437, p_loss 0.2847, quant_error 0.3824, utilization 0.2235, perplexity 30.7258,
Train Epoch: [1/2] Iters:[3390/20018] transplant_loss 9.3488, rec_loss 0.0430, p_loss 0.2837, quant_error 0.3751, utilization 0.2251, perplexity 30.8994,
Train Epoch: [1/2] Iters:[3400/20018] transplant_loss 9.2027, rec_loss 0.0426, p_loss 0.2831, quant_error 0.3749, utilization 0.2266, perplexity 31.0796,
Train Epoch: [1/2] Iters:[3410/20018] transplant_loss 9.2259, rec_loss 0.0431, p_loss 0.2843, quant_error 0.3793, utilization 0.2271, perplexity 31.0696,
Train Epoch: [1/2] Iters:[3420/20018] transplant_loss 9.2534, rec_loss 0.0430, p_loss 0.2854, quant_error 0.3795, utilization 0.2276, perplexity 31.1790,
Train Epoch: [1/2] Iters:[3430/20018] transplant_loss 9.3194, rec_loss 0.0432, p_loss 0.2847, quant_error 0.3823, utilization 0.2287, perplexity 31.3504,
Train Epoch: [1/2] Iters:[3440/20018] transplant_loss 9.4018, rec_loss 0.0439, p_loss 0.2858, quant_error 0.3874, utilization 0.2296, perplexity 31.4781,
Train Epoch: [1/2] Iters:[3450/20018] transplant_loss 9.4362, rec_loss 0.0441, p_loss 0.2865, quant_error 0.3902, utilization 0.2299, perplexity 31.5859,
Train Epoch: [1/2] Iters:[3460/20018] transplant_loss 9.3362, rec_loss 0.0438, p_loss 0.2853, quant_error 0.3853, utilization 0.2313, perplexity 31.8078,
Train Epoch: [1/2] Iters:[3470/20018] transplant_loss 9.3384, rec_loss 0.0443, p_loss 0.2846, quant_error 0.3871, utilization 0.2326, perplexity 31.9624,
Train Epoch: [1/2] Iters:[3480/20018] transplant_loss 9.2861, rec_loss 0.0440, p_loss 0.2852, quant_error 0.3859, utilization 0.2339, perplexity 32.1075,
Train Epoch: [1/2] Iters:[3490/20018] transplant_loss 9.2243, rec_loss 0.0437, p_loss 0.2849, quant_error 0.3833, utilization 0.2353, perplexity 32.2427,
Train Epoch: [1/2] Iters:[3500/20018] transplant_loss 9.1611, rec_loss 0.0434, p_loss 0.2827, quant_error 0.3798, utilization 0.2376, perplexity 32.4578,
Train Epoch: [1/2] Iters:[3510/20018] transplant_loss 9.1402, rec_loss 0.0438, p_loss 0.2838, quant_error 0.3827, utilization 0.2395, perplexity 32.6010,
Train Epoch: [1/2] Iters:[3520/20018] transplant_loss 8.9459, rec_loss 0.0430, p_loss 0.2837, quant_error 0.3789, utilization 0.2409, perplexity 32.8141,
Train Epoch: [1/2] Iters:[3530/20018] transplant_loss 8.8209, rec_loss 0.0429, p_loss 0.2838, quant_error 0.3774, utilization 0.2415, perplexity 32.9477,
Train Epoch: [1/2] Iters:[3540/20018] transplant_loss 8.7752, rec_loss 0.0429, p_loss 0.2828, quant_error 0.3771, utilization 0.2442, perplexity 33.1666,
Train Epoch: [1/2] Iters:[3550/20018] transplant_loss 8.6956, rec_loss 0.0430, p_loss 0.2834, quant_error 0.3759, utilization 0.2449, perplexity 33.2443,
Train Epoch: [1/2] Iters:[3560/20018] transplant_loss 8.6284, rec_loss 0.0424, p_loss 0.2825, quant_error 0.3751, utilization 0.2460, perplexity 33.3853,
Train Epoch: [1/2] Iters:[3570/20018] transplant_loss 8.5375, rec_loss 0.0426, p_loss 0.2817, quant_error 0.3753, utilization 0.2483, perplexity 33.5478,
Train Epoch: [1/2] Iters:[3580/20018] transplant_loss 8.5082, rec_loss 0.0431, p_loss 0.2829, quant_error 0.3771, utilization 0.2503, perplexity 33.7140,
Train Epoch: [1/2] Iters:[3590/20018] transplant_loss 8.4636, rec_loss 0.0429, p_loss 0.2838, quant_error 0.3770, utilization 0.2498, perplexity 33.7660,
Train Epoch: [1/2] Iters:[3600/20018] transplant_loss 8.4257, rec_loss 0.0428, p_loss 0.2837, quant_error 0.3762, utilization 0.2513, perplexity 33.9611,
Train Epoch: [1/2] Iters:[3610/20018] transplant_loss 8.3922, rec_loss 0.0431, p_loss 0.2836, quant_error 0.3755, utilization 0.2530, perplexity 34.1210,
Train Epoch: [1/2] Iters:[3620/20018] transplant_loss 8.3973, rec_loss 0.0428, p_loss 0.2838, quant_error 0.3750, utilization 0.2548, perplexity 34.3189,
Train Epoch: [1/2] Iters:[3630/20018] transplant_loss 8.2629, rec_loss 0.0418, p_loss 0.2809, quant_error 0.3707, utilization 0.2580, perplexity 34.5656,
Train Epoch: [1/2] Iters:[3640/20018] transplant_loss 8.2488, rec_loss 0.0420, p_loss 0.2808, quant_error 0.3730, utilization 0.2605, perplexity 34.7441,
Train Epoch: [1/2] Iters:[3650/20018] transplant_loss 8.1969, rec_loss 0.0419, p_loss 0.2816, quant_error 0.3729, utilization 0.2625, perplexity 34.9266,
Train Epoch: [1/2] Iters:[3660/20018] transplant_loss 8.1993, rec_loss 0.0419, p_loss 0.2815, quant_error 0.3725, utilization 0.2646, perplexity 35.1293,
Train Epoch: [1/2] Iters:[3670/20018] transplant_loss 8.2056, rec_loss 0.0419, p_loss 0.2813, quant_error 0.3735, utilization 0.2653, perplexity 35.2260,
Train Epoch: [1/2] Iters:[3680/20018] transplant_loss 8.2454, rec_loss 0.0423, p_loss 0.2833, quant_error 0.3779, utilization 0.2655, perplexity 35.3218,
Train Epoch: [1/2] Iters:[3690/20018] transplant_loss 8.2598, rec_loss 0.0424, p_loss 0.2834, quant_error 0.3799, utilization 0.2667, perplexity 35.4308,
Train Epoch: [1/2] Iters:[3700/20018] transplant_loss 8.2702, rec_loss 0.0425, p_loss 0.2824, quant_error 0.3797, utilization 0.2674, perplexity 35.5606,
Train Epoch: [1/2] Iters:[3710/20018] transplant_loss 8.1415, rec_loss 0.0418, p_loss 0.2808, quant_error 0.3761, utilization 0.2688, perplexity 35.6980,
Train Epoch: [1/2] Iters:[3720/20018] transplant_loss 8.0444, rec_loss 0.0419, p_loss 0.2807, quant_error 0.3752, utilization 0.2707, perplexity 35.8447,
Train Epoch: [1/2] Iters:[3730/20018] transplant_loss 7.9508, rec_loss 0.0415, p_loss 0.2792, quant_error 0.3700, utilization 0.2744, perplexity 36.0895,
Train Epoch: [1/2] Iters:[3740/20018] transplant_loss 7.8153, rec_loss 0.0407, p_loss 0.2779, quant_error 0.3666, utilization 0.2787, perplexity 36.4953,
Train Epoch: [1/2] Iters:[3750/20018] transplant_loss 7.8155, rec_loss 0.0409, p_loss 0.2780, quant_error 0.3692, utilization 0.2811, perplexity 36.6677,
Train Epoch: [1/2] Iters:[3760/20018] transplant_loss 7.8705, rec_loss 0.0415, p_loss 0.2788, quant_error 0.3727, utilization 0.2841, perplexity 36.8855,
Train Epoch: [1/2] Iters:[3770/20018] transplant_loss 7.8897, rec_loss 0.0410, p_loss 0.2780, quant_error 0.3717, utilization 0.2854, perplexity 37.0627,
Train Epoch: [1/2] Iters:[3780/20018] transplant_loss 7.8994, rec_loss 0.0413, p_loss 0.2787, quant_error 0.3729, utilization 0.2855, perplexity 37.1391,
Train Epoch: [1/2] Iters:[3790/20018] transplant_loss 7.9787, rec_loss 0.0423, p_loss 0.2789, quant_error 0.3749, utilization 0.2858, perplexity 37.1751,
Train Epoch: [1/2] Iters:[3800/20018] transplant_loss 7.9416, rec_loss 0.0421, p_loss 0.2786, quant_error 0.3742, utilization 0.2878, perplexity 37.3436,
Train Epoch: [1/2] Iters:[3810/20018] transplant_loss 7.8269, rec_loss 0.0419, p_loss 0.2789, quant_error 0.3720, utilization 0.2892, perplexity 37.5434,
Train Epoch: [1/2] Iters:[3820/20018] transplant_loss 7.8434, rec_loss 0.0426, p_loss 0.2804, quant_error 0.3765, utilization 0.2920, perplexity 37.7561,
Train Epoch: [1/2] Iters:[3830/20018] transplant_loss 7.8435, rec_loss 0.0422, p_loss 0.2791, quant_error 0.3774, utilization 0.2947, perplexity 37.9775,
Train Epoch: [1/2] Iters:[3840/20018] transplant_loss 7.7683, rec_loss 0.0418, p_loss 0.2791, quant_error 0.3757, utilization 0.2961, perplexity 38.0902,
Train Epoch: [1/2] Iters:[3850/20018] transplant_loss 7.7461, rec_loss 0.0419, p_loss 0.2782, quant_error 0.3746, utilization 0.2981, perplexity 38.2534,
Train Epoch: [1/2] Iters:[3860/20018] transplant_loss 7.6408, rec_loss 0.0413, p_loss 0.2775, quant_error 0.3713, utilization 0.3015, perplexity 38.5388,
Train Epoch: [1/2] Iters:[3870/20018] transplant_loss 7.6024, rec_loss 0.0416, p_loss 0.2766, quant_error 0.3693, utilization 0.3062, perplexity 38.7504,
Train Epoch: [1/2] Iters:[3880/20018] transplant_loss 7.5453, rec_loss 0.0419, p_loss 0.2762, quant_error 0.3676, utilization 0.3084, perplexity 38.9582,
Train Epoch: [1/2] Iters:[3890/20018] transplant_loss 7.4825, rec_loss 0.0420, p_loss 0.2751, quant_error 0.3663, utilization 0.3131, perplexity 39.2642,
Train Epoch: [1/2] Iters:[3900/20018] transplant_loss 7.4074, rec_loss 0.0418, p_loss 0.2751, quant_error 0.3658, utilization 0.3165, perplexity 39.5545,
Train Epoch: [1/2] Iters:[3910/20018] transplant_loss 7.5138, rec_loss 0.0421, p_loss 0.2743, quant_error 0.3696, utilization 0.3197, perplexity 39.5729,
Train Epoch: [1/2] Iters:[3920/20018] transplant_loss 7.4842, rec_loss 0.0421, p_loss 0.2735, quant_error 0.3694, utilization 0.3213, perplexity 39.7438,
Train Epoch: [1/2] Iters:[3930/20018] transplant_loss 7.4895, rec_loss 0.0418, p_loss 0.2742, quant_error 0.3719, utilization 0.3241, perplexity 39.8854,
Train Epoch: [1/2] Iters:[3940/20018] transplant_loss 7.4726, rec_loss 0.0410, p_loss 0.2749, quant_error 0.3712, utilization 0.3260, perplexity 40.0837,
Train Epoch: [1/2] Iters:[3950/20018] transplant_loss 7.4571, rec_loss 0.0410, p_loss 0.2750, quant_error 0.3721, utilization 0.3281, perplexity 40.1728,
Train Epoch: [1/2] Iters:[3960/20018] transplant_loss 7.3683, rec_loss 0.0409, p_loss 0.2750, quant_error 0.3709, utilization 0.3300, perplexity 40.3932,
Train Epoch: [1/2] Iters:[3970/20018] transplant_loss 7.3104, rec_loss 0.0406, p_loss 0.2749, quant_error 0.3704, utilization 0.3324, perplexity 40.5996,
Train Epoch: [1/2] Iters:[3980/20018] transplant_loss 7.3063, rec_loss 0.0407, p_loss 0.2746, quant_error 0.3700, utilization 0.3349, perplexity 40.7947,
Train Epoch: [1/2] Iters:[3990/20018] transplant_loss 7.3019, rec_loss 0.0413, p_loss 0.2743, quant_error 0.3708, utilization 0.3378, perplexity 40.9449,
Train Epoch: [1/2] Iters:[4000/20018] transplant_loss 7.3048, rec_loss 0.0411, p_loss 0.2742, quant_error 0.3707, utilization 0.3425, perplexity 41.2597,
Train Epoch: [1/2] Iters:[4010/20018] transplant_loss 7.3307, rec_loss 0.0411, p_loss 0.2740, quant_error 0.3701, utilization 0.3475, perplexity 41.5183,
Train Epoch: [1/2] Iters:[4020/20018] transplant_loss 7.3620, rec_loss 0.0413, p_loss 0.2747, quant_error 0.3726, utilization 0.3496, perplexity 41.6880,
Train Epoch: [1/2] Iters:[4030/20018] transplant_loss 7.4066, rec_loss 0.0420, p_loss 0.2758, quant_error 0.3758, utilization 0.3522, perplexity 41.9045,
Train Epoch: [1/2] Iters:[4040/20018] transplant_loss 7.4142, rec_loss 0.0417, p_loss 0.2752, quant_error 0.3767, utilization 0.3538, perplexity 42.0720,
Train Epoch: [1/2] Iters:[4050/20018] transplant_loss 7.3963, rec_loss 0.0419, p_loss 0.2744, quant_error 0.3751, utilization 0.3549, perplexity 42.1542,
Train Epoch: [1/2] Iters:[4060/20018] transplant_loss 7.4234, rec_loss 0.0423, p_loss 0.2751, quant_error 0.3789, utilization 0.3558, perplexity 42.2690,
Train Epoch: [1/2] Iters:[4070/20018] transplant_loss 7.2451, rec_loss 0.0415, p_loss 0.2734, quant_error 0.3716, utilization 0.3611, perplexity 42.6271,
Train Epoch: [1/2] Iters:[4080/20018] transplant_loss 7.1245, rec_loss 0.0409, p_loss 0.2721, quant_error 0.3673, utilization 0.3663, perplexity 42.8266,
Train Epoch: [1/2] Iters:[4090/20018] transplant_loss 7.0212, rec_loss 0.0407, p_loss 0.2719, quant_error 0.3641, utilization 0.3707, perplexity 43.1000,
Train Epoch: [1/2] Iters:[4100/20018] transplant_loss 6.9751, rec_loss 0.0407, p_loss 0.2725, quant_error 0.3653, utilization 0.3748, perplexity 43.3381,
Train Epoch: [1/2] Iters:[4110/20018] transplant_loss 6.8652, rec_loss 0.0404, p_loss 0.2709, quant_error 0.3598, utilization 0.3774, perplexity 43.5656,
Train Epoch: [1/2] Iters:[4120/20018] transplant_loss 6.9069, rec_loss 0.0402, p_loss 0.2711, quant_error 0.3606, utilization 0.3812, perplexity 43.7870,
Train Epoch: [1/2] Iters:[4130/20018] transplant_loss 6.8695, rec_loss 0.0398, p_loss 0.2706, quant_error 0.3602, utilization 0.3841, perplexity 44.0931,
Train Epoch: [1/2] Iters:[4140/20018] transplant_loss 6.8020, rec_loss 0.0396, p_loss 0.2700, quant_error 0.3570, utilization 0.3895, perplexity 44.4298,
Train Epoch: [1/2] Iters:[4150/20018] transplant_loss 6.7705, rec_loss 0.0396, p_loss 0.2698, quant_error 0.3569, utilization 0.3944, perplexity 44.6665,
Train Epoch: [1/2] Iters:[4160/20018] transplant_loss 6.7969, rec_loss 0.0400, p_loss 0.2695, quant_error 0.3587, utilization 0.3975, perplexity 44.9232,
Train Epoch: [1/2] Iters:[4170/20018] transplant_loss 6.8253, rec_loss 0.0401, p_loss 0.2686, quant_error 0.3604, utilization 0.3998, perplexity 45.0940,
Train Epoch: [1/2] Iters:[4180/20018] transplant_loss 6.8033, rec_loss 0.0402, p_loss 0.2686, quant_error 0.3596, utilization 0.4019, perplexity 45.2828,
Train Epoch: [1/2] Iters:[4190/20018] transplant_loss 6.8494, rec_loss 0.0404, p_loss 0.2686, quant_error 0.3637, utilization 0.4042, perplexity 45.3742,
Train Epoch: [1/2] Iters:[4200/20018] transplant_loss 6.8592, rec_loss 0.0403, p_loss 0.2677, quant_error 0.3645, utilization 0.4076, perplexity 45.5896,
Train Epoch: [1/2] Iters:[4210/20018] transplant_loss 6.7789, rec_loss 0.0397, p_loss 0.2670, quant_error 0.3615, utilization 0.4136, perplexity 45.8854,
Train Epoch: [1/2] Iters:[4220/20018] transplant_loss 6.6863, rec_loss 0.0394, p_loss 0.2670, quant_error 0.3593, utilization 0.4188, perplexity 46.2231,
Train Epoch: [1/2] Iters:[4230/20018] transplant_loss 6.6814, rec_loss 0.0396, p_loss 0.2656, quant_error 0.3596, utilization 0.4271, perplexity 46.5553,
Train Epoch: [1/2] Iters:[4240/20018] transplant_loss 6.6680, rec_loss 0.0396, p_loss 0.2658, quant_error 0.3581, utilization 0.4312, perplexity 46.8212,
Train Epoch: [1/2] Iters:[4250/20018] transplant_loss 6.6702, rec_loss 0.0399, p_loss 0.2662, quant_error 0.3574, utilization 0.4342, perplexity 47.0957,
Train Epoch: [1/2] Iters:[4260/20018] transplant_loss 6.6508, rec_loss 0.0398, p_loss 0.2676, quant_error 0.3581, utilization 0.4405, perplexity 47.5023,
Train Epoch: [1/2] Iters:[4270/20018] transplant_loss 6.6631, rec_loss 0.0404, p_loss 0.2667, quant_error 0.3586, utilization 0.4430, perplexity 47.6726,
Train Epoch: [1/2] Iters:[4280/20018] transplant_loss 6.5795, rec_loss 0.0401, p_loss 0.2674, quant_error 0.3583, utilization 0.4455, perplexity 47.9517,
Train Epoch: [1/2] Iters:[4290/20018] transplant_loss 6.5133, rec_loss 0.0401, p_loss 0.2670, quant_error 0.3567, utilization 0.4514, perplexity 48.3277,
Train Epoch: [1/2] Iters:[4300/20018] transplant_loss 6.4049, rec_loss 0.0395, p_loss 0.2661, quant_error 0.3530, utilization 0.4560, perplexity 48.6923,
Train Epoch: [1/2] Iters:[4310/20018] transplant_loss 6.4327, rec_loss 0.0395, p_loss 0.2655, quant_error 0.3543, utilization 0.4570, perplexity 48.7617,
Train Epoch: [1/2] Iters:[4320/20018] transplant_loss 6.4150, rec_loss 0.0394, p_loss 0.2658, quant_error 0.3548, utilization 0.4614, perplexity 48.9942,
Train Epoch: [1/2] Iters:[4330/20018] transplant_loss 6.3787, rec_loss 0.0390, p_loss 0.2645, quant_error 0.3519, utilization 0.4681, perplexity 49.3866,
Train Epoch: [1/2] Iters:[4340/20018] transplant_loss 6.2917, rec_loss 0.0383, p_loss 0.2624, quant_error 0.3481, utilization 0.4724, perplexity 49.6698,
Train Epoch: [1/2] Iters:[4350/20018] transplant_loss 6.2569, rec_loss 0.0383, p_loss 0.2627, quant_error 0.3484, utilization 0.4768, perplexity 49.8657,
Train Epoch: [1/2] Iters:[4360/20018] transplant_loss 6.2654, rec_loss 0.0387, p_loss 0.2632, quant_error 0.3503, utilization 0.4818, perplexity 50.1526,
Train Epoch: [1/2] Iters:[4370/20018] transplant_loss 6.2755, rec_loss 0.0387, p_loss 0.2632, quant_error 0.3492, utilization 0.4899, perplexity 50.6097,
Train Epoch: [1/2] Iters:[4380/20018] transplant_loss 6.3302, rec_loss 0.0392, p_loss 0.2643, quant_error 0.3514, utilization 0.4938, perplexity 50.8156,
Train Epoch: [1/2] Iters:[4390/20018] transplant_loss 6.3719, rec_loss 0.0395, p_loss 0.2654, quant_error 0.3534, utilization 0.4970, perplexity 51.0086,
Train Epoch: [1/2] Iters:[4400/20018] transplant_loss 6.3554, rec_loss 0.0393, p_loss 0.2645, quant_error 0.3523, utilization 0.5052, perplexity 51.5594,
Train Epoch: [1/2] Iters:[4410/20018] transplant_loss 6.1844, rec_loss 0.0384, p_loss 0.2618, quant_error 0.3443, utilization 0.5116, perplexity 52.0247,
Train Epoch: [1/2] Iters:[4420/20018] transplant_loss 6.0614, rec_loss 0.0377, p_loss 0.2612, quant_error 0.3420, utilization 0.5144, perplexity 52.2317,
Train Epoch: [1/2] Iters:[4430/20018] transplant_loss 6.0099, rec_loss 0.0375, p_loss 0.2600, quant_error 0.3406, utilization 0.5166, perplexity 52.4348,
Train Epoch: [1/2] Iters:[4440/20018] transplant_loss 5.9673, rec_loss 0.0370, p_loss 0.2593, quant_error 0.3402, utilization 0.5225, perplexity 52.8346,
Train Epoch: [1/2] Iters:[4450/20018] transplant_loss 5.9860, rec_loss 0.0375, p_loss 0.2602, quant_error 0.3421, utilization 0.5250, perplexity 53.0344,
Train Epoch: [1/2] Iters:[4460/20018] transplant_loss 6.0869, rec_loss 0.0379, p_loss 0.2621, quant_error 0.3474, utilization 0.5299, perplexity 53.2761,
Train Epoch: [1/2] Iters:[4470/20018] transplant_loss 6.1051, rec_loss 0.0382, p_loss 0.2615, quant_error 0.3479, utilization 0.5354, perplexity 53.7956,
Train Epoch: [1/2] Iters:[4480/20018] transplant_loss 6.0523, rec_loss 0.0383, p_loss 0.2614, quant_error 0.3451, utilization 0.5426, perplexity 54.2488,
Train Epoch: [1/2] Iters:[4490/20018] transplant_loss 6.0410, rec_loss 0.0386, p_loss 0.2617, quant_error 0.3455, utilization 0.5487, perplexity 54.6482,
Train Epoch: [1/2] Iters:[4500/20018] transplant_loss 6.0310, rec_loss 0.0384, p_loss 0.2603, quant_error 0.3448, utilization 0.5510, perplexity 54.8139,
Train Epoch: [1/2] Iters:[4510/20018] transplant_loss 5.9909, rec_loss 0.0384, p_loss 0.2598, quant_error 0.3443, utilization 0.5602, perplexity 55.4633,
Train Epoch: [1/2] Iters:[4520/20018] transplant_loss 6.0024, rec_loss 0.0381, p_loss 0.2602, quant_error 0.3459, utilization 0.5642, perplexity 55.5594,
Train Epoch: [1/2] Iters:[4530/20018] transplant_loss 6.0256, rec_loss 0.0377, p_loss 0.2603, quant_error 0.3483, utilization 0.5688, perplexity 55.8619,
Train Epoch: [1/2] Iters:[4540/20018] transplant_loss 6.0636, rec_loss 0.0377, p_loss 0.2606, quant_error 0.3501, utilization 0.5749, perplexity 56.2346,
Train Epoch: [1/2] Iters:[4550/20018] transplant_loss 6.0194, rec_loss 0.0378, p_loss 0.2612, quant_error 0.3494, utilization 0.5828, perplexity 56.7205,
Train Epoch: [1/2] Iters:[4560/20018] transplant_loss 6.0491, rec_loss 0.0380, p_loss 0.2608, quant_error 0.3509, utilization 0.5828, perplexity 56.7622,
Train Epoch: [1/2] Iters:[4570/20018] transplant_loss 6.0431, rec_loss 0.0385, p_loss 0.2611, quant_error 0.3526, utilization 0.5881, perplexity 57.1761,
Train Epoch: [1/2] Iters:[4580/20018] transplant_loss 6.0096, rec_loss 0.0386, p_loss 0.2612, quant_error 0.3525, utilization 0.5966, perplexity 57.7315,
Train Epoch: [1/2] Iters:[4590/20018] transplant_loss 5.9749, rec_loss 0.0386, p_loss 0.2598, quant_error 0.3505, utilization 0.6017, perplexity 58.0524,
Train Epoch: [1/2] Iters:[4600/20018] transplant_loss 5.9303, rec_loss 0.0382, p_loss 0.2590, quant_error 0.3474, utilization 0.6072, perplexity 58.4326,
Train Epoch: [1/2] Iters:[4610/20018] transplant_loss 5.8266, rec_loss 0.0379, p_loss 0.2583, quant_error 0.3425, utilization 0.6144, perplexity 58.9689,
Train Epoch: [1/2] Iters:[4620/20018] transplant_loss 5.7776, rec_loss 0.0373, p_loss 0.2573, quant_error 0.3388, utilization 0.6203, perplexity 59.4389,
Train Epoch: [1/2] Iters:[4630/20018] transplant_loss 5.8193, rec_loss 0.0377, p_loss 0.2579, quant_error 0.3408, utilization 0.6203, perplexity 59.5657,
Train Epoch: [1/2] Iters:[4640/20018] transplant_loss 5.7535, rec_loss 0.0373, p_loss 0.2571, quant_error 0.3381, utilization 0.6276, perplexity 60.1139,
Train Epoch: [1/2] Iters:[4650/20018] transplant_loss 5.7340, rec_loss 0.0372, p_loss 0.2559, quant_error 0.3385, utilization 0.6354, perplexity 60.7299,
Train Epoch: [1/2] Iters:[4660/20018] transplant_loss 5.7509, rec_loss 0.0373, p_loss 0.2559, quant_error 0.3404, utilization 0.6415, perplexity 61.1441,
Train Epoch: [1/2] Iters:[4670/20018] transplant_loss 5.7365, rec_loss 0.0375, p_loss 0.2559, quant_error 0.3402, utilization 0.6483, perplexity 61.4893,
Train Epoch: [1/2] Iters:[4680/20018] transplant_loss 5.6295, rec_loss 0.0369, p_loss 0.2544, quant_error 0.3352, utilization 0.6594, perplexity 62.2110,
Train Epoch: [1/2] Iters:[4690/20018] transplant_loss 5.6086, rec_loss 0.0369, p_loss 0.2545, quant_error 0.3357, utilization 0.6635, perplexity 62.6642,
Train Epoch: [1/2] Iters:[4700/20018] transplant_loss 5.6035, rec_loss 0.0366, p_loss 0.2545, quant_error 0.3363, utilization 0.6710, perplexity 63.1786,
Train Epoch: [1/2] Iters:[4710/20018] transplant_loss 5.5871, rec_loss 0.0364, p_loss 0.2546, quant_error 0.3371, utilization 0.6761, perplexity 63.6513,
Train Epoch: [1/2] Iters:[4720/20018] transplant_loss 5.5891, rec_loss 0.0366, p_loss 0.2539, quant_error 0.3370, utilization 0.6819, perplexity 64.0909,
Train Epoch: [1/2] Iters:[4730/20018] transplant_loss 5.6062, rec_loss 0.0370, p_loss 0.2540, quant_error 0.3378, utilization 0.6878, perplexity 64.5730,
Train Epoch: [1/2] Iters:[4740/20018] transplant_loss 5.6193, rec_loss 0.0371, p_loss 0.2542, quant_error 0.3386, utilization 0.6919, perplexity 64.8736,
Train Epoch: [1/2] Iters:[4750/20018] transplant_loss 5.6468, rec_loss 0.0380, p_loss 0.2550, quant_error 0.3403, utilization 0.6950, perplexity 65.1475,
Train Epoch: [1/2] Iters:[4760/20018] transplant_loss 5.6152, rec_loss 0.0380, p_loss 0.2540, quant_error 0.3373, utilization 0.7023, perplexity 65.6619,
Train Epoch: [1/2] Iters:[4770/20018] transplant_loss 5.5798, rec_loss 0.0376, p_loss 0.2531, quant_error 0.3368, utilization 0.7121, perplexity 66.4786,
Train Epoch: [1/2] Iters:[4780/20018] transplant_loss 5.5737, rec_loss 0.0377, p_loss 0.2533, quant_error 0.3373, utilization 0.7155, perplexity 66.8440,
Train Epoch: [1/2] Iters:[4790/20018] transplant_loss 5.5835, rec_loss 0.0376, p_loss 0.2533, quant_error 0.3392, utilization 0.7224, perplexity 67.3362,
Train Epoch: [1/2] Iters:[4800/20018] transplant_loss 5.5097, rec_loss 0.0372, p_loss 0.2537, quant_error 0.3366, utilization 0.7322, perplexity 68.0597,
Train Epoch: [1/2] Iters:[4810/20018] transplant_loss 5.5100, rec_loss 0.0371, p_loss 0.2540, quant_error 0.3385, utilization 0.7406, perplexity 68.7307,
Train Epoch: [1/2] Iters:[4820/20018] transplant_loss 5.4949, rec_loss 0.0373, p_loss 0.2547, quant_error 0.3377, utilization 0.7418, perplexity 68.8814,
Train Epoch: [1/2] Iters:[4830/20018] transplant_loss 5.4498, rec_loss 0.0368, p_loss 0.2536, quant_error 0.3369, utilization 0.7479, perplexity 69.4063,
Train Epoch: [1/2] Iters:[4840/20018] transplant_loss 5.3876, rec_loss 0.0367, p_loss 0.2540, quant_error 0.3353, utilization 0.7516, perplexity 69.7131,
Train Epoch: [1/2] Iters:[4850/20018] transplant_loss 5.4193, rec_loss 0.0371, p_loss 0.2528, quant_error 0.3376, utilization 0.7516, perplexity 69.8748,
Train Epoch: [1/2] Iters:[4860/20018] transplant_loss 5.4309, rec_loss 0.0372, p_loss 0.2525, quant_error 0.3389, utilization 0.7544, perplexity 70.0358,
Train Epoch: [1/2] Iters:[4870/20018] transplant_loss 5.4181, rec_loss 0.0373, p_loss 0.2536, quant_error 0.3403, utilization 0.7624, perplexity 70.8423,
Train Epoch: [1/2] Iters:[4880/20018] transplant_loss 5.4204, rec_loss 0.0373, p_loss 0.2530, quant_error 0.3403, utilization 0.7666, perplexity 71.2586,
Train Epoch: [1/2] Iters:[4890/20018] transplant_loss 5.4113, rec_loss 0.0373, p_loss 0.2515, quant_error 0.3395, utilization 0.7760, perplexity 72.2532,
Train Epoch: [1/2] Iters:[4900/20018] transplant_loss 5.4022, rec_loss 0.0368, p_loss 0.2519, quant_error 0.3391, utilization 0.7845, perplexity 73.0272,
Train Epoch: [1/2] Iters:[4910/20018] transplant_loss 5.3151, rec_loss 0.0362, p_loss 0.2508, quant_error 0.3340, utilization 0.7900, perplexity 73.7878,
Train Epoch: [1/2] Iters:[4920/20018] transplant_loss 5.2750, rec_loss 0.0360, p_loss 0.2492, quant_error 0.3304, utilization 0.7942, perplexity 74.3205,
Train Epoch: [1/2] Iters:[4930/20018] transplant_loss 5.2390, rec_loss 0.0359, p_loss 0.2484, quant_error 0.3292, utilization 0.8020, perplexity 75.1362,
Train Epoch: [1/2] Iters:[4940/20018] transplant_loss 5.2224, rec_loss 0.0359, p_loss 0.2492, quant_error 0.3294, utilization 0.8080, perplexity 75.6595,
Train Epoch: [1/2] Iters:[4950/20018] transplant_loss 5.1457, rec_loss 0.0356, p_loss 0.2476, quant_error 0.3263, utilization 0.8121, perplexity 76.2864,
Train Epoch: [1/2] Iters:[4960/20018] transplant_loss 5.1188, rec_loss 0.0356, p_loss 0.2476, quant_error 0.3255, utilization 0.8145, perplexity 76.5489,
Train Epoch: [1/2] Iters:[4970/20018] transplant_loss 5.0895, rec_loss 0.0350, p_loss 0.2457, quant_error 0.3233, utilization 0.8203, perplexity 77.3696,
Train Epoch: [1/2] Iters:[4980/20018] transplant_loss 5.1214, rec_loss 0.0352, p_loss 0.2457, quant_error 0.3249, utilization 0.8240, perplexity 77.7473,
Train Epoch: [1/2] Iters:[4990/20018] transplant_loss 5.1023, rec_loss 0.0351, p_loss 0.2447, quant_error 0.3233, utilization 0.8273, perplexity 78.4560,
Train Epoch: [1/2] Iters:[5000/20018] transplant_loss 5.1409, rec_loss 0.0353, p_loss 0.2447, quant_error 0.3255, utilization 0.8318, perplexity 78.7803,
Train Epoch: [1/2] Iters:[5010/20018] transplant_loss 5.1822, rec_loss 0.0357, p_loss 0.2439, quant_error 0.3272, utilization 0.8377, perplexity 79.6727,
Train Epoch: [1/2] Iters:[5020/20018] transplant_loss 5.1781, rec_loss 0.0357, p_loss 0.2451, quant_error 0.3292, utilization 0.8420, perplexity 80.1294,
Train Epoch: [1/2] Iters:[5030/20018] transplant_loss 5.1416, rec_loss 0.0357, p_loss 0.2458, quant_error 0.3288, utilization 0.8467, perplexity 80.9245,
Train Epoch: [1/2] Iters:[5040/20018] transplant_loss 5.1241, rec_loss 0.0358, p_loss 0.2450, quant_error 0.3280, utilization 0.8529, perplexity 81.6185,
Train Epoch: [1/2] Iters:[5050/20018] transplant_loss 5.1073, rec_loss 0.0358, p_loss 0.2448, quant_error 0.3274, utilization 0.8591, perplexity 82.5611,
Train Epoch: [1/2] Iters:[5060/20018] transplant_loss 5.1578, rec_loss 0.0361, p_loss 0.2464, quant_error 0.3326, utilization 0.8641, perplexity 83.1042,
Train Epoch: [1/2] Iters:[5070/20018] transplant_loss 5.2209, rec_loss 0.0368, p_loss 0.2471, quant_error 0.3375, utilization 0.8674, perplexity 83.5012,
Train Epoch: [1/2] Iters:[5080/20018] transplant_loss 5.2112, rec_loss 0.0365, p_loss 0.2458, quant_error 0.3371, utilization 0.8722, perplexity 84.3954,
Train Epoch: [1/2] Iters:[5090/20018] transplant_loss 5.2055, rec_loss 0.0364, p_loss 0.2463, quant_error 0.3369, utilization 0.8730, perplexity 84.6582,
Train Epoch: [1/2] Iters:[5100/20018] transplant_loss 5.1553, rec_loss 0.0363, p_loss 0.2463, quant_error 0.3340, utilization 0.8756, perplexity 85.3652,
Train Epoch: [1/2] Iters:[5110/20018] transplant_loss 5.0856, rec_loss 0.0360, p_loss 0.2444, quant_error 0.3291, utilization 0.8825, perplexity 86.6562,
Train Epoch: [1/2] Iters:[5120/20018] transplant_loss 5.0651, rec_loss 0.0362, p_loss 0.2444, quant_error 0.3282, utilization 0.8885, perplexity 87.8356,
Train Epoch: [1/2] Iters:[5130/20018] transplant_loss 5.0643, rec_loss 0.0364, p_loss 0.2448, quant_error 0.3276, utilization 0.8932, perplexity 88.4664,
Train Epoch: [1/2] Iters:[5140/20018] transplant_loss 5.0610, rec_loss 0.0365, p_loss 0.2440, quant_error 0.3284, utilization 0.8987, perplexity 89.3685,
Train Epoch: [1/2] Iters:[5150/20018] transplant_loss 5.0330, rec_loss 0.0362, p_loss 0.2437, quant_error 0.3280, utilization 0.9034, perplexity 90.0698,
Train Epoch: [1/2] Iters:[5160/20018] transplant_loss 5.0394, rec_loss 0.0363, p_loss 0.2450, quant_error 0.3300, utilization 0.9049, perplexity 90.0617,
Train Epoch: [1/2] Iters:[5170/20018] transplant_loss 4.9787, rec_loss 0.0356, p_loss 0.2432, quant_error 0.3258, utilization 0.9085, perplexity 90.6932,
Train Epoch: [1/2] Iters:[5180/20018] transplant_loss 4.9681, rec_loss 0.0358, p_loss 0.2428, quant_error 0.3269, utilization 0.9116, perplexity 91.4039,
Train Epoch: [1/2] Iters:[5190/20018] transplant_loss 4.9690, rec_loss 0.0356, p_loss 0.2430, quant_error 0.3287, utilization 0.9157, perplexity 92.2321,
Train Epoch: [1/2] Iters:[5200/20018] transplant_loss 4.9780, rec_loss 0.0355, p_loss 0.2415, quant_error 0.3297, utilization 0.9195, perplexity 93.1956,
Train Epoch: [1/2] Iters:[5210/20018] transplant_loss 4.8608, rec_loss 0.0346, p_loss 0.2392, quant_error 0.3233, utilization 0.9233, perplexity 94.4257,
Train Epoch: [1/2] Iters:[5220/20018] transplant_loss 4.8474, rec_loss 0.0346, p_loss 0.2391, quant_error 0.3236, utilization 0.9267, perplexity 95.4934,
Train Epoch: [1/2] Iters:[5230/20018] transplant_loss 4.8227, rec_loss 0.0342, p_loss 0.2400, quant_error 0.3225, utilization 0.9290, perplexity 96.0841,
Train Epoch: [1/2] Iters:[5240/20018] transplant_loss 4.7422, rec_loss 0.0337, p_loss 0.2390, quant_error 0.3170, utilization 0.9323, perplexity 97.3416,
Train Epoch: [1/2] Iters:[5250/20018] transplant_loss 4.7221, rec_loss 0.0339, p_loss 0.2399, quant_error 0.3164, utilization 0.9360, perplexity 98.0975,
Train Epoch: [1/2] Iters:[5260/20018] transplant_loss 4.7732, rec_loss 0.0344, p_loss 0.2397, quant_error 0.3200, utilization 0.9386, perplexity 98.7985,
Train Epoch: [1/2] Iters:[5270/20018] transplant_loss 4.7361, rec_loss 0.0346, p_loss 0.2408, quant_error 0.3190, utilization 0.9408, perplexity 99.3371,
Train Epoch: [1/2] Iters:[5280/20018] transplant_loss 4.7095, rec_loss 0.0344, p_loss 0.2395, quant_error 0.3184, utilization 0.9439, perplexity 100.3905,
Train Epoch: [1/2] Iters:[5290/20018] transplant_loss 4.7409, rec_loss 0.0345, p_loss 0.2402, quant_error 0.3204, utilization 0.9454, perplexity 100.6647,
Train Epoch: [1/2] Iters:[5300/20018] transplant_loss 4.7091, rec_loss 0.0343, p_loss 0.2397, quant_error 0.3188, utilization 0.9469, perplexity 101.4969,
Train Epoch: [1/2] Iters:[5310/20018] transplant_loss 4.6955, rec_loss 0.0338, p_loss 0.2398, quant_error 0.3180, utilization 0.9496, perplexity 102.2859,
Train Epoch: [1/2] Iters:[5320/20018] transplant_loss 4.6777, rec_loss 0.0333, p_loss 0.2386, quant_error 0.3169, utilization 0.9510, perplexity 102.8929,
Train Epoch: [1/2] Iters:[5330/20018] transplant_loss 4.6660, rec_loss 0.0333, p_loss 0.2380, quant_error 0.3164, utilization 0.9525, perplexity 103.6225,
Train Epoch: [1/2] Iters:[5340/20018] transplant_loss 4.6438, rec_loss 0.0339, p_loss 0.2374, quant_error 0.3166, utilization 0.9566, perplexity 105.3126,
Train Epoch: [1/2] Iters:[5350/20018] transplant_loss 4.6931, rec_loss 0.0343, p_loss 0.2378, quant_error 0.3203, utilization 0.9576, perplexity 105.8006,
Train Epoch: [1/2] Iters:[5360/20018] transplant_loss 4.6538, rec_loss 0.0346, p_loss 0.2376, quant_error 0.3186, utilization 0.9590, perplexity 106.7664,
Train Epoch: [1/2] Iters:[5370/20018] transplant_loss 4.6141, rec_loss 0.0347, p_loss 0.2362, quant_error 0.3171, utilization 0.9616, perplexity 108.3244,
Train Epoch: [1/2] Iters:[5380/20018] transplant_loss 4.5622, rec_loss 0.0348, p_loss 0.2359, quant_error 0.3134, utilization 0.9646, perplexity 109.3321,
Train Epoch: [1/2] Iters:[5390/20018] transplant_loss 4.5204, rec_loss 0.0341, p_loss 0.2340, quant_error 0.3109, utilization 0.9648, perplexity 109.4933,
Train Epoch: [1/2] Iters:[5400/20018] transplant_loss 4.4667, rec_loss 0.0336, p_loss 0.2333, quant_error 0.3074, utilization 0.9683, perplexity 110.7236,
Train Epoch: [1/2] Iters:[5410/20018] transplant_loss 4.4782, rec_loss 0.0338, p_loss 0.2328, quant_error 0.3084, utilization 0.9711, perplexity 111.8889,
Train Epoch: [1/2] Iters:[5420/20018] transplant_loss 4.4768, rec_loss 0.0338, p_loss 0.2326, quant_error 0.3076, utilization 0.9730, perplexity 112.6776,
Train Epoch: [1/2] Iters:[5430/20018] transplant_loss 4.4954, rec_loss 0.0337, p_loss 0.2331, quant_error 0.3106, utilization 0.9745, perplexity 113.4839,
Train Epoch: [1/2] Iters:[5440/20018] transplant_loss 4.5076, rec_loss 0.0340, p_loss 0.2342, quant_error 0.3117, utilization 0.9766, perplexity 115.1312,
Train Epoch: [1/2] Iters:[5450/20018] transplant_loss 4.5118, rec_loss 0.0340, p_loss 0.2338, quant_error 0.3127, utilization 0.9772, perplexity 115.9757,
Train Epoch: [1/2] Iters:[5460/20018] transplant_loss 4.4555, rec_loss 0.0334, p_loss 0.2342, quant_error 0.3101, utilization 0.9783, perplexity 117.2279,
Train Epoch: [1/2] Iters:[5470/20018] transplant_loss 4.4521, rec_loss 0.0334, p_loss 0.2341, quant_error 0.3107, utilization 0.9790, perplexity 117.9715,
Train Epoch: [1/2] Iters:[5480/20018] transplant_loss 4.4450, rec_loss 0.0335, p_loss 0.2339, quant_error 0.3102, utilization 0.9794, perplexity 118.8425,
Train Epoch: [1/2] Iters:[5490/20018] transplant_loss 4.4332, rec_loss 0.0334, p_loss 0.2342, quant_error 0.3100, utilization 0.9798, perplexity 119.1412,
Train Epoch: [1/2] Iters:[5500/20018] transplant_loss 4.4191, rec_loss 0.0337, p_loss 0.2350, quant_error 0.3110, utilization 0.9809, perplexity 120.0179,
Train Epoch: [1/2] Iters:[5510/20018] transplant_loss 4.4706, rec_loss 0.0346, p_loss 0.2362, quant_error 0.3149, utilization 0.9823, perplexity 120.6063,
Train Epoch: [1/2] Iters:[5520/20018] transplant_loss 4.4515, rec_loss 0.0346, p_loss 0.2361, quant_error 0.3148, utilization 0.9835, perplexity 121.7635,
Train Epoch: [1/2] Iters:[5530/20018] transplant_loss 4.3746, rec_loss 0.0340, p_loss 0.2347, quant_error 0.3097, utilization 0.9856, perplexity 123.5372,
Train Epoch: [1/2] Iters:[5540/20018] transplant_loss 4.3206, rec_loss 0.0338, p_loss 0.2335, quant_error 0.3074, utilization 0.9875, perplexity 124.9118,
Train Epoch: [1/2] Iters:[5550/20018] transplant_loss 4.2924, rec_loss 0.0335, p_loss 0.2330, quant_error 0.3053, utilization 0.9886, perplexity 126.1095,
Train Epoch: [1/2] Iters:[5560/20018] transplant_loss 4.1587, rec_loss 0.0319, p_loss 0.2282, quant_error 0.2954, utilization 0.9890, perplexity 127.5421,
Train Epoch: [1/2] Iters:[5570/20018] transplant_loss 4.1957, rec_loss 0.0323, p_loss 0.2276, quant_error 0.2984, utilization 0.9899, perplexity 128.2607,
Train Epoch: [1/2] Iters:[5580/20018] transplant_loss 4.2482, rec_loss 0.0329, p_loss 0.2283, quant_error 0.3034, utilization 0.9895, perplexity 128.0209,
Train Epoch: [1/2] Iters:[5590/20018] transplant_loss 4.2666, rec_loss 0.0333, p_loss 0.2293, quant_error 0.3046, utilization 0.9900, perplexity 129.2273,
Train Epoch: [1/2] Iters:[5600/20018] transplant_loss 4.2408, rec_loss 0.0333, p_loss 0.2279, quant_error 0.3030, utilization 0.9907, perplexity 130.3167,
Train Epoch: [1/2] Iters:[5610/20018] transplant_loss 4.3175, rec_loss 0.0344, p_loss 0.2319, quant_error 0.3097, utilization 0.9911, perplexity 130.7365,
Train Epoch: [1/2] Iters:[5620/20018] transplant_loss 4.2355, rec_loss 0.0338, p_loss 0.2316, quant_error 0.3047, utilization 0.9915, perplexity 132.0115,
Train Epoch: [1/2] Iters:[5630/20018] transplant_loss 4.2038, rec_loss 0.0336, p_loss 0.2306, quant_error 0.3031, utilization 0.9925, perplexity 133.1568,
Train Epoch: [1/2] Iters:[5640/20018] transplant_loss 4.2033, rec_loss 0.0336, p_loss 0.2301, quant_error 0.3042, utilization 0.9924, perplexity 133.3324,
Train Epoch: [1/2] Iters:[5650/20018] transplant_loss 4.1711, rec_loss 0.0332, p_loss 0.2296, quant_error 0.3020, utilization 0.9933, perplexity 135.0525,
Train Epoch: [1/2] Iters:[5660/20018] transplant_loss 4.1296, rec_loss 0.0328, p_loss 0.2274, quant_error 0.2996, utilization 0.9941, perplexity 136.6733,
Train Epoch: [1/2] Iters:[5670/20018] transplant_loss 4.1400, rec_loss 0.0329, p_loss 0.2275, quant_error 0.3002, utilization 0.9944, perplexity 137.3723,
Train Epoch: [1/2] Iters:[5680/20018] transplant_loss 4.1177, rec_loss 0.0326, p_loss 0.2269, quant_error 0.2987, utilization 0.9948, perplexity 138.7534,
Train Epoch: [1/2] Iters:[5690/20018] transplant_loss 4.0630, rec_loss 0.0321, p_loss 0.2264, quant_error 0.2944, utilization 0.9954, perplexity 140.0851,
Train Epoch: [1/2] Iters:[5700/20018] transplant_loss 4.0514, rec_loss 0.0321, p_loss 0.2265, quant_error 0.2952, utilization 0.9955, perplexity 140.4806,
Train Epoch: [1/2] Iters:[5710/20018] transplant_loss 4.0477, rec_loss 0.0321, p_loss 0.2273, quant_error 0.2958, utilization 0.9960, perplexity 141.2803,
Train Epoch: [1/2] Iters:[5720/20018] transplant_loss 4.0637, rec_loss 0.0324, p_loss 0.2279, quant_error 0.2968, utilization 0.9966, perplexity 142.3367,
Train Epoch: [1/2] Iters:[5730/20018] transplant_loss 4.0295, rec_loss 0.0324, p_loss 0.2275, quant_error 0.2944, utilization 0.9971, perplexity 143.9509,
Train Epoch: [1/2] Iters:[5740/20018] transplant_loss 4.0382, rec_loss 0.0323, p_loss 0.2263, quant_error 0.2957, utilization 0.9976, perplexity 145.6396,
Train Epoch: [1/2] Iters:[5750/20018] transplant_loss 4.0360, rec_loss 0.0328, p_loss 0.2257, quant_error 0.2952, utilization 0.9976, perplexity 146.9850,
Train Epoch: [1/2] Iters:[5760/20018] transplant_loss 4.0389, rec_loss 0.0327, p_loss 0.2247, quant_error 0.2954, utilization 0.9975, perplexity 147.6425,
Train Epoch: [1/2] Iters:[5770/20018] transplant_loss 3.9686, rec_loss 0.0321, p_loss 0.2230, quant_error 0.2914, utilization 0.9977, perplexity 149.1314,
Train Epoch: [1/2] Iters:[5780/20018] transplant_loss 3.9979, rec_loss 0.0323, p_loss 0.2244, quant_error 0.2953, utilization 0.9976, perplexity 149.8136,
Train Epoch: [1/2] Iters:[5790/20018] transplant_loss 3.9674, rec_loss 0.0322, p_loss 0.2247, quant_error 0.2936, utilization 0.9980, perplexity 150.6923,
Train Epoch: [1/2] Iters:[5800/20018] transplant_loss 3.9510, rec_loss 0.0320, p_loss 0.2249, quant_error 0.2936, utilization 0.9984, perplexity 151.5969,
Train Epoch: [1/2] Iters:[5810/20018] transplant_loss 3.8991, rec_loss 0.0315, p_loss 0.2240, quant_error 0.2913, utilization 0.9987, perplexity 153.3650,
Train Epoch: [1/2] Iters:[5820/20018] transplant_loss 3.9129, rec_loss 0.0316, p_loss 0.2241, quant_error 0.2932, utilization 0.9988, perplexity 154.4621,
Train Epoch: [1/2] Iters:[5830/20018] transplant_loss 3.9238, rec_loss 0.0316, p_loss 0.2234, quant_error 0.2937, utilization 0.9990, perplexity 155.5034,
Train Epoch: [1/2] Iters:[5840/20018] transplant_loss 3.9077, rec_loss 0.0317, p_loss 0.2233, quant_error 0.2926, utilization 0.9989, perplexity 156.7340,
Train Epoch: [1/2] Iters:[5850/20018] transplant_loss 3.8939, rec_loss 0.0314, p_loss 0.2237, quant_error 0.2926, utilization 0.9990, perplexity 157.9428,
Train Epoch: [1/2] Iters:[5860/20018] transplant_loss 3.9192, rec_loss 0.0317, p_loss 0.2235, quant_error 0.2947, utilization 0.9991, perplexity 158.2093,
Train Epoch: [1/2] Iters:[5870/20018] transplant_loss 3.8990, rec_loss 0.0317, p_loss 0.2239, quant_error 0.2939, utilization 0.9991, perplexity 159.0463,
Train Epoch: [1/2] Iters:[5880/20018] transplant_loss 3.8474, rec_loss 0.0314, p_loss 0.2225, quant_error 0.2904, utilization 0.9990, perplexity 159.3165,
Train Epoch: [1/2] Iters:[5890/20018] transplant_loss 3.8980, rec_loss 0.0316, p_loss 0.2229, quant_error 0.2958, utilization 0.9993, perplexity 159.7285,
Train Epoch: [1/2] Iters:[5900/20018] transplant_loss 3.9023, rec_loss 0.0317, p_loss 0.2221, quant_error 0.2955, utilization 0.9993, perplexity 161.1401,
Train Epoch: [1/2] Iters:[5910/20018] transplant_loss 3.8875, rec_loss 0.0319, p_loss 0.2229, quant_error 0.2938, utilization 0.9993, perplexity 162.5719,
Train Epoch: [1/2] Iters:[5920/20018] transplant_loss 3.8843, rec_loss 0.0319, p_loss 0.2230, quant_error 0.2939, utilization 0.9994, perplexity 163.8533,
Train Epoch: [1/2] Iters:[5930/20018] transplant_loss 3.8279, rec_loss 0.0315, p_loss 0.2223, quant_error 0.2908, utilization 0.9996, perplexity 165.9977,
Train Epoch: [1/2] Iters:[5940/20018] transplant_loss 3.8002, rec_loss 0.0318, p_loss 0.2230, quant_error 0.2893, utilization 0.9996, perplexity 166.3245,
Train Epoch: [1/2] Iters:[5950/20018] transplant_loss 3.7687, rec_loss 0.0316, p_loss 0.2224, quant_error 0.2876, utilization 0.9996, perplexity 166.8105,
Train Epoch: [1/2] Iters:[5960/20018] transplant_loss 3.7413, rec_loss 0.0314, p_loss 0.2215, quant_error 0.2863, utilization 0.9996, perplexity 167.9800,
Train Epoch: [1/2] Iters:[5970/20018] transplant_loss 3.7343, rec_loss 0.0312, p_loss 0.2213, quant_error 0.2862, utilization 0.9997, perplexity 168.9937,
Train Epoch: [1/2] Iters:[5980/20018] transplant_loss 3.7409, rec_loss 0.0315, p_loss 0.2213, quant_error 0.2869, utilization 0.9997, perplexity 170.1587,
Train Epoch: [1/2] Iters:[5990/20018] transplant_loss 3.7033, rec_loss 0.0309, p_loss 0.2201, quant_error 0.2844, utilization 0.9998, perplexity 171.9006,
Train Epoch: [1/2] Iters:[6000/20018] transplant_loss 3.6560, rec_loss 0.0307, p_loss 0.2186, quant_error 0.2808, utilization 0.9999, perplexity 173.8723,
Train Epoch: [1/2] Iters:[6010/20018] transplant_loss 3.6238, rec_loss 0.0304, p_loss 0.2171, quant_error 0.2789, utilization 0.9999, perplexity 174.8090,
Train Epoch: [1/2] Iters:[6020/20018] transplant_loss 3.5881, rec_loss 0.0303, p_loss 0.2161, quant_error 0.2767, utilization 0.9999, perplexity 176.3463,
Train Epoch: [1/2] Iters:[6030/20018] transplant_loss 3.5617, rec_loss 0.0303, p_loss 0.2157, quant_error 0.2746, utilization 0.9998, perplexity 177.6882,
Train Epoch: [1/2] Iters:[6040/20018] transplant_loss 3.5490, rec_loss 0.0302, p_loss 0.2148, quant_error 0.2739, utilization 0.9998, perplexity 179.3177,
Train Epoch: [1/2] Iters:[6050/20018] transplant_loss 3.5928, rec_loss 0.0307, p_loss 0.2171, quant_error 0.2790, utilization 0.9998, perplexity 179.5004,
Train Epoch: [1/2] Iters:[6060/20018] transplant_loss 3.6113, rec_loss 0.0313, p_loss 0.2184, quant_error 0.2805, utilization 0.9998, perplexity 180.5138,
Train Epoch: [1/2] Iters:[6070/20018] transplant_loss 3.6114, rec_loss 0.0313, p_loss 0.2185, quant_error 0.2811, utilization 0.9998, perplexity 181.2929,
Train Epoch: [1/2] Iters:[6080/20018] transplant_loss 3.6059, rec_loss 0.0314, p_loss 0.2186, quant_error 0.2816, utilization 0.9999, perplexity 182.3460,
Train Epoch: [1/2] Iters:[6090/20018] transplant_loss 3.5829, rec_loss 0.0310, p_loss 0.2170, quant_error 0.2798, utilization 0.9999, perplexity 183.1899,
Train Epoch: [1/2] Iters:[6100/20018] transplant_loss 3.5238, rec_loss 0.0304, p_loss 0.2147, quant_error 0.2747, utilization 0.9999, perplexity 184.5709,
Train Epoch: [1/2] Iters:[6110/20018] transplant_loss 3.5254, rec_loss 0.0303, p_loss 0.2152, quant_error 0.2765, utilization 0.9999, perplexity 185.6476,
Train Epoch: [1/2] Iters:[6120/20018] transplant_loss 3.5078, rec_loss 0.0299, p_loss 0.2138, quant_error 0.2750, utilization 0.9999, perplexity 186.5012,
Train Epoch: [1/2] Iters:[6130/20018] transplant_loss 3.5208, rec_loss 0.0298, p_loss 0.2139, quant_error 0.2764, utilization 0.9999, perplexity 187.0523,
Train Epoch: [1/2] Iters:[6140/20018] transplant_loss 3.4882, rec_loss 0.0299, p_loss 0.2149, quant_error 0.2746, utilization 0.9999, perplexity 188.1043,
Train Epoch: [1/2] Iters:[6150/20018] transplant_loss 3.4977, rec_loss 0.0302, p_loss 0.2158, quant_error 0.2760, utilization 0.9999, perplexity 189.1593,
Train Epoch: [1/2] Iters:[6160/20018] transplant_loss 3.4872, rec_loss 0.0301, p_loss 0.2147, quant_error 0.2760, utilization 1.0000, perplexity 189.9982,
Train Epoch: [1/2] Iters:[6170/20018] transplant_loss 3.4922, rec_loss 0.0302, p_loss 0.2156, quant_error 0.2774, utilization 1.0000, perplexity 191.2492,
Train Epoch: [1/2] Iters:[6180/20018] transplant_loss 3.5087, rec_loss 0.0305, p_loss 0.2158, quant_error 0.2795, utilization 1.0000, perplexity 192.4180,
Train Epoch: [1/2] Iters:[6190/20018] transplant_loss 3.5258, rec_loss 0.0305, p_loss 0.2156, quant_error 0.2809, utilization 1.0000, perplexity 193.5368,
Train Epoch: [1/2] Iters:[6200/20018] transplant_loss 3.5183, rec_loss 0.0305, p_loss 0.2154, quant_error 0.2809, utilization 1.0000, perplexity 194.1819,
Train Epoch: [1/2] Iters:[6210/20018] transplant_loss 3.4690, rec_loss 0.0302, p_loss 0.2145, quant_error 0.2763, utilization 1.0000, perplexity 194.9958,
Train Epoch: [1/2] Iters:[6220/20018] transplant_loss 3.4550, rec_loss 0.0305, p_loss 0.2136, quant_error 0.2751, utilization 1.0000, perplexity 195.6651,
Train Epoch: [1/2] Iters:[6230/20018] transplant_loss 3.4174, rec_loss 0.0299, p_loss 0.2120, quant_error 0.2724, utilization 1.0000, perplexity 196.3428,
Train Epoch: [1/2] Iters:[6240/20018] transplant_loss 3.4215, rec_loss 0.0303, p_loss 0.2124, quant_error 0.2734, utilization 1.0000, perplexity 197.1438,
Train Epoch: [1/2] Iters:[6250/20018] transplant_loss 3.4202, rec_loss 0.0302, p_loss 0.2115, quant_error 0.2741, utilization 1.0000, perplexity 197.5748,
Train Epoch: [1/2] Iters:[6260/20018] transplant_loss 3.4106, rec_loss 0.0301, p_loss 0.2124, quant_error 0.2742, utilization 1.0000, perplexity 198.7639,
Train Epoch: [1/2] Iters:[6270/20018] transplant_loss 3.3765, rec_loss 0.0298, p_loss 0.2122, quant_error 0.2719, utilization 1.0000, perplexity 199.9914,
Train Epoch: [1/2] Iters:[6280/20018] transplant_loss 3.3444, rec_loss 0.0300, p_loss 0.2117, quant_error 0.2694, utilization 1.0000, perplexity 201.2784,
Train Epoch: [1/2] Iters:[6290/20018] transplant_loss 3.2905, rec_loss 0.0292, p_loss 0.2103, quant_error 0.2656, utilization 1.0000, perplexity 202.4794,
Train Epoch: [1/2] Iters:[6300/20018] transplant_loss 3.2908, rec_loss 0.0293, p_loss 0.2107, quant_error 0.2651, utilization 1.0000, perplexity 203.2883,
Train Epoch: [1/2] Iters:[6310/20018] transplant_loss 3.3287, rec_loss 0.0297, p_loss 0.2113, quant_error 0.2683, utilization 1.0000, perplexity 204.0297,
Train Epoch: [1/2] Iters:[6320/20018] transplant_loss 3.3516, rec_loss 0.0300, p_loss 0.2115, quant_error 0.2705, utilization 1.0000, perplexity 204.1638,
Train Epoch: [1/2] Iters:[6330/20018] transplant_loss 3.3180, rec_loss 0.0297, p_loss 0.2114, quant_error 0.2680, utilization 1.0000, perplexity 204.5929,
Train Epoch: [1/2] Iters:[6340/20018] transplant_loss 3.3423, rec_loss 0.0298, p_loss 0.2115, quant_error 0.2707, utilization 1.0000, perplexity 204.8440,
Train Epoch: [1/2] Iters:[6350/20018] transplant_loss 3.3181, rec_loss 0.0293, p_loss 0.2106, quant_error 0.2694, utilization 1.0000, perplexity 206.2645,
Train Epoch: [1/2] Iters:[6360/20018] transplant_loss 3.2870, rec_loss 0.0292, p_loss 0.2093, quant_error 0.2673, utilization 1.0000, perplexity 206.4422,
Train Epoch: [1/2] Iters:[6370/20018] transplant_loss 3.2932, rec_loss 0.0291, p_loss 0.2094, quant_error 0.2695, utilization 1.0000, perplexity 206.9933,
Train Epoch: [1/2] Iters:[6380/20018] transplant_loss 3.3284, rec_loss 0.0294, p_loss 0.2102, quant_error 0.2726, utilization 1.0000, perplexity 207.4948,
Train Epoch: [1/2] Iters:[6390/20018] transplant_loss 3.3374, rec_loss 0.0300, p_loss 0.2100, quant_error 0.2736, utilization 1.0000, perplexity 208.2530,
Train Epoch: [1/2] Iters:[6400/20018] transplant_loss 3.3328, rec_loss 0.0301, p_loss 0.2104, quant_error 0.2734, utilization 1.0000, perplexity 208.6351,
Train Epoch: [1/2] Iters:[6410/20018] transplant_loss 3.2984, rec_loss 0.0293, p_loss 0.2091, quant_error 0.2713, utilization 1.0000, perplexity 210.1805,
Train Epoch: [1/2] Iters:[6420/20018] transplant_loss 3.2537, rec_loss 0.0291, p_loss 0.2078, quant_error 0.2667, utilization 1.0000, perplexity 211.5674,
Train Epoch: [1/2] Iters:[6430/20018] transplant_loss 3.1955, rec_loss 0.0289, p_loss 0.2067, quant_error 0.2628, utilization 1.0000, perplexity 213.0507,
Train Epoch: [1/2] Iters:[6440/20018] transplant_loss 3.1551, rec_loss 0.0289, p_loss 0.2073, quant_error 0.2596, utilization 1.0000, perplexity 214.1230,
Train Epoch: [1/2] Iters:[6450/20018] transplant_loss 3.1307, rec_loss 0.0286, p_loss 0.2070, quant_error 0.2587, utilization 1.0000, perplexity 215.4189,
Train Epoch: [1/2] Iters:[6460/20018] transplant_loss 3.1361, rec_loss 0.0288, p_loss 0.2078, quant_error 0.2590, utilization 1.0000, perplexity 215.9331,
Train Epoch: [1/2] Iters:[6470/20018] transplant_loss 3.1483, rec_loss 0.0290, p_loss 0.2094, quant_error 0.2608, utilization 1.0000, perplexity 216.5200,
Train Epoch: [1/2] Iters:[6480/20018] transplant_loss 3.1615, rec_loss 0.0288, p_loss 0.2092, quant_error 0.2620, utilization 1.0000, perplexity 217.1890,
Train Epoch: [1/2] Iters:[6490/20018] transplant_loss 3.1895, rec_loss 0.0287, p_loss 0.2091, quant_error 0.2647, utilization 1.0000, perplexity 216.9826,
Train Epoch: [1/2] Iters:[6500/20018] transplant_loss 3.2090, rec_loss 0.0295, p_loss 0.2103, quant_error 0.2660, utilization 1.0000, perplexity 216.9962,
Train Epoch: [1/2] Iters:[6510/20018] transplant_loss 3.1615, rec_loss 0.0292, p_loss 0.2089, quant_error 0.2628, utilization 1.0000, perplexity 218.1596,
Train Epoch: [1/2] Iters:[6520/20018] transplant_loss 3.1145, rec_loss 0.0287, p_loss 0.2067, quant_error 0.2592, utilization 1.0000, perplexity 218.8846,
Train Epoch: [1/2] Iters:[6530/20018] transplant_loss 3.1328, rec_loss 0.0290, p_loss 0.2068, quant_error 0.2610, utilization 1.0000, perplexity 218.7197,
Train Epoch: [1/2] Iters:[6540/20018] transplant_loss 3.0869, rec_loss 0.0284, p_loss 0.2057, quant_error 0.2590, utilization 1.0000, perplexity 220.2916,
Train Epoch: [1/2] Iters:[6550/20018] transplant_loss 3.0569, rec_loss 0.0280, p_loss 0.2046, quant_error 0.2568, utilization 1.0000, perplexity 220.7851,
Train Epoch: [1/2] Iters:[6560/20018] transplant_loss 3.1419, rec_loss 0.0292, p_loss 0.2071, quant_error 0.2642, utilization 1.0000, perplexity 220.6708,
Train Epoch: [1/2] Iters:[6570/20018] transplant_loss 3.2133, rec_loss 0.0300, p_loss 0.2097, quant_error 0.2710, utilization 1.0000, perplexity 220.4631,
Train Epoch: [1/2] Iters:[6580/20018] transplant_loss 3.2149, rec_loss 0.0300, p_loss 0.2107, quant_error 0.2713, utilization 1.0000, perplexity 221.1032,
Train Epoch: [1/2] Iters:[6590/20018] transplant_loss 3.2110, rec_loss 0.0302, p_loss 0.2107, quant_error 0.2700, utilization 1.0000, perplexity 221.3041,
Train Epoch: [1/2] Iters:[6600/20018] transplant_loss 3.2220, rec_loss 0.0303, p_loss 0.2101, quant_error 0.2715, utilization 1.0000, perplexity 222.0896,
Train Epoch: [1/2] Iters:[6610/20018] transplant_loss 3.1510, rec_loss 0.0295, p_loss 0.2081, quant_error 0.2656, utilization 1.0000, perplexity 223.0432,
Train Epoch: [1/2] Iters:[6620/20018] transplant_loss 3.1057, rec_loss 0.0292, p_loss 0.2067, quant_error 0.2620, utilization 1.0000, perplexity 223.6776,
Train Epoch: [1/2] Iters:[6630/20018] transplant_loss 3.0335, rec_loss 0.0284, p_loss 0.2042, quant_error 0.2568, utilization 1.0000, perplexity 224.7810,
Train Epoch: [1/2] Iters:[6640/20018] transplant_loss 3.0427, rec_loss 0.0285, p_loss 0.2048, quant_error 0.2583, utilization 1.0000, perplexity 225.0343,
Train Epoch: [1/2] Iters:[6650/20018] transplant_loss 3.0190, rec_loss 0.0284, p_loss 0.2042, quant_error 0.2564, utilization 1.0000, perplexity 225.6241,
Train Epoch: [1/2] Iters:[6660/20018] transplant_loss 2.9841, rec_loss 0.0281, p_loss 0.2032, quant_error 0.2533, utilization 1.0000, perplexity 226.2084,
Train Epoch: [1/2] Iters:[6670/20018] transplant_loss 2.9985, rec_loss 0.0280, p_loss 0.2037, quant_error 0.2550, utilization 1.0000, perplexity 227.0717,
Train Epoch: [1/2] Iters:[6680/20018] transplant_loss 3.0596, rec_loss 0.0288, p_loss 0.2061, quant_error 0.2605, utilization 1.0000, perplexity 227.0590,
Train Epoch: [1/2] Iters:[6690/20018] transplant_loss 3.0407, rec_loss 0.0285, p_loss 0.2045, quant_error 0.2597, utilization 1.0000, perplexity 227.9804,
Train Epoch: [1/2] Iters:[6700/20018] transplant_loss 3.0613, rec_loss 0.0287, p_loss 0.2060, quant_error 0.2622, utilization 1.0000, perplexity 228.3426,
Train Epoch: [1/2] Iters:[6710/20018] transplant_loss 3.0774, rec_loss 0.0290, p_loss 0.2068, quant_error 0.2647, utilization 1.0000, perplexity 228.6204,
Train Epoch: [1/2] Iters:[6720/20018] transplant_loss 3.0567, rec_loss 0.0289, p_loss 0.2065, quant_error 0.2642, utilization 1.0000, perplexity 229.1533,
Train Epoch: [1/2] Iters:[6730/20018] transplant_loss 3.0316, rec_loss 0.0291, p_loss 0.2055, quant_error 0.2623, utilization 1.0000, perplexity 229.8162,
Train Epoch: [1/2] Iters:[6740/20018] transplant_loss 3.0182, rec_loss 0.0292, p_loss 0.2059, quant_error 0.2604, utilization 1.0000, perplexity 230.2876,
Train Epoch: [1/2] Iters:[6750/20018] transplant_loss 2.9647, rec_loss 0.0287, p_loss 0.2049, quant_error 0.2558, utilization 1.0000, perplexity 230.8693,
Train Epoch: [1/2] Iters:[6760/20018] transplant_loss 2.9607, rec_loss 0.0284, p_loss 0.2046, quant_error 0.2554, utilization 1.0000, perplexity 231.1691,
Train Epoch: [1/2] Iters:[6770/20018] transplant_loss 2.9349, rec_loss 0.0283, p_loss 0.2033, quant_error 0.2521, utilization 1.0000, perplexity 231.3827,
Train Epoch: [1/2] Iters:[6780/20018] transplant_loss 2.9110, rec_loss 0.0278, p_loss 0.2038, quant_error 0.2506, utilization 1.0000, perplexity 231.8616,
Train Epoch: [1/2] Iters:[6790/20018] transplant_loss 2.9075, rec_loss 0.0277, p_loss 0.2038, quant_error 0.2512, utilization 1.0000, perplexity 232.1124,
Train Epoch: [1/2] Iters:[6800/20018] transplant_loss 2.9127, rec_loss 0.0279, p_loss 0.2037, quant_error 0.2523, utilization 1.0000, perplexity 232.6352,
Train Epoch: [1/2] Iters:[6810/20018] transplant_loss 2.8957, rec_loss 0.0279, p_loss 0.2039, quant_error 0.2514, utilization 1.0000, perplexity 233.3358,
Train Epoch: [1/2] Iters:[6820/20018] transplant_loss 2.9031, rec_loss 0.0278, p_loss 0.2039, quant_error 0.2518, utilization 1.0000, perplexity 233.8906,
Train Epoch: [1/2] Iters:[6830/20018] transplant_loss 2.9179, rec_loss 0.0281, p_loss 0.2037, quant_error 0.2532, utilization 1.0000, perplexity 234.1847,
Train Epoch: [1/2] Iters:[6840/20018] transplant_loss 2.8999, rec_loss 0.0280, p_loss 0.2034, quant_error 0.2517, utilization 1.0000, perplexity 234.4528,
Train Epoch: [1/2] Iters:[6850/20018] transplant_loss 2.8864, rec_loss 0.0276, p_loss 0.2031, quant_error 0.2513, utilization 1.0000, perplexity 234.6053,
Train Epoch: [1/2] Iters:[6860/20018] transplant_loss 2.8882, rec_loss 0.0276, p_loss 0.2027, quant_error 0.2517, utilization 1.0000, perplexity 234.9641,
Train Epoch: [1/2] Iters:[6870/20018] transplant_loss 2.8769, rec_loss 0.0278, p_loss 0.2031, quant_error 0.2518, utilization 1.0000, perplexity 235.4157,
Train Epoch: [1/2] Iters:[6880/20018] transplant_loss 2.8464, rec_loss 0.0271, p_loss 0.2019, quant_error 0.2495, utilization 1.0000, perplexity 235.7706,
Train Epoch: [1/2] Iters:[6890/20018] transplant_loss 2.8380, rec_loss 0.0271, p_loss 0.2015, quant_error 0.2489, utilization 1.0000, perplexity 236.3764,
Train Epoch: [1/2] Iters:[6900/20018] transplant_loss 2.8295, rec_loss 0.0272, p_loss 0.2001, quant_error 0.2476, utilization 1.0000, perplexity 236.8266,
Train Epoch: [1/2] Iters:[6910/20018] transplant_loss 2.8324, rec_loss 0.0271, p_loss 0.1996, quant_error 0.2481, utilization 1.0000, perplexity 236.9080,
Train Epoch: [1/2] Iters:[6920/20018] transplant_loss 2.7945, rec_loss 0.0269, p_loss 0.1998, quant_error 0.2452, utilization 1.0000, perplexity 237.2046,
Train Epoch: [1/2] Iters:[6930/20018] transplant_loss 2.8224, rec_loss 0.0278, p_loss 0.2015, quant_error 0.2475, utilization 1.0000, perplexity 237.1915,
Train Epoch: [1/2] Iters:[6940/20018] transplant_loss 2.8320, rec_loss 0.0277, p_loss 0.2025, quant_error 0.2492, utilization 1.0000, perplexity 237.4230,
Train Epoch: [1/2] Iters:[6950/20018] transplant_loss 2.8507, rec_loss 0.0278, p_loss 0.2035, quant_error 0.2515, utilization 1.0000, perplexity 237.6586,
Train Epoch: [1/2] Iters:[6960/20018] transplant_loss 2.8313, rec_loss 0.0278, p_loss 0.2041, quant_error 0.2500, utilization 1.0000, perplexity 238.0465,
Train Epoch: [1/2] Iters:[6970/20018] transplant_loss 2.8484, rec_loss 0.0277, p_loss 0.2032, quant_error 0.2517, utilization 1.0000, perplexity 238.2901,
Train Epoch: [1/2] Iters:[6980/20018] transplant_loss 2.8513, rec_loss 0.0272, p_loss 0.2023, quant_error 0.2525, utilization 1.0000, perplexity 238.7403,
Train Epoch: [1/2] Iters:[6990/20018] transplant_loss 2.8564, rec_loss 0.0273, p_loss 0.2013, quant_error 0.2539, utilization 1.0000, perplexity 238.6852,
Train Epoch: [1/2] Iters:[7000/20018] transplant_loss 2.8534, rec_loss 0.0274, p_loss 0.2023, quant_error 0.2538, utilization 1.0000, perplexity 238.7467,
Train Epoch: [1/2] Iters:[7010/20018] transplant_loss 2.8466, rec_loss 0.0273, p_loss 0.2017, quant_error 0.2534, utilization 1.0000, perplexity 238.7960,
Train Epoch: [1/2] Iters:[7020/20018] transplant_loss 2.8720, rec_loss 0.0278, p_loss 0.2032, quant_error 0.2566, utilization 1.0000, perplexity 238.7901,
Train Epoch: [1/2] Iters:[7030/20018] transplant_loss 2.8613, rec_loss 0.0284, p_loss 0.2029, quant_error 0.2556, utilization 1.0000, perplexity 238.9003,
Train Epoch: [1/2] Iters:[7040/20018] transplant_loss 2.8463, rec_loss 0.0287, p_loss 0.2031, quant_error 0.2529, utilization 1.0000, perplexity 239.1437,
Train Epoch: [1/2] Iters:[7050/20018] transplant_loss 2.8308, rec_loss 0.0285, p_loss 0.2017, quant_error 0.2516, utilization 1.0000, perplexity 239.5859,
Train Epoch: [1/2] Iters:[7060/20018] transplant_loss 2.7914, rec_loss 0.0281, p_loss 0.2009, quant_error 0.2481, utilization 1.0000, perplexity 239.9110,
Train Epoch: [1/2] Iters:[7070/20018] transplant_loss 2.7691, rec_loss 0.0280, p_loss 0.1991, quant_error 0.2455, utilization 1.0000, perplexity 240.3392,
Train Epoch: [1/2] Iters:[7080/20018] transplant_loss 2.7557, rec_loss 0.0276, p_loss 0.1992, quant_error 0.2449, utilization 1.0000, perplexity 240.6616,
Train Epoch: [1/2] Iters:[7090/20018] transplant_loss 2.7539, rec_loss 0.0275, p_loss 0.1990, quant_error 0.2453, utilization 1.0000, perplexity 240.9173,
Train Epoch: [1/2] Iters:[7100/20018] transplant_loss 2.7483, rec_loss 0.0277, p_loss 0.1996, quant_error 0.2455, utilization 1.0000, perplexity 241.0602,
Train Epoch: [1/2] Iters:[7110/20018] transplant_loss 2.8027, rec_loss 0.0284, p_loss 0.2016, quant_error 0.2515, utilization 1.0000, perplexity 241.2045,
Train Epoch: [1/2] Iters:[7120/20018] transplant_loss 2.7776, rec_loss 0.0282, p_loss 0.2021, quant_error 0.2499, utilization 1.0000, perplexity 241.2734,
Train Epoch: [1/2] Iters:[7130/20018] transplant_loss 2.7707, rec_loss 0.0282, p_loss 0.2021, quant_error 0.2495, utilization 1.0000, perplexity 241.4091,
Train Epoch: [1/2] Iters:[7140/20018] transplant_loss 2.7931, rec_loss 0.0287, p_loss 0.2034, quant_error 0.2523, utilization 1.0000, perplexity 241.5274,
Train Epoch: [1/2] Iters:[7150/20018] transplant_loss 2.7900, rec_loss 0.0286, p_loss 0.2027, quant_error 0.2518, utilization 1.0000, perplexity 241.5445,
Train Epoch: [1/2] Iters:[7160/20018] transplant_loss 2.8054, rec_loss 0.0287, p_loss 0.2024, quant_error 0.2529, utilization 1.0000, perplexity 241.4561,
Train Epoch: [1/2] Iters:[7170/20018] transplant_loss 2.7904, rec_loss 0.0285, p_loss 0.2021, quant_error 0.2514, utilization 1.0000, perplexity 241.6802,
Train Epoch: [1/2] Iters:[7180/20018] transplant_loss 2.7779, rec_loss 0.0285, p_loss 0.2024, quant_error 0.2500, utilization 1.0000, perplexity 241.8112,
Train Epoch: [1/2] Iters:[7190/20018] transplant_loss 2.7545, rec_loss 0.0281, p_loss 0.2021, quant_error 0.2478, utilization 1.0000, perplexity 241.9572,
Train Epoch: [1/2] Iters:[7200/20018] transplant_loss 2.7365, rec_loss 0.0278, p_loss 0.2020, quant_error 0.2461, utilization 1.0000, perplexity 242.0992,
Train Epoch: [1/2] Iters:[7210/20018] transplant_loss 2.6854, rec_loss 0.0274, p_loss 0.2012, quant_error 0.2421, utilization 1.0000, perplexity 242.3670,
Train Epoch: [1/2] Iters:[7220/20018] transplant_loss 2.6897, rec_loss 0.0273, p_loss 0.2010, quant_error 0.2431, utilization 1.0000, perplexity 242.2939,
Train Epoch: [1/2] Iters:[7230/20018] transplant_loss 2.6829, rec_loss 0.0273, p_loss 0.2001, quant_error 0.2428, utilization 1.0000, perplexity 242.5169,
Train Epoch: [1/2] Iters:[7240/20018] transplant_loss 2.6513, rec_loss 0.0269, p_loss 0.1983, quant_error 0.2396, utilization 1.0000, perplexity 242.6275,
Train Epoch: [1/2] Iters:[7250/20018] transplant_loss 2.6611, rec_loss 0.0271, p_loss 0.1986, quant_error 0.2409, utilization 1.0000, perplexity 242.7960,
Train Epoch: [1/2] Iters:[7260/20018] transplant_loss 2.6911, rec_loss 0.0277, p_loss 0.1992, quant_error 0.2436, utilization 1.0000, perplexity 242.8856,
Train Epoch: [1/2] Iters:[7270/20018] transplant_loss 2.7135, rec_loss 0.0279, p_loss 0.1998, quant_error 0.2455, utilization 1.0000, perplexity 243.1114,
Train Epoch: [1/2] Iters:[7280/20018] transplant_loss 2.6887, rec_loss 0.0274, p_loss 0.1993, quant_error 0.2435, utilization 1.0000, perplexity 243.1449,
Train Epoch: [1/2] Iters:[7290/20018] transplant_loss 2.7097, rec_loss 0.0279, p_loss 0.2011, quant_error 0.2459, utilization 1.0000, perplexity 243.4043,
Train Epoch: [1/2] Iters:[7300/20018] transplant_loss 2.7096, rec_loss 0.0277, p_loss 0.2008, quant_error 0.2466, utilization 1.0000, perplexity 243.5347,
Train Epoch: [1/2] Iters:[7310/20018] transplant_loss 2.6804, rec_loss 0.0271, p_loss 0.2001, quant_error 0.2440, utilization 1.0000, perplexity 243.6889,
Train Epoch: [1/2] Iters:[7320/20018] transplant_loss 2.6581, rec_loss 0.0271, p_loss 0.1989, quant_error 0.2423, utilization 1.0000, perplexity 243.5554,
Train Epoch: [1/2] Iters:[7330/20018] transplant_loss 2.6622, rec_loss 0.0270, p_loss 0.1984, quant_error 0.2429, utilization 1.0000, perplexity 243.5251,
Train Epoch: [1/2] Iters:[7340/20018] transplant_loss 2.6537, rec_loss 0.0268, p_loss 0.1980, quant_error 0.2430, utilization 1.0000, perplexity 243.3747,
Train Epoch: [1/2] Iters:[7350/20018] transplant_loss 2.6425, rec_loss 0.0271, p_loss 0.1981, quant_error 0.2417, utilization 1.0000, perplexity 243.4082,
Train Epoch: [1/2] Iters:[7360/20018] transplant_loss 2.6536, rec_loss 0.0275, p_loss 0.1989, quant_error 0.2424, utilization 1.0000, perplexity 243.4851,
Train Epoch: [1/2] Iters:[7370/20018] transplant_loss 2.6595, rec_loss 0.0275, p_loss 0.1994, quant_error 0.2435, utilization 1.0000, perplexity 243.7919,
Train Epoch: [1/2] Iters:[7380/20018] transplant_loss 2.6774, rec_loss 0.0281, p_loss 0.2015, quant_error 0.2458, utilization 1.0000, perplexity 243.8674,
Train Epoch: [1/2] Iters:[7390/20018] transplant_loss 2.6786, rec_loss 0.0282, p_loss 0.2012, quant_error 0.2457, utilization 1.0000, perplexity 243.9178,
Train Epoch: [1/2] Iters:[7400/20018] transplant_loss 2.6529, rec_loss 0.0280, p_loss 0.2003, quant_error 0.2432, utilization 1.0000, perplexity 243.8658,
Train Epoch: [1/2] Iters:[7410/20018] transplant_loss 2.6542, rec_loss 0.0276, p_loss 0.1995, quant_error 0.2440, utilization 1.0000, perplexity 243.6627,
Train Epoch: [1/2] Iters:[7420/20018] transplant_loss 2.6284, rec_loss 0.0274, p_loss 0.1991, quant_error 0.2413, utilization 1.0000, perplexity 243.5972,
Train Epoch: [1/2] Iters:[7430/20018] transplant_loss 2.6159, rec_loss 0.0271, p_loss 0.1980, quant_error 0.2400, utilization 1.0000, perplexity 243.7532,
Train Epoch: [1/2] Iters:[7440/20018] transplant_loss 2.5695, rec_loss 0.0264, p_loss 0.1961, quant_error 0.2354, utilization 1.0000, perplexity 243.6296,
Train Epoch: [1/2] Iters:[7450/20018] transplant_loss 2.5833, rec_loss 0.0265, p_loss 0.1968, quant_error 0.2373, utilization 1.0000, perplexity 243.5864,
Train Epoch: [1/2] Iters:[7460/20018] transplant_loss 2.5739, rec_loss 0.0266, p_loss 0.1970, quant_error 0.2371, utilization 1.0000, perplexity 243.7422,
Train Epoch: [1/2] Iters:[7470/20018] transplant_loss 2.5607, rec_loss 0.0266, p_loss 0.1964, quant_error 0.2360, utilization 1.0000, perplexity 243.6971,
Train Epoch: [1/2] Iters:[7480/20018] transplant_loss 2.5705, rec_loss 0.0268, p_loss 0.1966, quant_error 0.2371, utilization 1.0000, perplexity 243.5268,
Train Epoch: [1/2] Iters:[7490/20018] transplant_loss 2.6117, rec_loss 0.0275, p_loss 0.1984, quant_error 0.2418, utilization 1.0000, perplexity 243.6754,
Train Epoch: [1/2] Iters:[7500/20018] transplant_loss 2.5936, rec_loss 0.0271, p_loss 0.1971, quant_error 0.2398, utilization 1.0000, perplexity 243.8267,
Train Epoch: [1/2] Iters:[7510/20018] transplant_loss 2.5879, rec_loss 0.0270, p_loss 0.1970, quant_error 0.2391, utilization 1.0000, perplexity 243.7942,
Train Epoch: [1/2] Iters:[7520/20018] transplant_loss 2.5981, rec_loss 0.0270, p_loss 0.1976, quant_error 0.2401, utilization 1.0000, perplexity 243.7270,
Train Epoch: [1/2] Iters:[7530/20018] transplant_loss 2.5932, rec_loss 0.0267, p_loss 0.1971, quant_error 0.2394, utilization 1.0000, perplexity 243.8869,
Train Epoch: [1/2] Iters:[7540/20018] transplant_loss 2.6025, rec_loss 0.0268, p_loss 0.1977, quant_error 0.2401, utilization 1.0000, perplexity 243.9661,
Train Epoch: [1/2] Iters:[7550/20018] transplant_loss 2.5933, rec_loss 0.0267, p_loss 0.1979, quant_error 0.2394, utilization 1.0000, perplexity 243.9098,
Train Epoch: [1/2] Iters:[7560/20018] transplant_loss 2.5920, rec_loss 0.0267, p_loss 0.1978, quant_error 0.2397, utilization 1.0000, perplexity 243.9798,
Train Epoch: [1/2] Iters:[7570/20018] transplant_loss 2.5991, rec_loss 0.0270, p_loss 0.1988, quant_error 0.2406, utilization 1.0000, perplexity 243.9771,
Train Epoch: [1/2] Iters:[7580/20018] transplant_loss 2.5867, rec_loss 0.0269, p_loss 0.1988, quant_error 0.2395, utilization 1.0000, perplexity 243.8087,
Train Epoch: [1/2] Iters:[7590/20018] transplant_loss 2.5486, rec_loss 0.0263, p_loss 0.1973, quant_error 0.2356, utilization 1.0000, perplexity 243.6603,
Train Epoch: [1/2] Iters:[7600/20018] transplant_loss 2.5820, rec_loss 0.0269, p_loss 0.1980, quant_error 0.2389, utilization 1.0000, perplexity 243.8103,
Train Epoch: [1/2] Iters:[7610/20018] transplant_loss 2.5591, rec_loss 0.0267, p_loss 0.1973, quant_error 0.2362, utilization 1.0000, perplexity 243.5608,
Train Epoch: [1/2] Iters:[7620/20018] transplant_loss 2.5578, rec_loss 0.0267, p_loss 0.1962, quant_error 0.2363, utilization 1.0000, perplexity 243.5113,
Train Epoch: [1/2] Iters:[7630/20018] transplant_loss 2.5875, rec_loss 0.0272, p_loss 0.1971, quant_error 0.2399, utilization 1.0000, perplexity 243.7763,
Train Epoch: [1/2] Iters:[7640/20018] transplant_loss 2.6010, rec_loss 0.0272, p_loss 0.1981, quant_error 0.2413, utilization 1.0000, perplexity 243.8413,
Train Epoch: [1/2] Iters:[7650/20018] transplant_loss 2.5570, rec_loss 0.0265, p_loss 0.1962, quant_error 0.2374, utilization 1.0000, perplexity 243.2981,
Train Epoch: [1/2] Iters:[7660/20018] transplant_loss 2.5529, rec_loss 0.0264, p_loss 0.1961, quant_error 0.2370, utilization 1.0000, perplexity 243.3806,
Train Epoch: [1/2] Iters:[7670/20018] transplant_loss 2.5426, rec_loss 0.0263, p_loss 0.1967, quant_error 0.2360, utilization 1.0000, perplexity 243.3937,
Train Epoch: [1/2] Iters:[7680/20018] transplant_loss 2.5224, rec_loss 0.0260, p_loss 0.1955, quant_error 0.2335, utilization 1.0000, perplexity 243.2358,
Train Epoch: [1/2] Iters:[7690/20018] transplant_loss 2.5135, rec_loss 0.0259, p_loss 0.1947, quant_error 0.2326, utilization 1.0000, perplexity 242.9967,
Train Epoch: [1/2] Iters:[7700/20018] transplant_loss 2.5276, rec_loss 0.0260, p_loss 0.1960, quant_error 0.2339, utilization 1.0000, perplexity 243.2804,
Train Epoch: [1/2] Iters:[7710/20018] transplant_loss 2.5567, rec_loss 0.0266, p_loss 0.1967, quant_error 0.2371, utilization 1.0000, perplexity 243.3596,
Train Epoch: [1/2] Iters:[7720/20018] transplant_loss 2.5659, rec_loss 0.0265, p_loss 0.1965, quant_error 0.2385, utilization 1.0000, perplexity 243.4372,
Train Epoch: [1/2] Iters:[7730/20018] transplant_loss 2.5519, rec_loss 0.0265, p_loss 0.1965, quant_error 0.2371, utilization 1.0000, perplexity 243.3605,
Train Epoch: [1/2] Iters:[7740/20018] transplant_loss 2.5545, rec_loss 0.0268, p_loss 0.1975, quant_error 0.2377, utilization 1.0000, perplexity 243.3590,
Train Epoch: [1/2] Iters:[7750/20018] transplant_loss 2.5866, rec_loss 0.0275, p_loss 0.1982, quant_error 0.2410, utilization 1.0000, perplexity 243.3088,
Train Epoch: [1/2] Iters:[7760/20018] transplant_loss 2.5610, rec_loss 0.0269, p_loss 0.1977, quant_error 0.2388, utilization 1.0000, perplexity 243.1959,
Train Epoch: [1/2] Iters:[7770/20018] transplant_loss 2.5412, rec_loss 0.0268, p_loss 0.1961, quant_error 0.2365, utilization 1.0000, perplexity 242.7596,
Train Epoch: [1/2] Iters:[7780/20018] transplant_loss 2.5678, rec_loss 0.0268, p_loss 0.1971, quant_error 0.2398, utilization 1.0000, perplexity 242.5071,
Train Epoch: [1/2] Iters:[7790/20018] transplant_loss 2.5648, rec_loss 0.0267, p_loss 0.1960, quant_error 0.2399, utilization 1.0000, perplexity 242.4318,
Train Epoch: [1/2] Iters:[7800/20018] transplant_loss 2.5277, rec_loss 0.0264, p_loss 0.1958, quant_error 0.2364, utilization 1.0000, perplexity 242.2198,
Train Epoch: [1/2] Iters:[7810/20018] transplant_loss 2.5366, rec_loss 0.0266, p_loss 0.1962, quant_error 0.2375, utilization 1.0000, perplexity 242.2213,
Train Epoch: [1/2] Iters:[7820/20018] transplant_loss 2.5711, rec_loss 0.0272, p_loss 0.1985, quant_error 0.2408, utilization 1.0000, perplexity 242.5198,
Train Epoch: [1/2] Iters:[7830/20018] transplant_loss 2.5351, rec_loss 0.0266, p_loss 0.1961, quant_error 0.2370, utilization 1.0000, perplexity 242.6276,
Train Epoch: [1/2] Iters:[7840/20018] transplant_loss 2.5162, rec_loss 0.0264, p_loss 0.1956, quant_error 0.2352, utilization 1.0000, perplexity 242.6128,
Train Epoch: [1/2] Iters:[7850/20018] transplant_loss 2.5299, rec_loss 0.0265, p_loss 0.1949, quant_error 0.2370, utilization 1.0000, perplexity 242.7210,
Train Epoch: [1/2] Iters:[7860/20018] transplant_loss 2.5448, rec_loss 0.0269, p_loss 0.1956, quant_error 0.2381, utilization 1.0000, perplexity 242.8862,
Train Epoch: [1/2] Iters:[7870/20018] transplant_loss 2.5221, rec_loss 0.0263, p_loss 0.1948, quant_error 0.2366, utilization 1.0000, perplexity 242.6880,
Train Epoch: [1/2] Iters:[7880/20018] transplant_loss 2.5354, rec_loss 0.0268, p_loss 0.1962, quant_error 0.2384, utilization 1.0000, perplexity 242.3693,
Train Epoch: [1/2] Iters:[7890/20018] transplant_loss 2.5651, rec_loss 0.0271, p_loss 0.1975, quant_error 0.2419, utilization 1.0000, perplexity 242.5291,
Train Epoch: [1/2] Iters:[7900/20018] transplant_loss 2.5736, rec_loss 0.0272, p_loss 0.1986, quant_error 0.2430, utilization 1.0000, perplexity 242.3630,
Train Epoch: [1/2] Iters:[7910/20018] transplant_loss 2.5628, rec_loss 0.0268, p_loss 0.1975, quant_error 0.2419, utilization 1.0000, perplexity 242.1523,
Train Epoch: [1/2] Iters:[7920/20018] transplant_loss 2.5465, rec_loss 0.0268, p_loss 0.1972, quant_error 0.2398, utilization 1.0000, perplexity 242.1300,
Train Epoch: [1/2] Iters:[7930/20018] transplant_loss 2.5441, rec_loss 0.0267, p_loss 0.1970, quant_error 0.2395, utilization 1.0000, perplexity 242.4024,
Train Epoch: [1/2] Iters:[7940/20018] transplant_loss 2.5327, rec_loss 0.0268, p_loss 0.1972, quant_error 0.2373, utilization 1.0000, perplexity 242.2186,
Train Epoch: [1/2] Iters:[7950/20018] transplant_loss 2.5251, rec_loss 0.0269, p_loss 0.1975, quant_error 0.2361, utilization 1.0000, perplexity 242.5202,
Train Epoch: [1/2] Iters:[7960/20018] transplant_loss 2.4988, rec_loss 0.0268, p_loss 0.1972, quant_error 0.2338, utilization 1.0000, perplexity 242.0475,
Train Epoch: [1/2] Iters:[7970/20018] transplant_loss 2.5114, rec_loss 0.0270, p_loss 0.1978, quant_error 0.2349, utilization 1.0000, perplexity 241.8911,
Train Epoch: [1/2] Iters:[7980/20018] transplant_loss 2.5009, rec_loss 0.0269, p_loss 0.1984, quant_error 0.2340, utilization 1.0000, perplexity 241.4824,
Train Epoch: [1/2] Iters:[7990/20018] transplant_loss 2.4790, rec_loss 0.0265, p_loss 0.1967, quant_error 0.2324, utilization 1.0000, perplexity 241.2826,
Train Epoch: [1/2] Iters:[8000/20018] transplant_loss 2.4644, rec_loss 0.0262, p_loss 0.1945, quant_error 0.2311, utilization 1.0000, perplexity 240.6650,
Train Epoch: [1/2] Iters:[8010/20018] transplant_loss 2.4661, rec_loss 0.0259, p_loss 0.1943, quant_error 0.2316, utilization 1.0000, perplexity 240.6382,
Train Epoch: [1/2] Iters:[8020/20018] transplant_loss 2.4812, rec_loss 0.0260, p_loss 0.1954, quant_error 0.2339, utilization 1.0000, perplexity 240.9345,
Train Epoch: [1/2] Iters:[8030/20018] transplant_loss 2.4609, rec_loss 0.0258, p_loss 0.1936, quant_error 0.2314, utilization 1.0000, perplexity 240.4881,
Train Epoch: [1/2] Iters:[8040/20018] transplant_loss 2.4644, rec_loss 0.0259, p_loss 0.1938, quant_error 0.2318, utilization 1.0000, perplexity 240.3474,
Train Epoch: [1/2] Iters:[8050/20018] transplant_loss 2.4609, rec_loss 0.0257, p_loss 0.1946, quant_error 0.2313, utilization 1.0000, perplexity 240.5546,
Train Epoch: [1/2] Iters:[8060/20018] transplant_loss 2.4745, rec_loss 0.0259, p_loss 0.1939, quant_error 0.2325, utilization 1.0000, perplexity 240.4785,
Train Epoch: [1/2] Iters:[8070/20018] transplant_loss 2.4522, rec_loss 0.0259, p_loss 0.1929, quant_error 0.2298, utilization 1.0000, perplexity 239.9845,
Train Epoch: [1/2] Iters:[8080/20018] transplant_loss 2.4660, rec_loss 0.0262, p_loss 0.1938, quant_error 0.2312, utilization 1.0000, perplexity 240.2560,
Train Epoch: [1/2] Iters:[8090/20018] transplant_loss 2.4573, rec_loss 0.0263, p_loss 0.1937, quant_error 0.2300, utilization 1.0000, perplexity 240.0298,
Train Epoch: [1/2] Iters:[8100/20018] transplant_loss 2.4509, rec_loss 0.0259, p_loss 0.1932, quant_error 0.2298, utilization 1.0000, perplexity 239.9275,
Train Epoch: [1/2] Iters:[8110/20018] transplant_loss 2.4376, rec_loss 0.0259, p_loss 0.1938, quant_error 0.2283, utilization 1.0000, perplexity 240.1409,
Train Epoch: [1/2] Iters:[8120/20018] transplant_loss 2.4339, rec_loss 0.0259, p_loss 0.1937, quant_error 0.2277, utilization 1.0000, perplexity 240.2292,
Train Epoch: [1/2] Iters:[8130/20018] transplant_loss 2.4272, rec_loss 0.0256, p_loss 0.1936, quant_error 0.2272, utilization 1.0000, perplexity 240.3248,
Train Epoch: [1/2] Iters:[8140/20018] transplant_loss 2.4534, rec_loss 0.0259, p_loss 0.1945, quant_error 0.2305, utilization 1.0000, perplexity 240.3226,
Train Epoch: [1/2] Iters:[8150/20018] transplant_loss 2.4898, rec_loss 0.0265, p_loss 0.1960, quant_error 0.2339, utilization 1.0000, perplexity 240.5036,
Train Epoch: [1/2] Iters:[8160/20018] transplant_loss 2.5125, rec_loss 0.0266, p_loss 0.1972, quant_error 0.2359, utilization 1.0000, perplexity 240.4016,
Train Epoch: [1/2] Iters:[8170/20018] transplant_loss 2.5208, rec_loss 0.0263, p_loss 0.1968, quant_error 0.2371, utilization 1.0000, perplexity 240.3135,
Train Epoch: [1/2] Iters:[8180/20018] transplant_loss 2.5314, rec_loss 0.0263, p_loss 0.1970, quant_error 0.2386, utilization 1.0000, perplexity 240.0611,
Train Epoch: [1/2] Iters:[8190/20018] transplant_loss 2.5226, rec_loss 0.0262, p_loss 0.1972, quant_error 0.2378, utilization 1.0000, perplexity 240.3687,
Train Epoch: [1/2] Iters:[8200/20018] transplant_loss 2.5019, rec_loss 0.0265, p_loss 0.1973, quant_error 0.2357, utilization 1.0000, perplexity 240.0089,
Train Epoch: [1/2] Iters:[8210/20018] transplant_loss 2.4653, rec_loss 0.0261, p_loss 0.1958, quant_error 0.2324, utilization 1.0000, perplexity 239.5741,
Train Epoch: [1/2] Iters:[8220/20018] transplant_loss 2.4708, rec_loss 0.0262, p_loss 0.1958, quant_error 0.2330, utilization 1.0000, perplexity 239.5766,
Train Epoch: [1/2] Iters:[8230/20018] transplant_loss 2.4767, rec_loss 0.0265, p_loss 0.1962, quant_error 0.2334, utilization 1.0000, perplexity 239.8015,
Train Epoch: [1/2] Iters:[8240/20018] transplant_loss 2.4812, rec_loss 0.0265, p_loss 0.1958, quant_error 0.2332, utilization 1.0000, perplexity 239.6240,
Train Epoch: [1/2] Iters:[8250/20018] transplant_loss 2.4813, rec_loss 0.0260, p_loss 0.1951, quant_error 0.2333, utilization 1.0000, perplexity 239.6849,
Train Epoch: [1/2] Iters:[8260/20018] transplant_loss 2.4964, rec_loss 0.0265, p_loss 0.1967, quant_error 0.2349, utilization 1.0000, perplexity 239.9535,
Train Epoch: [1/2] Iters:[8270/20018] transplant_loss 2.4786, rec_loss 0.0264, p_loss 0.1964, quant_error 0.2333, utilization 1.0000, perplexity 239.9294,
Train Epoch: [1/2] Iters:[8280/20018] transplant_loss 2.4694, rec_loss 0.0260, p_loss 0.1954, quant_error 0.2326, utilization 1.0000, perplexity 239.8777,
Train Epoch: [1/2] Iters:[8290/20018] transplant_loss 2.4515, rec_loss 0.0257, p_loss 0.1947, quant_error 0.2311, utilization 1.0000, perplexity 239.8652,
Train Epoch: [1/2] Iters:[8300/20018] transplant_loss 2.4287, rec_loss 0.0256, p_loss 0.1934, quant_error 0.2288, utilization 1.0000, perplexity 239.2573,
Train Epoch: [1/2] Iters:[8310/20018] transplant_loss 2.4234, rec_loss 0.0253, p_loss 0.1930, quant_error 0.2285, utilization 1.0000, perplexity 238.8658,
Train Epoch: [1/2] Iters:[8320/20018] transplant_loss 2.4111, rec_loss 0.0251, p_loss 0.1931, quant_error 0.2273, utilization 1.0000, perplexity 238.4269,
Train Epoch: [1/2] Iters:[8330/20018] transplant_loss 2.4261, rec_loss 0.0256, p_loss 0.1943, quant_error 0.2286, utilization 1.0000, perplexity 238.5272,
Train Epoch: [1/2] Iters:[8340/20018] transplant_loss 2.4597, rec_loss 0.0263, p_loss 0.1945, quant_error 0.2318, utilization 1.0000, perplexity 238.2003,
Train Epoch: [1/2] Iters:[8350/20018] transplant_loss 2.4785, rec_loss 0.0268, p_loss 0.1960, quant_error 0.2340, utilization 1.0000, perplexity 238.6388,
Train Epoch: [1/2] Iters:[8360/20018] transplant_loss 2.4920, rec_loss 0.0269, p_loss 0.1958, quant_error 0.2355, utilization 1.0000, perplexity 238.9278,
Train Epoch: [1/2] Iters:[8370/20018] transplant_loss 2.5184, rec_loss 0.0273, p_loss 0.1967, quant_error 0.2381, utilization 1.0000, perplexity 239.4989,
Train Epoch: [1/2] Iters:[8380/20018] transplant_loss 2.4990, rec_loss 0.0267, p_loss 0.1962, quant_error 0.2360, utilization 1.0000, perplexity 239.1389,
Train Epoch: [1/2] Iters:[8390/20018] transplant_loss 2.4803, rec_loss 0.0261, p_loss 0.1960, quant_error 0.2348, utilization 1.0000, perplexity 239.4275,
Train Epoch: [1/2] Iters:[8400/20018] transplant_loss 2.4776, rec_loss 0.0260, p_loss 0.1954, quant_error 0.2342, utilization 1.0000, perplexity 239.1087,
Train Epoch: [1/2] Iters:[8410/20018] transplant_loss 2.4796, rec_loss 0.0261, p_loss 0.1944, quant_error 0.2341, utilization 1.0000, perplexity 239.0453,
Train Epoch: [1/2] Iters:[8420/20018] transplant_loss 2.4497, rec_loss 0.0254, p_loss 0.1925, quant_error 0.2310, utilization 1.0000, perplexity 238.4775,
Train Epoch: [1/2] Iters:[8430/20018] transplant_loss 2.4595, rec_loss 0.0258, p_loss 0.1924, quant_error 0.2321, utilization 1.0000, perplexity 238.3448,
Train Epoch: [1/2] Iters:[8440/20018] transplant_loss 2.4425, rec_loss 0.0257, p_loss 0.1925, quant_error 0.2297, utilization 1.0000, perplexity 237.6910,
Train Epoch: [1/2] Iters:[8450/20018] transplant_loss 2.4576, rec_loss 0.0258, p_loss 0.1941, quant_error 0.2316, utilization 1.0000, perplexity 237.7816,
Train Epoch: [1/2] Iters:[8460/20018] transplant_loss 2.4325, rec_loss 0.0256, p_loss 0.1948, quant_error 0.2282, utilization 1.0000, perplexity 237.9598,
Train Epoch: [1/2] Iters:[8470/20018] transplant_loss 2.4529, rec_loss 0.0259, p_loss 0.1965, quant_error 0.2303, utilization 1.0000, perplexity 238.0214,
Train Epoch: [1/2] Iters:[8480/20018] transplant_loss 2.4312, rec_loss 0.0254, p_loss 0.1949, quant_error 0.2282, utilization 1.0000, perplexity 237.4612,
Train Epoch: [1/2] Iters:[8490/20018] transplant_loss 2.4291, rec_loss 0.0256, p_loss 0.1943, quant_error 0.2280, utilization 1.0000, perplexity 237.8339,
Train Epoch: [1/2] Iters:[8500/20018] transplant_loss 2.4182, rec_loss 0.0255, p_loss 0.1925, quant_error 0.2267, utilization 1.0000, perplexity 237.8129,
Train Epoch: [1/2] Iters:[8510/20018] transplant_loss 2.4310, rec_loss 0.0256, p_loss 0.1922, quant_error 0.2287, utilization 1.0000, perplexity 236.9674,
Train Epoch: [1/2] Iters:[8520/20018] transplant_loss 2.4461, rec_loss 0.0262, p_loss 0.1929, quant_error 0.2301, utilization 1.0000, perplexity 237.2963,
Train Epoch: [1/2] Iters:[8530/20018] transplant_loss 2.4591, rec_loss 0.0269, p_loss 0.1936, quant_error 0.2318, utilization 1.0000, perplexity 237.4860,
Train Epoch: [1/2] Iters:[8540/20018] transplant_loss 2.4579, rec_loss 0.0266, p_loss 0.1932, quant_error 0.2317, utilization 1.0000, perplexity 237.2423,
Train Epoch: [1/2] Iters:[8550/20018] transplant_loss 2.4340, rec_loss 0.0263, p_loss 0.1936, quant_error 0.2288, utilization 1.0000, perplexity 237.1577,
Train Epoch: [1/2] Iters:[8560/20018] transplant_loss 2.4330, rec_loss 0.0262, p_loss 0.1937, quant_error 0.2288, utilization 1.0000, perplexity 237.1213,
Train Epoch: [1/2] Iters:[8570/20018] transplant_loss 2.4203, rec_loss 0.0255, p_loss 0.1921, quant_error 0.2284, utilization 1.0000, perplexity 236.4860,
Train Epoch: [1/2] Iters:[8580/20018] transplant_loss 2.4109, rec_loss 0.0249, p_loss 0.1921, quant_error 0.2266, utilization 1.0000, perplexity 236.7151,
Train Epoch: [1/2] Iters:[8590/20018] transplant_loss 2.4147, rec_loss 0.0251, p_loss 0.1929, quant_error 0.2272, utilization 1.0000, perplexity 236.4951,
Train Epoch: [1/2] Iters:[8600/20018] transplant_loss 2.4038, rec_loss 0.0250, p_loss 0.1917, quant_error 0.2264, utilization 1.0000, perplexity 235.7761,
Train Epoch: [1/2] Iters:[8610/20018] transplant_loss 2.4103, rec_loss 0.0249, p_loss 0.1920, quant_error 0.2273, utilization 1.0000, perplexity 236.1181,
Train Epoch: [1/2] Iters:[8620/20018] transplant_loss 2.4018, rec_loss 0.0251, p_loss 0.1919, quant_error 0.2259, utilization 1.0000, perplexity 236.1606,
Train Epoch: [1/2] Iters:[8630/20018] transplant_loss 2.4137, rec_loss 0.0255, p_loss 0.1917, quant_error 0.2271, utilization 1.0000, perplexity 236.0924,
Train Epoch: [1/2] Iters:[8640/20018] transplant_loss 2.4218, rec_loss 0.0256, p_loss 0.1917, quant_error 0.2281, utilization 1.0000, perplexity 236.3083,
Train Epoch: [1/2] Iters:[8650/20018] transplant_loss 2.4634, rec_loss 0.0263, p_loss 0.1935, quant_error 0.2326, utilization 1.0000, perplexity 236.6973,
Train Epoch: [1/2] Iters:[8660/20018] transplant_loss 2.4556, rec_loss 0.0265, p_loss 0.1936, quant_error 0.2315, utilization 1.0000, perplexity 236.6639,
Train Epoch: [1/2] Iters:[8670/20018] transplant_loss 2.4654, rec_loss 0.0263, p_loss 0.1945, quant_error 0.2328, utilization 1.0000, perplexity 236.8789,
Train Epoch: [1/2] Iters:[8680/20018] transplant_loss 2.4486, rec_loss 0.0258, p_loss 0.1942, quant_error 0.2313, utilization 1.0000, perplexity 236.5469,
Train Epoch: [1/2] Iters:[8690/20018] transplant_loss 2.4289, rec_loss 0.0256, p_loss 0.1941, quant_error 0.2292, utilization 1.0000, perplexity 236.4311,
Train Epoch: [1/2] Iters:[8700/20018] transplant_loss 2.4322, rec_loss 0.0257, p_loss 0.1937, quant_error 0.2295, utilization 1.0000, perplexity 236.7129,
Train Epoch: [1/2] Iters:[8710/20018] transplant_loss 2.4408, rec_loss 0.0260, p_loss 0.1939, quant_error 0.2300, utilization 1.0000, perplexity 236.4058,
Train Epoch: [1/2] Iters:[8720/20018] transplant_loss 2.4067, rec_loss 0.0259, p_loss 0.1929, quant_error 0.2258, utilization 1.0000, perplexity 236.0007,
Train Epoch: [1/2] Iters:[8730/20018] transplant_loss 2.4012, rec_loss 0.0259, p_loss 0.1939, quant_error 0.2252, utilization 1.0000, perplexity 236.2529,
Train Epoch: [1/2] Iters:[8740/20018] transplant_loss 2.4274, rec_loss 0.0263, p_loss 0.1959, quant_error 0.2282, utilization 1.0000, perplexity 236.4419,
Train Epoch: [1/2] Iters:[8750/20018] transplant_loss 2.4249, rec_loss 0.0260, p_loss 0.1957, quant_error 0.2285, utilization 1.0000, perplexity 236.4132,
Train Epoch: [1/2] Iters:[8760/20018] transplant_loss 2.4405, rec_loss 0.0258, p_loss 0.1956, quant_error 0.2311, utilization 1.0000, perplexity 236.7904,
Train Epoch: [1/2] Iters:[8770/20018] transplant_loss 2.4561, rec_loss 0.0261, p_loss 0.1955, quant_error 0.2329, utilization 1.0000, perplexity 236.5178,
Train Epoch: [1/2] Iters:[8780/20018] transplant_loss 2.4686, rec_loss 0.0262, p_loss 0.1953, quant_error 0.2343, utilization 1.0000, perplexity 236.3587,
Train Epoch: [1/2] Iters:[8790/20018] transplant_loss 2.4625, rec_loss 0.0261, p_loss 0.1939, quant_error 0.2334, utilization 1.0000, perplexity 236.1198,
Train Epoch: [1/2] Iters:[8800/20018] transplant_loss 2.4345, rec_loss 0.0256, p_loss 0.1935, quant_error 0.2300, utilization 1.0000, perplexity 235.8095,
Train Epoch: [1/2] Iters:[8810/20018] transplant_loss 2.4155, rec_loss 0.0256, p_loss 0.1930, quant_error 0.2275, utilization 1.0000, perplexity 235.2421,
Train Epoch: [1/2] Iters:[8820/20018] transplant_loss 2.4006, rec_loss 0.0253, p_loss 0.1925, quant_error 0.2258, utilization 1.0000, perplexity 235.1657,
Train Epoch: [1/2] Iters:[8830/20018] transplant_loss 2.3888, rec_loss 0.0254, p_loss 0.1924, quant_error 0.2245, utilization 1.0000, perplexity 235.0253,
Train Epoch: [1/2] Iters:[8840/20018] transplant_loss 2.3900, rec_loss 0.0253, p_loss 0.1919, quant_error 0.2248, utilization 1.0000, perplexity 235.3489,
Train Epoch: [1/2] Iters:[8850/20018] transplant_loss 2.3859, rec_loss 0.0252, p_loss 0.1917, quant_error 0.2241, utilization 1.0000, perplexity 235.3266,
Train Epoch: [1/2] Iters:[8860/20018] transplant_loss 2.3916, rec_loss 0.0250, p_loss 0.1918, quant_error 0.2249, utilization 1.0000, perplexity 235.5542,
Train Epoch: [1/2] Iters:[8870/20018] transplant_loss 2.4106, rec_loss 0.0251, p_loss 0.1928, quant_error 0.2273, utilization 1.0000, perplexity 235.9829,
Train Epoch: [1/2] Iters:[8880/20018] transplant_loss 2.4176, rec_loss 0.0251, p_loss 0.1929, quant_error 0.2278, utilization 1.0000, perplexity 236.2465,
Train Epoch: [1/2] Iters:[8890/20018] transplant_loss 2.4119, rec_loss 0.0252, p_loss 0.1940, quant_error 0.2270, utilization 1.0000, perplexity 235.9931,
Train Epoch: [1/2] Iters:[8900/20018] transplant_loss 2.4234, rec_loss 0.0254, p_loss 0.1940, quant_error 0.2281, utilization 1.0000, perplexity 235.8387,
Train Epoch: [1/2] Iters:[8910/20018] transplant_loss 2.3983, rec_loss 0.0251, p_loss 0.1943, quant_error 0.2251, utilization 1.0000, perplexity 235.8050,
Train Epoch: [1/2] Iters:[8920/20018] transplant_loss 2.3911, rec_loss 0.0252, p_loss 0.1943, quant_error 0.2236, utilization 1.0000, perplexity 235.5575,
Train Epoch: [1/2] Iters:[8930/20018] transplant_loss 2.3889, rec_loss 0.0252, p_loss 0.1932, quant_error 0.2228, utilization 1.0000, perplexity 235.2372,
Train Epoch: [1/2] Iters:[8940/20018] transplant_loss 2.3948, rec_loss 0.0254, p_loss 0.1925, quant_error 0.2233, utilization 1.0000, perplexity 234.9017,
Train Epoch: [1/2] Iters:[8950/20018] transplant_loss 2.3956, rec_loss 0.0257, p_loss 0.1924, quant_error 0.2230, utilization 1.0000, perplexity 235.0770,
Train Epoch: [1/2] Iters:[8960/20018] transplant_loss 2.4143, rec_loss 0.0260, p_loss 0.1927, quant_error 0.2251, utilization 1.0000, perplexity 235.1777,
Train Epoch: [1/2] Iters:[8970/20018] transplant_loss 2.4164, rec_loss 0.0261, p_loss 0.1924, quant_error 0.2258, utilization 1.0000, perplexity 235.0924,
Train Epoch: [1/2] Iters:[8980/20018] transplant_loss 2.4135, rec_loss 0.0258, p_loss 0.1930, quant_error 0.2262, utilization 1.0000, perplexity 234.8289,
Train Epoch: [1/2] Iters:[8990/20018] transplant_loss 2.4123, rec_loss 0.0260, p_loss 0.1932, quant_error 0.2261, utilization 1.0000, perplexity 234.7849,
Train Epoch: [1/2] Iters:[9000/20018] transplant_loss 2.4075, rec_loss 0.0257, p_loss 0.1930, quant_error 0.2260, utilization 1.0000, perplexity 234.5833,
Train Epoch: [1/2] Iters:[9010/20018] transplant_loss 2.4069, rec_loss 0.0260, p_loss 0.1928, quant_error 0.2258, utilization 1.0000, perplexity 234.6542,
Train Epoch: [1/2] Iters:[9020/20018] transplant_loss 2.4183, rec_loss 0.0258, p_loss 0.1930, quant_error 0.2269, utilization 1.0000, perplexity 234.6272,
Train Epoch: [1/2] Iters:[9030/20018] transplant_loss 2.4254, rec_loss 0.0260, p_loss 0.1934, quant_error 0.2275, utilization 1.0000, perplexity 234.7208,
Train Epoch: [1/2] Iters:[9040/20018] transplant_loss 2.4134, rec_loss 0.0254, p_loss 0.1928, quant_error 0.2261, utilization 1.0000, perplexity 234.7447,
Train Epoch: [1/2] Iters:[9050/20018] transplant_loss 2.4209, rec_loss 0.0255, p_loss 0.1933, quant_error 0.2268, utilization 1.0000, perplexity 234.9000,
Train Epoch: [1/2] Iters:[9060/20018] transplant_loss 2.4260, rec_loss 0.0252, p_loss 0.1926, quant_error 0.2275, utilization 1.0000, perplexity 234.8934,
Train Epoch: [1/2] Iters:[9070/20018] transplant_loss 2.4176, rec_loss 0.0253, p_loss 0.1928, quant_error 0.2264, utilization 1.0000, perplexity 234.8311,
Train Epoch: [1/2] Iters:[9080/20018] transplant_loss 2.4229, rec_loss 0.0255, p_loss 0.1930, quant_error 0.2270, utilization 1.0000, perplexity 234.8557,
Train Epoch: [1/2] Iters:[9090/20018] transplant_loss 2.4230, rec_loss 0.0258, p_loss 0.1928, quant_error 0.2269, utilization 1.0000, perplexity 234.5985,
Train Epoch: [1/2] Iters:[9100/20018] transplant_loss 2.4139, rec_loss 0.0257, p_loss 0.1924, quant_error 0.2258, utilization 1.0000, perplexity 233.8906,
Train Epoch: [1/2] Iters:[9110/20018] transplant_loss 2.3929, rec_loss 0.0255, p_loss 0.1926, quant_error 0.2239, utilization 1.0000, perplexity 233.6815,
Train Epoch: [1/2] Iters:[9120/20018] transplant_loss 2.3721, rec_loss 0.0253, p_loss 0.1912, quant_error 0.2219, utilization 1.0000, perplexity 233.3556,
Train Epoch: [1/2] Iters:[9130/20018] transplant_loss 2.3766, rec_loss 0.0253, p_loss 0.1908, quant_error 0.2226, utilization 1.0000, perplexity 233.4860,
Train Epoch: [1/2] Iters:[9140/20018] transplant_loss 2.3806, rec_loss 0.0252, p_loss 0.1916, quant_error 0.2232, utilization 1.0000, perplexity 233.4772,
Train Epoch: [1/2] Iters:[9150/20018] transplant_loss 2.3822, rec_loss 0.0253, p_loss 0.1918, quant_error 0.2238, utilization 1.0000, perplexity 233.8978,
Train Epoch: [1/2] Iters:[9160/20018] transplant_loss 2.4162, rec_loss 0.0260, p_loss 0.1927, quant_error 0.2273, utilization 1.0000, perplexity 233.9637,
Train Epoch: [1/2] Iters:[9170/20018] transplant_loss 2.4475, rec_loss 0.0263, p_loss 0.1942, quant_error 0.2308, utilization 1.0000, perplexity 234.2773,
Train Epoch: [1/2] Iters:[9180/20018] transplant_loss 2.4280, rec_loss 0.0262, p_loss 0.1936, quant_error 0.2284, utilization 1.0000, perplexity 233.9343,
Train Epoch: [1/2] Iters:[9190/20018] transplant_loss 2.4336, rec_loss 0.0263, p_loss 0.1931, quant_error 0.2292, utilization 1.0000, perplexity 234.2428,
Train Epoch: [1/2] Iters:[9200/20018] transplant_loss 2.4460, rec_loss 0.0264, p_loss 0.1936, quant_error 0.2304, utilization 1.0000, perplexity 234.1152,
Train Epoch: [1/2] Iters:[9210/20018] transplant_loss 2.4204, rec_loss 0.0256, p_loss 0.1927, quant_error 0.2277, utilization 1.0000, perplexity 233.8185,
Train Epoch: [1/2] Iters:[9220/20018] transplant_loss 2.4016, rec_loss 0.0256, p_loss 0.1911, quant_error 0.2253, utilization 1.0000, perplexity 233.6464,
Train Epoch: [1/2] Iters:[9230/20018] transplant_loss 2.4266, rec_loss 0.0259, p_loss 0.1919, quant_error 0.2279, utilization 1.0000, perplexity 233.4692,
Train Epoch: [1/2] Iters:[9240/20018] transplant_loss 2.4090, rec_loss 0.0255, p_loss 0.1912, quant_error 0.2256, utilization 1.0000, perplexity 232.8523,
Train Epoch: [1/2] Iters:[9250/20018] transplant_loss 2.3949, rec_loss 0.0252, p_loss 0.1906, quant_error 0.2238, utilization 1.0000, perplexity 232.9430,
Train Epoch: [1/2] Iters:[9260/20018] transplant_loss 2.4132, rec_loss 0.0258, p_loss 0.1916, quant_error 0.2261, utilization 1.0000, perplexity 233.2471,
Train Epoch: [1/2] Iters:[9270/20018] transplant_loss 2.4253, rec_loss 0.0260, p_loss 0.1924, quant_error 0.2278, utilization 1.0000, perplexity 233.4414,
Train Epoch: [1/2] Iters:[9280/20018] transplant_loss 2.4020, rec_loss 0.0256, p_loss 0.1918, quant_error 0.2251, utilization 1.0000, perplexity 233.3596,
Train Epoch: [1/2] Iters:[9290/20018] transplant_loss 2.4264, rec_loss 0.0260, p_loss 0.1929, quant_error 0.2282, utilization 1.0000, perplexity 233.6811,
Train Epoch: [1/2] Iters:[9300/20018] transplant_loss 2.4487, rec_loss 0.0263, p_loss 0.1939, quant_error 0.2309, utilization 1.0000, perplexity 233.5697,
Train Epoch: [1/2] Iters:[9310/20018] transplant_loss 2.4305, rec_loss 0.0261, p_loss 0.1931, quant_error 0.2282, utilization 1.0000, perplexity 233.2833,
Train Epoch: [1/2] Iters:[9320/20018] transplant_loss 2.4363, rec_loss 0.0260, p_loss 0.1938, quant_error 0.2288, utilization 1.0000, perplexity 233.0775,
Train Epoch: [1/2] Iters:[9330/20018] transplant_loss 2.4459, rec_loss 0.0262, p_loss 0.1945, quant_error 0.2302, utilization 1.0000, perplexity 233.1277,
Train Epoch: [1/2] Iters:[9340/20018] transplant_loss 2.4410, rec_loss 0.0260, p_loss 0.1945, quant_error 0.2301, utilization 1.0000, perplexity 233.0299,
Train Epoch: [1/2] Iters:[9350/20018] transplant_loss 2.4299, rec_loss 0.0262, p_loss 0.1936, quant_error 0.2287, utilization 1.0000, perplexity 233.2011,
Train Epoch: [1/2] Iters:[9360/20018] transplant_loss 2.4339, rec_loss 0.0262, p_loss 0.1929, quant_error 0.2294, utilization 1.0000, perplexity 233.0292,
Train Epoch: [1/2] Iters:[9370/20018] transplant_loss 2.4259, rec_loss 0.0261, p_loss 0.1935, quant_error 0.2285, utilization 1.0000, perplexity 232.9018,
Train Epoch: [1/2] Iters:[9380/20018] transplant_loss 2.4263, rec_loss 0.0261, p_loss 0.1932, quant_error 0.2281, utilization 1.0000, perplexity 233.0855,
Train Epoch: [1/2] Iters:[9390/20018] transplant_loss 2.4190, rec_loss 0.0260, p_loss 0.1932, quant_error 0.2266, utilization 1.0000, perplexity 232.9515,
Train Epoch: [1/2] Iters:[9400/20018] transplant_loss 2.3995, rec_loss 0.0255, p_loss 0.1928, quant_error 0.2244, utilization 1.0000, perplexity 232.5672,
Train Epoch: [1/2] Iters:[9410/20018] transplant_loss 2.4125, rec_loss 0.0255, p_loss 0.1939, quant_error 0.2260, utilization 1.0000, perplexity 232.6842,
Train Epoch: [1/2] Iters:[9420/20018] transplant_loss 2.4005, rec_loss 0.0253, p_loss 0.1930, quant_error 0.2243, utilization 1.0000, perplexity 232.7448,
Train Epoch: [1/2] Iters:[9430/20018] transplant_loss 2.3865, rec_loss 0.0252, p_loss 0.1921, quant_error 0.2228, utilization 1.0000, perplexity 232.6142,
Train Epoch: [1/2] Iters:[9440/20018] transplant_loss 2.3638, rec_loss 0.0251, p_loss 0.1913, quant_error 0.2201, utilization 1.0000, perplexity 232.2679,
Train Epoch: [1/2] Iters:[9450/20018] transplant_loss 2.3596, rec_loss 0.0252, p_loss 0.1911, quant_error 0.2196, utilization 1.0000, perplexity 232.1377,
Train Epoch: [1/2] Iters:[9460/20018] transplant_loss 2.3502, rec_loss 0.0252, p_loss 0.1906, quant_error 0.2184, utilization 1.0000, perplexity 232.0314,
Train Epoch: [1/2] Iters:[9470/20018] transplant_loss 2.3527, rec_loss 0.0252, p_loss 0.1905, quant_error 0.2186, utilization 1.0000, perplexity 232.0286,
Train Epoch: [1/2] Iters:[9480/20018] transplant_loss 2.3903, rec_loss 0.0258, p_loss 0.1921, quant_error 0.2227, utilization 1.0000, perplexity 232.3464,
Train Epoch: [1/2] Iters:[9490/20018] transplant_loss 2.4038, rec_loss 0.0256, p_loss 0.1922, quant_error 0.2245, utilization 1.0000, perplexity 232.7182,
Train Epoch: [1/2] Iters:[9500/20018] transplant_loss 2.4260, rec_loss 0.0258, p_loss 0.1940, quant_error 0.2271, utilization 1.0000, perplexity 233.1504,
Train Epoch: [1/2] Iters:[9510/20018] transplant_loss 2.4389, rec_loss 0.0260, p_loss 0.1942, quant_error 0.2287, utilization 1.0000, perplexity 233.0326,
Train Epoch: [1/2] Iters:[9520/20018] transplant_loss 2.4514, rec_loss 0.0263, p_loss 0.1946, quant_error 0.2302, utilization 1.0000, perplexity 232.8933,
Train Epoch: [1/2] Iters:[9530/20018] transplant_loss 2.4327, rec_loss 0.0261, p_loss 0.1936, quant_error 0.2281, utilization 1.0000, perplexity 232.6542,
Train Epoch: [1/2] Iters:[9540/20018] transplant_loss 2.4650, rec_loss 0.0267, p_loss 0.1946, quant_error 0.2315, utilization 1.0000, perplexity 232.8070,
Train Epoch: [1/2] Iters:[9550/20018] transplant_loss 2.4820, rec_loss 0.0270, p_loss 0.1941, quant_error 0.2332, utilization 1.0000, perplexity 233.1673,
Train Epoch: [1/2] Iters:[9560/20018] transplant_loss 2.4606, rec_loss 0.0263, p_loss 0.1933, quant_error 0.2309, utilization 1.0000, perplexity 233.2833,
Train Epoch: [1/2] Iters:[9570/20018] transplant_loss 2.4562, rec_loss 0.0263, p_loss 0.1927, quant_error 0.2304, utilization 1.0000, perplexity 233.8253,
Train Epoch: [1/2] Iters:[9580/20018] transplant_loss 2.4715, rec_loss 0.0264, p_loss 0.1932, quant_error 0.2324, utilization 1.0000, perplexity 234.2456,
Train Epoch: [1/2] Iters:[9590/20018] transplant_loss 2.4455, rec_loss 0.0262, p_loss 0.1926, quant_error 0.2295, utilization 1.0000, perplexity 234.3031,
Train Epoch: [1/2] Iters:[9600/20018] transplant_loss 2.4299, rec_loss 0.0258, p_loss 0.1916, quant_error 0.2277, utilization 1.0000, perplexity 233.8054,
Train Epoch: [1/2] Iters:[9610/20018] transplant_loss 2.4385, rec_loss 0.0260, p_loss 0.1911, quant_error 0.2288, utilization 1.0000, perplexity 233.6701,
Train Epoch: [1/2] Iters:[9620/20018] transplant_loss 2.4356, rec_loss 0.0258, p_loss 0.1904, quant_error 0.2285, utilization 1.0000, perplexity 233.3686,
Train Epoch: [1/2] Iters:[9630/20018] transplant_loss 2.4315, rec_loss 0.0257, p_loss 0.1905, quant_error 0.2278, utilization 1.0000, perplexity 233.3114,
Train Epoch: [1/2] Iters:[9640/20018] transplant_loss 2.4251, rec_loss 0.0257, p_loss 0.1896, quant_error 0.2273, utilization 1.0000, perplexity 232.9191,
Train Epoch: [1/2] Iters:[9650/20018] transplant_loss 2.4293, rec_loss 0.0257, p_loss 0.1906, quant_error 0.2281, utilization 1.0000, perplexity 232.7760,
Train Epoch: [1/2] Iters:[9660/20018] transplant_loss 2.4191, rec_loss 0.0257, p_loss 0.1911, quant_error 0.2267, utilization 1.0000, perplexity 232.6407,
Train Epoch: [1/2] Iters:[9670/20018] transplant_loss 2.4112, rec_loss 0.0257, p_loss 0.1918, quant_error 0.2255, utilization 1.0000, perplexity 232.3147,
Train Epoch: [1/2] Iters:[9680/20018] transplant_loss 2.4007, rec_loss 0.0255, p_loss 0.1908, quant_error 0.2246, utilization 1.0000, perplexity 231.9496,
Train Epoch: [1/2] Iters:[9690/20018] transplant_loss 2.4035, rec_loss 0.0252, p_loss 0.1913, quant_error 0.2250, utilization 1.0000, perplexity 231.8259,
Train Epoch: [1/2] Iters:[9700/20018] transplant_loss 2.4003, rec_loss 0.0256, p_loss 0.1912, quant_error 0.2243, utilization 1.0000, perplexity 232.0663,
Train Epoch: [1/2] Iters:[9710/20018] transplant_loss 2.4124, rec_loss 0.0261, p_loss 0.1921, quant_error 0.2253, utilization 1.0000, perplexity 232.2026,
Train Epoch: [1/2] Iters:[9720/20018] transplant_loss 2.4260, rec_loss 0.0261, p_loss 0.1920, quant_error 0.2269, utilization 1.0000, perplexity 232.3835,
Train Epoch: [1/2] Iters:[9730/20018] transplant_loss 2.4213, rec_loss 0.0260, p_loss 0.1921, quant_error 0.2265, utilization 1.0000, perplexity 232.5849,
Train Epoch: [1/2] Iters:[9740/20018] transplant_loss 2.4091, rec_loss 0.0259, p_loss 0.1916, quant_error 0.2252, utilization 1.0000, perplexity 232.6187,
Train Epoch: [1/2] Iters:[9750/20018] transplant_loss 2.4097, rec_loss 0.0256, p_loss 0.1911, quant_error 0.2257, utilization 1.0000, perplexity 232.3613,
Train Epoch: [1/2] Iters:[9760/20018] transplant_loss 2.4073, rec_loss 0.0251, p_loss 0.1900, quant_error 0.2258, utilization 1.0000, perplexity 232.1898,
Train Epoch: [1/2] Iters:[9770/20018] transplant_loss 2.4211, rec_loss 0.0255, p_loss 0.1914, quant_error 0.2273, utilization 1.0000, perplexity 232.5495,
Train Epoch: [1/2] Iters:[9780/20018] transplant_loss 2.4239, rec_loss 0.0253, p_loss 0.1922, quant_error 0.2274, utilization 1.0000, perplexity 232.1182,
Train Epoch: [1/2] Iters:[9790/20018] transplant_loss 2.4336, rec_loss 0.0256, p_loss 0.1930, quant_error 0.2280, utilization 1.0000, perplexity 231.9186,
Train Epoch: [1/2] Iters:[9800/20018] transplant_loss 2.4238, rec_loss 0.0257, p_loss 0.1932, quant_error 0.2264, utilization 1.0000, perplexity 232.0321,
Train Epoch: [1/2] Iters:[9810/20018] transplant_loss 2.4063, rec_loss 0.0257, p_loss 0.1932, quant_error 0.2240, utilization 1.0000, perplexity 231.8992,
Train Epoch: [1/2] Iters:[9820/20018] transplant_loss 2.3920, rec_loss 0.0254, p_loss 0.1917, quant_error 0.2225, utilization 1.0000, perplexity 231.5868,
Train Epoch: [1/2] Iters:[9830/20018] transplant_loss 2.4101, rec_loss 0.0259, p_loss 0.1925, quant_error 0.2246, utilization 1.0000, perplexity 231.7804,
Train Epoch: [1/2] Iters:[9840/20018] transplant_loss 2.4160, rec_loss 0.0260, p_loss 0.1929, quant_error 0.2253, utilization 1.0000, perplexity 232.1074,
Train Epoch: [1/2] Iters:[9850/20018] transplant_loss 2.4061, rec_loss 0.0258, p_loss 0.1924, quant_error 0.2241, utilization 1.0000, perplexity 231.3420,
Train Epoch: [1/2] Iters:[9860/20018] transplant_loss 2.4184, rec_loss 0.0259, p_loss 0.1928, quant_error 0.2260, utilization 1.0000, perplexity 231.1443,
Train Epoch: [1/2] Iters:[9870/20018] transplant_loss 2.4089, rec_loss 0.0258, p_loss 0.1934, quant_error 0.2248, utilization 1.0000, perplexity 230.8976,
Train Epoch: [1/2] Iters:[9880/20018] transplant_loss 2.3915, rec_loss 0.0256, p_loss 0.1919, quant_error 0.2231, utilization 1.0000, perplexity 230.8095,
Train Epoch: [1/2] Iters:[9890/20018] transplant_loss 2.3892, rec_loss 0.0253, p_loss 0.1907, quant_error 0.2228, utilization 1.0000, perplexity 230.3285,
Train Epoch: [1/2] Iters:[9900/20018] transplant_loss 2.4180, rec_loss 0.0255, p_loss 0.1911, quant_error 0.2262, utilization 1.0000, perplexity 231.0186,
Train Epoch: [1/2] Iters:[9910/20018] transplant_loss 2.4265, rec_loss 0.0255, p_loss 0.1913, quant_error 0.2268, utilization 1.0000, perplexity 231.7213,
Train Epoch: [1/2] Iters:[9920/20018] transplant_loss 2.4390, rec_loss 0.0256, p_loss 0.1906, quant_error 0.2287, utilization 1.0000, perplexity 231.7326,
Train Epoch: [1/2] Iters:[9930/20018] transplant_loss 2.4219, rec_loss 0.0251, p_loss 0.1902, quant_error 0.2261, utilization 1.0000, perplexity 231.3190,
Train Epoch: [1/2] Iters:[9940/20018] transplant_loss 2.4230, rec_loss 0.0250, p_loss 0.1904, quant_error 0.2267, utilization 1.0000, perplexity 231.6085,
Train Epoch: [1/2] Iters:[9950/20018] transplant_loss 2.4014, rec_loss 0.0249, p_loss 0.1899, quant_error 0.2242, utilization 1.0000, perplexity 231.0116,
Train Epoch: [1/2] Iters:[9960/20018] transplant_loss 2.3940, rec_loss 0.0250, p_loss 0.1901, quant_error 0.2234, utilization 1.0000, perplexity 230.5046,
Train Epoch: [1/2] Iters:[9970/20018] transplant_loss 2.3927, rec_loss 0.0249, p_loss 0.1909, quant_error 0.2226, utilization 1.0000, perplexity 230.7220,
Train Epoch: [1/2] Iters:[9980/20018] transplant_loss 2.4084, rec_loss 0.0254, p_loss 0.1909, quant_error 0.2246, utilization 1.0000, perplexity 231.1367,
Train Epoch: [1/2] Iters:[9990/20018] transplant_loss 2.3955, rec_loss 0.0253, p_loss 0.1907, quant_error 0.2229, utilization 1.0000, perplexity 231.1583,
Train Epoch: [1/2] Iters:[10000/20018] transplant_loss 2.4092, rec_loss 0.0254, p_loss 0.1914, quant_error 0.2246, utilization 1.0000, perplexity 231.9975,
Train Epoch: [1/2] Iters:[10010/20018] transplant_loss 2.4035, rec_loss 0.0253, p_loss 0.1913, quant_error 0.2241, utilization 1.0000, perplexity 232.0854,
Train Epoch: [1/2] Iters:[10020/20018] transplant_loss 2.4104, rec_loss 0.0255, p_loss 0.1923, quant_error 0.2253, utilization 1.0000, perplexity 231.9127,
Train Epoch: [1/2] Iters:[10030/20018] transplant_loss 2.4055, rec_loss 0.0253, p_loss 0.1929, quant_error 0.2248, utilization 1.0000, perplexity 231.5045,
Train Epoch: [1/2] Iters:[10040/20018] transplant_loss 2.4078, rec_loss 0.0256, p_loss 0.1934, quant_error 0.2247, utilization 1.0000, perplexity 231.4558,
Train Epoch: [1/2] Iters:[10050/20018] transplant_loss 2.3905, rec_loss 0.0252, p_loss 0.1917, quant_error 0.2225, utilization 1.0000, perplexity 230.2721,
Train Epoch: [1/2] Iters:[10060/20018] transplant_loss 2.3863, rec_loss 0.0251, p_loss 0.1910, quant_error 0.2218, utilization 1.0000, perplexity 229.9892,
Train Epoch: [1/2] Iters:[10070/20018] transplant_loss 2.3930, rec_loss 0.0255, p_loss 0.1910, quant_error 0.2223, utilization 1.0000, perplexity 230.0392,
Train Epoch: [1/2] Iters:[10080/20018] transplant_loss 2.4024, rec_loss 0.0259, p_loss 0.1918, quant_error 0.2236, utilization 1.0000, perplexity 230.8190,
Train Epoch: [1/2] Iters:[10090/20018] transplant_loss 2.4146, rec_loss 0.0260, p_loss 0.1922, quant_error 0.2254, utilization 1.0000, perplexity 231.0687,
Train Epoch: [1/2] Iters:[10100/20018] transplant_loss 2.4198, rec_loss 0.0263, p_loss 0.1932, quant_error 0.2260, utilization 1.0000, perplexity 231.4860,
Train Epoch: [1/2] Iters:[10110/20018] transplant_loss 2.4367, rec_loss 0.0264, p_loss 0.1945, quant_error 0.2281, utilization 1.0000, perplexity 231.7944,
Train Epoch: [1/2] Iters:[10120/20018] transplant_loss 2.4183, rec_loss 0.0261, p_loss 0.1936, quant_error 0.2261, utilization 1.0000, perplexity 231.4627,
Train Epoch: [1/2] Iters:[10130/20018] transplant_loss 2.4097, rec_loss 0.0256, p_loss 0.1920, quant_error 0.2251, utilization 1.0000, perplexity 231.2089,
Train Epoch: [1/2] Iters:[10140/20018] transplant_loss 2.3816, rec_loss 0.0252, p_loss 0.1911, quant_error 0.2215, utilization 1.0000, perplexity 230.7458,
Train Epoch: [1/2] Iters:[10150/20018] transplant_loss 2.3821, rec_loss 0.0251, p_loss 0.1914, quant_error 0.2213, utilization 1.0000, perplexity 230.6504,
Train Epoch: [1/2] Iters:[10160/20018] transplant_loss 2.3606, rec_loss 0.0248, p_loss 0.1900, quant_error 0.2186, utilization 1.0000, perplexity 230.6112,
Train Epoch: [1/2] Iters:[10170/20018] transplant_loss 2.3662, rec_loss 0.0247, p_loss 0.1892, quant_error 0.2196, utilization 1.0000, perplexity 230.7422,
Train Epoch: [1/2] Iters:[10180/20018] transplant_loss 2.3684, rec_loss 0.0251, p_loss 0.1899, quant_error 0.2193, utilization 1.0000, perplexity 230.4238,
Train Epoch: [1/2] Iters:[10190/20018] transplant_loss 2.3957, rec_loss 0.0254, p_loss 0.1905, quant_error 0.2223, utilization 1.0000, perplexity 230.5896,
Train Epoch: [1/2] Iters:[10200/20018] transplant_loss 2.4077, rec_loss 0.0256, p_loss 0.1904, quant_error 0.2240, utilization 1.0000, perplexity 231.3696,
Train Epoch: [1/2] Iters:[10210/20018] transplant_loss 2.4270, rec_loss 0.0258, p_loss 0.1908, quant_error 0.2265, utilization 1.0000, perplexity 231.6179,
Train Epoch: [1/2] Iters:[10220/20018] transplant_loss 2.4113, rec_loss 0.0256, p_loss 0.1903, quant_error 0.2241, utilization 1.0000, perplexity 230.9164,
Train Epoch: [1/2] Iters:[10230/20018] transplant_loss 2.3952, rec_loss 0.0248, p_loss 0.1894, quant_error 0.2230, utilization 1.0000, perplexity 231.2032,
Train Epoch: [1/2] Iters:[10240/20018] transplant_loss 2.3803, rec_loss 0.0248, p_loss 0.1891, quant_error 0.2211, utilization 1.0000, perplexity 230.9671,
Train Epoch: [1/2] Iters:[10250/20018] transplant_loss 2.3721, rec_loss 0.0245, p_loss 0.1884, quant_error 0.2203, utilization 1.0000, perplexity 230.6511,
Train Epoch: [1/2] Iters:[10260/20018] transplant_loss 2.3762, rec_loss 0.0246, p_loss 0.1888, quant_error 0.2205, utilization 1.0000, perplexity 230.3344,
Train Epoch: [1/2] Iters:[10270/20018] transplant_loss 2.3774, rec_loss 0.0248, p_loss 0.1900, quant_error 0.2208, utilization 1.0000, perplexity 231.0639,
Train Epoch: [1/2] Iters:[10280/20018] transplant_loss 2.3780, rec_loss 0.0251, p_loss 0.1905, quant_error 0.2203, utilization 1.0000, perplexity 230.6691,
Train Epoch: [1/2] Iters:[10290/20018] transplant_loss 2.3785, rec_loss 0.0249, p_loss 0.1900, quant_error 0.2209, utilization 1.0000, perplexity 230.5643,
Train Epoch: [1/2] Iters:[10300/20018] transplant_loss 2.4003, rec_loss 0.0252, p_loss 0.1907, quant_error 0.2237, utilization 1.0000, perplexity 230.7175,
Train Epoch: [1/2] Iters:[10310/20018] transplant_loss 2.3918, rec_loss 0.0250, p_loss 0.1906, quant_error 0.2222, utilization 1.0000, perplexity 230.7225,
Train Epoch: [1/2] Iters:[10320/20018] transplant_loss 2.4243, rec_loss 0.0253, p_loss 0.1918, quant_error 0.2262, utilization 1.0000, perplexity 230.8069,
Train Epoch: [1/2] Iters:[10330/20018] transplant_loss 2.4263, rec_loss 0.0252, p_loss 0.1922, quant_error 0.2266, utilization 1.0000, perplexity 231.1786,
Train Epoch: [1/2] Iters:[10340/20018] transplant_loss 2.4305, rec_loss 0.0253, p_loss 0.1931, quant_error 0.2268, utilization 1.0000, perplexity 231.5806,
Train Epoch: [1/2] Iters:[10350/20018] transplant_loss 2.3922, rec_loss 0.0247, p_loss 0.1909, quant_error 0.2224, utilization 1.0000, perplexity 230.8867,
Train Epoch: [1/2] Iters:[10360/20018] transplant_loss 2.3884, rec_loss 0.0245, p_loss 0.1904, quant_error 0.2222, utilization 1.0000, perplexity 230.7816,
Train Epoch: [1/2] Iters:[10370/20018] transplant_loss 2.3553, rec_loss 0.0244, p_loss 0.1890, quant_error 0.2182, utilization 1.0000, perplexity 230.6114,
Train Epoch: [1/2] Iters:[10380/20018] transplant_loss 2.3609, rec_loss 0.0245, p_loss 0.1889, quant_error 0.2190, utilization 1.0000, perplexity 230.4092,
Train Epoch: [1/2] Iters:[10390/20018] transplant_loss 2.3577, rec_loss 0.0245, p_loss 0.1885, quant_error 0.2182, utilization 1.0000, perplexity 230.2483,
Train Epoch: [1/2] Iters:[10400/20018] transplant_loss 2.3791, rec_loss 0.0249, p_loss 0.1902, quant_error 0.2203, utilization 1.0000, perplexity 230.9676,
Train Epoch: [1/2] Iters:[10410/20018] transplant_loss 2.3646, rec_loss 0.0250, p_loss 0.1896, quant_error 0.2190, utilization 1.0000, perplexity 230.5210,
Train Epoch: [1/2] Iters:[10420/20018] transplant_loss 2.3634, rec_loss 0.0246, p_loss 0.1881, quant_error 0.2186, utilization 1.0000, perplexity 230.2046,
Train Epoch: [1/2] Iters:[10430/20018] transplant_loss 2.3639, rec_loss 0.0247, p_loss 0.1873, quant_error 0.2183, utilization 1.0000, perplexity 230.0796,
Train Epoch: [1/2] Iters:[10440/20018] transplant_loss 2.3793, rec_loss 0.0250, p_loss 0.1878, quant_error 0.2201, utilization 1.0000, perplexity 230.3229,
Train Epoch: [1/2] Iters:[10450/20018] transplant_loss 2.3692, rec_loss 0.0252, p_loss 0.1881, quant_error 0.2188, utilization 1.0000, perplexity 229.7034,
Train Epoch: [1/2] Iters:[10460/20018] transplant_loss 2.3567, rec_loss 0.0247, p_loss 0.1870, quant_error 0.2177, utilization 1.0000, perplexity 229.3942,
Train Epoch: [1/2] Iters:[10470/20018] transplant_loss 2.3734, rec_loss 0.0250, p_loss 0.1877, quant_error 0.2202, utilization 1.0000, perplexity 229.3325,
Train Epoch: [1/2] Iters:[10480/20018] transplant_loss 2.3654, rec_loss 0.0249, p_loss 0.1883, quant_error 0.2196, utilization 1.0000, perplexity 228.9059,
Train Epoch: [1/2] Iters:[10490/20018] transplant_loss 2.3614, rec_loss 0.0247, p_loss 0.1886, quant_error 0.2193, utilization 1.0000, perplexity 228.4553,
Train Epoch: [1/2] Iters:[10500/20018] transplant_loss 2.3526, rec_loss 0.0242, p_loss 0.1874, quant_error 0.2183, utilization 1.0000, perplexity 228.5475,
Train Epoch: [1/2] Iters:[10510/20018] transplant_loss 2.3748, rec_loss 0.0248, p_loss 0.1897, quant_error 0.2201, utilization 1.0000, perplexity 229.3270,
Train Epoch: [1/2] Iters:[10520/20018] transplant_loss 2.3662, rec_loss 0.0246, p_loss 0.1911, quant_error 0.2185, utilization 1.0000, perplexity 229.4510,
Train Epoch: [1/2] Iters:[10530/20018] transplant_loss 2.3767, rec_loss 0.0247, p_loss 0.1905, quant_error 0.2191, utilization 1.0000, perplexity 229.8923,
Train Epoch: [1/2] Iters:[10540/20018] transplant_loss 2.3834, rec_loss 0.0246, p_loss 0.1909, quant_error 0.2199, utilization 1.0000, perplexity 230.6133,
Train Epoch: [1/2] Iters:[10550/20018] transplant_loss 2.3917, rec_loss 0.0245, p_loss 0.1918, quant_error 0.2212, utilization 1.0000, perplexity 230.7256,
Train Epoch: [1/2] Iters:[10560/20018] transplant_loss 2.3937, rec_loss 0.0244, p_loss 0.1911, quant_error 0.2217, utilization 1.0000, perplexity 230.6981,
Train Epoch: [1/2] Iters:[10570/20018] transplant_loss 2.3900, rec_loss 0.0243, p_loss 0.1892, quant_error 0.2214, utilization 1.0000, perplexity 230.8313,
Train Epoch: [1/2] Iters:[10580/20018] transplant_loss 2.3859, rec_loss 0.0244, p_loss 0.1898, quant_error 0.2214, utilization 1.0000, perplexity 231.0229,
Train Epoch: [1/2] Iters:[10590/20018] transplant_loss 2.3697, rec_loss 0.0243, p_loss 0.1877, quant_error 0.2198, utilization 1.0000, perplexity 230.3259,
Train Epoch: [1/2] Iters:[10600/20018] transplant_loss 2.3515, rec_loss 0.0244, p_loss 0.1879, quant_error 0.2178, utilization 1.0000, perplexity 229.8121,
Train Epoch: [1/2] Iters:[10610/20018] transplant_loss 2.3501, rec_loss 0.0242, p_loss 0.1878, quant_error 0.2178, utilization 1.0000, perplexity 229.4957,
Train Epoch: [1/2] Iters:[10620/20018] transplant_loss 2.3485, rec_loss 0.0244, p_loss 0.1881, quant_error 0.2174, utilization 1.0000, perplexity 229.2539,
Train Epoch: [1/2] Iters:[10630/20018] transplant_loss 2.3554, rec_loss 0.0244, p_loss 0.1876, quant_error 0.2178, utilization 1.0000, perplexity 229.3219,
Train Epoch: [1/2] Iters:[10640/20018] transplant_loss 2.3556, rec_loss 0.0245, p_loss 0.1886, quant_error 0.2177, utilization 1.0000, perplexity 229.6921,
Train Epoch: [1/2] Iters:[10650/20018] transplant_loss 2.3836, rec_loss 0.0248, p_loss 0.1893, quant_error 0.2205, utilization 1.0000, perplexity 230.3634,
Train Epoch: [1/2] Iters:[10660/20018] transplant_loss 2.3763, rec_loss 0.0246, p_loss 0.1894, quant_error 0.2194, utilization 1.0000, perplexity 230.8191,
Train Epoch: [1/2] Iters:[10670/20018] transplant_loss 2.3878, rec_loss 0.0246, p_loss 0.1892, quant_error 0.2208, utilization 1.0000, perplexity 231.4082,
Train Epoch: [1/2] Iters:[10680/20018] transplant_loss 2.3996, rec_loss 0.0247, p_loss 0.1904, quant_error 0.2225, utilization 1.0000, perplexity 231.3045,
Train Epoch: [1/2] Iters:[10690/20018] transplant_loss 2.4243, rec_loss 0.0251, p_loss 0.1904, quant_error 0.2249, utilization 1.0000, perplexity 231.3428,
Train Epoch: [1/2] Iters:[10700/20018] transplant_loss 2.4110, rec_loss 0.0249, p_loss 0.1901, quant_error 0.2232, utilization 1.0000, perplexity 230.6279,
Train Epoch: [1/2] Iters:[10710/20018] transplant_loss 2.4274, rec_loss 0.0254, p_loss 0.1900, quant_error 0.2255, utilization 1.0000, perplexity 230.2759,
Train Epoch: [1/2] Iters:[10720/20018] transplant_loss 2.4170, rec_loss 0.0255, p_loss 0.1911, quant_error 0.2244, utilization 1.0000, perplexity 229.5548,
Train Epoch: [1/2] Iters:[10730/20018] transplant_loss 2.3946, rec_loss 0.0252, p_loss 0.1891, quant_error 0.2217, utilization 1.0000, perplexity 228.9668,
Train Epoch: [1/2] Iters:[10740/20018] transplant_loss 2.3985, rec_loss 0.0252, p_loss 0.1903, quant_error 0.2223, utilization 1.0000, perplexity 229.1273,
Train Epoch: [1/2] Iters:[10750/20018] transplant_loss 2.4041, rec_loss 0.0254, p_loss 0.1893, quant_error 0.2233, utilization 1.0000, perplexity 229.1584,
Train Epoch: [1/2] Iters:[10760/20018] transplant_loss 2.4098, rec_loss 0.0254, p_loss 0.1899, quant_error 0.2238, utilization 1.0000, perplexity 229.4796,
Train Epoch: [1/2] Iters:[10770/20018] transplant_loss 2.4277, rec_loss 0.0254, p_loss 0.1899, quant_error 0.2258, utilization 1.0000, perplexity 229.9108,
Train Epoch: [1/2] Iters:[10780/20018] transplant_loss 2.4338, rec_loss 0.0256, p_loss 0.1912, quant_error 0.2264, utilization 1.0000, perplexity 230.4180,
Train Epoch: [1/2] Iters:[10790/20018] transplant_loss 2.4221, rec_loss 0.0257, p_loss 0.1914, quant_error 0.2254, utilization 1.0000, perplexity 230.0877,
Train Epoch: [1/2] Iters:[10800/20018] transplant_loss 2.3972, rec_loss 0.0251, p_loss 0.1916, quant_error 0.2220, utilization 1.0000, perplexity 230.1351,
Train Epoch: [1/2] Iters:[10810/20018] transplant_loss 2.3864, rec_loss 0.0251, p_loss 0.1914, quant_error 0.2204, utilization 1.0000, perplexity 230.2595,
Train Epoch: [1/2] Iters:[10820/20018] transplant_loss 2.3685, rec_loss 0.0251, p_loss 0.1909, quant_error 0.2182, utilization 1.0000, perplexity 230.0497,
Train Epoch: [1/2] Iters:[10830/20018] transplant_loss 2.3658, rec_loss 0.0249, p_loss 0.1898, quant_error 0.2175, utilization 1.0000, perplexity 229.7161,
Train Epoch: [1/2] Iters:[10840/20018] transplant_loss 2.3408, rec_loss 0.0244, p_loss 0.1879, quant_error 0.2139, utilization 1.0000, perplexity 229.7253,
Train Epoch: [1/2] Iters:[10850/20018] transplant_loss 2.3590, rec_loss 0.0245, p_loss 0.1881, quant_error 0.2165, utilization 1.0000, perplexity 230.2811,
Train Epoch: [1/2] Iters:[10860/20018] transplant_loss 2.3489, rec_loss 0.0242, p_loss 0.1877, quant_error 0.2152, utilization 1.0000, perplexity 229.7557,
Train Epoch: [1/2] Iters:[10870/20018] transplant_loss 2.3497, rec_loss 0.0240, p_loss 0.1883, quant_error 0.2154, utilization 1.0000, perplexity 229.6685,
Train Epoch: [1/2] Iters:[10880/20018] transplant_loss 2.3506, rec_loss 0.0240, p_loss 0.1887, quant_error 0.2159, utilization 1.0000, perplexity 230.1692,
Train Epoch: [1/2] Iters:[10890/20018] transplant_loss 2.3655, rec_loss 0.0242, p_loss 0.1892, quant_error 0.2181, utilization 1.0000, perplexity 230.1682,
Train Epoch: [1/2] Iters:[10900/20018] transplant_loss 2.3674, rec_loss 0.0242, p_loss 0.1897, quant_error 0.2182, utilization 1.0000, perplexity 229.8863,
Train Epoch: [1/2] Iters:[10910/20018] transplant_loss 2.3800, rec_loss 0.0244, p_loss 0.1893, quant_error 0.2202, utilization 1.0000, perplexity 229.8847,
Train Epoch: [1/2] Iters:[10920/20018] transplant_loss 2.3958, rec_loss 0.0250, p_loss 0.1903, quant_error 0.2216, utilization 1.0000, perplexity 230.3810,
Train Epoch: [1/2] Iters:[10930/20018] transplant_loss 2.4099, rec_loss 0.0254, p_loss 0.1912, quant_error 0.2230, utilization 1.0000, perplexity 230.1558,
Train Epoch: [1/2] Iters:[10940/20018] transplant_loss 2.4107, rec_loss 0.0255, p_loss 0.1910, quant_error 0.2229, utilization 1.0000, perplexity 229.7981,
Train Epoch: [1/2] Iters:[10950/20018] transplant_loss 2.4423, rec_loss 0.0262, p_loss 0.1907, quant_error 0.2261, utilization 1.0000, perplexity 230.1248,
Train Epoch: [1/2] Iters:[10960/20018] transplant_loss 2.4439, rec_loss 0.0262, p_loss 0.1912, quant_error 0.2254, utilization 1.0000, perplexity 230.6889,
Train Epoch: [1/2] Iters:[10970/20018] transplant_loss 2.4193, rec_loss 0.0254, p_loss 0.1892, quant_error 0.2229, utilization 1.0000, perplexity 229.9551,
Train Epoch: [1/2] Iters:[10980/20018] transplant_loss 2.4020, rec_loss 0.0251, p_loss 0.1887, quant_error 0.2214, utilization 1.0000, perplexity 229.7410,
Train Epoch: [1/2] Iters:[10990/20018] transplant_loss 2.4144, rec_loss 0.0253, p_loss 0.1900, quant_error 0.2227, utilization 1.0000, perplexity 230.1454,
Train Epoch: [1/2] Iters:[11000/20018] transplant_loss 2.3835, rec_loss 0.0251, p_loss 0.1899, quant_error 0.2191, utilization 1.0000, perplexity 230.0298,
Train Epoch: [1/2] Iters:[11010/20018] transplant_loss 2.3728, rec_loss 0.0251, p_loss 0.1901, quant_error 0.2187, utilization 1.0000, perplexity 229.3242,
Train Epoch: [1/2] Iters:[11020/20018] transplant_loss 2.3826, rec_loss 0.0252, p_loss 0.1907, quant_error 0.2200, utilization 1.0000, perplexity 229.9016,
Train Epoch: [1/2] Iters:[11030/20018] transplant_loss 2.3839, rec_loss 0.0252, p_loss 0.1902, quant_error 0.2200, utilization 1.0000, perplexity 230.1000,
Train Epoch: [1/2] Iters:[11040/20018] transplant_loss 2.3684, rec_loss 0.0246, p_loss 0.1899, quant_error 0.2183, utilization 1.0000, perplexity 229.8342,
Train Epoch: [1/2] Iters:[11050/20018] transplant_loss 2.3769, rec_loss 0.0244, p_loss 0.1896, quant_error 0.2200, utilization 1.0000, perplexity 229.9739,
Train Epoch: [1/2] Iters:[11060/20018] transplant_loss 2.3732, rec_loss 0.0245, p_loss 0.1899, quant_error 0.2186, utilization 1.0000, perplexity 230.3392,
Train Epoch: [1/2] Iters:[11070/20018] transplant_loss 2.3749, rec_loss 0.0245, p_loss 0.1899, quant_error 0.2191, utilization 1.0000, perplexity 230.3562,
Train Epoch: [1/2] Iters:[11080/20018] transplant_loss 2.3768, rec_loss 0.0245, p_loss 0.1901, quant_error 0.2194, utilization 1.0000, perplexity 229.8284,
Train Epoch: [1/2] Iters:[11090/20018] transplant_loss 2.3982, rec_loss 0.0250, p_loss 0.1901, quant_error 0.2224, utilization 1.0000, perplexity 230.0301,
Train Epoch: [1/2] Iters:[11100/20018] transplant_loss 2.4103, rec_loss 0.0253, p_loss 0.1906, quant_error 0.2236, utilization 1.0000, perplexity 229.9840,
Train Epoch: [1/2] Iters:[11110/20018] transplant_loss 2.4296, rec_loss 0.0255, p_loss 0.1906, quant_error 0.2263, utilization 1.0000, perplexity 230.0166,
Train Epoch: [1/2] Iters:[11120/20018] transplant_loss 2.4328, rec_loss 0.0260, p_loss 0.1909, quant_error 0.2262, utilization 1.0000, perplexity 229.7637,
Train Epoch: [1/2] Iters:[11130/20018] transplant_loss 2.4448, rec_loss 0.0262, p_loss 0.1913, quant_error 0.2273, utilization 1.0000, perplexity 230.1813,
Train Epoch: [1/2] Iters:[11140/20018] transplant_loss 2.4145, rec_loss 0.0261, p_loss 0.1908, quant_error 0.2227, utilization 1.0000, perplexity 229.9938,
Train Epoch: [1/2] Iters:[11150/20018] transplant_loss 2.3866, rec_loss 0.0257, p_loss 0.1899, quant_error 0.2192, utilization 1.0000, perplexity 229.3591,
Train Epoch: [1/2] Iters:[11160/20018] transplant_loss 2.3800, rec_loss 0.0253, p_loss 0.1898, quant_error 0.2186, utilization 1.0000, perplexity 229.4066,
Train Epoch: [1/2] Iters:[11170/20018] transplant_loss 2.3737, rec_loss 0.0246, p_loss 0.1889, quant_error 0.2181, utilization 1.0000, perplexity 229.0979,
Train Epoch: [1/2] Iters:[11180/20018] transplant_loss 2.3657, rec_loss 0.0246, p_loss 0.1886, quant_error 0.2169, utilization 1.0000, perplexity 228.8827,
Train Epoch: [1/2] Iters:[11190/20018] transplant_loss 2.4022, rec_loss 0.0247, p_loss 0.1896, quant_error 0.2218, utilization 1.0000, perplexity 229.4851,
Train Epoch: [1/2] Iters:[11200/20018] transplant_loss 2.4103, rec_loss 0.0248, p_loss 0.1893, quant_error 0.2226, utilization 1.0000, perplexity 229.7640,
Train Epoch: [1/2] Iters:[11210/20018] transplant_loss 2.4138, rec_loss 0.0251, p_loss 0.1895, quant_error 0.2229, utilization 1.0000, perplexity 230.0741,
Train Epoch: [1/2] Iters:[11220/20018] transplant_loss 2.4364, rec_loss 0.0256, p_loss 0.1902, quant_error 0.2268, utilization 1.0000, perplexity 231.1276,
Train Epoch: [1/2] Iters:[11230/20018] transplant_loss 2.4203, rec_loss 0.0253, p_loss 0.1902, quant_error 0.2251, utilization 1.0000, perplexity 230.2632,
Train Epoch: [1/2] Iters:[11240/20018] transplant_loss 2.3989, rec_loss 0.0251, p_loss 0.1900, quant_error 0.2227, utilization 1.0000, perplexity 229.6416,
Train Epoch: [1/2] Iters:[11250/20018] transplant_loss 2.4027, rec_loss 0.0251, p_loss 0.1900, quant_error 0.2235, utilization 1.0000, perplexity 229.8153,
Train Epoch: [1/2] Iters:[11260/20018] transplant_loss 2.4070, rec_loss 0.0249, p_loss 0.1898, quant_error 0.2240, utilization 1.0000, perplexity 229.5367,
Train Epoch: [1/2] Iters:[11270/20018] transplant_loss 2.4098, rec_loss 0.0251, p_loss 0.1905, quant_error 0.2229, utilization 1.0000, perplexity 228.9830,
Train Epoch: [1/2] Iters:[11280/20018] transplant_loss 2.4213, rec_loss 0.0255, p_loss 0.1906, quant_error 0.2240, utilization 1.0000, perplexity 230.1530,
Train Epoch: [1/2] Iters:[11290/20018] transplant_loss 2.4191, rec_loss 0.0256, p_loss 0.1911, quant_error 0.2238, utilization 1.0000, perplexity 230.2648,
Train Epoch: [1/2] Iters:[11300/20018] transplant_loss 2.4200, rec_loss 0.0257, p_loss 0.1919, quant_error 0.2236, utilization 1.0000, perplexity 230.0478,
Train Epoch: [1/2] Iters:[11310/20018] transplant_loss 2.4167, rec_loss 0.0257, p_loss 0.1917, quant_error 0.2231, utilization 1.0000, perplexity 229.5715,
Train Epoch: [1/2] Iters:[11320/20018] transplant_loss 2.3701, rec_loss 0.0250, p_loss 0.1903, quant_error 0.2178, utilization 1.0000, perplexity 228.5921,
Train Epoch: [1/2] Iters:[11330/20018] transplant_loss 2.4051, rec_loss 0.0253, p_loss 0.1912, quant_error 0.2228, utilization 1.0000, perplexity 228.6136,
Train Epoch: [1/2] Iters:[11340/20018] transplant_loss 2.4159, rec_loss 0.0254, p_loss 0.1909, quant_error 0.2235, utilization 1.0000, perplexity 228.7648,
Train Epoch: [1/2] Iters:[11350/20018] transplant_loss 2.4095, rec_loss 0.0254, p_loss 0.1902, quant_error 0.2228, utilization 1.0000, perplexity 228.6271,
Train Epoch: [1/2] Iters:[11360/20018] transplant_loss 2.4099, rec_loss 0.0254, p_loss 0.1905, quant_error 0.2225, utilization 1.0000, perplexity 228.9396,
Train Epoch: [1/2] Iters:[11370/20018] transplant_loss 2.4338, rec_loss 0.0257, p_loss 0.1905, quant_error 0.2252, utilization 1.0000, perplexity 230.1491,
Train Epoch: [1/2] Iters:[11380/20018] transplant_loss 2.3938, rec_loss 0.0251, p_loss 0.1890, quant_error 0.2196, utilization 1.0000, perplexity 229.5343,
Train Epoch: [1/2] Iters:[11390/20018] transplant_loss 2.3844, rec_loss 0.0248, p_loss 0.1877, quant_error 0.2189, utilization 1.0000, perplexity 229.1689,
Train Epoch: [1/2] Iters:[11400/20018] transplant_loss 2.3958, rec_loss 0.0247, p_loss 0.1883, quant_error 0.2203, utilization 1.0000, perplexity 229.5392,
Train Epoch: [1/2] Iters:[11410/20018] transplant_loss 2.4010, rec_loss 0.0248, p_loss 0.1886, quant_error 0.2214, utilization 1.0000, perplexity 229.8617,
Train Epoch: [1/2] Iters:[11420/20018] transplant_loss 2.4140, rec_loss 0.0250, p_loss 0.1893, quant_error 0.2229, utilization 1.0000, perplexity 229.3834,
Train Epoch: [1/2] Iters:[11430/20018] transplant_loss 2.4402, rec_loss 0.0253, p_loss 0.1904, quant_error 0.2265, utilization 1.0000, perplexity 230.2653,
Train Epoch: [1/2] Iters:[11440/20018] transplant_loss 2.4589, rec_loss 0.0259, p_loss 0.1917, quant_error 0.2285, utilization 1.0000, perplexity 230.7038,
Train Epoch: [1/2] Iters:[11450/20018] transplant_loss 2.4473, rec_loss 0.0259, p_loss 0.1916, quant_error 0.2270, utilization 1.0000, perplexity 230.8790,
Train Epoch: [1/2] Iters:[11460/20018] transplant_loss 2.4274, rec_loss 0.0255, p_loss 0.1903, quant_error 0.2244, utilization 1.0000, perplexity 230.5138,
Train Epoch: [1/2] Iters:[11470/20018] transplant_loss 2.3996, rec_loss 0.0253, p_loss 0.1896, quant_error 0.2208, utilization 1.0000, perplexity 229.8320,
Train Epoch: [1/2] Iters:[11480/20018] transplant_loss 2.3879, rec_loss 0.0251, p_loss 0.1897, quant_error 0.2200, utilization 1.0000, perplexity 229.2619,
Train Epoch: [1/2] Iters:[11490/20018] transplant_loss 2.3697, rec_loss 0.0246, p_loss 0.1884, quant_error 0.2179, utilization 1.0000, perplexity 229.0217,
Train Epoch: [1/2] Iters:[11500/20018] transplant_loss 2.3784, rec_loss 0.0248, p_loss 0.1887, quant_error 0.2189, utilization 1.0000, perplexity 228.9590,
Train Epoch: [1/2] Iters:[11510/20018] transplant_loss 2.3762, rec_loss 0.0249, p_loss 0.1888, quant_error 0.2185, utilization 1.0000, perplexity 228.2296,
Train Epoch: [1/2] Iters:[11520/20018] transplant_loss 2.4162, rec_loss 0.0253, p_loss 0.1907, quant_error 0.2235, utilization 1.0000, perplexity 229.5372,
Train Epoch: [1/2] Iters:[11530/20018] transplant_loss 2.4315, rec_loss 0.0258, p_loss 0.1908, quant_error 0.2244, utilization 1.0000, perplexity 230.1039,
Train Epoch: [1/2] Iters:[11540/20018] transplant_loss 2.4364, rec_loss 0.0257, p_loss 0.1912, quant_error 0.2249, utilization 1.0000, perplexity 230.2623,
Train Epoch: [1/2] Iters:[11550/20018] transplant_loss 2.4121, rec_loss 0.0255, p_loss 0.1900, quant_error 0.2221, utilization 1.0000, perplexity 229.4628,
Train Epoch: [1/2] Iters:[11560/20018] transplant_loss 2.4146, rec_loss 0.0255, p_loss 0.1907, quant_error 0.2228, utilization 1.0000, perplexity 230.0582,
Train Epoch: [1/2] Iters:[11570/20018] transplant_loss 2.3943, rec_loss 0.0253, p_loss 0.1894, quant_error 0.2202, utilization 1.0000, perplexity 229.7699,
Train Epoch: [1/2] Iters:[11580/20018] transplant_loss 2.3762, rec_loss 0.0248, p_loss 0.1884, quant_error 0.2178, utilization 1.0000, perplexity 229.5437,
Train Epoch: [1/2] Iters:[11590/20018] transplant_loss 2.3813, rec_loss 0.0250, p_loss 0.1887, quant_error 0.2186, utilization 1.0000, perplexity 229.8481,
Train Epoch: [1/2] Iters:[11600/20018] transplant_loss 2.3923, rec_loss 0.0247, p_loss 0.1896, quant_error 0.2202, utilization 1.0000, perplexity 230.3642,
Train Epoch: [1/2] Iters:[11610/20018] transplant_loss 2.3890, rec_loss 0.0249, p_loss 0.1900, quant_error 0.2192, utilization 1.0000, perplexity 230.5939,
Train Epoch: [1/2] Iters:[11620/20018] transplant_loss 2.3840, rec_loss 0.0246, p_loss 0.1904, quant_error 0.2189, utilization 1.0000, perplexity 230.3157,
Train Epoch: [1/2] Iters:[11630/20018] transplant_loss 2.3856, rec_loss 0.0246, p_loss 0.1902, quant_error 0.2192, utilization 1.0000, perplexity 230.3086,
Train Epoch: [1/2] Iters:[11640/20018] transplant_loss 2.3757, rec_loss 0.0245, p_loss 0.1900, quant_error 0.2180, utilization 1.0000, perplexity 229.7283,
Train Epoch: [1/2] Iters:[11650/20018] transplant_loss 2.4172, rec_loss 0.0253, p_loss 0.1918, quant_error 0.2230, utilization 1.0000, perplexity 230.2821,
Train Epoch: [1/2] Iters:[11660/20018] transplant_loss 2.4087, rec_loss 0.0249, p_loss 0.1902, quant_error 0.2220, utilization 1.0000, perplexity 229.9249,
Train Epoch: [1/2] Iters:[11670/20018] transplant_loss 2.4297, rec_loss 0.0254, p_loss 0.1907, quant_error 0.2241, utilization 1.0000, perplexity 230.1812,
Train Epoch: [1/2] Iters:[11680/20018] transplant_loss 2.4209, rec_loss 0.0254, p_loss 0.1909, quant_error 0.2234, utilization 1.0000, perplexity 229.9704,
Train Epoch: [1/2] Iters:[11690/20018] transplant_loss 2.4363, rec_loss 0.0254, p_loss 0.1911, quant_error 0.2251, utilization 1.0000, perplexity 230.5596,
Train Epoch: [1/2] Iters:[11700/20018] transplant_loss 2.3975, rec_loss 0.0249, p_loss 0.1884, quant_error 0.2199, utilization 1.0000, perplexity 229.8895,
Train Epoch: [1/2] Iters:[11710/20018] transplant_loss 2.4208, rec_loss 0.0251, p_loss 0.1891, quant_error 0.2231, utilization 1.0000, perplexity 230.2935,
Train Epoch: [1/2] Iters:[11720/20018] transplant_loss 2.3996, rec_loss 0.0247, p_loss 0.1884, quant_error 0.2208, utilization 1.0000, perplexity 229.8858,
Train Epoch: [1/2] Iters:[11730/20018] transplant_loss 2.4076, rec_loss 0.0248, p_loss 0.1879, quant_error 0.2217, utilization 1.0000, perplexity 229.7249,
Train Epoch: [1/2] Iters:[11740/20018] transplant_loss 2.3855, rec_loss 0.0246, p_loss 0.1876, quant_error 0.2191, utilization 1.0000, perplexity 229.4330,
Train Epoch: [1/2] Iters:[11750/20018] transplant_loss 2.3907, rec_loss 0.0249, p_loss 0.1879, quant_error 0.2200, utilization 1.0000, perplexity 229.3629,
Train Epoch: [1/2] Iters:[11760/20018] transplant_loss 2.3835, rec_loss 0.0248, p_loss 0.1885, quant_error 0.2190, utilization 1.0000, perplexity 229.3401,
Train Epoch: [1/2] Iters:[11770/20018] transplant_loss 2.4004, rec_loss 0.0251, p_loss 0.1890, quant_error 0.2210, utilization 1.0000, perplexity 229.4327,
Train Epoch: [1/2] Iters:[11780/20018] transplant_loss 2.3748, rec_loss 0.0247, p_loss 0.1890, quant_error 0.2179, utilization 1.0000, perplexity 228.9395,
Train Epoch: [1/2] Iters:[11790/20018] transplant_loss 2.3761, rec_loss 0.0248, p_loss 0.1892, quant_error 0.2178, utilization 1.0000, perplexity 228.8502,
Train Epoch: [1/2] Iters:[11800/20018] transplant_loss 2.3720, rec_loss 0.0244, p_loss 0.1887, quant_error 0.2174, utilization 1.0000, perplexity 229.1193,
Train Epoch: [1/2] Iters:[11810/20018] transplant_loss 2.3720, rec_loss 0.0247, p_loss 0.1885, quant_error 0.2171, utilization 1.0000, perplexity 228.8673,
Train Epoch: [1/2] Iters:[11820/20018] transplant_loss 2.3574, rec_loss 0.0244, p_loss 0.1874, quant_error 0.2151, utilization 1.0000, perplexity 229.0138,
Train Epoch: [1/2] Iters:[11830/20018] transplant_loss 2.3869, rec_loss 0.0248, p_loss 0.1879, quant_error 0.2191, utilization 1.0000, perplexity 230.0770,
Train Epoch: [1/2] Iters:[11840/20018] transplant_loss 2.3917, rec_loss 0.0247, p_loss 0.1869, quant_error 0.2195, utilization 1.0000, perplexity 230.1140,
Train Epoch: [1/2] Iters:[11850/20018] transplant_loss 2.3934, rec_loss 0.0249, p_loss 0.1869, quant_error 0.2198, utilization 1.0000, perplexity 230.0754,
Train Epoch: [1/2] Iters:[11860/20018] transplant_loss 2.3903, rec_loss 0.0245, p_loss 0.1866, quant_error 0.2197, utilization 1.0000, perplexity 230.1896,
Train Epoch: [1/2] Iters:[11870/20018] transplant_loss 2.3876, rec_loss 0.0243, p_loss 0.1871, quant_error 0.2195, utilization 1.0000, perplexity 229.9796,
Train Epoch: [1/2] Iters:[11880/20018] transplant_loss 2.3779, rec_loss 0.0243, p_loss 0.1873, quant_error 0.2181, utilization 1.0000, perplexity 229.5863,
Train Epoch: [1/2] Iters:[11890/20018] transplant_loss 2.3819, rec_loss 0.0245, p_loss 0.1884, quant_error 0.2191, utilization 1.0000, perplexity 229.2269,
Train Epoch: [1/2] Iters:[11900/20018] transplant_loss 2.3567, rec_loss 0.0243, p_loss 0.1884, quant_error 0.2158, utilization 1.0000, perplexity 228.7959,
Train Epoch: [1/2] Iters:[11910/20018] transplant_loss 2.3528, rec_loss 0.0244, p_loss 0.1885, quant_error 0.2153, utilization 1.0000, perplexity 228.3159,
Train Epoch: [1/2] Iters:[11920/20018] transplant_loss 2.3552, rec_loss 0.0245, p_loss 0.1875, quant_error 0.2157, utilization 1.0000, perplexity 228.3316,
Train Epoch: [1/2] Iters:[11930/20018] transplant_loss 2.3579, rec_loss 0.0244, p_loss 0.1874, quant_error 0.2161, utilization 1.0000, perplexity 228.6418,
Train Epoch: [1/2] Iters:[11940/20018] transplant_loss 2.3672, rec_loss 0.0244, p_loss 0.1878, quant_error 0.2172, utilization 1.0000, perplexity 228.9981,
Train Epoch: [1/2] Iters:[11950/20018] transplant_loss 2.3883, rec_loss 0.0245, p_loss 0.1881, quant_error 0.2198, utilization 1.0000, perplexity 228.9968,
Train Epoch: [1/2] Iters:[11960/20018] transplant_loss 2.3944, rec_loss 0.0247, p_loss 0.1883, quant_error 0.2202, utilization 1.0000, perplexity 229.7137,
Train Epoch: [1/2] Iters:[11970/20018] transplant_loss 2.3955, rec_loss 0.0249, p_loss 0.1894, quant_error 0.2200, utilization 1.0000, perplexity 230.0563,
Train Epoch: [1/2] Iters:[11980/20018] transplant_loss 2.3996, rec_loss 0.0251, p_loss 0.1896, quant_error 0.2201, utilization 1.0000, perplexity 229.9301,
Train Epoch: [1/2] Iters:[11990/20018] transplant_loss 2.3879, rec_loss 0.0248, p_loss 0.1889, quant_error 0.2182, utilization 1.0000, perplexity 230.0221,
Train Epoch: [1/2] Iters:[12000/20018] transplant_loss 2.3858, rec_loss 0.0248, p_loss 0.1883, quant_error 0.2177, utilization 1.0000, perplexity 230.4888,
Train Epoch: [1/2] Iters:[12010/20018] transplant_loss 2.3822, rec_loss 0.0248, p_loss 0.1879, quant_error 0.2177, utilization 1.0000, perplexity 230.2788,
Train Epoch: [1/2] Iters:[12020/20018] transplant_loss 2.3812, rec_loss 0.0249, p_loss 0.1880, quant_error 0.2174, utilization 1.0000, perplexity 229.7201,
Train Epoch: [1/2] Iters:[12030/20018] transplant_loss 2.3576, rec_loss 0.0245, p_loss 0.1869, quant_error 0.2144, utilization 1.0000, perplexity 229.5368,
Train Epoch: [1/2] Iters:[12040/20018] transplant_loss 2.3559, rec_loss 0.0246, p_loss 0.1866, quant_error 0.2143, utilization 1.0000, perplexity 229.4031,
Train Epoch: [1/2] Iters:[12050/20018] transplant_loss 2.3636, rec_loss 0.0249, p_loss 0.1877, quant_error 0.2152, utilization 1.0000, perplexity 229.7541,
Train Epoch: [1/2] Iters:[12060/20018] transplant_loss 2.3751, rec_loss 0.0246, p_loss 0.1876, quant_error 0.2167, utilization 1.0000, perplexity 229.8500,
Train Epoch: [1/2] Iters:[12070/20018] transplant_loss 2.3698, rec_loss 0.0244, p_loss 0.1870, quant_error 0.2163, utilization 1.0000, perplexity 229.9116,
Train Epoch: [1/2] Iters:[12080/20018] transplant_loss 2.3888, rec_loss 0.0247, p_loss 0.1875, quant_error 0.2191, utilization 1.0000, perplexity 229.9933,
Train Epoch: [1/2] Iters:[12090/20018] transplant_loss 2.3805, rec_loss 0.0245, p_loss 0.1880, quant_error 0.2181, utilization 1.0000, perplexity 229.6798,
Train Epoch: [1/2] Iters:[12100/20018] transplant_loss 2.3791, rec_loss 0.0247, p_loss 0.1883, quant_error 0.2178, utilization 1.0000, perplexity 229.6113,
Train Epoch: [1/2] Iters:[12110/20018] transplant_loss 2.3682, rec_loss 0.0246, p_loss 0.1888, quant_error 0.2164, utilization 1.0000, perplexity 229.4478,
Train Epoch: [1/2] Iters:[12120/20018] transplant_loss 2.3673, rec_loss 0.0246, p_loss 0.1890, quant_error 0.2160, utilization 1.0000, perplexity 229.8421,
Train Epoch: [1/2] Iters:[12130/20018] transplant_loss 2.3743, rec_loss 0.0246, p_loss 0.1893, quant_error 0.2165, utilization 1.0000, perplexity 230.1948,
Train Epoch: [1/2] Iters:[12140/20018] transplant_loss 2.3956, rec_loss 0.0248, p_loss 0.1900, quant_error 0.2189, utilization 1.0000, perplexity 230.9173,
Train Epoch: [1/2] Iters:[12150/20018] transplant_loss 2.3784, rec_loss 0.0245, p_loss 0.1886, quant_error 0.2168, utilization 1.0000, perplexity 230.0176,
Train Epoch: [1/2] Iters:[12160/20018] transplant_loss 2.3868, rec_loss 0.0248, p_loss 0.1887, quant_error 0.2175, utilization 1.0000, perplexity 230.2438,
Train Epoch: [1/2] Iters:[12170/20018] transplant_loss 2.3883, rec_loss 0.0246, p_loss 0.1885, quant_error 0.2179, utilization 1.0000, perplexity 230.5174,
Train Epoch: [1/2] Iters:[12180/20018] transplant_loss 2.3725, rec_loss 0.0245, p_loss 0.1879, quant_error 0.2160, utilization 1.0000, perplexity 229.8880,
Train Epoch: [1/2] Iters:[12190/20018] transplant_loss 2.3523, rec_loss 0.0243, p_loss 0.1862, quant_error 0.2136, utilization 1.0000, perplexity 229.0879,
Train Epoch: [1/2] Iters:[12200/20018] transplant_loss 2.3903, rec_loss 0.0245, p_loss 0.1872, quant_error 0.2186, utilization 1.0000, perplexity 229.8309,
Train Epoch: [1/2] Iters:[12210/20018] transplant_loss 2.3766, rec_loss 0.0243, p_loss 0.1866, quant_error 0.2169, utilization 1.0000, perplexity 229.8084,
Train Epoch: [1/2] Iters:[12220/20018] transplant_loss 2.3850, rec_loss 0.0245, p_loss 0.1864, quant_error 0.2182, utilization 1.0000, perplexity 229.1724,
Train Epoch: [1/2] Iters:[12230/20018] transplant_loss 2.3966, rec_loss 0.0249, p_loss 0.1871, quant_error 0.2194, utilization 1.0000, perplexity 228.9455,
Train Epoch: [1/2] Iters:[12240/20018] transplant_loss 2.4121, rec_loss 0.0250, p_loss 0.1887, quant_error 0.2214, utilization 1.0000, perplexity 229.0475,
Train Epoch: [1/2] Iters:[12250/20018] transplant_loss 2.4173, rec_loss 0.0253, p_loss 0.1900, quant_error 0.2216, utilization 1.0000, perplexity 229.2432,
Train Epoch: [1/2] Iters:[12260/20018] transplant_loss 2.4185, rec_loss 0.0252, p_loss 0.1907, quant_error 0.2222, utilization 1.0000, perplexity 229.1329,
Train Epoch: [1/2] Iters:[12270/20018] transplant_loss 2.4063, rec_loss 0.0252, p_loss 0.1911, quant_error 0.2204, utilization 1.0000, perplexity 228.9877,
Train Epoch: [1/2] Iters:[12280/20018] transplant_loss 2.3955, rec_loss 0.0248, p_loss 0.1907, quant_error 0.2195, utilization 1.0000, perplexity 229.2681,
Train Epoch: [1/2] Iters:[12290/20018] transplant_loss 2.3908, rec_loss 0.0246, p_loss 0.1893, quant_error 0.2192, utilization 1.0000, perplexity 229.5188,
Train Epoch: [1/2] Iters:[12300/20018] transplant_loss 2.3601, rec_loss 0.0241, p_loss 0.1878, quant_error 0.2158, utilization 1.0000, perplexity 228.8602,
Train Epoch: [1/2] Iters:[12310/20018] transplant_loss 2.3621, rec_loss 0.0241, p_loss 0.1866, quant_error 0.2160, utilization 1.0000, perplexity 228.6483,
Train Epoch: [1/2] Iters:[12320/20018] transplant_loss 2.3692, rec_loss 0.0240, p_loss 0.1858, quant_error 0.2173, utilization 1.0000, perplexity 229.0841,
Train Epoch: [1/2] Iters:[12330/20018] transplant_loss 2.3633, rec_loss 0.0239, p_loss 0.1855, quant_error 0.2166, utilization 1.0000, perplexity 229.0981,
Train Epoch: [1/2] Iters:[12340/20018] transplant_loss 2.3463, rec_loss 0.0239, p_loss 0.1858, quant_error 0.2140, utilization 1.0000, perplexity 228.5530,
Train Epoch: [1/2] Iters:[12350/20018] transplant_loss 2.3584, rec_loss 0.0242, p_loss 0.1860, quant_error 0.2157, utilization 1.0000, perplexity 228.6955,
Train Epoch: [1/2] Iters:[12360/20018] transplant_loss 2.3775, rec_loss 0.0244, p_loss 0.1877, quant_error 0.2179, utilization 1.0000, perplexity 229.5003,
Train Epoch: [1/2] Iters:[12370/20018] transplant_loss 2.3817, rec_loss 0.0247, p_loss 0.1885, quant_error 0.2181, utilization 1.0000, perplexity 229.8338,
Train Epoch: [1/2] Iters:[12380/20018] transplant_loss 2.3962, rec_loss 0.0249, p_loss 0.1894, quant_error 0.2195, utilization 1.0000, perplexity 229.8680,
Train Epoch: [1/2] Iters:[12390/20018] transplant_loss 2.3984, rec_loss 0.0247, p_loss 0.1894, quant_error 0.2199, utilization 1.0000, perplexity 229.9772,
Train Epoch: [1/2] Iters:[12400/20018] transplant_loss 2.3762, rec_loss 0.0243, p_loss 0.1884, quant_error 0.2170, utilization 1.0000, perplexity 230.1330,
Train Epoch: [1/2] Iters:[12410/20018] transplant_loss 2.3657, rec_loss 0.0240, p_loss 0.1870, quant_error 0.2160, utilization 1.0000, perplexity 229.3836,
Train Epoch: [1/2] Iters:[12420/20018] transplant_loss 2.3595, rec_loss 0.0240, p_loss 0.1862, quant_error 0.2149, utilization 1.0000, perplexity 228.4747,
Train Epoch: [1/2] Iters:[12430/20018] transplant_loss 2.3513, rec_loss 0.0238, p_loss 0.1850, quant_error 0.2139, utilization 1.0000, perplexity 228.4332,
Train Epoch: [1/2] Iters:[12440/20018] transplant_loss 2.3554, rec_loss 0.0239, p_loss 0.1840, quant_error 0.2144, utilization 1.0000, perplexity 228.6122,
Train Epoch: [1/2] Iters:[12450/20018] transplant_loss 2.3791, rec_loss 0.0242, p_loss 0.1840, quant_error 0.2173, utilization 1.0000, perplexity 228.8007,
Train Epoch: [1/2] Iters:[12460/20018] transplant_loss 2.3922, rec_loss 0.0243, p_loss 0.1839, quant_error 0.2189, utilization 1.0000, perplexity 228.9635,
Train Epoch: [1/2] Iters:[12470/20018] transplant_loss 2.4047, rec_loss 0.0242, p_loss 0.1849, quant_error 0.2210, utilization 1.0000, perplexity 229.3019,
Train Epoch: [1/2] Iters:[12480/20018] transplant_loss 2.4180, rec_loss 0.0246, p_loss 0.1852, quant_error 0.2227, utilization 1.0000, perplexity 229.3261,
Train Epoch: [1/2] Iters:[12490/20018] transplant_loss 2.4169, rec_loss 0.0248, p_loss 0.1858, quant_error 0.2227, utilization 1.0000, perplexity 229.0853,
Train Epoch: [1/2] Iters:[12500/20018] transplant_loss 2.4013, rec_loss 0.0247, p_loss 0.1860, quant_error 0.2208, utilization 1.0000, perplexity 228.7317,
Train Epoch: [1/2] Iters:[12510/20018] transplant_loss 2.3952, rec_loss 0.0249, p_loss 0.1867, quant_error 0.2197, utilization 1.0000, perplexity 228.5162,
Train Epoch: [1/2] Iters:[12520/20018] transplant_loss 2.3870, rec_loss 0.0250, p_loss 0.1867, quant_error 0.2184, utilization 1.0000, perplexity 228.3310,
Train Epoch: [1/2] Iters:[12530/20018] transplant_loss 2.3830, rec_loss 0.0248, p_loss 0.1877, quant_error 0.2183, utilization 1.0000, perplexity 228.7248,
Train Epoch: [1/2] Iters:[12540/20018] transplant_loss 2.3845, rec_loss 0.0248, p_loss 0.1884, quant_error 0.2183, utilization 1.0000, perplexity 229.0556,
Train Epoch: [1/2] Iters:[12550/20018] transplant_loss 2.3994, rec_loss 0.0249, p_loss 0.1898, quant_error 0.2204, utilization 1.0000, perplexity 229.7813,
Train Epoch: [1/2] Iters:[12560/20018] transplant_loss 2.3841, rec_loss 0.0247, p_loss 0.1895, quant_error 0.2186, utilization 1.0000, perplexity 229.8368,
Train Epoch: [1/2] Iters:[12570/20018] transplant_loss 2.3830, rec_loss 0.0245, p_loss 0.1890, quant_error 0.2183, utilization 1.0000, perplexity 230.5123,
Train Epoch: [1/2] Iters:[12580/20018] transplant_loss 2.3879, rec_loss 0.0245, p_loss 0.1895, quant_error 0.2187, utilization 1.0000, perplexity 230.7230,
Train Epoch: [1/2] Iters:[12590/20018] transplant_loss 2.4045, rec_loss 0.0247, p_loss 0.1898, quant_error 0.2208, utilization 1.0000, perplexity 230.9500,
Train Epoch: [1/2] Iters:[12600/20018] transplant_loss 2.3889, rec_loss 0.0246, p_loss 0.1890, quant_error 0.2182, utilization 1.0000, perplexity 230.5349,
Train Epoch: [1/2] Iters:[12610/20018] transplant_loss 2.3756, rec_loss 0.0245, p_loss 0.1878, quant_error 0.2168, utilization 1.0000, perplexity 229.9833,
Train Epoch: [1/2] Iters:[12620/20018] transplant_loss 2.3684, rec_loss 0.0246, p_loss 0.1878, quant_error 0.2159, utilization 1.0000, perplexity 229.2870,
Train Epoch: [1/2] Iters:[12630/20018] transplant_loss 2.3673, rec_loss 0.0246, p_loss 0.1874, quant_error 0.2159, utilization 1.0000, perplexity 228.8755,
Train Epoch: [1/2] Iters:[12640/20018] transplant_loss 2.3419, rec_loss 0.0242, p_loss 0.1860, quant_error 0.2126, utilization 1.0000, perplexity 228.6946,
Train Epoch: [1/2] Iters:[12650/20018] transplant_loss 2.3416, rec_loss 0.0242, p_loss 0.1860, quant_error 0.2129, utilization 1.0000, perplexity 228.6901,
Train Epoch: [1/2] Iters:[12660/20018] transplant_loss 2.3485, rec_loss 0.0239, p_loss 0.1863, quant_error 0.2138, utilization 1.0000, perplexity 228.8738,
Train Epoch: [1/2] Iters:[12670/20018] transplant_loss 2.3492, rec_loss 0.0240, p_loss 0.1867, quant_error 0.2138, utilization 1.0000, perplexity 229.3796,
Train Epoch: [1/2] Iters:[12680/20018] transplant_loss 2.3472, rec_loss 0.0240, p_loss 0.1864, quant_error 0.2132, utilization 1.0000, perplexity 229.8562,
Train Epoch: [1/2] Iters:[12690/20018] transplant_loss 2.3453, rec_loss 0.0237, p_loss 0.1865, quant_error 0.2133, utilization 1.0000, perplexity 229.5343,
Train Epoch: [1/2] Iters:[12700/20018] transplant_loss 2.3448, rec_loss 0.0237, p_loss 0.1868, quant_error 0.2132, utilization 1.0000, perplexity 229.1916,
Train Epoch: [1/2] Iters:[12710/20018] transplant_loss 2.3475, rec_loss 0.0236, p_loss 0.1870, quant_error 0.2135, utilization 1.0000, perplexity 229.5396,
Train Epoch: [1/2] Iters:[12720/20018] transplant_loss 2.3425, rec_loss 0.0234, p_loss 0.1867, quant_error 0.2133, utilization 1.0000, perplexity 229.2876,
Train Epoch: [1/2] Iters:[12730/20018] transplant_loss 2.3360, rec_loss 0.0234, p_loss 0.1865, quant_error 0.2125, utilization 1.0000, perplexity 228.5936,
Train Epoch: [1/2] Iters:[12740/20018] transplant_loss 2.3563, rec_loss 0.0238, p_loss 0.1869, quant_error 0.2151, utilization 1.0000, perplexity 229.0099,
Train Epoch: [1/2] Iters:[12750/20018] transplant_loss 2.3772, rec_loss 0.0245, p_loss 0.1873, quant_error 0.2171, utilization 1.0000, perplexity 229.7548,
Train Epoch: [1/2] Iters:[12760/20018] transplant_loss 2.4022, rec_loss 0.0251, p_loss 0.1887, quant_error 0.2197, utilization 1.0000, perplexity 230.3841,
Train Epoch: [1/2] Iters:[12770/20018] transplant_loss 2.4056, rec_loss 0.0252, p_loss 0.1891, quant_error 0.2199, utilization 1.0000, perplexity 230.1711,
Train Epoch: [1/2] Iters:[12780/20018] transplant_loss 2.4097, rec_loss 0.0250, p_loss 0.1892, quant_error 0.2202, utilization 1.0000, perplexity 230.6040,
Train Epoch: [1/2] Iters:[12790/20018] transplant_loss 2.4052, rec_loss 0.0250, p_loss 0.1885, quant_error 0.2192, utilization 1.0000, perplexity 230.5238,
Train Epoch: [1/2] Iters:[12800/20018] transplant_loss 2.3851, rec_loss 0.0243, p_loss 0.1874, quant_error 0.2173, utilization 1.0000, perplexity 230.0161,
Train Epoch: [1/2] Iters:[12810/20018] transplant_loss 2.3879, rec_loss 0.0244, p_loss 0.1864, quant_error 0.2175, utilization 1.0000, perplexity 229.6244,
Train Epoch: [1/2] Iters:[12820/20018] transplant_loss 2.3880, rec_loss 0.0247, p_loss 0.1871, quant_error 0.2171, utilization 1.0000, perplexity 229.9059,
Train Epoch: [1/2] Iters:[12830/20018] transplant_loss 2.4133, rec_loss 0.0252, p_loss 0.1878, quant_error 0.2204, utilization 1.0000, perplexity 229.9502,
Train Epoch: [1/2] Iters:[12840/20018] transplant_loss 2.4170, rec_loss 0.0253, p_loss 0.1893, quant_error 0.2207, utilization 1.0000, perplexity 230.1867,
Train Epoch: [1/2] Iters:[12850/20018] transplant_loss 2.4343, rec_loss 0.0256, p_loss 0.1900, quant_error 0.2227, utilization 1.0000, perplexity 230.4816,
Train Epoch: [1/2] Iters:[12860/20018] transplant_loss 2.4143, rec_loss 0.0252, p_loss 0.1899, quant_error 0.2210, utilization 1.0000, perplexity 230.1876,
Train Epoch: [1/2] Iters:[12870/20018] transplant_loss 2.4343, rec_loss 0.0255, p_loss 0.1896, quant_error 0.2233, utilization 1.0000, perplexity 230.9024,
Train Epoch: [1/2] Iters:[12880/20018] transplant_loss 2.4019, rec_loss 0.0250, p_loss 0.1886, quant_error 0.2190, utilization 1.0000, perplexity 230.4989,
Train Epoch: [1/2] Iters:[12890/20018] transplant_loss 2.4164, rec_loss 0.0251, p_loss 0.1888, quant_error 0.2218, utilization 1.0000, perplexity 230.5334,
Train Epoch: [1/2] Iters:[12900/20018] transplant_loss 2.4063, rec_loss 0.0249, p_loss 0.1886, quant_error 0.2205, utilization 1.0000, perplexity 230.4863,
Train Epoch: [1/2] Iters:[12910/20018] transplant_loss 2.3947, rec_loss 0.0248, p_loss 0.1895, quant_error 0.2185, utilization 1.0000, perplexity 230.0087,
Train Epoch: [1/2] Iters:[12920/20018] transplant_loss 2.3831, rec_loss 0.0247, p_loss 0.1896, quant_error 0.2172, utilization 1.0000, perplexity 229.6766,
Train Epoch: [1/2] Iters:[12930/20018] transplant_loss 2.3955, rec_loss 0.0248, p_loss 0.1898, quant_error 0.2193, utilization 1.0000, perplexity 229.4560,
Train Epoch: [1/2] Iters:[12940/20018] transplant_loss 2.3837, rec_loss 0.0249, p_loss 0.1890, quant_error 0.2170, utilization 1.0000, perplexity 229.2434,
Train Epoch: [1/2] Iters:[12950/20018] transplant_loss 2.3763, rec_loss 0.0248, p_loss 0.1890, quant_error 0.2162, utilization 1.0000, perplexity 228.9228,
Train Epoch: [1/2] Iters:[12960/20018] transplant_loss 2.3959, rec_loss 0.0248, p_loss 0.1887, quant_error 0.2188, utilization 1.0000, perplexity 229.7290,
Train Epoch: [1/2] Iters:[12970/20018] transplant_loss 2.3788, rec_loss 0.0243, p_loss 0.1868, quant_error 0.2172, utilization 1.0000, perplexity 228.7783,
Train Epoch: [1/2] Iters:[12980/20018] transplant_loss 2.3661, rec_loss 0.0241, p_loss 0.1866, quant_error 0.2152, utilization 1.0000, perplexity 229.4534,
Train Epoch: [1/2] Iters:[12990/20018] transplant_loss 2.3482, rec_loss 0.0235, p_loss 0.1852, quant_error 0.2134, utilization 1.0000, perplexity 229.5020,
Train Epoch: [1/2] Iters:[13000/20018] transplant_loss 2.3497, rec_loss 0.0235, p_loss 0.1852, quant_error 0.2134, utilization 1.0000, perplexity 229.2558,
Train Epoch: [1/2] Iters:[13010/20018] transplant_loss 2.3378, rec_loss 0.0236, p_loss 0.1857, quant_error 0.2115, utilization 1.0000, perplexity 229.2156,
Train Epoch: [1/2] Iters:[13020/20018] transplant_loss 2.3579, rec_loss 0.0241, p_loss 0.1873, quant_error 0.2138, utilization 1.0000, perplexity 229.6687,
Train Epoch: [1/2] Iters:[13030/20018] transplant_loss 2.3670, rec_loss 0.0240, p_loss 0.1870, quant_error 0.2153, utilization 1.0000, perplexity 229.3833,
Train Epoch: [1/2] Iters:[13040/20018] transplant_loss 2.3993, rec_loss 0.0248, p_loss 0.1891, quant_error 0.2188, utilization 1.0000, perplexity 229.8190,
Train Epoch: [1/2] Iters:[13050/20018] transplant_loss 2.4322, rec_loss 0.0251, p_loss 0.1893, quant_error 0.2229, utilization 1.0000, perplexity 230.3533,
Train Epoch: [1/2] Iters:[13060/20018] transplant_loss 2.4381, rec_loss 0.0250, p_loss 0.1888, quant_error 0.2241, utilization 1.0000, perplexity 230.3147,
Train Epoch: [1/2] Iters:[13070/20018] transplant_loss 2.4554, rec_loss 0.0253, p_loss 0.1898, quant_error 0.2263, utilization 1.0000, perplexity 231.1006,
Train Epoch: [1/2] Iters:[13080/20018] transplant_loss 2.4489, rec_loss 0.0253, p_loss 0.1900, quant_error 0.2254, utilization 1.0000, perplexity 230.9963,
Train Epoch: [1/2] Iters:[13090/20018] transplant_loss 2.4432, rec_loss 0.0251, p_loss 0.1896, quant_error 0.2248, utilization 1.0000, perplexity 230.8377,
Train Epoch: [1/2] Iters:[13100/20018] transplant_loss 2.4147, rec_loss 0.0250, p_loss 0.1895, quant_error 0.2210, utilization 1.0000, perplexity 230.6961,
Train Epoch: [1/2] Iters:[13110/20018] transplant_loss 2.4054, rec_loss 0.0250, p_loss 0.1884, quant_error 0.2197, utilization 1.0000, perplexity 230.6565,
Train Epoch: [1/2] Iters:[13120/20018] transplant_loss 2.3659, rec_loss 0.0243, p_loss 0.1863, quant_error 0.2149, utilization 1.0000, perplexity 229.1937,
Train Epoch: [1/2] Iters:[13130/20018] transplant_loss 2.3526, rec_loss 0.0242, p_loss 0.1857, quant_error 0.2133, utilization 1.0000, perplexity 229.1894,
Train Epoch: [1/2] Iters:[13140/20018] transplant_loss 2.3486, rec_loss 0.0244, p_loss 0.1858, quant_error 0.2123, utilization 1.0000, perplexity 229.4905,
Train Epoch: [1/2] Iters:[13150/20018] transplant_loss 2.3433, rec_loss 0.0240, p_loss 0.1859, quant_error 0.2120, utilization 1.0000, perplexity 229.4868,
Train Epoch: [1/2] Iters:[13160/20018] transplant_loss 2.3534, rec_loss 0.0241, p_loss 0.1866, quant_error 0.2133, utilization 1.0000, perplexity 229.4937,
Train Epoch: [1/2] Iters:[13170/20018] transplant_loss 2.3708, rec_loss 0.0241, p_loss 0.1873, quant_error 0.2155, utilization 1.0000, perplexity 229.9580,
Train Epoch: [1/2] Iters:[13180/20018] transplant_loss 2.3916, rec_loss 0.0242, p_loss 0.1876, quant_error 0.2179, utilization 1.0000, perplexity 230.0467,
Train Epoch: [1/2] Iters:[13190/20018] transplant_loss 2.3786, rec_loss 0.0239, p_loss 0.1867, quant_error 0.2169, utilization 1.0000, perplexity 229.7247,
Train Epoch: [1/2] Iters:[13200/20018] transplant_loss 2.3651, rec_loss 0.0237, p_loss 0.1856, quant_error 0.2156, utilization 1.0000, perplexity 229.3205,
Train Epoch: [1/2] Iters:[13210/20018] transplant_loss 2.3674, rec_loss 0.0238, p_loss 0.1859, quant_error 0.2158, utilization 1.0000, perplexity 229.5310,
Train Epoch: [1/2] Iters:[13220/20018] transplant_loss 2.3949, rec_loss 0.0244, p_loss 0.1875, quant_error 0.2191, utilization 1.0000, perplexity 230.6305,
Train Epoch: [1/2] Iters:[13230/20018] transplant_loss 2.3797, rec_loss 0.0248, p_loss 0.1881, quant_error 0.2170, utilization 1.0000, perplexity 230.2380,
Train Epoch: [1/2] Iters:[13240/20018] transplant_loss 2.3834, rec_loss 0.0251, p_loss 0.1886, quant_error 0.2168, utilization 1.0000, perplexity 229.8596,
Train Epoch: [1/2] Iters:[13250/20018] transplant_loss 2.4124, rec_loss 0.0258, p_loss 0.1907, quant_error 0.2199, utilization 1.0000, perplexity 230.1521,
Train Epoch: [1/2] Iters:[13260/20018] transplant_loss 2.4059, rec_loss 0.0257, p_loss 0.1900, quant_error 0.2185, utilization 1.0000, perplexity 229.9748,
Train Epoch: [1/2] Iters:[13270/20018] transplant_loss 2.3881, rec_loss 0.0253, p_loss 0.1886, quant_error 0.2162, utilization 1.0000, perplexity 229.4501,
Train Epoch: [1/2] Iters:[13280/20018] transplant_loss 2.4153, rec_loss 0.0254, p_loss 0.1888, quant_error 0.2196, utilization 1.0000, perplexity 230.0142,
Train Epoch: [1/2] Iters:[13290/20018] transplant_loss 2.4108, rec_loss 0.0251, p_loss 0.1891, quant_error 0.2192, utilization 1.0000, perplexity 229.9357,
Train Epoch: [1/2] Iters:[13300/20018] transplant_loss 2.4101, rec_loss 0.0251, p_loss 0.1884, quant_error 0.2195, utilization 1.0000, perplexity 229.8324,
Train Epoch: [1/2] Iters:[13310/20018] transplant_loss 2.4102, rec_loss 0.0252, p_loss 0.1892, quant_error 0.2200, utilization 1.0000, perplexity 229.6919,
Train Epoch: [1/2] Iters:[13320/20018] transplant_loss 2.3965, rec_loss 0.0253, p_loss 0.1891, quant_error 0.2182, utilization 1.0000, perplexity 229.6171,
Train Epoch: [1/2] Iters:[13330/20018] transplant_loss 2.3529, rec_loss 0.0245, p_loss 0.1886, quant_error 0.2127, utilization 1.0000, perplexity 229.2717,
Train Epoch: [1/2] Iters:[13340/20018] transplant_loss 2.3674, rec_loss 0.0248, p_loss 0.1884, quant_error 0.2148, utilization 1.0000, perplexity 229.4378,
Train Epoch: [1/2] Iters:[13350/20018] transplant_loss 2.3677, rec_loss 0.0245, p_loss 0.1882, quant_error 0.2148, utilization 1.0000, perplexity 229.8687,
Train Epoch: [1/2] Iters:[13360/20018] transplant_loss 2.3723, rec_loss 0.0247, p_loss 0.1882, quant_error 0.2151, utilization 1.0000, perplexity 229.7763,
Train Epoch: [1/2] Iters:[13370/20018] transplant_loss 2.3797, rec_loss 0.0245, p_loss 0.1874, quant_error 0.2162, utilization 1.0000, perplexity 229.7046,
Train Epoch: [1/2] Iters:[13380/20018] transplant_loss 2.3967, rec_loss 0.0251, p_loss 0.1881, quant_error 0.2182, utilization 1.0000, perplexity 229.6635,
Train Epoch: [1/2] Iters:[13390/20018] transplant_loss 2.3750, rec_loss 0.0244, p_loss 0.1871, quant_error 0.2157, utilization 1.0000, perplexity 229.6467,
Train Epoch: [1/2] Iters:[13400/20018] transplant_loss 2.3642, rec_loss 0.0246, p_loss 0.1871, quant_error 0.2144, utilization 1.0000, perplexity 229.3388,
Train Epoch: [1/2] Iters:[13410/20018] transplant_loss 2.3621, rec_loss 0.0243, p_loss 0.1864, quant_error 0.2145, utilization 1.0000, perplexity 229.6980,
Train Epoch: [1/2] Iters:[13420/20018] transplant_loss 2.3752, rec_loss 0.0248, p_loss 0.1872, quant_error 0.2158, utilization 1.0000, perplexity 230.1058,
Train Epoch: [1/2] Iters:[13430/20018] transplant_loss 2.3778, rec_loss 0.0244, p_loss 0.1861, quant_error 0.2161, utilization 1.0000, perplexity 230.3897,
Train Epoch: [1/2] Iters:[13440/20018] transplant_loss 2.3850, rec_loss 0.0247, p_loss 0.1864, quant_error 0.2166, utilization 1.0000, perplexity 230.2824,
Train Epoch: [1/2] Iters:[13450/20018] transplant_loss 2.4008, rec_loss 0.0246, p_loss 0.1865, quant_error 0.2186, utilization 1.0000, perplexity 230.2637,
Train Epoch: [1/2] Iters:[13460/20018] transplant_loss 2.4215, rec_loss 0.0253, p_loss 0.1881, quant_error 0.2206, utilization 1.0000, perplexity 230.3779,
Train Epoch: [1/2] Iters:[13470/20018] transplant_loss 2.4159, rec_loss 0.0250, p_loss 0.1888, quant_error 0.2200, utilization 1.0000, perplexity 230.4459,
Train Epoch: [1/2] Iters:[13480/20018] transplant_loss 2.3966, rec_loss 0.0250, p_loss 0.1884, quant_error 0.2179, utilization 1.0000, perplexity 229.4468,
Train Epoch: [1/2] Iters:[13490/20018] transplant_loss 2.3875, rec_loss 0.0246, p_loss 0.1882, quant_error 0.2173, utilization 1.0000, perplexity 229.7319,
Train Epoch: [1/2] Iters:[13500/20018] transplant_loss 2.3833, rec_loss 0.0248, p_loss 0.1880, quant_error 0.2168, utilization 1.0000, perplexity 229.6312,
Train Epoch: [1/2] Iters:[13510/20018] transplant_loss 2.3550, rec_loss 0.0242, p_loss 0.1871, quant_error 0.2134, utilization 1.0000, perplexity 228.9642,
Train Epoch: [1/2] Iters:[13520/20018] transplant_loss 2.3382, rec_loss 0.0239, p_loss 0.1863, quant_error 0.2112, utilization 1.0000, perplexity 228.6519,
Train Epoch: [1/2] Iters:[13530/20018] transplant_loss 2.3733, rec_loss 0.0241, p_loss 0.1870, quant_error 0.2155, utilization 1.0000, perplexity 230.0014,
Train Epoch: [1/2] Iters:[13540/20018] transplant_loss 2.3908, rec_loss 0.0244, p_loss 0.1876, quant_error 0.2175, utilization 1.0000, perplexity 229.7185,
Train Epoch: [1/2] Iters:[13550/20018] transplant_loss 2.3824, rec_loss 0.0242, p_loss 0.1868, quant_error 0.2160, utilization 1.0000, perplexity 230.2369,
Train Epoch: [1/2] Iters:[13560/20018] transplant_loss 2.3926, rec_loss 0.0242, p_loss 0.1868, quant_error 0.2177, utilization 1.0000, perplexity 231.0386,
Train Epoch: [1/2] Iters:[13570/20018] transplant_loss 2.4201, rec_loss 0.0249, p_loss 0.1875, quant_error 0.2208, utilization 1.0000, perplexity 231.2122,
Train Epoch: [1/2] Iters:[13580/20018] transplant_loss 2.4031, rec_loss 0.0249, p_loss 0.1874, quant_error 0.2183, utilization 1.0000, perplexity 230.5969,
Train Epoch: [1/2] Iters:[13590/20018] transplant_loss 2.4102, rec_loss 0.0253, p_loss 0.1883, quant_error 0.2192, utilization 1.0000, perplexity 230.8575,
Train Epoch: [1/2] Iters:[13600/20018] transplant_loss 2.4037, rec_loss 0.0251, p_loss 0.1886, quant_error 0.2183, utilization 1.0000, perplexity 230.8456,
Train Epoch: [1/2] Iters:[13610/20018] transplant_loss 2.3947, rec_loss 0.0249, p_loss 0.1877, quant_error 0.2171, utilization 1.0000, perplexity 230.4233,
Train Epoch: [1/2] Iters:[13620/20018] transplant_loss 2.3679, rec_loss 0.0243, p_loss 0.1871, quant_error 0.2148, utilization 1.0000, perplexity 230.0310,
Train Epoch: [1/2] Iters:[13630/20018] transplant_loss 2.3623, rec_loss 0.0242, p_loss 0.1878, quant_error 0.2145, utilization 1.0000, perplexity 230.3071,
Train Epoch: [1/2] Iters:[13640/20018] transplant_loss 2.3485, rec_loss 0.0237, p_loss 0.1862, quant_error 0.2129, utilization 1.0000, perplexity 230.2343,
Train Epoch: [1/2] Iters:[13650/20018] transplant_loss 2.3505, rec_loss 0.0237, p_loss 0.1862, quant_error 0.2133, utilization 1.0000, perplexity 229.6045,
Train Epoch: [1/2] Iters:[13660/20018] transplant_loss 2.3443, rec_loss 0.0237, p_loss 0.1865, quant_error 0.2124, utilization 1.0000, perplexity 229.6635,
Train Epoch: [1/2] Iters:[13670/20018] transplant_loss 2.3575, rec_loss 0.0239, p_loss 0.1871, quant_error 0.2139, utilization 1.0000, perplexity 229.7837,
Train Epoch: [1/2] Iters:[13680/20018] transplant_loss 2.3616, rec_loss 0.0236, p_loss 0.1857, quant_error 0.2143, utilization 1.0000, perplexity 229.6076,
Train Epoch: [1/2] Iters:[13690/20018] transplant_loss 2.3730, rec_loss 0.0241, p_loss 0.1868, quant_error 0.2151, utilization 1.0000, perplexity 229.7593,
Train Epoch: [1/2] Iters:[13700/20018] transplant_loss 2.3896, rec_loss 0.0245, p_loss 0.1881, quant_error 0.2171, utilization 1.0000, perplexity 230.5028,
Train Epoch: [1/2] Iters:[13710/20018] transplant_loss 2.4025, rec_loss 0.0248, p_loss 0.1889, quant_error 0.2188, utilization 1.0000, perplexity 230.4681,
Train Epoch: [1/2] Iters:[13720/20018] transplant_loss 2.3885, rec_loss 0.0245, p_loss 0.1880, quant_error 0.2168, utilization 1.0000, perplexity 230.3293,
Train Epoch: [1/2] Iters:[13730/20018] transplant_loss 2.3835, rec_loss 0.0244, p_loss 0.1879, quant_error 0.2165, utilization 1.0000, perplexity 230.2461,
Train Epoch: [1/2] Iters:[13740/20018] transplant_loss 2.3780, rec_loss 0.0241, p_loss 0.1876, quant_error 0.2162, utilization 1.0000, perplexity 230.4867,
Train Epoch: [1/2] Iters:[13750/20018] transplant_loss 2.3618, rec_loss 0.0240, p_loss 0.1867, quant_error 0.2140, utilization 1.0000, perplexity 230.3575,
Train Epoch: [1/2] Iters:[13760/20018] transplant_loss 2.3707, rec_loss 0.0240, p_loss 0.1858, quant_error 0.2149, utilization 1.0000, perplexity 230.8768,
Train Epoch: [1/2] Iters:[13770/20018] transplant_loss 2.3815, rec_loss 0.0242, p_loss 0.1861, quant_error 0.2164, utilization 1.0000, perplexity 231.0628,
Train Epoch: [1/2] Iters:[13780/20018] transplant_loss 2.3873, rec_loss 0.0243, p_loss 0.1859, quant_error 0.2169, utilization 1.0000, perplexity 231.2899,
Train Epoch: [1/2] Iters:[13790/20018] transplant_loss 2.3759, rec_loss 0.0244, p_loss 0.1851, quant_error 0.2155, utilization 1.0000, perplexity 231.0010,
Train Epoch: [1/2] Iters:[13800/20018] transplant_loss 2.3674, rec_loss 0.0239, p_loss 0.1842, quant_error 0.2151, utilization 1.0000, perplexity 230.3606,
Train Epoch: [1/2] Iters:[13810/20018] transplant_loss 2.3465, rec_loss 0.0237, p_loss 0.1838, quant_error 0.2129, utilization 1.0000, perplexity 229.4901,
Train Epoch: [1/2] Iters:[13820/20018] transplant_loss 2.3461, rec_loss 0.0239, p_loss 0.1831, quant_error 0.2127, utilization 1.0000, perplexity 229.6131,
Train Epoch: [1/2] Iters:[13830/20018] transplant_loss 2.3508, rec_loss 0.0237, p_loss 0.1839, quant_error 0.2133, utilization 1.0000, perplexity 229.7250,
Train Epoch: [1/2] Iters:[13840/20018] transplant_loss 2.3617, rec_loss 0.0239, p_loss 0.1845, quant_error 0.2145, utilization 1.0000, perplexity 229.5992,
Train Epoch: [1/2] Iters:[13850/20018] transplant_loss 2.3705, rec_loss 0.0246, p_loss 0.1859, quant_error 0.2148, utilization 1.0000, perplexity 230.1801,
Train Epoch: [1/2] Iters:[13860/20018] transplant_loss 2.3949, rec_loss 0.0249, p_loss 0.1872, quant_error 0.2177, utilization 1.0000, perplexity 230.8826,
Train Epoch: [1/2] Iters:[13870/20018] transplant_loss 2.3809, rec_loss 0.0246, p_loss 0.1878, quant_error 0.2159, utilization 1.0000, perplexity 230.5400,
Train Epoch: [1/2] Iters:[13880/20018] transplant_loss 2.3836, rec_loss 0.0250, p_loss 0.1888, quant_error 0.2162, utilization 1.0000, perplexity 230.4274,
Train Epoch: [1/2] Iters:[13890/20018] transplant_loss 2.3736, rec_loss 0.0247, p_loss 0.1888, quant_error 0.2148, utilization 1.0000, perplexity 230.9030,
Train Epoch: [1/2] Iters:[13900/20018] transplant_loss 2.3839, rec_loss 0.0245, p_loss 0.1887, quant_error 0.2164, utilization 1.0000, perplexity 231.1180,
Train Epoch: [1/2] Iters:[13910/20018] transplant_loss 2.3710, rec_loss 0.0244, p_loss 0.1882, quant_error 0.2147, utilization 1.0000, perplexity 230.4862,
Train Epoch: [1/2] Iters:[13920/20018] transplant_loss 2.3766, rec_loss 0.0245, p_loss 0.1885, quant_error 0.2152, utilization 1.0000, perplexity 231.1262,
Train Epoch: [1/2] Iters:[13930/20018] transplant_loss 2.3820, rec_loss 0.0241, p_loss 0.1886, quant_error 0.2159, utilization 1.0000, perplexity 231.4770,
Train Epoch: [1/2] Iters:[13940/20018] transplant_loss 2.3860, rec_loss 0.0243, p_loss 0.1885, quant_error 0.2162, utilization 1.0000, perplexity 231.5689,
Train Epoch: [1/2] Iters:[13950/20018] transplant_loss 2.3788, rec_loss 0.0242, p_loss 0.1877, quant_error 0.2154, utilization 1.0000, perplexity 231.2720,
Train Epoch: [1/2] Iters:[13960/20018] transplant_loss 2.3775, rec_loss 0.0244, p_loss 0.1876, quant_error 0.2151, utilization 1.0000, perplexity 231.5545,
Train Epoch: [1/2] Iters:[13970/20018] transplant_loss 2.3837, rec_loss 0.0243, p_loss 0.1876, quant_error 0.2163, utilization 1.0000, perplexity 231.3326,
Train Epoch: [1/2] Iters:[13980/20018] transplant_loss 2.3705, rec_loss 0.0244, p_loss 0.1867, quant_error 0.2144, utilization 1.0000, perplexity 231.1021,
Train Epoch: [1/2] Iters:[13990/20018] transplant_loss 2.3772, rec_loss 0.0242, p_loss 0.1865, quant_error 0.2158, utilization 1.0000, perplexity 230.8599,
Train Epoch: [1/2] Iters:[14000/20018] transplant_loss 2.3737, rec_loss 0.0241, p_loss 0.1864, quant_error 0.2154, utilization 1.0000, perplexity 230.5831,
Train Epoch: [1/2] Iters:[14010/20018] transplant_loss 2.3659, rec_loss 0.0240, p_loss 0.1866, quant_error 0.2144, utilization 1.0000, perplexity 230.8008,
Train Epoch: [1/2] Iters:[14020/20018] transplant_loss 2.3698, rec_loss 0.0242, p_loss 0.1857, quant_error 0.2150, utilization 1.0000, perplexity 230.6259,
Train Epoch: [1/2] Iters:[14030/20018] transplant_loss 2.3945, rec_loss 0.0246, p_loss 0.1874, quant_error 0.2178, utilization 1.0000, perplexity 230.9366,
Train Epoch: [1/2] Iters:[14040/20018] transplant_loss 2.3919, rec_loss 0.0249, p_loss 0.1879, quant_error 0.2171, utilization 1.0000, perplexity 230.8464,
Train Epoch: [1/2] Iters:[14050/20018] transplant_loss 2.3848, rec_loss 0.0248, p_loss 0.1881, quant_error 0.2161, utilization 1.0000, perplexity 230.9235,
Train Epoch: [1/2] Iters:[14060/20018] transplant_loss 2.3887, rec_loss 0.0245, p_loss 0.1880, quant_error 0.2163, utilization 1.0000, perplexity 230.4218,
Train Epoch: [1/2] Iters:[14070/20018] transplant_loss 2.3877, rec_loss 0.0245, p_loss 0.1894, quant_error 0.2156, utilization 1.0000, perplexity 230.7488,
Train Epoch: [1/2] Iters:[14080/20018] transplant_loss 2.3825, rec_loss 0.0245, p_loss 0.1882, quant_error 0.2151, utilization 1.0000, perplexity 230.3590,
Train Epoch: [1/2] Iters:[14090/20018] transplant_loss 2.3980, rec_loss 0.0245, p_loss 0.1882, quant_error 0.2170, utilization 1.0000, perplexity 230.5467,
Train Epoch: [1/2] Iters:[14100/20018] transplant_loss 2.4134, rec_loss 0.0246, p_loss 0.1873, quant_error 0.2190, utilization 1.0000, perplexity 230.6192,
Train Epoch: [1/2] Iters:[14110/20018] transplant_loss 2.4243, rec_loss 0.0249, p_loss 0.1876, quant_error 0.2206, utilization 1.0000, perplexity 231.0793,
Train Epoch: [1/2] Iters:[14120/20018] transplant_loss 2.4340, rec_loss 0.0252, p_loss 0.1871, quant_error 0.2217, utilization 1.0000, perplexity 230.8277,
Train Epoch: [1/2] Iters:[14130/20018] transplant_loss 2.4092, rec_loss 0.0246, p_loss 0.1854, quant_error 0.2190, utilization 1.0000, perplexity 230.6371,
Train Epoch: [1/2] Iters:[14140/20018] transplant_loss 2.3853, rec_loss 0.0244, p_loss 0.1855, quant_error 0.2159, utilization 1.0000, perplexity 230.4120,
Train Epoch: [1/2] Iters:[14150/20018] transplant_loss 2.3913, rec_loss 0.0249, p_loss 0.1874, quant_error 0.2163, utilization 1.0000, perplexity 230.7662,
Train Epoch: [1/2] Iters:[14160/20018] transplant_loss 2.3774, rec_loss 0.0245, p_loss 0.1862, quant_error 0.2147, utilization 1.0000, perplexity 230.3265,
Train Epoch: [1/2] Iters:[14170/20018] transplant_loss 2.3730, rec_loss 0.0244, p_loss 0.1863, quant_error 0.2145, utilization 1.0000, perplexity 230.4855,
Train Epoch: [1/2] Iters:[14180/20018] transplant_loss 2.3934, rec_loss 0.0247, p_loss 0.1880, quant_error 0.2166, utilization 1.0000, perplexity 230.9380,
Train Epoch: [1/2] Iters:[14190/20018] transplant_loss 2.4015, rec_loss 0.0247, p_loss 0.1888, quant_error 0.2176, utilization 1.0000, perplexity 231.1608,
Train Epoch: [1/2] Iters:[14200/20018] transplant_loss 2.4012, rec_loss 0.0245, p_loss 0.1880, quant_error 0.2185, utilization 1.0000, perplexity 230.8706,
Train Epoch: [1/2] Iters:[14210/20018] transplant_loss 2.4185, rec_loss 0.0249, p_loss 0.1887, quant_error 0.2207, utilization 1.0000, perplexity 231.3896,
Train Epoch: [1/2] Iters:[14220/20018] transplant_loss 2.3964, rec_loss 0.0243, p_loss 0.1876, quant_error 0.2179, utilization 1.0000, perplexity 230.9485,
Train Epoch: [1/2] Iters:[14230/20018] transplant_loss 2.3854, rec_loss 0.0241, p_loss 0.1866, quant_error 0.2168, utilization 1.0000, perplexity 230.5691,
Train Epoch: [1/2] Iters:[14240/20018] transplant_loss 2.3893, rec_loss 0.0243, p_loss 0.1850, quant_error 0.2177, utilization 1.0000, perplexity 229.9788,
Train Epoch: [1/2] Iters:[14250/20018] transplant_loss 2.3909, rec_loss 0.0244, p_loss 0.1857, quant_error 0.2175, utilization 1.0000, perplexity 230.0076,
Train Epoch: [1/2] Iters:[14260/20018] transplant_loss 2.3851, rec_loss 0.0245, p_loss 0.1856, quant_error 0.2165, utilization 1.0000, perplexity 229.9287,
Train Epoch: [1/2] Iters:[14270/20018] transplant_loss 2.4203, rec_loss 0.0251, p_loss 0.1878, quant_error 0.2206, utilization 1.0000, perplexity 231.2090,
Train Epoch: [1/2] Iters:[14280/20018] transplant_loss 2.4151, rec_loss 0.0252, p_loss 0.1879, quant_error 0.2200, utilization 1.0000, perplexity 231.2547,
Train Epoch: [1/2] Iters:[14290/20018] transplant_loss 2.4005, rec_loss 0.0247, p_loss 0.1881, quant_error 0.2182, utilization 1.0000, perplexity 231.6852,
Train Epoch: [1/2] Iters:[14300/20018] transplant_loss 2.3828, rec_loss 0.0246, p_loss 0.1889, quant_error 0.2155, utilization 1.0000, perplexity 231.6699,
Train Epoch: [1/2] Iters:[14310/20018] transplant_loss 2.3702, rec_loss 0.0245, p_loss 0.1882, quant_error 0.2139, utilization 1.0000, perplexity 231.2920,
Train Epoch: [1/2] Iters:[14320/20018] transplant_loss 2.3453, rec_loss 0.0240, p_loss 0.1867, quant_error 0.2111, utilization 1.0000, perplexity 230.2077,
Train Epoch: [1/2] Iters:[14330/20018] transplant_loss 2.3485, rec_loss 0.0240, p_loss 0.1863, quant_error 0.2113, utilization 1.0000, perplexity 230.5269,
Train Epoch: [1/2] Iters:[14340/20018] transplant_loss 2.3499, rec_loss 0.0242, p_loss 0.1860, quant_error 0.2112, utilization 1.0000, perplexity 230.1474,
Train Epoch: [1/2] Iters:[14350/20018] transplant_loss 2.3443, rec_loss 0.0239, p_loss 0.1845, quant_error 0.2106, utilization 1.0000, perplexity 229.9166,
Train Epoch: [1/2] Iters:[14360/20018] transplant_loss 2.3471, rec_loss 0.0240, p_loss 0.1845, quant_error 0.2111, utilization 1.0000, perplexity 229.9836,
Train Epoch: [1/2] Iters:[14370/20018] transplant_loss 2.3365, rec_loss 0.0237, p_loss 0.1833, quant_error 0.2098, utilization 1.0000, perplexity 229.9082,
Train Epoch: [1/2] Iters:[14380/20018] transplant_loss 2.3380, rec_loss 0.0238, p_loss 0.1836, quant_error 0.2099, utilization 1.0000, perplexity 229.9722,
Train Epoch: [1/2] Iters:[14390/20018] transplant_loss 2.3361, rec_loss 0.0236, p_loss 0.1836, quant_error 0.2098, utilization 1.0000, perplexity 230.4291,
Train Epoch: [1/2] Iters:[14400/20018] transplant_loss 2.3613, rec_loss 0.0240, p_loss 0.1836, quant_error 0.2127, utilization 1.0000, perplexity 230.8035,
Train Epoch: [1/2] Iters:[14410/20018] transplant_loss 2.3831, rec_loss 0.0243, p_loss 0.1856, quant_error 0.2155, utilization 1.0000, perplexity 231.4317,
Train Epoch: [1/2] Iters:[14420/20018] transplant_loss 2.3828, rec_loss 0.0243, p_loss 0.1859, quant_error 0.2157, utilization 1.0000, perplexity 231.5663,
Train Epoch: [1/2] Iters:[14430/20018] transplant_loss 2.3830, rec_loss 0.0243, p_loss 0.1862, quant_error 0.2159, utilization 1.0000, perplexity 230.8679,
Train Epoch: [1/2] Iters:[14440/20018] transplant_loss 2.4003, rec_loss 0.0246, p_loss 0.1877, quant_error 0.2180, utilization 1.0000, perplexity 231.0765,
Train Epoch: [1/2] Iters:[14450/20018] transplant_loss 2.4010, rec_loss 0.0248, p_loss 0.1885, quant_error 0.2181, utilization 1.0000, perplexity 231.3148,
Train Epoch: [1/2] Iters:[14460/20018] transplant_loss 2.3768, rec_loss 0.0243, p_loss 0.1865, quant_error 0.2147, utilization 1.0000, perplexity 230.9398,
Train Epoch: [1/2] Iters:[14470/20018] transplant_loss 2.3982, rec_loss 0.0246, p_loss 0.1880, quant_error 0.2172, utilization 1.0000, perplexity 230.8225,
Train Epoch: [1/2] Iters:[14480/20018] transplant_loss 2.4018, rec_loss 0.0247, p_loss 0.1875, quant_error 0.2173, utilization 1.0000, perplexity 231.0786,
Train Epoch: [1/2] Iters:[14490/20018] transplant_loss 2.4003, rec_loss 0.0247, p_loss 0.1866, quant_error 0.2170, utilization 1.0000, perplexity 230.5663,
Train Epoch: [1/2] Iters:[14500/20018] transplant_loss 2.3963, rec_loss 0.0245, p_loss 0.1867, quant_error 0.2168, utilization 1.0000, perplexity 230.4328,
Train Epoch: [1/2] Iters:[14510/20018] transplant_loss 2.3941, rec_loss 0.0245, p_loss 0.1871, quant_error 0.2171, utilization 1.0000, perplexity 230.3018,
Train Epoch: [1/2] Iters:[14520/20018] transplant_loss 2.3812, rec_loss 0.0242, p_loss 0.1857, quant_error 0.2156, utilization 1.0000, perplexity 230.1302,
Train Epoch: [1/2] Iters:[14530/20018] transplant_loss 2.3743, rec_loss 0.0242, p_loss 0.1859, quant_error 0.2149, utilization 1.0000, perplexity 230.2538,
Train Epoch: [1/2] Iters:[14540/20018] transplant_loss 2.3824, rec_loss 0.0242, p_loss 0.1859, quant_error 0.2160, utilization 1.0000, perplexity 230.7296,
Train Epoch: [1/2] Iters:[14550/20018] transplant_loss 2.3727, rec_loss 0.0239, p_loss 0.1857, quant_error 0.2148, utilization 1.0000, perplexity 230.5030,
Train Epoch: [1/2] Iters:[14560/20018] transplant_loss 2.3814, rec_loss 0.0238, p_loss 0.1852, quant_error 0.2160, utilization 1.0000, perplexity 230.7968,
Train Epoch: [1/2] Iters:[14570/20018] transplant_loss 2.3889, rec_loss 0.0240, p_loss 0.1855, quant_error 0.2169, utilization 1.0000, perplexity 231.3538,
Train Epoch: [1/2] Iters:[14580/20018] transplant_loss 2.3957, rec_loss 0.0241, p_loss 0.1855, quant_error 0.2178, utilization 1.0000, perplexity 231.3630,
Train Epoch: [1/2] Iters:[14590/20018] transplant_loss 2.3781, rec_loss 0.0237, p_loss 0.1853, quant_error 0.2156, utilization 1.0000, perplexity 231.3361,
Train Epoch: [1/2] Iters:[14600/20018] transplant_loss 2.3670, rec_loss 0.0236, p_loss 0.1846, quant_error 0.2141, utilization 1.0000, perplexity 231.2572,
Train Epoch: [1/2] Iters:[14610/20018] transplant_loss 2.3762, rec_loss 0.0241, p_loss 0.1858, quant_error 0.2151, utilization 1.0000, perplexity 231.2138,
Train Epoch: [1/2] Iters:[14620/20018] transplant_loss 2.3643, rec_loss 0.0241, p_loss 0.1866, quant_error 0.2134, utilization 1.0000, perplexity 231.1236,
Train Epoch: [1/2] Iters:[14630/20018] transplant_loss 2.3634, rec_loss 0.0243, p_loss 0.1870, quant_error 0.2132, utilization 1.0000, perplexity 231.0150,
Train Epoch: [1/2] Iters:[14640/20018] transplant_loss 2.3786, rec_loss 0.0246, p_loss 0.1876, quant_error 0.2152, utilization 1.0000, perplexity 231.1719,
Train Epoch: [1/2] Iters:[14650/20018] transplant_loss 2.3917, rec_loss 0.0245, p_loss 0.1874, quant_error 0.2170, utilization 1.0000, perplexity 231.4582,
Train Epoch: [1/2] Iters:[14660/20018] transplant_loss 2.4061, rec_loss 0.0247, p_loss 0.1881, quant_error 0.2184, utilization 1.0000, perplexity 231.9355,
Train Epoch: [1/2] Iters:[14670/20018] transplant_loss 2.4046, rec_loss 0.0248, p_loss 0.1872, quant_error 0.2180, utilization 1.0000, perplexity 231.5014,
Train Epoch: [1/2] Iters:[14680/20018] transplant_loss 2.4026, rec_loss 0.0245, p_loss 0.1875, quant_error 0.2178, utilization 1.0000, perplexity 231.7514,
Train Epoch: [1/2] Iters:[14690/20018] transplant_loss 2.3820, rec_loss 0.0243, p_loss 0.1870, quant_error 0.2151, utilization 1.0000, perplexity 231.7086,
Train Epoch: [1/2] Iters:[14700/20018] transplant_loss 2.3802, rec_loss 0.0247, p_loss 0.1871, quant_error 0.2150, utilization 1.0000, perplexity 231.2379,
Train Epoch: [1/2] Iters:[14710/20018] transplant_loss 2.3609, rec_loss 0.0243, p_loss 0.1857, quant_error 0.2128, utilization 1.0000, perplexity 230.8198,
Train Epoch: [1/2] Iters:[14720/20018] transplant_loss 2.3686, rec_loss 0.0241, p_loss 0.1860, quant_error 0.2139, utilization 1.0000, perplexity 231.3018,
Train Epoch: [1/2] Iters:[14730/20018] transplant_loss 2.3727, rec_loss 0.0242, p_loss 0.1859, quant_error 0.2143, utilization 1.0000, perplexity 231.0188,
Train Epoch: [1/2] Iters:[14740/20018] transplant_loss 2.3766, rec_loss 0.0242, p_loss 0.1850, quant_error 0.2148, utilization 1.0000, perplexity 230.7483,
Train Epoch: [1/2] Iters:[14750/20018] transplant_loss 2.3738, rec_loss 0.0240, p_loss 0.1848, quant_error 0.2141, utilization 1.0000, perplexity 230.9443,
Train Epoch: [1/2] Iters:[14760/20018] transplant_loss 2.3625, rec_loss 0.0238, p_loss 0.1856, quant_error 0.2130, utilization 1.0000, perplexity 230.9193,
Train Epoch: [1/2] Iters:[14770/20018] transplant_loss 2.3491, rec_loss 0.0238, p_loss 0.1849, quant_error 0.2111, utilization 1.0000, perplexity 230.2885,
Train Epoch: [1/2] Iters:[14780/20018] transplant_loss 2.3605, rec_loss 0.0237, p_loss 0.1848, quant_error 0.2127, utilization 1.0000, perplexity 230.7394,
Train Epoch: [1/2] Iters:[14790/20018] transplant_loss 2.3514, rec_loss 0.0233, p_loss 0.1850, quant_error 0.2117, utilization 1.0000, perplexity 230.6122,
Train Epoch: [1/2] Iters:[14800/20018] transplant_loss 2.3753, rec_loss 0.0239, p_loss 0.1861, quant_error 0.2146, utilization 1.0000, perplexity 230.9470,
Train Epoch: [1/2] Iters:[14810/20018] transplant_loss 2.3923, rec_loss 0.0240, p_loss 0.1851, quant_error 0.2167, utilization 1.0000, perplexity 231.3927,
Train Epoch: [1/2] Iters:[14820/20018] transplant_loss 2.4195, rec_loss 0.0243, p_loss 0.1864, quant_error 0.2201, utilization 1.0000, perplexity 232.0655,
Train Epoch: [1/2] Iters:[14830/20018] transplant_loss 2.4068, rec_loss 0.0246, p_loss 0.1868, quant_error 0.2182, utilization 1.0000, perplexity 232.0912,
Train Epoch: [1/2] Iters:[14840/20018] transplant_loss 2.4143, rec_loss 0.0247, p_loss 0.1876, quant_error 0.2191, utilization 1.0000, perplexity 231.9240,
Train Epoch: [1/2] Iters:[14850/20018] transplant_loss 2.3884, rec_loss 0.0242, p_loss 0.1864, quant_error 0.2162, utilization 1.0000, perplexity 231.3415,
Train Epoch: [1/2] Iters:[14860/20018] transplant_loss 2.3677, rec_loss 0.0241, p_loss 0.1868, quant_error 0.2137, utilization 1.0000, perplexity 230.4326,
Train Epoch: [1/2] Iters:[14870/20018] transplant_loss 2.3438, rec_loss 0.0237, p_loss 0.1853, quant_error 0.2111, utilization 1.0000, perplexity 230.3551,
Train Epoch: [1/2] Iters:[14880/20018] transplant_loss 2.3330, rec_loss 0.0235, p_loss 0.1849, quant_error 0.2097, utilization 1.0000, perplexity 229.7854,
Train Epoch: [1/2] Iters:[14890/20018] transplant_loss 2.3680, rec_loss 0.0240, p_loss 0.1852, quant_error 0.2144, utilization 1.0000, perplexity 229.8556,
Train Epoch: [1/2] Iters:[14900/20018] transplant_loss 2.3776, rec_loss 0.0241, p_loss 0.1855, quant_error 0.2150, utilization 1.0000, perplexity 230.0803,
Train Epoch: [1/2] Iters:[14910/20018] transplant_loss 2.4020, rec_loss 0.0244, p_loss 0.1860, quant_error 0.2176, utilization 1.0000, perplexity 230.8739,
Train Epoch: [1/2] Iters:[14920/20018] transplant_loss 2.4177, rec_loss 0.0247, p_loss 0.1876, quant_error 0.2193, utilization 1.0000, perplexity 230.3603,
Train Epoch: [1/2] Iters:[14930/20018] transplant_loss 2.4347, rec_loss 0.0249, p_loss 0.1881, quant_error 0.2216, utilization 1.0000, perplexity 231.2563,
Train Epoch: [1/2] Iters:[14940/20018] transplant_loss 2.4020, rec_loss 0.0245, p_loss 0.1874, quant_error 0.2171, utilization 1.0000, perplexity 231.4171,
Train Epoch: [1/2] Iters:[14950/20018] transplant_loss 2.3845, rec_loss 0.0242, p_loss 0.1865, quant_error 0.2153, utilization 1.0000, perplexity 231.4594,
Train Epoch: [1/2] Iters:[14960/20018] transplant_loss 2.3667, rec_loss 0.0240, p_loss 0.1857, quant_error 0.2135, utilization 1.0000, perplexity 231.1042,
Train Epoch: [1/2] Iters:[14970/20018] transplant_loss 2.3578, rec_loss 0.0238, p_loss 0.1852, quant_error 0.2125, utilization 1.0000, perplexity 231.1126,
Train Epoch: [1/2] Iters:[14980/20018] transplant_loss 2.3543, rec_loss 0.0239, p_loss 0.1850, quant_error 0.2117, utilization 1.0000, perplexity 230.5130,
Train Epoch: [1/2] Iters:[14990/20018] transplant_loss 2.3645, rec_loss 0.0241, p_loss 0.1852, quant_error 0.2125, utilization 1.0000, perplexity 230.4556,
Train Epoch: [1/2] Iters:[15000/20018] transplant_loss 2.3761, rec_loss 0.0244, p_loss 0.1863, quant_error 0.2143, utilization 1.0000, perplexity 230.8475,
Train Epoch: [1/2] Iters:[15010/20018] transplant_loss 2.3769, rec_loss 0.0244, p_loss 0.1859, quant_error 0.2145, utilization 1.0000, perplexity 230.8163,
Train Epoch: [1/2] Iters:[15020/20018] transplant_loss 2.3893, rec_loss 0.0246, p_loss 0.1857, quant_error 0.2157, utilization 1.0000, perplexity 231.3203,
Train Epoch: [1/2] Iters:[15030/20018] transplant_loss 2.3800, rec_loss 0.0244, p_loss 0.1857, quant_error 0.2148, utilization 1.0000, perplexity 231.2039,
Train Epoch: [1/2] Iters:[15040/20018] transplant_loss 2.3835, rec_loss 0.0245, p_loss 0.1863, quant_error 0.2156, utilization 1.0000, perplexity 231.5233,
Train Epoch: [1/2] Iters:[15050/20018] transplant_loss 2.3828, rec_loss 0.0246, p_loss 0.1861, quant_error 0.2152, utilization 1.0000, perplexity 230.9144,
Train Epoch: [1/2] Iters:[15060/20018] transplant_loss 2.3770, rec_loss 0.0244, p_loss 0.1865, quant_error 0.2142, utilization 1.0000, perplexity 231.2737,
Train Epoch: [1/2] Iters:[15070/20018] transplant_loss 2.3690, rec_loss 0.0243, p_loss 0.1866, quant_error 0.2131, utilization 1.0000, perplexity 231.1325,
Train Epoch: [1/2] Iters:[15080/20018] transplant_loss 2.3923, rec_loss 0.0247, p_loss 0.1868, quant_error 0.2162, utilization 1.0000, perplexity 231.6280,
Train Epoch: [1/2] Iters:[15090/20018] transplant_loss 2.3927, rec_loss 0.0247, p_loss 0.1872, quant_error 0.2161, utilization 1.0000, perplexity 231.6981,
Train Epoch: [1/2] Iters:[15100/20018] transplant_loss 2.4169, rec_loss 0.0251, p_loss 0.1887, quant_error 0.2190, utilization 1.0000, perplexity 232.3167,
Train Epoch: [1/2] Iters:[15110/20018] transplant_loss 2.4184, rec_loss 0.0250, p_loss 0.1880, quant_error 0.2195, utilization 1.0000, perplexity 231.6581,
Train Epoch: [1/2] Iters:[15120/20018] transplant_loss 2.4180, rec_loss 0.0249, p_loss 0.1881, quant_error 0.2197, utilization 1.0000, perplexity 231.9451,
Train Epoch: [1/2] Iters:[15130/20018] transplant_loss 2.3876, rec_loss 0.0243, p_loss 0.1866, quant_error 0.2161, utilization 1.0000, perplexity 231.4287,
Train Epoch: [1/2] Iters:[15140/20018] transplant_loss 2.3746, rec_loss 0.0241, p_loss 0.1851, quant_error 0.2147, utilization 1.0000, perplexity 231.0026,
Train Epoch: [1/2] Iters:[15150/20018] transplant_loss 2.3574, rec_loss 0.0240, p_loss 0.1834, quant_error 0.2125, utilization 1.0000, perplexity 231.0879,
Train Epoch: [1/2] Iters:[15160/20018] transplant_loss 2.3667, rec_loss 0.0243, p_loss 0.1847, quant_error 0.2131, utilization 1.0000, perplexity 231.3826,
Train Epoch: [1/2] Iters:[15170/20018] transplant_loss 2.3698, rec_loss 0.0245, p_loss 0.1851, quant_error 0.2133, utilization 1.0000, perplexity 231.0588,
Train Epoch: [1/2] Iters:[15180/20018] transplant_loss 2.3875, rec_loss 0.0248, p_loss 0.1867, quant_error 0.2154, utilization 1.0000, perplexity 231.4742,
Train Epoch: [1/2] Iters:[15190/20018] transplant_loss 2.3877, rec_loss 0.0245, p_loss 0.1878, quant_error 0.2152, utilization 1.0000, perplexity 231.5354,
Train Epoch: [1/2] Iters:[15200/20018] transplant_loss 2.3830, rec_loss 0.0242, p_loss 0.1881, quant_error 0.2146, utilization 1.0000, perplexity 231.4444,
Train Epoch: [1/2] Iters:[15210/20018] transplant_loss 2.3785, rec_loss 0.0244, p_loss 0.1879, quant_error 0.2140, utilization 1.0000, perplexity 231.4569,
Train Epoch: [1/2] Iters:[15220/20018] transplant_loss 2.3803, rec_loss 0.0242, p_loss 0.1876, quant_error 0.2143, utilization 1.0000, perplexity 231.3870,
Train Epoch: [1/2] Iters:[15230/20018] transplant_loss 2.3697, rec_loss 0.0239, p_loss 0.1864, quant_error 0.2130, utilization 1.0000, perplexity 230.8961,
Train Epoch: [1/2] Iters:[15240/20018] transplant_loss 2.3603, rec_loss 0.0239, p_loss 0.1851, quant_error 0.2122, utilization 1.0000, perplexity 230.9316,
Train Epoch: [1/2] Iters:[15250/20018] transplant_loss 2.3529, rec_loss 0.0238, p_loss 0.1849, quant_error 0.2116, utilization 1.0000, perplexity 230.5021,
Train Epoch: [1/2] Iters:[15260/20018] transplant_loss 2.3661, rec_loss 0.0238, p_loss 0.1853, quant_error 0.2133, utilization 1.0000, perplexity 230.8358,
Train Epoch: [1/2] Iters:[15270/20018] transplant_loss 2.3597, rec_loss 0.0238, p_loss 0.1846, quant_error 0.2124, utilization 1.0000, perplexity 231.0458,
Train Epoch: [1/2] Iters:[15280/20018] transplant_loss 2.3686, rec_loss 0.0240, p_loss 0.1853, quant_error 0.2133, utilization 1.0000, perplexity 231.7426,
Train Epoch: [1/2] Iters:[15290/20018] transplant_loss 2.3819, rec_loss 0.0240, p_loss 0.1858, quant_error 0.2149, utilization 1.0000, perplexity 231.8779,
Train Epoch: [1/2] Iters:[15300/20018] transplant_loss 2.3867, rec_loss 0.0240, p_loss 0.1852, quant_error 0.2155, utilization 1.0000, perplexity 231.5926,
Train Epoch: [1/2] Iters:[15310/20018] transplant_loss 2.3672, rec_loss 0.0239, p_loss 0.1846, quant_error 0.2131, utilization 1.0000, perplexity 230.8129,
Train Epoch: [1/2] Iters:[15320/20018] transplant_loss 2.3804, rec_loss 0.0239, p_loss 0.1856, quant_error 0.2150, utilization 1.0000, perplexity 230.9667,
Train Epoch: [1/2] Iters:[15330/20018] transplant_loss 2.3660, rec_loss 0.0239, p_loss 0.1853, quant_error 0.2135, utilization 1.0000, perplexity 230.2639,
Train Epoch: [1/2] Iters:[15340/20018] transplant_loss 2.3652, rec_loss 0.0239, p_loss 0.1850, quant_error 0.2138, utilization 1.0000, perplexity 230.0171,
Train Epoch: [1/2] Iters:[15350/20018] transplant_loss 2.3760, rec_loss 0.0244, p_loss 0.1866, quant_error 0.2146, utilization 1.0000, perplexity 230.4343,
Train Epoch: [1/2] Iters:[15360/20018] transplant_loss 2.3809, rec_loss 0.0242, p_loss 0.1855, quant_error 0.2156, utilization 1.0000, perplexity 230.9260,
Train Epoch: [1/2] Iters:[15370/20018] transplant_loss 2.3789, rec_loss 0.0244, p_loss 0.1855, quant_error 0.2152, utilization 1.0000, perplexity 230.8940,
Train Epoch: [1/2] Iters:[15380/20018] transplant_loss 2.3761, rec_loss 0.0241, p_loss 0.1848, quant_error 0.2149, utilization 1.0000, perplexity 231.2016,
Train Epoch: [1/2] Iters:[15390/20018] transplant_loss 2.3657, rec_loss 0.0241, p_loss 0.1848, quant_error 0.2130, utilization 1.0000, perplexity 231.2260,
Train Epoch: [1/2] Iters:[15400/20018] transplant_loss 2.3523, rec_loss 0.0237, p_loss 0.1839, quant_error 0.2115, utilization 1.0000, perplexity 231.7304,
Train Epoch: [1/2] Iters:[15410/20018] transplant_loss 2.3698, rec_loss 0.0239, p_loss 0.1850, quant_error 0.2134, utilization 1.0000, perplexity 232.4346,
Train Epoch: [1/2] Iters:[15420/20018] transplant_loss 2.3501, rec_loss 0.0237, p_loss 0.1833, quant_error 0.2109, utilization 1.0000, perplexity 232.0794,
Train Epoch: [1/2] Iters:[15430/20018] transplant_loss 2.3692, rec_loss 0.0242, p_loss 0.1845, quant_error 0.2131, utilization 1.0000, perplexity 231.8260,
Train Epoch: [1/2] Iters:[15440/20018] transplant_loss 2.3658, rec_loss 0.0239, p_loss 0.1841, quant_error 0.2129, utilization 1.0000, perplexity 231.8457,
Train Epoch: [1/2] Iters:[15450/20018] transplant_loss 2.3645, rec_loss 0.0239, p_loss 0.1844, quant_error 0.2131, utilization 1.0000, perplexity 231.4089,
Train Epoch: [1/2] Iters:[15460/20018] transplant_loss 2.3640, rec_loss 0.0238, p_loss 0.1846, quant_error 0.2130, utilization 1.0000, perplexity 231.0651,
Train Epoch: [1/2] Iters:[15470/20018] transplant_loss 2.3735, rec_loss 0.0240, p_loss 0.1857, quant_error 0.2140, utilization 1.0000, perplexity 230.8844,
Train Epoch: [1/2] Iters:[15480/20018] transplant_loss 2.3815, rec_loss 0.0241, p_loss 0.1858, quant_error 0.2150, utilization 1.0000, perplexity 231.5894,
Train Epoch: [1/2] Iters:[15490/20018] transplant_loss 2.3943, rec_loss 0.0244, p_loss 0.1861, quant_error 0.2166, utilization 1.0000, perplexity 231.4442,
Train Epoch: [1/2] Iters:[15500/20018] transplant_loss 2.4143, rec_loss 0.0247, p_loss 0.1869, quant_error 0.2184, utilization 1.0000, perplexity 232.0421,
Train Epoch: [1/2] Iters:[15510/20018] transplant_loss 2.4107, rec_loss 0.0249, p_loss 0.1867, quant_error 0.2179, utilization 1.0000, perplexity 231.3933,
Train Epoch: [1/2] Iters:[15520/20018] transplant_loss 2.3936, rec_loss 0.0245, p_loss 0.1860, quant_error 0.2160, utilization 1.0000, perplexity 231.6413,
Train Epoch: [1/2] Iters:[15530/20018] transplant_loss 2.3915, rec_loss 0.0243, p_loss 0.1859, quant_error 0.2159, utilization 1.0000, perplexity 231.2881,
Train Epoch: [1/2] Iters:[15540/20018] transplant_loss 2.3780, rec_loss 0.0241, p_loss 0.1852, quant_error 0.2143, utilization 1.0000, perplexity 231.3759,
Train Epoch: [1/2] Iters:[15550/20018] transplant_loss 2.3674, rec_loss 0.0241, p_loss 0.1844, quant_error 0.2133, utilization 1.0000, perplexity 230.8988,
Train Epoch: [1/2] Iters:[15560/20018] transplant_loss 2.3545, rec_loss 0.0238, p_loss 0.1846, quant_error 0.2117, utilization 1.0000, perplexity 230.9343,
Train Epoch: [1/2] Iters:[15570/20018] transplant_loss 2.3694, rec_loss 0.0241, p_loss 0.1857, quant_error 0.2138, utilization 1.0000, perplexity 231.1424,
Train Epoch: [1/2] Iters:[15580/20018] transplant_loss 2.3501, rec_loss 0.0238, p_loss 0.1855, quant_error 0.2112, utilization 1.0000, perplexity 230.5541,
Train Epoch: [1/2] Iters:[15590/20018] transplant_loss 2.3753, rec_loss 0.0242, p_loss 0.1865, quant_error 0.2140, utilization 1.0000, perplexity 231.1000,
Train Epoch: [1/2] Iters:[15600/20018] transplant_loss 2.3607, rec_loss 0.0238, p_loss 0.1857, quant_error 0.2124, utilization 1.0000, perplexity 230.8749,
Train Epoch: [1/2] Iters:[15610/20018] transplant_loss 2.3642, rec_loss 0.0239, p_loss 0.1856, quant_error 0.2129, utilization 1.0000, perplexity 231.2152,
Train Epoch: [1/2] Iters:[15620/20018] transplant_loss 2.3746, rec_loss 0.0241, p_loss 0.1854, quant_error 0.2139, utilization 1.0000, perplexity 231.1914,
Train Epoch: [1/2] Iters:[15630/20018] transplant_loss 2.4067, rec_loss 0.0249, p_loss 0.1866, quant_error 0.2175, utilization 1.0000, perplexity 231.9024,
Train Epoch: [1/2] Iters:[15640/20018] transplant_loss 2.4009, rec_loss 0.0250, p_loss 0.1865, quant_error 0.2171, utilization 1.0000, perplexity 231.0771,
Train Epoch: [1/2] Iters:[15650/20018] transplant_loss 2.4077, rec_loss 0.0248, p_loss 0.1863, quant_error 0.2180, utilization 1.0000, perplexity 231.3323,
Train Epoch: [1/2] Iters:[15660/20018] transplant_loss 2.4299, rec_loss 0.0249, p_loss 0.1859, quant_error 0.2210, utilization 1.0000, perplexity 231.2127,
Train Epoch: [1/2] Iters:[15670/20018] transplant_loss 2.4205, rec_loss 0.0246, p_loss 0.1856, quant_error 0.2199, utilization 1.0000, perplexity 230.7047,
Train Epoch: [1/2] Iters:[15680/20018] transplant_loss 2.3887, rec_loss 0.0238, p_loss 0.1850, quant_error 0.2161, utilization 1.0000, perplexity 230.6180,
Train Epoch: [1/2] Iters:[15690/20018] transplant_loss 2.3765, rec_loss 0.0236, p_loss 0.1853, quant_error 0.2142, utilization 1.0000, perplexity 231.4172,
Train Epoch: [1/2] Iters:[15700/20018] transplant_loss 2.3861, rec_loss 0.0241, p_loss 0.1864, quant_error 0.2152, utilization 1.0000, perplexity 231.3113,
Train Epoch: [1/2] Iters:[15710/20018] transplant_loss 2.3737, rec_loss 0.0239, p_loss 0.1864, quant_error 0.2131, utilization 1.0000, perplexity 231.4763,
Train Epoch: [1/2] Iters:[15720/20018] transplant_loss 2.3731, rec_loss 0.0240, p_loss 0.1862, quant_error 0.2130, utilization 1.0000, perplexity 231.8637,
Train Epoch: [1/2] Iters:[15730/20018] transplant_loss 2.3946, rec_loss 0.0244, p_loss 0.1861, quant_error 0.2159, utilization 1.0000, perplexity 232.0053,
Train Epoch: [1/2] Iters:[15740/20018] transplant_loss 2.3948, rec_loss 0.0244, p_loss 0.1864, quant_error 0.2160, utilization 1.0000, perplexity 231.3535,
Train Epoch: [1/2] Iters:[15750/20018] transplant_loss 2.3837, rec_loss 0.0242, p_loss 0.1866, quant_error 0.2146, utilization 1.0000, perplexity 231.2353,
Train Epoch: [1/2] Iters:[15760/20018] transplant_loss 2.3936, rec_loss 0.0244, p_loss 0.1864, quant_error 0.2168, utilization 1.0000, perplexity 231.2504,
Train Epoch: [1/2] Iters:[15770/20018] transplant_loss 2.3919, rec_loss 0.0243, p_loss 0.1862, quant_error 0.2165, utilization 1.0000, perplexity 231.1131,
Train Epoch: [1/2] Iters:[15780/20018] transplant_loss 2.3832, rec_loss 0.0240, p_loss 0.1858, quant_error 0.2154, utilization 1.0000, perplexity 230.8488,
Train Epoch: [1/2] Iters:[15790/20018] transplant_loss 2.3797, rec_loss 0.0240, p_loss 0.1855, quant_error 0.2150, utilization 1.0000, perplexity 231.3242,
Train Epoch: [1/2] Iters:[15800/20018] transplant_loss 2.3917, rec_loss 0.0243, p_loss 0.1857, quant_error 0.2165, utilization 1.0000, perplexity 231.7403,
Train Epoch: [1/2] Iters:[15810/20018] transplant_loss 2.4043, rec_loss 0.0248, p_loss 0.1871, quant_error 0.2171, utilization 1.0000, perplexity 232.1396,
Train Epoch: [1/2] Iters:[15820/20018] transplant_loss 2.4068, rec_loss 0.0251, p_loss 0.1880, quant_error 0.2173, utilization 1.0000, perplexity 231.9848,
Train Epoch: [1/2] Iters:[15830/20018] transplant_loss 2.3945, rec_loss 0.0249, p_loss 0.1879, quant_error 0.2156, utilization 1.0000, perplexity 232.1778,
Train Epoch: [1/2] Iters:[15840/20018] transplant_loss 2.3979, rec_loss 0.0248, p_loss 0.1869, quant_error 0.2161, utilization 1.0000, perplexity 231.3636,
Train Epoch: [1/2] Iters:[15850/20018] transplant_loss 2.4087, rec_loss 0.0249, p_loss 0.1865, quant_error 0.2175, utilization 1.0000, perplexity 231.3141,
Train Epoch: [1/2] Iters:[15860/20018] transplant_loss 2.3651, rec_loss 0.0240, p_loss 0.1845, quant_error 0.2123, utilization 1.0000, perplexity 230.5901,
Train Epoch: [1/2] Iters:[15870/20018] transplant_loss 2.3660, rec_loss 0.0238, p_loss 0.1844, quant_error 0.2127, utilization 1.0000, perplexity 230.7314,
Train Epoch: [1/2] Iters:[15880/20018] transplant_loss 2.3761, rec_loss 0.0243, p_loss 0.1856, quant_error 0.2139, utilization 1.0000, perplexity 230.4895,
Train Epoch: [1/2] Iters:[15890/20018] transplant_loss 2.3834, rec_loss 0.0246, p_loss 0.1860, quant_error 0.2144, utilization 1.0000, perplexity 231.3534,
Train Epoch: [1/2] Iters:[15900/20018] transplant_loss 2.3666, rec_loss 0.0240, p_loss 0.1854, quant_error 0.2125, utilization 1.0000, perplexity 230.9663,
Train Epoch: [1/2] Iters:[15910/20018] transplant_loss 2.3916, rec_loss 0.0246, p_loss 0.1869, quant_error 0.2158, utilization 1.0000, perplexity 231.4022,
Train Epoch: [1/2] Iters:[15920/20018] transplant_loss 2.4010, rec_loss 0.0247, p_loss 0.1864, quant_error 0.2168, utilization 1.0000, perplexity 231.6394,
Train Epoch: [1/2] Iters:[15930/20018] transplant_loss 2.4018, rec_loss 0.0244, p_loss 0.1853, quant_error 0.2172, utilization 1.0000, perplexity 231.4888,
Train Epoch: [1/2] Iters:[15940/20018] transplant_loss 2.4031, rec_loss 0.0243, p_loss 0.1858, quant_error 0.2175, utilization 1.0000, perplexity 231.3842,
Train Epoch: [1/2] Iters:[15950/20018] transplant_loss 2.3919, rec_loss 0.0243, p_loss 0.1856, quant_error 0.2159, utilization 1.0000, perplexity 231.7331,
Train Epoch: [1/2] Iters:[15960/20018] transplant_loss 2.3855, rec_loss 0.0240, p_loss 0.1849, quant_error 0.2151, utilization 1.0000, perplexity 231.4202,
Train Epoch: [1/2] Iters:[15970/20018] transplant_loss 2.3767, rec_loss 0.0240, p_loss 0.1855, quant_error 0.2140, utilization 1.0000, perplexity 231.2985,
Train Epoch: [1/2] Iters:[15980/20018] transplant_loss 2.3926, rec_loss 0.0243, p_loss 0.1861, quant_error 0.2157, utilization 1.0000, perplexity 231.7649,
Train Epoch: [1/2] Iters:[15990/20018] transplant_loss 2.3858, rec_loss 0.0242, p_loss 0.1855, quant_error 0.2153, utilization 1.0000, perplexity 231.6811,
Train Epoch: [1/2] Iters:[16000/20018] transplant_loss 2.3903, rec_loss 0.0242, p_loss 0.1865, quant_error 0.2159, utilization 1.0000, perplexity 231.2539,
Train Epoch: [1/2] Iters:[16010/20018] transplant_loss 2.3953, rec_loss 0.0244, p_loss 0.1874, quant_error 0.2162, utilization 1.0000, perplexity 231.7169,
Train Epoch: [1/2] Iters:[16020/20018] transplant_loss 2.3967, rec_loss 0.0243, p_loss 0.1868, quant_error 0.2165, utilization 1.0000, perplexity 231.7983,
Train Epoch: [1/2] Iters:[16030/20018] transplant_loss 2.3650, rec_loss 0.0237, p_loss 0.1863, quant_error 0.2129, utilization 1.0000, perplexity 231.1184,
Train Epoch: [1/2] Iters:[16040/20018] transplant_loss 2.3885, rec_loss 0.0241, p_loss 0.1867, quant_error 0.2159, utilization 1.0000, perplexity 230.9026,
Train Epoch: [1/2] Iters:[16050/20018] transplant_loss 2.3966, rec_loss 0.0240, p_loss 0.1863, quant_error 0.2168, utilization 1.0000, perplexity 231.5520,
Train Epoch: [1/2] Iters:[16060/20018] transplant_loss 2.3755, rec_loss 0.0237, p_loss 0.1859, quant_error 0.2143, utilization 1.0000, perplexity 231.1087,
Train Epoch: [1/2] Iters:[16070/20018] transplant_loss 2.3613, rec_loss 0.0233, p_loss 0.1856, quant_error 0.2128, utilization 1.0000, perplexity 231.1087,
Train Epoch: [1/2] Iters:[16080/20018] transplant_loss 2.3778, rec_loss 0.0235, p_loss 0.1854, quant_error 0.2156, utilization 1.0000, perplexity 231.6211,
Train Epoch: [1/2] Iters:[16090/20018] transplant_loss 2.3580, rec_loss 0.0231, p_loss 0.1848, quant_error 0.2129, utilization 1.0000, perplexity 232.0780,
Train Epoch: [1/2] Iters:[16100/20018] transplant_loss 2.3697, rec_loss 0.0232, p_loss 0.1852, quant_error 0.2147, utilization 1.0000, perplexity 231.5325,
Train Epoch: [1/2] Iters:[16110/20018] transplant_loss 2.3926, rec_loss 0.0237, p_loss 0.1843, quant_error 0.2175, utilization 1.0000, perplexity 232.0738,
Train Epoch: [1/2] Iters:[16120/20018] transplant_loss 2.4219, rec_loss 0.0246, p_loss 0.1857, quant_error 0.2206, utilization 1.0000, perplexity 232.2251,
Train Epoch: [1/2] Iters:[16130/20018] transplant_loss 2.4152, rec_loss 0.0247, p_loss 0.1860, quant_error 0.2188, utilization 1.0000, perplexity 231.7595,
Train Epoch: [1/2] Iters:[16140/20018] transplant_loss 2.4198, rec_loss 0.0248, p_loss 0.1857, quant_error 0.2192, utilization 1.0000, perplexity 231.8735,
Train Epoch: [1/2] Iters:[16150/20018] transplant_loss 2.4026, rec_loss 0.0249, p_loss 0.1858, quant_error 0.2165, utilization 1.0000, perplexity 232.0600,
Train Epoch: [1/2] Iters:[16160/20018] transplant_loss 2.3840, rec_loss 0.0244, p_loss 0.1862, quant_error 0.2143, utilization 1.0000, perplexity 231.6590,
Train Epoch: [1/2] Iters:[16170/20018] transplant_loss 2.3705, rec_loss 0.0241, p_loss 0.1862, quant_error 0.2127, utilization 1.0000, perplexity 231.5206,
Train Epoch: [1/2] Iters:[16180/20018] transplant_loss 2.3695, rec_loss 0.0243, p_loss 0.1861, quant_error 0.2125, utilization 1.0000, perplexity 231.8542,
Train Epoch: [1/2] Iters:[16190/20018] transplant_loss 2.3480, rec_loss 0.0240, p_loss 0.1869, quant_error 0.2098, utilization 1.0000, perplexity 231.3396,
Train Epoch: [1/2] Iters:[16200/20018] transplant_loss 2.3458, rec_loss 0.0237, p_loss 0.1862, quant_error 0.2096, utilization 1.0000, perplexity 231.1582,
Train Epoch: [1/2] Iters:[16210/20018] transplant_loss 2.3620, rec_loss 0.0240, p_loss 0.1862, quant_error 0.2117, utilization 1.0000, perplexity 231.3273,
Train Epoch: [1/2] Iters:[16220/20018] transplant_loss 2.3855, rec_loss 0.0242, p_loss 0.1865, quant_error 0.2146, utilization 1.0000, perplexity 232.0032,
Train Epoch: [1/2] Iters:[16230/20018] transplant_loss 2.3681, rec_loss 0.0236, p_loss 0.1858, quant_error 0.2127, utilization 1.0000, perplexity 231.6378,
Train Epoch: [1/2] Iters:[16240/20018] transplant_loss 2.3828, rec_loss 0.0240, p_loss 0.1861, quant_error 0.2146, utilization 1.0000, perplexity 232.0543,
Train Epoch: [1/2] Iters:[16250/20018] transplant_loss 2.3893, rec_loss 0.0242, p_loss 0.1864, quant_error 0.2154, utilization 1.0000, perplexity 231.8310,
Train Epoch: [1/2] Iters:[16260/20018] transplant_loss 2.4031, rec_loss 0.0246, p_loss 0.1875, quant_error 0.2168, utilization 1.0000, perplexity 232.1111,
Train Epoch: [1/2] Iters:[16270/20018] transplant_loss 2.3953, rec_loss 0.0245, p_loss 0.1870, quant_error 0.2157, utilization 1.0000, perplexity 231.6599,
Train Epoch: [1/2] Iters:[16280/20018] transplant_loss 2.3997, rec_loss 0.0247, p_loss 0.1866, quant_error 0.2162, utilization 1.0000, perplexity 231.7259,
Train Epoch: [1/2] Iters:[16290/20018] transplant_loss 2.3940, rec_loss 0.0244, p_loss 0.1854, quant_error 0.2154, utilization 1.0000, perplexity 231.5484,
Train Epoch: [1/2] Iters:[16300/20018] transplant_loss 2.3943, rec_loss 0.0242, p_loss 0.1856, quant_error 0.2158, utilization 1.0000, perplexity 231.8691,
Train Epoch: [1/2] Iters:[16310/20018] transplant_loss 2.3581, rec_loss 0.0236, p_loss 0.1843, quant_error 0.2117, utilization 1.0000, perplexity 231.1395,
Train Epoch: [1/2] Iters:[16320/20018] transplant_loss 2.3468, rec_loss 0.0235, p_loss 0.1856, quant_error 0.2102, utilization 1.0000, perplexity 230.9486,
Train Epoch: [1/2] Iters:[16330/20018] transplant_loss 2.3729, rec_loss 0.0240, p_loss 0.1863, quant_error 0.2135, utilization 1.0000, perplexity 231.5030,
Train Epoch: [1/2] Iters:[16340/20018] transplant_loss 2.3814, rec_loss 0.0241, p_loss 0.1871, quant_error 0.2148, utilization 1.0000, perplexity 231.5863,
Train Epoch: [1/2] Iters:[16350/20018] transplant_loss 2.3896, rec_loss 0.0243, p_loss 0.1865, quant_error 0.2155, utilization 1.0000, perplexity 232.0665,
Train Epoch: [1/2] Iters:[16360/20018] transplant_loss 2.4003, rec_loss 0.0245, p_loss 0.1864, quant_error 0.2166, utilization 1.0000, perplexity 232.2060,
Train Epoch: [1/2] Iters:[16370/20018] transplant_loss 2.3967, rec_loss 0.0244, p_loss 0.1851, quant_error 0.2163, utilization 1.0000, perplexity 232.6529,
Train Epoch: [1/2] Iters:[16380/20018] transplant_loss 2.3846, rec_loss 0.0241, p_loss 0.1854, quant_error 0.2150, utilization 1.0000, perplexity 232.7286,
Train Epoch: [1/2] Iters:[16390/20018] transplant_loss 2.3609, rec_loss 0.0239, p_loss 0.1844, quant_error 0.2119, utilization 1.0000, perplexity 231.9665,
Train Epoch: [1/2] Iters:[16400/20018] transplant_loss 2.3401, rec_loss 0.0238, p_loss 0.1844, quant_error 0.2092, utilization 1.0000, perplexity 231.5155,
Train Epoch: [1/2] Iters:[16410/20018] transplant_loss 2.3482, rec_loss 0.0240, p_loss 0.1844, quant_error 0.2098, utilization 1.0000, perplexity 231.5183,
Train Epoch: [1/2] Iters:[16420/20018] transplant_loss 2.3535, rec_loss 0.0239, p_loss 0.1844, quant_error 0.2105, utilization 1.0000, perplexity 231.1466,
Train Epoch: [1/2] Iters:[16430/20018] transplant_loss 2.3720, rec_loss 0.0242, p_loss 0.1849, quant_error 0.2123, utilization 1.0000, perplexity 231.0155,
Train Epoch: [1/2] Iters:[16440/20018] transplant_loss 2.3922, rec_loss 0.0243, p_loss 0.1848, quant_error 0.2151, utilization 1.0000, perplexity 231.5821,
Train Epoch: [1/2] Iters:[16450/20018] transplant_loss 2.4136, rec_loss 0.0246, p_loss 0.1857, quant_error 0.2176, utilization 1.0000, perplexity 231.6198,
Train Epoch: [1/2] Iters:[16460/20018] transplant_loss 2.4069, rec_loss 0.0244, p_loss 0.1863, quant_error 0.2170, utilization 1.0000, perplexity 231.8611,
Train Epoch: [1/2] Iters:[16470/20018] transplant_loss 2.4124, rec_loss 0.0248, p_loss 0.1864, quant_error 0.2175, utilization 1.0000, perplexity 232.1181,
Train Epoch: [1/2] Iters:[16480/20018] transplant_loss 2.3858, rec_loss 0.0245, p_loss 0.1851, quant_error 0.2144, utilization 1.0000, perplexity 231.5148,
Train Epoch: [1/2] Iters:[16490/20018] transplant_loss 2.3766, rec_loss 0.0243, p_loss 0.1863, quant_error 0.2131, utilization 1.0000, perplexity 231.1489,
Train Epoch: [1/2] Iters:[16500/20018] transplant_loss 2.3818, rec_loss 0.0243, p_loss 0.1862, quant_error 0.2139, utilization 1.0000, perplexity 231.0239,
Train Epoch: [1/2] Iters:[16510/20018] transplant_loss 2.3702, rec_loss 0.0242, p_loss 0.1851, quant_error 0.2125, utilization 1.0000, perplexity 230.4543,
Train Epoch: [1/2] Iters:[16520/20018] transplant_loss 2.3747, rec_loss 0.0245, p_loss 0.1861, quant_error 0.2129, utilization 1.0000, perplexity 230.4574,
Train Epoch: [1/2] Iters:[16530/20018] transplant_loss 2.3767, rec_loss 0.0245, p_loss 0.1869, quant_error 0.2131, utilization 1.0000, perplexity 230.6239,
Train Epoch: [1/2] Iters:[16540/20018] transplant_loss 2.3823, rec_loss 0.0247, p_loss 0.1869, quant_error 0.2139, utilization 1.0000, perplexity 231.3335,
Train Epoch: [1/2] Iters:[16550/20018] transplant_loss 2.3751, rec_loss 0.0245, p_loss 0.1861, quant_error 0.2134, utilization 1.0000, perplexity 231.6764,
Train Epoch: [1/2] Iters:[16560/20018] transplant_loss 2.3888, rec_loss 0.0248, p_loss 0.1872, quant_error 0.2149, utilization 1.0000, perplexity 232.3386,
Train Epoch: [1/2] Iters:[16570/20018] transplant_loss 2.3852, rec_loss 0.0243, p_loss 0.1868, quant_error 0.2149, utilization 1.0000, perplexity 232.2294,
Train Epoch: [1/2] Iters:[16580/20018] transplant_loss 2.3976, rec_loss 0.0244, p_loss 0.1873, quant_error 0.2161, utilization 1.0000, perplexity 233.0259,
Train Epoch: [1/2] Iters:[16590/20018] transplant_loss 2.4119, rec_loss 0.0244, p_loss 0.1869, quant_error 0.2178, utilization 1.0000, perplexity 232.8789,
Train Epoch: [1/2] Iters:[16600/20018] transplant_loss 2.4154, rec_loss 0.0248, p_loss 0.1876, quant_error 0.2177, utilization 1.0000, perplexity 232.7822,
Train Epoch: [1/2] Iters:[16610/20018] transplant_loss 2.4011, rec_loss 0.0245, p_loss 0.1869, quant_error 0.2162, utilization 1.0000, perplexity 232.1816,
Train Epoch: [1/2] Iters:[16620/20018] transplant_loss 2.3765, rec_loss 0.0242, p_loss 0.1859, quant_error 0.2127, utilization 1.0000, perplexity 231.8888,
Train Epoch: [1/2] Iters:[16630/20018] transplant_loss 2.3752, rec_loss 0.0243, p_loss 0.1853, quant_error 0.2128, utilization 1.0000, perplexity 231.7043,
Train Epoch: [1/2] Iters:[16640/20018] transplant_loss 2.3657, rec_loss 0.0240, p_loss 0.1853, quant_error 0.2119, utilization 1.0000, perplexity 231.8005,
Train Epoch: [1/2] Iters:[16650/20018] transplant_loss 2.3471, rec_loss 0.0235, p_loss 0.1839, quant_error 0.2099, utilization 1.0000, perplexity 231.7485,
Train Epoch: [1/2] Iters:[16660/20018] transplant_loss 2.3569, rec_loss 0.0239, p_loss 0.1834, quant_error 0.2111, utilization 1.0000, perplexity 232.2092,
Train Epoch: [1/2] Iters:[16670/20018] transplant_loss 2.3686, rec_loss 0.0241, p_loss 0.1839, quant_error 0.2129, utilization 1.0000, perplexity 231.9006,
Train Epoch: [1/2] Iters:[16680/20018] transplant_loss 2.3494, rec_loss 0.0238, p_loss 0.1841, quant_error 0.2103, utilization 1.0000, perplexity 231.5065,
Train Epoch: [1/2] Iters:[16690/20018] transplant_loss 2.3608, rec_loss 0.0241, p_loss 0.1855, quant_error 0.2113, utilization 1.0000, perplexity 232.0781,
Train Epoch: [1/2] Iters:[16700/20018] transplant_loss 2.3605, rec_loss 0.0242, p_loss 0.1860, quant_error 0.2109, utilization 1.0000, perplexity 231.8892,
Train Epoch: [1/2] Iters:[16710/20018] transplant_loss 2.3659, rec_loss 0.0240, p_loss 0.1876, quant_error 0.2115, utilization 1.0000, perplexity 232.0957,
Train Epoch: [1/2] Iters:[16720/20018] transplant_loss 2.3612, rec_loss 0.0239, p_loss 0.1870, quant_error 0.2106, utilization 1.0000, perplexity 232.2206,
Train Epoch: [1/2] Iters:[16730/20018] transplant_loss 2.3848, rec_loss 0.0246, p_loss 0.1876, quant_error 0.2133, utilization 1.0000, perplexity 232.6307,
Train Epoch: [1/2] Iters:[16740/20018] transplant_loss 2.3826, rec_loss 0.0247, p_loss 0.1861, quant_error 0.2134, utilization 1.0000, perplexity 231.8034,
Train Epoch: [1/2] Iters:[16750/20018] transplant_loss 2.3895, rec_loss 0.0249, p_loss 0.1868, quant_error 0.2142, utilization 1.0000, perplexity 231.9859,
Train Epoch: [1/2] Iters:[16760/20018] transplant_loss 2.3932, rec_loss 0.0253, p_loss 0.1859, quant_error 0.2144, utilization 1.0000, perplexity 231.5068,
Train Epoch: [1/2] Iters:[16770/20018] transplant_loss 2.3861, rec_loss 0.0248, p_loss 0.1841, quant_error 0.2143, utilization 1.0000, perplexity 231.8634,
Train Epoch: [1/2] Iters:[16780/20018] transplant_loss 2.3683, rec_loss 0.0238, p_loss 0.1831, quant_error 0.2126, utilization 1.0000, perplexity 231.3483,
Train Epoch: [1/2] Iters:[16790/20018] transplant_loss 2.3552, rec_loss 0.0234, p_loss 0.1835, quant_error 0.2105, utilization 1.0000, perplexity 231.6620,
Train Epoch: [1/2] Iters:[16800/20018] transplant_loss 2.3627, rec_loss 0.0236, p_loss 0.1841, quant_error 0.2111, utilization 1.0000, perplexity 232.1880,
Train Epoch: [1/2] Iters:[16810/20018] transplant_loss 2.3707, rec_loss 0.0234, p_loss 0.1855, quant_error 0.2125, utilization 1.0000, perplexity 233.0219,
Train Epoch: [1/2] Iters:[16820/20018] transplant_loss 2.3820, rec_loss 0.0240, p_loss 0.1880, quant_error 0.2134, utilization 1.0000, perplexity 233.1878,
Train Epoch: [1/2] Iters:[16830/20018] transplant_loss 2.3826, rec_loss 0.0241, p_loss 0.1877, quant_error 0.2134, utilization 1.0000, perplexity 233.2209,
Train Epoch: [1/2] Iters:[16840/20018] transplant_loss 2.3769, rec_loss 0.0240, p_loss 0.1871, quant_error 0.2129, utilization 1.0000, perplexity 232.9642,
Train Epoch: [1/2] Iters:[16850/20018] transplant_loss 2.3677, rec_loss 0.0237, p_loss 0.1866, quant_error 0.2123, utilization 1.0000, perplexity 232.5568,
Train Epoch: [1/2] Iters:[16860/20018] transplant_loss 2.3417, rec_loss 0.0236, p_loss 0.1848, quant_error 0.2089, utilization 1.0000, perplexity 231.6451,
Train Epoch: [1/2] Iters:[16870/20018] transplant_loss 2.3509, rec_loss 0.0237, p_loss 0.1837, quant_error 0.2099, utilization 1.0000, perplexity 231.7515,
Train Epoch: [1/2] Iters:[16880/20018] transplant_loss 2.3638, rec_loss 0.0241, p_loss 0.1840, quant_error 0.2112, utilization 1.0000, perplexity 232.1254,
Train Epoch: [1/2] Iters:[16890/20018] transplant_loss 2.3817, rec_loss 0.0244, p_loss 0.1841, quant_error 0.2135, utilization 1.0000, perplexity 232.3140,
Train Epoch: [1/2] Iters:[16900/20018] transplant_loss 2.3834, rec_loss 0.0243, p_loss 0.1838, quant_error 0.2139, utilization 1.0000, perplexity 232.3905,
Train Epoch: [1/2] Iters:[16910/20018] transplant_loss 2.4088, rec_loss 0.0243, p_loss 0.1851, quant_error 0.2171, utilization 1.0000, perplexity 232.5669,
Train Epoch: [1/2] Iters:[16920/20018] transplant_loss 2.3924, rec_loss 0.0242, p_loss 0.1856, quant_error 0.2150, utilization 1.0000, perplexity 232.2913,
Train Epoch: [1/2] Iters:[16930/20018] transplant_loss 2.3890, rec_loss 0.0241, p_loss 0.1859, quant_error 0.2152, utilization 1.0000, perplexity 231.8602,
Train Epoch: [1/2] Iters:[16940/20018] transplant_loss 2.3896, rec_loss 0.0241, p_loss 0.1855, quant_error 0.2154, utilization 1.0000, perplexity 231.4869,
Train Epoch: [1/2] Iters:[16950/20018] transplant_loss 2.3921, rec_loss 0.0243, p_loss 0.1852, quant_error 0.2152, utilization 1.0000, perplexity 231.0404,
Train Epoch: [1/2] Iters:[16960/20018] transplant_loss 2.3678, rec_loss 0.0242, p_loss 0.1840, quant_error 0.2121, utilization 1.0000, perplexity 230.9565,
Train Epoch: [1/2] Iters:[16970/20018] transplant_loss 2.3610, rec_loss 0.0239, p_loss 0.1832, quant_error 0.2115, utilization 1.0000, perplexity 230.9285,
Train Epoch: [1/2] Iters:[16980/20018] transplant_loss 2.3605, rec_loss 0.0239, p_loss 0.1833, quant_error 0.2113, utilization 1.0000, perplexity 231.2112,
Train Epoch: [1/2] Iters:[16990/20018] transplant_loss 2.3473, rec_loss 0.0241, p_loss 0.1842, quant_error 0.2094, utilization 1.0000, perplexity 231.3360,
Train Epoch: [1/2] Iters:[17000/20018] transplant_loss 2.3432, rec_loss 0.0241, p_loss 0.1846, quant_error 0.2088, utilization 1.0000, perplexity 231.4584,
Train Epoch: [1/2] Iters:[17010/20018] transplant_loss 2.3520, rec_loss 0.0239, p_loss 0.1854, quant_error 0.2102, utilization 1.0000, perplexity 231.3404,
Train Epoch: [1/2] Iters:[17020/20018] transplant_loss 2.3661, rec_loss 0.0240, p_loss 0.1856, quant_error 0.2121, utilization 1.0000, perplexity 231.7824,
Train Epoch: [1/2] Iters:[17030/20018] transplant_loss 2.3588, rec_loss 0.0236, p_loss 0.1849, quant_error 0.2114, utilization 1.0000, perplexity 231.3768,
Train Epoch: [1/2] Iters:[17040/20018] transplant_loss 2.3659, rec_loss 0.0235, p_loss 0.1849, quant_error 0.2124, utilization 1.0000, perplexity 231.6345,
Train Epoch: [1/2] Iters:[17050/20018] transplant_loss 2.3637, rec_loss 0.0233, p_loss 0.1841, quant_error 0.2125, utilization 1.0000, perplexity 232.0571,
Train Epoch: [1/2] Iters:[17060/20018] transplant_loss 2.3603, rec_loss 0.0234, p_loss 0.1832, quant_error 0.2120, utilization 1.0000, perplexity 232.3878,
Train Epoch: [1/2] Iters:[17070/20018] transplant_loss 2.3484, rec_loss 0.0234, p_loss 0.1838, quant_error 0.2106, utilization 1.0000, perplexity 231.7521,
Train Epoch: [1/2] Iters:[17080/20018] transplant_loss 2.3853, rec_loss 0.0240, p_loss 0.1862, quant_error 0.2145, utilization 1.0000, perplexity 232.8842,
Train Epoch: [1/2] Iters:[17090/20018] transplant_loss 2.3714, rec_loss 0.0236, p_loss 0.1860, quant_error 0.2126, utilization 1.0000, perplexity 232.7913,
Train Epoch: [1/2] Iters:[17100/20018] transplant_loss 2.3812, rec_loss 0.0240, p_loss 0.1867, quant_error 0.2134, utilization 1.0000, perplexity 232.5372,
Train Epoch: [1/2] Iters:[17110/20018] transplant_loss 2.4007, rec_loss 0.0244, p_loss 0.1875, quant_error 0.2159, utilization 1.0000, perplexity 232.7398,
Train Epoch: [1/2] Iters:[17120/20018] transplant_loss 2.3983, rec_loss 0.0243, p_loss 0.1866, quant_error 0.2154, utilization 1.0000, perplexity 232.8022,
Train Epoch: [1/2] Iters:[17130/20018] transplant_loss 2.3768, rec_loss 0.0241, p_loss 0.1850, quant_error 0.2129, utilization 1.0000, perplexity 232.2519,
Train Epoch: [1/2] Iters:[17140/20018] transplant_loss 2.3939, rec_loss 0.0243, p_loss 0.1851, quant_error 0.2153, utilization 1.0000, perplexity 232.5726,
Train Epoch: [1/2] Iters:[17150/20018] transplant_loss 2.3857, rec_loss 0.0239, p_loss 0.1843, quant_error 0.2150, utilization 1.0000, perplexity 232.0896,
Train Epoch: [1/2] Iters:[17160/20018] transplant_loss 2.3678, rec_loss 0.0238, p_loss 0.1841, quant_error 0.2122, utilization 1.0000, perplexity 231.5826,
Train Epoch: [1/2] Iters:[17170/20018] transplant_loss 2.3774, rec_loss 0.0241, p_loss 0.1841, quant_error 0.2132, utilization 1.0000, perplexity 231.4158,
Train Epoch: [1/2] Iters:[17180/20018] transplant_loss 2.3853, rec_loss 0.0243, p_loss 0.1842, quant_error 0.2143, utilization 1.0000, perplexity 231.4282,
Train Epoch: [1/2] Iters:[17190/20018] transplant_loss 2.3799, rec_loss 0.0243, p_loss 0.1848, quant_error 0.2135, utilization 1.0000, perplexity 230.8378,
Train Epoch: [1/2] Iters:[17200/20018] transplant_loss 2.3737, rec_loss 0.0243, p_loss 0.1854, quant_error 0.2122, utilization 1.0000, perplexity 231.3926,
Train Epoch: [1/2] Iters:[17210/20018] transplant_loss 2.3748, rec_loss 0.0242, p_loss 0.1853, quant_error 0.2128, utilization 1.0000, perplexity 231.8684,
Train Epoch: [1/2] Iters:[17220/20018] transplant_loss 2.3726, rec_loss 0.0241, p_loss 0.1862, quant_error 0.2125, utilization 1.0000, perplexity 232.1637,
Train Epoch: [1/2] Iters:[17230/20018] transplant_loss 2.3715, rec_loss 0.0241, p_loss 0.1864, quant_error 0.2126, utilization 1.0000, perplexity 232.1795,
Train Epoch: [1/2] Iters:[17240/20018] transplant_loss 2.3562, rec_loss 0.0238, p_loss 0.1849, quant_error 0.2111, utilization 1.0000, perplexity 232.1477,
Train Epoch: [1/2] Iters:[17250/20018] transplant_loss 2.3894, rec_loss 0.0243, p_loss 0.1853, quant_error 0.2152, utilization 1.0000, perplexity 232.9250,
Train Epoch: [1/2] Iters:[17260/20018] transplant_loss 2.4089, rec_loss 0.0242, p_loss 0.1857, quant_error 0.2177, utilization 1.0000, perplexity 233.4593,
Train Epoch: [1/2] Iters:[17270/20018] transplant_loss 2.4234, rec_loss 0.0242, p_loss 0.1849, quant_error 0.2198, utilization 1.0000, perplexity 233.7830,
Train Epoch: [1/2] Iters:[17280/20018] transplant_loss 2.4110, rec_loss 0.0238, p_loss 0.1840, quant_error 0.2181, utilization 1.0000, perplexity 233.5842,
Train Epoch: [1/2] Iters:[17290/20018] transplant_loss 2.4214, rec_loss 0.0241, p_loss 0.1846, quant_error 0.2188, utilization 1.0000, perplexity 233.5316,
Train Epoch: [1/2] Iters:[17300/20018] transplant_loss 2.4026, rec_loss 0.0239, p_loss 0.1839, quant_error 0.2167, utilization 1.0000, perplexity 232.3683,
Train Epoch: [1/2] Iters:[17310/20018] transplant_loss 2.3817, rec_loss 0.0238, p_loss 0.1832, quant_error 0.2138, utilization 1.0000, perplexity 231.9150,
Train Epoch: [1/2] Iters:[17320/20018] transplant_loss 2.3667, rec_loss 0.0236, p_loss 0.1833, quant_error 0.2119, utilization 1.0000, perplexity 231.5152,
Train Epoch: [1/2] Iters:[17330/20018] transplant_loss 2.3675, rec_loss 0.0237, p_loss 0.1840, quant_error 0.2117, utilization 1.0000, perplexity 231.5733,
Train Epoch: [1/2] Iters:[17340/20018] transplant_loss 2.3652, rec_loss 0.0233, p_loss 0.1841, quant_error 0.2118, utilization 1.0000, perplexity 231.7750,
Train Epoch: [1/2] Iters:[17350/20018] transplant_loss 2.3653, rec_loss 0.0235, p_loss 0.1843, quant_error 0.2115, utilization 1.0000, perplexity 231.9879,
Train Epoch: [1/2] Iters:[17360/20018] transplant_loss 2.3572, rec_loss 0.0235, p_loss 0.1848, quant_error 0.2101, utilization 1.0000, perplexity 231.8779,
Train Epoch: [1/2] Iters:[17370/20018] transplant_loss 2.3626, rec_loss 0.0238, p_loss 0.1858, quant_error 0.2104, utilization 1.0000, perplexity 232.3104,
Train Epoch: [1/2] Iters:[17380/20018] transplant_loss 2.3690, rec_loss 0.0241, p_loss 0.1861, quant_error 0.2108, utilization 1.0000, perplexity 232.4788,
Train Epoch: [1/2] Iters:[17390/20018] transplant_loss 2.3775, rec_loss 0.0244, p_loss 0.1858, quant_error 0.2117, utilization 1.0000, perplexity 232.8708,
Train Epoch: [1/2] Iters:[17400/20018] transplant_loss 2.3737, rec_loss 0.0243, p_loss 0.1859, quant_error 0.2116, utilization 1.0000, perplexity 233.0801,
Train Epoch: [1/2] Iters:[17410/20018] transplant_loss 2.3663, rec_loss 0.0241, p_loss 0.1851, quant_error 0.2111, utilization 1.0000, perplexity 233.1748,
Train Epoch: [1/2] Iters:[17420/20018] transplant_loss 2.3568, rec_loss 0.0241, p_loss 0.1844, quant_error 0.2101, utilization 1.0000, perplexity 232.7886,
Train Epoch: [1/2] Iters:[17430/20018] transplant_loss 2.3446, rec_loss 0.0236, p_loss 0.1838, quant_error 0.2095, utilization 1.0000, perplexity 232.6560,
Train Epoch: [1/2] Iters:[17440/20018] transplant_loss 2.3346, rec_loss 0.0235, p_loss 0.1834, quant_error 0.2083, utilization 1.0000, perplexity 231.9066,
Train Epoch: [1/2] Iters:[17450/20018] transplant_loss 2.3411, rec_loss 0.0236, p_loss 0.1836, quant_error 0.2086, utilization 1.0000, perplexity 231.8212,
Train Epoch: [1/2] Iters:[17460/20018] transplant_loss 2.3772, rec_loss 0.0242, p_loss 0.1852, quant_error 0.2126, utilization 1.0000, perplexity 231.9383,
Train Epoch: [1/2] Iters:[17470/20018] transplant_loss 2.3711, rec_loss 0.0238, p_loss 0.1849, quant_error 0.2121, utilization 1.0000, perplexity 231.8961,
Train Epoch: [1/2] Iters:[17480/20018] transplant_loss 2.4128, rec_loss 0.0246, p_loss 0.1863, quant_error 0.2167, utilization 1.0000, perplexity 232.4805,
Train Epoch: [1/2] Iters:[17490/20018] transplant_loss 2.4247, rec_loss 0.0246, p_loss 0.1867, quant_error 0.2183, utilization 1.0000, perplexity 233.1115,
Train Epoch: [1/2] Iters:[17500/20018] transplant_loss 2.4165, rec_loss 0.0244, p_loss 0.1861, quant_error 0.2173, utilization 1.0000, perplexity 233.5079,
Train Epoch: [1/2] Iters:[17510/20018] transplant_loss 2.4017, rec_loss 0.0240, p_loss 0.1852, quant_error 0.2161, utilization 1.0000, perplexity 233.3103,
Train Epoch: [1/2] Iters:[17520/20018] transplant_loss 2.4279, rec_loss 0.0249, p_loss 0.1862, quant_error 0.2192, utilization 1.0000, perplexity 233.6390,
Train Epoch: [1/2] Iters:[17530/20018] transplant_loss 2.4003, rec_loss 0.0246, p_loss 0.1860, quant_error 0.2159, utilization 1.0000, perplexity 233.1167,
Train Epoch: [1/2] Iters:[17540/20018] transplant_loss 2.3959, rec_loss 0.0246, p_loss 0.1860, quant_error 0.2156, utilization 1.0000, perplexity 232.9919,
Train Epoch: [1/2] Iters:[17550/20018] transplant_loss 2.3931, rec_loss 0.0247, p_loss 0.1861, quant_error 0.2155, utilization 1.0000, perplexity 232.3614,
Train Epoch: [1/2] Iters:[17560/20018] transplant_loss 2.3958, rec_loss 0.0248, p_loss 0.1866, quant_error 0.2156, utilization 1.0000, perplexity 232.8360,
Train Epoch: [1/2] Iters:[17570/20018] transplant_loss 2.3918, rec_loss 0.0244, p_loss 0.1860, quant_error 0.2152, utilization 1.0000, perplexity 232.5908,
Train Epoch: [1/2] Iters:[17580/20018] transplant_loss 2.3837, rec_loss 0.0242, p_loss 0.1851, quant_error 0.2142, utilization 1.0000, perplexity 232.6779,
Train Epoch: [1/2] Iters:[17590/20018] transplant_loss 2.4116, rec_loss 0.0246, p_loss 0.1869, quant_error 0.2170, utilization 1.0000, perplexity 233.0400,
Train Epoch: [1/2] Iters:[17600/20018] transplant_loss 2.4045, rec_loss 0.0245, p_loss 0.1869, quant_error 0.2158, utilization 1.0000, perplexity 233.2141,
Train Epoch: [1/2] Iters:[17610/20018] transplant_loss 2.3872, rec_loss 0.0243, p_loss 0.1866, quant_error 0.2140, utilization 1.0000, perplexity 232.2561,
Train Epoch: [1/2] Iters:[17620/20018] transplant_loss 2.3754, rec_loss 0.0241, p_loss 0.1867, quant_error 0.2124, utilization 1.0000, perplexity 232.1812,
Train Epoch: [1/2] Iters:[17630/20018] transplant_loss 2.3801, rec_loss 0.0242, p_loss 0.1866, quant_error 0.2128, utilization 1.0000, perplexity 231.7504,
Train Epoch: [1/2] Iters:[17640/20018] transplant_loss 2.3508, rec_loss 0.0238, p_loss 0.1855, quant_error 0.2092, utilization 1.0000, perplexity 230.9653,
Train Epoch: [1/2] Iters:[17650/20018] transplant_loss 2.3567, rec_loss 0.0237, p_loss 0.1860, quant_error 0.2102, utilization 1.0000, perplexity 230.8738,
Train Epoch: [1/2] Iters:[17660/20018] transplant_loss 2.3786, rec_loss 0.0240, p_loss 0.1871, quant_error 0.2128, utilization 1.0000, perplexity 231.7899,
Train Epoch: [1/2] Iters:[17670/20018] transplant_loss 2.4036, rec_loss 0.0248, p_loss 0.1876, quant_error 0.2161, utilization 1.0000, perplexity 232.2025,
Train Epoch: [1/2] Iters:[17680/20018] transplant_loss 2.3980, rec_loss 0.0245, p_loss 0.1873, quant_error 0.2158, utilization 1.0000, perplexity 232.1319,
Train Epoch: [1/2] Iters:[17690/20018] transplant_loss 2.4002, rec_loss 0.0244, p_loss 0.1867, quant_error 0.2160, utilization 1.0000, perplexity 232.4457,
Train Epoch: [1/2] Iters:[17700/20018] transplant_loss 2.4009, rec_loss 0.0247, p_loss 0.1865, quant_error 0.2158, utilization 1.0000, perplexity 232.3617,
Train Epoch: [1/2] Iters:[17710/20018] transplant_loss 2.3992, rec_loss 0.0245, p_loss 0.1857, quant_error 0.2153, utilization 1.0000, perplexity 232.4395,
Train Epoch: [1/2] Iters:[17720/20018] transplant_loss 2.3726, rec_loss 0.0236, p_loss 0.1836, quant_error 0.2123, utilization 1.0000, perplexity 231.9091,
Train Epoch: [1/2] Iters:[17730/20018] transplant_loss 2.3696, rec_loss 0.0238, p_loss 0.1845, quant_error 0.2115, utilization 1.0000, perplexity 232.2066,
Train Epoch: [1/2] Iters:[17740/20018] transplant_loss 2.3545, rec_loss 0.0238, p_loss 0.1842, quant_error 0.2100, utilization 1.0000, perplexity 232.1010,
Train Epoch: [1/2] Iters:[17750/20018] transplant_loss 2.3453, rec_loss 0.0235, p_loss 0.1834, quant_error 0.2091, utilization 1.0000, perplexity 232.1030,
Train Epoch: [1/2] Iters:[17760/20018] transplant_loss 2.3628, rec_loss 0.0238, p_loss 0.1842, quant_error 0.2112, utilization 1.0000, perplexity 231.7535,
Train Epoch: [1/2] Iters:[17770/20018] transplant_loss 2.3668, rec_loss 0.0242, p_loss 0.1858, quant_error 0.2111, utilization 1.0000, perplexity 232.0522,
Train Epoch: [1/2] Iters:[17780/20018] transplant_loss 2.3740, rec_loss 0.0243, p_loss 0.1851, quant_error 0.2120, utilization 1.0000, perplexity 232.4654,
Train Epoch: [1/2] Iters:[17790/20018] transplant_loss 2.3952, rec_loss 0.0247, p_loss 0.1861, quant_error 0.2145, utilization 1.0000, perplexity 232.1971,
Train Epoch: [1/2] Iters:[17800/20018] transplant_loss 2.4034, rec_loss 0.0249, p_loss 0.1869, quant_error 0.2155, utilization 1.0000, perplexity 232.2974,
Train Epoch: [1/2] Iters:[17810/20018] transplant_loss 2.3691, rec_loss 0.0245, p_loss 0.1859, quant_error 0.2109, utilization 1.0000, perplexity 231.7034,
Train Epoch: [1/2] Iters:[17820/20018] transplant_loss 2.3651, rec_loss 0.0242, p_loss 0.1852, quant_error 0.2106, utilization 1.0000, perplexity 231.2243,
Train Epoch: [1/2] Iters:[17830/20018] transplant_loss 2.3706, rec_loss 0.0241, p_loss 0.1859, quant_error 0.2111, utilization 1.0000, perplexity 230.9337,
Train Epoch: [1/2] Iters:[17840/20018] transplant_loss 2.3650, rec_loss 0.0240, p_loss 0.1857, quant_error 0.2102, utilization 1.0000, perplexity 231.6133,
Train Epoch: [1/2] Iters:[17850/20018] transplant_loss 2.3742, rec_loss 0.0239, p_loss 0.1858, quant_error 0.2113, utilization 1.0000, perplexity 232.0183,
Train Epoch: [1/2] Iters:[17860/20018] transplant_loss 2.3866, rec_loss 0.0240, p_loss 0.1856, quant_error 0.2134, utilization 1.0000, perplexity 232.0452,
Train Epoch: [1/2] Iters:[17870/20018] transplant_loss 2.4018, rec_loss 0.0243, p_loss 0.1859, quant_error 0.2152, utilization 1.0000, perplexity 232.6790,
Train Epoch: [1/2] Iters:[17880/20018] transplant_loss 2.3780, rec_loss 0.0239, p_loss 0.1846, quant_error 0.2123, utilization 1.0000, perplexity 232.5331,
Train Epoch: [1/2] Iters:[17890/20018] transplant_loss 2.3824, rec_loss 0.0239, p_loss 0.1843, quant_error 0.2132, utilization 1.0000, perplexity 232.5762,
Train Epoch: [1/2] Iters:[17900/20018] transplant_loss 2.3830, rec_loss 0.0238, p_loss 0.1837, quant_error 0.2139, utilization 1.0000, perplexity 232.3597,
Train Epoch: [1/2] Iters:[17910/20018] transplant_loss 2.3962, rec_loss 0.0241, p_loss 0.1842, quant_error 0.2155, utilization 1.0000, perplexity 233.0837,
Train Epoch: [1/2] Iters:[17920/20018] transplant_loss 2.3828, rec_loss 0.0240, p_loss 0.1843, quant_error 0.2136, utilization 1.0000, perplexity 233.1113,
Train Epoch: [1/2] Iters:[17930/20018] transplant_loss 2.3927, rec_loss 0.0241, p_loss 0.1849, quant_error 0.2152, utilization 1.0000, perplexity 233.4013,
Train Epoch: [1/2] Iters:[17940/20018] transplant_loss 2.3963, rec_loss 0.0241, p_loss 0.1854, quant_error 0.2154, utilization 1.0000, perplexity 233.3451,
Train Epoch: [1/2] Iters:[17950/20018] transplant_loss 2.3864, rec_loss 0.0239, p_loss 0.1857, quant_error 0.2137, utilization 1.0000, perplexity 233.2389,
Train Epoch: [1/2] Iters:[17960/20018] transplant_loss 2.3793, rec_loss 0.0237, p_loss 0.1869, quant_error 0.2129, utilization 1.0000, perplexity 233.3945,
Train Epoch: [1/2] Iters:[17970/20018] transplant_loss 2.3810, rec_loss 0.0237, p_loss 0.1869, quant_error 0.2134, utilization 1.0000, perplexity 232.8293,
Train Epoch: [1/2] Iters:[17980/20018] transplant_loss 2.4045, rec_loss 0.0242, p_loss 0.1879, quant_error 0.2159, utilization 1.0000, perplexity 232.9882,
Train Epoch: [1/2] Iters:[17990/20018] transplant_loss 2.3919, rec_loss 0.0243, p_loss 0.1882, quant_error 0.2136, utilization 1.0000, perplexity 232.4509,
Train Epoch: [1/2] Iters:[18000/20018] transplant_loss 2.4000, rec_loss 0.0244, p_loss 0.1885, quant_error 0.2144, utilization 1.0000, perplexity 232.8430,
Train Epoch: [1/2] Iters:[18010/20018] transplant_loss 2.3985, rec_loss 0.0244, p_loss 0.1868, quant_error 0.2145, utilization 1.0000, perplexity 232.2997,
Train Epoch: [1/2] Iters:[18020/20018] transplant_loss 2.4211, rec_loss 0.0247, p_loss 0.1878, quant_error 0.2173, utilization 1.0000, perplexity 233.1148,
Train Epoch: [1/2] Iters:[18030/20018] transplant_loss 2.3991, rec_loss 0.0244, p_loss 0.1867, quant_error 0.2145, utilization 1.0000, perplexity 233.0478,
Train Epoch: [1/2] Iters:[18040/20018] transplant_loss 2.4154, rec_loss 0.0245, p_loss 0.1870, quant_error 0.2172, utilization 1.0000, perplexity 233.8064,
Train Epoch: [1/2] Iters:[18050/20018] transplant_loss 2.3975, rec_loss 0.0243, p_loss 0.1870, quant_error 0.2152, utilization 1.0000, perplexity 233.5921,
Train Epoch: [1/2] Iters:[18060/20018] transplant_loss 2.3761, rec_loss 0.0240, p_loss 0.1868, quant_error 0.2125, utilization 1.0000, perplexity 232.9349,
Train Epoch: [1/2] Iters:[18070/20018] transplant_loss 2.3439, rec_loss 0.0236, p_loss 0.1852, quant_error 0.2088, utilization 1.0000, perplexity 232.3815,
Train Epoch: [1/2] Iters:[18080/20018] transplant_loss 2.3582, rec_loss 0.0238, p_loss 0.1859, quant_error 0.2110, utilization 1.0000, perplexity 231.9867,
Train Epoch: [1/2] Iters:[18090/20018] transplant_loss 2.3458, rec_loss 0.0234, p_loss 0.1853, quant_error 0.2097, utilization 1.0000, perplexity 231.6659,
Train Epoch: [1/2] Iters:[18100/20018] transplant_loss 2.3751, rec_loss 0.0239, p_loss 0.1854, quant_error 0.2129, utilization 1.0000, perplexity 231.7819,
Train Epoch: [1/2] Iters:[18110/20018] transplant_loss 2.3790, rec_loss 0.0240, p_loss 0.1862, quant_error 0.2130, utilization 1.0000, perplexity 232.2228,
Train Epoch: [1/2] Iters:[18120/20018] transplant_loss 2.3831, rec_loss 0.0241, p_loss 0.1863, quant_error 0.2130, utilization 1.0000, perplexity 232.2731,
Train Epoch: [1/2] Iters:[18130/20018] transplant_loss 2.3610, rec_loss 0.0238, p_loss 0.1853, quant_error 0.2105, utilization 1.0000, perplexity 232.2032,
Train Epoch: [1/2] Iters:[18140/20018] transplant_loss 2.3795, rec_loss 0.0242, p_loss 0.1860, quant_error 0.2129, utilization 1.0000, perplexity 232.5437,
Train Epoch: [1/2] Iters:[18150/20018] transplant_loss 2.3397, rec_loss 0.0233, p_loss 0.1842, quant_error 0.2086, utilization 1.0000, perplexity 232.0514,
Train Epoch: [1/2] Iters:[18160/20018] transplant_loss 2.3571, rec_loss 0.0234, p_loss 0.1855, quant_error 0.2110, utilization 1.0000, perplexity 232.9533,
Train Epoch: [1/2] Iters:[18170/20018] transplant_loss 2.3687, rec_loss 0.0235, p_loss 0.1855, quant_error 0.2124, utilization 1.0000, perplexity 233.2352,
Train Epoch: [1/2] Iters:[18180/20018] transplant_loss 2.3772, rec_loss 0.0236, p_loss 0.1863, quant_error 0.2130, utilization 1.0000, perplexity 233.6313,
Train Epoch: [1/2] Iters:[18190/20018] transplant_loss 2.3695, rec_loss 0.0235, p_loss 0.1854, quant_error 0.2116, utilization 1.0000, perplexity 233.2176,
Train Epoch: [1/2] Iters:[18200/20018] transplant_loss 2.3988, rec_loss 0.0240, p_loss 0.1866, quant_error 0.2150, utilization 1.0000, perplexity 233.6544,
Train Epoch: [1/2] Iters:[18210/20018] transplant_loss 2.3886, rec_loss 0.0241, p_loss 0.1850, quant_error 0.2134, utilization 1.0000, perplexity 233.0607,
Train Epoch: [1/2] Iters:[18220/20018] transplant_loss 2.3859, rec_loss 0.0240, p_loss 0.1850, quant_error 0.2134, utilization 1.0000, perplexity 232.7517,
Train Epoch: [1/2] Iters:[18230/20018] transplant_loss 2.3732, rec_loss 0.0240, p_loss 0.1843, quant_error 0.2122, utilization 1.0000, perplexity 232.0949,
Train Epoch: [1/2] Iters:[18240/20018] transplant_loss 2.3656, rec_loss 0.0240, p_loss 0.1848, quant_error 0.2115, utilization 1.0000, perplexity 232.1004,
Train Epoch: [1/2] Iters:[18250/20018] transplant_loss 2.3581, rec_loss 0.0240, p_loss 0.1845, quant_error 0.2107, utilization 1.0000, perplexity 231.6391,
Train Epoch: [1/2] Iters:[18260/20018] transplant_loss 2.3660, rec_loss 0.0242, p_loss 0.1851, quant_error 0.2118, utilization 1.0000, perplexity 231.7216,
Train Epoch: [1/2] Iters:[18270/20018] transplant_loss 2.3685, rec_loss 0.0242, p_loss 0.1854, quant_error 0.2119, utilization 1.0000, perplexity 231.5480,
Train Epoch: [1/2] Iters:[18280/20018] transplant_loss 2.3812, rec_loss 0.0242, p_loss 0.1856, quant_error 0.2132, utilization 1.0000, perplexity 231.6616,
Train Epoch: [1/2] Iters:[18290/20018] transplant_loss 2.3898, rec_loss 0.0247, p_loss 0.1856, quant_error 0.2136, utilization 1.0000, perplexity 231.8118,
Train Epoch: [1/2] Iters:[18300/20018] transplant_loss 2.3908, rec_loss 0.0246, p_loss 0.1856, quant_error 0.2136, utilization 1.0000, perplexity 232.3615,
Train Epoch: [1/2] Iters:[18310/20018] transplant_loss 2.4052, rec_loss 0.0245, p_loss 0.1852, quant_error 0.2155, utilization 1.0000, perplexity 232.4797,
Train Epoch: [1/2] Iters:[18320/20018] transplant_loss 2.4011, rec_loss 0.0246, p_loss 0.1853, quant_error 0.2151, utilization 1.0000, perplexity 232.6507,
Train Epoch: [1/2] Iters:[18330/20018] transplant_loss 2.3890, rec_loss 0.0246, p_loss 0.1851, quant_error 0.2137, utilization 1.0000, perplexity 232.6389,
Train Epoch: [1/2] Iters:[18340/20018] transplant_loss 2.3752, rec_loss 0.0241, p_loss 0.1842, quant_error 0.2124, utilization 1.0000, perplexity 232.5487,
Train Epoch: [1/2] Iters:[18350/20018] transplant_loss 2.3588, rec_loss 0.0240, p_loss 0.1840, quant_error 0.2104, utilization 1.0000, perplexity 231.9789,
Train Epoch: [1/2] Iters:[18360/20018] transplant_loss 2.3457, rec_loss 0.0238, p_loss 0.1841, quant_error 0.2091, utilization 1.0000, perplexity 232.0869,
Train Epoch: [1/2] Iters:[18370/20018] transplant_loss 2.3451, rec_loss 0.0237, p_loss 0.1838, quant_error 0.2088, utilization 1.0000, perplexity 232.3505,
Train Epoch: [1/2] Iters:[18380/20018] transplant_loss 2.3711, rec_loss 0.0239, p_loss 0.1849, quant_error 0.2118, utilization 1.0000, perplexity 232.5164,
Train Epoch: [1/2] Iters:[18390/20018] transplant_loss 2.3715, rec_loss 0.0236, p_loss 0.1845, quant_error 0.2117, utilization 1.0000, perplexity 232.8127,
Train Epoch: [1/2] Iters:[18400/20018] transplant_loss 2.3879, rec_loss 0.0238, p_loss 0.1860, quant_error 0.2133, utilization 1.0000, perplexity 233.3991,
Train Epoch: [1/2] Iters:[18410/20018] transplant_loss 2.3762, rec_loss 0.0238, p_loss 0.1854, quant_error 0.2114, utilization 1.0000, perplexity 233.3040,
Train Epoch: [1/2] Iters:[18420/20018] transplant_loss 2.3726, rec_loss 0.0237, p_loss 0.1851, quant_error 0.2111, utilization 1.0000, perplexity 233.4774,
Train Epoch: [1/2] Iters:[18430/20018] transplant_loss 2.3522, rec_loss 0.0235, p_loss 0.1842, quant_error 0.2086, utilization 1.0000, perplexity 233.6971,
Train Epoch: [1/2] Iters:[18440/20018] transplant_loss 2.3593, rec_loss 0.0236, p_loss 0.1842, quant_error 0.2098, utilization 1.0000, perplexity 233.3803,
Train Epoch: [1/2] Iters:[18450/20018] transplant_loss 2.3567, rec_loss 0.0236, p_loss 0.1825, quant_error 0.2100, utilization 1.0000, perplexity 232.8815,
Train Epoch: [1/2] Iters:[18460/20018] transplant_loss 2.3701, rec_loss 0.0237, p_loss 0.1837, quant_error 0.2117, utilization 1.0000, perplexity 233.0314,
Train Epoch: [1/2] Iters:[18470/20018] transplant_loss 2.3700, rec_loss 0.0238, p_loss 0.1838, quant_error 0.2115, utilization 1.0000, perplexity 232.6657,
Train Epoch: [1/2] Iters:[18480/20018] transplant_loss 2.3778, rec_loss 0.0242, p_loss 0.1849, quant_error 0.2121, utilization 1.0000, perplexity 232.5238,
Train Epoch: [1/2] Iters:[18490/20018] transplant_loss 2.3906, rec_loss 0.0244, p_loss 0.1849, quant_error 0.2138, utilization 1.0000, perplexity 232.6029,
Train Epoch: [1/2] Iters:[18500/20018] transplant_loss 2.3994, rec_loss 0.0247, p_loss 0.1864, quant_error 0.2146, utilization 1.0000, perplexity 233.2120,
Train Epoch: [1/2] Iters:[18510/20018] transplant_loss 2.3784, rec_loss 0.0243, p_loss 0.1852, quant_error 0.2118, utilization 1.0000, perplexity 232.9642,
Train Epoch: [1/2] Iters:[18520/20018] transplant_loss 2.3970, rec_loss 0.0244, p_loss 0.1858, quant_error 0.2143, utilization 1.0000, perplexity 232.9261,
Train Epoch: [1/2] Iters:[18530/20018] transplant_loss 2.3922, rec_loss 0.0238, p_loss 0.1849, quant_error 0.2144, utilization 1.0000, perplexity 232.8565,
Train Epoch: [1/2] Iters:[18540/20018] transplant_loss 2.3794, rec_loss 0.0238, p_loss 0.1858, quant_error 0.2128, utilization 1.0000, perplexity 232.7434,
Train Epoch: [1/2] Iters:[18550/20018] transplant_loss 2.3793, rec_loss 0.0236, p_loss 0.1847, quant_error 0.2132, utilization 1.0000, perplexity 232.3450,
Train Epoch: [1/2] Iters:[18560/20018] transplant_loss 2.3959, rec_loss 0.0239, p_loss 0.1858, quant_error 0.2155, utilization 1.0000, perplexity 232.1366,
Train Epoch: [1/2] Iters:[18570/20018] transplant_loss 2.3846, rec_loss 0.0239, p_loss 0.1861, quant_error 0.2141, utilization 1.0000, perplexity 232.5704,
Train Epoch: [1/2] Iters:[18580/20018] transplant_loss 2.3934, rec_loss 0.0242, p_loss 0.1852, quant_error 0.2160, utilization 1.0000, perplexity 232.8395,
Train Epoch: [1/2] Iters:[18590/20018] transplant_loss 2.3891, rec_loss 0.0240, p_loss 0.1847, quant_error 0.2152, utilization 1.0000, perplexity 233.5370,
Train Epoch: [1/2] Iters:[18600/20018] transplant_loss 2.3782, rec_loss 0.0239, p_loss 0.1850, quant_error 0.2134, utilization 1.0000, perplexity 233.2599,
Train Epoch: [1/2] Iters:[18610/20018] transplant_loss 2.3741, rec_loss 0.0239, p_loss 0.1848, quant_error 0.2128, utilization 1.0000, perplexity 233.4072,
Train Epoch: [1/2] Iters:[18620/20018] transplant_loss 2.4008, rec_loss 0.0242, p_loss 0.1850, quant_error 0.2159, utilization 1.0000, perplexity 233.6529,
Train Epoch: [1/2] Iters:[18630/20018] transplant_loss 2.4084, rec_loss 0.0244, p_loss 0.1862, quant_error 0.2159, utilization 1.0000, perplexity 233.6762,
Train Epoch: [1/2] Iters:[18640/20018] transplant_loss 2.4091, rec_loss 0.0244, p_loss 0.1861, quant_error 0.2161, utilization 1.0000, perplexity 233.0263,
Train Epoch: [1/2] Iters:[18650/20018] transplant_loss 2.4097, rec_loss 0.0242, p_loss 0.1862, quant_error 0.2163, utilization 1.0000, perplexity 233.1771,
Train Epoch: [1/2] Iters:[18660/20018] transplant_loss 2.3960, rec_loss 0.0239, p_loss 0.1853, quant_error 0.2149, utilization 1.0000, perplexity 232.7995,
Train Epoch: [1/2] Iters:[18670/20018] transplant_loss 2.3774, rec_loss 0.0236, p_loss 0.1842, quant_error 0.2132, utilization 1.0000, perplexity 232.6552,
Train Epoch: [1/2] Iters:[18680/20018] transplant_loss 2.3534, rec_loss 0.0231, p_loss 0.1837, quant_error 0.2101, utilization 1.0000, perplexity 232.2954,
Train Epoch: [1/2] Iters:[18690/20018] transplant_loss 2.3432, rec_loss 0.0229, p_loss 0.1835, quant_error 0.2088, utilization 1.0000, perplexity 232.1750,
Train Epoch: [1/2] Iters:[18700/20018] transplant_loss 2.3466, rec_loss 0.0229, p_loss 0.1829, quant_error 0.2095, utilization 1.0000, perplexity 232.1289,
Train Epoch: [1/2] Iters:[18710/20018] transplant_loss 2.3771, rec_loss 0.0232, p_loss 0.1837, quant_error 0.2131, utilization 1.0000, perplexity 232.8078,
Train Epoch: [1/2] Iters:[18720/20018] transplant_loss 2.3758, rec_loss 0.0235, p_loss 0.1843, quant_error 0.2126, utilization 1.0000, perplexity 232.5866,
Train Epoch: [1/2] Iters:[18730/20018] transplant_loss 2.3835, rec_loss 0.0241, p_loss 0.1850, quant_error 0.2130, utilization 1.0000, perplexity 233.0890,
Train Epoch: [1/2] Iters:[18740/20018] transplant_loss 2.3775, rec_loss 0.0242, p_loss 0.1848, quant_error 0.2120, utilization 1.0000, perplexity 232.8151,
Train Epoch: [1/2] Iters:[18750/20018] transplant_loss 2.3800, rec_loss 0.0245, p_loss 0.1851, quant_error 0.2118, utilization 1.0000, perplexity 232.9879,
Train Epoch: [1/2] Iters:[18760/20018] transplant_loss 2.3782, rec_loss 0.0246, p_loss 0.1853, quant_error 0.2117, utilization 1.0000, perplexity 232.6861,
Train Epoch: [1/2] Iters:[18770/20018] transplant_loss 2.3732, rec_loss 0.0243, p_loss 0.1850, quant_error 0.2113, utilization 1.0000, perplexity 232.6592,
Train Epoch: [1/2] Iters:[18780/20018] transplant_loss 2.3884, rec_loss 0.0240, p_loss 0.1856, quant_error 0.2135, utilization 1.0000, perplexity 232.9666,
Train Epoch: [1/2] Iters:[18790/20018] transplant_loss 2.4143, rec_loss 0.0242, p_loss 0.1864, quant_error 0.2168, utilization 1.0000, perplexity 233.8629,
Train Epoch: [1/2] Iters:[18800/20018] transplant_loss 2.4091, rec_loss 0.0240, p_loss 0.1861, quant_error 0.2164, utilization 1.0000, perplexity 233.8177,
Train Epoch: [1/2] Iters:[18810/20018] transplant_loss 2.3691, rec_loss 0.0235, p_loss 0.1854, quant_error 0.2111, utilization 1.0000, perplexity 233.3357,
Train Epoch: [1/2] Iters:[18820/20018] transplant_loss 2.3660, rec_loss 0.0235, p_loss 0.1854, quant_error 0.2104, utilization 1.0000, perplexity 233.0869,
Train Epoch: [1/2] Iters:[18830/20018] transplant_loss 2.3427, rec_loss 0.0233, p_loss 0.1834, quant_error 0.2078, utilization 1.0000, perplexity 232.3851,
Train Epoch: [1/2] Iters:[18840/20018] transplant_loss 2.3380, rec_loss 0.0234, p_loss 0.1825, quant_error 0.2071, utilization 1.0000, perplexity 231.9256,
Train Epoch: [1/2] Iters:[18850/20018] transplant_loss 2.3422, rec_loss 0.0237, p_loss 0.1837, quant_error 0.2072, utilization 1.0000, perplexity 232.3364,
Train Epoch: [1/2] Iters:[18860/20018] transplant_loss 2.3621, rec_loss 0.0237, p_loss 0.1832, quant_error 0.2100, utilization 1.0000, perplexity 232.7723,
Train Epoch: [1/2] Iters:[18870/20018] transplant_loss 2.3816, rec_loss 0.0239, p_loss 0.1835, quant_error 0.2125, utilization 1.0000, perplexity 233.4519,
Train Epoch: [1/2] Iters:[18880/20018] transplant_loss 2.3910, rec_loss 0.0243, p_loss 0.1852, quant_error 0.2133, utilization 1.0000, perplexity 233.7883,
Train Epoch: [1/2] Iters:[18890/20018] transplant_loss 2.3895, rec_loss 0.0241, p_loss 0.1866, quant_error 0.2134, utilization 1.0000, perplexity 234.2859,
Train Epoch: [1/2] Iters:[18900/20018] transplant_loss 2.3866, rec_loss 0.0237, p_loss 0.1859, quant_error 0.2139, utilization 1.0000, perplexity 233.6303,
Train Epoch: [1/2] Iters:[18910/20018] transplant_loss 2.3873, rec_loss 0.0239, p_loss 0.1858, quant_error 0.2138, utilization 1.0000, perplexity 233.6549,
Train Epoch: [1/2] Iters:[18920/20018] transplant_loss 2.3785, rec_loss 0.0242, p_loss 0.1863, quant_error 0.2124, utilization 1.0000, perplexity 233.1278,
Train Epoch: [1/2] Iters:[18930/20018] transplant_loss 2.3726, rec_loss 0.0240, p_loss 0.1843, quant_error 0.2118, utilization 1.0000, perplexity 232.8877,
Train Epoch: [1/2] Iters:[18940/20018] transplant_loss 2.3799, rec_loss 0.0243, p_loss 0.1853, quant_error 0.2124, utilization 1.0000, perplexity 232.3684,
Train Epoch: [1/2] Iters:[18950/20018] transplant_loss 2.3894, rec_loss 0.0246, p_loss 0.1860, quant_error 0.2131, utilization 1.0000, perplexity 233.2371,
Train Epoch: [1/2] Iters:[18960/20018] transplant_loss 2.3873, rec_loss 0.0246, p_loss 0.1867, quant_error 0.2126, utilization 1.0000, perplexity 232.8859,
Train Epoch: [1/2] Iters:[18970/20018] transplant_loss 2.3716, rec_loss 0.0239, p_loss 0.1853, quant_error 0.2112, utilization 1.0000, perplexity 232.2726,
Train Epoch: [1/2] Iters:[18980/20018] transplant_loss 2.3721, rec_loss 0.0240, p_loss 0.1860, quant_error 0.2115, utilization 1.0000, perplexity 232.0819,
Train Epoch: [1/2] Iters:[18990/20018] transplant_loss 2.3593, rec_loss 0.0237, p_loss 0.1841, quant_error 0.2102, utilization 1.0000, perplexity 232.1052,
Train Epoch: [1/2] Iters:[19000/20018] transplant_loss 2.3595, rec_loss 0.0236, p_loss 0.1841, quant_error 0.2102, utilization 1.0000, perplexity 231.4410,
Train Epoch: [1/2] Iters:[19010/20018] transplant_loss 2.3567, rec_loss 0.0233, p_loss 0.1836, quant_error 0.2099, utilization 1.0000, perplexity 231.6123,
Train Epoch: [1/2] Iters:[19020/20018] transplant_loss 2.3658, rec_loss 0.0236, p_loss 0.1843, quant_error 0.2110, utilization 1.0000, perplexity 232.3156,
Train Epoch: [1/2] Iters:[19030/20018] transplant_loss 2.3779, rec_loss 0.0238, p_loss 0.1855, quant_error 0.2122, utilization 1.0000, perplexity 232.8228,
Train Epoch: [1/2] Iters:[19040/20018] transplant_loss 2.4001, rec_loss 0.0242, p_loss 0.1865, quant_error 0.2147, utilization 1.0000, perplexity 233.0346,
Train Epoch: [1/2] Iters:[19050/20018] transplant_loss 2.4155, rec_loss 0.0244, p_loss 0.1855, quant_error 0.2167, utilization 1.0000, perplexity 233.7317,
Train Epoch: [1/2] Iters:[19060/20018] transplant_loss 2.4381, rec_loss 0.0252, p_loss 0.1875, quant_error 0.2192, utilization 1.0000, perplexity 234.2164,
Train Epoch: [1/2] Iters:[19070/20018] transplant_loss 2.4407, rec_loss 0.0252, p_loss 0.1869, quant_error 0.2198, utilization 1.0000, perplexity 233.9227,
Train Epoch: [1/2] Iters:[19080/20018] transplant_loss 2.4253, rec_loss 0.0252, p_loss 0.1861, quant_error 0.2179, utilization 1.0000, perplexity 233.2784,
Train Epoch: [1/2] Iters:[19090/20018] transplant_loss 2.3965, rec_loss 0.0249, p_loss 0.1851, quant_error 0.2145, utilization 1.0000, perplexity 232.8557,
Train Epoch: [1/2] Iters:[19100/20018] transplant_loss 2.3711, rec_loss 0.0246, p_loss 0.1855, quant_error 0.2110, utilization 1.0000, perplexity 232.1674,
Train Epoch: [1/2] Iters:[19110/20018] transplant_loss 2.3450, rec_loss 0.0238, p_loss 0.1828, quant_error 0.2082, utilization 1.0000, perplexity 231.6278,
Train Epoch: [1/2] Iters:[19120/20018] transplant_loss 2.3386, rec_loss 0.0238, p_loss 0.1832, quant_error 0.2069, utilization 1.0000, perplexity 231.6715,
Train Epoch: [1/2] Iters:[19130/20018] transplant_loss 2.3476, rec_loss 0.0237, p_loss 0.1836, quant_error 0.2083, utilization 1.0000, perplexity 231.9827,
Train Epoch: [1/2] Iters:[19140/20018] transplant_loss 2.3557, rec_loss 0.0237, p_loss 0.1831, quant_error 0.2090, utilization 1.0000, perplexity 232.2244,
Train Epoch: [1/2] Iters:[19150/20018] transplant_loss 2.3718, rec_loss 0.0242, p_loss 0.1838, quant_error 0.2110, utilization 1.0000, perplexity 232.7166,
Train Epoch: [1/2] Iters:[19160/20018] transplant_loss 2.3980, rec_loss 0.0248, p_loss 0.1855, quant_error 0.2143, utilization 1.0000, perplexity 232.8829,
Train Epoch: [1/2] Iters:[19170/20018] transplant_loss 2.4128, rec_loss 0.0250, p_loss 0.1863, quant_error 0.2162, utilization 1.0000, perplexity 233.3734,
Train Epoch: [1/2] Iters:[19180/20018] transplant_loss 2.4058, rec_loss 0.0250, p_loss 0.1869, quant_error 0.2148, utilization 1.0000, perplexity 233.2017,
Train Epoch: [1/2] Iters:[19190/20018] transplant_loss 2.3916, rec_loss 0.0246, p_loss 0.1868, quant_error 0.2134, utilization 1.0000, perplexity 233.3105,
Train Epoch: [1/2] Iters:[19200/20018] transplant_loss 2.3768, rec_loss 0.0240, p_loss 0.1860, quant_error 0.2120, utilization 1.0000, perplexity 233.2123,
Train Epoch: [1/2] Iters:[19210/20018] transplant_loss 2.3749, rec_loss 0.0240, p_loss 0.1864, quant_error 0.2114, utilization 1.0000, perplexity 233.2678,
Train Epoch: [1/2] Iters:[19220/20018] transplant_loss 2.3634, rec_loss 0.0238, p_loss 0.1864, quant_error 0.2100, utilization 1.0000, perplexity 232.8668,
Train Epoch: [1/2] Iters:[19230/20018] transplant_loss 2.3904, rec_loss 0.0241, p_loss 0.1857, quant_error 0.2137, utilization 1.0000, perplexity 233.1130,
Train Epoch: [1/2] Iters:[19240/20018] transplant_loss 2.4045, rec_loss 0.0243, p_loss 0.1867, quant_error 0.2156, utilization 1.0000, perplexity 233.3506,
Train Epoch: [1/2] Iters:[19250/20018] transplant_loss 2.4299, rec_loss 0.0248, p_loss 0.1879, quant_error 0.2184, utilization 1.0000, perplexity 233.1625,
Train Epoch: [1/2] Iters:[19260/20018] transplant_loss 2.4051, rec_loss 0.0244, p_loss 0.1861, quant_error 0.2156, utilization 1.0000, perplexity 232.8012,
Train Epoch: [1/2] Iters:[19270/20018] transplant_loss 2.3942, rec_loss 0.0242, p_loss 0.1848, quant_error 0.2143, utilization 1.0000, perplexity 232.6332,
Train Epoch: [1/2] Iters:[19280/20018] transplant_loss 2.3893, rec_loss 0.0239, p_loss 0.1843, quant_error 0.2138, utilization 1.0000, perplexity 232.5650,
Train Epoch: [1/2] Iters:[19290/20018] transplant_loss 2.3831, rec_loss 0.0239, p_loss 0.1835, quant_error 0.2129, utilization 1.0000, perplexity 232.0070,
Train Epoch: [1/2] Iters:[19300/20018] transplant_loss 2.3654, rec_loss 0.0234, p_loss 0.1821, quant_error 0.2110, utilization 1.0000, perplexity 231.9414,
Train Epoch: [1/2] Iters:[19310/20018] transplant_loss 2.4013, rec_loss 0.0239, p_loss 0.1844, quant_error 0.2153, utilization 1.0000, perplexity 232.6955,
Train Epoch: [1/2] Iters:[19320/20018] transplant_loss 2.4054, rec_loss 0.0238, p_loss 0.1858, quant_error 0.2158, utilization 1.0000, perplexity 233.0482,
Train Epoch: [1/2] Iters:[19330/20018] transplant_loss 2.3922, rec_loss 0.0236, p_loss 0.1854, quant_error 0.2143, utilization 1.0000, perplexity 233.2586,
Train Epoch: [1/2] Iters:[19340/20018] transplant_loss 2.4067, rec_loss 0.0238, p_loss 0.1863, quant_error 0.2164, utilization 1.0000, perplexity 233.7213,
Train Epoch: [1/2] Iters:[19350/20018] transplant_loss 2.4239, rec_loss 0.0239, p_loss 0.1868, quant_error 0.2188, utilization 1.0000, perplexity 233.9856,
Train Epoch: [1/2] Iters:[19360/20018] transplant_loss 2.3947, rec_loss 0.0233, p_loss 0.1848, quant_error 0.2155, utilization 1.0000, perplexity 233.6319,
Train Epoch: [1/2] Iters:[19370/20018] transplant_loss 2.3923, rec_loss 0.0230, p_loss 0.1830, quant_error 0.2157, utilization 1.0000, perplexity 233.5742,
Train Epoch: [1/2] Iters:[19380/20018] transplant_loss 2.3984, rec_loss 0.0235, p_loss 0.1841, quant_error 0.2165, utilization 1.0000, perplexity 233.3358,
Train Epoch: [1/2] Iters:[19390/20018] transplant_loss 2.3905, rec_loss 0.0238, p_loss 0.1844, quant_error 0.2151, utilization 1.0000, perplexity 233.1836,
Train Epoch: [1/2] Iters:[19400/20018] transplant_loss 2.3590, rec_loss 0.0238, p_loss 0.1837, quant_error 0.2108, utilization 1.0000, perplexity 232.6470,
Train Epoch: [1/2] Iters:[19410/20018] transplant_loss 2.3611, rec_loss 0.0239, p_loss 0.1841, quant_error 0.2107, utilization 1.0000, perplexity 232.4745,
Train Epoch: [1/2] Iters:[19420/20018] transplant_loss 2.3738, rec_loss 0.0243, p_loss 0.1842, quant_error 0.2119, utilization 1.0000, perplexity 232.0805,
Train Epoch: [1/2] Iters:[19430/20018] transplant_loss 2.3679, rec_loss 0.0243, p_loss 0.1844, quant_error 0.2108, utilization 1.0000, perplexity 232.1159,
Train Epoch: [1/2] Iters:[19440/20018] transplant_loss 2.3853, rec_loss 0.0243, p_loss 0.1843, quant_error 0.2128, utilization 1.0000, perplexity 232.2162,
Train Epoch: [1/2] Iters:[19450/20018] transplant_loss 2.3891, rec_loss 0.0242, p_loss 0.1850, quant_error 0.2134, utilization 1.0000, perplexity 232.4428,
Train Epoch: [1/2] Iters:[19460/20018] transplant_loss 2.3926, rec_loss 0.0244, p_loss 0.1853, quant_error 0.2137, utilization 1.0000, perplexity 232.5324,
Train Epoch: [1/2] Iters:[19470/20018] transplant_loss 2.3857, rec_loss 0.0243, p_loss 0.1861, quant_error 0.2128, utilization 1.0000, perplexity 232.9331,
Train Epoch: [1/2] Iters:[19480/20018] transplant_loss 2.3801, rec_loss 0.0238, p_loss 0.1852, quant_error 0.2124, utilization 1.0000, perplexity 233.1436,
Train Epoch: [1/2] Iters:[19490/20018] transplant_loss 2.3636, rec_loss 0.0233, p_loss 0.1846, quant_error 0.2105, utilization 1.0000, perplexity 232.8600,
Train Epoch: [1/2] Iters:[19500/20018] transplant_loss 2.3698, rec_loss 0.0234, p_loss 0.1840, quant_error 0.2110, utilization 1.0000, perplexity 233.1035,
Train Epoch: [1/2] Iters:[19510/20018] transplant_loss 2.3779, rec_loss 0.0236, p_loss 0.1843, quant_error 0.2121, utilization 1.0000, perplexity 233.0704,
Train Epoch: [1/2] Iters:[19520/20018] transplant_loss 2.3706, rec_loss 0.0235, p_loss 0.1835, quant_error 0.2110, utilization 1.0000, perplexity 232.6353,
Train Epoch: [1/2] Iters:[19530/20018] transplant_loss 2.3763, rec_loss 0.0237, p_loss 0.1835, quant_error 0.2117, utilization 1.0000, perplexity 232.4377,
Train Epoch: [1/2] Iters:[19540/20018] transplant_loss 2.3869, rec_loss 0.0237, p_loss 0.1839, quant_error 0.2136, utilization 1.0000, perplexity 232.6541,
Train Epoch: [1/2] Iters:[19550/20018] transplant_loss 2.3791, rec_loss 0.0235, p_loss 0.1844, quant_error 0.2127, utilization 1.0000, perplexity 232.5719,
Train Epoch: [1/2] Iters:[19560/20018] transplant_loss 2.3729, rec_loss 0.0234, p_loss 0.1845, quant_error 0.2120, utilization 1.0000, perplexity 232.4659,
Train Epoch: [1/2] Iters:[19570/20018] transplant_loss 2.3872, rec_loss 0.0239, p_loss 0.1854, quant_error 0.2134, utilization 1.0000, perplexity 232.9955,
Train Epoch: [1/2] Iters:[19580/20018] transplant_loss 2.3959, rec_loss 0.0240, p_loss 0.1859, quant_error 0.2146, utilization 1.0000, perplexity 233.1442,
Train Epoch: [1/2] Iters:[19590/20018] transplant_loss 2.3996, rec_loss 0.0244, p_loss 0.1862, quant_error 0.2143, utilization 1.0000, perplexity 233.3476,
Train Epoch: [1/2] Iters:[19600/20018] transplant_loss 2.4002, rec_loss 0.0246, p_loss 0.1858, quant_error 0.2143, utilization 1.0000, perplexity 233.3672,
Train Epoch: [1/2] Iters:[19610/20018] transplant_loss 2.4053, rec_loss 0.0244, p_loss 0.1861, quant_error 0.2154, utilization 1.0000, perplexity 233.7136,
Train Epoch: [1/2] Iters:[19620/20018] transplant_loss 2.4099, rec_loss 0.0242, p_loss 0.1860, quant_error 0.2165, utilization 1.0000, perplexity 233.6628,
Train Epoch: [1/2] Iters:[19630/20018] transplant_loss 2.3906, rec_loss 0.0241, p_loss 0.1858, quant_error 0.2140, utilization 1.0000, perplexity 233.5477,
Train Epoch: [1/2] Iters:[19640/20018] transplant_loss 2.3692, rec_loss 0.0236, p_loss 0.1850, quant_error 0.2115, utilization 1.0000, perplexity 233.2770,
Train Epoch: [1/2] Iters:[19650/20018] transplant_loss 2.3546, rec_loss 0.0230, p_loss 0.1841, quant_error 0.2101, utilization 1.0000, perplexity 232.8886,
Train Epoch: [1/2] Iters:[19660/20018] transplant_loss 2.3299, rec_loss 0.0226, p_loss 0.1828, quant_error 0.2068, utilization 1.0000, perplexity 232.5678,
Train Epoch: [1/2] Iters:[19670/20018] transplant_loss 2.3206, rec_loss 0.0226, p_loss 0.1831, quant_error 0.2059, utilization 1.0000, perplexity 232.7731,
Train Epoch: [1/2] Iters:[19680/20018] transplant_loss 2.3578, rec_loss 0.0234, p_loss 0.1850, quant_error 0.2100, utilization 1.0000, perplexity 233.4719,
Train Epoch: [1/2] Iters:[19690/20018] transplant_loss 2.3611, rec_loss 0.0237, p_loss 0.1855, quant_error 0.2102, utilization 1.0000, perplexity 233.3699,
Train Epoch: [1/2] Iters:[19700/20018] transplant_loss 2.3895, rec_loss 0.0243, p_loss 0.1859, quant_error 0.2134, utilization 1.0000, perplexity 233.6660,
Train Epoch: [1/2] Iters:[19710/20018] transplant_loss 2.3912, rec_loss 0.0245, p_loss 0.1862, quant_error 0.2133, utilization 1.0000, perplexity 233.6229,
Train Epoch: [1/2] Iters:[19720/20018] transplant_loss 2.3929, rec_loss 0.0246, p_loss 0.1858, quant_error 0.2132, utilization 1.0000, perplexity 233.5552,
Train Epoch: [1/2] Iters:[19730/20018] transplant_loss 2.3661, rec_loss 0.0240, p_loss 0.1838, quant_error 0.2101, utilization 1.0000, perplexity 233.2726,
Train Epoch: [1/2] Iters:[19740/20018] transplant_loss 2.3659, rec_loss 0.0240, p_loss 0.1836, quant_error 0.2102, utilization 1.0000, perplexity 233.3377,
Train Epoch: [1/2] Iters:[19750/20018] transplant_loss 2.3556, rec_loss 0.0239, p_loss 0.1840, quant_error 0.2087, utilization 1.0000, perplexity 233.4837,
Train Epoch: [1/2] Iters:[19760/20018] transplant_loss 2.3725, rec_loss 0.0240, p_loss 0.1848, quant_error 0.2110, utilization 1.0000, perplexity 233.6892,
Train Epoch: [1/2] Iters:[19770/20018] transplant_loss 2.3691, rec_loss 0.0238, p_loss 0.1844, quant_error 0.2105, utilization 1.0000, perplexity 233.6100,
Train Epoch: [1/2] Iters:[19780/20018] transplant_loss 2.3697, rec_loss 0.0239, p_loss 0.1849, quant_error 0.2103, utilization 1.0000, perplexity 233.4952,
Train Epoch: [1/2] Iters:[19790/20018] transplant_loss 2.3719, rec_loss 0.0238, p_loss 0.1845, quant_error 0.2106, utilization 1.0000, perplexity 233.3967,
Train Epoch: [1/2] Iters:[19800/20018] transplant_loss 2.3634, rec_loss 0.0237, p_loss 0.1842, quant_error 0.2097, utilization 1.0000, perplexity 232.9098,
Train Epoch: [1/2] Iters:[19810/20018] transplant_loss 2.3664, rec_loss 0.0237, p_loss 0.1841, quant_error 0.2102, utilization 1.0000, perplexity 233.5081,
Train Epoch: [1/2] Iters:[19820/20018] transplant_loss 2.3702, rec_loss 0.0239, p_loss 0.1848, quant_error 0.2107, utilization 1.0000, perplexity 233.4667,
Train Epoch: [1/2] Iters:[19830/20018] transplant_loss 2.3599, rec_loss 0.0237, p_loss 0.1844, quant_error 0.2098, utilization 1.0000, perplexity 233.1375,
Train Epoch: [1/2] Iters:[19840/20018] transplant_loss 2.3784, rec_loss 0.0239, p_loss 0.1850, quant_error 0.2121, utilization 1.0000, perplexity 233.1619,
Train Epoch: [1/2] Iters:[19850/20018] transplant_loss 2.3784, rec_loss 0.0237, p_loss 0.1850, quant_error 0.2122, utilization 1.0000, perplexity 233.7101,
Train Epoch: [1/2] Iters:[19860/20018] transplant_loss 2.3549, rec_loss 0.0238, p_loss 0.1849, quant_error 0.2090, utilization 1.0000, perplexity 232.9986,
Train Epoch: [1/2] Iters:[19870/20018] transplant_loss 2.3452, rec_loss 0.0235, p_loss 0.1846, quant_error 0.2077, utilization 1.0000, perplexity 232.7441,
Train Epoch: [1/2] Iters:[19880/20018] transplant_loss 2.3643, rec_loss 0.0238, p_loss 0.1854, quant_error 0.2099, utilization 1.0000, perplexity 233.0691,
Train Epoch: [1/2] Iters:[19890/20018] transplant_loss 2.3464, rec_loss 0.0238, p_loss 0.1852, quant_error 0.2075, utilization 1.0000, perplexity 232.8238,
Train Epoch: [1/2] Iters:[19900/20018] transplant_loss 2.3702, rec_loss 0.0241, p_loss 0.1849, quant_error 0.2103, utilization 1.0000, perplexity 232.8694,
Train Epoch: [1/2] Iters:[19910/20018] transplant_loss 2.3744, rec_loss 0.0240, p_loss 0.1844, quant_error 0.2110, utilization 1.0000, perplexity 233.0249,
Train Epoch: [1/2] Iters:[19920/20018] transplant_loss 2.3782, rec_loss 0.0239, p_loss 0.1840, quant_error 0.2116, utilization 1.0000, perplexity 233.0658,
Train Epoch: [1/2] Iters:[19930/20018] transplant_loss 2.3579, rec_loss 0.0235, p_loss 0.1819, quant_error 0.2096, utilization 1.0000, perplexity 232.5547,
Train Epoch: [1/2] Iters:[19940/20018] transplant_loss 2.3612, rec_loss 0.0233, p_loss 0.1823, quant_error 0.2104, utilization 1.0000, perplexity 232.8085,
Train Epoch: [1/2] Iters:[19950/20018] transplant_loss 2.3509, rec_loss 0.0231, p_loss 0.1837, quant_error 0.2094, utilization 1.0000, perplexity 233.1470,
Train Epoch: [1/2] Iters:[19960/20018] transplant_loss 2.3750, rec_loss 0.0239, p_loss 0.1847, quant_error 0.2121, utilization 1.0000, perplexity 233.0460,
Train Epoch: [1/2] Iters:[19970/20018] transplant_loss 2.3698, rec_loss 0.0238, p_loss 0.1844, quant_error 0.2114, utilization 1.0000, perplexity 233.1180,
Train Epoch: [1/2] Iters:[19980/20018] transplant_loss 2.3824, rec_loss 0.0242, p_loss 0.1864, quant_error 0.2122, utilization 1.0000, perplexity 233.5909,
Train Epoch: [1/2] Iters:[19990/20018] transplant_loss 2.3679, rec_loss 0.0241, p_loss 0.1855, quant_error 0.2101, utilization 1.0000, perplexity 233.4344,
Train Epoch: [1/2] Iters:[20000/20018] transplant_loss 2.3597, rec_loss 0.0240, p_loss 0.1845, quant_error 0.2090, utilization 1.0000, perplexity 232.8364,
Train Epoch: [1/2] Iters:[20010/20018] transplant_loss 2.3650, rec_loss 0.0233, p_loss 0.1835, quant_error 0.2107, utilization 1.0000, perplexity 232.6193,
Loading pretrained model LPIPS from /home/sunset/.cache/torch/hub/pyiqa/LPIPS_v0.1_alex-df73285e.pth
epoch:2, cur_lr:0.000055
Train Epoch: [2/2] Iters:[10/20018] transplant_loss 2.3005, rec_loss 0.0218, p_loss 0.1750, quant_error 0.2039, utilization 1.0000, perplexity 233.4991,
Train Epoch: [2/2] Iters:[20/20018] transplant_loss 2.3252, rec_loss 0.0230, p_loss 0.1789, quant_error 0.2066, utilization 1.0000, perplexity 232.7186,
Train Epoch: [2/2] Iters:[30/20018] transplant_loss 2.3402, rec_loss 0.0236, p_loss 0.1813, quant_error 0.2076, utilization 1.0000, perplexity 232.8549,
Train Epoch: [2/2] Iters:[40/20018] transplant_loss 2.3554, rec_loss 0.0240, p_loss 0.1837, quant_error 0.2092, utilization 1.0000, perplexity 232.7893,
Train Epoch: [2/2] Iters:[50/20018] transplant_loss 2.3611, rec_loss 0.0240, p_loss 0.1836, quant_error 0.2096, utilization 1.0000, perplexity 233.2482,
Train Epoch: [2/2] Iters:[60/20018] transplant_loss 2.3946, rec_loss 0.0247, p_loss 0.1861, quant_error 0.2133, utilization 1.0000, perplexity 233.7864,
Train Epoch: [2/2] Iters:[70/20018] transplant_loss 2.4020, rec_loss 0.0246, p_loss 0.1866, quant_error 0.2141, utilization 1.0000, perplexity 234.5302,
Train Epoch: [2/2] Iters:[80/20018] transplant_loss 2.4126, rec_loss 0.0244, p_loss 0.1861, quant_error 0.2162, utilization 1.0000, perplexity 233.8940,
Train Epoch: [2/2] Iters:[90/20018] transplant_loss 2.4120, rec_loss 0.0241, p_loss 0.1845, quant_error 0.2163, utilization 1.0000, perplexity 234.2308,
Train Epoch: [2/2] Iters:[100/20018] transplant_loss 2.4047, rec_loss 0.0241, p_loss 0.1850, quant_error 0.2153, utilization 1.0000, perplexity 233.8888,
Train Epoch: [2/2] Iters:[110/20018] transplant_loss 2.3992, rec_loss 0.0240, p_loss 0.1849, quant_error 0.2148, utilization 1.0000, perplexity 233.4612,
Train Epoch: [2/2] Iters:[120/20018] transplant_loss 2.3937, rec_loss 0.0238, p_loss 0.1851, quant_error 0.2143, utilization 1.0000, perplexity 232.8188,
Train Epoch: [2/2] Iters:[130/20018] transplant_loss 2.4036, rec_loss 0.0239, p_loss 0.1861, quant_error 0.2151, utilization 1.0000, perplexity 233.8466,
Train Epoch: [2/2] Iters:[140/20018] transplant_loss 2.4102, rec_loss 0.0244, p_loss 0.1870, quant_error 0.2154, utilization 1.0000, perplexity 233.9522,
Train Epoch: [2/2] Iters:[150/20018] transplant_loss 2.4203, rec_loss 0.0244, p_loss 0.1866, quant_error 0.2170, utilization 1.0000, perplexity 234.4019,
Train Epoch: [2/2] Iters:[160/20018] transplant_loss 2.3977, rec_loss 0.0238, p_loss 0.1851, quant_error 0.2143, utilization 1.0000, perplexity 234.3332,
Train Epoch: [2/2] Iters:[170/20018] transplant_loss 2.3902, rec_loss 0.0238, p_loss 0.1845, quant_error 0.2131, utilization 1.0000, perplexity 234.7242,
Train Epoch: [2/2] Iters:[180/20018] transplant_loss 2.3676, rec_loss 0.0236, p_loss 0.1840, quant_error 0.2105, utilization 1.0000, perplexity 234.5722,
Train Epoch: [2/2] Iters:[190/20018] transplant_loss 2.3477, rec_loss 0.0229, p_loss 0.1831, quant_error 0.2086, utilization 1.0000, perplexity 234.0945,
Train Epoch: [2/2] Iters:[200/20018] transplant_loss 2.3444, rec_loss 0.0228, p_loss 0.1834, quant_error 0.2080, utilization 1.0000, perplexity 233.3766,
Train Epoch: [2/2] Iters:[210/20018] transplant_loss 2.3652, rec_loss 0.0231, p_loss 0.1848, quant_error 0.2104, utilization 1.0000, perplexity 233.5349,
Train Epoch: [2/2] Iters:[220/20018] transplant_loss 2.3584, rec_loss 0.0231, p_loss 0.1848, quant_error 0.2097, utilization 1.0000, perplexity 232.8717,
Train Epoch: [2/2] Iters:[230/20018] transplant_loss 2.3618, rec_loss 0.0232, p_loss 0.1845, quant_error 0.2100, utilization 1.0000, perplexity 232.6155,
Train Epoch: [2/2] Iters:[240/20018] transplant_loss 2.3707, rec_loss 0.0237, p_loss 0.1854, quant_error 0.2106, utilization 1.0000, perplexity 232.7542,
Train Epoch: [2/2] Iters:[250/20018] transplant_loss 2.3858, rec_loss 0.0241, p_loss 0.1857, quant_error 0.2123, utilization 1.0000, perplexity 232.8294,
Train Epoch: [2/2] Iters:[260/20018] transplant_loss 2.3778, rec_loss 0.0242, p_loss 0.1850, quant_error 0.2110, utilization 1.0000, perplexity 232.7368,
Train Epoch: [2/2] Iters:[270/20018] transplant_loss 2.4041, rec_loss 0.0244, p_loss 0.1858, quant_error 0.2140, utilization 1.0000, perplexity 233.4457,
Train Epoch: [2/2] Iters:[280/20018] transplant_loss 2.4171, rec_loss 0.0245, p_loss 0.1862, quant_error 0.2154, utilization 1.0000, perplexity 233.7782,
Train Epoch: [2/2] Iters:[290/20018] transplant_loss 2.4169, rec_loss 0.0242, p_loss 0.1859, quant_error 0.2158, utilization 1.0000, perplexity 234.0004,
Train Epoch: [2/2] Iters:[300/20018] transplant_loss 2.3976, rec_loss 0.0241, p_loss 0.1859, quant_error 0.2136, utilization 1.0000, perplexity 233.6417,
Train Epoch: [2/2] Iters:[310/20018] transplant_loss 2.4012, rec_loss 0.0239, p_loss 0.1859, quant_error 0.2145, utilization 1.0000, perplexity 233.7036,
Train Epoch: [2/2] Iters:[320/20018] transplant_loss 2.4035, rec_loss 0.0243, p_loss 0.1859, quant_error 0.2148, utilization 1.0000, perplexity 233.2273,
Train Epoch: [2/2] Iters:[330/20018] transplant_loss 2.3827, rec_loss 0.0243, p_loss 0.1853, quant_error 0.2121, utilization 1.0000, perplexity 232.9259,
Train Epoch: [2/2] Iters:[340/20018] transplant_loss 2.3738, rec_loss 0.0242, p_loss 0.1855, quant_error 0.2111, utilization 1.0000, perplexity 232.5438,
Train Epoch: [2/2] Iters:[350/20018] transplant_loss 2.3758, rec_loss 0.0240, p_loss 0.1842, quant_error 0.2114, utilization 1.0000, perplexity 232.7529,
Train Epoch: [2/2] Iters:[360/20018] transplant_loss 2.3582, rec_loss 0.0240, p_loss 0.1839, quant_error 0.2092, utilization 1.0000, perplexity 232.2988,
Train Epoch: [2/2] Iters:[370/20018] transplant_loss 2.3528, rec_loss 0.0238, p_loss 0.1842, quant_error 0.2085, utilization 1.0000, perplexity 232.4833,
Train Epoch: [2/2] Iters:[380/20018] transplant_loss 2.3585, rec_loss 0.0236, p_loss 0.1848, quant_error 0.2093, utilization 1.0000, perplexity 232.8324,
Train Epoch: [2/2] Iters:[390/20018] transplant_loss 2.3648, rec_loss 0.0237, p_loss 0.1844, quant_error 0.2101, utilization 1.0000, perplexity 232.9630,
Train Epoch: [2/2] Iters:[400/20018] transplant_loss 2.3627, rec_loss 0.0236, p_loss 0.1849, quant_error 0.2101, utilization 1.0000, perplexity 233.2810,
Train Epoch: [2/2] Iters:[410/20018] transplant_loss 2.3763, rec_loss 0.0237, p_loss 0.1857, quant_error 0.2119, utilization 1.0000, perplexity 233.3423,
Train Epoch: [2/2] Iters:[420/20018] transplant_loss 2.3622, rec_loss 0.0233, p_loss 0.1840, quant_error 0.2104, utilization 1.0000, perplexity 233.6728,
Train Epoch: [2/2] Iters:[430/20018] transplant_loss 2.3579, rec_loss 0.0234, p_loss 0.1835, quant_error 0.2097, utilization 1.0000, perplexity 233.4775,
Train Epoch: [2/2] Iters:[440/20018] transplant_loss 2.3530, rec_loss 0.0231, p_loss 0.1834, quant_error 0.2091, utilization 1.0000, perplexity 233.3807,
Train Epoch: [2/2] Iters:[450/20018] transplant_loss 2.3632, rec_loss 0.0236, p_loss 0.1840, quant_error 0.2096, utilization 1.0000, perplexity 233.3154,
Train Epoch: [2/2] Iters:[460/20018] transplant_loss 2.3537, rec_loss 0.0235, p_loss 0.1837, quant_error 0.2081, utilization 1.0000, perplexity 233.6008,
Train Epoch: [2/2] Iters:[470/20018] transplant_loss 2.3837, rec_loss 0.0242, p_loss 0.1854, quant_error 0.2116, utilization 1.0000, perplexity 233.7443,
Train Epoch: [2/2] Iters:[480/20018] transplant_loss 2.3823, rec_loss 0.0241, p_loss 0.1852, quant_error 0.2117, utilization 1.0000, perplexity 233.6141,
Train Epoch: [2/2] Iters:[490/20018] transplant_loss 2.3953, rec_loss 0.0245, p_loss 0.1858, quant_error 0.2134, utilization 1.0000, perplexity 233.6746,
Train Epoch: [2/2] Iters:[500/20018] transplant_loss 2.3889, rec_loss 0.0241, p_loss 0.1849, quant_error 0.2130, utilization 1.0000, perplexity 233.8485,
Train Epoch: [2/2] Iters:[510/20018] transplant_loss 2.3881, rec_loss 0.0240, p_loss 0.1853, quant_error 0.2130, utilization 1.0000, perplexity 233.9978,
Train Epoch: [2/2] Iters:[520/20018] transplant_loss 2.3699, rec_loss 0.0236, p_loss 0.1846, quant_error 0.2110, utilization 1.0000, perplexity 233.8668,
Train Epoch: [2/2] Iters:[530/20018] transplant_loss 2.3773, rec_loss 0.0237, p_loss 0.1845, quant_error 0.2121, utilization 1.0000, perplexity 233.7615,
Train Epoch: [2/2] Iters:[540/20018] transplant_loss 2.3792, rec_loss 0.0234, p_loss 0.1849, quant_error 0.2125, utilization 1.0000, perplexity 233.9569,
Train Epoch: [2/2] Iters:[550/20018] transplant_loss 2.3803, rec_loss 0.0235, p_loss 0.1846, quant_error 0.2127, utilization 1.0000, perplexity 234.1372,
Train Epoch: [2/2] Iters:[560/20018] transplant_loss 2.3755, rec_loss 0.0235, p_loss 0.1839, quant_error 0.2122, utilization 1.0000, perplexity 233.4254,
Train Epoch: [2/2] Iters:[570/20018] transplant_loss 2.3363, rec_loss 0.0230, p_loss 0.1831, quant_error 0.2071, utilization 1.0000, perplexity 232.6073,
Train Epoch: [2/2] Iters:[580/20018] transplant_loss 2.3513, rec_loss 0.0234, p_loss 0.1839, quant_error 0.2084, utilization 1.0000, perplexity 233.0644,
Train Epoch: [2/2] Iters:[590/20018] transplant_loss 2.3631, rec_loss 0.0238, p_loss 0.1831, quant_error 0.2096, utilization 1.0000, perplexity 233.2628,
Train Epoch: [2/2] Iters:[600/20018] transplant_loss 2.3560, rec_loss 0.0234, p_loss 0.1834, quant_error 0.2089, utilization 1.0000, perplexity 232.9439,
Train Epoch: [2/2] Iters:[610/20018] transplant_loss 2.3809, rec_loss 0.0238, p_loss 0.1853, quant_error 0.2118, utilization 1.0000, perplexity 233.5151,
Train Epoch: [2/2] Iters:[620/20018] transplant_loss 2.3939, rec_loss 0.0240, p_loss 0.1846, quant_error 0.2135, utilization 1.0000, perplexity 233.8089,
Train Epoch: [2/2] Iters:[630/20018] transplant_loss 2.3659, rec_loss 0.0236, p_loss 0.1841, quant_error 0.2103, utilization 1.0000, perplexity 233.2828,
Train Epoch: [2/2] Iters:[640/20018] transplant_loss 2.3536, rec_loss 0.0234, p_loss 0.1850, quant_error 0.2087, utilization 1.0000, perplexity 232.9075,
Train Epoch: [2/2] Iters:[650/20018] transplant_loss 2.3560, rec_loss 0.0236, p_loss 0.1851, quant_error 0.2086, utilization 1.0000, perplexity 232.6211,
Train Epoch: [2/2] Iters:[660/20018] transplant_loss 2.3428, rec_loss 0.0235, p_loss 0.1836, quant_error 0.2071, utilization 1.0000, perplexity 232.4077,
Train Epoch: [2/2] Iters:[670/20018] transplant_loss 2.3614, rec_loss 0.0237, p_loss 0.1845, quant_error 0.2093, utilization 1.0000, perplexity 232.5186,
Train Epoch: [2/2] Iters:[680/20018] transplant_loss 2.3692, rec_loss 0.0237, p_loss 0.1845, quant_error 0.2101, utilization 1.0000, perplexity 233.0168,
Train Epoch: [2/2] Iters:[690/20018] transplant_loss 2.3529, rec_loss 0.0233, p_loss 0.1835, quant_error 0.2082, utilization 1.0000, perplexity 233.0610,
Train Epoch: [2/2] Iters:[700/20018] transplant_loss 2.3671, rec_loss 0.0235, p_loss 0.1843, quant_error 0.2102, utilization 1.0000, perplexity 233.9030,
Train Epoch: [2/2] Iters:[710/20018] transplant_loss 2.3605, rec_loss 0.0235, p_loss 0.1837, quant_error 0.2095, utilization 1.0000, perplexity 233.5511,
Train Epoch: [2/2] Iters:[720/20018] transplant_loss 2.3581, rec_loss 0.0235, p_loss 0.1839, quant_error 0.2093, utilization 1.0000, perplexity 233.4500,
Train Epoch: [2/2] Iters:[730/20018] transplant_loss 2.3650, rec_loss 0.0237, p_loss 0.1833, quant_error 0.2104, utilization 1.0000, perplexity 233.3013,
Train Epoch: [2/2] Iters:[740/20018] transplant_loss 2.3704, rec_loss 0.0238, p_loss 0.1838, quant_error 0.2108, utilization 1.0000, perplexity 233.4545,
Train Epoch: [2/2] Iters:[750/20018] transplant_loss 2.3672, rec_loss 0.0239, p_loss 0.1839, quant_error 0.2106, utilization 1.0000, perplexity 233.0824,
Train Epoch: [2/2] Iters:[760/20018] transplant_loss 2.3833, rec_loss 0.0241, p_loss 0.1846, quant_error 0.2121, utilization 1.0000, perplexity 234.0465,
Train Epoch: [2/2] Iters:[770/20018] transplant_loss 2.3886, rec_loss 0.0244, p_loss 0.1851, quant_error 0.2124, utilization 1.0000, perplexity 234.4660,
Train Epoch: [2/2] Iters:[780/20018] transplant_loss 2.3815, rec_loss 0.0243, p_loss 0.1858, quant_error 0.2114, utilization 1.0000, perplexity 234.2642,
Train Epoch: [2/2] Iters:[790/20018] transplant_loss 2.3919, rec_loss 0.0246, p_loss 0.1864, quant_error 0.2130, utilization 1.0000, perplexity 234.5608,
Train Epoch: [2/2] Iters:[800/20018] transplant_loss 2.3702, rec_loss 0.0245, p_loss 0.1858, quant_error 0.2099, utilization 1.0000, perplexity 234.1163,
Train Epoch: [2/2] Iters:[810/20018] transplant_loss 2.3610, rec_loss 0.0244, p_loss 0.1859, quant_error 0.2089, utilization 1.0000, perplexity 233.5788,
Train Epoch: [2/2] Iters:[820/20018] transplant_loss 2.3628, rec_loss 0.0242, p_loss 0.1858, quant_error 0.2093, utilization 1.0000, perplexity 233.5471,
Train Epoch: [2/2] Iters:[830/20018] transplant_loss 2.3661, rec_loss 0.0242, p_loss 0.1854, quant_error 0.2097, utilization 1.0000, perplexity 233.5882,
Train Epoch: [2/2] Iters:[840/20018] transplant_loss 2.3421, rec_loss 0.0238, p_loss 0.1837, quant_error 0.2066, utilization 1.0000, perplexity 232.8893,
Train Epoch: [2/2] Iters:[850/20018] transplant_loss 2.3478, rec_loss 0.0238, p_loss 0.1835, quant_error 0.2072, utilization 1.0000, perplexity 233.1026,
Train Epoch: [2/2] Iters:[860/20018] transplant_loss 2.3470, rec_loss 0.0235, p_loss 0.1830, quant_error 0.2072, utilization 1.0000, perplexity 233.3941,
Train Epoch: [2/2] Iters:[870/20018] transplant_loss 2.3420, rec_loss 0.0234, p_loss 0.1831, quant_error 0.2070, utilization 1.0000, perplexity 233.2590,
Train Epoch: [2/2] Iters:[880/20018] transplant_loss 2.3456, rec_loss 0.0233, p_loss 0.1834, quant_error 0.2078, utilization 1.0000, perplexity 233.4842,
Train Epoch: [2/2] Iters:[890/20018] transplant_loss 2.3721, rec_loss 0.0239, p_loss 0.1849, quant_error 0.2116, utilization 1.0000, perplexity 233.5574,
Train Epoch: [2/2] Iters:[900/20018] transplant_loss 2.3921, rec_loss 0.0240, p_loss 0.1856, quant_error 0.2144, utilization 1.0000, perplexity 233.5482,
Train Epoch: [2/2] Iters:[910/20018] transplant_loss 2.3867, rec_loss 0.0241, p_loss 0.1858, quant_error 0.2136, utilization 1.0000, perplexity 233.0585,
Train Epoch: [2/2] Iters:[920/20018] transplant_loss 2.3865, rec_loss 0.0242, p_loss 0.1853, quant_error 0.2136, utilization 1.0000, perplexity 233.0251,
Train Epoch: [2/2] Iters:[930/20018] transplant_loss 2.3795, rec_loss 0.0242, p_loss 0.1852, quant_error 0.2122, utilization 1.0000, perplexity 232.6588,
Train Epoch: [2/2] Iters:[940/20018] transplant_loss 2.3782, rec_loss 0.0241, p_loss 0.1852, quant_error 0.2115, utilization 1.0000, perplexity 233.1161,
Train Epoch: [2/2] Iters:[950/20018] transplant_loss 2.3579, rec_loss 0.0239, p_loss 0.1849, quant_error 0.2088, utilization 1.0000, perplexity 233.0037,
Train Epoch: [2/2] Iters:[960/20018] transplant_loss 2.3779, rec_loss 0.0239, p_loss 0.1851, quant_error 0.2115, utilization 1.0000, perplexity 233.7415,
Train Epoch: [2/2] Iters:[970/20018] transplant_loss 2.3797, rec_loss 0.0238, p_loss 0.1852, quant_error 0.2117, utilization 1.0000, perplexity 233.8342,
Train Epoch: [2/2] Iters:[980/20018] transplant_loss 2.3996, rec_loss 0.0244, p_loss 0.1857, quant_error 0.2143, utilization 1.0000, perplexity 234.1156,
Train Epoch: [2/2] Iters:[990/20018] transplant_loss 2.4162, rec_loss 0.0244, p_loss 0.1856, quant_error 0.2164, utilization 1.0000, perplexity 234.1903,
Train Epoch: [2/2] Iters:[1000/20018] transplant_loss 2.4423, rec_loss 0.0245, p_loss 0.1858, quant_error 0.2198, utilization 1.0000, perplexity 234.6993,
Train Epoch: [2/2] Iters:[1010/20018] transplant_loss 2.4472, rec_loss 0.0246, p_loss 0.1857, quant_error 0.2203, utilization 1.0000, perplexity 234.6856,
Train Epoch: [2/2] Iters:[1020/20018] transplant_loss 2.4574, rec_loss 0.0248, p_loss 0.1856, quant_error 0.2214, utilization 1.0000, perplexity 234.8163,
Train Epoch: [2/2] Iters:[1030/20018] transplant_loss 2.4518, rec_loss 0.0245, p_loss 0.1855, quant_error 0.2208, utilization 1.0000, perplexity 234.2999,
Train Epoch: [2/2] Iters:[1040/20018] transplant_loss 2.4087, rec_loss 0.0237, p_loss 0.1838, quant_error 0.2157, utilization 1.0000, perplexity 234.2711,
Train Epoch: [2/2] Iters:[1050/20018] transplant_loss 2.3958, rec_loss 0.0239, p_loss 0.1841, quant_error 0.2142, utilization 1.0000, perplexity 234.1449,
Train Epoch: [2/2] Iters:[1060/20018] transplant_loss 2.3693, rec_loss 0.0236, p_loss 0.1840, quant_error 0.2109, utilization 1.0000, perplexity 233.8050,
Train Epoch: [2/2] Iters:[1070/20018] transplant_loss 2.3517, rec_loss 0.0233, p_loss 0.1841, quant_error 0.2086, utilization 1.0000, perplexity 233.6790,
Train Epoch: [2/2] Iters:[1080/20018] transplant_loss 2.3279, rec_loss 0.0230, p_loss 0.1841, quant_error 0.2056, utilization 1.0000, perplexity 233.4831,
Train Epoch: [2/2] Iters:[1090/20018] transplant_loss 2.3277, rec_loss 0.0234, p_loss 0.1851, quant_error 0.2051, utilization 1.0000, perplexity 233.0939,
Train Epoch: [2/2] Iters:[1100/20018] transplant_loss 2.3248, rec_loss 0.0231, p_loss 0.1841, quant_error 0.2049, utilization 1.0000, perplexity 233.0157,
Train Epoch: [2/2] Iters:[1110/20018] transplant_loss 2.3375, rec_loss 0.0232, p_loss 0.1846, quant_error 0.2064, utilization 1.0000, perplexity 233.1403,
Train Epoch: [2/2] Iters:[1120/20018] transplant_loss 2.3518, rec_loss 0.0233, p_loss 0.1852, quant_error 0.2084, utilization 1.0000, perplexity 233.2242,
Train Epoch: [2/2] Iters:[1130/20018] transplant_loss 2.3749, rec_loss 0.0234, p_loss 0.1848, quant_error 0.2115, utilization 1.0000, perplexity 233.7947,
Train Epoch: [2/2] Iters:[1140/20018] transplant_loss 2.3948, rec_loss 0.0232, p_loss 0.1846, quant_error 0.2144, utilization 1.0000, perplexity 234.1742,
Train Epoch: [2/2] Iters:[1150/20018] transplant_loss 2.3891, rec_loss 0.0233, p_loss 0.1855, quant_error 0.2133, utilization 1.0000, perplexity 234.2199,
Train Epoch: [2/2] Iters:[1160/20018] transplant_loss 2.3736, rec_loss 0.0231, p_loss 0.1848, quant_error 0.2113, utilization 1.0000, perplexity 233.9225,
Train Epoch: [2/2] Iters:[1170/20018] transplant_loss 2.3695, rec_loss 0.0230, p_loss 0.1837, quant_error 0.2108, utilization 1.0000, perplexity 233.7863,
Train Epoch: [2/2] Iters:[1180/20018] transplant_loss 2.3431, rec_loss 0.0227, p_loss 0.1830, quant_error 0.2072, utilization 1.0000, perplexity 233.4822,
Train Epoch: [2/2] Iters:[1190/20018] transplant_loss 2.3331, rec_loss 0.0228, p_loss 0.1829, quant_error 0.2060, utilization 1.0000, perplexity 233.3874,
Train Epoch: [2/2] Iters:[1200/20018] transplant_loss 2.3363, rec_loss 0.0228, p_loss 0.1818, quant_error 0.2065, utilization 1.0000, perplexity 233.5284,
Train Epoch: [2/2] Iters:[1210/20018] transplant_loss 2.3479, rec_loss 0.0229, p_loss 0.1817, quant_error 0.2082, utilization 1.0000, perplexity 233.4851,
Train Epoch: [2/2] Iters:[1220/20018] transplant_loss 2.3520, rec_loss 0.0230, p_loss 0.1824, quant_error 0.2085, utilization 1.0000, perplexity 233.9470,
Train Epoch: [2/2] Iters:[1230/20018] transplant_loss 2.3588, rec_loss 0.0231, p_loss 0.1825, quant_error 0.2097, utilization 1.0000, perplexity 234.1829,
Train Epoch: [2/2] Iters:[1240/20018] transplant_loss 2.3736, rec_loss 0.0234, p_loss 0.1835, quant_error 0.2115, utilization 1.0000, perplexity 234.5384,
Train Epoch: [2/2] Iters:[1250/20018] transplant_loss 2.3797, rec_loss 0.0236, p_loss 0.1845, quant_error 0.2125, utilization 1.0000, perplexity 234.3735,
Train Epoch: [2/2] Iters:[1260/20018] transplant_loss 2.3762, rec_loss 0.0235, p_loss 0.1851, quant_error 0.2117, utilization 1.0000, perplexity 234.4241,
Train Epoch: [2/2] Iters:[1270/20018] transplant_loss 2.3940, rec_loss 0.0237, p_loss 0.1853, quant_error 0.2141, utilization 1.0000, perplexity 234.4494,
Train Epoch: [2/2] Iters:[1280/20018] transplant_loss 2.4021, rec_loss 0.0237, p_loss 0.1855, quant_error 0.2149, utilization 1.0000, perplexity 234.3797,
Train Epoch: [2/2] Iters:[1290/20018] transplant_loss 2.3929, rec_loss 0.0235, p_loss 0.1853, quant_error 0.2135, utilization 1.0000, perplexity 234.1121,
Train Epoch: [2/2] Iters:[1300/20018] transplant_loss 2.3789, rec_loss 0.0231, p_loss 0.1838, quant_error 0.2121, utilization 1.0000, perplexity 233.7304,
Train Epoch: [2/2] Iters:[1310/20018] transplant_loss 2.3943, rec_loss 0.0234, p_loss 0.1841, quant_error 0.2145, utilization 1.0000, perplexity 233.5127,
Train Epoch: [2/2] Iters:[1320/20018] transplant_loss 2.3894, rec_loss 0.0235, p_loss 0.1843, quant_error 0.2137, utilization 1.0000, perplexity 233.2867,
Train Epoch: [2/2] Iters:[1330/20018] transplant_loss 2.4197, rec_loss 0.0241, p_loss 0.1857, quant_error 0.2170, utilization 1.0000, perplexity 234.1163,
Train Epoch: [2/2] Iters:[1340/20018] transplant_loss 2.4140, rec_loss 0.0241, p_loss 0.1854, quant_error 0.2165, utilization 1.0000, perplexity 233.9829,
Train Epoch: [2/2] Iters:[1350/20018] transplant_loss 2.4247, rec_loss 0.0243, p_loss 0.1868, quant_error 0.2174, utilization 1.0000, perplexity 234.6146,
Train Epoch: [2/2] Iters:[1360/20018] transplant_loss 2.4108, rec_loss 0.0243, p_loss 0.1862, quant_error 0.2154, utilization 1.0000, perplexity 234.8755,
Train Epoch: [2/2] Iters:[1370/20018] transplant_loss 2.3956, rec_loss 0.0242, p_loss 0.1861, quant_error 0.2137, utilization 1.0000, perplexity 234.7154,
Train Epoch: [2/2] Iters:[1380/20018] transplant_loss 2.4042, rec_loss 0.0244, p_loss 0.1867, quant_error 0.2150, utilization 1.0000, perplexity 234.7133,
Train Epoch: [2/2] Iters:[1390/20018] transplant_loss 2.4235, rec_loss 0.0246, p_loss 0.1870, quant_error 0.2180, utilization 1.0000, perplexity 234.3908,
Train Epoch: [2/2] Iters:[1400/20018] transplant_loss 2.4130, rec_loss 0.0245, p_loss 0.1858, quant_error 0.2167, utilization 1.0000, perplexity 233.8451,
Train Epoch: [2/2] Iters:[1410/20018] transplant_loss 2.4107, rec_loss 0.0244, p_loss 0.1862, quant_error 0.2162, utilization 1.0000, perplexity 233.6484,
Train Epoch: [2/2] Iters:[1420/20018] transplant_loss 2.4099, rec_loss 0.0240, p_loss 0.1853, quant_error 0.2161, utilization 1.0000, perplexity 233.7766,
Train Epoch: [2/2] Iters:[1430/20018] transplant_loss 2.3752, rec_loss 0.0236, p_loss 0.1831, quant_error 0.2118, utilization 1.0000, perplexity 233.1081,
Train Epoch: [2/2] Iters:[1440/20018] transplant_loss 2.3352, rec_loss 0.0229, p_loss 0.1813, quant_error 0.2063, utilization 1.0000, perplexity 232.8052,
Train Epoch: [2/2] Iters:[1450/20018] transplant_loss 2.3414, rec_loss 0.0229, p_loss 0.1827, quant_error 0.2070, utilization 1.0000, perplexity 232.9117,
Train Epoch: [2/2] Iters:[1460/20018] transplant_loss 2.3400, rec_loss 0.0228, p_loss 0.1821, quant_error 0.2069, utilization 1.0000, perplexity 232.9242,
Train Epoch: [2/2] Iters:[1470/20018] transplant_loss 2.3360, rec_loss 0.0231, p_loss 0.1828, quant_error 0.2060, utilization 1.0000, perplexity 232.8359,
Train Epoch: [2/2] Iters:[1480/20018] transplant_loss 2.3468, rec_loss 0.0231, p_loss 0.1838, quant_error 0.2071, utilization 1.0000, perplexity 232.8914,
Train Epoch: [2/2] Iters:[1490/20018] transplant_loss 2.3825, rec_loss 0.0239, p_loss 0.1858, quant_error 0.2112, utilization 1.0000, perplexity 233.8583,
Train Epoch: [2/2] Iters:[1500/20018] transplant_loss 2.3745, rec_loss 0.0238, p_loss 0.1848, quant_error 0.2103, utilization 1.0000, perplexity 233.9959,
Train Epoch: [2/2] Iters:[1510/20018] transplant_loss 2.3870, rec_loss 0.0239, p_loss 0.1860, quant_error 0.2117, utilization 1.0000, perplexity 234.3398,
Train Epoch: [2/2] Iters:[1520/20018] transplant_loss 2.3927, rec_loss 0.0239, p_loss 0.1858, quant_error 0.2128, utilization 1.0000, perplexity 234.4317,
Train Epoch: [2/2] Iters:[1530/20018] transplant_loss 2.3922, rec_loss 0.0238, p_loss 0.1855, quant_error 0.2129, utilization 1.0000, perplexity 234.4273,
Train Epoch: [2/2] Iters:[1540/20018] transplant_loss 2.3909, rec_loss 0.0237, p_loss 0.1849, quant_error 0.2132, utilization 1.0000, perplexity 234.2861,
Train Epoch: [2/2] Iters:[1550/20018] transplant_loss 2.4093, rec_loss 0.0241, p_loss 0.1858, quant_error 0.2153, utilization 1.0000, perplexity 234.5739,
Train Epoch: [2/2] Iters:[1560/20018] transplant_loss 2.4181, rec_loss 0.0244, p_loss 0.1859, quant_error 0.2163, utilization 1.0000, perplexity 235.0681,
Train Epoch: [2/2] Iters:[1570/20018] transplant_loss 2.4107, rec_loss 0.0245, p_loss 0.1858, quant_error 0.2150, utilization 1.0000, perplexity 234.7300,
Train Epoch: [2/2] Iters:[1580/20018] transplant_loss 2.3865, rec_loss 0.0240, p_loss 0.1850, quant_error 0.2122, utilization 1.0000, perplexity 234.7033,
Train Epoch: [2/2] Iters:[1590/20018] transplant_loss 2.3813, rec_loss 0.0240, p_loss 0.1847, quant_error 0.2120, utilization 1.0000, perplexity 234.5287,
Train Epoch: [2/2] Iters:[1600/20018] transplant_loss 2.3630, rec_loss 0.0238, p_loss 0.1841, quant_error 0.2098, utilization 1.0000, perplexity 233.9906,
Train Epoch: [2/2] Iters:[1610/20018] transplant_loss 2.3395, rec_loss 0.0233, p_loss 0.1828, quant_error 0.2070, utilization 1.0000, perplexity 233.4281,
Train Epoch: [2/2] Iters:[1620/20018] transplant_loss 2.3405, rec_loss 0.0232, p_loss 0.1823, quant_error 0.2071, utilization 1.0000, perplexity 233.8302,
Train Epoch: [2/2] Iters:[1630/20018] transplant_loss 2.3533, rec_loss 0.0233, p_loss 0.1823, quant_error 0.2089, utilization 1.0000, perplexity 233.5442,
Train Epoch: [2/2] Iters:[1640/20018] transplant_loss 2.3654, rec_loss 0.0238, p_loss 0.1841, quant_error 0.2096, utilization 1.0000, perplexity 233.5448,
Train Epoch: [2/2] Iters:[1650/20018] transplant_loss 2.3790, rec_loss 0.0238, p_loss 0.1837, quant_error 0.2115, utilization 1.0000, perplexity 233.6503,
Train Epoch: [2/2] Iters:[1660/20018] transplant_loss 2.3796, rec_loss 0.0238, p_loss 0.1832, quant_error 0.2117, utilization 1.0000, perplexity 233.1654,
Train Epoch: [2/2] Iters:[1670/20018] transplant_loss 2.3916, rec_loss 0.0241, p_loss 0.1838, quant_error 0.2135, utilization 1.0000, perplexity 232.9919,
Train Epoch: [2/2] Iters:[1680/20018] transplant_loss 2.3761, rec_loss 0.0241, p_loss 0.1844, quant_error 0.2111, utilization 1.0000, perplexity 232.8776,
Train Epoch: [2/2] Iters:[1690/20018] transplant_loss 2.3494, rec_loss 0.0235, p_loss 0.1823, quant_error 0.2081, utilization 1.0000, perplexity 232.2536,
Train Epoch: [2/2] Iters:[1700/20018] transplant_loss 2.3644, rec_loss 0.0237, p_loss 0.1831, quant_error 0.2098, utilization 1.0000, perplexity 232.5387,
Train Epoch: [2/2] Iters:[1710/20018] transplant_loss 2.3728, rec_loss 0.0239, p_loss 0.1841, quant_error 0.2106, utilization 1.0000, perplexity 232.9643,
Train Epoch: [2/2] Iters:[1720/20018] transplant_loss 2.3556, rec_loss 0.0234, p_loss 0.1839, quant_error 0.2084, utilization 1.0000, perplexity 232.7659,
Train Epoch: [2/2] Iters:[1730/20018] transplant_loss 2.3781, rec_loss 0.0237, p_loss 0.1839, quant_error 0.2112, utilization 1.0000, perplexity 233.0927,
Train Epoch: [2/2] Iters:[1740/20018] transplant_loss 2.3924, rec_loss 0.0239, p_loss 0.1854, quant_error 0.2128, utilization 1.0000, perplexity 233.8134,
Train Epoch: [2/2] Iters:[1750/20018] transplant_loss 2.3643, rec_loss 0.0235, p_loss 0.1845, quant_error 0.2093, utilization 1.0000, perplexity 233.5763,
Train Epoch: [2/2] Iters:[1760/20018] transplant_loss 2.3760, rec_loss 0.0236, p_loss 0.1836, quant_error 0.2110, utilization 1.0000, perplexity 233.7923,
Train Epoch: [2/2] Iters:[1770/20018] transplant_loss 2.3913, rec_loss 0.0237, p_loss 0.1832, quant_error 0.2130, utilization 1.0000, perplexity 234.1522,
Train Epoch: [2/2] Iters:[1780/20018] transplant_loss 2.3786, rec_loss 0.0235, p_loss 0.1829, quant_error 0.2112, utilization 1.0000, perplexity 233.9991,
Train Epoch: [2/2] Iters:[1790/20018] transplant_loss 2.3795, rec_loss 0.0234, p_loss 0.1817, quant_error 0.2117, utilization 1.0000, perplexity 234.1702,
Train Epoch: [2/2] Iters:[1800/20018] transplant_loss 2.3812, rec_loss 0.0234, p_loss 0.1820, quant_error 0.2118, utilization 1.0000, perplexity 234.2669,
Train Epoch: [2/2] Iters:[1810/20018] transplant_loss 2.3899, rec_loss 0.0238, p_loss 0.1838, quant_error 0.2126, utilization 1.0000, perplexity 234.3543,
Train Epoch: [2/2] Iters:[1820/20018] transplant_loss 2.3712, rec_loss 0.0236, p_loss 0.1843, quant_error 0.2103, utilization 1.0000, perplexity 234.0009,
Train Epoch: [2/2] Iters:[1830/20018] transplant_loss 2.3814, rec_loss 0.0237, p_loss 0.1845, quant_error 0.2121, utilization 1.0000, perplexity 234.4327,
Train Epoch: [2/2] Iters:[1840/20018] transplant_loss 2.3618, rec_loss 0.0235, p_loss 0.1844, quant_error 0.2099, utilization 1.0000, perplexity 233.6792,
Train Epoch: [2/2] Iters:[1850/20018] transplant_loss 2.3814, rec_loss 0.0238, p_loss 0.1846, quant_error 0.2123, utilization 1.0000, perplexity 233.7364,
Train Epoch: [2/2] Iters:[1860/20018] transplant_loss 2.3556, rec_loss 0.0232, p_loss 0.1833, quant_error 0.2091, utilization 1.0000, perplexity 233.3249,
Train Epoch: [2/2] Iters:[1870/20018] transplant_loss 2.3835, rec_loss 0.0236, p_loss 0.1840, quant_error 0.2126, utilization 1.0000, perplexity 233.4277,
Train Epoch: [2/2] Iters:[1880/20018] transplant_loss 2.3854, rec_loss 0.0236, p_loss 0.1849, quant_error 0.2124, utilization 1.0000, perplexity 233.7671,
Train Epoch: [2/2] Iters:[1890/20018] transplant_loss 2.3912, rec_loss 0.0235, p_loss 0.1847, quant_error 0.2129, utilization 1.0000, perplexity 234.3660,
Train Epoch: [2/2] Iters:[1900/20018] transplant_loss 2.3728, rec_loss 0.0232, p_loss 0.1843, quant_error 0.2107, utilization 1.0000, perplexity 234.1122,
Train Epoch: [2/2] Iters:[1910/20018] transplant_loss 2.3690, rec_loss 0.0231, p_loss 0.1838, quant_error 0.2102, utilization 1.0000, perplexity 234.1213,
Train Epoch: [2/2] Iters:[1920/20018] transplant_loss 2.3615, rec_loss 0.0233, p_loss 0.1841, quant_error 0.2091, utilization 1.0000, perplexity 234.2295,
Train Epoch: [2/2] Iters:[1930/20018] transplant_loss 2.3587, rec_loss 0.0232, p_loss 0.1830, quant_error 0.2089, utilization 1.0000, perplexity 233.6745,
Train Epoch: [2/2] Iters:[1940/20018] transplant_loss 2.3708, rec_loss 0.0234, p_loss 0.1828, quant_error 0.2106, utilization 1.0000, perplexity 233.4261,
Train Epoch: [2/2] Iters:[1950/20018] transplant_loss 2.3725, rec_loss 0.0233, p_loss 0.1829, quant_error 0.2108, utilization 1.0000, perplexity 234.2428,
Train Epoch: [2/2] Iters:[1960/20018] transplant_loss 2.3778, rec_loss 0.0237, p_loss 0.1835, quant_error 0.2114, utilization 1.0000, perplexity 234.4781,
Train Epoch: [2/2] Iters:[1970/20018] transplant_loss 2.3683, rec_loss 0.0234, p_loss 0.1821, quant_error 0.2104, utilization 1.0000, perplexity 234.2439,
Train Epoch: [2/2] Iters:[1980/20018] transplant_loss 2.3751, rec_loss 0.0236, p_loss 0.1824, quant_error 0.2112, utilization 1.0000, perplexity 234.3189,
Train Epoch: [2/2] Iters:[1990/20018] transplant_loss 2.3885, rec_loss 0.0241, p_loss 0.1832, quant_error 0.2128, utilization 1.0000, perplexity 234.5235,
Train Epoch: [2/2] Iters:[2000/20018] transplant_loss 2.3905, rec_loss 0.0241, p_loss 0.1834, quant_error 0.2132, utilization 1.0000, perplexity 233.4184,
Train Epoch: [2/2] Iters:[2010/20018] transplant_loss 2.3866, rec_loss 0.0236, p_loss 0.1833, quant_error 0.2132, utilization 1.0000, perplexity 233.1646,
Train Epoch: [2/2] Iters:[2020/20018] transplant_loss 2.3745, rec_loss 0.0236, p_loss 0.1835, quant_error 0.2116, utilization 1.0000, perplexity 233.3679,
Train Epoch: [2/2] Iters:[2030/20018] transplant_loss 2.3518, rec_loss 0.0232, p_loss 0.1823, quant_error 0.2089, utilization 1.0000, perplexity 233.1791,
Train Epoch: [2/2] Iters:[2040/20018] transplant_loss 2.3473, rec_loss 0.0231, p_loss 0.1827, quant_error 0.2082, utilization 1.0000, perplexity 232.7908,
Train Epoch: [2/2] Iters:[2050/20018] transplant_loss 2.3560, rec_loss 0.0233, p_loss 0.1829, quant_error 0.2088, utilization 1.0000, perplexity 233.2029,
Train Epoch: [2/2] Iters:[2060/20018] transplant_loss 2.3805, rec_loss 0.0240, p_loss 0.1844, quant_error 0.2113, utilization 1.0000, perplexity 233.7322,
Train Epoch: [2/2] Iters:[2070/20018] transplant_loss 2.3828, rec_loss 0.0241, p_loss 0.1845, quant_error 0.2113, utilization 1.0000, perplexity 233.2056,
Train Epoch: [2/2] Iters:[2080/20018] transplant_loss 2.4169, rec_loss 0.0247, p_loss 0.1861, quant_error 0.2155, utilization 1.0000, perplexity 233.7505,
Train Epoch: [2/2] Iters:[2090/20018] transplant_loss 2.4040, rec_loss 0.0247, p_loss 0.1858, quant_error 0.2135, utilization 1.0000, perplexity 233.9310,
Train Epoch: [2/2] Iters:[2100/20018] transplant_loss 2.3951, rec_loss 0.0246, p_loss 0.1857, quant_error 0.2126, utilization 1.0000, perplexity 233.8339,
Train Epoch: [2/2] Iters:[2110/20018] transplant_loss 2.3893, rec_loss 0.0242, p_loss 0.1843, quant_error 0.2124, utilization 1.0000, perplexity 233.6794,
Train Epoch: [2/2] Iters:[2120/20018] transplant_loss 2.4002, rec_loss 0.0242, p_loss 0.1840, quant_error 0.2142, utilization 1.0000, perplexity 233.8918,
Train Epoch: [2/2] Iters:[2130/20018] transplant_loss 2.3748, rec_loss 0.0239, p_loss 0.1836, quant_error 0.2107, utilization 1.0000, perplexity 233.6763,
Train Epoch: [2/2] Iters:[2140/20018] transplant_loss 2.3932, rec_loss 0.0238, p_loss 0.1845, quant_error 0.2131, utilization 1.0000, perplexity 234.3196,
Train Epoch: [2/2] Iters:[2150/20018] transplant_loss 2.3779, rec_loss 0.0235, p_loss 0.1840, quant_error 0.2112, utilization 1.0000, perplexity 234.3487,
Train Epoch: [2/2] Iters:[2160/20018] transplant_loss 2.3601, rec_loss 0.0233, p_loss 0.1837, quant_error 0.2088, utilization 1.0000, perplexity 234.1580,
Train Epoch: [2/2] Iters:[2170/20018] transplant_loss 2.3616, rec_loss 0.0234, p_loss 0.1843, quant_error 0.2090, utilization 1.0000, perplexity 233.8671,
Train Epoch: [2/2] Iters:[2180/20018] transplant_loss 2.3687, rec_loss 0.0233, p_loss 0.1844, quant_error 0.2102, utilization 1.0000, perplexity 233.8218,
Train Epoch: [2/2] Iters:[2190/20018] transplant_loss 2.3502, rec_loss 0.0233, p_loss 0.1837, quant_error 0.2081, utilization 1.0000, perplexity 232.9492,
Train Epoch: [2/2] Iters:[2200/20018] transplant_loss 2.3799, rec_loss 0.0239, p_loss 0.1840, quant_error 0.2114, utilization 1.0000, perplexity 233.2221,
Train Epoch: [2/2] Iters:[2210/20018] transplant_loss 2.4001, rec_loss 0.0244, p_loss 0.1849, quant_error 0.2139, utilization 1.0000, perplexity 233.3817,
Train Epoch: [2/2] Iters:[2220/20018] transplant_loss 2.4067, rec_loss 0.0245, p_loss 0.1855, quant_error 0.2142, utilization 1.0000, perplexity 233.7634,
Train Epoch: [2/2] Iters:[2230/20018] transplant_loss 2.3991, rec_loss 0.0245, p_loss 0.1854, quant_error 0.2131, utilization 1.0000, perplexity 233.7006,
Train Epoch: [2/2] Iters:[2240/20018] transplant_loss 2.4039, rec_loss 0.0246, p_loss 0.1852, quant_error 0.2136, utilization 1.0000, perplexity 234.0694,
Train Epoch: [2/2] Iters:[2250/20018] transplant_loss 2.4078, rec_loss 0.0242, p_loss 0.1857, quant_error 0.2146, utilization 1.0000, perplexity 234.3343,
Train Epoch: [2/2] Iters:[2260/20018] transplant_loss 2.3874, rec_loss 0.0238, p_loss 0.1847, quant_error 0.2119, utilization 1.0000, perplexity 234.2127,
Train Epoch: [2/2] Iters:[2270/20018] transplant_loss 2.3849, rec_loss 0.0238, p_loss 0.1839, quant_error 0.2122, utilization 1.0000, perplexity 234.1135,
Train Epoch: [2/2] Iters:[2280/20018] transplant_loss 2.3819, rec_loss 0.0238, p_loss 0.1841, quant_error 0.2114, utilization 1.0000, perplexity 233.9687,
Train Epoch: [2/2] Iters:[2290/20018] transplant_loss 2.3773, rec_loss 0.0237, p_loss 0.1840, quant_error 0.2109, utilization 1.0000, perplexity 233.6924,
Train Epoch: [2/2] Iters:[2300/20018] transplant_loss 2.3693, rec_loss 0.0239, p_loss 0.1830, quant_error 0.2100, utilization 1.0000, perplexity 233.5553,
Train Epoch: [2/2] Iters:[2310/20018] transplant_loss 2.3588, rec_loss 0.0238, p_loss 0.1831, quant_error 0.2090, utilization 1.0000, perplexity 233.2202,
Train Epoch: [2/2] Iters:[2320/20018] transplant_loss 2.3616, rec_loss 0.0236, p_loss 0.1834, quant_error 0.2091, utilization 1.0000, perplexity 233.8886,
Train Epoch: [2/2] Iters:[2330/20018] transplant_loss 2.3660, rec_loss 0.0233, p_loss 0.1826, quant_error 0.2100, utilization 1.0000, perplexity 234.0266,
Train Epoch: [2/2] Iters:[2340/20018] transplant_loss 2.3733, rec_loss 0.0232, p_loss 0.1824, quant_error 0.2110, utilization 1.0000, perplexity 234.0738,
Train Epoch: [2/2] Iters:[2350/20018] transplant_loss 2.3787, rec_loss 0.0234, p_loss 0.1832, quant_error 0.2116, utilization 1.0000, perplexity 233.6542,
Train Epoch: [2/2] Iters:[2360/20018] transplant_loss 2.3839, rec_loss 0.0232, p_loss 0.1832, quant_error 0.2122, utilization 1.0000, perplexity 233.6785,
Train Epoch: [2/2] Iters:[2370/20018] transplant_loss 2.3842, rec_loss 0.0236, p_loss 0.1837, quant_error 0.2119, utilization 1.0000, perplexity 233.5567,
Train Epoch: [2/2] Iters:[2380/20018] transplant_loss 2.3882, rec_loss 0.0237, p_loss 0.1845, quant_error 0.2124, utilization 1.0000, perplexity 233.3233,
Train Epoch: [2/2] Iters:[2390/20018] transplant_loss 2.3831, rec_loss 0.0237, p_loss 0.1848, quant_error 0.2116, utilization 1.0000, perplexity 233.3900,
Train Epoch: [2/2] Iters:[2400/20018] transplant_loss 2.3872, rec_loss 0.0242, p_loss 0.1856, quant_error 0.2114, utilization 1.0000, perplexity 233.5363,
Train Epoch: [2/2] Iters:[2410/20018] transplant_loss 2.4007, rec_loss 0.0245, p_loss 0.1861, quant_error 0.2130, utilization 1.0000, perplexity 233.7014,
Train Epoch: [2/2] Iters:[2420/20018] transplant_loss 2.3952, rec_loss 0.0242, p_loss 0.1851, quant_error 0.2126, utilization 1.0000, perplexity 233.5332,
Train Epoch: [2/2] Iters:[2430/20018] transplant_loss 2.3943, rec_loss 0.0242, p_loss 0.1848, quant_error 0.2126, utilization 1.0000, perplexity 233.6613,
Train Epoch: [2/2] Iters:[2440/20018] transplant_loss 2.4193, rec_loss 0.0247, p_loss 0.1859, quant_error 0.2158, utilization 1.0000, perplexity 234.3080,
Train Epoch: [2/2] Iters:[2450/20018] transplant_loss 2.4196, rec_loss 0.0241, p_loss 0.1852, quant_error 0.2164, utilization 1.0000, perplexity 234.6709,
Train Epoch: [2/2] Iters:[2460/20018] transplant_loss 2.4225, rec_loss 0.0241, p_loss 0.1856, quant_error 0.2165, utilization 1.0000, perplexity 234.9015,
Train Epoch: [2/2] Iters:[2470/20018] transplant_loss 2.4311, rec_loss 0.0246, p_loss 0.1871, quant_error 0.2171, utilization 1.0000, perplexity 235.0263,
Train Epoch: [2/2] Iters:[2480/20018] transplant_loss 2.4258, rec_loss 0.0245, p_loss 0.1867, quant_error 0.2167, utilization 1.0000, perplexity 234.8587,
Train Epoch: [2/2] Iters:[2490/20018] transplant_loss 2.4112, rec_loss 0.0242, p_loss 0.1864, quant_error 0.2148, utilization 1.0000, perplexity 234.6449,
Train Epoch: [2/2] Iters:[2500/20018] transplant_loss 2.4094, rec_loss 0.0243, p_loss 0.1863, quant_error 0.2150, utilization 1.0000, perplexity 234.6469,
Train Epoch: [2/2] Iters:[2510/20018] transplant_loss 2.3938, rec_loss 0.0240, p_loss 0.1849, quant_error 0.2133, utilization 1.0000, perplexity 233.9240,
Train Epoch: [2/2] Iters:[2520/20018] transplant_loss 2.3816, rec_loss 0.0236, p_loss 0.1833, quant_error 0.2124, utilization 1.0000, perplexity 233.5589,
Train Epoch: [2/2] Iters:[2530/20018] transplant_loss 2.3720, rec_loss 0.0237, p_loss 0.1832, quant_error 0.2108, utilization 1.0000, perplexity 233.5527,
Train Epoch: [2/2] Iters:[2540/20018] transplant_loss 2.3620, rec_loss 0.0236, p_loss 0.1826, quant_error 0.2093, utilization 1.0000, perplexity 233.3011,
Train Epoch: [2/2] Iters:[2550/20018] transplant_loss 2.3464, rec_loss 0.0234, p_loss 0.1829, quant_error 0.2073, utilization 1.0000, perplexity 232.8160,
Train Epoch: [2/2] Iters:[2560/20018] transplant_loss 2.3521, rec_loss 0.0236, p_loss 0.1839, quant_error 0.2078, utilization 1.0000, perplexity 233.4108,
Train Epoch: [2/2] Iters:[2570/20018] transplant_loss 2.3468, rec_loss 0.0236, p_loss 0.1835, quant_error 0.2068, utilization 1.0000, perplexity 233.5643,
Train Epoch: [2/2] Iters:[2580/20018] transplant_loss 2.3514, rec_loss 0.0232, p_loss 0.1843, quant_error 0.2074, utilization 1.0000, perplexity 233.9958,
Train Epoch: [2/2] Iters:[2590/20018] transplant_loss 2.3504, rec_loss 0.0233, p_loss 0.1845, quant_error 0.2074, utilization 1.0000, perplexity 233.9119,
Train Epoch: [2/2] Iters:[2600/20018] transplant_loss 2.3616, rec_loss 0.0235, p_loss 0.1846, quant_error 0.2086, utilization 1.0000, perplexity 234.4662,
Train Epoch: [2/2] Iters:[2610/20018] transplant_loss 2.3757, rec_loss 0.0237, p_loss 0.1846, quant_error 0.2101, utilization 1.0000, perplexity 234.7402,
Train Epoch: [2/2] Iters:[2620/20018] transplant_loss 2.3828, rec_loss 0.0236, p_loss 0.1852, quant_error 0.2112, utilization 1.0000, perplexity 234.6991,
Train Epoch: [2/2] Iters:[2630/20018] transplant_loss 2.3919, rec_loss 0.0241, p_loss 0.1847, quant_error 0.2121, utilization 1.0000, perplexity 234.5952,
Train Epoch: [2/2] Iters:[2640/20018] transplant_loss 2.4008, rec_loss 0.0241, p_loss 0.1841, quant_error 0.2132, utilization 1.0000, perplexity 234.4057,
Train Epoch: [2/2] Iters:[2650/20018] transplant_loss 2.3839, rec_loss 0.0237, p_loss 0.1829, quant_error 0.2110, utilization 1.0000, perplexity 234.1352,
Train Epoch: [2/2] Iters:[2660/20018] transplant_loss 2.3775, rec_loss 0.0238, p_loss 0.1833, quant_error 0.2104, utilization 1.0000, perplexity 233.6044,
Train Epoch: [2/2] Iters:[2670/20018] transplant_loss 2.3887, rec_loss 0.0241, p_loss 0.1839, quant_error 0.2115, utilization 1.0000, perplexity 233.8086,
Train Epoch: [2/2] Iters:[2680/20018] transplant_loss 2.3758, rec_loss 0.0235, p_loss 0.1830, quant_error 0.2107, utilization 1.0000, perplexity 233.6314,
Train Epoch: [2/2] Iters:[2690/20018] transplant_loss 2.3708, rec_loss 0.0237, p_loss 0.1836, quant_error 0.2098, utilization 1.0000, perplexity 233.4792,
Train Epoch: [2/2] Iters:[2700/20018] transplant_loss 2.3916, rec_loss 0.0240, p_loss 0.1839, quant_error 0.2128, utilization 1.0000, perplexity 233.6179,
Train Epoch: [2/2] Iters:[2710/20018] transplant_loss 2.3719, rec_loss 0.0235, p_loss 0.1820, quant_error 0.2104, utilization 1.0000, perplexity 233.3063,
Train Epoch: [2/2] Iters:[2720/20018] transplant_loss 2.3550, rec_loss 0.0232, p_loss 0.1819, quant_error 0.2085, utilization 1.0000, perplexity 232.8399,
Train Epoch: [2/2] Iters:[2730/20018] transplant_loss 2.3612, rec_loss 0.0236, p_loss 0.1823, quant_error 0.2090, utilization 1.0000, perplexity 232.7764,
Train Epoch: [2/2] Iters:[2740/20018] transplant_loss 2.3654, rec_loss 0.0233, p_loss 0.1821, quant_error 0.2098, utilization 1.0000, perplexity 233.2899,
Train Epoch: [2/2] Iters:[2750/20018] transplant_loss 2.3781, rec_loss 0.0235, p_loss 0.1831, quant_error 0.2110, utilization 1.0000, perplexity 233.5953,
Train Epoch: [2/2] Iters:[2760/20018] transplant_loss 2.4034, rec_loss 0.0237, p_loss 0.1851, quant_error 0.2144, utilization 1.0000, perplexity 234.4654,
Train Epoch: [2/2] Iters:[2770/20018] transplant_loss 2.4048, rec_loss 0.0240, p_loss 0.1854, quant_error 0.2144, utilization 1.0000, perplexity 234.8929,
Train Epoch: [2/2] Iters:[2780/20018] transplant_loss 2.4082, rec_loss 0.0240, p_loss 0.1851, quant_error 0.2146, utilization 1.0000, perplexity 235.0600,
Train Epoch: [2/2] Iters:[2790/20018] transplant_loss 2.4081, rec_loss 0.0242, p_loss 0.1857, quant_error 0.2146, utilization 1.0000, perplexity 234.9517,
Train Epoch: [2/2] Iters:[2800/20018] transplant_loss 2.3762, rec_loss 0.0237, p_loss 0.1843, quant_error 0.2107, utilization 1.0000, perplexity 234.4409,
Train Epoch: [2/2] Iters:[2810/20018] transplant_loss 2.3733, rec_loss 0.0238, p_loss 0.1836, quant_error 0.2099, utilization 1.0000, perplexity 234.2506,
Train Epoch: [2/2] Iters:[2820/20018] transplant_loss 2.3848, rec_loss 0.0235, p_loss 0.1836, quant_error 0.2117, utilization 1.0000, perplexity 234.4625,
Train Epoch: [2/2] Iters:[2830/20018] transplant_loss 2.3981, rec_loss 0.0238, p_loss 0.1851, quant_error 0.2133, utilization 1.0000, perplexity 234.7916,
Train Epoch: [2/2] Iters:[2840/20018] transplant_loss 2.3826, rec_loss 0.0234, p_loss 0.1843, quant_error 0.2115, utilization 1.0000, perplexity 234.6297,
Train Epoch: [2/2] Iters:[2850/20018] transplant_loss 2.3937, rec_loss 0.0237, p_loss 0.1856, quant_error 0.2127, utilization 1.0000, perplexity 234.6554,
Train Epoch: [2/2] Iters:[2860/20018] transplant_loss 2.3810, rec_loss 0.0237, p_loss 0.1851, quant_error 0.2113, utilization 1.0000, perplexity 234.0728,
Train Epoch: [2/2] Iters:[2870/20018] transplant_loss 2.3806, rec_loss 0.0236, p_loss 0.1835, quant_error 0.2114, utilization 1.0000, perplexity 234.1139,
Train Epoch: [2/2] Iters:[2880/20018] transplant_loss 2.3614, rec_loss 0.0232, p_loss 0.1819, quant_error 0.2090, utilization 1.0000, perplexity 234.0352,
Train Epoch: [2/2] Iters:[2890/20018] transplant_loss 2.3825, rec_loss 0.0236, p_loss 0.1825, quant_error 0.2112, utilization 1.0000, perplexity 234.4458,
Train Epoch: [2/2] Iters:[2900/20018] transplant_loss 2.3739, rec_loss 0.0237, p_loss 0.1828, quant_error 0.2099, utilization 1.0000, perplexity 234.5197,
Train Epoch: [2/2] Iters:[2910/20018] transplant_loss 2.3813, rec_loss 0.0236, p_loss 0.1836, quant_error 0.2108, utilization 1.0000, perplexity 234.9808,
Train Epoch: [2/2] Iters:[2920/20018] transplant_loss 2.3708, rec_loss 0.0236, p_loss 0.1840, quant_error 0.2095, utilization 1.0000, perplexity 234.6799,
Train Epoch: [2/2] Iters:[2930/20018] transplant_loss 2.3749, rec_loss 0.0237, p_loss 0.1844, quant_error 0.2102, utilization 1.0000, perplexity 234.4092,
Train Epoch: [2/2] Iters:[2940/20018] transplant_loss 2.3792, rec_loss 0.0238, p_loss 0.1846, quant_error 0.2106, utilization 1.0000, perplexity 233.9692,
Train Epoch: [2/2] Iters:[2950/20018] transplant_loss 2.3690, rec_loss 0.0235, p_loss 0.1838, quant_error 0.2096, utilization 1.0000, perplexity 233.8818,
Train Epoch: [2/2] Iters:[2960/20018] transplant_loss 2.3516, rec_loss 0.0233, p_loss 0.1829, quant_error 0.2076, utilization 1.0000, perplexity 233.5429,
Train Epoch: [2/2] Iters:[2970/20018] transplant_loss 2.3669, rec_loss 0.0238, p_loss 0.1845, quant_error 0.2092, utilization 1.0000, perplexity 233.7216,
Train Epoch: [2/2] Iters:[2980/20018] transplant_loss 2.3594, rec_loss 0.0236, p_loss 0.1845, quant_error 0.2082, utilization 1.0000, perplexity 233.5890,
Train Epoch: [2/2] Iters:[2990/20018] transplant_loss 2.3549, rec_loss 0.0234, p_loss 0.1838, quant_error 0.2081, utilization 1.0000, perplexity 233.7738,
Train Epoch: [2/2] Iters:[3000/20018] transplant_loss 2.3724, rec_loss 0.0235, p_loss 0.1837, quant_error 0.2102, utilization 1.0000, perplexity 233.4163,
Train Epoch: [2/2] Iters:[3010/20018] transplant_loss 2.3696, rec_loss 0.0235, p_loss 0.1838, quant_error 0.2097, utilization 1.0000, perplexity 233.6909,
Train Epoch: [2/2] Iters:[3020/20018] transplant_loss 2.3697, rec_loss 0.0234, p_loss 0.1832, quant_error 0.2099, utilization 1.0000, perplexity 233.9643,
Train Epoch: [2/2] Iters:[3030/20018] transplant_loss 2.3957, rec_loss 0.0242, p_loss 0.1848, quant_error 0.2130, utilization 1.0000, perplexity 234.3824,
Train Epoch: [2/2] Iters:[3040/20018] transplant_loss 2.3913, rec_loss 0.0240, p_loss 0.1850, quant_error 0.2123, utilization 1.0000, perplexity 234.7315,
Train Epoch: [2/2] Iters:[3050/20018] transplant_loss 2.3695, rec_loss 0.0237, p_loss 0.1847, quant_error 0.2094, utilization 1.0000, perplexity 234.6230,
Train Epoch: [2/2] Iters:[3060/20018] transplant_loss 2.3894, rec_loss 0.0238, p_loss 0.1854, quant_error 0.2121, utilization 1.0000, perplexity 235.1328,
Train Epoch: [2/2] Iters:[3070/20018] transplant_loss 2.3626, rec_loss 0.0235, p_loss 0.1844, quant_error 0.2088, utilization 1.0000, perplexity 234.2817,
Train Epoch: [2/2] Iters:[3080/20018] transplant_loss 2.3446, rec_loss 0.0229, p_loss 0.1826, quant_error 0.2070, utilization 1.0000, perplexity 233.9532,
Train Epoch: [2/2] Iters:[3090/20018] transplant_loss 2.3480, rec_loss 0.0232, p_loss 0.1838, quant_error 0.2073, utilization 1.0000, perplexity 234.1527,
Train Epoch: [2/2] Iters:[3100/20018] transplant_loss 2.3592, rec_loss 0.0233, p_loss 0.1839, quant_error 0.2089, utilization 1.0000, perplexity 234.7231,
Train Epoch: [2/2] Iters:[3110/20018] transplant_loss 2.3564, rec_loss 0.0236, p_loss 0.1832, quant_error 0.2085, utilization 1.0000, perplexity 234.2829,
Train Epoch: [2/2] Iters:[3120/20018] transplant_loss 2.3836, rec_loss 0.0238, p_loss 0.1835, quant_error 0.2120, utilization 1.0000, perplexity 234.7613,
Train Epoch: [2/2] Iters:[3130/20018] transplant_loss 2.3888, rec_loss 0.0241, p_loss 0.1842, quant_error 0.2122, utilization 1.0000, perplexity 234.8104,
Train Epoch: [2/2] Iters:[3140/20018] transplant_loss 2.3706, rec_loss 0.0239, p_loss 0.1819, quant_error 0.2099, utilization 1.0000, perplexity 234.5788,
Train Epoch: [2/2] Iters:[3150/20018] transplant_loss 2.3576, rec_loss 0.0237, p_loss 0.1814, quant_error 0.2082, utilization 1.0000, perplexity 233.7235,
Train Epoch: [2/2] Iters:[3160/20018] transplant_loss 2.3700, rec_loss 0.0237, p_loss 0.1820, quant_error 0.2096, utilization 1.0000, perplexity 234.2130,
Train Epoch: [2/2] Iters:[3170/20018] transplant_loss 2.3434, rec_loss 0.0234, p_loss 0.1813, quant_error 0.2062, utilization 1.0000, perplexity 233.9756,
Train Epoch: [2/2] Iters:[3180/20018] transplant_loss 2.3470, rec_loss 0.0233, p_loss 0.1807, quant_error 0.2067, utilization 1.0000, perplexity 234.0897,
Train Epoch: [2/2] Iters:[3190/20018] transplant_loss 2.3677, rec_loss 0.0237, p_loss 0.1814, quant_error 0.2094, utilization 1.0000, perplexity 234.1566,
Train Epoch: [2/2] Iters:[3200/20018] transplant_loss 2.3933, rec_loss 0.0240, p_loss 0.1826, quant_error 0.2126, utilization 1.0000, perplexity 234.7134,
Train Epoch: [2/2] Iters:[3210/20018] transplant_loss 2.3829, rec_loss 0.0240, p_loss 0.1829, quant_error 0.2114, utilization 1.0000, perplexity 234.4113,
Train Epoch: [2/2] Iters:[3220/20018] transplant_loss 2.3997, rec_loss 0.0242, p_loss 0.1840, quant_error 0.2135, utilization 1.0000, perplexity 234.7495,
Train Epoch: [2/2] Iters:[3230/20018] transplant_loss 2.3949, rec_loss 0.0243, p_loss 0.1851, quant_error 0.2129, utilization 1.0000, perplexity 234.8739,
Train Epoch: [2/2] Iters:[3240/20018] transplant_loss 2.3841, rec_loss 0.0242, p_loss 0.1856, quant_error 0.2115, utilization 1.0000, perplexity 234.2160,
Train Epoch: [2/2] Iters:[3250/20018] transplant_loss 2.3859, rec_loss 0.0239, p_loss 0.1853, quant_error 0.2119, utilization 1.0000, perplexity 234.7342,
Train Epoch: [2/2] Iters:[3260/20018] transplant_loss 2.3755, rec_loss 0.0240, p_loss 0.1855, quant_error 0.2103, utilization 1.0000, perplexity 234.7307,
Train Epoch: [2/2] Iters:[3270/20018] transplant_loss 2.3715, rec_loss 0.0241, p_loss 0.1848, quant_error 0.2095, utilization 1.0000, perplexity 234.4335,
Train Epoch: [2/2] Iters:[3280/20018] transplant_loss 2.3599, rec_loss 0.0237, p_loss 0.1845, quant_error 0.2083, utilization 1.0000, perplexity 234.2986,
Train Epoch: [2/2] Iters:[3290/20018] transplant_loss 2.3552, rec_loss 0.0237, p_loss 0.1841, quant_error 0.2075, utilization 1.0000, perplexity 234.5391,
Train Epoch: [2/2] Iters:[3300/20018] transplant_loss 2.3547, rec_loss 0.0238, p_loss 0.1845, quant_error 0.2073, utilization 1.0000, perplexity 234.4878,
Train Epoch: [2/2] Iters:[3310/20018] transplant_loss 2.3770, rec_loss 0.0238, p_loss 0.1840, quant_error 0.2108, utilization 1.0000, perplexity 234.6095,
Train Epoch: [2/2] Iters:[3320/20018] transplant_loss 2.3799, rec_loss 0.0237, p_loss 0.1844, quant_error 0.2110, utilization 1.0000, perplexity 234.7304,
Train Epoch: [2/2] Iters:[3330/20018] transplant_loss 2.3930, rec_loss 0.0239, p_loss 0.1846, quant_error 0.2123, utilization 1.0000, perplexity 234.5663,
Train Epoch: [2/2] Iters:[3340/20018] transplant_loss 2.3937, rec_loss 0.0239, p_loss 0.1852, quant_error 0.2124, utilization 1.0000, perplexity 234.5990,
Train Epoch: [2/2] Iters:[3350/20018] transplant_loss 2.3708, rec_loss 0.0238, p_loss 0.1846, quant_error 0.2096, utilization 1.0000, perplexity 234.4332,
Train Epoch: [2/2] Iters:[3360/20018] transplant_loss 2.3554, rec_loss 0.0235, p_loss 0.1843, quant_error 0.2073, utilization 1.0000, perplexity 234.2655,
Train Epoch: [2/2] Iters:[3370/20018] transplant_loss 2.3581, rec_loss 0.0237, p_loss 0.1852, quant_error 0.2077, utilization 1.0000, perplexity 234.1403,
Train Epoch: [2/2] Iters:[3380/20018] transplant_loss 2.3540, rec_loss 0.0237, p_loss 0.1845, quant_error 0.2075, utilization 1.0000, perplexity 233.8157,
Train Epoch: [2/2] Iters:[3390/20018] transplant_loss 2.3683, rec_loss 0.0238, p_loss 0.1839, quant_error 0.2094, utilization 1.0000, perplexity 233.6943,
Train Epoch: [2/2] Iters:[3400/20018] transplant_loss 2.3780, rec_loss 0.0237, p_loss 0.1834, quant_error 0.2105, utilization 1.0000, perplexity 233.7194,
Train Epoch: [2/2] Iters:[3410/20018] transplant_loss 2.3808, rec_loss 0.0239, p_loss 0.1837, quant_error 0.2107, utilization 1.0000, perplexity 233.7556,
Train Epoch: [2/2] Iters:[3420/20018] transplant_loss 2.3823, rec_loss 0.0239, p_loss 0.1842, quant_error 0.2111, utilization 1.0000, perplexity 234.0903,
Train Epoch: [2/2] Iters:[3430/20018] transplant_loss 2.3881, rec_loss 0.0241, p_loss 0.1846, quant_error 0.2117, utilization 1.0000, perplexity 234.4191,
Train Epoch: [2/2] Iters:[3440/20018] transplant_loss 2.3781, rec_loss 0.0241, p_loss 0.1849, quant_error 0.2104, utilization 1.0000, perplexity 234.8847,
Train Epoch: [2/2] Iters:[3450/20018] transplant_loss 2.3738, rec_loss 0.0242, p_loss 0.1844, quant_error 0.2100, utilization 1.0000, perplexity 234.4727,
Train Epoch: [2/2] Iters:[3460/20018] transplant_loss 2.3863, rec_loss 0.0243, p_loss 0.1848, quant_error 0.2117, utilization 1.0000, perplexity 234.3258,
Train Epoch: [2/2] Iters:[3470/20018] transplant_loss 2.3730, rec_loss 0.0239, p_loss 0.1836, quant_error 0.2102, utilization 1.0000, perplexity 233.5023,
Train Epoch: [2/2] Iters:[3480/20018] transplant_loss 2.3640, rec_loss 0.0236, p_loss 0.1831, quant_error 0.2090, utilization 1.0000, perplexity 233.4053,
Train Epoch: [2/2] Iters:[3490/20018] transplant_loss 2.3566, rec_loss 0.0232, p_loss 0.1816, quant_error 0.2085, utilization 1.0000, perplexity 232.7010,
Train Epoch: [2/2] Iters:[3500/20018] transplant_loss 2.3849, rec_loss 0.0235, p_loss 0.1840, quant_error 0.2120, utilization 1.0000, perplexity 233.4924,
Train Epoch: [2/2] Iters:[3510/20018] transplant_loss 2.3669, rec_loss 0.0232, p_loss 0.1829, quant_error 0.2100, utilization 1.0000, perplexity 233.3247,
Train Epoch: [2/2] Iters:[3520/20018] transplant_loss 2.3720, rec_loss 0.0235, p_loss 0.1835, quant_error 0.2103, utilization 1.0000, perplexity 233.8623,
Train Epoch: [2/2] Iters:[3530/20018] transplant_loss 2.3767, rec_loss 0.0234, p_loss 0.1839, quant_error 0.2109, utilization 1.0000, perplexity 234.3283,
Train Epoch: [2/2] Iters:[3540/20018] transplant_loss 2.3889, rec_loss 0.0236, p_loss 0.1850, quant_error 0.2120, utilization 1.0000, perplexity 234.5450,
Train Epoch: [2/2] Iters:[3550/20018] transplant_loss 2.3905, rec_loss 0.0237, p_loss 0.1845, quant_error 0.2119, utilization 1.0000, perplexity 234.4096,
Train Epoch: [2/2] Iters:[3560/20018] transplant_loss 2.4018, rec_loss 0.0240, p_loss 0.1851, quant_error 0.2129, utilization 1.0000, perplexity 234.4427,
Train Epoch: [2/2] Iters:[3570/20018] transplant_loss 2.3946, rec_loss 0.0237, p_loss 0.1843, quant_error 0.2123, utilization 1.0000, perplexity 234.3003,
Train Epoch: [2/2] Iters:[3580/20018] transplant_loss 2.4058, rec_loss 0.0239, p_loss 0.1846, quant_error 0.2138, utilization 1.0000, perplexity 233.9831,
Train Epoch: [2/2] Iters:[3590/20018] transplant_loss 2.3929, rec_loss 0.0239, p_loss 0.1849, quant_error 0.2124, utilization 1.0000, perplexity 233.6895,
Train Epoch: [2/2] Iters:[3600/20018] transplant_loss 2.3671, rec_loss 0.0233, p_loss 0.1843, quant_error 0.2096, utilization 1.0000, perplexity 233.2109,
Train Epoch: [2/2] Iters:[3610/20018] transplant_loss 2.3604, rec_loss 0.0233, p_loss 0.1841, quant_error 0.2087, utilization 1.0000, perplexity 232.8758,
Train Epoch: [2/2] Iters:[3620/20018] transplant_loss 2.3640, rec_loss 0.0234, p_loss 0.1843, quant_error 0.2090, utilization 1.0000, perplexity 232.8320,
Train Epoch: [2/2] Iters:[3630/20018] transplant_loss 2.3593, rec_loss 0.0236, p_loss 0.1846, quant_error 0.2082, utilization 1.0000, perplexity 233.1072,
Train Epoch: [2/2] Iters:[3640/20018] transplant_loss 2.3666, rec_loss 0.0237, p_loss 0.1843, quant_error 0.2089, utilization 1.0000, perplexity 233.6952,
Train Epoch: [2/2] Iters:[3650/20018] transplant_loss 2.3823, rec_loss 0.0240, p_loss 0.1850, quant_error 0.2109, utilization 1.0000, perplexity 233.9380,
Train Epoch: [2/2] Iters:[3660/20018] transplant_loss 2.3949, rec_loss 0.0241, p_loss 0.1856, quant_error 0.2122, utilization 1.0000, perplexity 235.1050,
Train Epoch: [2/2] Iters:[3670/20018] transplant_loss 2.3828, rec_loss 0.0237, p_loss 0.1850, quant_error 0.2108, utilization 1.0000, perplexity 235.1660,
Train Epoch: [2/2] Iters:[3680/20018] transplant_loss 2.3676, rec_loss 0.0232, p_loss 0.1838, quant_error 0.2091, utilization 1.0000, perplexity 234.7327,
Train Epoch: [2/2] Iters:[3690/20018] transplant_loss 2.3581, rec_loss 0.0231, p_loss 0.1828, quant_error 0.2077, utilization 1.0000, perplexity 234.6597,
Train Epoch: [2/2] Iters:[3700/20018] transplant_loss 2.3247, rec_loss 0.0229, p_loss 0.1819, quant_error 0.2035, utilization 1.0000, perplexity 234.1132,
Train Epoch: [2/2] Iters:[3710/20018] transplant_loss 2.2995, rec_loss 0.0226, p_loss 0.1814, quant_error 0.2005, utilization 1.0000, perplexity 233.3178,
Train Epoch: [2/2] Iters:[3720/20018] transplant_loss 2.3139, rec_loss 0.0232, p_loss 0.1822, quant_error 0.2020, utilization 1.0000, perplexity 233.2548,
Train Epoch: [2/2] Iters:[3730/20018] transplant_loss 2.3174, rec_loss 0.0234, p_loss 0.1827, quant_error 0.2023, utilization 1.0000, perplexity 233.8860,
Train Epoch: [2/2] Iters:[3740/20018] transplant_loss 2.3254, rec_loss 0.0237, p_loss 0.1836, quant_error 0.2035, utilization 1.0000, perplexity 233.7606,
Train Epoch: [2/2] Iters:[3750/20018] transplant_loss 2.3396, rec_loss 0.0238, p_loss 0.1836, quant_error 0.2053, utilization 1.0000, perplexity 234.1373,
Train Epoch: [2/2] Iters:[3760/20018] transplant_loss 2.3805, rec_loss 0.0241, p_loss 0.1843, quant_error 0.2104, utilization 1.0000, perplexity 234.8725,
Train Epoch: [2/2] Iters:[3770/20018] transplant_loss 2.3955, rec_loss 0.0241, p_loss 0.1844, quant_error 0.2121, utilization 1.0000, perplexity 235.4358,
Train Epoch: [2/2] Iters:[3780/20018] transplant_loss 2.3957, rec_loss 0.0239, p_loss 0.1843, quant_error 0.2122, utilization 1.0000, perplexity 235.2532,
Train Epoch: [2/2] Iters:[3790/20018] transplant_loss 2.4004, rec_loss 0.0239, p_loss 0.1849, quant_error 0.2129, utilization 1.0000, perplexity 235.4558,
Train Epoch: [2/2] Iters:[3800/20018] transplant_loss 2.4330, rec_loss 0.0241, p_loss 0.1867, quant_error 0.2170, utilization 1.0000, perplexity 236.1512,
Train Epoch: [2/2] Iters:[3810/20018] transplant_loss 2.4150, rec_loss 0.0239, p_loss 0.1857, quant_error 0.2149, utilization 1.0000, perplexity 235.5707,
Train Epoch: [2/2] Iters:[3820/20018] transplant_loss 2.3943, rec_loss 0.0236, p_loss 0.1850, quant_error 0.2127, utilization 1.0000, perplexity 234.8744,
Train Epoch: [2/2] Iters:[3830/20018] transplant_loss 2.4057, rec_loss 0.0239, p_loss 0.1856, quant_error 0.2143, utilization 1.0000, perplexity 234.8731,
Train Epoch: [2/2] Iters:[3840/20018] transplant_loss 2.3942, rec_loss 0.0235, p_loss 0.1844, quant_error 0.2131, utilization 1.0000, perplexity 234.8604,
Train Epoch: [2/2] Iters:[3850/20018] transplant_loss 2.3595, rec_loss 0.0231, p_loss 0.1830, quant_error 0.2088, utilization 1.0000, perplexity 234.0987,
Train Epoch: [2/2] Iters:[3860/20018] transplant_loss 2.3522, rec_loss 0.0231, p_loss 0.1827, quant_error 0.2078, utilization 1.0000, perplexity 234.0036,
Train Epoch: [2/2] Iters:[3870/20018] transplant_loss 2.3730, rec_loss 0.0234, p_loss 0.1842, quant_error 0.2103, utilization 1.0000, perplexity 234.6964,
Train Epoch: [2/2] Iters:[3880/20018] transplant_loss 2.3693, rec_loss 0.0233, p_loss 0.1837, quant_error 0.2097, utilization 1.0000, perplexity 234.5165,
Train Epoch: [2/2] Iters:[3890/20018] transplant_loss 2.3763, rec_loss 0.0235, p_loss 0.1838, quant_error 0.2105, utilization 1.0000, perplexity 234.3803,
Train Epoch: [2/2] Iters:[3900/20018] transplant_loss 2.3763, rec_loss 0.0235, p_loss 0.1832, quant_error 0.2104, utilization 1.0000, perplexity 234.0754,
Train Epoch: [2/2] Iters:[3910/20018] transplant_loss 2.3916, rec_loss 0.0240, p_loss 0.1856, quant_error 0.2121, utilization 1.0000, perplexity 234.5340,
Train Epoch: [2/2] Iters:[3920/20018] transplant_loss 2.3706, rec_loss 0.0234, p_loss 0.1839, quant_error 0.2097, utilization 1.0000, perplexity 233.6537,
Train Epoch: [2/2] Iters:[3930/20018] transplant_loss 2.3521, rec_loss 0.0231, p_loss 0.1835, quant_error 0.2075, utilization 1.0000, perplexity 233.2968,
Train Epoch: [2/2] Iters:[3940/20018] transplant_loss 2.3409, rec_loss 0.0231, p_loss 0.1828, quant_error 0.2062, utilization 1.0000, perplexity 233.0013,
Train Epoch: [2/2] Iters:[3950/20018] transplant_loss 2.3632, rec_loss 0.0236, p_loss 0.1839, quant_error 0.2089, utilization 1.0000, perplexity 232.9562,
Train Epoch: [2/2] Iters:[3960/20018] transplant_loss 2.3529, rec_loss 0.0231, p_loss 0.1821, quant_error 0.2079, utilization 1.0000, perplexity 232.6196,
Train Epoch: [2/2] Iters:[3970/20018] transplant_loss 2.3684, rec_loss 0.0234, p_loss 0.1832, quant_error 0.2094, utilization 1.0000, perplexity 233.1577,
Train Epoch: [2/2] Iters:[3980/20018] transplant_loss 2.3824, rec_loss 0.0237, p_loss 0.1837, quant_error 0.2109, utilization 1.0000, perplexity 233.6656,
Train Epoch: [2/2] Iters:[3990/20018] transplant_loss 2.4002, rec_loss 0.0241, p_loss 0.1851, quant_error 0.2126, utilization 1.0000, perplexity 234.1302,
Train Epoch: [2/2] Iters:[4000/20018] transplant_loss 2.3939, rec_loss 0.0239, p_loss 0.1856, quant_error 0.2118, utilization 1.0000, perplexity 234.3584,
Train Epoch: [2/2] Iters:[4010/20018] transplant_loss 2.3787, rec_loss 0.0238, p_loss 0.1854, quant_error 0.2100, utilization 1.0000, perplexity 234.3397,
Train Epoch: [2/2] Iters:[4020/20018] transplant_loss 2.3664, rec_loss 0.0238, p_loss 0.1845, quant_error 0.2088, utilization 1.0000, perplexity 234.0436,
Train Epoch: [2/2] Iters:[4030/20018] transplant_loss 2.3674, rec_loss 0.0236, p_loss 0.1840, quant_error 0.2092, utilization 1.0000, perplexity 233.7357,
Train Epoch: [2/2] Iters:[4040/20018] transplant_loss 2.3726, rec_loss 0.0238, p_loss 0.1843, quant_error 0.2102, utilization 1.0000, perplexity 233.8639,
Train Epoch: [2/2] Iters:[4050/20018] transplant_loss 2.3756, rec_loss 0.0236, p_loss 0.1832, quant_error 0.2108, utilization 1.0000, perplexity 234.1542,
Train Epoch: [2/2] Iters:[4060/20018] transplant_loss 2.3870, rec_loss 0.0238, p_loss 0.1825, quant_error 0.2121, utilization 1.0000, perplexity 233.9254,
Train Epoch: [2/2] Iters:[4070/20018] transplant_loss 2.3826, rec_loss 0.0237, p_loss 0.1830, quant_error 0.2115, utilization 1.0000, perplexity 234.1384,
Train Epoch: [2/2] Iters:[4080/20018] transplant_loss 2.3959, rec_loss 0.0240, p_loss 0.1828, quant_error 0.2131, utilization 1.0000, perplexity 234.1354,
Train Epoch: [2/2] Iters:[4090/20018] transplant_loss 2.3870, rec_loss 0.0236, p_loss 0.1817, quant_error 0.2122, utilization 1.0000, perplexity 234.1038,
Train Epoch: [2/2] Iters:[4100/20018] transplant_loss 2.3925, rec_loss 0.0237, p_loss 0.1823, quant_error 0.2127, utilization 1.0000, perplexity 234.4217,
Train Epoch: [2/2] Iters:[4110/20018] transplant_loss 2.3925, rec_loss 0.0236, p_loss 0.1831, quant_error 0.2127, utilization 1.0000, perplexity 234.8789,
Train Epoch: [2/2] Iters:[4120/20018] transplant_loss 2.4103, rec_loss 0.0240, p_loss 0.1832, quant_error 0.2147, utilization 1.0000, perplexity 235.0799,
Train Epoch: [2/2] Iters:[4130/20018] transplant_loss 2.4065, rec_loss 0.0242, p_loss 0.1842, quant_error 0.2138, utilization 1.0000, perplexity 235.0236,
Train Epoch: [2/2] Iters:[4140/20018] transplant_loss 2.3970, rec_loss 0.0241, p_loss 0.1848, quant_error 0.2124, utilization 1.0000, perplexity 234.3952,
Train Epoch: [2/2] Iters:[4150/20018] transplant_loss 2.3696, rec_loss 0.0238, p_loss 0.1835, quant_error 0.2093, utilization 1.0000, perplexity 233.7491,
Train Epoch: [2/2] Iters:[4160/20018] transplant_loss 2.3625, rec_loss 0.0237, p_loss 0.1831, quant_error 0.2084, utilization 1.0000, perplexity 233.5059,
Train Epoch: [2/2] Iters:[4170/20018] transplant_loss 2.3490, rec_loss 0.0232, p_loss 0.1835, quant_error 0.2070, utilization 1.0000, perplexity 233.6259,
Train Epoch: [2/2] Iters:[4180/20018] transplant_loss 2.3528, rec_loss 0.0232, p_loss 0.1837, quant_error 0.2078, utilization 1.0000, perplexity 233.8391,
Train Epoch: [2/2] Iters:[4190/20018] transplant_loss 2.3611, rec_loss 0.0236, p_loss 0.1834, quant_error 0.2085, utilization 1.0000, perplexity 233.9290,
Train Epoch: [2/2] Iters:[4200/20018] transplant_loss 2.3745, rec_loss 0.0238, p_loss 0.1841, quant_error 0.2101, utilization 1.0000, perplexity 234.1456,
Train Epoch: [2/2] Iters:[4210/20018] transplant_loss 2.3826, rec_loss 0.0241, p_loss 0.1846, quant_error 0.2114, utilization 1.0000, perplexity 233.7843,
Train Epoch: [2/2] Iters:[4220/20018] transplant_loss 2.3706, rec_loss 0.0241, p_loss 0.1838, quant_error 0.2098, utilization 1.0000, perplexity 233.2214,
Train Epoch: [2/2] Iters:[4230/20018] transplant_loss 2.3618, rec_loss 0.0237, p_loss 0.1827, quant_error 0.2090, utilization 1.0000, perplexity 233.2722,
Train Epoch: [2/2] Iters:[4240/20018] transplant_loss 2.3544, rec_loss 0.0234, p_loss 0.1825, quant_error 0.2082, utilization 1.0000, perplexity 233.1652,
Train Epoch: [2/2] Iters:[4250/20018] transplant_loss 2.3540, rec_loss 0.0233, p_loss 0.1826, quant_error 0.2079, utilization 1.0000, perplexity 233.4539,
Train Epoch: [2/2] Iters:[4260/20018] transplant_loss 2.3541, rec_loss 0.0233, p_loss 0.1822, quant_error 0.2074, utilization 1.0000, perplexity 233.9336,
Train Epoch: [2/2] Iters:[4270/20018] transplant_loss 2.3662, rec_loss 0.0234, p_loss 0.1821, quant_error 0.2089, utilization 1.0000, perplexity 234.2628,
Train Epoch: [2/2] Iters:[4280/20018] transplant_loss 2.3650, rec_loss 0.0235, p_loss 0.1826, quant_error 0.2086, utilization 1.0000, perplexity 234.0165,
Train Epoch: [2/2] Iters:[4290/20018] transplant_loss 2.3796, rec_loss 0.0236, p_loss 0.1825, quant_error 0.2103, utilization 1.0000, perplexity 234.9355,
Train Epoch: [2/2] Iters:[4300/20018] transplant_loss 2.4007, rec_loss 0.0241, p_loss 0.1837, quant_error 0.2130, utilization 1.0000, perplexity 234.9639,
Train Epoch: [2/2] Iters:[4310/20018] transplant_loss 2.3920, rec_loss 0.0240, p_loss 0.1834, quant_error 0.2120, utilization 1.0000, perplexity 234.6033,
Train Epoch: [2/2] Iters:[4320/20018] transplant_loss 2.3914, rec_loss 0.0240, p_loss 0.1835, quant_error 0.2121, utilization 1.0000, perplexity 234.5270,
Train Epoch: [2/2] Iters:[4330/20018] transplant_loss 2.3740, rec_loss 0.0239, p_loss 0.1826, quant_error 0.2098, utilization 1.0000, perplexity 234.6513,
Train Epoch: [2/2] Iters:[4340/20018] transplant_loss 2.3603, rec_loss 0.0236, p_loss 0.1822, quant_error 0.2086, utilization 1.0000, perplexity 233.8530,
Train Epoch: [2/2] Iters:[4350/20018] transplant_loss 2.3239, rec_loss 0.0229, p_loss 0.1812, quant_error 0.2045, utilization 1.0000, perplexity 233.3980,
Train Epoch: [2/2] Iters:[4360/20018] transplant_loss 2.3262, rec_loss 0.0231, p_loss 0.1826, quant_error 0.2048, utilization 1.0000, perplexity 233.7455,
Train Epoch: [2/2] Iters:[4370/20018] transplant_loss 2.3323, rec_loss 0.0233, p_loss 0.1832, quant_error 0.2054, utilization 1.0000, perplexity 233.6741,
Train Epoch: [2/2] Iters:[4380/20018] transplant_loss 2.3547, rec_loss 0.0237, p_loss 0.1852, quant_error 0.2078, utilization 1.0000, perplexity 233.8585,
Train Epoch: [2/2] Iters:[4390/20018] transplant_loss 2.3538, rec_loss 0.0239, p_loss 0.1858, quant_error 0.2071, utilization 1.0000, perplexity 234.3763,
Train Epoch: [2/2] Iters:[4400/20018] transplant_loss 2.3773, rec_loss 0.0245, p_loss 0.1862, quant_error 0.2097, utilization 1.0000, perplexity 234.5318,
Train Epoch: [2/2] Iters:[4410/20018] transplant_loss 2.4031, rec_loss 0.0245, p_loss 0.1856, quant_error 0.2133, utilization 1.0000, perplexity 234.7468,
Train Epoch: [2/2] Iters:[4420/20018] transplant_loss 2.4067, rec_loss 0.0245, p_loss 0.1854, quant_error 0.2135, utilization 1.0000, perplexity 234.9483,
Train Epoch: [2/2] Iters:[4430/20018] transplant_loss 2.3992, rec_loss 0.0243, p_loss 0.1840, quant_error 0.2129, utilization 1.0000, perplexity 235.1751,
Train Epoch: [2/2] Iters:[4440/20018] transplant_loss 2.4074, rec_loss 0.0242, p_loss 0.1846, quant_error 0.2144, utilization 1.0000, perplexity 234.4911,
Train Epoch: [2/2] Iters:[4450/20018] transplant_loss 2.3905, rec_loss 0.0237, p_loss 0.1834, quant_error 0.2126, utilization 1.0000, perplexity 234.3629,
Train Epoch: [2/2] Iters:[4460/20018] transplant_loss 2.3576, rec_loss 0.0235, p_loss 0.1832, quant_error 0.2076, utilization 1.0000, perplexity 233.7701,
Train Epoch: [2/2] Iters:[4470/20018] transplant_loss 2.3532, rec_loss 0.0234, p_loss 0.1825, quant_error 0.2072, utilization 1.0000, perplexity 233.5868,
Train Epoch: [2/2] Iters:[4480/20018] transplant_loss 2.3729, rec_loss 0.0235, p_loss 0.1835, quant_error 0.2095, utilization 1.0000, perplexity 233.2046,
Train Epoch: [2/2] Iters:[4490/20018] transplant_loss 2.3669, rec_loss 0.0234, p_loss 0.1839, quant_error 0.2086, utilization 1.0000, perplexity 233.8628,
Train Epoch: [2/2] Iters:[4500/20018] transplant_loss 2.3923, rec_loss 0.0240, p_loss 0.1853, quant_error 0.2112, utilization 1.0000, perplexity 234.4342,
Train Epoch: [2/2] Iters:[4510/20018] transplant_loss 2.4030, rec_loss 0.0239, p_loss 0.1856, quant_error 0.2132, utilization 1.0000, perplexity 234.7774,
Train Epoch: [2/2] Iters:[4520/20018] transplant_loss 2.4026, rec_loss 0.0242, p_loss 0.1864, quant_error 0.2129, utilization 1.0000, perplexity 234.7786,
Train Epoch: [2/2] Iters:[4530/20018] transplant_loss 2.3895, rec_loss 0.0241, p_loss 0.1865, quant_error 0.2111, utilization 1.0000, perplexity 234.9456,
Train Epoch: [2/2] Iters:[4540/20018] transplant_loss 2.3972, rec_loss 0.0244, p_loss 0.1862, quant_error 0.2119, utilization 1.0000, perplexity 234.6152,
Train Epoch: [2/2] Iters:[4550/20018] transplant_loss 2.3656, rec_loss 0.0239, p_loss 0.1847, quant_error 0.2079, utilization 1.0000, perplexity 233.9321,
Train Epoch: [2/2] Iters:[4560/20018] transplant_loss 2.3490, rec_loss 0.0236, p_loss 0.1828, quant_error 0.2058, utilization 1.0000, perplexity 233.7957,
Train Epoch: [2/2] Iters:[4570/20018] transplant_loss 2.3599, rec_loss 0.0234, p_loss 0.1829, quant_error 0.2075, utilization 1.0000, perplexity 234.1740,
Train Epoch: [2/2] Iters:[4580/20018] transplant_loss 2.3400, rec_loss 0.0232, p_loss 0.1814, quant_error 0.2053, utilization 1.0000, perplexity 233.6113,
Train Epoch: [2/2] Iters:[4590/20018] transplant_loss 2.3609, rec_loss 0.0233, p_loss 0.1811, quant_error 0.2082, utilization 1.0000, perplexity 233.8549,
Train Epoch: [2/2] Iters:[4600/20018] transplant_loss 2.3993, rec_loss 0.0236, p_loss 0.1828, quant_error 0.2132, utilization 1.0000, perplexity 234.4993,
Train Epoch: [2/2] Iters:[4610/20018] transplant_loss 2.4168, rec_loss 0.0239, p_loss 0.1845, quant_error 0.2154, utilization 1.0000, perplexity 234.8102,
Train Epoch: [2/2] Iters:[4620/20018] transplant_loss 2.4000, rec_loss 0.0237, p_loss 0.1842, quant_error 0.2133, utilization 1.0000, perplexity 234.1532,
Train Epoch: [2/2] Iters:[4630/20018] transplant_loss 2.4249, rec_loss 0.0241, p_loss 0.1861, quant_error 0.2163, utilization 1.0000, perplexity 234.3860,
Train Epoch: [2/2] Iters:[4640/20018] transplant_loss 2.3985, rec_loss 0.0239, p_loss 0.1860, quant_error 0.2126, utilization 1.0000, perplexity 234.2059,
Train Epoch: [2/2] Iters:[4650/20018] transplant_loss 2.3962, rec_loss 0.0240, p_loss 0.1860, quant_error 0.2125, utilization 1.0000, perplexity 233.8289,
Train Epoch: [2/2] Iters:[4660/20018] transplant_loss 2.4025, rec_loss 0.0240, p_loss 0.1853, quant_error 0.2135, utilization 1.0000, perplexity 234.1726,
Train Epoch: [2/2] Iters:[4670/20018] transplant_loss 2.4160, rec_loss 0.0239, p_loss 0.1850, quant_error 0.2154, utilization 1.0000, perplexity 234.8091,
Train Epoch: [2/2] Iters:[4680/20018] transplant_loss 2.4158, rec_loss 0.0238, p_loss 0.1847, quant_error 0.2155, utilization 1.0000, perplexity 235.1291,
Train Epoch: [2/2] Iters:[4690/20018] transplant_loss 2.4013, rec_loss 0.0235, p_loss 0.1844, quant_error 0.2140, utilization 1.0000, perplexity 234.9817,
Train Epoch: [2/2] Iters:[4700/20018] transplant_loss 2.3841, rec_loss 0.0233, p_loss 0.1835, quant_error 0.2118, utilization 1.0000, perplexity 234.8999,
Train Epoch: [2/2] Iters:[4710/20018] transplant_loss 2.3690, rec_loss 0.0231, p_loss 0.1830, quant_error 0.2102, utilization 1.0000, perplexity 234.3319,
Train Epoch: [2/2] Iters:[4720/20018] transplant_loss 2.3727, rec_loss 0.0233, p_loss 0.1837, quant_error 0.2106, utilization 1.0000, perplexity 234.4915,
Train Epoch: [2/2] Iters:[4730/20018] transplant_loss 2.3713, rec_loss 0.0232, p_loss 0.1830, quant_error 0.2106, utilization 1.0000, perplexity 234.3548,
Train Epoch: [2/2] Iters:[4740/20018] transplant_loss 2.3738, rec_loss 0.0232, p_loss 0.1821, quant_error 0.2108, utilization 1.0000, perplexity 234.2027,
Train Epoch: [2/2] Iters:[4750/20018] transplant_loss 2.3688, rec_loss 0.0231, p_loss 0.1818, quant_error 0.2105, utilization 1.0000, perplexity 234.2453,
Train Epoch: [2/2] Iters:[4760/20018] transplant_loss 2.3636, rec_loss 0.0232, p_loss 0.1821, quant_error 0.2095, utilization 1.0000, perplexity 234.2990,
Train Epoch: [2/2] Iters:[4770/20018] transplant_loss 2.3553, rec_loss 0.0230, p_loss 0.1812, quant_error 0.2086, utilization 1.0000, perplexity 233.8394,
Train Epoch: [2/2] Iters:[4780/20018] transplant_loss 2.3569, rec_loss 0.0233, p_loss 0.1811, quant_error 0.2087, utilization 1.0000, perplexity 234.0811,
Train Epoch: [2/2] Iters:[4790/20018] transplant_loss 2.3673, rec_loss 0.0237, p_loss 0.1829, quant_error 0.2096, utilization 1.0000, perplexity 234.5014,
Train Epoch: [2/2] Iters:[4800/20018] transplant_loss 2.3619, rec_loss 0.0239, p_loss 0.1835, quant_error 0.2083, utilization 1.0000, perplexity 234.1904,
Train Epoch: [2/2] Iters:[4810/20018] transplant_loss 2.3796, rec_loss 0.0241, p_loss 0.1833, quant_error 0.2106, utilization 1.0000, perplexity 234.1304,
Train Epoch: [2/2] Iters:[4820/20018] transplant_loss 2.4028, rec_loss 0.0246, p_loss 0.1841, quant_error 0.2129, utilization 1.0000, perplexity 234.4773,
Train Epoch: [2/2] Iters:[4830/20018] transplant_loss 2.3994, rec_loss 0.0245, p_loss 0.1845, quant_error 0.2124, utilization 1.0000, perplexity 233.6708,
Train Epoch: [2/2] Iters:[4840/20018] transplant_loss 2.3992, rec_loss 0.0241, p_loss 0.1841, quant_error 0.2128, utilization 1.0000, perplexity 233.5565,
Train Epoch: [2/2] Iters:[4850/20018] transplant_loss 2.4221, rec_loss 0.0242, p_loss 0.1844, quant_error 0.2154, utilization 1.0000, perplexity 234.5697,
Train Epoch: [2/2] Iters:[4860/20018] transplant_loss 2.4181, rec_loss 0.0242, p_loss 0.1857, quant_error 0.2146, utilization 1.0000, perplexity 234.6046,
Train Epoch: [2/2] Iters:[4870/20018] transplant_loss 2.3908, rec_loss 0.0238, p_loss 0.1855, quant_error 0.2112, utilization 1.0000, perplexity 234.3338,
Train Epoch: [2/2] Iters:[4880/20018] transplant_loss 2.3865, rec_loss 0.0238, p_loss 0.1851, quant_error 0.2107, utilization 1.0000, perplexity 235.0476,
Train Epoch: [2/2] Iters:[4890/20018] transplant_loss 2.3920, rec_loss 0.0240, p_loss 0.1847, quant_error 0.2116, utilization 1.0000, perplexity 235.5011,
Train Epoch: [2/2] Iters:[4900/20018] transplant_loss 2.3690, rec_loss 0.0237, p_loss 0.1842, quant_error 0.2089, utilization 1.0000, perplexity 235.0479,
Train Epoch: [2/2] Iters:[4910/20018] transplant_loss 2.3883, rec_loss 0.0239, p_loss 0.1841, quant_error 0.2114, utilization 1.0000, perplexity 235.5817,
Train Epoch: [2/2] Iters:[4920/20018] transplant_loss 2.3987, rec_loss 0.0239, p_loss 0.1841, quant_error 0.2129, utilization 1.0000, perplexity 235.6197,
Train Epoch: [2/2] Iters:[4930/20018] transplant_loss 2.3984, rec_loss 0.0238, p_loss 0.1844, quant_error 0.2129, utilization 1.0000, perplexity 235.3481,
Train Epoch: [2/2] Iters:[4940/20018] transplant_loss 2.4091, rec_loss 0.0238, p_loss 0.1844, quant_error 0.2140, utilization 1.0000, perplexity 234.8141,
Train Epoch: [2/2] Iters:[4950/20018] transplant_loss 2.4392, rec_loss 0.0244, p_loss 0.1849, quant_error 0.2177, utilization 1.0000, perplexity 234.7526,
Train Epoch: [2/2] Iters:[4960/20018] transplant_loss 2.4189, rec_loss 0.0240, p_loss 0.1844, quant_error 0.2153, utilization 1.0000, perplexity 234.0669,
Train Epoch: [2/2] Iters:[4970/20018] transplant_loss 2.4349, rec_loss 0.0245, p_loss 0.1848, quant_error 0.2169, utilization 1.0000, perplexity 234.3912,
Train Epoch: [2/2] Iters:[4980/20018] transplant_loss 2.4386, rec_loss 0.0245, p_loss 0.1848, quant_error 0.2175, utilization 1.0000, perplexity 234.4707,
Train Epoch: [2/2] Iters:[4990/20018] transplant_loss 2.4355, rec_loss 0.0246, p_loss 0.1857, quant_error 0.2170, utilization 1.0000, perplexity 234.8314,
Train Epoch: [2/2] Iters:[5000/20018] transplant_loss 2.4123, rec_loss 0.0242, p_loss 0.1849, quant_error 0.2142, utilization 1.0000, perplexity 234.6319,
Train Epoch: [2/2] Iters:[5010/20018] transplant_loss 2.4167, rec_loss 0.0241, p_loss 0.1851, quant_error 0.2147, utilization 1.0000, perplexity 234.6540,
Train Epoch: [2/2] Iters:[5020/20018] transplant_loss 2.3998, rec_loss 0.0242, p_loss 0.1855, quant_error 0.2125, utilization 1.0000, perplexity 234.7330,
Train Epoch: [2/2] Iters:[5030/20018] transplant_loss 2.4148, rec_loss 0.0243, p_loss 0.1850, quant_error 0.2144, utilization 1.0000, perplexity 234.7887,
Train Epoch: [2/2] Iters:[5040/20018] transplant_loss 2.4151, rec_loss 0.0244, p_loss 0.1841, quant_error 0.2145, utilization 1.0000, perplexity 234.5736,
Train Epoch: [2/2] Iters:[5050/20018] transplant_loss 2.4130, rec_loss 0.0242, p_loss 0.1839, quant_error 0.2139, utilization 1.0000, perplexity 234.6373,
Train Epoch: [2/2] Iters:[5060/20018] transplant_loss 2.4072, rec_loss 0.0241, p_loss 0.1832, quant_error 0.2133, utilization 1.0000, perplexity 234.9645,
Train Epoch: [2/2] Iters:[5070/20018] transplant_loss 2.4072, rec_loss 0.0237, p_loss 0.1822, quant_error 0.2142, utilization 1.0000, perplexity 234.6530,
Train Epoch: [2/2] Iters:[5080/20018] transplant_loss 2.3957, rec_loss 0.0236, p_loss 0.1838, quant_error 0.2125, utilization 1.0000, perplexity 234.9119,
Train Epoch: [2/2] Iters:[5090/20018] transplant_loss 2.3809, rec_loss 0.0232, p_loss 0.1843, quant_error 0.2109, utilization 1.0000, perplexity 234.8220,
Train Epoch: [2/2] Iters:[5100/20018] transplant_loss 2.3706, rec_loss 0.0232, p_loss 0.1838, quant_error 0.2102, utilization 1.0000, perplexity 234.8861,
Train Epoch: [2/2] Iters:[5110/20018] transplant_loss 2.3686, rec_loss 0.0236, p_loss 0.1847, quant_error 0.2096, utilization 1.0000, perplexity 233.8954,
Train Epoch: [2/2] Iters:[5120/20018] transplant_loss 2.3573, rec_loss 0.0235, p_loss 0.1839, quant_error 0.2079, utilization 1.0000, perplexity 233.8613,
Train Epoch: [2/2] Iters:[5130/20018] transplant_loss 2.3737, rec_loss 0.0238, p_loss 0.1838, quant_error 0.2096, utilization 1.0000, perplexity 234.3572,
Train Epoch: [2/2] Iters:[5140/20018] transplant_loss 2.3771, rec_loss 0.0242, p_loss 0.1838, quant_error 0.2094, utilization 1.0000, perplexity 234.3784,
Train Epoch: [2/2] Iters:[5150/20018] transplant_loss 2.4035, rec_loss 0.0244, p_loss 0.1851, quant_error 0.2125, utilization 1.0000, perplexity 234.2319,
Train Epoch: [2/2] Iters:[5160/20018] transplant_loss 2.4139, rec_loss 0.0243, p_loss 0.1848, quant_error 0.2141, utilization 1.0000, perplexity 235.1795,
Train Epoch: [2/2] Iters:[5170/20018] transplant_loss 2.4086, rec_loss 0.0241, p_loss 0.1844, quant_error 0.2134, utilization 1.0000, perplexity 234.9783,
Train Epoch: [2/2] Iters:[5180/20018] transplant_loss 2.3844, rec_loss 0.0238, p_loss 0.1842, quant_error 0.2103, utilization 1.0000, perplexity 234.1560,
Train Epoch: [2/2] Iters:[5190/20018] transplant_loss 2.3896, rec_loss 0.0238, p_loss 0.1834, quant_error 0.2116, utilization 1.0000, perplexity 234.1649,
Train Epoch: [2/2] Iters:[5200/20018] transplant_loss 2.3749, rec_loss 0.0238, p_loss 0.1836, quant_error 0.2096, utilization 1.0000, perplexity 234.6221,
Train Epoch: [2/2] Iters:[5210/20018] transplant_loss 2.3804, rec_loss 0.0241, p_loss 0.1834, quant_error 0.2100, utilization 1.0000, perplexity 234.5587,
Train Epoch: [2/2] Iters:[5220/20018] transplant_loss 2.3886, rec_loss 0.0242, p_loss 0.1842, quant_error 0.2110, utilization 1.0000, perplexity 234.9459,
Train Epoch: [2/2] Iters:[5230/20018] transplant_loss 2.3868, rec_loss 0.0241, p_loss 0.1833, quant_error 0.2113, utilization 1.0000, perplexity 234.9303,
Train Epoch: [2/2] Iters:[5240/20018] transplant_loss 2.3820, rec_loss 0.0240, p_loss 0.1835, quant_error 0.2104, utilization 1.0000, perplexity 235.0555,
Train Epoch: [2/2] Iters:[5250/20018] transplant_loss 2.3758, rec_loss 0.0238, p_loss 0.1829, quant_error 0.2099, utilization 1.0000, perplexity 234.6452,
Train Epoch: [2/2] Iters:[5260/20018] transplant_loss 2.3737, rec_loss 0.0235, p_loss 0.1838, quant_error 0.2096, utilization 1.0000, perplexity 234.7502,
Train Epoch: [2/2] Iters:[5270/20018] transplant_loss 2.3915, rec_loss 0.0238, p_loss 0.1850, quant_error 0.2115, utilization 1.0000, perplexity 235.2996,
Train Epoch: [2/2] Iters:[5280/20018] transplant_loss 2.4057, rec_loss 0.0240, p_loss 0.1852, quant_error 0.2130, utilization 1.0000, perplexity 235.4265,
Train Epoch: [2/2] Iters:[5290/20018] transplant_loss 2.4158, rec_loss 0.0243, p_loss 0.1859, quant_error 0.2142, utilization 1.0000, perplexity 235.3784,
Train Epoch: [2/2] Iters:[5300/20018] transplant_loss 2.4220, rec_loss 0.0245, p_loss 0.1859, quant_error 0.2147, utilization 1.0000, perplexity 235.2312,
Train Epoch: [2/2] Iters:[5310/20018] transplant_loss 2.4053, rec_loss 0.0244, p_loss 0.1856, quant_error 0.2128, utilization 1.0000, perplexity 235.1967,
Train Epoch: [2/2] Iters:[5320/20018] transplant_loss 2.3847, rec_loss 0.0242, p_loss 0.1843, quant_error 0.2105, utilization 1.0000, perplexity 234.3945,
Train Epoch: [2/2] Iters:[5330/20018] transplant_loss 2.3969, rec_loss 0.0244, p_loss 0.1846, quant_error 0.2123, utilization 1.0000, perplexity 234.7780,
Train Epoch: [2/2] Iters:[5340/20018] transplant_loss 2.3768, rec_loss 0.0241, p_loss 0.1840, quant_error 0.2098, utilization 1.0000, perplexity 234.2655,
Train Epoch: [2/2] Iters:[5350/20018] transplant_loss 2.3631, rec_loss 0.0238, p_loss 0.1841, quant_error 0.2084, utilization 1.0000, perplexity 234.3391,
Train Epoch: [2/2] Iters:[5360/20018] transplant_loss 2.3639, rec_loss 0.0237, p_loss 0.1828, quant_error 0.2087, utilization 1.0000, perplexity 233.8759,
Train Epoch: [2/2] Iters:[5370/20018] transplant_loss 2.3676, rec_loss 0.0239, p_loss 0.1832, quant_error 0.2091, utilization 1.0000, perplexity 234.1462,
Train Epoch: [2/2] Iters:[5380/20018] transplant_loss 2.3418, rec_loss 0.0233, p_loss 0.1822, quant_error 0.2058, utilization 1.0000, perplexity 233.7244,
Train Epoch: [2/2] Iters:[5390/20018] transplant_loss 2.3383, rec_loss 0.0230, p_loss 0.1815, quant_error 0.2055, utilization 1.0000, perplexity 234.1863,
Train Epoch: [2/2] Iters:[5400/20018] transplant_loss 2.3572, rec_loss 0.0234, p_loss 0.1818, quant_error 0.2075, utilization 1.0000, perplexity 234.5761,
Train Epoch: [2/2] Iters:[5410/20018] transplant_loss 2.3660, rec_loss 0.0239, p_loss 0.1830, quant_error 0.2082, utilization 1.0000, perplexity 234.7160,
Train Epoch: [2/2] Iters:[5420/20018] transplant_loss 2.3808, rec_loss 0.0236, p_loss 0.1832, quant_error 0.2103, utilization 1.0000, perplexity 234.7790,
Train Epoch: [2/2] Iters:[5430/20018] transplant_loss 2.4087, rec_loss 0.0241, p_loss 0.1847, quant_error 0.2136, utilization 1.0000, perplexity 235.6744,
Train Epoch: [2/2] Iters:[5440/20018] transplant_loss 2.4255, rec_loss 0.0245, p_loss 0.1859, quant_error 0.2159, utilization 1.0000, perplexity 235.8854,
Train Epoch: [2/2] Iters:[5450/20018] transplant_loss 2.4131, rec_loss 0.0242, p_loss 0.1851, quant_error 0.2144, utilization 1.0000, perplexity 235.4865,
Train Epoch: [2/2] Iters:[5460/20018] transplant_loss 2.3949, rec_loss 0.0238, p_loss 0.1840, quant_error 0.2119, utilization 1.0000, perplexity 235.3425,
Train Epoch: [2/2] Iters:[5470/20018] transplant_loss 2.3901, rec_loss 0.0238, p_loss 0.1837, quant_error 0.2113, utilization 1.0000, perplexity 235.1709,
Train Epoch: [2/2] Iters:[5480/20018] transplant_loss 2.3631, rec_loss 0.0234, p_loss 0.1826, quant_error 0.2082, utilization 1.0000, perplexity 234.3922,
Train Epoch: [2/2] Iters:[5490/20018] transplant_loss 2.3585, rec_loss 0.0233, p_loss 0.1816, quant_error 0.2075, utilization 1.0000, perplexity 234.0225,
Train Epoch: [2/2] Iters:[5500/20018] transplant_loss 2.3605, rec_loss 0.0232, p_loss 0.1823, quant_error 0.2078, utilization 1.0000, perplexity 234.3879,
Train Epoch: [2/2] Iters:[5510/20018] transplant_loss 2.3739, rec_loss 0.0233, p_loss 0.1830, quant_error 0.2096, utilization 1.0000, perplexity 234.6487,
Train Epoch: [2/2] Iters:[5520/20018] transplant_loss 2.3831, rec_loss 0.0233, p_loss 0.1832, quant_error 0.2110, utilization 1.0000, perplexity 234.4990,
Train Epoch: [2/2] Iters:[5530/20018] transplant_loss 2.3879, rec_loss 0.0238, p_loss 0.1837, quant_error 0.2110, utilization 1.0000, perplexity 234.3574,
Train Epoch: [2/2] Iters:[5540/20018] transplant_loss 2.3734, rec_loss 0.0235, p_loss 0.1840, quant_error 0.2093, utilization 1.0000, perplexity 234.1326,
Train Epoch: [2/2] Iters:[5550/20018] transplant_loss 2.4071, rec_loss 0.0241, p_loss 0.1848, quant_error 0.2137, utilization 1.0000, perplexity 234.2959,
Train Epoch: [2/2] Iters:[5560/20018] transplant_loss 2.4084, rec_loss 0.0241, p_loss 0.1847, quant_error 0.2137, utilization 1.0000, perplexity 234.0564,
Train Epoch: [2/2] Iters:[5570/20018] transplant_loss 2.4007, rec_loss 0.0239, p_loss 0.1846, quant_error 0.2125, utilization 1.0000, perplexity 234.3099,
Train Epoch: [2/2] Iters:[5580/20018] transplant_loss 2.4188, rec_loss 0.0239, p_loss 0.1848, quant_error 0.2152, utilization 1.0000, perplexity 234.8862,
Train Epoch: [2/2] Iters:[5590/20018] transplant_loss 2.4333, rec_loss 0.0240, p_loss 0.1846, quant_error 0.2170, utilization 1.0000, perplexity 235.1782,
Train Epoch: [2/2] Iters:[5600/20018] transplant_loss 2.4166, rec_loss 0.0240, p_loss 0.1839, quant_error 0.2149, utilization 1.0000, perplexity 234.4584,
Train Epoch: [2/2] Iters:[5610/20018] transplant_loss 2.4046, rec_loss 0.0239, p_loss 0.1835, quant_error 0.2138, utilization 1.0000, perplexity 233.8653,
Train Epoch: [2/2] Iters:[5620/20018] transplant_loss 2.4190, rec_loss 0.0245, p_loss 0.1838, quant_error 0.2150, utilization 1.0000, perplexity 233.5765,
Train Epoch: [2/2] Iters:[5630/20018] transplant_loss 2.3995, rec_loss 0.0245, p_loss 0.1840, quant_error 0.2118, utilization 1.0000, perplexity 233.1825,
Train Epoch: [2/2] Iters:[5640/20018] transplant_loss 2.3951, rec_loss 0.0246, p_loss 0.1849, quant_error 0.2111, utilization 1.0000, perplexity 233.2235,
Train Epoch: [2/2] Iters:[5650/20018] transplant_loss 2.3870, rec_loss 0.0244, p_loss 0.1856, quant_error 0.2102, utilization 1.0000, perplexity 233.8346,
Train Epoch: [2/2] Iters:[5660/20018] transplant_loss 2.4116, rec_loss 0.0247, p_loss 0.1872, quant_error 0.2129, utilization 1.0000, perplexity 234.7177,
Train Epoch: [2/2] Iters:[5670/20018] transplant_loss 2.3717, rec_loss 0.0240, p_loss 0.1857, quant_error 0.2084, utilization 1.0000, perplexity 234.7179,
Train Epoch: [2/2] Iters:[5680/20018] transplant_loss 2.3650, rec_loss 0.0237, p_loss 0.1846, quant_error 0.2084, utilization 1.0000, perplexity 234.0362,
Train Epoch: [2/2] Iters:[5690/20018] transplant_loss 2.3762, rec_loss 0.0238, p_loss 0.1839, quant_error 0.2098, utilization 1.0000, perplexity 234.1300,
Train Epoch: [2/2] Iters:[5700/20018] transplant_loss 2.3777, rec_loss 0.0237, p_loss 0.1831, quant_error 0.2097, utilization 1.0000, perplexity 234.1490,
Train Epoch: [2/2] Iters:[5710/20018] transplant_loss 2.3509, rec_loss 0.0231, p_loss 0.1814, quant_error 0.2068, utilization 1.0000, perplexity 233.9845,
Train Epoch: [2/2] Iters:[5720/20018] transplant_loss 2.3746, rec_loss 0.0234, p_loss 0.1827, quant_error 0.2099, utilization 1.0000, perplexity 234.3889,
Train Epoch: [2/2] Iters:[5730/20018] transplant_loss 2.3880, rec_loss 0.0234, p_loss 0.1830, quant_error 0.2113, utilization 1.0000, perplexity 235.1958,
Train Epoch: [2/2] Iters:[5740/20018] transplant_loss 2.4005, rec_loss 0.0234, p_loss 0.1838, quant_error 0.2132, utilization 1.0000, perplexity 235.4433,
Train Epoch: [2/2] Iters:[5750/20018] transplant_loss 2.3968, rec_loss 0.0233, p_loss 0.1832, quant_error 0.2130, utilization 1.0000, perplexity 234.9467,
Train Epoch: [2/2] Iters:[5760/20018] transplant_loss 2.3983, rec_loss 0.0237, p_loss 0.1831, quant_error 0.2129, utilization 1.0000, perplexity 234.9790,
Train Epoch: [2/2] Iters:[5770/20018] transplant_loss 2.3939, rec_loss 0.0236, p_loss 0.1834, quant_error 0.2121, utilization 1.0000, perplexity 234.8548,
Train Epoch: [2/2] Iters:[5780/20018] transplant_loss 2.3813, rec_loss 0.0236, p_loss 0.1831, quant_error 0.2106, utilization 1.0000, perplexity 234.6395,
Train Epoch: [2/2] Iters:[5790/20018] transplant_loss 2.3583, rec_loss 0.0234, p_loss 0.1832, quant_error 0.2073, utilization 1.0000, perplexity 234.4786,
Train Epoch: [2/2] Iters:[5800/20018] transplant_loss 2.3504, rec_loss 0.0233, p_loss 0.1833, quant_error 0.2063, utilization 1.0000, perplexity 234.8342,
Train Epoch: [2/2] Iters:[5810/20018] transplant_loss 2.3719, rec_loss 0.0236, p_loss 0.1848, quant_error 0.2090, utilization 1.0000, perplexity 235.3000,
Train Epoch: [2/2] Iters:[5820/20018] transplant_loss 2.3696, rec_loss 0.0235, p_loss 0.1843, quant_error 0.2089, utilization 1.0000, perplexity 235.0244,
Train Epoch: [2/2] Iters:[5830/20018] transplant_loss 2.3639, rec_loss 0.0232, p_loss 0.1842, quant_error 0.2083, utilization 1.0000, perplexity 234.9888,
Train Epoch: [2/2] Iters:[5840/20018] transplant_loss 2.3762, rec_loss 0.0234, p_loss 0.1839, quant_error 0.2099, utilization 1.0000, perplexity 235.2870,
Train Epoch: [2/2] Iters:[5850/20018] transplant_loss 2.3818, rec_loss 0.0234, p_loss 0.1847, quant_error 0.2107, utilization 1.0000, perplexity 235.0827,
Train Epoch: [2/2] Iters:[5860/20018] transplant_loss 2.3879, rec_loss 0.0233, p_loss 0.1842, quant_error 0.2117, utilization 1.0000, perplexity 235.2129,
Train Epoch: [2/2] Iters:[5870/20018] transplant_loss 2.3847, rec_loss 0.0233, p_loss 0.1835, quant_error 0.2114, utilization 1.0000, perplexity 235.1979,
Train Epoch: [2/2] Iters:[5880/20018] transplant_loss 2.3943, rec_loss 0.0237, p_loss 0.1843, quant_error 0.2126, utilization 1.0000, perplexity 235.1337,
Train Epoch: [2/2] Iters:[5890/20018] transplant_loss 2.3939, rec_loss 0.0241, p_loss 0.1850, quant_error 0.2123, utilization 1.0000, perplexity 234.7714,
Train Epoch: [2/2] Iters:[5900/20018] transplant_loss 2.4047, rec_loss 0.0242, p_loss 0.1850, quant_error 0.2134, utilization 1.0000, perplexity 234.6174,
Train Epoch: [2/2] Iters:[5910/20018] transplant_loss 2.3799, rec_loss 0.0241, p_loss 0.1841, quant_error 0.2105, utilization 1.0000, perplexity 233.8458,
Train Epoch: [2/2] Iters:[5920/20018] transplant_loss 2.3817, rec_loss 0.0242, p_loss 0.1852, quant_error 0.2104, utilization 1.0000, perplexity 233.8668,
Train Epoch: [2/2] Iters:[5930/20018] transplant_loss 2.3819, rec_loss 0.0240, p_loss 0.1844, quant_error 0.2104, utilization 1.0000, perplexity 234.1042,
Train Epoch: [2/2] Iters:[5940/20018] transplant_loss 2.4037, rec_loss 0.0239, p_loss 0.1841, quant_error 0.2140, utilization 1.0000, perplexity 234.4941,
Train Epoch: [2/2] Iters:[5950/20018] transplant_loss 2.3914, rec_loss 0.0238, p_loss 0.1835, quant_error 0.2124, utilization 1.0000, perplexity 234.7985,
Train Epoch: [2/2] Iters:[5960/20018] transplant_loss 2.4104, rec_loss 0.0240, p_loss 0.1844, quant_error 0.2145, utilization 1.0000, perplexity 235.4602,
Train Epoch: [2/2] Iters:[5970/20018] transplant_loss 2.4158, rec_loss 0.0240, p_loss 0.1845, quant_error 0.2151, utilization 1.0000, perplexity 235.7910,
Train Epoch: [2/2] Iters:[5980/20018] transplant_loss 2.4104, rec_loss 0.0240, p_loss 0.1849, quant_error 0.2147, utilization 1.0000, perplexity 235.4918,
Train Epoch: [2/2] Iters:[5990/20018] transplant_loss 2.3917, rec_loss 0.0237, p_loss 0.1845, quant_error 0.2117, utilization 1.0000, perplexity 234.9065,
Train Epoch: [2/2] Iters:[6000/20018] transplant_loss 2.3931, rec_loss 0.0240, p_loss 0.1843, quant_error 0.2120, utilization 1.0000, perplexity 234.7526,
Train Epoch: [2/2] Iters:[6010/20018] transplant_loss 2.3829, rec_loss 0.0237, p_loss 0.1838, quant_error 0.2107, utilization 1.0000, perplexity 234.4447,
Train Epoch: [2/2] Iters:[6020/20018] transplant_loss 2.3825, rec_loss 0.0235, p_loss 0.1829, quant_error 0.2111, utilization 1.0000, perplexity 234.0142,
Train Epoch: [2/2] Iters:[6030/20018] transplant_loss 2.3917, rec_loss 0.0236, p_loss 0.1825, quant_error 0.2123, utilization 1.0000, perplexity 234.2265,
Train Epoch: [2/2] Iters:[6040/20018] transplant_loss 2.3821, rec_loss 0.0235, p_loss 0.1822, quant_error 0.2112, utilization 1.0000, perplexity 234.6190,
Train Epoch: [2/2] Iters:[6050/20018] transplant_loss 2.3724, rec_loss 0.0232, p_loss 0.1828, quant_error 0.2096, utilization 1.0000, perplexity 234.6520,
Train Epoch: [2/2] Iters:[6060/20018] transplant_loss 2.3736, rec_loss 0.0234, p_loss 0.1829, quant_error 0.2097, utilization 1.0000, perplexity 234.7275,
Train Epoch: [2/2] Iters:[6070/20018] transplant_loss 2.3581, rec_loss 0.0233, p_loss 0.1830, quant_error 0.2074, utilization 1.0000, perplexity 234.7150,
Train Epoch: [2/2] Iters:[6080/20018] transplant_loss 2.3462, rec_loss 0.0232, p_loss 0.1832, quant_error 0.2058, utilization 1.0000, perplexity 234.6775,
Train Epoch: [2/2] Iters:[6090/20018] transplant_loss 2.3560, rec_loss 0.0233, p_loss 0.1836, quant_error 0.2072, utilization 1.0000, perplexity 234.5671,
Train Epoch: [2/2] Iters:[6100/20018] transplant_loss 2.3875, rec_loss 0.0234, p_loss 0.1833, quant_error 0.2121, utilization 1.0000, perplexity 234.8999,
Train Epoch: [2/2] Iters:[6110/20018] transplant_loss 2.4015, rec_loss 0.0236, p_loss 0.1840, quant_error 0.2134, utilization 1.0000, perplexity 235.0899,
Train Epoch: [2/2] Iters:[6120/20018] transplant_loss 2.4227, rec_loss 0.0238, p_loss 0.1850, quant_error 0.2160, utilization 1.0000, perplexity 235.2528,
Train Epoch: [2/2] Iters:[6130/20018] transplant_loss 2.4264, rec_loss 0.0240, p_loss 0.1855, quant_error 0.2163, utilization 1.0000, perplexity 235.2292,
Train Epoch: [2/2] Iters:[6140/20018] transplant_loss 2.3988, rec_loss 0.0240, p_loss 0.1842, quant_error 0.2127, utilization 1.0000, perplexity 234.4589,
Train Epoch: [2/2] Iters:[6150/20018] transplant_loss 2.3747, rec_loss 0.0240, p_loss 0.1846, quant_error 0.2086, utilization 1.0000, perplexity 234.3628,
Train Epoch: [2/2] Iters:[6160/20018] transplant_loss 2.3624, rec_loss 0.0237, p_loss 0.1834, quant_error 0.2082, utilization 1.0000, perplexity 233.8993,
Train Epoch: [2/2] Iters:[6170/20018] transplant_loss 2.3604, rec_loss 0.0235, p_loss 0.1826, quant_error 0.2082, utilization 1.0000, perplexity 234.0224,
Train Epoch: [2/2] Iters:[6180/20018] transplant_loss 2.3650, rec_loss 0.0235, p_loss 0.1828, quant_error 0.2085, utilization 1.0000, perplexity 233.9497,
Train Epoch: [2/2] Iters:[6190/20018] transplant_loss 2.3933, rec_loss 0.0237, p_loss 0.1838, quant_error 0.2118, utilization 1.0000, perplexity 235.0109,
Train Epoch: [2/2] Iters:[6200/20018] transplant_loss 2.3764, rec_loss 0.0233, p_loss 0.1820, quant_error 0.2099, utilization 1.0000, perplexity 234.4072,
Train Epoch: [2/2] Iters:[6210/20018] transplant_loss 2.3743, rec_loss 0.0234, p_loss 0.1821, quant_error 0.2090, utilization 1.0000, perplexity 234.4371,
Train Epoch: [2/2] Iters:[6220/20018] transplant_loss 2.3706, rec_loss 0.0235, p_loss 0.1819, quant_error 0.2084, utilization 1.0000, perplexity 234.3334,
Train Epoch: [2/2] Iters:[6230/20018] transplant_loss 2.3794, rec_loss 0.0237, p_loss 0.1815, quant_error 0.2097, utilization 1.0000, perplexity 234.5610,
Train Epoch: [2/2] Iters:[6240/20018] transplant_loss 2.3924, rec_loss 0.0239, p_loss 0.1816, quant_error 0.2115, utilization 1.0000, perplexity 234.5200,
Train Epoch: [2/2] Iters:[6250/20018] transplant_loss 2.4105, rec_loss 0.0241, p_loss 0.1829, quant_error 0.2137, utilization 1.0000, perplexity 235.0384,
Train Epoch: [2/2] Iters:[6260/20018] transplant_loss 2.4030, rec_loss 0.0240, p_loss 0.1832, quant_error 0.2129, utilization 1.0000, perplexity 234.9150,
Train Epoch: [2/2] Iters:[6270/20018] transplant_loss 2.3837, rec_loss 0.0237, p_loss 0.1827, quant_error 0.2104, utilization 1.0000, perplexity 234.5322,
Train Epoch: [2/2] Iters:[6280/20018] transplant_loss 2.3708, rec_loss 0.0233, p_loss 0.1818, quant_error 0.2091, utilization 1.0000, perplexity 234.1283,
Train Epoch: [2/2] Iters:[6290/20018] transplant_loss 2.3671, rec_loss 0.0231, p_loss 0.1827, quant_error 0.2086, utilization 1.0000, perplexity 234.0545,
Train Epoch: [2/2] Iters:[6300/20018] transplant_loss 2.3626, rec_loss 0.0232, p_loss 0.1826, quant_error 0.2081, utilization 1.0000, perplexity 234.1221,
Train Epoch: [2/2] Iters:[6310/20018] transplant_loss 2.3721, rec_loss 0.0233, p_loss 0.1828, quant_error 0.2095, utilization 1.0000, perplexity 234.5800,
Train Epoch: [2/2] Iters:[6320/20018] transplant_loss 2.3795, rec_loss 0.0235, p_loss 0.1835, quant_error 0.2104, utilization 1.0000, perplexity 234.8159,
Train Epoch: [2/2] Iters:[6330/20018] transplant_loss 2.3973, rec_loss 0.0241, p_loss 0.1849, quant_error 0.2123, utilization 1.0000, perplexity 235.4894,
Train Epoch: [2/2] Iters:[6340/20018] transplant_loss 2.3794, rec_loss 0.0239, p_loss 0.1832, quant_error 0.2105, utilization 1.0000, perplexity 235.1426,
Train Epoch: [2/2] Iters:[6350/20018] transplant_loss 2.3694, rec_loss 0.0233, p_loss 0.1828, quant_error 0.2095, utilization 1.0000, perplexity 234.6585,
Train Epoch: [2/2] Iters:[6360/20018] transplant_loss 2.3713, rec_loss 0.0232, p_loss 0.1832, quant_error 0.2097, utilization 1.0000, perplexity 234.6953,
Train Epoch: [2/2] Iters:[6370/20018] transplant_loss 2.3765, rec_loss 0.0232, p_loss 0.1831, quant_error 0.2104, utilization 1.0000, perplexity 234.7055,
Train Epoch: [2/2] Iters:[6380/20018] transplant_loss 2.3727, rec_loss 0.0227, p_loss 0.1816, quant_error 0.2103, utilization 1.0000, perplexity 234.5531,
Train Epoch: [2/2] Iters:[6390/20018] transplant_loss 2.3644, rec_loss 0.0228, p_loss 0.1815, quant_error 0.2089, utilization 1.0000, perplexity 234.6320,
Train Epoch: [2/2] Iters:[6400/20018] transplant_loss 2.3739, rec_loss 0.0231, p_loss 0.1814, quant_error 0.2099, utilization 1.0000, perplexity 234.3671,
Train Epoch: [2/2] Iters:[6410/20018] transplant_loss 2.3556, rec_loss 0.0230, p_loss 0.1803, quant_error 0.2074, utilization 1.0000, perplexity 233.7951,
Train Epoch: [2/2] Iters:[6420/20018] transplant_loss 2.3434, rec_loss 0.0225, p_loss 0.1796, quant_error 0.2064, utilization 1.0000, perplexity 233.4957,
Train Epoch: [2/2] Iters:[6430/20018] transplant_loss 2.3369, rec_loss 0.0225, p_loss 0.1807, quant_error 0.2055, utilization 1.0000, perplexity 233.3290,
Train Epoch: [2/2] Iters:[6440/20018] transplant_loss 2.3404, rec_loss 0.0224, p_loss 0.1818, quant_error 0.2058, utilization 1.0000, perplexity 233.5241,
Train Epoch: [2/2] Iters:[6450/20018] transplant_loss 2.3635, rec_loss 0.0227, p_loss 0.1827, quant_error 0.2087, utilization 1.0000, perplexity 234.2299,
Train Epoch: [2/2] Iters:[6460/20018] transplant_loss 2.3958, rec_loss 0.0236, p_loss 0.1852, quant_error 0.2126, utilization 1.0000, perplexity 234.8331,
Train Epoch: [2/2] Iters:[6470/20018] transplant_loss 2.4109, rec_loss 0.0242, p_loss 0.1862, quant_error 0.2139, utilization 1.0000, perplexity 235.2082,
Train Epoch: [2/2] Iters:[6480/20018] transplant_loss 2.4123, rec_loss 0.0243, p_loss 0.1864, quant_error 0.2138, utilization 1.0000, perplexity 235.2221,
Train Epoch: [2/2] Iters:[6490/20018] transplant_loss 2.4145, rec_loss 0.0240, p_loss 0.1847, quant_error 0.2143, utilization 1.0000, perplexity 234.9876,
Train Epoch: [2/2] Iters:[6500/20018] transplant_loss 2.3979, rec_loss 0.0235, p_loss 0.1830, quant_error 0.2125, utilization 1.0000, perplexity 234.9625,
Train Epoch: [2/2] Iters:[6510/20018] transplant_loss 2.3868, rec_loss 0.0229, p_loss 0.1820, quant_error 0.2114, utilization 1.0000, perplexity 234.3974,
Train Epoch: [2/2] Iters:[6520/20018] transplant_loss 2.3875, rec_loss 0.0228, p_loss 0.1822, quant_error 0.2116, utilization 1.0000, perplexity 234.6405,
Train Epoch: [2/2] Iters:[6530/20018] transplant_loss 2.3930, rec_loss 0.0229, p_loss 0.1825, quant_error 0.2124, utilization 1.0000, perplexity 234.4688,
Train Epoch: [2/2] Iters:[6540/20018] transplant_loss 2.4039, rec_loss 0.0233, p_loss 0.1834, quant_error 0.2137, utilization 1.0000, perplexity 234.4273,
Train Epoch: [2/2] Iters:[6550/20018] transplant_loss 2.4082, rec_loss 0.0237, p_loss 0.1848, quant_error 0.2141, utilization 1.0000, perplexity 234.4079,
Train Epoch: [2/2] Iters:[6560/20018] transplant_loss 2.3932, rec_loss 0.0238, p_loss 0.1846, quant_error 0.2116, utilization 1.0000, perplexity 234.5933,
Train Epoch: [2/2] Iters:[6570/20018] transplant_loss 2.4078, rec_loss 0.0239, p_loss 0.1846, quant_error 0.2134, utilization 1.0000, perplexity 234.5608,
Train Epoch: [2/2] Iters:[6580/20018] transplant_loss 2.3843, rec_loss 0.0234, p_loss 0.1826, quant_error 0.2103, utilization 1.0000, perplexity 234.1910,
Train Epoch: [2/2] Iters:[6590/20018] transplant_loss 2.3715, rec_loss 0.0231, p_loss 0.1826, quant_error 0.2088, utilization 1.0000, perplexity 234.3252,
Train Epoch: [2/2] Iters:[6600/20018] transplant_loss 2.3698, rec_loss 0.0230, p_loss 0.1825, quant_error 0.2083, utilization 1.0000, perplexity 234.2488,
Train Epoch: [2/2] Iters:[6610/20018] transplant_loss 2.3779, rec_loss 0.0230, p_loss 0.1822, quant_error 0.2098, utilization 1.0000, perplexity 233.9782,
Train Epoch: [2/2] Iters:[6620/20018] transplant_loss 2.3536, rec_loss 0.0227, p_loss 0.1814, quant_error 0.2068, utilization 1.0000, perplexity 233.7079,
Train Epoch: [2/2] Iters:[6630/20018] transplant_loss 2.3667, rec_loss 0.0232, p_loss 0.1826, quant_error 0.2085, utilization 1.0000, perplexity 234.3640,
Train Epoch: [2/2] Iters:[6640/20018] transplant_loss 2.3753, rec_loss 0.0238, p_loss 0.1832, quant_error 0.2091, utilization 1.0000, perplexity 234.1486,
Train Epoch: [2/2] Iters:[6650/20018] transplant_loss 2.3760, rec_loss 0.0239, p_loss 0.1835, quant_error 0.2094, utilization 1.0000, perplexity 234.3839,
Train Epoch: [2/2] Iters:[6660/20018] transplant_loss 2.3755, rec_loss 0.0240, p_loss 0.1832, quant_error 0.2092, utilization 1.0000, perplexity 234.5064,
Train Epoch: [2/2] Iters:[6670/20018] transplant_loss 2.3912, rec_loss 0.0244, p_loss 0.1840, quant_error 0.2109, utilization 1.0000, perplexity 234.5110,
Train Epoch: [2/2] Iters:[6680/20018] transplant_loss 2.3899, rec_loss 0.0242, p_loss 0.1839, quant_error 0.2108, utilization 1.0000, perplexity 234.3230,
Train Epoch: [2/2] Iters:[6690/20018] transplant_loss 2.3700, rec_loss 0.0236, p_loss 0.1828, quant_error 0.2087, utilization 1.0000, perplexity 233.7972,
Train Epoch: [2/2] Iters:[6700/20018] transplant_loss 2.3597, rec_loss 0.0235, p_loss 0.1823, quant_error 0.2073, utilization 1.0000, perplexity 233.4431,
Train Epoch: [2/2] Iters:[6710/20018] transplant_loss 2.3550, rec_loss 0.0234, p_loss 0.1825, quant_error 0.2065, utilization 1.0000, perplexity 233.9231,
Train Epoch: [2/2] Iters:[6720/20018] transplant_loss 2.3257, rec_loss 0.0227, p_loss 0.1809, quant_error 0.2030, utilization 1.0000, perplexity 233.8245,
Train Epoch: [2/2] Iters:[6730/20018] transplant_loss 2.3282, rec_loss 0.0228, p_loss 0.1807, quant_error 0.2031, utilization 1.0000, perplexity 233.7294,
Train Epoch: [2/2] Iters:[6740/20018] transplant_loss 2.3551, rec_loss 0.0234, p_loss 0.1825, quant_error 0.2061, utilization 1.0000, perplexity 234.6180,
Train Epoch: [2/2] Iters:[6750/20018] transplant_loss 2.3577, rec_loss 0.0237, p_loss 0.1819, quant_error 0.2062, utilization 1.0000, perplexity 234.6872,
Train Epoch: [2/2] Iters:[6760/20018] transplant_loss 2.3563, rec_loss 0.0235, p_loss 0.1811, quant_error 0.2065, utilization 1.0000, perplexity 234.6275,
Train Epoch: [2/2] Iters:[6770/20018] transplant_loss 2.3624, rec_loss 0.0238, p_loss 0.1830, quant_error 0.2072, utilization 1.0000, perplexity 234.6305,
Train Epoch: [2/2] Iters:[6780/20018] transplant_loss 2.3668, rec_loss 0.0239, p_loss 0.1841, quant_error 0.2077, utilization 1.0000, perplexity 234.9979,
Train Epoch: [2/2] Iters:[6790/20018] transplant_loss 2.3617, rec_loss 0.0240, p_loss 0.1833, quant_error 0.2071, utilization 1.0000, perplexity 234.9306,
Train Epoch: [2/2] Iters:[6800/20018] transplant_loss 2.3689, rec_loss 0.0237, p_loss 0.1842, quant_error 0.2083, utilization 1.0000, perplexity 235.0313,
Train Epoch: [2/2] Iters:[6810/20018] transplant_loss 2.3684, rec_loss 0.0239, p_loss 0.1850, quant_error 0.2081, utilization 1.0000, perplexity 234.7324,
Train Epoch: [2/2] Iters:[6820/20018] transplant_loss 2.3728, rec_loss 0.0239, p_loss 0.1838, quant_error 0.2090, utilization 1.0000, perplexity 234.8943,
Train Epoch: [2/2] Iters:[6830/20018] transplant_loss 2.3672, rec_loss 0.0236, p_loss 0.1835, quant_error 0.2084, utilization 1.0000, perplexity 234.7943,
Train Epoch: [2/2] Iters:[6840/20018] transplant_loss 2.3732, rec_loss 0.0237, p_loss 0.1830, quant_error 0.2090, utilization 1.0000, perplexity 234.8703,
Train Epoch: [2/2] Iters:[6850/20018] transplant_loss 2.3748, rec_loss 0.0237, p_loss 0.1829, quant_error 0.2093, utilization 1.0000, perplexity 235.1150,
Train Epoch: [2/2] Iters:[6860/20018] transplant_loss 2.3685, rec_loss 0.0235, p_loss 0.1824, quant_error 0.2088, utilization 1.0000, perplexity 235.1228,
Train Epoch: [2/2] Iters:[6870/20018] transplant_loss 2.3743, rec_loss 0.0234, p_loss 0.1834, quant_error 0.2095, utilization 1.0000, perplexity 235.3459,
Train Epoch: [2/2] Iters:[6880/20018] transplant_loss 2.3729, rec_loss 0.0235, p_loss 0.1826, quant_error 0.2098, utilization 1.0000, perplexity 235.1409,
Train Epoch: [2/2] Iters:[6890/20018] transplant_loss 2.3768, rec_loss 0.0233, p_loss 0.1827, quant_error 0.2107, utilization 1.0000, perplexity 235.2257,
Train Epoch: [2/2] Iters:[6900/20018] transplant_loss 2.3790, rec_loss 0.0234, p_loss 0.1825, quant_error 0.2108, utilization 1.0000, perplexity 234.6916,
Train Epoch: [2/2] Iters:[6910/20018] transplant_loss 2.4059, rec_loss 0.0240, p_loss 0.1842, quant_error 0.2136, utilization 1.0000, perplexity 235.1040,
Train Epoch: [2/2] Iters:[6920/20018] transplant_loss 2.3967, rec_loss 0.0237, p_loss 0.1827, quant_error 0.2123, utilization 1.0000, perplexity 234.8248,
Train Epoch: [2/2] Iters:[6930/20018] transplant_loss 2.4081, rec_loss 0.0239, p_loss 0.1838, quant_error 0.2131, utilization 1.0000, perplexity 234.3268,
Train Epoch: [2/2] Iters:[6940/20018] transplant_loss 2.3962, rec_loss 0.0239, p_loss 0.1841, quant_error 0.2115, utilization 1.0000, perplexity 233.8823,
Train Epoch: [2/2] Iters:[6950/20018] transplant_loss 2.3943, rec_loss 0.0238, p_loss 0.1845, quant_error 0.2113, utilization 1.0000, perplexity 234.2230,
Train Epoch: [2/2] Iters:[6960/20018] transplant_loss 2.3853, rec_loss 0.0238, p_loss 0.1840, quant_error 0.2101, utilization 1.0000, perplexity 234.0044,
Train Epoch: [2/2] Iters:[6970/20018] transplant_loss 2.4150, rec_loss 0.0245, p_loss 0.1853, quant_error 0.2135, utilization 1.0000, perplexity 234.1855,
Train Epoch: [2/2] Iters:[6980/20018] transplant_loss 2.4030, rec_loss 0.0242, p_loss 0.1844, quant_error 0.2122, utilization 1.0000, perplexity 234.8765,
Train Epoch: [2/2] Iters:[6990/20018] transplant_loss 2.3993, rec_loss 0.0240, p_loss 0.1837, quant_error 0.2118, utilization 1.0000, perplexity 235.4514,
Train Epoch: [2/2] Iters:[7000/20018] transplant_loss 2.3934, rec_loss 0.0239, p_loss 0.1838, quant_error 0.2111, utilization 1.0000, perplexity 235.8352,
Train Epoch: [2/2] Iters:[7010/20018] transplant_loss 2.3883, rec_loss 0.0237, p_loss 0.1827, quant_error 0.2107, utilization 1.0000, perplexity 235.9887,
Train Epoch: [2/2] Iters:[7020/20018] transplant_loss 2.3803, rec_loss 0.0234, p_loss 0.1828, quant_error 0.2097, utilization 1.0000, perplexity 235.8610,
Train Epoch: [2/2] Iters:[7030/20018] transplant_loss 2.3890, rec_loss 0.0238, p_loss 0.1832, quant_error 0.2108, utilization 1.0000, perplexity 235.6893,
Train Epoch: [2/2] Iters:[7040/20018] transplant_loss 2.3886, rec_loss 0.0236, p_loss 0.1838, quant_error 0.2109, utilization 1.0000, perplexity 235.4768,
Train Epoch: [2/2] Iters:[7050/20018] transplant_loss 2.3876, rec_loss 0.0237, p_loss 0.1836, quant_error 0.2107, utilization 1.0000, perplexity 234.9253,
Train Epoch: [2/2] Iters:[7060/20018] transplant_loss 2.4063, rec_loss 0.0237, p_loss 0.1842, quant_error 0.2131, utilization 1.0000, perplexity 234.9095,
Train Epoch: [2/2] Iters:[7070/20018] transplant_loss 2.4112, rec_loss 0.0238, p_loss 0.1841, quant_error 0.2138, utilization 1.0000, perplexity 235.2925,
Train Epoch: [2/2] Iters:[7080/20018] transplant_loss 2.4089, rec_loss 0.0238, p_loss 0.1840, quant_error 0.2130, utilization 1.0000, perplexity 235.1132,
Train Epoch: [2/2] Iters:[7090/20018] transplant_loss 2.4079, rec_loss 0.0239, p_loss 0.1838, quant_error 0.2127, utilization 1.0000, perplexity 234.9362,
Train Epoch: [2/2] Iters:[7100/20018] transplant_loss 2.4338, rec_loss 0.0242, p_loss 0.1841, quant_error 0.2161, utilization 1.0000, perplexity 235.2115,
Train Epoch: [2/2] Iters:[7110/20018] transplant_loss 2.4351, rec_loss 0.0245, p_loss 0.1848, quant_error 0.2162, utilization 1.0000, perplexity 235.2041,
Train Epoch: [2/2] Iters:[7120/20018] transplant_loss 2.4060, rec_loss 0.0240, p_loss 0.1840, quant_error 0.2126, utilization 1.0000, perplexity 234.8160,
Train Epoch: [2/2] Iters:[7130/20018] transplant_loss 2.3978, rec_loss 0.0236, p_loss 0.1837, quant_error 0.2121, utilization 1.0000, perplexity 234.4569,
Train Epoch: [2/2] Iters:[7140/20018] transplant_loss 2.4006, rec_loss 0.0236, p_loss 0.1843, quant_error 0.2130, utilization 1.0000, perplexity 234.0159,
Train Epoch: [2/2] Iters:[7150/20018] transplant_loss 2.3781, rec_loss 0.0234, p_loss 0.1833, quant_error 0.2102, utilization 1.0000, perplexity 233.8745,
Train Epoch: [2/2] Iters:[7160/20018] transplant_loss 2.3558, rec_loss 0.0230, p_loss 0.1822, quant_error 0.2079, utilization 1.0000, perplexity 233.5413,
Train Epoch: [2/2] Iters:[7170/20018] transplant_loss 2.3917, rec_loss 0.0235, p_loss 0.1833, quant_error 0.2124, utilization 1.0000, perplexity 234.0390,
Train Epoch: [2/2] Iters:[7180/20018] transplant_loss 2.3825, rec_loss 0.0236, p_loss 0.1829, quant_error 0.2110, utilization 1.0000, perplexity 234.2064,
Train Epoch: [2/2] Iters:[7190/20018] transplant_loss 2.3884, rec_loss 0.0238, p_loss 0.1829, quant_error 0.2115, utilization 1.0000, perplexity 234.9253,
Train Epoch: [2/2] Iters:[7200/20018] transplant_loss 2.4005, rec_loss 0.0239, p_loss 0.1839, quant_error 0.2131, utilization 1.0000, perplexity 234.7223,
Train Epoch: [2/2] Iters:[7210/20018] transplant_loss 2.3924, rec_loss 0.0237, p_loss 0.1834, quant_error 0.2119, utilization 1.0000, perplexity 234.5840,
Train Epoch: [2/2] Iters:[7220/20018] transplant_loss 2.3563, rec_loss 0.0235, p_loss 0.1823, quant_error 0.2076, utilization 1.0000, perplexity 233.9651,
Train Epoch: [2/2] Iters:[7230/20018] transplant_loss 2.3633, rec_loss 0.0234, p_loss 0.1830, quant_error 0.2081, utilization 1.0000, perplexity 234.7882,
Train Epoch: [2/2] Iters:[7240/20018] transplant_loss 2.3696, rec_loss 0.0237, p_loss 0.1831, quant_error 0.2088, utilization 1.0000, perplexity 234.6344,
Train Epoch: [2/2] Iters:[7250/20018] transplant_loss 2.3504, rec_loss 0.0234, p_loss 0.1821, quant_error 0.2063, utilization 1.0000, perplexity 234.5396,
Train Epoch: [2/2] Iters:[7260/20018] transplant_loss 2.3413, rec_loss 0.0233, p_loss 0.1831, quant_error 0.2049, utilization 1.0000, perplexity 234.6483,
Train Epoch: [2/2] Iters:[7270/20018] transplant_loss 2.3459, rec_loss 0.0233, p_loss 0.1827, quant_error 0.2053, utilization 1.0000, perplexity 234.4218,
Train Epoch: [2/2] Iters:[7280/20018] transplant_loss 2.3600, rec_loss 0.0234, p_loss 0.1830, quant_error 0.2074, utilization 1.0000, perplexity 234.0629,
Train Epoch: [2/2] Iters:[7290/20018] transplant_loss 2.3577, rec_loss 0.0231, p_loss 0.1832, quant_error 0.2071, utilization 1.0000, perplexity 234.6513,
Train Epoch: [2/2] Iters:[7300/20018] transplant_loss 2.3683, rec_loss 0.0233, p_loss 0.1841, quant_error 0.2081, utilization 1.0000, perplexity 234.9048,
Train Epoch: [2/2] Iters:[7310/20018] transplant_loss 2.4024, rec_loss 0.0238, p_loss 0.1852, quant_error 0.2121, utilization 1.0000, perplexity 234.9971,
Train Epoch: [2/2] Iters:[7320/20018] transplant_loss 2.4225, rec_loss 0.0239, p_loss 0.1867, quant_error 0.2147, utilization 1.0000, perplexity 235.9342,
Train Epoch: [2/2] Iters:[7330/20018] transplant_loss 2.4039, rec_loss 0.0237, p_loss 0.1859, quant_error 0.2125, utilization 1.0000, perplexity 235.6851,
Train Epoch: [2/2] Iters:[7340/20018] transplant_loss 2.4109, rec_loss 0.0239, p_loss 0.1868, quant_error 0.2132, utilization 1.0000, perplexity 235.0055,
Train Epoch: [2/2] Iters:[7350/20018] transplant_loss 2.4169, rec_loss 0.0240, p_loss 0.1866, quant_error 0.2140, utilization 1.0000, perplexity 235.4625,
Train Epoch: [2/2] Iters:[7360/20018] transplant_loss 2.3987, rec_loss 0.0236, p_loss 0.1848, quant_error 0.2120, utilization 1.0000, perplexity 235.3684,
Train Epoch: [2/2] Iters:[7370/20018] transplant_loss 2.4063, rec_loss 0.0241, p_loss 0.1847, quant_error 0.2126, utilization 1.0000, perplexity 235.1679,
Train Epoch: [2/2] Iters:[7380/20018] transplant_loss 2.4189, rec_loss 0.0246, p_loss 0.1851, quant_error 0.2138, utilization 1.0000, perplexity 235.3633,
Train Epoch: [2/2] Iters:[7390/20018] transplant_loss 2.3892, rec_loss 0.0241, p_loss 0.1834, quant_error 0.2101, utilization 1.0000, perplexity 235.1699,
Train Epoch: [2/2] Iters:[7400/20018] transplant_loss 2.3595, rec_loss 0.0237, p_loss 0.1825, quant_error 0.2066, utilization 1.0000, perplexity 234.5579,
Train Epoch: [2/2] Iters:[7410/20018] transplant_loss 2.3653, rec_loss 0.0235, p_loss 0.1827, quant_error 0.2077, utilization 1.0000, perplexity 234.6398,
Train Epoch: [2/2] Iters:[7420/20018] transplant_loss 2.3562, rec_loss 0.0230, p_loss 0.1822, quant_error 0.2068, utilization 1.0000, perplexity 234.5485,
Train Epoch: [2/2] Iters:[7430/20018] transplant_loss 2.3454, rec_loss 0.0227, p_loss 0.1824, quant_error 0.2057, utilization 1.0000, perplexity 234.4020,
Train Epoch: [2/2] Iters:[7440/20018] transplant_loss 2.3691, rec_loss 0.0232, p_loss 0.1827, quant_error 0.2089, utilization 1.0000, perplexity 234.8473,
Train Epoch: [2/2] Iters:[7450/20018] transplant_loss 2.4068, rec_loss 0.0240, p_loss 0.1848, quant_error 0.2131, utilization 1.0000, perplexity 235.5319,
Train Epoch: [2/2] Iters:[7460/20018] transplant_loss 2.4185, rec_loss 0.0244, p_loss 0.1843, quant_error 0.2143, utilization 1.0000, perplexity 235.4642,
Train Epoch: [2/2] Iters:[7470/20018] transplant_loss 2.4259, rec_loss 0.0248, p_loss 0.1850, quant_error 0.2149, utilization 1.0000, perplexity 235.7757,
Train Epoch: [2/2] Iters:[7480/20018] transplant_loss 2.4622, rec_loss 0.0252, p_loss 0.1863, quant_error 0.2191, utilization 1.0000, perplexity 236.3101,
Train Epoch: [2/2] Iters:[7490/20018] transplant_loss 2.4677, rec_loss 0.0252, p_loss 0.1864, quant_error 0.2194, utilization 1.0000, perplexity 236.2710,
Train Epoch: [2/2] Iters:[7500/20018] transplant_loss 2.4698, rec_loss 0.0251, p_loss 0.1859, quant_error 0.2201, utilization 1.0000, perplexity 235.9157,
Train Epoch: [2/2] Iters:[7510/20018] transplant_loss 2.4435, rec_loss 0.0247, p_loss 0.1865, quant_error 0.2169, utilization 1.0000, perplexity 236.2057,
Train Epoch: [2/2] Iters:[7520/20018] transplant_loss 2.4112, rec_loss 0.0241, p_loss 0.1845, quant_error 0.2132, utilization 1.0000, perplexity 235.4115,
Train Epoch: [2/2] Iters:[7530/20018] transplant_loss 2.3903, rec_loss 0.0237, p_loss 0.1831, quant_error 0.2107, utilization 1.0000, perplexity 235.3583,
Train Epoch: [2/2] Iters:[7540/20018] transplant_loss 2.3662, rec_loss 0.0233, p_loss 0.1826, quant_error 0.2081, utilization 1.0000, perplexity 235.4629,
Train Epoch: [2/2] Iters:[7550/20018] transplant_loss 2.3570, rec_loss 0.0229, p_loss 0.1820, quant_error 0.2069, utilization 1.0000, perplexity 235.4082,
Train Epoch: [2/2] Iters:[7560/20018] transplant_loss 2.3748, rec_loss 0.0230, p_loss 0.1822, quant_error 0.2090, utilization 1.0000, perplexity 235.4801,
Train Epoch: [2/2] Iters:[7570/20018] transplant_loss 2.3843, rec_loss 0.0233, p_loss 0.1828, quant_error 0.2104, utilization 1.0000, perplexity 235.3742,
Train Epoch: [2/2] Iters:[7580/20018] transplant_loss 2.3804, rec_loss 0.0233, p_loss 0.1832, quant_error 0.2100, utilization 1.0000, perplexity 235.0386,
Train Epoch: [2/2] Iters:[7590/20018] transplant_loss 2.3761, rec_loss 0.0231, p_loss 0.1823, quant_error 0.2098, utilization 1.0000, perplexity 234.6088,
Train Epoch: [2/2] Iters:[7600/20018] transplant_loss 2.3522, rec_loss 0.0230, p_loss 0.1810, quant_error 0.2069, utilization 1.0000, perplexity 234.2510,
Train Epoch: [2/2] Iters:[7610/20018] transplant_loss 2.3482, rec_loss 0.0229, p_loss 0.1807, quant_error 0.2066, utilization 1.0000, perplexity 234.3376,
Train Epoch: [2/2] Iters:[7620/20018] transplant_loss 2.3564, rec_loss 0.0230, p_loss 0.1820, quant_error 0.2073, utilization 1.0000, perplexity 234.9134,
Train Epoch: [2/2] Iters:[7630/20018] transplant_loss 2.3334, rec_loss 0.0226, p_loss 0.1810, quant_error 0.2045, utilization 1.0000, perplexity 234.5245,
Train Epoch: [2/2] Iters:[7640/20018] transplant_loss 2.3188, rec_loss 0.0225, p_loss 0.1811, quant_error 0.2025, utilization 1.0000, perplexity 233.9300,
Train Epoch: [2/2] Iters:[7650/20018] transplant_loss 2.3390, rec_loss 0.0229, p_loss 0.1823, quant_error 0.2050, utilization 1.0000, perplexity 234.1120,
Train Epoch: [2/2] Iters:[7660/20018] transplant_loss 2.3494, rec_loss 0.0232, p_loss 0.1826, quant_error 0.2058, utilization 1.0000, perplexity 233.9961,
Train Epoch: [2/2] Iters:[7670/20018] transplant_loss 2.3391, rec_loss 0.0229, p_loss 0.1820, quant_error 0.2048, utilization 1.0000, perplexity 233.5249,
Train Epoch: [2/2] Iters:[7680/20018] transplant_loss 2.3640, rec_loss 0.0232, p_loss 0.1827, quant_error 0.2080, utilization 1.0000, perplexity 233.8354,
Train Epoch: [2/2] Iters:[7690/20018] transplant_loss 2.4008, rec_loss 0.0236, p_loss 0.1845, quant_error 0.2124, utilization 1.0000, perplexity 235.0146,
Train Epoch: [2/2] Iters:[7700/20018] transplant_loss 2.3832, rec_loss 0.0231, p_loss 0.1833, quant_error 0.2102, utilization 1.0000, perplexity 234.6069,
Train Epoch: [2/2] Iters:[7710/20018] transplant_loss 2.3889, rec_loss 0.0231, p_loss 0.1841, quant_error 0.2117, utilization 1.0000, perplexity 234.4210,
Train Epoch: [2/2] Iters:[7720/20018] transplant_loss 2.3964, rec_loss 0.0232, p_loss 0.1835, quant_error 0.2128, utilization 1.0000, perplexity 234.9041,
Train Epoch: [2/2] Iters:[7730/20018] transplant_loss 2.4044, rec_loss 0.0238, p_loss 0.1841, quant_error 0.2134, utilization 1.0000, perplexity 234.7855,
Train Epoch: [2/2] Iters:[7740/20018] transplant_loss 2.3755, rec_loss 0.0235, p_loss 0.1824, quant_error 0.2100, utilization 1.0000, perplexity 233.8157,
Train Epoch: [2/2] Iters:[7750/20018] transplant_loss 2.3970, rec_loss 0.0240, p_loss 0.1843, quant_error 0.2123, utilization 1.0000, perplexity 234.4920,
Train Epoch: [2/2] Iters:[7760/20018] transplant_loss 2.3711, rec_loss 0.0237, p_loss 0.1830, quant_error 0.2085, utilization 1.0000, perplexity 234.4269,
Train Epoch: [2/2] Iters:[7770/20018] transplant_loss 2.3901, rec_loss 0.0239, p_loss 0.1842, quant_error 0.2108, utilization 1.0000, perplexity 234.4570,
Train Epoch: [2/2] Iters:[7780/20018] transplant_loss 2.3869, rec_loss 0.0234, p_loss 0.1839, quant_error 0.2109, utilization 1.0000, perplexity 234.6137,
Train Epoch: [2/2] Iters:[7790/20018] transplant_loss 2.3760, rec_loss 0.0231, p_loss 0.1833, quant_error 0.2096, utilization 1.0000, perplexity 234.6011,
Train Epoch: [2/2] Iters:[7800/20018] transplant_loss 2.3605, rec_loss 0.0229, p_loss 0.1827, quant_error 0.2079, utilization 1.0000, perplexity 234.2747,
Train Epoch: [2/2] Iters:[7810/20018] transplant_loss 2.3760, rec_loss 0.0230, p_loss 0.1829, quant_error 0.2103, utilization 1.0000, perplexity 234.6526,
Train Epoch: [2/2] Iters:[7820/20018] transplant_loss 2.3619, rec_loss 0.0226, p_loss 0.1823, quant_error 0.2086, utilization 1.0000, perplexity 234.7318,
Train Epoch: [2/2] Iters:[7830/20018] transplant_loss 2.3540, rec_loss 0.0228, p_loss 0.1823, quant_error 0.2071, utilization 1.0000, perplexity 235.2832,
Train Epoch: [2/2] Iters:[7840/20018] transplant_loss 2.3656, rec_loss 0.0229, p_loss 0.1826, quant_error 0.2086, utilization 1.0000, perplexity 235.7165,
Train Epoch: [2/2] Iters:[7850/20018] transplant_loss 2.3771, rec_loss 0.0232, p_loss 0.1825, quant_error 0.2100, utilization 1.0000, perplexity 235.6179,
Train Epoch: [2/2] Iters:[7860/20018] transplant_loss 2.3730, rec_loss 0.0234, p_loss 0.1836, quant_error 0.2087, utilization 1.0000, perplexity 235.4855,
Train Epoch: [2/2] Iters:[7870/20018] transplant_loss 2.3832, rec_loss 0.0236, p_loss 0.1842, quant_error 0.2098, utilization 1.0000, perplexity 235.6861,
Train Epoch: [2/2] Iters:[7880/20018] transplant_loss 2.3838, rec_loss 0.0237, p_loss 0.1841, quant_error 0.2099, utilization 1.0000, perplexity 234.8785,
Train Epoch: [2/2] Iters:[7890/20018] transplant_loss 2.3823, rec_loss 0.0238, p_loss 0.1848, quant_error 0.2097, utilization 1.0000, perplexity 234.6689,
Train Epoch: [2/2] Iters:[7900/20018] transplant_loss 2.3784, rec_loss 0.0237, p_loss 0.1845, quant_error 0.2093, utilization 1.0000, perplexity 234.6403,
Train Epoch: [2/2] Iters:[7910/20018] transplant_loss 2.3772, rec_loss 0.0232, p_loss 0.1835, quant_error 0.2099, utilization 1.0000, perplexity 234.3936,
Train Epoch: [2/2] Iters:[7920/20018] transplant_loss 2.3525, rec_loss 0.0230, p_loss 0.1827, quant_error 0.2068, utilization 1.0000, perplexity 234.0153,
Train Epoch: [2/2] Iters:[7930/20018] transplant_loss 2.3480, rec_loss 0.0225, p_loss 0.1821, quant_error 0.2068, utilization 1.0000, perplexity 233.8731,
Train Epoch: [2/2] Iters:[7940/20018] transplant_loss 2.3783, rec_loss 0.0228, p_loss 0.1828, quant_error 0.2106, utilization 1.0000, perplexity 234.4103,
Train Epoch: [2/2] Iters:[7950/20018] transplant_loss 2.3843, rec_loss 0.0229, p_loss 0.1838, quant_error 0.2109, utilization 1.0000, perplexity 234.9401,
Train Epoch: [2/2] Iters:[7960/20018] transplant_loss 2.3818, rec_loss 0.0232, p_loss 0.1836, quant_error 0.2102, utilization 1.0000, perplexity 234.7336,
Train Epoch: [2/2] Iters:[7970/20018] transplant_loss 2.3865, rec_loss 0.0239, p_loss 0.1842, quant_error 0.2102, utilization 1.0000, perplexity 234.2368,
Train Epoch: [2/2] Iters:[7980/20018] transplant_loss 2.3796, rec_loss 0.0242, p_loss 0.1839, quant_error 0.2093, utilization 1.0000, perplexity 234.5398,
Train Epoch: [2/2] Iters:[7990/20018] transplant_loss 2.3683, rec_loss 0.0241, p_loss 0.1826, quant_error 0.2078, utilization 1.0000, perplexity 234.3226,
Train Epoch: [2/2] Iters:[8000/20018] transplant_loss 2.3484, rec_loss 0.0238, p_loss 0.1809, quant_error 0.2057, utilization 1.0000, perplexity 233.5545,
Train Epoch: [2/2] Iters:[8010/20018] transplant_loss 2.3518, rec_loss 0.0237, p_loss 0.1813, quant_error 0.2061, utilization 1.0000, perplexity 233.9299,
Train Epoch: [2/2] Iters:[8020/20018] transplant_loss 2.3645, rec_loss 0.0233, p_loss 0.1808, quant_error 0.2087, utilization 1.0000, perplexity 234.2204,
Train Epoch: [2/2] Iters:[8030/20018] transplant_loss 2.3850, rec_loss 0.0236, p_loss 0.1822, quant_error 0.2107, utilization 1.0000, perplexity 234.5613,
Train Epoch: [2/2] Iters:[8040/20018] transplant_loss 2.3897, rec_loss 0.0234, p_loss 0.1827, quant_error 0.2113, utilization 1.0000, perplexity 234.5192,
Train Epoch: [2/2] Iters:[8050/20018] transplant_loss 2.4087, rec_loss 0.0236, p_loss 0.1833, quant_error 0.2138, utilization 1.0000, perplexity 235.2567,
Train Epoch: [2/2] Iters:[8060/20018] transplant_loss 2.4168, rec_loss 0.0240, p_loss 0.1843, quant_error 0.2143, utilization 1.0000, perplexity 235.3362,
Train Epoch: [2/2] Iters:[8070/20018] transplant_loss 2.4105, rec_loss 0.0242, p_loss 0.1844, quant_error 0.2127, utilization 1.0000, perplexity 235.0539,
Train Epoch: [2/2] Iters:[8080/20018] transplant_loss 2.3963, rec_loss 0.0238, p_loss 0.1840, quant_error 0.2110, utilization 1.0000, perplexity 234.9730,
Train Epoch: [2/2] Iters:[8090/20018] transplant_loss 2.3982, rec_loss 0.0238, p_loss 0.1841, quant_error 0.2114, utilization 1.0000, perplexity 235.3462,
Train Epoch: [2/2] Iters:[8100/20018] transplant_loss 2.3757, rec_loss 0.0237, p_loss 0.1843, quant_error 0.2086, utilization 1.0000, perplexity 234.7350,
Train Epoch: [2/2] Iters:[8110/20018] transplant_loss 2.3681, rec_loss 0.0233, p_loss 0.1834, quant_error 0.2082, utilization 1.0000, perplexity 234.6863,
Train Epoch: [2/2] Iters:[8120/20018] transplant_loss 2.3641, rec_loss 0.0230, p_loss 0.1827, quant_error 0.2081, utilization 1.0000, perplexity 234.8243,
Train Epoch: [2/2] Iters:[8130/20018] transplant_loss 2.3797, rec_loss 0.0234, p_loss 0.1829, quant_error 0.2102, utilization 1.0000, perplexity 234.7930,
Train Epoch: [2/2] Iters:[8140/20018] transplant_loss 2.3662, rec_loss 0.0232, p_loss 0.1818, quant_error 0.2087, utilization 1.0000, perplexity 234.3199,
Train Epoch: [2/2] Iters:[8150/20018] transplant_loss 2.3636, rec_loss 0.0229, p_loss 0.1806, quant_error 0.2082, utilization 1.0000, perplexity 234.4764,
Train Epoch: [2/2] Iters:[8160/20018] transplant_loss 2.3675, rec_loss 0.0230, p_loss 0.1810, quant_error 0.2085, utilization 1.0000, perplexity 234.4824,
Train Epoch: [2/2] Iters:[8170/20018] transplant_loss 2.3764, rec_loss 0.0231, p_loss 0.1816, quant_error 0.2096, utilization 1.0000, perplexity 234.4880,
Train Epoch: [2/2] Iters:[8180/20018] transplant_loss 2.3478, rec_loss 0.0224, p_loss 0.1793, quant_error 0.2065, utilization 1.0000, perplexity 233.9235,
Train Epoch: [2/2] Iters:[8190/20018] transplant_loss 2.3467, rec_loss 0.0227, p_loss 0.1802, quant_error 0.2057, utilization 1.0000, perplexity 233.8985,
Train Epoch: [2/2] Iters:[8200/20018] transplant_loss 2.3792, rec_loss 0.0233, p_loss 0.1819, quant_error 0.2097, utilization 1.0000, perplexity 234.4574,
Train Epoch: [2/2] Iters:[8210/20018] transplant_loss 2.3769, rec_loss 0.0234, p_loss 0.1823, quant_error 0.2092, utilization 1.0000, perplexity 234.4803,
Train Epoch: [2/2] Iters:[8220/20018] transplant_loss 2.3804, rec_loss 0.0235, p_loss 0.1819, quant_error 0.2095, utilization 1.0000, perplexity 234.3777,
Train Epoch: [2/2] Iters:[8230/20018] transplant_loss 2.3948, rec_loss 0.0238, p_loss 0.1825, quant_error 0.2112, utilization 1.0000, perplexity 234.7119,
Train Epoch: [2/2] Iters:[8240/20018] transplant_loss 2.3911, rec_loss 0.0237, p_loss 0.1829, quant_error 0.2107, utilization 1.0000, perplexity 234.7023,
Train Epoch: [2/2] Iters:[8250/20018] transplant_loss 2.3809, rec_loss 0.0238, p_loss 0.1825, quant_error 0.2096, utilization 1.0000, perplexity 234.6046,
Train Epoch: [2/2] Iters:[8260/20018] transplant_loss 2.3747, rec_loss 0.0233, p_loss 0.1812, quant_error 0.2091, utilization 1.0000, perplexity 234.5108,
Train Epoch: [2/2] Iters:[8270/20018] transplant_loss 2.3716, rec_loss 0.0234, p_loss 0.1814, quant_error 0.2087, utilization 1.0000, perplexity 234.7381,
Train Epoch: [2/2] Iters:[8280/20018] transplant_loss 2.3834, rec_loss 0.0237, p_loss 0.1833, quant_error 0.2099, utilization 1.0000, perplexity 235.0040,
Train Epoch: [2/2] Iters:[8290/20018] transplant_loss 2.4097, rec_loss 0.0239, p_loss 0.1835, quant_error 0.2138, utilization 1.0000, perplexity 235.2449,
Train Epoch: [2/2] Iters:[8300/20018] transplant_loss 2.3788, rec_loss 0.0234, p_loss 0.1828, quant_error 0.2098, utilization 1.0000, perplexity 234.5551,
Train Epoch: [2/2] Iters:[8310/20018] transplant_loss 2.3771, rec_loss 0.0234, p_loss 0.1830, quant_error 0.2096, utilization 1.0000, perplexity 234.4075,
Train Epoch: [2/2] Iters:[8320/20018] transplant_loss 2.3907, rec_loss 0.0237, p_loss 0.1838, quant_error 0.2112, utilization 1.0000, perplexity 234.6735,
Train Epoch: [2/2] Iters:[8330/20018] transplant_loss 2.3822, rec_loss 0.0234, p_loss 0.1827, quant_error 0.2103, utilization 1.0000, perplexity 234.7260,
Train Epoch: [2/2] Iters:[8340/20018] transplant_loss 2.3713, rec_loss 0.0237, p_loss 0.1824, quant_error 0.2084, utilization 1.0000, perplexity 234.6813,
Train Epoch: [2/2] Iters:[8350/20018] transplant_loss 2.4281, rec_loss 0.0244, p_loss 0.1833, quant_error 0.2153, utilization 1.0000, perplexity 235.7901,
Train Epoch: [2/2] Iters:[8360/20018] transplant_loss 2.4244, rec_loss 0.0245, p_loss 0.1834, quant_error 0.2148, utilization 1.0000, perplexity 236.0870,
Train Epoch: [2/2] Iters:[8370/20018] transplant_loss 2.3991, rec_loss 0.0238, p_loss 0.1820, quant_error 0.2119, utilization 1.0000, perplexity 236.0111,
Train Epoch: [2/2] Iters:[8380/20018] transplant_loss 2.4013, rec_loss 0.0239, p_loss 0.1823, quant_error 0.2121, utilization 1.0000, perplexity 236.1009,
Train Epoch: [2/2] Iters:[8390/20018] transplant_loss 2.3996, rec_loss 0.0237, p_loss 0.1829, quant_error 0.2119, utilization 1.0000, perplexity 236.2445,
Train Epoch: [2/2] Iters:[8400/20018] transplant_loss 2.3628, rec_loss 0.0231, p_loss 0.1818, quant_error 0.2078, utilization 1.0000, perplexity 235.1780,
Train Epoch: [2/2] Iters:[8410/20018] transplant_loss 2.3554, rec_loss 0.0230, p_loss 0.1809, quant_error 0.2072, utilization 1.0000, perplexity 234.7344,
Train Epoch: [2/2] Iters:[8420/20018] transplant_loss 2.3698, rec_loss 0.0232, p_loss 0.1826, quant_error 0.2091, utilization 1.0000, perplexity 235.0342,
Train Epoch: [2/2] Iters:[8430/20018] transplant_loss 2.3625, rec_loss 0.0230, p_loss 0.1818, quant_error 0.2082, utilization 1.0000, perplexity 234.8531,
Train Epoch: [2/2] Iters:[8440/20018] transplant_loss 2.3646, rec_loss 0.0227, p_loss 0.1815, quant_error 0.2089, utilization 1.0000, perplexity 234.8811,
Train Epoch: [2/2] Iters:[8450/20018] transplant_loss 2.3701, rec_loss 0.0228, p_loss 0.1822, quant_error 0.2092, utilization 1.0000, perplexity 235.3253,
Train Epoch: [2/2] Iters:[8460/20018] transplant_loss 2.3779, rec_loss 0.0226, p_loss 0.1822, quant_error 0.2103, utilization 1.0000, perplexity 235.4627,
Train Epoch: [2/2] Iters:[8470/20018] transplant_loss 2.3682, rec_loss 0.0226, p_loss 0.1816, quant_error 0.2089, utilization 1.0000, perplexity 234.7750,
Train Epoch: [2/2] Iters:[8480/20018] transplant_loss 2.3835, rec_loss 0.0231, p_loss 0.1826, quant_error 0.2104, utilization 1.0000, perplexity 234.9818,
Train Epoch: [2/2] Iters:[8490/20018] transplant_loss 2.3828, rec_loss 0.0233, p_loss 0.1821, quant_error 0.2104, utilization 1.0000, perplexity 234.8491,
Train Epoch: [2/2] Iters:[8500/20018] transplant_loss 2.3889, rec_loss 0.0235, p_loss 0.1832, quant_error 0.2111, utilization 1.0000, perplexity 235.0982,
Train Epoch: [2/2] Iters:[8510/20018] transplant_loss 2.3991, rec_loss 0.0238, p_loss 0.1840, quant_error 0.2120, utilization 1.0000, perplexity 235.5048,
Train Epoch: [2/2] Iters:[8520/20018] transplant_loss 2.4013, rec_loss 0.0237, p_loss 0.1834, quant_error 0.2123, utilization 1.0000, perplexity 236.0118,
Train Epoch: [2/2] Iters:[8530/20018] transplant_loss 2.3850, rec_loss 0.0233, p_loss 0.1828, quant_error 0.2105, utilization 1.0000, perplexity 235.7028,
Train Epoch: [2/2] Iters:[8540/20018] transplant_loss 2.3615, rec_loss 0.0230, p_loss 0.1819, quant_error 0.2072, utilization 1.0000, perplexity 235.4478,
Train Epoch: [2/2] Iters:[8550/20018] transplant_loss 2.3460, rec_loss 0.0227, p_loss 0.1810, quant_error 0.2055, utilization 1.0000, perplexity 235.0619,
Train Epoch: [2/2] Iters:[8560/20018] transplant_loss 2.3449, rec_loss 0.0230, p_loss 0.1819, quant_error 0.2052, utilization 1.0000, perplexity 235.0837,
Train Epoch: [2/2] Iters:[8570/20018] transplant_loss 2.3452, rec_loss 0.0230, p_loss 0.1824, quant_error 0.2056, utilization 1.0000, perplexity 234.9222,
Train Epoch: [2/2] Iters:[8580/20018] transplant_loss 2.3443, rec_loss 0.0230, p_loss 0.1818, quant_error 0.2060, utilization 1.0000, perplexity 234.7396,
Train Epoch: [2/2] Iters:[8590/20018] transplant_loss 2.3697, rec_loss 0.0231, p_loss 0.1832, quant_error 0.2093, utilization 1.0000, perplexity 234.9685,
Train Epoch: [2/2] Iters:[8600/20018] transplant_loss 2.3820, rec_loss 0.0232, p_loss 0.1831, quant_error 0.2109, utilization 1.0000, perplexity 235.2479,
Train Epoch: [2/2] Iters:[8610/20018] transplant_loss 2.3787, rec_loss 0.0231, p_loss 0.1822, quant_error 0.2106, utilization 1.0000, perplexity 234.7868,
Train Epoch: [2/2] Iters:[8620/20018] transplant_loss 2.3653, rec_loss 0.0232, p_loss 0.1823, quant_error 0.2083, utilization 1.0000, perplexity 235.0625,
Train Epoch: [2/2] Iters:[8630/20018] transplant_loss 2.3696, rec_loss 0.0232, p_loss 0.1829, quant_error 0.2087, utilization 1.0000, perplexity 234.9947,
Train Epoch: [2/2] Iters:[8640/20018] transplant_loss 2.3518, rec_loss 0.0229, p_loss 0.1819, quant_error 0.2066, utilization 1.0000, perplexity 234.3974,
Train Epoch: [2/2] Iters:[8650/20018] transplant_loss 2.3417, rec_loss 0.0231, p_loss 0.1828, quant_error 0.2048, utilization 1.0000, perplexity 234.3127,
Train Epoch: [2/2] Iters:[8660/20018] transplant_loss 2.3410, rec_loss 0.0228, p_loss 0.1831, quant_error 0.2048, utilization 1.0000, perplexity 234.7214,
Train Epoch: [2/2] Iters:[8670/20018] transplant_loss 2.3732, rec_loss 0.0232, p_loss 0.1833, quant_error 0.2089, utilization 1.0000, perplexity 234.9561,
Train Epoch: [2/2] Iters:[8680/20018] transplant_loss 2.3790, rec_loss 0.0232, p_loss 0.1831, quant_error 0.2095, utilization 1.0000, perplexity 235.1879,
Train Epoch: [2/2] Iters:[8690/20018] transplant_loss 2.4067, rec_loss 0.0237, p_loss 0.1842, quant_error 0.2128, utilization 1.0000, perplexity 235.7829,
Train Epoch: [2/2] Iters:[8700/20018] transplant_loss 2.4141, rec_loss 0.0236, p_loss 0.1831, quant_error 0.2140, utilization 1.0000, perplexity 235.6859,
Train Epoch: [2/2] Iters:[8710/20018] transplant_loss 2.4276, rec_loss 0.0240, p_loss 0.1839, quant_error 0.2156, utilization 1.0000, perplexity 235.4751,
Train Epoch: [2/2] Iters:[8720/20018] transplant_loss 2.4010, rec_loss 0.0239, p_loss 0.1837, quant_error 0.2122, utilization 1.0000, perplexity 234.9375,
Train Epoch: [2/2] Iters:[8730/20018] transplant_loss 2.4011, rec_loss 0.0239, p_loss 0.1845, quant_error 0.2124, utilization 1.0000, perplexity 234.6087,
Train Epoch: [2/2] Iters:[8740/20018] transplant_loss 2.3755, rec_loss 0.0236, p_loss 0.1839, quant_error 0.2091, utilization 1.0000, perplexity 234.5554,
Train Epoch: [2/2] Iters:[8750/20018] transplant_loss 2.3694, rec_loss 0.0237, p_loss 0.1843, quant_error 0.2084, utilization 1.0000, perplexity 234.5814,
Train Epoch: [2/2] Iters:[8760/20018] transplant_loss 2.3601, rec_loss 0.0233, p_loss 0.1830, quant_error 0.2075, utilization 1.0000, perplexity 234.8558,
Train Epoch: [2/2] Iters:[8770/20018] transplant_loss 2.3717, rec_loss 0.0233, p_loss 0.1835, quant_error 0.2089, utilization 1.0000, perplexity 234.8372,
Train Epoch: [2/2] Iters:[8780/20018] transplant_loss 2.3671, rec_loss 0.0233, p_loss 0.1833, quant_error 0.2079, utilization 1.0000, perplexity 235.2554,
Train Epoch: [2/2] Iters:[8790/20018] transplant_loss 2.3735, rec_loss 0.0236, p_loss 0.1835, quant_error 0.2083, utilization 1.0000, perplexity 235.1014,
Train Epoch: [2/2] Iters:[8800/20018] transplant_loss 2.3880, rec_loss 0.0236, p_loss 0.1836, quant_error 0.2101, utilization 1.0000, perplexity 234.5611,
Train Epoch: [2/2] Iters:[8810/20018] transplant_loss 2.3709, rec_loss 0.0236, p_loss 0.1829, quant_error 0.2075, utilization 1.0000, perplexity 233.9088,
Train Epoch: [2/2] Iters:[8820/20018] transplant_loss 2.3759, rec_loss 0.0238, p_loss 0.1821, quant_error 0.2082, utilization 1.0000, perplexity 233.7657,
Train Epoch: [2/2] Iters:[8830/20018] transplant_loss 2.3886, rec_loss 0.0239, p_loss 0.1829, quant_error 0.2097, utilization 1.0000, perplexity 234.1367,
Train Epoch: [2/2] Iters:[8840/20018] transplant_loss 2.3884, rec_loss 0.0237, p_loss 0.1831, quant_error 0.2099, utilization 1.0000, perplexity 234.4045,
Train Epoch: [2/2] Iters:[8850/20018] transplant_loss 2.3847, rec_loss 0.0235, p_loss 0.1824, quant_error 0.2095, utilization 1.0000, perplexity 235.2211,
Train Epoch: [2/2] Iters:[8860/20018] transplant_loss 2.3994, rec_loss 0.0238, p_loss 0.1831, quant_error 0.2114, utilization 1.0000, perplexity 235.5427,
Train Epoch: [2/2] Iters:[8870/20018] transplant_loss 2.3812, rec_loss 0.0233, p_loss 0.1822, quant_error 0.2094, utilization 1.0000, perplexity 235.6296,
Train Epoch: [2/2] Iters:[8880/20018] transplant_loss 2.3686, rec_loss 0.0234, p_loss 0.1808, quant_error 0.2080, utilization 1.0000, perplexity 234.8728,
Train Epoch: [2/2] Iters:[8890/20018] transplant_loss 2.3631, rec_loss 0.0233, p_loss 0.1809, quant_error 0.2074, utilization 1.0000, perplexity 234.7322,
Train Epoch: [2/2] Iters:[8900/20018] transplant_loss 2.3509, rec_loss 0.0234, p_loss 0.1812, quant_error 0.2057, utilization 1.0000, perplexity 234.4127,
Train Epoch: [2/2] Iters:[8910/20018] transplant_loss 2.3421, rec_loss 0.0231, p_loss 0.1811, quant_error 0.2046, utilization 1.0000, perplexity 234.3543,
Train Epoch: [2/2] Iters:[8920/20018] transplant_loss 2.3526, rec_loss 0.0234, p_loss 0.1822, quant_error 0.2055, utilization 1.0000, perplexity 234.3972,
Train Epoch: [2/2] Iters:[8930/20018] transplant_loss 2.3416, rec_loss 0.0231, p_loss 0.1825, quant_error 0.2041, utilization 1.0000, perplexity 234.9937,
Train Epoch: [2/2] Iters:[8940/20018] transplant_loss 2.3402, rec_loss 0.0230, p_loss 0.1825, quant_error 0.2040, utilization 1.0000, perplexity 234.9802,
Train Epoch: [2/2] Iters:[8950/20018] transplant_loss 2.3497, rec_loss 0.0231, p_loss 0.1825, quant_error 0.2055, utilization 1.0000, perplexity 234.9552,
Train Epoch: [2/2] Iters:[8960/20018] transplant_loss 2.3527, rec_loss 0.0231, p_loss 0.1834, quant_error 0.2057, utilization 1.0000, perplexity 235.2090,
Train Epoch: [2/2] Iters:[8970/20018] transplant_loss 2.3699, rec_loss 0.0236, p_loss 0.1837, quant_error 0.2078, utilization 1.0000, perplexity 235.4152,
Train Epoch: [2/2] Iters:[8980/20018] transplant_loss 2.3851, rec_loss 0.0239, p_loss 0.1845, quant_error 0.2099, utilization 1.0000, perplexity 235.3532,
Train Epoch: [2/2] Iters:[8990/20018] transplant_loss 2.4033, rec_loss 0.0241, p_loss 0.1845, quant_error 0.2119, utilization 1.0000, perplexity 235.5298,
Train Epoch: [2/2] Iters:[9000/20018] transplant_loss 2.4168, rec_loss 0.0244, p_loss 0.1858, quant_error 0.2132, utilization 1.0000, perplexity 235.5752,
Train Epoch: [2/2] Iters:[9010/20018] transplant_loss 2.4346, rec_loss 0.0247, p_loss 0.1858, quant_error 0.2155, utilization 1.0000, perplexity 235.6159,
Train Epoch: [2/2] Iters:[9020/20018] transplant_loss 2.4108, rec_loss 0.0240, p_loss 0.1849, quant_error 0.2128, utilization 1.0000, perplexity 235.3769,
Train Epoch: [2/2] Iters:[9030/20018] transplant_loss 2.4015, rec_loss 0.0238, p_loss 0.1846, quant_error 0.2115, utilization 1.0000, perplexity 234.9019,
Train Epoch: [2/2] Iters:[9040/20018] transplant_loss 2.3956, rec_loss 0.0240, p_loss 0.1855, quant_error 0.2108, utilization 1.0000, perplexity 235.0697,
Train Epoch: [2/2] Iters:[9050/20018] transplant_loss 2.3885, rec_loss 0.0235, p_loss 0.1844, quant_error 0.2105, utilization 1.0000, perplexity 235.1171,
Train Epoch: [2/2] Iters:[9060/20018] transplant_loss 2.3787, rec_loss 0.0237, p_loss 0.1844, quant_error 0.2093, utilization 1.0000, perplexity 234.8371,
Train Epoch: [2/2] Iters:[9070/20018] transplant_loss 2.3904, rec_loss 0.0243, p_loss 0.1857, quant_error 0.2105, utilization 1.0000, perplexity 234.9697,
Train Epoch: [2/2] Iters:[9080/20018] transplant_loss 2.4081, rec_loss 0.0245, p_loss 0.1859, quant_error 0.2128, utilization 1.0000, perplexity 235.2979,
Train Epoch: [2/2] Iters:[9090/20018] transplant_loss 2.4165, rec_loss 0.0244, p_loss 0.1854, quant_error 0.2140, utilization 1.0000, perplexity 235.3253,
Train Epoch: [2/2] Iters:[9100/20018] transplant_loss 2.4126, rec_loss 0.0245, p_loss 0.1855, quant_error 0.2131, utilization 1.0000, perplexity 235.6808,
Train Epoch: [2/2] Iters:[9110/20018] transplant_loss 2.4206, rec_loss 0.0242, p_loss 0.1851, quant_error 0.2142, utilization 1.0000, perplexity 235.9594,
Train Epoch: [2/2] Iters:[9120/20018] transplant_loss 2.4130, rec_loss 0.0238, p_loss 0.1842, quant_error 0.2133, utilization 1.0000, perplexity 235.6760,
Train Epoch: [2/2] Iters:[9130/20018] transplant_loss 2.4051, rec_loss 0.0240, p_loss 0.1844, quant_error 0.2121, utilization 1.0000, perplexity 235.4838,
Train Epoch: [2/2] Iters:[9140/20018] transplant_loss 2.3922, rec_loss 0.0238, p_loss 0.1842, quant_error 0.2104, utilization 1.0000, perplexity 235.1891,
Train Epoch: [2/2] Iters:[9150/20018] transplant_loss 2.4027, rec_loss 0.0240, p_loss 0.1845, quant_error 0.2119, utilization 1.0000, perplexity 234.4843,
Train Epoch: [2/2] Iters:[9160/20018] transplant_loss 2.3927, rec_loss 0.0238, p_loss 0.1844, quant_error 0.2108, utilization 1.0000, perplexity 234.2492,
Train Epoch: [2/2] Iters:[9170/20018] transplant_loss 2.3934, rec_loss 0.0238, p_loss 0.1845, quant_error 0.2111, utilization 1.0000, perplexity 234.4660,
Train Epoch: [2/2] Iters:[9180/20018] transplant_loss 2.3846, rec_loss 0.0236, p_loss 0.1834, quant_error 0.2102, utilization 1.0000, perplexity 234.1227,
Train Epoch: [2/2] Iters:[9190/20018] transplant_loss 2.4073, rec_loss 0.0240, p_loss 0.1838, quant_error 0.2127, utilization 1.0000, perplexity 234.4526,
Train Epoch: [2/2] Iters:[9200/20018] transplant_loss 2.4297, rec_loss 0.0242, p_loss 0.1836, quant_error 0.2155, utilization 1.0000, perplexity 235.5562,
Train Epoch: [2/2] Iters:[9210/20018] transplant_loss 2.4310, rec_loss 0.0243, p_loss 0.1838, quant_error 0.2157, utilization 1.0000, perplexity 235.6510,
Train Epoch: [2/2] Iters:[9220/20018] transplant_loss 2.4334, rec_loss 0.0246, p_loss 0.1837, quant_error 0.2158, utilization 1.0000, perplexity 235.9790,
Train Epoch: [2/2] Iters:[9230/20018] transplant_loss 2.4339, rec_loss 0.0246, p_loss 0.1842, quant_error 0.2159, utilization 1.0000, perplexity 236.3933,
Train Epoch: [2/2] Iters:[9240/20018] transplant_loss 2.4182, rec_loss 0.0241, p_loss 0.1832, quant_error 0.2143, utilization 1.0000, perplexity 236.2282,
Train Epoch: [2/2] Iters:[9250/20018] transplant_loss 2.3804, rec_loss 0.0237, p_loss 0.1821, quant_error 0.2096, utilization 1.0000, perplexity 235.3134,
Train Epoch: [2/2] Iters:[9260/20018] transplant_loss 2.3761, rec_loss 0.0236, p_loss 0.1815, quant_error 0.2088, utilization 1.0000, perplexity 234.9211,
Train Epoch: [2/2] Iters:[9270/20018] transplant_loss 2.3710, rec_loss 0.0232, p_loss 0.1810, quant_error 0.2083, utilization 1.0000, perplexity 234.5761,
Train Epoch: [2/2] Iters:[9280/20018] transplant_loss 2.3798, rec_loss 0.0231, p_loss 0.1817, quant_error 0.2096, utilization 1.0000, perplexity 234.9342,
Train Epoch: [2/2] Iters:[9290/20018] transplant_loss 2.3712, rec_loss 0.0230, p_loss 0.1822, quant_error 0.2087, utilization 1.0000, perplexity 234.9541,
Train Epoch: [2/2] Iters:[9300/20018] transplant_loss 2.3826, rec_loss 0.0233, p_loss 0.1836, quant_error 0.2101, utilization 1.0000, perplexity 235.3070,
Train Epoch: [2/2] Iters:[9310/20018] transplant_loss 2.3933, rec_loss 0.0235, p_loss 0.1842, quant_error 0.2119, utilization 1.0000, perplexity 235.5019,
Train Epoch: [2/2] Iters:[9320/20018] transplant_loss 2.3893, rec_loss 0.0238, p_loss 0.1846, quant_error 0.2113, utilization 1.0000, perplexity 235.1323,
Train Epoch: [2/2] Iters:[9330/20018] transplant_loss 2.3798, rec_loss 0.0238, p_loss 0.1842, quant_error 0.2098, utilization 1.0000, perplexity 234.8837,
Train Epoch: [2/2] Iters:[9340/20018] transplant_loss 2.3621, rec_loss 0.0237, p_loss 0.1833, quant_error 0.2074, utilization 1.0000, perplexity 234.3992,
Train Epoch: [2/2] Iters:[9350/20018] transplant_loss 2.3596, rec_loss 0.0237, p_loss 0.1825, quant_error 0.2069, utilization 1.0000, perplexity 233.7490,
Train Epoch: [2/2] Iters:[9360/20018] transplant_loss 2.3646, rec_loss 0.0238, p_loss 0.1824, quant_error 0.2071, utilization 1.0000, perplexity 234.0408,
Train Epoch: [2/2] Iters:[9370/20018] transplant_loss 2.3746, rec_loss 0.0236, p_loss 0.1822, quant_error 0.2085, utilization 1.0000, perplexity 234.6550,
Train Epoch: [2/2] Iters:[9380/20018] transplant_loss 2.3737, rec_loss 0.0235, p_loss 0.1813, quant_error 0.2086, utilization 1.0000, perplexity 234.1381,
Train Epoch: [2/2] Iters:[9390/20018] transplant_loss 2.3891, rec_loss 0.0238, p_loss 0.1822, quant_error 0.2106, utilization 1.0000, perplexity 234.4485,
Train Epoch: [2/2] Iters:[9400/20018] transplant_loss 2.3806, rec_loss 0.0234, p_loss 0.1819, quant_error 0.2102, utilization 1.0000, perplexity 234.9087,
Train Epoch: [2/2] Iters:[9410/20018] transplant_loss 2.3707, rec_loss 0.0232, p_loss 0.1814, quant_error 0.2091, utilization 1.0000, perplexity 234.8254,
Train Epoch: [2/2] Iters:[9420/20018] transplant_loss 2.3944, rec_loss 0.0237, p_loss 0.1814, quant_error 0.2120, utilization 1.0000, perplexity 234.9551,
Train Epoch: [2/2] Iters:[9430/20018] transplant_loss 2.3952, rec_loss 0.0237, p_loss 0.1817, quant_error 0.2117, utilization 1.0000, perplexity 235.4812,
Train Epoch: [2/2] Iters:[9440/20018] transplant_loss 2.4084, rec_loss 0.0237, p_loss 0.1809, quant_error 0.2133, utilization 1.0000, perplexity 235.3242,
Train Epoch: [2/2] Iters:[9450/20018] transplant_loss 2.4177, rec_loss 0.0242, p_loss 0.1818, quant_error 0.2136, utilization 1.0000, perplexity 235.5837,
Train Epoch: [2/2] Iters:[9460/20018] transplant_loss 2.4032, rec_loss 0.0240, p_loss 0.1812, quant_error 0.2117, utilization 1.0000, perplexity 235.0665,
Train Epoch: [2/2] Iters:[9470/20018] transplant_loss 2.3802, rec_loss 0.0237, p_loss 0.1815, quant_error 0.2089, utilization 1.0000, perplexity 234.7687,
Train Epoch: [2/2] Iters:[9480/20018] transplant_loss 2.3835, rec_loss 0.0237, p_loss 0.1827, quant_error 0.2096, utilization 1.0000, perplexity 235.0124,
Train Epoch: [2/2] Iters:[9490/20018] transplant_loss 2.3837, rec_loss 0.0239, p_loss 0.1835, quant_error 0.2095, utilization 1.0000, perplexity 235.2916,
Train Epoch: [2/2] Iters:[9500/20018] transplant_loss 2.3777, rec_loss 0.0237, p_loss 0.1831, quant_error 0.2089, utilization 1.0000, perplexity 234.5964,
Train Epoch: [2/2] Iters:[9510/20018] transplant_loss 2.3781, rec_loss 0.0237, p_loss 0.1838, quant_error 0.2093, utilization 1.0000, perplexity 234.7148,
Train Epoch: [2/2] Iters:[9520/20018] transplant_loss 2.3765, rec_loss 0.0239, p_loss 0.1841, quant_error 0.2085, utilization 1.0000, perplexity 234.7278,
Train Epoch: [2/2] Iters:[9530/20018] transplant_loss 2.3812, rec_loss 0.0241, p_loss 0.1831, quant_error 0.2090, utilization 1.0000, perplexity 234.0504,
Train Epoch: [2/2] Iters:[9540/20018] transplant_loss 2.3680, rec_loss 0.0237, p_loss 0.1820, quant_error 0.2077, utilization 1.0000, perplexity 233.5224,
Train Epoch: [2/2] Iters:[9550/20018] transplant_loss 2.3552, rec_loss 0.0236, p_loss 0.1824, quant_error 0.2060, utilization 1.0000, perplexity 233.8032,
Train Epoch: [2/2] Iters:[9560/20018] transplant_loss 2.3735, rec_loss 0.0240, p_loss 0.1829, quant_error 0.2080, utilization 1.0000, perplexity 234.0187,
Train Epoch: [2/2] Iters:[9570/20018] transplant_loss 2.3797, rec_loss 0.0238, p_loss 0.1815, quant_error 0.2093, utilization 1.0000, perplexity 233.8380,
Train Epoch: [2/2] Iters:[9580/20018] transplant_loss 2.3570, rec_loss 0.0234, p_loss 0.1817, quant_error 0.2064, utilization 1.0000, perplexity 234.1977,
Train Epoch: [2/2] Iters:[9590/20018] transplant_loss 2.3779, rec_loss 0.0237, p_loss 0.1835, quant_error 0.2088, utilization 1.0000, perplexity 234.7272,
Train Epoch: [2/2] Iters:[9600/20018] transplant_loss 2.3961, rec_loss 0.0236, p_loss 0.1835, quant_error 0.2111, utilization 1.0000, perplexity 234.8723,
Train Epoch: [2/2] Iters:[9610/20018] transplant_loss 2.3670, rec_loss 0.0231, p_loss 0.1831, quant_error 0.2075, utilization 1.0000, perplexity 235.0602,
Train Epoch: [2/2] Iters:[9620/20018] transplant_loss 2.3736, rec_loss 0.0232, p_loss 0.1852, quant_error 0.2081, utilization 1.0000, perplexity 235.5862,
Train Epoch: [2/2] Iters:[9630/20018] transplant_loss 2.3941, rec_loss 0.0236, p_loss 0.1856, quant_error 0.2107, utilization 1.0000, perplexity 235.7633,
Train Epoch: [2/2] Iters:[9640/20018] transplant_loss 2.3810, rec_loss 0.0236, p_loss 0.1847, quant_error 0.2087, utilization 1.0000, perplexity 235.8911,
Train Epoch: [2/2] Iters:[9650/20018] transplant_loss 2.3642, rec_loss 0.0235, p_loss 0.1841, quant_error 0.2069, utilization 1.0000, perplexity 235.7870,
Train Epoch: [2/2] Iters:[9660/20018] transplant_loss 2.3804, rec_loss 0.0237, p_loss 0.1835, quant_error 0.2088, utilization 1.0000, perplexity 235.8932,
Train Epoch: [2/2] Iters:[9670/20018] transplant_loss 2.3791, rec_loss 0.0235, p_loss 0.1834, quant_error 0.2086, utilization 1.0000, perplexity 235.5986,
Train Epoch: [2/2] Iters:[9680/20018] transplant_loss 2.3722, rec_loss 0.0234, p_loss 0.1830, quant_error 0.2076, utilization 1.0000, perplexity 235.6090,
Train Epoch: [2/2] Iters:[9690/20018] transplant_loss 2.3697, rec_loss 0.0231, p_loss 0.1825, quant_error 0.2078, utilization 1.0000, perplexity 235.1956,
Train Epoch: [2/2] Iters:[9700/20018] transplant_loss 2.3656, rec_loss 0.0231, p_loss 0.1818, quant_error 0.2071, utilization 1.0000, perplexity 234.5976,
Train Epoch: [2/2] Iters:[9710/20018] transplant_loss 2.3767, rec_loss 0.0234, p_loss 0.1825, quant_error 0.2084, utilization 1.0000, perplexity 234.4561,
Train Epoch: [2/2] Iters:[9720/20018] transplant_loss 2.3871, rec_loss 0.0237, p_loss 0.1825, quant_error 0.2097, utilization 1.0000, perplexity 234.9569,
Train Epoch: [2/2] Iters:[9730/20018] transplant_loss 2.3833, rec_loss 0.0236, p_loss 0.1827, quant_error 0.2094, utilization 1.0000, perplexity 234.7992,
Train Epoch: [2/2] Iters:[9740/20018] transplant_loss 2.3936, rec_loss 0.0241, p_loss 0.1831, quant_error 0.2102, utilization 1.0000, perplexity 235.0481,
Train Epoch: [2/2] Iters:[9750/20018] transplant_loss 2.4001, rec_loss 0.0241, p_loss 0.1837, quant_error 0.2108, utilization 1.0000, perplexity 235.4260,
Train Epoch: [2/2] Iters:[9760/20018] transplant_loss 2.3771, rec_loss 0.0236, p_loss 0.1825, quant_error 0.2084, utilization 1.0000, perplexity 235.1499,
Train Epoch: [2/2] Iters:[9770/20018] transplant_loss 2.3316, rec_loss 0.0229, p_loss 0.1803, quant_error 0.2033, utilization 1.0000, perplexity 234.1058,
Train Epoch: [2/2] Iters:[9780/20018] transplant_loss 2.3383, rec_loss 0.0229, p_loss 0.1809, quant_error 0.2041, utilization 1.0000, perplexity 234.4811,
Train Epoch: [2/2] Iters:[9790/20018] transplant_loss 2.3339, rec_loss 0.0228, p_loss 0.1808, quant_error 0.2037, utilization 1.0000, perplexity 234.4890,
Train Epoch: [2/2] Iters:[9800/20018] transplant_loss 2.3446, rec_loss 0.0230, p_loss 0.1814, quant_error 0.2052, utilization 1.0000, perplexity 234.8735,
Train Epoch: [2/2] Iters:[9810/20018] transplant_loss 2.3781, rec_loss 0.0238, p_loss 0.1831, quant_error 0.2091, utilization 1.0000, perplexity 235.0671,
Train Epoch: [2/2] Iters:[9820/20018] transplant_loss 2.4051, rec_loss 0.0243, p_loss 0.1838, quant_error 0.2121, utilization 1.0000, perplexity 235.3333,
Train Epoch: [2/2] Iters:[9830/20018] transplant_loss 2.4085, rec_loss 0.0243, p_loss 0.1833, quant_error 0.2127, utilization 1.0000, perplexity 234.9284,
Train Epoch: [2/2] Iters:[9840/20018] transplant_loss 2.3996, rec_loss 0.0241, p_loss 0.1835, quant_error 0.2117, utilization 1.0000, perplexity 234.8848,
Train Epoch: [2/2] Iters:[9850/20018] transplant_loss 2.3981, rec_loss 0.0242, p_loss 0.1831, quant_error 0.2116, utilization 1.0000, perplexity 234.7059,
Train Epoch: [2/2] Iters:[9860/20018] transplant_loss 2.3998, rec_loss 0.0238, p_loss 0.1833, quant_error 0.2118, utilization 1.0000, perplexity 235.2091,
Train Epoch: [2/2] Iters:[9870/20018] transplant_loss 2.3921, rec_loss 0.0234, p_loss 0.1832, quant_error 0.2108, utilization 1.0000, perplexity 235.5676,
Train Epoch: [2/2] Iters:[9880/20018] transplant_loss 2.3871, rec_loss 0.0234, p_loss 0.1826, quant_error 0.2101, utilization 1.0000, perplexity 235.5832,
Train Epoch: [2/2] Iters:[9890/20018] transplant_loss 2.3714, rec_loss 0.0232, p_loss 0.1810, quant_error 0.2085, utilization 1.0000, perplexity 235.3875,
Train Epoch: [2/2] Iters:[9900/20018] transplant_loss 2.3655, rec_loss 0.0230, p_loss 0.1811, quant_error 0.2077, utilization 1.0000, perplexity 235.5893,
Train Epoch: [2/2] Iters:[9910/20018] transplant_loss 2.3572, rec_loss 0.0230, p_loss 0.1803, quant_error 0.2068, utilization 1.0000, perplexity 235.0372,
Train Epoch: [2/2] Iters:[9920/20018] transplant_loss 2.3824, rec_loss 0.0237, p_loss 0.1815, quant_error 0.2098, utilization 1.0000, perplexity 235.0820,
Train Epoch: [2/2] Iters:[9930/20018] transplant_loss 2.3782, rec_loss 0.0237, p_loss 0.1816, quant_error 0.2092, utilization 1.0000, perplexity 234.6826,
Train Epoch: [2/2] Iters:[9940/20018] transplant_loss 2.3925, rec_loss 0.0240, p_loss 0.1838, quant_error 0.2107, utilization 1.0000, perplexity 234.7238,
Train Epoch: [2/2] Iters:[9950/20018] transplant_loss 2.3835, rec_loss 0.0238, p_loss 0.1826, quant_error 0.2096, utilization 1.0000, perplexity 234.3992,
Train Epoch: [2/2] Iters:[9960/20018] transplant_loss 2.3786, rec_loss 0.0238, p_loss 0.1829, quant_error 0.2088, utilization 1.0000, perplexity 234.7253,
Train Epoch: [2/2] Iters:[9970/20018] transplant_loss 2.3475, rec_loss 0.0233, p_loss 0.1824, quant_error 0.2052, utilization 1.0000, perplexity 234.4042,
Train Epoch: [2/2] Iters:[9980/20018] transplant_loss 2.3548, rec_loss 0.0231, p_loss 0.1820, quant_error 0.2065, utilization 1.0000, perplexity 234.8379,
Train Epoch: [2/2] Iters:[9990/20018] transplant_loss 2.3564, rec_loss 0.0232, p_loss 0.1816, quant_error 0.2064, utilization 1.0000, perplexity 235.2017,
Train Epoch: [2/2] Iters:[10000/20018] transplant_loss 2.3693, rec_loss 0.0233, p_loss 0.1821, quant_error 0.2081, utilization 1.0000, perplexity 235.0991,
Train Epoch: [2/2] Iters:[10010/20018] transplant_loss 2.3677, rec_loss 0.0235, p_loss 0.1827, quant_error 0.2079, utilization 1.0000, perplexity 234.6232,
Train Epoch: [2/2] Iters:[10020/20018] transplant_loss 2.3771, rec_loss 0.0235, p_loss 0.1819, quant_error 0.2089, utilization 1.0000, perplexity 234.6938,
Train Epoch: [2/2] Iters:[10030/20018] transplant_loss 2.3699, rec_loss 0.0237, p_loss 0.1817, quant_error 0.2075, utilization 1.0000, perplexity 234.3350,
Train Epoch: [2/2] Iters:[10040/20018] transplant_loss 2.3736, rec_loss 0.0235, p_loss 0.1807, quant_error 0.2083, utilization 1.0000, perplexity 233.5671,
Train Epoch: [2/2] Iters:[10050/20018] transplant_loss 2.3701, rec_loss 0.0235, p_loss 0.1818, quant_error 0.2078, utilization 1.0000, perplexity 234.0771,
Train Epoch: [2/2] Iters:[10060/20018] transplant_loss 2.4045, rec_loss 0.0237, p_loss 0.1832, quant_error 0.2123, utilization 1.0000, perplexity 234.7036,
Train Epoch: [2/2] Iters:[10070/20018] transplant_loss 2.4114, rec_loss 0.0237, p_loss 0.1840, quant_error 0.2131, utilization 1.0000, perplexity 234.6973,
Train Epoch: [2/2] Iters:[10080/20018] transplant_loss 2.4120, rec_loss 0.0237, p_loss 0.1853, quant_error 0.2133, utilization 1.0000, perplexity 235.0516,
Train Epoch: [2/2] Iters:[10090/20018] transplant_loss 2.4197, rec_loss 0.0239, p_loss 0.1867, quant_error 0.2144, utilization 1.0000, perplexity 235.8578,
Train Epoch: [2/2] Iters:[10100/20018] transplant_loss 2.4168, rec_loss 0.0237, p_loss 0.1861, quant_error 0.2141, utilization 1.0000, perplexity 235.9002,
Train Epoch: [2/2] Iters:[10110/20018] transplant_loss 2.3827, rec_loss 0.0234, p_loss 0.1841, quant_error 0.2099, utilization 1.0000, perplexity 235.3936,
Train Epoch: [2/2] Iters:[10120/20018] transplant_loss 2.3737, rec_loss 0.0234, p_loss 0.1836, quant_error 0.2093, utilization 1.0000, perplexity 235.1397,
Train Epoch: [2/2] Iters:[10130/20018] transplant_loss 2.3729, rec_loss 0.0231, p_loss 0.1822, quant_error 0.2098, utilization 1.0000, perplexity 235.1195,
Train Epoch: [2/2] Iters:[10140/20018] transplant_loss 2.3622, rec_loss 0.0228, p_loss 0.1812, quant_error 0.2083, utilization 1.0000, perplexity 234.6349,
Train Epoch: [2/2] Iters:[10150/20018] transplant_loss 2.3784, rec_loss 0.0230, p_loss 0.1813, quant_error 0.2111, utilization 1.0000, perplexity 234.5892,
Train Epoch: [2/2] Iters:[10160/20018] transplant_loss 2.3849, rec_loss 0.0230, p_loss 0.1807, quant_error 0.2119, utilization 1.0000, perplexity 234.6959,
Train Epoch: [2/2] Iters:[10170/20018] transplant_loss 2.3860, rec_loss 0.0230, p_loss 0.1812, quant_error 0.2117, utilization 1.0000, perplexity 235.3872,
Train Epoch: [2/2] Iters:[10180/20018] transplant_loss 2.4040, rec_loss 0.0236, p_loss 0.1829, quant_error 0.2134, utilization 1.0000, perplexity 235.3340,
Train Epoch: [2/2] Iters:[10190/20018] transplant_loss 2.4082, rec_loss 0.0240, p_loss 0.1839, quant_error 0.2137, utilization 1.0000, perplexity 235.4580,
Train Epoch: [2/2] Iters:[10200/20018] transplant_loss 2.3921, rec_loss 0.0239, p_loss 0.1835, quant_error 0.2107, utilization 1.0000, perplexity 235.2746,
Train Epoch: [2/2] Iters:[10210/20018] transplant_loss 2.3851, rec_loss 0.0239, p_loss 0.1840, quant_error 0.2097, utilization 1.0000, perplexity 235.3457,
Train Epoch: [2/2] Iters:[10220/20018] transplant_loss 2.3885, rec_loss 0.0240, p_loss 0.1834, quant_error 0.2102, utilization 1.0000, perplexity 235.0208,
Train Epoch: [2/2] Iters:[10230/20018] transplant_loss 2.3795, rec_loss 0.0236, p_loss 0.1820, quant_error 0.2094, utilization 1.0000, perplexity 235.2222,
Train Epoch: [2/2] Iters:[10240/20018] transplant_loss 2.3817, rec_loss 0.0233, p_loss 0.1817, quant_error 0.2097, utilization 1.0000, perplexity 235.4986,
Train Epoch: [2/2] Iters:[10250/20018] transplant_loss 2.4003, rec_loss 0.0237, p_loss 0.1831, quant_error 0.2117, utilization 1.0000, perplexity 235.7807,
Train Epoch: [2/2] Iters:[10260/20018] transplant_loss 2.4007, rec_loss 0.0236, p_loss 0.1833, quant_error 0.2117, utilization 1.0000, perplexity 235.7180,
Train Epoch: [2/2] Iters:[10270/20018] transplant_loss 2.4185, rec_loss 0.0241, p_loss 0.1847, quant_error 0.2135, utilization 1.0000, perplexity 235.6785,
Train Epoch: [2/2] Iters:[10280/20018] transplant_loss 2.4089, rec_loss 0.0242, p_loss 0.1853, quant_error 0.2120, utilization 1.0000, perplexity 235.3403,
Train Epoch: [2/2] Iters:[10290/20018] transplant_loss 2.4171, rec_loss 0.0244, p_loss 0.1853, quant_error 0.2131, utilization 1.0000, perplexity 235.2538,
Train Epoch: [2/2] Iters:[10300/20018] transplant_loss 2.4133, rec_loss 0.0241, p_loss 0.1837, quant_error 0.2130, utilization 1.0000, perplexity 234.9733,
Train Epoch: [2/2] Iters:[10310/20018] transplant_loss 2.4105, rec_loss 0.0241, p_loss 0.1833, quant_error 0.2127, utilization 1.0000, perplexity 235.2598,
Train Epoch: [2/2] Iters:[10320/20018] transplant_loss 2.3925, rec_loss 0.0234, p_loss 0.1823, quant_error 0.2111, utilization 1.0000, perplexity 235.3900,
Train Epoch: [2/2] Iters:[10330/20018] transplant_loss 2.4187, rec_loss 0.0237, p_loss 0.1829, quant_error 0.2145, utilization 1.0000, perplexity 235.9187,
Train Epoch: [2/2] Iters:[10340/20018] transplant_loss 2.4155, rec_loss 0.0236, p_loss 0.1822, quant_error 0.2139, utilization 1.0000, perplexity 235.8392,
Train Epoch: [2/2] Iters:[10350/20018] transplant_loss 2.4126, rec_loss 0.0237, p_loss 0.1832, quant_error 0.2134, utilization 1.0000, perplexity 235.9810,
Train Epoch: [2/2] Iters:[10360/20018] transplant_loss 2.4224, rec_loss 0.0239, p_loss 0.1835, quant_error 0.2145, utilization 1.0000, perplexity 235.6708,
Train Epoch: [2/2] Iters:[10370/20018] transplant_loss 2.4205, rec_loss 0.0241, p_loss 0.1839, quant_error 0.2140, utilization 1.0000, perplexity 235.3781,
Train Epoch: [2/2] Iters:[10380/20018] transplant_loss 2.4068, rec_loss 0.0242, p_loss 0.1841, quant_error 0.2119, utilization 1.0000, perplexity 234.6044,
Train Epoch: [2/2] Iters:[10390/20018] transplant_loss 2.4111, rec_loss 0.0242, p_loss 0.1848, quant_error 0.2129, utilization 1.0000, perplexity 235.0253,
Train Epoch: [2/2] Iters:[10400/20018] transplant_loss 2.3914, rec_loss 0.0239, p_loss 0.1847, quant_error 0.2104, utilization 1.0000, perplexity 235.0670,
Train Epoch: [2/2] Iters:[10410/20018] transplant_loss 2.3912, rec_loss 0.0238, p_loss 0.1853, quant_error 0.2107, utilization 1.0000, perplexity 235.2301,
Train Epoch: [2/2] Iters:[10420/20018] transplant_loss 2.3888, rec_loss 0.0236, p_loss 0.1841, quant_error 0.2104, utilization 1.0000, perplexity 234.9437,
Train Epoch: [2/2] Iters:[10430/20018] transplant_loss 2.3905, rec_loss 0.0233, p_loss 0.1835, quant_error 0.2109, utilization 1.0000, perplexity 235.7506,
Train Epoch: [2/2] Iters:[10440/20018] transplant_loss 2.3789, rec_loss 0.0231, p_loss 0.1829, quant_error 0.2093, utilization 1.0000, perplexity 235.0802,
Train Epoch: [2/2] Iters:[10450/20018] transplant_loss 2.4177, rec_loss 0.0235, p_loss 0.1827, quant_error 0.2143, utilization 1.0000, perplexity 235.3238,
Train Epoch: [2/2] Iters:[10460/20018] transplant_loss 2.3921, rec_loss 0.0232, p_loss 0.1811, quant_error 0.2111, utilization 1.0000, perplexity 234.8262,
Train Epoch: [2/2] Iters:[10470/20018] transplant_loss 2.3943, rec_loss 0.0233, p_loss 0.1814, quant_error 0.2114, utilization 1.0000, perplexity 235.2256,
Train Epoch: [2/2] Iters:[10480/20018] transplant_loss 2.3829, rec_loss 0.0232, p_loss 0.1807, quant_error 0.2100, utilization 1.0000, perplexity 235.1339,
Train Epoch: [2/2] Iters:[10490/20018] transplant_loss 2.3844, rec_loss 0.0234, p_loss 0.1809, quant_error 0.2097, utilization 1.0000, perplexity 235.5249,
Train Epoch: [2/2] Iters:[10500/20018] transplant_loss 2.3660, rec_loss 0.0232, p_loss 0.1805, quant_error 0.2072, utilization 1.0000, perplexity 235.2266,
Train Epoch: [2/2] Iters:[10510/20018] transplant_loss 2.3736, rec_loss 0.0235, p_loss 0.1819, quant_error 0.2079, utilization 1.0000, perplexity 235.5785,
Train Epoch: [2/2] Iters:[10520/20018] transplant_loss 2.3629, rec_loss 0.0232, p_loss 0.1817, quant_error 0.2068, utilization 1.0000, perplexity 235.5860,
Train Epoch: [2/2] Iters:[10530/20018] transplant_loss 2.3697, rec_loss 0.0232, p_loss 0.1816, quant_error 0.2077, utilization 1.0000, perplexity 234.9062,
Train Epoch: [2/2] Iters:[10540/20018] transplant_loss 2.3622, rec_loss 0.0230, p_loss 0.1802, quant_error 0.2074, utilization 1.0000, perplexity 234.5063,
Train Epoch: [2/2] Iters:[10550/20018] transplant_loss 2.3527, rec_loss 0.0229, p_loss 0.1810, quant_error 0.2060, utilization 1.0000, perplexity 234.6169,
Train Epoch: [2/2] Iters:[10560/20018] transplant_loss 2.3559, rec_loss 0.0229, p_loss 0.1805, quant_error 0.2066, utilization 1.0000, perplexity 234.5268,
Train Epoch: [2/2] Iters:[10570/20018] transplant_loss 2.3417, rec_loss 0.0229, p_loss 0.1809, quant_error 0.2046, utilization 1.0000, perplexity 234.1579,
Train Epoch: [2/2] Iters:[10580/20018] transplant_loss 2.3577, rec_loss 0.0234, p_loss 0.1826, quant_error 0.2064, utilization 1.0000, perplexity 234.5578,
Train Epoch: [2/2] Iters:[10590/20018] transplant_loss 2.3481, rec_loss 0.0234, p_loss 0.1840, quant_error 0.2050, utilization 1.0000, perplexity 234.3354,
Train Epoch: [2/2] Iters:[10600/20018] transplant_loss 2.3743, rec_loss 0.0236, p_loss 0.1842, quant_error 0.2085, utilization 1.0000, perplexity 234.6756,
Train Epoch: [2/2] Iters:[10610/20018] transplant_loss 2.4019, rec_loss 0.0241, p_loss 0.1852, quant_error 0.2115, utilization 1.0000, perplexity 235.2364,
Train Epoch: [2/2] Iters:[10620/20018] transplant_loss 2.4361, rec_loss 0.0244, p_loss 0.1851, quant_error 0.2159, utilization 1.0000, perplexity 235.4173,
Train Epoch: [2/2] Iters:[10630/20018] transplant_loss 2.4171, rec_loss 0.0238, p_loss 0.1835, quant_error 0.2134, utilization 1.0000, perplexity 235.3362,
Train Epoch: [2/2] Iters:[10640/20018] transplant_loss 2.4450, rec_loss 0.0238, p_loss 0.1828, quant_error 0.2174, utilization 1.0000, perplexity 235.5529,
Train Epoch: [2/2] Iters:[10650/20018] transplant_loss 2.4234, rec_loss 0.0235, p_loss 0.1821, quant_error 0.2145, utilization 1.0000, perplexity 235.1126,
Train Epoch: [2/2] Iters:[10660/20018] transplant_loss 2.3841, rec_loss 0.0227, p_loss 0.1808, quant_error 0.2100, utilization 1.0000, perplexity 234.7778,
Train Epoch: [2/2] Iters:[10670/20018] transplant_loss 2.3694, rec_loss 0.0228, p_loss 0.1809, quant_error 0.2079, utilization 1.0000, perplexity 234.5506,
Train Epoch: [2/2] Iters:[10680/20018] transplant_loss 2.3790, rec_loss 0.0230, p_loss 0.1814, quant_error 0.2095, utilization 1.0000, perplexity 234.6676,
Train Epoch: [2/2] Iters:[10690/20018] transplant_loss 2.3719, rec_loss 0.0231, p_loss 0.1813, quant_error 0.2082, utilization 1.0000, perplexity 234.9628,
Train Epoch: [2/2] Iters:[10700/20018] transplant_loss 2.3791, rec_loss 0.0234, p_loss 0.1815, quant_error 0.2094, utilization 1.0000, perplexity 234.7437,
Train Epoch: [2/2] Iters:[10710/20018] transplant_loss 2.3917, rec_loss 0.0236, p_loss 0.1818, quant_error 0.2113, utilization 1.0000, perplexity 234.3616,
Train Epoch: [2/2] Iters:[10720/20018] transplant_loss 2.3880, rec_loss 0.0236, p_loss 0.1815, quant_error 0.2109, utilization 1.0000, perplexity 234.7139,
Train Epoch: [2/2] Iters:[10730/20018] transplant_loss 2.3984, rec_loss 0.0240, p_loss 0.1821, quant_error 0.2117, utilization 1.0000, perplexity 234.9032,
Train Epoch: [2/2] Iters:[10740/20018] transplant_loss 2.3845, rec_loss 0.0239, p_loss 0.1827, quant_error 0.2099, utilization 1.0000, perplexity 234.7570,
Train Epoch: [2/2] Iters:[10750/20018] transplant_loss 2.3742, rec_loss 0.0236, p_loss 0.1831, quant_error 0.2085, utilization 1.0000, perplexity 234.7774,
Train Epoch: [2/2] Iters:[10760/20018] transplant_loss 2.3798, rec_loss 0.0237, p_loss 0.1835, quant_error 0.2089, utilization 1.0000, perplexity 234.9962,
Train Epoch: [2/2] Iters:[10770/20018] transplant_loss 2.3907, rec_loss 0.0235, p_loss 0.1831, quant_error 0.2105, utilization 1.0000, perplexity 234.9616,
Train Epoch: [2/2] Iters:[10780/20018] transplant_loss 2.3640, rec_loss 0.0229, p_loss 0.1820, quant_error 0.2076, utilization 1.0000, perplexity 234.8015,
Train Epoch: [2/2] Iters:[10790/20018] transplant_loss 2.3831, rec_loss 0.0233, p_loss 0.1827, quant_error 0.2098, utilization 1.0000, perplexity 234.9477,
Train Epoch: [2/2] Iters:[10800/20018] transplant_loss 2.3792, rec_loss 0.0231, p_loss 0.1812, quant_error 0.2094, utilization 1.0000, perplexity 234.9569,
Train Epoch: [2/2] Iters:[10810/20018] transplant_loss 2.3758, rec_loss 0.0229, p_loss 0.1805, quant_error 0.2092, utilization 1.0000, perplexity 234.9057,
Train Epoch: [2/2] Iters:[10820/20018] transplant_loss 2.3711, rec_loss 0.0230, p_loss 0.1804, quant_error 0.2086, utilization 1.0000, perplexity 235.0762,
Train Epoch: [2/2] Iters:[10830/20018] transplant_loss 2.3842, rec_loss 0.0234, p_loss 0.1813, quant_error 0.2101, utilization 1.0000, perplexity 235.2211,
Train Epoch: [2/2] Iters:[10840/20018] transplant_loss 2.3767, rec_loss 0.0233, p_loss 0.1800, quant_error 0.2092, utilization 1.0000, perplexity 235.0714,
Train Epoch: [2/2] Iters:[10850/20018] transplant_loss 2.3887, rec_loss 0.0236, p_loss 0.1817, quant_error 0.2107, utilization 1.0000, perplexity 235.4955,
Train Epoch: [2/2] Iters:[10860/20018] transplant_loss 2.4045, rec_loss 0.0242, p_loss 0.1827, quant_error 0.2125, utilization 1.0000, perplexity 235.7489,
Train Epoch: [2/2] Iters:[10870/20018] transplant_loss 2.4172, rec_loss 0.0243, p_loss 0.1843, quant_error 0.2139, utilization 1.0000, perplexity 235.6711,
Train Epoch: [2/2] Iters:[10880/20018] transplant_loss 2.3968, rec_loss 0.0241, p_loss 0.1838, quant_error 0.2110, utilization 1.0000, perplexity 235.5095,
Train Epoch: [2/2] Iters:[10890/20018] transplant_loss 2.3912, rec_loss 0.0239, p_loss 0.1847, quant_error 0.2103, utilization 1.0000, perplexity 235.5382,
Train Epoch: [2/2] Iters:[10900/20018] transplant_loss 2.3641, rec_loss 0.0235, p_loss 0.1824, quant_error 0.2072, utilization 1.0000, perplexity 234.4700,
Train Epoch: [2/2] Iters:[10910/20018] transplant_loss 2.3451, rec_loss 0.0232, p_loss 0.1815, quant_error 0.2048, utilization 1.0000, perplexity 233.6828,
Train Epoch: [2/2] Iters:[10920/20018] transplant_loss 2.3539, rec_loss 0.0235, p_loss 0.1815, quant_error 0.2057, utilization 1.0000, perplexity 234.0636,
Train Epoch: [2/2] Iters:[10930/20018] transplant_loss 2.3953, rec_loss 0.0238, p_loss 0.1825, quant_error 0.2108, utilization 1.0000, perplexity 234.4359,
Train Epoch: [2/2] Iters:[10940/20018] transplant_loss 2.3886, rec_loss 0.0236, p_loss 0.1817, quant_error 0.2101, utilization 1.0000, perplexity 234.5524,
Train Epoch: [2/2] Iters:[10950/20018] transplant_loss 2.4160, rec_loss 0.0241, p_loss 0.1837, quant_error 0.2132, utilization 1.0000, perplexity 235.2275,
Train Epoch: [2/2] Iters:[10960/20018] transplant_loss 2.4294, rec_loss 0.0240, p_loss 0.1853, quant_error 0.2147, utilization 1.0000, perplexity 236.0616,
Train Epoch: [2/2] Iters:[10970/20018] transplant_loss 2.4135, rec_loss 0.0236, p_loss 0.1847, quant_error 0.2130, utilization 1.0000, perplexity 236.0140,
Train Epoch: [2/2] Iters:[10980/20018] transplant_loss 2.3937, rec_loss 0.0233, p_loss 0.1839, quant_error 0.2110, utilization 1.0000, perplexity 235.5995,
Train Epoch: [2/2] Iters:[10990/20018] transplant_loss 2.4044, rec_loss 0.0233, p_loss 0.1835, quant_error 0.2126, utilization 1.0000, perplexity 235.5712,
Train Epoch: [2/2] Iters:[11000/20018] transplant_loss 2.3884, rec_loss 0.0229, p_loss 0.1832, quant_error 0.2109, utilization 1.0000, perplexity 235.3299,
Train Epoch: [2/2] Iters:[11010/20018] transplant_loss 2.3912, rec_loss 0.0231, p_loss 0.1819, quant_error 0.2115, utilization 1.0000, perplexity 235.4534,
Train Epoch: [2/2] Iters:[11020/20018] transplant_loss 2.3852, rec_loss 0.0228, p_loss 0.1816, quant_error 0.2111, utilization 1.0000, perplexity 235.2225,
Train Epoch: [2/2] Iters:[11030/20018] transplant_loss 2.3615, rec_loss 0.0226, p_loss 0.1814, quant_error 0.2082, utilization 1.0000, perplexity 234.8274,
Train Epoch: [2/2] Iters:[11040/20018] transplant_loss 2.3609, rec_loss 0.0229, p_loss 0.1819, quant_error 0.2077, utilization 1.0000, perplexity 234.6595,
Train Epoch: [2/2] Iters:[11050/20018] transplant_loss 2.3682, rec_loss 0.0232, p_loss 0.1816, quant_error 0.2086, utilization 1.0000, perplexity 234.9468,
Train Epoch: [2/2] Iters:[11060/20018] transplant_loss 2.3662, rec_loss 0.0229, p_loss 0.1817, quant_error 0.2084, utilization 1.0000, perplexity 234.7591,
Train Epoch: [2/2] Iters:[11070/20018] transplant_loss 2.3679, rec_loss 0.0232, p_loss 0.1816, quant_error 0.2082, utilization 1.0000, perplexity 234.2034,
Train Epoch: [2/2] Iters:[11080/20018] transplant_loss 2.3933, rec_loss 0.0232, p_loss 0.1819, quant_error 0.2111, utilization 1.0000, perplexity 234.9599,
Train Epoch: [2/2] Iters:[11090/20018] transplant_loss 2.3870, rec_loss 0.0229, p_loss 0.1815, quant_error 0.2104, utilization 1.0000, perplexity 235.0778,
Train Epoch: [2/2] Iters:[11100/20018] transplant_loss 2.3862, rec_loss 0.0229, p_loss 0.1811, quant_error 0.2099, utilization 1.0000, perplexity 234.9152,
Train Epoch: [2/2] Iters:[11110/20018] transplant_loss 2.3974, rec_loss 0.0232, p_loss 0.1817, quant_error 0.2111, utilization 1.0000, perplexity 234.9655,
Train Epoch: [2/2] Iters:[11120/20018] transplant_loss 2.4056, rec_loss 0.0234, p_loss 0.1832, quant_error 0.2123, utilization 1.0000, perplexity 235.2196,
Train Epoch: [2/2] Iters:[11130/20018] transplant_loss 2.3841, rec_loss 0.0234, p_loss 0.1824, quant_error 0.2100, utilization 1.0000, perplexity 235.0049,
Train Epoch: [2/2] Iters:[11140/20018] transplant_loss 2.3901, rec_loss 0.0238, p_loss 0.1834, quant_error 0.2106, utilization 1.0000, perplexity 235.1135,
Train Epoch: [2/2] Iters:[11150/20018] transplant_loss 2.3884, rec_loss 0.0237, p_loss 0.1829, quant_error 0.2107, utilization 1.0000, perplexity 235.0114,
Train Epoch: [2/2] Iters:[11160/20018] transplant_loss 2.3731, rec_loss 0.0234, p_loss 0.1816, quant_error 0.2087, utilization 1.0000, perplexity 234.4473,
Train Epoch: [2/2] Iters:[11170/20018] transplant_loss 2.3697, rec_loss 0.0234, p_loss 0.1805, quant_error 0.2079, utilization 1.0000, perplexity 234.7342,
Train Epoch: [2/2] Iters:[11180/20018] transplant_loss 2.3918, rec_loss 0.0239, p_loss 0.1809, quant_error 0.2100, utilization 1.0000, perplexity 234.7148,
Train Epoch: [2/2] Iters:[11190/20018] transplant_loss 2.3972, rec_loss 0.0238, p_loss 0.1808, quant_error 0.2108, utilization 1.0000, perplexity 234.7831,
Train Epoch: [2/2] Iters:[11200/20018] transplant_loss 2.3992, rec_loss 0.0238, p_loss 0.1819, quant_error 0.2110, utilization 1.0000, perplexity 234.9443,
Train Epoch: [2/2] Iters:[11210/20018] transplant_loss 2.3887, rec_loss 0.0238, p_loss 0.1825, quant_error 0.2098, utilization 1.0000, perplexity 235.5202,
Train Epoch: [2/2] Iters:[11220/20018] transplant_loss 2.3949, rec_loss 0.0238, p_loss 0.1825, quant_error 0.2110, utilization 1.0000, perplexity 235.5408,
Train Epoch: [2/2] Iters:[11230/20018] transplant_loss 2.3809, rec_loss 0.0234, p_loss 0.1828, quant_error 0.2095, utilization 1.0000, perplexity 235.6397,
Train Epoch: [2/2] Iters:[11240/20018] transplant_loss 2.3792, rec_loss 0.0232, p_loss 0.1823, quant_error 0.2094, utilization 1.0000, perplexity 235.6070,
Train Epoch: [2/2] Iters:[11250/20018] transplant_loss 2.3790, rec_loss 0.0235, p_loss 0.1822, quant_error 0.2089, utilization 1.0000, perplexity 235.4644,
Train Epoch: [2/2] Iters:[11260/20018] transplant_loss 2.3808, rec_loss 0.0233, p_loss 0.1823, quant_error 0.2092, utilization 1.0000, perplexity 235.0840,
Train Epoch: [2/2] Iters:[11270/20018] transplant_loss 2.3661, rec_loss 0.0232, p_loss 0.1826, quant_error 0.2070, utilization 1.0000, perplexity 234.8331,
Train Epoch: [2/2] Iters:[11280/20018] transplant_loss 2.3763, rec_loss 0.0233, p_loss 0.1828, quant_error 0.2083, utilization 1.0000, perplexity 234.8198,
Train Epoch: [2/2] Iters:[11290/20018] transplant_loss 2.3867, rec_loss 0.0235, p_loss 0.1830, quant_error 0.2095, utilization 1.0000, perplexity 234.8913,
Train Epoch: [2/2] Iters:[11300/20018] transplant_loss 2.4011, rec_loss 0.0235, p_loss 0.1836, quant_error 0.2115, utilization 1.0000, perplexity 235.2130,
Train Epoch: [2/2] Iters:[11310/20018] transplant_loss 2.3773, rec_loss 0.0233, p_loss 0.1827, quant_error 0.2085, utilization 1.0000, perplexity 235.2174,
Train Epoch: [2/2] Iters:[11320/20018] transplant_loss 2.3769, rec_loss 0.0233, p_loss 0.1817, quant_error 0.2086, utilization 1.0000, perplexity 234.9663,
Train Epoch: [2/2] Iters:[11330/20018] transplant_loss 2.3750, rec_loss 0.0234, p_loss 0.1817, quant_error 0.2083, utilization 1.0000, perplexity 234.8266,
Train Epoch: [2/2] Iters:[11340/20018] transplant_loss 2.3665, rec_loss 0.0234, p_loss 0.1815, quant_error 0.2073, utilization 1.0000, perplexity 234.8710,
Train Epoch: [2/2] Iters:[11350/20018] transplant_loss 2.3621, rec_loss 0.0233, p_loss 0.1811, quant_error 0.2066, utilization 1.0000, perplexity 235.0104,
Train Epoch: [2/2] Iters:[11360/20018] transplant_loss 2.3991, rec_loss 0.0237, p_loss 0.1824, quant_error 0.2111, utilization 1.0000, perplexity 235.3353,
Train Epoch: [2/2] Iters:[11370/20018] transplant_loss 2.4060, rec_loss 0.0239, p_loss 0.1826, quant_error 0.2121, utilization 1.0000, perplexity 235.8238,
Train Epoch: [2/2] Iters:[11380/20018] transplant_loss 2.4215, rec_loss 0.0239, p_loss 0.1827, quant_error 0.2142, utilization 1.0000, perplexity 236.0356,
Train Epoch: [2/2] Iters:[11390/20018] transplant_loss 2.4111, rec_loss 0.0238, p_loss 0.1823, quant_error 0.2130, utilization 1.0000, perplexity 235.5492,
Train Epoch: [2/2] Iters:[11400/20018] transplant_loss 2.3998, rec_loss 0.0238, p_loss 0.1826, quant_error 0.2117, utilization 1.0000, perplexity 235.5322,
Train Epoch: [2/2] Iters:[11410/20018] transplant_loss 2.3810, rec_loss 0.0234, p_loss 0.1814, quant_error 0.2097, utilization 1.0000, perplexity 235.3900,
Train Epoch: [2/2] Iters:[11420/20018] transplant_loss 2.3739, rec_loss 0.0232, p_loss 0.1815, quant_error 0.2088, utilization 1.0000, perplexity 234.6987,
Train Epoch: [2/2] Iters:[11430/20018] transplant_loss 2.3635, rec_loss 0.0229, p_loss 0.1815, quant_error 0.2074, utilization 1.0000, perplexity 234.7785,
Train Epoch: [2/2] Iters:[11440/20018] transplant_loss 2.3673, rec_loss 0.0230, p_loss 0.1820, quant_error 0.2075, utilization 1.0000, perplexity 234.9977,
Train Epoch: [2/2] Iters:[11450/20018] transplant_loss 2.3658, rec_loss 0.0230, p_loss 0.1809, quant_error 0.2075, utilization 1.0000, perplexity 234.3723,
Train Epoch: [2/2] Iters:[11460/20018] transplant_loss 2.3840, rec_loss 0.0234, p_loss 0.1817, quant_error 0.2097, utilization 1.0000, perplexity 234.2708,
Train Epoch: [2/2] Iters:[11470/20018] transplant_loss 2.3932, rec_loss 0.0237, p_loss 0.1820, quant_error 0.2106, utilization 1.0000, perplexity 234.5589,
Train Epoch: [2/2] Iters:[11480/20018] transplant_loss 2.3843, rec_loss 0.0237, p_loss 0.1820, quant_error 0.2093, utilization 1.0000, perplexity 234.5019,
Train Epoch: [2/2] Iters:[11490/20018] transplant_loss 2.3941, rec_loss 0.0236, p_loss 0.1820, quant_error 0.2110, utilization 1.0000, perplexity 234.4766,
Train Epoch: [2/2] Iters:[11500/20018] transplant_loss 2.4073, rec_loss 0.0238, p_loss 0.1835, quant_error 0.2123, utilization 1.0000, perplexity 235.2437,
Train Epoch: [2/2] Iters:[11510/20018] transplant_loss 2.4007, rec_loss 0.0237, p_loss 0.1835, quant_error 0.2112, utilization 1.0000, perplexity 235.7489,
Train Epoch: [2/2] Iters:[11520/20018] transplant_loss 2.3907, rec_loss 0.0234, p_loss 0.1838, quant_error 0.2100, utilization 1.0000, perplexity 235.8964,
Train Epoch: [2/2] Iters:[11530/20018] transplant_loss 2.3680, rec_loss 0.0235, p_loss 0.1829, quant_error 0.2070, utilization 1.0000, perplexity 234.7655,
Train Epoch: [2/2] Iters:[11540/20018] transplant_loss 2.3628, rec_loss 0.0235, p_loss 0.1827, quant_error 0.2063, utilization 1.0000, perplexity 234.7825,
Train Epoch: [2/2] Iters:[11550/20018] transplant_loss 2.3522, rec_loss 0.0234, p_loss 0.1829, quant_error 0.2049, utilization 1.0000, perplexity 234.3382,
Train Epoch: [2/2] Iters:[11560/20018] transplant_loss 2.3459, rec_loss 0.0234, p_loss 0.1826, quant_error 0.2040, utilization 1.0000, perplexity 233.7218,
Train Epoch: [2/2] Iters:[11570/20018] transplant_loss 2.3590, rec_loss 0.0234, p_loss 0.1822, quant_error 0.2060, utilization 1.0000, perplexity 233.9403,
Train Epoch: [2/2] Iters:[11580/20018] transplant_loss 2.3821, rec_loss 0.0235, p_loss 0.1822, quant_error 0.2093, utilization 1.0000, perplexity 234.9010,
Train Epoch: [2/2] Iters:[11590/20018] transplant_loss 2.3683, rec_loss 0.0234, p_loss 0.1816, quant_error 0.2075, utilization 1.0000, perplexity 234.9792,
Train Epoch: [2/2] Iters:[11600/20018] transplant_loss 2.3662, rec_loss 0.0232, p_loss 0.1807, quant_error 0.2076, utilization 1.0000, perplexity 234.9492,
Train Epoch: [2/2] Iters:[11610/20018] transplant_loss 2.3702, rec_loss 0.0233, p_loss 0.1819, quant_error 0.2078, utilization 1.0000, perplexity 235.5024,
Train Epoch: [2/2] Iters:[11620/20018] transplant_loss 2.3671, rec_loss 0.0233, p_loss 0.1812, quant_error 0.2073, utilization 1.0000, perplexity 235.9606,
Train Epoch: [2/2] Iters:[11630/20018] transplant_loss 2.3795, rec_loss 0.0233, p_loss 0.1821, quant_error 0.2088, utilization 1.0000, perplexity 236.0739,
Train Epoch: [2/2] Iters:[11640/20018] transplant_loss 2.3678, rec_loss 0.0232, p_loss 0.1821, quant_error 0.2073, utilization 1.0000, perplexity 235.6504,
Train Epoch: [2/2] Iters:[11650/20018] transplant_loss 2.3571, rec_loss 0.0234, p_loss 0.1823, quant_error 0.2059, utilization 1.0000, perplexity 235.5874,
Train Epoch: [2/2] Iters:[11660/20018] transplant_loss 2.3665, rec_loss 0.0234, p_loss 0.1819, quant_error 0.2076, utilization 1.0000, perplexity 235.4607,
Train Epoch: [2/2] Iters:[11670/20018] transplant_loss 2.3495, rec_loss 0.0235, p_loss 0.1828, quant_error 0.2051, utilization 1.0000, perplexity 235.0125,
Train Epoch: [2/2] Iters:[11680/20018] transplant_loss 2.3485, rec_loss 0.0234, p_loss 0.1832, quant_error 0.2051, utilization 1.0000, perplexity 235.0768,
Train Epoch: [2/2] Iters:[11690/20018] transplant_loss 2.3676, rec_loss 0.0235, p_loss 0.1839, quant_error 0.2079, utilization 1.0000, perplexity 235.3986,
Train Epoch: [2/2] Iters:[11700/20018] transplant_loss 2.3697, rec_loss 0.0234, p_loss 0.1839, quant_error 0.2082, utilization 1.0000, perplexity 235.3521,
Train Epoch: [2/2] Iters:[11710/20018] transplant_loss 2.3709, rec_loss 0.0236, p_loss 0.1841, quant_error 0.2081, utilization 1.0000, perplexity 235.2427,
Train Epoch: [2/2] Iters:[11720/20018] transplant_loss 2.3849, rec_loss 0.0236, p_loss 0.1840, quant_error 0.2098, utilization 1.0000, perplexity 235.3866,
Train Epoch: [2/2] Iters:[11730/20018] transplant_loss 2.3758, rec_loss 0.0234, p_loss 0.1835, quant_error 0.2088, utilization 1.0000, perplexity 234.9452,
Train Epoch: [2/2] Iters:[11740/20018] transplant_loss 2.3675, rec_loss 0.0234, p_loss 0.1831, quant_error 0.2073, utilization 1.0000, perplexity 234.9013,
Train Epoch: [2/2] Iters:[11750/20018] transplant_loss 2.3785, rec_loss 0.0232, p_loss 0.1828, quant_error 0.2089, utilization 1.0000, perplexity 235.1007,
Train Epoch: [2/2] Iters:[11760/20018] transplant_loss 2.3710, rec_loss 0.0228, p_loss 0.1817, quant_error 0.2082, utilization 1.0000, perplexity 235.0942,
Train Epoch: [2/2] Iters:[11770/20018] transplant_loss 2.3595, rec_loss 0.0228, p_loss 0.1812, quant_error 0.2071, utilization 1.0000, perplexity 234.7156,
Train Epoch: [2/2] Iters:[11780/20018] transplant_loss 2.3842, rec_loss 0.0233, p_loss 0.1821, quant_error 0.2100, utilization 1.0000, perplexity 235.1694,
Train Epoch: [2/2] Iters:[11790/20018] transplant_loss 2.4157, rec_loss 0.0236, p_loss 0.1828, quant_error 0.2144, utilization 1.0000, perplexity 235.4757,
Train Epoch: [2/2] Iters:[11800/20018] transplant_loss 2.4147, rec_loss 0.0237, p_loss 0.1831, quant_error 0.2140, utilization 1.0000, perplexity 235.5016,
Train Epoch: [2/2] Iters:[11810/20018] transplant_loss 2.4030, rec_loss 0.0236, p_loss 0.1829, quant_error 0.2127, utilization 1.0000, perplexity 235.2040,
Train Epoch: [2/2] Iters:[11820/20018] transplant_loss 2.4039, rec_loss 0.0234, p_loss 0.1832, quant_error 0.2129, utilization 1.0000, perplexity 235.4210,
Train Epoch: [2/2] Iters:[11830/20018] transplant_loss 2.3812, rec_loss 0.0232, p_loss 0.1825, quant_error 0.2099, utilization 1.0000, perplexity 235.2145,
Train Epoch: [2/2] Iters:[11840/20018] transplant_loss 2.3577, rec_loss 0.0229, p_loss 0.1825, quant_error 0.2066, utilization 1.0000, perplexity 235.3459,
Train Epoch: [2/2] Iters:[11850/20018] transplant_loss 2.3561, rec_loss 0.0229, p_loss 0.1815, quant_error 0.2064, utilization 1.0000, perplexity 235.2882,
Train Epoch: [2/2] Iters:[11860/20018] transplant_loss 2.3552, rec_loss 0.0228, p_loss 0.1815, quant_error 0.2062, utilization 1.0000, perplexity 235.2879,
Train Epoch: [2/2] Iters:[11870/20018] transplant_loss 2.3698, rec_loss 0.0232, p_loss 0.1824, quant_error 0.2078, utilization 1.0000, perplexity 235.6308,
Train Epoch: [2/2] Iters:[11880/20018] transplant_loss 2.3666, rec_loss 0.0232, p_loss 0.1829, quant_error 0.2077, utilization 1.0000, perplexity 235.4210,
Train Epoch: [2/2] Iters:[11890/20018] transplant_loss 2.3768, rec_loss 0.0235, p_loss 0.1828, quant_error 0.2090, utilization 1.0000, perplexity 235.1675,
Train Epoch: [2/2] Iters:[11900/20018] transplant_loss 2.3830, rec_loss 0.0236, p_loss 0.1835, quant_error 0.2097, utilization 1.0000, perplexity 235.6635,
Train Epoch: [2/2] Iters:[11910/20018] transplant_loss 2.3895, rec_loss 0.0237, p_loss 0.1842, quant_error 0.2104, utilization 1.0000, perplexity 235.6711,
Train Epoch: [2/2] Iters:[11920/20018] transplant_loss 2.3958, rec_loss 0.0235, p_loss 0.1844, quant_error 0.2112, utilization 1.0000, perplexity 235.6679,
Train Epoch: [2/2] Iters:[11930/20018] transplant_loss 2.4126, rec_loss 0.0238, p_loss 0.1848, quant_error 0.2127, utilization 1.0000, perplexity 236.4471,
Train Epoch: [2/2] Iters:[11940/20018] transplant_loss 2.4029, rec_loss 0.0235, p_loss 0.1851, quant_error 0.2117, utilization 1.0000, perplexity 236.7365,
Train Epoch: [2/2] Iters:[11950/20018] transplant_loss 2.4072, rec_loss 0.0236, p_loss 0.1858, quant_error 0.2122, utilization 1.0000, perplexity 236.4632,
Train Epoch: [2/2] Iters:[11960/20018] transplant_loss 2.4110, rec_loss 0.0240, p_loss 0.1862, quant_error 0.2121, utilization 1.0000, perplexity 236.5747,
Train Epoch: [2/2] Iters:[11970/20018] transplant_loss 2.3943, rec_loss 0.0239, p_loss 0.1849, quant_error 0.2100, utilization 1.0000, perplexity 236.0141,
Train Epoch: [2/2] Iters:[11980/20018] transplant_loss 2.3786, rec_loss 0.0235, p_loss 0.1833, quant_error 0.2086, utilization 1.0000, perplexity 235.2205,
Train Epoch: [2/2] Iters:[11990/20018] transplant_loss 2.3804, rec_loss 0.0235, p_loss 0.1830, quant_error 0.2088, utilization 1.0000, perplexity 234.8371,
Train Epoch: [2/2] Iters:[12000/20018] transplant_loss 2.3825, rec_loss 0.0238, p_loss 0.1827, quant_error 0.2090, utilization 1.0000, perplexity 234.5715,
Train Epoch: [2/2] Iters:[12010/20018] transplant_loss 2.3749, rec_loss 0.0234, p_loss 0.1824, quant_error 0.2085, utilization 1.0000, perplexity 234.4362,
Train Epoch: [2/2] Iters:[12020/20018] transplant_loss 2.3708, rec_loss 0.0234, p_loss 0.1829, quant_error 0.2082, utilization 1.0000, perplexity 234.3109,
Train Epoch: [2/2] Iters:[12030/20018] transplant_loss 2.3595, rec_loss 0.0233, p_loss 0.1834, quant_error 0.2066, utilization 1.0000, perplexity 234.3377,
Train Epoch: [2/2] Iters:[12040/20018] transplant_loss 2.3729, rec_loss 0.0235, p_loss 0.1838, quant_error 0.2080, utilization 1.0000, perplexity 234.8440,
Train Epoch: [2/2] Iters:[12050/20018] transplant_loss 2.3629, rec_loss 0.0230, p_loss 0.1835, quant_error 0.2068, utilization 1.0000, perplexity 234.9184,
Train Epoch: [2/2] Iters:[12060/20018] transplant_loss 2.3756, rec_loss 0.0229, p_loss 0.1826, quant_error 0.2084, utilization 1.0000, perplexity 235.3367,
Train Epoch: [2/2] Iters:[12070/20018] transplant_loss 2.3888, rec_loss 0.0229, p_loss 0.1826, quant_error 0.2100, utilization 1.0000, perplexity 235.7825,
Train Epoch: [2/2] Iters:[12080/20018] transplant_loss 2.3956, rec_loss 0.0228, p_loss 0.1819, quant_error 0.2115, utilization 1.0000, perplexity 235.9192,
Train Epoch: [2/2] Iters:[12090/20018] transplant_loss 2.3802, rec_loss 0.0228, p_loss 0.1811, quant_error 0.2095, utilization 1.0000, perplexity 235.6409,
Train Epoch: [2/2] Iters:[12100/20018] transplant_loss 2.3773, rec_loss 0.0230, p_loss 0.1808, quant_error 0.2092, utilization 1.0000, perplexity 235.8871,
Train Epoch: [2/2] Iters:[12110/20018] transplant_loss 2.3745, rec_loss 0.0232, p_loss 0.1812, quant_error 0.2089, utilization 1.0000, perplexity 235.7442,
Train Epoch: [2/2] Iters:[12120/20018] transplant_loss 2.3726, rec_loss 0.0233, p_loss 0.1802, quant_error 0.2086, utilization 1.0000, perplexity 235.2907,
Train Epoch: [2/2] Iters:[12130/20018] transplant_loss 2.3622, rec_loss 0.0232, p_loss 0.1806, quant_error 0.2067, utilization 1.0000, perplexity 234.8747,
Train Epoch: [2/2] Iters:[12140/20018] transplant_loss 2.3771, rec_loss 0.0234, p_loss 0.1807, quant_error 0.2088, utilization 1.0000, perplexity 234.6174,
Train Epoch: [2/2] Iters:[12150/20018] transplant_loss 2.4076, rec_loss 0.0237, p_loss 0.1814, quant_error 0.2125, utilization 1.0000, perplexity 234.9526,
Train Epoch: [2/2] Iters:[12160/20018] transplant_loss 2.4133, rec_loss 0.0241, p_loss 0.1814, quant_error 0.2129, utilization 1.0000, perplexity 235.3718,
Train Epoch: [2/2] Iters:[12170/20018] transplant_loss 2.4302, rec_loss 0.0242, p_loss 0.1830, quant_error 0.2149, utilization 1.0000, perplexity 236.3892,
Train Epoch: [2/2] Iters:[12180/20018] transplant_loss 2.4783, rec_loss 0.0251, p_loss 0.1846, quant_error 0.2206, utilization 1.0000, perplexity 237.1465,
Train Epoch: [2/2] Iters:[12190/20018] transplant_loss 2.4557, rec_loss 0.0248, p_loss 0.1850, quant_error 0.2178, utilization 1.0000, perplexity 236.8238,
Train Epoch: [2/2] Iters:[12200/20018] transplant_loss 2.4402, rec_loss 0.0246, p_loss 0.1851, quant_error 0.2162, utilization 1.0000, perplexity 236.5742,
Train Epoch: [2/2] Iters:[12210/20018] transplant_loss 2.4298, rec_loss 0.0241, p_loss 0.1844, quant_error 0.2155, utilization 1.0000, perplexity 235.8846,
Train Epoch: [2/2] Iters:[12220/20018] transplant_loss 2.3994, rec_loss 0.0236, p_loss 0.1831, quant_error 0.2120, utilization 1.0000, perplexity 235.2821,
Train Epoch: [2/2] Iters:[12230/20018] transplant_loss 2.3741, rec_loss 0.0230, p_loss 0.1821, quant_error 0.2092, utilization 1.0000, perplexity 234.9584,
Train Epoch: [2/2] Iters:[12240/20018] transplant_loss 2.3718, rec_loss 0.0227, p_loss 0.1812, quant_error 0.2092, utilization 1.0000, perplexity 235.1815,
Train Epoch: [2/2] Iters:[12250/20018] transplant_loss 2.3671, rec_loss 0.0226, p_loss 0.1807, quant_error 0.2084, utilization 1.0000, perplexity 235.1437,
Train Epoch: [2/2] Iters:[12260/20018] transplant_loss 2.3793, rec_loss 0.0228, p_loss 0.1819, quant_error 0.2094, utilization 1.0000, perplexity 235.6946,
Train Epoch: [2/2] Iters:[12270/20018] transplant_loss 2.3918, rec_loss 0.0231, p_loss 0.1829, quant_error 0.2109, utilization 1.0000, perplexity 235.5435,
Train Epoch: [2/2] Iters:[12280/20018] transplant_loss 2.3745, rec_loss 0.0228, p_loss 0.1823, quant_error 0.2086, utilization 1.0000, perplexity 235.7218,
Train Epoch: [2/2] Iters:[12290/20018] transplant_loss 2.3815, rec_loss 0.0234, p_loss 0.1832, quant_error 0.2089, utilization 1.0000, perplexity 236.0491,
Train Epoch: [2/2] Iters:[12300/20018] transplant_loss 2.3592, rec_loss 0.0231, p_loss 0.1830, quant_error 0.2062, utilization 1.0000, perplexity 235.4863,
Train Epoch: [2/2] Iters:[12310/20018] transplant_loss 2.3358, rec_loss 0.0227, p_loss 0.1827, quant_error 0.2034, utilization 1.0000, perplexity 235.1478,
Train Epoch: [2/2] Iters:[12320/20018] transplant_loss 2.3344, rec_loss 0.0229, p_loss 0.1822, quant_error 0.2029, utilization 1.0000, perplexity 235.0862,
Train Epoch: [2/2] Iters:[12330/20018] transplant_loss 2.3533, rec_loss 0.0235, p_loss 0.1829, quant_error 0.2051, utilization 1.0000, perplexity 235.3472,
Train Epoch: [2/2] Iters:[12340/20018] transplant_loss 2.3435, rec_loss 0.0231, p_loss 0.1819, quant_error 0.2043, utilization 1.0000, perplexity 235.2569,
Train Epoch: [2/2] Iters:[12350/20018] transplant_loss 2.3594, rec_loss 0.0231, p_loss 0.1821, quant_error 0.2063, utilization 1.0000, perplexity 235.8429,
Train Epoch: [2/2] Iters:[12360/20018] transplant_loss 2.3525, rec_loss 0.0233, p_loss 0.1816, quant_error 0.2056, utilization 1.0000, perplexity 235.6344,
Train Epoch: [2/2] Iters:[12370/20018] transplant_loss 2.3494, rec_loss 0.0233, p_loss 0.1820, quant_error 0.2049, utilization 1.0000, perplexity 235.8798,
Train Epoch: [2/2] Iters:[12380/20018] transplant_loss 2.3284, rec_loss 0.0228, p_loss 0.1815, quant_error 0.2027, utilization 1.0000, perplexity 235.2144,
Train Epoch: [2/2] Iters:[12390/20018] transplant_loss 2.3484, rec_loss 0.0231, p_loss 0.1828, quant_error 0.2048, utilization 1.0000, perplexity 235.1833,
Train Epoch: [2/2] Iters:[12400/20018] transplant_loss 2.3471, rec_loss 0.0233, p_loss 0.1833, quant_error 0.2043, utilization 1.0000, perplexity 234.9521,
Train Epoch: [2/2] Iters:[12410/20018] transplant_loss 2.3714, rec_loss 0.0236, p_loss 0.1838, quant_error 0.2070, utilization 1.0000, perplexity 235.3244,
Train Epoch: [2/2] Iters:[12420/20018] transplant_loss 2.3734, rec_loss 0.0236, p_loss 0.1837, quant_error 0.2073, utilization 1.0000, perplexity 235.7977,
Train Epoch: [2/2] Iters:[12430/20018] transplant_loss 2.3846, rec_loss 0.0237, p_loss 0.1833, quant_error 0.2087, utilization 1.0000, perplexity 235.7937,
Train Epoch: [2/2] Iters:[12440/20018] transplant_loss 2.4039, rec_loss 0.0237, p_loss 0.1840, quant_error 0.2114, utilization 1.0000, perplexity 236.1430,
Train Epoch: [2/2] Iters:[12450/20018] transplant_loss 2.4037, rec_loss 0.0237, p_loss 0.1833, quant_error 0.2117, utilization 1.0000, perplexity 236.0922,
Train Epoch: [2/2] Iters:[12460/20018] transplant_loss 2.4144, rec_loss 0.0238, p_loss 0.1838, quant_error 0.2131, utilization 1.0000, perplexity 236.6959,
Train Epoch: [2/2] Iters:[12470/20018] transplant_loss 2.4216, rec_loss 0.0235, p_loss 0.1835, quant_error 0.2143, utilization 1.0000, perplexity 236.1014,
Train Epoch: [2/2] Iters:[12480/20018] transplant_loss 2.4218, rec_loss 0.0239, p_loss 0.1841, quant_error 0.2139, utilization 1.0000, perplexity 236.1846,
Train Epoch: [2/2] Iters:[12490/20018] transplant_loss 2.4166, rec_loss 0.0241, p_loss 0.1836, quant_error 0.2132, utilization 1.0000, perplexity 236.2318,
Train Epoch: [2/2] Iters:[12500/20018] transplant_loss 2.4181, rec_loss 0.0242, p_loss 0.1844, quant_error 0.2131, utilization 1.0000, perplexity 236.2516,
Train Epoch: [2/2] Iters:[12510/20018] transplant_loss 2.4352, rec_loss 0.0243, p_loss 0.1848, quant_error 0.2152, utilization 1.0000, perplexity 236.0696,
Train Epoch: [2/2] Iters:[12520/20018] transplant_loss 2.4270, rec_loss 0.0242, p_loss 0.1854, quant_error 0.2141, utilization 1.0000, perplexity 235.7845,
Train Epoch: [2/2] Iters:[12530/20018] transplant_loss 2.4165, rec_loss 0.0238, p_loss 0.1846, quant_error 0.2131, utilization 1.0000, perplexity 235.9777,
Train Epoch: [2/2] Iters:[12540/20018] transplant_loss 2.3907, rec_loss 0.0234, p_loss 0.1830, quant_error 0.2100, utilization 1.0000, perplexity 235.7365,
Train Epoch: [2/2] Iters:[12550/20018] transplant_loss 2.3851, rec_loss 0.0232, p_loss 0.1825, quant_error 0.2096, utilization 1.0000, perplexity 235.6555,
Train Epoch: [2/2] Iters:[12560/20018] transplant_loss 2.3591, rec_loss 0.0228, p_loss 0.1809, quant_error 0.2066, utilization 1.0000, perplexity 235.1723,
Train Epoch: [2/2] Iters:[12570/20018] transplant_loss 2.3747, rec_loss 0.0231, p_loss 0.1802, quant_error 0.2084, utilization 1.0000, perplexity 235.6805,
Train Epoch: [2/2] Iters:[12580/20018] transplant_loss 2.3814, rec_loss 0.0232, p_loss 0.1809, quant_error 0.2094, utilization 1.0000, perplexity 235.3364,
Train Epoch: [2/2] Iters:[12590/20018] transplant_loss 2.3831, rec_loss 0.0233, p_loss 0.1829, quant_error 0.2092, utilization 1.0000, perplexity 235.2399,
Train Epoch: [2/2] Iters:[12600/20018] transplant_loss 2.3770, rec_loss 0.0234, p_loss 0.1830, quant_error 0.2085, utilization 1.0000, perplexity 235.2419,
Train Epoch: [2/2] Iters:[12610/20018] transplant_loss 2.3689, rec_loss 0.0235, p_loss 0.1829, quant_error 0.2075, utilization 1.0000, perplexity 235.2229,
Train Epoch: [2/2] Iters:[12620/20018] transplant_loss 2.3770, rec_loss 0.0235, p_loss 0.1833, quant_error 0.2088, utilization 1.0000, perplexity 235.1391,
Train Epoch: [2/2] Iters:[12630/20018] transplant_loss 2.3700, rec_loss 0.0236, p_loss 0.1829, quant_error 0.2073, utilization 1.0000, perplexity 235.2713,
Train Epoch: [2/2] Iters:[12640/20018] transplant_loss 2.3564, rec_loss 0.0231, p_loss 0.1803, quant_error 0.2061, utilization 1.0000, perplexity 234.8927,
Train Epoch: [2/2] Iters:[12650/20018] transplant_loss 2.3826, rec_loss 0.0234, p_loss 0.1800, quant_error 0.2092, utilization 1.0000, perplexity 234.8636,
Train Epoch: [2/2] Iters:[12660/20018] transplant_loss 2.3809, rec_loss 0.0232, p_loss 0.1806, quant_error 0.2089, utilization 1.0000, perplexity 234.8926,
Train Epoch: [2/2] Iters:[12670/20018] transplant_loss 2.3494, rec_loss 0.0229, p_loss 0.1805, quant_error 0.2047, utilization 1.0000, perplexity 234.5507,
Train Epoch: [2/2] Iters:[12680/20018] transplant_loss 2.3591, rec_loss 0.0228, p_loss 0.1805, quant_error 0.2067, utilization 1.0000, perplexity 234.6411,
Train Epoch: [2/2] Iters:[12690/20018] transplant_loss 2.3601, rec_loss 0.0230, p_loss 0.1809, quant_error 0.2065, utilization 1.0000, perplexity 234.6922,
Train Epoch: [2/2] Iters:[12700/20018] transplant_loss 2.3361, rec_loss 0.0227, p_loss 0.1807, quant_error 0.2035, utilization 1.0000, perplexity 234.8092,
Train Epoch: [2/2] Iters:[12710/20018] transplant_loss 2.3531, rec_loss 0.0231, p_loss 0.1808, quant_error 0.2057, utilization 1.0000, perplexity 234.6067,
Train Epoch: [2/2] Iters:[12720/20018] transplant_loss 2.3533, rec_loss 0.0232, p_loss 0.1807, quant_error 0.2058, utilization 1.0000, perplexity 234.6914,
Train Epoch: [2/2] Iters:[12730/20018] transplant_loss 2.3363, rec_loss 0.0228, p_loss 0.1805, quant_error 0.2034, utilization 1.0000, perplexity 234.9025,
Train Epoch: [2/2] Iters:[12740/20018] transplant_loss 2.3562, rec_loss 0.0230, p_loss 0.1819, quant_error 0.2061, utilization 1.0000, perplexity 235.2661,
Train Epoch: [2/2] Iters:[12750/20018] transplant_loss 2.3896, rec_loss 0.0236, p_loss 0.1832, quant_error 0.2102, utilization 1.0000, perplexity 235.4938,
Train Epoch: [2/2] Iters:[12760/20018] transplant_loss 2.3689, rec_loss 0.0234, p_loss 0.1830, quant_error 0.2073, utilization 1.0000, perplexity 235.4656,
Train Epoch: [2/2] Iters:[12770/20018] transplant_loss 2.3872, rec_loss 0.0235, p_loss 0.1841, quant_error 0.2093, utilization 1.0000, perplexity 235.7537,
Train Epoch: [2/2] Iters:[12780/20018] transplant_loss 2.3876, rec_loss 0.0235, p_loss 0.1844, quant_error 0.2093, utilization 1.0000, perplexity 235.7896,
Train Epoch: [2/2] Iters:[12790/20018] transplant_loss 2.3809, rec_loss 0.0235, p_loss 0.1841, quant_error 0.2082, utilization 1.0000, perplexity 235.5188,
Train Epoch: [2/2] Iters:[12800/20018] transplant_loss 2.3617, rec_loss 0.0230, p_loss 0.1838, quant_error 0.2058, utilization 1.0000, perplexity 235.4224,
Train Epoch: [2/2] Iters:[12810/20018] transplant_loss 2.3624, rec_loss 0.0228, p_loss 0.1838, quant_error 0.2063, utilization 1.0000, perplexity 235.6748,
Train Epoch: [2/2] Iters:[12820/20018] transplant_loss 2.3572, rec_loss 0.0228, p_loss 0.1829, quant_error 0.2058, utilization 1.0000, perplexity 235.5157,
Train Epoch: [2/2] Iters:[12830/20018] transplant_loss 2.3555, rec_loss 0.0229, p_loss 0.1828, quant_error 0.2058, utilization 1.0000, perplexity 235.0350,
Train Epoch: [2/2] Iters:[12840/20018] transplant_loss 2.3502, rec_loss 0.0227, p_loss 0.1826, quant_error 0.2054, utilization 1.0000, perplexity 234.9182,
Train Epoch: [2/2] Iters:[12850/20018] transplant_loss 2.3496, rec_loss 0.0226, p_loss 0.1820, quant_error 0.2058, utilization 1.0000, perplexity 234.9818,
Train Epoch: [2/2] Iters:[12860/20018] transplant_loss 2.3692, rec_loss 0.0228, p_loss 0.1822, quant_error 0.2080, utilization 1.0000, perplexity 235.1519,
Train Epoch: [2/2] Iters:[12870/20018] transplant_loss 2.3649, rec_loss 0.0225, p_loss 0.1817, quant_error 0.2078, utilization 1.0000, perplexity 235.0626,
Train Epoch: [2/2] Iters:[12880/20018] transplant_loss 2.3910, rec_loss 0.0228, p_loss 0.1818, quant_error 0.2110, utilization 1.0000, perplexity 235.6351,
Train Epoch: [2/2] Iters:[12890/20018] transplant_loss 2.4074, rec_loss 0.0232, p_loss 0.1822, quant_error 0.2127, utilization 1.0000, perplexity 235.7410,
Train Epoch: [2/2] Iters:[12900/20018] transplant_loss 2.3979, rec_loss 0.0231, p_loss 0.1817, quant_error 0.2112, utilization 1.0000, perplexity 235.4097,
Train Epoch: [2/2] Iters:[12910/20018] transplant_loss 2.3705, rec_loss 0.0227, p_loss 0.1806, quant_error 0.2082, utilization 1.0000, perplexity 235.1584,
Train Epoch: [2/2] Iters:[12920/20018] transplant_loss 2.3750, rec_loss 0.0230, p_loss 0.1816, quant_error 0.2084, utilization 1.0000, perplexity 235.5288,
Train Epoch: [2/2] Iters:[12930/20018] transplant_loss 2.3772, rec_loss 0.0231, p_loss 0.1825, quant_error 0.2084, utilization 1.0000, perplexity 235.4095,
Train Epoch: [2/2] Iters:[12940/20018] transplant_loss 2.3497, rec_loss 0.0225, p_loss 0.1815, quant_error 0.2052, utilization 1.0000, perplexity 235.6982,
Train Epoch: [2/2] Iters:[12950/20018] transplant_loss 2.3521, rec_loss 0.0226, p_loss 0.1817, quant_error 0.2054, utilization 1.0000, perplexity 235.7038,
Train Epoch: [2/2] Iters:[12960/20018] transplant_loss 2.3609, rec_loss 0.0230, p_loss 0.1827, quant_error 0.2060, utilization 1.0000, perplexity 235.6631,
Train Epoch: [2/2] Iters:[12970/20018] transplant_loss 2.3737, rec_loss 0.0233, p_loss 0.1827, quant_error 0.2075, utilization 1.0000, perplexity 235.4299,
Train Epoch: [2/2] Iters:[12980/20018] transplant_loss 2.3538, rec_loss 0.0232, p_loss 0.1822, quant_error 0.2049, utilization 1.0000, perplexity 235.3593,
Train Epoch: [2/2] Iters:[12990/20018] transplant_loss 2.3698, rec_loss 0.0233, p_loss 0.1823, quant_error 0.2073, utilization 1.0000, perplexity 235.0422,
Train Epoch: [2/2] Iters:[13000/20018] transplant_loss 2.3617, rec_loss 0.0232, p_loss 0.1818, quant_error 0.2064, utilization 1.0000, perplexity 235.1792,
Train Epoch: [2/2] Iters:[13010/20018] transplant_loss 2.3574, rec_loss 0.0231, p_loss 0.1815, quant_error 0.2062, utilization 1.0000, perplexity 235.4875,
Train Epoch: [2/2] Iters:[13020/20018] transplant_loss 2.3503, rec_loss 0.0230, p_loss 0.1813, quant_error 0.2052, utilization 1.0000, perplexity 235.4567,
Train Epoch: [2/2] Iters:[13030/20018] transplant_loss 2.3471, rec_loss 0.0229, p_loss 0.1795, quant_error 0.2051, utilization 1.0000, perplexity 234.8729,
Train Epoch: [2/2] Iters:[13040/20018] transplant_loss 2.3521, rec_loss 0.0233, p_loss 0.1805, quant_error 0.2053, utilization 1.0000, perplexity 235.2982,
Train Epoch: [2/2] Iters:[13050/20018] transplant_loss 2.3788, rec_loss 0.0237, p_loss 0.1822, quant_error 0.2086, utilization 1.0000, perplexity 235.2767,
Train Epoch: [2/2] Iters:[13060/20018] transplant_loss 2.3879, rec_loss 0.0238, p_loss 0.1823, quant_error 0.2099, utilization 1.0000, perplexity 234.8295,
Train Epoch: [2/2] Iters:[13070/20018] transplant_loss 2.3773, rec_loss 0.0234, p_loss 0.1809, quant_error 0.2091, utilization 1.0000, perplexity 234.6466,
Train Epoch: [2/2] Iters:[13080/20018] transplant_loss 2.3977, rec_loss 0.0235, p_loss 0.1824, quant_error 0.2115, utilization 1.0000, perplexity 235.4942,
Train Epoch: [2/2] Iters:[13090/20018] transplant_loss 2.4001, rec_loss 0.0233, p_loss 0.1819, quant_error 0.2118, utilization 1.0000, perplexity 235.4723,
Train Epoch: [2/2] Iters:[13100/20018] transplant_loss 2.3888, rec_loss 0.0234, p_loss 0.1816, quant_error 0.2104, utilization 1.0000, perplexity 235.4945,
Train Epoch: [2/2] Iters:[13110/20018] transplant_loss 2.3873, rec_loss 0.0234, p_loss 0.1812, quant_error 0.2102, utilization 1.0000, perplexity 235.1314,
Train Epoch: [2/2] Iters:[13120/20018] transplant_loss 2.3946, rec_loss 0.0236, p_loss 0.1822, quant_error 0.2107, utilization 1.0000, perplexity 235.2819,
Train Epoch: [2/2] Iters:[13130/20018] transplant_loss 2.3684, rec_loss 0.0233, p_loss 0.1813, quant_error 0.2073, utilization 1.0000, perplexity 234.7081,
Train Epoch: [2/2] Iters:[13140/20018] transplant_loss 2.3689, rec_loss 0.0233, p_loss 0.1824, quant_error 0.2076, utilization 1.0000, perplexity 234.4710,
Train Epoch: [2/2] Iters:[13150/20018] transplant_loss 2.3718, rec_loss 0.0234, p_loss 0.1821, quant_error 0.2077, utilization 1.0000, perplexity 234.3348,
Train Epoch: [2/2] Iters:[13160/20018] transplant_loss 2.3719, rec_loss 0.0235, p_loss 0.1826, quant_error 0.2074, utilization 1.0000, perplexity 235.0797,
Train Epoch: [2/2] Iters:[13170/20018] transplant_loss 2.3678, rec_loss 0.0235, p_loss 0.1829, quant_error 0.2067, utilization 1.0000, perplexity 235.3152,
Train Epoch: [2/2] Iters:[13180/20018] transplant_loss 2.3799, rec_loss 0.0237, p_loss 0.1838, quant_error 0.2085, utilization 1.0000, perplexity 235.4005,
Train Epoch: [2/2] Iters:[13190/20018] transplant_loss 2.3668, rec_loss 0.0234, p_loss 0.1822, quant_error 0.2068, utilization 1.0000, perplexity 235.3317,
Train Epoch: [2/2] Iters:[13200/20018] transplant_loss 2.3593, rec_loss 0.0231, p_loss 0.1821, quant_error 0.2060, utilization 1.0000, perplexity 235.8684,
Train Epoch: [2/2] Iters:[13210/20018] transplant_loss 2.3632, rec_loss 0.0234, p_loss 0.1822, quant_error 0.2064, utilization 1.0000, perplexity 235.9707,
Train Epoch: [2/2] Iters:[13220/20018] transplant_loss 2.3764, rec_loss 0.0233, p_loss 0.1813, quant_error 0.2083, utilization 1.0000, perplexity 235.5385,
Train Epoch: [2/2] Iters:[13230/20018] transplant_loss 2.3910, rec_loss 0.0236, p_loss 0.1816, quant_error 0.2101, utilization 1.0000, perplexity 235.8575,
Train Epoch: [2/2] Iters:[13240/20018] transplant_loss 2.4078, rec_loss 0.0238, p_loss 0.1820, quant_error 0.2119, utilization 1.0000, perplexity 236.0720,
Train Epoch: [2/2] Iters:[13250/20018] transplant_loss 2.4170, rec_loss 0.0238, p_loss 0.1824, quant_error 0.2129, utilization 1.0000, perplexity 235.8106,
Train Epoch: [2/2] Iters:[13260/20018] transplant_loss 2.4189, rec_loss 0.0236, p_loss 0.1825, quant_error 0.2133, utilization 1.0000, perplexity 235.6293,
Train Epoch: [2/2] Iters:[13270/20018] transplant_loss 2.4107, rec_loss 0.0237, p_loss 0.1831, quant_error 0.2124, utilization 1.0000, perplexity 236.0608,
Train Epoch: [2/2] Iters:[13280/20018] transplant_loss 2.3989, rec_loss 0.0235, p_loss 0.1829, quant_error 0.2112, utilization 1.0000, perplexity 235.8372,
Train Epoch: [2/2] Iters:[13290/20018] transplant_loss 2.4127, rec_loss 0.0240, p_loss 0.1844, quant_error 0.2128, utilization 1.0000, perplexity 236.2617,
Train Epoch: [2/2] Iters:[13300/20018] transplant_loss 2.4153, rec_loss 0.0242, p_loss 0.1845, quant_error 0.2134, utilization 1.0000, perplexity 236.5388,
Train Epoch: [2/2] Iters:[13310/20018] transplant_loss 2.4027, rec_loss 0.0240, p_loss 0.1845, quant_error 0.2115, utilization 1.0000, perplexity 236.5226,
Train Epoch: [2/2] Iters:[13320/20018] transplant_loss 2.3769, rec_loss 0.0235, p_loss 0.1835, quant_error 0.2084, utilization 1.0000, perplexity 235.7035,
Train Epoch: [2/2] Iters:[13330/20018] transplant_loss 2.3771, rec_loss 0.0234, p_loss 0.1832, quant_error 0.2087, utilization 1.0000, perplexity 235.5796,
Train Epoch: [2/2] Iters:[13340/20018] transplant_loss 2.3528, rec_loss 0.0227, p_loss 0.1815, quant_error 0.2060, utilization 1.0000, perplexity 234.9137,
Train Epoch: [2/2] Iters:[13350/20018] transplant_loss 2.3451, rec_loss 0.0225, p_loss 0.1815, quant_error 0.2048, utilization 1.0000, perplexity 234.9065,
Train Epoch: [2/2] Iters:[13360/20018] transplant_loss 2.3536, rec_loss 0.0228, p_loss 0.1813, quant_error 0.2061, utilization 1.0000, perplexity 234.3121,
Train Epoch: [2/2] Iters:[13370/20018] transplant_loss 2.3678, rec_loss 0.0228, p_loss 0.1826, quant_error 0.2076, utilization 1.0000, perplexity 234.6074,
Train Epoch: [2/2] Iters:[13380/20018] transplant_loss 2.3635, rec_loss 0.0230, p_loss 0.1826, quant_error 0.2064, utilization 1.0000, perplexity 234.9112,
Train Epoch: [2/2] Iters:[13390/20018] transplant_loss 2.3688, rec_loss 0.0232, p_loss 0.1825, quant_error 0.2069, utilization 1.0000, perplexity 235.2551,
Train Epoch: [2/2] Iters:[13400/20018] transplant_loss 2.3778, rec_loss 0.0235, p_loss 0.1827, quant_error 0.2081, utilization 1.0000, perplexity 234.8667,
Train Epoch: [2/2] Iters:[13410/20018] transplant_loss 2.3676, rec_loss 0.0233, p_loss 0.1830, quant_error 0.2066, utilization 1.0000, perplexity 235.3951,
Train Epoch: [2/2] Iters:[13420/20018] transplant_loss 2.3672, rec_loss 0.0236, p_loss 0.1816, quant_error 0.2068, utilization 1.0000, perplexity 235.8876,
Train Epoch: [2/2] Iters:[13430/20018] transplant_loss 2.3644, rec_loss 0.0233, p_loss 0.1814, quant_error 0.2069, utilization 1.0000, perplexity 235.4549,
Train Epoch: [2/2] Iters:[13440/20018] transplant_loss 2.3620, rec_loss 0.0234, p_loss 0.1819, quant_error 0.2067, utilization 1.0000, perplexity 235.1670,
Train Epoch: [2/2] Iters:[13450/20018] transplant_loss 2.3518, rec_loss 0.0234, p_loss 0.1816, quant_error 0.2050, utilization 1.0000, perplexity 235.3191,
Train Epoch: [2/2] Iters:[13460/20018] transplant_loss 2.3556, rec_loss 0.0233, p_loss 0.1802, quant_error 0.2060, utilization 1.0000, perplexity 235.3979,
Train Epoch: [2/2] Iters:[13470/20018] transplant_loss 2.3580, rec_loss 0.0233, p_loss 0.1812, quant_error 0.2062, utilization 1.0000, perplexity 235.0971,
Train Epoch: [2/2] Iters:[13480/20018] transplant_loss 2.3998, rec_loss 0.0241, p_loss 0.1828, quant_error 0.2111, utilization 1.0000, perplexity 235.9798,
Train Epoch: [2/2] Iters:[13490/20018] transplant_loss 2.4034, rec_loss 0.0244, p_loss 0.1831, quant_error 0.2111, utilization 1.0000, perplexity 236.2834,
Train Epoch: [2/2] Iters:[13500/20018] transplant_loss 2.3970, rec_loss 0.0241, p_loss 0.1835, quant_error 0.2107, utilization 1.0000, perplexity 236.1811,
Train Epoch: [2/2] Iters:[13510/20018] transplant_loss 2.4015, rec_loss 0.0243, p_loss 0.1848, quant_error 0.2112, utilization 1.0000, perplexity 236.0913,
Train Epoch: [2/2] Iters:[13520/20018] transplant_loss 2.3846, rec_loss 0.0241, p_loss 0.1836, quant_error 0.2093, utilization 1.0000, perplexity 235.6407,
Train Epoch: [2/2] Iters:[13530/20018] transplant_loss 2.3644, rec_loss 0.0233, p_loss 0.1823, quant_error 0.2072, utilization 1.0000, perplexity 234.8916,
Train Epoch: [2/2] Iters:[13540/20018] transplant_loss 2.3601, rec_loss 0.0230, p_loss 0.1817, quant_error 0.2068, utilization 1.0000, perplexity 234.6241,
Train Epoch: [2/2] Iters:[13550/20018] transplant_loss 2.3668, rec_loss 0.0231, p_loss 0.1812, quant_error 0.2075, utilization 1.0000, perplexity 234.7321,
Train Epoch: [2/2] Iters:[13560/20018] transplant_loss 2.3689, rec_loss 0.0231, p_loss 0.1807, quant_error 0.2075, utilization 1.0000, perplexity 234.8848,
Train Epoch: [2/2] Iters:[13570/20018] transplant_loss 2.3875, rec_loss 0.0237, p_loss 0.1824, quant_error 0.2094, utilization 1.0000, perplexity 235.1677,
Train Epoch: [2/2] Iters:[13580/20018] transplant_loss 2.3699, rec_loss 0.0237, p_loss 0.1831, quant_error 0.2069, utilization 1.0000, perplexity 235.5172,
Train Epoch: [2/2] Iters:[13590/20018] transplant_loss 2.3784, rec_loss 0.0239, p_loss 0.1839, quant_error 0.2077, utilization 1.0000, perplexity 235.8545,
Train Epoch: [2/2] Iters:[13600/20018] transplant_loss 2.3875, rec_loss 0.0240, p_loss 0.1838, quant_error 0.2090, utilization 1.0000, perplexity 236.1465,
Train Epoch: [2/2] Iters:[13610/20018] transplant_loss 2.3801, rec_loss 0.0239, p_loss 0.1837, quant_error 0.2081, utilization 1.0000, perplexity 235.8336,
Train Epoch: [2/2] Iters:[13620/20018] transplant_loss 2.3828, rec_loss 0.0236, p_loss 0.1834, quant_error 0.2086, utilization 1.0000, perplexity 236.3262,
Train Epoch: [2/2] Iters:[13630/20018] transplant_loss 2.4038, rec_loss 0.0242, p_loss 0.1836, quant_error 0.2109, utilization 1.0000, perplexity 236.0874,
Train Epoch: [2/2] Iters:[13640/20018] transplant_loss 2.4055, rec_loss 0.0241, p_loss 0.1830, quant_error 0.2115, utilization 1.0000, perplexity 235.8546,
Train Epoch: [2/2] Iters:[13650/20018] transplant_loss 2.4013, rec_loss 0.0241, p_loss 0.1835, quant_error 0.2107, utilization 1.0000, perplexity 235.7048,
Train Epoch: [2/2] Iters:[13660/20018] transplant_loss 2.4201, rec_loss 0.0243, p_loss 0.1848, quant_error 0.2126, utilization 1.0000, perplexity 235.9757,
Train Epoch: [2/2] Iters:[13670/20018] transplant_loss 2.4218, rec_loss 0.0242, p_loss 0.1848, quant_error 0.2130, utilization 1.0000, perplexity 235.5434,
Train Epoch: [2/2] Iters:[13680/20018] transplant_loss 2.3971, rec_loss 0.0236, p_loss 0.1828, quant_error 0.2103, utilization 1.0000, perplexity 235.2990,
Train Epoch: [2/2] Iters:[13690/20018] transplant_loss 2.3831, rec_loss 0.0235, p_loss 0.1825, quant_error 0.2087, utilization 1.0000, perplexity 234.8031,
Train Epoch: [2/2] Iters:[13700/20018] transplant_loss 2.3909, rec_loss 0.0236, p_loss 0.1822, quant_error 0.2097, utilization 1.0000, perplexity 234.8627,
Train Epoch: [2/2] Iters:[13710/20018] transplant_loss 2.3904, rec_loss 0.0237, p_loss 0.1814, quant_error 0.2100, utilization 1.0000, perplexity 234.6934,
Train Epoch: [2/2] Iters:[13720/20018] transplant_loss 2.3860, rec_loss 0.0238, p_loss 0.1813, quant_error 0.2093, utilization 1.0000, perplexity 235.2394,
Train Epoch: [2/2] Iters:[13730/20018] transplant_loss 2.4016, rec_loss 0.0241, p_loss 0.1827, quant_error 0.2113, utilization 1.0000, perplexity 235.7059,
Train Epoch: [2/2] Iters:[13740/20018] transplant_loss 2.3852, rec_loss 0.0237, p_loss 0.1822, quant_error 0.2090, utilization 1.0000, perplexity 235.7753,
Train Epoch: [2/2] Iters:[13750/20018] transplant_loss 2.3851, rec_loss 0.0238, p_loss 0.1825, quant_error 0.2086, utilization 1.0000, perplexity 235.6589,
Train Epoch: [2/2] Iters:[13760/20018] transplant_loss 2.3759, rec_loss 0.0235, p_loss 0.1828, quant_error 0.2074, utilization 1.0000, perplexity 235.9830,
Train Epoch: [2/2] Iters:[13770/20018] transplant_loss 2.3668, rec_loss 0.0231, p_loss 0.1824, quant_error 0.2062, utilization 1.0000, perplexity 235.5125,
Train Epoch: [2/2] Iters:[13780/20018] transplant_loss 2.3553, rec_loss 0.0229, p_loss 0.1814, quant_error 0.2049, utilization 1.0000, perplexity 235.3672,
Train Epoch: [2/2] Iters:[13790/20018] transplant_loss 2.3855, rec_loss 0.0232, p_loss 0.1827, quant_error 0.2086, utilization 1.0000, perplexity 235.6970,
Train Epoch: [2/2] Iters:[13800/20018] transplant_loss 2.3801, rec_loss 0.0229, p_loss 0.1823, quant_error 0.2086, utilization 1.0000, perplexity 235.6897,
Train Epoch: [2/2] Iters:[13810/20018] transplant_loss 2.3822, rec_loss 0.0229, p_loss 0.1818, quant_error 0.2090, utilization 1.0000, perplexity 235.7353,
Train Epoch: [2/2] Iters:[13820/20018] transplant_loss 2.3916, rec_loss 0.0232, p_loss 0.1826, quant_error 0.2104, utilization 1.0000, perplexity 235.8198,
Train Epoch: [2/2] Iters:[13830/20018] transplant_loss 2.4057, rec_loss 0.0236, p_loss 0.1848, quant_error 0.2117, utilization 1.0000, perplexity 236.0473,
Train Epoch: [2/2] Iters:[13840/20018] transplant_loss 2.4013, rec_loss 0.0237, p_loss 0.1846, quant_error 0.2115, utilization 1.0000, perplexity 235.8992,
Train Epoch: [2/2] Iters:[13850/20018] transplant_loss 2.3858, rec_loss 0.0235, p_loss 0.1839, quant_error 0.2094, utilization 1.0000, perplexity 235.6919,
Train Epoch: [2/2] Iters:[13860/20018] transplant_loss 2.3734, rec_loss 0.0233, p_loss 0.1838, quant_error 0.2079, utilization 1.0000, perplexity 235.0947,
Train Epoch: [2/2] Iters:[13870/20018] transplant_loss 2.3759, rec_loss 0.0231, p_loss 0.1836, quant_error 0.2084, utilization 1.0000, perplexity 234.9744,
Train Epoch: [2/2] Iters:[13880/20018] transplant_loss 2.3689, rec_loss 0.0230, p_loss 0.1833, quant_error 0.2076, utilization 1.0000, perplexity 234.9364,
Train Epoch: [2/2] Iters:[13890/20018] transplant_loss 2.3787, rec_loss 0.0229, p_loss 0.1834, quant_error 0.2089, utilization 1.0000, perplexity 235.5210,
Train Epoch: [2/2] Iters:[13900/20018] transplant_loss 2.3919, rec_loss 0.0230, p_loss 0.1836, quant_error 0.2107, utilization 1.0000, perplexity 235.4292,
Train Epoch: [2/2] Iters:[13910/20018] transplant_loss 2.4136, rec_loss 0.0234, p_loss 0.1836, quant_error 0.2134, utilization 1.0000, perplexity 235.8813,
Train Epoch: [2/2] Iters:[13920/20018] transplant_loss 2.4140, rec_loss 0.0237, p_loss 0.1837, quant_error 0.2133, utilization 1.0000, perplexity 236.0862,
Train Epoch: [2/2] Iters:[13930/20018] transplant_loss 2.4031, rec_loss 0.0235, p_loss 0.1824, quant_error 0.2122, utilization 1.0000, perplexity 235.5947,
Train Epoch: [2/2] Iters:[13940/20018] transplant_loss 2.4002, rec_loss 0.0238, p_loss 0.1832, quant_error 0.2113, utilization 1.0000, perplexity 235.3859,
Train Epoch: [2/2] Iters:[13950/20018] transplant_loss 2.3847, rec_loss 0.0236, p_loss 0.1826, quant_error 0.2092, utilization 1.0000, perplexity 235.3734,
Train Epoch: [2/2] Iters:[13960/20018] transplant_loss 2.3570, rec_loss 0.0231, p_loss 0.1828, quant_error 0.2059, utilization 1.0000, perplexity 234.6661,
Train Epoch: [2/2] Iters:[13970/20018] transplant_loss 2.3425, rec_loss 0.0230, p_loss 0.1820, quant_error 0.2038, utilization 1.0000, perplexity 234.5255,
Train Epoch: [2/2] Iters:[13980/20018] transplant_loss 2.3542, rec_loss 0.0229, p_loss 0.1825, quant_error 0.2055, utilization 1.0000, perplexity 235.0427,
Train Epoch: [2/2] Iters:[13990/20018] transplant_loss 2.3508, rec_loss 0.0230, p_loss 0.1820, quant_error 0.2051, utilization 1.0000, perplexity 234.9832,
Train Epoch: [2/2] Iters:[14000/20018] transplant_loss 2.3537, rec_loss 0.0232, p_loss 0.1831, quant_error 0.2053, utilization 1.0000, perplexity 234.8307,
Train Epoch: [2/2] Iters:[14010/20018] transplant_loss 2.3611, rec_loss 0.0231, p_loss 0.1823, quant_error 0.2066, utilization 1.0000, perplexity 235.2294,
Train Epoch: [2/2] Iters:[14020/20018] transplant_loss 2.3809, rec_loss 0.0234, p_loss 0.1829, quant_error 0.2089, utilization 1.0000, perplexity 235.5183,
Train Epoch: [2/2] Iters:[14030/20018] transplant_loss 2.3842, rec_loss 0.0236, p_loss 0.1837, quant_error 0.2089, utilization 1.0000, perplexity 235.4472,
Train Epoch: [2/2] Iters:[14040/20018] transplant_loss 2.3616, rec_loss 0.0231, p_loss 0.1825, quant_error 0.2063, utilization 1.0000, perplexity 235.0964,
Train Epoch: [2/2] Iters:[14050/20018] transplant_loss 2.3656, rec_loss 0.0229, p_loss 0.1819, quant_error 0.2069, utilization 1.0000, perplexity 235.8261,
Train Epoch: [2/2] Iters:[14060/20018] transplant_loss 2.3658, rec_loss 0.0232, p_loss 0.1826, quant_error 0.2062, utilization 1.0000, perplexity 236.1752,
Train Epoch: [2/2] Iters:[14070/20018] transplant_loss 2.3531, rec_loss 0.0228, p_loss 0.1819, quant_error 0.2048, utilization 1.0000, perplexity 236.0883,
Train Epoch: [2/2] Iters:[14080/20018] transplant_loss 2.3343, rec_loss 0.0226, p_loss 0.1806, quant_error 0.2025, utilization 1.0000, perplexity 235.6874,
Train Epoch: [2/2] Iters:[14090/20018] transplant_loss 2.3468, rec_loss 0.0228, p_loss 0.1811, quant_error 0.2040, utilization 1.0000, perplexity 235.9173,
Train Epoch: [2/2] Iters:[14100/20018] transplant_loss 2.3372, rec_loss 0.0228, p_loss 0.1812, quant_error 0.2029, utilization 1.0000, perplexity 235.3047,
Train Epoch: [2/2] Iters:[14110/20018] transplant_loss 2.3315, rec_loss 0.0227, p_loss 0.1807, quant_error 0.2025, utilization 1.0000, perplexity 234.6143,
Train Epoch: [2/2] Iters:[14120/20018] transplant_loss 2.3320, rec_loss 0.0228, p_loss 0.1805, quant_error 0.2026, utilization 1.0000, perplexity 234.4699,
Train Epoch: [2/2] Iters:[14130/20018] transplant_loss 2.3490, rec_loss 0.0231, p_loss 0.1817, quant_error 0.2048, utilization 1.0000, perplexity 234.9749,
Train Epoch: [2/2] Iters:[14140/20018] transplant_loss 2.3440, rec_loss 0.0229, p_loss 0.1815, quant_error 0.2042, utilization 1.0000, perplexity 235.3305,
Train Epoch: [2/2] Iters:[14150/20018] transplant_loss 2.3517, rec_loss 0.0230, p_loss 0.1814, quant_error 0.2053, utilization 1.0000, perplexity 235.3720,
Train Epoch: [2/2] Iters:[14160/20018] transplant_loss 2.3625, rec_loss 0.0230, p_loss 0.1809, quant_error 0.2068, utilization 1.0000, perplexity 235.5725,
Train Epoch: [2/2] Iters:[14170/20018] transplant_loss 2.3679, rec_loss 0.0230, p_loss 0.1817, quant_error 0.2073, utilization 1.0000, perplexity 235.4924,
Train Epoch: [2/2] Iters:[14180/20018] transplant_loss 2.3839, rec_loss 0.0231, p_loss 0.1810, quant_error 0.2094, utilization 1.0000, perplexity 235.3902,
Train Epoch: [2/2] Iters:[14190/20018] transplant_loss 2.3777, rec_loss 0.0229, p_loss 0.1802, quant_error 0.2091, utilization 1.0000, perplexity 235.1414,
Train Epoch: [2/2] Iters:[14200/20018] transplant_loss 2.3863, rec_loss 0.0230, p_loss 0.1803, quant_error 0.2099, utilization 1.0000, perplexity 235.3560,
Train Epoch: [2/2] Iters:[14210/20018] transplant_loss 2.4076, rec_loss 0.0234, p_loss 0.1821, quant_error 0.2122, utilization 1.0000, perplexity 235.8598,
Train Epoch: [2/2] Iters:[14220/20018] transplant_loss 2.3912, rec_loss 0.0233, p_loss 0.1817, quant_error 0.2103, utilization 1.0000, perplexity 235.6958,
Train Epoch: [2/2] Iters:[14230/20018] transplant_loss 2.3684, rec_loss 0.0231, p_loss 0.1822, quant_error 0.2072, utilization 1.0000, perplexity 235.9231,
Train Epoch: [2/2] Iters:[14240/20018] transplant_loss 2.3714, rec_loss 0.0234, p_loss 0.1834, quant_error 0.2071, utilization 1.0000, perplexity 235.7180,
Train Epoch: [2/2] Iters:[14250/20018] transplant_loss 2.3592, rec_loss 0.0234, p_loss 0.1828, quant_error 0.2055, utilization 1.0000, perplexity 235.6644,
Train Epoch: [2/2] Iters:[14260/20018] transplant_loss 2.3417, rec_loss 0.0233, p_loss 0.1822, quant_error 0.2034, utilization 1.0000, perplexity 235.7388,
Train Epoch: [2/2] Iters:[14270/20018] transplant_loss 2.3549, rec_loss 0.0230, p_loss 0.1824, quant_error 0.2055, utilization 1.0000, perplexity 236.0134,
Train Epoch: [2/2] Iters:[14280/20018] transplant_loss 2.3497, rec_loss 0.0229, p_loss 0.1811, quant_error 0.2050, utilization 1.0000, perplexity 235.7487,
Train Epoch: [2/2] Iters:[14290/20018] transplant_loss 2.3624, rec_loss 0.0231, p_loss 0.1809, quant_error 0.2066, utilization 1.0000, perplexity 236.0771,
Train Epoch: [2/2] Iters:[14300/20018] transplant_loss 2.3584, rec_loss 0.0230, p_loss 0.1816, quant_error 0.2061, utilization 1.0000, perplexity 235.9226,
Train Epoch: [2/2] Iters:[14310/20018] transplant_loss 2.3717, rec_loss 0.0232, p_loss 0.1820, quant_error 0.2075, utilization 1.0000, perplexity 236.0703,
Train Epoch: [2/2] Iters:[14320/20018] transplant_loss 2.3742, rec_loss 0.0235, p_loss 0.1825, quant_error 0.2075, utilization 1.0000, perplexity 235.9556,
Train Epoch: [2/2] Iters:[14330/20018] transplant_loss 2.3757, rec_loss 0.0233, p_loss 0.1816, quant_error 0.2079, utilization 1.0000, perplexity 235.8165,
Train Epoch: [2/2] Iters:[14340/20018] transplant_loss 2.3613, rec_loss 0.0230, p_loss 0.1816, quant_error 0.2060, utilization 1.0000, perplexity 235.5411,
Train Epoch: [2/2] Iters:[14350/20018] transplant_loss 2.3817, rec_loss 0.0233, p_loss 0.1825, quant_error 0.2085, utilization 1.0000, perplexity 235.8553,
Train Epoch: [2/2] Iters:[14360/20018] transplant_loss 2.3717, rec_loss 0.0229, p_loss 0.1811, quant_error 0.2080, utilization 1.0000, perplexity 235.5432,
Train Epoch: [2/2] Iters:[14370/20018] transplant_loss 2.3808, rec_loss 0.0230, p_loss 0.1810, quant_error 0.2092, utilization 1.0000, perplexity 235.8918,
Train Epoch: [2/2] Iters:[14380/20018] transplant_loss 2.3877, rec_loss 0.0233, p_loss 0.1824, quant_error 0.2098, utilization 1.0000, perplexity 235.8799,
Train Epoch: [2/2] Iters:[14390/20018] transplant_loss 2.3903, rec_loss 0.0232, p_loss 0.1814, quant_error 0.2103, utilization 1.0000, perplexity 235.8372,
Train Epoch: [2/2] Iters:[14400/20018] transplant_loss 2.3988, rec_loss 0.0235, p_loss 0.1812, quant_error 0.2113, utilization 1.0000, perplexity 235.5366,
Train Epoch: [2/2] Iters:[14410/20018] transplant_loss 2.4108, rec_loss 0.0237, p_loss 0.1824, quant_error 0.2127, utilization 1.0000, perplexity 235.8125,
Train Epoch: [2/2] Iters:[14420/20018] transplant_loss 2.4041, rec_loss 0.0239, p_loss 0.1826, quant_error 0.2116, utilization 1.0000, perplexity 235.6992,
Train Epoch: [2/2] Iters:[14430/20018] transplant_loss 2.3902, rec_loss 0.0238, p_loss 0.1819, quant_error 0.2098, utilization 1.0000, perplexity 235.6073,
Train Epoch: [2/2] Iters:[14440/20018] transplant_loss 2.4188, rec_loss 0.0242, p_loss 0.1836, quant_error 0.2132, utilization 1.0000, perplexity 235.6645,
Train Epoch: [2/2] Iters:[14450/20018] transplant_loss 2.3939, rec_loss 0.0237, p_loss 0.1836, quant_error 0.2101, utilization 1.0000, perplexity 235.9653,
Train Epoch: [2/2] Iters:[14460/20018] transplant_loss 2.3762, rec_loss 0.0234, p_loss 0.1828, quant_error 0.2077, utilization 1.0000, perplexity 235.7097,
Train Epoch: [2/2] Iters:[14470/20018] transplant_loss 2.3758, rec_loss 0.0235, p_loss 0.1832, quant_error 0.2073, utilization 1.0000, perplexity 235.2916,
Train Epoch: [2/2] Iters:[14480/20018] transplant_loss 2.3892, rec_loss 0.0237, p_loss 0.1838, quant_error 0.2090, utilization 1.0000, perplexity 235.6364,
Train Epoch: [2/2] Iters:[14490/20018] transplant_loss 2.3841, rec_loss 0.0237, p_loss 0.1836, quant_error 0.2081, utilization 1.0000, perplexity 235.9702,
Train Epoch: [2/2] Iters:[14500/20018] transplant_loss 2.3923, rec_loss 0.0237, p_loss 0.1833, quant_error 0.2092, utilization 1.0000, perplexity 236.0297,
Train Epoch: [2/2] Iters:[14510/20018] transplant_loss 2.4085, rec_loss 0.0243, p_loss 0.1849, quant_error 0.2108, utilization 1.0000, perplexity 236.2097,
Train Epoch: [2/2] Iters:[14520/20018] transplant_loss 2.4142, rec_loss 0.0240, p_loss 0.1845, quant_error 0.2120, utilization 1.0000, perplexity 236.6123,
Train Epoch: [2/2] Iters:[14530/20018] transplant_loss 2.4321, rec_loss 0.0242, p_loss 0.1854, quant_error 0.2143, utilization 1.0000, perplexity 236.6948,
Train Epoch: [2/2] Iters:[14540/20018] transplant_loss 2.4170, rec_loss 0.0238, p_loss 0.1855, quant_error 0.2128, utilization 1.0000, perplexity 236.7277,
Train Epoch: [2/2] Iters:[14550/20018] transplant_loss 2.4194, rec_loss 0.0240, p_loss 0.1858, quant_error 0.2131, utilization 1.0000, perplexity 236.6750,
Train Epoch: [2/2] Iters:[14560/20018] transplant_loss 2.4194, rec_loss 0.0238, p_loss 0.1859, quant_error 0.2133, utilization 1.0000, perplexity 236.7637,
Train Epoch: [2/2] Iters:[14570/20018] transplant_loss 2.4074, rec_loss 0.0239, p_loss 0.1857, quant_error 0.2119, utilization 1.0000, perplexity 236.5423,
Train Epoch: [2/2] Iters:[14580/20018] transplant_loss 2.3891, rec_loss 0.0238, p_loss 0.1860, quant_error 0.2096, utilization 1.0000, perplexity 236.2338,
Train Epoch: [2/2] Iters:[14590/20018] transplant_loss 2.3934, rec_loss 0.0239, p_loss 0.1855, quant_error 0.2101, utilization 1.0000, perplexity 236.1710,
Train Epoch: [2/2] Iters:[14600/20018] transplant_loss 2.3934, rec_loss 0.0238, p_loss 0.1858, quant_error 0.2101, utilization 1.0000, perplexity 236.1515,
Train Epoch: [2/2] Iters:[14610/20018] transplant_loss 2.3731, rec_loss 0.0235, p_loss 0.1840, quant_error 0.2080, utilization 1.0000, perplexity 235.6205,
Train Epoch: [2/2] Iters:[14620/20018] transplant_loss 2.3825, rec_loss 0.0233, p_loss 0.1840, quant_error 0.2094, utilization 1.0000, perplexity 235.7355,
Train Epoch: [2/2] Iters:[14630/20018] transplant_loss 2.3997, rec_loss 0.0235, p_loss 0.1837, quant_error 0.2115, utilization 1.0000, perplexity 236.1256,
Train Epoch: [2/2] Iters:[14640/20018] transplant_loss 2.3878, rec_loss 0.0236, p_loss 0.1833, quant_error 0.2097, utilization 1.0000, perplexity 235.5975,
Train Epoch: [2/2] Iters:[14650/20018] transplant_loss 2.3842, rec_loss 0.0233, p_loss 0.1822, quant_error 0.2096, utilization 1.0000, perplexity 235.3052,
Train Epoch: [2/2] Iters:[14660/20018] transplant_loss 2.3750, rec_loss 0.0231, p_loss 0.1814, quant_error 0.2084, utilization 1.0000, perplexity 235.0855,
Train Epoch: [2/2] Iters:[14670/20018] transplant_loss 2.3712, rec_loss 0.0229, p_loss 0.1806, quant_error 0.2078, utilization 1.0000, perplexity 234.5997,
Train Epoch: [2/2] Iters:[14680/20018] transplant_loss 2.3491, rec_loss 0.0226, p_loss 0.1801, quant_error 0.2051, utilization 1.0000, perplexity 234.2097,
Train Epoch: [2/2] Iters:[14690/20018] transplant_loss 2.3563, rec_loss 0.0226, p_loss 0.1806, quant_error 0.2061, utilization 1.0000, perplexity 234.6929,
Train Epoch: [2/2] Iters:[14700/20018] transplant_loss 2.3555, rec_loss 0.0227, p_loss 0.1805, quant_error 0.2058, utilization 1.0000, perplexity 234.4385,
Train Epoch: [2/2] Iters:[14710/20018] transplant_loss 2.3695, rec_loss 0.0231, p_loss 0.1818, quant_error 0.2072, utilization 1.0000, perplexity 234.8542,
Train Epoch: [2/2] Iters:[14720/20018] transplant_loss 2.3819, rec_loss 0.0236, p_loss 0.1832, quant_error 0.2086, utilization 1.0000, perplexity 235.3103,
Train Epoch: [2/2] Iters:[14730/20018] transplant_loss 2.3749, rec_loss 0.0233, p_loss 0.1826, quant_error 0.2080, utilization 1.0000, perplexity 235.5073,
Train Epoch: [2/2] Iters:[14740/20018] transplant_loss 2.3907, rec_loss 0.0237, p_loss 0.1832, quant_error 0.2099, utilization 1.0000, perplexity 235.4883,
Train Epoch: [2/2] Iters:[14750/20018] transplant_loss 2.3967, rec_loss 0.0238, p_loss 0.1835, quant_error 0.2106, utilization 1.0000, perplexity 235.7798,
Train Epoch: [2/2] Iters:[14760/20018] transplant_loss 2.3999, rec_loss 0.0237, p_loss 0.1838, quant_error 0.2110, utilization 1.0000, perplexity 235.9072,
Train Epoch: [2/2] Iters:[14770/20018] transplant_loss 2.3692, rec_loss 0.0231, p_loss 0.1822, quant_error 0.2072, utilization 1.0000, perplexity 235.4255,
Train Epoch: [2/2] Iters:[14780/20018] transplant_loss 2.3832, rec_loss 0.0236, p_loss 0.1830, quant_error 0.2087, utilization 1.0000, perplexity 235.5394,
Train Epoch: [2/2] Iters:[14790/20018] transplant_loss 2.3600, rec_loss 0.0229, p_loss 0.1814, quant_error 0.2063, utilization 1.0000, perplexity 235.1457,
Train Epoch: [2/2] Iters:[14800/20018] transplant_loss 2.3566, rec_loss 0.0226, p_loss 0.1815, quant_error 0.2061, utilization 1.0000, perplexity 235.1727,
Train Epoch: [2/2] Iters:[14810/20018] transplant_loss 2.3504, rec_loss 0.0224, p_loss 0.1805, quant_error 0.2056, utilization 1.0000, perplexity 234.3442,
Train Epoch: [2/2] Iters:[14820/20018] transplant_loss 2.3755, rec_loss 0.0228, p_loss 0.1816, quant_error 0.2087, utilization 1.0000, perplexity 234.8887,
Train Epoch: [2/2] Iters:[14830/20018] transplant_loss 2.3939, rec_loss 0.0229, p_loss 0.1816, quant_error 0.2112, utilization 1.0000, perplexity 235.0968,
Train Epoch: [2/2] Iters:[14840/20018] transplant_loss 2.3976, rec_loss 0.0233, p_loss 0.1824, quant_error 0.2112, utilization 1.0000, perplexity 234.8168,
Train Epoch: [2/2] Iters:[14850/20018] transplant_loss 2.4130, rec_loss 0.0236, p_loss 0.1837, quant_error 0.2131, utilization 1.0000, perplexity 235.5814,
Train Epoch: [2/2] Iters:[14860/20018] transplant_loss 2.4112, rec_loss 0.0237, p_loss 0.1836, quant_error 0.2126, utilization 1.0000, perplexity 236.5060,
Train Epoch: [2/2] Iters:[14870/20018] transplant_loss 2.4110, rec_loss 0.0239, p_loss 0.1841, quant_error 0.2122, utilization 1.0000, perplexity 236.2636,
Train Epoch: [2/2] Iters:[14880/20018] transplant_loss 2.3933, rec_loss 0.0242, p_loss 0.1849, quant_error 0.2097, utilization 1.0000, perplexity 235.6077,
Train Epoch: [2/2] Iters:[14890/20018] transplant_loss 2.4019, rec_loss 0.0243, p_loss 0.1852, quant_error 0.2109, utilization 1.0000, perplexity 235.8235,
Train Epoch: [2/2] Iters:[14900/20018] transplant_loss 2.3978, rec_loss 0.0243, p_loss 0.1853, quant_error 0.2102, utilization 1.0000, perplexity 235.5410,
Train Epoch: [2/2] Iters:[14910/20018] transplant_loss 2.4225, rec_loss 0.0246, p_loss 0.1868, quant_error 0.2133, utilization 1.0000, perplexity 235.5387,
Train Epoch: [2/2] Iters:[14920/20018] transplant_loss 2.4183, rec_loss 0.0245, p_loss 0.1863, quant_error 0.2128, utilization 1.0000, perplexity 236.1060,
Train Epoch: [2/2] Iters:[14930/20018] transplant_loss 2.4173, rec_loss 0.0240, p_loss 0.1857, quant_error 0.2129, utilization 1.0000, perplexity 236.0096,
Train Epoch: [2/2] Iters:[14940/20018] transplant_loss 2.4062, rec_loss 0.0237, p_loss 0.1856, quant_error 0.2113, utilization 1.0000, perplexity 236.5791,
Train Epoch: [2/2] Iters:[14950/20018] transplant_loss 2.3881, rec_loss 0.0235, p_loss 0.1842, quant_error 0.2092, utilization 1.0000, perplexity 235.8930,
Train Epoch: [2/2] Iters:[14960/20018] transplant_loss 2.3627, rec_loss 0.0234, p_loss 0.1836, quant_error 0.2056, utilization 1.0000, perplexity 235.5358,
Train Epoch: [2/2] Iters:[14970/20018] transplant_loss 2.3727, rec_loss 0.0235, p_loss 0.1841, quant_error 0.2071, utilization 1.0000, perplexity 235.6038,
Train Epoch: [2/2] Iters:[14980/20018] transplant_loss 2.3832, rec_loss 0.0235, p_loss 0.1830, quant_error 0.2084, utilization 1.0000, perplexity 236.0133,
Train Epoch: [2/2] Iters:[14990/20018] transplant_loss 2.3922, rec_loss 0.0236, p_loss 0.1838, quant_error 0.2096, utilization 1.0000, perplexity 235.4526,
Train Epoch: [2/2] Iters:[15000/20018] transplant_loss 2.3930, rec_loss 0.0236, p_loss 0.1840, quant_error 0.2097, utilization 1.0000, perplexity 235.6959,
Train Epoch: [2/2] Iters:[15010/20018] transplant_loss 2.3915, rec_loss 0.0231, p_loss 0.1835, quant_error 0.2100, utilization 1.0000, perplexity 235.8449,
Train Epoch: [2/2] Iters:[15020/20018] transplant_loss 2.3812, rec_loss 0.0229, p_loss 0.1823, quant_error 0.2085, utilization 1.0000, perplexity 235.1952,
Train Epoch: [2/2] Iters:[15030/20018] transplant_loss 2.3581, rec_loss 0.0225, p_loss 0.1823, quant_error 0.2058, utilization 1.0000, perplexity 234.5749,
Train Epoch: [2/2] Iters:[15040/20018] transplant_loss 2.3579, rec_loss 0.0226, p_loss 0.1813, quant_error 0.2056, utilization 1.0000, perplexity 234.6777,
Train Epoch: [2/2] Iters:[15050/20018] transplant_loss 2.3695, rec_loss 0.0229, p_loss 0.1811, quant_error 0.2071, utilization 1.0000, perplexity 234.8462,
Train Epoch: [2/2] Iters:[15060/20018] transplant_loss 2.3853, rec_loss 0.0235, p_loss 0.1808, quant_error 0.2090, utilization 1.0000, perplexity 234.8362,
Train Epoch: [2/2] Iters:[15070/20018] transplant_loss 2.3953, rec_loss 0.0237, p_loss 0.1815, quant_error 0.2103, utilization 1.0000, perplexity 235.3724,
Train Epoch: [2/2] Iters:[15080/20018] transplant_loss 2.4186, rec_loss 0.0244, p_loss 0.1833, quant_error 0.2127, utilization 1.0000, perplexity 236.1674,
Train Epoch: [2/2] Iters:[15090/20018] transplant_loss 2.4104, rec_loss 0.0243, p_loss 0.1825, quant_error 0.2116, utilization 1.0000, perplexity 236.3430,
Train Epoch: [2/2] Iters:[15100/20018] transplant_loss 2.4033, rec_loss 0.0239, p_loss 0.1814, quant_error 0.2111, utilization 1.0000, perplexity 235.8457,
Train Epoch: [2/2] Iters:[15110/20018] transplant_loss 2.3986, rec_loss 0.0235, p_loss 0.1829, quant_error 0.2106, utilization 1.0000, perplexity 236.1358,
Train Epoch: [2/2] Iters:[15120/20018] transplant_loss 2.3973, rec_loss 0.0235, p_loss 0.1824, quant_error 0.2105, utilization 1.0000, perplexity 235.9272,
Train Epoch: [2/2] Iters:[15130/20018] transplant_loss 2.3859, rec_loss 0.0230, p_loss 0.1811, quant_error 0.2096, utilization 1.0000, perplexity 235.6727,
Train Epoch: [2/2] Iters:[15140/20018] transplant_loss 2.3993, rec_loss 0.0232, p_loss 0.1825, quant_error 0.2113, utilization 1.0000, perplexity 235.6386,
Train Epoch: [2/2] Iters:[15150/20018] transplant_loss 2.4151, rec_loss 0.0234, p_loss 0.1834, quant_error 0.2131, utilization 1.0000, perplexity 236.4557,
Train Epoch: [2/2] Iters:[15160/20018] transplant_loss 2.4114, rec_loss 0.0236, p_loss 0.1829, quant_error 0.2127, utilization 1.0000, perplexity 235.8525,
Train Epoch: [2/2] Iters:[15170/20018] transplant_loss 2.3984, rec_loss 0.0232, p_loss 0.1823, quant_error 0.2114, utilization 1.0000, perplexity 235.9466,
Train Epoch: [2/2] Iters:[15180/20018] transplant_loss 2.4113, rec_loss 0.0233, p_loss 0.1827, quant_error 0.2131, utilization 1.0000, perplexity 235.8121,
Train Epoch: [2/2] Iters:[15190/20018] transplant_loss 2.4144, rec_loss 0.0232, p_loss 0.1823, quant_error 0.2136, utilization 1.0000, perplexity 235.8892,
Train Epoch: [2/2] Iters:[15200/20018] transplant_loss 2.4012, rec_loss 0.0229, p_loss 0.1819, quant_error 0.2119, utilization 1.0000, perplexity 235.1011,
Train Epoch: [2/2] Iters:[15210/20018] transplant_loss 2.4241, rec_loss 0.0229, p_loss 0.1820, quant_error 0.2148, utilization 1.0000, perplexity 235.7140,
Train Epoch: [2/2] Iters:[15220/20018] transplant_loss 2.4215, rec_loss 0.0231, p_loss 0.1817, quant_error 0.2142, utilization 1.0000, perplexity 235.2314,
Train Epoch: [2/2] Iters:[15230/20018] transplant_loss 2.4283, rec_loss 0.0235, p_loss 0.1825, quant_error 0.2146, utilization 1.0000, perplexity 235.5659,
Train Epoch: [2/2] Iters:[15240/20018] transplant_loss 2.4139, rec_loss 0.0233, p_loss 0.1825, quant_error 0.2129, utilization 1.0000, perplexity 235.6089,
Train Epoch: [2/2] Iters:[15250/20018] transplant_loss 2.4185, rec_loss 0.0237, p_loss 0.1837, quant_error 0.2133, utilization 1.0000, perplexity 236.1431,
Train Epoch: [2/2] Iters:[15260/20018] transplant_loss 2.3938, rec_loss 0.0235, p_loss 0.1835, quant_error 0.2100, utilization 1.0000, perplexity 235.6974,
Train Epoch: [2/2] Iters:[15270/20018] transplant_loss 2.4081, rec_loss 0.0237, p_loss 0.1843, quant_error 0.2117, utilization 1.0000, perplexity 236.1111,
Train Epoch: [2/2] Iters:[15280/20018] transplant_loss 2.3876, rec_loss 0.0232, p_loss 0.1825, quant_error 0.2095, utilization 1.0000, perplexity 235.6866,
Train Epoch: [2/2] Iters:[15290/20018] transplant_loss 2.3996, rec_loss 0.0237, p_loss 0.1834, quant_error 0.2105, utilization 1.0000, perplexity 235.5547,
Train Epoch: [2/2] Iters:[15300/20018] transplant_loss 2.3912, rec_loss 0.0234, p_loss 0.1818, quant_error 0.2097, utilization 1.0000, perplexity 235.0603,
Train Epoch: [2/2] Iters:[15310/20018] transplant_loss 2.4040, rec_loss 0.0237, p_loss 0.1822, quant_error 0.2111, utilization 1.0000, perplexity 234.9604,
Train Epoch: [2/2] Iters:[15320/20018] transplant_loss 2.4003, rec_loss 0.0239, p_loss 0.1836, quant_error 0.2101, utilization 1.0000, perplexity 235.2603,
Train Epoch: [2/2] Iters:[15330/20018] transplant_loss 2.4201, rec_loss 0.0243, p_loss 0.1848, quant_error 0.2124, utilization 1.0000, perplexity 235.6230,
Train Epoch: [2/2] Iters:[15340/20018] transplant_loss 2.4289, rec_loss 0.0241, p_loss 0.1841, quant_error 0.2137, utilization 1.0000, perplexity 235.5899,
Train Epoch: [2/2] Iters:[15350/20018] transplant_loss 2.4304, rec_loss 0.0242, p_loss 0.1857, quant_error 0.2137, utilization 1.0000, perplexity 236.0234,
Train Epoch: [2/2] Iters:[15360/20018] transplant_loss 2.4139, rec_loss 0.0237, p_loss 0.1846, quant_error 0.2118, utilization 1.0000, perplexity 236.0485,
Train Epoch: [2/2] Iters:[15370/20018] transplant_loss 2.4076, rec_loss 0.0234, p_loss 0.1836, quant_error 0.2116, utilization 1.0000, perplexity 235.9735,
Train Epoch: [2/2] Iters:[15380/20018] transplant_loss 2.3883, rec_loss 0.0230, p_loss 0.1824, quant_error 0.2097, utilization 1.0000, perplexity 235.7185,
Train Epoch: [2/2] Iters:[15390/20018] transplant_loss 2.3638, rec_loss 0.0229, p_loss 0.1819, quant_error 0.2068, utilization 1.0000, perplexity 235.6057,
Train Epoch: [2/2] Iters:[15400/20018] transplant_loss 2.3497, rec_loss 0.0226, p_loss 0.1806, quant_error 0.2056, utilization 1.0000, perplexity 235.0846,
Train Epoch: [2/2] Iters:[15410/20018] transplant_loss 2.3509, rec_loss 0.0229, p_loss 0.1808, quant_error 0.2056, utilization 1.0000, perplexity 235.4864,
Train Epoch: [2/2] Iters:[15420/20018] transplant_loss 2.3561, rec_loss 0.0230, p_loss 0.1801, quant_error 0.2064, utilization 1.0000, perplexity 235.4158,
Train Epoch: [2/2] Iters:[15430/20018] transplant_loss 2.3674, rec_loss 0.0233, p_loss 0.1813, quant_error 0.2071, utilization 1.0000, perplexity 235.3646,
Train Epoch: [2/2] Iters:[15440/20018] transplant_loss 2.3670, rec_loss 0.0232, p_loss 0.1813, quant_error 0.2068, utilization 1.0000, perplexity 235.1407,
Train Epoch: [2/2] Iters:[15450/20018] transplant_loss 2.3742, rec_loss 0.0235, p_loss 0.1818, quant_error 0.2074, utilization 1.0000, perplexity 235.1623,
Train Epoch: [2/2] Iters:[15460/20018] transplant_loss 2.3568, rec_loss 0.0233, p_loss 0.1809, quant_error 0.2052, utilization 1.0000, perplexity 234.2475,
Train Epoch: [2/2] Iters:[15470/20018] transplant_loss 2.3459, rec_loss 0.0231, p_loss 0.1810, quant_error 0.2038, utilization 1.0000, perplexity 234.0645,
Train Epoch: [2/2] Iters:[15480/20018] transplant_loss 2.3172, rec_loss 0.0226, p_loss 0.1795, quant_error 0.2007, utilization 1.0000, perplexity 233.7820,
Train Epoch: [2/2] Iters:[15490/20018] transplant_loss 2.3215, rec_loss 0.0225, p_loss 0.1793, quant_error 0.2016, utilization 1.0000, perplexity 233.9876,
Train Epoch: [2/2] Iters:[15500/20018] transplant_loss 2.3130, rec_loss 0.0222, p_loss 0.1790, quant_error 0.2006, utilization 1.0000, perplexity 233.7940,
Train Epoch: [2/2] Iters:[15510/20018] transplant_loss 2.3286, rec_loss 0.0226, p_loss 0.1804, quant_error 0.2023, utilization 1.0000, perplexity 234.0847,
Train Epoch: [2/2] Iters:[15520/20018] transplant_loss 2.3177, rec_loss 0.0222, p_loss 0.1793, quant_error 0.2013, utilization 1.0000, perplexity 233.9574,
Train Epoch: [2/2] Iters:[15530/20018] transplant_loss 2.3434, rec_loss 0.0226, p_loss 0.1801, quant_error 0.2042, utilization 1.0000, perplexity 234.3331,
Train Epoch: [2/2] Iters:[15540/20018] transplant_loss 2.3377, rec_loss 0.0227, p_loss 0.1805, quant_error 0.2031, utilization 1.0000, perplexity 234.7234,
Train Epoch: [2/2] Iters:[15550/20018] transplant_loss 2.3517, rec_loss 0.0229, p_loss 0.1803, quant_error 0.2049, utilization 1.0000, perplexity 234.5970,
Train Epoch: [2/2] Iters:[15560/20018] transplant_loss 2.3483, rec_loss 0.0227, p_loss 0.1800, quant_error 0.2046, utilization 1.0000, perplexity 234.2888,
Train Epoch: [2/2] Iters:[15570/20018] transplant_loss 2.3683, rec_loss 0.0232, p_loss 0.1818, quant_error 0.2065, utilization 1.0000, perplexity 234.4065,
Train Epoch: [2/2] Iters:[15580/20018] transplant_loss 2.3734, rec_loss 0.0231, p_loss 0.1824, quant_error 0.2074, utilization 1.0000, perplexity 234.3880,
Train Epoch: [2/2] Iters:[15590/20018] transplant_loss 2.3873, rec_loss 0.0233, p_loss 0.1824, quant_error 0.2095, utilization 1.0000, perplexity 233.8496,
Train Epoch: [2/2] Iters:[15600/20018] transplant_loss 2.3797, rec_loss 0.0233, p_loss 0.1838, quant_error 0.2083, utilization 1.0000, perplexity 234.9006,
Train Epoch: [2/2] Iters:[15610/20018] transplant_loss 2.3997, rec_loss 0.0236, p_loss 0.1845, quant_error 0.2109, utilization 1.0000, perplexity 235.9761,
Train Epoch: [2/2] Iters:[15620/20018] transplant_loss 2.4069, rec_loss 0.0235, p_loss 0.1847, quant_error 0.2121, utilization 1.0000, perplexity 236.3400,
Train Epoch: [2/2] Iters:[15630/20018] transplant_loss 2.3875, rec_loss 0.0235, p_loss 0.1839, quant_error 0.2094, utilization 1.0000, perplexity 236.3365,
Train Epoch: [2/2] Iters:[15640/20018] transplant_loss 2.3874, rec_loss 0.0233, p_loss 0.1838, quant_error 0.2095, utilization 1.0000, perplexity 236.4730,
Train Epoch: [2/2] Iters:[15650/20018] transplant_loss 2.4053, rec_loss 0.0236, p_loss 0.1833, quant_error 0.2120, utilization 1.0000, perplexity 236.1930,
Train Epoch: [2/2] Iters:[15660/20018] transplant_loss 2.4090, rec_loss 0.0236, p_loss 0.1825, quant_error 0.2124, utilization 1.0000, perplexity 236.0019,
Train Epoch: [2/2] Iters:[15670/20018] transplant_loss 2.4014, rec_loss 0.0237, p_loss 0.1818, quant_error 0.2112, utilization 1.0000, perplexity 235.0874,
Train Epoch: [2/2] Iters:[15680/20018] transplant_loss 2.4068, rec_loss 0.0237, p_loss 0.1823, quant_error 0.2120, utilization 1.0000, perplexity 234.8599,
Train Epoch: [2/2] Iters:[15690/20018] transplant_loss 2.3991, rec_loss 0.0237, p_loss 0.1819, quant_error 0.2110, utilization 1.0000, perplexity 235.1284,
Train Epoch: [2/2] Iters:[15700/20018] transplant_loss 2.4003, rec_loss 0.0239, p_loss 0.1823, quant_error 0.2106, utilization 1.0000, perplexity 235.2143,
Train Epoch: [2/2] Iters:[15710/20018] transplant_loss 2.3728, rec_loss 0.0234, p_loss 0.1816, quant_error 0.2072, utilization 1.0000, perplexity 234.7139,
Train Epoch: [2/2] Iters:[15720/20018] transplant_loss 2.3554, rec_loss 0.0230, p_loss 0.1814, quant_error 0.2052, utilization 1.0000, perplexity 235.4278,
Train Epoch: [2/2] Iters:[15730/20018] transplant_loss 2.3410, rec_loss 0.0227, p_loss 0.1805, quant_error 0.2035, utilization 1.0000, perplexity 235.7058,
Train Epoch: [2/2] Iters:[15740/20018] transplant_loss 2.3453, rec_loss 0.0229, p_loss 0.1809, quant_error 0.2038, utilization 1.0000, perplexity 235.7066,
Train Epoch: [2/2] Iters:[15750/20018] transplant_loss 2.3444, rec_loss 0.0225, p_loss 0.1800, quant_error 0.2044, utilization 1.0000, perplexity 235.2068,
Train Epoch: [2/2] Iters:[15760/20018] transplant_loss 2.3498, rec_loss 0.0224, p_loss 0.1799, quant_error 0.2053, utilization 1.0000, perplexity 235.4704,
Train Epoch: [2/2] Iters:[15770/20018] transplant_loss 2.3573, rec_loss 0.0225, p_loss 0.1800, quant_error 0.2062, utilization 1.0000, perplexity 235.2613,
Train Epoch: [2/2] Iters:[15780/20018] transplant_loss 2.3777, rec_loss 0.0228, p_loss 0.1806, quant_error 0.2088, utilization 1.0000, perplexity 235.2529,
Train Epoch: [2/2] Iters:[15790/20018] transplant_loss 2.3887, rec_loss 0.0229, p_loss 0.1817, quant_error 0.2103, utilization 1.0000, perplexity 235.0838,
Train Epoch: [2/2] Iters:[15800/20018] transplant_loss 2.3806, rec_loss 0.0231, p_loss 0.1826, quant_error 0.2085, utilization 1.0000, perplexity 235.3234,
Train Epoch: [2/2] Iters:[15810/20018] transplant_loss 2.3699, rec_loss 0.0229, p_loss 0.1825, quant_error 0.2071, utilization 1.0000, perplexity 235.3403,
Train Epoch: [2/2] Iters:[15820/20018] transplant_loss 2.3665, rec_loss 0.0229, p_loss 0.1828, quant_error 0.2065, utilization 1.0000, perplexity 235.2514,
Train Epoch: [2/2] Iters:[15830/20018] transplant_loss 2.3743, rec_loss 0.0229, p_loss 0.1830, quant_error 0.2074, utilization 1.0000, perplexity 235.4707,
Train Epoch: [2/2] Iters:[15840/20018] transplant_loss 2.3743, rec_loss 0.0230, p_loss 0.1827, quant_error 0.2074, utilization 1.0000, perplexity 235.6776,
Train Epoch: [2/2] Iters:[15850/20018] transplant_loss 2.3555, rec_loss 0.0225, p_loss 0.1809, quant_error 0.2054, utilization 1.0000, perplexity 235.4649,
Train Epoch: [2/2] Iters:[15860/20018] transplant_loss 2.3672, rec_loss 0.0226, p_loss 0.1807, quant_error 0.2071, utilization 1.0000, perplexity 235.2964,
Train Epoch: [2/2] Iters:[15870/20018] transplant_loss 2.3718, rec_loss 0.0228, p_loss 0.1801, quant_error 0.2078, utilization 1.0000, perplexity 235.0280,
Train Epoch: [2/2] Iters:[15880/20018] transplant_loss 2.3671, rec_loss 0.0228, p_loss 0.1809, quant_error 0.2072, utilization 1.0000, perplexity 235.1964,
Train Epoch: [2/2] Iters:[15890/20018] transplant_loss 2.3637, rec_loss 0.0227, p_loss 0.1805, quant_error 0.2070, utilization 1.0000, perplexity 235.3849,
Train Epoch: [2/2] Iters:[15900/20018] transplant_loss 2.4033, rec_loss 0.0236, p_loss 0.1818, quant_error 0.2116, utilization 1.0000, perplexity 235.8401,
Train Epoch: [2/2] Iters:[15910/20018] transplant_loss 2.4265, rec_loss 0.0242, p_loss 0.1824, quant_error 0.2141, utilization 1.0000, perplexity 235.9123,
Train Epoch: [2/2] Iters:[15920/20018] transplant_loss 2.4326, rec_loss 0.0240, p_loss 0.1821, quant_error 0.2152, utilization 1.0000, perplexity 236.1941,
Train Epoch: [2/2] Iters:[15930/20018] transplant_loss 2.4328, rec_loss 0.0243, p_loss 0.1811, quant_error 0.2149, utilization 1.0000, perplexity 236.1219,
Train Epoch: [2/2] Iters:[15940/20018] transplant_loss 2.4237, rec_loss 0.0240, p_loss 0.1807, quant_error 0.2137, utilization 1.0000, perplexity 235.8938,
Train Epoch: [2/2] Iters:[15950/20018] transplant_loss 2.4006, rec_loss 0.0234, p_loss 0.1803, quant_error 0.2112, utilization 1.0000, perplexity 235.5708,
Train Epoch: [2/2] Iters:[15960/20018] transplant_loss 2.3888, rec_loss 0.0231, p_loss 0.1813, quant_error 0.2099, utilization 1.0000, perplexity 235.6041,
Train Epoch: [2/2] Iters:[15970/20018] transplant_loss 2.3917, rec_loss 0.0234, p_loss 0.1831, quant_error 0.2101, utilization 1.0000, perplexity 235.8485,
Train Epoch: [2/2] Iters:[15980/20018] transplant_loss 2.3751, rec_loss 0.0228, p_loss 0.1831, quant_error 0.2087, utilization 1.0000, perplexity 235.3781,
Train Epoch: [2/2] Iters:[15990/20018] transplant_loss 2.3827, rec_loss 0.0228, p_loss 0.1819, quant_error 0.2101, utilization 1.0000, perplexity 235.1344,
Train Epoch: [2/2] Iters:[16000/20018] transplant_loss 2.3833, rec_loss 0.0230, p_loss 0.1815, quant_error 0.2099, utilization 1.0000, perplexity 235.0017,
Train Epoch: [2/2] Iters:[16010/20018] transplant_loss 2.3659, rec_loss 0.0228, p_loss 0.1803, quant_error 0.2074, utilization 1.0000, perplexity 235.2351,
Train Epoch: [2/2] Iters:[16020/20018] transplant_loss 2.3708, rec_loss 0.0228, p_loss 0.1787, quant_error 0.2080, utilization 1.0000, perplexity 235.0695,
Train Epoch: [2/2] Iters:[16030/20018] transplant_loss 2.3940, rec_loss 0.0235, p_loss 0.1791, quant_error 0.2104, utilization 1.0000, perplexity 235.5557,
Train Epoch: [2/2] Iters:[16040/20018] transplant_loss 2.3744, rec_loss 0.0234, p_loss 0.1804, quant_error 0.2073, utilization 1.0000, perplexity 235.5445,
Train Epoch: [2/2] Iters:[16050/20018] transplant_loss 2.3974, rec_loss 0.0237, p_loss 0.1808, quant_error 0.2100, utilization 1.0000, perplexity 236.2588,
Train Epoch: [2/2] Iters:[16060/20018] transplant_loss 2.4072, rec_loss 0.0240, p_loss 0.1820, quant_error 0.2111, utilization 1.0000, perplexity 236.1096,
Train Epoch: [2/2] Iters:[16070/20018] transplant_loss 2.3895, rec_loss 0.0237, p_loss 0.1820, quant_error 0.2092, utilization 1.0000, perplexity 236.1249,
Train Epoch: [2/2] Iters:[16080/20018] transplant_loss 2.3740, rec_loss 0.0234, p_loss 0.1814, quant_error 0.2072, utilization 1.0000, perplexity 236.0259,
Train Epoch: [2/2] Iters:[16090/20018] transplant_loss 2.3910, rec_loss 0.0236, p_loss 0.1814, quant_error 0.2096, utilization 1.0000, perplexity 236.0694,
Train Epoch: [2/2] Iters:[16100/20018] transplant_loss 2.3529, rec_loss 0.0231, p_loss 0.1805, quant_error 0.2050, utilization 1.0000, perplexity 235.0892,
Train Epoch: [2/2] Iters:[16110/20018] transplant_loss 2.3661, rec_loss 0.0231, p_loss 0.1805, quant_error 0.2067, utilization 1.0000, perplexity 235.4036,
Train Epoch: [2/2] Iters:[16120/20018] transplant_loss 2.3721, rec_loss 0.0234, p_loss 0.1810, quant_error 0.2069, utilization 1.0000, perplexity 235.2189,
Train Epoch: [2/2] Iters:[16130/20018] transplant_loss 2.3713, rec_loss 0.0232, p_loss 0.1809, quant_error 0.2071, utilization 1.0000, perplexity 235.0366,
Train Epoch: [2/2] Iters:[16140/20018] transplant_loss 2.3579, rec_loss 0.0232, p_loss 0.1808, quant_error 0.2052, utilization 1.0000, perplexity 235.0846,
Train Epoch: [2/2] Iters:[16150/20018] transplant_loss 2.3873, rec_loss 0.0236, p_loss 0.1835, quant_error 0.2088, utilization 1.0000, perplexity 235.4873,
Train Epoch: [2/2] Iters:[16160/20018] transplant_loss 2.3853, rec_loss 0.0237, p_loss 0.1834, quant_error 0.2085, utilization 1.0000, perplexity 235.2976,
Train Epoch: [2/2] Iters:[16170/20018] transplant_loss 2.3808, rec_loss 0.0233, p_loss 0.1831, quant_error 0.2082, utilization 1.0000, perplexity 235.3105,
Train Epoch: [2/2] Iters:[16180/20018] transplant_loss 2.3954, rec_loss 0.0236, p_loss 0.1838, quant_error 0.2100, utilization 1.0000, perplexity 235.3492,
Train Epoch: [2/2] Iters:[16190/20018] transplant_loss 2.3999, rec_loss 0.0235, p_loss 0.1831, quant_error 0.2105, utilization 1.0000, perplexity 235.2365,
Train Epoch: [2/2] Iters:[16200/20018] transplant_loss 2.3872, rec_loss 0.0233, p_loss 0.1813, quant_error 0.2089, utilization 1.0000, perplexity 234.9331,
Train Epoch: [2/2] Iters:[16210/20018] transplant_loss 2.3771, rec_loss 0.0233, p_loss 0.1818, quant_error 0.2076, utilization 1.0000, perplexity 234.7596,
Train Epoch: [2/2] Iters:[16220/20018] transplant_loss 2.3835, rec_loss 0.0234, p_loss 0.1821, quant_error 0.2086, utilization 1.0000, perplexity 234.8355,
Train Epoch: [2/2] Iters:[16230/20018] transplant_loss 2.3575, rec_loss 0.0228, p_loss 0.1806, quant_error 0.2054, utilization 1.0000, perplexity 235.2282,
Train Epoch: [2/2] Iters:[16240/20018] transplant_loss 2.3687, rec_loss 0.0228, p_loss 0.1811, quant_error 0.2071, utilization 1.0000, perplexity 235.1934,
Train Epoch: [2/2] Iters:[16250/20018] transplant_loss 2.3645, rec_loss 0.0226, p_loss 0.1798, quant_error 0.2067, utilization 1.0000, perplexity 235.1957,
Train Epoch: [2/2] Iters:[16260/20018] transplant_loss 2.3725, rec_loss 0.0225, p_loss 0.1784, quant_error 0.2079, utilization 1.0000, perplexity 235.2833,
Train Epoch: [2/2] Iters:[16270/20018] transplant_loss 2.3782, rec_loss 0.0230, p_loss 0.1786, quant_error 0.2079, utilization 1.0000, perplexity 235.5317,
Train Epoch: [2/2] Iters:[16280/20018] transplant_loss 2.3908, rec_loss 0.0234, p_loss 0.1800, quant_error 0.2093, utilization 1.0000, perplexity 234.6817,
Train Epoch: [2/2] Iters:[16290/20018] transplant_loss 2.3929, rec_loss 0.0238, p_loss 0.1799, quant_error 0.2095, utilization 1.0000, perplexity 234.7598,
Train Epoch: [2/2] Iters:[16300/20018] transplant_loss 2.3895, rec_loss 0.0238, p_loss 0.1811, quant_error 0.2090, utilization 1.0000, perplexity 235.1711,
Train Epoch: [2/2] Iters:[16310/20018] transplant_loss 2.3729, rec_loss 0.0236, p_loss 0.1811, quant_error 0.2072, utilization 1.0000, perplexity 235.0427,
Train Epoch: [2/2] Iters:[16320/20018] transplant_loss 2.3550, rec_loss 0.0232, p_loss 0.1810, quant_error 0.2052, utilization 1.0000, perplexity 234.7525,
Train Epoch: [2/2] Iters:[16330/20018] transplant_loss 2.3673, rec_loss 0.0233, p_loss 0.1806, quant_error 0.2069, utilization 1.0000, perplexity 235.4272,
Train Epoch: [2/2] Iters:[16340/20018] transplant_loss 2.3597, rec_loss 0.0228, p_loss 0.1811, quant_error 0.2060, utilization 1.0000, perplexity 235.4530,
Train Epoch: [2/2] Iters:[16350/20018] transplant_loss 2.3682, rec_loss 0.0227, p_loss 0.1815, quant_error 0.2075, utilization 1.0000, perplexity 235.3920,
Train Epoch: [2/2] Iters:[16360/20018] transplant_loss 2.3828, rec_loss 0.0229, p_loss 0.1828, quant_error 0.2095, utilization 1.0000, perplexity 235.6879,
Train Epoch: [2/2] Iters:[16370/20018] transplant_loss 2.3830, rec_loss 0.0228, p_loss 0.1829, quant_error 0.2096, utilization 1.0000, perplexity 235.6289,
Train Epoch: [2/2] Iters:[16380/20018] transplant_loss 2.3633, rec_loss 0.0225, p_loss 0.1827, quant_error 0.2073, utilization 1.0000, perplexity 235.3441,
Train Epoch: [2/2] Iters:[16390/20018] transplant_loss 2.3712, rec_loss 0.0228, p_loss 0.1828, quant_error 0.2081, utilization 1.0000, perplexity 235.6882,
Train Epoch: [2/2] Iters:[16400/20018] transplant_loss 2.3560, rec_loss 0.0228, p_loss 0.1818, quant_error 0.2059, utilization 1.0000, perplexity 235.3697,
Train Epoch: [2/2] Iters:[16410/20018] transplant_loss 2.3481, rec_loss 0.0227, p_loss 0.1803, quant_error 0.2045, utilization 1.0000, perplexity 235.3132,
Train Epoch: [2/2] Iters:[16420/20018] transplant_loss 2.3567, rec_loss 0.0227, p_loss 0.1798, quant_error 0.2058, utilization 1.0000, perplexity 235.3714,
Train Epoch: [2/2] Iters:[16430/20018] transplant_loss 2.3582, rec_loss 0.0229, p_loss 0.1800, quant_error 0.2056, utilization 1.0000, perplexity 235.3969,
Train Epoch: [2/2] Iters:[16440/20018] transplant_loss 2.3451, rec_loss 0.0225, p_loss 0.1806, quant_error 0.2041, utilization 1.0000, perplexity 235.3694,
Train Epoch: [2/2] Iters:[16450/20018] transplant_loss 2.3434, rec_loss 0.0226, p_loss 0.1803, quant_error 0.2039, utilization 1.0000, perplexity 235.4842,
Train Epoch: [2/2] Iters:[16460/20018] transplant_loss 2.3582, rec_loss 0.0230, p_loss 0.1812, quant_error 0.2056, utilization 1.0000, perplexity 235.2943,
Train Epoch: [2/2] Iters:[16470/20018] transplant_loss 2.3622, rec_loss 0.0231, p_loss 0.1815, quant_error 0.2059, utilization 1.0000, perplexity 235.5327,
Train Epoch: [2/2] Iters:[16480/20018] transplant_loss 2.3837, rec_loss 0.0232, p_loss 0.1823, quant_error 0.2091, utilization 1.0000, perplexity 235.6715,
Train Epoch: [2/2] Iters:[16490/20018] transplant_loss 2.3904, rec_loss 0.0236, p_loss 0.1816, quant_error 0.2098, utilization 1.0000, perplexity 235.4535,
Train Epoch: [2/2] Iters:[16500/20018] transplant_loss 2.3887, rec_loss 0.0234, p_loss 0.1830, quant_error 0.2095, utilization 1.0000, perplexity 235.7807,
Train Epoch: [2/2] Iters:[16510/20018] transplant_loss 2.3739, rec_loss 0.0232, p_loss 0.1829, quant_error 0.2077, utilization 1.0000, perplexity 236.1225,
Train Epoch: [2/2] Iters:[16520/20018] transplant_loss 2.3783, rec_loss 0.0231, p_loss 0.1829, quant_error 0.2084, utilization 1.0000, perplexity 236.1238,
Train Epoch: [2/2] Iters:[16530/20018] transplant_loss 2.3551, rec_loss 0.0228, p_loss 0.1819, quant_error 0.2051, utilization 1.0000, perplexity 235.8802,
Train Epoch: [2/2] Iters:[16540/20018] transplant_loss 2.3402, rec_loss 0.0226, p_loss 0.1812, quant_error 0.2032, utilization 1.0000, perplexity 235.8163,
Train Epoch: [2/2] Iters:[16550/20018] transplant_loss 2.3521, rec_loss 0.0230, p_loss 0.1813, quant_error 0.2047, utilization 1.0000, perplexity 235.5967,
Train Epoch: [2/2] Iters:[16560/20018] transplant_loss 2.3689, rec_loss 0.0231, p_loss 0.1819, quant_error 0.2070, utilization 1.0000, perplexity 235.5673,
Train Epoch: [2/2] Iters:[16570/20018] transplant_loss 2.3880, rec_loss 0.0236, p_loss 0.1834, quant_error 0.2088, utilization 1.0000, perplexity 235.9287,
Train Epoch: [2/2] Iters:[16580/20018] transplant_loss 2.4091, rec_loss 0.0238, p_loss 0.1848, quant_error 0.2115, utilization 1.0000, perplexity 236.1204,
Train Epoch: [2/2] Iters:[16590/20018] transplant_loss 2.4106, rec_loss 0.0235, p_loss 0.1848, quant_error 0.2120, utilization 1.0000, perplexity 235.9152,
Train Epoch: [2/2] Iters:[16600/20018] transplant_loss 2.4099, rec_loss 0.0234, p_loss 0.1840, quant_error 0.2120, utilization 1.0000, perplexity 236.3696,
Train Epoch: [2/2] Iters:[16610/20018] transplant_loss 2.3927, rec_loss 0.0231, p_loss 0.1834, quant_error 0.2099, utilization 1.0000, perplexity 235.9836,
Train Epoch: [2/2] Iters:[16620/20018] transplant_loss 2.3605, rec_loss 0.0225, p_loss 0.1819, quant_error 0.2063, utilization 1.0000, perplexity 235.4703,
Train Epoch: [2/2] Iters:[16630/20018] transplant_loss 2.3372, rec_loss 0.0224, p_loss 0.1803, quant_error 0.2033, utilization 1.0000, perplexity 235.3339,
Train Epoch: [2/2] Iters:[16640/20018] transplant_loss 2.3519, rec_loss 0.0226, p_loss 0.1815, quant_error 0.2050, utilization 1.0000, perplexity 235.9251,
Train Epoch: [2/2] Iters:[16650/20018] transplant_loss 2.3685, rec_loss 0.0227, p_loss 0.1818, quant_error 0.2073, utilization 1.0000, perplexity 235.7225,
Train Epoch: [2/2] Iters:[16660/20018] transplant_loss 2.3641, rec_loss 0.0225, p_loss 0.1813, quant_error 0.2070, utilization 1.0000, perplexity 235.5271,
Train Epoch: [2/2] Iters:[16670/20018] transplant_loss 2.3659, rec_loss 0.0227, p_loss 0.1813, quant_error 0.2073, utilization 1.0000, perplexity 234.9427,
Train Epoch: [2/2] Iters:[16680/20018] transplant_loss 2.3888, rec_loss 0.0231, p_loss 0.1826, quant_error 0.2100, utilization 1.0000, perplexity 235.0180,
Train Epoch: [2/2] Iters:[16690/20018] transplant_loss 2.3803, rec_loss 0.0231, p_loss 0.1819, quant_error 0.2087, utilization 1.0000, perplexity 234.8613,
Train Epoch: [2/2] Iters:[16700/20018] transplant_loss 2.3808, rec_loss 0.0230, p_loss 0.1824, quant_error 0.2087, utilization 1.0000, perplexity 234.5629,
Train Epoch: [2/2] Iters:[16710/20018] transplant_loss 2.3977, rec_loss 0.0233, p_loss 0.1827, quant_error 0.2105, utilization 1.0000, perplexity 235.0295,
Train Epoch: [2/2] Iters:[16720/20018] transplant_loss 2.4076, rec_loss 0.0233, p_loss 0.1827, quant_error 0.2118, utilization 1.0000, perplexity 235.7859,
Train Epoch: [2/2] Iters:[16730/20018] transplant_loss 2.4016, rec_loss 0.0230, p_loss 0.1824, quant_error 0.2114, utilization 1.0000, perplexity 235.5022,
Train Epoch: [2/2] Iters:[16740/20018] transplant_loss 2.3973, rec_loss 0.0228, p_loss 0.1821, quant_error 0.2112, utilization 1.0000, perplexity 235.3004,
Train Epoch: [2/2] Iters:[16750/20018] transplant_loss 2.3723, rec_loss 0.0223, p_loss 0.1809, quant_error 0.2085, utilization 1.0000, perplexity 235.3303,
Train Epoch: [2/2] Iters:[16760/20018] transplant_loss 2.3563, rec_loss 0.0222, p_loss 0.1802, quant_error 0.2062, utilization 1.0000, perplexity 234.5796,
Train Epoch: [2/2] Iters:[16770/20018] transplant_loss 2.3429, rec_loss 0.0222, p_loss 0.1797, quant_error 0.2044, utilization 1.0000, perplexity 234.5746,
Train Epoch: [2/2] Iters:[16780/20018] transplant_loss 2.3299, rec_loss 0.0218, p_loss 0.1786, quant_error 0.2030, utilization 1.0000, perplexity 234.4953,
Train Epoch: [2/2] Iters:[16790/20018] transplant_loss 2.3211, rec_loss 0.0218, p_loss 0.1783, quant_error 0.2020, utilization 1.0000, perplexity 234.0023,
Train Epoch: [2/2] Iters:[16800/20018] transplant_loss 2.3359, rec_loss 0.0224, p_loss 0.1793, quant_error 0.2029, utilization 1.0000, perplexity 234.7605,
Train Epoch: [2/2] Iters:[16810/20018] transplant_loss 2.3454, rec_loss 0.0226, p_loss 0.1799, quant_error 0.2042, utilization 1.0000, perplexity 235.5037,
Train Epoch: [2/2] Iters:[16820/20018] transplant_loss 2.3602, rec_loss 0.0231, p_loss 0.1813, quant_error 0.2061, utilization 1.0000, perplexity 235.4620,
Train Epoch: [2/2] Iters:[16830/20018] transplant_loss 2.3564, rec_loss 0.0230, p_loss 0.1797, quant_error 0.2058, utilization 1.0000, perplexity 235.4207,
Train Epoch: [2/2] Iters:[16840/20018] transplant_loss 2.3801, rec_loss 0.0233, p_loss 0.1801, quant_error 0.2083, utilization 1.0000, perplexity 235.9734,
Train Epoch: [2/2] Iters:[16850/20018] transplant_loss 2.3834, rec_loss 0.0233, p_loss 0.1800, quant_error 0.2088, utilization 1.0000, perplexity 235.2100,
Train Epoch: [2/2] Iters:[16860/20018] transplant_loss 2.3855, rec_loss 0.0234, p_loss 0.1802, quant_error 0.2089, utilization 1.0000, perplexity 235.0064,
Train Epoch: [2/2] Iters:[16870/20018] transplant_loss 2.3789, rec_loss 0.0232, p_loss 0.1798, quant_error 0.2079, utilization 1.0000, perplexity 235.2484,
Train Epoch: [2/2] Iters:[16880/20018] transplant_loss 2.3820, rec_loss 0.0236, p_loss 0.1817, quant_error 0.2076, utilization 1.0000, perplexity 235.5046,
Train Epoch: [2/2] Iters:[16890/20018] transplant_loss 2.3731, rec_loss 0.0236, p_loss 0.1832, quant_error 0.2062, utilization 1.0000, perplexity 235.5177,
Train Epoch: [2/2] Iters:[16900/20018] transplant_loss 2.3605, rec_loss 0.0234, p_loss 0.1823, quant_error 0.2049, utilization 1.0000, perplexity 235.3827,
Train Epoch: [2/2] Iters:[16910/20018] transplant_loss 2.3633, rec_loss 0.0234, p_loss 0.1824, quant_error 0.2054, utilization 1.0000, perplexity 235.6400,
Train Epoch: [2/2] Iters:[16920/20018] transplant_loss 2.3562, rec_loss 0.0231, p_loss 0.1820, quant_error 0.2047, utilization 1.0000, perplexity 235.1296,
Train Epoch: [2/2] Iters:[16930/20018] transplant_loss 2.3480, rec_loss 0.0229, p_loss 0.1818, quant_error 0.2039, utilization 1.0000, perplexity 234.8946,
Train Epoch: [2/2] Iters:[16940/20018] transplant_loss 2.3636, rec_loss 0.0232, p_loss 0.1821, quant_error 0.2063, utilization 1.0000, perplexity 234.7478,
Train Epoch: [2/2] Iters:[16950/20018] transplant_loss 2.3789, rec_loss 0.0236, p_loss 0.1832, quant_error 0.2079, utilization 1.0000, perplexity 234.8863,
Train Epoch: [2/2] Iters:[16960/20018] transplant_loss 2.3703, rec_loss 0.0233, p_loss 0.1827, quant_error 0.2068, utilization 1.0000, perplexity 234.7083,
Train Epoch: [2/2] Iters:[16970/20018] transplant_loss 2.3875, rec_loss 0.0235, p_loss 0.1830, quant_error 0.2090, utilization 1.0000, perplexity 235.0638,
Train Epoch: [2/2] Iters:[16980/20018] transplant_loss 2.4000, rec_loss 0.0236, p_loss 0.1833, quant_error 0.2105, utilization 1.0000, perplexity 235.3491,
Train Epoch: [2/2] Iters:[16990/20018] transplant_loss 2.3969, rec_loss 0.0235, p_loss 0.1820, quant_error 0.2099, utilization 1.0000, perplexity 235.7615,
Train Epoch: [2/2] Iters:[17000/20018] transplant_loss 2.3982, rec_loss 0.0234, p_loss 0.1814, quant_error 0.2101, utilization 1.0000, perplexity 235.4802,
Train Epoch: [2/2] Iters:[17010/20018] transplant_loss 2.4088, rec_loss 0.0238, p_loss 0.1818, quant_error 0.2114, utilization 1.0000, perplexity 235.7076,
Train Epoch: [2/2] Iters:[17020/20018] transplant_loss 2.3869, rec_loss 0.0235, p_loss 0.1814, quant_error 0.2087, utilization 1.0000, perplexity 235.6895,
Train Epoch: [2/2] Iters:[17030/20018] transplant_loss 2.3946, rec_loss 0.0235, p_loss 0.1823, quant_error 0.2096, utilization 1.0000, perplexity 235.6091,
Train Epoch: [2/2] Iters:[17040/20018] transplant_loss 2.4026, rec_loss 0.0239, p_loss 0.1839, quant_error 0.2102, utilization 1.0000, perplexity 236.0101,
Train Epoch: [2/2] Iters:[17050/20018] transplant_loss 2.3998, rec_loss 0.0240, p_loss 0.1844, quant_error 0.2099, utilization 1.0000, perplexity 236.7260,
Train Epoch: [2/2] Iters:[17060/20018] transplant_loss 2.3947, rec_loss 0.0238, p_loss 0.1849, quant_error 0.2095, utilization 1.0000, perplexity 236.1787,
Train Epoch: [2/2] Iters:[17070/20018] transplant_loss 2.4047, rec_loss 0.0240, p_loss 0.1855, quant_error 0.2107, utilization 1.0000, perplexity 236.0458,
Train Epoch: [2/2] Iters:[17080/20018] transplant_loss 2.3914, rec_loss 0.0239, p_loss 0.1849, quant_error 0.2092, utilization 1.0000, perplexity 236.1683,
Train Epoch: [2/2] Iters:[17090/20018] transplant_loss 2.3619, rec_loss 0.0231, p_loss 0.1831, quant_error 0.2062, utilization 1.0000, perplexity 235.4819,
Train Epoch: [2/2] Iters:[17100/20018] transplant_loss 2.3630, rec_loss 0.0229, p_loss 0.1829, quant_error 0.2062, utilization 1.0000, perplexity 235.5520,
Train Epoch: [2/2] Iters:[17110/20018] transplant_loss 2.3878, rec_loss 0.0231, p_loss 0.1831, quant_error 0.2092, utilization 1.0000, perplexity 236.3817,
Train Epoch: [2/2] Iters:[17120/20018] transplant_loss 2.3864, rec_loss 0.0234, p_loss 0.1836, quant_error 0.2086, utilization 1.0000, perplexity 235.8287,
Train Epoch: [2/2] Iters:[17130/20018] transplant_loss 2.4145, rec_loss 0.0239, p_loss 0.1839, quant_error 0.2122, utilization 1.0000, perplexity 235.7921,
Train Epoch: [2/2] Iters:[17140/20018] transplant_loss 2.4281, rec_loss 0.0241, p_loss 0.1841, quant_error 0.2139, utilization 1.0000, perplexity 235.4724,
Train Epoch: [2/2] Iters:[17150/20018] transplant_loss 2.4096, rec_loss 0.0240, p_loss 0.1841, quant_error 0.2116, utilization 1.0000, perplexity 235.1630,
Train Epoch: [2/2] Iters:[17160/20018] transplant_loss 2.3808, rec_loss 0.0238, p_loss 0.1837, quant_error 0.2080, utilization 1.0000, perplexity 234.6844,
Train Epoch: [2/2] Iters:[17170/20018] transplant_loss 2.4024, rec_loss 0.0236, p_loss 0.1830, quant_error 0.2111, utilization 1.0000, perplexity 235.4491,
Train Epoch: [2/2] Iters:[17180/20018] transplant_loss 2.3789, rec_loss 0.0232, p_loss 0.1820, quant_error 0.2079, utilization 1.0000, perplexity 235.5070,
Train Epoch: [2/2] Iters:[17190/20018] transplant_loss 2.3798, rec_loss 0.0233, p_loss 0.1822, quant_error 0.2078, utilization 1.0000, perplexity 235.8384,
Train Epoch: [2/2] Iters:[17200/20018] transplant_loss 2.3956, rec_loss 0.0231, p_loss 0.1817, quant_error 0.2104, utilization 1.0000, perplexity 236.1033,
Train Epoch: [2/2] Iters:[17210/20018] transplant_loss 2.4071, rec_loss 0.0232, p_loss 0.1815, quant_error 0.2119, utilization 1.0000, perplexity 236.1205,
Train Epoch: [2/2] Iters:[17220/20018] transplant_loss 2.3810, rec_loss 0.0229, p_loss 0.1805, quant_error 0.2086, utilization 1.0000, perplexity 235.8320,
Train Epoch: [2/2] Iters:[17230/20018] transplant_loss 2.3799, rec_loss 0.0232, p_loss 0.1813, quant_error 0.2087, utilization 1.0000, perplexity 235.8237,
Train Epoch: [2/2] Iters:[17240/20018] transplant_loss 2.3729, rec_loss 0.0228, p_loss 0.1806, quant_error 0.2079, utilization 1.0000, perplexity 235.7898,
Train Epoch: [2/2] Iters:[17250/20018] transplant_loss 2.3549, rec_loss 0.0227, p_loss 0.1805, quant_error 0.2056, utilization 1.0000, perplexity 235.3649,
Train Epoch: [2/2] Iters:[17260/20018] transplant_loss 2.3388, rec_loss 0.0225, p_loss 0.1802, quant_error 0.2036, utilization 1.0000, perplexity 235.6581,
Train Epoch: [2/2] Iters:[17270/20018] transplant_loss 2.3452, rec_loss 0.0224, p_loss 0.1805, quant_error 0.2045, utilization 1.0000, perplexity 235.6508,
Train Epoch: [2/2] Iters:[17280/20018] transplant_loss 2.3570, rec_loss 0.0226, p_loss 0.1808, quant_error 0.2058, utilization 1.0000, perplexity 235.5724,
Train Epoch: [2/2] Iters:[17290/20018] transplant_loss 2.3679, rec_loss 0.0229, p_loss 0.1819, quant_error 0.2071, utilization 1.0000, perplexity 235.9104,
Train Epoch: [2/2] Iters:[17300/20018] transplant_loss 2.3821, rec_loss 0.0234, p_loss 0.1827, quant_error 0.2083, utilization 1.0000, perplexity 236.1192,
Train Epoch: [2/2] Iters:[17310/20018] transplant_loss 2.3900, rec_loss 0.0235, p_loss 0.1832, quant_error 0.2092, utilization 1.0000, perplexity 235.9959,
Train Epoch: [2/2] Iters:[17320/20018] transplant_loss 2.4017, rec_loss 0.0240, p_loss 0.1839, quant_error 0.2104, utilization 1.0000, perplexity 236.3162,
Train Epoch: [2/2] Iters:[17330/20018] transplant_loss 2.4011, rec_loss 0.0241, p_loss 0.1833, quant_error 0.2102, utilization 1.0000, perplexity 236.0815,
Train Epoch: [2/2] Iters:[17340/20018] transplant_loss 2.3939, rec_loss 0.0240, p_loss 0.1823, quant_error 0.2092, utilization 1.0000, perplexity 235.7511,
Train Epoch: [2/2] Iters:[17350/20018] transplant_loss 2.3862, rec_loss 0.0236, p_loss 0.1818, quant_error 0.2088, utilization 1.0000, perplexity 235.5860,
Train Epoch: [2/2] Iters:[17360/20018] transplant_loss 2.3980, rec_loss 0.0238, p_loss 0.1821, quant_error 0.2101, utilization 1.0000, perplexity 235.3516,
Train Epoch: [2/2] Iters:[17370/20018] transplant_loss 2.3872, rec_loss 0.0235, p_loss 0.1819, quant_error 0.2087, utilization 1.0000, perplexity 235.1661,
Train Epoch: [2/2] Iters:[17380/20018] transplant_loss 2.3834, rec_loss 0.0231, p_loss 0.1821, quant_error 0.2082, utilization 1.0000, perplexity 235.6383,
Train Epoch: [2/2] Iters:[17390/20018] transplant_loss 2.3833, rec_loss 0.0229, p_loss 0.1827, quant_error 0.2086, utilization 1.0000, perplexity 235.5197,
Train Epoch: [2/2] Iters:[17400/20018] transplant_loss 2.4061, rec_loss 0.0232, p_loss 0.1830, quant_error 0.2115, utilization 1.0000, perplexity 236.0386,
Train Epoch: [2/2] Iters:[17410/20018] transplant_loss 2.3837, rec_loss 0.0228, p_loss 0.1822, quant_error 0.2088, utilization 1.0000, perplexity 236.0348,
Train Epoch: [2/2] Iters:[17420/20018] transplant_loss 2.3758, rec_loss 0.0229, p_loss 0.1820, quant_error 0.2079, utilization 1.0000, perplexity 236.1080,
Train Epoch: [2/2] Iters:[17430/20018] transplant_loss 2.3705, rec_loss 0.0229, p_loss 0.1814, quant_error 0.2073, utilization 1.0000, perplexity 236.5729,
Train Epoch: [2/2] Iters:[17440/20018] transplant_loss 2.3764, rec_loss 0.0229, p_loss 0.1803, quant_error 0.2079, utilization 1.0000, perplexity 236.7205,
Train Epoch: [2/2] Iters:[17450/20018] transplant_loss 2.3506, rec_loss 0.0228, p_loss 0.1808, quant_error 0.2044, utilization 1.0000, perplexity 236.2392,
Train Epoch: [2/2] Iters:[17460/20018] transplant_loss 2.3558, rec_loss 0.0229, p_loss 0.1812, quant_error 0.2049, utilization 1.0000, perplexity 236.0508,
Train Epoch: [2/2] Iters:[17470/20018] transplant_loss 2.3597, rec_loss 0.0228, p_loss 0.1815, quant_error 0.2053, utilization 1.0000, perplexity 235.9448,
Train Epoch: [2/2] Iters:[17480/20018] transplant_loss 2.3429, rec_loss 0.0224, p_loss 0.1805, quant_error 0.2036, utilization 1.0000, perplexity 234.5950,
Train Epoch: [2/2] Iters:[17490/20018] transplant_loss 2.3566, rec_loss 0.0227, p_loss 0.1819, quant_error 0.2052, utilization 1.0000, perplexity 234.6324,
Train Epoch: [2/2] Iters:[17500/20018] transplant_loss 2.3752, rec_loss 0.0228, p_loss 0.1814, quant_error 0.2075, utilization 1.0000, perplexity 234.8681,
Train Epoch: [2/2] Iters:[17510/20018] transplant_loss 2.3800, rec_loss 0.0229, p_loss 0.1809, quant_error 0.2084, utilization 1.0000, perplexity 235.3678,
Train Epoch: [2/2] Iters:[17520/20018] transplant_loss 2.4027, rec_loss 0.0232, p_loss 0.1816, quant_error 0.2112, utilization 1.0000, perplexity 235.4839,
Train Epoch: [2/2] Iters:[17530/20018] transplant_loss 2.4085, rec_loss 0.0233, p_loss 0.1817, quant_error 0.2118, utilization 1.0000, perplexity 236.2573,
Train Epoch: [2/2] Iters:[17540/20018] transplant_loss 2.3804, rec_loss 0.0230, p_loss 0.1806, quant_error 0.2084, utilization 1.0000, perplexity 235.8655,
Train Epoch: [2/2] Iters:[17550/20018] transplant_loss 2.3755, rec_loss 0.0231, p_loss 0.1804, quant_error 0.2078, utilization 1.0000, perplexity 235.6900,
Train Epoch: [2/2] Iters:[17560/20018] transplant_loss 2.3669, rec_loss 0.0226, p_loss 0.1802, quant_error 0.2072, utilization 1.0000, perplexity 235.5182,
Train Epoch: [2/2] Iters:[17570/20018] transplant_loss 2.3490, rec_loss 0.0223, p_loss 0.1795, quant_error 0.2051, utilization 1.0000, perplexity 235.2890,
Train Epoch: [2/2] Iters:[17580/20018] transplant_loss 2.3554, rec_loss 0.0223, p_loss 0.1792, quant_error 0.2060, utilization 1.0000, perplexity 235.4731,
Train Epoch: [2/2] Iters:[17590/20018] transplant_loss 2.3719, rec_loss 0.0225, p_loss 0.1801, quant_error 0.2078, utilization 1.0000, perplexity 236.0217,
Train Epoch: [2/2] Iters:[17600/20018] transplant_loss 2.3531, rec_loss 0.0220, p_loss 0.1800, quant_error 0.2056, utilization 1.0000, perplexity 236.1634,
Train Epoch: [2/2] Iters:[17610/20018] transplant_loss 2.3472, rec_loss 0.0223, p_loss 0.1802, quant_error 0.2045, utilization 1.0000, perplexity 235.6141,
Train Epoch: [2/2] Iters:[17620/20018] transplant_loss 2.3437, rec_loss 0.0225, p_loss 0.1800, quant_error 0.2037, utilization 1.0000, perplexity 235.9519,
Train Epoch: [2/2] Iters:[17630/20018] transplant_loss 2.3516, rec_loss 0.0230, p_loss 0.1813, quant_error 0.2042, utilization 1.0000, perplexity 235.5576,
Train Epoch: [2/2] Iters:[17640/20018] transplant_loss 2.3510, rec_loss 0.0232, p_loss 0.1818, quant_error 0.2040, utilization 1.0000, perplexity 235.8958,
Train Epoch: [2/2] Iters:[17650/20018] transplant_loss 2.3654, rec_loss 0.0234, p_loss 0.1825, quant_error 0.2055, utilization 1.0000, perplexity 235.8846,
Train Epoch: [2/2] Iters:[17660/20018] transplant_loss 2.3776, rec_loss 0.0236, p_loss 0.1829, quant_error 0.2071, utilization 1.0000, perplexity 236.2812,
Train Epoch: [2/2] Iters:[17670/20018] transplant_loss 2.3823, rec_loss 0.0233, p_loss 0.1827, quant_error 0.2079, utilization 1.0000, perplexity 236.2733,
Train Epoch: [2/2] Iters:[17680/20018] transplant_loss 2.3794, rec_loss 0.0230, p_loss 0.1826, quant_error 0.2078, utilization 1.0000, perplexity 236.5236,
Train Epoch: [2/2] Iters:[17690/20018] transplant_loss 2.3763, rec_loss 0.0228, p_loss 0.1825, quant_error 0.2078, utilization 1.0000, perplexity 236.1061,
Train Epoch: [2/2] Iters:[17700/20018] transplant_loss 2.3767, rec_loss 0.0229, p_loss 0.1820, quant_error 0.2079, utilization 1.0000, perplexity 236.1645,
Train Epoch: [2/2] Iters:[17710/20018] transplant_loss 2.3766, rec_loss 0.0228, p_loss 0.1825, quant_error 0.2079, utilization 1.0000, perplexity 235.9581,
Train Epoch: [2/2] Iters:[17720/20018] transplant_loss 2.3845, rec_loss 0.0231, p_loss 0.1820, quant_error 0.2091, utilization 1.0000, perplexity 235.9495,
Train Epoch: [2/2] Iters:[17730/20018] transplant_loss 2.3984, rec_loss 0.0235, p_loss 0.1832, quant_error 0.2105, utilization 1.0000, perplexity 236.2575,
Train Epoch: [2/2] Iters:[17740/20018] transplant_loss 2.3839, rec_loss 0.0235, p_loss 0.1822, quant_error 0.2084, utilization 1.0000, perplexity 236.1737,
Train Epoch: [2/2] Iters:[17750/20018] transplant_loss 2.3866, rec_loss 0.0236, p_loss 0.1819, quant_error 0.2090, utilization 1.0000, perplexity 235.9399,
Train Epoch: [2/2] Iters:[17760/20018] transplant_loss 2.3703, rec_loss 0.0234, p_loss 0.1803, quant_error 0.2072, utilization 1.0000, perplexity 235.6840,
Train Epoch: [2/2] Iters:[17770/20018] transplant_loss 2.3709, rec_loss 0.0232, p_loss 0.1814, quant_error 0.2072, utilization 1.0000, perplexity 235.4589,
Train Epoch: [2/2] Iters:[17780/20018] transplant_loss 2.3647, rec_loss 0.0229, p_loss 0.1812, quant_error 0.2067, utilization 1.0000, perplexity 235.1109,
Train Epoch: [2/2] Iters:[17790/20018] transplant_loss 2.3704, rec_loss 0.0229, p_loss 0.1814, quant_error 0.2074, utilization 1.0000, perplexity 235.0381,
Train Epoch: [2/2] Iters:[17800/20018] transplant_loss 2.3761, rec_loss 0.0230, p_loss 0.1820, quant_error 0.2079, utilization 1.0000, perplexity 235.3059,
Train Epoch: [2/2] Iters:[17810/20018] transplant_loss 2.3914, rec_loss 0.0231, p_loss 0.1826, quant_error 0.2097, utilization 1.0000, perplexity 235.7686,
Train Epoch: [2/2] Iters:[17820/20018] transplant_loss 2.4079, rec_loss 0.0235, p_loss 0.1836, quant_error 0.2114, utilization 1.0000, perplexity 236.2646,
Train Epoch: [2/2] Iters:[17830/20018] transplant_loss 2.4054, rec_loss 0.0234, p_loss 0.1825, quant_error 0.2113, utilization 1.0000, perplexity 236.3002,
Train Epoch: [2/2] Iters:[17840/20018] transplant_loss 2.4052, rec_loss 0.0232, p_loss 0.1826, quant_error 0.2116, utilization 1.0000, perplexity 236.1185,
Train Epoch: [2/2] Iters:[17850/20018] transplant_loss 2.3968, rec_loss 0.0231, p_loss 0.1826, quant_error 0.2106, utilization 1.0000, perplexity 236.0450,
Train Epoch: [2/2] Iters:[17860/20018] transplant_loss 2.4012, rec_loss 0.0234, p_loss 0.1830, quant_error 0.2109, utilization 1.0000, perplexity 236.2876,
Train Epoch: [2/2] Iters:[17870/20018] transplant_loss 2.3671, rec_loss 0.0228, p_loss 0.1815, quant_error 0.2069, utilization 1.0000, perplexity 235.7520,
Train Epoch: [2/2] Iters:[17880/20018] transplant_loss 2.3612, rec_loss 0.0228, p_loss 0.1822, quant_error 0.2058, utilization 1.0000, perplexity 235.8657,
Train Epoch: [2/2] Iters:[17890/20018] transplant_loss 2.3616, rec_loss 0.0230, p_loss 0.1818, quant_error 0.2057, utilization 1.0000, perplexity 235.9836,
Train Epoch: [2/2] Iters:[17900/20018] transplant_loss 2.3588, rec_loss 0.0230, p_loss 0.1817, quant_error 0.2052, utilization 1.0000, perplexity 235.9730,
Train Epoch: [2/2] Iters:[17910/20018] transplant_loss 2.3572, rec_loss 0.0228, p_loss 0.1817, quant_error 0.2053, utilization 1.0000, perplexity 235.6983,
Train Epoch: [2/2] Iters:[17920/20018] transplant_loss 2.3631, rec_loss 0.0228, p_loss 0.1814, quant_error 0.2062, utilization 1.0000, perplexity 235.6921,
Train Epoch: [2/2] Iters:[17930/20018] transplant_loss 2.3700, rec_loss 0.0230, p_loss 0.1816, quant_error 0.2071, utilization 1.0000, perplexity 235.6098,
Train Epoch: [2/2] Iters:[17940/20018] transplant_loss 2.3690, rec_loss 0.0228, p_loss 0.1814, quant_error 0.2070, utilization 1.0000, perplexity 235.5960,
Train Epoch: [2/2] Iters:[17950/20018] transplant_loss 2.3695, rec_loss 0.0230, p_loss 0.1817, quant_error 0.2069, utilization 1.0000, perplexity 235.4606,
Train Epoch: [2/2] Iters:[17960/20018] transplant_loss 2.3688, rec_loss 0.0232, p_loss 0.1820, quant_error 0.2066, utilization 1.0000, perplexity 235.6124,
Train Epoch: [2/2] Iters:[17970/20018] transplant_loss 2.3835, rec_loss 0.0236, p_loss 0.1831, quant_error 0.2082, utilization 1.0000, perplexity 235.9862,
Train Epoch: [2/2] Iters:[17980/20018] transplant_loss 2.3918, rec_loss 0.0238, p_loss 0.1827, quant_error 0.2094, utilization 1.0000, perplexity 236.0584,
Train Epoch: [2/2] Iters:[17990/20018] transplant_loss 2.4050, rec_loss 0.0241, p_loss 0.1836, quant_error 0.2110, utilization 1.0000, perplexity 236.2670,
Train Epoch: [2/2] Iters:[18000/20018] transplant_loss 2.4125, rec_loss 0.0240, p_loss 0.1832, quant_error 0.2121, utilization 1.0000, perplexity 236.3210,
Train Epoch: [2/2] Iters:[18010/20018] transplant_loss 2.4347, rec_loss 0.0243, p_loss 0.1839, quant_error 0.2145, utilization 1.0000, perplexity 236.8683,
Train Epoch: [2/2] Iters:[18020/20018] transplant_loss 2.4097, rec_loss 0.0237, p_loss 0.1829, quant_error 0.2116, utilization 1.0000, perplexity 236.1430,
Train Epoch: [2/2] Iters:[18030/20018] transplant_loss 2.3865, rec_loss 0.0233, p_loss 0.1821, quant_error 0.2089, utilization 1.0000, perplexity 235.5451,
Train Epoch: [2/2] Iters:[18040/20018] transplant_loss 2.3824, rec_loss 0.0234, p_loss 0.1822, quant_error 0.2082, utilization 1.0000, perplexity 235.7810,
Train Epoch: [2/2] Iters:[18050/20018] transplant_loss 2.3724, rec_loss 0.0235, p_loss 0.1823, quant_error 0.2067, utilization 1.0000, perplexity 235.7730,
Train Epoch: [2/2] Iters:[18060/20018] transplant_loss 2.3561, rec_loss 0.0231, p_loss 0.1811, quant_error 0.2052, utilization 1.0000, perplexity 235.1711,
Train Epoch: [2/2] Iters:[18070/20018] transplant_loss 2.3670, rec_loss 0.0235, p_loss 0.1814, quant_error 0.2063, utilization 1.0000, perplexity 235.5859,
Train Epoch: [2/2] Iters:[18080/20018] transplant_loss 2.3823, rec_loss 0.0237, p_loss 0.1823, quant_error 0.2078, utilization 1.0000, perplexity 236.2784,
Train Epoch: [2/2] Iters:[18090/20018] transplant_loss 2.3891, rec_loss 0.0234, p_loss 0.1819, quant_error 0.2091, utilization 1.0000, perplexity 235.8549,
Train Epoch: [2/2] Iters:[18100/20018] transplant_loss 2.3804, rec_loss 0.0230, p_loss 0.1816, quant_error 0.2083, utilization 1.0000, perplexity 235.7739,
Train Epoch: [2/2] Iters:[18110/20018] transplant_loss 2.3813, rec_loss 0.0231, p_loss 0.1822, quant_error 0.2081, utilization 1.0000, perplexity 235.9433,
Train Epoch: [2/2] Iters:[18120/20018] transplant_loss 2.3959, rec_loss 0.0233, p_loss 0.1823, quant_error 0.2099, utilization 1.0000, perplexity 236.1936,
Train Epoch: [2/2] Iters:[18130/20018] transplant_loss 2.3826, rec_loss 0.0229, p_loss 0.1813, quant_error 0.2085, utilization 1.0000, perplexity 235.7303,
Train Epoch: [2/2] Iters:[18140/20018] transplant_loss 2.3710, rec_loss 0.0228, p_loss 0.1809, quant_error 0.2069, utilization 1.0000, perplexity 236.0304,
Train Epoch: [2/2] Iters:[18150/20018] transplant_loss 2.3727, rec_loss 0.0228, p_loss 0.1801, quant_error 0.2075, utilization 1.0000, perplexity 235.6230,
Train Epoch: [2/2] Iters:[18160/20018] transplant_loss 2.3521, rec_loss 0.0226, p_loss 0.1790, quant_error 0.2050, utilization 1.0000, perplexity 234.8747,
Train Epoch: [2/2] Iters:[18170/20018] transplant_loss 2.3501, rec_loss 0.0227, p_loss 0.1798, quant_error 0.2045, utilization 1.0000, perplexity 234.9805,
Train Epoch: [2/2] Iters:[18180/20018] transplant_loss 2.3619, rec_loss 0.0229, p_loss 0.1803, quant_error 0.2058, utilization 1.0000, perplexity 235.0281,
Train Epoch: [2/2] Iters:[18190/20018] transplant_loss 2.3560, rec_loss 0.0230, p_loss 0.1808, quant_error 0.2049, utilization 1.0000, perplexity 234.9706,
Train Epoch: [2/2] Iters:[18200/20018] transplant_loss 2.3622, rec_loss 0.0230, p_loss 0.1817, quant_error 0.2053, utilization 1.0000, perplexity 235.1512,
Train Epoch: [2/2] Iters:[18210/20018] transplant_loss 2.3605, rec_loss 0.0227, p_loss 0.1814, quant_error 0.2056, utilization 1.0000, perplexity 235.6012,
Train Epoch: [2/2] Iters:[18220/20018] transplant_loss 2.3490, rec_loss 0.0223, p_loss 0.1805, quant_error 0.2046, utilization 1.0000, perplexity 235.2773,
Train Epoch: [2/2] Iters:[18230/20018] transplant_loss 2.3426, rec_loss 0.0222, p_loss 0.1802, quant_error 0.2038, utilization 1.0000, perplexity 235.3962,
Train Epoch: [2/2] Iters:[18240/20018] transplant_loss 2.3647, rec_loss 0.0225, p_loss 0.1799, quant_error 0.2065, utilization 1.0000, perplexity 235.1046,
Train Epoch: [2/2] Iters:[18250/20018] transplant_loss 2.3655, rec_loss 0.0226, p_loss 0.1799, quant_error 0.2067, utilization 1.0000, perplexity 235.5477,
Train Epoch: [2/2] Iters:[18260/20018] transplant_loss 2.3823, rec_loss 0.0230, p_loss 0.1807, quant_error 0.2085, utilization 1.0000, perplexity 236.0316,
Train Epoch: [2/2] Iters:[18270/20018] transplant_loss 2.3859, rec_loss 0.0231, p_loss 0.1801, quant_error 0.2089, utilization 1.0000, perplexity 235.8719,
Train Epoch: [2/2] Iters:[18280/20018] transplant_loss 2.3941, rec_loss 0.0235, p_loss 0.1809, quant_error 0.2098, utilization 1.0000, perplexity 236.0675,
Train Epoch: [2/2] Iters:[18290/20018] transplant_loss 2.3853, rec_loss 0.0235, p_loss 0.1819, quant_error 0.2085, utilization 1.0000, perplexity 236.0942,
Train Epoch: [2/2] Iters:[18300/20018] transplant_loss 2.3792, rec_loss 0.0234, p_loss 0.1819, quant_error 0.2076, utilization 1.0000, perplexity 235.5367,
Train Epoch: [2/2] Iters:[18310/20018] transplant_loss 2.3760, rec_loss 0.0233, p_loss 0.1817, quant_error 0.2073, utilization 1.0000, perplexity 235.1531,
Train Epoch: [2/2] Iters:[18320/20018] transplant_loss 2.3831, rec_loss 0.0235, p_loss 0.1824, quant_error 0.2080, utilization 1.0000, perplexity 235.5786,
Train Epoch: [2/2] Iters:[18330/20018] transplant_loss 2.3824, rec_loss 0.0233, p_loss 0.1828, quant_error 0.2082, utilization 1.0000, perplexity 235.6862,
Train Epoch: [2/2] Iters:[18340/20018] transplant_loss 2.3713, rec_loss 0.0229, p_loss 0.1821, quant_error 0.2069, utilization 1.0000, perplexity 235.7815,
Train Epoch: [2/2] Iters:[18350/20018] transplant_loss 2.3810, rec_loss 0.0229, p_loss 0.1819, quant_error 0.2083, utilization 1.0000, perplexity 236.2675,
Train Epoch: [2/2] Iters:[18360/20018] transplant_loss 2.3713, rec_loss 0.0229, p_loss 0.1819, quant_error 0.2071, utilization 1.0000, perplexity 235.8947,
Train Epoch: [2/2] Iters:[18370/20018] transplant_loss 2.3715, rec_loss 0.0229, p_loss 0.1820, quant_error 0.2073, utilization 1.0000, perplexity 235.6246,
Train Epoch: [2/2] Iters:[18380/20018] transplant_loss 2.3830, rec_loss 0.0231, p_loss 0.1815, quant_error 0.2086, utilization 1.0000, perplexity 235.6093,
Train Epoch: [2/2] Iters:[18390/20018] transplant_loss 2.3797, rec_loss 0.0232, p_loss 0.1808, quant_error 0.2083, utilization 1.0000, perplexity 235.8150,
Train Epoch: [2/2] Iters:[18400/20018] transplant_loss 2.3789, rec_loss 0.0232, p_loss 0.1808, quant_error 0.2080, utilization 1.0000, perplexity 235.4979,
Train Epoch: [2/2] Iters:[18410/20018] transplant_loss 2.3779, rec_loss 0.0232, p_loss 0.1803, quant_error 0.2079, utilization 1.0000, perplexity 235.9193,
Train Epoch: [2/2] Iters:[18420/20018] transplant_loss 2.3832, rec_loss 0.0231, p_loss 0.1809, quant_error 0.2084, utilization 1.0000, perplexity 236.3498,
Train Epoch: [2/2] Iters:[18430/20018] transplant_loss 2.3818, rec_loss 0.0230, p_loss 0.1812, quant_error 0.2082, utilization 1.0000, perplexity 236.4482,
Train Epoch: [2/2] Iters:[18440/20018] transplant_loss 2.4053, rec_loss 0.0232, p_loss 0.1823, quant_error 0.2110, utilization 1.0000, perplexity 235.9670,
Train Epoch: [2/2] Iters:[18450/20018] transplant_loss 2.4254, rec_loss 0.0238, p_loss 0.1837, quant_error 0.2132, utilization 1.0000, perplexity 236.4352,
Train Epoch: [2/2] Iters:[18460/20018] transplant_loss 2.4264, rec_loss 0.0238, p_loss 0.1843, quant_error 0.2134, utilization 1.0000, perplexity 236.2643,
Train Epoch: [2/2] Iters:[18470/20018] transplant_loss 2.4055, rec_loss 0.0239, p_loss 0.1837, quant_error 0.2105, utilization 1.0000, perplexity 235.6275,
Train Epoch: [2/2] Iters:[18480/20018] transplant_loss 2.4122, rec_loss 0.0242, p_loss 0.1839, quant_error 0.2113, utilization 1.0000, perplexity 235.4878,
Train Epoch: [2/2] Iters:[18490/20018] transplant_loss 2.3848, rec_loss 0.0238, p_loss 0.1832, quant_error 0.2080, utilization 1.0000, perplexity 235.6079,
Train Epoch: [2/2] Iters:[18500/20018] transplant_loss 2.3715, rec_loss 0.0235, p_loss 0.1823, quant_error 0.2066, utilization 1.0000, perplexity 235.3914,
Train Epoch: [2/2] Iters:[18510/20018] transplant_loss 2.3767, rec_loss 0.0235, p_loss 0.1821, quant_error 0.2074, utilization 1.0000, perplexity 235.5704,
Train Epoch: [2/2] Iters:[18520/20018] transplant_loss 2.3796, rec_loss 0.0233, p_loss 0.1814, quant_error 0.2082, utilization 1.0000, perplexity 235.7919,
Train Epoch: [2/2] Iters:[18530/20018] transplant_loss 2.3606, rec_loss 0.0230, p_loss 0.1811, quant_error 0.2056, utilization 1.0000, perplexity 235.6572,
Train Epoch: [2/2] Iters:[18540/20018] transplant_loss 2.3749, rec_loss 0.0234, p_loss 0.1814, quant_error 0.2071, utilization 1.0000, perplexity 235.5755,
Train Epoch: [2/2] Iters:[18550/20018] transplant_loss 2.3698, rec_loss 0.0234, p_loss 0.1815, quant_error 0.2063, utilization 1.0000, perplexity 235.5439,
Train Epoch: [2/2] Iters:[18560/20018] transplant_loss 2.3633, rec_loss 0.0234, p_loss 0.1810, quant_error 0.2054, utilization 1.0000, perplexity 235.1600,
Train Epoch: [2/2] Iters:[18570/20018] transplant_loss 2.3714, rec_loss 0.0234, p_loss 0.1818, quant_error 0.2064, utilization 1.0000, perplexity 234.7085,
Train Epoch: [2/2] Iters:[18580/20018] transplant_loss 2.3602, rec_loss 0.0229, p_loss 0.1808, quant_error 0.2053, utilization 1.0000, perplexity 234.9511,
Train Epoch: [2/2] Iters:[18590/20018] transplant_loss 2.3648, rec_loss 0.0227, p_loss 0.1811, quant_error 0.2062, utilization 1.0000, perplexity 235.1152,
Train Epoch: [2/2] Iters:[18600/20018] transplant_loss 2.3585, rec_loss 0.0225, p_loss 0.1803, quant_error 0.2058, utilization 1.0000, perplexity 235.1699,
Train Epoch: [2/2] Iters:[18610/20018] transplant_loss 2.3547, rec_loss 0.0223, p_loss 0.1801, quant_error 0.2055, utilization 1.0000, perplexity 235.2608,
Train Epoch: [2/2] Iters:[18620/20018] transplant_loss 2.3522, rec_loss 0.0223, p_loss 0.1799, quant_error 0.2050, utilization 1.0000, perplexity 235.8500,
Train Epoch: [2/2] Iters:[18630/20018] transplant_loss 2.3751, rec_loss 0.0229, p_loss 0.1818, quant_error 0.2076, utilization 1.0000, perplexity 236.0462,
Train Epoch: [2/2] Iters:[18640/20018] transplant_loss 2.3524, rec_loss 0.0227, p_loss 0.1812, quant_error 0.2047, utilization 1.0000, perplexity 236.1736,
Train Epoch: [2/2] Iters:[18650/20018] transplant_loss 2.3581, rec_loss 0.0228, p_loss 0.1812, quant_error 0.2054, utilization 1.0000, perplexity 236.3291,
Train Epoch: [2/2] Iters:[18660/20018] transplant_loss 2.3867, rec_loss 0.0234, p_loss 0.1825, quant_error 0.2088, utilization 1.0000, perplexity 236.6219,
Train Epoch: [2/2] Iters:[18670/20018] transplant_loss 2.3941, rec_loss 0.0238, p_loss 0.1835, quant_error 0.2095, utilization 1.0000, perplexity 236.8261,
Train Epoch: [2/2] Iters:[18680/20018] transplant_loss 2.3752, rec_loss 0.0236, p_loss 0.1825, quant_error 0.2072, utilization 1.0000, perplexity 236.1075,
Train Epoch: [2/2] Iters:[18690/20018] transplant_loss 2.3928, rec_loss 0.0238, p_loss 0.1823, quant_error 0.2094, utilization 1.0000, perplexity 236.0849,
Train Epoch: [2/2] Iters:[18700/20018] transplant_loss 2.3894, rec_loss 0.0239, p_loss 0.1834, quant_error 0.2088, utilization 1.0000, perplexity 236.1109,
Train Epoch: [2/2] Iters:[18710/20018] transplant_loss 2.3901, rec_loss 0.0239, p_loss 0.1835, quant_error 0.2086, utilization 1.0000, perplexity 235.9530,
Train Epoch: [2/2] Iters:[18720/20018] transplant_loss 2.3811, rec_loss 0.0237, p_loss 0.1828, quant_error 0.2076, utilization 1.0000, perplexity 235.5998,
Train Epoch: [2/2] Iters:[18730/20018] transplant_loss 2.3775, rec_loss 0.0234, p_loss 0.1809, quant_error 0.2073, utilization 1.0000, perplexity 235.3142,
Train Epoch: [2/2] Iters:[18740/20018] transplant_loss 2.3706, rec_loss 0.0232, p_loss 0.1803, quant_error 0.2065, utilization 1.0000, perplexity 235.4529,
Train Epoch: [2/2] Iters:[18750/20018] transplant_loss 2.3859, rec_loss 0.0234, p_loss 0.1801, quant_error 0.2082, utilization 1.0000, perplexity 235.5311,
Train Epoch: [2/2] Iters:[18760/20018] transplant_loss 2.3602, rec_loss 0.0229, p_loss 0.1787, quant_error 0.2052, utilization 1.0000, perplexity 235.3863,
Train Epoch: [2/2] Iters:[18770/20018] transplant_loss 2.3598, rec_loss 0.0227, p_loss 0.1772, quant_error 0.2054, utilization 1.0000, perplexity 235.5594,
Train Epoch: [2/2] Iters:[18780/20018] transplant_loss 2.3408, rec_loss 0.0225, p_loss 0.1779, quant_error 0.2030, utilization 1.0000, perplexity 235.4183,
Train Epoch: [2/2] Iters:[18790/20018] transplant_loss 2.3562, rec_loss 0.0226, p_loss 0.1787, quant_error 0.2049, utilization 1.0000, perplexity 235.2440,
Train Epoch: [2/2] Iters:[18800/20018] transplant_loss 2.3565, rec_loss 0.0226, p_loss 0.1784, quant_error 0.2052, utilization 1.0000, perplexity 234.9920,
Train Epoch: [2/2] Iters:[18810/20018] transplant_loss 2.3635, rec_loss 0.0226, p_loss 0.1780, quant_error 0.2062, utilization 1.0000, perplexity 235.2875,
Train Epoch: [2/2] Iters:[18820/20018] transplant_loss 2.3767, rec_loss 0.0232, p_loss 0.1810, quant_error 0.2075, utilization 1.0000, perplexity 235.0237,
Train Epoch: [2/2] Iters:[18830/20018] transplant_loss 2.3876, rec_loss 0.0231, p_loss 0.1810, quant_error 0.2090, utilization 1.0000, perplexity 235.9310,
Train Epoch: [2/2] Iters:[18840/20018] transplant_loss 2.3912, rec_loss 0.0231, p_loss 0.1815, quant_error 0.2096, utilization 1.0000, perplexity 236.2267,
Train Epoch: [2/2] Iters:[18850/20018] transplant_loss 2.3862, rec_loss 0.0229, p_loss 0.1811, quant_error 0.2089, utilization 1.0000, perplexity 236.0071,
Train Epoch: [2/2] Iters:[18860/20018] transplant_loss 2.4036, rec_loss 0.0236, p_loss 0.1836, quant_error 0.2104, utilization 1.0000, perplexity 235.8555,
Train Epoch: [2/2] Iters:[18870/20018] transplant_loss 2.3902, rec_loss 0.0231, p_loss 0.1812, quant_error 0.2092, utilization 1.0000, perplexity 235.8543,
Train Epoch: [2/2] Iters:[18880/20018] transplant_loss 2.4008, rec_loss 0.0235, p_loss 0.1815, quant_error 0.2104, utilization 1.0000, perplexity 235.5809,
Train Epoch: [2/2] Iters:[18890/20018] transplant_loss 2.3850, rec_loss 0.0235, p_loss 0.1817, quant_error 0.2082, utilization 1.0000, perplexity 235.4918,
Train Epoch: [2/2] Iters:[18900/20018] transplant_loss 2.3700, rec_loss 0.0235, p_loss 0.1821, quant_error 0.2059, utilization 1.0000, perplexity 235.4768,
Train Epoch: [2/2] Iters:[18910/20018] transplant_loss 2.3680, rec_loss 0.0232, p_loss 0.1807, quant_error 0.2063, utilization 1.0000, perplexity 235.6763,
Train Epoch: [2/2] Iters:[18920/20018] transplant_loss 2.3575, rec_loss 0.0232, p_loss 0.1810, quant_error 0.2047, utilization 1.0000, perplexity 235.4694,
Train Epoch: [2/2] Iters:[18930/20018] transplant_loss 2.3841, rec_loss 0.0237, p_loss 0.1822, quant_error 0.2078, utilization 1.0000, perplexity 235.9866,
Train Epoch: [2/2] Iters:[18940/20018] transplant_loss 2.3692, rec_loss 0.0233, p_loss 0.1802, quant_error 0.2063, utilization 1.0000, perplexity 235.2610,
Train Epoch: [2/2] Iters:[18950/20018] transplant_loss 2.3699, rec_loss 0.0231, p_loss 0.1795, quant_error 0.2067, utilization 1.0000, perplexity 235.3587,
Train Epoch: [2/2] Iters:[18960/20018] transplant_loss 2.3760, rec_loss 0.0232, p_loss 0.1799, quant_error 0.2074, utilization 1.0000, perplexity 235.4596,
Train Epoch: [2/2] Iters:[18970/20018] transplant_loss 2.3832, rec_loss 0.0231, p_loss 0.1798, quant_error 0.2087, utilization 1.0000, perplexity 235.7325,
Train Epoch: [2/2] Iters:[18980/20018] transplant_loss 2.3585, rec_loss 0.0224, p_loss 0.1787, quant_error 0.2058, utilization 1.0000, perplexity 235.3530,
Train Epoch: [2/2] Iters:[18990/20018] transplant_loss 2.3549, rec_loss 0.0223, p_loss 0.1790, quant_error 0.2055, utilization 1.0000, perplexity 235.2936,
Train Epoch: [2/2] Iters:[19000/20018] transplant_loss 2.3671, rec_loss 0.0226, p_loss 0.1794, quant_error 0.2069, utilization 1.0000, perplexity 235.2517,
Train Epoch: [2/2] Iters:[19010/20018] transplant_loss 2.3431, rec_loss 0.0223, p_loss 0.1788, quant_error 0.2038, utilization 1.0000, perplexity 234.7848,
Train Epoch: [2/2] Iters:[19020/20018] transplant_loss 2.3626, rec_loss 0.0228, p_loss 0.1800, quant_error 0.2061, utilization 1.0000, perplexity 234.9360,
Train Epoch: [2/2] Iters:[19030/20018] transplant_loss 2.3739, rec_loss 0.0233, p_loss 0.1812, quant_error 0.2074, utilization 1.0000, perplexity 234.3838,
Train Epoch: [2/2] Iters:[19040/20018] transplant_loss 2.3823, rec_loss 0.0236, p_loss 0.1814, quant_error 0.2083, utilization 1.0000, perplexity 234.7385,
Train Epoch: [2/2] Iters:[19050/20018] transplant_loss 2.3926, rec_loss 0.0237, p_loss 0.1823, quant_error 0.2096, utilization 1.0000, perplexity 234.9188,
Train Epoch: [2/2] Iters:[19060/20018] transplant_loss 2.4147, rec_loss 0.0241, p_loss 0.1834, quant_error 0.2123, utilization 1.0000, perplexity 235.2008,
Train Epoch: [2/2] Iters:[19070/20018] transplant_loss 2.4053, rec_loss 0.0240, p_loss 0.1830, quant_error 0.2111, utilization 1.0000, perplexity 234.9224,
Train Epoch: [2/2] Iters:[19080/20018] transplant_loss 2.4064, rec_loss 0.0241, p_loss 0.1834, quant_error 0.2111, utilization 1.0000, perplexity 235.5710,
Train Epoch: [2/2] Iters:[19090/20018] transplant_loss 2.4185, rec_loss 0.0243, p_loss 0.1843, quant_error 0.2123, utilization 1.0000, perplexity 235.7495,
Train Epoch: [2/2] Iters:[19100/20018] transplant_loss 2.4011, rec_loss 0.0238, p_loss 0.1833, quant_error 0.2104, utilization 1.0000, perplexity 235.9553,
Train Epoch: [2/2] Iters:[19110/20018] transplant_loss 2.3743, rec_loss 0.0231, p_loss 0.1821, quant_error 0.2074, utilization 1.0000, perplexity 235.9395,
Train Epoch: [2/2] Iters:[19120/20018] transplant_loss 2.3513, rec_loss 0.0227, p_loss 0.1810, quant_error 0.2047, utilization 1.0000, perplexity 235.5765,
Train Epoch: [2/2] Iters:[19130/20018] transplant_loss 2.3562, rec_loss 0.0228, p_loss 0.1810, quant_error 0.2054, utilization 1.0000, perplexity 235.3481,
Train Epoch: [2/2] Iters:[19140/20018] transplant_loss 2.3639, rec_loss 0.0229, p_loss 0.1811, quant_error 0.2065, utilization 1.0000, perplexity 235.5081,
Train Epoch: [2/2] Iters:[19150/20018] transplant_loss 2.3813, rec_loss 0.0232, p_loss 0.1823, quant_error 0.2085, utilization 1.0000, perplexity 235.4426,
Train Epoch: [2/2] Iters:[19160/20018] transplant_loss 2.3972, rec_loss 0.0237, p_loss 0.1827, quant_error 0.2103, utilization 1.0000, perplexity 235.4134,
Train Epoch: [2/2] Iters:[19170/20018] transplant_loss 2.4158, rec_loss 0.0239, p_loss 0.1834, quant_error 0.2124, utilization 1.0000, perplexity 235.8006,
Train Epoch: [2/2] Iters:[19180/20018] transplant_loss 2.3842, rec_loss 0.0233, p_loss 0.1811, quant_error 0.2084, utilization 1.0000, perplexity 235.3538,
Train Epoch: [2/2] Iters:[19190/20018] transplant_loss 2.3738, rec_loss 0.0230, p_loss 0.1806, quant_error 0.2071, utilization 1.0000, perplexity 235.3398,
Train Epoch: [2/2] Iters:[19200/20018] transplant_loss 2.3654, rec_loss 0.0228, p_loss 0.1797, quant_error 0.2062, utilization 1.0000, perplexity 235.3523,
Train Epoch: [2/2] Iters:[19210/20018] transplant_loss 2.3687, rec_loss 0.0230, p_loss 0.1806, quant_error 0.2063, utilization 1.0000, perplexity 235.7244,
Train Epoch: [2/2] Iters:[19220/20018] transplant_loss 2.3859, rec_loss 0.0232, p_loss 0.1818, quant_error 0.2085, utilization 1.0000, perplexity 236.1330,
Train Epoch: [2/2] Iters:[19230/20018] transplant_loss 2.3983, rec_loss 0.0233, p_loss 0.1818, quant_error 0.2099, utilization 1.0000, perplexity 236.4908,
Train Epoch: [2/2] Iters:[19240/20018] transplant_loss 2.4008, rec_loss 0.0234, p_loss 0.1814, quant_error 0.2103, utilization 1.0000, perplexity 236.2837,
Train Epoch: [2/2] Iters:[19250/20018] transplant_loss 2.3900, rec_loss 0.0235, p_loss 0.1810, quant_error 0.2087, utilization 1.0000, perplexity 236.2668,
Train Epoch: [2/2] Iters:[19260/20018] transplant_loss 2.3876, rec_loss 0.0233, p_loss 0.1804, quant_error 0.2084, utilization 1.0000, perplexity 235.9204,
Train Epoch: [2/2] Iters:[19270/20018] transplant_loss 2.3777, rec_loss 0.0232, p_loss 0.1792, quant_error 0.2073, utilization 1.0000, perplexity 235.7000,
Train Epoch: [2/2] Iters:[19280/20018] transplant_loss 2.3961, rec_loss 0.0235, p_loss 0.1807, quant_error 0.2097, utilization 1.0000, perplexity 235.5689,
Train Epoch: [2/2] Iters:[19290/20018] transplant_loss 2.3868, rec_loss 0.0234, p_loss 0.1809, quant_error 0.2085, utilization 1.0000, perplexity 235.5720,
Train Epoch: [2/2] Iters:[19300/20018] transplant_loss 2.3766, rec_loss 0.0232, p_loss 0.1813, quant_error 0.2072, utilization 1.0000, perplexity 235.1783,
Train Epoch: [2/2] Iters:[19310/20018] transplant_loss 2.3605, rec_loss 0.0233, p_loss 0.1820, quant_error 0.2050, utilization 1.0000, perplexity 235.1710,
Train Epoch: [2/2] Iters:[19320/20018] transplant_loss 2.3499, rec_loss 0.0233, p_loss 0.1821, quant_error 0.2034, utilization 1.0000, perplexity 234.7051,
Train Epoch: [2/2] Iters:[19330/20018] transplant_loss 2.3458, rec_loss 0.0233, p_loss 0.1823, quant_error 0.2030, utilization 1.0000, perplexity 235.2218,
Train Epoch: [2/2] Iters:[19340/20018] transplant_loss 2.3662, rec_loss 0.0236, p_loss 0.1834, quant_error 0.2055, utilization 1.0000, perplexity 235.7317,
Train Epoch: [2/2] Iters:[19350/20018] transplant_loss 2.3834, rec_loss 0.0239, p_loss 0.1842, quant_error 0.2075, utilization 1.0000, perplexity 236.1341,
Train Epoch: [2/2] Iters:[19360/20018] transplant_loss 2.3992, rec_loss 0.0239, p_loss 0.1836, quant_error 0.2098, utilization 1.0000, perplexity 236.0114,
Train Epoch: [2/2] Iters:[19370/20018] transplant_loss 2.3987, rec_loss 0.0239, p_loss 0.1833, quant_error 0.2098, utilization 1.0000, perplexity 236.2853,
Train Epoch: [2/2] Iters:[19380/20018] transplant_loss 2.3929, rec_loss 0.0237, p_loss 0.1825, quant_error 0.2093, utilization 1.0000, perplexity 235.7834,
Train Epoch: [2/2] Iters:[19390/20018] transplant_loss 2.3752, rec_loss 0.0232, p_loss 0.1816, quant_error 0.2075, utilization 1.0000, perplexity 235.4105,
Train Epoch: [2/2] Iters:[19400/20018] transplant_loss 2.3614, rec_loss 0.0228, p_loss 0.1810, quant_error 0.2060, utilization 1.0000, perplexity 235.1064,
Train Epoch: [2/2] Iters:[19410/20018] transplant_loss 2.3634, rec_loss 0.0229, p_loss 0.1813, quant_error 0.2063, utilization 1.0000, perplexity 235.1186,
Train Epoch: [2/2] Iters:[19420/20018] transplant_loss 2.3537, rec_loss 0.0227, p_loss 0.1805, quant_error 0.2052, utilization 1.0000, perplexity 234.4758,
Train Epoch: [2/2] Iters:[19430/20018] transplant_loss 2.3458, rec_loss 0.0226, p_loss 0.1804, quant_error 0.2040, utilization 1.0000, perplexity 234.8125,
Train Epoch: [2/2] Iters:[19440/20018] transplant_loss 2.3525, rec_loss 0.0232, p_loss 0.1816, quant_error 0.2042, utilization 1.0000, perplexity 234.6346,
Train Epoch: [2/2] Iters:[19450/20018] transplant_loss 2.3903, rec_loss 0.0237, p_loss 0.1822, quant_error 0.2087, utilization 1.0000, perplexity 234.8453,
Train Epoch: [2/2] Iters:[19460/20018] transplant_loss 2.3909, rec_loss 0.0237, p_loss 0.1826, quant_error 0.2087, utilization 1.0000, perplexity 235.4075,
Train Epoch: [2/2] Iters:[19470/20018] transplant_loss 2.4025, rec_loss 0.0237, p_loss 0.1836, quant_error 0.2103, utilization 1.0000, perplexity 236.5586,
Train Epoch: [2/2] Iters:[19480/20018] transplant_loss 2.4060, rec_loss 0.0239, p_loss 0.1841, quant_error 0.2107, utilization 1.0000, perplexity 236.5211,
Train Epoch: [2/2] Iters:[19490/20018] transplant_loss 2.3958, rec_loss 0.0234, p_loss 0.1827, quant_error 0.2099, utilization 1.0000, perplexity 236.6337,
Train Epoch: [2/2] Iters:[19500/20018] transplant_loss 2.3737, rec_loss 0.0229, p_loss 0.1815, quant_error 0.2076, utilization 1.0000, perplexity 236.4723,
Train Epoch: [2/2] Iters:[19510/20018] transplant_loss 2.3624, rec_loss 0.0225, p_loss 0.1802, quant_error 0.2067, utilization 1.0000, perplexity 235.5709,
Train Epoch: [2/2] Iters:[19520/20018] transplant_loss 2.3607, rec_loss 0.0225, p_loss 0.1802, quant_error 0.2062, utilization 1.0000, perplexity 234.9714,
Train Epoch: [2/2] Iters:[19530/20018] transplant_loss 2.3558, rec_loss 0.0225, p_loss 0.1798, quant_error 0.2057, utilization 1.0000, perplexity 234.4355,
Train Epoch: [2/2] Iters:[19540/20018] transplant_loss 2.3734, rec_loss 0.0229, p_loss 0.1813, quant_error 0.2079, utilization 1.0000, perplexity 234.5469,
Train Epoch: [2/2] Iters:[19550/20018] transplant_loss 2.3845, rec_loss 0.0234, p_loss 0.1828, quant_error 0.2089, utilization 1.0000, perplexity 234.8354,
Train Epoch: [2/2] Iters:[19560/20018] transplant_loss 2.3865, rec_loss 0.0234, p_loss 0.1831, quant_error 0.2089, utilization 1.0000, perplexity 235.4298,
Train Epoch: [2/2] Iters:[19570/20018] transplant_loss 2.3877, rec_loss 0.0235, p_loss 0.1833, quant_error 0.2089, utilization 1.0000, perplexity 235.7386,
Train Epoch: [2/2] Iters:[19580/20018] transplant_loss 2.3963, rec_loss 0.0236, p_loss 0.1830, quant_error 0.2098, utilization 1.0000, perplexity 236.2789,
Train Epoch: [2/2] Iters:[19590/20018] transplant_loss 2.3790, rec_loss 0.0234, p_loss 0.1818, quant_error 0.2073, utilization 1.0000, perplexity 236.3220,
Train Epoch: [2/2] Iters:[19600/20018] transplant_loss 2.3748, rec_loss 0.0234, p_loss 0.1809, quant_error 0.2069, utilization 1.0000, perplexity 235.9574,
Train Epoch: [2/2] Iters:[19610/20018] transplant_loss 2.3751, rec_loss 0.0234, p_loss 0.1814, quant_error 0.2068, utilization 1.0000, perplexity 235.8649,
Train Epoch: [2/2] Iters:[19620/20018] transplant_loss 2.3907, rec_loss 0.0237, p_loss 0.1815, quant_error 0.2084, utilization 1.0000, perplexity 235.7594,
Train Epoch: [2/2] Iters:[19630/20018] transplant_loss 2.3825, rec_loss 0.0234, p_loss 0.1816, quant_error 0.2073, utilization 1.0000, perplexity 235.7400,
Train Epoch: [2/2] Iters:[19640/20018] transplant_loss 2.4028, rec_loss 0.0237, p_loss 0.1823, quant_error 0.2100, utilization 1.0000, perplexity 235.8882,
Train Epoch: [2/2] Iters:[19650/20018] transplant_loss 2.3879, rec_loss 0.0234, p_loss 0.1821, quant_error 0.2083, utilization 1.0000, perplexity 235.8827,
Train Epoch: [2/2] Iters:[19660/20018] transplant_loss 2.3926, rec_loss 0.0235, p_loss 0.1818, quant_error 0.2094, utilization 1.0000, perplexity 236.1362,
Train Epoch: [2/2] Iters:[19670/20018] transplant_loss 2.3693, rec_loss 0.0230, p_loss 0.1814, quant_error 0.2069, utilization 1.0000, perplexity 235.8712,
Train Epoch: [2/2] Iters:[19680/20018] transplant_loss 2.3801, rec_loss 0.0234, p_loss 0.1818, quant_error 0.2083, utilization 1.0000, perplexity 235.7034,
Train Epoch: [2/2] Iters:[19690/20018] transplant_loss 2.3730, rec_loss 0.0233, p_loss 0.1813, quant_error 0.2074, utilization 1.0000, perplexity 235.8196,
Train Epoch: [2/2] Iters:[19700/20018] transplant_loss 2.3773, rec_loss 0.0234, p_loss 0.1821, quant_error 0.2078, utilization 1.0000, perplexity 236.0279,
Train Epoch: [2/2] Iters:[19710/20018] transplant_loss 2.3710, rec_loss 0.0232, p_loss 0.1813, quant_error 0.2067, utilization 1.0000, perplexity 235.4253,
Train Epoch: [2/2] Iters:[19720/20018] transplant_loss 2.3793, rec_loss 0.0234, p_loss 0.1811, quant_error 0.2077, utilization 1.0000, perplexity 235.4928,
Train Epoch: [2/2] Iters:[19730/20018] transplant_loss 2.3713, rec_loss 0.0231, p_loss 0.1811, quant_error 0.2068, utilization 1.0000, perplexity 235.4376,
Train Epoch: [2/2] Iters:[19740/20018] transplant_loss 2.3709, rec_loss 0.0229, p_loss 0.1812, quant_error 0.2069, utilization 1.0000, perplexity 234.7623,
Train Epoch: [2/2] Iters:[19750/20018] transplant_loss 2.3656, rec_loss 0.0227, p_loss 0.1810, quant_error 0.2061, utilization 1.0000, perplexity 234.9061,
Train Epoch: [2/2] Iters:[19760/20018] transplant_loss 2.3680, rec_loss 0.0227, p_loss 0.1810, quant_error 0.2065, utilization 1.0000, perplexity 235.3428,
Train Epoch: [2/2] Iters:[19770/20018] transplant_loss 2.3760, rec_loss 0.0228, p_loss 0.1815, quant_error 0.2077, utilization 1.0000, perplexity 235.7830,
Train Epoch: [2/2] Iters:[19780/20018] transplant_loss 2.3809, rec_loss 0.0229, p_loss 0.1814, quant_error 0.2079, utilization 1.0000, perplexity 236.2234,
Train Epoch: [2/2] Iters:[19790/20018] transplant_loss 2.3616, rec_loss 0.0226, p_loss 0.1803, quant_error 0.2055, utilization 1.0000, perplexity 236.3790,
Train Epoch: [2/2] Iters:[19800/20018] transplant_loss 2.3529, rec_loss 0.0226, p_loss 0.1800, quant_error 0.2046, utilization 1.0000, perplexity 236.1880,
Train Epoch: [2/2] Iters:[19810/20018] transplant_loss 2.3574, rec_loss 0.0225, p_loss 0.1802, quant_error 0.2051, utilization 1.0000, perplexity 236.1190,
Train Epoch: [2/2] Iters:[19820/20018] transplant_loss 2.3509, rec_loss 0.0226, p_loss 0.1809, quant_error 0.2039, utilization 1.0000, perplexity 236.1486,
Train Epoch: [2/2] Iters:[19830/20018] transplant_loss 2.3428, rec_loss 0.0223, p_loss 0.1814, quant_error 0.2031, utilization 1.0000, perplexity 236.1623,
Train Epoch: [2/2] Iters:[19840/20018] transplant_loss 2.3644, rec_loss 0.0227, p_loss 0.1829, quant_error 0.2059, utilization 1.0000, perplexity 236.0074,
Train Epoch: [2/2] Iters:[19850/20018] transplant_loss 2.3730, rec_loss 0.0229, p_loss 0.1830, quant_error 0.2068, utilization 1.0000, perplexity 235.6283,
Train Epoch: [2/2] Iters:[19860/20018] transplant_loss 2.3719, rec_loss 0.0230, p_loss 0.1832, quant_error 0.2066, utilization 1.0000, perplexity 235.3684,
Train Epoch: [2/2] Iters:[19870/20018] transplant_loss 2.3751, rec_loss 0.0229, p_loss 0.1820, quant_error 0.2075, utilization 1.0000, perplexity 235.0581,
Train Epoch: [2/2] Iters:[19880/20018] transplant_loss 2.3716, rec_loss 0.0228, p_loss 0.1801, quant_error 0.2072, utilization 1.0000, perplexity 234.1960,
Train Epoch: [2/2] Iters:[19890/20018] transplant_loss 2.3600, rec_loss 0.0226, p_loss 0.1794, quant_error 0.2054, utilization 1.0000, perplexity 234.3892,
Train Epoch: [2/2] Iters:[19900/20018] transplant_loss 2.3630, rec_loss 0.0226, p_loss 0.1798, quant_error 0.2060, utilization 1.0000, perplexity 234.6743,
Train Epoch: [2/2] Iters:[19910/20018] transplant_loss 2.3518, rec_loss 0.0226, p_loss 0.1793, quant_error 0.2044, utilization 1.0000, perplexity 234.6778,
Train Epoch: [2/2] Iters:[19920/20018] transplant_loss 2.3407, rec_loss 0.0225, p_loss 0.1794, quant_error 0.2028, utilization 1.0000, perplexity 234.7218,
Train Epoch: [2/2] Iters:[19930/20018] transplant_loss 2.3531, rec_loss 0.0228, p_loss 0.1801, quant_error 0.2043, utilization 1.0000, perplexity 235.1506,
Train Epoch: [2/2] Iters:[19940/20018] transplant_loss 2.3824, rec_loss 0.0233, p_loss 0.1814, quant_error 0.2080, utilization 1.0000, perplexity 235.6836,
Train Epoch: [2/2] Iters:[19950/20018] transplant_loss 2.3877, rec_loss 0.0233, p_loss 0.1809, quant_error 0.2085, utilization 1.0000, perplexity 236.2738,
Train Epoch: [2/2] Iters:[19960/20018] transplant_loss 2.4053, rec_loss 0.0236, p_loss 0.1818, quant_error 0.2107, utilization 1.0000, perplexity 236.4089,
Train Epoch: [2/2] Iters:[19970/20018] transplant_loss 2.4059, rec_loss 0.0239, p_loss 0.1825, quant_error 0.2105, utilization 1.0000, perplexity 236.2846,
Train Epoch: [2/2] Iters:[19980/20018] transplant_loss 2.4112, rec_loss 0.0240, p_loss 0.1837, quant_error 0.2110, utilization 1.0000, perplexity 236.8113,
Train Epoch: [2/2] Iters:[19990/20018] transplant_loss 2.3866, rec_loss 0.0235, p_loss 0.1825, quant_error 0.2083, utilization 1.0000, perplexity 236.3452,
Train Epoch: [2/2] Iters:[20000/20018] transplant_loss 2.3842, rec_loss 0.0235, p_loss 0.1827, quant_error 0.2083, utilization 1.0000, perplexity 235.7711,
Train Epoch: [2/2] Iters:[20010/20018] transplant_loss 2.3744, rec_loss 0.0232, p_loss 0.1822, quant_error 0.2070, utilization 1.0000, perplexity 235.7258,
Loading pretrained model LPIPS from /home/sunset/.cache/torch/hub/pyiqa/LPIPS_v0.1_alex-df73285e.pth
######### saving checkpoint #########
Loading pretrained model LPIPS from /home/sunset/.cache/torch/hub/pyiqa/LPIPS_v0.1_alex-df73285e.pth
PSNR:25.100382143554686  SSIM:0.6636967572784424  LPIPS:0.12375358035564422
Saved .npz file to /project/6105494/sunset/VQ-Projects/VQ-Transplant/reconstruction/Transplant/ImageNet/mmd_vq_transplant_256_4_False.npz [shape=(50000, 256, 256, 3)].
