dataset_dir: /project/6105494/shared/data/
dataset_name: CelebAHQ
global_batch_size: 64
workers: 6
resolution: 256
channels: 3
codebook_size: 4096
codebook_dim: 16
project_dim: 16
pq: 1
L: 2
alpha: 1.0
beta: 1.0
gamma: 0.5
disc_weight: 0.4
lecam_loss_weight: 0.001
disc_cr_loss_weight: 4.0
VQ: bsq
transplant_epochs: 30
refinement_epochs: 30
eval_epochs: 5
disc_epoch: 1
lr_transplant: 0.0001
lr_refinement: 1e-05
dropout: 0.0
seed: 3407
weight_decay: 1e-05
stage: refinement
checkpoint_dir: /project/6105494/sunset/VQ-Projects/Rate-Distortion-Perspective/VAR-Transplant/checkpoint/Refinement/CelebAHQ
results_dir: /project/6105494/sunset/VQ-Projects/Rate-Distortion-Perspective/VAR-Transplant/results/Refinement/CelebAHQ
saver_dir: /project/6105494/sunset/VQ-Projects/Rate-Distortion-Perspective/VAR-Transplant/saver/Refinement/CelebAHQ
reconstruction_dir: /project/6105494/sunset/VQ-Projects/Rate-Distortion-Perspective/VAR-Transplant/reconstruction/Refinement/CelebAHQ
yaml_dir: /project/6105494/sunset/VQ-Projects/Rate-Distortion-Perspective/VAR-Transplant/yaml/Refinement/CelebAHQ
pretrained_tokenizer: /project/6105494/sunset/VQ-Projects/Rate-Distortion-Perspective/VAR-Transplant/pretrained_tokenizer/vae_ch160v4096z32.pth
checkpoint_name: checkpoint-bsq_transplant_CelebAHQ_model_16_2_loss_1.0_0.4.pth.tar
nnodes: -1
node_rank: -1
local_rank: 0
dist_url: tcp://224.66.41.62:23456
dist_backend: nccl
world_size: 2
batch_size: 32
init_checkpoint_dir: /project/6105494/sunset/VQ-Projects/Rate-Distortion-Perspective/VAR-Transplant/checkpoint/
data_pre: CelebAHQ
model_pre: model_16_2
loss_pre: loss_1.0_0.4
training_pre: bsq_refinement
saver_name_pre: bsq_refinement_CelebAHQ_model_16_2_loss_1.0_0.4
| distributed init (rank 0): env://
| distributed init (rank 1): env://
VQ Model Parameters: 108761795
loaded pretrained LPIPS loss from /project/6105494/sunset/VQ-Projects/Rate-Distortion-Perspective/VAR-Transplant/code/models/cache/vgg.pth
dataset name: CelebAHQ
len train_set: 30000
len val_set: 30000
Start training...
epoch:1, cur_lr:0.000010
Train Epoch: [1/30] Iters:[10/468] gen_loss -0.3305, rec_loss 0.0126, lpips_loss 0.1486, g_loss -0.0649, disc_weight 0.4000, disc_adaptive_weight 6.8333, d_loss 2.5434, logits_real -0.0210, logits_fake 0.0679,
Train Epoch: [1/30] Iters:[20/468] gen_loss -0.4694, rec_loss 0.0130, lpips_loss 0.1517, g_loss -0.0833, disc_weight 0.4000, disc_adaptive_weight 7.3668, d_loss 2.2119, logits_real -0.0174, logits_fake 0.0848,
Train Epoch: [1/30] Iters:[30/468] gen_loss -0.7190, rec_loss 0.0141, lpips_loss 0.1583, g_loss -0.1021, disc_weight 0.4000, disc_adaptive_weight 8.2470, d_loss 1.9919, logits_real -0.0177, logits_fake 0.1073,
Train Epoch: [1/30] Iters:[40/468] gen_loss -0.9421, rec_loss 0.0163, lpips_loss 0.1680, g_loss -0.1159, disc_weight 0.4000, disc_adaptive_weight 9.1182, d_loss 1.8269, logits_real -0.0177, logits_fake 0.1211,
Train Epoch: [1/30] Iters:[50/468] gen_loss -0.9666, rec_loss 0.0181, lpips_loss 0.1756, g_loss -0.1175, disc_weight 0.4000, disc_adaptive_weight 9.3957, d_loss 1.6998, logits_real -0.0174, logits_fake 0.1216,
Train Epoch: [1/30] Iters:[60/468] gen_loss -1.1728, rec_loss 0.0206, lpips_loss 0.1948, g_loss -0.1318, disc_weight 0.4000, disc_adaptive_weight 10.4268, d_loss 1.4137, logits_real -0.0168, logits_fake 0.1349,
Train Epoch: [1/30] Iters:[70/468] gen_loss -1.4993, rec_loss 0.0235, lpips_loss 0.2225, g_loss -0.1415, disc_weight 0.4000, disc_adaptive_weight 12.3329, d_loss 1.2458, logits_real -0.0170, logits_fake 0.1437,
Train Epoch: [1/30] Iters:[80/468] gen_loss -1.7384, rec_loss 0.0272, lpips_loss 0.2587, g_loss -0.1387, disc_weight 0.4000, disc_adaptive_weight 14.8135, d_loss 1.1330, logits_real -0.0162, logits_fake 0.1391,
Train Epoch: [1/30] Iters:[90/468] gen_loss -1.8489, rec_loss 0.0319, lpips_loss 0.2955, g_loss -0.1269, disc_weight 0.4000, disc_adaptive_weight 17.8694, d_loss 1.0519, logits_real -0.0156, logits_fake 0.1271,
Train Epoch: [1/30] Iters:[100/468] gen_loss -2.0018, rec_loss 0.0398, lpips_loss 0.3377, g_loss -0.1202, disc_weight 0.4000, disc_adaptive_weight 20.8903, d_loss 0.9844, logits_real -0.0148, logits_fake 0.1202,
Train Epoch: [1/30] Iters:[110/468] gen_loss -2.1482, rec_loss 0.0532, lpips_loss 0.3862, g_loss -0.1085, disc_weight 0.4000, disc_adaptive_weight 25.4210, d_loss 0.9242, logits_real -0.0132, logits_fake 0.1096,
Train Epoch: [1/30] Iters:[120/468] gen_loss -2.0180, rec_loss 0.0724, lpips_loss 0.4407, g_loss -0.0927, disc_weight 0.4000, disc_adaptive_weight 28.4185, d_loss 0.8699, logits_real -0.0119, logits_fake 0.0954,
Train Epoch: [1/30] Iters:[130/468] gen_loss -1.8138, rec_loss 0.0952, lpips_loss 0.4852, g_loss -0.0817, disc_weight 0.4000, disc_adaptive_weight 29.8295, d_loss 0.8206, logits_real -0.0105, logits_fake 0.0851,
Train Epoch: [1/30] Iters:[140/468] gen_loss -1.5330, rec_loss 0.1164, lpips_loss 0.5220, g_loss -0.0735, disc_weight 0.4000, disc_adaptive_weight 29.5973, d_loss 0.7767, logits_real -0.0087, logits_fake 0.0767,
Train Epoch: [1/30] Iters:[150/468] gen_loss -1.2409, rec_loss 0.1284, lpips_loss 0.5393, g_loss -0.0674, disc_weight 0.4000, disc_adaptive_weight 27.7683, d_loss 0.7429, logits_real -0.0066, logits_fake 0.0709,
Train Epoch: [1/30] Iters:[160/468] gen_loss -0.8791, rec_loss 0.1279, lpips_loss 0.5276, g_loss -0.0628, disc_weight 0.4000, disc_adaptive_weight 23.7872, d_loss 0.7145, logits_real -0.0044, logits_fake 0.0652,
Train Epoch: [1/30] Iters:[170/468] gen_loss -0.6239, rec_loss 0.1159, lpips_loss 0.4941, g_loss -0.0594, disc_weight 0.4000, disc_adaptive_weight 20.1930, d_loss 0.6925, logits_real -0.0023, logits_fake 0.0613,
Train Epoch: [1/30] Iters:[180/468] gen_loss -0.3896, rec_loss 0.0958, lpips_loss 0.4501, g_loss -0.0549, disc_weight 0.4000, disc_adaptive_weight 16.8736, d_loss 0.6733, logits_real -0.0001, logits_fake 0.0556,
Train Epoch: [1/30] Iters:[190/468] gen_loss -0.2694, rec_loss 0.0727, lpips_loss 0.4005, g_loss -0.0526, disc_weight 0.4000, disc_adaptive_weight 13.9811, d_loss 0.6581, logits_real 0.0025, logits_fake 0.0524,
Train Epoch: [1/30] Iters:[200/468] gen_loss -0.2142, rec_loss 0.0535, lpips_loss 0.3535, g_loss -0.0492, disc_weight 0.4000, disc_adaptive_weight 12.4913, d_loss 0.6446, logits_real 0.0047, logits_fake 0.0493,
Train Epoch: [1/30] Iters:[210/468] gen_loss -0.1634, rec_loss 0.0397, lpips_loss 0.3114, g_loss -0.0461, disc_weight 0.4000, disc_adaptive_weight 10.9369, d_loss 0.6335, logits_real 0.0066, logits_fake 0.0470,
Train Epoch: [1/30] Iters:[220/468] gen_loss -0.1012, rec_loss 0.0304, lpips_loss 0.2692, g_loss -0.0427, disc_weight 0.4000, disc_adaptive_weight 9.1795, d_loss 0.6212, logits_real 0.0089, logits_fake 0.0432,
Train Epoch: [1/30] Iters:[230/468] gen_loss -0.0466, rec_loss 0.0238, lpips_loss 0.2325, g_loss -0.0398, disc_weight 0.4000, disc_adaptive_weight 7.3956, d_loss 0.6099, logits_real 0.0112, logits_fake 0.0402,
Train Epoch: [1/30] Iters:[240/468] gen_loss -0.0082, rec_loss 0.0191, lpips_loss 0.2020, g_loss -0.0371, disc_weight 0.4000, disc_adaptive_weight 6.0382, d_loss 0.6007, logits_real 0.0132, logits_fake 0.0380,
Train Epoch: [1/30] Iters:[250/468] gen_loss 0.0165, rec_loss 0.0164, lpips_loss 0.1808, g_loss -0.0346, disc_weight 0.4000, disc_adaptive_weight 5.1649, d_loss 0.5928, logits_real 0.0150, logits_fake 0.0354,
Train Epoch: [1/30] Iters:[260/468] gen_loss 0.0184, rec_loss 0.0149, lpips_loss 0.1691, g_loss -0.0334, disc_weight 0.4000, disc_adaptive_weight 4.9533, d_loss 0.5843, logits_real 0.0168, logits_fake 0.0339,
Train Epoch: [1/30] Iters:[270/468] gen_loss 0.0225, rec_loss 0.0141, lpips_loss 0.1631, g_loss -0.0331, disc_weight 0.4000, disc_adaptive_weight 4.6927, d_loss 0.5777, logits_real 0.0181, logits_fake 0.0338,
Train Epoch: [1/30] Iters:[280/468] gen_loss 0.0167, rec_loss 0.0138, lpips_loss 0.1597, g_loss -0.0327, disc_weight 0.4000, disc_adaptive_weight 4.7965, d_loss 0.5721, logits_real 0.0190, logits_fake 0.0336,
Train Epoch: [1/30] Iters:[290/468] gen_loss 0.0148, rec_loss 0.0135, lpips_loss 0.1574, g_loss -0.0331, disc_weight 0.4000, disc_adaptive_weight 4.7175, d_loss 0.5653, logits_real 0.0196, logits_fake 0.0339,
Train Epoch: [1/30] Iters:[300/468] gen_loss 0.0065, rec_loss 0.0132, lpips_loss 0.1551, g_loss -0.0338, disc_weight 0.4000, disc_adaptive_weight 4.7827, d_loss 0.5590, logits_real 0.0199, logits_fake 0.0344,
Train Epoch: [1/30] Iters:[310/468] gen_loss 0.0201, rec_loss 0.0130, lpips_loss 0.1537, g_loss -0.0339, disc_weight 0.4000, disc_adaptive_weight 4.3212, d_loss 0.5528, logits_real 0.0200, logits_fake 0.0344,
Train Epoch: [1/30] Iters:[320/468] gen_loss 0.0268, rec_loss 0.0129, lpips_loss 0.1523, g_loss -0.0334, disc_weight 0.4000, disc_adaptive_weight 4.1476, d_loss 0.5466, logits_real 0.0201, logits_fake 0.0335,
Train Epoch: [1/30] Iters:[330/468] gen_loss 0.0288, rec_loss 0.0127, lpips_loss 0.1517, g_loss -0.0331, disc_weight 0.4000, disc_adaptive_weight 4.0959, d_loss 0.5401, logits_real 0.0202, logits_fake 0.0329,
Train Epoch: [1/30] Iters:[340/468] gen_loss 0.0257, rec_loss 0.0127, lpips_loss 0.1518, g_loss -0.0325, disc_weight 0.4000, disc_adaptive_weight 4.2674, d_loss 0.5345, logits_real 0.0206, logits_fake 0.0322,
Train Epoch: [1/30] Iters:[350/468] gen_loss 0.0321, rec_loss 0.0128, lpips_loss 0.1521, g_loss -0.0320, disc_weight 0.4000, disc_adaptive_weight 4.1647, d_loss 0.5288, logits_real 0.0208, logits_fake 0.0318,
Train Epoch: [1/30] Iters:[360/468] gen_loss 0.0263, rec_loss 0.0127, lpips_loss 0.1518, g_loss -0.0318, disc_weight 0.4000, disc_adaptive_weight 4.3525, d_loss 0.5234, logits_real 0.0209, logits_fake 0.0317,
Train Epoch: [1/30] Iters:[370/468] gen_loss 0.0264, rec_loss 0.0127, lpips_loss 0.1518, g_loss -0.0320, disc_weight 0.4000, disc_adaptive_weight 4.3288, d_loss 0.5187, logits_real 0.0209, logits_fake 0.0315,
Train Epoch: [1/30] Iters:[380/468] gen_loss 0.0282, rec_loss 0.0128, lpips_loss 0.1515, g_loss -0.0319, disc_weight 0.4000, disc_adaptive_weight 4.2815, d_loss 0.5143, logits_real 0.0210, logits_fake 0.0318,
Train Epoch: [1/30] Iters:[390/468] gen_loss 0.0370, rec_loss 0.0128, lpips_loss 0.1509, g_loss -0.0316, disc_weight 0.4000, disc_adaptive_weight 4.0243, d_loss 0.5100, logits_real 0.0208, logits_fake 0.0312,
Train Epoch: [1/30] Iters:[400/468] gen_loss 0.0337, rec_loss 0.0127, lpips_loss 0.1505, g_loss -0.0310, disc_weight 0.4000, disc_adaptive_weight 4.2040, d_loss 0.5059, logits_real 0.0208, logits_fake 0.0308,
Train Epoch: [1/30] Iters:[410/468] gen_loss 0.0373, rec_loss 0.0128, lpips_loss 0.1506, g_loss -0.0309, disc_weight 0.4000, disc_adaptive_weight 4.1094, d_loss 0.5023, logits_real 0.0209, logits_fake 0.0303,
Train Epoch: [1/30] Iters:[420/468] gen_loss 0.0365, rec_loss 0.0129, lpips_loss 0.1509, g_loss -0.0304, disc_weight 0.4000, disc_adaptive_weight 4.2019, d_loss 0.4985, logits_real 0.0211, logits_fake 0.0303,
Train Epoch: [1/30] Iters:[430/468] gen_loss 0.0376, rec_loss 0.0128, lpips_loss 0.1509, g_loss -0.0304, disc_weight 0.4000, disc_adaptive_weight 4.1576, d_loss 0.4949, logits_real 0.0213, logits_fake 0.0301,
Train Epoch: [1/30] Iters:[440/468] gen_loss 0.0359, rec_loss 0.0129, lpips_loss 0.1511, g_loss -0.0302, disc_weight 0.4000, disc_adaptive_weight 4.2640, d_loss 0.4916, logits_real 0.0215, logits_fake 0.0303,
Train Epoch: [1/30] Iters:[450/468] gen_loss 0.0436, rec_loss 0.0128, lpips_loss 0.1508, g_loss -0.0304, disc_weight 0.4000, disc_adaptive_weight 3.9635, d_loss 0.4888, logits_real 0.0217, logits_fake 0.0302,
Train Epoch: [1/30] Iters:[460/468] gen_loss 0.0450, rec_loss 0.0128, lpips_loss 0.1504, g_loss -0.0302, disc_weight 0.4000, disc_adaptive_weight 3.9371, d_loss 0.4857, logits_real 0.0219, logits_fake 0.0302,
epoch:2, cur_lr:0.000010
Train Epoch: [2/30] Iters:[10/468] gen_loss 0.0431, rec_loss 0.0125, lpips_loss 0.1511, g_loss -0.0311, disc_weight 0.4000, disc_adaptive_weight 3.8904, d_loss 0.4755, logits_real 0.0232, logits_fake 0.0300,
Train Epoch: [2/30] Iters:[20/468] gen_loss 0.0355, rec_loss 0.0127, lpips_loss 0.1513, g_loss -0.0308, disc_weight 0.4000, disc_adaptive_weight 4.2092, d_loss 0.4743, logits_real 0.0232, logits_fake 0.0303,
Train Epoch: [2/30] Iters:[30/468] gen_loss 0.0451, rec_loss 0.0127, lpips_loss 0.1508, g_loss -0.0306, disc_weight 0.4000, disc_adaptive_weight 3.8938, d_loss 0.4727, logits_real 0.0230, logits_fake 0.0301,
Train Epoch: [2/30] Iters:[40/468] gen_loss 0.0413, rec_loss 0.0126, lpips_loss 0.1503, g_loss -0.0305, disc_weight 0.4000, disc_adaptive_weight 4.0191, d_loss 0.4715, logits_real 0.0232, logits_fake 0.0300,
Train Epoch: [2/30] Iters:[50/468] gen_loss 0.0421, rec_loss 0.0126, lpips_loss 0.1499, g_loss -0.0303, disc_weight 0.4000, disc_adaptive_weight 4.0066, d_loss 0.4704, logits_real 0.0234, logits_fake 0.0300,
Train Epoch: [2/30] Iters:[60/468] gen_loss 0.0278, rec_loss 0.0126, lpips_loss 0.1499, g_loss -0.0305, disc_weight 0.4000, disc_adaptive_weight 4.4130, d_loss 0.4680, logits_real 0.0237, logits_fake 0.0300,
Train Epoch: [2/30] Iters:[70/468] gen_loss 0.0270, rec_loss 0.0126, lpips_loss 0.1502, g_loss -0.0311, disc_weight 0.4000, disc_adaptive_weight 4.3514, d_loss 0.4660, logits_real 0.0238, logits_fake 0.0307,
Train Epoch: [2/30] Iters:[80/468] gen_loss 0.0222, rec_loss 0.0126, lpips_loss 0.1505, g_loss -0.0315, disc_weight 0.4000, disc_adaptive_weight 4.4551, d_loss 0.4641, logits_real 0.0240, logits_fake 0.0311,
Train Epoch: [2/30] Iters:[90/468] gen_loss 0.0225, rec_loss 0.0126, lpips_loss 0.1507, g_loss -0.0315, disc_weight 0.4000, disc_adaptive_weight 4.4441, d_loss 0.4622, logits_real 0.0240, logits_fake 0.0315,
Train Epoch: [2/30] Iters:[100/468] gen_loss 0.0234, rec_loss 0.0126, lpips_loss 0.1507, g_loss -0.0319, disc_weight 0.4000, disc_adaptive_weight 4.3772, d_loss 0.4603, logits_real 0.0240, logits_fake 0.0322,
Train Epoch: [2/30] Iters:[110/468] gen_loss 0.0357, rec_loss 0.0126, lpips_loss 0.1507, g_loss -0.0316, disc_weight 0.4000, disc_adaptive_weight 4.0411, d_loss 0.4586, logits_real 0.0242, logits_fake 0.0324,
Train Epoch: [2/30] Iters:[120/468] gen_loss 0.0308, rec_loss 0.0126, lpips_loss 0.1504, g_loss -0.0310, disc_weight 0.4000, disc_adaptive_weight 4.2990, d_loss 0.4564, logits_real 0.0243, logits_fake 0.0320,
Train Epoch: [2/30] Iters:[130/468] gen_loss 0.0323, rec_loss 0.0126, lpips_loss 0.1504, g_loss -0.0309, disc_weight 0.4000, disc_adaptive_weight 4.2653, d_loss 0.4547, logits_real 0.0244, logits_fake 0.0320,
Train Epoch: [2/30] Iters:[140/468] gen_loss 0.0327, rec_loss 0.0126, lpips_loss 0.1507, g_loss -0.0310, disc_weight 0.4000, disc_adaptive_weight 4.2427, d_loss 0.4529, logits_real 0.0246, logits_fake 0.0317,
Train Epoch: [2/30] Iters:[150/468] gen_loss 0.0298, rec_loss 0.0127, lpips_loss 0.1507, g_loss -0.0311, disc_weight 0.4000, disc_adaptive_weight 4.3180, d_loss 0.4511, logits_real 0.0249, logits_fake 0.0310,
Train Epoch: [2/30] Iters:[160/468] gen_loss 0.0314, rec_loss 0.0126, lpips_loss 0.1505, g_loss -0.0314, disc_weight 0.4000, disc_adaptive_weight 4.2281, d_loss 0.4496, logits_real 0.0249, logits_fake 0.0312,
Train Epoch: [2/30] Iters:[170/468] gen_loss 0.0412, rec_loss 0.0126, lpips_loss 0.1499, g_loss -0.0315, disc_weight 0.4000, disc_adaptive_weight 3.8590, d_loss 0.4481, logits_real 0.0251, logits_fake 0.0309,
Train Epoch: [2/30] Iters:[180/468] gen_loss 0.0301, rec_loss 0.0126, lpips_loss 0.1494, g_loss -0.0313, disc_weight 0.4000, disc_adaptive_weight 4.2438, d_loss 0.4468, logits_real 0.0255, logits_fake 0.0310,
Train Epoch: [2/30] Iters:[190/468] gen_loss 0.0235, rec_loss 0.0127, lpips_loss 0.1493, g_loss -0.0316, disc_weight 0.4000, disc_adaptive_weight 4.4248, d_loss 0.4457, logits_real 0.0256, logits_fake 0.0316,
Train Epoch: [2/30] Iters:[200/468] gen_loss 0.0204, rec_loss 0.0127, lpips_loss 0.1496, g_loss -0.0316, disc_weight 0.4000, disc_adaptive_weight 4.5319, d_loss 0.4447, logits_real 0.0258, logits_fake 0.0323,
Train Epoch: [2/30] Iters:[210/468] gen_loss -0.0005, rec_loss 0.0127, lpips_loss 0.1493, g_loss -0.0318, disc_weight 0.4000, disc_adaptive_weight 5.1249, d_loss 0.4433, logits_real 0.0261, logits_fake 0.0324,
Train Epoch: [2/30] Iters:[220/468] gen_loss -0.0042, rec_loss 0.0127, lpips_loss 0.1501, g_loss -0.0322, disc_weight 0.4000, disc_adaptive_weight 5.2221, d_loss 0.4421, logits_real 0.0261, logits_fake 0.0329,
Train Epoch: [2/30] Iters:[230/468] gen_loss -0.0024, rec_loss 0.0128, lpips_loss 0.1511, g_loss -0.0326, disc_weight 0.4000, disc_adaptive_weight 5.1478, d_loss 0.4408, logits_real 0.0259, logits_fake 0.0327,
Train Epoch: [2/30] Iters:[240/468] gen_loss -0.0081, rec_loss 0.0129, lpips_loss 0.1515, g_loss -0.0332, disc_weight 0.4000, disc_adaptive_weight 5.2296, d_loss 0.4394, logits_real 0.0260, logits_fake 0.0328,
Train Epoch: [2/30] Iters:[250/468] gen_loss -0.0065, rec_loss 0.0129, lpips_loss 0.1520, g_loss -0.0336, disc_weight 0.4000, disc_adaptive_weight 5.1319, d_loss 0.4381, logits_real 0.0261, logits_fake 0.0326,
Train Epoch: [2/30] Iters:[260/468] gen_loss 0.0031, rec_loss 0.0129, lpips_loss 0.1525, g_loss -0.0336, disc_weight 0.4000, disc_adaptive_weight 4.8480, d_loss 0.4373, logits_real 0.0260, logits_fake 0.0333,
Train Epoch: [2/30] Iters:[270/468] gen_loss 0.0032, rec_loss 0.0130, lpips_loss 0.1521, g_loss -0.0342, disc_weight 0.4000, disc_adaptive_weight 4.7685, d_loss 0.4364, logits_real 0.0266, logits_fake 0.0337,
Train Epoch: [2/30] Iters:[280/468] gen_loss 0.0047, rec_loss 0.0128, lpips_loss 0.1512, g_loss -0.0345, disc_weight 0.4000, disc_adaptive_weight 4.6420, d_loss 0.4356, logits_real 0.0275, logits_fake 0.0345,
Train Epoch: [2/30] Iters:[290/468] gen_loss 0.0092, rec_loss 0.0127, lpips_loss 0.1505, g_loss -0.0347, disc_weight 0.4000, disc_adaptive_weight 4.4692, d_loss 0.4347, logits_real 0.0279, logits_fake 0.0347,
Train Epoch: [2/30] Iters:[300/468] gen_loss -0.0050, rec_loss 0.0127, lpips_loss 0.1503, g_loss -0.0349, disc_weight 0.4000, disc_adaptive_weight 4.8607, d_loss 0.4338, logits_real 0.0282, logits_fake 0.0351,
Train Epoch: [2/30] Iters:[310/468] gen_loss -0.0004, rec_loss 0.0127, lpips_loss 0.1500, g_loss -0.0351, disc_weight 0.4000, disc_adaptive_weight 4.6963, d_loss 0.4331, logits_real 0.0288, logits_fake 0.0351,
Train Epoch: [2/30] Iters:[320/468] gen_loss -0.0038, rec_loss 0.0126, lpips_loss 0.1498, g_loss -0.0352, disc_weight 0.4000, disc_adaptive_weight 4.7586, d_loss 0.4322, logits_real 0.0288, logits_fake 0.0348,
Train Epoch: [2/30] Iters:[330/468] gen_loss -0.0139, rec_loss 0.0126, lpips_loss 0.1500, g_loss -0.0353, disc_weight 0.4000, disc_adaptive_weight 5.0417, d_loss 0.4314, logits_real 0.0288, logits_fake 0.0345,
Train Epoch: [2/30] Iters:[340/468] gen_loss -0.0268, rec_loss 0.0128, lpips_loss 0.1500, g_loss -0.0347, disc_weight 0.4000, disc_adaptive_weight 5.5151, d_loss 0.4306, logits_real 0.0288, logits_fake 0.0347,
Train Epoch: [2/30] Iters:[350/468] gen_loss -0.0225, rec_loss 0.0129, lpips_loss 0.1497, g_loss -0.0346, disc_weight 0.4000, disc_adaptive_weight 5.3885, d_loss 0.4303, logits_real 0.0291, logits_fake 0.0352,
Train Epoch: [2/30] Iters:[360/468] gen_loss -0.0275, rec_loss 0.0130, lpips_loss 0.1496, g_loss -0.0350, disc_weight 0.4000, disc_adaptive_weight 5.4669, d_loss 0.4294, logits_real 0.0290, logits_fake 0.0352,
Train Epoch: [2/30] Iters:[370/468] gen_loss -0.0341, rec_loss 0.0129, lpips_loss 0.1493, g_loss -0.0349, disc_weight 0.4000, disc_adaptive_weight 5.6562, d_loss 0.4291, logits_real 0.0292, logits_fake 0.0359,
Train Epoch: [2/30] Iters:[380/468] gen_loss -0.0301, rec_loss 0.0130, lpips_loss 0.1495, g_loss -0.0353, disc_weight 0.4000, disc_adaptive_weight 5.4778, d_loss 0.4284, logits_real 0.0293, logits_fake 0.0364,
Train Epoch: [2/30] Iters:[390/468] gen_loss -0.0175, rec_loss 0.0128, lpips_loss 0.1500, g_loss -0.0359, disc_weight 0.4000, disc_adaptive_weight 5.0235, d_loss 0.4279, logits_real 0.0296, logits_fake 0.0365,
Train Epoch: [2/30] Iters:[400/468] gen_loss -0.0202, rec_loss 0.0128, lpips_loss 0.1503, g_loss -0.0360, disc_weight 0.4000, disc_adaptive_weight 5.0811, d_loss 0.4270, logits_real 0.0295, logits_fake 0.0362,
Train Epoch: [2/30] Iters:[410/468] gen_loss -0.0273, rec_loss 0.0127, lpips_loss 0.1503, g_loss -0.0359, disc_weight 0.4000, disc_adaptive_weight 5.2936, d_loss 0.4264, logits_real 0.0296, logits_fake 0.0362,
Train Epoch: [2/30] Iters:[420/468] gen_loss -0.0302, rec_loss 0.0129, lpips_loss 0.1507, g_loss -0.0359, disc_weight 0.4000, disc_adaptive_weight 5.3927, d_loss 0.4257, logits_real 0.0295, logits_fake 0.0359,
Train Epoch: [2/30] Iters:[430/468] gen_loss -0.0430, rec_loss 0.0129, lpips_loss 0.1509, g_loss -0.0356, disc_weight 0.4000, disc_adaptive_weight 5.8124, d_loss 0.4253, logits_real 0.0296, logits_fake 0.0359,
Train Epoch: [2/30] Iters:[440/468] gen_loss -0.0460, rec_loss 0.0130, lpips_loss 0.1510, g_loss -0.0354, disc_weight 0.4000, disc_adaptive_weight 5.9566, d_loss 0.4247, logits_real 0.0295, logits_fake 0.0358,
Train Epoch: [2/30] Iters:[450/468] gen_loss -0.0395, rec_loss 0.0130, lpips_loss 0.1513, g_loss -0.0354, disc_weight 0.4000, disc_adaptive_weight 5.7804, d_loss 0.4243, logits_real 0.0292, logits_fake 0.0358,
Train Epoch: [2/30] Iters:[460/468] gen_loss -0.0295, rec_loss 0.0130, lpips_loss 0.1514, g_loss -0.0352, disc_weight 0.4000, disc_adaptive_weight 5.5353, d_loss 0.4239, logits_real 0.0291, logits_fake 0.0356,
epoch:3, cur_lr:0.000010
Train Epoch: [3/30] Iters:[10/468] gen_loss -0.0248, rec_loss 0.0126, lpips_loss 0.1508, g_loss -0.0356, disc_weight 0.4000, disc_adaptive_weight 5.2656, d_loss 0.4222, logits_real 0.0289, logits_fake 0.0356,
Train Epoch: [3/30] Iters:[20/468] gen_loss -0.0151, rec_loss 0.0128, lpips_loss 0.1507, g_loss -0.0355, disc_weight 0.4000, disc_adaptive_weight 5.0257, d_loss 0.4218, logits_real 0.0292, logits_fake 0.0357,
Train Epoch: [3/30] Iters:[30/468] gen_loss -0.0085, rec_loss 0.0127, lpips_loss 0.1513, g_loss -0.0353, disc_weight 0.4000, disc_adaptive_weight 4.8818, d_loss 0.4216, logits_real 0.0291, logits_fake 0.0353,
Train Epoch: [3/30] Iters:[40/468] gen_loss -0.0122, rec_loss 0.0128, lpips_loss 0.1511, g_loss -0.0349, disc_weight 0.4000, disc_adaptive_weight 5.0490, d_loss 0.4214, logits_real 0.0292, logits_fake 0.0353,
Train Epoch: [3/30] Iters:[50/468] gen_loss -0.0218, rec_loss 0.0128, lpips_loss 0.1503, g_loss -0.0348, disc_weight 0.4000, disc_adaptive_weight 5.3273, d_loss 0.4211, logits_real 0.0292, logits_fake 0.0351,
Train Epoch: [3/30] Iters:[60/468] gen_loss -0.0174, rec_loss 0.0130, lpips_loss 0.1501, g_loss -0.0346, disc_weight 0.4000, disc_adaptive_weight 5.2334, d_loss 0.4207, logits_real 0.0291, logits_fake 0.0349,
Train Epoch: [3/30] Iters:[70/468] gen_loss -0.0219, rec_loss 0.0128, lpips_loss 0.1500, g_loss -0.0342, disc_weight 0.4000, disc_adaptive_weight 5.4159, d_loss 0.4203, logits_real 0.0289, logits_fake 0.0346,
Train Epoch: [3/30] Iters:[80/468] gen_loss -0.0205, rec_loss 0.0128, lpips_loss 0.1492, g_loss -0.0342, disc_weight 0.4000, disc_adaptive_weight 5.3527, d_loss 0.4199, logits_real 0.0290, logits_fake 0.0347,
Train Epoch: [3/30] Iters:[90/468] gen_loss -0.0119, rec_loss 0.0127, lpips_loss 0.1489, g_loss -0.0344, disc_weight 0.4000, disc_adaptive_weight 5.0603, d_loss 0.4194, logits_real 0.0290, logits_fake 0.0346,
Train Epoch: [3/30] Iters:[100/468] gen_loss -0.0040, rec_loss 0.0127, lpips_loss 0.1495, g_loss -0.0347, disc_weight 0.4000, disc_adaptive_weight 4.8042, d_loss 0.4190, logits_real 0.0291, logits_fake 0.0346,
Train Epoch: [3/30] Iters:[110/468] gen_loss -0.0039, rec_loss 0.0126, lpips_loss 0.1496, g_loss -0.0348, disc_weight 0.4000, disc_adaptive_weight 4.7913, d_loss 0.4186, logits_real 0.0293, logits_fake 0.0345,
Train Epoch: [3/30] Iters:[120/468] gen_loss -0.0027, rec_loss 0.0126, lpips_loss 0.1495, g_loss -0.0350, disc_weight 0.4000, disc_adaptive_weight 4.7182, d_loss 0.4184, logits_real 0.0295, logits_fake 0.0348,
Train Epoch: [3/30] Iters:[130/468] gen_loss -0.0111, rec_loss 0.0128, lpips_loss 0.1501, g_loss -0.0351, disc_weight 0.4000, disc_adaptive_weight 4.9612, d_loss 0.4180, logits_real 0.0296, logits_fake 0.0349,
Train Epoch: [3/30] Iters:[140/468] gen_loss -0.0178, rec_loss 0.0129, lpips_loss 0.1504, g_loss -0.0350, disc_weight 0.4000, disc_adaptive_weight 5.1769, d_loss 0.4178, logits_real 0.0296, logits_fake 0.0349,
Train Epoch: [3/30] Iters:[150/468] gen_loss -0.0146, rec_loss 0.0128, lpips_loss 0.1500, g_loss -0.0350, disc_weight 0.4000, disc_adaptive_weight 5.0745, d_loss 0.4175, logits_real 0.0296, logits_fake 0.0351,
Train Epoch: [3/30] Iters:[160/468] gen_loss -0.0146, rec_loss 0.0130, lpips_loss 0.1500, g_loss -0.0351, disc_weight 0.4000, disc_adaptive_weight 5.0784, d_loss 0.4173, logits_real 0.0297, logits_fake 0.0353,
Train Epoch: [3/30] Iters:[170/468] gen_loss -0.0105, rec_loss 0.0129, lpips_loss 0.1497, g_loss -0.0350, disc_weight 0.4000, disc_adaptive_weight 4.9434, d_loss 0.4169, logits_real 0.0298, logits_fake 0.0353,
Train Epoch: [3/30] Iters:[180/468] gen_loss -0.0058, rec_loss 0.0128, lpips_loss 0.1490, g_loss -0.0349, disc_weight 0.4000, disc_adaptive_weight 4.8112, d_loss 0.4166, logits_real 0.0298, logits_fake 0.0351,
Train Epoch: [3/30] Iters:[190/468] gen_loss -0.0022, rec_loss 0.0127, lpips_loss 0.1487, g_loss -0.0349, disc_weight 0.4000, disc_adaptive_weight 4.6859, d_loss 0.4163, logits_real 0.0299, logits_fake 0.0351,
Train Epoch: [3/30] Iters:[200/468] gen_loss -0.0061, rec_loss 0.0126, lpips_loss 0.1487, g_loss -0.0348, disc_weight 0.4000, disc_adaptive_weight 4.8198, d_loss 0.4160, logits_real 0.0298, logits_fake 0.0349,
Train Epoch: [3/30] Iters:[210/468] gen_loss -0.0063, rec_loss 0.0125, lpips_loss 0.1482, g_loss -0.0348, disc_weight 0.4000, disc_adaptive_weight 4.8021, d_loss 0.4157, logits_real 0.0298, logits_fake 0.0348,
Train Epoch: [3/30] Iters:[220/468] gen_loss -0.0082, rec_loss 0.0125, lpips_loss 0.1482, g_loss -0.0349, disc_weight 0.4000, disc_adaptive_weight 4.8434, d_loss 0.4156, logits_real 0.0297, logits_fake 0.0349,
Train Epoch: [3/30] Iters:[230/468] gen_loss -0.0100, rec_loss 0.0125, lpips_loss 0.1485, g_loss -0.0348, disc_weight 0.4000, disc_adaptive_weight 4.9124, d_loss 0.4152, logits_real 0.0296, logits_fake 0.0347,
Train Epoch: [3/30] Iters:[240/468] gen_loss -0.0136, rec_loss 0.0125, lpips_loss 0.1484, g_loss -0.0346, disc_weight 0.4000, disc_adaptive_weight 5.0546, d_loss 0.4150, logits_real 0.0295, logits_fake 0.0345,
Train Epoch: [3/30] Iters:[250/468] gen_loss -0.0156, rec_loss 0.0125, lpips_loss 0.1487, g_loss -0.0340, disc_weight 0.4000, disc_adaptive_weight 5.2050, d_loss 0.4147, logits_real 0.0291, logits_fake 0.0339,
Train Epoch: [3/30] Iters:[260/468] gen_loss -0.0274, rec_loss 0.0126, lpips_loss 0.1490, g_loss -0.0337, disc_weight 0.4000, disc_adaptive_weight 5.6148, d_loss 0.4144, logits_real 0.0290, logits_fake 0.0333,
Train Epoch: [3/30] Iters:[270/468] gen_loss -0.0275, rec_loss 0.0127, lpips_loss 0.1491, g_loss -0.0334, disc_weight 0.4000, disc_adaptive_weight 5.6725, d_loss 0.4140, logits_real 0.0288, logits_fake 0.0327,
Train Epoch: [3/30] Iters:[280/468] gen_loss -0.0357, rec_loss 0.0128, lpips_loss 0.1494, g_loss -0.0335, disc_weight 0.4000, disc_adaptive_weight 5.9133, d_loss 0.4138, logits_real 0.0288, logits_fake 0.0323,
Train Epoch: [3/30] Iters:[290/468] gen_loss -0.0365, rec_loss 0.0128, lpips_loss 0.1496, g_loss -0.0331, disc_weight 0.4000, disc_adaptive_weight 6.0034, d_loss 0.4136, logits_real 0.0287, logits_fake 0.0325,
Train Epoch: [3/30] Iters:[300/468] gen_loss -0.0237, rec_loss 0.0128, lpips_loss 0.1496, g_loss -0.0333, disc_weight 0.4000, disc_adaptive_weight 5.5949, d_loss 0.4136, logits_real 0.0289, logits_fake 0.0332,
Train Epoch: [3/30] Iters:[310/468] gen_loss -0.0180, rec_loss 0.0128, lpips_loss 0.1501, g_loss -0.0333, disc_weight 0.4000, disc_adaptive_weight 5.4179, d_loss 0.4134, logits_real 0.0289, logits_fake 0.0335,
Train Epoch: [3/30] Iters:[320/468] gen_loss -0.0150, rec_loss 0.0128, lpips_loss 0.1502, g_loss -0.0333, disc_weight 0.4000, disc_adaptive_weight 5.3519, d_loss 0.4133, logits_real 0.0293, logits_fake 0.0338,
Train Epoch: [3/30] Iters:[330/468] gen_loss -0.0124, rec_loss 0.0128, lpips_loss 0.1504, g_loss -0.0333, disc_weight 0.4000, disc_adaptive_weight 5.2820, d_loss 0.4131, logits_real 0.0292, logits_fake 0.0338,
Train Epoch: [3/30] Iters:[340/468] gen_loss -0.0073, rec_loss 0.0128, lpips_loss 0.1506, g_loss -0.0336, disc_weight 0.4000, disc_adaptive_weight 5.0936, d_loss 0.4128, logits_real 0.0293, logits_fake 0.0337,
Train Epoch: [3/30] Iters:[350/468] gen_loss -0.0170, rec_loss 0.0128, lpips_loss 0.1506, g_loss -0.0339, disc_weight 0.4000, disc_adaptive_weight 5.3399, d_loss 0.4126, logits_real 0.0292, logits_fake 0.0334,
Train Epoch: [3/30] Iters:[360/468] gen_loss -0.0065, rec_loss 0.0128, lpips_loss 0.1507, g_loss -0.0340, disc_weight 0.4000, disc_adaptive_weight 5.0476, d_loss 0.4126, logits_real 0.0289, logits_fake 0.0335,
Train Epoch: [3/30] Iters:[370/468] gen_loss -0.0086, rec_loss 0.0127, lpips_loss 0.1503, g_loss -0.0341, disc_weight 0.4000, disc_adaptive_weight 5.0660, d_loss 0.4124, logits_real 0.0286, logits_fake 0.0335,
Train Epoch: [3/30] Iters:[380/468] gen_loss -0.0053, rec_loss 0.0127, lpips_loss 0.1499, g_loss -0.0338, disc_weight 0.4000, disc_adaptive_weight 4.9929, d_loss 0.4123, logits_real 0.0285, logits_fake 0.0338,
Train Epoch: [3/30] Iters:[390/468] gen_loss -0.0157, rec_loss 0.0127, lpips_loss 0.1498, g_loss -0.0339, disc_weight 0.4000, disc_adaptive_weight 5.2860, d_loss 0.4121, logits_real 0.0284, logits_fake 0.0335,
Train Epoch: [3/30] Iters:[400/468] gen_loss -0.0133, rec_loss 0.0128, lpips_loss 0.1497, g_loss -0.0335, disc_weight 0.4000, disc_adaptive_weight 5.2597, d_loss 0.4119, logits_real 0.0282, logits_fake 0.0334,
Train Epoch: [3/30] Iters:[410/468] gen_loss -0.0243, rec_loss 0.0127, lpips_loss 0.1494, g_loss -0.0331, disc_weight 0.4000, disc_adaptive_weight 5.6490, d_loss 0.4117, logits_real 0.0283, logits_fake 0.0332,
Train Epoch: [3/30] Iters:[420/468] gen_loss -0.0204, rec_loss 0.0129, lpips_loss 0.1501, g_loss -0.0328, disc_weight 0.4000, disc_adaptive_weight 5.5981, d_loss 0.4116, logits_real 0.0282, logits_fake 0.0330,
Train Epoch: [3/30] Iters:[430/468] gen_loss -0.0148, rec_loss 0.0129, lpips_loss 0.1503, g_loss -0.0327, disc_weight 0.4000, disc_adaptive_weight 5.4535, d_loss 0.4115, logits_real 0.0281, logits_fake 0.0329,
Train Epoch: [3/30] Iters:[440/468] gen_loss -0.0157, rec_loss 0.0129, lpips_loss 0.1505, g_loss -0.0325, disc_weight 0.4000, disc_adaptive_weight 5.5195, d_loss 0.4113, logits_real 0.0280, logits_fake 0.0328,
Train Epoch: [3/30] Iters:[450/468] gen_loss -0.0140, rec_loss 0.0129, lpips_loss 0.1508, g_loss -0.0324, disc_weight 0.4000, disc_adaptive_weight 5.4840, d_loss 0.4112, logits_real 0.0279, logits_fake 0.0327,
Train Epoch: [3/30] Iters:[460/468] gen_loss -0.0073, rec_loss 0.0129, lpips_loss 0.1506, g_loss -0.0325, disc_weight 0.4000, disc_adaptive_weight 5.2598, d_loss 0.4111, logits_real 0.0279, logits_fake 0.0325,
epoch:4, cur_lr:0.000010
Train Epoch: [4/30] Iters:[10/468] gen_loss -0.0227, rec_loss 0.0129, lpips_loss 0.1499, g_loss -0.0328, disc_weight 0.4000, disc_adaptive_weight 5.6813, d_loss 0.4106, logits_real 0.0285, logits_fake 0.0328,
Train Epoch: [4/30] Iters:[20/468] gen_loss -0.0408, rec_loss 0.0129, lpips_loss 0.1504, g_loss -0.0327, disc_weight 0.4000, disc_adaptive_weight 6.2672, d_loss 0.4104, logits_real 0.0284, logits_fake 0.0327,
Train Epoch: [4/30] Iters:[30/468] gen_loss -0.0299, rec_loss 0.0130, lpips_loss 0.1501, g_loss -0.0324, disc_weight 0.4000, disc_adaptive_weight 5.9705, d_loss 0.4104, logits_real 0.0284, logits_fake 0.0325,
Train Epoch: [4/30] Iters:[40/468] gen_loss -0.0205, rec_loss 0.0128, lpips_loss 0.1496, g_loss -0.0324, disc_weight 0.4000, disc_adaptive_weight 5.6592, d_loss 0.4103, logits_real 0.0282, logits_fake 0.0323,
Train Epoch: [4/30] Iters:[50/468] gen_loss -0.0204, rec_loss 0.0128, lpips_loss 0.1496, g_loss -0.0326, disc_weight 0.4000, disc_adaptive_weight 5.6181, d_loss 0.4103, logits_real 0.0284, logits_fake 0.0326,
Train Epoch: [4/30] Iters:[60/468] gen_loss -0.0133, rec_loss 0.0128, lpips_loss 0.1493, g_loss -0.0329, disc_weight 0.4000, disc_adaptive_weight 5.3539, d_loss 0.4101, logits_real 0.0285, logits_fake 0.0327,
Train Epoch: [4/30] Iters:[70/468] gen_loss -0.0070, rec_loss 0.0128, lpips_loss 0.1492, g_loss -0.0332, disc_weight 0.4000, disc_adaptive_weight 5.0945, d_loss 0.4100, logits_real 0.0288, logits_fake 0.0331,
Train Epoch: [4/30] Iters:[80/468] gen_loss -0.0114, rec_loss 0.0126, lpips_loss 0.1487, g_loss -0.0334, disc_weight 0.4000, disc_adaptive_weight 5.1684, d_loss 0.4099, logits_real 0.0289, logits_fake 0.0334,
Train Epoch: [4/30] Iters:[90/468] gen_loss -0.0345, rec_loss 0.0126, lpips_loss 0.1486, g_loss -0.0336, disc_weight 0.4000, disc_adaptive_weight 5.8349, d_loss 0.4099, logits_real 0.0290, logits_fake 0.0335,
Train Epoch: [4/30] Iters:[100/468] gen_loss -0.0316, rec_loss 0.0125, lpips_loss 0.1487, g_loss -0.0334, disc_weight 0.4000, disc_adaptive_weight 5.7774, d_loss 0.4097, logits_real 0.0288, logits_fake 0.0333,
Train Epoch: [4/30] Iters:[110/468] gen_loss -0.0430, rec_loss 0.0125, lpips_loss 0.1488, g_loss -0.0331, disc_weight 0.4000, disc_adaptive_weight 6.1647, d_loss 0.4097, logits_real 0.0284, logits_fake 0.0332,
Train Epoch: [4/30] Iters:[120/468] gen_loss -0.0382, rec_loss 0.0125, lpips_loss 0.1483, g_loss -0.0328, disc_weight 0.4000, disc_adaptive_weight 6.0693, d_loss 0.4096, logits_real 0.0280, logits_fake 0.0327,
Train Epoch: [4/30] Iters:[130/468] gen_loss -0.0365, rec_loss 0.0127, lpips_loss 0.1491, g_loss -0.0327, disc_weight 0.4000, disc_adaptive_weight 6.0627, d_loss 0.4095, logits_real 0.0277, logits_fake 0.0325,
Train Epoch: [4/30] Iters:[140/468] gen_loss -0.0286, rec_loss 0.0127, lpips_loss 0.1492, g_loss -0.0326, disc_weight 0.4000, disc_adaptive_weight 5.8576, d_loss 0.4094, logits_real 0.0276, logits_fake 0.0323,
Train Epoch: [4/30] Iters:[150/468] gen_loss -0.0279, rec_loss 0.0128, lpips_loss 0.1492, g_loss -0.0325, disc_weight 0.4000, disc_adaptive_weight 5.8632, d_loss 0.4093, logits_real 0.0276, logits_fake 0.0323,
Train Epoch: [4/30] Iters:[160/468] gen_loss -0.0182, rec_loss 0.0129, lpips_loss 0.1496, g_loss -0.0324, disc_weight 0.4000, disc_adaptive_weight 5.5871, d_loss 0.4091, logits_real 0.0278, logits_fake 0.0322,
Train Epoch: [4/30] Iters:[170/468] gen_loss -0.0243, rec_loss 0.0129, lpips_loss 0.1499, g_loss -0.0325, disc_weight 0.4000, disc_adaptive_weight 5.7866, d_loss 0.4090, logits_real 0.0279, logits_fake 0.0322,
Train Epoch: [4/30] Iters:[180/468] gen_loss -0.0234, rec_loss 0.0128, lpips_loss 0.1492, g_loss -0.0326, disc_weight 0.4000, disc_adaptive_weight 5.7144, d_loss 0.4089, logits_real 0.0280, logits_fake 0.0324,
Train Epoch: [4/30] Iters:[190/468] gen_loss -0.0121, rec_loss 0.0128, lpips_loss 0.1492, g_loss -0.0327, disc_weight 0.4000, disc_adaptive_weight 5.3492, d_loss 0.4088, logits_real 0.0282, logits_fake 0.0327,
Train Epoch: [4/30] Iters:[200/468] gen_loss -0.0237, rec_loss 0.0128, lpips_loss 0.1491, g_loss -0.0329, disc_weight 0.4000, disc_adaptive_weight 5.6589, d_loss 0.4087, logits_real 0.0284, logits_fake 0.0330,
Train Epoch: [4/30] Iters:[210/468] gen_loss -0.0359, rec_loss 0.0128, lpips_loss 0.1489, g_loss -0.0331, disc_weight 0.4000, disc_adaptive_weight 5.9830, d_loss 0.4087, logits_real 0.0286, logits_fake 0.0334,
Train Epoch: [4/30] Iters:[220/468] gen_loss -0.0346, rec_loss 0.0128, lpips_loss 0.1486, g_loss -0.0332, disc_weight 0.4000, disc_adaptive_weight 5.9095, d_loss 0.4087, logits_real 0.0286, logits_fake 0.0335,
Train Epoch: [4/30] Iters:[230/468] gen_loss -0.0350, rec_loss 0.0129, lpips_loss 0.1488, g_loss -0.0330, disc_weight 0.4000, disc_adaptive_weight 5.9618, d_loss 0.4086, logits_real 0.0287, logits_fake 0.0335,
Train Epoch: [4/30] Iters:[240/468] gen_loss -0.0281, rec_loss 0.0129, lpips_loss 0.1493, g_loss -0.0327, disc_weight 0.4000, disc_adaptive_weight 5.8025, d_loss 0.4085, logits_real 0.0285, logits_fake 0.0333,
Train Epoch: [4/30] Iters:[250/468] gen_loss -0.0135, rec_loss 0.0128, lpips_loss 0.1490, g_loss -0.0324, disc_weight 0.4000, disc_adaptive_weight 5.3888, d_loss 0.4084, logits_real 0.0281, logits_fake 0.0327,
Train Epoch: [4/30] Iters:[260/468] gen_loss 0.0029, rec_loss 0.0127, lpips_loss 0.1483, g_loss -0.0319, disc_weight 0.4000, disc_adaptive_weight 4.9428, d_loss 0.4082, logits_real 0.0277, logits_fake 0.0321,
Train Epoch: [4/30] Iters:[270/468] gen_loss 0.0136, rec_loss 0.0126, lpips_loss 0.1482, g_loss -0.0315, disc_weight 0.4000, disc_adaptive_weight 4.6712, d_loss 0.4081, logits_real 0.0275, logits_fake 0.0317,
Train Epoch: [4/30] Iters:[280/468] gen_loss 0.0202, rec_loss 0.0125, lpips_loss 0.1479, g_loss -0.0312, disc_weight 0.4000, disc_adaptive_weight 4.5002, d_loss 0.4079, logits_real 0.0273, logits_fake 0.0312,
Train Epoch: [4/30] Iters:[290/468] gen_loss 0.0122, rec_loss 0.0124, lpips_loss 0.1472, g_loss -0.0313, disc_weight 0.4000, disc_adaptive_weight 4.7167, d_loss 0.4079, logits_real 0.0272, logits_fake 0.0312,
Train Epoch: [4/30] Iters:[300/468] gen_loss 0.0104, rec_loss 0.0124, lpips_loss 0.1473, g_loss -0.0314, disc_weight 0.4000, disc_adaptive_weight 4.7606, d_loss 0.4078, logits_real 0.0274, logits_fake 0.0314,
Train Epoch: [4/30] Iters:[310/468] gen_loss -0.0025, rec_loss 0.0123, lpips_loss 0.1475, g_loss -0.0317, disc_weight 0.4000, disc_adaptive_weight 5.1168, d_loss 0.4078, logits_real 0.0277, logits_fake 0.0318,
Train Epoch: [4/30] Iters:[320/468] gen_loss -0.0137, rec_loss 0.0124, lpips_loss 0.1478, g_loss -0.0317, disc_weight 0.4000, disc_adaptive_weight 5.4926, d_loss 0.4077, logits_real 0.0277, logits_fake 0.0318,
Train Epoch: [4/30] Iters:[330/468] gen_loss -0.0233, rec_loss 0.0126, lpips_loss 0.1485, g_loss -0.0315, disc_weight 0.4000, disc_adaptive_weight 5.8636, d_loss 0.4076, logits_real 0.0276, logits_fake 0.0317,
Train Epoch: [4/30] Iters:[340/468] gen_loss -0.0264, rec_loss 0.0127, lpips_loss 0.1488, g_loss -0.0312, disc_weight 0.4000, disc_adaptive_weight 6.0420, d_loss 0.4076, logits_real 0.0272, logits_fake 0.0313,
Train Epoch: [4/30] Iters:[350/468] gen_loss -0.0298, rec_loss 0.0128, lpips_loss 0.1489, g_loss -0.0307, disc_weight 0.4000, disc_adaptive_weight 6.2476, d_loss 0.4075, logits_real 0.0268, logits_fake 0.0309,
Train Epoch: [4/30] Iters:[360/468] gen_loss -0.0234, rec_loss 0.0128, lpips_loss 0.1491, g_loss -0.0303, disc_weight 0.4000, disc_adaptive_weight 6.1206, d_loss 0.4075, logits_real 0.0264, logits_fake 0.0306,
Train Epoch: [4/30] Iters:[370/468] gen_loss -0.0199, rec_loss 0.0127, lpips_loss 0.1492, g_loss -0.0303, disc_weight 0.4000, disc_adaptive_weight 6.0104, d_loss 0.4074, logits_real 0.0263, logits_fake 0.0304,
Train Epoch: [4/30] Iters:[380/468] gen_loss -0.0112, rec_loss 0.0126, lpips_loss 0.1483, g_loss -0.0306, disc_weight 0.4000, disc_adaptive_weight 5.6588, d_loss 0.4073, logits_real 0.0262, logits_fake 0.0304,
Train Epoch: [4/30] Iters:[390/468] gen_loss -0.0066, rec_loss 0.0126, lpips_loss 0.1484, g_loss -0.0306, disc_weight 0.4000, disc_adaptive_weight 5.4904, d_loss 0.4073, logits_real 0.0264, logits_fake 0.0306,
Train Epoch: [4/30] Iters:[400/468] gen_loss -0.0041, rec_loss 0.0126, lpips_loss 0.1477, g_loss -0.0309, disc_weight 0.4000, disc_adaptive_weight 5.3283, d_loss 0.4072, logits_real 0.0266, logits_fake 0.0307,
Train Epoch: [4/30] Iters:[410/468] gen_loss -0.0094, rec_loss 0.0125, lpips_loss 0.1474, g_loss -0.0311, disc_weight 0.4000, disc_adaptive_weight 5.4479, d_loss 0.4071, logits_real 0.0269, logits_fake 0.0309,
Train Epoch: [4/30] Iters:[420/468] gen_loss -0.0101, rec_loss 0.0126, lpips_loss 0.1474, g_loss -0.0314, disc_weight 0.4000, disc_adaptive_weight 5.4155, d_loss 0.4071, logits_real 0.0272, logits_fake 0.0312,
Train Epoch: [4/30] Iters:[430/468] gen_loss -0.0095, rec_loss 0.0125, lpips_loss 0.1474, g_loss -0.0316, disc_weight 0.4000, disc_adaptive_weight 5.3634, d_loss 0.4069, logits_real 0.0274, logits_fake 0.0312,
Train Epoch: [4/30] Iters:[440/468] gen_loss -0.0121, rec_loss 0.0124, lpips_loss 0.1474, g_loss -0.0318, disc_weight 0.4000, disc_adaptive_weight 5.4155, d_loss 0.4069, logits_real 0.0277, logits_fake 0.0316,
Train Epoch: [4/30] Iters:[450/468] gen_loss -0.0276, rec_loss 0.0124, lpips_loss 0.1478, g_loss -0.0319, disc_weight 0.4000, disc_adaptive_weight 5.9071, d_loss 0.4068, logits_real 0.0277, logits_fake 0.0317,
Train Epoch: [4/30] Iters:[460/468] gen_loss -0.0221, rec_loss 0.0126, lpips_loss 0.1484, g_loss -0.0320, disc_weight 0.4000, disc_adaptive_weight 5.7411, d_loss 0.4068, logits_real 0.0276, logits_fake 0.0316,
epoch:5, cur_lr:0.000010
Train Epoch: [5/30] Iters:[10/468] gen_loss -0.0083, rec_loss 0.0125, lpips_loss 0.1486, g_loss -0.0316, disc_weight 0.4000, disc_adaptive_weight 5.3647, d_loss 0.4069, logits_real 0.0270, logits_fake 0.0315,
Train Epoch: [5/30] Iters:[20/468] gen_loss -0.0120, rec_loss 0.0126, lpips_loss 0.1475, g_loss -0.0312, disc_weight 0.4000, disc_adaptive_weight 5.5369, d_loss 0.4068, logits_real 0.0267, logits_fake 0.0311,
Train Epoch: [5/30] Iters:[30/468] gen_loss -0.0005, rec_loss 0.0127, lpips_loss 0.1483, g_loss -0.0311, disc_weight 0.4000, disc_adaptive_weight 5.2014, d_loss 0.4067, logits_real 0.0267, logits_fake 0.0310,
Train Epoch: [5/30] Iters:[40/468] gen_loss -0.0094, rec_loss 0.0127, lpips_loss 0.1481, g_loss -0.0310, disc_weight 0.4000, disc_adaptive_weight 5.5108, d_loss 0.4067, logits_real 0.0266, logits_fake 0.0309,
Train Epoch: [5/30] Iters:[50/468] gen_loss -0.0064, rec_loss 0.0126, lpips_loss 0.1482, g_loss -0.0308, disc_weight 0.4000, disc_adaptive_weight 5.4366, d_loss 0.4066, logits_real 0.0266, logits_fake 0.0307,
Train Epoch: [5/30] Iters:[60/468] gen_loss -0.0098, rec_loss 0.0127, lpips_loss 0.1483, g_loss -0.0306, disc_weight 0.4000, disc_adaptive_weight 5.5986, d_loss 0.4065, logits_real 0.0264, logits_fake 0.0305,
Train Epoch: [5/30] Iters:[70/468] gen_loss -0.0068, rec_loss 0.0127, lpips_loss 0.1485, g_loss -0.0305, disc_weight 0.4000, disc_adaptive_weight 5.5177, d_loss 0.4064, logits_real 0.0266, logits_fake 0.0304,
Train Epoch: [5/30] Iters:[80/468] gen_loss -0.0103, rec_loss 0.0126, lpips_loss 0.1483, g_loss -0.0302, disc_weight 0.4000, disc_adaptive_weight 5.6860, d_loss 0.4063, logits_real 0.0263, logits_fake 0.0302,
Train Epoch: [5/30] Iters:[90/468] gen_loss -0.0064, rec_loss 0.0126, lpips_loss 0.1482, g_loss -0.0300, disc_weight 0.4000, disc_adaptive_weight 5.5855, d_loss 0.4063, logits_real 0.0262, logits_fake 0.0300,
Train Epoch: [5/30] Iters:[100/468] gen_loss -0.0134, rec_loss 0.0126, lpips_loss 0.1484, g_loss -0.0295, disc_weight 0.4000, disc_adaptive_weight 5.9196, d_loss 0.4063, logits_real 0.0257, logits_fake 0.0296,
Train Epoch: [5/30] Iters:[110/468] gen_loss -0.0058, rec_loss 0.0126, lpips_loss 0.1485, g_loss -0.0291, disc_weight 0.4000, disc_adaptive_weight 5.7568, d_loss 0.4062, logits_real 0.0252, logits_fake 0.0291,
Train Epoch: [5/30] Iters:[120/468] gen_loss -0.0113, rec_loss 0.0127, lpips_loss 0.1491, g_loss -0.0287, disc_weight 0.4000, disc_adaptive_weight 6.0446, d_loss 0.4063, logits_real 0.0246, logits_fake 0.0287,
Train Epoch: [5/30] Iters:[130/468] gen_loss -0.0137, rec_loss 0.0127, lpips_loss 0.1488, g_loss -0.0287, disc_weight 0.4000, disc_adaptive_weight 6.0999, d_loss 0.4062, logits_real 0.0245, logits_fake 0.0285,
Train Epoch: [5/30] Iters:[140/468] gen_loss -0.0241, rec_loss 0.0128, lpips_loss 0.1490, g_loss -0.0285, disc_weight 0.4000, disc_adaptive_weight 6.5152, d_loss 0.4062, logits_real 0.0243, logits_fake 0.0284,
Train Epoch: [5/30] Iters:[150/468] gen_loss -0.0335, rec_loss 0.0128, lpips_loss 0.1486, g_loss -0.0286, disc_weight 0.4000, disc_adaptive_weight 6.8186, d_loss 0.4061, logits_real 0.0244, logits_fake 0.0285,
Train Epoch: [5/30] Iters:[160/468] gen_loss -0.0347, rec_loss 0.0127, lpips_loss 0.1480, g_loss -0.0286, disc_weight 0.4000, disc_adaptive_weight 6.8398, d_loss 0.4061, logits_real 0.0244, logits_fake 0.0286,
Train Epoch: [5/30] Iters:[170/468] gen_loss -0.0301, rec_loss 0.0128, lpips_loss 0.1480, g_loss -0.0283, disc_weight 0.4000, disc_adaptive_weight 6.7384, d_loss 0.4061, logits_real 0.0241, logits_fake 0.0284,
Train Epoch: [5/30] Iters:[180/468] gen_loss -0.0291, rec_loss 0.0128, lpips_loss 0.1485, g_loss -0.0278, disc_weight 0.4000, disc_adaptive_weight 6.8270, d_loss 0.4061, logits_real 0.0237, logits_fake 0.0282,
Train Epoch: [5/30] Iters:[190/468] gen_loss -0.0124, rec_loss 0.0127, lpips_loss 0.1484, g_loss -0.0277, disc_weight 0.4000, disc_adaptive_weight 6.2578, d_loss 0.4060, logits_real 0.0235, logits_fake 0.0279,
Train Epoch: [5/30] Iters:[200/468] gen_loss 0.0087, rec_loss 0.0127, lpips_loss 0.1486, g_loss -0.0277, disc_weight 0.4000, disc_adaptive_weight 5.5245, d_loss 0.4059, logits_real 0.0233, logits_fake 0.0275,
Train Epoch: [5/30] Iters:[210/468] gen_loss 0.0015, rec_loss 0.0128, lpips_loss 0.1492, g_loss -0.0279, disc_weight 0.4000, disc_adaptive_weight 5.7697, d_loss 0.4059, logits_real 0.0234, logits_fake 0.0276,
Train Epoch: [5/30] Iters:[220/468] gen_loss 0.0024, rec_loss 0.0128, lpips_loss 0.1490, g_loss -0.0284, disc_weight 0.4000, disc_adaptive_weight 5.6215, d_loss 0.4058, logits_real 0.0240, logits_fake 0.0281,
Train Epoch: [5/30] Iters:[230/468] gen_loss 0.0015, rec_loss 0.0128, lpips_loss 0.1488, g_loss -0.0290, disc_weight 0.4000, disc_adaptive_weight 5.5173, d_loss 0.4057, logits_real 0.0245, logits_fake 0.0285,
Train Epoch: [5/30] Iters:[240/468] gen_loss -0.0049, rec_loss 0.0128, lpips_loss 0.1491, g_loss -0.0292, disc_weight 0.4000, disc_adaptive_weight 5.7210, d_loss 0.4057, logits_real 0.0249, logits_fake 0.0288,
Train Epoch: [5/30] Iters:[250/468] gen_loss -0.0113, rec_loss 0.0127, lpips_loss 0.1493, g_loss -0.0295, disc_weight 0.4000, disc_adaptive_weight 5.8930, d_loss 0.4057, logits_real 0.0252, logits_fake 0.0293,
Train Epoch: [5/30] Iters:[260/468] gen_loss -0.0043, rec_loss 0.0126, lpips_loss 0.1490, g_loss -0.0298, disc_weight 0.4000, disc_adaptive_weight 5.5970, d_loss 0.4056, logits_real 0.0256, logits_fake 0.0296,
Train Epoch: [5/30] Iters:[270/468] gen_loss -0.0067, rec_loss 0.0125, lpips_loss 0.1484, g_loss -0.0298, disc_weight 0.4000, disc_adaptive_weight 5.6458, d_loss 0.4055, logits_real 0.0258, logits_fake 0.0297,
Train Epoch: [5/30] Iters:[280/468] gen_loss -0.0086, rec_loss 0.0126, lpips_loss 0.1485, g_loss -0.0296, disc_weight 0.4000, disc_adaptive_weight 5.7443, d_loss 0.4055, logits_real 0.0257, logits_fake 0.0296,
Train Epoch: [5/30] Iters:[290/468] gen_loss -0.0078, rec_loss 0.0126, lpips_loss 0.1485, g_loss -0.0298, disc_weight 0.4000, disc_adaptive_weight 5.6775, d_loss 0.4055, logits_real 0.0259, logits_fake 0.0298,
Train Epoch: [5/30] Iters:[300/468] gen_loss -0.0116, rec_loss 0.0127, lpips_loss 0.1483, g_loss -0.0299, disc_weight 0.4000, disc_adaptive_weight 5.7738, d_loss 0.4054, logits_real 0.0262, logits_fake 0.0300,
Train Epoch: [5/30] Iters:[310/468] gen_loss -0.0177, rec_loss 0.0127, lpips_loss 0.1487, g_loss -0.0301, disc_weight 0.4000, disc_adaptive_weight 5.9384, d_loss 0.4054, logits_real 0.0263, logits_fake 0.0300,
Train Epoch: [5/30] Iters:[320/468] gen_loss -0.0228, rec_loss 0.0127, lpips_loss 0.1490, g_loss -0.0302, disc_weight 0.4000, disc_adaptive_weight 6.0966, d_loss 0.4054, logits_real 0.0264, logits_fake 0.0303,
Train Epoch: [5/30] Iters:[330/468] gen_loss -0.0255, rec_loss 0.0126, lpips_loss 0.1486, g_loss -0.0305, disc_weight 0.4000, disc_adaptive_weight 6.1237, d_loss 0.4054, logits_real 0.0266, logits_fake 0.0306,
Train Epoch: [5/30] Iters:[340/468] gen_loss -0.0201, rec_loss 0.0127, lpips_loss 0.1486, g_loss -0.0305, disc_weight 0.4000, disc_adaptive_weight 5.9393, d_loss 0.4053, logits_real 0.0267, logits_fake 0.0305,
Train Epoch: [5/30] Iters:[350/468] gen_loss -0.0173, rec_loss 0.0126, lpips_loss 0.1484, g_loss -0.0304, disc_weight 0.4000, disc_adaptive_weight 5.8608, d_loss 0.4052, logits_real 0.0266, logits_fake 0.0304,
Train Epoch: [5/30] Iters:[360/468] gen_loss -0.0229, rec_loss 0.0125, lpips_loss 0.1476, g_loss -0.0304, disc_weight 0.4000, disc_adaptive_weight 5.9957, d_loss 0.4052, logits_real 0.0266, logits_fake 0.0303,
Train Epoch: [5/30] Iters:[370/468] gen_loss -0.0159, rec_loss 0.0125, lpips_loss 0.1477, g_loss -0.0305, disc_weight 0.4000, disc_adaptive_weight 5.7668, d_loss 0.4052, logits_real 0.0265, logits_fake 0.0303,
Train Epoch: [5/30] Iters:[380/468] gen_loss -0.0087, rec_loss 0.0125, lpips_loss 0.1479, g_loss -0.0305, disc_weight 0.4000, disc_adaptive_weight 5.5165, d_loss 0.4052, logits_real 0.0267, logits_fake 0.0305,
Train Epoch: [5/30] Iters:[390/468] gen_loss -0.0159, rec_loss 0.0125, lpips_loss 0.1477, g_loss -0.0308, disc_weight 0.4000, disc_adaptive_weight 5.6956, d_loss 0.4051, logits_real 0.0270, logits_fake 0.0307,
Train Epoch: [5/30] Iters:[400/468] gen_loss -0.0129, rec_loss 0.0125, lpips_loss 0.1476, g_loss -0.0311, disc_weight 0.4000, disc_adaptive_weight 5.5485, d_loss 0.4051, logits_real 0.0272, logits_fake 0.0311,
Train Epoch: [5/30] Iters:[410/468] gen_loss -0.0073, rec_loss 0.0127, lpips_loss 0.1483, g_loss -0.0311, disc_weight 0.4000, disc_adaptive_weight 5.4060, d_loss 0.4051, logits_real 0.0273, logits_fake 0.0313,
Train Epoch: [5/30] Iters:[420/468] gen_loss -0.0088, rec_loss 0.0125, lpips_loss 0.1480, g_loss -0.0310, disc_weight 0.4000, disc_adaptive_weight 5.4501, d_loss 0.4050, logits_real 0.0274, logits_fake 0.0312,
Train Epoch: [5/30] Iters:[430/468] gen_loss -0.0090, rec_loss 0.0126, lpips_loss 0.1480, g_loss -0.0309, disc_weight 0.4000, disc_adaptive_weight 5.4915, d_loss 0.4049, logits_real 0.0273, logits_fake 0.0309,
Train Epoch: [5/30] Iters:[440/468] gen_loss -0.0025, rec_loss 0.0126, lpips_loss 0.1479, g_loss -0.0304, disc_weight 0.4000, disc_adaptive_weight 5.3568, d_loss 0.4049, logits_real 0.0269, logits_fake 0.0307,
Train Epoch: [5/30] Iters:[450/468] gen_loss -0.0042, rec_loss 0.0126, lpips_loss 0.1477, g_loss -0.0301, disc_weight 0.4000, disc_adaptive_weight 5.4675, d_loss 0.4049, logits_real 0.0265, logits_fake 0.0303,
Train Epoch: [5/30] Iters:[460/468] gen_loss -0.0089, rec_loss 0.0125, lpips_loss 0.1469, g_loss -0.0294, disc_weight 0.4000, disc_adaptive_weight 5.7425, d_loss 0.4049, logits_real 0.0258, logits_fake 0.0296,
Loading pretrained model LPIPS from /home/sunset/.cache/torch/hub/pyiqa/LPIPS_v0.1_alex-df73285e.pth
epoch:6, cur_lr:0.000010
Train Epoch: [6/30] Iters:[10/468] gen_loss -0.0027, rec_loss 0.0126, lpips_loss 0.1479, g_loss -0.0283, disc_weight 0.4000, disc_adaptive_weight 5.7596, d_loss 0.4047, logits_real 0.0248, logits_fake 0.0280,
Train Epoch: [6/30] Iters:[20/468] gen_loss -0.0022, rec_loss 0.0125, lpips_loss 0.1481, g_loss -0.0279, disc_weight 0.4000, disc_adaptive_weight 5.8152, d_loss 0.4047, logits_real 0.0247, logits_fake 0.0278,
Train Epoch: [6/30] Iters:[30/468] gen_loss -0.0084, rec_loss 0.0124, lpips_loss 0.1476, g_loss -0.0279, disc_weight 0.4000, disc_adaptive_weight 6.0263, d_loss 0.4047, logits_real 0.0243, logits_fake 0.0280,
Train Epoch: [6/30] Iters:[40/468] gen_loss -0.0117, rec_loss 0.0125, lpips_loss 0.1480, g_loss -0.0279, disc_weight 0.4000, disc_adaptive_weight 6.1623, d_loss 0.4048, logits_real 0.0242, logits_fake 0.0280,
Train Epoch: [6/30] Iters:[50/468] gen_loss -0.0119, rec_loss 0.0126, lpips_loss 0.1479, g_loss -0.0279, disc_weight 0.4000, disc_adaptive_weight 6.1766, d_loss 0.4047, logits_real 0.0241, logits_fake 0.0280,
Train Epoch: [6/30] Iters:[60/468] gen_loss -0.0201, rec_loss 0.0125, lpips_loss 0.1473, g_loss -0.0278, disc_weight 0.4000, disc_adaptive_weight 6.4466, d_loss 0.4047, logits_real 0.0241, logits_fake 0.0280,
Train Epoch: [6/30] Iters:[70/468] gen_loss -0.0227, rec_loss 0.0127, lpips_loss 0.1471, g_loss -0.0281, disc_weight 0.4000, disc_adaptive_weight 6.4918, d_loss 0.4047, logits_real 0.0242, logits_fake 0.0282,
Train Epoch: [6/30] Iters:[80/468] gen_loss -0.0156, rec_loss 0.0126, lpips_loss 0.1470, g_loss -0.0284, disc_weight 0.4000, disc_adaptive_weight 6.1973, d_loss 0.4046, logits_real 0.0245, logits_fake 0.0282,
Train Epoch: [6/30] Iters:[90/468] gen_loss -0.0061, rec_loss 0.0126, lpips_loss 0.1465, g_loss -0.0287, disc_weight 0.4000, disc_adaptive_weight 5.7847, d_loss 0.4046, logits_real 0.0248, logits_fake 0.0284,
Train Epoch: [6/30] Iters:[100/468] gen_loss -0.0040, rec_loss 0.0127, lpips_loss 0.1471, g_loss -0.0289, disc_weight 0.4000, disc_adaptive_weight 5.7009, d_loss 0.4046, logits_real 0.0251, logits_fake 0.0286,
Train Epoch: [6/30] Iters:[110/468] gen_loss 0.0001, rec_loss 0.0128, lpips_loss 0.1481, g_loss -0.0289, disc_weight 0.4000, disc_adaptive_weight 5.6184, d_loss 0.4046, logits_real 0.0250, logits_fake 0.0287,
Train Epoch: [6/30] Iters:[120/468] gen_loss 0.0029, rec_loss 0.0128, lpips_loss 0.1482, g_loss -0.0287, disc_weight 0.4000, disc_adaptive_weight 5.5534, d_loss 0.4046, logits_real 0.0250, logits_fake 0.0288,
Train Epoch: [6/30] Iters:[130/468] gen_loss -0.0102, rec_loss 0.0129, lpips_loss 0.1485, g_loss -0.0285, disc_weight 0.4000, disc_adaptive_weight 6.0602, d_loss 0.4046, logits_real 0.0249, logits_fake 0.0287,
Train Epoch: [6/30] Iters:[140/468] gen_loss -0.0183, rec_loss 0.0129, lpips_loss 0.1488, g_loss -0.0280, disc_weight 0.4000, disc_adaptive_weight 6.4761, d_loss 0.4045, logits_real 0.0246, logits_fake 0.0283,
Train Epoch: [6/30] Iters:[150/468] gen_loss -0.0242, rec_loss 0.0130, lpips_loss 0.1486, g_loss -0.0275, disc_weight 0.4000, disc_adaptive_weight 6.7831, d_loss 0.4045, logits_real 0.0241, logits_fake 0.0277,
Train Epoch: [6/30] Iters:[160/468] gen_loss -0.0198, rec_loss 0.0129, lpips_loss 0.1481, g_loss -0.0267, disc_weight 0.4000, disc_adaptive_weight 6.7890, d_loss 0.4044, logits_real 0.0238, logits_fake 0.0271,
Train Epoch: [6/30] Iters:[170/468] gen_loss -0.0224, rec_loss 0.0130, lpips_loss 0.1485, g_loss -0.0263, disc_weight 0.4000, disc_adaptive_weight 6.9924, d_loss 0.4044, logits_real 0.0231, logits_fake 0.0265,
Train Epoch: [6/30] Iters:[180/468] gen_loss -0.0125, rec_loss 0.0130, lpips_loss 0.1488, g_loss -0.0257, disc_weight 0.4000, disc_adaptive_weight 6.8105, d_loss 0.4044, logits_real 0.0226, logits_fake 0.0260,
Train Epoch: [6/30] Iters:[190/468] gen_loss -0.0109, rec_loss 0.0131, lpips_loss 0.1490, g_loss -0.0253, disc_weight 0.4000, disc_adaptive_weight 6.8614, d_loss 0.4044, logits_real 0.0221, logits_fake 0.0258,
Train Epoch: [6/30] Iters:[200/468] gen_loss 0.0011, rec_loss 0.0131, lpips_loss 0.1490, g_loss -0.0252, disc_weight 0.4000, disc_adaptive_weight 6.4330, d_loss 0.4044, logits_real 0.0219, logits_fake 0.0256,
Train Epoch: [6/30] Iters:[210/468] gen_loss -0.0001, rec_loss 0.0130, lpips_loss 0.1487, g_loss -0.0253, disc_weight 0.4000, disc_adaptive_weight 6.4298, d_loss 0.4044, logits_real 0.0218, logits_fake 0.0256,
Train Epoch: [6/30] Iters:[220/468] gen_loss 0.0042, rec_loss 0.0129, lpips_loss 0.1479, g_loss -0.0255, disc_weight 0.4000, disc_adaptive_weight 6.1875, d_loss 0.4043, logits_real 0.0221, logits_fake 0.0258,
Train Epoch: [6/30] Iters:[230/468] gen_loss 0.0073, rec_loss 0.0129, lpips_loss 0.1478, g_loss -0.0258, disc_weight 0.4000, disc_adaptive_weight 5.9861, d_loss 0.4043, logits_real 0.0224, logits_fake 0.0260,
Train Epoch: [6/30] Iters:[240/468] gen_loss 0.0039, rec_loss 0.0127, lpips_loss 0.1476, g_loss -0.0261, disc_weight 0.4000, disc_adaptive_weight 6.0213, d_loss 0.4042, logits_real 0.0227, logits_fake 0.0261,
Train Epoch: [6/30] Iters:[250/468] gen_loss -0.0062, rec_loss 0.0127, lpips_loss 0.1476, g_loss -0.0261, disc_weight 0.4000, disc_adaptive_weight 6.4187, d_loss 0.4042, logits_real 0.0227, logits_fake 0.0262,
Train Epoch: [6/30] Iters:[260/468] gen_loss -0.0062, rec_loss 0.0128, lpips_loss 0.1480, g_loss -0.0263, disc_weight 0.4000, disc_adaptive_weight 6.3902, d_loss 0.4042, logits_real 0.0227, logits_fake 0.0261,
Train Epoch: [6/30] Iters:[270/468] gen_loss -0.0106, rec_loss 0.0128, lpips_loss 0.1487, g_loss -0.0261, disc_weight 0.4000, disc_adaptive_weight 6.6217, d_loss 0.4041, logits_real 0.0226, logits_fake 0.0258,
Train Epoch: [6/30] Iters:[280/468] gen_loss -0.0091, rec_loss 0.0127, lpips_loss 0.1484, g_loss -0.0259, disc_weight 0.4000, disc_adaptive_weight 6.6047, d_loss 0.4041, logits_real 0.0223, logits_fake 0.0257,
Train Epoch: [6/30] Iters:[290/468] gen_loss -0.0018, rec_loss 0.0129, lpips_loss 0.1487, g_loss -0.0255, disc_weight 0.4000, disc_adaptive_weight 6.4231, d_loss 0.4041, logits_real 0.0222, logits_fake 0.0256,
Train Epoch: [6/30] Iters:[300/468] gen_loss 0.0066, rec_loss 0.0128, lpips_loss 0.1485, g_loss -0.0256, disc_weight 0.4000, disc_adaptive_weight 6.0504, d_loss 0.4041, logits_real 0.0220, logits_fake 0.0257,
Train Epoch: [6/30] Iters:[310/468] gen_loss 0.0069, rec_loss 0.0127, lpips_loss 0.1480, g_loss -0.0256, disc_weight 0.4000, disc_adaptive_weight 6.0379, d_loss 0.4041, logits_real 0.0220, logits_fake 0.0258,
Train Epoch: [6/30] Iters:[320/468] gen_loss 0.0035, rec_loss 0.0127, lpips_loss 0.1478, g_loss -0.0255, disc_weight 0.4000, disc_adaptive_weight 6.1846, d_loss 0.4041, logits_real 0.0222, logits_fake 0.0259,
Train Epoch: [6/30] Iters:[330/468] gen_loss 0.0014, rec_loss 0.0128, lpips_loss 0.1480, g_loss -0.0259, disc_weight 0.4000, disc_adaptive_weight 6.2055, d_loss 0.4041, logits_real 0.0225, logits_fake 0.0260,
Train Epoch: [6/30] Iters:[340/468] gen_loss 0.0040, rec_loss 0.0127, lpips_loss 0.1477, g_loss -0.0264, disc_weight 0.4000, disc_adaptive_weight 5.9769, d_loss 0.4041, logits_real 0.0227, logits_fake 0.0263,
Train Epoch: [6/30] Iters:[350/468] gen_loss -0.0000, rec_loss 0.0128, lpips_loss 0.1477, g_loss -0.0264, disc_weight 0.4000, disc_adaptive_weight 6.1192, d_loss 0.4041, logits_real 0.0230, logits_fake 0.0266,
Train Epoch: [6/30] Iters:[360/468] gen_loss -0.0006, rec_loss 0.0128, lpips_loss 0.1481, g_loss -0.0268, disc_weight 0.4000, disc_adaptive_weight 6.0586, d_loss 0.4040, logits_real 0.0233, logits_fake 0.0268,
Train Epoch: [6/30] Iters:[370/468] gen_loss 0.0000, rec_loss 0.0128, lpips_loss 0.1482, g_loss -0.0270, disc_weight 0.4000, disc_adaptive_weight 5.9762, d_loss 0.4040, logits_real 0.0234, logits_fake 0.0270,
Train Epoch: [6/30] Iters:[380/468] gen_loss -0.0020, rec_loss 0.0127, lpips_loss 0.1480, g_loss -0.0270, disc_weight 0.4000, disc_adaptive_weight 6.0220, d_loss 0.4041, logits_real 0.0235, logits_fake 0.0273,
Train Epoch: [6/30] Iters:[390/468] gen_loss -0.0095, rec_loss 0.0128, lpips_loss 0.1482, g_loss -0.0272, disc_weight 0.4000, disc_adaptive_weight 6.2878, d_loss 0.4040, logits_real 0.0236, logits_fake 0.0274,
Train Epoch: [6/30] Iters:[400/468] gen_loss -0.0125, rec_loss 0.0128, lpips_loss 0.1482, g_loss -0.0274, disc_weight 0.4000, disc_adaptive_weight 6.3591, d_loss 0.4040, logits_real 0.0237, logits_fake 0.0275,
Train Epoch: [6/30] Iters:[410/468] gen_loss -0.0140, rec_loss 0.0128, lpips_loss 0.1485, g_loss -0.0273, disc_weight 0.4000, disc_adaptive_weight 6.4214, d_loss 0.4040, logits_real 0.0238, logits_fake 0.0276,
Train Epoch: [6/30] Iters:[420/468] gen_loss -0.0113, rec_loss 0.0127, lpips_loss 0.1481, g_loss -0.0273, disc_weight 0.4000, disc_adaptive_weight 6.3127, d_loss 0.4039, logits_real 0.0237, logits_fake 0.0275,
Train Epoch: [6/30] Iters:[430/468] gen_loss -0.0164, rec_loss 0.0129, lpips_loss 0.1485, g_loss -0.0272, disc_weight 0.4000, disc_adaptive_weight 6.5385, d_loss 0.4039, logits_real 0.0237, logits_fake 0.0274,
Train Epoch: [6/30] Iters:[440/468] gen_loss -0.0124, rec_loss 0.0130, lpips_loss 0.1488, g_loss -0.0270, disc_weight 0.4000, disc_adaptive_weight 6.4375, d_loss 0.4039, logits_real 0.0235, logits_fake 0.0272,
Train Epoch: [6/30] Iters:[450/468] gen_loss -0.0178, rec_loss 0.0129, lpips_loss 0.1489, g_loss -0.0270, disc_weight 0.4000, disc_adaptive_weight 6.6464, d_loss 0.4038, logits_real 0.0235, logits_fake 0.0271,
Train Epoch: [6/30] Iters:[460/468] gen_loss -0.0270, rec_loss 0.0129, lpips_loss 0.1484, g_loss -0.0271, disc_weight 0.4000, disc_adaptive_weight 6.9160, d_loss 0.4038, logits_real 0.0236, logits_fake 0.0272,
epoch:7, cur_lr:0.000010
Train Epoch: [7/30] Iters:[10/468] gen_loss -0.0500, rec_loss 0.0123, lpips_loss 0.1462, g_loss -0.0282, disc_weight 0.4000, disc_adaptive_weight 7.3998, d_loss 0.4037, logits_real 0.0249, logits_fake 0.0284,
Train Epoch: [7/30] Iters:[20/468] gen_loss -0.0249, rec_loss 0.0125, lpips_loss 0.1481, g_loss -0.0284, disc_weight 0.4000, disc_adaptive_weight 6.5342, d_loss 0.4037, logits_real 0.0250, logits_fake 0.0285,
Train Epoch: [7/30] Iters:[30/468] gen_loss -0.0203, rec_loss 0.0126, lpips_loss 0.1483, g_loss -0.0282, disc_weight 0.4000, disc_adaptive_weight 6.4317, d_loss 0.4037, logits_real 0.0249, logits_fake 0.0284,
Train Epoch: [7/30] Iters:[40/468] gen_loss -0.0129, rec_loss 0.0126, lpips_loss 0.1478, g_loss -0.0280, disc_weight 0.4000, disc_adaptive_weight 6.1864, d_loss 0.4037, logits_real 0.0247, logits_fake 0.0281,
Train Epoch: [7/30] Iters:[50/468] gen_loss -0.0116, rec_loss 0.0127, lpips_loss 0.1477, g_loss -0.0280, disc_weight 0.4000, disc_adaptive_weight 6.1401, d_loss 0.4037, logits_real 0.0247, logits_fake 0.0281,
Train Epoch: [7/30] Iters:[60/468] gen_loss 0.0012, rec_loss 0.0128, lpips_loss 0.1480, g_loss -0.0279, disc_weight 0.4000, disc_adaptive_weight 5.7066, d_loss 0.4037, logits_real 0.0247, logits_fake 0.0280,
Train Epoch: [7/30] Iters:[70/468] gen_loss -0.0044, rec_loss 0.0127, lpips_loss 0.1473, g_loss -0.0277, disc_weight 0.4000, disc_adaptive_weight 5.9359, d_loss 0.4036, logits_real 0.0244, logits_fake 0.0278,
Train Epoch: [7/30] Iters:[80/468] gen_loss 0.0007, rec_loss 0.0128, lpips_loss 0.1476, g_loss -0.0276, disc_weight 0.4000, disc_adaptive_weight 5.7783, d_loss 0.4036, logits_real 0.0243, logits_fake 0.0277,
Train Epoch: [7/30] Iters:[90/468] gen_loss -0.0002, rec_loss 0.0127, lpips_loss 0.1476, g_loss -0.0274, disc_weight 0.4000, disc_adaptive_weight 5.8670, d_loss 0.4036, logits_real 0.0241, logits_fake 0.0274,
Train Epoch: [7/30] Iters:[100/468] gen_loss 0.0025, rec_loss 0.0127, lpips_loss 0.1474, g_loss -0.0271, disc_weight 0.4000, disc_adaptive_weight 5.8050, d_loss 0.4036, logits_real 0.0237, logits_fake 0.0271,
Train Epoch: [7/30] Iters:[110/468] gen_loss -0.0005, rec_loss 0.0127, lpips_loss 0.1474, g_loss -0.0272, disc_weight 0.4000, disc_adaptive_weight 5.9100, d_loss 0.4036, logits_real 0.0235, logits_fake 0.0269,
Train Epoch: [7/30] Iters:[120/468] gen_loss -0.0024, rec_loss 0.0128, lpips_loss 0.1480, g_loss -0.0273, disc_weight 0.4000, disc_adaptive_weight 5.9611, d_loss 0.4036, logits_real 0.0236, logits_fake 0.0270,
Train Epoch: [7/30] Iters:[130/468] gen_loss -0.0044, rec_loss 0.0128, lpips_loss 0.1475, g_loss -0.0276, disc_weight 0.4000, disc_adaptive_weight 5.9774, d_loss 0.4036, logits_real 0.0237, logits_fake 0.0271,
Train Epoch: [7/30] Iters:[140/468] gen_loss -0.0088, rec_loss 0.0130, lpips_loss 0.1478, g_loss -0.0278, disc_weight 0.4000, disc_adaptive_weight 6.1156, d_loss 0.4036, logits_real 0.0238, logits_fake 0.0273,
Train Epoch: [7/30] Iters:[150/468] gen_loss -0.0110, rec_loss 0.0130, lpips_loss 0.1481, g_loss -0.0277, disc_weight 0.4000, disc_adaptive_weight 6.2300, d_loss 0.4035, logits_real 0.0239, logits_fake 0.0273,
Train Epoch: [7/30] Iters:[160/468] gen_loss -0.0193, rec_loss 0.0131, lpips_loss 0.1481, g_loss -0.0274, disc_weight 0.4000, disc_adaptive_weight 6.6158, d_loss 0.4035, logits_real 0.0239, logits_fake 0.0271,
Train Epoch: [7/30] Iters:[170/468] gen_loss -0.0131, rec_loss 0.0131, lpips_loss 0.1480, g_loss -0.0269, disc_weight 0.4000, disc_adaptive_weight 6.4812, d_loss 0.4035, logits_real 0.0235, logits_fake 0.0268,
Train Epoch: [7/30] Iters:[180/468] gen_loss -0.0144, rec_loss 0.0130, lpips_loss 0.1478, g_loss -0.0266, disc_weight 0.4000, disc_adaptive_weight 6.5717, d_loss 0.4035, logits_real 0.0232, logits_fake 0.0265,
Train Epoch: [7/30] Iters:[190/468] gen_loss -0.0091, rec_loss 0.0129, lpips_loss 0.1480, g_loss -0.0265, disc_weight 0.4000, disc_adaptive_weight 6.4011, d_loss 0.4035, logits_real 0.0231, logits_fake 0.0265,
Train Epoch: [7/30] Iters:[200/468] gen_loss -0.0144, rec_loss 0.0129, lpips_loss 0.1476, g_loss -0.0264, disc_weight 0.4000, disc_adaptive_weight 6.6125, d_loss 0.4035, logits_real 0.0228, logits_fake 0.0264,
Train Epoch: [7/30] Iters:[210/468] gen_loss -0.0100, rec_loss 0.0128, lpips_loss 0.1476, g_loss -0.0262, disc_weight 0.4000, disc_adaptive_weight 6.5030, d_loss 0.4035, logits_real 0.0225, logits_fake 0.0264,
Train Epoch: [7/30] Iters:[220/468] gen_loss -0.0146, rec_loss 0.0127, lpips_loss 0.1475, g_loss -0.0261, disc_weight 0.4000, disc_adaptive_weight 6.6952, d_loss 0.4035, logits_real 0.0226, logits_fake 0.0263,
Train Epoch: [7/30] Iters:[230/468] gen_loss -0.0147, rec_loss 0.0128, lpips_loss 0.1477, g_loss -0.0262, disc_weight 0.4000, disc_adaptive_weight 6.7075, d_loss 0.4035, logits_real 0.0227, logits_fake 0.0264,
Train Epoch: [7/30] Iters:[240/468] gen_loss -0.0202, rec_loss 0.0127, lpips_loss 0.1477, g_loss -0.0263, disc_weight 0.4000, disc_adaptive_weight 6.8724, d_loss 0.4035, logits_real 0.0226, logits_fake 0.0265,
Train Epoch: [7/30] Iters:[250/468] gen_loss -0.0215, rec_loss 0.0128, lpips_loss 0.1483, g_loss -0.0266, disc_weight 0.4000, disc_adaptive_weight 6.8864, d_loss 0.4035, logits_real 0.0228, logits_fake 0.0266,
Train Epoch: [7/30] Iters:[260/468] gen_loss -0.0087, rec_loss 0.0128, lpips_loss 0.1479, g_loss -0.0268, disc_weight 0.4000, disc_adaptive_weight 6.3161, d_loss 0.4035, logits_real 0.0231, logits_fake 0.0267,
Train Epoch: [7/30] Iters:[270/468] gen_loss -0.0006, rec_loss 0.0128, lpips_loss 0.1481, g_loss -0.0271, disc_weight 0.4000, disc_adaptive_weight 5.9502, d_loss 0.4034, logits_real 0.0232, logits_fake 0.0267,
Train Epoch: [7/30] Iters:[280/468] gen_loss 0.0043, rec_loss 0.0127, lpips_loss 0.1477, g_loss -0.0271, disc_weight 0.4000, disc_adaptive_weight 5.7586, d_loss 0.4034, logits_real 0.0231, logits_fake 0.0268,
Train Epoch: [7/30] Iters:[290/468] gen_loss 0.0047, rec_loss 0.0127, lpips_loss 0.1470, g_loss -0.0267, disc_weight 0.4000, disc_adaptive_weight 5.8058, d_loss 0.4034, logits_real 0.0230, logits_fake 0.0265,
Train Epoch: [7/30] Iters:[300/468] gen_loss 0.0121, rec_loss 0.0126, lpips_loss 0.1465, g_loss -0.0267, disc_weight 0.4000, disc_adaptive_weight 5.5134, d_loss 0.4033, logits_real 0.0231, logits_fake 0.0265,
Train Epoch: [7/30] Iters:[310/468] gen_loss 0.0058, rec_loss 0.0127, lpips_loss 0.1467, g_loss -0.0267, disc_weight 0.4000, disc_adaptive_weight 5.7606, d_loss 0.4033, logits_real 0.0231, logits_fake 0.0266,
Train Epoch: [7/30] Iters:[320/468] gen_loss 0.0026, rec_loss 0.0128, lpips_loss 0.1467, g_loss -0.0267, disc_weight 0.4000, disc_adaptive_weight 5.8973, d_loss 0.4034, logits_real 0.0232, logits_fake 0.0269,
Train Epoch: [7/30] Iters:[330/468] gen_loss -0.0086, rec_loss 0.0128, lpips_loss 0.1467, g_loss -0.0264, disc_weight 0.4000, disc_adaptive_weight 6.4030, d_loss 0.4033, logits_real 0.0230, logits_fake 0.0265,
Train Epoch: [7/30] Iters:[340/468] gen_loss -0.0129, rec_loss 0.0128, lpips_loss 0.1475, g_loss -0.0265, disc_weight 0.4000, disc_adaptive_weight 6.5906, d_loss 0.4033, logits_real 0.0231, logits_fake 0.0265,
Train Epoch: [7/30] Iters:[350/468] gen_loss -0.0125, rec_loss 0.0129, lpips_loss 0.1479, g_loss -0.0264, disc_weight 0.4000, disc_adaptive_weight 6.6366, d_loss 0.4033, logits_real 0.0231, logits_fake 0.0264,
Train Epoch: [7/30] Iters:[360/468] gen_loss -0.0114, rec_loss 0.0129, lpips_loss 0.1481, g_loss -0.0261, disc_weight 0.4000, disc_adaptive_weight 6.6559, d_loss 0.4033, logits_real 0.0229, logits_fake 0.0264,
Train Epoch: [7/30] Iters:[370/468] gen_loss -0.0058, rec_loss 0.0130, lpips_loss 0.1480, g_loss -0.0259, disc_weight 0.4000, disc_adaptive_weight 6.4784, d_loss 0.4033, logits_real 0.0227, logits_fake 0.0261,
Train Epoch: [7/30] Iters:[380/468] gen_loss 0.0032, rec_loss 0.0131, lpips_loss 0.1480, g_loss -0.0260, disc_weight 0.4000, disc_adaptive_weight 6.0974, d_loss 0.4033, logits_real 0.0226, logits_fake 0.0262,
Train Epoch: [7/30] Iters:[390/468] gen_loss 0.0095, rec_loss 0.0132, lpips_loss 0.1478, g_loss -0.0261, disc_weight 0.4000, disc_adaptive_weight 5.8140, d_loss 0.4033, logits_real 0.0228, logits_fake 0.0263,
Train Epoch: [7/30] Iters:[400/468] gen_loss 0.0112, rec_loss 0.0131, lpips_loss 0.1475, g_loss -0.0265, disc_weight 0.4000, disc_adaptive_weight 5.6577, d_loss 0.4033, logits_real 0.0230, logits_fake 0.0267,
Train Epoch: [7/30] Iters:[410/468] gen_loss 0.0053, rec_loss 0.0131, lpips_loss 0.1473, g_loss -0.0270, disc_weight 0.4000, disc_adaptive_weight 5.7656, d_loss 0.4032, logits_real 0.0235, logits_fake 0.0269,
Train Epoch: [7/30] Iters:[420/468] gen_loss -0.0026, rec_loss 0.0131, lpips_loss 0.1474, g_loss -0.0274, disc_weight 0.4000, disc_adaptive_weight 5.9762, d_loss 0.4031, logits_real 0.0240, logits_fake 0.0272,
Train Epoch: [7/30] Iters:[430/468] gen_loss -0.0039, rec_loss 0.0129, lpips_loss 0.1477, g_loss -0.0277, disc_weight 0.4000, disc_adaptive_weight 5.9635, d_loss 0.4031, logits_real 0.0244, logits_fake 0.0276,
Train Epoch: [7/30] Iters:[440/468] gen_loss 0.0006, rec_loss 0.0129, lpips_loss 0.1476, g_loss -0.0277, disc_weight 0.4000, disc_adaptive_weight 5.7787, d_loss 0.4031, logits_real 0.0246, logits_fake 0.0277,
Train Epoch: [7/30] Iters:[450/468] gen_loss -0.0028, rec_loss 0.0129, lpips_loss 0.1475, g_loss -0.0274, disc_weight 0.4000, disc_adaptive_weight 5.9646, d_loss 0.4031, logits_real 0.0244, logits_fake 0.0275,
Train Epoch: [7/30] Iters:[460/468] gen_loss -0.0002, rec_loss 0.0129, lpips_loss 0.1473, g_loss -0.0268, disc_weight 0.4000, disc_adaptive_weight 5.9868, d_loss 0.4031, logits_real 0.0240, logits_fake 0.0273,
epoch:8, cur_lr:0.000010
Train Epoch: [8/30] Iters:[10/468] gen_loss -0.0059, rec_loss 0.0128, lpips_loss 0.1466, g_loss -0.0261, disc_weight 0.4000, disc_adaptive_weight 6.3592, d_loss 0.4032, logits_real 0.0233, logits_fake 0.0267,
Train Epoch: [8/30] Iters:[20/468] gen_loss 0.0020, rec_loss 0.0130, lpips_loss 0.1462, g_loss -0.0258, disc_weight 0.4000, disc_adaptive_weight 6.0980, d_loss 0.4031, logits_real 0.0229, logits_fake 0.0262,
Train Epoch: [8/30] Iters:[30/468] gen_loss 0.0092, rec_loss 0.0130, lpips_loss 0.1465, g_loss -0.0261, disc_weight 0.4000, disc_adaptive_weight 5.7783, d_loss 0.4031, logits_real 0.0229, logits_fake 0.0261,
Train Epoch: [8/30] Iters:[40/468] gen_loss -0.0029, rec_loss 0.0129, lpips_loss 0.1462, g_loss -0.0263, disc_weight 0.4000, disc_adaptive_weight 6.1561, d_loss 0.4031, logits_real 0.0230, logits_fake 0.0263,
Train Epoch: [8/30] Iters:[50/468] gen_loss -0.0078, rec_loss 0.0128, lpips_loss 0.1462, g_loss -0.0265, disc_weight 0.4000, disc_adaptive_weight 6.2885, d_loss 0.4031, logits_real 0.0232, logits_fake 0.0266,
Train Epoch: [8/30] Iters:[60/468] gen_loss -0.0111, rec_loss 0.0129, lpips_loss 0.1465, g_loss -0.0270, disc_weight 0.4000, disc_adaptive_weight 6.3050, d_loss 0.4031, logits_real 0.0235, logits_fake 0.0268,
Train Epoch: [8/30] Iters:[70/468] gen_loss -0.0129, rec_loss 0.0128, lpips_loss 0.1472, g_loss -0.0274, disc_weight 0.4000, disc_adaptive_weight 6.3122, d_loss 0.4031, logits_real 0.0237, logits_fake 0.0272,
Train Epoch: [8/30] Iters:[80/468] gen_loss -0.0212, rec_loss 0.0129, lpips_loss 0.1478, g_loss -0.0273, disc_weight 0.4000, disc_adaptive_weight 6.6660, d_loss 0.4031, logits_real 0.0238, logits_fake 0.0273,
Train Epoch: [8/30] Iters:[90/468] gen_loss -0.0161, rec_loss 0.0129, lpips_loss 0.1482, g_loss -0.0275, disc_weight 0.4000, disc_adaptive_weight 6.4597, d_loss 0.4031, logits_real 0.0240, logits_fake 0.0275,
Train Epoch: [8/30] Iters:[100/468] gen_loss -0.0140, rec_loss 0.0130, lpips_loss 0.1487, g_loss -0.0277, disc_weight 0.4000, disc_adaptive_weight 6.3516, d_loss 0.4030, logits_real 0.0242, logits_fake 0.0275,
Train Epoch: [8/30] Iters:[110/468] gen_loss -0.0060, rec_loss 0.0130, lpips_loss 0.1488, g_loss -0.0277, disc_weight 0.4000, disc_adaptive_weight 6.0907, d_loss 0.4030, logits_real 0.0241, logits_fake 0.0275,
Train Epoch: [8/30] Iters:[120/468] gen_loss -0.0136, rec_loss 0.0131, lpips_loss 0.1483, g_loss -0.0278, disc_weight 0.4000, disc_adaptive_weight 6.3129, d_loss 0.4030, logits_real 0.0244, logits_fake 0.0276,
Train Epoch: [8/30] Iters:[130/468] gen_loss -0.0259, rec_loss 0.0130, lpips_loss 0.1480, g_loss -0.0282, disc_weight 0.4000, disc_adaptive_weight 6.6234, d_loss 0.4030, logits_real 0.0248, logits_fake 0.0281,
Train Epoch: [8/30] Iters:[140/468] gen_loss -0.0340, rec_loss 0.0131, lpips_loss 0.1486, g_loss -0.0285, disc_weight 0.4000, disc_adaptive_weight 6.8426, d_loss 0.4030, logits_real 0.0252, logits_fake 0.0284,
Train Epoch: [8/30] Iters:[150/468] gen_loss -0.0392, rec_loss 0.0129, lpips_loss 0.1481, g_loss -0.0287, disc_weight 0.4000, disc_adaptive_weight 6.9687, d_loss 0.4029, logits_real 0.0254, logits_fake 0.0285,
Train Epoch: [8/30] Iters:[160/468] gen_loss -0.0510, rec_loss 0.0128, lpips_loss 0.1475, g_loss -0.0287, disc_weight 0.4000, disc_adaptive_weight 7.3536, d_loss 0.4028, logits_real 0.0258, logits_fake 0.0286,
Train Epoch: [8/30] Iters:[170/468] gen_loss -0.0403, rec_loss 0.0127, lpips_loss 0.1477, g_loss -0.0289, disc_weight 0.4000, disc_adaptive_weight 6.9580, d_loss 0.4028, logits_real 0.0260, logits_fake 0.0286,
Train Epoch: [8/30] Iters:[180/468] gen_loss -0.0295, rec_loss 0.0128, lpips_loss 0.1475, g_loss -0.0285, disc_weight 0.4000, disc_adaptive_weight 6.6899, d_loss 0.4028, logits_real 0.0257, logits_fake 0.0280,
Train Epoch: [8/30] Iters:[190/468] gen_loss -0.0225, rec_loss 0.0127, lpips_loss 0.1471, g_loss -0.0279, disc_weight 0.4000, disc_adaptive_weight 6.5837, d_loss 0.4027, logits_real 0.0256, logits_fake 0.0277,
Train Epoch: [8/30] Iters:[200/468] gen_loss -0.0177, rec_loss 0.0128, lpips_loss 0.1473, g_loss -0.0275, disc_weight 0.4000, disc_adaptive_weight 6.5447, d_loss 0.4027, logits_real 0.0252, logits_fake 0.0271,
Train Epoch: [8/30] Iters:[210/468] gen_loss -0.0184, rec_loss 0.0129, lpips_loss 0.1473, g_loss -0.0267, disc_weight 0.4000, disc_adaptive_weight 6.8336, d_loss 0.4027, logits_real 0.0245, logits_fake 0.0265,
Train Epoch: [8/30] Iters:[220/468] gen_loss -0.0202, rec_loss 0.0130, lpips_loss 0.1476, g_loss -0.0267, disc_weight 0.4000, disc_adaptive_weight 6.9161, d_loss 0.4027, logits_real 0.0243, logits_fake 0.0265,
Train Epoch: [8/30] Iters:[230/468] gen_loss -0.0134, rec_loss 0.0130, lpips_loss 0.1477, g_loss -0.0270, disc_weight 0.4000, disc_adaptive_weight 6.6159, d_loss 0.4028, logits_real 0.0242, logits_fake 0.0266,
Train Epoch: [8/30] Iters:[240/468] gen_loss -0.0082, rec_loss 0.0130, lpips_loss 0.1478, g_loss -0.0270, disc_weight 0.4000, disc_adaptive_weight 6.4182, d_loss 0.4028, logits_real 0.0238, logits_fake 0.0261,
Train Epoch: [8/30] Iters:[250/468] gen_loss -0.0004, rec_loss 0.0130, lpips_loss 0.1479, g_loss -0.0266, disc_weight 0.4000, disc_adaptive_weight 6.1618, d_loss 0.4029, logits_real 0.0237, logits_fake 0.0266,
Train Epoch: [8/30] Iters:[260/468] gen_loss 0.0103, rec_loss 0.0129, lpips_loss 0.1483, g_loss -0.0266, disc_weight 0.4000, disc_adaptive_weight 5.7548, d_loss 0.4029, logits_real 0.0239, logits_fake 0.0266,
Train Epoch: [8/30] Iters:[270/468] gen_loss 0.0115, rec_loss 0.0129, lpips_loss 0.1481, g_loss -0.0255, disc_weight 0.4000, disc_adaptive_weight 5.9176, d_loss 0.4028, logits_real 0.0232, logits_fake 0.0257,
Train Epoch: [8/30] Iters:[280/468] gen_loss 0.0145, rec_loss 0.0128, lpips_loss 0.1479, g_loss -0.0248, disc_weight 0.4000, disc_adaptive_weight 5.9531, d_loss 0.4028, logits_real 0.0226, logits_fake 0.0252,
Train Epoch: [8/30] Iters:[290/468] gen_loss 0.0123, rec_loss 0.0128, lpips_loss 0.1483, g_loss -0.0242, disc_weight 0.4000, disc_adaptive_weight 6.2317, d_loss 0.4028, logits_real 0.0221, logits_fake 0.0250,
Train Epoch: [8/30] Iters:[300/468] gen_loss 0.0096, rec_loss 0.0130, lpips_loss 0.1483, g_loss -0.0236, disc_weight 0.4000, disc_adaptive_weight 6.5322, d_loss 0.4028, logits_real 0.0217, logits_fake 0.0243,
Train Epoch: [8/30] Iters:[310/468] gen_loss 0.0132, rec_loss 0.0130, lpips_loss 0.1478, g_loss -0.0236, disc_weight 0.4000, disc_adaptive_weight 6.3440, d_loss 0.4029, logits_real 0.0212, logits_fake 0.0244,
Train Epoch: [8/30] Iters:[320/468] gen_loss 0.0164, rec_loss 0.0129, lpips_loss 0.1478, g_loss -0.0236, disc_weight 0.4000, disc_adaptive_weight 6.1718, d_loss 0.4028, logits_real 0.0212, logits_fake 0.0242,
Train Epoch: [8/30] Iters:[330/468] gen_loss 0.0120, rec_loss 0.0130, lpips_loss 0.1473, g_loss -0.0235, disc_weight 0.4000, disc_adaptive_weight 6.3553, d_loss 0.4028, logits_real 0.0211, logits_fake 0.0240,
Train Epoch: [8/30] Iters:[340/468] gen_loss 0.0196, rec_loss 0.0128, lpips_loss 0.1469, g_loss -0.0237, disc_weight 0.4000, disc_adaptive_weight 5.9610, d_loss 0.4027, logits_real 0.0210, logits_fake 0.0235,
Train Epoch: [8/30] Iters:[350/468] gen_loss 0.0206, rec_loss 0.0129, lpips_loss 0.1467, g_loss -0.0238, disc_weight 0.4000, disc_adaptive_weight 5.8298, d_loss 0.4026, logits_real 0.0211, logits_fake 0.0233,
Train Epoch: [8/30] Iters:[360/468] gen_loss 0.0147, rec_loss 0.0129, lpips_loss 0.1472, g_loss -0.0238, disc_weight 0.4000, disc_adaptive_weight 6.1166, d_loss 0.4026, logits_real 0.0208, logits_fake 0.0229,
Train Epoch: [8/30] Iters:[370/468] gen_loss 0.0093, rec_loss 0.0129, lpips_loss 0.1472, g_loss -0.0233, disc_weight 0.4000, disc_adaptive_weight 6.4985, d_loss 0.4026, logits_real 0.0206, logits_fake 0.0231,
Train Epoch: [8/30] Iters:[380/468] gen_loss 0.0137, rec_loss 0.0129, lpips_loss 0.1471, g_loss -0.0227, disc_weight 0.4000, disc_adaptive_weight 6.4960, d_loss 0.4026, logits_real 0.0204, logits_fake 0.0226,
Train Epoch: [8/30] Iters:[390/468] gen_loss 0.0101, rec_loss 0.0130, lpips_loss 0.1467, g_loss -0.0222, disc_weight 0.4000, disc_adaptive_weight 6.8099, d_loss 0.4027, logits_real 0.0197, logits_fake 0.0226,
Train Epoch: [8/30] Iters:[400/468] gen_loss 0.0066, rec_loss 0.0130, lpips_loss 0.1467, g_loss -0.0218, disc_weight 0.4000, disc_adaptive_weight 7.1276, d_loss 0.4027, logits_real 0.0190, logits_fake 0.0220,
Train Epoch: [8/30] Iters:[410/468] gen_loss 0.0126, rec_loss 0.0130, lpips_loss 0.1465, g_loss -0.0213, disc_weight 0.4000, disc_adaptive_weight 7.0248, d_loss 0.4027, logits_real 0.0187, logits_fake 0.0216,
Train Epoch: [8/30] Iters:[420/468] gen_loss 0.0186, rec_loss 0.0131, lpips_loss 0.1467, g_loss -0.0216, disc_weight 0.4000, disc_adaptive_weight 6.6800, d_loss 0.4027, logits_real 0.0186, logits_fake 0.0215,
Train Epoch: [8/30] Iters:[430/468] gen_loss 0.0170, rec_loss 0.0131, lpips_loss 0.1472, g_loss -0.0220, disc_weight 0.4000, disc_adaptive_weight 6.6263, d_loss 0.4027, logits_real 0.0187, logits_fake 0.0218,
Train Epoch: [8/30] Iters:[440/468] gen_loss 0.0199, rec_loss 0.0131, lpips_loss 0.1477, g_loss -0.0223, disc_weight 0.4000, disc_adaptive_weight 6.4182, d_loss 0.4027, logits_real 0.0189, logits_fake 0.0219,
Train Epoch: [8/30] Iters:[450/468] gen_loss 0.0290, rec_loss 0.0130, lpips_loss 0.1478, g_loss -0.0221, disc_weight 0.4000, disc_adaptive_weight 6.0046, d_loss 0.4027, logits_real 0.0189, logits_fake 0.0221,
Train Epoch: [8/30] Iters:[460/468] gen_loss 0.0345, rec_loss 0.0130, lpips_loss 0.1475, g_loss -0.0220, disc_weight 0.4000, disc_adaptive_weight 5.7652, d_loss 0.4027, logits_real 0.0192, logits_fake 0.0223,
epoch:9, cur_lr:0.000010
Train Epoch: [9/30] Iters:[10/468] gen_loss 0.0013, rec_loss 0.0131, lpips_loss 0.1476, g_loss -0.0231, disc_weight 0.4000, disc_adaptive_weight 6.8887, d_loss 0.4028, logits_real 0.0198, logits_fake 0.0231,
Train Epoch: [9/30] Iters:[20/468] gen_loss 0.0061, rec_loss 0.0131, lpips_loss 0.1481, g_loss -0.0230, disc_weight 0.4000, disc_adaptive_weight 6.7710, d_loss 0.4027, logits_real 0.0197, logits_fake 0.0228,
Train Epoch: [9/30] Iters:[30/468] gen_loss 0.0125, rec_loss 0.0129, lpips_loss 0.1470, g_loss -0.0230, disc_weight 0.4000, disc_adaptive_weight 6.4328, d_loss 0.4028, logits_real 0.0197, logits_fake 0.0232,
Train Epoch: [9/30] Iters:[40/468] gen_loss 0.0066, rec_loss 0.0130, lpips_loss 0.1470, g_loss -0.0231, disc_weight 0.4000, disc_adaptive_weight 6.6728, d_loss 0.4028, logits_real 0.0197, logits_fake 0.0233,
Train Epoch: [9/30] Iters:[50/468] gen_loss 0.0063, rec_loss 0.0130, lpips_loss 0.1472, g_loss -0.0233, disc_weight 0.4000, disc_adaptive_weight 6.6466, d_loss 0.4028, logits_real 0.0199, logits_fake 0.0235,
Train Epoch: [9/30] Iters:[60/468] gen_loss 0.0049, rec_loss 0.0130, lpips_loss 0.1469, g_loss -0.0234, disc_weight 0.4000, disc_adaptive_weight 6.6523, d_loss 0.4027, logits_real 0.0200, logits_fake 0.0236,
Train Epoch: [9/30] Iters:[70/468] gen_loss -0.0049, rec_loss 0.0130, lpips_loss 0.1468, g_loss -0.0236, disc_weight 0.4000, disc_adaptive_weight 6.9997, d_loss 0.4027, logits_real 0.0202, logits_fake 0.0239,
Train Epoch: [9/30] Iters:[80/468] gen_loss -0.0115, rec_loss 0.0130, lpips_loss 0.1473, g_loss -0.0240, disc_weight 0.4000, disc_adaptive_weight 7.1993, d_loss 0.4027, logits_real 0.0206, logits_fake 0.0241,
Train Epoch: [9/30] Iters:[90/468] gen_loss -0.0196, rec_loss 0.0129, lpips_loss 0.1471, g_loss -0.0245, disc_weight 0.4000, disc_adaptive_weight 7.3472, d_loss 0.4027, logits_real 0.0211, logits_fake 0.0245,
Train Epoch: [9/30] Iters:[100/468] gen_loss -0.0263, rec_loss 0.0129, lpips_loss 0.1475, g_loss -0.0249, disc_weight 0.4000, disc_adaptive_weight 7.4847, d_loss 0.4027, logits_real 0.0216, logits_fake 0.0250,
Train Epoch: [9/30] Iters:[110/468] gen_loss -0.0223, rec_loss 0.0129, lpips_loss 0.1479, g_loss -0.0254, disc_weight 0.4000, disc_adaptive_weight 7.2359, d_loss 0.4027, logits_real 0.0221, logits_fake 0.0255,
Train Epoch: [9/30] Iters:[120/468] gen_loss -0.0204, rec_loss 0.0129, lpips_loss 0.1479, g_loss -0.0260, disc_weight 0.4000, disc_adaptive_weight 6.9649, d_loss 0.4026, logits_real 0.0227, logits_fake 0.0261,
Train Epoch: [9/30] Iters:[130/468] gen_loss -0.0273, rec_loss 0.0129, lpips_loss 0.1477, g_loss -0.0265, disc_weight 0.4000, disc_adaptive_weight 7.1167, d_loss 0.4026, logits_real 0.0231, logits_fake 0.0265,
Train Epoch: [9/30] Iters:[140/468] gen_loss -0.0379, rec_loss 0.0129, lpips_loss 0.1480, g_loss -0.0268, disc_weight 0.4000, disc_adaptive_weight 7.4153, d_loss 0.4026, logits_real 0.0234, logits_fake 0.0268,
Train Epoch: [9/30] Iters:[150/468] gen_loss -0.0421, rec_loss 0.0129, lpips_loss 0.1480, g_loss -0.0270, disc_weight 0.4000, disc_adaptive_weight 7.5398, d_loss 0.4026, logits_real 0.0234, logits_fake 0.0269,
Train Epoch: [9/30] Iters:[160/468] gen_loss -0.0558, rec_loss 0.0130, lpips_loss 0.1481, g_loss -0.0270, disc_weight 0.4000, disc_adaptive_weight 8.0466, d_loss 0.4026, logits_real 0.0234, logits_fake 0.0268,
Train Epoch: [9/30] Iters:[170/468] gen_loss -0.0497, rec_loss 0.0130, lpips_loss 0.1480, g_loss -0.0270, disc_weight 0.4000, disc_adaptive_weight 7.8375, d_loss 0.4026, logits_real 0.0234, logits_fake 0.0267,
Train Epoch: [9/30] Iters:[180/468] gen_loss -0.0419, rec_loss 0.0132, lpips_loss 0.1485, g_loss -0.0269, disc_weight 0.4000, disc_adaptive_weight 7.5863, d_loss 0.4025, logits_real 0.0235, logits_fake 0.0265,
Train Epoch: [9/30] Iters:[190/468] gen_loss -0.0203, rec_loss 0.0132, lpips_loss 0.1484, g_loss -0.0266, disc_weight 0.4000, disc_adaptive_weight 6.8589, d_loss 0.4025, logits_real 0.0234, logits_fake 0.0264,
Train Epoch: [9/30] Iters:[200/468] gen_loss -0.0112, rec_loss 0.0132, lpips_loss 0.1483, g_loss -0.0266, disc_weight 0.4000, disc_adaptive_weight 6.5213, d_loss 0.4025, logits_real 0.0234, logits_fake 0.0262,
Train Epoch: [9/30] Iters:[210/468] gen_loss -0.0064, rec_loss 0.0132, lpips_loss 0.1484, g_loss -0.0265, disc_weight 0.4000, disc_adaptive_weight 6.3814, d_loss 0.4025, logits_real 0.0234, logits_fake 0.0262,
Train Epoch: [9/30] Iters:[220/468] gen_loss -0.0174, rec_loss 0.0131, lpips_loss 0.1485, g_loss -0.0264, disc_weight 0.4000, disc_adaptive_weight 6.8219, d_loss 0.4025, logits_real 0.0234, logits_fake 0.0264,
Train Epoch: [9/30] Iters:[230/468] gen_loss -0.0229, rec_loss 0.0130, lpips_loss 0.1478, g_loss -0.0263, disc_weight 0.4000, disc_adaptive_weight 7.0599, d_loss 0.4025, logits_real 0.0232, logits_fake 0.0264,
Train Epoch: [9/30] Iters:[240/468] gen_loss -0.0281, rec_loss 0.0129, lpips_loss 0.1479, g_loss -0.0263, disc_weight 0.4000, disc_adaptive_weight 7.2520, d_loss 0.4025, logits_real 0.0232, logits_fake 0.0265,
Train Epoch: [9/30] Iters:[250/468] gen_loss -0.0245, rec_loss 0.0130, lpips_loss 0.1478, g_loss -0.0262, disc_weight 0.4000, disc_adaptive_weight 7.1325, d_loss 0.4025, logits_real 0.0233, logits_fake 0.0266,
Train Epoch: [9/30] Iters:[260/468] gen_loss -0.0296, rec_loss 0.0128, lpips_loss 0.1475, g_loss -0.0263, disc_weight 0.4000, disc_adaptive_weight 7.2667, d_loss 0.4025, logits_real 0.0233, logits_fake 0.0267,
Train Epoch: [9/30] Iters:[270/468] gen_loss -0.0250, rec_loss 0.0127, lpips_loss 0.1474, g_loss -0.0265, disc_weight 0.4000, disc_adaptive_weight 7.0249, d_loss 0.4025, logits_real 0.0235, logits_fake 0.0269,
Train Epoch: [9/30] Iters:[280/468] gen_loss -0.0202, rec_loss 0.0127, lpips_loss 0.1476, g_loss -0.0268, disc_weight 0.4000, disc_adaptive_weight 6.7532, d_loss 0.4025, logits_real 0.0238, logits_fake 0.0271,
Train Epoch: [9/30] Iters:[290/468] gen_loss -0.0180, rec_loss 0.0127, lpips_loss 0.1476, g_loss -0.0269, disc_weight 0.4000, disc_adaptive_weight 6.6521, d_loss 0.4025, logits_real 0.0241, logits_fake 0.0272,
Train Epoch: [9/30] Iters:[300/468] gen_loss -0.0318, rec_loss 0.0128, lpips_loss 0.1477, g_loss -0.0270, disc_weight 0.4000, disc_adaptive_weight 7.1426, d_loss 0.4025, logits_real 0.0242, logits_fake 0.0273,
Train Epoch: [9/30] Iters:[310/468] gen_loss -0.0239, rec_loss 0.0129, lpips_loss 0.1476, g_loss -0.0271, disc_weight 0.4000, disc_adaptive_weight 6.8301, d_loss 0.4025, logits_real 0.0243, logits_fake 0.0275,
Train Epoch: [9/30] Iters:[320/468] gen_loss -0.0197, rec_loss 0.0130, lpips_loss 0.1474, g_loss -0.0269, disc_weight 0.4000, disc_adaptive_weight 6.7200, d_loss 0.4025, logits_real 0.0241, logits_fake 0.0272,
Train Epoch: [9/30] Iters:[330/468] gen_loss -0.0236, rec_loss 0.0131, lpips_loss 0.1477, g_loss -0.0266, disc_weight 0.4000, disc_adaptive_weight 6.9537, d_loss 0.4025, logits_real 0.0237, logits_fake 0.0269,
Train Epoch: [9/30] Iters:[340/468] gen_loss -0.0232, rec_loss 0.0131, lpips_loss 0.1476, g_loss -0.0265, disc_weight 0.4000, disc_adaptive_weight 6.9471, d_loss 0.4025, logits_real 0.0233, logits_fake 0.0265,
Train Epoch: [9/30] Iters:[350/468] gen_loss -0.0166, rec_loss 0.0129, lpips_loss 0.1472, g_loss -0.0264, disc_weight 0.4000, disc_adaptive_weight 6.7228, d_loss 0.4025, logits_real 0.0231, logits_fake 0.0265,
Train Epoch: [9/30] Iters:[360/468] gen_loss -0.0122, rec_loss 0.0129, lpips_loss 0.1474, g_loss -0.0261, disc_weight 0.4000, disc_adaptive_weight 6.6308, d_loss 0.4025, logits_real 0.0229, logits_fake 0.0263,
Train Epoch: [9/30] Iters:[370/468] gen_loss -0.0072, rec_loss 0.0128, lpips_loss 0.1474, g_loss -0.0262, disc_weight 0.4000, disc_adaptive_weight 6.4096, d_loss 0.4025, logits_real 0.0228, logits_fake 0.0263,
Train Epoch: [9/30] Iters:[380/468] gen_loss -0.0023, rec_loss 0.0127, lpips_loss 0.1470, g_loss -0.0262, disc_weight 0.4000, disc_adaptive_weight 6.1867, d_loss 0.4025, logits_real 0.0229, logits_fake 0.0263,
Train Epoch: [9/30] Iters:[390/468] gen_loss -0.0057, rec_loss 0.0128, lpips_loss 0.1473, g_loss -0.0264, disc_weight 0.4000, disc_adaptive_weight 6.2798, d_loss 0.4025, logits_real 0.0232, logits_fake 0.0267,
Train Epoch: [9/30] Iters:[400/468] gen_loss -0.0012, rec_loss 0.0128, lpips_loss 0.1475, g_loss -0.0266, disc_weight 0.4000, disc_adaptive_weight 6.0751, d_loss 0.4024, logits_real 0.0235, logits_fake 0.0267,
Train Epoch: [9/30] Iters:[410/468] gen_loss -0.0090, rec_loss 0.0128, lpips_loss 0.1477, g_loss -0.0271, disc_weight 0.4000, disc_adaptive_weight 6.2355, d_loss 0.4024, logits_real 0.0240, logits_fake 0.0272,
Train Epoch: [9/30] Iters:[420/468] gen_loss -0.0187, rec_loss 0.0128, lpips_loss 0.1473, g_loss -0.0274, disc_weight 0.4000, disc_adaptive_weight 6.5262, d_loss 0.4023, logits_real 0.0245, logits_fake 0.0275,
Train Epoch: [9/30] Iters:[430/468] gen_loss -0.0186, rec_loss 0.0128, lpips_loss 0.1473, g_loss -0.0281, disc_weight 0.4000, disc_adaptive_weight 6.3793, d_loss 0.4023, logits_real 0.0253, logits_fake 0.0282,
Train Epoch: [9/30] Iters:[440/468] gen_loss -0.0227, rec_loss 0.0127, lpips_loss 0.1470, g_loss -0.0288, disc_weight 0.4000, disc_adaptive_weight 6.3665, d_loss 0.4023, logits_real 0.0259, logits_fake 0.0288,
Train Epoch: [9/30] Iters:[450/468] gen_loss -0.0314, rec_loss 0.0127, lpips_loss 0.1473, g_loss -0.0294, disc_weight 0.4000, disc_adaptive_weight 6.5358, d_loss 0.4023, logits_real 0.0265, logits_fake 0.0295,
Train Epoch: [9/30] Iters:[460/468] gen_loss -0.0346, rec_loss 0.0127, lpips_loss 0.1468, g_loss -0.0299, disc_weight 0.4000, disc_adaptive_weight 6.5173, d_loss 0.4023, logits_real 0.0271, logits_fake 0.0299,
epoch:10, cur_lr:0.000010
Train Epoch: [10/30] Iters:[10/468] gen_loss -0.0798, rec_loss 0.0128, lpips_loss 0.1448, g_loss -0.0296, disc_weight 0.4000, disc_adaptive_weight 8.0064, d_loss 0.4024, logits_real 0.0265, logits_fake 0.0296,
Train Epoch: [10/30] Iters:[20/468] gen_loss -0.0895, rec_loss 0.0132, lpips_loss 0.1484, g_loss -0.0295, disc_weight 0.4000, disc_adaptive_weight 8.4870, d_loss 0.4024, logits_real 0.0266, logits_fake 0.0299,
Train Epoch: [10/30] Iters:[30/468] gen_loss -0.0860, rec_loss 0.0130, lpips_loss 0.1481, g_loss -0.0298, disc_weight 0.4000, disc_adaptive_weight 8.2796, d_loss 0.4024, logits_real 0.0267, logits_fake 0.0300,
Train Epoch: [10/30] Iters:[40/468] gen_loss -0.0832, rec_loss 0.0130, lpips_loss 0.1480, g_loss -0.0300, disc_weight 0.4000, disc_adaptive_weight 8.1336, d_loss 0.4024, logits_real 0.0268, logits_fake 0.0302,
Train Epoch: [10/30] Iters:[50/468] gen_loss -0.0779, rec_loss 0.0130, lpips_loss 0.1475, g_loss -0.0300, disc_weight 0.4000, disc_adaptive_weight 7.9187, d_loss 0.4024, logits_real 0.0268, logits_fake 0.0302,
Train Epoch: [10/30] Iters:[60/468] gen_loss -0.0668, rec_loss 0.0131, lpips_loss 0.1485, g_loss -0.0300, disc_weight 0.4000, disc_adaptive_weight 7.5932, d_loss 0.4024, logits_real 0.0267, logits_fake 0.0300,
Train Epoch: [10/30] Iters:[70/468] gen_loss -0.0486, rec_loss 0.0130, lpips_loss 0.1477, g_loss -0.0300, disc_weight 0.4000, disc_adaptive_weight 6.9564, d_loss 0.4023, logits_real 0.0267, logits_fake 0.0298,
Train Epoch: [10/30] Iters:[80/468] gen_loss -0.0336, rec_loss 0.0131, lpips_loss 0.1473, g_loss -0.0299, disc_weight 0.4000, disc_adaptive_weight 6.4612, d_loss 0.4023, logits_real 0.0264, logits_fake 0.0296,
Train Epoch: [10/30] Iters:[90/468] gen_loss -0.0254, rec_loss 0.0129, lpips_loss 0.1471, g_loss -0.0295, disc_weight 0.4000, disc_adaptive_weight 6.2868, d_loss 0.4023, logits_real 0.0261, logits_fake 0.0290,
Train Epoch: [10/30] Iters:[100/468] gen_loss -0.0339, rec_loss 0.0128, lpips_loss 0.1471, g_loss -0.0290, disc_weight 0.4000, disc_adaptive_weight 6.7056, d_loss 0.4023, logits_real 0.0257, logits_fake 0.0286,
Train Epoch: [10/30] Iters:[110/468] gen_loss -0.0325, rec_loss 0.0126, lpips_loss 0.1466, g_loss -0.0287, disc_weight 0.4000, disc_adaptive_weight 6.6992, d_loss 0.4023, logits_real 0.0254, logits_fake 0.0284,
Train Epoch: [10/30] Iters:[120/468] gen_loss -0.0431, rec_loss 0.0126, lpips_loss 0.1465, g_loss -0.0285, disc_weight 0.4000, disc_adaptive_weight 7.1366, d_loss 0.4023, logits_real 0.0251, logits_fake 0.0280,
Train Epoch: [10/30] Iters:[130/468] gen_loss -0.0608, rec_loss 0.0126, lpips_loss 0.1467, g_loss -0.0282, disc_weight 0.4000, disc_adaptive_weight 7.8335, d_loss 0.4022, logits_real 0.0251, logits_fake 0.0279,
Train Epoch: [10/30] Iters:[140/468] gen_loss -0.0732, rec_loss 0.0126, lpips_loss 0.1469, g_loss -0.0283, disc_weight 0.4000, disc_adaptive_weight 8.2080, d_loss 0.4023, logits_real 0.0252, logits_fake 0.0281,
Train Epoch: [10/30] Iters:[150/468] gen_loss -0.0631, rec_loss 0.0128, lpips_loss 0.1475, g_loss -0.0287, disc_weight 0.4000, disc_adaptive_weight 7.7926, d_loss 0.4023, logits_real 0.0255, logits_fake 0.0285,
Train Epoch: [10/30] Iters:[160/468] gen_loss -0.0712, rec_loss 0.0129, lpips_loss 0.1476, g_loss -0.0291, disc_weight 0.4000, disc_adaptive_weight 7.9886, d_loss 0.4023, logits_real 0.0259, logits_fake 0.0290,
Train Epoch: [10/30] Iters:[170/468] gen_loss -0.0612, rec_loss 0.0129, lpips_loss 0.1478, g_loss -0.0293, disc_weight 0.4000, disc_adaptive_weight 7.5942, d_loss 0.4023, logits_real 0.0262, logits_fake 0.0293,
Train Epoch: [10/30] Iters:[180/468] gen_loss -0.0471, rec_loss 0.0129, lpips_loss 0.1480, g_loss -0.0291, disc_weight 0.4000, disc_adaptive_weight 7.1430, d_loss 0.4023, logits_real 0.0262, logits_fake 0.0294,
Train Epoch: [10/30] Iters:[190/468] gen_loss -0.0365, rec_loss 0.0128, lpips_loss 0.1479, g_loss -0.0286, disc_weight 0.4000, disc_adaptive_weight 6.9232, d_loss 0.4023, logits_real 0.0257, logits_fake 0.0290,
Train Epoch: [10/30] Iters:[200/468] gen_loss -0.0375, rec_loss 0.0130, lpips_loss 0.1479, g_loss -0.0282, disc_weight 0.4000, disc_adaptive_weight 7.0486, d_loss 0.4023, logits_real 0.0254, logits_fake 0.0287,
Train Epoch: [10/30] Iters:[210/468] gen_loss -0.0394, rec_loss 0.0129, lpips_loss 0.1483, g_loss -0.0279, disc_weight 0.4000, disc_adaptive_weight 7.1877, d_loss 0.4023, logits_real 0.0251, logits_fake 0.0284,
Train Epoch: [10/30] Iters:[220/468] gen_loss -0.0561, rec_loss 0.0129, lpips_loss 0.1483, g_loss -0.0280, disc_weight 0.4000, disc_adaptive_weight 7.7641, d_loss 0.4023, logits_real 0.0250, logits_fake 0.0284,
Train Epoch: [10/30] Iters:[230/468] gen_loss -0.0601, rec_loss 0.0130, lpips_loss 0.1490, g_loss -0.0283, disc_weight 0.4000, disc_adaptive_weight 7.8682, d_loss 0.4023, logits_real 0.0249, logits_fake 0.0283,
Train Epoch: [10/30] Iters:[240/468] gen_loss -0.0588, rec_loss 0.0131, lpips_loss 0.1494, g_loss -0.0284, disc_weight 0.4000, disc_adaptive_weight 7.7988, d_loss 0.4023, logits_real 0.0252, logits_fake 0.0285,
Train Epoch: [10/30] Iters:[250/468] gen_loss -0.0526, rec_loss 0.0128, lpips_loss 0.1490, g_loss -0.0283, disc_weight 0.4000, disc_adaptive_weight 7.5898, d_loss 0.4022, logits_real 0.0251, logits_fake 0.0283,
Train Epoch: [10/30] Iters:[260/468] gen_loss -0.0435, rec_loss 0.0128, lpips_loss 0.1485, g_loss -0.0280, disc_weight 0.4000, disc_adaptive_weight 7.3340, d_loss 0.4022, logits_real 0.0250, logits_fake 0.0280,
Train Epoch: [10/30] Iters:[270/468] gen_loss -0.0217, rec_loss 0.0126, lpips_loss 0.1475, g_loss -0.0276, disc_weight 0.4000, disc_adaptive_weight 6.6073, d_loss 0.4022, logits_real 0.0247, logits_fake 0.0277,
Train Epoch: [10/30] Iters:[280/468] gen_loss -0.0146, rec_loss 0.0125, lpips_loss 0.1465, g_loss -0.0270, disc_weight 0.4000, disc_adaptive_weight 6.4394, d_loss 0.4021, logits_real 0.0246, logits_fake 0.0274,
Train Epoch: [10/30] Iters:[290/468] gen_loss -0.0064, rec_loss 0.0125, lpips_loss 0.1462, g_loss -0.0269, disc_weight 0.4000, disc_adaptive_weight 6.1481, d_loss 0.4021, logits_real 0.0242, logits_fake 0.0270,
Train Epoch: [10/30] Iters:[300/468] gen_loss -0.0088, rec_loss 0.0124, lpips_loss 0.1459, g_loss -0.0268, disc_weight 0.4000, disc_adaptive_weight 6.2306, d_loss 0.4021, logits_real 0.0239, logits_fake 0.0268,
Train Epoch: [10/30] Iters:[310/468] gen_loss -0.0127, rec_loss 0.0124, lpips_loss 0.1454, g_loss -0.0270, disc_weight 0.4000, disc_adaptive_weight 6.2993, d_loss 0.4022, logits_real 0.0238, logits_fake 0.0269,
Train Epoch: [10/30] Iters:[320/468] gen_loss -0.0275, rec_loss 0.0126, lpips_loss 0.1462, g_loss -0.0272, disc_weight 0.4000, disc_adaptive_weight 6.8426, d_loss 0.4022, logits_real 0.0237, logits_fake 0.0270,
Train Epoch: [10/30] Iters:[330/468] gen_loss -0.0410, rec_loss 0.0128, lpips_loss 0.1468, g_loss -0.0274, disc_weight 0.4000, disc_adaptive_weight 7.3090, d_loss 0.4022, logits_real 0.0237, logits_fake 0.0271,
Train Epoch: [10/30] Iters:[340/468] gen_loss -0.0417, rec_loss 0.0128, lpips_loss 0.1467, g_loss -0.0276, disc_weight 0.4000, disc_adaptive_weight 7.2858, d_loss 0.4022, logits_real 0.0239, logits_fake 0.0273,
Train Epoch: [10/30] Iters:[350/468] gen_loss -0.0503, rec_loss 0.0129, lpips_loss 0.1470, g_loss -0.0276, disc_weight 0.4000, disc_adaptive_weight 7.6248, d_loss 0.4023, logits_real 0.0243, logits_fake 0.0277,
Train Epoch: [10/30] Iters:[360/468] gen_loss -0.0473, rec_loss 0.0130, lpips_loss 0.1475, g_loss -0.0274, disc_weight 0.4000, disc_adaptive_weight 7.6111, d_loss 0.4022, logits_real 0.0242, logits_fake 0.0275,
Train Epoch: [10/30] Iters:[370/468] gen_loss -0.0365, rec_loss 0.0130, lpips_loss 0.1478, g_loss -0.0272, disc_weight 0.4000, disc_adaptive_weight 7.2806, d_loss 0.4022, logits_real 0.0242, logits_fake 0.0274,
Train Epoch: [10/30] Iters:[380/468] gen_loss -0.0259, rec_loss 0.0129, lpips_loss 0.1474, g_loss -0.0269, disc_weight 0.4000, disc_adaptive_weight 6.9514, d_loss 0.4022, logits_real 0.0241, logits_fake 0.0272,
Train Epoch: [10/30] Iters:[390/468] gen_loss -0.0371, rec_loss 0.0129, lpips_loss 0.1475, g_loss -0.0266, disc_weight 0.4000, disc_adaptive_weight 7.4513, d_loss 0.4021, logits_real 0.0240, logits_fake 0.0270,
Train Epoch: [10/30] Iters:[400/468] gen_loss -0.0285, rec_loss 0.0129, lpips_loss 0.1477, g_loss -0.0266, disc_weight 0.4000, disc_adaptive_weight 7.1359, d_loss 0.4021, logits_real 0.0239, logits_fake 0.0269,
Train Epoch: [10/30] Iters:[410/468] gen_loss -0.0277, rec_loss 0.0127, lpips_loss 0.1476, g_loss -0.0268, disc_weight 0.4000, disc_adaptive_weight 7.0514, d_loss 0.4021, logits_real 0.0241, logits_fake 0.0270,
Train Epoch: [10/30] Iters:[420/468] gen_loss -0.0290, rec_loss 0.0127, lpips_loss 0.1472, g_loss -0.0269, disc_weight 0.4000, disc_adaptive_weight 7.0458, d_loss 0.4021, logits_real 0.0242, logits_fake 0.0271,
Train Epoch: [10/30] Iters:[430/468] gen_loss -0.0253, rec_loss 0.0127, lpips_loss 0.1469, g_loss -0.0271, disc_weight 0.4000, disc_adaptive_weight 6.8440, d_loss 0.4021, logits_real 0.0245, logits_fake 0.0272,
Train Epoch: [10/30] Iters:[440/468] gen_loss -0.0173, rec_loss 0.0126, lpips_loss 0.1467, g_loss -0.0272, disc_weight 0.4000, disc_adaptive_weight 6.4906, d_loss 0.4021, logits_real 0.0244, logits_fake 0.0272,
Train Epoch: [10/30] Iters:[450/468] gen_loss -0.0152, rec_loss 0.0125, lpips_loss 0.1463, g_loss -0.0275, disc_weight 0.4000, disc_adaptive_weight 6.3252, d_loss 0.4021, logits_real 0.0244, logits_fake 0.0273,
Train Epoch: [10/30] Iters:[460/468] gen_loss -0.0156, rec_loss 0.0126, lpips_loss 0.1464, g_loss -0.0276, disc_weight 0.4000, disc_adaptive_weight 6.3203, d_loss 0.4021, logits_real 0.0245, logits_fake 0.0275,
Loading pretrained model LPIPS from /home/sunset/.cache/torch/hub/pyiqa/LPIPS_v0.1_alex-df73285e.pth
epoch:11, cur_lr:0.000010
Train Epoch: [11/30] Iters:[10/468] gen_loss -0.0238, rec_loss 0.0129, lpips_loss 0.1472, g_loss -0.0278, disc_weight 0.4000, disc_adaptive_weight 6.6340, d_loss 0.4020, logits_real 0.0253, logits_fake 0.0278,
Train Epoch: [11/30] Iters:[20/468] gen_loss -0.0318, rec_loss 0.0128, lpips_loss 0.1468, g_loss -0.0277, disc_weight 0.4000, disc_adaptive_weight 6.9377, d_loss 0.4020, logits_real 0.0249, logits_fake 0.0277,
Train Epoch: [11/30] Iters:[30/468] gen_loss -0.0274, rec_loss 0.0128, lpips_loss 0.1469, g_loss -0.0276, disc_weight 0.4000, disc_adaptive_weight 6.8047, d_loss 0.4020, logits_real 0.0248, logits_fake 0.0276,
Train Epoch: [11/30] Iters:[40/468] gen_loss -0.0241, rec_loss 0.0126, lpips_loss 0.1471, g_loss -0.0275, disc_weight 0.4000, disc_adaptive_weight 6.7056, d_loss 0.4020, logits_real 0.0246, logits_fake 0.0275,
Train Epoch: [11/30] Iters:[50/468] gen_loss -0.0183, rec_loss 0.0126, lpips_loss 0.1468, g_loss -0.0276, disc_weight 0.4000, disc_adaptive_weight 6.4769, d_loss 0.4020, logits_real 0.0247, logits_fake 0.0275,
Train Epoch: [11/30] Iters:[60/468] gen_loss -0.0138, rec_loss 0.0126, lpips_loss 0.1467, g_loss -0.0275, disc_weight 0.4000, disc_adaptive_weight 6.3349, d_loss 0.4020, logits_real 0.0247, logits_fake 0.0276,
Train Epoch: [11/30] Iters:[70/468] gen_loss -0.0124, rec_loss 0.0126, lpips_loss 0.1462, g_loss -0.0275, disc_weight 0.4000, disc_adaptive_weight 6.2758, d_loss 0.4020, logits_real 0.0248, logits_fake 0.0277,
Train Epoch: [11/30] Iters:[80/468] gen_loss -0.0114, rec_loss 0.0125, lpips_loss 0.1459, g_loss -0.0273, disc_weight 0.4000, disc_adaptive_weight 6.2754, d_loss 0.4020, logits_real 0.0246, logits_fake 0.0276,
Train Epoch: [11/30] Iters:[90/468] gen_loss -0.0098, rec_loss 0.0125, lpips_loss 0.1457, g_loss -0.0268, disc_weight 0.4000, disc_adaptive_weight 6.3007, d_loss 0.4020, logits_real 0.0244, logits_fake 0.0273,
Train Epoch: [11/30] Iters:[100/468] gen_loss -0.0073, rec_loss 0.0126, lpips_loss 0.1459, g_loss -0.0263, disc_weight 0.4000, disc_adaptive_weight 6.3229, d_loss 0.4021, logits_real 0.0238, logits_fake 0.0269,
Train Epoch: [11/30] Iters:[110/468] gen_loss -0.0106, rec_loss 0.0127, lpips_loss 0.1462, g_loss -0.0260, disc_weight 0.4000, disc_adaptive_weight 6.5304, d_loss 0.4021, logits_real 0.0233, logits_fake 0.0264,
Train Epoch: [11/30] Iters:[120/468] gen_loss -0.0121, rec_loss 0.0127, lpips_loss 0.1467, g_loss -0.0258, disc_weight 0.4000, disc_adaptive_weight 6.6629, d_loss 0.4021, logits_real 0.0230, logits_fake 0.0260,
Train Epoch: [11/30] Iters:[130/468] gen_loss -0.0112, rec_loss 0.0129, lpips_loss 0.1467, g_loss -0.0259, disc_weight 0.4000, disc_adaptive_weight 6.6044, d_loss 0.4020, logits_real 0.0230, logits_fake 0.0260,
Train Epoch: [11/30] Iters:[140/468] gen_loss -0.0141, rec_loss 0.0130, lpips_loss 0.1467, g_loss -0.0261, disc_weight 0.4000, disc_adaptive_weight 6.6624, d_loss 0.4021, logits_real 0.0232, logits_fake 0.0262,
Train Epoch: [11/30] Iters:[150/468] gen_loss -0.0235, rec_loss 0.0129, lpips_loss 0.1465, g_loss -0.0264, disc_weight 0.4000, disc_adaptive_weight 6.9573, d_loss 0.4020, logits_real 0.0234, logits_fake 0.0264,
Train Epoch: [11/30] Iters:[160/468] gen_loss -0.0228, rec_loss 0.0129, lpips_loss 0.1465, g_loss -0.0264, disc_weight 0.4000, disc_adaptive_weight 6.9147, d_loss 0.4020, logits_real 0.0235, logits_fake 0.0264,
Train Epoch: [11/30] Iters:[170/468] gen_loss -0.0130, rec_loss 0.0128, lpips_loss 0.1461, g_loss -0.0262, disc_weight 0.4000, disc_adaptive_weight 6.5610, d_loss 0.4020, logits_real 0.0233, logits_fake 0.0261,
Train Epoch: [11/30] Iters:[180/468] gen_loss -0.0176, rec_loss 0.0127, lpips_loss 0.1465, g_loss -0.0262, disc_weight 0.4000, disc_adaptive_weight 6.7485, d_loss 0.4020, logits_real 0.0233, logits_fake 0.0261,
Train Epoch: [11/30] Iters:[190/468] gen_loss -0.0146, rec_loss 0.0126, lpips_loss 0.1467, g_loss -0.0262, disc_weight 0.4000, disc_adaptive_weight 6.6506, d_loss 0.4020, logits_real 0.0233, logits_fake 0.0260,
Train Epoch: [11/30] Iters:[200/468] gen_loss -0.0131, rec_loss 0.0126, lpips_loss 0.1468, g_loss -0.0264, disc_weight 0.4000, disc_adaptive_weight 6.5441, d_loss 0.4019, logits_real 0.0236, logits_fake 0.0261,
Train Epoch: [11/30] Iters:[210/468] gen_loss -0.0195, rec_loss 0.0126, lpips_loss 0.1466, g_loss -0.0267, disc_weight 0.4000, disc_adaptive_weight 6.6871, d_loss 0.4019, logits_real 0.0238, logits_fake 0.0265,
Train Epoch: [11/30] Iters:[220/468] gen_loss -0.0308, rec_loss 0.0127, lpips_loss 0.1470, g_loss -0.0270, disc_weight 0.4000, disc_adaptive_weight 7.0499, d_loss 0.4019, logits_real 0.0242, logits_fake 0.0270,
Train Epoch: [11/30] Iters:[230/468] gen_loss -0.0317, rec_loss 0.0127, lpips_loss 0.1471, g_loss -0.0270, disc_weight 0.4000, disc_adaptive_weight 7.0881, d_loss 0.4019, logits_real 0.0243, logits_fake 0.0271,
Train Epoch: [11/30] Iters:[240/468] gen_loss -0.0257, rec_loss 0.0128, lpips_loss 0.1476, g_loss -0.0273, disc_weight 0.4000, disc_adaptive_weight 6.8123, d_loss 0.4020, logits_real 0.0245, logits_fake 0.0273,
Train Epoch: [11/30] Iters:[250/468] gen_loss -0.0222, rec_loss 0.0128, lpips_loss 0.1475, g_loss -0.0275, disc_weight 0.4000, disc_adaptive_weight 6.6435, d_loss 0.4020, logits_real 0.0245, logits_fake 0.0276,
Train Epoch: [11/30] Iters:[260/468] gen_loss -0.0178, rec_loss 0.0127, lpips_loss 0.1472, g_loss -0.0278, disc_weight 0.4000, disc_adaptive_weight 6.4057, d_loss 0.4020, logits_real 0.0250, logits_fake 0.0279,
Train Epoch: [11/30] Iters:[270/468] gen_loss -0.0116, rec_loss 0.0126, lpips_loss 0.1468, g_loss -0.0281, disc_weight 0.4000, disc_adaptive_weight 6.0926, d_loss 0.4020, logits_real 0.0255, logits_fake 0.0283,
Train Epoch: [11/30] Iters:[280/468] gen_loss -0.0150, rec_loss 0.0126, lpips_loss 0.1466, g_loss -0.0286, disc_weight 0.4000, disc_adaptive_weight 6.0766, d_loss 0.4020, logits_real 0.0259, logits_fake 0.0287,
Train Epoch: [11/30] Iters:[290/468] gen_loss -0.0294, rec_loss 0.0126, lpips_loss 0.1464, g_loss -0.0289, disc_weight 0.4000, disc_adaptive_weight 6.5127, d_loss 0.4020, logits_real 0.0263, logits_fake 0.0293,
Train Epoch: [11/30] Iters:[300/468] gen_loss -0.0540, rec_loss 0.0126, lpips_loss 0.1465, g_loss -0.0291, disc_weight 0.4000, disc_adaptive_weight 7.3277, d_loss 0.4019, logits_real 0.0266, logits_fake 0.0294,
Train Epoch: [11/30] Iters:[310/468] gen_loss -0.0629, rec_loss 0.0127, lpips_loss 0.1468, g_loss -0.0291, disc_weight 0.4000, disc_adaptive_weight 7.6272, d_loss 0.4019, logits_real 0.0267, logits_fake 0.0293,
Train Epoch: [11/30] Iters:[320/468] gen_loss -0.0768, rec_loss 0.0128, lpips_loss 0.1468, g_loss -0.0293, disc_weight 0.4000, disc_adaptive_weight 8.0321, d_loss 0.4019, logits_real 0.0267, logits_fake 0.0294,
Train Epoch: [11/30] Iters:[330/468] gen_loss -0.0864, rec_loss 0.0128, lpips_loss 0.1463, g_loss -0.0295, disc_weight 0.4000, disc_adaptive_weight 8.3126, d_loss 0.4019, logits_real 0.0266, logits_fake 0.0295,
Train Epoch: [11/30] Iters:[340/468] gen_loss -0.0865, rec_loss 0.0128, lpips_loss 0.1466, g_loss -0.0296, disc_weight 0.4000, disc_adaptive_weight 8.2989, d_loss 0.4019, logits_real 0.0266, logits_fake 0.0294,
Train Epoch: [11/30] Iters:[350/468] gen_loss -0.0795, rec_loss 0.0128, lpips_loss 0.1470, g_loss -0.0298, disc_weight 0.4000, disc_adaptive_weight 8.0287, d_loss 0.4019, logits_real 0.0267, logits_fake 0.0296,
Train Epoch: [11/30] Iters:[360/468] gen_loss -0.0780, rec_loss 0.0128, lpips_loss 0.1470, g_loss -0.0297, disc_weight 0.4000, disc_adaptive_weight 8.0057, d_loss 0.4019, logits_real 0.0266, logits_fake 0.0295,
Train Epoch: [11/30] Iters:[370/468] gen_loss -0.0589, rec_loss 0.0129, lpips_loss 0.1472, g_loss -0.0293, disc_weight 0.4000, disc_adaptive_weight 7.4553, d_loss 0.4019, logits_real 0.0265, logits_fake 0.0293,
Train Epoch: [11/30] Iters:[380/468] gen_loss -0.0400, rec_loss 0.0128, lpips_loss 0.1473, g_loss -0.0289, disc_weight 0.4000, disc_adaptive_weight 6.9029, d_loss 0.4019, logits_real 0.0261, logits_fake 0.0290,
Train Epoch: [11/30] Iters:[390/468] gen_loss -0.0417, rec_loss 0.0127, lpips_loss 0.1467, g_loss -0.0287, disc_weight 0.4000, disc_adaptive_weight 6.9853, d_loss 0.4019, logits_real 0.0260, logits_fake 0.0287,
Train Epoch: [11/30] Iters:[400/468] gen_loss -0.0390, rec_loss 0.0125, lpips_loss 0.1463, g_loss -0.0285, disc_weight 0.4000, disc_adaptive_weight 6.9330, d_loss 0.4018, logits_real 0.0259, logits_fake 0.0284,
Train Epoch: [11/30] Iters:[410/468] gen_loss -0.0309, rec_loss 0.0126, lpips_loss 0.1467, g_loss -0.0287, disc_weight 0.4000, disc_adaptive_weight 6.6141, d_loss 0.4019, logits_real 0.0259, logits_fake 0.0285,
Train Epoch: [11/30] Iters:[420/468] gen_loss -0.0370, rec_loss 0.0126, lpips_loss 0.1472, g_loss -0.0289, disc_weight 0.4000, disc_adaptive_weight 6.8209, d_loss 0.4018, logits_real 0.0262, logits_fake 0.0288,
Train Epoch: [11/30] Iters:[430/468] gen_loss -0.0485, rec_loss 0.0127, lpips_loss 0.1477, g_loss -0.0296, disc_weight 0.4000, disc_adaptive_weight 7.0756, d_loss 0.4018, logits_real 0.0268, logits_fake 0.0293,
Train Epoch: [11/30] Iters:[440/468] gen_loss -0.0586, rec_loss 0.0127, lpips_loss 0.1478, g_loss -0.0301, disc_weight 0.4000, disc_adaptive_weight 7.2821, d_loss 0.4019, logits_real 0.0273, logits_fake 0.0300,
Train Epoch: [11/30] Iters:[450/468] gen_loss -0.0588, rec_loss 0.0129, lpips_loss 0.1478, g_loss -0.0306, disc_weight 0.4000, disc_adaptive_weight 7.1754, d_loss 0.4019, logits_real 0.0277, logits_fake 0.0307,
Train Epoch: [11/30] Iters:[460/468] gen_loss -0.0700, rec_loss 0.0128, lpips_loss 0.1479, g_loss -0.0306, disc_weight 0.4000, disc_adaptive_weight 7.5544, d_loss 0.4020, logits_real 0.0278, logits_fake 0.0310,
epoch:12, cur_lr:0.000010
Train Epoch: [12/30] Iters:[10/468] gen_loss -0.0276, rec_loss 0.0128, lpips_loss 0.1481, g_loss -0.0310, disc_weight 0.4000, disc_adaptive_weight 6.0905, d_loss 0.4018, logits_real 0.0278, logits_fake 0.0304,
Train Epoch: [12/30] Iters:[20/468] gen_loss -0.0507, rec_loss 0.0128, lpips_loss 0.1481, g_loss -0.0311, disc_weight 0.4000, disc_adaptive_weight 6.8216, d_loss 0.4018, logits_real 0.0280, logits_fake 0.0305,
Train Epoch: [12/30] Iters:[30/468] gen_loss -0.0484, rec_loss 0.0127, lpips_loss 0.1478, g_loss -0.0312, disc_weight 0.4000, disc_adaptive_weight 6.7029, d_loss 0.4018, logits_real 0.0280, logits_fake 0.0306,
Train Epoch: [12/30] Iters:[40/468] gen_loss -0.0436, rec_loss 0.0127, lpips_loss 0.1477, g_loss -0.0311, disc_weight 0.4000, disc_adaptive_weight 6.5686, d_loss 0.4018, logits_real 0.0281, logits_fake 0.0307,
Train Epoch: [12/30] Iters:[50/468] gen_loss -0.0489, rec_loss 0.0127, lpips_loss 0.1475, g_loss -0.0309, disc_weight 0.4000, disc_adaptive_weight 6.7554, d_loss 0.4018, logits_real 0.0280, logits_fake 0.0307,
Train Epoch: [12/30] Iters:[60/468] gen_loss -0.0532, rec_loss 0.0126, lpips_loss 0.1467, g_loss -0.0307, disc_weight 0.4000, disc_adaptive_weight 6.9170, d_loss 0.4018, logits_real 0.0279, logits_fake 0.0306,
Train Epoch: [12/30] Iters:[70/468] gen_loss -0.0511, rec_loss 0.0124, lpips_loss 0.1467, g_loss -0.0306, disc_weight 0.4000, disc_adaptive_weight 6.8711, d_loss 0.4018, logits_real 0.0277, logits_fake 0.0305,
Train Epoch: [12/30] Iters:[80/468] gen_loss -0.0531, rec_loss 0.0125, lpips_loss 0.1468, g_loss -0.0304, disc_weight 0.4000, disc_adaptive_weight 6.9721, d_loss 0.4019, logits_real 0.0275, logits_fake 0.0304,
Train Epoch: [12/30] Iters:[90/468] gen_loss -0.0645, rec_loss 0.0125, lpips_loss 0.1466, g_loss -0.0305, disc_weight 0.4000, disc_adaptive_weight 7.3308, d_loss 0.4019, logits_real 0.0274, logits_fake 0.0305,
Train Epoch: [12/30] Iters:[100/468] gen_loss -0.0628, rec_loss 0.0126, lpips_loss 0.1469, g_loss -0.0307, disc_weight 0.4000, disc_adaptive_weight 7.2514, d_loss 0.4019, logits_real 0.0276, logits_fake 0.0307,
Train Epoch: [12/30] Iters:[110/468] gen_loss -0.0622, rec_loss 0.0127, lpips_loss 0.1471, g_loss -0.0310, disc_weight 0.4000, disc_adaptive_weight 7.1626, d_loss 0.4019, logits_real 0.0278, logits_fake 0.0309,
Train Epoch: [12/30] Iters:[120/468] gen_loss -0.0549, rec_loss 0.0128, lpips_loss 0.1472, g_loss -0.0310, disc_weight 0.4000, disc_adaptive_weight 6.9414, d_loss 0.4019, logits_real 0.0278, logits_fake 0.0311,
Train Epoch: [12/30] Iters:[130/468] gen_loss -0.0481, rec_loss 0.0127, lpips_loss 0.1471, g_loss -0.0308, disc_weight 0.4000, disc_adaptive_weight 6.7543, d_loss 0.4019, logits_real 0.0280, logits_fake 0.0310,
Train Epoch: [12/30] Iters:[140/468] gen_loss -0.0292, rec_loss 0.0126, lpips_loss 0.1472, g_loss -0.0305, disc_weight 0.4000, disc_adaptive_weight 6.1996, d_loss 0.4019, logits_real 0.0277, logits_fake 0.0308,
Train Epoch: [12/30] Iters:[150/468] gen_loss -0.0310, rec_loss 0.0125, lpips_loss 0.1466, g_loss -0.0300, disc_weight 0.4000, disc_adaptive_weight 6.3571, d_loss 0.4018, logits_real 0.0272, logits_fake 0.0302,
Train Epoch: [12/30] Iters:[160/468] gen_loss -0.0225, rec_loss 0.0126, lpips_loss 0.1467, g_loss -0.0293, disc_weight 0.4000, disc_adaptive_weight 6.2069, d_loss 0.4019, logits_real 0.0266, logits_fake 0.0297,
Train Epoch: [12/30] Iters:[170/468] gen_loss -0.0225, rec_loss 0.0125, lpips_loss 0.1463, g_loss -0.0291, disc_weight 0.4000, disc_adaptive_weight 6.2448, d_loss 0.4018, logits_real 0.0263, logits_fake 0.0292,
Train Epoch: [12/30] Iters:[180/468] gen_loss -0.0224, rec_loss 0.0126, lpips_loss 0.1466, g_loss -0.0290, disc_weight 0.4000, disc_adaptive_weight 6.2667, d_loss 0.4018, logits_real 0.0261, logits_fake 0.0290,
Train Epoch: [12/30] Iters:[190/468] gen_loss -0.0303, rec_loss 0.0126, lpips_loss 0.1464, g_loss -0.0291, disc_weight 0.4000, disc_adaptive_weight 6.5074, d_loss 0.4018, logits_real 0.0261, logits_fake 0.0289,
Train Epoch: [12/30] Iters:[200/468] gen_loss -0.0146, rec_loss 0.0125, lpips_loss 0.1464, g_loss -0.0293, disc_weight 0.4000, disc_adaptive_weight 5.9314, d_loss 0.4018, logits_real 0.0263, logits_fake 0.0291,
Train Epoch: [12/30] Iters:[210/468] gen_loss -0.0197, rec_loss 0.0124, lpips_loss 0.1465, g_loss -0.0293, disc_weight 0.4000, disc_adaptive_weight 6.1114, d_loss 0.4018, logits_real 0.0265, logits_fake 0.0293,
Train Epoch: [12/30] Iters:[220/468] gen_loss -0.0191, rec_loss 0.0123, lpips_loss 0.1463, g_loss -0.0291, disc_weight 0.4000, disc_adaptive_weight 6.1195, d_loss 0.4018, logits_real 0.0264, logits_fake 0.0292,
Train Epoch: [12/30] Iters:[230/468] gen_loss -0.0207, rec_loss 0.0122, lpips_loss 0.1459, g_loss -0.0288, disc_weight 0.4000, disc_adaptive_weight 6.2184, d_loss 0.4018, logits_real 0.0261, logits_fake 0.0289,
Train Epoch: [12/30] Iters:[240/468] gen_loss -0.0170, rec_loss 0.0123, lpips_loss 0.1460, g_loss -0.0286, disc_weight 0.4000, disc_adaptive_weight 6.1344, d_loss 0.4018, logits_real 0.0257, logits_fake 0.0286,
Train Epoch: [12/30] Iters:[250/468] gen_loss -0.0307, rec_loss 0.0125, lpips_loss 0.1462, g_loss -0.0285, disc_weight 0.4000, disc_adaptive_weight 6.6236, d_loss 0.4018, logits_real 0.0255, logits_fake 0.0284,
Train Epoch: [12/30] Iters:[260/468] gen_loss -0.0280, rec_loss 0.0125, lpips_loss 0.1461, g_loss -0.0290, disc_weight 0.4000, disc_adaptive_weight 6.4434, d_loss 0.4018, logits_real 0.0259, logits_fake 0.0288,
Train Epoch: [12/30] Iters:[270/468] gen_loss -0.0493, rec_loss 0.0128, lpips_loss 0.1467, g_loss -0.0297, disc_weight 0.4000, disc_adaptive_weight 7.0016, d_loss 0.4018, logits_real 0.0265, logits_fake 0.0294,
Train Epoch: [12/30] Iters:[280/468] gen_loss -0.0580, rec_loss 0.0128, lpips_loss 0.1467, g_loss -0.0306, disc_weight 0.4000, disc_adaptive_weight 7.0797, d_loss 0.4018, logits_real 0.0274, logits_fake 0.0304,
Train Epoch: [12/30] Iters:[290/468] gen_loss -0.0714, rec_loss 0.0129, lpips_loss 0.1468, g_loss -0.0314, disc_weight 0.4000, disc_adaptive_weight 7.3383, d_loss 0.4018, logits_real 0.0285, logits_fake 0.0315,
Train Epoch: [12/30] Iters:[300/468] gen_loss -0.0767, rec_loss 0.0127, lpips_loss 0.1466, g_loss -0.0323, disc_weight 0.4000, disc_adaptive_weight 7.2980, d_loss 0.4018, logits_real 0.0294, logits_fake 0.0323,
Train Epoch: [12/30] Iters:[310/468] gen_loss -0.0966, rec_loss 0.0128, lpips_loss 0.1465, g_loss -0.0329, disc_weight 0.4000, disc_adaptive_weight 7.7939, d_loss 0.4018, logits_real 0.0301, logits_fake 0.0330,
Train Epoch: [12/30] Iters:[320/468] gen_loss -0.0794, rec_loss 0.0127, lpips_loss 0.1461, g_loss -0.0333, disc_weight 0.4000, disc_adaptive_weight 7.1545, d_loss 0.4018, logits_real 0.0304, logits_fake 0.0334,
Train Epoch: [12/30] Iters:[330/468] gen_loss -0.0715, rec_loss 0.0126, lpips_loss 0.1460, g_loss -0.0334, disc_weight 0.4000, disc_adaptive_weight 6.8938, d_loss 0.4018, logits_real 0.0305, logits_fake 0.0333,
Train Epoch: [12/30] Iters:[340/468] gen_loss -0.0630, rec_loss 0.0126, lpips_loss 0.1458, g_loss -0.0334, disc_weight 0.4000, disc_adaptive_weight 6.6236, d_loss 0.4018, logits_real 0.0306, logits_fake 0.0333,
Train Epoch: [12/30] Iters:[350/468] gen_loss -0.0647, rec_loss 0.0126, lpips_loss 0.1456, g_loss -0.0332, disc_weight 0.4000, disc_adaptive_weight 6.7132, d_loss 0.4018, logits_real 0.0304, logits_fake 0.0332,
Train Epoch: [12/30] Iters:[360/468] gen_loss -0.0464, rec_loss 0.0126, lpips_loss 0.1458, g_loss -0.0329, disc_weight 0.4000, disc_adaptive_weight 6.2318, d_loss 0.4017, logits_real 0.0300, logits_fake 0.0328,
Train Epoch: [12/30] Iters:[370/468] gen_loss -0.0493, rec_loss 0.0125, lpips_loss 0.1456, g_loss -0.0323, disc_weight 0.4000, disc_adaptive_weight 6.4398, d_loss 0.4017, logits_real 0.0295, logits_fake 0.0322,
Train Epoch: [12/30] Iters:[380/468] gen_loss -0.0426, rec_loss 0.0125, lpips_loss 0.1462, g_loss -0.0316, disc_weight 0.4000, disc_adaptive_weight 6.3668, d_loss 0.4017, logits_real 0.0289, logits_fake 0.0317,
Train Epoch: [12/30] Iters:[390/468] gen_loss -0.0446, rec_loss 0.0125, lpips_loss 0.1468, g_loss -0.0310, disc_weight 0.4000, disc_adaptive_weight 6.5720, d_loss 0.4018, logits_real 0.0282, logits_fake 0.0312,
Train Epoch: [12/30] Iters:[400/468] gen_loss -0.0389, rec_loss 0.0127, lpips_loss 0.1471, g_loss -0.0303, disc_weight 0.4000, disc_adaptive_weight 6.5869, d_loss 0.4017, logits_real 0.0276, logits_fake 0.0304,
Train Epoch: [12/30] Iters:[410/468] gen_loss -0.0447, rec_loss 0.0126, lpips_loss 0.1471, g_loss -0.0295, disc_weight 0.4000, disc_adaptive_weight 6.9481, d_loss 0.4017, logits_real 0.0269, logits_fake 0.0297,
Train Epoch: [12/30] Iters:[420/468] gen_loss -0.0400, rec_loss 0.0129, lpips_loss 0.1477, g_loss -0.0289, disc_weight 0.4000, disc_adaptive_weight 6.9833, d_loss 0.4017, logits_real 0.0265, logits_fake 0.0291,
Train Epoch: [12/30] Iters:[430/468] gen_loss -0.0476, rec_loss 0.0130, lpips_loss 0.1475, g_loss -0.0287, disc_weight 0.4000, disc_adaptive_weight 7.2873, d_loss 0.4017, logits_real 0.0261, logits_fake 0.0288,
Train Epoch: [12/30] Iters:[440/468] gen_loss -0.0435, rec_loss 0.0129, lpips_loss 0.1471, g_loss -0.0282, disc_weight 0.4000, disc_adaptive_weight 7.2617, d_loss 0.4017, logits_real 0.0259, logits_fake 0.0282,
Train Epoch: [12/30] Iters:[450/468] gen_loss -0.0444, rec_loss 0.0129, lpips_loss 0.1474, g_loss -0.0278, disc_weight 0.4000, disc_adaptive_weight 7.3905, d_loss 0.4016, logits_real 0.0255, logits_fake 0.0278,
Train Epoch: [12/30] Iters:[460/468] gen_loss -0.0370, rec_loss 0.0129, lpips_loss 0.1473, g_loss -0.0276, disc_weight 0.4000, disc_adaptive_weight 7.1596, d_loss 0.4017, logits_real 0.0252, logits_fake 0.0276,
epoch:13, cur_lr:0.000010
Train Epoch: [13/30] Iters:[10/468] gen_loss 0.0305, rec_loss 0.0128, lpips_loss 0.1467, g_loss -0.0254, disc_weight 0.4000, disc_adaptive_weight 5.1031, d_loss 0.4019, logits_real 0.0230, logits_fake 0.0267,
Train Epoch: [13/30] Iters:[20/468] gen_loss 0.0143, rec_loss 0.0128, lpips_loss 0.1473, g_loss -0.0256, disc_weight 0.4000, disc_adaptive_weight 5.7295, d_loss 0.4018, logits_real 0.0227, logits_fake 0.0259,
Train Epoch: [13/30] Iters:[30/468] gen_loss -0.0058, rec_loss 0.0126, lpips_loss 0.1467, g_loss -0.0254, disc_weight 0.4000, disc_adaptive_weight 6.5402, d_loss 0.4018, logits_real 0.0225, logits_fake 0.0257,
Train Epoch: [13/30] Iters:[40/468] gen_loss -0.0057, rec_loss 0.0126, lpips_loss 0.1466, g_loss -0.0252, disc_weight 0.4000, disc_adaptive_weight 6.5835, d_loss 0.4018, logits_real 0.0223, logits_fake 0.0254,
Train Epoch: [13/30] Iters:[50/468] gen_loss -0.0078, rec_loss 0.0125, lpips_loss 0.1468, g_loss -0.0250, disc_weight 0.4000, disc_adaptive_weight 6.7232, d_loss 0.4018, logits_real 0.0221, logits_fake 0.0252,
Train Epoch: [13/30] Iters:[60/468] gen_loss -0.0158, rec_loss 0.0125, lpips_loss 0.1468, g_loss -0.0250, disc_weight 0.4000, disc_adaptive_weight 7.0297, d_loss 0.4017, logits_real 0.0223, logits_fake 0.0250,
Train Epoch: [13/30] Iters:[70/468] gen_loss -0.0197, rec_loss 0.0125, lpips_loss 0.1466, g_loss -0.0254, disc_weight 0.4000, disc_adaptive_weight 7.0864, d_loss 0.4017, logits_real 0.0229, logits_fake 0.0255,
Train Epoch: [13/30] Iters:[80/468] gen_loss -0.0154, rec_loss 0.0127, lpips_loss 0.1471, g_loss -0.0262, disc_weight 0.4000, disc_adaptive_weight 6.7269, d_loss 0.4017, logits_real 0.0236, logits_fake 0.0262,
Train Epoch: [13/30] Iters:[90/468] gen_loss -0.0204, rec_loss 0.0128, lpips_loss 0.1470, g_loss -0.0271, disc_weight 0.4000, disc_adaptive_weight 6.7114, d_loss 0.4017, logits_real 0.0244, logits_fake 0.0271,
Train Epoch: [13/30] Iters:[100/468] gen_loss -0.0378, rec_loss 0.0128, lpips_loss 0.1465, g_loss -0.0282, disc_weight 0.4000, disc_adaptive_weight 6.9940, d_loss 0.4016, logits_real 0.0256, logits_fake 0.0281,
Train Epoch: [13/30] Iters:[110/468] gen_loss -0.0423, rec_loss 0.0129, lpips_loss 0.1466, g_loss -0.0293, disc_weight 0.4000, disc_adaptive_weight 6.9111, d_loss 0.4017, logits_real 0.0264, logits_fake 0.0292,
Train Epoch: [13/30] Iters:[120/468] gen_loss -0.0481, rec_loss 0.0128, lpips_loss 0.1467, g_loss -0.0301, disc_weight 0.4000, disc_adaptive_weight 6.9286, d_loss 0.4017, logits_real 0.0272, logits_fake 0.0299,
Train Epoch: [13/30] Iters:[130/468] gen_loss -0.0631, rec_loss 0.0127, lpips_loss 0.1468, g_loss -0.0305, disc_weight 0.4000, disc_adaptive_weight 7.2893, d_loss 0.4016, logits_real 0.0277, logits_fake 0.0302,
Train Epoch: [13/30] Iters:[140/468] gen_loss -0.0667, rec_loss 0.0127, lpips_loss 0.1470, g_loss -0.0312, disc_weight 0.4000, disc_adaptive_weight 7.2565, d_loss 0.4016, logits_real 0.0283, logits_fake 0.0308,
Train Epoch: [13/30] Iters:[150/468] gen_loss -0.0550, rec_loss 0.0129, lpips_loss 0.1477, g_loss -0.0316, disc_weight 0.4000, disc_adaptive_weight 6.8045, d_loss 0.4017, logits_real 0.0286, logits_fake 0.0312,
Train Epoch: [13/30] Iters:[160/468] gen_loss -0.0592, rec_loss 0.0128, lpips_loss 0.1472, g_loss -0.0318, disc_weight 0.4000, disc_adaptive_weight 6.8840, d_loss 0.4016, logits_real 0.0288, logits_fake 0.0314,
Train Epoch: [13/30] Iters:[170/468] gen_loss -0.0614, rec_loss 0.0127, lpips_loss 0.1467, g_loss -0.0318, disc_weight 0.4000, disc_adaptive_weight 6.9373, d_loss 0.4016, logits_real 0.0288, logits_fake 0.0315,
Train Epoch: [13/30] Iters:[180/468] gen_loss -0.0487, rec_loss 0.0128, lpips_loss 0.1462, g_loss -0.0316, disc_weight 0.4000, disc_adaptive_weight 6.5684, d_loss 0.4016, logits_real 0.0289, logits_fake 0.0315,
Train Epoch: [13/30] Iters:[190/468] gen_loss -0.0537, rec_loss 0.0127, lpips_loss 0.1457, g_loss -0.0313, disc_weight 0.4000, disc_adaptive_weight 6.7601, d_loss 0.4016, logits_real 0.0288, logits_fake 0.0314,
Train Epoch: [13/30] Iters:[200/468] gen_loss -0.0576, rec_loss 0.0125, lpips_loss 0.1449, g_loss -0.0311, disc_weight 0.4000, disc_adaptive_weight 6.8834, d_loss 0.4016, logits_real 0.0288, logits_fake 0.0313,
Train Epoch: [13/30] Iters:[210/468] gen_loss -0.0562, rec_loss 0.0125, lpips_loss 0.1451, g_loss -0.0309, disc_weight 0.4000, disc_adaptive_weight 6.9062, d_loss 0.4016, logits_real 0.0287, logits_fake 0.0312,
Train Epoch: [13/30] Iters:[220/468] gen_loss -0.0470, rec_loss 0.0126, lpips_loss 0.1456, g_loss -0.0307, disc_weight 0.4000, disc_adaptive_weight 6.6577, d_loss 0.4016, logits_real 0.0284, logits_fake 0.0310,
Train Epoch: [13/30] Iters:[230/468] gen_loss -0.0477, rec_loss 0.0127, lpips_loss 0.1457, g_loss -0.0307, disc_weight 0.4000, disc_adaptive_weight 6.6931, d_loss 0.4016, logits_real 0.0282, logits_fake 0.0309,
Train Epoch: [13/30] Iters:[240/468] gen_loss -0.0474, rec_loss 0.0128, lpips_loss 0.1464, g_loss -0.0307, disc_weight 0.4000, disc_adaptive_weight 6.7208, d_loss 0.4016, logits_real 0.0281, logits_fake 0.0308,
Train Epoch: [13/30] Iters:[250/468] gen_loss -0.0512, rec_loss 0.0128, lpips_loss 0.1468, g_loss -0.0306, disc_weight 0.4000, disc_adaptive_weight 6.8951, d_loss 0.4016, logits_real 0.0280, logits_fake 0.0308,
Train Epoch: [13/30] Iters:[260/468] gen_loss -0.0493, rec_loss 0.0129, lpips_loss 0.1474, g_loss -0.0304, disc_weight 0.4000, disc_adaptive_weight 6.8783, d_loss 0.4016, logits_real 0.0279, logits_fake 0.0305,
Train Epoch: [13/30] Iters:[270/468] gen_loss -0.0531, rec_loss 0.0128, lpips_loss 0.1472, g_loss -0.0302, disc_weight 0.4000, disc_adaptive_weight 7.0616, d_loss 0.4016, logits_real 0.0278, logits_fake 0.0303,
Train Epoch: [13/30] Iters:[280/468] gen_loss -0.0525, rec_loss 0.0128, lpips_loss 0.1474, g_loss -0.0301, disc_weight 0.4000, disc_adaptive_weight 7.0705, d_loss 0.4016, logits_real 0.0277, logits_fake 0.0302,
Train Epoch: [13/30] Iters:[290/468] gen_loss -0.0569, rec_loss 0.0129, lpips_loss 0.1471, g_loss -0.0301, disc_weight 0.4000, disc_adaptive_weight 7.2054, d_loss 0.4016, logits_real 0.0276, logits_fake 0.0301,
Train Epoch: [13/30] Iters:[300/468] gen_loss -0.0455, rec_loss 0.0127, lpips_loss 0.1470, g_loss -0.0301, disc_weight 0.4000, disc_adaptive_weight 6.8349, d_loss 0.4016, logits_real 0.0276, logits_fake 0.0300,
Train Epoch: [13/30] Iters:[310/468] gen_loss -0.0521, rec_loss 0.0126, lpips_loss 0.1464, g_loss -0.0302, disc_weight 0.4000, disc_adaptive_weight 7.0137, d_loss 0.4016, logits_real 0.0275, logits_fake 0.0302,
Train Epoch: [13/30] Iters:[320/468] gen_loss -0.0581, rec_loss 0.0127, lpips_loss 0.1463, g_loss -0.0303, disc_weight 0.4000, disc_adaptive_weight 7.1709, d_loss 0.4016, logits_real 0.0275, logits_fake 0.0301,
Train Epoch: [13/30] Iters:[330/468] gen_loss -0.0735, rec_loss 0.0128, lpips_loss 0.1464, g_loss -0.0302, disc_weight 0.4000, disc_adaptive_weight 7.7379, d_loss 0.4016, logits_real 0.0274, logits_fake 0.0300,
Train Epoch: [13/30] Iters:[340/468] gen_loss -0.0719, rec_loss 0.0128, lpips_loss 0.1467, g_loss -0.0304, disc_weight 0.4000, disc_adaptive_weight 7.6179, d_loss 0.4016, logits_real 0.0272, logits_fake 0.0300,
Train Epoch: [13/30] Iters:[350/468] gen_loss -0.0758, rec_loss 0.0129, lpips_loss 0.1470, g_loss -0.0307, disc_weight 0.4000, disc_adaptive_weight 7.7087, d_loss 0.4016, logits_real 0.0273, logits_fake 0.0299,
Train Epoch: [13/30] Iters:[360/468] gen_loss -0.0724, rec_loss 0.0129, lpips_loss 0.1468, g_loss -0.0307, disc_weight 0.4000, disc_adaptive_weight 7.5846, d_loss 0.4016, logits_real 0.0273, logits_fake 0.0298,
Train Epoch: [13/30] Iters:[370/468] gen_loss -0.0655, rec_loss 0.0130, lpips_loss 0.1470, g_loss -0.0307, disc_weight 0.4000, disc_adaptive_weight 7.3700, d_loss 0.4016, logits_real 0.0272, logits_fake 0.0299,
Train Epoch: [13/30] Iters:[380/468] gen_loss -0.0540, rec_loss 0.0129, lpips_loss 0.1465, g_loss -0.0306, disc_weight 0.4000, disc_adaptive_weight 6.9796, d_loss 0.4016, logits_real 0.0272, logits_fake 0.0300,
Train Epoch: [13/30] Iters:[390/468] gen_loss -0.0509, rec_loss 0.0127, lpips_loss 0.1460, g_loss -0.0299, disc_weight 0.4000, disc_adaptive_weight 7.0423, d_loss 0.4016, logits_real 0.0269, logits_fake 0.0295,
Train Epoch: [13/30] Iters:[400/468] gen_loss -0.0447, rec_loss 0.0127, lpips_loss 0.1461, g_loss -0.0291, disc_weight 0.4000, disc_adaptive_weight 7.0140, d_loss 0.4016, logits_real 0.0264, logits_fake 0.0291,
Train Epoch: [13/30] Iters:[410/468] gen_loss -0.0442, rec_loss 0.0128, lpips_loss 0.1466, g_loss -0.0286, disc_weight 0.4000, disc_adaptive_weight 7.1488, d_loss 0.4016, logits_real 0.0261, logits_fake 0.0289,
Train Epoch: [13/30] Iters:[420/468] gen_loss -0.0449, rec_loss 0.0126, lpips_loss 0.1465, g_loss -0.0284, disc_weight 0.4000, disc_adaptive_weight 7.2051, d_loss 0.4016, logits_real 0.0259, logits_fake 0.0287,
Train Epoch: [13/30] Iters:[430/468] gen_loss -0.0422, rec_loss 0.0126, lpips_loss 0.1466, g_loss -0.0285, disc_weight 0.4000, disc_adaptive_weight 7.0791, d_loss 0.4016, logits_real 0.0258, logits_fake 0.0285,
Train Epoch: [13/30] Iters:[440/468] gen_loss -0.0282, rec_loss 0.0125, lpips_loss 0.1466, g_loss -0.0286, disc_weight 0.4000, disc_adaptive_weight 6.5769, d_loss 0.4016, logits_real 0.0258, logits_fake 0.0284,
Train Epoch: [13/30] Iters:[450/468] gen_loss -0.0383, rec_loss 0.0125, lpips_loss 0.1462, g_loss -0.0288, disc_weight 0.4000, disc_adaptive_weight 6.8506, d_loss 0.4016, logits_real 0.0258, logits_fake 0.0284,
Train Epoch: [13/30] Iters:[460/468] gen_loss -0.0409, rec_loss 0.0124, lpips_loss 0.1461, g_loss -0.0290, disc_weight 0.4000, disc_adaptive_weight 6.8918, d_loss 0.4015, logits_real 0.0259, logits_fake 0.0283,
epoch:14, cur_lr:0.000010
Train Epoch: [14/30] Iters:[10/468] gen_loss -0.0425, rec_loss 0.0124, lpips_loss 0.1451, g_loss -0.0271, disc_weight 0.4000, disc_adaptive_weight 7.3085, d_loss 0.4020, logits_real 0.0241, logits_fake 0.0286,
Train Epoch: [14/30] Iters:[20/468] gen_loss -0.0377, rec_loss 0.0124, lpips_loss 0.1444, g_loss -0.0273, disc_weight 0.4000, disc_adaptive_weight 7.0832, d_loss 0.4017, logits_real 0.0245, logits_fake 0.0279,
Train Epoch: [14/30] Iters:[30/468] gen_loss -0.0380, rec_loss 0.0125, lpips_loss 0.1455, g_loss -0.0275, disc_weight 0.4000, disc_adaptive_weight 7.1025, d_loss 0.4017, logits_real 0.0247, logits_fake 0.0280,
Train Epoch: [14/30] Iters:[40/468] gen_loss -0.0498, rec_loss 0.0124, lpips_loss 0.1454, g_loss -0.0278, disc_weight 0.4000, disc_adaptive_weight 7.4504, d_loss 0.4017, logits_real 0.0251, logits_fake 0.0282,
Train Epoch: [14/30] Iters:[50/468] gen_loss -0.0640, rec_loss 0.0124, lpips_loss 0.1455, g_loss -0.0282, disc_weight 0.4000, disc_adaptive_weight 7.8383, d_loss 0.4017, logits_real 0.0254, logits_fake 0.0285,
Train Epoch: [14/30] Iters:[60/468] gen_loss -0.0638, rec_loss 0.0124, lpips_loss 0.1459, g_loss -0.0289, disc_weight 0.4000, disc_adaptive_weight 7.6869, d_loss 0.4016, logits_real 0.0260, logits_fake 0.0289,
Train Epoch: [14/30] Iters:[70/468] gen_loss -0.0761, rec_loss 0.0125, lpips_loss 0.1466, g_loss -0.0296, disc_weight 0.4000, disc_adaptive_weight 7.9689, d_loss 0.4016, logits_real 0.0266, logits_fake 0.0295,
Train Epoch: [14/30] Iters:[80/468] gen_loss -0.0893, rec_loss 0.0126, lpips_loss 0.1465, g_loss -0.0302, disc_weight 0.4000, disc_adaptive_weight 8.2595, d_loss 0.4016, logits_real 0.0271, logits_fake 0.0298,
Train Epoch: [14/30] Iters:[90/468] gen_loss -0.0801, rec_loss 0.0127, lpips_loss 0.1468, g_loss -0.0307, disc_weight 0.4000, disc_adaptive_weight 7.8407, d_loss 0.4015, logits_real 0.0275, logits_fake 0.0302,
Train Epoch: [14/30] Iters:[100/468] gen_loss -0.0679, rec_loss 0.0129, lpips_loss 0.1473, g_loss -0.0307, disc_weight 0.4000, disc_adaptive_weight 7.4390, d_loss 0.4016, logits_real 0.0278, logits_fake 0.0305,
Train Epoch: [14/30] Iters:[110/468] gen_loss -0.0704, rec_loss 0.0129, lpips_loss 0.1471, g_loss -0.0308, disc_weight 0.4000, disc_adaptive_weight 7.4885, d_loss 0.4015, logits_real 0.0280, logits_fake 0.0304,
Train Epoch: [14/30] Iters:[120/468] gen_loss -0.0637, rec_loss 0.0129, lpips_loss 0.1469, g_loss -0.0306, disc_weight 0.4000, disc_adaptive_weight 7.3075, d_loss 0.4015, logits_real 0.0279, logits_fake 0.0303,
Train Epoch: [14/30] Iters:[130/468] gen_loss -0.0661, rec_loss 0.0129, lpips_loss 0.1467, g_loss -0.0304, disc_weight 0.4000, disc_adaptive_weight 7.4181, d_loss 0.4015, logits_real 0.0276, logits_fake 0.0302,
Train Epoch: [14/30] Iters:[140/468] gen_loss -0.0873, rec_loss 0.0130, lpips_loss 0.1471, g_loss -0.0299, disc_weight 0.4000, disc_adaptive_weight 8.3296, d_loss 0.4016, logits_real 0.0273, logits_fake 0.0300,
Train Epoch: [14/30] Iters:[150/468] gen_loss -0.0989, rec_loss 0.0130, lpips_loss 0.1472, g_loss -0.0295, disc_weight 0.4000, disc_adaptive_weight 8.8587, d_loss 0.4016, logits_real 0.0268, logits_fake 0.0295,
Train Epoch: [14/30] Iters:[160/468] gen_loss -0.0944, rec_loss 0.0131, lpips_loss 0.1475, g_loss -0.0289, disc_weight 0.4000, disc_adaptive_weight 8.8803, d_loss 0.4016, logits_real 0.0262, logits_fake 0.0291,
Train Epoch: [14/30] Iters:[170/468] gen_loss -0.0906, rec_loss 0.0131, lpips_loss 0.1478, g_loss -0.0284, disc_weight 0.4000, disc_adaptive_weight 8.8701, d_loss 0.4016, logits_real 0.0257, logits_fake 0.0287,
Train Epoch: [14/30] Iters:[180/468] gen_loss -0.0766, rec_loss 0.0131, lpips_loss 0.1478, g_loss -0.0279, disc_weight 0.4000, disc_adaptive_weight 8.5379, d_loss 0.4016, logits_real 0.0253, logits_fake 0.0282,
Train Epoch: [14/30] Iters:[190/468] gen_loss -0.0581, rec_loss 0.0129, lpips_loss 0.1474, g_loss -0.0277, disc_weight 0.4000, disc_adaptive_weight 7.9157, d_loss 0.4016, logits_real 0.0249, logits_fake 0.0278,
Train Epoch: [14/30] Iters:[200/468] gen_loss -0.0390, rec_loss 0.0128, lpips_loss 0.1470, g_loss -0.0277, disc_weight 0.4000, disc_adaptive_weight 7.2125, d_loss 0.4016, logits_real 0.0249, logits_fake 0.0277,
Train Epoch: [14/30] Iters:[210/468] gen_loss -0.0342, rec_loss 0.0126, lpips_loss 0.1469, g_loss -0.0278, disc_weight 0.4000, disc_adaptive_weight 6.9826, d_loss 0.4015, logits_real 0.0251, logits_fake 0.0278,
Train Epoch: [14/30] Iters:[220/468] gen_loss -0.0281, rec_loss 0.0125, lpips_loss 0.1467, g_loss -0.0282, disc_weight 0.4000, disc_adaptive_weight 6.6744, d_loss 0.4015, logits_real 0.0254, logits_fake 0.0282,
Train Epoch: [14/30] Iters:[230/468] gen_loss -0.0180, rec_loss 0.0125, lpips_loss 0.1463, g_loss -0.0285, disc_weight 0.4000, disc_adaptive_weight 6.2385, d_loss 0.4015, logits_real 0.0259, logits_fake 0.0285,
Train Epoch: [14/30] Iters:[240/468] gen_loss -0.0120, rec_loss 0.0126, lpips_loss 0.1460, g_loss -0.0287, disc_weight 0.4000, disc_adaptive_weight 5.9455, d_loss 0.4015, logits_real 0.0260, logits_fake 0.0287,
Train Epoch: [14/30] Iters:[250/468] gen_loss -0.0103, rec_loss 0.0126, lpips_loss 0.1459, g_loss -0.0286, disc_weight 0.4000, disc_adaptive_weight 5.9071, d_loss 0.4016, logits_real 0.0259, logits_fake 0.0286,
Train Epoch: [14/30] Iters:[260/468] gen_loss -0.0135, rec_loss 0.0126, lpips_loss 0.1456, g_loss -0.0282, disc_weight 0.4000, disc_adaptive_weight 6.1092, d_loss 0.4015, logits_real 0.0255, logits_fake 0.0282,
Train Epoch: [14/30] Iters:[270/468] gen_loss -0.0145, rec_loss 0.0126, lpips_loss 0.1457, g_loss -0.0281, disc_weight 0.4000, disc_adaptive_weight 6.1588, d_loss 0.4015, logits_real 0.0253, logits_fake 0.0281,
Train Epoch: [14/30] Iters:[280/468] gen_loss -0.0331, rec_loss 0.0125, lpips_loss 0.1454, g_loss -0.0278, disc_weight 0.4000, disc_adaptive_weight 6.8860, d_loss 0.4016, logits_real 0.0250, logits_fake 0.0279,
Train Epoch: [14/30] Iters:[290/468] gen_loss -0.0389, rec_loss 0.0125, lpips_loss 0.1453, g_loss -0.0275, disc_weight 0.4000, disc_adaptive_weight 7.1449, d_loss 0.4016, logits_real 0.0247, logits_fake 0.0277,
Train Epoch: [14/30] Iters:[300/468] gen_loss -0.0505, rec_loss 0.0124, lpips_loss 0.1450, g_loss -0.0275, disc_weight 0.4000, disc_adaptive_weight 7.5853, d_loss 0.4016, logits_real 0.0247, logits_fake 0.0276,
Train Epoch: [14/30] Iters:[310/468] gen_loss -0.0524, rec_loss 0.0125, lpips_loss 0.1458, g_loss -0.0278, disc_weight 0.4000, disc_adaptive_weight 7.6057, d_loss 0.4016, logits_real 0.0250, logits_fake 0.0279,
Train Epoch: [14/30] Iters:[320/468] gen_loss -0.0519, rec_loss 0.0125, lpips_loss 0.1463, g_loss -0.0278, disc_weight 0.4000, disc_adaptive_weight 7.5986, d_loss 0.4015, logits_real 0.0253, logits_fake 0.0280,
Train Epoch: [14/30] Iters:[330/468] gen_loss -0.0347, rec_loss 0.0125, lpips_loss 0.1468, g_loss -0.0284, disc_weight 0.4000, disc_adaptive_weight 6.8787, d_loss 0.4015, logits_real 0.0257, logits_fake 0.0283,
Train Epoch: [14/30] Iters:[340/468] gen_loss -0.0297, rec_loss 0.0125, lpips_loss 0.1471, g_loss -0.0287, disc_weight 0.4000, disc_adaptive_weight 6.6310, d_loss 0.4015, logits_real 0.0260, logits_fake 0.0286,
Train Epoch: [14/30] Iters:[350/468] gen_loss -0.0280, rec_loss 0.0126, lpips_loss 0.1476, g_loss -0.0289, disc_weight 0.4000, disc_adaptive_weight 6.5336, d_loss 0.4016, logits_real 0.0260, logits_fake 0.0289,
Train Epoch: [14/30] Iters:[360/468] gen_loss -0.0263, rec_loss 0.0126, lpips_loss 0.1466, g_loss -0.0290, disc_weight 0.4000, disc_adaptive_weight 6.4317, d_loss 0.4015, logits_real 0.0260, logits_fake 0.0287,
Train Epoch: [14/30] Iters:[370/468] gen_loss -0.0341, rec_loss 0.0125, lpips_loss 0.1459, g_loss -0.0289, disc_weight 0.4000, disc_adaptive_weight 6.6703, d_loss 0.4015, logits_real 0.0259, logits_fake 0.0287,
Train Epoch: [14/30] Iters:[380/468] gen_loss -0.0375, rec_loss 0.0126, lpips_loss 0.1460, g_loss -0.0289, disc_weight 0.4000, disc_adaptive_weight 6.8033, d_loss 0.4015, logits_real 0.0260, logits_fake 0.0288,
Train Epoch: [14/30] Iters:[390/468] gen_loss -0.0407, rec_loss 0.0125, lpips_loss 0.1460, g_loss -0.0291, disc_weight 0.4000, disc_adaptive_weight 6.8535, d_loss 0.4015, logits_real 0.0261, logits_fake 0.0290,
Train Epoch: [14/30] Iters:[400/468] gen_loss -0.0428, rec_loss 0.0126, lpips_loss 0.1455, g_loss -0.0295, disc_weight 0.4000, disc_adaptive_weight 6.8147, d_loss 0.4015, logits_real 0.0266, logits_fake 0.0292,
Train Epoch: [14/30] Iters:[410/468] gen_loss -0.0494, rec_loss 0.0126, lpips_loss 0.1456, g_loss -0.0297, disc_weight 0.4000, disc_adaptive_weight 7.0087, d_loss 0.4015, logits_real 0.0269, logits_fake 0.0296,
Train Epoch: [14/30] Iters:[420/468] gen_loss -0.0447, rec_loss 0.0126, lpips_loss 0.1458, g_loss -0.0299, disc_weight 0.4000, disc_adaptive_weight 6.7963, d_loss 0.4015, logits_real 0.0272, logits_fake 0.0300,
Train Epoch: [14/30] Iters:[430/468] gen_loss -0.0476, rec_loss 0.0126, lpips_loss 0.1461, g_loss -0.0300, disc_weight 0.4000, disc_adaptive_weight 6.8905, d_loss 0.4015, logits_real 0.0273, logits_fake 0.0301,
Train Epoch: [14/30] Iters:[440/468] gen_loss -0.0450, rec_loss 0.0126, lpips_loss 0.1460, g_loss -0.0299, disc_weight 0.4000, disc_adaptive_weight 6.8188, d_loss 0.4015, logits_real 0.0274, logits_fake 0.0301,
Train Epoch: [14/30] Iters:[450/468] gen_loss -0.0326, rec_loss 0.0124, lpips_loss 0.1459, g_loss -0.0299, disc_weight 0.4000, disc_adaptive_weight 6.3956, d_loss 0.4015, logits_real 0.0274, logits_fake 0.0301,
Train Epoch: [14/30] Iters:[460/468] gen_loss -0.0276, rec_loss 0.0123, lpips_loss 0.1458, g_loss -0.0298, disc_weight 0.4000, disc_adaptive_weight 6.2357, d_loss 0.4015, logits_real 0.0272, logits_fake 0.0300,
epoch:15, cur_lr:0.000010
Train Epoch: [15/30] Iters:[10/468] gen_loss -0.0284, rec_loss 0.0129, lpips_loss 0.1462, g_loss -0.0287, disc_weight 0.4000, disc_adaptive_weight 6.5593, d_loss 0.4016, logits_real 0.0260, logits_fake 0.0293,
Train Epoch: [15/30] Iters:[20/468] gen_loss -0.0288, rec_loss 0.0128, lpips_loss 0.1462, g_loss -0.0277, disc_weight 0.4000, disc_adaptive_weight 6.7931, d_loss 0.4016, logits_real 0.0252, logits_fake 0.0282,
Train Epoch: [15/30] Iters:[30/468] gen_loss -0.0188, rec_loss 0.0126, lpips_loss 0.1459, g_loss -0.0274, disc_weight 0.4000, disc_adaptive_weight 6.4796, d_loss 0.4015, logits_real 0.0249, logits_fake 0.0277,
Train Epoch: [15/30] Iters:[40/468] gen_loss -0.0184, rec_loss 0.0128, lpips_loss 0.1461, g_loss -0.0273, disc_weight 0.4000, disc_adaptive_weight 6.4954, d_loss 0.4015, logits_real 0.0248, logits_fake 0.0274,
Train Epoch: [15/30] Iters:[50/468] gen_loss -0.0238, rec_loss 0.0127, lpips_loss 0.1459, g_loss -0.0271, disc_weight 0.4000, disc_adaptive_weight 6.7386, d_loss 0.4015, logits_real 0.0248, logits_fake 0.0274,
Train Epoch: [15/30] Iters:[60/468] gen_loss -0.0285, rec_loss 0.0127, lpips_loss 0.1459, g_loss -0.0270, disc_weight 0.4000, disc_adaptive_weight 6.9384, d_loss 0.4015, logits_real 0.0246, logits_fake 0.0272,
Train Epoch: [15/30] Iters:[70/468] gen_loss -0.0311, rec_loss 0.0127, lpips_loss 0.1456, g_loss -0.0273, disc_weight 0.4000, disc_adaptive_weight 6.9356, d_loss 0.4014, logits_real 0.0249, logits_fake 0.0275,
Train Epoch: [15/30] Iters:[80/468] gen_loss -0.0384, rec_loss 0.0127, lpips_loss 0.1456, g_loss -0.0278, disc_weight 0.4000, disc_adaptive_weight 7.0946, d_loss 0.4015, logits_real 0.0254, logits_fake 0.0279,
Train Epoch: [15/30] Iters:[90/468] gen_loss -0.0407, rec_loss 0.0126, lpips_loss 0.1459, g_loss -0.0280, disc_weight 0.4000, disc_adaptive_weight 7.1501, d_loss 0.4015, logits_real 0.0256, logits_fake 0.0282,
Train Epoch: [15/30] Iters:[100/468] gen_loss -0.0393, rec_loss 0.0126, lpips_loss 0.1463, g_loss -0.0282, disc_weight 0.4000, disc_adaptive_weight 7.0438, d_loss 0.4014, logits_real 0.0257, logits_fake 0.0283,
Train Epoch: [15/30] Iters:[110/468] gen_loss -0.0354, rec_loss 0.0126, lpips_loss 0.1461, g_loss -0.0281, disc_weight 0.4000, disc_adaptive_weight 6.9047, d_loss 0.4014, logits_real 0.0257, logits_fake 0.0281,
Train Epoch: [15/30] Iters:[120/468] gen_loss -0.0346, rec_loss 0.0124, lpips_loss 0.1461, g_loss -0.0279, disc_weight 0.4000, disc_adaptive_weight 6.9438, d_loss 0.4014, logits_real 0.0253, logits_fake 0.0279,
Train Epoch: [15/30] Iters:[130/468] gen_loss -0.0308, rec_loss 0.0124, lpips_loss 0.1456, g_loss -0.0275, disc_weight 0.4000, disc_adaptive_weight 6.8771, d_loss 0.4014, logits_real 0.0250, logits_fake 0.0276,
Train Epoch: [15/30] Iters:[140/468] gen_loss -0.0346, rec_loss 0.0124, lpips_loss 0.1451, g_loss -0.0273, disc_weight 0.4000, disc_adaptive_weight 7.0725, d_loss 0.4015, logits_real 0.0247, logits_fake 0.0274,
Train Epoch: [15/30] Iters:[150/468] gen_loss -0.0293, rec_loss 0.0126, lpips_loss 0.1449, g_loss -0.0269, disc_weight 0.4000, disc_adaptive_weight 6.9594, d_loss 0.4015, logits_real 0.0242, logits_fake 0.0270,
Train Epoch: [15/30] Iters:[160/468] gen_loss -0.0244, rec_loss 0.0126, lpips_loss 0.1445, g_loss -0.0266, disc_weight 0.4000, disc_adaptive_weight 6.8456, d_loss 0.4015, logits_real 0.0239, logits_fake 0.0267,
Train Epoch: [15/30] Iters:[170/468] gen_loss -0.0196, rec_loss 0.0127, lpips_loss 0.1448, g_loss -0.0264, disc_weight 0.4000, disc_adaptive_weight 6.7112, d_loss 0.4015, logits_real 0.0238, logits_fake 0.0266,
Train Epoch: [15/30] Iters:[180/468] gen_loss -0.0302, rec_loss 0.0126, lpips_loss 0.1449, g_loss -0.0264, disc_weight 0.4000, disc_adaptive_weight 7.1225, d_loss 0.4015, logits_real 0.0237, logits_fake 0.0265,
Train Epoch: [15/30] Iters:[190/468] gen_loss -0.0243, rec_loss 0.0125, lpips_loss 0.1448, g_loss -0.0265, disc_weight 0.4000, disc_adaptive_weight 6.8515, d_loss 0.4014, logits_real 0.0238, logits_fake 0.0264,
Train Epoch: [15/30] Iters:[200/468] gen_loss -0.0281, rec_loss 0.0124, lpips_loss 0.1452, g_loss -0.0269, disc_weight 0.4000, disc_adaptive_weight 6.9228, d_loss 0.4014, logits_real 0.0242, logits_fake 0.0267,
Train Epoch: [15/30] Iters:[210/468] gen_loss -0.0386, rec_loss 0.0123, lpips_loss 0.1456, g_loss -0.0273, disc_weight 0.4000, disc_adaptive_weight 7.2067, d_loss 0.4014, logits_real 0.0246, logits_fake 0.0271,
Train Epoch: [15/30] Iters:[220/468] gen_loss -0.0414, rec_loss 0.0123, lpips_loss 0.1450, g_loss -0.0277, disc_weight 0.4000, disc_adaptive_weight 7.2043, d_loss 0.4014, logits_real 0.0251, logits_fake 0.0276,
Train Epoch: [15/30] Iters:[230/468] gen_loss -0.0440, rec_loss 0.0124, lpips_loss 0.1457, g_loss -0.0281, disc_weight 0.4000, disc_adaptive_weight 7.2122, d_loss 0.4014, logits_real 0.0255, logits_fake 0.0279,
Train Epoch: [15/30] Iters:[240/468] gen_loss -0.0459, rec_loss 0.0125, lpips_loss 0.1457, g_loss -0.0285, disc_weight 0.4000, disc_adaptive_weight 7.1867, d_loss 0.4014, logits_real 0.0259, logits_fake 0.0284,
Train Epoch: [15/30] Iters:[250/468] gen_loss -0.0480, rec_loss 0.0125, lpips_loss 0.1448, g_loss -0.0291, disc_weight 0.4000, disc_adaptive_weight 7.0924, d_loss 0.4014, logits_real 0.0264, logits_fake 0.0289,
Train Epoch: [15/30] Iters:[260/468] gen_loss -0.0489, rec_loss 0.0125, lpips_loss 0.1447, g_loss -0.0294, disc_weight 0.4000, disc_adaptive_weight 7.0291, d_loss 0.4014, logits_real 0.0267, logits_fake 0.0292,
Train Epoch: [15/30] Iters:[270/468] gen_loss -0.0525, rec_loss 0.0126, lpips_loss 0.1451, g_loss -0.0297, disc_weight 0.4000, disc_adaptive_weight 7.0921, d_loss 0.4014, logits_real 0.0270, logits_fake 0.0295,
Train Epoch: [15/30] Iters:[280/468] gen_loss -0.0407, rec_loss 0.0125, lpips_loss 0.1448, g_loss -0.0297, disc_weight 0.4000, disc_adaptive_weight 6.6565, d_loss 0.4014, logits_real 0.0270, logits_fake 0.0296,
Train Epoch: [15/30] Iters:[290/468] gen_loss -0.0499, rec_loss 0.0124, lpips_loss 0.1447, g_loss -0.0296, disc_weight 0.4000, disc_adaptive_weight 7.0024, d_loss 0.4014, logits_real 0.0268, logits_fake 0.0294,
Train Epoch: [15/30] Iters:[300/468] gen_loss -0.0470, rec_loss 0.0125, lpips_loss 0.1453, g_loss -0.0296, disc_weight 0.4000, disc_adaptive_weight 6.9225, d_loss 0.4014, logits_real 0.0269, logits_fake 0.0295,
Train Epoch: [15/30] Iters:[310/468] gen_loss -0.0397, rec_loss 0.0125, lpips_loss 0.1453, g_loss -0.0296, disc_weight 0.4000, disc_adaptive_weight 6.6998, d_loss 0.4014, logits_real 0.0269, logits_fake 0.0297,
Train Epoch: [15/30] Iters:[320/468] gen_loss -0.0335, rec_loss 0.0124, lpips_loss 0.1452, g_loss -0.0296, disc_weight 0.4000, disc_adaptive_weight 6.4919, d_loss 0.4014, logits_real 0.0269, logits_fake 0.0296,
Train Epoch: [15/30] Iters:[330/468] gen_loss -0.0381, rec_loss 0.0125, lpips_loss 0.1455, g_loss -0.0294, disc_weight 0.4000, disc_adaptive_weight 6.6910, d_loss 0.4014, logits_real 0.0269, logits_fake 0.0296,
Train Epoch: [15/30] Iters:[340/468] gen_loss -0.0291, rec_loss 0.0124, lpips_loss 0.1456, g_loss -0.0293, disc_weight 0.4000, disc_adaptive_weight 6.4058, d_loss 0.4014, logits_real 0.0268, logits_fake 0.0295,
Train Epoch: [15/30] Iters:[350/468] gen_loss -0.0249, rec_loss 0.0124, lpips_loss 0.1455, g_loss -0.0288, disc_weight 0.4000, disc_adaptive_weight 6.3678, d_loss 0.4014, logits_real 0.0264, logits_fake 0.0291,
Train Epoch: [15/30] Iters:[360/468] gen_loss -0.0189, rec_loss 0.0123, lpips_loss 0.1453, g_loss -0.0284, disc_weight 0.4000, disc_adaptive_weight 6.2297, d_loss 0.4014, logits_real 0.0259, logits_fake 0.0284,
Train Epoch: [15/30] Iters:[370/468] gen_loss -0.0189, rec_loss 0.0124, lpips_loss 0.1449, g_loss -0.0277, disc_weight 0.4000, disc_adaptive_weight 6.3531, d_loss 0.4014, logits_real 0.0254, logits_fake 0.0279,
Train Epoch: [15/30] Iters:[380/468] gen_loss -0.0189, rec_loss 0.0124, lpips_loss 0.1448, g_loss -0.0277, disc_weight 0.4000, disc_adaptive_weight 6.3650, d_loss 0.4014, logits_real 0.0253, logits_fake 0.0277,
Train Epoch: [15/30] Iters:[390/468] gen_loss -0.0177, rec_loss 0.0124, lpips_loss 0.1448, g_loss -0.0276, disc_weight 0.4000, disc_adaptive_weight 6.3292, d_loss 0.4013, logits_real 0.0253, logits_fake 0.0276,
Train Epoch: [15/30] Iters:[400/468] gen_loss -0.0264, rec_loss 0.0124, lpips_loss 0.1450, g_loss -0.0277, disc_weight 0.4000, disc_adaptive_weight 6.6383, d_loss 0.4014, logits_real 0.0252, logits_fake 0.0276,
Train Epoch: [15/30] Iters:[410/468] gen_loss -0.0343, rec_loss 0.0124, lpips_loss 0.1454, g_loss -0.0278, disc_weight 0.4000, disc_adaptive_weight 6.8944, d_loss 0.4014, logits_real 0.0254, logits_fake 0.0279,
Train Epoch: [15/30] Iters:[420/468] gen_loss -0.0539, rec_loss 0.0124, lpips_loss 0.1458, g_loss -0.0285, disc_weight 0.4000, disc_adaptive_weight 7.4181, d_loss 0.4014, logits_real 0.0258, logits_fake 0.0283,
Train Epoch: [15/30] Iters:[430/468] gen_loss -0.0520, rec_loss 0.0124, lpips_loss 0.1458, g_loss -0.0291, disc_weight 0.4000, disc_adaptive_weight 7.2202, d_loss 0.4014, logits_real 0.0263, logits_fake 0.0289,
Train Epoch: [15/30] Iters:[440/468] gen_loss -0.0703, rec_loss 0.0126, lpips_loss 0.1462, g_loss -0.0298, disc_weight 0.4000, disc_adaptive_weight 7.6752, d_loss 0.4014, logits_real 0.0270, logits_fake 0.0297,
Train Epoch: [15/30] Iters:[450/468] gen_loss -0.0762, rec_loss 0.0126, lpips_loss 0.1461, g_loss -0.0305, disc_weight 0.4000, disc_adaptive_weight 7.7042, d_loss 0.4014, logits_real 0.0278, logits_fake 0.0304,
Train Epoch: [15/30] Iters:[460/468] gen_loss -0.0891, rec_loss 0.0127, lpips_loss 0.1461, g_loss -0.0309, disc_weight 0.4000, disc_adaptive_weight 8.0230, d_loss 0.4014, logits_real 0.0284, logits_fake 0.0307,
Loading pretrained model LPIPS from /home/sunset/.cache/torch/hub/pyiqa/LPIPS_v0.1_alex-df73285e.pth
epoch:16, cur_lr:0.000010
Train Epoch: [16/30] Iters:[10/468] gen_loss -0.0726, rec_loss 0.0128, lpips_loss 0.1460, g_loss -0.0295, disc_weight 0.4000, disc_adaptive_weight 7.7498, d_loss 0.4013, logits_real 0.0270, logits_fake 0.0287,
Train Epoch: [16/30] Iters:[20/468] gen_loss -0.0486, rec_loss 0.0127, lpips_loss 0.1464, g_loss -0.0292, disc_weight 0.4000, disc_adaptive_weight 7.0584, d_loss 0.4015, logits_real 0.0263, logits_fake 0.0289,
Train Epoch: [16/30] Iters:[30/468] gen_loss -0.0349, rec_loss 0.0126, lpips_loss 0.1460, g_loss -0.0294, disc_weight 0.4000, disc_adaptive_weight 6.5380, d_loss 0.4015, logits_real 0.0265, logits_fake 0.0293,
Train Epoch: [16/30] Iters:[40/468] gen_loss -0.0369, rec_loss 0.0127, lpips_loss 0.1461, g_loss -0.0298, disc_weight 0.4000, disc_adaptive_weight 6.5297, d_loss 0.4015, logits_real 0.0269, logits_fake 0.0297,
Train Epoch: [16/30] Iters:[50/468] gen_loss -0.0451, rec_loss 0.0127, lpips_loss 0.1461, g_loss -0.0301, disc_weight 0.4000, disc_adaptive_weight 6.7352, d_loss 0.4015, logits_real 0.0272, logits_fake 0.0299,
Train Epoch: [16/30] Iters:[60/468] gen_loss -0.0520, rec_loss 0.0126, lpips_loss 0.1460, g_loss -0.0304, disc_weight 0.4000, disc_adaptive_weight 6.8975, d_loss 0.4015, logits_real 0.0275, logits_fake 0.0304,
Train Epoch: [16/30] Iters:[70/468] gen_loss -0.0662, rec_loss 0.0127, lpips_loss 0.1460, g_loss -0.0310, disc_weight 0.4000, disc_adaptive_weight 7.2175, d_loss 0.4014, logits_real 0.0284, logits_fake 0.0309,
Train Epoch: [16/30] Iters:[80/468] gen_loss -0.0826, rec_loss 0.0127, lpips_loss 0.1462, g_loss -0.0315, disc_weight 0.4000, disc_adaptive_weight 7.6560, d_loss 0.4014, logits_real 0.0289, logits_fake 0.0315,
Train Epoch: [16/30] Iters:[90/468] gen_loss -0.0938, rec_loss 0.0126, lpips_loss 0.1459, g_loss -0.0321, disc_weight 0.4000, disc_adaptive_weight 7.8573, d_loss 0.4014, logits_real 0.0293, logits_fake 0.0318,
Train Epoch: [16/30] Iters:[100/468] gen_loss -0.0928, rec_loss 0.0126, lpips_loss 0.1458, g_loss -0.0324, disc_weight 0.4000, disc_adaptive_weight 7.7534, d_loss 0.4014, logits_real 0.0298, logits_fake 0.0324,
Train Epoch: [16/30] Iters:[110/468] gen_loss -0.0803, rec_loss 0.0127, lpips_loss 0.1459, g_loss -0.0330, disc_weight 0.4000, disc_adaptive_weight 7.2455, d_loss 0.4014, logits_real 0.0304, logits_fake 0.0331,
Train Epoch: [16/30] Iters:[120/468] gen_loss -0.0730, rec_loss 0.0125, lpips_loss 0.1456, g_loss -0.0334, disc_weight 0.4000, disc_adaptive_weight 6.9067, d_loss 0.4014, logits_real 0.0307, logits_fake 0.0335,
Train Epoch: [16/30] Iters:[130/468] gen_loss -0.0698, rec_loss 0.0125, lpips_loss 0.1455, g_loss -0.0336, disc_weight 0.4000, disc_adaptive_weight 6.7825, d_loss 0.4014, logits_real 0.0310, logits_fake 0.0336,
Train Epoch: [16/30] Iters:[140/468] gen_loss -0.0676, rec_loss 0.0126, lpips_loss 0.1459, g_loss -0.0335, disc_weight 0.4000, disc_adaptive_weight 6.7439, d_loss 0.4014, logits_real 0.0313, logits_fake 0.0338,
Train Epoch: [16/30] Iters:[150/468] gen_loss -0.0636, rec_loss 0.0125, lpips_loss 0.1456, g_loss -0.0336, disc_weight 0.4000, disc_adaptive_weight 6.5919, d_loss 0.4014, logits_real 0.0311, logits_fake 0.0337,
Train Epoch: [16/30] Iters:[160/468] gen_loss -0.0715, rec_loss 0.0126, lpips_loss 0.1458, g_loss -0.0332, disc_weight 0.4000, disc_adaptive_weight 6.9047, d_loss 0.4013, logits_real 0.0309, logits_fake 0.0332,
Train Epoch: [16/30] Iters:[170/468] gen_loss -0.0754, rec_loss 0.0127, lpips_loss 0.1458, g_loss -0.0330, disc_weight 0.4000, disc_adaptive_weight 7.0664, d_loss 0.4013, logits_real 0.0308, logits_fake 0.0330,
Train Epoch: [16/30] Iters:[180/468] gen_loss -0.0825, rec_loss 0.0127, lpips_loss 0.1457, g_loss -0.0331, disc_weight 0.4000, disc_adaptive_weight 7.2663, d_loss 0.4013, logits_real 0.0304, logits_fake 0.0329,
Train Epoch: [16/30] Iters:[190/468] gen_loss -0.0794, rec_loss 0.0128, lpips_loss 0.1465, g_loss -0.0330, disc_weight 0.4000, disc_adaptive_weight 7.2246, d_loss 0.4014, logits_real 0.0302, logits_fake 0.0328,
Train Epoch: [16/30] Iters:[200/468] gen_loss -0.0853, rec_loss 0.0129, lpips_loss 0.1472, g_loss -0.0330, disc_weight 0.4000, disc_adaptive_weight 7.4279, d_loss 0.4014, logits_real 0.0301, logits_fake 0.0328,
Train Epoch: [16/30] Iters:[210/468] gen_loss -0.0860, rec_loss 0.0126, lpips_loss 0.1468, g_loss -0.0330, disc_weight 0.4000, disc_adaptive_weight 7.4360, d_loss 0.4014, logits_real 0.0300, logits_fake 0.0328,
Train Epoch: [16/30] Iters:[220/468] gen_loss -0.0868, rec_loss 0.0126, lpips_loss 0.1473, g_loss -0.0328, disc_weight 0.4000, disc_adaptive_weight 7.5067, d_loss 0.4014, logits_real 0.0297, logits_fake 0.0324,
Train Epoch: [16/30] Iters:[230/468] gen_loss -0.0780, rec_loss 0.0124, lpips_loss 0.1469, g_loss -0.0324, disc_weight 0.4000, disc_adaptive_weight 7.2885, d_loss 0.4014, logits_real 0.0294, logits_fake 0.0321,
Train Epoch: [16/30] Iters:[240/468] gen_loss -0.0802, rec_loss 0.0124, lpips_loss 0.1459, g_loss -0.0322, disc_weight 0.4000, disc_adaptive_weight 7.3593, d_loss 0.4013, logits_real 0.0295, logits_fake 0.0319,
Train Epoch: [16/30] Iters:[250/468] gen_loss -0.0749, rec_loss 0.0122, lpips_loss 0.1447, g_loss -0.0320, disc_weight 0.4000, disc_adaptive_weight 7.2042, d_loss 0.4013, logits_real 0.0293, logits_fake 0.0315,
Train Epoch: [16/30] Iters:[260/468] gen_loss -0.0742, rec_loss 0.0123, lpips_loss 0.1449, g_loss -0.0321, disc_weight 0.4000, disc_adaptive_weight 7.1692, d_loss 0.4013, logits_real 0.0293, logits_fake 0.0315,
Train Epoch: [16/30] Iters:[270/468] gen_loss -0.0667, rec_loss 0.0123, lpips_loss 0.1448, g_loss -0.0320, disc_weight 0.4000, disc_adaptive_weight 6.9659, d_loss 0.4013, logits_real 0.0297, logits_fake 0.0319,
Train Epoch: [16/30] Iters:[280/468] gen_loss -0.0853, rec_loss 0.0124, lpips_loss 0.1453, g_loss -0.0325, disc_weight 0.4000, disc_adaptive_weight 7.4297, d_loss 0.4013, logits_real 0.0302, logits_fake 0.0323,
Train Epoch: [16/30] Iters:[290/468] gen_loss -0.0828, rec_loss 0.0123, lpips_loss 0.1452, g_loss -0.0328, disc_weight 0.4000, disc_adaptive_weight 7.2872, d_loss 0.4013, logits_real 0.0304, logits_fake 0.0326,
Train Epoch: [16/30] Iters:[300/468] gen_loss -0.0980, rec_loss 0.0125, lpips_loss 0.1459, g_loss -0.0331, disc_weight 0.4000, disc_adaptive_weight 7.7030, d_loss 0.4013, logits_real 0.0305, logits_fake 0.0329,
Train Epoch: [16/30] Iters:[310/468] gen_loss -0.0952, rec_loss 0.0125, lpips_loss 0.1458, g_loss -0.0333, disc_weight 0.4000, disc_adaptive_weight 7.5631, d_loss 0.4013, logits_real 0.0308, logits_fake 0.0331,
Train Epoch: [16/30] Iters:[320/468] gen_loss -0.0965, rec_loss 0.0126, lpips_loss 0.1456, g_loss -0.0337, disc_weight 0.4000, disc_adaptive_weight 7.5047, d_loss 0.4013, logits_real 0.0310, logits_fake 0.0334,
Train Epoch: [16/30] Iters:[330/468] gen_loss -0.0777, rec_loss 0.0126, lpips_loss 0.1453, g_loss -0.0338, disc_weight 0.4000, disc_adaptive_weight 6.9267, d_loss 0.4012, logits_real 0.0313, logits_fake 0.0334,
Train Epoch: [16/30] Iters:[340/468] gen_loss -0.0818, rec_loss 0.0127, lpips_loss 0.1452, g_loss -0.0339, disc_weight 0.4000, disc_adaptive_weight 7.0301, d_loss 0.4012, logits_real 0.0317, logits_fake 0.0335,
Train Epoch: [16/30] Iters:[350/468] gen_loss -0.0696, rec_loss 0.0126, lpips_loss 0.1453, g_loss -0.0338, disc_weight 0.4000, disc_adaptive_weight 6.7104, d_loss 0.4012, logits_real 0.0320, logits_fake 0.0337,
Train Epoch: [16/30] Iters:[360/468] gen_loss -0.0774, rec_loss 0.0126, lpips_loss 0.1456, g_loss -0.0341, disc_weight 0.4000, disc_adaptive_weight 6.8593, d_loss 0.4012, logits_real 0.0324, logits_fake 0.0342,
Train Epoch: [16/30] Iters:[370/468] gen_loss -0.0952, rec_loss 0.0125, lpips_loss 0.1448, g_loss -0.0344, disc_weight 0.4000, disc_adaptive_weight 7.3062, d_loss 0.4012, logits_real 0.0324, logits_fake 0.0342,
Train Epoch: [16/30] Iters:[380/468] gen_loss -0.1097, rec_loss 0.0125, lpips_loss 0.1450, g_loss -0.0343, disc_weight 0.4000, disc_adaptive_weight 7.7363, d_loss 0.4014, logits_real 0.0320, logits_fake 0.0344,
Train Epoch: [16/30] Iters:[390/468] gen_loss -0.1270, rec_loss 0.0126, lpips_loss 0.1454, g_loss -0.0345, disc_weight 0.4000, disc_adaptive_weight 8.2178, d_loss 0.4014, logits_real 0.0317, logits_fake 0.0344,
Train Epoch: [16/30] Iters:[400/468] gen_loss -0.1325, rec_loss 0.0125, lpips_loss 0.1453, g_loss -0.0347, disc_weight 0.4000, disc_adaptive_weight 8.3146, d_loss 0.4015, logits_real 0.0318, logits_fake 0.0347,
Train Epoch: [16/30] Iters:[410/468] gen_loss -0.1364, rec_loss 0.0125, lpips_loss 0.1450, g_loss -0.0348, disc_weight 0.4000, disc_adaptive_weight 8.4159, d_loss 0.4014, logits_real 0.0318, logits_fake 0.0347,
Train Epoch: [16/30] Iters:[420/468] gen_loss -0.1359, rec_loss 0.0126, lpips_loss 0.1454, g_loss -0.0348, disc_weight 0.4000, disc_adaptive_weight 8.4162, d_loss 0.4015, logits_real 0.0317, logits_fake 0.0349,
Train Epoch: [16/30] Iters:[430/468] gen_loss -0.1229, rec_loss 0.0127, lpips_loss 0.1456, g_loss -0.0347, disc_weight 0.4000, disc_adaptive_weight 8.0723, d_loss 0.4014, logits_real 0.0318, logits_fake 0.0346,
Train Epoch: [16/30] Iters:[440/468] gen_loss -0.1033, rec_loss 0.0127, lpips_loss 0.1454, g_loss -0.0343, disc_weight 0.4000, disc_adaptive_weight 7.5789, d_loss 0.4014, logits_real 0.0315, logits_fake 0.0343,
Train Epoch: [16/30] Iters:[450/468] gen_loss -0.1043, rec_loss 0.0126, lpips_loss 0.1448, g_loss -0.0340, disc_weight 0.4000, disc_adaptive_weight 7.6593, d_loss 0.4014, logits_real 0.0309, logits_fake 0.0339,
Train Epoch: [16/30] Iters:[460/468] gen_loss -0.0984, rec_loss 0.0127, lpips_loss 0.1449, g_loss -0.0334, disc_weight 0.4000, disc_adaptive_weight 7.6483, d_loss 0.4014, logits_real 0.0303, logits_fake 0.0333,
epoch:17, cur_lr:0.000010
Train Epoch: [17/30] Iters:[10/468] gen_loss -0.1686, rec_loss 0.0126, lpips_loss 0.1457, g_loss -0.0312, disc_weight 0.4000, disc_adaptive_weight 10.4654, d_loss 0.4014, logits_real 0.0285, logits_fake 0.0313,
Train Epoch: [17/30] Iters:[20/468] gen_loss -0.1244, rec_loss 0.0127, lpips_loss 0.1452, g_loss -0.0314, disc_weight 0.4000, disc_adaptive_weight 9.0193, d_loss 0.4013, logits_real 0.0287, logits_fake 0.0312,
Train Epoch: [17/30] Iters:[30/468] gen_loss -0.1042, rec_loss 0.0127, lpips_loss 0.1457, g_loss -0.0313, disc_weight 0.4000, disc_adaptive_weight 8.4209, d_loss 0.4013, logits_real 0.0287, logits_fake 0.0312,
Train Epoch: [17/30] Iters:[40/468] gen_loss -0.0913, rec_loss 0.0126, lpips_loss 0.1453, g_loss -0.0313, disc_weight 0.4000, disc_adaptive_weight 7.9731, d_loss 0.4013, logits_real 0.0288, logits_fake 0.0314,
Train Epoch: [17/30] Iters:[50/468] gen_loss -0.0801, rec_loss 0.0126, lpips_loss 0.1451, g_loss -0.0313, disc_weight 0.4000, disc_adaptive_weight 7.6080, d_loss 0.4013, logits_real 0.0287, logits_fake 0.0313,
Train Epoch: [17/30] Iters:[60/468] gen_loss -0.0617, rec_loss 0.0125, lpips_loss 0.1448, g_loss -0.0310, disc_weight 0.4000, disc_adaptive_weight 7.0773, d_loss 0.4013, logits_real 0.0285, logits_fake 0.0312,
Train Epoch: [17/30] Iters:[70/468] gen_loss -0.0579, rec_loss 0.0124, lpips_loss 0.1449, g_loss -0.0308, disc_weight 0.4000, disc_adaptive_weight 7.0076, d_loss 0.4014, logits_real 0.0283, logits_fake 0.0311,
Train Epoch: [17/30] Iters:[80/468] gen_loss -0.0681, rec_loss 0.0124, lpips_loss 0.1449, g_loss -0.0307, disc_weight 0.4000, disc_adaptive_weight 7.3644, d_loss 0.4014, logits_real 0.0281, logits_fake 0.0310,
Train Epoch: [17/30] Iters:[90/468] gen_loss -0.0643, rec_loss 0.0126, lpips_loss 0.1453, g_loss -0.0303, disc_weight 0.4000, disc_adaptive_weight 7.3308, d_loss 0.4014, logits_real 0.0277, logits_fake 0.0306,
Train Epoch: [17/30] Iters:[100/468] gen_loss -0.0635, rec_loss 0.0126, lpips_loss 0.1453, g_loss -0.0300, disc_weight 0.4000, disc_adaptive_weight 7.3830, d_loss 0.4014, logits_real 0.0274, logits_fake 0.0303,
Train Epoch: [17/30] Iters:[110/468] gen_loss -0.0580, rec_loss 0.0126, lpips_loss 0.1456, g_loss -0.0300, disc_weight 0.4000, disc_adaptive_weight 7.2067, d_loss 0.4013, logits_real 0.0273, logits_fake 0.0301,
Train Epoch: [17/30] Iters:[120/468] gen_loss -0.0578, rec_loss 0.0128, lpips_loss 0.1458, g_loss -0.0297, disc_weight 0.4000, disc_adaptive_weight 7.2619, d_loss 0.4013, logits_real 0.0271, logits_fake 0.0299,
Train Epoch: [17/30] Iters:[130/468] gen_loss -0.0392, rec_loss 0.0128, lpips_loss 0.1453, g_loss -0.0293, disc_weight 0.4000, disc_adaptive_weight 6.7391, d_loss 0.4013, logits_real 0.0268, logits_fake 0.0295,
Train Epoch: [17/30] Iters:[140/468] gen_loss -0.0280, rec_loss 0.0127, lpips_loss 0.1455, g_loss -0.0288, disc_weight 0.4000, disc_adaptive_weight 6.4369, d_loss 0.4013, logits_real 0.0264, logits_fake 0.0290,
Train Epoch: [17/30] Iters:[150/468] gen_loss -0.0303, rec_loss 0.0126, lpips_loss 0.1453, g_loss -0.0285, disc_weight 0.4000, disc_adaptive_weight 6.5810, d_loss 0.4013, logits_real 0.0260, logits_fake 0.0287,
Train Epoch: [17/30] Iters:[160/468] gen_loss -0.0273, rec_loss 0.0126, lpips_loss 0.1451, g_loss -0.0282, disc_weight 0.4000, disc_adaptive_weight 6.5556, d_loss 0.4013, logits_real 0.0257, logits_fake 0.0284,
Train Epoch: [17/30] Iters:[170/468] gen_loss -0.0219, rec_loss 0.0125, lpips_loss 0.1451, g_loss -0.0279, disc_weight 0.4000, disc_adaptive_weight 6.4310, d_loss 0.4013, logits_real 0.0254, logits_fake 0.0280,
Train Epoch: [17/30] Iters:[180/468] gen_loss -0.0361, rec_loss 0.0125, lpips_loss 0.1454, g_loss -0.0277, disc_weight 0.4000, disc_adaptive_weight 7.0059, d_loss 0.4013, logits_real 0.0252, logits_fake 0.0278,
Train Epoch: [17/30] Iters:[190/468] gen_loss -0.0475, rec_loss 0.0126, lpips_loss 0.1452, g_loss -0.0276, disc_weight 0.4000, disc_adaptive_weight 7.4405, d_loss 0.4013, logits_real 0.0251, logits_fake 0.0278,
Train Epoch: [17/30] Iters:[200/468] gen_loss -0.0606, rec_loss 0.0128, lpips_loss 0.1459, g_loss -0.0276, disc_weight 0.4000, disc_adaptive_weight 7.9465, d_loss 0.4013, logits_real 0.0250, logits_fake 0.0277,
Train Epoch: [17/30] Iters:[210/468] gen_loss -0.0622, rec_loss 0.0129, lpips_loss 0.1465, g_loss -0.0277, disc_weight 0.4000, disc_adaptive_weight 8.0001, d_loss 0.4013, logits_real 0.0250, logits_fake 0.0278,
Train Epoch: [17/30] Iters:[220/468] gen_loss -0.0647, rec_loss 0.0128, lpips_loss 0.1463, g_loss -0.0278, disc_weight 0.4000, disc_adaptive_weight 8.0709, d_loss 0.4013, logits_real 0.0250, logits_fake 0.0278,
Train Epoch: [17/30] Iters:[230/468] gen_loss -0.0509, rec_loss 0.0128, lpips_loss 0.1464, g_loss -0.0280, disc_weight 0.4000, disc_adaptive_weight 7.5042, d_loss 0.4014, logits_real 0.0250, logits_fake 0.0279,
Train Epoch: [17/30] Iters:[240/468] gen_loss -0.0532, rec_loss 0.0127, lpips_loss 0.1460, g_loss -0.0282, disc_weight 0.4000, disc_adaptive_weight 7.5219, d_loss 0.4013, logits_real 0.0253, logits_fake 0.0281,
Train Epoch: [17/30] Iters:[250/468] gen_loss -0.0378, rec_loss 0.0125, lpips_loss 0.1458, g_loss -0.0281, disc_weight 0.4000, disc_adaptive_weight 6.9646, d_loss 0.4013, logits_real 0.0253, logits_fake 0.0282,
Train Epoch: [17/30] Iters:[260/468] gen_loss -0.0361, rec_loss 0.0125, lpips_loss 0.1454, g_loss -0.0280, disc_weight 0.4000, disc_adaptive_weight 6.9214, d_loss 0.4013, logits_real 0.0253, logits_fake 0.0281,
Train Epoch: [17/30] Iters:[270/468] gen_loss -0.0301, rec_loss 0.0125, lpips_loss 0.1453, g_loss -0.0281, disc_weight 0.4000, disc_adaptive_weight 6.6927, d_loss 0.4013, logits_real 0.0255, logits_fake 0.0282,
Train Epoch: [17/30] Iters:[280/468] gen_loss -0.0336, rec_loss 0.0124, lpips_loss 0.1449, g_loss -0.0283, disc_weight 0.4000, disc_adaptive_weight 6.7480, d_loss 0.4013, logits_real 0.0258, logits_fake 0.0284,
Train Epoch: [17/30] Iters:[290/468] gen_loss -0.0346, rec_loss 0.0124, lpips_loss 0.1451, g_loss -0.0287, disc_weight 0.4000, disc_adaptive_weight 6.6959, d_loss 0.4013, logits_real 0.0260, logits_fake 0.0287,
Train Epoch: [17/30] Iters:[300/468] gen_loss -0.0285, rec_loss 0.0124, lpips_loss 0.1446, g_loss -0.0288, disc_weight 0.4000, disc_adaptive_weight 6.4279, d_loss 0.4013, logits_real 0.0264, logits_fake 0.0288,
Train Epoch: [17/30] Iters:[310/468] gen_loss -0.0250, rec_loss 0.0123, lpips_loss 0.1446, g_loss -0.0289, disc_weight 0.4000, disc_adaptive_weight 6.2911, d_loss 0.4012, logits_real 0.0265, logits_fake 0.0288,
Train Epoch: [17/30] Iters:[320/468] gen_loss -0.0274, rec_loss 0.0123, lpips_loss 0.1444, g_loss -0.0289, disc_weight 0.4000, disc_adaptive_weight 6.3547, d_loss 0.4012, logits_real 0.0266, logits_fake 0.0289,
Train Epoch: [17/30] Iters:[330/468] gen_loss -0.0318, rec_loss 0.0124, lpips_loss 0.1449, g_loss -0.0290, disc_weight 0.4000, disc_adaptive_weight 6.5144, d_loss 0.4012, logits_real 0.0266, logits_fake 0.0288,
Train Epoch: [17/30] Iters:[340/468] gen_loss -0.0337, rec_loss 0.0126, lpips_loss 0.1452, g_loss -0.0288, disc_weight 0.4000, disc_adaptive_weight 6.6301, d_loss 0.4012, logits_real 0.0268, logits_fake 0.0287,
Train Epoch: [17/30] Iters:[350/468] gen_loss -0.0428, rec_loss 0.0127, lpips_loss 0.1456, g_loss -0.0292, disc_weight 0.4000, disc_adaptive_weight 6.8755, d_loss 0.4012, logits_real 0.0267, logits_fake 0.0288,
Train Epoch: [17/30] Iters:[360/468] gen_loss -0.0481, rec_loss 0.0128, lpips_loss 0.1458, g_loss -0.0295, disc_weight 0.4000, disc_adaptive_weight 6.9609, d_loss 0.4012, logits_real 0.0269, logits_fake 0.0292,
Train Epoch: [17/30] Iters:[370/468] gen_loss -0.0468, rec_loss 0.0129, lpips_loss 0.1464, g_loss -0.0300, disc_weight 0.4000, disc_adaptive_weight 6.8421, d_loss 0.4012, logits_real 0.0272, logits_fake 0.0295,
Train Epoch: [17/30] Iters:[380/468] gen_loss -0.0407, rec_loss 0.0126, lpips_loss 0.1457, g_loss -0.0302, disc_weight 0.4000, disc_adaptive_weight 6.5497, d_loss 0.4012, logits_real 0.0277, logits_fake 0.0300,
Train Epoch: [17/30] Iters:[390/468] gen_loss -0.0291, rec_loss 0.0125, lpips_loss 0.1451, g_loss -0.0306, disc_weight 0.4000, disc_adaptive_weight 6.0737, d_loss 0.4012, logits_real 0.0278, logits_fake 0.0301,
Train Epoch: [17/30] Iters:[400/468] gen_loss -0.0325, rec_loss 0.0126, lpips_loss 0.1454, g_loss -0.0307, disc_weight 0.4000, disc_adaptive_weight 6.1512, d_loss 0.4012, logits_real 0.0281, logits_fake 0.0303,
Train Epoch: [17/30] Iters:[410/468] gen_loss -0.0350, rec_loss 0.0125, lpips_loss 0.1456, g_loss -0.0307, disc_weight 0.4000, disc_adaptive_weight 6.2448, d_loss 0.4011, logits_real 0.0283, logits_fake 0.0301,
Train Epoch: [17/30] Iters:[420/468] gen_loss -0.0454, rec_loss 0.0124, lpips_loss 0.1448, g_loss -0.0308, disc_weight 0.4000, disc_adaptive_weight 6.5384, d_loss 0.4011, logits_real 0.0282, logits_fake 0.0299,
Train Epoch: [17/30] Iters:[430/468] gen_loss -0.0505, rec_loss 0.0126, lpips_loss 0.1450, g_loss -0.0304, disc_weight 0.4000, disc_adaptive_weight 6.8111, d_loss 0.4011, logits_real 0.0276, logits_fake 0.0293,
Train Epoch: [17/30] Iters:[440/468] gen_loss -0.0643, rec_loss 0.0125, lpips_loss 0.1452, g_loss -0.0304, disc_weight 0.4000, disc_adaptive_weight 7.2525, d_loss 0.4012, logits_real 0.0273, logits_fake 0.0294,
Train Epoch: [17/30] Iters:[450/468] gen_loss -0.0703, rec_loss 0.0124, lpips_loss 0.1448, g_loss -0.0305, disc_weight 0.4000, disc_adaptive_weight 7.4336, d_loss 0.4012, logits_real 0.0274, logits_fake 0.0295,
Train Epoch: [17/30] Iters:[460/468] gen_loss -0.0701, rec_loss 0.0124, lpips_loss 0.1443, g_loss -0.0309, disc_weight 0.4000, disc_adaptive_weight 7.3254, d_loss 0.4012, logits_real 0.0279, logits_fake 0.0299,
epoch:18, cur_lr:0.000010
Train Epoch: [18/30] Iters:[10/468] gen_loss -0.0948, rec_loss 0.0129, lpips_loss 0.1468, g_loss -0.0318, disc_weight 0.4000, disc_adaptive_weight 7.9795, d_loss 0.4013, logits_real 0.0292, logits_fake 0.0317,
Train Epoch: [18/30] Iters:[20/468] gen_loss -0.0740, rec_loss 0.0128, lpips_loss 0.1459, g_loss -0.0312, disc_weight 0.4000, disc_adaptive_weight 7.4335, d_loss 0.4013, logits_real 0.0286, logits_fake 0.0311,
Train Epoch: [18/30] Iters:[30/468] gen_loss -0.0887, rec_loss 0.0129, lpips_loss 0.1462, g_loss -0.0313, disc_weight 0.4000, disc_adaptive_weight 7.9094, d_loss 0.4012, logits_real 0.0288, logits_fake 0.0311,
Train Epoch: [18/30] Iters:[40/468] gen_loss -0.0895, rec_loss 0.0128, lpips_loss 0.1456, g_loss -0.0314, disc_weight 0.4000, disc_adaptive_weight 7.8520, d_loss 0.4012, logits_real 0.0291, logits_fake 0.0314,
Train Epoch: [18/30] Iters:[50/468] gen_loss -0.1025, rec_loss 0.0128, lpips_loss 0.1455, g_loss -0.0321, disc_weight 0.4000, disc_adaptive_weight 8.0800, d_loss 0.4012, logits_real 0.0296, logits_fake 0.0318,
Train Epoch: [18/30] Iters:[60/468] gen_loss -0.1035, rec_loss 0.0127, lpips_loss 0.1451, g_loss -0.0322, disc_weight 0.4000, disc_adaptive_weight 8.0672, d_loss 0.4012, logits_real 0.0299, logits_fake 0.0323,
Train Epoch: [18/30] Iters:[70/468] gen_loss -0.1407, rec_loss 0.0127, lpips_loss 0.1454, g_loss -0.0330, disc_weight 0.4000, disc_adaptive_weight 8.9612, d_loss 0.4013, logits_real 0.0307, logits_fake 0.0333,
Train Epoch: [18/30] Iters:[80/468] gen_loss -0.1613, rec_loss 0.0127, lpips_loss 0.1454, g_loss -0.0337, disc_weight 0.4000, disc_adaptive_weight 9.3902, d_loss 0.4012, logits_real 0.0314, logits_fake 0.0338,
Train Epoch: [18/30] Iters:[90/468] gen_loss -0.1755, rec_loss 0.0128, lpips_loss 0.1462, g_loss -0.0343, disc_weight 0.4000, disc_adaptive_weight 9.7188, d_loss 0.4012, logits_real 0.0318, logits_fake 0.0342,
Train Epoch: [18/30] Iters:[100/468] gen_loss -0.1569, rec_loss 0.0128, lpips_loss 0.1465, g_loss -0.0340, disc_weight 0.4000, disc_adaptive_weight 9.2271, d_loss 0.4013, logits_real 0.0317, logits_fake 0.0342,
Train Epoch: [18/30] Iters:[110/468] gen_loss -0.1549, rec_loss 0.0129, lpips_loss 0.1465, g_loss -0.0342, disc_weight 0.4000, disc_adaptive_weight 9.1397, d_loss 0.4012, logits_real 0.0315, logits_fake 0.0338,
Train Epoch: [18/30] Iters:[120/468] gen_loss -0.1174, rec_loss 0.0128, lpips_loss 0.1457, g_loss -0.0337, disc_weight 0.4000, disc_adaptive_weight 8.1453, d_loss 0.4012, logits_real 0.0312, logits_fake 0.0333,
Train Epoch: [18/30] Iters:[130/468] gen_loss -0.0933, rec_loss 0.0127, lpips_loss 0.1458, g_loss -0.0335, disc_weight 0.4000, disc_adaptive_weight 7.5028, d_loss 0.4012, logits_real 0.0309, logits_fake 0.0332,
Train Epoch: [18/30] Iters:[140/468] gen_loss -0.0853, rec_loss 0.0127, lpips_loss 0.1459, g_loss -0.0333, disc_weight 0.4000, disc_adaptive_weight 7.3258, d_loss 0.4012, logits_real 0.0307, logits_fake 0.0331,
Train Epoch: [18/30] Iters:[150/468] gen_loss -0.0819, rec_loss 0.0127, lpips_loss 0.1459, g_loss -0.0330, disc_weight 0.4000, disc_adaptive_weight 7.2779, d_loss 0.4013, logits_real 0.0303, logits_fake 0.0328,
Train Epoch: [18/30] Iters:[160/468] gen_loss -0.0676, rec_loss 0.0126, lpips_loss 0.1459, g_loss -0.0328, disc_weight 0.4000, disc_adaptive_weight 6.8589, d_loss 0.4013, logits_real 0.0305, logits_fake 0.0331,
Train Epoch: [18/30] Iters:[170/468] gen_loss -0.0671, rec_loss 0.0126, lpips_loss 0.1461, g_loss -0.0327, disc_weight 0.4000, disc_adaptive_weight 6.8696, d_loss 0.4012, logits_real 0.0304, logits_fake 0.0330,
Train Epoch: [18/30] Iters:[180/468] gen_loss -0.0637, rec_loss 0.0126, lpips_loss 0.1458, g_loss -0.0325, disc_weight 0.4000, disc_adaptive_weight 6.8111, d_loss 0.4013, logits_real 0.0301, logits_fake 0.0329,
Train Epoch: [18/30] Iters:[190/468] gen_loss -0.0540, rec_loss 0.0125, lpips_loss 0.1454, g_loss -0.0321, disc_weight 0.4000, disc_adaptive_weight 6.5865, d_loss 0.4013, logits_real 0.0299, logits_fake 0.0327,
Train Epoch: [18/30] Iters:[200/468] gen_loss -0.0598, rec_loss 0.0125, lpips_loss 0.1448, g_loss -0.0319, disc_weight 0.4000, disc_adaptive_weight 6.8128, d_loss 0.4013, logits_real 0.0297, logits_fake 0.0325,
Train Epoch: [18/30] Iters:[210/468] gen_loss -0.0667, rec_loss 0.0125, lpips_loss 0.1450, g_loss -0.0317, disc_weight 0.4000, disc_adaptive_weight 7.0700, d_loss 0.4013, logits_real 0.0293, logits_fake 0.0320,
Train Epoch: [18/30] Iters:[220/468] gen_loss -0.0687, rec_loss 0.0126, lpips_loss 0.1455, g_loss -0.0316, disc_weight 0.4000, disc_adaptive_weight 7.1756, d_loss 0.4013, logits_real 0.0288, logits_fake 0.0317,
Train Epoch: [18/30] Iters:[230/468] gen_loss -0.0569, rec_loss 0.0126, lpips_loss 0.1452, g_loss -0.0312, disc_weight 0.4000, disc_adaptive_weight 6.8580, d_loss 0.4013, logits_real 0.0284, logits_fake 0.0314,
Train Epoch: [18/30] Iters:[240/468] gen_loss -0.0510, rec_loss 0.0126, lpips_loss 0.1451, g_loss -0.0310, disc_weight 0.4000, disc_adaptive_weight 6.7341, d_loss 0.4013, logits_real 0.0280, logits_fake 0.0310,
Train Epoch: [18/30] Iters:[250/468] gen_loss -0.0449, rec_loss 0.0125, lpips_loss 0.1446, g_loss -0.0307, disc_weight 0.4000, disc_adaptive_weight 6.5655, d_loss 0.4013, logits_real 0.0277, logits_fake 0.0306,
Train Epoch: [18/30] Iters:[260/468] gen_loss -0.0426, rec_loss 0.0125, lpips_loss 0.1446, g_loss -0.0305, disc_weight 0.4000, disc_adaptive_weight 6.5543, d_loss 0.4013, logits_real 0.0276, logits_fake 0.0304,
Train Epoch: [18/30] Iters:[270/468] gen_loss -0.0373, rec_loss 0.0125, lpips_loss 0.1444, g_loss -0.0302, disc_weight 0.4000, disc_adaptive_weight 6.4340, d_loss 0.4012, logits_real 0.0275, logits_fake 0.0302,
Train Epoch: [18/30] Iters:[280/468] gen_loss -0.0544, rec_loss 0.0126, lpips_loss 0.1446, g_loss -0.0300, disc_weight 0.4000, disc_adaptive_weight 7.0555, d_loss 0.4012, logits_real 0.0274, logits_fake 0.0299,
Train Epoch: [18/30] Iters:[290/468] gen_loss -0.0576, rec_loss 0.0126, lpips_loss 0.1447, g_loss -0.0297, disc_weight 0.4000, disc_adaptive_weight 7.2429, d_loss 0.4012, logits_real 0.0272, logits_fake 0.0297,
Train Epoch: [18/30] Iters:[300/468] gen_loss -0.0628, rec_loss 0.0126, lpips_loss 0.1451, g_loss -0.0295, disc_weight 0.4000, disc_adaptive_weight 7.5038, d_loss 0.4012, logits_real 0.0269, logits_fake 0.0294,
Train Epoch: [18/30] Iters:[310/468] gen_loss -0.0661, rec_loss 0.0127, lpips_loss 0.1455, g_loss -0.0291, disc_weight 0.4000, disc_adaptive_weight 7.7231, d_loss 0.4012, logits_real 0.0265, logits_fake 0.0290,
Train Epoch: [18/30] Iters:[320/468] gen_loss -0.0709, rec_loss 0.0127, lpips_loss 0.1458, g_loss -0.0285, disc_weight 0.4000, disc_adaptive_weight 8.0333, d_loss 0.4012, logits_real 0.0260, logits_fake 0.0285,
Train Epoch: [18/30] Iters:[330/468] gen_loss -0.0659, rec_loss 0.0128, lpips_loss 0.1459, g_loss -0.0280, disc_weight 0.4000, disc_adaptive_weight 8.0104, d_loss 0.4012, logits_real 0.0256, logits_fake 0.0278,
Train Epoch: [18/30] Iters:[340/468] gen_loss -0.0553, rec_loss 0.0127, lpips_loss 0.1456, g_loss -0.0275, disc_weight 0.4000, disc_adaptive_weight 7.7407, d_loss 0.4012, logits_real 0.0252, logits_fake 0.0275,
Train Epoch: [18/30] Iters:[350/468] gen_loss -0.0538, rec_loss 0.0128, lpips_loss 0.1461, g_loss -0.0275, disc_weight 0.4000, disc_adaptive_weight 7.7050, d_loss 0.4012, logits_real 0.0251, logits_fake 0.0273,
Train Epoch: [18/30] Iters:[360/468] gen_loss -0.0475, rec_loss 0.0127, lpips_loss 0.1459, g_loss -0.0275, disc_weight 0.4000, disc_adaptive_weight 7.4842, d_loss 0.4012, logits_real 0.0248, logits_fake 0.0272,
Train Epoch: [18/30] Iters:[370/468] gen_loss -0.0507, rec_loss 0.0127, lpips_loss 0.1461, g_loss -0.0278, disc_weight 0.4000, disc_adaptive_weight 7.5173, d_loss 0.4012, logits_real 0.0250, logits_fake 0.0274,
Train Epoch: [18/30] Iters:[380/468] gen_loss -0.0464, rec_loss 0.0126, lpips_loss 0.1462, g_loss -0.0284, disc_weight 0.4000, disc_adaptive_weight 7.1954, d_loss 0.4013, logits_real 0.0255, logits_fake 0.0283,
Train Epoch: [18/30] Iters:[390/468] gen_loss -0.0856, rec_loss 0.0127, lpips_loss 0.1466, g_loss -0.0294, disc_weight 0.4000, disc_adaptive_weight 8.2791, d_loss 0.4012, logits_real 0.0262, logits_fake 0.0288,
Train Epoch: [18/30] Iters:[400/468] gen_loss -0.0997, rec_loss 0.0126, lpips_loss 0.1464, g_loss -0.0303, disc_weight 0.4000, disc_adaptive_weight 8.4817, d_loss 0.4013, logits_real 0.0271, logits_fake 0.0300,
Train Epoch: [18/30] Iters:[410/468] gen_loss -0.1093, rec_loss 0.0128, lpips_loss 0.1463, g_loss -0.0315, disc_weight 0.4000, disc_adaptive_weight 8.5176, d_loss 0.4013, logits_real 0.0285, logits_fake 0.0312,
Train Epoch: [18/30] Iters:[420/468] gen_loss -0.1053, rec_loss 0.0128, lpips_loss 0.1461, g_loss -0.0326, disc_weight 0.4000, disc_adaptive_weight 8.1322, d_loss 0.4012, logits_real 0.0297, logits_fake 0.0322,
Train Epoch: [18/30] Iters:[430/468] gen_loss -0.1074, rec_loss 0.0128, lpips_loss 0.1459, g_loss -0.0333, disc_weight 0.4000, disc_adaptive_weight 8.0276, d_loss 0.4012, logits_real 0.0305, logits_fake 0.0331,
Train Epoch: [18/30] Iters:[440/468] gen_loss -0.0842, rec_loss 0.0128, lpips_loss 0.1460, g_loss -0.0340, disc_weight 0.4000, disc_adaptive_weight 7.1395, d_loss 0.4013, logits_real 0.0312, logits_fake 0.0339,
Train Epoch: [18/30] Iters:[450/468] gen_loss -0.0756, rec_loss 0.0128, lpips_loss 0.1460, g_loss -0.0342, disc_weight 0.4000, disc_adaptive_weight 6.8399, d_loss 0.4012, logits_real 0.0316, logits_fake 0.0340,
Train Epoch: [18/30] Iters:[460/468] gen_loss -0.0814, rec_loss 0.0127, lpips_loss 0.1455, g_loss -0.0339, disc_weight 0.4000, disc_adaptive_weight 7.0412, d_loss 0.4012, logits_real 0.0313, logits_fake 0.0340,
epoch:19, cur_lr:0.000010
Train Epoch: [19/30] Iters:[10/468] gen_loss -0.0698, rec_loss 0.0131, lpips_loss 0.1471, g_loss -0.0318, disc_weight 0.4000, disc_adaptive_weight 7.1890, d_loss 0.4012, logits_real 0.0292, logits_fake 0.0320,
Train Epoch: [19/30] Iters:[20/468] gen_loss -0.0724, rec_loss 0.0128, lpips_loss 0.1456, g_loss -0.0313, disc_weight 0.4000, disc_adaptive_weight 7.3386, d_loss 0.4012, logits_real 0.0286, logits_fake 0.0312,
Train Epoch: [19/30] Iters:[30/468] gen_loss -0.0633, rec_loss 0.0127, lpips_loss 0.1450, g_loss -0.0308, disc_weight 0.4000, disc_adaptive_weight 7.1634, d_loss 0.4012, logits_real 0.0281, logits_fake 0.0308,
Train Epoch: [19/30] Iters:[40/468] gen_loss -0.0611, rec_loss 0.0127, lpips_loss 0.1451, g_loss -0.0306, disc_weight 0.4000, disc_adaptive_weight 7.1490, d_loss 0.4012, logits_real 0.0282, logits_fake 0.0308,
Train Epoch: [19/30] Iters:[50/468] gen_loss -0.0665, rec_loss 0.0127, lpips_loss 0.1449, g_loss -0.0305, disc_weight 0.4000, disc_adaptive_weight 7.3333, d_loss 0.4012, logits_real 0.0281, logits_fake 0.0306,
Train Epoch: [19/30] Iters:[60/468] gen_loss -0.0721, rec_loss 0.0127, lpips_loss 0.1446, g_loss -0.0304, disc_weight 0.4000, disc_adaptive_weight 7.5568, d_loss 0.4012, logits_real 0.0280, logits_fake 0.0305,
Train Epoch: [19/30] Iters:[70/468] gen_loss -0.0754, rec_loss 0.0127, lpips_loss 0.1447, g_loss -0.0306, disc_weight 0.4000, disc_adaptive_weight 7.6060, d_loss 0.4012, logits_real 0.0283, logits_fake 0.0307,
Train Epoch: [19/30] Iters:[80/468] gen_loss -0.0922, rec_loss 0.0126, lpips_loss 0.1447, g_loss -0.0311, disc_weight 0.4000, disc_adaptive_weight 8.0044, d_loss 0.4012, logits_real 0.0287, logits_fake 0.0311,
Train Epoch: [19/30] Iters:[90/468] gen_loss -0.0971, rec_loss 0.0126, lpips_loss 0.1449, g_loss -0.0315, disc_weight 0.4000, disc_adaptive_weight 8.0903, d_loss 0.4012, logits_real 0.0289, logits_fake 0.0313,
Train Epoch: [19/30] Iters:[100/468] gen_loss -0.1043, rec_loss 0.0126, lpips_loss 0.1455, g_loss -0.0317, disc_weight 0.4000, disc_adaptive_weight 8.2753, d_loss 0.4012, logits_real 0.0291, logits_fake 0.0316,
Train Epoch: [19/30] Iters:[110/468] gen_loss -0.1060, rec_loss 0.0125, lpips_loss 0.1456, g_loss -0.0315, disc_weight 0.4000, disc_adaptive_weight 8.3957, d_loss 0.4012, logits_real 0.0289, logits_fake 0.0314,
Train Epoch: [19/30] Iters:[120/468] gen_loss -0.0998, rec_loss 0.0126, lpips_loss 0.1460, g_loss -0.0311, disc_weight 0.4000, disc_adaptive_weight 8.3296, d_loss 0.4012, logits_real 0.0284, logits_fake 0.0308,
Train Epoch: [19/30] Iters:[130/468] gen_loss -0.0787, rec_loss 0.0128, lpips_loss 0.1464, g_loss -0.0303, disc_weight 0.4000, disc_adaptive_weight 7.8466, d_loss 0.4012, logits_real 0.0277, logits_fake 0.0302,
Train Epoch: [19/30] Iters:[140/468] gen_loss -0.0691, rec_loss 0.0127, lpips_loss 0.1461, g_loss -0.0295, disc_weight 0.4000, disc_adaptive_weight 7.7150, d_loss 0.4012, logits_real 0.0271, logits_fake 0.0296,
Train Epoch: [19/30] Iters:[150/468] gen_loss -0.0531, rec_loss 0.0126, lpips_loss 0.1453, g_loss -0.0288, disc_weight 0.4000, disc_adaptive_weight 7.3328, d_loss 0.4012, logits_real 0.0264, logits_fake 0.0290,
Train Epoch: [19/30] Iters:[160/468] gen_loss -0.0390, rec_loss 0.0126, lpips_loss 0.1454, g_loss -0.0283, disc_weight 0.4000, disc_adaptive_weight 6.9533, d_loss 0.4012, logits_real 0.0259, logits_fake 0.0284,
Train Epoch: [19/30] Iters:[170/468] gen_loss -0.0397, rec_loss 0.0126, lpips_loss 0.1453, g_loss -0.0278, disc_weight 0.4000, disc_adaptive_weight 7.1010, d_loss 0.4012, logits_real 0.0255, logits_fake 0.0281,
Train Epoch: [19/30] Iters:[180/468] gen_loss -0.0429, rec_loss 0.0126, lpips_loss 0.1454, g_loss -0.0277, disc_weight 0.4000, disc_adaptive_weight 7.2666, d_loss 0.4012, logits_real 0.0254, logits_fake 0.0280,
Train Epoch: [19/30] Iters:[190/468] gen_loss -0.0453, rec_loss 0.0125, lpips_loss 0.1451, g_loss -0.0275, disc_weight 0.4000, disc_adaptive_weight 7.3766, d_loss 0.4012, logits_real 0.0250, logits_fake 0.0277,
Train Epoch: [19/30] Iters:[200/468] gen_loss -0.0491, rec_loss 0.0126, lpips_loss 0.1453, g_loss -0.0273, disc_weight 0.4000, disc_adaptive_weight 7.6029, d_loss 0.4012, logits_real 0.0248, logits_fake 0.0274,
Train Epoch: [19/30] Iters:[210/468] gen_loss -0.0461, rec_loss 0.0127, lpips_loss 0.1454, g_loss -0.0271, disc_weight 0.4000, disc_adaptive_weight 7.5327, d_loss 0.4012, logits_real 0.0247, logits_fake 0.0273,
Train Epoch: [19/30] Iters:[220/468] gen_loss -0.0361, rec_loss 0.0126, lpips_loss 0.1452, g_loss -0.0273, disc_weight 0.4000, disc_adaptive_weight 7.1291, d_loss 0.4012, logits_real 0.0247, logits_fake 0.0275,
Train Epoch: [19/30] Iters:[230/468] gen_loss -0.0349, rec_loss 0.0126, lpips_loss 0.1450, g_loss -0.0274, disc_weight 0.4000, disc_adaptive_weight 7.0636, d_loss 0.4012, logits_real 0.0248, logits_fake 0.0276,
Train Epoch: [19/30] Iters:[240/468] gen_loss -0.0405, rec_loss 0.0126, lpips_loss 0.1450, g_loss -0.0277, disc_weight 0.4000, disc_adaptive_weight 7.1587, d_loss 0.4012, logits_real 0.0253, logits_fake 0.0279,
Train Epoch: [19/30] Iters:[250/468] gen_loss -0.0386, rec_loss 0.0127, lpips_loss 0.1449, g_loss -0.0281, disc_weight 0.4000, disc_adaptive_weight 6.9724, d_loss 0.4012, logits_real 0.0257, logits_fake 0.0283,
Train Epoch: [19/30] Iters:[260/468] gen_loss -0.0374, rec_loss 0.0125, lpips_loss 0.1446, g_loss -0.0281, disc_weight 0.4000, disc_adaptive_weight 6.9043, d_loss 0.4012, logits_real 0.0259, logits_fake 0.0283,
Train Epoch: [19/30] Iters:[270/468] gen_loss -0.0426, rec_loss 0.0127, lpips_loss 0.1451, g_loss -0.0281, disc_weight 0.4000, disc_adaptive_weight 7.1176, d_loss 0.4011, logits_real 0.0259, logits_fake 0.0282,
Train Epoch: [19/30] Iters:[280/468] gen_loss -0.0397, rec_loss 0.0125, lpips_loss 0.1448, g_loss -0.0279, disc_weight 0.4000, disc_adaptive_weight 7.0281, d_loss 0.4011, logits_real 0.0259, logits_fake 0.0281,
Train Epoch: [19/30] Iters:[290/468] gen_loss -0.0418, rec_loss 0.0126, lpips_loss 0.1450, g_loss -0.0280, disc_weight 0.4000, disc_adaptive_weight 7.1033, d_loss 0.4012, logits_real 0.0258, logits_fake 0.0283,
Train Epoch: [19/30] Iters:[300/468] gen_loss -0.0448, rec_loss 0.0126, lpips_loss 0.1454, g_loss -0.0283, disc_weight 0.4000, disc_adaptive_weight 7.1456, d_loss 0.4011, logits_real 0.0262, logits_fake 0.0285,
Train Epoch: [19/30] Iters:[310/468] gen_loss -0.0590, rec_loss 0.0127, lpips_loss 0.1458, g_loss -0.0289, disc_weight 0.4000, disc_adaptive_weight 7.5031, d_loss 0.4012, logits_real 0.0266, logits_fake 0.0290,
Train Epoch: [19/30] Iters:[320/468] gen_loss -0.0549, rec_loss 0.0126, lpips_loss 0.1453, g_loss -0.0294, disc_weight 0.4000, disc_adaptive_weight 7.2360, d_loss 0.4012, logits_real 0.0271, logits_fake 0.0296,
Train Epoch: [19/30] Iters:[330/468] gen_loss -0.0581, rec_loss 0.0127, lpips_loss 0.1454, g_loss -0.0301, disc_weight 0.4000, disc_adaptive_weight 7.2042, d_loss 0.4012, logits_real 0.0277, logits_fake 0.0301,
Train Epoch: [19/30] Iters:[340/468] gen_loss -0.0746, rec_loss 0.0127, lpips_loss 0.1456, g_loss -0.0307, disc_weight 0.4000, disc_adaptive_weight 7.5851, d_loss 0.4011, logits_real 0.0282, logits_fake 0.0305,
Train Epoch: [19/30] Iters:[350/468] gen_loss -0.0752, rec_loss 0.0128, lpips_loss 0.1457, g_loss -0.0308, disc_weight 0.4000, disc_adaptive_weight 7.5725, d_loss 0.4012, logits_real 0.0284, logits_fake 0.0308,
Train Epoch: [19/30] Iters:[360/468] gen_loss -0.0736, rec_loss 0.0128, lpips_loss 0.1455, g_loss -0.0309, disc_weight 0.4000, disc_adaptive_weight 7.4921, d_loss 0.4011, logits_real 0.0285, logits_fake 0.0309,
Train Epoch: [19/30] Iters:[370/468] gen_loss -0.0881, rec_loss 0.0128, lpips_loss 0.1456, g_loss -0.0307, disc_weight 0.4000, disc_adaptive_weight 8.0136, d_loss 0.4012, logits_real 0.0283, logits_fake 0.0308,
Train Epoch: [19/30] Iters:[380/468] gen_loss -0.0891, rec_loss 0.0129, lpips_loss 0.1458, g_loss -0.0306, disc_weight 0.4000, disc_adaptive_weight 8.0898, d_loss 0.4012, logits_real 0.0281, logits_fake 0.0307,
Train Epoch: [19/30] Iters:[390/468] gen_loss -0.0704, rec_loss 0.0130, lpips_loss 0.1456, g_loss -0.0301, disc_weight 0.4000, disc_adaptive_weight 7.5876, d_loss 0.4012, logits_real 0.0278, logits_fake 0.0304,
Train Epoch: [19/30] Iters:[400/468] gen_loss -0.0648, rec_loss 0.0128, lpips_loss 0.1457, g_loss -0.0299, disc_weight 0.4000, disc_adaptive_weight 7.4825, d_loss 0.4011, logits_real 0.0275, logits_fake 0.0299,
Train Epoch: [19/30] Iters:[410/468] gen_loss -0.0616, rec_loss 0.0128, lpips_loss 0.1461, g_loss -0.0297, disc_weight 0.4000, disc_adaptive_weight 7.4405, d_loss 0.4012, logits_real 0.0272, logits_fake 0.0297,
Train Epoch: [19/30] Iters:[420/468] gen_loss -0.0652, rec_loss 0.0129, lpips_loss 0.1463, g_loss -0.0294, disc_weight 0.4000, disc_adaptive_weight 7.6520, d_loss 0.4012, logits_real 0.0271, logits_fake 0.0295,
Train Epoch: [19/30] Iters:[430/468] gen_loss -0.0774, rec_loss 0.0128, lpips_loss 0.1458, g_loss -0.0289, disc_weight 0.4000, disc_adaptive_weight 8.2182, d_loss 0.4012, logits_real 0.0266, logits_fake 0.0292,
Train Epoch: [19/30] Iters:[440/468] gen_loss -0.0638, rec_loss 0.0127, lpips_loss 0.1460, g_loss -0.0282, disc_weight 0.4000, disc_adaptive_weight 7.9193, d_loss 0.4012, logits_real 0.0258, logits_fake 0.0284,
Train Epoch: [19/30] Iters:[450/468] gen_loss -0.0640, rec_loss 0.0127, lpips_loss 0.1458, g_loss -0.0274, disc_weight 0.4000, disc_adaptive_weight 8.1041, d_loss 0.4013, logits_real 0.0250, logits_fake 0.0279,
Train Epoch: [19/30] Iters:[460/468] gen_loss -0.0592, rec_loss 0.0127, lpips_loss 0.1456, g_loss -0.0267, disc_weight 0.4000, disc_adaptive_weight 8.1066, d_loss 0.4012, logits_real 0.0244, logits_fake 0.0272,
epoch:20, cur_lr:0.000010
Train Epoch: [20/30] Iters:[10/468] gen_loss -0.0458, rec_loss 0.0128, lpips_loss 0.1479, g_loss -0.0280, disc_weight 0.4000, disc_adaptive_weight 7.3637, d_loss 0.4012, logits_real 0.0257, logits_fake 0.0283,
Train Epoch: [20/30] Iters:[20/468] gen_loss -0.0542, rec_loss 0.0128, lpips_loss 0.1462, g_loss -0.0285, disc_weight 0.4000, disc_adaptive_weight 7.4726, d_loss 0.4011, logits_real 0.0262, logits_fake 0.0285,
Train Epoch: [20/30] Iters:[30/468] gen_loss -0.0465, rec_loss 0.0127, lpips_loss 0.1456, g_loss -0.0285, disc_weight 0.4000, disc_adaptive_weight 7.1868, d_loss 0.4011, logits_real 0.0262, logits_fake 0.0286,
Train Epoch: [20/30] Iters:[40/468] gen_loss -0.0525, rec_loss 0.0129, lpips_loss 0.1459, g_loss -0.0283, disc_weight 0.4000, disc_adaptive_weight 7.4584, d_loss 0.4011, logits_real 0.0262, logits_fake 0.0285,
Train Epoch: [20/30] Iters:[50/468] gen_loss -0.0624, rec_loss 0.0129, lpips_loss 0.1459, g_loss -0.0282, disc_weight 0.4000, disc_adaptive_weight 7.8411, d_loss 0.4011, logits_real 0.0259, logits_fake 0.0283,
Train Epoch: [20/30] Iters:[60/468] gen_loss -0.0629, rec_loss 0.0131, lpips_loss 0.1459, g_loss -0.0282, disc_weight 0.4000, disc_adaptive_weight 7.8647, d_loss 0.4011, logits_real 0.0258, logits_fake 0.0283,
Train Epoch: [20/30] Iters:[70/468] gen_loss -0.0567, rec_loss 0.0131, lpips_loss 0.1466, g_loss -0.0282, disc_weight 0.4000, disc_adaptive_weight 7.6916, d_loss 0.4011, logits_real 0.0257, logits_fake 0.0283,
Train Epoch: [20/30] Iters:[80/468] gen_loss -0.0604, rec_loss 0.0131, lpips_loss 0.1468, g_loss -0.0282, disc_weight 0.4000, disc_adaptive_weight 7.8151, d_loss 0.4012, logits_real 0.0256, logits_fake 0.0282,
Train Epoch: [20/30] Iters:[90/468] gen_loss -0.0553, rec_loss 0.0130, lpips_loss 0.1470, g_loss -0.0284, disc_weight 0.4000, disc_adaptive_weight 7.5949, d_loss 0.4012, logits_real 0.0256, logits_fake 0.0283,
Train Epoch: [20/30] Iters:[100/468] gen_loss -0.0477, rec_loss 0.0131, lpips_loss 0.1471, g_loss -0.0286, disc_weight 0.4000, disc_adaptive_weight 7.2784, d_loss 0.4012, logits_real 0.0259, logits_fake 0.0286,
Train Epoch: [20/30] Iters:[110/468] gen_loss -0.0613, rec_loss 0.0130, lpips_loss 0.1468, g_loss -0.0288, disc_weight 0.4000, disc_adaptive_weight 7.6688, d_loss 0.4012, logits_real 0.0262, logits_fake 0.0288,
Train Epoch: [20/30] Iters:[120/468] gen_loss -0.0726, rec_loss 0.0131, lpips_loss 0.1469, g_loss -0.0290, disc_weight 0.4000, disc_adaptive_weight 8.0230, d_loss 0.4011, logits_real 0.0264, logits_fake 0.0289,
Train Epoch: [20/30] Iters:[130/468] gen_loss -0.0714, rec_loss 0.0131, lpips_loss 0.1466, g_loss -0.0292, disc_weight 0.4000, disc_adaptive_weight 7.9161, d_loss 0.4011, logits_real 0.0267, logits_fake 0.0291,
Train Epoch: [20/30] Iters:[140/468] gen_loss -0.0703, rec_loss 0.0129, lpips_loss 0.1458, g_loss -0.0293, disc_weight 0.4000, disc_adaptive_weight 7.8257, d_loss 0.4011, logits_real 0.0269, logits_fake 0.0293,
Train Epoch: [20/30] Iters:[150/468] gen_loss -0.0706, rec_loss 0.0127, lpips_loss 0.1453, g_loss -0.0293, disc_weight 0.4000, disc_adaptive_weight 7.8111, d_loss 0.4011, logits_real 0.0268, logits_fake 0.0293,
Train Epoch: [20/30] Iters:[160/468] gen_loss -0.0539, rec_loss 0.0128, lpips_loss 0.1456, g_loss -0.0291, disc_weight 0.4000, disc_adaptive_weight 7.2880, d_loss 0.4011, logits_real 0.0266, logits_fake 0.0290,
Train Epoch: [20/30] Iters:[170/468] gen_loss -0.0583, rec_loss 0.0125, lpips_loss 0.1447, g_loss -0.0291, disc_weight 0.4000, disc_adaptive_weight 7.4233, d_loss 0.4011, logits_real 0.0265, logits_fake 0.0291,
Train Epoch: [20/30] Iters:[180/468] gen_loss -0.0835, rec_loss 0.0127, lpips_loss 0.1453, g_loss -0.0291, disc_weight 0.4000, disc_adaptive_weight 8.2801, d_loss 0.4011, logits_real 0.0265, logits_fake 0.0291,
Train Epoch: [20/30] Iters:[190/468] gen_loss -0.0872, rec_loss 0.0128, lpips_loss 0.1459, g_loss -0.0292, disc_weight 0.4000, disc_adaptive_weight 8.3935, d_loss 0.4011, logits_real 0.0267, logits_fake 0.0292,
Train Epoch: [20/30] Iters:[200/468] gen_loss -0.0826, rec_loss 0.0128, lpips_loss 0.1461, g_loss -0.0295, disc_weight 0.4000, disc_adaptive_weight 8.1781, d_loss 0.4011, logits_real 0.0270, logits_fake 0.0295,
Train Epoch: [20/30] Iters:[210/468] gen_loss -0.0961, rec_loss 0.0127, lpips_loss 0.1457, g_loss -0.0298, disc_weight 0.4000, disc_adaptive_weight 8.5500, d_loss 0.4011, logits_real 0.0273, logits_fake 0.0298,
Train Epoch: [20/30] Iters:[220/468] gen_loss -0.0803, rec_loss 0.0127, lpips_loss 0.1461, g_loss -0.0297, disc_weight 0.4000, disc_adaptive_weight 8.0356, d_loss 0.4011, logits_real 0.0273, logits_fake 0.0297,
Train Epoch: [20/30] Iters:[230/468] gen_loss -0.0568, rec_loss 0.0126, lpips_loss 0.1459, g_loss -0.0293, disc_weight 0.4000, disc_adaptive_weight 7.3449, d_loss 0.4011, logits_real 0.0268, logits_fake 0.0293,
Train Epoch: [20/30] Iters:[240/468] gen_loss -0.0565, rec_loss 0.0124, lpips_loss 0.1454, g_loss -0.0287, disc_weight 0.4000, disc_adaptive_weight 7.4557, d_loss 0.4011, logits_real 0.0263, logits_fake 0.0287,
Train Epoch: [20/30] Iters:[250/468] gen_loss -0.0515, rec_loss 0.0125, lpips_loss 0.1453, g_loss -0.0281, disc_weight 0.4000, disc_adaptive_weight 7.4233, d_loss 0.4011, logits_real 0.0258, logits_fake 0.0283,
Train Epoch: [20/30] Iters:[260/468] gen_loss -0.0408, rec_loss 0.0126, lpips_loss 0.1451, g_loss -0.0279, disc_weight 0.4000, disc_adaptive_weight 7.1183, d_loss 0.4011, logits_real 0.0255, logits_fake 0.0280,
Train Epoch: [20/30] Iters:[270/468] gen_loss -0.0440, rec_loss 0.0125, lpips_loss 0.1449, g_loss -0.0280, disc_weight 0.4000, disc_adaptive_weight 7.1772, d_loss 0.4011, logits_real 0.0256, logits_fake 0.0279,
Train Epoch: [20/30] Iters:[280/468] gen_loss -0.0464, rec_loss 0.0126, lpips_loss 0.1453, g_loss -0.0284, disc_weight 0.4000, disc_adaptive_weight 7.1752, d_loss 0.4011, logits_real 0.0260, logits_fake 0.0284,
Train Epoch: [20/30] Iters:[290/468] gen_loss -0.0430, rec_loss 0.0127, lpips_loss 0.1455, g_loss -0.0287, disc_weight 0.4000, disc_adaptive_weight 6.9880, d_loss 0.4011, logits_real 0.0263, logits_fake 0.0289,
Train Epoch: [20/30] Iters:[300/468] gen_loss -0.0491, rec_loss 0.0128, lpips_loss 0.1459, g_loss -0.0291, disc_weight 0.4000, disc_adaptive_weight 7.1291, d_loss 0.4012, logits_real 0.0265, logits_fake 0.0292,
Train Epoch: [20/30] Iters:[310/468] gen_loss -0.0488, rec_loss 0.0128, lpips_loss 0.1462, g_loss -0.0291, disc_weight 0.4000, disc_adaptive_weight 7.1115, d_loss 0.4012, logits_real 0.0265, logits_fake 0.0293,
Train Epoch: [20/30] Iters:[320/468] gen_loss -0.0541, rec_loss 0.0129, lpips_loss 0.1463, g_loss -0.0291, disc_weight 0.4000, disc_adaptive_weight 7.3258, d_loss 0.4012, logits_real 0.0266, logits_fake 0.0293,
Train Epoch: [20/30] Iters:[330/468] gen_loss -0.0479, rec_loss 0.0129, lpips_loss 0.1462, g_loss -0.0291, disc_weight 0.4000, disc_adaptive_weight 7.1167, d_loss 0.4012, logits_real 0.0266, logits_fake 0.0293,
Train Epoch: [20/30] Iters:[340/468] gen_loss -0.0432, rec_loss 0.0129, lpips_loss 0.1463, g_loss -0.0294, disc_weight 0.4000, disc_adaptive_weight 6.8955, d_loss 0.4011, logits_real 0.0267, logits_fake 0.0292,
Train Epoch: [20/30] Iters:[350/468] gen_loss -0.0445, rec_loss 0.0127, lpips_loss 0.1456, g_loss -0.0296, disc_weight 0.4000, disc_adaptive_weight 6.8674, d_loss 0.4011, logits_real 0.0270, logits_fake 0.0295,
Train Epoch: [20/30] Iters:[360/468] gen_loss -0.0447, rec_loss 0.0126, lpips_loss 0.1453, g_loss -0.0300, disc_weight 0.4000, disc_adaptive_weight 6.7734, d_loss 0.4011, logits_real 0.0275, logits_fake 0.0298,
Train Epoch: [20/30] Iters:[370/468] gen_loss -0.0466, rec_loss 0.0124, lpips_loss 0.1450, g_loss -0.0303, disc_weight 0.4000, disc_adaptive_weight 6.7410, d_loss 0.4011, logits_real 0.0280, logits_fake 0.0302,
Train Epoch: [20/30] Iters:[380/468] gen_loss -0.0441, rec_loss 0.0124, lpips_loss 0.1449, g_loss -0.0303, disc_weight 0.4000, disc_adaptive_weight 6.6459, d_loss 0.4011, logits_real 0.0281, logits_fake 0.0304,
Train Epoch: [20/30] Iters:[390/468] gen_loss -0.0583, rec_loss 0.0124, lpips_loss 0.1447, g_loss -0.0303, disc_weight 0.4000, disc_adaptive_weight 7.0990, d_loss 0.4011, logits_real 0.0281, logits_fake 0.0305,
Train Epoch: [20/30] Iters:[400/468] gen_loss -0.0626, rec_loss 0.0124, lpips_loss 0.1447, g_loss -0.0301, disc_weight 0.4000, disc_adaptive_weight 7.2968, d_loss 0.4011, logits_real 0.0280, logits_fake 0.0303,
Train Epoch: [20/30] Iters:[410/468] gen_loss -0.0816, rec_loss 0.0124, lpips_loss 0.1449, g_loss -0.0299, disc_weight 0.4000, disc_adaptive_weight 7.9730, d_loss 0.4011, logits_real 0.0277, logits_fake 0.0300,
Train Epoch: [20/30] Iters:[420/468] gen_loss -0.0835, rec_loss 0.0126, lpips_loss 0.1452, g_loss -0.0298, disc_weight 0.4000, disc_adaptive_weight 8.0767, d_loss 0.4011, logits_real 0.0276, logits_fake 0.0299,
Train Epoch: [20/30] Iters:[430/468] gen_loss -0.1011, rec_loss 0.0126, lpips_loss 0.1454, g_loss -0.0300, disc_weight 0.4000, disc_adaptive_weight 8.6381, d_loss 0.4010, logits_real 0.0276, logits_fake 0.0298,
Train Epoch: [20/30] Iters:[440/468] gen_loss -0.1087, rec_loss 0.0126, lpips_loss 0.1459, g_loss -0.0299, disc_weight 0.4000, disc_adaptive_weight 8.9151, d_loss 0.4011, logits_real 0.0278, logits_fake 0.0300,
Train Epoch: [20/30] Iters:[450/468] gen_loss -0.1239, rec_loss 0.0128, lpips_loss 0.1464, g_loss -0.0304, disc_weight 0.4000, disc_adaptive_weight 9.3040, d_loss 0.4011, logits_real 0.0281, logits_fake 0.0304,
Train Epoch: [20/30] Iters:[460/468] gen_loss -0.1114, rec_loss 0.0126, lpips_loss 0.1459, g_loss -0.0305, disc_weight 0.4000, disc_adaptive_weight 8.8335, d_loss 0.4011, logits_real 0.0282, logits_fake 0.0306,
Loading pretrained model LPIPS from /home/sunset/.cache/torch/hub/pyiqa/LPIPS_v0.1_alex-df73285e.pth
epoch:21, cur_lr:0.000010
Train Epoch: [21/30] Iters:[10/468] gen_loss -0.0668, rec_loss 0.0128, lpips_loss 0.1469, g_loss -0.0308, disc_weight 0.4000, disc_adaptive_weight 7.3564, d_loss 0.4012, logits_real 0.0284, logits_fake 0.0311,
Train Epoch: [21/30] Iters:[20/468] gen_loss -0.0974, rec_loss 0.0125, lpips_loss 0.1468, g_loss -0.0305, disc_weight 0.4000, disc_adaptive_weight 8.4364, d_loss 0.4011, logits_real 0.0279, logits_fake 0.0305,
Train Epoch: [21/30] Iters:[30/468] gen_loss -0.0912, rec_loss 0.0128, lpips_loss 0.1469, g_loss -0.0302, disc_weight 0.4000, disc_adaptive_weight 8.3111, d_loss 0.4011, logits_real 0.0277, logits_fake 0.0302,
Train Epoch: [21/30] Iters:[40/468] gen_loss -0.0753, rec_loss 0.0127, lpips_loss 0.1464, g_loss -0.0301, disc_weight 0.4000, disc_adaptive_weight 7.8032, d_loss 0.4011, logits_real 0.0276, logits_fake 0.0301,
Train Epoch: [21/30] Iters:[50/468] gen_loss -0.0679, rec_loss 0.0128, lpips_loss 0.1463, g_loss -0.0298, disc_weight 0.4000, disc_adaptive_weight 7.6136, d_loss 0.4011, logits_real 0.0274, logits_fake 0.0298,
Train Epoch: [21/30] Iters:[60/468] gen_loss -0.0701, rec_loss 0.0127, lpips_loss 0.1462, g_loss -0.0296, disc_weight 0.4000, disc_adaptive_weight 7.7472, d_loss 0.4011, logits_real 0.0271, logits_fake 0.0294,
Train Epoch: [21/30] Iters:[70/468] gen_loss -0.0625, rec_loss 0.0128, lpips_loss 0.1454, g_loss -0.0295, disc_weight 0.4000, disc_adaptive_weight 7.4932, d_loss 0.4011, logits_real 0.0270, logits_fake 0.0295,
Train Epoch: [21/30] Iters:[80/468] gen_loss -0.0714, rec_loss 0.0126, lpips_loss 0.1450, g_loss -0.0296, disc_weight 0.4000, disc_adaptive_weight 7.7599, d_loss 0.4011, logits_real 0.0271, logits_fake 0.0295,
Train Epoch: [21/30] Iters:[90/468] gen_loss -0.0737, rec_loss 0.0127, lpips_loss 0.1451, g_loss -0.0297, disc_weight 0.4000, disc_adaptive_weight 7.8122, d_loss 0.4011, logits_real 0.0273, logits_fake 0.0297,
Train Epoch: [21/30] Iters:[100/468] gen_loss -0.0739, rec_loss 0.0126, lpips_loss 0.1451, g_loss -0.0304, disc_weight 0.4000, disc_adaptive_weight 7.6643, d_loss 0.4011, logits_real 0.0280, logits_fake 0.0304,
Train Epoch: [21/30] Iters:[110/468] gen_loss -0.0773, rec_loss 0.0126, lpips_loss 0.1452, g_loss -0.0314, disc_weight 0.4000, disc_adaptive_weight 7.5529, d_loss 0.4011, logits_real 0.0289, logits_fake 0.0311,
Train Epoch: [21/30] Iters:[120/468] gen_loss -0.0733, rec_loss 0.0126, lpips_loss 0.1456, g_loss -0.0322, disc_weight 0.4000, disc_adaptive_weight 7.2545, d_loss 0.4010, logits_real 0.0298, logits_fake 0.0318,
Train Epoch: [21/30] Iters:[130/468] gen_loss -0.0675, rec_loss 0.0126, lpips_loss 0.1448, g_loss -0.0328, disc_weight 0.4000, disc_adaptive_weight 6.8864, d_loss 0.4010, logits_real 0.0301, logits_fake 0.0323,
Train Epoch: [21/30] Iters:[140/468] gen_loss -0.0671, rec_loss 0.0126, lpips_loss 0.1446, g_loss -0.0328, disc_weight 0.4000, disc_adaptive_weight 6.8641, d_loss 0.4011, logits_real 0.0300, logits_fake 0.0323,
Train Epoch: [21/30] Iters:[150/468] gen_loss -0.0688, rec_loss 0.0125, lpips_loss 0.1446, g_loss -0.0322, disc_weight 0.4000, disc_adaptive_weight 7.0695, d_loss 0.4011, logits_real 0.0294, logits_fake 0.0319,
Train Epoch: [21/30] Iters:[160/468] gen_loss -0.0612, rec_loss 0.0125, lpips_loss 0.1442, g_loss -0.0311, disc_weight 0.4000, disc_adaptive_weight 7.0621, d_loss 0.4011, logits_real 0.0285, logits_fake 0.0309,
Train Epoch: [21/30] Iters:[170/468] gen_loss -0.0573, rec_loss 0.0125, lpips_loss 0.1443, g_loss -0.0302, disc_weight 0.4000, disc_adaptive_weight 7.1370, d_loss 0.4011, logits_real 0.0275, logits_fake 0.0300,
Train Epoch: [21/30] Iters:[180/468] gen_loss -0.0459, rec_loss 0.0125, lpips_loss 0.1450, g_loss -0.0292, disc_weight 0.4000, disc_adaptive_weight 7.0202, d_loss 0.4010, logits_real 0.0269, logits_fake 0.0292,
Train Epoch: [21/30] Iters:[190/468] gen_loss -0.0486, rec_loss 0.0126, lpips_loss 0.1448, g_loss -0.0288, disc_weight 0.4000, disc_adaptive_weight 7.1752, d_loss 0.4010, logits_real 0.0265, logits_fake 0.0286,
Train Epoch: [21/30] Iters:[200/468] gen_loss -0.0489, rec_loss 0.0126, lpips_loss 0.1449, g_loss -0.0286, disc_weight 0.4000, disc_adaptive_weight 7.2273, d_loss 0.4010, logits_real 0.0263, logits_fake 0.0283,
Train Epoch: [21/30] Iters:[210/468] gen_loss -0.0534, rec_loss 0.0126, lpips_loss 0.1450, g_loss -0.0286, disc_weight 0.4000, disc_adaptive_weight 7.4026, d_loss 0.4010, logits_real 0.0261, logits_fake 0.0281,
Train Epoch: [21/30] Iters:[220/468] gen_loss -0.0558, rec_loss 0.0126, lpips_loss 0.1448, g_loss -0.0286, disc_weight 0.4000, disc_adaptive_weight 7.4637, d_loss 0.4010, logits_real 0.0261, logits_fake 0.0283,
Train Epoch: [21/30] Iters:[230/468] gen_loss -0.0523, rec_loss 0.0126, lpips_loss 0.1450, g_loss -0.0288, disc_weight 0.4000, disc_adaptive_weight 7.2851, d_loss 0.4011, logits_real 0.0263, logits_fake 0.0286,
Train Epoch: [21/30] Iters:[240/468] gen_loss -0.0615, rec_loss 0.0126, lpips_loss 0.1456, g_loss -0.0292, disc_weight 0.4000, disc_adaptive_weight 7.5295, d_loss 0.4011, logits_real 0.0265, logits_fake 0.0290,
Train Epoch: [21/30] Iters:[250/468] gen_loss -0.0712, rec_loss 0.0126, lpips_loss 0.1453, g_loss -0.0295, disc_weight 0.4000, disc_adaptive_weight 7.7756, d_loss 0.4011, logits_real 0.0269, logits_fake 0.0292,
Train Epoch: [21/30] Iters:[260/468] gen_loss -0.0668, rec_loss 0.0126, lpips_loss 0.1453, g_loss -0.0297, disc_weight 0.4000, disc_adaptive_weight 7.5824, d_loss 0.4011, logits_real 0.0273, logits_fake 0.0298,
Train Epoch: [21/30] Iters:[270/468] gen_loss -0.0745, rec_loss 0.0126, lpips_loss 0.1458, g_loss -0.0295, disc_weight 0.4000, disc_adaptive_weight 7.9301, d_loss 0.4010, logits_real 0.0273, logits_fake 0.0295,
Train Epoch: [21/30] Iters:[280/468] gen_loss -0.0861, rec_loss 0.0126, lpips_loss 0.1456, g_loss -0.0292, disc_weight 0.4000, disc_adaptive_weight 8.3810, d_loss 0.4011, logits_real 0.0268, logits_fake 0.0293,
Train Epoch: [21/30] Iters:[290/468] gen_loss -0.0801, rec_loss 0.0126, lpips_loss 0.1462, g_loss -0.0288, disc_weight 0.4000, disc_adaptive_weight 8.3025, d_loss 0.4011, logits_real 0.0264, logits_fake 0.0289,
Train Epoch: [21/30] Iters:[300/468] gen_loss -0.0705, rec_loss 0.0125, lpips_loss 0.1462, g_loss -0.0283, disc_weight 0.4000, disc_adaptive_weight 8.1000, d_loss 0.4011, logits_real 0.0260, logits_fake 0.0285,
Train Epoch: [21/30] Iters:[310/468] gen_loss -0.0734, rec_loss 0.0125, lpips_loss 0.1462, g_loss -0.0282, disc_weight 0.4000, disc_adaptive_weight 8.2136, d_loss 0.4011, logits_real 0.0256, logits_fake 0.0281,
Train Epoch: [21/30] Iters:[320/468] gen_loss -0.0692, rec_loss 0.0126, lpips_loss 0.1468, g_loss -0.0283, disc_weight 0.4000, disc_adaptive_weight 8.0357, d_loss 0.4011, logits_real 0.0257, logits_fake 0.0283,
Train Epoch: [21/30] Iters:[330/468] gen_loss -0.0638, rec_loss 0.0126, lpips_loss 0.1472, g_loss -0.0289, disc_weight 0.4000, disc_adaptive_weight 7.7160, d_loss 0.4011, logits_real 0.0263, logits_fake 0.0287,
Train Epoch: [21/30] Iters:[340/468] gen_loss -0.0538, rec_loss 0.0125, lpips_loss 0.1470, g_loss -0.0296, disc_weight 0.4000, disc_adaptive_weight 7.2207, d_loss 0.4011, logits_real 0.0271, logits_fake 0.0295,
Train Epoch: [21/30] Iters:[350/468] gen_loss -0.0574, rec_loss 0.0126, lpips_loss 0.1470, g_loss -0.0306, disc_weight 0.4000, disc_adaptive_weight 7.1144, d_loss 0.4011, logits_real 0.0278, logits_fake 0.0303,
Train Epoch: [21/30] Iters:[360/468] gen_loss -0.0723, rec_loss 0.0127, lpips_loss 0.1470, g_loss -0.0313, disc_weight 0.4000, disc_adaptive_weight 7.4128, d_loss 0.4011, logits_real 0.0287, logits_fake 0.0312,
Train Epoch: [21/30] Iters:[370/468] gen_loss -0.0754, rec_loss 0.0125, lpips_loss 0.1459, g_loss -0.0323, disc_weight 0.4000, disc_adaptive_weight 7.2391, d_loss 0.4011, logits_real 0.0297, logits_fake 0.0322,
Train Epoch: [21/30] Iters:[380/468] gen_loss -0.0857, rec_loss 0.0125, lpips_loss 0.1454, g_loss -0.0329, disc_weight 0.4000, disc_adaptive_weight 7.4072, d_loss 0.4011, logits_real 0.0303, logits_fake 0.0327,
Train Epoch: [21/30] Iters:[390/468] gen_loss -0.1146, rec_loss 0.0124, lpips_loss 0.1447, g_loss -0.0332, disc_weight 0.4000, disc_adaptive_weight 8.2066, d_loss 0.4011, logits_real 0.0305, logits_fake 0.0331,
Train Epoch: [21/30] Iters:[400/468] gen_loss -0.1367, rec_loss 0.0125, lpips_loss 0.1449, g_loss -0.0335, disc_weight 0.4000, disc_adaptive_weight 8.7847, d_loss 0.4011, logits_real 0.0309, logits_fake 0.0335,
Train Epoch: [21/30] Iters:[410/468] gen_loss -0.1253, rec_loss 0.0126, lpips_loss 0.1448, g_loss -0.0340, disc_weight 0.4000, disc_adaptive_weight 8.3391, d_loss 0.4011, logits_real 0.0315, logits_fake 0.0339,
Train Epoch: [21/30] Iters:[420/468] gen_loss -0.1149, rec_loss 0.0126, lpips_loss 0.1451, g_loss -0.0340, disc_weight 0.4000, disc_adaptive_weight 8.0304, d_loss 0.4011, logits_real 0.0317, logits_fake 0.0340,
Train Epoch: [21/30] Iters:[430/468] gen_loss -0.1182, rec_loss 0.0127, lpips_loss 0.1453, g_loss -0.0340, disc_weight 0.4000, disc_adaptive_weight 8.1281, d_loss 0.4010, logits_real 0.0320, logits_fake 0.0341,
Train Epoch: [21/30] Iters:[440/468] gen_loss -0.1075, rec_loss 0.0128, lpips_loss 0.1458, g_loss -0.0341, disc_weight 0.4000, disc_adaptive_weight 7.8051, d_loss 0.4010, logits_real 0.0320, logits_fake 0.0343,
Train Epoch: [21/30] Iters:[450/468] gen_loss -0.0900, rec_loss 0.0128, lpips_loss 0.1456, g_loss -0.0338, disc_weight 0.4000, disc_adaptive_weight 7.3475, d_loss 0.4010, logits_real 0.0320, logits_fake 0.0342,
Train Epoch: [21/30] Iters:[460/468] gen_loss -0.0916, rec_loss 0.0128, lpips_loss 0.1462, g_loss -0.0335, disc_weight 0.4000, disc_adaptive_weight 7.4827, d_loss 0.4011, logits_real 0.0315, logits_fake 0.0339,
epoch:22, cur_lr:0.000010
Train Epoch: [22/30] Iters:[10/468] gen_loss -0.1128, rec_loss 0.0127, lpips_loss 0.1462, g_loss -0.0334, disc_weight 0.4000, disc_adaptive_weight 8.1285, d_loss 0.4010, logits_real 0.0305, logits_fake 0.0326,
Train Epoch: [22/30] Iters:[20/468] gen_loss -0.1093, rec_loss 0.0127, lpips_loss 0.1453, g_loss -0.0332, disc_weight 0.4000, disc_adaptive_weight 8.0245, d_loss 0.4011, logits_real 0.0302, logits_fake 0.0331,
Train Epoch: [22/30] Iters:[30/468] gen_loss -0.1039, rec_loss 0.0127, lpips_loss 0.1453, g_loss -0.0329, disc_weight 0.4000, disc_adaptive_weight 7.9411, d_loss 0.4011, logits_real 0.0301, logits_fake 0.0330,
Train Epoch: [22/30] Iters:[40/468] gen_loss -0.0852, rec_loss 0.0127, lpips_loss 0.1454, g_loss -0.0325, disc_weight 0.4000, disc_adaptive_weight 7.4449, d_loss 0.4011, logits_real 0.0298, logits_fake 0.0327,
Train Epoch: [22/30] Iters:[50/468] gen_loss -0.0895, rec_loss 0.0128, lpips_loss 0.1457, g_loss -0.0324, disc_weight 0.4000, disc_adaptive_weight 7.6365, d_loss 0.4011, logits_real 0.0297, logits_fake 0.0324,
Train Epoch: [22/30] Iters:[60/468] gen_loss -0.0792, rec_loss 0.0129, lpips_loss 0.1455, g_loss -0.0321, disc_weight 0.4000, disc_adaptive_weight 7.3809, d_loss 0.4011, logits_real 0.0296, logits_fake 0.0322,
Train Epoch: [22/30] Iters:[70/468] gen_loss -0.0723, rec_loss 0.0128, lpips_loss 0.1459, g_loss -0.0318, disc_weight 0.4000, disc_adaptive_weight 7.2567, d_loss 0.4011, logits_real 0.0295, logits_fake 0.0320,
Train Epoch: [22/30] Iters:[80/468] gen_loss -0.0569, rec_loss 0.0128, lpips_loss 0.1460, g_loss -0.0316, disc_weight 0.4000, disc_adaptive_weight 6.8312, d_loss 0.4010, logits_real 0.0293, logits_fake 0.0317,
Train Epoch: [22/30] Iters:[90/468] gen_loss -0.0663, rec_loss 0.0127, lpips_loss 0.1457, g_loss -0.0315, disc_weight 0.4000, disc_adaptive_weight 7.1467, d_loss 0.4010, logits_real 0.0293, logits_fake 0.0316,
Train Epoch: [22/30] Iters:[100/468] gen_loss -0.0585, rec_loss 0.0127, lpips_loss 0.1457, g_loss -0.0313, disc_weight 0.4000, disc_adaptive_weight 6.9236, d_loss 0.4010, logits_real 0.0292, logits_fake 0.0316,
Train Epoch: [22/30] Iters:[110/468] gen_loss -0.0623, rec_loss 0.0126, lpips_loss 0.1455, g_loss -0.0309, disc_weight 0.4000, disc_adaptive_weight 7.1311, d_loss 0.4011, logits_real 0.0290, logits_fake 0.0314,
Train Epoch: [22/30] Iters:[120/468] gen_loss -0.0523, rec_loss 0.0125, lpips_loss 0.1455, g_loss -0.0306, disc_weight 0.4000, disc_adaptive_weight 6.8761, d_loss 0.4011, logits_real 0.0285, logits_fake 0.0310,
Train Epoch: [22/30] Iters:[130/468] gen_loss -0.0580, rec_loss 0.0124, lpips_loss 0.1454, g_loss -0.0301, disc_weight 0.4000, disc_adaptive_weight 7.1903, d_loss 0.4011, logits_real 0.0279, logits_fake 0.0304,
Train Epoch: [22/30] Iters:[140/468] gen_loss -0.0502, rec_loss 0.0124, lpips_loss 0.1457, g_loss -0.0294, disc_weight 0.4000, disc_adaptive_weight 7.0977, d_loss 0.4011, logits_real 0.0272, logits_fake 0.0296,
Train Epoch: [22/30] Iters:[150/468] gen_loss -0.0438, rec_loss 0.0124, lpips_loss 0.1455, g_loss -0.0287, disc_weight 0.4000, disc_adaptive_weight 7.0453, d_loss 0.4011, logits_real 0.0265, logits_fake 0.0289,
Train Epoch: [22/30] Iters:[160/468] gen_loss -0.0303, rec_loss 0.0124, lpips_loss 0.1455, g_loss -0.0285, disc_weight 0.4000, disc_adaptive_weight 6.6304, d_loss 0.4010, logits_real 0.0260, logits_fake 0.0282,
Train Epoch: [22/30] Iters:[170/468] gen_loss -0.0392, rec_loss 0.0125, lpips_loss 0.1450, g_loss -0.0280, disc_weight 0.4000, disc_adaptive_weight 7.0255, d_loss 0.4009, logits_real 0.0260, logits_fake 0.0278,
Train Epoch: [22/30] Iters:[180/468] gen_loss -0.0390, rec_loss 0.0125, lpips_loss 0.1451, g_loss -0.0283, disc_weight 0.4000, disc_adaptive_weight 6.9495, d_loss 0.4010, logits_real 0.0262, logits_fake 0.0281,
Train Epoch: [22/30] Iters:[190/468] gen_loss -0.0434, rec_loss 0.0125, lpips_loss 0.1443, g_loss -0.0287, disc_weight 0.4000, disc_adaptive_weight 6.9878, d_loss 0.4010, logits_real 0.0265, logits_fake 0.0284,
Train Epoch: [22/30] Iters:[200/468] gen_loss -0.0466, rec_loss 0.0125, lpips_loss 0.1440, g_loss -0.0289, disc_weight 0.4000, disc_adaptive_weight 7.0382, d_loss 0.4010, logits_real 0.0268, logits_fake 0.0288,
Train Epoch: [22/30] Iters:[210/468] gen_loss -0.0692, rec_loss 0.0126, lpips_loss 0.1441, g_loss -0.0291, disc_weight 0.4000, disc_adaptive_weight 7.7684, d_loss 0.4010, logits_real 0.0269, logits_fake 0.0291,
Train Epoch: [22/30] Iters:[220/468] gen_loss -0.0631, rec_loss 0.0126, lpips_loss 0.1443, g_loss -0.0293, disc_weight 0.4000, disc_adaptive_weight 7.5000, d_loss 0.4011, logits_real 0.0268, logits_fake 0.0293,
Train Epoch: [22/30] Iters:[230/468] gen_loss -0.0597, rec_loss 0.0126, lpips_loss 0.1439, g_loss -0.0291, disc_weight 0.4000, disc_adaptive_weight 7.4032, d_loss 0.4010, logits_real 0.0266, logits_fake 0.0290,
Train Epoch: [22/30] Iters:[240/468] gen_loss -0.0538, rec_loss 0.0128, lpips_loss 0.1448, g_loss -0.0287, disc_weight 0.4000, disc_adaptive_weight 7.3579, d_loss 0.4010, logits_real 0.0264, logits_fake 0.0286,
Train Epoch: [22/30] Iters:[250/468] gen_loss -0.0596, rec_loss 0.0127, lpips_loss 0.1452, g_loss -0.0284, disc_weight 0.4000, disc_adaptive_weight 7.6846, d_loss 0.4010, logits_real 0.0262, logits_fake 0.0282,
Train Epoch: [22/30] Iters:[260/468] gen_loss -0.0451, rec_loss 0.0128, lpips_loss 0.1454, g_loss -0.0280, disc_weight 0.4000, disc_adaptive_weight 7.3083, d_loss 0.4009, logits_real 0.0260, logits_fake 0.0280,
Train Epoch: [22/30] Iters:[270/468] gen_loss -0.0441, rec_loss 0.0128, lpips_loss 0.1454, g_loss -0.0279, disc_weight 0.4000, disc_adaptive_weight 7.2947, d_loss 0.4010, logits_real 0.0260, logits_fake 0.0281,
Train Epoch: [22/30] Iters:[280/468] gen_loss -0.0524, rec_loss 0.0129, lpips_loss 0.1461, g_loss -0.0278, disc_weight 0.4000, disc_adaptive_weight 7.6374, d_loss 0.4010, logits_real 0.0261, logits_fake 0.0282,
Train Epoch: [22/30] Iters:[290/468] gen_loss -0.0561, rec_loss 0.0129, lpips_loss 0.1461, g_loss -0.0281, disc_weight 0.4000, disc_adaptive_weight 7.6997, d_loss 0.4010, logits_real 0.0261, logits_fake 0.0284,
Train Epoch: [22/30] Iters:[300/468] gen_loss -0.0552, rec_loss 0.0129, lpips_loss 0.1460, g_loss -0.0284, disc_weight 0.4000, disc_adaptive_weight 7.5673, d_loss 0.4011, logits_real 0.0261, logits_fake 0.0287,
Train Epoch: [22/30] Iters:[310/468] gen_loss -0.0453, rec_loss 0.0129, lpips_loss 0.1457, g_loss -0.0284, disc_weight 0.4000, disc_adaptive_weight 7.1809, d_loss 0.4010, logits_real 0.0262, logits_fake 0.0287,
Train Epoch: [22/30] Iters:[320/468] gen_loss -0.0598, rec_loss 0.0128, lpips_loss 0.1454, g_loss -0.0283, disc_weight 0.4000, disc_adaptive_weight 7.7103, d_loss 0.4010, logits_real 0.0261, logits_fake 0.0284,
Train Epoch: [22/30] Iters:[330/468] gen_loss -0.0577, rec_loss 0.0128, lpips_loss 0.1450, g_loss -0.0283, disc_weight 0.4000, disc_adaptive_weight 7.6083, d_loss 0.4010, logits_real 0.0260, logits_fake 0.0284,
Train Epoch: [22/30] Iters:[340/468] gen_loss -0.0694, rec_loss 0.0128, lpips_loss 0.1449, g_loss -0.0286, disc_weight 0.4000, disc_adaptive_weight 7.9386, d_loss 0.4010, logits_real 0.0263, logits_fake 0.0286,
Train Epoch: [22/30] Iters:[350/468] gen_loss -0.0716, rec_loss 0.0128, lpips_loss 0.1447, g_loss -0.0289, disc_weight 0.4000, disc_adaptive_weight 7.9012, d_loss 0.4010, logits_real 0.0266, logits_fake 0.0288,
Train Epoch: [22/30] Iters:[360/468] gen_loss -0.0801, rec_loss 0.0128, lpips_loss 0.1448, g_loss -0.0294, disc_weight 0.4000, disc_adaptive_weight 8.1003, d_loss 0.4010, logits_real 0.0270, logits_fake 0.0294,
Train Epoch: [22/30] Iters:[370/468] gen_loss -0.0696, rec_loss 0.0128, lpips_loss 0.1453, g_loss -0.0300, disc_weight 0.4000, disc_adaptive_weight 7.6057, d_loss 0.4010, logits_real 0.0275, logits_fake 0.0298,
Train Epoch: [22/30] Iters:[380/468] gen_loss -0.0667, rec_loss 0.0127, lpips_loss 0.1454, g_loss -0.0300, disc_weight 0.4000, disc_adaptive_weight 7.4957, d_loss 0.4010, logits_real 0.0277, logits_fake 0.0298,
Train Epoch: [22/30] Iters:[390/468] gen_loss -0.0555, rec_loss 0.0128, lpips_loss 0.1454, g_loss -0.0301, disc_weight 0.4000, disc_adaptive_weight 7.1149, d_loss 0.4010, logits_real 0.0276, logits_fake 0.0297,
Train Epoch: [22/30] Iters:[400/468] gen_loss -0.0638, rec_loss 0.0127, lpips_loss 0.1450, g_loss -0.0299, disc_weight 0.4000, disc_adaptive_weight 7.4341, d_loss 0.4010, logits_real 0.0276, logits_fake 0.0298,
Train Epoch: [22/30] Iters:[410/468] gen_loss -0.0651, rec_loss 0.0127, lpips_loss 0.1450, g_loss -0.0298, disc_weight 0.4000, disc_adaptive_weight 7.4958, d_loss 0.4010, logits_real 0.0277, logits_fake 0.0299,
Train Epoch: [22/30] Iters:[420/468] gen_loss -0.0752, rec_loss 0.0128, lpips_loss 0.1450, g_loss -0.0298, disc_weight 0.4000, disc_adaptive_weight 7.8318, d_loss 0.4010, logits_real 0.0278, logits_fake 0.0301,
Train Epoch: [22/30] Iters:[430/468] gen_loss -0.0909, rec_loss 0.0128, lpips_loss 0.1451, g_loss -0.0302, disc_weight 0.4000, disc_adaptive_weight 8.2698, d_loss 0.4010, logits_real 0.0279, logits_fake 0.0304,
Train Epoch: [22/30] Iters:[440/468] gen_loss -0.0930, rec_loss 0.0128, lpips_loss 0.1456, g_loss -0.0301, disc_weight 0.4000, disc_adaptive_weight 8.3724, d_loss 0.4010, logits_real 0.0283, logits_fake 0.0307,
Train Epoch: [22/30] Iters:[450/468] gen_loss -0.0806, rec_loss 0.0127, lpips_loss 0.1460, g_loss -0.0303, disc_weight 0.4000, disc_adaptive_weight 7.8949, d_loss 0.4010, logits_real 0.0282, logits_fake 0.0307,
Train Epoch: [22/30] Iters:[460/468] gen_loss -0.0837, rec_loss 0.0127, lpips_loss 0.1459, g_loss -0.0303, disc_weight 0.4000, disc_adaptive_weight 8.0116, d_loss 0.4010, logits_real 0.0279, logits_fake 0.0303,
epoch:23, cur_lr:0.000010
Train Epoch: [23/30] Iters:[10/468] gen_loss -0.0560, rec_loss 0.0122, lpips_loss 0.1437, g_loss -0.0304, disc_weight 0.4000, disc_adaptive_weight 6.9864, d_loss 0.4011, logits_real 0.0278, logits_fake 0.0305,
Train Epoch: [23/30] Iters:[20/468] gen_loss -0.0777, rec_loss 0.0124, lpips_loss 0.1453, g_loss -0.0309, disc_weight 0.4000, disc_adaptive_weight 7.6358, d_loss 0.4010, logits_real 0.0284, logits_fake 0.0307,
Train Epoch: [23/30] Iters:[30/468] gen_loss -0.0745, rec_loss 0.0127, lpips_loss 0.1460, g_loss -0.0308, disc_weight 0.4000, disc_adaptive_weight 7.5905, d_loss 0.4011, logits_real 0.0284, logits_fake 0.0309,
Train Epoch: [23/30] Iters:[40/468] gen_loss -0.0756, rec_loss 0.0128, lpips_loss 0.1461, g_loss -0.0306, disc_weight 0.4000, disc_adaptive_weight 7.6701, d_loss 0.4010, logits_real 0.0282, logits_fake 0.0306,
Train Epoch: [23/30] Iters:[50/468] gen_loss -0.0725, rec_loss 0.0126, lpips_loss 0.1457, g_loss -0.0305, disc_weight 0.4000, disc_adaptive_weight 7.5697, d_loss 0.4011, logits_real 0.0278, logits_fake 0.0304,
Train Epoch: [23/30] Iters:[60/468] gen_loss -0.0688, rec_loss 0.0127, lpips_loss 0.1463, g_loss -0.0302, disc_weight 0.4000, disc_adaptive_weight 7.5490, d_loss 0.4011, logits_real 0.0275, logits_fake 0.0301,
Train Epoch: [23/30] Iters:[70/468] gen_loss -0.0523, rec_loss 0.0128, lpips_loss 0.1462, g_loss -0.0296, disc_weight 0.4000, disc_adaptive_weight 7.1372, d_loss 0.4011, logits_real 0.0270, logits_fake 0.0295,
Train Epoch: [23/30] Iters:[80/468] gen_loss -0.0471, rec_loss 0.0127, lpips_loss 0.1458, g_loss -0.0291, disc_weight 0.4000, disc_adaptive_weight 7.0687, d_loss 0.4010, logits_real 0.0266, logits_fake 0.0290,
Train Epoch: [23/30] Iters:[90/468] gen_loss -0.0422, rec_loss 0.0126, lpips_loss 0.1453, g_loss -0.0288, disc_weight 0.4000, disc_adaptive_weight 6.9835, d_loss 0.4010, logits_real 0.0262, logits_fake 0.0286,
Train Epoch: [23/30] Iters:[100/468] gen_loss -0.0421, rec_loss 0.0127, lpips_loss 0.1455, g_loss -0.0285, disc_weight 0.4000, disc_adaptive_weight 7.0654, d_loss 0.4010, logits_real 0.0261, logits_fake 0.0283,
Train Epoch: [23/30] Iters:[110/468] gen_loss -0.0473, rec_loss 0.0128, lpips_loss 0.1456, g_loss -0.0288, disc_weight 0.4000, disc_adaptive_weight 7.1742, d_loss 0.4009, logits_real 0.0265, logits_fake 0.0284,
Train Epoch: [23/30] Iters:[120/468] gen_loss -0.0685, rec_loss 0.0126, lpips_loss 0.1451, g_loss -0.0292, disc_weight 0.4000, disc_adaptive_weight 7.7675, d_loss 0.4010, logits_real 0.0270, logits_fake 0.0291,
Train Epoch: [23/30] Iters:[130/468] gen_loss -0.0697, rec_loss 0.0127, lpips_loss 0.1450, g_loss -0.0300, disc_weight 0.4000, disc_adaptive_weight 7.6160, d_loss 0.4010, logits_real 0.0275, logits_fake 0.0296,
Train Epoch: [23/30] Iters:[140/468] gen_loss -0.0681, rec_loss 0.0127, lpips_loss 0.1456, g_loss -0.0307, disc_weight 0.4000, disc_adaptive_weight 7.4198, d_loss 0.4010, logits_real 0.0280, logits_fake 0.0302,
Train Epoch: [23/30] Iters:[150/468] gen_loss -0.0697, rec_loss 0.0127, lpips_loss 0.1458, g_loss -0.0310, disc_weight 0.4000, disc_adaptive_weight 7.4081, d_loss 0.4010, logits_real 0.0284, logits_fake 0.0306,
Train Epoch: [23/30] Iters:[160/468] gen_loss -0.0745, rec_loss 0.0126, lpips_loss 0.1452, g_loss -0.0310, disc_weight 0.4000, disc_adaptive_weight 7.5518, d_loss 0.4011, logits_real 0.0282, logits_fake 0.0307,
Train Epoch: [23/30] Iters:[170/468] gen_loss -0.0664, rec_loss 0.0128, lpips_loss 0.1455, g_loss -0.0308, disc_weight 0.4000, disc_adaptive_weight 7.3307, d_loss 0.4010, logits_real 0.0279, logits_fake 0.0303,
Train Epoch: [23/30] Iters:[180/468] gen_loss -0.0795, rec_loss 0.0127, lpips_loss 0.1454, g_loss -0.0304, disc_weight 0.4000, disc_adaptive_weight 7.8387, d_loss 0.4010, logits_real 0.0277, logits_fake 0.0301,
Train Epoch: [23/30] Iters:[190/468] gen_loss -0.0867, rec_loss 0.0128, lpips_loss 0.1452, g_loss -0.0304, disc_weight 0.4000, disc_adaptive_weight 8.0715, d_loss 0.4010, logits_real 0.0276, logits_fake 0.0298,
Train Epoch: [23/30] Iters:[200/468] gen_loss -0.0815, rec_loss 0.0126, lpips_loss 0.1447, g_loss -0.0302, disc_weight 0.4000, disc_adaptive_weight 7.9323, d_loss 0.4010, logits_real 0.0275, logits_fake 0.0297,
Train Epoch: [23/30] Iters:[210/468] gen_loss -0.0820, rec_loss 0.0128, lpips_loss 0.1452, g_loss -0.0303, disc_weight 0.4000, disc_adaptive_weight 7.9561, d_loss 0.4009, logits_real 0.0276, logits_fake 0.0296,
Train Epoch: [23/30] Iters:[220/468] gen_loss -0.0711, rec_loss 0.0127, lpips_loss 0.1454, g_loss -0.0302, disc_weight 0.4000, disc_adaptive_weight 7.6095, d_loss 0.4010, logits_real 0.0275, logits_fake 0.0297,
Train Epoch: [23/30] Iters:[230/468] gen_loss -0.0571, rec_loss 0.0127, lpips_loss 0.1457, g_loss -0.0304, disc_weight 0.4000, disc_adaptive_weight 7.1320, d_loss 0.4010, logits_real 0.0275, logits_fake 0.0296,
Train Epoch: [23/30] Iters:[240/468] gen_loss -0.0506, rec_loss 0.0127, lpips_loss 0.1457, g_loss -0.0301, disc_weight 0.4000, disc_adaptive_weight 6.9686, d_loss 0.4010, logits_real 0.0274, logits_fake 0.0296,
Train Epoch: [23/30] Iters:[250/468] gen_loss -0.0505, rec_loss 0.0128, lpips_loss 0.1461, g_loss -0.0302, disc_weight 0.4000, disc_adaptive_weight 6.9529, d_loss 0.4010, logits_real 0.0273, logits_fake 0.0296,
Train Epoch: [23/30] Iters:[260/468] gen_loss -0.0493, rec_loss 0.0127, lpips_loss 0.1455, g_loss -0.0299, disc_weight 0.4000, disc_adaptive_weight 6.9758, d_loss 0.4010, logits_real 0.0271, logits_fake 0.0294,
Train Epoch: [23/30] Iters:[270/468] gen_loss -0.0565, rec_loss 0.0127, lpips_loss 0.1453, g_loss -0.0295, disc_weight 0.4000, disc_adaptive_weight 7.3207, d_loss 0.4010, logits_real 0.0268, logits_fake 0.0290,
Train Epoch: [23/30] Iters:[280/468] gen_loss -0.0500, rec_loss 0.0127, lpips_loss 0.1450, g_loss -0.0287, disc_weight 0.4000, disc_adaptive_weight 7.2662, d_loss 0.4009, logits_real 0.0262, logits_fake 0.0284,
Train Epoch: [23/30] Iters:[290/468] gen_loss -0.0491, rec_loss 0.0127, lpips_loss 0.1452, g_loss -0.0280, disc_weight 0.4000, disc_adaptive_weight 7.4120, d_loss 0.4009, logits_real 0.0257, logits_fake 0.0278,
Train Epoch: [23/30] Iters:[300/468] gen_loss -0.0610, rec_loss 0.0127, lpips_loss 0.1450, g_loss -0.0275, disc_weight 0.4000, disc_adaptive_weight 7.9599, d_loss 0.4010, logits_real 0.0251, logits_fake 0.0275,
Train Epoch: [23/30] Iters:[310/468] gen_loss -0.0513, rec_loss 0.0128, lpips_loss 0.1456, g_loss -0.0275, disc_weight 0.4000, disc_adaptive_weight 7.6481, d_loss 0.4010, logits_real 0.0252, logits_fake 0.0276,
Train Epoch: [23/30] Iters:[320/468] gen_loss -0.0546, rec_loss 0.0128, lpips_loss 0.1458, g_loss -0.0281, disc_weight 0.4000, disc_adaptive_weight 7.6053, d_loss 0.4010, logits_real 0.0257, logits_fake 0.0281,
Train Epoch: [23/30] Iters:[330/468] gen_loss -0.0597, rec_loss 0.0127, lpips_loss 0.1454, g_loss -0.0287, disc_weight 0.4000, disc_adaptive_weight 7.6457, d_loss 0.4010, logits_real 0.0264, logits_fake 0.0286,
Train Epoch: [23/30] Iters:[340/468] gen_loss -0.0708, rec_loss 0.0127, lpips_loss 0.1450, g_loss -0.0292, disc_weight 0.4000, disc_adaptive_weight 7.8775, d_loss 0.4010, logits_real 0.0269, logits_fake 0.0291,
Train Epoch: [23/30] Iters:[350/468] gen_loss -0.0583, rec_loss 0.0126, lpips_loss 0.1448, g_loss -0.0295, disc_weight 0.4000, disc_adaptive_weight 7.3184, d_loss 0.4010, logits_real 0.0274, logits_fake 0.0296,
Train Epoch: [23/30] Iters:[360/468] gen_loss -0.0835, rec_loss 0.0127, lpips_loss 0.1448, g_loss -0.0298, disc_weight 0.4000, disc_adaptive_weight 8.0848, d_loss 0.4009, logits_real 0.0276, logits_fake 0.0298,
Train Epoch: [23/30] Iters:[370/468] gen_loss -0.0729, rec_loss 0.0127, lpips_loss 0.1447, g_loss -0.0298, disc_weight 0.4000, disc_adaptive_weight 7.7390, d_loss 0.4009, logits_real 0.0276, logits_fake 0.0297,
Train Epoch: [23/30] Iters:[380/468] gen_loss -0.0752, rec_loss 0.0126, lpips_loss 0.1447, g_loss -0.0302, disc_weight 0.4000, disc_adaptive_weight 7.7204, d_loss 0.4010, logits_real 0.0279, logits_fake 0.0301,
Train Epoch: [23/30] Iters:[390/468] gen_loss -0.0653, rec_loss 0.0125, lpips_loss 0.1449, g_loss -0.0308, disc_weight 0.4000, disc_adaptive_weight 7.2654, d_loss 0.4010, logits_real 0.0284, logits_fake 0.0307,
Train Epoch: [23/30] Iters:[400/468] gen_loss -0.0720, rec_loss 0.0124, lpips_loss 0.1446, g_loss -0.0312, disc_weight 0.4000, disc_adaptive_weight 7.3738, d_loss 0.4010, logits_real 0.0287, logits_fake 0.0309,
Train Epoch: [23/30] Iters:[410/468] gen_loss -0.0474, rec_loss 0.0123, lpips_loss 0.1448, g_loss -0.0312, disc_weight 0.4000, disc_adaptive_weight 6.5669, d_loss 0.4010, logits_real 0.0287, logits_fake 0.0310,
Train Epoch: [23/30] Iters:[420/468] gen_loss -0.0526, rec_loss 0.0123, lpips_loss 0.1447, g_loss -0.0310, disc_weight 0.4000, disc_adaptive_weight 6.7737, d_loss 0.4010, logits_real 0.0284, logits_fake 0.0310,
Train Epoch: [23/30] Iters:[430/468] gen_loss -0.0502, rec_loss 0.0125, lpips_loss 0.1455, g_loss -0.0305, disc_weight 0.4000, disc_adaptive_weight 6.8326, d_loss 0.4010, logits_real 0.0281, logits_fake 0.0306,
Train Epoch: [23/30] Iters:[440/468] gen_loss -0.0524, rec_loss 0.0126, lpips_loss 0.1452, g_loss -0.0300, disc_weight 0.4000, disc_adaptive_weight 7.0067, d_loss 0.4010, logits_real 0.0278, logits_fake 0.0303,
Train Epoch: [23/30] Iters:[450/468] gen_loss -0.0464, rec_loss 0.0127, lpips_loss 0.1455, g_loss -0.0298, disc_weight 0.4000, disc_adaptive_weight 6.8654, d_loss 0.4010, logits_real 0.0276, logits_fake 0.0300,
Train Epoch: [23/30] Iters:[460/468] gen_loss -0.0558, rec_loss 0.0126, lpips_loss 0.1450, g_loss -0.0299, disc_weight 0.4000, disc_adaptive_weight 7.1341, d_loss 0.4010, logits_real 0.0277, logits_fake 0.0300,
epoch:24, cur_lr:0.000010
Train Epoch: [24/30] Iters:[10/468] gen_loss -0.0554, rec_loss 0.0126, lpips_loss 0.1451, g_loss -0.0302, disc_weight 0.4000, disc_adaptive_weight 7.0597, d_loss 0.4010, logits_real 0.0280, logits_fake 0.0306,
Train Epoch: [24/30] Iters:[20/468] gen_loss -0.0574, rec_loss 0.0125, lpips_loss 0.1438, g_loss -0.0298, disc_weight 0.4000, disc_adaptive_weight 7.1871, d_loss 0.4009, logits_real 0.0278, logits_fake 0.0300,
Train Epoch: [24/30] Iters:[30/468] gen_loss -0.0653, rec_loss 0.0125, lpips_loss 0.1442, g_loss -0.0298, disc_weight 0.4000, disc_adaptive_weight 7.4621, d_loss 0.4009, logits_real 0.0277, logits_fake 0.0298,
Train Epoch: [24/30] Iters:[40/468] gen_loss -0.0740, rec_loss 0.0126, lpips_loss 0.1452, g_loss -0.0300, disc_weight 0.4000, disc_adaptive_weight 7.7348, d_loss 0.4009, logits_real 0.0279, logits_fake 0.0301,
Train Epoch: [24/30] Iters:[50/468] gen_loss -0.0767, rec_loss 0.0126, lpips_loss 0.1453, g_loss -0.0302, disc_weight 0.4000, disc_adaptive_weight 7.7804, d_loss 0.4009, logits_real 0.0281, logits_fake 0.0302,
Train Epoch: [24/30] Iters:[60/468] gen_loss -0.0724, rec_loss 0.0125, lpips_loss 0.1452, g_loss -0.0302, disc_weight 0.4000, disc_adaptive_weight 7.6133, d_loss 0.4009, logits_real 0.0282, logits_fake 0.0302,
Train Epoch: [24/30] Iters:[70/468] gen_loss -0.0840, rec_loss 0.0126, lpips_loss 0.1455, g_loss -0.0306, disc_weight 0.4000, disc_adaptive_weight 7.9083, d_loss 0.4009, logits_real 0.0286, logits_fake 0.0307,
Train Epoch: [24/30] Iters:[80/468] gen_loss -0.0819, rec_loss 0.0126, lpips_loss 0.1457, g_loss -0.0310, disc_weight 0.4000, disc_adaptive_weight 7.7417, d_loss 0.4009, logits_real 0.0290, logits_fake 0.0312,
Train Epoch: [24/30] Iters:[90/468] gen_loss -0.0807, rec_loss 0.0125, lpips_loss 0.1449, g_loss -0.0313, disc_weight 0.4000, disc_adaptive_weight 7.5909, d_loss 0.4009, logits_real 0.0293, logits_fake 0.0315,
Train Epoch: [24/30] Iters:[100/468] gen_loss -0.0745, rec_loss 0.0125, lpips_loss 0.1444, g_loss -0.0316, disc_weight 0.4000, disc_adaptive_weight 7.3130, d_loss 0.4010, logits_real 0.0294, logits_fake 0.0317,
Train Epoch: [24/30] Iters:[110/468] gen_loss -0.0809, rec_loss 0.0125, lpips_loss 0.1447, g_loss -0.0317, disc_weight 0.4000, disc_adaptive_weight 7.5183, d_loss 0.4010, logits_real 0.0295, logits_fake 0.0319,
Train Epoch: [24/30] Iters:[120/468] gen_loss -0.0858, rec_loss 0.0126, lpips_loss 0.1449, g_loss -0.0318, disc_weight 0.4000, disc_adaptive_weight 7.6658, d_loss 0.4010, logits_real 0.0295, logits_fake 0.0319,
Train Epoch: [24/30] Iters:[130/468] gen_loss -0.1021, rec_loss 0.0127, lpips_loss 0.1447, g_loss -0.0318, disc_weight 0.4000, disc_adaptive_weight 8.1542, d_loss 0.4010, logits_real 0.0293, logits_fake 0.0318,
Train Epoch: [24/30] Iters:[140/468] gen_loss -0.1072, rec_loss 0.0127, lpips_loss 0.1449, g_loss -0.0316, disc_weight 0.4000, disc_adaptive_weight 8.3845, d_loss 0.4010, logits_real 0.0292, logits_fake 0.0314,
Train Epoch: [24/30] Iters:[150/468] gen_loss -0.1082, rec_loss 0.0129, lpips_loss 0.1455, g_loss -0.0314, disc_weight 0.4000, disc_adaptive_weight 8.4916, d_loss 0.4010, logits_real 0.0290, logits_fake 0.0314,
Train Epoch: [24/30] Iters:[160/468] gen_loss -0.1065, rec_loss 0.0129, lpips_loss 0.1456, g_loss -0.0314, disc_weight 0.4000, disc_adaptive_weight 8.4431, d_loss 0.4010, logits_real 0.0290, logits_fake 0.0314,
Train Epoch: [24/30] Iters:[170/468] gen_loss -0.0988, rec_loss 0.0130, lpips_loss 0.1460, g_loss -0.0313, disc_weight 0.4000, disc_adaptive_weight 8.2325, d_loss 0.4010, logits_real 0.0287, logits_fake 0.0314,
Train Epoch: [24/30] Iters:[180/468] gen_loss -0.0744, rec_loss 0.0129, lpips_loss 0.1463, g_loss -0.0309, disc_weight 0.4000, disc_adaptive_weight 7.5687, d_loss 0.4010, logits_real 0.0284, logits_fake 0.0309,
Train Epoch: [24/30] Iters:[190/468] gen_loss -0.0604, rec_loss 0.0129, lpips_loss 0.1462, g_loss -0.0304, disc_weight 0.4000, disc_adaptive_weight 7.2109, d_loss 0.4011, logits_real 0.0279, logits_fake 0.0306,
Train Epoch: [24/30] Iters:[200/468] gen_loss -0.0566, rec_loss 0.0128, lpips_loss 0.1460, g_loss -0.0301, disc_weight 0.4000, disc_adaptive_weight 7.1437, d_loss 0.4010, logits_real 0.0277, logits_fake 0.0302,
Train Epoch: [24/30] Iters:[210/468] gen_loss -0.0577, rec_loss 0.0127, lpips_loss 0.1457, g_loss -0.0298, disc_weight 0.4000, disc_adaptive_weight 7.2197, d_loss 0.4010, logits_real 0.0275, logits_fake 0.0298,
Train Epoch: [24/30] Iters:[220/468] gen_loss -0.0675, rec_loss 0.0126, lpips_loss 0.1451, g_loss -0.0296, disc_weight 0.4000, disc_adaptive_weight 7.6157, d_loss 0.4009, logits_real 0.0274, logits_fake 0.0295,
Train Epoch: [24/30] Iters:[230/468] gen_loss -0.0796, rec_loss 0.0127, lpips_loss 0.1447, g_loss -0.0296, disc_weight 0.4000, disc_adaptive_weight 7.9812, d_loss 0.4009, logits_real 0.0276, logits_fake 0.0296,
Train Epoch: [24/30] Iters:[240/468] gen_loss -0.0813, rec_loss 0.0126, lpips_loss 0.1446, g_loss -0.0299, disc_weight 0.4000, disc_adaptive_weight 7.9833, d_loss 0.4009, logits_real 0.0278, logits_fake 0.0298,
Train Epoch: [24/30] Iters:[250/468] gen_loss -0.0844, rec_loss 0.0126, lpips_loss 0.1450, g_loss -0.0301, disc_weight 0.4000, disc_adaptive_weight 8.0435, d_loss 0.4009, logits_real 0.0281, logits_fake 0.0300,
Train Epoch: [24/30] Iters:[260/468] gen_loss -0.0911, rec_loss 0.0126, lpips_loss 0.1451, g_loss -0.0306, disc_weight 0.4000, disc_adaptive_weight 8.1507, d_loss 0.4009, logits_real 0.0284, logits_fake 0.0304,
Train Epoch: [24/30] Iters:[270/468] gen_loss -0.0793, rec_loss 0.0125, lpips_loss 0.1451, g_loss -0.0309, disc_weight 0.4000, disc_adaptive_weight 7.6450, d_loss 0.4010, logits_real 0.0287, logits_fake 0.0310,
Train Epoch: [24/30] Iters:[280/468] gen_loss -0.0780, rec_loss 0.0125, lpips_loss 0.1454, g_loss -0.0311, disc_weight 0.4000, disc_adaptive_weight 7.5668, d_loss 0.4010, logits_real 0.0290, logits_fake 0.0313,
Train Epoch: [24/30] Iters:[290/468] gen_loss -0.0881, rec_loss 0.0126, lpips_loss 0.1456, g_loss -0.0312, disc_weight 0.4000, disc_adaptive_weight 7.8757, d_loss 0.4010, logits_real 0.0292, logits_fake 0.0314,
Train Epoch: [24/30] Iters:[300/468] gen_loss -0.1024, rec_loss 0.0125, lpips_loss 0.1451, g_loss -0.0313, disc_weight 0.4000, disc_adaptive_weight 8.3022, d_loss 0.4009, logits_real 0.0292, logits_fake 0.0314,
Train Epoch: [24/30] Iters:[310/468] gen_loss -0.0978, rec_loss 0.0127, lpips_loss 0.1452, g_loss -0.0311, disc_weight 0.4000, disc_adaptive_weight 8.1943, d_loss 0.4010, logits_real 0.0293, logits_fake 0.0315,
Train Epoch: [24/30] Iters:[320/468] gen_loss -0.0914, rec_loss 0.0127, lpips_loss 0.1453, g_loss -0.0310, disc_weight 0.4000, disc_adaptive_weight 8.0236, d_loss 0.4009, logits_real 0.0290, logits_fake 0.0312,
Train Epoch: [24/30] Iters:[330/468] gen_loss -0.0835, rec_loss 0.0125, lpips_loss 0.1450, g_loss -0.0309, disc_weight 0.4000, disc_adaptive_weight 7.7951, d_loss 0.4010, logits_real 0.0287, logits_fake 0.0309,
Train Epoch: [24/30] Iters:[340/468] gen_loss -0.0738, rec_loss 0.0125, lpips_loss 0.1447, g_loss -0.0308, disc_weight 0.4000, disc_adaptive_weight 7.4852, d_loss 0.4010, logits_real 0.0284, logits_fake 0.0309,
Train Epoch: [24/30] Iters:[350/468] gen_loss -0.0550, rec_loss 0.0124, lpips_loss 0.1443, g_loss -0.0305, disc_weight 0.4000, disc_adaptive_weight 6.9074, d_loss 0.4010, logits_real 0.0283, logits_fake 0.0308,
Train Epoch: [24/30] Iters:[360/468] gen_loss -0.0507, rec_loss 0.0123, lpips_loss 0.1440, g_loss -0.0303, disc_weight 0.4000, disc_adaptive_weight 6.8330, d_loss 0.4010, logits_real 0.0279, logits_fake 0.0304,
Train Epoch: [24/30] Iters:[370/468] gen_loss -0.0437, rec_loss 0.0124, lpips_loss 0.1442, g_loss -0.0300, disc_weight 0.4000, disc_adaptive_weight 6.6767, d_loss 0.4010, logits_real 0.0277, logits_fake 0.0301,
Train Epoch: [24/30] Iters:[380/468] gen_loss -0.0513, rec_loss 0.0124, lpips_loss 0.1440, g_loss -0.0299, disc_weight 0.4000, disc_adaptive_weight 6.9275, d_loss 0.4010, logits_real 0.0277, logits_fake 0.0301,
Train Epoch: [24/30] Iters:[390/468] gen_loss -0.0576, rec_loss 0.0126, lpips_loss 0.1447, g_loss -0.0298, disc_weight 0.4000, disc_adaptive_weight 7.1869, d_loss 0.4010, logits_real 0.0277, logits_fake 0.0301,
Train Epoch: [24/30] Iters:[400/468] gen_loss -0.0697, rec_loss 0.0126, lpips_loss 0.1452, g_loss -0.0301, disc_weight 0.4000, disc_adaptive_weight 7.5425, d_loss 0.4010, logits_real 0.0279, logits_fake 0.0303,
Train Epoch: [24/30] Iters:[410/468] gen_loss -0.0833, rec_loss 0.0126, lpips_loss 0.1452, g_loss -0.0305, disc_weight 0.4000, disc_adaptive_weight 7.8928, d_loss 0.4010, logits_real 0.0282, logits_fake 0.0305,
Train Epoch: [24/30] Iters:[420/468] gen_loss -0.0882, rec_loss 0.0126, lpips_loss 0.1451, g_loss -0.0308, disc_weight 0.4000, disc_adaptive_weight 7.9789, d_loss 0.4009, logits_real 0.0286, logits_fake 0.0309,
Train Epoch: [24/30] Iters:[430/468] gen_loss -0.0872, rec_loss 0.0127, lpips_loss 0.1458, g_loss -0.0309, disc_weight 0.4000, disc_adaptive_weight 7.9486, d_loss 0.4010, logits_real 0.0287, logits_fake 0.0311,
Train Epoch: [24/30] Iters:[440/468] gen_loss -0.0851, rec_loss 0.0125, lpips_loss 0.1455, g_loss -0.0309, disc_weight 0.4000, disc_adaptive_weight 7.8762, d_loss 0.4009, logits_real 0.0287, logits_fake 0.0310,
Train Epoch: [24/30] Iters:[450/468] gen_loss -0.0804, rec_loss 0.0125, lpips_loss 0.1456, g_loss -0.0307, disc_weight 0.4000, disc_adaptive_weight 7.7756, d_loss 0.4009, logits_real 0.0285, logits_fake 0.0306,
Train Epoch: [24/30] Iters:[460/468] gen_loss -0.0677, rec_loss 0.0126, lpips_loss 0.1460, g_loss -0.0304, disc_weight 0.4000, disc_adaptive_weight 7.4630, d_loss 0.4009, logits_real 0.0281, logits_fake 0.0302,
epoch:25, cur_lr:0.000010
Train Epoch: [25/30] Iters:[10/468] gen_loss -0.0244, rec_loss 0.0122, lpips_loss 0.1431, g_loss -0.0301, disc_weight 0.4000, disc_adaptive_weight 5.9666, d_loss 0.4009, logits_real 0.0277, logits_fake 0.0296,
Train Epoch: [25/30] Iters:[20/468] gen_loss -0.0597, rec_loss 0.0124, lpips_loss 0.1432, g_loss -0.0299, disc_weight 0.4000, disc_adaptive_weight 7.2176, d_loss 0.4010, logits_real 0.0272, logits_fake 0.0299,
Train Epoch: [25/30] Iters:[30/468] gen_loss -0.0697, rec_loss 0.0126, lpips_loss 0.1440, g_loss -0.0296, disc_weight 0.4000, disc_adaptive_weight 7.6967, d_loss 0.4010, logits_real 0.0269, logits_fake 0.0296,
Train Epoch: [25/30] Iters:[40/468] gen_loss -0.0846, rec_loss 0.0126, lpips_loss 0.1441, g_loss -0.0294, disc_weight 0.4000, disc_adaptive_weight 8.2389, d_loss 0.4010, logits_real 0.0269, logits_fake 0.0294,
Train Epoch: [25/30] Iters:[50/468] gen_loss -0.0799, rec_loss 0.0126, lpips_loss 0.1440, g_loss -0.0295, disc_weight 0.4000, disc_adaptive_weight 8.0613, d_loss 0.4010, logits_real 0.0269, logits_fake 0.0295,
Train Epoch: [25/30] Iters:[60/468] gen_loss -0.0912, rec_loss 0.0126, lpips_loss 0.1440, g_loss -0.0293, disc_weight 0.4000, disc_adaptive_weight 8.4813, d_loss 0.4010, logits_real 0.0268, logits_fake 0.0294,
Train Epoch: [25/30] Iters:[70/468] gen_loss -0.0794, rec_loss 0.0127, lpips_loss 0.1446, g_loss -0.0292, disc_weight 0.4000, disc_adaptive_weight 8.1283, d_loss 0.4010, logits_real 0.0269, logits_fake 0.0293,
Train Epoch: [25/30] Iters:[80/468] gen_loss -0.0864, rec_loss 0.0126, lpips_loss 0.1444, g_loss -0.0294, disc_weight 0.4000, disc_adaptive_weight 8.2937, d_loss 0.4010, logits_real 0.0270, logits_fake 0.0294,
Train Epoch: [25/30] Iters:[90/468] gen_loss -0.0763, rec_loss 0.0127, lpips_loss 0.1445, g_loss -0.0295, disc_weight 0.4000, disc_adaptive_weight 7.8970, d_loss 0.4010, logits_real 0.0272, logits_fake 0.0297,
Train Epoch: [25/30] Iters:[100/468] gen_loss -0.0703, rec_loss 0.0128, lpips_loss 0.1452, g_loss -0.0295, disc_weight 0.4000, disc_adaptive_weight 7.7301, d_loss 0.4010, logits_real 0.0272, logits_fake 0.0297,
Train Epoch: [25/30] Iters:[110/468] gen_loss -0.0657, rec_loss 0.0129, lpips_loss 0.1457, g_loss -0.0297, disc_weight 0.4000, disc_adaptive_weight 7.5371, d_loss 0.4010, logits_real 0.0275, logits_fake 0.0299,
Train Epoch: [25/30] Iters:[120/468] gen_loss -0.0705, rec_loss 0.0127, lpips_loss 0.1455, g_loss -0.0300, disc_weight 0.4000, disc_adaptive_weight 7.6217, d_loss 0.4010, logits_real 0.0277, logits_fake 0.0302,
Train Epoch: [25/30] Iters:[130/468] gen_loss -0.0581, rec_loss 0.0128, lpips_loss 0.1452, g_loss -0.0302, disc_weight 0.4000, disc_adaptive_weight 7.1680, d_loss 0.4009, logits_real 0.0279, logits_fake 0.0302,
Train Epoch: [25/30] Iters:[140/468] gen_loss -0.0653, rec_loss 0.0128, lpips_loss 0.1452, g_loss -0.0304, disc_weight 0.4000, disc_adaptive_weight 7.3416, d_loss 0.4009, logits_real 0.0281, logits_fake 0.0302,
Train Epoch: [25/30] Iters:[150/468] gen_loss -0.0827, rec_loss 0.0128, lpips_loss 0.1449, g_loss -0.0306, disc_weight 0.4000, disc_adaptive_weight 7.8429, d_loss 0.4009, logits_real 0.0284, logits_fake 0.0306,
Train Epoch: [25/30] Iters:[160/468] gen_loss -0.1082, rec_loss 0.0129, lpips_loss 0.1448, g_loss -0.0309, disc_weight 0.4000, disc_adaptive_weight 8.6076, d_loss 0.4009, logits_real 0.0287, logits_fake 0.0307,
Train Epoch: [25/30] Iters:[170/468] gen_loss -0.1162, rec_loss 0.0130, lpips_loss 0.1453, g_loss -0.0312, disc_weight 0.4000, disc_adaptive_weight 8.8231, d_loss 0.4009, logits_real 0.0287, logits_fake 0.0307,
Train Epoch: [25/30] Iters:[180/468] gen_loss -0.1161, rec_loss 0.0131, lpips_loss 0.1460, g_loss -0.0309, disc_weight 0.4000, disc_adaptive_weight 8.9096, d_loss 0.4009, logits_real 0.0285, logits_fake 0.0307,
Train Epoch: [25/30] Iters:[190/468] gen_loss -0.0987, rec_loss 0.0130, lpips_loss 0.1459, g_loss -0.0304, disc_weight 0.4000, disc_adaptive_weight 8.4559, d_loss 0.4009, logits_real 0.0281, logits_fake 0.0303,
Train Epoch: [25/30] Iters:[200/468] gen_loss -0.0860, rec_loss 0.0129, lpips_loss 0.1459, g_loss -0.0297, disc_weight 0.4000, disc_adaptive_weight 8.2391, d_loss 0.4009, logits_real 0.0274, logits_fake 0.0294,
Train Epoch: [25/30] Iters:[210/468] gen_loss -0.0663, rec_loss 0.0129, lpips_loss 0.1459, g_loss -0.0289, disc_weight 0.4000, disc_adaptive_weight 7.8439, d_loss 0.4009, logits_real 0.0267, logits_fake 0.0287,
Train Epoch: [25/30] Iters:[220/468] gen_loss -0.0525, rec_loss 0.0130, lpips_loss 0.1454, g_loss -0.0279, disc_weight 0.4000, disc_adaptive_weight 7.5845, d_loss 0.4009, logits_real 0.0259, logits_fake 0.0280,
Train Epoch: [25/30] Iters:[230/468] gen_loss -0.0447, rec_loss 0.0129, lpips_loss 0.1449, g_loss -0.0275, disc_weight 0.4000, disc_adaptive_weight 7.3967, d_loss 0.4009, logits_real 0.0255, logits_fake 0.0274,
Train Epoch: [25/30] Iters:[240/468] gen_loss -0.0422, rec_loss 0.0128, lpips_loss 0.1451, g_loss -0.0272, disc_weight 0.4000, disc_adaptive_weight 7.4008, d_loss 0.4009, logits_real 0.0253, logits_fake 0.0275,
Train Epoch: [25/30] Iters:[250/468] gen_loss -0.0365, rec_loss 0.0128, lpips_loss 0.1448, g_loss -0.0274, disc_weight 0.4000, disc_adaptive_weight 7.1233, d_loss 0.4010, logits_real 0.0254, logits_fake 0.0278,
Train Epoch: [25/30] Iters:[260/468] gen_loss -0.0288, rec_loss 0.0126, lpips_loss 0.1445, g_loss -0.0274, disc_weight 0.4000, disc_adaptive_weight 6.8399, d_loss 0.4010, logits_real 0.0252, logits_fake 0.0276,
Train Epoch: [25/30] Iters:[270/468] gen_loss -0.0194, rec_loss 0.0125, lpips_loss 0.1448, g_loss -0.0273, disc_weight 0.4000, disc_adaptive_weight 6.5167, d_loss 0.4010, logits_real 0.0253, logits_fake 0.0277,
Train Epoch: [25/30] Iters:[280/468] gen_loss -0.0240, rec_loss 0.0125, lpips_loss 0.1447, g_loss -0.0272, disc_weight 0.4000, disc_adaptive_weight 6.6927, d_loss 0.4010, logits_real 0.0252, logits_fake 0.0277,
Train Epoch: [25/30] Iters:[290/468] gen_loss -0.0237, rec_loss 0.0124, lpips_loss 0.1442, g_loss -0.0272, disc_weight 0.4000, disc_adaptive_weight 6.6411, d_loss 0.4009, logits_real 0.0251, logits_fake 0.0273,
Train Epoch: [25/30] Iters:[300/468] gen_loss -0.0250, rec_loss 0.0124, lpips_loss 0.1446, g_loss -0.0273, disc_weight 0.4000, disc_adaptive_weight 6.6768, d_loss 0.4009, logits_real 0.0251, logits_fake 0.0273,
Train Epoch: [25/30] Iters:[310/468] gen_loss -0.0340, rec_loss 0.0125, lpips_loss 0.1452, g_loss -0.0277, disc_weight 0.4000, disc_adaptive_weight 6.9233, d_loss 0.4009, logits_real 0.0255, logits_fake 0.0277,
Train Epoch: [25/30] Iters:[320/468] gen_loss -0.0535, rec_loss 0.0126, lpips_loss 0.1450, g_loss -0.0283, disc_weight 0.4000, disc_adaptive_weight 7.4658, d_loss 0.4009, logits_real 0.0260, logits_fake 0.0282,
Train Epoch: [25/30] Iters:[330/468] gen_loss -0.0582, rec_loss 0.0126, lpips_loss 0.1449, g_loss -0.0290, disc_weight 0.4000, disc_adaptive_weight 7.4254, d_loss 0.4009, logits_real 0.0268, logits_fake 0.0289,
Train Epoch: [25/30] Iters:[340/468] gen_loss -0.0700, rec_loss 0.0128, lpips_loss 0.1452, g_loss -0.0300, disc_weight 0.4000, disc_adaptive_weight 7.6203, d_loss 0.4009, logits_real 0.0277, logits_fake 0.0298,
Train Epoch: [25/30] Iters:[350/468] gen_loss -0.0732, rec_loss 0.0128, lpips_loss 0.1451, g_loss -0.0307, disc_weight 0.4000, disc_adaptive_weight 7.5740, d_loss 0.4009, logits_real 0.0284, logits_fake 0.0305,
Train Epoch: [25/30] Iters:[360/468] gen_loss -0.0680, rec_loss 0.0126, lpips_loss 0.1444, g_loss -0.0312, disc_weight 0.4000, disc_adaptive_weight 7.2487, d_loss 0.4009, logits_real 0.0289, logits_fake 0.0310,
Train Epoch: [25/30] Iters:[370/468] gen_loss -0.0709, rec_loss 0.0126, lpips_loss 0.1443, g_loss -0.0314, disc_weight 0.4000, disc_adaptive_weight 7.2755, d_loss 0.4009, logits_real 0.0292, logits_fake 0.0313,
Train Epoch: [25/30] Iters:[380/468] gen_loss -0.0692, rec_loss 0.0126, lpips_loss 0.1443, g_loss -0.0317, disc_weight 0.4000, disc_adaptive_weight 7.1542, d_loss 0.4009, logits_real 0.0295, logits_fake 0.0315,
Train Epoch: [25/30] Iters:[390/468] gen_loss -0.0681, rec_loss 0.0126, lpips_loss 0.1444, g_loss -0.0318, disc_weight 0.4000, disc_adaptive_weight 7.0887, d_loss 0.4009, logits_real 0.0298, logits_fake 0.0317,
Train Epoch: [25/30] Iters:[400/468] gen_loss -0.0773, rec_loss 0.0127, lpips_loss 0.1445, g_loss -0.0319, disc_weight 0.4000, disc_adaptive_weight 7.3655, d_loss 0.4009, logits_real 0.0298, logits_fake 0.0318,
Train Epoch: [25/30] Iters:[410/468] gen_loss -0.0829, rec_loss 0.0129, lpips_loss 0.1456, g_loss -0.0319, disc_weight 0.4000, disc_adaptive_weight 7.5817, d_loss 0.4009, logits_real 0.0299, logits_fake 0.0319,
Train Epoch: [25/30] Iters:[420/468] gen_loss -0.0875, rec_loss 0.0130, lpips_loss 0.1458, g_loss -0.0318, disc_weight 0.4000, disc_adaptive_weight 7.7572, d_loss 0.4008, logits_real 0.0300, logits_fake 0.0317,
Train Epoch: [25/30] Iters:[430/468] gen_loss -0.0861, rec_loss 0.0131, lpips_loss 0.1464, g_loss -0.0314, disc_weight 0.4000, disc_adaptive_weight 7.8070, d_loss 0.4009, logits_real 0.0299, logits_fake 0.0317,
Train Epoch: [25/30] Iters:[440/468] gen_loss -0.0920, rec_loss 0.0130, lpips_loss 0.1462, g_loss -0.0312, disc_weight 0.4000, disc_adaptive_weight 8.0314, d_loss 0.4009, logits_real 0.0294, logits_fake 0.0314,
Train Epoch: [25/30] Iters:[450/468] gen_loss -0.0852, rec_loss 0.0130, lpips_loss 0.1461, g_loss -0.0309, disc_weight 0.4000, disc_adaptive_weight 7.8817, d_loss 0.4009, logits_real 0.0292, logits_fake 0.0313,
Train Epoch: [25/30] Iters:[460/468] gen_loss -0.0706, rec_loss 0.0128, lpips_loss 0.1453, g_loss -0.0309, disc_weight 0.4000, disc_adaptive_weight 7.3748, d_loss 0.4009, logits_real 0.0291, logits_fake 0.0313,
Loading pretrained model LPIPS from /home/sunset/.cache/torch/hub/pyiqa/LPIPS_v0.1_alex-df73285e.pth
epoch:26, cur_lr:0.000010
Train Epoch: [26/30] Iters:[10/468] gen_loss -0.1242, rec_loss 0.0129, lpips_loss 0.1470, g_loss -0.0317, disc_weight 0.4000, disc_adaptive_weight 8.9876, d_loss 0.4011, logits_real 0.0292, logits_fake 0.0321,
Train Epoch: [26/30] Iters:[20/468] gen_loss -0.1413, rec_loss 0.0131, lpips_loss 0.1470, g_loss -0.0315, disc_weight 0.4000, disc_adaptive_weight 9.5717, d_loss 0.4010, logits_real 0.0290, logits_fake 0.0317,
Train Epoch: [26/30] Iters:[30/468] gen_loss -0.1239, rec_loss 0.0128, lpips_loss 0.1466, g_loss -0.0315, disc_weight 0.4000, disc_adaptive_weight 9.0024, d_loss 0.4010, logits_real 0.0290, logits_fake 0.0317,
Train Epoch: [26/30] Iters:[40/468] gen_loss -0.1096, rec_loss 0.0128, lpips_loss 0.1462, g_loss -0.0314, disc_weight 0.4000, disc_adaptive_weight 8.5585, d_loss 0.4010, logits_real 0.0290, logits_fake 0.0316,
Train Epoch: [26/30] Iters:[50/468] gen_loss -0.1040, rec_loss 0.0129, lpips_loss 0.1464, g_loss -0.0314, disc_weight 0.4000, disc_adaptive_weight 8.3790, d_loss 0.4010, logits_real 0.0291, logits_fake 0.0315,
Train Epoch: [26/30] Iters:[60/468] gen_loss -0.1006, rec_loss 0.0128, lpips_loss 0.1459, g_loss -0.0313, disc_weight 0.4000, disc_adaptive_weight 8.2842, d_loss 0.4009, logits_real 0.0289, logits_fake 0.0312,
Train Epoch: [26/30] Iters:[70/468] gen_loss -0.0896, rec_loss 0.0127, lpips_loss 0.1460, g_loss -0.0311, disc_weight 0.4000, disc_adaptive_weight 7.9763, d_loss 0.4009, logits_real 0.0288, logits_fake 0.0311,
Train Epoch: [26/30] Iters:[80/468] gen_loss -0.1004, rec_loss 0.0128, lpips_loss 0.1458, g_loss -0.0311, disc_weight 0.4000, disc_adaptive_weight 8.3022, d_loss 0.4009, logits_real 0.0288, logits_fake 0.0311,
Train Epoch: [26/30] Iters:[90/468] gen_loss -0.1118, rec_loss 0.0128, lpips_loss 0.1459, g_loss -0.0312, disc_weight 0.4000, disc_adaptive_weight 8.6507, d_loss 0.4009, logits_real 0.0289, logits_fake 0.0311,
Train Epoch: [26/30] Iters:[100/468] gen_loss -0.1135, rec_loss 0.0127, lpips_loss 0.1453, g_loss -0.0311, disc_weight 0.4000, disc_adaptive_weight 8.6964, d_loss 0.4010, logits_real 0.0286, logits_fake 0.0312,
Train Epoch: [26/30] Iters:[110/468] gen_loss -0.1031, rec_loss 0.0128, lpips_loss 0.1455, g_loss -0.0309, disc_weight 0.4000, disc_adaptive_weight 8.4076, d_loss 0.4010, logits_real 0.0285, logits_fake 0.0312,
Train Epoch: [26/30] Iters:[120/468] gen_loss -0.1031, rec_loss 0.0127, lpips_loss 0.1450, g_loss -0.0309, disc_weight 0.4000, disc_adaptive_weight 8.4110, d_loss 0.4010, logits_real 0.0285, logits_fake 0.0310,
Train Epoch: [26/30] Iters:[130/468] gen_loss -0.0994, rec_loss 0.0126, lpips_loss 0.1450, g_loss -0.0308, disc_weight 0.4000, disc_adaptive_weight 8.3379, d_loss 0.4010, logits_real 0.0283, logits_fake 0.0309,
Train Epoch: [26/30] Iters:[140/468] gen_loss -0.0984, rec_loss 0.0125, lpips_loss 0.1447, g_loss -0.0307, disc_weight 0.4000, disc_adaptive_weight 8.3103, d_loss 0.4010, logits_real 0.0282, logits_fake 0.0309,
Train Epoch: [26/30] Iters:[150/468] gen_loss -0.0978, rec_loss 0.0125, lpips_loss 0.1448, g_loss -0.0307, disc_weight 0.4000, disc_adaptive_weight 8.3008, d_loss 0.4010, logits_real 0.0284, logits_fake 0.0308,
Train Epoch: [26/30] Iters:[160/468] gen_loss -0.1124, rec_loss 0.0125, lpips_loss 0.1445, g_loss -0.0308, disc_weight 0.4000, disc_adaptive_weight 8.7256, d_loss 0.4009, logits_real 0.0287, logits_fake 0.0309,
Train Epoch: [26/30] Iters:[170/468] gen_loss -0.1048, rec_loss 0.0126, lpips_loss 0.1450, g_loss -0.0309, disc_weight 0.4000, disc_adaptive_weight 8.4790, d_loss 0.4009, logits_real 0.0288, logits_fake 0.0311,
Train Epoch: [26/30] Iters:[180/468] gen_loss -0.1019, rec_loss 0.0127, lpips_loss 0.1452, g_loss -0.0308, disc_weight 0.4000, disc_adaptive_weight 8.4102, d_loss 0.4009, logits_real 0.0288, logits_fake 0.0311,
Train Epoch: [26/30] Iters:[190/468] gen_loss -0.0972, rec_loss 0.0127, lpips_loss 0.1454, g_loss -0.0308, disc_weight 0.4000, disc_adaptive_weight 8.2709, d_loss 0.4009, logits_real 0.0288, logits_fake 0.0311,
Train Epoch: [26/30] Iters:[200/468] gen_loss -0.0998, rec_loss 0.0127, lpips_loss 0.1453, g_loss -0.0310, disc_weight 0.4000, disc_adaptive_weight 8.3189, d_loss 0.4009, logits_real 0.0289, logits_fake 0.0311,
Train Epoch: [26/30] Iters:[210/468] gen_loss -0.0966, rec_loss 0.0127, lpips_loss 0.1453, g_loss -0.0311, disc_weight 0.4000, disc_adaptive_weight 8.1996, d_loss 0.4009, logits_real 0.0287, logits_fake 0.0312,
Train Epoch: [26/30] Iters:[220/468] gen_loss -0.0964, rec_loss 0.0126, lpips_loss 0.1445, g_loss -0.0312, disc_weight 0.4000, disc_adaptive_weight 8.1426, d_loss 0.4009, logits_real 0.0289, logits_fake 0.0311,
Train Epoch: [26/30] Iters:[230/468] gen_loss -0.0874, rec_loss 0.0126, lpips_loss 0.1444, g_loss -0.0312, disc_weight 0.4000, disc_adaptive_weight 7.8346, d_loss 0.4009, logits_real 0.0289, logits_fake 0.0312,
Train Epoch: [26/30] Iters:[240/468] gen_loss -0.0855, rec_loss 0.0126, lpips_loss 0.1443, g_loss -0.0312, disc_weight 0.4000, disc_adaptive_weight 7.7906, d_loss 0.4009, logits_real 0.0290, logits_fake 0.0311,
Train Epoch: [26/30] Iters:[250/468] gen_loss -0.0816, rec_loss 0.0126, lpips_loss 0.1447, g_loss -0.0310, disc_weight 0.4000, disc_adaptive_weight 7.7117, d_loss 0.4009, logits_real 0.0289, logits_fake 0.0311,
Train Epoch: [26/30] Iters:[260/468] gen_loss -0.0688, rec_loss 0.0126, lpips_loss 0.1447, g_loss -0.0308, disc_weight 0.4000, disc_adaptive_weight 7.3564, d_loss 0.4009, logits_real 0.0286, logits_fake 0.0309,
Train Epoch: [26/30] Iters:[270/468] gen_loss -0.0868, rec_loss 0.0127, lpips_loss 0.1450, g_loss -0.0305, disc_weight 0.4000, disc_adaptive_weight 8.0593, d_loss 0.4009, logits_real 0.0284, logits_fake 0.0308,
Train Epoch: [26/30] Iters:[280/468] gen_loss -0.0925, rec_loss 0.0127, lpips_loss 0.1451, g_loss -0.0301, disc_weight 0.4000, disc_adaptive_weight 8.3405, d_loss 0.4009, logits_real 0.0279, logits_fake 0.0304,
Train Epoch: [26/30] Iters:[290/468] gen_loss -0.0917, rec_loss 0.0126, lpips_loss 0.1449, g_loss -0.0299, disc_weight 0.4000, disc_adaptive_weight 8.3732, d_loss 0.4010, logits_real 0.0276, logits_fake 0.0301,
Train Epoch: [26/30] Iters:[300/468] gen_loss -0.0820, rec_loss 0.0126, lpips_loss 0.1449, g_loss -0.0296, disc_weight 0.4000, disc_adaptive_weight 8.1142, d_loss 0.4009, logits_real 0.0275, logits_fake 0.0298,
Train Epoch: [26/30] Iters:[310/468] gen_loss -0.0835, rec_loss 0.0126, lpips_loss 0.1448, g_loss -0.0295, disc_weight 0.4000, disc_adaptive_weight 8.1642, d_loss 0.4009, logits_real 0.0276, logits_fake 0.0297,
Train Epoch: [26/30] Iters:[320/468] gen_loss -0.0610, rec_loss 0.0125, lpips_loss 0.1451, g_loss -0.0298, disc_weight 0.4000, disc_adaptive_weight 7.3655, d_loss 0.4009, logits_real 0.0276, logits_fake 0.0298,
Train Epoch: [26/30] Iters:[330/468] gen_loss -0.0503, rec_loss 0.0125, lpips_loss 0.1451, g_loss -0.0300, disc_weight 0.4000, disc_adaptive_weight 6.9477, d_loss 0.4008, logits_real 0.0279, logits_fake 0.0300,
Train Epoch: [26/30] Iters:[340/468] gen_loss -0.0563, rec_loss 0.0125, lpips_loss 0.1457, g_loss -0.0304, disc_weight 0.4000, disc_adaptive_weight 7.0499, d_loss 0.4008, logits_real 0.0282, logits_fake 0.0303,
Train Epoch: [26/30] Iters:[350/468] gen_loss -0.0699, rec_loss 0.0127, lpips_loss 0.1461, g_loss -0.0307, disc_weight 0.4000, disc_adaptive_weight 7.4228, d_loss 0.4009, logits_real 0.0285, logits_fake 0.0308,
Train Epoch: [26/30] Iters:[360/468] gen_loss -0.0791, rec_loss 0.0127, lpips_loss 0.1463, g_loss -0.0311, disc_weight 0.4000, disc_adaptive_weight 7.6488, d_loss 0.4009, logits_real 0.0288, logits_fake 0.0311,
Train Epoch: [26/30] Iters:[370/468] gen_loss -0.0862, rec_loss 0.0127, lpips_loss 0.1453, g_loss -0.0312, disc_weight 0.4000, disc_adaptive_weight 7.8233, d_loss 0.4009, logits_real 0.0290, logits_fake 0.0314,
Train Epoch: [26/30] Iters:[380/468] gen_loss -0.0940, rec_loss 0.0127, lpips_loss 0.1454, g_loss -0.0313, disc_weight 0.4000, disc_adaptive_weight 8.0653, d_loss 0.4009, logits_real 0.0290, logits_fake 0.0314,
Train Epoch: [26/30] Iters:[390/468] gen_loss -0.0773, rec_loss 0.0127, lpips_loss 0.1449, g_loss -0.0310, disc_weight 0.4000, disc_adaptive_weight 7.5820, d_loss 0.4009, logits_real 0.0288, logits_fake 0.0312,
Train Epoch: [26/30] Iters:[400/468] gen_loss -0.0728, rec_loss 0.0126, lpips_loss 0.1446, g_loss -0.0305, disc_weight 0.4000, disc_adaptive_weight 7.5495, d_loss 0.4009, logits_real 0.0282, logits_fake 0.0304,
Train Epoch: [26/30] Iters:[410/468] gen_loss -0.0672, rec_loss 0.0129, lpips_loss 0.1447, g_loss -0.0300, disc_weight 0.4000, disc_adaptive_weight 7.5220, d_loss 0.4009, logits_real 0.0277, logits_fake 0.0299,
Train Epoch: [26/30] Iters:[420/468] gen_loss -0.0569, rec_loss 0.0128, lpips_loss 0.1453, g_loss -0.0294, disc_weight 0.4000, disc_adaptive_weight 7.3304, d_loss 0.4009, logits_real 0.0270, logits_fake 0.0291,
Train Epoch: [26/30] Iters:[430/468] gen_loss -0.0630, rec_loss 0.0127, lpips_loss 0.1450, g_loss -0.0288, disc_weight 0.4000, disc_adaptive_weight 7.6806, d_loss 0.4009, logits_real 0.0265, logits_fake 0.0288,
Train Epoch: [26/30] Iters:[440/468] gen_loss -0.0750, rec_loss 0.0127, lpips_loss 0.1450, g_loss -0.0286, disc_weight 0.4000, disc_adaptive_weight 8.1418, d_loss 0.4009, logits_real 0.0263, logits_fake 0.0286,
Train Epoch: [26/30] Iters:[450/468] gen_loss -0.0672, rec_loss 0.0125, lpips_loss 0.1446, g_loss -0.0286, disc_weight 0.4000, disc_adaptive_weight 7.8567, d_loss 0.4009, logits_real 0.0263, logits_fake 0.0287,
Train Epoch: [26/30] Iters:[460/468] gen_loss -0.0685, rec_loss 0.0123, lpips_loss 0.1447, g_loss -0.0286, disc_weight 0.4000, disc_adaptive_weight 7.9048, d_loss 0.4009, logits_real 0.0264, logits_fake 0.0287,
epoch:27, cur_lr:0.000010
Train Epoch: [27/30] Iters:[10/468] gen_loss -0.1144, rec_loss 0.0126, lpips_loss 0.1444, g_loss -0.0289, disc_weight 0.4000, disc_adaptive_weight 9.3703, d_loss 0.4008, logits_real 0.0272, logits_fake 0.0289,
Train Epoch: [27/30] Iters:[20/468] gen_loss -0.0842, rec_loss 0.0123, lpips_loss 0.1439, g_loss -0.0292, disc_weight 0.4000, disc_adaptive_weight 8.2379, d_loss 0.4009, logits_real 0.0272, logits_fake 0.0294,
Train Epoch: [27/30] Iters:[30/468] gen_loss -0.0610, rec_loss 0.0123, lpips_loss 0.1443, g_loss -0.0294, disc_weight 0.4000, disc_adaptive_weight 7.4260, d_loss 0.4008, logits_real 0.0274, logits_fake 0.0294,
Train Epoch: [27/30] Iters:[40/468] gen_loss -0.0872, rec_loss 0.0123, lpips_loss 0.1437, g_loss -0.0299, disc_weight 0.4000, disc_adaptive_weight 8.1183, d_loss 0.4009, logits_real 0.0276, logits_fake 0.0298,
Train Epoch: [27/30] Iters:[50/468] gen_loss -0.0849, rec_loss 0.0123, lpips_loss 0.1440, g_loss -0.0302, disc_weight 0.4000, disc_adaptive_weight 7.9722, d_loss 0.4009, logits_real 0.0279, logits_fake 0.0301,
Train Epoch: [27/30] Iters:[60/468] gen_loss -0.0893, rec_loss 0.0124, lpips_loss 0.1444, g_loss -0.0306, disc_weight 0.4000, disc_adaptive_weight 8.0110, d_loss 0.4009, logits_real 0.0282, logits_fake 0.0306,
Train Epoch: [27/30] Iters:[70/468] gen_loss -0.1007, rec_loss 0.0126, lpips_loss 0.1446, g_loss -0.0310, disc_weight 0.4000, disc_adaptive_weight 8.2990, d_loss 0.4009, logits_real 0.0286, logits_fake 0.0308,
Train Epoch: [27/30] Iters:[80/468] gen_loss -0.1112, rec_loss 0.0126, lpips_loss 0.1442, g_loss -0.0311, disc_weight 0.4000, disc_adaptive_weight 8.6207, d_loss 0.4009, logits_real 0.0288, logits_fake 0.0309,
Train Epoch: [27/30] Iters:[90/468] gen_loss -0.0893, rec_loss 0.0128, lpips_loss 0.1451, g_loss -0.0309, disc_weight 0.4000, disc_adaptive_weight 8.0004, d_loss 0.4008, logits_real 0.0289, logits_fake 0.0309,
Train Epoch: [27/30] Iters:[100/468] gen_loss -0.0958, rec_loss 0.0128, lpips_loss 0.1449, g_loss -0.0307, disc_weight 0.4000, disc_adaptive_weight 8.2173, d_loss 0.4008, logits_real 0.0288, logits_fake 0.0307,
Train Epoch: [27/30] Iters:[110/468] gen_loss -0.0860, rec_loss 0.0127, lpips_loss 0.1445, g_loss -0.0309, disc_weight 0.4000, disc_adaptive_weight 7.8607, d_loss 0.4009, logits_real 0.0288, logits_fake 0.0309,
Train Epoch: [27/30] Iters:[120/468] gen_loss -0.0869, rec_loss 0.0126, lpips_loss 0.1444, g_loss -0.0309, disc_weight 0.4000, disc_adaptive_weight 7.8582, d_loss 0.4009, logits_real 0.0289, logits_fake 0.0309,
Train Epoch: [27/30] Iters:[130/468] gen_loss -0.0952, rec_loss 0.0127, lpips_loss 0.1446, g_loss -0.0313, disc_weight 0.4000, disc_adaptive_weight 8.0125, d_loss 0.4009, logits_real 0.0291, logits_fake 0.0313,
Train Epoch: [27/30] Iters:[140/468] gen_loss -0.1051, rec_loss 0.0126, lpips_loss 0.1439, g_loss -0.0318, disc_weight 0.4000, disc_adaptive_weight 8.1996, d_loss 0.4009, logits_real 0.0291, logits_fake 0.0315,
Train Epoch: [27/30] Iters:[150/468] gen_loss -0.0929, rec_loss 0.0125, lpips_loss 0.1436, g_loss -0.0318, disc_weight 0.4000, disc_adaptive_weight 7.7914, d_loss 0.4009, logits_real 0.0293, logits_fake 0.0316,
Train Epoch: [27/30] Iters:[160/468] gen_loss -0.0867, rec_loss 0.0126, lpips_loss 0.1441, g_loss -0.0318, disc_weight 0.4000, disc_adaptive_weight 7.6209, d_loss 0.4009, logits_real 0.0290, logits_fake 0.0313,
Train Epoch: [27/30] Iters:[170/468] gen_loss -0.0959, rec_loss 0.0126, lpips_loss 0.1441, g_loss -0.0318, disc_weight 0.4000, disc_adaptive_weight 7.9166, d_loss 0.4009, logits_real 0.0290, logits_fake 0.0313,
Train Epoch: [27/30] Iters:[180/468] gen_loss -0.0940, rec_loss 0.0125, lpips_loss 0.1441, g_loss -0.0319, disc_weight 0.4000, disc_adaptive_weight 7.8308, d_loss 0.4009, logits_real 0.0292, logits_fake 0.0314,
Train Epoch: [27/30] Iters:[190/468] gen_loss -0.0954, rec_loss 0.0126, lpips_loss 0.1444, g_loss -0.0320, disc_weight 0.4000, disc_adaptive_weight 7.8423, d_loss 0.4009, logits_real 0.0296, logits_fake 0.0317,
Train Epoch: [27/30] Iters:[200/468] gen_loss -0.0990, rec_loss 0.0126, lpips_loss 0.1447, g_loss -0.0323, disc_weight 0.4000, disc_adaptive_weight 7.9126, d_loss 0.4009, logits_real 0.0299, logits_fake 0.0321,
Train Epoch: [27/30] Iters:[210/468] gen_loss -0.1150, rec_loss 0.0125, lpips_loss 0.1445, g_loss -0.0327, disc_weight 0.4000, disc_adaptive_weight 8.3164, d_loss 0.4009, logits_real 0.0302, logits_fake 0.0324,
Train Epoch: [27/30] Iters:[220/468] gen_loss -0.1045, rec_loss 0.0126, lpips_loss 0.1451, g_loss -0.0327, disc_weight 0.4000, disc_adaptive_weight 8.0014, d_loss 0.4009, logits_real 0.0303, logits_fake 0.0324,
Train Epoch: [27/30] Iters:[230/468] gen_loss -0.0900, rec_loss 0.0129, lpips_loss 0.1455, g_loss -0.0322, disc_weight 0.4000, disc_adaptive_weight 7.6581, d_loss 0.4009, logits_real 0.0299, logits_fake 0.0321,
Train Epoch: [27/30] Iters:[240/468] gen_loss -0.0856, rec_loss 0.0128, lpips_loss 0.1456, g_loss -0.0319, disc_weight 0.4000, disc_adaptive_weight 7.6067, d_loss 0.4009, logits_real 0.0295, logits_fake 0.0319,
Train Epoch: [27/30] Iters:[250/468] gen_loss -0.0890, rec_loss 0.0129, lpips_loss 0.1459, g_loss -0.0316, disc_weight 0.4000, disc_adaptive_weight 7.8066, d_loss 0.4009, logits_real 0.0293, logits_fake 0.0314,
Train Epoch: [27/30] Iters:[260/468] gen_loss -0.0695, rec_loss 0.0129, lpips_loss 0.1459, g_loss -0.0308, disc_weight 0.4000, disc_adaptive_weight 7.3792, d_loss 0.4008, logits_real 0.0287, logits_fake 0.0307,
Train Epoch: [27/30] Iters:[270/468] gen_loss -0.0584, rec_loss 0.0128, lpips_loss 0.1452, g_loss -0.0301, disc_weight 0.4000, disc_adaptive_weight 7.1704, d_loss 0.4009, logits_real 0.0279, logits_fake 0.0301,
Train Epoch: [27/30] Iters:[280/468] gen_loss -0.0587, rec_loss 0.0126, lpips_loss 0.1452, g_loss -0.0298, disc_weight 0.4000, disc_adaptive_weight 7.2559, d_loss 0.4008, logits_real 0.0277, logits_fake 0.0296,
Train Epoch: [27/30] Iters:[290/468] gen_loss -0.0485, rec_loss 0.0127, lpips_loss 0.1453, g_loss -0.0292, disc_weight 0.4000, disc_adaptive_weight 7.0734, d_loss 0.4008, logits_real 0.0276, logits_fake 0.0293,
Train Epoch: [27/30] Iters:[300/468] gen_loss -0.0525, rec_loss 0.0126, lpips_loss 0.1454, g_loss -0.0290, disc_weight 0.4000, disc_adaptive_weight 7.2486, d_loss 0.4008, logits_real 0.0273, logits_fake 0.0292,
Train Epoch: [27/30] Iters:[310/468] gen_loss -0.0705, rec_loss 0.0126, lpips_loss 0.1449, g_loss -0.0297, disc_weight 0.4000, disc_adaptive_weight 7.6339, d_loss 0.4009, logits_real 0.0278, logits_fake 0.0298,
Train Epoch: [27/30] Iters:[320/468] gen_loss -0.0750, rec_loss 0.0126, lpips_loss 0.1456, g_loss -0.0307, disc_weight 0.4000, disc_adaptive_weight 7.5792, d_loss 0.4009, logits_real 0.0288, logits_fake 0.0308,
Train Epoch: [27/30] Iters:[330/468] gen_loss -0.0815, rec_loss 0.0126, lpips_loss 0.1453, g_loss -0.0315, disc_weight 0.4000, disc_adaptive_weight 7.5946, d_loss 0.4009, logits_real 0.0292, logits_fake 0.0316,
Train Epoch: [27/30] Iters:[340/468] gen_loss -0.0950, rec_loss 0.0124, lpips_loss 0.1452, g_loss -0.0324, disc_weight 0.4000, disc_adaptive_weight 7.8021, d_loss 0.4009, logits_real 0.0300, logits_fake 0.0321,
Train Epoch: [27/30] Iters:[350/468] gen_loss -0.1006, rec_loss 0.0125, lpips_loss 0.1456, g_loss -0.0330, disc_weight 0.4000, disc_adaptive_weight 7.8059, d_loss 0.4009, logits_real 0.0305, logits_fake 0.0328,
Train Epoch: [27/30] Iters:[360/468] gen_loss -0.0988, rec_loss 0.0124, lpips_loss 0.1457, g_loss -0.0331, disc_weight 0.4000, disc_adaptive_weight 7.7291, d_loss 0.4009, logits_real 0.0308, logits_fake 0.0329,
Train Epoch: [27/30] Iters:[370/468] gen_loss -0.0950, rec_loss 0.0123, lpips_loss 0.1451, g_loss -0.0328, disc_weight 0.4000, disc_adaptive_weight 7.6548, d_loss 0.4009, logits_real 0.0305, logits_fake 0.0327,
Train Epoch: [27/30] Iters:[380/468] gen_loss -0.0940, rec_loss 0.0123, lpips_loss 0.1447, g_loss -0.0325, disc_weight 0.4000, disc_adaptive_weight 7.6724, d_loss 0.4009, logits_real 0.0301, logits_fake 0.0323,
Train Epoch: [27/30] Iters:[390/468] gen_loss -0.0893, rec_loss 0.0123, lpips_loss 0.1442, g_loss -0.0321, disc_weight 0.4000, disc_adaptive_weight 7.6066, d_loss 0.4009, logits_real 0.0295, logits_fake 0.0320,
Train Epoch: [27/30] Iters:[400/468] gen_loss -0.0781, rec_loss 0.0122, lpips_loss 0.1439, g_loss -0.0318, disc_weight 0.4000, disc_adaptive_weight 7.3340, d_loss 0.4009, logits_real 0.0292, logits_fake 0.0317,
Train Epoch: [27/30] Iters:[410/468] gen_loss -0.0771, rec_loss 0.0124, lpips_loss 0.1441, g_loss -0.0316, disc_weight 0.4000, disc_adaptive_weight 7.3970, d_loss 0.4010, logits_real 0.0290, logits_fake 0.0316,
Train Epoch: [27/30] Iters:[420/468] gen_loss -0.0876, rec_loss 0.0125, lpips_loss 0.1448, g_loss -0.0317, disc_weight 0.4000, disc_adaptive_weight 7.7233, d_loss 0.4010, logits_real 0.0291, logits_fake 0.0316,
Train Epoch: [27/30] Iters:[430/468] gen_loss -0.0932, rec_loss 0.0127, lpips_loss 0.1454, g_loss -0.0314, disc_weight 0.4000, disc_adaptive_weight 7.9898, d_loss 0.4010, logits_real 0.0289, logits_fake 0.0315,
Train Epoch: [27/30] Iters:[440/468] gen_loss -0.0972, rec_loss 0.0128, lpips_loss 0.1458, g_loss -0.0310, disc_weight 0.4000, disc_adaptive_weight 8.2702, d_loss 0.4009, logits_real 0.0285, logits_fake 0.0310,
Train Epoch: [27/30] Iters:[450/468] gen_loss -0.0944, rec_loss 0.0128, lpips_loss 0.1457, g_loss -0.0302, disc_weight 0.4000, disc_adaptive_weight 8.3570, d_loss 0.4009, logits_real 0.0278, logits_fake 0.0302,
Train Epoch: [27/30] Iters:[460/468] gen_loss -0.0831, rec_loss 0.0127, lpips_loss 0.1451, g_loss -0.0295, disc_weight 0.4000, disc_adaptive_weight 8.1561, d_loss 0.4009, logits_real 0.0271, logits_fake 0.0295,
epoch:28, cur_lr:0.000010
Train Epoch: [28/30] Iters:[10/468] gen_loss -0.0248, rec_loss 0.0124, lpips_loss 0.1447, g_loss -0.0288, disc_weight 0.4000, disc_adaptive_weight 6.3244, d_loss 0.4009, logits_real 0.0264, logits_fake 0.0287,
Train Epoch: [28/30] Iters:[20/468] gen_loss -0.0319, rec_loss 0.0125, lpips_loss 0.1439, g_loss -0.0288, disc_weight 0.4000, disc_adaptive_weight 6.5517, d_loss 0.4009, logits_real 0.0265, logits_fake 0.0288,
Train Epoch: [28/30] Iters:[30/468] gen_loss -0.0425, rec_loss 0.0125, lpips_loss 0.1442, g_loss -0.0290, disc_weight 0.4000, disc_adaptive_weight 6.8690, d_loss 0.4009, logits_real 0.0268, logits_fake 0.0290,
Train Epoch: [28/30] Iters:[40/468] gen_loss -0.0504, rec_loss 0.0126, lpips_loss 0.1441, g_loss -0.0293, disc_weight 0.4000, disc_adaptive_weight 7.0771, d_loss 0.4009, logits_real 0.0269, logits_fake 0.0292,
Train Epoch: [28/30] Iters:[50/468] gen_loss -0.0443, rec_loss 0.0126, lpips_loss 0.1442, g_loss -0.0292, disc_weight 0.4000, disc_adaptive_weight 6.8836, d_loss 0.4009, logits_real 0.0269, logits_fake 0.0292,
Train Epoch: [28/30] Iters:[60/468] gen_loss -0.0474, rec_loss 0.0126, lpips_loss 0.1440, g_loss -0.0289, disc_weight 0.4000, disc_adaptive_weight 7.0479, d_loss 0.4008, logits_real 0.0268, logits_fake 0.0289,
Train Epoch: [28/30] Iters:[70/468] gen_loss -0.0565, rec_loss 0.0126, lpips_loss 0.1444, g_loss -0.0283, disc_weight 0.4000, disc_adaptive_weight 7.5906, d_loss 0.4008, logits_real 0.0263, logits_fake 0.0283,
Train Epoch: [28/30] Iters:[80/468] gen_loss -0.0461, rec_loss 0.0125, lpips_loss 0.1442, g_loss -0.0276, disc_weight 0.4000, disc_adaptive_weight 7.3482, d_loss 0.4008, logits_real 0.0256, logits_fake 0.0276,
Train Epoch: [28/30] Iters:[90/468] gen_loss -0.0573, rec_loss 0.0124, lpips_loss 0.1443, g_loss -0.0273, disc_weight 0.4000, disc_adaptive_weight 7.8202, d_loss 0.4008, logits_real 0.0255, logits_fake 0.0274,
Train Epoch: [28/30] Iters:[100/468] gen_loss -0.0699, rec_loss 0.0123, lpips_loss 0.1442, g_loss -0.0275, disc_weight 0.4000, disc_adaptive_weight 8.2117, d_loss 0.4008, logits_real 0.0255, logits_fake 0.0274,
Train Epoch: [28/30] Iters:[110/468] gen_loss -0.0700, rec_loss 0.0123, lpips_loss 0.1443, g_loss -0.0279, disc_weight 0.4000, disc_adaptive_weight 8.1305, d_loss 0.4008, logits_real 0.0257, logits_fake 0.0278,
Train Epoch: [28/30] Iters:[120/468] gen_loss -0.0629, rec_loss 0.0125, lpips_loss 0.1446, g_loss -0.0286, disc_weight 0.4000, disc_adaptive_weight 7.6794, d_loss 0.4008, logits_real 0.0263, logits_fake 0.0283,
Train Epoch: [28/30] Iters:[130/468] gen_loss -0.0853, rec_loss 0.0125, lpips_loss 0.1450, g_loss -0.0293, disc_weight 0.4000, disc_adaptive_weight 8.3135, d_loss 0.4008, logits_real 0.0269, logits_fake 0.0290,
Train Epoch: [28/30] Iters:[140/468] gen_loss -0.0717, rec_loss 0.0126, lpips_loss 0.1455, g_loss -0.0295, disc_weight 0.4000, disc_adaptive_weight 7.7994, d_loss 0.4008, logits_real 0.0271, logits_fake 0.0292,
Train Epoch: [28/30] Iters:[150/468] gen_loss -0.0707, rec_loss 0.0127, lpips_loss 0.1458, g_loss -0.0295, disc_weight 0.4000, disc_adaptive_weight 7.7707, d_loss 0.4008, logits_real 0.0271, logits_fake 0.0293,
Train Epoch: [28/30] Iters:[160/468] gen_loss -0.0772, rec_loss 0.0128, lpips_loss 0.1459, g_loss -0.0296, disc_weight 0.4000, disc_adaptive_weight 7.9544, d_loss 0.4008, logits_real 0.0273, logits_fake 0.0293,
Train Epoch: [28/30] Iters:[170/468] gen_loss -0.0858, rec_loss 0.0127, lpips_loss 0.1453, g_loss -0.0299, disc_weight 0.4000, disc_adaptive_weight 8.1337, d_loss 0.4008, logits_real 0.0277, logits_fake 0.0298,
Train Epoch: [28/30] Iters:[180/468] gen_loss -0.0750, rec_loss 0.0127, lpips_loss 0.1456, g_loss -0.0301, disc_weight 0.4000, disc_adaptive_weight 7.7441, d_loss 0.4008, logits_real 0.0280, logits_fake 0.0300,
Train Epoch: [28/30] Iters:[190/468] gen_loss -0.0754, rec_loss 0.0127, lpips_loss 0.1453, g_loss -0.0300, disc_weight 0.4000, disc_adaptive_weight 7.7684, d_loss 0.4008, logits_real 0.0278, logits_fake 0.0299,
Train Epoch: [28/30] Iters:[200/468] gen_loss -0.0822, rec_loss 0.0127, lpips_loss 0.1453, g_loss -0.0298, disc_weight 0.4000, disc_adaptive_weight 8.0623, d_loss 0.4009, logits_real 0.0276, logits_fake 0.0298,
Train Epoch: [28/30] Iters:[210/468] gen_loss -0.0942, rec_loss 0.0126, lpips_loss 0.1452, g_loss -0.0295, disc_weight 0.4000, disc_adaptive_weight 8.5681, d_loss 0.4009, logits_real 0.0273, logits_fake 0.0295,
Train Epoch: [28/30] Iters:[220/468] gen_loss -0.0987, rec_loss 0.0127, lpips_loss 0.1459, g_loss -0.0291, disc_weight 0.4000, disc_adaptive_weight 8.8675, d_loss 0.4009, logits_real 0.0267, logits_fake 0.0291,
Train Epoch: [28/30] Iters:[230/468] gen_loss -0.1017, rec_loss 0.0127, lpips_loss 0.1454, g_loss -0.0288, disc_weight 0.4000, disc_adaptive_weight 9.0330, d_loss 0.4009, logits_real 0.0264, logits_fake 0.0288,
Train Epoch: [28/30] Iters:[240/468] gen_loss -0.0972, rec_loss 0.0126, lpips_loss 0.1449, g_loss -0.0287, disc_weight 0.4000, disc_adaptive_weight 8.8622, d_loss 0.4009, logits_real 0.0266, logits_fake 0.0287,
Train Epoch: [28/30] Iters:[250/468] gen_loss -0.0925, rec_loss 0.0126, lpips_loss 0.1444, g_loss -0.0290, disc_weight 0.4000, disc_adaptive_weight 8.6166, d_loss 0.4008, logits_real 0.0269, logits_fake 0.0289,
Train Epoch: [28/30] Iters:[260/468] gen_loss -0.0737, rec_loss 0.0127, lpips_loss 0.1444, g_loss -0.0292, disc_weight 0.4000, disc_adaptive_weight 7.8848, d_loss 0.4009, logits_real 0.0271, logits_fake 0.0294,
Train Epoch: [28/30] Iters:[270/468] gen_loss -0.0691, rec_loss 0.0125, lpips_loss 0.1436, g_loss -0.0300, disc_weight 0.4000, disc_adaptive_weight 7.4950, d_loss 0.4009, logits_real 0.0279, logits_fake 0.0301,
Train Epoch: [28/30] Iters:[280/468] gen_loss -0.0726, rec_loss 0.0126, lpips_loss 0.1438, g_loss -0.0306, disc_weight 0.4000, disc_adaptive_weight 7.4527, d_loss 0.4009, logits_real 0.0284, logits_fake 0.0307,
Train Epoch: [28/30] Iters:[290/468] gen_loss -0.0936, rec_loss 0.0126, lpips_loss 0.1438, g_loss -0.0310, disc_weight 0.4000, disc_adaptive_weight 8.0511, d_loss 0.4009, logits_real 0.0287, logits_fake 0.0312,
Train Epoch: [28/30] Iters:[300/468] gen_loss -0.0903, rec_loss 0.0126, lpips_loss 0.1444, g_loss -0.0310, disc_weight 0.4000, disc_adaptive_weight 7.9541, d_loss 0.4009, logits_real 0.0287, logits_fake 0.0312,
Train Epoch: [28/30] Iters:[310/468] gen_loss -0.0993, rec_loss 0.0126, lpips_loss 0.1441, g_loss -0.0310, disc_weight 0.4000, disc_adaptive_weight 8.2619, d_loss 0.4009, logits_real 0.0288, logits_fake 0.0310,
Train Epoch: [28/30] Iters:[320/468] gen_loss -0.0940, rec_loss 0.0127, lpips_loss 0.1446, g_loss -0.0303, disc_weight 0.4000, disc_adaptive_weight 8.2592, d_loss 0.4008, logits_real 0.0283, logits_fake 0.0304,
Train Epoch: [28/30] Iters:[330/468] gen_loss -0.0797, rec_loss 0.0126, lpips_loss 0.1444, g_loss -0.0298, disc_weight 0.4000, disc_adaptive_weight 7.9149, d_loss 0.4009, logits_real 0.0277, logits_fake 0.0298,
Train Epoch: [28/30] Iters:[340/468] gen_loss -0.0565, rec_loss 0.0127, lpips_loss 0.1452, g_loss -0.0294, disc_weight 0.4000, disc_adaptive_weight 7.2654, d_loss 0.4008, logits_real 0.0274, logits_fake 0.0294,
Train Epoch: [28/30] Iters:[350/468] gen_loss -0.0499, rec_loss 0.0126, lpips_loss 0.1449, g_loss -0.0293, disc_weight 0.4000, disc_adaptive_weight 7.0652, d_loss 0.4009, logits_real 0.0272, logits_fake 0.0293,
Train Epoch: [28/30] Iters:[360/468] gen_loss -0.0410, rec_loss 0.0125, lpips_loss 0.1449, g_loss -0.0293, disc_weight 0.4000, disc_adaptive_weight 6.7587, d_loss 0.4008, logits_real 0.0272, logits_fake 0.0293,
Train Epoch: [28/30] Iters:[370/468] gen_loss -0.0424, rec_loss 0.0124, lpips_loss 0.1449, g_loss -0.0292, disc_weight 0.4000, disc_adaptive_weight 6.8200, d_loss 0.4009, logits_real 0.0269, logits_fake 0.0292,
Train Epoch: [28/30] Iters:[380/468] gen_loss -0.0554, rec_loss 0.0123, lpips_loss 0.1443, g_loss -0.0295, disc_weight 0.4000, disc_adaptive_weight 7.1689, d_loss 0.4008, logits_real 0.0274, logits_fake 0.0294,
Train Epoch: [28/30] Iters:[390/468] gen_loss -0.0700, rec_loss 0.0122, lpips_loss 0.1436, g_loss -0.0298, disc_weight 0.4000, disc_adaptive_weight 7.5456, d_loss 0.4009, logits_real 0.0275, logits_fake 0.0299,
Train Epoch: [28/30] Iters:[400/468] gen_loss -0.0789, rec_loss 0.0123, lpips_loss 0.1439, g_loss -0.0303, disc_weight 0.4000, disc_adaptive_weight 7.7619, d_loss 0.4009, logits_real 0.0279, logits_fake 0.0301,
Train Epoch: [28/30] Iters:[410/468] gen_loss -0.0806, rec_loss 0.0124, lpips_loss 0.1442, g_loss -0.0305, disc_weight 0.4000, disc_adaptive_weight 7.7687, d_loss 0.4009, logits_real 0.0282, logits_fake 0.0306,
Train Epoch: [28/30] Iters:[420/468] gen_loss -0.0751, rec_loss 0.0125, lpips_loss 0.1440, g_loss -0.0312, disc_weight 0.4000, disc_adaptive_weight 7.4365, d_loss 0.4009, logits_real 0.0288, logits_fake 0.0312,
Train Epoch: [28/30] Iters:[430/468] gen_loss -0.0701, rec_loss 0.0126, lpips_loss 0.1447, g_loss -0.0316, disc_weight 0.4000, disc_adaptive_weight 7.2036, d_loss 0.4009, logits_real 0.0290, logits_fake 0.0316,
Train Epoch: [28/30] Iters:[440/468] gen_loss -0.0704, rec_loss 0.0127, lpips_loss 0.1447, g_loss -0.0317, disc_weight 0.4000, disc_adaptive_weight 7.1904, d_loss 0.4009, logits_real 0.0293, logits_fake 0.0316,
Train Epoch: [28/30] Iters:[450/468] gen_loss -0.0612, rec_loss 0.0126, lpips_loss 0.1446, g_loss -0.0318, disc_weight 0.4000, disc_adaptive_weight 6.8708, d_loss 0.4009, logits_real 0.0294, logits_fake 0.0317,
Train Epoch: [28/30] Iters:[460/468] gen_loss -0.0778, rec_loss 0.0126, lpips_loss 0.1448, g_loss -0.0317, disc_weight 0.4000, disc_adaptive_weight 7.4491, d_loss 0.4008, logits_real 0.0294, logits_fake 0.0316,
epoch:29, cur_lr:0.000010
Train Epoch: [29/30] Iters:[10/468] gen_loss -0.0956, rec_loss 0.0124, lpips_loss 0.1458, g_loss -0.0305, disc_weight 0.4000, disc_adaptive_weight 8.2730, d_loss 0.4008, logits_real 0.0282, logits_fake 0.0302,
Train Epoch: [29/30] Iters:[20/468] gen_loss -0.0897, rec_loss 0.0124, lpips_loss 0.1447, g_loss -0.0306, disc_weight 0.4000, disc_adaptive_weight 8.0585, d_loss 0.4009, logits_real 0.0278, logits_fake 0.0302,
Train Epoch: [29/30] Iters:[30/468] gen_loss -0.0826, rec_loss 0.0124, lpips_loss 0.1445, g_loss -0.0304, disc_weight 0.4000, disc_adaptive_weight 7.8647, d_loss 0.4009, logits_real 0.0278, logits_fake 0.0300,
Train Epoch: [29/30] Iters:[40/468] gen_loss -0.0708, rec_loss 0.0125, lpips_loss 0.1450, g_loss -0.0301, disc_weight 0.4000, disc_adaptive_weight 7.5758, d_loss 0.4009, logits_real 0.0276, logits_fake 0.0298,
Train Epoch: [29/30] Iters:[50/468] gen_loss -0.0606, rec_loss 0.0124, lpips_loss 0.1449, g_loss -0.0299, disc_weight 0.4000, disc_adaptive_weight 7.2767, d_loss 0.4009, logits_real 0.0275, logits_fake 0.0297,
Train Epoch: [29/30] Iters:[60/468] gen_loss -0.0575, rec_loss 0.0124, lpips_loss 0.1444, g_loss -0.0297, disc_weight 0.4000, disc_adaptive_weight 7.2218, d_loss 0.4009, logits_real 0.0273, logits_fake 0.0296,
Train Epoch: [29/30] Iters:[70/468] gen_loss -0.0517, rec_loss 0.0123, lpips_loss 0.1442, g_loss -0.0293, disc_weight 0.4000, disc_adaptive_weight 7.1057, d_loss 0.4009, logits_real 0.0273, logits_fake 0.0295,
Train Epoch: [29/30] Iters:[80/468] gen_loss -0.0505, rec_loss 0.0124, lpips_loss 0.1441, g_loss -0.0291, disc_weight 0.4000, disc_adaptive_weight 7.1198, d_loss 0.4008, logits_real 0.0272, logits_fake 0.0293,
Train Epoch: [29/30] Iters:[90/468] gen_loss -0.0506, rec_loss 0.0124, lpips_loss 0.1439, g_loss -0.0291, disc_weight 0.4000, disc_adaptive_weight 7.0987, d_loss 0.4008, logits_real 0.0273, logits_fake 0.0294,
Train Epoch: [29/30] Iters:[100/468] gen_loss -0.0533, rec_loss 0.0125, lpips_loss 0.1437, g_loss -0.0290, disc_weight 0.4000, disc_adaptive_weight 7.2150, d_loss 0.4008, logits_real 0.0271, logits_fake 0.0291,
Train Epoch: [29/30] Iters:[110/468] gen_loss -0.0524, rec_loss 0.0126, lpips_loss 0.1438, g_loss -0.0288, disc_weight 0.4000, disc_adaptive_weight 7.2581, d_loss 0.4008, logits_real 0.0269, logits_fake 0.0289,
Train Epoch: [29/30] Iters:[120/468] gen_loss -0.0548, rec_loss 0.0126, lpips_loss 0.1440, g_loss -0.0286, disc_weight 0.4000, disc_adaptive_weight 7.3970, d_loss 0.4008, logits_real 0.0265, logits_fake 0.0284,
Train Epoch: [29/30] Iters:[130/468] gen_loss -0.0529, rec_loss 0.0125, lpips_loss 0.1442, g_loss -0.0286, disc_weight 0.4000, disc_adaptive_weight 7.3422, d_loss 0.4008, logits_real 0.0263, logits_fake 0.0283,
Train Epoch: [29/30] Iters:[140/468] gen_loss -0.0534, rec_loss 0.0124, lpips_loss 0.1442, g_loss -0.0286, disc_weight 0.4000, disc_adaptive_weight 7.3530, d_loss 0.4009, logits_real 0.0262, logits_fake 0.0284,
Train Epoch: [29/30] Iters:[150/468] gen_loss -0.0622, rec_loss 0.0124, lpips_loss 0.1445, g_loss -0.0292, disc_weight 0.4000, disc_adaptive_weight 7.5154, d_loss 0.4009, logits_real 0.0268, logits_fake 0.0291,
Train Epoch: [29/30] Iters:[160/468] gen_loss -0.0651, rec_loss 0.0124, lpips_loss 0.1445, g_loss -0.0298, disc_weight 0.4000, disc_adaptive_weight 7.4573, d_loss 0.4009, logits_real 0.0274, logits_fake 0.0298,
Train Epoch: [29/30] Iters:[170/468] gen_loss -0.0767, rec_loss 0.0124, lpips_loss 0.1443, g_loss -0.0303, disc_weight 0.4000, disc_adaptive_weight 7.6809, d_loss 0.4009, logits_real 0.0280, logits_fake 0.0305,
Train Epoch: [29/30] Iters:[180/468] gen_loss -0.0809, rec_loss 0.0125, lpips_loss 0.1446, g_loss -0.0306, disc_weight 0.4000, disc_adaptive_weight 7.7697, d_loss 0.4009, logits_real 0.0282, logits_fake 0.0308,
Train Epoch: [29/30] Iters:[190/468] gen_loss -0.0828, rec_loss 0.0125, lpips_loss 0.1446, g_loss -0.0306, disc_weight 0.4000, disc_adaptive_weight 7.8369, d_loss 0.4009, logits_real 0.0283, logits_fake 0.0307,
Train Epoch: [29/30] Iters:[200/468] gen_loss -0.0793, rec_loss 0.0125, lpips_loss 0.1446, g_loss -0.0302, disc_weight 0.4000, disc_adaptive_weight 7.8253, d_loss 0.4009, logits_real 0.0279, logits_fake 0.0303,
Train Epoch: [29/30] Iters:[210/468] gen_loss -0.0742, rec_loss 0.0126, lpips_loss 0.1453, g_loss -0.0300, disc_weight 0.4000, disc_adaptive_weight 7.7401, d_loss 0.4009, logits_real 0.0276, logits_fake 0.0300,
Train Epoch: [29/30] Iters:[220/468] gen_loss -0.0577, rec_loss 0.0126, lpips_loss 0.1455, g_loss -0.0300, disc_weight 0.4000, disc_adaptive_weight 7.2067, d_loss 0.4008, logits_real 0.0278, logits_fake 0.0300,
Train Epoch: [29/30] Iters:[230/468] gen_loss -0.0573, rec_loss 0.0126, lpips_loss 0.1451, g_loss -0.0300, disc_weight 0.4000, disc_adaptive_weight 7.1728, d_loss 0.4008, logits_real 0.0280, logits_fake 0.0301,
Train Epoch: [29/30] Iters:[240/468] gen_loss -0.0793, rec_loss 0.0127, lpips_loss 0.1453, g_loss -0.0302, disc_weight 0.4000, disc_adaptive_weight 7.8490, d_loss 0.4008, logits_real 0.0281, logits_fake 0.0303,
Train Epoch: [29/30] Iters:[250/468] gen_loss -0.0848, rec_loss 0.0128, lpips_loss 0.1451, g_loss -0.0305, disc_weight 0.4000, disc_adaptive_weight 7.9576, d_loss 0.4008, logits_real 0.0282, logits_fake 0.0304,
Train Epoch: [29/30] Iters:[260/468] gen_loss -0.0984, rec_loss 0.0127, lpips_loss 0.1446, g_loss -0.0306, disc_weight 0.4000, disc_adaptive_weight 8.3459, d_loss 0.4008, logits_real 0.0285, logits_fake 0.0304,
Train Epoch: [29/30] Iters:[270/468] gen_loss -0.1304, rec_loss 0.0127, lpips_loss 0.1443, g_loss -0.0308, disc_weight 0.4000, disc_adaptive_weight 9.2957, d_loss 0.4008, logits_real 0.0286, logits_fake 0.0307,
Train Epoch: [29/30] Iters:[280/468] gen_loss -0.1375, rec_loss 0.0127, lpips_loss 0.1443, g_loss -0.0311, disc_weight 0.4000, disc_adaptive_weight 9.4583, d_loss 0.4009, logits_real 0.0288, logits_fake 0.0310,
Train Epoch: [29/30] Iters:[290/468] gen_loss -0.1294, rec_loss 0.0127, lpips_loss 0.1446, g_loss -0.0314, disc_weight 0.4000, disc_adaptive_weight 9.1204, d_loss 0.4009, logits_real 0.0292, logits_fake 0.0314,
Train Epoch: [29/30] Iters:[300/468] gen_loss -0.1223, rec_loss 0.0127, lpips_loss 0.1448, g_loss -0.0316, disc_weight 0.4000, disc_adaptive_weight 8.8626, d_loss 0.4009, logits_real 0.0295, logits_fake 0.0318,
Train Epoch: [29/30] Iters:[310/468] gen_loss -0.1150, rec_loss 0.0128, lpips_loss 0.1448, g_loss -0.0316, disc_weight 0.4000, disc_adaptive_weight 8.6237, d_loss 0.4009, logits_real 0.0294, logits_fake 0.0318,
Train Epoch: [29/30] Iters:[320/468] gen_loss -0.0830, rec_loss 0.0128, lpips_loss 0.1449, g_loss -0.0311, disc_weight 0.4000, disc_adaptive_weight 7.7364, d_loss 0.4009, logits_real 0.0289, logits_fake 0.0312,
Train Epoch: [29/30] Iters:[330/468] gen_loss -0.0766, rec_loss 0.0129, lpips_loss 0.1448, g_loss -0.0305, disc_weight 0.4000, disc_adaptive_weight 7.6652, d_loss 0.4008, logits_real 0.0284, logits_fake 0.0306,
Train Epoch: [29/30] Iters:[340/468] gen_loss -0.0697, rec_loss 0.0128, lpips_loss 0.1441, g_loss -0.0298, disc_weight 0.4000, disc_adaptive_weight 7.6121, d_loss 0.4008, logits_real 0.0277, logits_fake 0.0298,
Train Epoch: [29/30] Iters:[350/468] gen_loss -0.0719, rec_loss 0.0126, lpips_loss 0.1438, g_loss -0.0291, disc_weight 0.4000, disc_adaptive_weight 7.8409, d_loss 0.4008, logits_real 0.0271, logits_fake 0.0291,
Train Epoch: [29/30] Iters:[360/468] gen_loss -0.0612, rec_loss 0.0126, lpips_loss 0.1444, g_loss -0.0285, disc_weight 0.4000, disc_adaptive_weight 7.6788, d_loss 0.4008, logits_real 0.0265, logits_fake 0.0285,
Train Epoch: [29/30] Iters:[370/468] gen_loss -0.0606, rec_loss 0.0127, lpips_loss 0.1446, g_loss -0.0279, disc_weight 0.4000, disc_adaptive_weight 7.7957, d_loss 0.4008, logits_real 0.0260, logits_fake 0.0280,
Train Epoch: [29/30] Iters:[380/468] gen_loss -0.0477, rec_loss 0.0127, lpips_loss 0.1449, g_loss -0.0276, disc_weight 0.4000, disc_adaptive_weight 7.4398, d_loss 0.4008, logits_real 0.0257, logits_fake 0.0277,
Train Epoch: [29/30] Iters:[390/468] gen_loss -0.0400, rec_loss 0.0127, lpips_loss 0.1452, g_loss -0.0274, disc_weight 0.4000, disc_adaptive_weight 7.2249, d_loss 0.4008, logits_real 0.0255, logits_fake 0.0276,
Train Epoch: [29/30] Iters:[400/468] gen_loss -0.0437, rec_loss 0.0128, lpips_loss 0.1452, g_loss -0.0274, disc_weight 0.4000, disc_adaptive_weight 7.3627, d_loss 0.4008, logits_real 0.0254, logits_fake 0.0275,
Train Epoch: [29/30] Iters:[410/468] gen_loss -0.0599, rec_loss 0.0127, lpips_loss 0.1443, g_loss -0.0277, disc_weight 0.4000, disc_adaptive_weight 7.7877, d_loss 0.4008, logits_real 0.0257, logits_fake 0.0279,
Train Epoch: [29/30] Iters:[420/468] gen_loss -0.0601, rec_loss 0.0127, lpips_loss 0.1445, g_loss -0.0282, disc_weight 0.4000, disc_adaptive_weight 7.6865, d_loss 0.4009, logits_real 0.0262, logits_fake 0.0285,
Train Epoch: [29/30] Iters:[430/468] gen_loss -0.0746, rec_loss 0.0127, lpips_loss 0.1444, g_loss -0.0285, disc_weight 0.4000, disc_adaptive_weight 8.1092, d_loss 0.4009, logits_real 0.0265, logits_fake 0.0288,
Train Epoch: [29/30] Iters:[440/468] gen_loss -0.0766, rec_loss 0.0127, lpips_loss 0.1441, g_loss -0.0286, disc_weight 0.4000, disc_adaptive_weight 8.1463, d_loss 0.4009, logits_real 0.0266, logits_fake 0.0289,
Train Epoch: [29/30] Iters:[450/468] gen_loss -0.0806, rec_loss 0.0127, lpips_loss 0.1446, g_loss -0.0285, disc_weight 0.4000, disc_adaptive_weight 8.3529, d_loss 0.4009, logits_real 0.0263, logits_fake 0.0289,
Train Epoch: [29/30] Iters:[460/468] gen_loss -0.0811, rec_loss 0.0127, lpips_loss 0.1451, g_loss -0.0282, disc_weight 0.4000, disc_adaptive_weight 8.4913, d_loss 0.4009, logits_real 0.0260, logits_fake 0.0285,
epoch:30, cur_lr:0.000010
Train Epoch: [30/30] Iters:[10/468] gen_loss -0.0144, rec_loss 0.0132, lpips_loss 0.1463, g_loss -0.0264, disc_weight 0.4000, disc_adaptive_weight 6.6058, d_loss 0.4007, logits_real 0.0244, logits_fake 0.0261,
Train Epoch: [30/30] Iters:[20/468] gen_loss -0.0189, rec_loss 0.0130, lpips_loss 0.1456, g_loss -0.0263, disc_weight 0.4000, disc_adaptive_weight 6.7405, d_loss 0.4007, logits_real 0.0245, logits_fake 0.0262,
Train Epoch: [30/30] Iters:[30/468] gen_loss -0.0171, rec_loss 0.0128, lpips_loss 0.1453, g_loss -0.0264, disc_weight 0.4000, disc_adaptive_weight 6.6353, d_loss 0.4008, logits_real 0.0242, logits_fake 0.0263,
Train Epoch: [30/30] Iters:[40/468] gen_loss -0.0258, rec_loss 0.0127, lpips_loss 0.1453, g_loss -0.0267, disc_weight 0.4000, disc_adaptive_weight 6.8873, d_loss 0.4008, logits_real 0.0246, logits_fake 0.0265,
Train Epoch: [30/30] Iters:[50/468] gen_loss -0.0331, rec_loss 0.0126, lpips_loss 0.1451, g_loss -0.0268, disc_weight 0.4000, disc_adaptive_weight 7.1231, d_loss 0.4008, logits_real 0.0246, logits_fake 0.0266,
Train Epoch: [30/30] Iters:[60/468] gen_loss -0.0556, rec_loss 0.0125, lpips_loss 0.1451, g_loss -0.0269, disc_weight 0.4000, disc_adaptive_weight 7.9289, d_loss 0.4008, logits_real 0.0246, logits_fake 0.0268,
Train Epoch: [30/30] Iters:[70/468] gen_loss -0.0633, rec_loss 0.0124, lpips_loss 0.1449, g_loss -0.0272, disc_weight 0.4000, disc_adaptive_weight 8.1342, d_loss 0.4009, logits_real 0.0247, logits_fake 0.0269,
Train Epoch: [30/30] Iters:[80/468] gen_loss -0.0681, rec_loss 0.0126, lpips_loss 0.1453, g_loss -0.0271, disc_weight 0.4000, disc_adaptive_weight 8.3526, d_loss 0.4008, logits_real 0.0247, logits_fake 0.0269,
Train Epoch: [30/30] Iters:[90/468] gen_loss -0.0630, rec_loss 0.0126, lpips_loss 0.1449, g_loss -0.0267, disc_weight 0.4000, disc_adaptive_weight 8.2768, d_loss 0.4009, logits_real 0.0243, logits_fake 0.0266,
Train Epoch: [30/30] Iters:[100/468] gen_loss -0.0499, rec_loss 0.0127, lpips_loss 0.1450, g_loss -0.0263, disc_weight 0.4000, disc_adaptive_weight 7.8972, d_loss 0.4009, logits_real 0.0239, logits_fake 0.0262,
Train Epoch: [30/30] Iters:[110/468] gen_loss -0.0478, rec_loss 0.0126, lpips_loss 0.1445, g_loss -0.0258, disc_weight 0.4000, disc_adaptive_weight 7.9581, d_loss 0.4008, logits_real 0.0235, logits_fake 0.0257,
Train Epoch: [30/30] Iters:[120/468] gen_loss -0.0519, rec_loss 0.0128, lpips_loss 0.1447, g_loss -0.0256, disc_weight 0.4000, disc_adaptive_weight 8.2055, d_loss 0.4008, logits_real 0.0234, logits_fake 0.0257,
Train Epoch: [30/30] Iters:[130/468] gen_loss -0.0796, rec_loss 0.0127, lpips_loss 0.1442, g_loss -0.0258, disc_weight 0.4000, disc_adaptive_weight 9.1647, d_loss 0.4008, logits_real 0.0236, logits_fake 0.0259,
Train Epoch: [30/30] Iters:[140/468] gen_loss -0.0942, rec_loss 0.0128, lpips_loss 0.1446, g_loss -0.0263, disc_weight 0.4000, disc_adaptive_weight 9.5663, d_loss 0.4009, logits_real 0.0240, logits_fake 0.0263,
Train Epoch: [30/30] Iters:[150/468] gen_loss -0.1108, rec_loss 0.0127, lpips_loss 0.1451, g_loss -0.0268, disc_weight 0.4000, disc_adaptive_weight 10.0701, d_loss 0.4008, logits_real 0.0245, logits_fake 0.0268,
Train Epoch: [30/30] Iters:[160/468] gen_loss -0.0979, rec_loss 0.0128, lpips_loss 0.1455, g_loss -0.0273, disc_weight 0.4000, disc_adaptive_weight 9.4173, d_loss 0.4008, logits_real 0.0250, logits_fake 0.0272,
Train Epoch: [30/30] Iters:[170/468] gen_loss -0.1033, rec_loss 0.0128, lpips_loss 0.1458, g_loss -0.0275, disc_weight 0.4000, disc_adaptive_weight 9.5448, d_loss 0.4008, logits_real 0.0253, logits_fake 0.0275,
Train Epoch: [30/30] Iters:[180/468] gen_loss -0.0773, rec_loss 0.0129, lpips_loss 0.1461, g_loss -0.0278, disc_weight 0.4000, disc_adaptive_weight 8.5252, d_loss 0.4008, logits_real 0.0255, logits_fake 0.0276,
Train Epoch: [30/30] Iters:[190/468] gen_loss -0.0713, rec_loss 0.0129, lpips_loss 0.1467, g_loss -0.0278, disc_weight 0.4000, disc_adaptive_weight 8.3247, d_loss 0.4008, logits_real 0.0256, logits_fake 0.0279,
Train Epoch: [30/30] Iters:[200/468] gen_loss -0.0695, rec_loss 0.0129, lpips_loss 0.1459, g_loss -0.0281, disc_weight 0.4000, disc_adaptive_weight 8.1538, d_loss 0.4009, logits_real 0.0258, logits_fake 0.0282,
Train Epoch: [30/30] Iters:[210/468] gen_loss -0.0686, rec_loss 0.0129, lpips_loss 0.1460, g_loss -0.0287, disc_weight 0.4000, disc_adaptive_weight 7.9778, d_loss 0.4009, logits_real 0.0264, logits_fake 0.0289,
Train Epoch: [30/30] Iters:[220/468] gen_loss -0.0640, rec_loss 0.0128, lpips_loss 0.1456, g_loss -0.0295, disc_weight 0.4000, disc_adaptive_weight 7.5638, d_loss 0.4009, logits_real 0.0273, logits_fake 0.0298,
Train Epoch: [30/30] Iters:[230/468] gen_loss -0.0750, rec_loss 0.0126, lpips_loss 0.1453, g_loss -0.0301, disc_weight 0.4000, disc_adaptive_weight 7.7500, d_loss 0.4009, logits_real 0.0279, logits_fake 0.0305,
Train Epoch: [30/30] Iters:[240/468] gen_loss -0.0738, rec_loss 0.0126, lpips_loss 0.1445, g_loss -0.0308, disc_weight 0.4000, disc_adaptive_weight 7.5023, d_loss 0.4009, logits_real 0.0285, logits_fake 0.0309,
Train Epoch: [30/30] Iters:[250/468] gen_loss -0.0719, rec_loss 0.0126, lpips_loss 0.1445, g_loss -0.0311, disc_weight 0.4000, disc_adaptive_weight 7.3478, d_loss 0.4008, logits_real 0.0290, logits_fake 0.0312,
Train Epoch: [30/30] Iters:[260/468] gen_loss -0.0739, rec_loss 0.0126, lpips_loss 0.1444, g_loss -0.0312, disc_weight 0.4000, disc_adaptive_weight 7.3821, d_loss 0.4008, logits_real 0.0291, logits_fake 0.0313,
Train Epoch: [30/30] Iters:[270/468] gen_loss -0.0739, rec_loss 0.0125, lpips_loss 0.1445, g_loss -0.0312, disc_weight 0.4000, disc_adaptive_weight 7.3972, d_loss 0.4008, logits_real 0.0290, logits_fake 0.0312,
Train Epoch: [30/30] Iters:[280/468] gen_loss -0.0694, rec_loss 0.0127, lpips_loss 0.1449, g_loss -0.0311, disc_weight 0.4000, disc_adaptive_weight 7.2964, d_loss 0.4008, logits_real 0.0291, logits_fake 0.0311,
Train Epoch: [30/30] Iters:[290/468] gen_loss -0.0761, rec_loss 0.0127, lpips_loss 0.1450, g_loss -0.0311, disc_weight 0.4000, disc_adaptive_weight 7.5058, d_loss 0.4008, logits_real 0.0290, logits_fake 0.0311,
Train Epoch: [30/30] Iters:[300/468] gen_loss -0.0927, rec_loss 0.0128, lpips_loss 0.1454, g_loss -0.0312, disc_weight 0.4000, disc_adaptive_weight 8.0322, d_loss 0.4008, logits_real 0.0290, logits_fake 0.0311,
Train Epoch: [30/30] Iters:[310/468] gen_loss -0.0957, rec_loss 0.0126, lpips_loss 0.1446, g_loss -0.0310, disc_weight 0.4000, disc_adaptive_weight 8.1517, d_loss 0.4008, logits_real 0.0289, logits_fake 0.0310,
Train Epoch: [30/30] Iters:[320/468] gen_loss -0.1041, rec_loss 0.0126, lpips_loss 0.1448, g_loss -0.0308, disc_weight 0.4000, disc_adaptive_weight 8.4865, d_loss 0.4008, logits_real 0.0286, logits_fake 0.0307,
Train Epoch: [30/30] Iters:[330/468] gen_loss -0.1024, rec_loss 0.0126, lpips_loss 0.1448, g_loss -0.0309, disc_weight 0.4000, disc_adaptive_weight 8.4208, d_loss 0.4009, logits_real 0.0284, logits_fake 0.0307,
Train Epoch: [30/30] Iters:[340/468] gen_loss -0.1001, rec_loss 0.0126, lpips_loss 0.1449, g_loss -0.0310, disc_weight 0.4000, disc_adaptive_weight 8.3091, d_loss 0.4008, logits_real 0.0287, logits_fake 0.0310,
Train Epoch: [30/30] Iters:[350/468] gen_loss -0.0829, rec_loss 0.0126, lpips_loss 0.1447, g_loss -0.0311, disc_weight 0.4000, disc_adaptive_weight 7.7300, d_loss 0.4008, logits_real 0.0288, logits_fake 0.0311,
Train Epoch: [30/30] Iters:[360/468] gen_loss -0.0910, rec_loss 0.0126, lpips_loss 0.1450, g_loss -0.0315, disc_weight 0.4000, disc_adaptive_weight 7.9143, d_loss 0.4008, logits_real 0.0292, logits_fake 0.0315,
Train Epoch: [30/30] Iters:[370/468] gen_loss -0.0770, rec_loss 0.0127, lpips_loss 0.1448, g_loss -0.0318, disc_weight 0.4000, disc_adaptive_weight 7.3693, d_loss 0.4008, logits_real 0.0296, logits_fake 0.0319,
Train Epoch: [30/30] Iters:[380/468] gen_loss -0.0932, rec_loss 0.0125, lpips_loss 0.1440, g_loss -0.0320, disc_weight 0.4000, disc_adaptive_weight 7.8015, d_loss 0.4008, logits_real 0.0299, logits_fake 0.0320,
Train Epoch: [30/30] Iters:[390/468] gen_loss -0.0954, rec_loss 0.0125, lpips_loss 0.1441, g_loss -0.0318, disc_weight 0.4000, disc_adaptive_weight 7.9238, d_loss 0.4008, logits_real 0.0296, logits_fake 0.0319,
Train Epoch: [30/30] Iters:[400/468] gen_loss -0.0962, rec_loss 0.0125, lpips_loss 0.1442, g_loss -0.0315, disc_weight 0.4000, disc_adaptive_weight 8.0086, d_loss 0.4008, logits_real 0.0293, logits_fake 0.0316,
Train Epoch: [30/30] Iters:[410/468] gen_loss -0.1007, rec_loss 0.0126, lpips_loss 0.1441, g_loss -0.0311, disc_weight 0.4000, disc_adaptive_weight 8.2910, d_loss 0.4008, logits_real 0.0289, logits_fake 0.0312,
Train Epoch: [30/30] Iters:[420/468] gen_loss -0.1200, rec_loss 0.0128, lpips_loss 0.1446, g_loss -0.0304, disc_weight 0.4000, disc_adaptive_weight 9.1456, d_loss 0.4008, logits_real 0.0283, logits_fake 0.0305,
Train Epoch: [30/30] Iters:[430/468] gen_loss -0.1092, rec_loss 0.0129, lpips_loss 0.1452, g_loss -0.0297, disc_weight 0.4000, disc_adaptive_weight 9.0271, d_loss 0.4008, logits_real 0.0275, logits_fake 0.0298,
Train Epoch: [30/30] Iters:[440/468] gen_loss -0.0990, rec_loss 0.0129, lpips_loss 0.1452, g_loss -0.0292, disc_weight 0.4000, disc_adaptive_weight 8.8186, d_loss 0.4008, logits_real 0.0271, logits_fake 0.0293,
Train Epoch: [30/30] Iters:[450/468] gen_loss -0.1058, rec_loss 0.0128, lpips_loss 0.1452, g_loss -0.0292, disc_weight 0.4000, disc_adaptive_weight 9.0505, d_loss 0.4008, logits_real 0.0270, logits_fake 0.0293,
Train Epoch: [30/30] Iters:[460/468] gen_loss -0.0974, rec_loss 0.0129, lpips_loss 0.1455, g_loss -0.0293, disc_weight 0.4000, disc_adaptive_weight 8.7339, d_loss 0.4008, logits_real 0.0272, logits_fake 0.0294,
Loading pretrained model LPIPS from /home/sunset/.cache/torch/hub/pyiqa/LPIPS_v0.1_alex-df73285e.pth
######### saving checkpoint #########
Loading pretrained model LPIPS from /home/sunset/.cache/torch/hub/pyiqa/LPIPS_v0.1_alex-df73285e.pth
PSNR:26.889225308227537  SSIM:0.7437551584561666  LPIPS:0.07567478189865748
