dataset_dir: /project/6105494/shared/data/
dataset_name: FFHQ
global_batch_size: 64
workers: 6
resolution: 256
channels: 3
codebook_size: 256
codebook_dim: 8
project_dim: 16
pq: 2
L: 4
alpha: 1.0
beta: 0.2
gamma: 0.5
disc_weight: 0.4
lecam_loss_weight: 0.001
disc_cr_loss_weight: 4.0
VQ: mmd_vq
transplant_epochs: 30
refinement_epochs: 30
eval_epochs: 5
disc_epoch: 1
lr_transplant: 0.0001
lr_refinement: 1e-05
dropout: 0.0
seed: 3407
weight_decay: 1e-05
stage: refinement
checkpoint_dir: /project/6105494/sunset/VQ-Projects/Rate-Distortion-Perspective/VAR-Transplant/checkpoint/Refinement/FFHQ
results_dir: /project/6105494/sunset/VQ-Projects/Rate-Distortion-Perspective/VAR-Transplant/results/Refinement/FFHQ
saver_dir: /project/6105494/sunset/VQ-Projects/Rate-Distortion-Perspective/VAR-Transplant/saver/Refinement/FFHQ
reconstruction_dir: /project/6105494/sunset/VQ-Projects/Rate-Distortion-Perspective/VAR-Transplant/reconstruction/Refinement/FFHQ
yaml_dir: /project/6105494/sunset/VQ-Projects/Rate-Distortion-Perspective/VAR-Transplant/yaml/Refinement/FFHQ
pretrained_tokenizer: /project/6105494/sunset/VQ-Projects/Rate-Distortion-Perspective/VAR-Transplant/pretrained_tokenizer/vae_ch160v4096z32.pth
checkpoint_name: checkpoint-mmd_vq_transplant_FFHQ_model_256_8_2_loss_1.0_0.2_0.5_0.4.pth.tar
nnodes: -1
node_rank: -1
local_rank: 0
dist_url: tcp://224.66.41.62:23456
dist_backend: nccl
world_size: 2
batch_size: 32
init_checkpoint_dir: /project/6105494/sunset/VQ-Projects/Rate-Distortion-Perspective/VAR-Transplant/checkpoint/
data_pre: FFHQ
model_pre: model_256_8_2
loss_pre: loss_1.0_0.2_0.5_0.4
training_pre: mmd_vq_refinement
saver_name_pre: mmd_vq_refinement_FFHQ_model_256_8_2_loss_1.0_0.2_0.5_0.4
| distributed init (rank 0): env://
| distributed init (rank 1): env://
VQ Model Parameters: 108761795
loaded pretrained LPIPS loss from /project/6105494/sunset/VQ-Projects/Rate-Distortion-Perspective/VAR-Transplant/code/models/cache/vgg.pth
dataset name: FFHQ
len train_set: 70000
len val_set: 70000
Start training...
epoch:1, cur_lr:0.000010
Train Epoch: [1/30] Iters:[10/1093] gen_loss -0.0525, rec_loss 0.0101, lpips_loss 0.1342, g_loss -0.0636, disc_weight 0.4000, disc_adaptive_weight 3.2210, d_loss 2.4692, logits_real 0.0549, logits_fake 0.0619,
Train Epoch: [1/30] Iters:[20/1093] gen_loss -0.1782, rec_loss 0.0104, lpips_loss 0.1348, g_loss -0.0822, disc_weight 0.4000, disc_adaptive_weight 3.7740, d_loss 2.1942, logits_real 0.0550, logits_fake 0.0822,
Train Epoch: [1/30] Iters:[30/1093] gen_loss -0.2202, rec_loss 0.0105, lpips_loss 0.1356, g_loss -0.0931, disc_weight 0.4000, disc_adaptive_weight 3.8963, d_loss 1.9905, logits_real 0.0534, logits_fake 0.0930,
Train Epoch: [1/30] Iters:[40/1093] gen_loss -0.2398, rec_loss 0.0106, lpips_loss 0.1363, g_loss -0.0865, disc_weight 0.4000, disc_adaptive_weight 4.6281, d_loss 1.8388, logits_real 0.0527, logits_fake 0.0869,
Train Epoch: [1/30] Iters:[50/1093] gen_loss -0.2673, rec_loss 0.0108, lpips_loss 0.1368, g_loss -0.0862, disc_weight 0.4000, disc_adaptive_weight 4.9478, d_loss 1.7186, logits_real 0.0525, logits_fake 0.0867,
Train Epoch: [1/30] Iters:[60/1093] gen_loss -0.2981, rec_loss 0.0111, lpips_loss 0.1376, g_loss -0.0880, disc_weight 0.4000, disc_adaptive_weight 5.2966, d_loss 1.4477, logits_real 0.0523, logits_fake 0.0895,
Train Epoch: [1/30] Iters:[70/1093] gen_loss -0.2664, rec_loss 0.0113, lpips_loss 0.1383, g_loss -0.0816, disc_weight 0.4000, disc_adaptive_weight 5.2916, d_loss 1.2687, logits_real 0.0517, logits_fake 0.0830,
Train Epoch: [1/30] Iters:[80/1093] gen_loss -0.2179, rec_loss 0.0115, lpips_loss 0.1392, g_loss -0.0694, disc_weight 0.4000, disc_adaptive_weight 5.2682, d_loss 1.1446, logits_real 0.0520, logits_fake 0.0709,
Train Epoch: [1/30] Iters:[90/1093] gen_loss -0.1635, rec_loss 0.0117, lpips_loss 0.1396, g_loss -0.0649, disc_weight 0.4000, disc_adaptive_weight 4.7104, d_loss 1.0485, logits_real 0.0519, logits_fake 0.0660,
Train Epoch: [1/30] Iters:[100/1093] gen_loss -0.0900, rec_loss 0.0118, lpips_loss 0.1403, g_loss -0.0546, disc_weight 0.4000, disc_adaptive_weight 4.4778, d_loss 0.9701, logits_real 0.0515, logits_fake 0.0553,
Train Epoch: [1/30] Iters:[110/1093] gen_loss -0.0435, rec_loss 0.0120, lpips_loss 0.1417, g_loss -0.0459, disc_weight 0.4000, disc_adaptive_weight 4.3830, d_loss 0.9092, logits_real 0.0502, logits_fake 0.0460,
Train Epoch: [1/30] Iters:[120/1093] gen_loss -0.0067, rec_loss 0.0122, lpips_loss 0.1435, g_loss -0.0363, disc_weight 0.4000, disc_adaptive_weight 4.6923, d_loss 0.8581, logits_real 0.0491, logits_fake 0.0365,
Train Epoch: [1/30] Iters:[130/1093] gen_loss 0.0223, rec_loss 0.0125, lpips_loss 0.1457, g_loss -0.0285, disc_weight 0.4000, disc_adaptive_weight 4.9854, d_loss 0.8142, logits_real 0.0478, logits_fake 0.0284,
Train Epoch: [1/30] Iters:[140/1093] gen_loss 0.0417, rec_loss 0.0128, lpips_loss 0.1481, g_loss -0.0226, disc_weight 0.4000, disc_adaptive_weight 5.4487, d_loss 0.7770, logits_real 0.0466, logits_fake 0.0225,
Train Epoch: [1/30] Iters:[150/1093] gen_loss 0.0534, rec_loss 0.0132, lpips_loss 0.1513, g_loss -0.0191, disc_weight 0.4000, disc_adaptive_weight 5.9951, d_loss 0.7470, logits_real 0.0454, logits_fake 0.0192,
Train Epoch: [1/30] Iters:[160/1093] gen_loss 0.0628, rec_loss 0.0139, lpips_loss 0.1542, g_loss -0.0171, disc_weight 0.4000, disc_adaptive_weight 6.1801, d_loss 0.7205, logits_real 0.0440, logits_fake 0.0172,
Train Epoch: [1/30] Iters:[170/1093] gen_loss 0.0701, rec_loss 0.0141, lpips_loss 0.1559, g_loss -0.0167, disc_weight 0.4000, disc_adaptive_weight 5.9978, d_loss 0.6985, logits_real 0.0426, logits_fake 0.0165,
Train Epoch: [1/30] Iters:[180/1093] gen_loss 0.0621, rec_loss 0.0143, lpips_loss 0.1563, g_loss -0.0179, disc_weight 0.4000, disc_adaptive_weight 6.0968, d_loss 0.6791, logits_real 0.0410, logits_fake 0.0179,
Train Epoch: [1/30] Iters:[190/1093] gen_loss 0.0482, rec_loss 0.0142, lpips_loss 0.1556, g_loss -0.0202, disc_weight 0.4000, disc_adaptive_weight 6.0504, d_loss 0.6622, logits_real 0.0392, logits_fake 0.0204,
Train Epoch: [1/30] Iters:[200/1093] gen_loss 0.0268, rec_loss 0.0138, lpips_loss 0.1531, g_loss -0.0233, disc_weight 0.4000, disc_adaptive_weight 5.8721, d_loss 0.6466, logits_real 0.0371, logits_fake 0.0233,
Train Epoch: [1/30] Iters:[210/1093] gen_loss 0.0093, rec_loss 0.0131, lpips_loss 0.1500, g_loss -0.0267, disc_weight 0.4000, disc_adaptive_weight 5.7445, d_loss 0.6329, logits_real 0.0354, logits_fake 0.0266,
Train Epoch: [1/30] Iters:[220/1093] gen_loss -0.0044, rec_loss 0.0127, lpips_loss 0.1473, g_loss -0.0299, disc_weight 0.4000, disc_adaptive_weight 5.6061, d_loss 0.6207, logits_real 0.0337, logits_fake 0.0300,
Train Epoch: [1/30] Iters:[230/1093] gen_loss -0.0054, rec_loss 0.0122, lpips_loss 0.1444, g_loss -0.0322, disc_weight 0.4000, disc_adaptive_weight 5.0976, d_loss 0.6093, logits_real 0.0317, logits_fake 0.0324,
Train Epoch: [1/30] Iters:[240/1093] gen_loss 0.0072, rec_loss 0.0120, lpips_loss 0.1429, g_loss -0.0330, disc_weight 0.4000, disc_adaptive_weight 4.4658, d_loss 0.5995, logits_real 0.0302, logits_fake 0.0331,
Train Epoch: [1/30] Iters:[250/1093] gen_loss 0.0318, rec_loss 0.0118, lpips_loss 0.1422, g_loss -0.0315, disc_weight 0.4000, disc_adaptive_weight 3.8215, d_loss 0.5907, logits_real 0.0288, logits_fake 0.0316,
Train Epoch: [1/30] Iters:[260/1093] gen_loss 0.0479, rec_loss 0.0117, lpips_loss 0.1414, g_loss -0.0289, disc_weight 0.4000, disc_adaptive_weight 3.6389, d_loss 0.5823, logits_real 0.0273, logits_fake 0.0289,
Train Epoch: [1/30] Iters:[270/1093] gen_loss 0.0596, rec_loss 0.0117, lpips_loss 0.1410, g_loss -0.0265, disc_weight 0.4000, disc_adaptive_weight 3.5486, d_loss 0.5752, logits_real 0.0258, logits_fake 0.0263,
Train Epoch: [1/30] Iters:[280/1093] gen_loss 0.0625, rec_loss 0.0118, lpips_loss 0.1413, g_loss -0.0250, disc_weight 0.4000, disc_adaptive_weight 3.6826, d_loss 0.5684, logits_real 0.0246, logits_fake 0.0245,
Train Epoch: [1/30] Iters:[290/1093] gen_loss 0.0624, rec_loss 0.0117, lpips_loss 0.1412, g_loss -0.0237, disc_weight 0.4000, disc_adaptive_weight 3.8316, d_loss 0.5612, logits_real 0.0233, logits_fake 0.0233,
Train Epoch: [1/30] Iters:[300/1093] gen_loss 0.0624, rec_loss 0.0117, lpips_loss 0.1408, g_loss -0.0239, disc_weight 0.4000, disc_adaptive_weight 3.7911, d_loss 0.5558, logits_real 0.0221, logits_fake 0.0233,
Train Epoch: [1/30] Iters:[310/1093] gen_loss 0.0618, rec_loss 0.0116, lpips_loss 0.1407, g_loss -0.0239, disc_weight 0.4000, disc_adaptive_weight 3.8228, d_loss 0.5501, logits_real 0.0209, logits_fake 0.0233,
Train Epoch: [1/30] Iters:[320/1093] gen_loss 0.0641, rec_loss 0.0115, lpips_loss 0.1403, g_loss -0.0235, disc_weight 0.4000, disc_adaptive_weight 3.7475, d_loss 0.5443, logits_real 0.0197, logits_fake 0.0231,
Train Epoch: [1/30] Iters:[330/1093] gen_loss 0.0683, rec_loss 0.0113, lpips_loss 0.1399, g_loss -0.0229, disc_weight 0.4000, disc_adaptive_weight 3.6298, d_loss 0.5389, logits_real 0.0186, logits_fake 0.0226,
Train Epoch: [1/30] Iters:[340/1093] gen_loss 0.0707, rec_loss 0.0114, lpips_loss 0.1397, g_loss -0.0221, disc_weight 0.4000, disc_adaptive_weight 3.6618, d_loss 0.5338, logits_real 0.0178, logits_fake 0.0218,
Train Epoch: [1/30] Iters:[350/1093] gen_loss 0.0732, rec_loss 0.0113, lpips_loss 0.1393, g_loss -0.0211, disc_weight 0.4000, disc_adaptive_weight 3.6777, d_loss 0.5286, logits_real 0.0167, logits_fake 0.0211,
Train Epoch: [1/30] Iters:[360/1093] gen_loss 0.0745, rec_loss 0.0113, lpips_loss 0.1392, g_loss -0.0206, disc_weight 0.4000, disc_adaptive_weight 3.7142, d_loss 0.5242, logits_real 0.0158, logits_fake 0.0205,
Train Epoch: [1/30] Iters:[370/1093] gen_loss 0.0798, rec_loss 0.0114, lpips_loss 0.1394, g_loss -0.0198, disc_weight 0.4000, disc_adaptive_weight 3.5875, d_loss 0.5199, logits_real 0.0147, logits_fake 0.0196,
Train Epoch: [1/30] Iters:[380/1093] gen_loss 0.0789, rec_loss 0.0114, lpips_loss 0.1397, g_loss -0.0192, disc_weight 0.4000, disc_adaptive_weight 3.7693, d_loss 0.5162, logits_real 0.0139, logits_fake 0.0191,
Train Epoch: [1/30] Iters:[390/1093] gen_loss 0.0795, rec_loss 0.0113, lpips_loss 0.1391, g_loss -0.0187, disc_weight 0.4000, disc_adaptive_weight 3.8250, d_loss 0.5130, logits_real 0.0128, logits_fake 0.0187,
Train Epoch: [1/30] Iters:[400/1093] gen_loss 0.0835, rec_loss 0.0114, lpips_loss 0.1398, g_loss -0.0177, disc_weight 0.4000, disc_adaptive_weight 3.8404, d_loss 0.5092, logits_real 0.0118, logits_fake 0.0179,
Train Epoch: [1/30] Iters:[410/1093] gen_loss 0.0877, rec_loss 0.0114, lpips_loss 0.1401, g_loss -0.0168, disc_weight 0.4000, disc_adaptive_weight 3.8221, d_loss 0.5054, logits_real 0.0106, logits_fake 0.0169,
Train Epoch: [1/30] Iters:[420/1093] gen_loss 0.0887, rec_loss 0.0113, lpips_loss 0.1405, g_loss -0.0159, disc_weight 0.4000, disc_adaptive_weight 3.9671, d_loss 0.5021, logits_real 0.0096, logits_fake 0.0162,
Train Epoch: [1/30] Iters:[430/1093] gen_loss 0.0948, rec_loss 0.0114, lpips_loss 0.1405, g_loss -0.0145, disc_weight 0.4000, disc_adaptive_weight 3.9865, d_loss 0.4985, logits_real 0.0083, logits_fake 0.0151,
Train Epoch: [1/30] Iters:[440/1093] gen_loss 0.1027, rec_loss 0.0115, lpips_loss 0.1411, g_loss -0.0131, disc_weight 0.4000, disc_adaptive_weight 3.8238, d_loss 0.4946, logits_real 0.0070, logits_fake 0.0135,
Train Epoch: [1/30] Iters:[450/1093] gen_loss 0.1036, rec_loss 0.0114, lpips_loss 0.1403, g_loss -0.0121, disc_weight 0.4000, disc_adaptive_weight 4.0177, d_loss 0.4914, logits_real 0.0057, logits_fake 0.0124,
Train Epoch: [1/30] Iters:[460/1093] gen_loss 0.1087, rec_loss 0.0113, lpips_loss 0.1400, g_loss -0.0106, disc_weight 0.4000, disc_adaptive_weight 4.1260, d_loss 0.4879, logits_real 0.0047, logits_fake 0.0111,
Train Epoch: [1/30] Iters:[470/1093] gen_loss 0.1118, rec_loss 0.0114, lpips_loss 0.1399, g_loss -0.0094, disc_weight 0.4000, disc_adaptive_weight 4.2341, d_loss 0.4845, logits_real 0.0035, logits_fake 0.0097,
Train Epoch: [1/30] Iters:[480/1093] gen_loss 0.1175, rec_loss 0.0113, lpips_loss 0.1401, g_loss -0.0086, disc_weight 0.4000, disc_adaptive_weight 3.9986, d_loss 0.4819, logits_real 0.0023, logits_fake 0.0086,
Train Epoch: [1/30] Iters:[490/1093] gen_loss 0.1198, rec_loss 0.0113, lpips_loss 0.1398, g_loss -0.0077, disc_weight 0.4000, disc_adaptive_weight 4.0791, d_loss 0.4796, logits_real 0.0015, logits_fake 0.0077,
Train Epoch: [1/30] Iters:[500/1093] gen_loss 0.1268, rec_loss 0.0115, lpips_loss 0.1410, g_loss -0.0065, disc_weight 0.4000, disc_adaptive_weight 3.9995, d_loss 0.4770, logits_real 0.0008, logits_fake 0.0065,
Train Epoch: [1/30] Iters:[510/1093] gen_loss 0.1297, rec_loss 0.0115, lpips_loss 0.1407, g_loss -0.0059, disc_weight 0.4000, disc_adaptive_weight 3.9198, d_loss 0.4749, logits_real 0.0001, logits_fake 0.0059,
Train Epoch: [1/30] Iters:[520/1093] gen_loss 0.1317, rec_loss 0.0114, lpips_loss 0.1398, g_loss -0.0052, disc_weight 0.4000, disc_adaptive_weight 3.8223, d_loss 0.4723, logits_real -0.0004, logits_fake 0.0052,
Train Epoch: [1/30] Iters:[530/1093] gen_loss 0.1328, rec_loss 0.0114, lpips_loss 0.1393, g_loss -0.0046, disc_weight 0.4000, disc_adaptive_weight 4.0021, d_loss 0.4697, logits_real -0.0009, logits_fake 0.0048,
Train Epoch: [1/30] Iters:[540/1093] gen_loss 0.1346, rec_loss 0.0113, lpips_loss 0.1393, g_loss -0.0040, disc_weight 0.4000, disc_adaptive_weight 3.9984, d_loss 0.4677, logits_real -0.0015, logits_fake 0.0045,
Train Epoch: [1/30] Iters:[550/1093] gen_loss 0.1351, rec_loss 0.0109, lpips_loss 0.1376, g_loss -0.0035, disc_weight 0.4000, disc_adaptive_weight 3.8091, d_loss 0.4651, logits_real -0.0022, logits_fake 0.0041,
Train Epoch: [1/30] Iters:[560/1093] gen_loss 0.1393, rec_loss 0.0109, lpips_loss 0.1379, g_loss -0.0027, disc_weight 0.4000, disc_adaptive_weight 3.5172, d_loss 0.4630, logits_real -0.0031, logits_fake 0.0031,
Train Epoch: [1/30] Iters:[570/1093] gen_loss 0.1429, rec_loss 0.0110, lpips_loss 0.1384, g_loss -0.0018, disc_weight 0.4000, disc_adaptive_weight 3.4362, d_loss 0.4611, logits_real -0.0038, logits_fake 0.0023,
Train Epoch: [1/30] Iters:[580/1093] gen_loss 0.1465, rec_loss 0.0109, lpips_loss 0.1378, g_loss -0.0007, disc_weight 0.4000, disc_adaptive_weight 3.3283, d_loss 0.4594, logits_real -0.0047, logits_fake 0.0012,
Train Epoch: [1/30] Iters:[590/1093] gen_loss 0.1509, rec_loss 0.0109, lpips_loss 0.1372, g_loss 0.0005, disc_weight 0.4000, disc_adaptive_weight 3.4819, d_loss 0.4574, logits_real -0.0056, logits_fake -0.0000,
Train Epoch: [1/30] Iters:[600/1093] gen_loss 0.1564, rec_loss 0.0110, lpips_loss 0.1377, g_loss 0.0017, disc_weight 0.4000, disc_adaptive_weight 3.7362, d_loss 0.4560, logits_real -0.0065, logits_fake -0.0012,
Train Epoch: [1/30] Iters:[610/1093] gen_loss 0.1589, rec_loss 0.0110, lpips_loss 0.1374, g_loss 0.0023, disc_weight 0.4000, disc_adaptive_weight 4.0691, d_loss 0.4544, logits_real -0.0072, logits_fake -0.0021,
Train Epoch: [1/30] Iters:[620/1093] gen_loss 0.1627, rec_loss 0.0111, lpips_loss 0.1372, g_loss 0.0032, disc_weight 0.4000, disc_adaptive_weight 4.2984, d_loss 0.4531, logits_real -0.0081, logits_fake -0.0029,
Train Epoch: [1/30] Iters:[630/1093] gen_loss 0.1679, rec_loss 0.0112, lpips_loss 0.1379, g_loss 0.0038, disc_weight 0.4000, disc_adaptive_weight 4.6318, d_loss 0.4517, logits_real -0.0089, logits_fake -0.0035,
Train Epoch: [1/30] Iters:[640/1093] gen_loss 0.1707, rec_loss 0.0113, lpips_loss 0.1383, g_loss 0.0042, disc_weight 0.4000, disc_adaptive_weight 4.7452, d_loss 0.4503, logits_real -0.0095, logits_fake -0.0043,
Train Epoch: [1/30] Iters:[650/1093] gen_loss 0.1728, rec_loss 0.0113, lpips_loss 0.1385, g_loss 0.0046, disc_weight 0.4000, disc_adaptive_weight 4.7919, d_loss 0.4489, logits_real -0.0100, logits_fake -0.0046,
Train Epoch: [1/30] Iters:[660/1093] gen_loss 0.1755, rec_loss 0.0114, lpips_loss 0.1393, g_loss 0.0053, disc_weight 0.4000, disc_adaptive_weight 4.6033, d_loss 0.4474, logits_real -0.0106, logits_fake -0.0053,
Train Epoch: [1/30] Iters:[670/1093] gen_loss 0.1797, rec_loss 0.0113, lpips_loss 0.1398, g_loss 0.0060, disc_weight 0.4000, disc_adaptive_weight 4.6953, d_loss 0.4462, logits_real -0.0112, logits_fake -0.0059,
Train Epoch: [1/30] Iters:[680/1093] gen_loss 0.1808, rec_loss 0.0113, lpips_loss 0.1396, g_loss 0.0066, disc_weight 0.4000, disc_adaptive_weight 4.4762, d_loss 0.4447, logits_real -0.0116, logits_fake -0.0066,
Train Epoch: [1/30] Iters:[690/1093] gen_loss 0.1824, rec_loss 0.0112, lpips_loss 0.1396, g_loss 0.0072, disc_weight 0.4000, disc_adaptive_weight 4.3487, d_loss 0.4434, logits_real -0.0123, logits_fake -0.0071,
Train Epoch: [1/30] Iters:[700/1093] gen_loss 0.1836, rec_loss 0.0113, lpips_loss 0.1397, g_loss 0.0077, disc_weight 0.4000, disc_adaptive_weight 4.1906, d_loss 0.4423, logits_real -0.0128, logits_fake -0.0078,
Train Epoch: [1/30] Iters:[710/1093] gen_loss 0.1869, rec_loss 0.0112, lpips_loss 0.1392, g_loss 0.0083, disc_weight 0.4000, disc_adaptive_weight 4.4052, d_loss 0.4412, logits_real -0.0134, logits_fake -0.0083,
Train Epoch: [1/30] Iters:[720/1093] gen_loss 0.1874, rec_loss 0.0112, lpips_loss 0.1392, g_loss 0.0086, disc_weight 0.4000, disc_adaptive_weight 4.3343, d_loss 0.4399, logits_real -0.0140, logits_fake -0.0087,
Train Epoch: [1/30] Iters:[730/1093] gen_loss 0.1907, rec_loss 0.0113, lpips_loss 0.1391, g_loss 0.0093, disc_weight 0.4000, disc_adaptive_weight 4.3710, d_loss 0.4391, logits_real -0.0148, logits_fake -0.0091,
Train Epoch: [1/30] Iters:[740/1093] gen_loss 0.1943, rec_loss 0.0113, lpips_loss 0.1392, g_loss 0.0100, disc_weight 0.4000, disc_adaptive_weight 4.3438, d_loss 0.4380, logits_real -0.0154, logits_fake -0.0098,
Train Epoch: [1/30] Iters:[750/1093] gen_loss 0.1975, rec_loss 0.0113, lpips_loss 0.1389, g_loss 0.0107, disc_weight 0.4000, disc_adaptive_weight 4.4012, d_loss 0.4370, logits_real -0.0158, logits_fake -0.0104,
Train Epoch: [1/30] Iters:[760/1093] gen_loss 0.1983, rec_loss 0.0113, lpips_loss 0.1386, g_loss 0.0110, disc_weight 0.4000, disc_adaptive_weight 4.3480, d_loss 0.4361, logits_real -0.0162, logits_fake -0.0107,
Train Epoch: [1/30] Iters:[770/1093] gen_loss 0.2011, rec_loss 0.0113, lpips_loss 0.1382, g_loss 0.0114, disc_weight 0.4000, disc_adaptive_weight 4.4621, d_loss 0.4353, logits_real -0.0167, logits_fake -0.0110,
Train Epoch: [1/30] Iters:[780/1093] gen_loss 0.2004, rec_loss 0.0113, lpips_loss 0.1384, g_loss 0.0116, disc_weight 0.4000, disc_adaptive_weight 4.2999, d_loss 0.4344, logits_real -0.0171, logits_fake -0.0116,
Train Epoch: [1/30] Iters:[790/1093] gen_loss 0.2027, rec_loss 0.0113, lpips_loss 0.1385, g_loss 0.0121, disc_weight 0.4000, disc_adaptive_weight 4.3177, d_loss 0.4336, logits_real -0.0176, logits_fake -0.0120,
Train Epoch: [1/30] Iters:[800/1093] gen_loss 0.2048, rec_loss 0.0114, lpips_loss 0.1386, g_loss 0.0126, disc_weight 0.4000, disc_adaptive_weight 4.3167, d_loss 0.4327, logits_real -0.0181, logits_fake -0.0126,
Train Epoch: [1/30] Iters:[810/1093] gen_loss 0.2098, rec_loss 0.0112, lpips_loss 0.1382, g_loss 0.0136, disc_weight 0.4000, disc_adaptive_weight 4.3958, d_loss 0.4320, logits_real -0.0190, logits_fake -0.0135,
Train Epoch: [1/30] Iters:[820/1093] gen_loss 0.2075, rec_loss 0.0113, lpips_loss 0.1384, g_loss 0.0146, disc_weight 0.4000, disc_adaptive_weight 3.9559, d_loss 0.4313, logits_real -0.0196, logits_fake -0.0146,
Train Epoch: [1/30] Iters:[830/1093] gen_loss 0.2161, rec_loss 0.0113, lpips_loss 0.1388, g_loss 0.0156, disc_weight 0.4000, disc_adaptive_weight 4.2167, d_loss 0.4307, logits_real -0.0205, logits_fake -0.0156,
Train Epoch: [1/30] Iters:[840/1093] gen_loss 0.2205, rec_loss 0.0111, lpips_loss 0.1382, g_loss 0.0163, disc_weight 0.4000, disc_adaptive_weight 4.3360, d_loss 0.4301, logits_real -0.0212, logits_fake -0.0163,
Train Epoch: [1/30] Iters:[850/1093] gen_loss 0.2249, rec_loss 0.0111, lpips_loss 0.1381, g_loss 0.0171, disc_weight 0.4000, disc_adaptive_weight 4.4236, d_loss 0.4295, logits_real -0.0219, logits_fake -0.0170,
Train Epoch: [1/30] Iters:[860/1093] gen_loss 0.2326, rec_loss 0.0114, lpips_loss 0.1389, g_loss 0.0175, disc_weight 0.4000, disc_adaptive_weight 4.6696, d_loss 0.4289, logits_real -0.0225, logits_fake -0.0175,
Train Epoch: [1/30] Iters:[870/1093] gen_loss 0.2389, rec_loss 0.0113, lpips_loss 0.1389, g_loss 0.0178, disc_weight 0.4000, disc_adaptive_weight 4.9718, d_loss 0.4281, logits_real -0.0230, logits_fake -0.0179,
Train Epoch: [1/30] Iters:[880/1093] gen_loss 0.2414, rec_loss 0.0113, lpips_loss 0.1387, g_loss 0.0181, disc_weight 0.4000, disc_adaptive_weight 5.0340, d_loss 0.4273, logits_real -0.0231, logits_fake -0.0182,
Train Epoch: [1/30] Iters:[890/1093] gen_loss 0.2433, rec_loss 0.0114, lpips_loss 0.1393, g_loss 0.0182, disc_weight 0.4000, disc_adaptive_weight 5.0599, d_loss 0.4267, logits_real -0.0236, logits_fake -0.0185,
Train Epoch: [1/30] Iters:[900/1093] gen_loss 0.2411, rec_loss 0.0114, lpips_loss 0.1397, g_loss 0.0187, disc_weight 0.4000, disc_adaptive_weight 4.8126, d_loss 0.4261, logits_real -0.0241, logits_fake -0.0190,
Train Epoch: [1/30] Iters:[910/1093] gen_loss 0.2365, rec_loss 0.0114, lpips_loss 0.1397, g_loss 0.0192, disc_weight 0.4000, disc_adaptive_weight 4.4512, d_loss 0.4255, logits_real -0.0245, logits_fake -0.0194,
Train Epoch: [1/30] Iters:[920/1093] gen_loss 0.2410, rec_loss 0.0113, lpips_loss 0.1394, g_loss 0.0199, disc_weight 0.4000, disc_adaptive_weight 4.5439, d_loss 0.4250, logits_real -0.0252, logits_fake -0.0198,
Train Epoch: [1/30] Iters:[930/1093] gen_loss 0.2434, rec_loss 0.0113, lpips_loss 0.1391, g_loss 0.0204, disc_weight 0.4000, disc_adaptive_weight 4.5593, d_loss 0.4245, logits_real -0.0257, logits_fake -0.0204,
Train Epoch: [1/30] Iters:[940/1093] gen_loss 0.2454, rec_loss 0.0113, lpips_loss 0.1391, g_loss 0.0209, disc_weight 0.4000, disc_adaptive_weight 4.5209, d_loss 0.4240, logits_real -0.0259, logits_fake -0.0208,
Train Epoch: [1/30] Iters:[950/1093] gen_loss 0.2554, rec_loss 0.0113, lpips_loss 0.1394, g_loss 0.0212, disc_weight 0.4000, disc_adaptive_weight 4.9331, d_loss 0.4236, logits_real -0.0261, logits_fake -0.0210,
Train Epoch: [1/30] Iters:[960/1093] gen_loss 0.2592, rec_loss 0.0113, lpips_loss 0.1394, g_loss 0.0213, disc_weight 0.4000, disc_adaptive_weight 5.0747, d_loss 0.4231, logits_real -0.0264, logits_fake -0.0212,
Train Epoch: [1/30] Iters:[970/1093] gen_loss 0.2581, rec_loss 0.0113, lpips_loss 0.1399, g_loss 0.0214, disc_weight 0.4000, disc_adaptive_weight 4.9892, d_loss 0.4226, logits_real -0.0264, logits_fake -0.0215,
Train Epoch: [1/30] Iters:[980/1093] gen_loss 0.2527, rec_loss 0.0114, lpips_loss 0.1405, g_loss 0.0216, disc_weight 0.4000, disc_adaptive_weight 4.6721, d_loss 0.4222, logits_real -0.0266, logits_fake -0.0215,
Train Epoch: [1/30] Iters:[990/1093] gen_loss 0.2523, rec_loss 0.0114, lpips_loss 0.1403, g_loss 0.0218, disc_weight 0.4000, disc_adaptive_weight 4.6177, d_loss 0.4216, logits_real -0.0267, logits_fake -0.0217,
Train Epoch: [1/30] Iters:[1000/1093] gen_loss 0.2507, rec_loss 0.0114, lpips_loss 0.1397, g_loss 0.0220, disc_weight 0.4000, disc_adaptive_weight 4.5322, d_loss 0.4210, logits_real -0.0267, logits_fake -0.0218,
Train Epoch: [1/30] Iters:[1010/1093] gen_loss 0.2574, rec_loss 0.0114, lpips_loss 0.1395, g_loss 0.0222, disc_weight 0.4000, disc_adaptive_weight 4.7807, d_loss 0.4206, logits_real -0.0268, logits_fake -0.0221,
Train Epoch: [1/30] Iters:[1020/1093] gen_loss 0.2678, rec_loss 0.0115, lpips_loss 0.1394, g_loss 0.0224, disc_weight 0.4000, disc_adaptive_weight 5.1972, d_loss 0.4203, logits_real -0.0270, logits_fake -0.0223,
Train Epoch: [1/30] Iters:[1030/1093] gen_loss 0.2777, rec_loss 0.0114, lpips_loss 0.1390, g_loss 0.0225, disc_weight 0.4000, disc_adaptive_weight 5.6432, d_loss 0.4199, logits_real -0.0273, logits_fake -0.0225,
Train Epoch: [1/30] Iters:[1040/1093] gen_loss 0.2797, rec_loss 0.0114, lpips_loss 0.1396, g_loss 0.0226, disc_weight 0.4000, disc_adaptive_weight 5.6799, d_loss 0.4196, logits_real -0.0275, logits_fake -0.0227,
Train Epoch: [1/30] Iters:[1050/1093] gen_loss 0.2796, rec_loss 0.0115, lpips_loss 0.1398, g_loss 0.0228, disc_weight 0.4000, disc_adaptive_weight 5.6233, d_loss 0.4193, logits_real -0.0278, logits_fake -0.0229,
Train Epoch: [1/30] Iters:[1060/1093] gen_loss 0.2797, rec_loss 0.0115, lpips_loss 0.1397, g_loss 0.0230, disc_weight 0.4000, disc_adaptive_weight 5.5871, d_loss 0.4190, logits_real -0.0280, logits_fake -0.0230,
Train Epoch: [1/30] Iters:[1070/1093] gen_loss 0.2759, rec_loss 0.0114, lpips_loss 0.1393, g_loss 0.0232, disc_weight 0.4000, disc_adaptive_weight 5.3816, d_loss 0.4186, logits_real -0.0282, logits_fake -0.0231,
Train Epoch: [1/30] Iters:[1080/1093] gen_loss 0.2768, rec_loss 0.0114, lpips_loss 0.1389, g_loss 0.0236, disc_weight 0.4000, disc_adaptive_weight 5.3422, d_loss 0.4183, logits_real -0.0284, logits_fake -0.0234,
Train Epoch: [1/30] Iters:[1090/1093] gen_loss 0.2799, rec_loss 0.0114, lpips_loss 0.1386, g_loss 0.0239, disc_weight 0.4000, disc_adaptive_weight 5.4112, d_loss 0.4181, logits_real -0.0287, logits_fake -0.0237,
epoch:2, cur_lr:0.000010
Train Epoch: [2/30] Iters:[10/1093] gen_loss 0.2642, rec_loss 0.0111, lpips_loss 0.1395, g_loss 0.0247, disc_weight 0.4000, disc_adaptive_weight 4.5699, d_loss 0.4170, logits_real -0.0296, logits_fake -0.0245,
Train Epoch: [2/30] Iters:[20/1093] gen_loss 0.2608, rec_loss 0.0114, lpips_loss 0.1396, g_loss 0.0252, disc_weight 0.4000, disc_adaptive_weight 4.3489, d_loss 0.4168, logits_real -0.0296, logits_fake -0.0247,
Train Epoch: [2/30] Iters:[30/1093] gen_loss 0.2621, rec_loss 0.0113, lpips_loss 0.1392, g_loss 0.0254, disc_weight 0.4000, disc_adaptive_weight 4.3937, d_loss 0.4167, logits_real -0.0299, logits_fake -0.0251,
Train Epoch: [2/30] Iters:[40/1093] gen_loss 0.2673, rec_loss 0.0112, lpips_loss 0.1387, g_loss 0.0255, disc_weight 0.4000, disc_adaptive_weight 4.6028, d_loss 0.4165, logits_real -0.0298, logits_fake -0.0252,
Train Epoch: [2/30] Iters:[50/1093] gen_loss 0.2630, rec_loss 0.0112, lpips_loss 0.1381, g_loss 0.0255, disc_weight 0.4000, disc_adaptive_weight 4.4636, d_loss 0.4163, logits_real -0.0296, logits_fake -0.0251,
Train Epoch: [2/30] Iters:[60/1093] gen_loss 0.2672, rec_loss 0.0111, lpips_loss 0.1372, g_loss 0.0258, disc_weight 0.4000, disc_adaptive_weight 4.6140, d_loss 0.4160, logits_real -0.0297, logits_fake -0.0253,
Train Epoch: [2/30] Iters:[70/1093] gen_loss 0.2680, rec_loss 0.0110, lpips_loss 0.1371, g_loss 0.0257, disc_weight 0.4000, disc_adaptive_weight 4.6724, d_loss 0.4157, logits_real -0.0297, logits_fake -0.0254,
Train Epoch: [2/30] Iters:[80/1093] gen_loss 0.2758, rec_loss 0.0110, lpips_loss 0.1371, g_loss 0.0254, disc_weight 0.4000, disc_adaptive_weight 5.0201, d_loss 0.4155, logits_real -0.0297, logits_fake -0.0253,
Train Epoch: [2/30] Iters:[90/1093] gen_loss 0.2711, rec_loss 0.0111, lpips_loss 0.1376, g_loss 0.0254, disc_weight 0.4000, disc_adaptive_weight 4.8252, d_loss 0.4154, logits_real -0.0299, logits_fake -0.0253,
Train Epoch: [2/30] Iters:[100/1093] gen_loss 0.2755, rec_loss 0.0112, lpips_loss 0.1383, g_loss 0.0254, disc_weight 0.4000, disc_adaptive_weight 4.9682, d_loss 0.4153, logits_real -0.0301, logits_fake -0.0254,
Train Epoch: [2/30] Iters:[110/1093] gen_loss 0.2718, rec_loss 0.0112, lpips_loss 0.1390, g_loss 0.0252, disc_weight 0.4000, disc_adaptive_weight 4.8125, d_loss 0.4151, logits_real -0.0301, logits_fake -0.0254,
Train Epoch: [2/30] Iters:[120/1093] gen_loss 0.2770, rec_loss 0.0111, lpips_loss 0.1387, g_loss 0.0253, disc_weight 0.4000, disc_adaptive_weight 5.0183, d_loss 0.4149, logits_real -0.0302, logits_fake -0.0255,
Train Epoch: [2/30] Iters:[130/1093] gen_loss 0.2666, rec_loss 0.0112, lpips_loss 0.1392, g_loss 0.0256, disc_weight 0.4000, disc_adaptive_weight 4.5412, d_loss 0.4146, logits_real -0.0301, logits_fake -0.0257,
Train Epoch: [2/30] Iters:[140/1093] gen_loss 0.2695, rec_loss 0.0112, lpips_loss 0.1387, g_loss 0.0258, disc_weight 0.4000, disc_adaptive_weight 4.6285, d_loss 0.4143, logits_real -0.0302, logits_fake -0.0259,
Train Epoch: [2/30] Iters:[150/1093] gen_loss 0.2782, rec_loss 0.0112, lpips_loss 0.1383, g_loss 0.0260, disc_weight 0.4000, disc_adaptive_weight 4.9342, d_loss 0.4141, logits_real -0.0303, logits_fake -0.0260,
Train Epoch: [2/30] Iters:[160/1093] gen_loss 0.2787, rec_loss 0.0112, lpips_loss 0.1379, g_loss 0.0262, disc_weight 0.4000, disc_adaptive_weight 4.9556, d_loss 0.4139, logits_real -0.0304, logits_fake -0.0261,
Train Epoch: [2/30] Iters:[170/1093] gen_loss 0.2744, rec_loss 0.0113, lpips_loss 0.1380, g_loss 0.0264, disc_weight 0.4000, disc_adaptive_weight 4.7460, d_loss 0.4137, logits_real -0.0307, logits_fake -0.0263,
Train Epoch: [2/30] Iters:[180/1093] gen_loss 0.2734, rec_loss 0.0112, lpips_loss 0.1373, g_loss 0.0265, disc_weight 0.4000, disc_adaptive_weight 4.7252, d_loss 0.4135, logits_real -0.0308, logits_fake -0.0264,
Train Epoch: [2/30] Iters:[190/1093] gen_loss 0.2769, rec_loss 0.0111, lpips_loss 0.1371, g_loss 0.0266, disc_weight 0.4000, disc_adaptive_weight 4.8577, d_loss 0.4132, logits_real -0.0307, logits_fake -0.0265,
Train Epoch: [2/30] Iters:[200/1093] gen_loss 0.2665, rec_loss 0.0111, lpips_loss 0.1375, g_loss 0.0266, disc_weight 0.4000, disc_adaptive_weight 4.4282, d_loss 0.4130, logits_real -0.0308, logits_fake -0.0267,
Train Epoch: [2/30] Iters:[210/1093] gen_loss 0.2683, rec_loss 0.0111, lpips_loss 0.1375, g_loss 0.0269, disc_weight 0.4000, disc_adaptive_weight 4.4449, d_loss 0.4128, logits_real -0.0309, logits_fake -0.0269,
Train Epoch: [2/30] Iters:[220/1093] gen_loss 0.2708, rec_loss 0.0111, lpips_loss 0.1374, g_loss 0.0268, disc_weight 0.4000, disc_adaptive_weight 4.5592, d_loss 0.4126, logits_real -0.0308, logits_fake -0.0270,
Train Epoch: [2/30] Iters:[230/1093] gen_loss 0.2748, rec_loss 0.0112, lpips_loss 0.1373, g_loss 0.0270, disc_weight 0.4000, disc_adaptive_weight 4.6696, d_loss 0.4125, logits_real -0.0311, logits_fake -0.0271,
Train Epoch: [2/30] Iters:[240/1093] gen_loss 0.2678, rec_loss 0.0112, lpips_loss 0.1374, g_loss 0.0272, disc_weight 0.4000, disc_adaptive_weight 4.3732, d_loss 0.4124, logits_real -0.0313, logits_fake -0.0273,
Train Epoch: [2/30] Iters:[250/1093] gen_loss 0.2698, rec_loss 0.0111, lpips_loss 0.1369, g_loss 0.0273, disc_weight 0.4000, disc_adaptive_weight 4.4550, d_loss 0.4122, logits_real -0.0316, logits_fake -0.0274,
Train Epoch: [2/30] Iters:[260/1093] gen_loss 0.2670, rec_loss 0.0111, lpips_loss 0.1364, g_loss 0.0275, disc_weight 0.4000, disc_adaptive_weight 4.3448, d_loss 0.4121, logits_real -0.0317, logits_fake -0.0276,
Train Epoch: [2/30] Iters:[270/1093] gen_loss 0.2685, rec_loss 0.0111, lpips_loss 0.1363, g_loss 0.0279, disc_weight 0.4000, disc_adaptive_weight 4.3380, d_loss 0.4120, logits_real -0.0319, logits_fake -0.0279,
Train Epoch: [2/30] Iters:[280/1093] gen_loss 0.2761, rec_loss 0.0110, lpips_loss 0.1362, g_loss 0.0281, disc_weight 0.4000, disc_adaptive_weight 4.5696, d_loss 0.4117, logits_real -0.0320, logits_fake -0.0282,
Train Epoch: [2/30] Iters:[290/1093] gen_loss 0.2805, rec_loss 0.0111, lpips_loss 0.1366, g_loss 0.0283, disc_weight 0.4000, disc_adaptive_weight 4.6878, d_loss 0.4115, logits_real -0.0322, logits_fake -0.0285,
Train Epoch: [2/30] Iters:[300/1093] gen_loss 0.2893, rec_loss 0.0112, lpips_loss 0.1367, g_loss 0.0286, disc_weight 0.4000, disc_adaptive_weight 4.9419, d_loss 0.4114, logits_real -0.0325, logits_fake -0.0288,
Train Epoch: [2/30] Iters:[310/1093] gen_loss 0.2905, rec_loss 0.0111, lpips_loss 0.1371, g_loss 0.0287, disc_weight 0.4000, disc_adaptive_weight 4.9566, d_loss 0.4112, logits_real -0.0328, logits_fake -0.0290,
Train Epoch: [2/30] Iters:[320/1093] gen_loss 0.2894, rec_loss 0.0112, lpips_loss 0.1372, g_loss 0.0288, disc_weight 0.4000, disc_adaptive_weight 4.9002, d_loss 0.4111, logits_real -0.0328, logits_fake -0.0289,
Train Epoch: [2/30] Iters:[330/1093] gen_loss 0.2857, rec_loss 0.0111, lpips_loss 0.1371, g_loss 0.0286, disc_weight 0.4000, disc_adaptive_weight 4.8071, d_loss 0.4110, logits_real -0.0327, logits_fake -0.0287,
Train Epoch: [2/30] Iters:[340/1093] gen_loss 0.2903, rec_loss 0.0111, lpips_loss 0.1368, g_loss 0.0284, disc_weight 0.4000, disc_adaptive_weight 5.0195, d_loss 0.4108, logits_real -0.0324, logits_fake -0.0283,
Train Epoch: [2/30] Iters:[350/1093] gen_loss 0.2811, rec_loss 0.0111, lpips_loss 0.1368, g_loss 0.0279, disc_weight 0.4000, disc_adaptive_weight 4.7613, d_loss 0.4106, logits_real -0.0320, logits_fake -0.0280,
Train Epoch: [2/30] Iters:[360/1093] gen_loss 0.2827, rec_loss 0.0111, lpips_loss 0.1367, g_loss 0.0277, disc_weight 0.4000, disc_adaptive_weight 4.8622, d_loss 0.4105, logits_real -0.0316, logits_fake -0.0278,
Train Epoch: [2/30] Iters:[370/1093] gen_loss 0.2825, rec_loss 0.0109, lpips_loss 0.1363, g_loss 0.0276, disc_weight 0.4000, disc_adaptive_weight 4.8911, d_loss 0.4103, logits_real -0.0315, logits_fake -0.0278,
Train Epoch: [2/30] Iters:[380/1093] gen_loss 0.2807, rec_loss 0.0110, lpips_loss 0.1366, g_loss 0.0274, disc_weight 0.4000, disc_adaptive_weight 4.8585, d_loss 0.4102, logits_real -0.0313, logits_fake -0.0275,
Train Epoch: [2/30] Iters:[390/1093] gen_loss 0.2785, rec_loss 0.0109, lpips_loss 0.1362, g_loss 0.0272, disc_weight 0.4000, disc_adaptive_weight 4.8443, d_loss 0.4101, logits_real -0.0311, logits_fake -0.0273,
Train Epoch: [2/30] Iters:[400/1093] gen_loss 0.2870, rec_loss 0.0109, lpips_loss 0.1364, g_loss 0.0270, disc_weight 0.4000, disc_adaptive_weight 5.1882, d_loss 0.4100, logits_real -0.0309, logits_fake -0.0271,
Train Epoch: [2/30] Iters:[410/1093] gen_loss 0.2871, rec_loss 0.0110, lpips_loss 0.1373, g_loss 0.0270, disc_weight 0.4000, disc_adaptive_weight 5.1782, d_loss 0.4099, logits_real -0.0307, logits_fake -0.0268,
Train Epoch: [2/30] Iters:[420/1093] gen_loss 0.2819, rec_loss 0.0111, lpips_loss 0.1378, g_loss 0.0268, disc_weight 0.4000, disc_adaptive_weight 4.9960, d_loss 0.4099, logits_real -0.0306, logits_fake -0.0266,
Train Epoch: [2/30] Iters:[430/1093] gen_loss 0.2807, rec_loss 0.0112, lpips_loss 0.1381, g_loss 0.0268, disc_weight 0.4000, disc_adaptive_weight 4.9286, d_loss 0.4098, logits_real -0.0307, logits_fake -0.0266,
Train Epoch: [2/30] Iters:[440/1093] gen_loss 0.2796, rec_loss 0.0113, lpips_loss 0.1386, g_loss 0.0268, disc_weight 0.4000, disc_adaptive_weight 4.8549, d_loss 0.4097, logits_real -0.0308, logits_fake -0.0266,
Train Epoch: [2/30] Iters:[450/1093] gen_loss 0.2719, rec_loss 0.0112, lpips_loss 0.1383, g_loss 0.0270, disc_weight 0.4000, disc_adaptive_weight 4.5265, d_loss 0.4096, logits_real -0.0308, logits_fake -0.0268,
Train Epoch: [2/30] Iters:[460/1093] gen_loss 0.2773, rec_loss 0.0112, lpips_loss 0.1374, g_loss 0.0270, disc_weight 0.4000, disc_adaptive_weight 4.7615, d_loss 0.4094, logits_real -0.0308, logits_fake -0.0269,
Train Epoch: [2/30] Iters:[470/1093] gen_loss 0.2786, rec_loss 0.0112, lpips_loss 0.1374, g_loss 0.0270, disc_weight 0.4000, disc_adaptive_weight 4.8003, d_loss 0.4093, logits_real -0.0308, logits_fake -0.0270,
Train Epoch: [2/30] Iters:[480/1093] gen_loss 0.2809, rec_loss 0.0111, lpips_loss 0.1370, g_loss 0.0271, disc_weight 0.4000, disc_adaptive_weight 4.8994, d_loss 0.4092, logits_real -0.0308, logits_fake -0.0270,
Train Epoch: [2/30] Iters:[490/1093] gen_loss 0.2833, rec_loss 0.0110, lpips_loss 0.1369, g_loss 0.0272, disc_weight 0.4000, disc_adaptive_weight 4.9757, d_loss 0.4090, logits_real -0.0307, logits_fake -0.0272,
Train Epoch: [2/30] Iters:[500/1093] gen_loss 0.2861, rec_loss 0.0110, lpips_loss 0.1369, g_loss 0.0269, disc_weight 0.4000, disc_adaptive_weight 5.1436, d_loss 0.4090, logits_real -0.0306, logits_fake -0.0271,
Train Epoch: [2/30] Iters:[510/1093] gen_loss 0.2777, rec_loss 0.0110, lpips_loss 0.1374, g_loss 0.0266, disc_weight 0.4000, disc_adaptive_weight 4.8630, d_loss 0.4089, logits_real -0.0303, logits_fake -0.0268,
Train Epoch: [2/30] Iters:[520/1093] gen_loss 0.2796, rec_loss 0.0109, lpips_loss 0.1373, g_loss 0.0265, disc_weight 0.4000, disc_adaptive_weight 4.9636, d_loss 0.4087, logits_real -0.0298, logits_fake -0.0265,
Train Epoch: [2/30] Iters:[530/1093] gen_loss 0.2723, rec_loss 0.0109, lpips_loss 0.1370, g_loss 0.0261, disc_weight 0.4000, disc_adaptive_weight 4.7663, d_loss 0.4086, logits_real -0.0295, logits_fake -0.0262,
Train Epoch: [2/30] Iters:[540/1093] gen_loss 0.2677, rec_loss 0.0109, lpips_loss 0.1367, g_loss 0.0259, disc_weight 0.4000, disc_adaptive_weight 4.6389, d_loss 0.4086, logits_real -0.0293, logits_fake -0.0260,
Train Epoch: [2/30] Iters:[550/1093] gen_loss 0.2670, rec_loss 0.0109, lpips_loss 0.1365, g_loss 0.0261, disc_weight 0.4000, disc_adaptive_weight 4.5934, d_loss 0.4085, logits_real -0.0294, logits_fake -0.0259,
Train Epoch: [2/30] Iters:[560/1093] gen_loss 0.2720, rec_loss 0.0109, lpips_loss 0.1364, g_loss 0.0262, disc_weight 0.4000, disc_adaptive_weight 4.7657, d_loss 0.4084, logits_real -0.0295, logits_fake -0.0262,
Train Epoch: [2/30] Iters:[570/1093] gen_loss 0.2739, rec_loss 0.0110, lpips_loss 0.1362, g_loss 0.0262, disc_weight 0.4000, disc_adaptive_weight 4.8625, d_loss 0.4084, logits_real -0.0297, logits_fake -0.0264,
Train Epoch: [2/30] Iters:[580/1093] gen_loss 0.2822, rec_loss 0.0111, lpips_loss 0.1366, g_loss 0.0265, disc_weight 0.4000, disc_adaptive_weight 5.1075, d_loss 0.4083, logits_real -0.0300, logits_fake -0.0268,
Train Epoch: [2/30] Iters:[590/1093] gen_loss 0.2812, rec_loss 0.0112, lpips_loss 0.1368, g_loss 0.0263, disc_weight 0.4000, disc_adaptive_weight 5.1036, d_loss 0.4082, logits_real -0.0298, logits_fake -0.0267,
Train Epoch: [2/30] Iters:[600/1093] gen_loss 0.2757, rec_loss 0.0111, lpips_loss 0.1368, g_loss 0.0263, disc_weight 0.4000, disc_adaptive_weight 4.8953, d_loss 0.4081, logits_real -0.0296, logits_fake -0.0265,
Train Epoch: [2/30] Iters:[610/1093] gen_loss 0.2825, rec_loss 0.0111, lpips_loss 0.1372, g_loss 0.0265, disc_weight 0.4000, disc_adaptive_weight 5.0897, d_loss 0.4080, logits_real -0.0296, logits_fake -0.0265,
Train Epoch: [2/30] Iters:[620/1093] gen_loss 0.2852, rec_loss 0.0111, lpips_loss 0.1376, g_loss 0.0267, disc_weight 0.4000, disc_adaptive_weight 5.1307, d_loss 0.4079, logits_real -0.0297, logits_fake -0.0266,
Train Epoch: [2/30] Iters:[630/1093] gen_loss 0.2897, rec_loss 0.0110, lpips_loss 0.1377, g_loss 0.0265, disc_weight 0.4000, disc_adaptive_weight 5.3345, d_loss 0.4079, logits_real -0.0299, logits_fake -0.0266,
Train Epoch: [2/30] Iters:[640/1093] gen_loss 0.2939, rec_loss 0.0110, lpips_loss 0.1377, g_loss 0.0267, disc_weight 0.4000, disc_adaptive_weight 5.4704, d_loss 0.4077, logits_real -0.0300, logits_fake -0.0271,
Train Epoch: [2/30] Iters:[650/1093] gen_loss 0.2976, rec_loss 0.0110, lpips_loss 0.1379, g_loss 0.0267, disc_weight 0.4000, disc_adaptive_weight 5.6049, d_loss 0.4076, logits_real -0.0300, logits_fake -0.0273,
Train Epoch: [2/30] Iters:[660/1093] gen_loss 0.2843, rec_loss 0.0110, lpips_loss 0.1372, g_loss 0.0265, disc_weight 0.4000, disc_adaptive_weight 5.2004, d_loss 0.4075, logits_real -0.0299, logits_fake -0.0272,
Train Epoch: [2/30] Iters:[670/1093] gen_loss 0.2814, rec_loss 0.0109, lpips_loss 0.1371, g_loss 0.0266, disc_weight 0.4000, disc_adaptive_weight 5.0676, d_loss 0.4074, logits_real -0.0294, logits_fake -0.0269,
Train Epoch: [2/30] Iters:[680/1093] gen_loss 0.2694, rec_loss 0.0109, lpips_loss 0.1371, g_loss 0.0264, disc_weight 0.4000, disc_adaptive_weight 4.6385, d_loss 0.4072, logits_real -0.0290, logits_fake -0.0270,
Train Epoch: [2/30] Iters:[690/1093] gen_loss 0.2655, rec_loss 0.0110, lpips_loss 0.1372, g_loss 0.0267, disc_weight 0.4000, disc_adaptive_weight 4.4197, d_loss 0.4074, logits_real -0.0293, logits_fake -0.0268,
Train Epoch: [2/30] Iters:[700/1093] gen_loss 0.2698, rec_loss 0.0111, lpips_loss 0.1372, g_loss 0.0263, disc_weight 0.4000, disc_adaptive_weight 4.6499, d_loss 0.4074, logits_real -0.0297, logits_fake -0.0266,
Train Epoch: [2/30] Iters:[710/1093] gen_loss 0.2739, rec_loss 0.0112, lpips_loss 0.1374, g_loss 0.0262, disc_weight 0.4000, disc_adaptive_weight 4.8054, d_loss 0.4074, logits_real -0.0296, logits_fake -0.0263,
Train Epoch: [2/30] Iters:[720/1093] gen_loss 0.2695, rec_loss 0.0114, lpips_loss 0.1376, g_loss 0.0259, disc_weight 0.4000, disc_adaptive_weight 4.6867, d_loss 0.4074, logits_real -0.0298, logits_fake -0.0263,
Train Epoch: [2/30] Iters:[730/1093] gen_loss 0.2728, rec_loss 0.0114, lpips_loss 0.1375, g_loss 0.0260, disc_weight 0.4000, disc_adaptive_weight 4.8003, d_loss 0.4074, logits_real -0.0297, logits_fake -0.0257,
Train Epoch: [2/30] Iters:[740/1093] gen_loss 0.2701, rec_loss 0.0114, lpips_loss 0.1373, g_loss 0.0257, disc_weight 0.4000, disc_adaptive_weight 4.7442, d_loss 0.4073, logits_real -0.0296, logits_fake -0.0257,
Train Epoch: [2/30] Iters:[750/1093] gen_loss 0.2633, rec_loss 0.0113, lpips_loss 0.1370, g_loss 0.0259, disc_weight 0.4000, disc_adaptive_weight 4.4538, d_loss 0.4071, logits_real -0.0294, logits_fake -0.0259,
Train Epoch: [2/30] Iters:[760/1093] gen_loss 0.2633, rec_loss 0.0111, lpips_loss 0.1367, g_loss 0.0262, disc_weight 0.4000, disc_adaptive_weight 4.4192, d_loss 0.4070, logits_real -0.0297, logits_fake -0.0262,
Train Epoch: [2/30] Iters:[770/1093] gen_loss 0.2747, rec_loss 0.0111, lpips_loss 0.1367, g_loss 0.0261, disc_weight 0.4000, disc_adaptive_weight 4.8731, d_loss 0.4070, logits_real -0.0301, logits_fake -0.0265,
Train Epoch: [2/30] Iters:[780/1093] gen_loss 0.2892, rec_loss 0.0111, lpips_loss 0.1363, g_loss 0.0266, disc_weight 0.4000, disc_adaptive_weight 5.3290, d_loss 0.4069, logits_real -0.0306, logits_fake -0.0269,
Train Epoch: [2/30] Iters:[790/1093] gen_loss 0.3001, rec_loss 0.0111, lpips_loss 0.1368, g_loss 0.0268, disc_weight 0.4000, disc_adaptive_weight 5.6918, d_loss 0.4068, logits_real -0.0307, logits_fake -0.0271,
Train Epoch: [2/30] Iters:[800/1093] gen_loss 0.3061, rec_loss 0.0113, lpips_loss 0.1375, g_loss 0.0270, disc_weight 0.4000, disc_adaptive_weight 5.8466, d_loss 0.4068, logits_real -0.0310, logits_fake -0.0273,
Train Epoch: [2/30] Iters:[810/1093] gen_loss 0.3041, rec_loss 0.0115, lpips_loss 0.1384, g_loss 0.0272, disc_weight 0.4000, disc_adaptive_weight 5.6989, d_loss 0.4068, logits_real -0.0312, logits_fake -0.0274,
Train Epoch: [2/30] Iters:[820/1093] gen_loss 0.3048, rec_loss 0.0114, lpips_loss 0.1376, g_loss 0.0276, disc_weight 0.4000, disc_adaptive_weight 5.6681, d_loss 0.4068, logits_real -0.0315, logits_fake -0.0277,
Train Epoch: [2/30] Iters:[830/1093] gen_loss 0.2946, rec_loss 0.0113, lpips_loss 0.1378, g_loss 0.0275, disc_weight 0.4000, disc_adaptive_weight 5.2981, d_loss 0.4067, logits_real -0.0314, logits_fake -0.0278,
Train Epoch: [2/30] Iters:[840/1093] gen_loss 0.2887, rec_loss 0.0113, lpips_loss 0.1372, g_loss 0.0276, disc_weight 0.4000, disc_adaptive_weight 5.0804, d_loss 0.4066, logits_real -0.0315, logits_fake -0.0279,
Train Epoch: [2/30] Iters:[850/1093] gen_loss 0.2873, rec_loss 0.0112, lpips_loss 0.1371, g_loss 0.0280, disc_weight 0.4000, disc_adaptive_weight 4.9727, d_loss 0.4065, logits_real -0.0316, logits_fake -0.0281,
Train Epoch: [2/30] Iters:[860/1093] gen_loss 0.2934, rec_loss 0.0111, lpips_loss 0.1359, g_loss 0.0283, disc_weight 0.4000, disc_adaptive_weight 5.1763, d_loss 0.4064, logits_real -0.0318, logits_fake -0.0284,
Train Epoch: [2/30] Iters:[870/1093] gen_loss 0.2881, rec_loss 0.0111, lpips_loss 0.1361, g_loss 0.0288, disc_weight 0.4000, disc_adaptive_weight 4.8954, d_loss 0.4064, logits_real -0.0323, logits_fake -0.0287,
Train Epoch: [2/30] Iters:[880/1093] gen_loss 0.2993, rec_loss 0.0110, lpips_loss 0.1362, g_loss 0.0293, disc_weight 0.4000, disc_adaptive_weight 5.1829, d_loss 0.4063, logits_real -0.0328, logits_fake -0.0291,
Train Epoch: [2/30] Iters:[890/1093] gen_loss 0.3032, rec_loss 0.0111, lpips_loss 0.1364, g_loss 0.0297, disc_weight 0.4000, disc_adaptive_weight 5.2308, d_loss 0.4062, logits_real -0.0331, logits_fake -0.0295,
Train Epoch: [2/30] Iters:[900/1093] gen_loss 0.3100, rec_loss 0.0112, lpips_loss 0.1363, g_loss 0.0300, disc_weight 0.4000, disc_adaptive_weight 5.4168, d_loss 0.4062, logits_real -0.0335, logits_fake -0.0298,
Train Epoch: [2/30] Iters:[910/1093] gen_loss 0.3100, rec_loss 0.0113, lpips_loss 0.1368, g_loss 0.0301, disc_weight 0.4000, disc_adaptive_weight 5.3714, d_loss 0.4062, logits_real -0.0338, logits_fake -0.0301,
Train Epoch: [2/30] Iters:[920/1093] gen_loss 0.3175, rec_loss 0.0113, lpips_loss 0.1372, g_loss 0.0302, disc_weight 0.4000, disc_adaptive_weight 5.5893, d_loss 0.4061, logits_real -0.0339, logits_fake -0.0303,
Train Epoch: [2/30] Iters:[930/1093] gen_loss 0.3145, rec_loss 0.0114, lpips_loss 0.1375, g_loss 0.0301, disc_weight 0.4000, disc_adaptive_weight 5.4916, d_loss 0.4061, logits_real -0.0338, logits_fake -0.0303,
Train Epoch: [2/30] Iters:[940/1093] gen_loss 0.3186, rec_loss 0.0114, lpips_loss 0.1376, g_loss 0.0300, disc_weight 0.4000, disc_adaptive_weight 5.6536, d_loss 0.4061, logits_real -0.0337, logits_fake -0.0301,
Train Epoch: [2/30] Iters:[950/1093] gen_loss 0.3147, rec_loss 0.0114, lpips_loss 0.1378, g_loss 0.0298, disc_weight 0.4000, disc_adaptive_weight 5.5538, d_loss 0.4061, logits_real -0.0335, logits_fake -0.0298,
Train Epoch: [2/30] Iters:[960/1093] gen_loss 0.3134, rec_loss 0.0114, lpips_loss 0.1385, g_loss 0.0295, disc_weight 0.4000, disc_adaptive_weight 5.5401, d_loss 0.4061, logits_real -0.0332, logits_fake -0.0295,
Train Epoch: [2/30] Iters:[970/1093] gen_loss 0.3044, rec_loss 0.0115, lpips_loss 0.1385, g_loss 0.0290, disc_weight 0.4000, disc_adaptive_weight 5.3146, d_loss 0.4061, logits_real -0.0327, logits_fake -0.0290,
Train Epoch: [2/30] Iters:[980/1093] gen_loss 0.2966, rec_loss 0.0114, lpips_loss 0.1381, g_loss 0.0288, disc_weight 0.4000, disc_adaptive_weight 5.0899, d_loss 0.4060, logits_real -0.0326, logits_fake -0.0288,
Train Epoch: [2/30] Iters:[990/1093] gen_loss 0.2934, rec_loss 0.0113, lpips_loss 0.1380, g_loss 0.0289, disc_weight 0.4000, disc_adaptive_weight 4.9664, d_loss 0.4060, logits_real -0.0325, logits_fake -0.0289,
Train Epoch: [2/30] Iters:[1000/1093] gen_loss 0.2898, rec_loss 0.0114, lpips_loss 0.1376, g_loss 0.0291, disc_weight 0.4000, disc_adaptive_weight 4.8337, d_loss 0.4059, logits_real -0.0326, logits_fake -0.0291,
Train Epoch: [2/30] Iters:[1010/1093] gen_loss 0.2997, rec_loss 0.0112, lpips_loss 0.1367, g_loss 0.0292, disc_weight 0.4000, disc_adaptive_weight 5.1894, d_loss 0.4058, logits_real -0.0327, logits_fake -0.0292,
Train Epoch: [2/30] Iters:[1020/1093] gen_loss 0.3056, rec_loss 0.0112, lpips_loss 0.1367, g_loss 0.0294, disc_weight 0.4000, disc_adaptive_weight 5.3696, d_loss 0.4058, logits_real -0.0329, logits_fake -0.0293,
Train Epoch: [2/30] Iters:[1030/1093] gen_loss 0.3031, rec_loss 0.0112, lpips_loss 0.1369, g_loss 0.0294, disc_weight 0.4000, disc_adaptive_weight 5.2722, d_loss 0.4058, logits_real -0.0329, logits_fake -0.0293,
Train Epoch: [2/30] Iters:[1040/1093] gen_loss 0.3027, rec_loss 0.0112, lpips_loss 0.1368, g_loss 0.0293, disc_weight 0.4000, disc_adaptive_weight 5.2894, d_loss 0.4057, logits_real -0.0328, logits_fake -0.0293,
Train Epoch: [2/30] Iters:[1050/1093] gen_loss 0.3001, rec_loss 0.0110, lpips_loss 0.1367, g_loss 0.0291, disc_weight 0.4000, disc_adaptive_weight 5.2374, d_loss 0.4056, logits_real -0.0327, logits_fake -0.0292,
Train Epoch: [2/30] Iters:[1060/1093] gen_loss 0.2921, rec_loss 0.0111, lpips_loss 0.1371, g_loss 0.0291, disc_weight 0.4000, disc_adaptive_weight 4.9465, d_loss 0.4056, logits_real -0.0326, logits_fake -0.0292,
Train Epoch: [2/30] Iters:[1070/1093] gen_loss 0.2886, rec_loss 0.0110, lpips_loss 0.1364, g_loss 0.0291, disc_weight 0.4000, disc_adaptive_weight 4.8331, d_loss 0.4055, logits_real -0.0326, logits_fake -0.0293,
Train Epoch: [2/30] Iters:[1080/1093] gen_loss 0.2920, rec_loss 0.0110, lpips_loss 0.1359, g_loss 0.0292, disc_weight 0.4000, disc_adaptive_weight 4.9485, d_loss 0.4054, logits_real -0.0325, logits_fake -0.0293,
Train Epoch: [2/30] Iters:[1090/1093] gen_loss 0.2925, rec_loss 0.0111, lpips_loss 0.1361, g_loss 0.0293, disc_weight 0.4000, disc_adaptive_weight 4.9358, d_loss 0.4054, logits_real -0.0327, logits_fake -0.0293,
epoch:3, cur_lr:0.000010
Train Epoch: [3/30] Iters:[10/1093] gen_loss 0.2819, rec_loss 0.0111, lpips_loss 0.1377, g_loss 0.0291, disc_weight 0.4000, disc_adaptive_weight 4.5675, d_loss 0.4054, logits_real -0.0325, logits_fake -0.0288,
Train Epoch: [3/30] Iters:[20/1093] gen_loss 0.3023, rec_loss 0.0112, lpips_loss 0.1376, g_loss 0.0292, disc_weight 0.4000, disc_adaptive_weight 5.2647, d_loss 0.4054, logits_real -0.0327, logits_fake -0.0290,
Train Epoch: [3/30] Iters:[30/1093] gen_loss 0.3008, rec_loss 0.0114, lpips_loss 0.1380, g_loss 0.0291, disc_weight 0.4000, disc_adaptive_weight 5.2113, d_loss 0.4053, logits_real -0.0326, logits_fake -0.0291,
Train Epoch: [3/30] Iters:[40/1093] gen_loss 0.2965, rec_loss 0.0114, lpips_loss 0.1375, g_loss 0.0290, disc_weight 0.4000, disc_adaptive_weight 5.0825, d_loss 0.4053, logits_real -0.0325, logits_fake -0.0290,
Train Epoch: [3/30] Iters:[50/1093] gen_loss 0.2920, rec_loss 0.0114, lpips_loss 0.1376, g_loss 0.0291, disc_weight 0.4000, disc_adaptive_weight 4.9168, d_loss 0.4053, logits_real -0.0325, logits_fake -0.0291,
Train Epoch: [3/30] Iters:[60/1093] gen_loss 0.3013, rec_loss 0.0115, lpips_loss 0.1377, g_loss 0.0292, disc_weight 0.4000, disc_adaptive_weight 5.2020, d_loss 0.4053, logits_real -0.0326, logits_fake -0.0292,
Train Epoch: [3/30] Iters:[70/1093] gen_loss 0.2979, rec_loss 0.0115, lpips_loss 0.1377, g_loss 0.0293, disc_weight 0.4000, disc_adaptive_weight 5.0687, d_loss 0.4052, logits_real -0.0326, logits_fake -0.0294,
Train Epoch: [3/30] Iters:[80/1093] gen_loss 0.2979, rec_loss 0.0113, lpips_loss 0.1369, g_loss 0.0294, disc_weight 0.4000, disc_adaptive_weight 5.0772, d_loss 0.4052, logits_real -0.0328, logits_fake -0.0295,
Train Epoch: [3/30] Iters:[90/1093] gen_loss 0.3047, rec_loss 0.0112, lpips_loss 0.1371, g_loss 0.0297, disc_weight 0.4000, disc_adaptive_weight 5.2541, d_loss 0.4052, logits_real -0.0331, logits_fake -0.0297,
Train Epoch: [3/30] Iters:[100/1093] gen_loss 0.3123, rec_loss 0.0112, lpips_loss 0.1371, g_loss 0.0298, disc_weight 0.4000, disc_adaptive_weight 5.5023, d_loss 0.4052, logits_real -0.0333, logits_fake -0.0299,
Train Epoch: [3/30] Iters:[110/1093] gen_loss 0.3043, rec_loss 0.0111, lpips_loss 0.1365, g_loss 0.0298, disc_weight 0.4000, disc_adaptive_weight 5.2604, d_loss 0.4051, logits_real -0.0331, logits_fake -0.0299,
Train Epoch: [3/30] Iters:[120/1093] gen_loss 0.2987, rec_loss 0.0111, lpips_loss 0.1364, g_loss 0.0297, disc_weight 0.4000, disc_adaptive_weight 5.0906, d_loss 0.4051, logits_real -0.0331, logits_fake -0.0297,
Train Epoch: [3/30] Iters:[130/1093] gen_loss 0.3029, rec_loss 0.0112, lpips_loss 0.1373, g_loss 0.0296, disc_weight 0.4000, disc_adaptive_weight 5.2206, d_loss 0.4050, logits_real -0.0327, logits_fake -0.0296,
Train Epoch: [3/30] Iters:[140/1093] gen_loss 0.2946, rec_loss 0.0111, lpips_loss 0.1370, g_loss 0.0292, disc_weight 0.4000, disc_adaptive_weight 5.0138, d_loss 0.4049, logits_real -0.0324, logits_fake -0.0293,
Train Epoch: [3/30] Iters:[150/1093] gen_loss 0.2892, rec_loss 0.0111, lpips_loss 0.1371, g_loss 0.0290, disc_weight 0.4000, disc_adaptive_weight 4.8662, d_loss 0.4049, logits_real -0.0321, logits_fake -0.0290,
Train Epoch: [3/30] Iters:[160/1093] gen_loss 0.2846, rec_loss 0.0112, lpips_loss 0.1371, g_loss 0.0288, disc_weight 0.4000, disc_adaptive_weight 4.7319, d_loss 0.4049, logits_real -0.0320, logits_fake -0.0289,
Train Epoch: [3/30] Iters:[170/1093] gen_loss 0.2869, rec_loss 0.0112, lpips_loss 0.1371, g_loss 0.0286, disc_weight 0.4000, disc_adaptive_weight 4.8551, d_loss 0.4048, logits_real -0.0316, logits_fake -0.0286,
Train Epoch: [3/30] Iters:[180/1093] gen_loss 0.2839, rec_loss 0.0113, lpips_loss 0.1368, g_loss 0.0285, disc_weight 0.4000, disc_adaptive_weight 4.7738, d_loss 0.4049, logits_real -0.0318, logits_fake -0.0284,
Train Epoch: [3/30] Iters:[190/1093] gen_loss 0.2902, rec_loss 0.0114, lpips_loss 0.1368, g_loss 0.0287, disc_weight 0.4000, disc_adaptive_weight 4.9569, d_loss 0.4048, logits_real -0.0319, logits_fake -0.0286,
Train Epoch: [3/30] Iters:[200/1093] gen_loss 0.2904, rec_loss 0.0112, lpips_loss 0.1361, g_loss 0.0291, disc_weight 0.4000, disc_adaptive_weight 4.9320, d_loss 0.4048, logits_real -0.0324, logits_fake -0.0290,
Train Epoch: [3/30] Iters:[210/1093] gen_loss 0.3014, rec_loss 0.0113, lpips_loss 0.1367, g_loss 0.0294, disc_weight 0.4000, disc_adaptive_weight 5.2213, d_loss 0.4048, logits_real -0.0327, logits_fake -0.0293,
Train Epoch: [3/30] Iters:[220/1093] gen_loss 0.3056, rec_loss 0.0113, lpips_loss 0.1366, g_loss 0.0299, disc_weight 0.4000, disc_adaptive_weight 5.2813, d_loss 0.4048, logits_real -0.0332, logits_fake -0.0298,
Train Epoch: [3/30] Iters:[230/1093] gen_loss 0.2995, rec_loss 0.0112, lpips_loss 0.1367, g_loss 0.0300, disc_weight 0.4000, disc_adaptive_weight 5.0527, d_loss 0.4047, logits_real -0.0332, logits_fake -0.0299,
Train Epoch: [3/30] Iters:[240/1093] gen_loss 0.3026, rec_loss 0.0114, lpips_loss 0.1374, g_loss 0.0299, disc_weight 0.4000, disc_adaptive_weight 5.1328, d_loss 0.4047, logits_real -0.0331, logits_fake -0.0297,
Train Epoch: [3/30] Iters:[250/1093] gen_loss 0.3078, rec_loss 0.0115, lpips_loss 0.1377, g_loss 0.0298, disc_weight 0.4000, disc_adaptive_weight 5.3053, d_loss 0.4047, logits_real -0.0328, logits_fake -0.0296,
Train Epoch: [3/30] Iters:[260/1093] gen_loss 0.3041, rec_loss 0.0114, lpips_loss 0.1374, g_loss 0.0297, disc_weight 0.4000, disc_adaptive_weight 5.2076, d_loss 0.4047, logits_real -0.0329, logits_fake -0.0295,
Train Epoch: [3/30] Iters:[270/1093] gen_loss 0.3167, rec_loss 0.0113, lpips_loss 0.1374, g_loss 0.0299, disc_weight 0.4000, disc_adaptive_weight 5.6009, d_loss 0.4046, logits_real -0.0331, logits_fake -0.0297,
Train Epoch: [3/30] Iters:[280/1093] gen_loss 0.3294, rec_loss 0.0114, lpips_loss 0.1369, g_loss 0.0303, disc_weight 0.4000, disc_adaptive_weight 5.9631, d_loss 0.4046, logits_real -0.0335, logits_fake -0.0301,
Train Epoch: [3/30] Iters:[290/1093] gen_loss 0.3232, rec_loss 0.0113, lpips_loss 0.1363, g_loss 0.0307, disc_weight 0.4000, disc_adaptive_weight 5.7125, d_loss 0.4045, logits_real -0.0339, logits_fake -0.0306,
Train Epoch: [3/30] Iters:[300/1093] gen_loss 0.3216, rec_loss 0.0113, lpips_loss 0.1362, g_loss 0.0308, disc_weight 0.4000, disc_adaptive_weight 5.6435, d_loss 0.4045, logits_real -0.0341, logits_fake -0.0310,
Train Epoch: [3/30] Iters:[310/1093] gen_loss 0.3321, rec_loss 0.0112, lpips_loss 0.1358, g_loss 0.0310, disc_weight 0.4000, disc_adaptive_weight 5.9848, d_loss 0.4045, logits_real -0.0342, logits_fake -0.0310,
Train Epoch: [3/30] Iters:[320/1093] gen_loss 0.3177, rec_loss 0.0113, lpips_loss 0.1360, g_loss 0.0309, disc_weight 0.4000, disc_adaptive_weight 5.5201, d_loss 0.4044, logits_real -0.0342, logits_fake -0.0311,
Train Epoch: [3/30] Iters:[330/1093] gen_loss 0.3153, rec_loss 0.0112, lpips_loss 0.1365, g_loss 0.0308, disc_weight 0.4000, disc_adaptive_weight 5.4371, d_loss 0.4044, logits_real -0.0341, logits_fake -0.0309,
Train Epoch: [3/30] Iters:[340/1093] gen_loss 0.3211, rec_loss 0.0111, lpips_loss 0.1364, g_loss 0.0306, disc_weight 0.4000, disc_adaptive_weight 5.6589, d_loss 0.4044, logits_real -0.0341, logits_fake -0.0309,
Train Epoch: [3/30] Iters:[350/1093] gen_loss 0.3202, rec_loss 0.0111, lpips_loss 0.1364, g_loss 0.0307, disc_weight 0.4000, disc_adaptive_weight 5.6206, d_loss 0.4044, logits_real -0.0341, logits_fake -0.0309,
Train Epoch: [3/30] Iters:[360/1093] gen_loss 0.3120, rec_loss 0.0113, lpips_loss 0.1370, g_loss 0.0307, disc_weight 0.4000, disc_adaptive_weight 5.3284, d_loss 0.4043, logits_real -0.0342, logits_fake -0.0310,
Train Epoch: [3/30] Iters:[370/1093] gen_loss 0.3119, rec_loss 0.0114, lpips_loss 0.1372, g_loss 0.0308, disc_weight 0.4000, disc_adaptive_weight 5.3041, d_loss 0.4043, logits_real -0.0340, logits_fake -0.0309,
Train Epoch: [3/30] Iters:[380/1093] gen_loss 0.3117, rec_loss 0.0114, lpips_loss 0.1369, g_loss 0.0308, disc_weight 0.4000, disc_adaptive_weight 5.3044, d_loss 0.4043, logits_real -0.0340, logits_fake -0.0309,
Train Epoch: [3/30] Iters:[390/1093] gen_loss 0.3102, rec_loss 0.0115, lpips_loss 0.1368, g_loss 0.0310, disc_weight 0.4000, disc_adaptive_weight 5.2189, d_loss 0.4043, logits_real -0.0342, logits_fake -0.0309,
Train Epoch: [3/30] Iters:[400/1093] gen_loss 0.3115, rec_loss 0.0115, lpips_loss 0.1368, g_loss 0.0313, disc_weight 0.4000, disc_adaptive_weight 5.2179, d_loss 0.4043, logits_real -0.0343, logits_fake -0.0311,
Train Epoch: [3/30] Iters:[410/1093] gen_loss 0.3095, rec_loss 0.0114, lpips_loss 0.1363, g_loss 0.0316, disc_weight 0.4000, disc_adaptive_weight 5.1298, d_loss 0.4042, logits_real -0.0344, logits_fake -0.0312,
Train Epoch: [3/30] Iters:[420/1093] gen_loss 0.3152, rec_loss 0.0113, lpips_loss 0.1359, g_loss 0.0318, disc_weight 0.4000, disc_adaptive_weight 5.2905, d_loss 0.4042, logits_real -0.0347, logits_fake -0.0315,
Train Epoch: [3/30] Iters:[430/1093] gen_loss 0.3116, rec_loss 0.0113, lpips_loss 0.1360, g_loss 0.0318, disc_weight 0.4000, disc_adaptive_weight 5.1500, d_loss 0.4042, logits_real -0.0347, logits_fake -0.0317,
Train Epoch: [3/30] Iters:[440/1093] gen_loss 0.3103, rec_loss 0.0113, lpips_loss 0.1366, g_loss 0.0318, disc_weight 0.4000, disc_adaptive_weight 5.0911, d_loss 0.4041, logits_real -0.0347, logits_fake -0.0318,
Train Epoch: [3/30] Iters:[450/1093] gen_loss 0.3095, rec_loss 0.0114, lpips_loss 0.1368, g_loss 0.0318, disc_weight 0.4000, disc_adaptive_weight 5.0700, d_loss 0.4042, logits_real -0.0349, logits_fake -0.0318,
Train Epoch: [3/30] Iters:[460/1093] gen_loss 0.3203, rec_loss 0.0113, lpips_loss 0.1368, g_loss 0.0317, disc_weight 0.4000, disc_adaptive_weight 5.4113, d_loss 0.4041, logits_real -0.0349, logits_fake -0.0317,
Train Epoch: [3/30] Iters:[470/1093] gen_loss 0.3213, rec_loss 0.0113, lpips_loss 0.1373, g_loss 0.0316, disc_weight 0.4000, disc_adaptive_weight 5.4574, d_loss 0.4041, logits_real -0.0347, logits_fake -0.0317,
Train Epoch: [3/30] Iters:[480/1093] gen_loss 0.3270, rec_loss 0.0113, lpips_loss 0.1371, g_loss 0.0315, disc_weight 0.4000, disc_adaptive_weight 5.6652, d_loss 0.4041, logits_real -0.0347, logits_fake -0.0315,
Train Epoch: [3/30] Iters:[490/1093] gen_loss 0.3346, rec_loss 0.0113, lpips_loss 0.1369, g_loss 0.0313, disc_weight 0.4000, disc_adaptive_weight 5.9547, d_loss 0.4041, logits_real -0.0344, logits_fake -0.0313,
Train Epoch: [3/30] Iters:[500/1093] gen_loss 0.3328, rec_loss 0.0112, lpips_loss 0.1369, g_loss 0.0310, disc_weight 0.4000, disc_adaptive_weight 5.9522, d_loss 0.4040, logits_real -0.0340, logits_fake -0.0311,
Train Epoch: [3/30] Iters:[510/1093] gen_loss 0.3200, rec_loss 0.0113, lpips_loss 0.1375, g_loss 0.0306, disc_weight 0.4000, disc_adaptive_weight 5.5935, d_loss 0.4039, logits_real -0.0336, logits_fake -0.0308,
Train Epoch: [3/30] Iters:[520/1093] gen_loss 0.3167, rec_loss 0.0113, lpips_loss 0.1373, g_loss 0.0300, disc_weight 0.4000, disc_adaptive_weight 5.6106, d_loss 0.4039, logits_real -0.0329, logits_fake -0.0302,
Train Epoch: [3/30] Iters:[530/1093] gen_loss 0.3119, rec_loss 0.0113, lpips_loss 0.1373, g_loss 0.0294, disc_weight 0.4000, disc_adaptive_weight 5.5676, d_loss 0.4039, logits_real -0.0322, logits_fake -0.0296,
Train Epoch: [3/30] Iters:[540/1093] gen_loss 0.3091, rec_loss 0.0113, lpips_loss 0.1375, g_loss 0.0288, disc_weight 0.4000, disc_adaptive_weight 5.5987, d_loss 0.4039, logits_real -0.0317, logits_fake -0.0290,
Train Epoch: [3/30] Iters:[550/1093] gen_loss 0.3051, rec_loss 0.0113, lpips_loss 0.1373, g_loss 0.0282, disc_weight 0.4000, disc_adaptive_weight 5.5648, d_loss 0.4039, logits_real -0.0310, logits_fake -0.0283,
Train Epoch: [3/30] Iters:[560/1093] gen_loss 0.3019, rec_loss 0.0113, lpips_loss 0.1370, g_loss 0.0276, disc_weight 0.4000, disc_adaptive_weight 5.5812, d_loss 0.4039, logits_real -0.0305, logits_fake -0.0276,
Train Epoch: [3/30] Iters:[570/1093] gen_loss 0.2971, rec_loss 0.0114, lpips_loss 0.1370, g_loss 0.0273, disc_weight 0.4000, disc_adaptive_weight 5.4480, d_loss 0.4039, logits_real -0.0303, logits_fake -0.0273,
Train Epoch: [3/30] Iters:[580/1093] gen_loss 0.2948, rec_loss 0.0115, lpips_loss 0.1372, g_loss 0.0270, disc_weight 0.4000, disc_adaptive_weight 5.4029, d_loss 0.4039, logits_real -0.0303, logits_fake -0.0274,
Train Epoch: [3/30] Iters:[590/1093] gen_loss 0.2893, rec_loss 0.0114, lpips_loss 0.1369, g_loss 0.0270, disc_weight 0.4000, disc_adaptive_weight 5.2258, d_loss 0.4039, logits_real -0.0304, logits_fake -0.0274,
Train Epoch: [3/30] Iters:[600/1093] gen_loss 0.3026, rec_loss 0.0115, lpips_loss 0.1374, g_loss 0.0273, disc_weight 0.4000, disc_adaptive_weight 5.6188, d_loss 0.4039, logits_real -0.0308, logits_fake -0.0276,
Train Epoch: [3/30] Iters:[610/1093] gen_loss 0.3100, rec_loss 0.0114, lpips_loss 0.1372, g_loss 0.0275, disc_weight 0.4000, disc_adaptive_weight 5.8532, d_loss 0.4039, logits_real -0.0310, logits_fake -0.0281,
Train Epoch: [3/30] Iters:[620/1093] gen_loss 0.3119, rec_loss 0.0114, lpips_loss 0.1374, g_loss 0.0275, disc_weight 0.4000, disc_adaptive_weight 5.9252, d_loss 0.4039, logits_real -0.0310, logits_fake -0.0280,
Train Epoch: [3/30] Iters:[630/1093] gen_loss 0.3115, rec_loss 0.0113, lpips_loss 0.1374, g_loss 0.0276, disc_weight 0.4000, disc_adaptive_weight 5.9086, d_loss 0.4039, logits_real -0.0311, logits_fake -0.0278,
Train Epoch: [3/30] Iters:[640/1093] gen_loss 0.3069, rec_loss 0.0114, lpips_loss 0.1376, g_loss 0.0275, disc_weight 0.4000, disc_adaptive_weight 5.7477, d_loss 0.4038, logits_real -0.0308, logits_fake -0.0277,
Train Epoch: [3/30] Iters:[650/1093] gen_loss 0.3055, rec_loss 0.0115, lpips_loss 0.1372, g_loss 0.0272, disc_weight 0.4000, disc_adaptive_weight 5.7791, d_loss 0.4038, logits_real -0.0306, logits_fake -0.0276,
Train Epoch: [3/30] Iters:[660/1093] gen_loss 0.3019, rec_loss 0.0115, lpips_loss 0.1370, g_loss 0.0273, disc_weight 0.4000, disc_adaptive_weight 5.6496, d_loss 0.4038, logits_real -0.0306, logits_fake -0.0273,
Train Epoch: [3/30] Iters:[670/1093] gen_loss 0.3009, rec_loss 0.0115, lpips_loss 0.1367, g_loss 0.0272, disc_weight 0.4000, disc_adaptive_weight 5.6402, d_loss 0.4038, logits_real -0.0306, logits_fake -0.0275,
Train Epoch: [3/30] Iters:[680/1093] gen_loss 0.3006, rec_loss 0.0114, lpips_loss 0.1364, g_loss 0.0270, disc_weight 0.4000, disc_adaptive_weight 5.6814, d_loss 0.4037, logits_real -0.0302, logits_fake -0.0272,
Train Epoch: [3/30] Iters:[690/1093] gen_loss 0.3005, rec_loss 0.0115, lpips_loss 0.1368, g_loss 0.0268, disc_weight 0.4000, disc_adaptive_weight 5.6914, d_loss 0.4037, logits_real -0.0299, logits_fake -0.0267,
Train Epoch: [3/30] Iters:[700/1093] gen_loss 0.2955, rec_loss 0.0115, lpips_loss 0.1365, g_loss 0.0266, disc_weight 0.4000, disc_adaptive_weight 5.5713, d_loss 0.4037, logits_real -0.0296, logits_fake -0.0263,
Train Epoch: [3/30] Iters:[710/1093] gen_loss 0.2938, rec_loss 0.0113, lpips_loss 0.1366, g_loss 0.0262, disc_weight 0.4000, disc_adaptive_weight 5.5783, d_loss 0.4036, logits_real -0.0291, logits_fake -0.0261,
Train Epoch: [3/30] Iters:[720/1093] gen_loss 0.2961, rec_loss 0.0113, lpips_loss 0.1371, g_loss 0.0260, disc_weight 0.4000, disc_adaptive_weight 5.6982, d_loss 0.4037, logits_real -0.0290, logits_fake -0.0256,
Train Epoch: [3/30] Iters:[730/1093] gen_loss 0.2935, rec_loss 0.0113, lpips_loss 0.1369, g_loss 0.0261, disc_weight 0.4000, disc_adaptive_weight 5.5745, d_loss 0.4036, logits_real -0.0292, logits_fake -0.0260,
Train Epoch: [3/30] Iters:[740/1093] gen_loss 0.2996, rec_loss 0.0112, lpips_loss 0.1366, g_loss 0.0263, disc_weight 0.4000, disc_adaptive_weight 5.7826, d_loss 0.4036, logits_real -0.0296, logits_fake -0.0265,
Train Epoch: [3/30] Iters:[750/1093] gen_loss 0.2973, rec_loss 0.0113, lpips_loss 0.1375, g_loss 0.0264, disc_weight 0.4000, disc_adaptive_weight 5.6252, d_loss 0.4036, logits_real -0.0298, logits_fake -0.0268,
Train Epoch: [3/30] Iters:[760/1093] gen_loss 0.2925, rec_loss 0.0114, lpips_loss 0.1373, g_loss 0.0268, disc_weight 0.4000, disc_adaptive_weight 5.3831, d_loss 0.4036, logits_real -0.0302, logits_fake -0.0271,
Train Epoch: [3/30] Iters:[770/1093] gen_loss 0.2898, rec_loss 0.0114, lpips_loss 0.1368, g_loss 0.0272, disc_weight 0.4000, disc_adaptive_weight 5.2057, d_loss 0.4035, logits_real -0.0304, logits_fake -0.0276,
Train Epoch: [3/30] Iters:[780/1093] gen_loss 0.2967, rec_loss 0.0114, lpips_loss 0.1374, g_loss 0.0277, disc_weight 0.4000, disc_adaptive_weight 5.3522, d_loss 0.4035, logits_real -0.0306, logits_fake -0.0277,
Train Epoch: [3/30] Iters:[790/1093] gen_loss 0.2971, rec_loss 0.0114, lpips_loss 0.1368, g_loss 0.0282, disc_weight 0.4000, disc_adaptive_weight 5.2684, d_loss 0.4035, logits_real -0.0310, logits_fake -0.0279,
Train Epoch: [3/30] Iters:[800/1093] gen_loss 0.2934, rec_loss 0.0113, lpips_loss 0.1363, g_loss 0.0286, disc_weight 0.4000, disc_adaptive_weight 5.0968, d_loss 0.4035, logits_real -0.0314, logits_fake -0.0282,
Train Epoch: [3/30] Iters:[810/1093] gen_loss 0.2977, rec_loss 0.0113, lpips_loss 0.1366, g_loss 0.0289, disc_weight 0.4000, disc_adaptive_weight 5.1794, d_loss 0.4035, logits_real -0.0318, logits_fake -0.0286,
Train Epoch: [3/30] Iters:[820/1093] gen_loss 0.3039, rec_loss 0.0113, lpips_loss 0.1368, g_loss 0.0293, disc_weight 0.4000, disc_adaptive_weight 5.3034, d_loss 0.4036, logits_real -0.0323, logits_fake -0.0290,
Train Epoch: [3/30] Iters:[830/1093] gen_loss 0.2954, rec_loss 0.0112, lpips_loss 0.1362, g_loss 0.0294, disc_weight 0.4000, disc_adaptive_weight 5.0269, d_loss 0.4035, logits_real -0.0323, logits_fake -0.0294,
Train Epoch: [3/30] Iters:[840/1093] gen_loss 0.2869, rec_loss 0.0111, lpips_loss 0.1360, g_loss 0.0293, disc_weight 0.4000, disc_adaptive_weight 4.7791, d_loss 0.4034, logits_real -0.0321, logits_fake -0.0292,
Train Epoch: [3/30] Iters:[850/1093] gen_loss 0.2871, rec_loss 0.0111, lpips_loss 0.1361, g_loss 0.0292, disc_weight 0.4000, disc_adaptive_weight 4.8039, d_loss 0.4034, logits_real -0.0320, logits_fake -0.0291,
Train Epoch: [3/30] Iters:[860/1093] gen_loss 0.2873, rec_loss 0.0111, lpips_loss 0.1363, g_loss 0.0290, disc_weight 0.4000, disc_adaptive_weight 4.8376, d_loss 0.4034, logits_real -0.0316, logits_fake -0.0288,
Train Epoch: [3/30] Iters:[870/1093] gen_loss 0.2903, rec_loss 0.0112, lpips_loss 0.1366, g_loss 0.0286, disc_weight 0.4000, disc_adaptive_weight 5.0006, d_loss 0.4034, logits_real -0.0315, logits_fake -0.0284,
Train Epoch: [3/30] Iters:[880/1093] gen_loss 0.2953, rec_loss 0.0112, lpips_loss 0.1364, g_loss 0.0288, disc_weight 0.4000, disc_adaptive_weight 5.1538, d_loss 0.4035, logits_real -0.0319, logits_fake -0.0285,
Train Epoch: [3/30] Iters:[890/1093] gen_loss 0.2957, rec_loss 0.0115, lpips_loss 0.1369, g_loss 0.0288, disc_weight 0.4000, disc_adaptive_weight 5.1316, d_loss 0.4034, logits_real -0.0321, logits_fake -0.0291,
Train Epoch: [3/30] Iters:[900/1093] gen_loss 0.3070, rec_loss 0.0114, lpips_loss 0.1364, g_loss 0.0293, disc_weight 0.4000, disc_adaptive_weight 5.4366, d_loss 0.4033, logits_real -0.0322, logits_fake -0.0294,
Train Epoch: [3/30] Iters:[910/1093] gen_loss 0.3089, rec_loss 0.0113, lpips_loss 0.1361, g_loss 0.0295, disc_weight 0.4000, disc_adaptive_weight 5.4651, d_loss 0.4033, logits_real -0.0328, logits_fake -0.0299,
Train Epoch: [3/30] Iters:[920/1093] gen_loss 0.2926, rec_loss 0.0112, lpips_loss 0.1355, g_loss 0.0299, disc_weight 0.4000, disc_adaptive_weight 4.8611, d_loss 0.4033, logits_real -0.0330, logits_fake -0.0302,
Train Epoch: [3/30] Iters:[930/1093] gen_loss 0.2875, rec_loss 0.0112, lpips_loss 0.1363, g_loss 0.0299, disc_weight 0.4000, disc_adaptive_weight 4.6618, d_loss 0.4033, logits_real -0.0330, logits_fake -0.0302,
Train Epoch: [3/30] Iters:[940/1093] gen_loss 0.2909, rec_loss 0.0112, lpips_loss 0.1365, g_loss 0.0300, disc_weight 0.4000, disc_adaptive_weight 4.7568, d_loss 0.4033, logits_real -0.0331, logits_fake -0.0300,
Train Epoch: [3/30] Iters:[950/1093] gen_loss 0.2904, rec_loss 0.0113, lpips_loss 0.1369, g_loss 0.0297, disc_weight 0.4000, disc_adaptive_weight 4.7894, d_loss 0.4033, logits_real -0.0328, logits_fake -0.0299,
Train Epoch: [3/30] Iters:[960/1093] gen_loss 0.2869, rec_loss 0.0113, lpips_loss 0.1366, g_loss 0.0295, disc_weight 0.4000, disc_adaptive_weight 4.7202, d_loss 0.4032, logits_real -0.0325, logits_fake -0.0297,
Train Epoch: [3/30] Iters:[970/1093] gen_loss 0.2949, rec_loss 0.0114, lpips_loss 0.1372, g_loss 0.0294, disc_weight 0.4000, disc_adaptive_weight 4.9797, d_loss 0.4032, logits_real -0.0325, logits_fake -0.0297,
Train Epoch: [3/30] Iters:[980/1093] gen_loss 0.3056, rec_loss 0.0113, lpips_loss 0.1366, g_loss 0.0293, disc_weight 0.4000, disc_adaptive_weight 5.4032, d_loss 0.4032, logits_real -0.0325, logits_fake -0.0296,
Train Epoch: [3/30] Iters:[990/1093] gen_loss 0.3124, rec_loss 0.0113, lpips_loss 0.1362, g_loss 0.0291, disc_weight 0.4000, disc_adaptive_weight 5.6773, d_loss 0.4032, logits_real -0.0323, logits_fake -0.0294,
Train Epoch: [3/30] Iters:[1000/1093] gen_loss 0.3107, rec_loss 0.0113, lpips_loss 0.1361, g_loss 0.0291, disc_weight 0.4000, disc_adaptive_weight 5.6246, d_loss 0.4033, logits_real -0.0326, logits_fake -0.0294,
Train Epoch: [3/30] Iters:[1010/1093] gen_loss 0.3153, rec_loss 0.0114, lpips_loss 0.1359, g_loss 0.0294, disc_weight 0.4000, disc_adaptive_weight 5.7377, d_loss 0.4033, logits_real -0.0328, logits_fake -0.0294,
Train Epoch: [3/30] Iters:[1020/1093] gen_loss 0.3247, rec_loss 0.0114, lpips_loss 0.1352, g_loss 0.0294, disc_weight 0.4000, disc_adaptive_weight 6.0805, d_loss 0.4033, logits_real -0.0326, logits_fake -0.0293,
Train Epoch: [3/30] Iters:[1030/1093] gen_loss 0.3154, rec_loss 0.0114, lpips_loss 0.1356, g_loss 0.0294, disc_weight 0.4000, disc_adaptive_weight 5.7301, d_loss 0.4032, logits_real -0.0325, logits_fake -0.0293,
Train Epoch: [3/30] Iters:[1040/1093] gen_loss 0.3159, rec_loss 0.0114, lpips_loss 0.1364, g_loss 0.0293, disc_weight 0.4000, disc_adaptive_weight 5.7546, d_loss 0.4032, logits_real -0.0324, logits_fake -0.0293,
Train Epoch: [3/30] Iters:[1050/1093] gen_loss 0.3179, rec_loss 0.0113, lpips_loss 0.1366, g_loss 0.0290, disc_weight 0.4000, disc_adaptive_weight 5.8849, d_loss 0.4031, logits_real -0.0319, logits_fake -0.0290,
Train Epoch: [3/30] Iters:[1060/1093] gen_loss 0.3282, rec_loss 0.0115, lpips_loss 0.1377, g_loss 0.0286, disc_weight 0.4000, disc_adaptive_weight 6.2750, d_loss 0.4031, logits_real -0.0314, logits_fake -0.0286,
Train Epoch: [3/30] Iters:[1070/1093] gen_loss 0.3254, rec_loss 0.0114, lpips_loss 0.1379, g_loss 0.0283, disc_weight 0.4000, disc_adaptive_weight 6.2392, d_loss 0.4032, logits_real -0.0314, logits_fake -0.0282,
Train Epoch: [3/30] Iters:[1080/1093] gen_loss 0.3305, rec_loss 0.0114, lpips_loss 0.1377, g_loss 0.0283, disc_weight 0.4000, disc_adaptive_weight 6.4253, d_loss 0.4032, logits_real -0.0315, logits_fake -0.0281,
Train Epoch: [3/30] Iters:[1090/1093] gen_loss 0.3224, rec_loss 0.0113, lpips_loss 0.1370, g_loss 0.0285, disc_weight 0.4000, disc_adaptive_weight 6.1296, d_loss 0.4032, logits_real -0.0315, logits_fake -0.0283,
epoch:4, cur_lr:0.000010
Train Epoch: [4/30] Iters:[10/1093] gen_loss 0.2994, rec_loss 0.0112, lpips_loss 0.1365, g_loss 0.0294, disc_weight 0.4000, disc_adaptive_weight 5.1519, d_loss 0.4031, logits_real -0.0324, logits_fake -0.0293,
Train Epoch: [4/30] Iters:[20/1093] gen_loss 0.2908, rec_loss 0.0110, lpips_loss 0.1364, g_loss 0.0292, disc_weight 0.4000, disc_adaptive_weight 4.9075, d_loss 0.4031, logits_real -0.0320, logits_fake -0.0290,
Train Epoch: [4/30] Iters:[30/1093] gen_loss 0.3066, rec_loss 0.0113, lpips_loss 0.1370, g_loss 0.0290, disc_weight 0.4000, disc_adaptive_weight 5.4754, d_loss 0.4031, logits_real -0.0318, logits_fake -0.0289,
Train Epoch: [4/30] Iters:[40/1093] gen_loss 0.2995, rec_loss 0.0113, lpips_loss 0.1370, g_loss 0.0290, disc_weight 0.4000, disc_adaptive_weight 5.2213, d_loss 0.4031, logits_real -0.0321, logits_fake -0.0290,
Train Epoch: [4/30] Iters:[50/1093] gen_loss 0.3022, rec_loss 0.0112, lpips_loss 0.1369, g_loss 0.0290, disc_weight 0.4000, disc_adaptive_weight 5.3274, d_loss 0.4031, logits_real -0.0321, logits_fake -0.0290,
Train Epoch: [4/30] Iters:[60/1093] gen_loss 0.3080, rec_loss 0.0112, lpips_loss 0.1372, g_loss 0.0288, disc_weight 0.4000, disc_adaptive_weight 5.5490, d_loss 0.4031, logits_real -0.0320, logits_fake -0.0288,
Train Epoch: [4/30] Iters:[70/1093] gen_loss 0.3132, rec_loss 0.0112, lpips_loss 0.1373, g_loss 0.0287, disc_weight 0.4000, disc_adaptive_weight 5.7412, d_loss 0.4031, logits_real -0.0321, logits_fake -0.0288,
Train Epoch: [4/30] Iters:[80/1093] gen_loss 0.3120, rec_loss 0.0112, lpips_loss 0.1372, g_loss 0.0288, disc_weight 0.4000, disc_adaptive_weight 5.6971, d_loss 0.4031, logits_real -0.0321, logits_fake -0.0288,
Train Epoch: [4/30] Iters:[90/1093] gen_loss 0.3182, rec_loss 0.0112, lpips_loss 0.1375, g_loss 0.0286, disc_weight 0.4000, disc_adaptive_weight 5.9275, d_loss 0.4030, logits_real -0.0317, logits_fake -0.0287,
Train Epoch: [4/30] Iters:[100/1093] gen_loss 0.3157, rec_loss 0.0114, lpips_loss 0.1375, g_loss 0.0284, disc_weight 0.4000, disc_adaptive_weight 5.8715, d_loss 0.4030, logits_real -0.0314, logits_fake -0.0285,
Train Epoch: [4/30] Iters:[110/1093] gen_loss 0.3051, rec_loss 0.0113, lpips_loss 0.1370, g_loss 0.0282, disc_weight 0.4000, disc_adaptive_weight 5.5442, d_loss 0.4030, logits_real -0.0312, logits_fake -0.0283,
Train Epoch: [4/30] Iters:[120/1093] gen_loss 0.3034, rec_loss 0.0114, lpips_loss 0.1369, g_loss 0.0280, disc_weight 0.4000, disc_adaptive_weight 5.5401, d_loss 0.4030, logits_real -0.0310, logits_fake -0.0281,
Train Epoch: [4/30] Iters:[130/1093] gen_loss 0.2975, rec_loss 0.0115, lpips_loss 0.1369, g_loss 0.0275, disc_weight 0.4000, disc_adaptive_weight 5.4159, d_loss 0.4030, logits_real -0.0308, logits_fake -0.0277,
Train Epoch: [4/30] Iters:[140/1093] gen_loss 0.2959, rec_loss 0.0114, lpips_loss 0.1365, g_loss 0.0274, disc_weight 0.4000, disc_adaptive_weight 5.3986, d_loss 0.4030, logits_real -0.0307, logits_fake -0.0276,
Train Epoch: [4/30] Iters:[150/1093] gen_loss 0.2980, rec_loss 0.0114, lpips_loss 0.1361, g_loss 0.0274, disc_weight 0.4000, disc_adaptive_weight 5.4925, d_loss 0.4030, logits_real -0.0308, logits_fake -0.0276,
Train Epoch: [4/30] Iters:[160/1093] gen_loss 0.3034, rec_loss 0.0115, lpips_loss 0.1361, g_loss 0.0274, disc_weight 0.4000, disc_adaptive_weight 5.6857, d_loss 0.4030, logits_real -0.0308, logits_fake -0.0277,
Train Epoch: [4/30] Iters:[170/1093] gen_loss 0.2985, rec_loss 0.0115, lpips_loss 0.1361, g_loss 0.0276, disc_weight 0.4000, disc_adaptive_weight 5.4705, d_loss 0.4030, logits_real -0.0308, logits_fake -0.0277,
Train Epoch: [4/30] Iters:[180/1093] gen_loss 0.2967, rec_loss 0.0115, lpips_loss 0.1358, g_loss 0.0280, disc_weight 0.4000, disc_adaptive_weight 5.3505, d_loss 0.4030, logits_real -0.0309, logits_fake -0.0280,
Train Epoch: [4/30] Iters:[190/1093] gen_loss 0.3016, rec_loss 0.0114, lpips_loss 0.1357, g_loss 0.0282, disc_weight 0.4000, disc_adaptive_weight 5.4914, d_loss 0.4030, logits_real -0.0311, logits_fake -0.0281,
Train Epoch: [4/30] Iters:[200/1093] gen_loss 0.3047, rec_loss 0.0113, lpips_loss 0.1358, g_loss 0.0282, disc_weight 0.4000, disc_adaptive_weight 5.5932, d_loss 0.4029, logits_real -0.0312, logits_fake -0.0282,
Train Epoch: [4/30] Iters:[210/1093] gen_loss 0.3117, rec_loss 0.0113, lpips_loss 0.1359, g_loss 0.0282, disc_weight 0.4000, disc_adaptive_weight 5.8258, d_loss 0.4029, logits_real -0.0312, logits_fake -0.0283,
Train Epoch: [4/30] Iters:[220/1093] gen_loss 0.3124, rec_loss 0.0114, lpips_loss 0.1364, g_loss 0.0282, disc_weight 0.4000, disc_adaptive_weight 5.8411, d_loss 0.4029, logits_real -0.0312, logits_fake -0.0282,
Train Epoch: [4/30] Iters:[230/1093] gen_loss 0.3149, rec_loss 0.0112, lpips_loss 0.1362, g_loss 0.0282, disc_weight 0.4000, disc_adaptive_weight 5.9467, d_loss 0.4029, logits_real -0.0313, logits_fake -0.0282,
Train Epoch: [4/30] Iters:[240/1093] gen_loss 0.3109, rec_loss 0.0112, lpips_loss 0.1364, g_loss 0.0280, disc_weight 0.4000, disc_adaptive_weight 5.8274, d_loss 0.4028, logits_real -0.0312, logits_fake -0.0282,
Train Epoch: [4/30] Iters:[250/1093] gen_loss 0.3056, rec_loss 0.0112, lpips_loss 0.1365, g_loss 0.0279, disc_weight 0.4000, disc_adaptive_weight 5.6684, d_loss 0.4028, logits_real -0.0310, logits_fake -0.0280,
Train Epoch: [4/30] Iters:[260/1093] gen_loss 0.2930, rec_loss 0.0113, lpips_loss 0.1361, g_loss 0.0276, disc_weight 0.4000, disc_adaptive_weight 5.2814, d_loss 0.4028, logits_real -0.0306, logits_fake -0.0277,
Train Epoch: [4/30] Iters:[270/1093] gen_loss 0.2940, rec_loss 0.0112, lpips_loss 0.1360, g_loss 0.0276, disc_weight 0.4000, disc_adaptive_weight 5.3190, d_loss 0.4028, logits_real -0.0305, logits_fake -0.0276,
Train Epoch: [4/30] Iters:[280/1093] gen_loss 0.2923, rec_loss 0.0113, lpips_loss 0.1365, g_loss 0.0275, disc_weight 0.4000, disc_adaptive_weight 5.2548, d_loss 0.4028, logits_real -0.0303, logits_fake -0.0275,
Train Epoch: [4/30] Iters:[290/1093] gen_loss 0.2962, rec_loss 0.0113, lpips_loss 0.1362, g_loss 0.0276, disc_weight 0.4000, disc_adaptive_weight 5.3936, d_loss 0.4028, logits_real -0.0304, logits_fake -0.0276,
Train Epoch: [4/30] Iters:[300/1093] gen_loss 0.2967, rec_loss 0.0114, lpips_loss 0.1364, g_loss 0.0279, disc_weight 0.4000, disc_adaptive_weight 5.3416, d_loss 0.4028, logits_real -0.0306, logits_fake -0.0278,
Train Epoch: [4/30] Iters:[310/1093] gen_loss 0.3110, rec_loss 0.0114, lpips_loss 0.1370, g_loss 0.0283, disc_weight 0.4000, disc_adaptive_weight 5.7716, d_loss 0.4028, logits_real -0.0310, logits_fake -0.0283,
Train Epoch: [4/30] Iters:[320/1093] gen_loss 0.3189, rec_loss 0.0115, lpips_loss 0.1370, g_loss 0.0285, disc_weight 0.4000, disc_adaptive_weight 5.9928, d_loss 0.4027, logits_real -0.0312, logits_fake -0.0286,
Train Epoch: [4/30] Iters:[330/1093] gen_loss 0.3222, rec_loss 0.0114, lpips_loss 0.1368, g_loss 0.0285, disc_weight 0.4000, disc_adaptive_weight 6.1029, d_loss 0.4027, logits_real -0.0314, logits_fake -0.0288,
Train Epoch: [4/30] Iters:[340/1093] gen_loss 0.3193, rec_loss 0.0116, lpips_loss 0.1372, g_loss 0.0286, disc_weight 0.4000, disc_adaptive_weight 5.9523, d_loss 0.4027, logits_real -0.0314, logits_fake -0.0290,
Train Epoch: [4/30] Iters:[350/1093] gen_loss 0.3169, rec_loss 0.0115, lpips_loss 0.1372, g_loss 0.0284, disc_weight 0.4000, disc_adaptive_weight 5.8887, d_loss 0.4027, logits_real -0.0315, logits_fake -0.0289,
Train Epoch: [4/30] Iters:[360/1093] gen_loss 0.3148, rec_loss 0.0114, lpips_loss 0.1369, g_loss 0.0290, disc_weight 0.4000, disc_adaptive_weight 5.7075, d_loss 0.4026, logits_real -0.0316, logits_fake -0.0293,
Train Epoch: [4/30] Iters:[370/1093] gen_loss 0.3121, rec_loss 0.0115, lpips_loss 0.1368, g_loss 0.0290, disc_weight 0.4000, disc_adaptive_weight 5.6170, d_loss 0.4027, logits_real -0.0321, logits_fake -0.0295,
Train Epoch: [4/30] Iters:[380/1093] gen_loss 0.3203, rec_loss 0.0116, lpips_loss 0.1371, g_loss 0.0292, disc_weight 0.4000, disc_adaptive_weight 5.8405, d_loss 0.4027, logits_real -0.0325, logits_fake -0.0299,
Train Epoch: [4/30] Iters:[390/1093] gen_loss 0.3168, rec_loss 0.0115, lpips_loss 0.1373, g_loss 0.0292, disc_weight 0.4000, disc_adaptive_weight 5.7345, d_loss 0.4028, logits_real -0.0330, logits_fake -0.0298,
Train Epoch: [4/30] Iters:[400/1093] gen_loss 0.3243, rec_loss 0.0116, lpips_loss 0.1376, g_loss 0.0294, disc_weight 0.4000, disc_adaptive_weight 5.9362, d_loss 0.4028, logits_real -0.0331, logits_fake -0.0299,
Train Epoch: [4/30] Iters:[410/1093] gen_loss 0.3188, rec_loss 0.0115, lpips_loss 0.1375, g_loss 0.0291, disc_weight 0.4000, disc_adaptive_weight 5.8256, d_loss 0.4028, logits_real -0.0331, logits_fake -0.0296,
Train Epoch: [4/30] Iters:[420/1093] gen_loss 0.3164, rec_loss 0.0114, lpips_loss 0.1370, g_loss 0.0292, disc_weight 0.4000, disc_adaptive_weight 5.7326, d_loss 0.4028, logits_real -0.0328, logits_fake -0.0294,
Train Epoch: [4/30] Iters:[430/1093] gen_loss 0.3131, rec_loss 0.0112, lpips_loss 0.1364, g_loss 0.0292, disc_weight 0.4000, disc_adaptive_weight 5.6449, d_loss 0.4028, logits_real -0.0326, logits_fake -0.0292,
Train Epoch: [4/30] Iters:[440/1093] gen_loss 0.3112, rec_loss 0.0110, lpips_loss 0.1354, g_loss 0.0295, disc_weight 0.4000, disc_adaptive_weight 5.5809, d_loss 0.4027, logits_real -0.0322, logits_fake -0.0291,
Train Epoch: [4/30] Iters:[450/1093] gen_loss 0.3101, rec_loss 0.0111, lpips_loss 0.1352, g_loss 0.0294, disc_weight 0.4000, disc_adaptive_weight 5.5779, d_loss 0.4027, logits_real -0.0320, logits_fake -0.0290,
Train Epoch: [4/30] Iters:[460/1093] gen_loss 0.3098, rec_loss 0.0112, lpips_loss 0.1358, g_loss 0.0293, disc_weight 0.4000, disc_adaptive_weight 5.5645, d_loss 0.4027, logits_real -0.0319, logits_fake -0.0288,
Train Epoch: [4/30] Iters:[470/1093] gen_loss 0.3053, rec_loss 0.0112, lpips_loss 0.1362, g_loss 0.0291, disc_weight 0.4000, disc_adaptive_weight 5.4268, d_loss 0.4027, logits_real -0.0318, logits_fake -0.0286,
Train Epoch: [4/30] Iters:[480/1093] gen_loss 0.2984, rec_loss 0.0113, lpips_loss 0.1365, g_loss 0.0291, disc_weight 0.4000, disc_adaptive_weight 5.1790, d_loss 0.4027, logits_real -0.0318, logits_fake -0.0288,
Train Epoch: [4/30] Iters:[490/1093] gen_loss 0.3029, rec_loss 0.0114, lpips_loss 0.1369, g_loss 0.0291, disc_weight 0.4000, disc_adaptive_weight 5.3161, d_loss 0.4027, logits_real -0.0320, logits_fake -0.0290,
Train Epoch: [4/30] Iters:[500/1093] gen_loss 0.2997, rec_loss 0.0113, lpips_loss 0.1363, g_loss 0.0291, disc_weight 0.4000, disc_adaptive_weight 5.2182, d_loss 0.4026, logits_real -0.0319, logits_fake -0.0290,
Train Epoch: [4/30] Iters:[510/1093] gen_loss 0.2995, rec_loss 0.0112, lpips_loss 0.1360, g_loss 0.0291, disc_weight 0.4000, disc_adaptive_weight 5.2424, d_loss 0.4026, logits_real -0.0318, logits_fake -0.0291,
Train Epoch: [4/30] Iters:[520/1093] gen_loss 0.2991, rec_loss 0.0111, lpips_loss 0.1355, g_loss 0.0288, disc_weight 0.4000, disc_adaptive_weight 5.2942, d_loss 0.4026, logits_real -0.0317, logits_fake -0.0289,
Train Epoch: [4/30] Iters:[530/1093] gen_loss 0.2960, rec_loss 0.0111, lpips_loss 0.1354, g_loss 0.0286, disc_weight 0.4000, disc_adaptive_weight 5.2230, d_loss 0.4026, logits_real -0.0314, logits_fake -0.0284,
Train Epoch: [4/30] Iters:[540/1093] gen_loss 0.3001, rec_loss 0.0111, lpips_loss 0.1354, g_loss 0.0283, disc_weight 0.4000, disc_adaptive_weight 5.4287, d_loss 0.4026, logits_real -0.0310, logits_fake -0.0282,
Train Epoch: [4/30] Iters:[550/1093] gen_loss 0.3088, rec_loss 0.0112, lpips_loss 0.1358, g_loss 0.0279, disc_weight 0.4000, disc_adaptive_weight 5.8153, d_loss 0.4026, logits_real -0.0307, logits_fake -0.0279,
Train Epoch: [4/30] Iters:[560/1093] gen_loss 0.3087, rec_loss 0.0112, lpips_loss 0.1357, g_loss 0.0276, disc_weight 0.4000, disc_adaptive_weight 5.8818, d_loss 0.4026, logits_real -0.0305, logits_fake -0.0276,
Train Epoch: [4/30] Iters:[570/1093] gen_loss 0.3291, rec_loss 0.0113, lpips_loss 0.1363, g_loss 0.0275, disc_weight 0.4000, disc_adaptive_weight 6.6214, d_loss 0.4026, logits_real -0.0303, logits_fake -0.0273,
Train Epoch: [4/30] Iters:[580/1093] gen_loss 0.3318, rec_loss 0.0114, lpips_loss 0.1365, g_loss 0.0272, disc_weight 0.4000, disc_adaptive_weight 6.7761, d_loss 0.4025, logits_real -0.0300, logits_fake -0.0271,
Train Epoch: [4/30] Iters:[590/1093] gen_loss 0.3237, rec_loss 0.0113, lpips_loss 0.1364, g_loss 0.0267, disc_weight 0.4000, disc_adaptive_weight 6.5697, d_loss 0.4026, logits_real -0.0298, logits_fake -0.0269,
Train Epoch: [4/30] Iters:[600/1093] gen_loss 0.3087, rec_loss 0.0114, lpips_loss 0.1367, g_loss 0.0266, disc_weight 0.4000, disc_adaptive_weight 6.0317, d_loss 0.4026, logits_real -0.0297, logits_fake -0.0268,
Train Epoch: [4/30] Iters:[610/1093] gen_loss 0.3077, rec_loss 0.0115, lpips_loss 0.1369, g_loss 0.0265, disc_weight 0.4000, disc_adaptive_weight 5.9903, d_loss 0.4026, logits_real -0.0298, logits_fake -0.0267,
Train Epoch: [4/30] Iters:[620/1093] gen_loss 0.2937, rec_loss 0.0114, lpips_loss 0.1367, g_loss 0.0265, disc_weight 0.4000, disc_adaptive_weight 5.4843, d_loss 0.4025, logits_real -0.0297, logits_fake -0.0269,
Train Epoch: [4/30] Iters:[630/1093] gen_loss 0.2928, rec_loss 0.0113, lpips_loss 0.1365, g_loss 0.0268, disc_weight 0.4000, disc_adaptive_weight 5.4068, d_loss 0.4025, logits_real -0.0300, logits_fake -0.0271,
Train Epoch: [4/30] Iters:[640/1093] gen_loss 0.2959, rec_loss 0.0113, lpips_loss 0.1364, g_loss 0.0270, disc_weight 0.4000, disc_adaptive_weight 5.4838, d_loss 0.4025, logits_real -0.0302, logits_fake -0.0272,
Train Epoch: [4/30] Iters:[650/1093] gen_loss 0.3039, rec_loss 0.0112, lpips_loss 0.1360, g_loss 0.0272, disc_weight 0.4000, disc_adaptive_weight 5.7530, d_loss 0.4025, logits_real -0.0302, logits_fake -0.0274,
Train Epoch: [4/30] Iters:[660/1093] gen_loss 0.2980, rec_loss 0.0111, lpips_loss 0.1355, g_loss 0.0272, disc_weight 0.4000, disc_adaptive_weight 5.5448, d_loss 0.4024, logits_real -0.0304, logits_fake -0.0277,
Train Epoch: [4/30] Iters:[670/1093] gen_loss 0.2966, rec_loss 0.0109, lpips_loss 0.1351, g_loss 0.0276, disc_weight 0.4000, disc_adaptive_weight 5.4411, d_loss 0.4025, logits_real -0.0307, logits_fake -0.0278,
Train Epoch: [4/30] Iters:[680/1093] gen_loss 0.3046, rec_loss 0.0110, lpips_loss 0.1353, g_loss 0.0280, disc_weight 0.4000, disc_adaptive_weight 5.6284, d_loss 0.4025, logits_real -0.0310, logits_fake -0.0282,
Train Epoch: [4/30] Iters:[690/1093] gen_loss 0.3061, rec_loss 0.0109, lpips_loss 0.1356, g_loss 0.0284, disc_weight 0.4000, disc_adaptive_weight 5.5954, d_loss 0.4024, logits_real -0.0313, logits_fake -0.0287,
Train Epoch: [4/30] Iters:[700/1093] gen_loss 0.3054, rec_loss 0.0111, lpips_loss 0.1357, g_loss 0.0290, disc_weight 0.4000, disc_adaptive_weight 5.4355, d_loss 0.4025, logits_real -0.0318, logits_fake -0.0291,
Train Epoch: [4/30] Iters:[710/1093] gen_loss 0.3141, rec_loss 0.0111, lpips_loss 0.1358, g_loss 0.0295, disc_weight 0.4000, disc_adaptive_weight 5.6602, d_loss 0.4025, logits_real -0.0322, logits_fake -0.0293,
Train Epoch: [4/30] Iters:[720/1093] gen_loss 0.3127, rec_loss 0.0113, lpips_loss 0.1363, g_loss 0.0295, disc_weight 0.4000, disc_adaptive_weight 5.6004, d_loss 0.4024, logits_real -0.0323, logits_fake -0.0295,
Train Epoch: [4/30] Iters:[730/1093] gen_loss 0.2994, rec_loss 0.0112, lpips_loss 0.1357, g_loss 0.0293, disc_weight 0.4000, disc_adaptive_weight 5.1915, d_loss 0.4025, logits_real -0.0321, logits_fake -0.0293,
Train Epoch: [4/30] Iters:[740/1093] gen_loss 0.2946, rec_loss 0.0113, lpips_loss 0.1360, g_loss 0.0294, disc_weight 0.4000, disc_adaptive_weight 5.0073, d_loss 0.4025, logits_real -0.0319, logits_fake -0.0291,
Train Epoch: [4/30] Iters:[750/1093] gen_loss 0.2979, rec_loss 0.0112, lpips_loss 0.1359, g_loss 0.0290, disc_weight 0.4000, disc_adaptive_weight 5.2127, d_loss 0.4024, logits_real -0.0317, logits_fake -0.0290,
Train Epoch: [4/30] Iters:[760/1093] gen_loss 0.3062, rec_loss 0.0112, lpips_loss 0.1359, g_loss 0.0291, disc_weight 0.4000, disc_adaptive_weight 5.4539, d_loss 0.4024, logits_real -0.0316, logits_fake -0.0291,
Train Epoch: [4/30] Iters:[770/1093] gen_loss 0.3072, rec_loss 0.0112, lpips_loss 0.1357, g_loss 0.0291, disc_weight 0.4000, disc_adaptive_weight 5.4918, d_loss 0.4024, logits_real -0.0317, logits_fake -0.0293,
Train Epoch: [4/30] Iters:[780/1093] gen_loss 0.3161, rec_loss 0.0113, lpips_loss 0.1361, g_loss 0.0292, disc_weight 0.4000, disc_adaptive_weight 5.7674, d_loss 0.4024, logits_real -0.0318, logits_fake -0.0293,
Train Epoch: [4/30] Iters:[790/1093] gen_loss 0.3218, rec_loss 0.0113, lpips_loss 0.1361, g_loss 0.0292, disc_weight 0.4000, disc_adaptive_weight 5.9563, d_loss 0.4024, logits_real -0.0320, logits_fake -0.0293,
Train Epoch: [4/30] Iters:[800/1093] gen_loss 0.3119, rec_loss 0.0114, lpips_loss 0.1364, g_loss 0.0293, disc_weight 0.4000, disc_adaptive_weight 5.5857, d_loss 0.4024, logits_real -0.0320, logits_fake -0.0292,
Train Epoch: [4/30] Iters:[810/1093] gen_loss 0.3053, rec_loss 0.0115, lpips_loss 0.1368, g_loss 0.0291, disc_weight 0.4000, disc_adaptive_weight 5.4012, d_loss 0.4024, logits_real -0.0319, logits_fake -0.0289,
Train Epoch: [4/30] Iters:[820/1093] gen_loss 0.3062, rec_loss 0.0114, lpips_loss 0.1363, g_loss 0.0290, disc_weight 0.4000, disc_adaptive_weight 5.4613, d_loss 0.4024, logits_real -0.0317, logits_fake -0.0288,
Train Epoch: [4/30] Iters:[830/1093] gen_loss 0.3120, rec_loss 0.0115, lpips_loss 0.1364, g_loss 0.0288, disc_weight 0.4000, disc_adaptive_weight 5.6832, d_loss 0.4024, logits_real -0.0315, logits_fake -0.0286,
Train Epoch: [4/30] Iters:[840/1093] gen_loss 0.3147, rec_loss 0.0116, lpips_loss 0.1359, g_loss 0.0289, disc_weight 0.4000, disc_adaptive_weight 5.7702, d_loss 0.4024, logits_real -0.0315, logits_fake -0.0287,
Train Epoch: [4/30] Iters:[850/1093] gen_loss 0.3198, rec_loss 0.0116, lpips_loss 0.1357, g_loss 0.0292, disc_weight 0.4000, disc_adaptive_weight 5.9062, d_loss 0.4024, logits_real -0.0316, logits_fake -0.0289,
Train Epoch: [4/30] Iters:[860/1093] gen_loss 0.3215, rec_loss 0.0116, lpips_loss 0.1358, g_loss 0.0293, disc_weight 0.4000, disc_adaptive_weight 5.9213, d_loss 0.4024, logits_real -0.0319, logits_fake -0.0292,
Train Epoch: [4/30] Iters:[870/1093] gen_loss 0.3183, rec_loss 0.0116, lpips_loss 0.1357, g_loss 0.0296, disc_weight 0.4000, disc_adaptive_weight 5.7885, d_loss 0.4024, logits_real -0.0321, logits_fake -0.0293,
Train Epoch: [4/30] Iters:[880/1093] gen_loss 0.3168, rec_loss 0.0115, lpips_loss 0.1358, g_loss 0.0298, disc_weight 0.4000, disc_adaptive_weight 5.6958, d_loss 0.4024, logits_real -0.0324, logits_fake -0.0295,
Train Epoch: [4/30] Iters:[890/1093] gen_loss 0.3127, rec_loss 0.0114, lpips_loss 0.1359, g_loss 0.0298, disc_weight 0.4000, disc_adaptive_weight 5.5543, d_loss 0.4024, logits_real -0.0325, logits_fake -0.0296,
Train Epoch: [4/30] Iters:[900/1093] gen_loss 0.3063, rec_loss 0.0113, lpips_loss 0.1355, g_loss 0.0295, disc_weight 0.4000, disc_adaptive_weight 5.3999, d_loss 0.4024, logits_real -0.0324, logits_fake -0.0294,
Train Epoch: [4/30] Iters:[910/1093] gen_loss 0.3001, rec_loss 0.0113, lpips_loss 0.1354, g_loss 0.0294, disc_weight 0.4000, disc_adaptive_weight 5.2166, d_loss 0.4023, logits_real -0.0322, logits_fake -0.0293,
Train Epoch: [4/30] Iters:[920/1093] gen_loss 0.3057, rec_loss 0.0114, lpips_loss 0.1361, g_loss 0.0293, disc_weight 0.4000, disc_adaptive_weight 5.3912, d_loss 0.4023, logits_real -0.0320, logits_fake -0.0293,
Train Epoch: [4/30] Iters:[930/1093] gen_loss 0.3024, rec_loss 0.0113, lpips_loss 0.1360, g_loss 0.0292, disc_weight 0.4000, disc_adaptive_weight 5.3112, d_loss 0.4023, logits_real -0.0318, logits_fake -0.0293,
Train Epoch: [4/30] Iters:[940/1093] gen_loss 0.3115, rec_loss 0.0113, lpips_loss 0.1359, g_loss 0.0292, disc_weight 0.4000, disc_adaptive_weight 5.6029, d_loss 0.4023, logits_real -0.0318, logits_fake -0.0293,
Train Epoch: [4/30] Iters:[950/1093] gen_loss 0.3158, rec_loss 0.0114, lpips_loss 0.1361, g_loss 0.0292, disc_weight 0.4000, disc_adaptive_weight 5.7447, d_loss 0.4022, logits_real -0.0316, logits_fake -0.0292,
Train Epoch: [4/30] Iters:[960/1093] gen_loss 0.3099, rec_loss 0.0112, lpips_loss 0.1359, g_loss 0.0289, disc_weight 0.4000, disc_adaptive_weight 5.5897, d_loss 0.4022, logits_real -0.0316, logits_fake -0.0291,
Train Epoch: [4/30] Iters:[970/1093] gen_loss 0.3058, rec_loss 0.0111, lpips_loss 0.1353, g_loss 0.0287, disc_weight 0.4000, disc_adaptive_weight 5.5121, d_loss 0.4023, logits_real -0.0315, logits_fake -0.0290,
Train Epoch: [4/30] Iters:[980/1093] gen_loss 0.2992, rec_loss 0.0110, lpips_loss 0.1348, g_loss 0.0287, disc_weight 0.4000, disc_adaptive_weight 5.3309, d_loss 0.4023, logits_real -0.0318, logits_fake -0.0287,
Train Epoch: [4/30] Iters:[990/1093] gen_loss 0.2936, rec_loss 0.0110, lpips_loss 0.1352, g_loss 0.0287, disc_weight 0.4000, disc_adaptive_weight 5.1327, d_loss 0.4023, logits_real -0.0318, logits_fake -0.0290,
Train Epoch: [4/30] Iters:[1000/1093] gen_loss 0.2924, rec_loss 0.0108, lpips_loss 0.1349, g_loss 0.0289, disc_weight 0.4000, disc_adaptive_weight 5.0697, d_loss 0.4023, logits_real -0.0320, logits_fake -0.0293,
Train Epoch: [4/30] Iters:[1010/1093] gen_loss 0.2985, rec_loss 0.0109, lpips_loss 0.1350, g_loss 0.0291, disc_weight 0.4000, disc_adaptive_weight 5.2375, d_loss 0.4023, logits_real -0.0323, logits_fake -0.0293,
Train Epoch: [4/30] Iters:[1020/1093] gen_loss 0.3002, rec_loss 0.0110, lpips_loss 0.1349, g_loss 0.0292, disc_weight 0.4000, disc_adaptive_weight 5.2765, d_loss 0.4024, logits_real -0.0325, logits_fake -0.0293,
Train Epoch: [4/30] Iters:[1030/1093] gen_loss 0.3003, rec_loss 0.0111, lpips_loss 0.1354, g_loss 0.0291, disc_weight 0.4000, disc_adaptive_weight 5.2864, d_loss 0.4023, logits_real -0.0323, logits_fake -0.0293,
Train Epoch: [4/30] Iters:[1040/1093] gen_loss 0.2921, rec_loss 0.0111, lpips_loss 0.1353, g_loss 0.0286, disc_weight 0.4000, disc_adaptive_weight 5.0926, d_loss 0.4024, logits_real -0.0318, logits_fake -0.0286,
Train Epoch: [4/30] Iters:[1050/1093] gen_loss 0.2901, rec_loss 0.0111, lpips_loss 0.1354, g_loss 0.0281, disc_weight 0.4000, disc_adaptive_weight 5.0987, d_loss 0.4023, logits_real -0.0312, logits_fake -0.0281,
Train Epoch: [4/30] Iters:[1060/1093] gen_loss 0.2883, rec_loss 0.0111, lpips_loss 0.1353, g_loss 0.0278, disc_weight 0.4000, disc_adaptive_weight 5.1089, d_loss 0.4023, logits_real -0.0307, logits_fake -0.0278,
Train Epoch: [4/30] Iters:[1070/1093] gen_loss 0.2883, rec_loss 0.0112, lpips_loss 0.1355, g_loss 0.0276, disc_weight 0.4000, disc_adaptive_weight 5.1280, d_loss 0.4022, logits_real -0.0304, logits_fake -0.0276,
Train Epoch: [4/30] Iters:[1080/1093] gen_loss 0.2895, rec_loss 0.0113, lpips_loss 0.1355, g_loss 0.0273, disc_weight 0.4000, disc_adaptive_weight 5.2153, d_loss 0.4022, logits_real -0.0302, logits_fake -0.0276,
Train Epoch: [4/30] Iters:[1090/1093] gen_loss 0.2910, rec_loss 0.0112, lpips_loss 0.1353, g_loss 0.0272, disc_weight 0.4000, disc_adaptive_weight 5.3019, d_loss 0.4022, logits_real -0.0301, logits_fake -0.0274,
epoch:5, cur_lr:0.000010
Train Epoch: [5/30] Iters:[10/1093] gen_loss 0.3060, rec_loss 0.0109, lpips_loss 0.1335, g_loss 0.0263, disc_weight 0.4000, disc_adaptive_weight 6.1349, d_loss 0.4021, logits_real -0.0289, logits_fake -0.0266,
Train Epoch: [5/30] Iters:[20/1093] gen_loss 0.2985, rec_loss 0.0110, lpips_loss 0.1349, g_loss 0.0264, disc_weight 0.4000, disc_adaptive_weight 5.7702, d_loss 0.4021, logits_real -0.0290, logits_fake -0.0267,
Train Epoch: [5/30] Iters:[30/1093] gen_loss 0.2913, rec_loss 0.0110, lpips_loss 0.1351, g_loss 0.0262, disc_weight 0.4000, disc_adaptive_weight 5.5280, d_loss 0.4021, logits_real -0.0289, logits_fake -0.0264,
Train Epoch: [5/30] Iters:[40/1093] gen_loss 0.2942, rec_loss 0.0112, lpips_loss 0.1353, g_loss 0.0261, disc_weight 0.4000, disc_adaptive_weight 5.6560, d_loss 0.4021, logits_real -0.0287, logits_fake -0.0264,
Train Epoch: [5/30] Iters:[50/1093] gen_loss 0.2963, rec_loss 0.0112, lpips_loss 0.1351, g_loss 0.0259, disc_weight 0.4000, disc_adaptive_weight 5.7707, d_loss 0.4021, logits_real -0.0286, logits_fake -0.0263,
Train Epoch: [5/30] Iters:[60/1093] gen_loss 0.2966, rec_loss 0.0113, lpips_loss 0.1356, g_loss 0.0257, disc_weight 0.4000, disc_adaptive_weight 5.8081, d_loss 0.4021, logits_real -0.0285, logits_fake -0.0260,
Train Epoch: [5/30] Iters:[70/1093] gen_loss 0.2967, rec_loss 0.0114, lpips_loss 0.1357, g_loss 0.0252, disc_weight 0.4000, disc_adaptive_weight 5.9130, d_loss 0.4022, logits_real -0.0282, logits_fake -0.0256,
Train Epoch: [5/30] Iters:[80/1093] gen_loss 0.3008, rec_loss 0.0114, lpips_loss 0.1355, g_loss 0.0252, disc_weight 0.4000, disc_adaptive_weight 6.0758, d_loss 0.4021, logits_real -0.0281, logits_fake -0.0256,
Train Epoch: [5/30] Iters:[90/1093] gen_loss 0.3045, rec_loss 0.0115, lpips_loss 0.1359, g_loss 0.0253, disc_weight 0.4000, disc_adaptive_weight 6.1560, d_loss 0.4022, logits_real -0.0284, logits_fake -0.0256,
Train Epoch: [5/30] Iters:[100/1093] gen_loss 0.3086, rec_loss 0.0115, lpips_loss 0.1362, g_loss 0.0256, disc_weight 0.4000, disc_adaptive_weight 6.2556, d_loss 0.4022, logits_real -0.0285, logits_fake -0.0256,
Train Epoch: [5/30] Iters:[110/1093] gen_loss 0.3097, rec_loss 0.0115, lpips_loss 0.1360, g_loss 0.0256, disc_weight 0.4000, disc_adaptive_weight 6.3054, d_loss 0.4022, logits_real -0.0285, logits_fake -0.0258,
Train Epoch: [5/30] Iters:[120/1093] gen_loss 0.3158, rec_loss 0.0114, lpips_loss 0.1359, g_loss 0.0258, disc_weight 0.4000, disc_adaptive_weight 6.5151, d_loss 0.4021, logits_real -0.0284, logits_fake -0.0260,
Train Epoch: [5/30] Iters:[130/1093] gen_loss 0.3120, rec_loss 0.0115, lpips_loss 0.1363, g_loss 0.0256, disc_weight 0.4000, disc_adaptive_weight 6.3968, d_loss 0.4022, logits_real -0.0282, logits_fake -0.0257,
Train Epoch: [5/30] Iters:[140/1093] gen_loss 0.3005, rec_loss 0.0113, lpips_loss 0.1358, g_loss 0.0251, disc_weight 0.4000, disc_adaptive_weight 6.0810, d_loss 0.4021, logits_real -0.0278, logits_fake -0.0256,
Train Epoch: [5/30] Iters:[150/1093] gen_loss 0.2894, rec_loss 0.0113, lpips_loss 0.1359, g_loss 0.0246, disc_weight 0.4000, disc_adaptive_weight 5.7557, d_loss 0.4021, logits_real -0.0273, logits_fake -0.0251,
Train Epoch: [5/30] Iters:[160/1093] gen_loss 0.2827, rec_loss 0.0114, lpips_loss 0.1363, g_loss 0.0240, disc_weight 0.4000, disc_adaptive_weight 5.5709, d_loss 0.4021, logits_real -0.0271, logits_fake -0.0246,
Train Epoch: [5/30] Iters:[170/1093] gen_loss 0.2681, rec_loss 0.0113, lpips_loss 0.1362, g_loss 0.0238, disc_weight 0.4000, disc_adaptive_weight 5.0251, d_loss 0.4021, logits_real -0.0269, logits_fake -0.0244,
Train Epoch: [5/30] Iters:[180/1093] gen_loss 0.2682, rec_loss 0.0113, lpips_loss 0.1357, g_loss 0.0238, disc_weight 0.4000, disc_adaptive_weight 5.0421, d_loss 0.4021, logits_real -0.0271, logits_fake -0.0248,
Train Epoch: [5/30] Iters:[190/1093] gen_loss 0.2716, rec_loss 0.0113, lpips_loss 0.1360, g_loss 0.0242, disc_weight 0.4000, disc_adaptive_weight 5.0959, d_loss 0.4021, logits_real -0.0273, logits_fake -0.0249,
Train Epoch: [5/30] Iters:[200/1093] gen_loss 0.2724, rec_loss 0.0113, lpips_loss 0.1359, g_loss 0.0245, disc_weight 0.4000, disc_adaptive_weight 5.0980, d_loss 0.4021, logits_real -0.0276, logits_fake -0.0253,
Train Epoch: [5/30] Iters:[210/1093] gen_loss 0.2725, rec_loss 0.0112, lpips_loss 0.1359, g_loss 0.0252, disc_weight 0.4000, disc_adaptive_weight 4.9580, d_loss 0.4020, logits_real -0.0282, logits_fake -0.0259,
Train Epoch: [5/30] Iters:[220/1093] gen_loss 0.2807, rec_loss 0.0114, lpips_loss 0.1360, g_loss 0.0259, disc_weight 0.4000, disc_adaptive_weight 5.1509, d_loss 0.4021, logits_real -0.0290, logits_fake -0.0265,
Train Epoch: [5/30] Iters:[230/1093] gen_loss 0.2799, rec_loss 0.0113, lpips_loss 0.1362, g_loss 0.0263, disc_weight 0.4000, disc_adaptive_weight 5.0470, d_loss 0.4021, logits_real -0.0291, logits_fake -0.0265,
Train Epoch: [5/30] Iters:[240/1093] gen_loss 0.2828, rec_loss 0.0112, lpips_loss 0.1355, g_loss 0.0264, disc_weight 0.4000, disc_adaptive_weight 5.1610, d_loss 0.4021, logits_real -0.0292, logits_fake -0.0263,
Train Epoch: [5/30] Iters:[250/1093] gen_loss 0.2809, rec_loss 0.0112, lpips_loss 0.1354, g_loss 0.0262, disc_weight 0.4000, disc_adaptive_weight 5.1353, d_loss 0.4021, logits_real -0.0287, logits_fake -0.0261,
Train Epoch: [5/30] Iters:[260/1093] gen_loss 0.2796, rec_loss 0.0113, lpips_loss 0.1348, g_loss 0.0257, disc_weight 0.4000, disc_adaptive_weight 5.2040, d_loss 0.4021, logits_real -0.0278, logits_fake -0.0254,
Train Epoch: [5/30] Iters:[270/1093] gen_loss 0.2845, rec_loss 0.0111, lpips_loss 0.1346, g_loss 0.0253, disc_weight 0.4000, disc_adaptive_weight 5.4803, d_loss 0.4020, logits_real -0.0270, logits_fake -0.0249,
Train Epoch: [5/30] Iters:[280/1093] gen_loss 0.2859, rec_loss 0.0112, lpips_loss 0.1349, g_loss 0.0249, disc_weight 0.4000, disc_adaptive_weight 5.5833, d_loss 0.4020, logits_real -0.0267, logits_fake -0.0244,
Train Epoch: [5/30] Iters:[290/1093] gen_loss 0.2874, rec_loss 0.0113, lpips_loss 0.1357, g_loss 0.0249, disc_weight 0.4000, disc_adaptive_weight 5.6040, d_loss 0.4020, logits_real -0.0267, logits_fake -0.0247,
Train Epoch: [5/30] Iters:[300/1093] gen_loss 0.2857, rec_loss 0.0113, lpips_loss 0.1356, g_loss 0.0254, disc_weight 0.4000, disc_adaptive_weight 5.4319, d_loss 0.4020, logits_real -0.0272, logits_fake -0.0248,
Train Epoch: [5/30] Iters:[310/1093] gen_loss 0.2838, rec_loss 0.0111, lpips_loss 0.1356, g_loss 0.0260, disc_weight 0.4000, disc_adaptive_weight 5.2502, d_loss 0.4020, logits_real -0.0278, logits_fake -0.0255,
Train Epoch: [5/30] Iters:[320/1093] gen_loss 0.2802, rec_loss 0.0113, lpips_loss 0.1360, g_loss 0.0260, disc_weight 0.4000, disc_adaptive_weight 5.1211, d_loss 0.4020, logits_real -0.0283, logits_fake -0.0259,
Train Epoch: [5/30] Iters:[330/1093] gen_loss 0.2727, rec_loss 0.0114, lpips_loss 0.1361, g_loss 0.0261, disc_weight 0.4000, disc_adaptive_weight 4.8059, d_loss 0.4019, logits_real -0.0286, logits_fake -0.0265,
Train Epoch: [5/30] Iters:[340/1093] gen_loss 0.2678, rec_loss 0.0114, lpips_loss 0.1353, g_loss 0.0261, disc_weight 0.4000, disc_adaptive_weight 4.6475, d_loss 0.4020, logits_real -0.0288, logits_fake -0.0266,
Train Epoch: [5/30] Iters:[350/1093] gen_loss 0.2766, rec_loss 0.0113, lpips_loss 0.1351, g_loss 0.0261, disc_weight 0.4000, disc_adaptive_weight 4.9768, d_loss 0.4019, logits_real -0.0291, logits_fake -0.0270,
Train Epoch: [5/30] Iters:[360/1093] gen_loss 0.2882, rec_loss 0.0113, lpips_loss 0.1351, g_loss 0.0259, disc_weight 0.4000, disc_adaptive_weight 5.4247, d_loss 0.4020, logits_real -0.0295, logits_fake -0.0270,
Train Epoch: [5/30] Iters:[370/1093] gen_loss 0.2928, rec_loss 0.0112, lpips_loss 0.1347, g_loss 0.0262, disc_weight 0.4000, disc_adaptive_weight 5.5514, d_loss 0.4021, logits_real -0.0296, logits_fake -0.0268,
Train Epoch: [5/30] Iters:[380/1093] gen_loss 0.3023, rec_loss 0.0111, lpips_loss 0.1345, g_loss 0.0266, disc_weight 0.4000, disc_adaptive_weight 5.8549, d_loss 0.4021, logits_real -0.0296, logits_fake -0.0268,
Train Epoch: [5/30] Iters:[390/1093] gen_loss 0.3039, rec_loss 0.0110, lpips_loss 0.1349, g_loss 0.0267, disc_weight 0.4000, disc_adaptive_weight 5.8913, d_loss 0.4021, logits_real -0.0297, logits_fake -0.0268,
Train Epoch: [5/30] Iters:[400/1093] gen_loss 0.3039, rec_loss 0.0111, lpips_loss 0.1353, g_loss 0.0271, disc_weight 0.4000, disc_adaptive_weight 5.8187, d_loss 0.4021, logits_real -0.0296, logits_fake -0.0266,
Train Epoch: [5/30] Iters:[410/1093] gen_loss 0.2933, rec_loss 0.0111, lpips_loss 0.1358, g_loss 0.0271, disc_weight 0.4000, disc_adaptive_weight 5.4058, d_loss 0.4020, logits_real -0.0293, logits_fake -0.0269,
Train Epoch: [5/30] Iters:[420/1093] gen_loss 0.2931, rec_loss 0.0111, lpips_loss 0.1360, g_loss 0.0271, disc_weight 0.4000, disc_adaptive_weight 5.3845, d_loss 0.4020, logits_real -0.0294, logits_fake -0.0268,
Train Epoch: [5/30] Iters:[430/1093] gen_loss 0.2921, rec_loss 0.0113, lpips_loss 0.1366, g_loss 0.0266, disc_weight 0.4000, disc_adaptive_weight 5.4171, d_loss 0.4020, logits_real -0.0293, logits_fake -0.0266,
Train Epoch: [5/30] Iters:[440/1093] gen_loss 0.2944, rec_loss 0.0113, lpips_loss 0.1366, g_loss 0.0262, disc_weight 0.4000, disc_adaptive_weight 5.5834, d_loss 0.4020, logits_real -0.0287, logits_fake -0.0260,
Train Epoch: [5/30] Iters:[450/1093] gen_loss 0.2887, rec_loss 0.0114, lpips_loss 0.1367, g_loss 0.0257, disc_weight 0.4000, disc_adaptive_weight 5.4658, d_loss 0.4020, logits_real -0.0283, logits_fake -0.0258,
Train Epoch: [5/30] Iters:[460/1093] gen_loss 0.2960, rec_loss 0.0114, lpips_loss 0.1361, g_loss 0.0255, disc_weight 0.4000, disc_adaptive_weight 5.7874, d_loss 0.4020, logits_real -0.0282, logits_fake -0.0255,
Train Epoch: [5/30] Iters:[470/1093] gen_loss 0.2879, rec_loss 0.0114, lpips_loss 0.1360, g_loss 0.0253, disc_weight 0.4000, disc_adaptive_weight 5.5342, d_loss 0.4019, logits_real -0.0279, logits_fake -0.0255,
Train Epoch: [5/30] Iters:[480/1093] gen_loss 0.2810, rec_loss 0.0112, lpips_loss 0.1350, g_loss 0.0252, disc_weight 0.4000, disc_adaptive_weight 5.3407, d_loss 0.4020, logits_real -0.0278, logits_fake -0.0252,
Train Epoch: [5/30] Iters:[490/1093] gen_loss 0.2756, rec_loss 0.0111, lpips_loss 0.1345, g_loss 0.0252, disc_weight 0.4000, disc_adaptive_weight 5.1399, d_loss 0.4020, logits_real -0.0281, logits_fake -0.0254,
Train Epoch: [5/30] Iters:[500/1093] gen_loss 0.2780, rec_loss 0.0110, lpips_loss 0.1344, g_loss 0.0252, disc_weight 0.4000, disc_adaptive_weight 5.2405, d_loss 0.4020, logits_real -0.0282, logits_fake -0.0253,
Train Epoch: [5/30] Iters:[510/1093] gen_loss 0.2724, rec_loss 0.0110, lpips_loss 0.1344, g_loss 0.0253, disc_weight 0.4000, disc_adaptive_weight 5.0067, d_loss 0.4020, logits_real -0.0280, logits_fake -0.0252,
Train Epoch: [5/30] Iters:[520/1093] gen_loss 0.2760, rec_loss 0.0109, lpips_loss 0.1342, g_loss 0.0257, disc_weight 0.4000, disc_adaptive_weight 5.1060, d_loss 0.4020, logits_real -0.0282, logits_fake -0.0255,
Train Epoch: [5/30] Iters:[530/1093] gen_loss 0.2878, rec_loss 0.0109, lpips_loss 0.1344, g_loss 0.0262, disc_weight 0.4000, disc_adaptive_weight 5.4416, d_loss 0.4018, logits_real -0.0280, logits_fake -0.0260,
Train Epoch: [5/30] Iters:[540/1093] gen_loss 0.2932, rec_loss 0.0111, lpips_loss 0.1348, g_loss 0.0264, disc_weight 0.4000, disc_adaptive_weight 5.5969, d_loss 0.4019, logits_real -0.0282, logits_fake -0.0259,
Train Epoch: [5/30] Iters:[550/1093] gen_loss 0.2905, rec_loss 0.0112, lpips_loss 0.1349, g_loss 0.0261, disc_weight 0.4000, disc_adaptive_weight 5.5380, d_loss 0.4019, logits_real -0.0280, logits_fake -0.0258,
Train Epoch: [5/30] Iters:[560/1093] gen_loss 0.2863, rec_loss 0.0111, lpips_loss 0.1349, g_loss 0.0255, disc_weight 0.4000, disc_adaptive_weight 5.4951, d_loss 0.4018, logits_real -0.0277, logits_fake -0.0257,
Train Epoch: [5/30] Iters:[570/1093] gen_loss 0.2849, rec_loss 0.0114, lpips_loss 0.1356, g_loss 0.0250, disc_weight 0.4000, disc_adaptive_weight 5.4914, d_loss 0.4019, logits_real -0.0273, logits_fake -0.0251,
Train Epoch: [5/30] Iters:[580/1093] gen_loss 0.2782, rec_loss 0.0114, lpips_loss 0.1356, g_loss 0.0245, disc_weight 0.4000, disc_adaptive_weight 5.3326, d_loss 0.4019, logits_real -0.0269, logits_fake -0.0247,
Train Epoch: [5/30] Iters:[590/1093] gen_loss 0.2775, rec_loss 0.0114, lpips_loss 0.1357, g_loss 0.0245, disc_weight 0.4000, disc_adaptive_weight 5.3007, d_loss 0.4018, logits_real -0.0268, logits_fake -0.0247,
Train Epoch: [5/30] Iters:[600/1093] gen_loss 0.2769, rec_loss 0.0114, lpips_loss 0.1353, g_loss 0.0248, disc_weight 0.4000, disc_adaptive_weight 5.2464, d_loss 0.4018, logits_real -0.0269, logits_fake -0.0249,
Train Epoch: [5/30] Iters:[610/1093] gen_loss 0.2882, rec_loss 0.0115, lpips_loss 0.1356, g_loss 0.0255, disc_weight 0.4000, disc_adaptive_weight 5.4964, d_loss 0.4018, logits_real -0.0271, logits_fake -0.0251,
Train Epoch: [5/30] Iters:[620/1093] gen_loss 0.2868, rec_loss 0.0114, lpips_loss 0.1352, g_loss 0.0254, disc_weight 0.4000, disc_adaptive_weight 5.5030, d_loss 0.4018, logits_real -0.0270, logits_fake -0.0251,
Train Epoch: [5/30] Iters:[630/1093] gen_loss 0.2990, rec_loss 0.0114, lpips_loss 0.1351, g_loss 0.0254, disc_weight 0.4000, disc_adaptive_weight 5.9851, d_loss 0.4019, logits_real -0.0272, logits_fake -0.0250,
Train Epoch: [5/30] Iters:[640/1093] gen_loss 0.3007, rec_loss 0.0114, lpips_loss 0.1350, g_loss 0.0253, disc_weight 0.4000, disc_adaptive_weight 6.1099, d_loss 0.4019, logits_real -0.0273, logits_fake -0.0251,
Train Epoch: [5/30] Iters:[650/1093] gen_loss 0.3050, rec_loss 0.0115, lpips_loss 0.1351, g_loss 0.0252, disc_weight 0.4000, disc_adaptive_weight 6.2712, d_loss 0.4019, logits_real -0.0271, logits_fake -0.0247,
Train Epoch: [5/30] Iters:[660/1093] gen_loss 0.2964, rec_loss 0.0115, lpips_loss 0.1351, g_loss 0.0244, disc_weight 0.4000, disc_adaptive_weight 6.1222, d_loss 0.4020, logits_real -0.0272, logits_fake -0.0245,
Train Epoch: [5/30] Iters:[670/1093] gen_loss 0.2945, rec_loss 0.0114, lpips_loss 0.1352, g_loss 0.0244, disc_weight 0.4000, disc_adaptive_weight 6.0545, d_loss 0.4019, logits_real -0.0272, logits_fake -0.0245,
Train Epoch: [5/30] Iters:[680/1093] gen_loss 0.2809, rec_loss 0.0117, lpips_loss 0.1358, g_loss 0.0241, disc_weight 0.4000, disc_adaptive_weight 5.5393, d_loss 0.4019, logits_real -0.0270, logits_fake -0.0244,
Train Epoch: [5/30] Iters:[690/1093] gen_loss 0.2778, rec_loss 0.0116, lpips_loss 0.1358, g_loss 0.0239, disc_weight 0.4000, disc_adaptive_weight 5.4406, d_loss 0.4019, logits_real -0.0267, logits_fake -0.0240,
Train Epoch: [5/30] Iters:[700/1093] gen_loss 0.2746, rec_loss 0.0115, lpips_loss 0.1359, g_loss 0.0237, disc_weight 0.4000, disc_adaptive_weight 5.3629, d_loss 0.4019, logits_real -0.0265, logits_fake -0.0239,
Train Epoch: [5/30] Iters:[710/1093] gen_loss 0.2735, rec_loss 0.0115, lpips_loss 0.1357, g_loss 0.0236, disc_weight 0.4000, disc_adaptive_weight 5.3205, d_loss 0.4019, logits_real -0.0262, logits_fake -0.0235,
Train Epoch: [5/30] Iters:[720/1093] gen_loss 0.2734, rec_loss 0.0116, lpips_loss 0.1354, g_loss 0.0237, disc_weight 0.4000, disc_adaptive_weight 5.3222, d_loss 0.4019, logits_real -0.0260, logits_fake -0.0234,
Train Epoch: [5/30] Iters:[730/1093] gen_loss 0.2810, rec_loss 0.0114, lpips_loss 0.1349, g_loss 0.0238, disc_weight 0.4000, disc_adaptive_weight 5.6337, d_loss 0.4019, logits_real -0.0262, logits_fake -0.0237,
Train Epoch: [5/30] Iters:[740/1093] gen_loss 0.2814, rec_loss 0.0114, lpips_loss 0.1350, g_loss 0.0237, disc_weight 0.4000, disc_adaptive_weight 5.6724, d_loss 0.4019, logits_real -0.0262, logits_fake -0.0238,
Train Epoch: [5/30] Iters:[750/1093] gen_loss 0.2881, rec_loss 0.0114, lpips_loss 0.1351, g_loss 0.0236, disc_weight 0.4000, disc_adaptive_weight 5.9555, d_loss 0.4019, logits_real -0.0263, logits_fake -0.0239,
Train Epoch: [5/30] Iters:[760/1093] gen_loss 0.2937, rec_loss 0.0114, lpips_loss 0.1355, g_loss 0.0237, disc_weight 0.4000, disc_adaptive_weight 6.1504, d_loss 0.4018, logits_real -0.0259, logits_fake -0.0237,
Train Epoch: [5/30] Iters:[770/1093] gen_loss 0.2945, rec_loss 0.0112, lpips_loss 0.1353, g_loss 0.0235, disc_weight 0.4000, disc_adaptive_weight 6.2343, d_loss 0.4018, logits_real -0.0259, logits_fake -0.0237,
Train Epoch: [5/30] Iters:[780/1093] gen_loss 0.2855, rec_loss 0.0112, lpips_loss 0.1351, g_loss 0.0234, disc_weight 0.4000, disc_adaptive_weight 5.9266, d_loss 0.4018, logits_real -0.0257, logits_fake -0.0235,
Train Epoch: [5/30] Iters:[790/1093] gen_loss 0.2843, rec_loss 0.0111, lpips_loss 0.1352, g_loss 0.0232, disc_weight 0.4000, disc_adaptive_weight 5.9437, d_loss 0.4018, logits_real -0.0257, logits_fake -0.0233,
Train Epoch: [5/30] Iters:[800/1093] gen_loss 0.2751, rec_loss 0.0112, lpips_loss 0.1355, g_loss 0.0227, disc_weight 0.4000, disc_adaptive_weight 5.6560, d_loss 0.4018, logits_real -0.0254, logits_fake -0.0232,
Train Epoch: [5/30] Iters:[810/1093] gen_loss 0.2752, rec_loss 0.0112, lpips_loss 0.1353, g_loss 0.0225, disc_weight 0.4000, disc_adaptive_weight 5.7160, d_loss 0.4018, logits_real -0.0257, logits_fake -0.0232,
Train Epoch: [5/30] Iters:[820/1093] gen_loss 0.2788, rec_loss 0.0115, lpips_loss 0.1358, g_loss 0.0225, disc_weight 0.4000, disc_adaptive_weight 5.8571, d_loss 0.4018, logits_real -0.0257, logits_fake -0.0232,
Train Epoch: [5/30] Iters:[830/1093] gen_loss 0.2794, rec_loss 0.0115, lpips_loss 0.1358, g_loss 0.0221, disc_weight 0.4000, disc_adaptive_weight 5.9410, d_loss 0.4019, logits_real -0.0258, logits_fake -0.0231,
Train Epoch: [5/30] Iters:[840/1093] gen_loss 0.2786, rec_loss 0.0115, lpips_loss 0.1355, g_loss 0.0222, disc_weight 0.4000, disc_adaptive_weight 5.8977, d_loss 0.4019, logits_real -0.0257, logits_fake -0.0229,
Train Epoch: [5/30] Iters:[850/1093] gen_loss 0.2826, rec_loss 0.0114, lpips_loss 0.1353, g_loss 0.0224, disc_weight 0.4000, disc_adaptive_weight 6.0344, d_loss 0.4019, logits_real -0.0260, logits_fake -0.0230,
Train Epoch: [5/30] Iters:[860/1093] gen_loss 0.2792, rec_loss 0.0115, lpips_loss 0.1352, g_loss 0.0226, disc_weight 0.4000, disc_adaptive_weight 5.8413, d_loss 0.4019, logits_real -0.0261, logits_fake -0.0232,
Train Epoch: [5/30] Iters:[870/1093] gen_loss 0.2791, rec_loss 0.0113, lpips_loss 0.1348, g_loss 0.0230, disc_weight 0.4000, disc_adaptive_weight 5.7502, d_loss 0.4019, logits_real -0.0262, logits_fake -0.0233,
Train Epoch: [5/30] Iters:[880/1093] gen_loss 0.2856, rec_loss 0.0114, lpips_loss 0.1350, g_loss 0.0236, disc_weight 0.4000, disc_adaptive_weight 5.9070, d_loss 0.4019, logits_real -0.0262, logits_fake -0.0233,
Train Epoch: [5/30] Iters:[890/1093] gen_loss 0.2870, rec_loss 0.0114, lpips_loss 0.1350, g_loss 0.0240, disc_weight 0.4000, disc_adaptive_weight 5.8563, d_loss 0.4018, logits_real -0.0263, logits_fake -0.0238,
Train Epoch: [5/30] Iters:[900/1093] gen_loss 0.2917, rec_loss 0.0114, lpips_loss 0.1344, g_loss 0.0243, disc_weight 0.4000, disc_adaptive_weight 5.9839, d_loss 0.4017, logits_real -0.0264, logits_fake -0.0242,
Train Epoch: [5/30] Iters:[910/1093] gen_loss 0.3001, rec_loss 0.0113, lpips_loss 0.1351, g_loss 0.0244, disc_weight 0.4000, disc_adaptive_weight 6.2981, d_loss 0.4018, logits_real -0.0265, logits_fake -0.0241,
Train Epoch: [5/30] Iters:[920/1093] gen_loss 0.2961, rec_loss 0.0114, lpips_loss 0.1358, g_loss 0.0240, disc_weight 0.4000, disc_adaptive_weight 6.1876, d_loss 0.4018, logits_real -0.0263, logits_fake -0.0239,
Train Epoch: [5/30] Iters:[930/1093] gen_loss 0.3017, rec_loss 0.0112, lpips_loss 0.1360, g_loss 0.0238, disc_weight 0.4000, disc_adaptive_weight 6.5037, d_loss 0.4018, logits_real -0.0261, logits_fake -0.0236,
Train Epoch: [5/30] Iters:[940/1093] gen_loss 0.2960, rec_loss 0.0113, lpips_loss 0.1367, g_loss 0.0233, disc_weight 0.4000, disc_adaptive_weight 6.3389, d_loss 0.4018, logits_real -0.0260, logits_fake -0.0235,
Train Epoch: [5/30] Iters:[950/1093] gen_loss 0.2911, rec_loss 0.0113, lpips_loss 0.1374, g_loss 0.0231, disc_weight 0.4000, disc_adaptive_weight 6.1730, d_loss 0.4018, logits_real -0.0257, logits_fake -0.0231,
Train Epoch: [5/30] Iters:[960/1093] gen_loss 0.2848, rec_loss 0.0114, lpips_loss 0.1367, g_loss 0.0232, disc_weight 0.4000, disc_adaptive_weight 5.8978, d_loss 0.4017, logits_real -0.0256, logits_fake -0.0234,
Train Epoch: [5/30] Iters:[970/1093] gen_loss 0.2890, rec_loss 0.0112, lpips_loss 0.1357, g_loss 0.0234, disc_weight 0.4000, disc_adaptive_weight 6.0932, d_loss 0.4017, logits_real -0.0258, logits_fake -0.0237,
Train Epoch: [5/30] Iters:[980/1093] gen_loss 0.2858, rec_loss 0.0112, lpips_loss 0.1352, g_loss 0.0234, disc_weight 0.4000, disc_adaptive_weight 5.9503, d_loss 0.4017, logits_real -0.0260, logits_fake -0.0238,
Train Epoch: [5/30] Iters:[990/1093] gen_loss 0.2861, rec_loss 0.0112, lpips_loss 0.1349, g_loss 0.0236, disc_weight 0.4000, disc_adaptive_weight 5.9279, d_loss 0.4018, logits_real -0.0260, logits_fake -0.0234,
Train Epoch: [5/30] Iters:[1000/1093] gen_loss 0.2805, rec_loss 0.0111, lpips_loss 0.1343, g_loss 0.0235, disc_weight 0.4000, disc_adaptive_weight 5.7393, d_loss 0.4019, logits_real -0.0262, logits_fake -0.0233,
Train Epoch: [5/30] Iters:[1010/1093] gen_loss 0.2758, rec_loss 0.0113, lpips_loss 0.1350, g_loss 0.0230, disc_weight 0.4000, disc_adaptive_weight 5.6052, d_loss 0.4019, logits_real -0.0261, logits_fake -0.0229,
Train Epoch: [5/30] Iters:[1020/1093] gen_loss 0.2764, rec_loss 0.0114, lpips_loss 0.1352, g_loss 0.0231, disc_weight 0.4000, disc_adaptive_weight 5.6299, d_loss 0.4020, logits_real -0.0261, logits_fake -0.0227,
Train Epoch: [5/30] Iters:[1030/1093] gen_loss 0.2662, rec_loss 0.0114, lpips_loss 0.1356, g_loss 0.0231, disc_weight 0.4000, disc_adaptive_weight 5.1597, d_loss 0.4020, logits_real -0.0261, logits_fake -0.0227,
Train Epoch: [5/30] Iters:[1040/1093] gen_loss 0.2724, rec_loss 0.0113, lpips_loss 0.1352, g_loss 0.0229, disc_weight 0.4000, disc_adaptive_weight 5.4881, d_loss 0.4019, logits_real -0.0260, logits_fake -0.0229,
Train Epoch: [5/30] Iters:[1050/1093] gen_loss 0.2815, rec_loss 0.0113, lpips_loss 0.1361, g_loss 0.0231, disc_weight 0.4000, disc_adaptive_weight 5.7943, d_loss 0.4018, logits_real -0.0260, logits_fake -0.0230,
Train Epoch: [5/30] Iters:[1060/1093] gen_loss 0.2810, rec_loss 0.0112, lpips_loss 0.1358, g_loss 0.0232, disc_weight 0.4000, disc_adaptive_weight 5.7917, d_loss 0.4018, logits_real -0.0259, logits_fake -0.0232,
Train Epoch: [5/30] Iters:[1070/1093] gen_loss 0.2933, rec_loss 0.0113, lpips_loss 0.1363, g_loss 0.0232, disc_weight 0.4000, disc_adaptive_weight 6.3049, d_loss 0.4018, logits_real -0.0257, logits_fake -0.0230,
Train Epoch: [5/30] Iters:[1080/1093] gen_loss 0.2952, rec_loss 0.0113, lpips_loss 0.1364, g_loss 0.0229, disc_weight 0.4000, disc_adaptive_weight 6.4662, d_loss 0.4018, logits_real -0.0255, logits_fake -0.0230,
Train Epoch: [5/30] Iters:[1090/1093] gen_loss 0.3050, rec_loss 0.0114, lpips_loss 0.1369, g_loss 0.0229, disc_weight 0.4000, disc_adaptive_weight 6.8671, d_loss 0.4017, logits_real -0.0253, logits_fake -0.0229,
Loading pretrained model LPIPS from /home/sunset/.cache/torch/hub/pyiqa/LPIPS_v0.1_alex-df73285e.pth
epoch:6, cur_lr:0.000010
Train Epoch: [6/30] Iters:[10/1093] gen_loss 0.2943, rec_loss 0.0114, lpips_loss 0.1358, g_loss 0.0223, disc_weight 0.4000, disc_adaptive_weight 6.5644, d_loss 0.4018, logits_real -0.0259, logits_fake -0.0228,
Train Epoch: [6/30] Iters:[20/1093] gen_loss 0.2777, rec_loss 0.0116, lpips_loss 0.1360, g_loss 0.0230, disc_weight 0.4000, disc_adaptive_weight 5.6687, d_loss 0.4018, logits_real -0.0262, logits_fake -0.0232,
Train Epoch: [6/30] Iters:[30/1093] gen_loss 0.2897, rec_loss 0.0114, lpips_loss 0.1350, g_loss 0.0230, disc_weight 0.4000, disc_adaptive_weight 6.2347, d_loss 0.4019, logits_real -0.0263, logits_fake -0.0232,
Train Epoch: [6/30] Iters:[40/1093] gen_loss 0.2910, rec_loss 0.0114, lpips_loss 0.1356, g_loss 0.0228, disc_weight 0.4000, disc_adaptive_weight 6.2953, d_loss 0.4019, logits_real -0.0260, logits_fake -0.0229,
Train Epoch: [6/30] Iters:[50/1093] gen_loss 0.2838, rec_loss 0.0114, lpips_loss 0.1357, g_loss 0.0227, disc_weight 0.4000, disc_adaptive_weight 6.0139, d_loss 0.4018, logits_real -0.0258, logits_fake -0.0227,
Train Epoch: [6/30] Iters:[60/1093] gen_loss 0.2834, rec_loss 0.0114, lpips_loss 0.1358, g_loss 0.0229, disc_weight 0.4000, disc_adaptive_weight 5.9473, d_loss 0.4018, logits_real -0.0258, logits_fake -0.0227,
Train Epoch: [6/30] Iters:[70/1093] gen_loss 0.2890, rec_loss 0.0114, lpips_loss 0.1359, g_loss 0.0226, disc_weight 0.4000, disc_adaptive_weight 6.2507, d_loss 0.4018, logits_real -0.0254, logits_fake -0.0224,
Train Epoch: [6/30] Iters:[80/1093] gen_loss 0.2823, rec_loss 0.0114, lpips_loss 0.1362, g_loss 0.0224, disc_weight 0.4000, disc_adaptive_weight 5.9923, d_loss 0.4018, logits_real -0.0251, logits_fake -0.0222,
Train Epoch: [6/30] Iters:[90/1093] gen_loss 0.2825, rec_loss 0.0114, lpips_loss 0.1362, g_loss 0.0222, disc_weight 0.4000, disc_adaptive_weight 6.0795, d_loss 0.4018, logits_real -0.0248, logits_fake -0.0219,
Train Epoch: [6/30] Iters:[100/1093] gen_loss 0.2877, rec_loss 0.0115, lpips_loss 0.1367, g_loss 0.0220, disc_weight 0.4000, disc_adaptive_weight 6.3302, d_loss 0.4018, logits_real -0.0246, logits_fake -0.0217,
Train Epoch: [6/30] Iters:[110/1093] gen_loss 0.2820, rec_loss 0.0114, lpips_loss 0.1367, g_loss 0.0218, disc_weight 0.4000, disc_adaptive_weight 6.1311, d_loss 0.4018, logits_real -0.0245, logits_fake -0.0216,
Train Epoch: [6/30] Iters:[120/1093] gen_loss 0.2778, rec_loss 0.0113, lpips_loss 0.1362, g_loss 0.0217, disc_weight 0.4000, disc_adaptive_weight 6.0081, d_loss 0.4017, logits_real -0.0243, logits_fake -0.0216,
Train Epoch: [6/30] Iters:[130/1093] gen_loss 0.2795, rec_loss 0.0114, lpips_loss 0.1363, g_loss 0.0214, disc_weight 0.4000, disc_adaptive_weight 6.1684, d_loss 0.4018, logits_real -0.0240, logits_fake -0.0212,
Train Epoch: [6/30] Iters:[140/1093] gen_loss 0.2727, rec_loss 0.0114, lpips_loss 0.1359, g_loss 0.0212, disc_weight 0.4000, disc_adaptive_weight 5.9217, d_loss 0.4018, logits_real -0.0240, logits_fake -0.0211,
Train Epoch: [6/30] Iters:[150/1093] gen_loss 0.2784, rec_loss 0.0112, lpips_loss 0.1353, g_loss 0.0213, disc_weight 0.4000, disc_adaptive_weight 6.2079, d_loss 0.4018, logits_real -0.0239, logits_fake -0.0211,
Train Epoch: [6/30] Iters:[160/1093] gen_loss 0.2850, rec_loss 0.0113, lpips_loss 0.1351, g_loss 0.0211, disc_weight 0.4000, disc_adaptive_weight 6.5565, d_loss 0.4017, logits_real -0.0238, logits_fake -0.0210,
Train Epoch: [6/30] Iters:[170/1093] gen_loss 0.2851, rec_loss 0.0112, lpips_loss 0.1347, g_loss 0.0211, disc_weight 0.4000, disc_adaptive_weight 6.5683, d_loss 0.4017, logits_real -0.0238, logits_fake -0.0209,
Train Epoch: [6/30] Iters:[180/1093] gen_loss 0.2895, rec_loss 0.0112, lpips_loss 0.1350, g_loss 0.0212, disc_weight 0.4000, disc_adaptive_weight 6.7587, d_loss 0.4017, logits_real -0.0239, logits_fake -0.0212,
Train Epoch: [6/30] Iters:[190/1093] gen_loss 0.2929, rec_loss 0.0111, lpips_loss 0.1351, g_loss 0.0214, disc_weight 0.4000, disc_adaptive_weight 6.8543, d_loss 0.4017, logits_real -0.0240, logits_fake -0.0214,
Train Epoch: [6/30] Iters:[200/1093] gen_loss 0.2857, rec_loss 0.0111, lpips_loss 0.1353, g_loss 0.0213, disc_weight 0.4000, disc_adaptive_weight 6.5380, d_loss 0.4017, logits_real -0.0240, logits_fake -0.0214,
Train Epoch: [6/30] Iters:[210/1093] gen_loss 0.2776, rec_loss 0.0111, lpips_loss 0.1353, g_loss 0.0209, disc_weight 0.4000, disc_adaptive_weight 6.2494, d_loss 0.4017, logits_real -0.0235, logits_fake -0.0210,
Train Epoch: [6/30] Iters:[220/1093] gen_loss 0.2764, rec_loss 0.0112, lpips_loss 0.1356, g_loss 0.0205, disc_weight 0.4000, disc_adaptive_weight 6.3148, d_loss 0.4017, logits_real -0.0231, logits_fake -0.0205,
Train Epoch: [6/30] Iters:[230/1093] gen_loss 0.2696, rec_loss 0.0111, lpips_loss 0.1355, g_loss 0.0203, disc_weight 0.4000, disc_adaptive_weight 6.0591, d_loss 0.4017, logits_real -0.0227, logits_fake -0.0202,
Train Epoch: [6/30] Iters:[240/1093] gen_loss 0.2667, rec_loss 0.0112, lpips_loss 0.1358, g_loss 0.0201, disc_weight 0.4000, disc_adaptive_weight 5.9681, d_loss 0.4017, logits_real -0.0225, logits_fake -0.0199,
Train Epoch: [6/30] Iters:[250/1093] gen_loss 0.2683, rec_loss 0.0112, lpips_loss 0.1360, g_loss 0.0198, disc_weight 0.4000, disc_adaptive_weight 6.1029, d_loss 0.4017, logits_real -0.0223, logits_fake -0.0197,
Train Epoch: [6/30] Iters:[260/1093] gen_loss 0.2660, rec_loss 0.0112, lpips_loss 0.1359, g_loss 0.0198, disc_weight 0.4000, disc_adaptive_weight 6.0118, d_loss 0.4017, logits_real -0.0223, logits_fake -0.0196,
Train Epoch: [6/30] Iters:[270/1093] gen_loss 0.2726, rec_loss 0.0114, lpips_loss 0.1367, g_loss 0.0198, disc_weight 0.4000, disc_adaptive_weight 6.2642, d_loss 0.4017, logits_real -0.0224, logits_fake -0.0197,
Train Epoch: [6/30] Iters:[280/1093] gen_loss 0.2774, rec_loss 0.0114, lpips_loss 0.1366, g_loss 0.0199, disc_weight 0.4000, disc_adaptive_weight 6.4798, d_loss 0.4017, logits_real -0.0227, logits_fake -0.0198,
Train Epoch: [6/30] Iters:[290/1093] gen_loss 0.2772, rec_loss 0.0115, lpips_loss 0.1369, g_loss 0.0199, disc_weight 0.4000, disc_adaptive_weight 6.4597, d_loss 0.4017, logits_real -0.0226, logits_fake -0.0199,
Train Epoch: [6/30] Iters:[300/1093] gen_loss 0.2733, rec_loss 0.0116, lpips_loss 0.1368, g_loss 0.0199, disc_weight 0.4000, disc_adaptive_weight 6.2634, d_loss 0.4017, logits_real -0.0226, logits_fake -0.0200,
Train Epoch: [6/30] Iters:[310/1093] gen_loss 0.2760, rec_loss 0.0117, lpips_loss 0.1370, g_loss 0.0201, disc_weight 0.4000, disc_adaptive_weight 6.3549, d_loss 0.4016, logits_real -0.0227, logits_fake -0.0203,
Train Epoch: [6/30] Iters:[320/1093] gen_loss 0.2663, rec_loss 0.0116, lpips_loss 0.1368, g_loss 0.0200, disc_weight 0.4000, disc_adaptive_weight 5.9013, d_loss 0.4016, logits_real -0.0226, logits_fake -0.0202,
Train Epoch: [6/30] Iters:[330/1093] gen_loss 0.2578, rec_loss 0.0116, lpips_loss 0.1369, g_loss 0.0196, disc_weight 0.4000, disc_adaptive_weight 5.6017, d_loss 0.4016, logits_real -0.0222, logits_fake -0.0199,
Train Epoch: [6/30] Iters:[340/1093] gen_loss 0.2572, rec_loss 0.0116, lpips_loss 0.1365, g_loss 0.0191, disc_weight 0.4000, disc_adaptive_weight 5.7492, d_loss 0.4015, logits_real -0.0217, logits_fake -0.0196,
Train Epoch: [6/30] Iters:[350/1093] gen_loss 0.2550, rec_loss 0.0115, lpips_loss 0.1368, g_loss 0.0187, disc_weight 0.4000, disc_adaptive_weight 5.7353, d_loss 0.4016, logits_real -0.0214, logits_fake -0.0191,
Train Epoch: [6/30] Iters:[360/1093] gen_loss 0.2513, rec_loss 0.0114, lpips_loss 0.1371, g_loss 0.0187, disc_weight 0.4000, disc_adaptive_weight 5.5451, d_loss 0.4016, logits_real -0.0212, logits_fake -0.0190,
Train Epoch: [6/30] Iters:[370/1093] gen_loss 0.2508, rec_loss 0.0113, lpips_loss 0.1366, g_loss 0.0190, disc_weight 0.4000, disc_adaptive_weight 5.4937, d_loss 0.4016, logits_real -0.0214, logits_fake -0.0191,
Train Epoch: [6/30] Iters:[380/1093] gen_loss 0.2477, rec_loss 0.0113, lpips_loss 0.1365, g_loss 0.0192, disc_weight 0.4000, disc_adaptive_weight 5.2510, d_loss 0.4016, logits_real -0.0216, logits_fake -0.0193,
Train Epoch: [6/30] Iters:[390/1093] gen_loss 0.2462, rec_loss 0.0110, lpips_loss 0.1357, g_loss 0.0198, disc_weight 0.4000, disc_adaptive_weight 5.0639, d_loss 0.4016, logits_real -0.0222, logits_fake -0.0196,
Train Epoch: [6/30] Iters:[400/1093] gen_loss 0.2420, rec_loss 0.0109, lpips_loss 0.1353, g_loss 0.0202, disc_weight 0.4000, disc_adaptive_weight 4.7679, d_loss 0.4016, logits_real -0.0226, logits_fake -0.0200,
Train Epoch: [6/30] Iters:[410/1093] gen_loss 0.2527, rec_loss 0.0110, lpips_loss 0.1356, g_loss 0.0202, disc_weight 0.4000, disc_adaptive_weight 5.2477, d_loss 0.4016, logits_real -0.0227, logits_fake -0.0202,
Train Epoch: [6/30] Iters:[420/1093] gen_loss 0.2552, rec_loss 0.0110, lpips_loss 0.1357, g_loss 0.0202, disc_weight 0.4000, disc_adaptive_weight 5.3750, d_loss 0.4016, logits_real -0.0228, logits_fake -0.0201,
Train Epoch: [6/30] Iters:[430/1093] gen_loss 0.2593, rec_loss 0.0109, lpips_loss 0.1356, g_loss 0.0203, disc_weight 0.4000, disc_adaptive_weight 5.5402, d_loss 0.4016, logits_real -0.0229, logits_fake -0.0203,
Train Epoch: [6/30] Iters:[440/1093] gen_loss 0.2706, rec_loss 0.0112, lpips_loss 0.1362, g_loss 0.0204, disc_weight 0.4000, disc_adaptive_weight 6.0255, d_loss 0.4016, logits_real -0.0229, logits_fake -0.0204,
Train Epoch: [6/30] Iters:[450/1093] gen_loss 0.2809, rec_loss 0.0112, lpips_loss 0.1361, g_loss 0.0205, disc_weight 0.4000, disc_adaptive_weight 6.5121, d_loss 0.4016, logits_real -0.0230, logits_fake -0.0204,
Train Epoch: [6/30] Iters:[460/1093] gen_loss 0.2803, rec_loss 0.0112, lpips_loss 0.1356, g_loss 0.0207, disc_weight 0.4000, disc_adaptive_weight 6.4509, d_loss 0.4016, logits_real -0.0234, logits_fake -0.0207,
Train Epoch: [6/30] Iters:[470/1093] gen_loss 0.2815, rec_loss 0.0112, lpips_loss 0.1356, g_loss 0.0209, disc_weight 0.4000, disc_adaptive_weight 6.4503, d_loss 0.4016, logits_real -0.0235, logits_fake -0.0208,
Train Epoch: [6/30] Iters:[480/1093] gen_loss 0.2816, rec_loss 0.0113, lpips_loss 0.1358, g_loss 0.0211, disc_weight 0.4000, disc_adaptive_weight 6.3972, d_loss 0.4016, logits_real -0.0236, logits_fake -0.0209,
Train Epoch: [6/30] Iters:[490/1093] gen_loss 0.2720, rec_loss 0.0112, lpips_loss 0.1359, g_loss 0.0210, disc_weight 0.4000, disc_adaptive_weight 5.9419, d_loss 0.4016, logits_real -0.0235, logits_fake -0.0209,
Train Epoch: [6/30] Iters:[500/1093] gen_loss 0.2741, rec_loss 0.0114, lpips_loss 0.1360, g_loss 0.0208, disc_weight 0.4000, disc_adaptive_weight 6.0928, d_loss 0.4017, logits_real -0.0233, logits_fake -0.0206,
Train Epoch: [6/30] Iters:[510/1093] gen_loss 0.2756, rec_loss 0.0113, lpips_loss 0.1361, g_loss 0.0206, disc_weight 0.4000, disc_adaptive_weight 6.2326, d_loss 0.4016, logits_real -0.0230, logits_fake -0.0203,
Train Epoch: [6/30] Iters:[520/1093] gen_loss 0.2743, rec_loss 0.0113, lpips_loss 0.1359, g_loss 0.0204, disc_weight 0.4000, disc_adaptive_weight 6.2450, d_loss 0.4017, logits_real -0.0228, logits_fake -0.0201,
Train Epoch: [6/30] Iters:[530/1093] gen_loss 0.2746, rec_loss 0.0113, lpips_loss 0.1359, g_loss 0.0203, disc_weight 0.4000, disc_adaptive_weight 6.2922, d_loss 0.4017, logits_real -0.0229, logits_fake -0.0201,
Train Epoch: [6/30] Iters:[540/1093] gen_loss 0.2787, rec_loss 0.0114, lpips_loss 0.1357, g_loss 0.0205, disc_weight 0.4000, disc_adaptive_weight 6.4359, d_loss 0.4016, logits_real -0.0230, logits_fake -0.0204,
Train Epoch: [6/30] Iters:[550/1093] gen_loss 0.2781, rec_loss 0.0114, lpips_loss 0.1360, g_loss 0.0208, disc_weight 0.4000, disc_adaptive_weight 6.3021, d_loss 0.4016, logits_real -0.0233, logits_fake -0.0207,
Train Epoch: [6/30] Iters:[560/1093] gen_loss 0.2763, rec_loss 0.0113, lpips_loss 0.1358, g_loss 0.0207, disc_weight 0.4000, disc_adaptive_weight 6.2518, d_loss 0.4016, logits_real -0.0231, logits_fake -0.0207,
Train Epoch: [6/30] Iters:[570/1093] gen_loss 0.2746, rec_loss 0.0113, lpips_loss 0.1356, g_loss 0.0206, disc_weight 0.4000, disc_adaptive_weight 6.1990, d_loss 0.4015, logits_real -0.0229, logits_fake -0.0207,
Train Epoch: [6/30] Iters:[580/1093] gen_loss 0.2773, rec_loss 0.0114, lpips_loss 0.1355, g_loss 0.0202, disc_weight 0.4000, disc_adaptive_weight 6.4702, d_loss 0.4015, logits_real -0.0225, logits_fake -0.0205,
Train Epoch: [6/30] Iters:[590/1093] gen_loss 0.2718, rec_loss 0.0115, lpips_loss 0.1360, g_loss 0.0198, disc_weight 0.4000, disc_adaptive_weight 6.2760, d_loss 0.4015, logits_real -0.0218, logits_fake -0.0198,
Train Epoch: [6/30] Iters:[600/1093] gen_loss 0.2629, rec_loss 0.0113, lpips_loss 0.1355, g_loss 0.0192, disc_weight 0.4000, disc_adaptive_weight 6.0808, d_loss 0.4015, logits_real -0.0210, logits_fake -0.0192,
Train Epoch: [6/30] Iters:[610/1093] gen_loss 0.2534, rec_loss 0.0114, lpips_loss 0.1358, g_loss 0.0188, disc_weight 0.4000, disc_adaptive_weight 5.7171, d_loss 0.4015, logits_real -0.0208, logits_fake -0.0188,
Train Epoch: [6/30] Iters:[620/1093] gen_loss 0.2510, rec_loss 0.0115, lpips_loss 0.1360, g_loss 0.0184, disc_weight 0.4000, disc_adaptive_weight 5.6499, d_loss 0.4015, logits_real -0.0204, logits_fake -0.0183,
Train Epoch: [6/30] Iters:[630/1093] gen_loss 0.2463, rec_loss 0.0114, lpips_loss 0.1363, g_loss 0.0185, disc_weight 0.4000, disc_adaptive_weight 5.3626, d_loss 0.4016, logits_real -0.0204, logits_fake -0.0179,
Train Epoch: [6/30] Iters:[640/1093] gen_loss 0.2475, rec_loss 0.0113, lpips_loss 0.1360, g_loss 0.0181, disc_weight 0.4000, disc_adaptive_weight 5.5633, d_loss 0.4017, logits_real -0.0205, logits_fake -0.0178,
Train Epoch: [6/30] Iters:[650/1093] gen_loss 0.2440, rec_loss 0.0113, lpips_loss 0.1364, g_loss 0.0178, disc_weight 0.4000, disc_adaptive_weight 5.3984, d_loss 0.4017, logits_real -0.0204, logits_fake -0.0174,
Train Epoch: [6/30] Iters:[660/1093] gen_loss 0.2466, rec_loss 0.0112, lpips_loss 0.1359, g_loss 0.0178, disc_weight 0.4000, disc_adaptive_weight 5.5733, d_loss 0.4017, logits_real -0.0202, logits_fake -0.0172,
Train Epoch: [6/30] Iters:[670/1093] gen_loss 0.2509, rec_loss 0.0111, lpips_loss 0.1362, g_loss 0.0174, disc_weight 0.4000, disc_adaptive_weight 5.9294, d_loss 0.4017, logits_real -0.0201, logits_fake -0.0170,
Train Epoch: [6/30] Iters:[680/1093] gen_loss 0.2537, rec_loss 0.0112, lpips_loss 0.1359, g_loss 0.0171, disc_weight 0.4000, disc_adaptive_weight 6.2079, d_loss 0.4016, logits_real -0.0198, logits_fake -0.0169,
Train Epoch: [6/30] Iters:[690/1093] gen_loss 0.2504, rec_loss 0.0113, lpips_loss 0.1358, g_loss 0.0170, disc_weight 0.4000, disc_adaptive_weight 6.0714, d_loss 0.4016, logits_real -0.0197, logits_fake -0.0169,
Train Epoch: [6/30] Iters:[700/1093] gen_loss 0.2597, rec_loss 0.0113, lpips_loss 0.1354, g_loss 0.0171, disc_weight 0.4000, disc_adaptive_weight 6.5732, d_loss 0.4016, logits_real -0.0197, logits_fake -0.0171,
Train Epoch: [6/30] Iters:[710/1093] gen_loss 0.2588, rec_loss 0.0114, lpips_loss 0.1353, g_loss 0.0172, disc_weight 0.4000, disc_adaptive_weight 6.5087, d_loss 0.4016, logits_real -0.0197, logits_fake -0.0172,
Train Epoch: [6/30] Iters:[720/1093] gen_loss 0.2663, rec_loss 0.0114, lpips_loss 0.1356, g_loss 0.0176, disc_weight 0.4000, disc_adaptive_weight 6.7769, d_loss 0.4016, logits_real -0.0199, logits_fake -0.0174,
Train Epoch: [6/30] Iters:[730/1093] gen_loss 0.2715, rec_loss 0.0115, lpips_loss 0.1360, g_loss 0.0178, disc_weight 0.4000, disc_adaptive_weight 6.9378, d_loss 0.4016, logits_real -0.0201, logits_fake -0.0174,
Train Epoch: [6/30] Iters:[740/1093] gen_loss 0.2750, rec_loss 0.0115, lpips_loss 0.1363, g_loss 0.0181, disc_weight 0.4000, disc_adaptive_weight 7.0140, d_loss 0.4016, logits_real -0.0203, logits_fake -0.0177,
Train Epoch: [6/30] Iters:[750/1093] gen_loss 0.2737, rec_loss 0.0114, lpips_loss 0.1363, g_loss 0.0184, disc_weight 0.4000, disc_adaptive_weight 6.8273, d_loss 0.4016, logits_real -0.0208, logits_fake -0.0181,
Train Epoch: [6/30] Iters:[760/1093] gen_loss 0.2732, rec_loss 0.0114, lpips_loss 0.1365, g_loss 0.0188, disc_weight 0.4000, disc_adaptive_weight 6.6690, d_loss 0.4016, logits_real -0.0213, logits_fake -0.0187,
Train Epoch: [6/30] Iters:[770/1093] gen_loss 0.2620, rec_loss 0.0112, lpips_loss 0.1360, g_loss 0.0190, disc_weight 0.4000, disc_adaptive_weight 6.0323, d_loss 0.4016, logits_real -0.0217, logits_fake -0.0190,
Train Epoch: [6/30] Iters:[780/1093] gen_loss 0.2585, rec_loss 0.0111, lpips_loss 0.1352, g_loss 0.0192, disc_weight 0.4000, disc_adaptive_weight 5.8246, d_loss 0.4015, logits_real -0.0219, logits_fake -0.0193,
Train Epoch: [6/30] Iters:[790/1093] gen_loss 0.2566, rec_loss 0.0110, lpips_loss 0.1352, g_loss 0.0192, disc_weight 0.4000, disc_adaptive_weight 5.7368, d_loss 0.4015, logits_real -0.0218, logits_fake -0.0193,
Train Epoch: [6/30] Iters:[800/1093] gen_loss 0.2527, rec_loss 0.0111, lpips_loss 0.1354, g_loss 0.0191, disc_weight 0.4000, disc_adaptive_weight 5.5275, d_loss 0.4015, logits_real -0.0217, logits_fake -0.0193,
Train Epoch: [6/30] Iters:[810/1093] gen_loss 0.2616, rec_loss 0.0110, lpips_loss 0.1353, g_loss 0.0190, disc_weight 0.4000, disc_adaptive_weight 6.0593, d_loss 0.4015, logits_real -0.0216, logits_fake -0.0191,
Train Epoch: [6/30] Iters:[820/1093] gen_loss 0.2664, rec_loss 0.0112, lpips_loss 0.1353, g_loss 0.0190, disc_weight 0.4000, disc_adaptive_weight 6.2821, d_loss 0.4015, logits_real -0.0215, logits_fake -0.0190,
Train Epoch: [6/30] Iters:[830/1093] gen_loss 0.2615, rec_loss 0.0112, lpips_loss 0.1350, g_loss 0.0189, disc_weight 0.4000, disc_adaptive_weight 6.0818, d_loss 0.4015, logits_real -0.0214, logits_fake -0.0189,
Train Epoch: [6/30] Iters:[840/1093] gen_loss 0.2664, rec_loss 0.0112, lpips_loss 0.1347, g_loss 0.0189, disc_weight 0.4000, disc_adaptive_weight 6.3436, d_loss 0.4015, logits_real -0.0215, logits_fake -0.0189,
Train Epoch: [6/30] Iters:[850/1093] gen_loss 0.2647, rec_loss 0.0112, lpips_loss 0.1342, g_loss 0.0188, disc_weight 0.4000, disc_adaptive_weight 6.3222, d_loss 0.4015, logits_real -0.0215, logits_fake -0.0188,
Train Epoch: [6/30] Iters:[860/1093] gen_loss 0.2558, rec_loss 0.0112, lpips_loss 0.1343, g_loss 0.0189, disc_weight 0.4000, disc_adaptive_weight 5.8424, d_loss 0.4015, logits_real -0.0212, logits_fake -0.0186,
Train Epoch: [6/30] Iters:[870/1093] gen_loss 0.2497, rec_loss 0.0111, lpips_loss 0.1343, g_loss 0.0186, disc_weight 0.4000, disc_adaptive_weight 5.5984, d_loss 0.4015, logits_real -0.0209, logits_fake -0.0185,
Train Epoch: [6/30] Iters:[880/1093] gen_loss 0.2481, rec_loss 0.0112, lpips_loss 0.1351, g_loss 0.0187, disc_weight 0.4000, disc_adaptive_weight 5.4519, d_loss 0.4015, logits_real -0.0210, logits_fake -0.0186,
Train Epoch: [6/30] Iters:[890/1093] gen_loss 0.2452, rec_loss 0.0112, lpips_loss 0.1354, g_loss 0.0189, disc_weight 0.4000, disc_adaptive_weight 5.2197, d_loss 0.4015, logits_real -0.0212, logits_fake -0.0188,
Train Epoch: [6/30] Iters:[900/1093] gen_loss 0.2456, rec_loss 0.0111, lpips_loss 0.1354, g_loss 0.0193, disc_weight 0.4000, disc_adaptive_weight 5.1499, d_loss 0.4015, logits_real -0.0216, logits_fake -0.0192,
Train Epoch: [6/30] Iters:[910/1093] gen_loss 0.2480, rec_loss 0.0112, lpips_loss 0.1352, g_loss 0.0196, disc_weight 0.4000, disc_adaptive_weight 5.1872, d_loss 0.4015, logits_real -0.0220, logits_fake -0.0196,
Train Epoch: [6/30] Iters:[920/1093] gen_loss 0.2572, rec_loss 0.0112, lpips_loss 0.1348, g_loss 0.0201, disc_weight 0.4000, disc_adaptive_weight 5.5384, d_loss 0.4015, logits_real -0.0224, logits_fake -0.0200,
Train Epoch: [6/30] Iters:[930/1093] gen_loss 0.2641, rec_loss 0.0112, lpips_loss 0.1348, g_loss 0.0204, disc_weight 0.4000, disc_adaptive_weight 5.7823, d_loss 0.4015, logits_real -0.0228, logits_fake -0.0203,
Train Epoch: [6/30] Iters:[940/1093] gen_loss 0.2715, rec_loss 0.0112, lpips_loss 0.1346, g_loss 0.0205, disc_weight 0.4000, disc_adaptive_weight 6.1157, d_loss 0.4015, logits_real -0.0228, logits_fake -0.0203,
Train Epoch: [6/30] Iters:[950/1093] gen_loss 0.2771, rec_loss 0.0115, lpips_loss 0.1359, g_loss 0.0203, disc_weight 0.4000, disc_adaptive_weight 6.3736, d_loss 0.4015, logits_real -0.0225, logits_fake -0.0201,
Train Epoch: [6/30] Iters:[960/1093] gen_loss 0.2787, rec_loss 0.0115, lpips_loss 0.1359, g_loss 0.0200, disc_weight 0.4000, disc_adaptive_weight 6.5618, d_loss 0.4015, logits_real -0.0220, logits_fake -0.0198,
Train Epoch: [6/30] Iters:[970/1093] gen_loss 0.2742, rec_loss 0.0116, lpips_loss 0.1366, g_loss 0.0196, disc_weight 0.4000, disc_adaptive_weight 6.4287, d_loss 0.4015, logits_real -0.0218, logits_fake -0.0193,
Train Epoch: [6/30] Iters:[980/1093] gen_loss 0.2659, rec_loss 0.0115, lpips_loss 0.1358, g_loss 0.0189, disc_weight 0.4000, disc_adaptive_weight 6.2367, d_loss 0.4015, logits_real -0.0212, logits_fake -0.0187,
Train Epoch: [6/30] Iters:[990/1093] gen_loss 0.2589, rec_loss 0.0115, lpips_loss 0.1355, g_loss 0.0184, disc_weight 0.4000, disc_adaptive_weight 6.0836, d_loss 0.4015, logits_real -0.0208, logits_fake -0.0183,
Train Epoch: [6/30] Iters:[1000/1093] gen_loss 0.2559, rec_loss 0.0113, lpips_loss 0.1347, g_loss 0.0185, disc_weight 0.4000, disc_adaptive_weight 5.9547, d_loss 0.4015, logits_real -0.0208, logits_fake -0.0183,
Train Epoch: [6/30] Iters:[1010/1093] gen_loss 0.2507, rec_loss 0.0112, lpips_loss 0.1347, g_loss 0.0189, disc_weight 0.4000, disc_adaptive_weight 5.5788, d_loss 0.4015, logits_real -0.0212, logits_fake -0.0187,
Train Epoch: [6/30] Iters:[1020/1093] gen_loss 0.2549, rec_loss 0.0111, lpips_loss 0.1342, g_loss 0.0194, disc_weight 0.4000, disc_adaptive_weight 5.6756, d_loss 0.4015, logits_real -0.0216, logits_fake -0.0193,
Train Epoch: [6/30] Iters:[1030/1093] gen_loss 0.2661, rec_loss 0.0112, lpips_loss 0.1350, g_loss 0.0200, disc_weight 0.4000, disc_adaptive_weight 6.0092, d_loss 0.4014, logits_real -0.0222, logits_fake -0.0199,
Train Epoch: [6/30] Iters:[1040/1093] gen_loss 0.2674, rec_loss 0.0112, lpips_loss 0.1350, g_loss 0.0207, disc_weight 0.4000, disc_adaptive_weight 5.8429, d_loss 0.4015, logits_real -0.0230, logits_fake -0.0207,
Train Epoch: [6/30] Iters:[1050/1093] gen_loss 0.2736, rec_loss 0.0113, lpips_loss 0.1352, g_loss 0.0211, disc_weight 0.4000, disc_adaptive_weight 6.0429, d_loss 0.4015, logits_real -0.0235, logits_fake -0.0210,
Train Epoch: [6/30] Iters:[1060/1093] gen_loss 0.2786, rec_loss 0.0112, lpips_loss 0.1351, g_loss 0.0211, disc_weight 0.4000, disc_adaptive_weight 6.2926, d_loss 0.4015, logits_real -0.0236, logits_fake -0.0211,
Train Epoch: [6/30] Iters:[1070/1093] gen_loss 0.2741, rec_loss 0.0113, lpips_loss 0.1350, g_loss 0.0210, disc_weight 0.4000, disc_adaptive_weight 6.0984, d_loss 0.4015, logits_real -0.0235, logits_fake -0.0210,
Train Epoch: [6/30] Iters:[1080/1093] gen_loss 0.2627, rec_loss 0.0112, lpips_loss 0.1345, g_loss 0.0207, disc_weight 0.4000, disc_adaptive_weight 5.6700, d_loss 0.4014, logits_real -0.0232, logits_fake -0.0209,
Train Epoch: [6/30] Iters:[1090/1093] gen_loss 0.2636, rec_loss 0.0111, lpips_loss 0.1344, g_loss 0.0202, disc_weight 0.4000, disc_adaptive_weight 5.8654, d_loss 0.4014, logits_real -0.0227, logits_fake -0.0204,
epoch:7, cur_lr:0.000010
Train Epoch: [7/30] Iters:[10/1093] gen_loss 0.2715, rec_loss 0.0109, lpips_loss 0.1362, g_loss 0.0203, disc_weight 0.4000, disc_adaptive_weight 6.1204, d_loss 0.4014, logits_real -0.0226, logits_fake -0.0206,
Train Epoch: [7/30] Iters:[20/1093] gen_loss 0.2575, rec_loss 0.0109, lpips_loss 0.1352, g_loss 0.0201, disc_weight 0.4000, disc_adaptive_weight 5.5410, d_loss 0.4014, logits_real -0.0226, logits_fake -0.0205,
Train Epoch: [7/30] Iters:[30/1093] gen_loss 0.2631, rec_loss 0.0112, lpips_loss 0.1355, g_loss 0.0200, disc_weight 0.4000, disc_adaptive_weight 5.8259, d_loss 0.4015, logits_real -0.0228, logits_fake -0.0203,
Train Epoch: [7/30] Iters:[40/1093] gen_loss 0.2613, rec_loss 0.0112, lpips_loss 0.1353, g_loss 0.0199, disc_weight 0.4000, disc_adaptive_weight 5.7785, d_loss 0.4015, logits_real -0.0225, logits_fake -0.0200,
Train Epoch: [7/30] Iters:[50/1093] gen_loss 0.2595, rec_loss 0.0112, lpips_loss 0.1356, g_loss 0.0196, disc_weight 0.4000, disc_adaptive_weight 5.7698, d_loss 0.4015, logits_real -0.0222, logits_fake -0.0196,
Train Epoch: [7/30] Iters:[60/1093] gen_loss 0.2546, rec_loss 0.0112, lpips_loss 0.1350, g_loss 0.0194, disc_weight 0.4000, disc_adaptive_weight 5.6071, d_loss 0.4015, logits_real -0.0219, logits_fake -0.0193,
Train Epoch: [7/30] Iters:[70/1093] gen_loss 0.2550, rec_loss 0.0112, lpips_loss 0.1354, g_loss 0.0189, disc_weight 0.4000, disc_adaptive_weight 5.7223, d_loss 0.4015, logits_real -0.0215, logits_fake -0.0188,
Train Epoch: [7/30] Iters:[80/1093] gen_loss 0.2476, rec_loss 0.0112, lpips_loss 0.1354, g_loss 0.0184, disc_weight 0.4000, disc_adaptive_weight 5.5009, d_loss 0.4015, logits_real -0.0207, logits_fake -0.0182,
Train Epoch: [7/30] Iters:[90/1093] gen_loss 0.2475, rec_loss 0.0112, lpips_loss 0.1353, g_loss 0.0182, disc_weight 0.4000, disc_adaptive_weight 5.5417, d_loss 0.4014, logits_real -0.0204, logits_fake -0.0180,
Train Epoch: [7/30] Iters:[100/1093] gen_loss 0.2511, rec_loss 0.0112, lpips_loss 0.1348, g_loss 0.0183, disc_weight 0.4000, disc_adaptive_weight 5.7585, d_loss 0.4014, logits_real -0.0203, logits_fake -0.0182,
Train Epoch: [7/30] Iters:[110/1093] gen_loss 0.2519, rec_loss 0.0113, lpips_loss 0.1348, g_loss 0.0181, disc_weight 0.4000, disc_adaptive_weight 5.8127, d_loss 0.4014, logits_real -0.0205, logits_fake -0.0182,
Train Epoch: [7/30] Iters:[120/1093] gen_loss 0.2599, rec_loss 0.0113, lpips_loss 0.1349, g_loss 0.0184, disc_weight 0.4000, disc_adaptive_weight 6.1615, d_loss 0.4015, logits_real -0.0209, logits_fake -0.0185,
Train Epoch: [7/30] Iters:[130/1093] gen_loss 0.2651, rec_loss 0.0113, lpips_loss 0.1345, g_loss 0.0189, disc_weight 0.4000, disc_adaptive_weight 6.2932, d_loss 0.4015, logits_real -0.0215, logits_fake -0.0190,
Train Epoch: [7/30] Iters:[140/1093] gen_loss 0.2655, rec_loss 0.0113, lpips_loss 0.1347, g_loss 0.0192, disc_weight 0.4000, disc_adaptive_weight 6.2518, d_loss 0.4015, logits_real -0.0220, logits_fake -0.0193,
Train Epoch: [7/30] Iters:[150/1093] gen_loss 0.2586, rec_loss 0.0114, lpips_loss 0.1348, g_loss 0.0194, disc_weight 0.4000, disc_adaptive_weight 5.8044, d_loss 0.4015, logits_real -0.0222, logits_fake -0.0193,
Train Epoch: [7/30] Iters:[160/1093] gen_loss 0.2574, rec_loss 0.0113, lpips_loss 0.1349, g_loss 0.0195, disc_weight 0.4000, disc_adaptive_weight 5.7419, d_loss 0.4015, logits_real -0.0219, logits_fake -0.0194,
Train Epoch: [7/30] Iters:[170/1093] gen_loss 0.2542, rec_loss 0.0112, lpips_loss 0.1342, g_loss 0.0195, disc_weight 0.4000, disc_adaptive_weight 5.5929, d_loss 0.4014, logits_real -0.0218, logits_fake -0.0193,
Train Epoch: [7/30] Iters:[180/1093] gen_loss 0.2533, rec_loss 0.0111, lpips_loss 0.1343, g_loss 0.0192, disc_weight 0.4000, disc_adaptive_weight 5.6222, d_loss 0.4014, logits_real -0.0216, logits_fake -0.0191,
Train Epoch: [7/30] Iters:[190/1093] gen_loss 0.2496, rec_loss 0.0111, lpips_loss 0.1342, g_loss 0.0190, disc_weight 0.4000, disc_adaptive_weight 5.4983, d_loss 0.4014, logits_real -0.0212, logits_fake -0.0190,
Train Epoch: [7/30] Iters:[200/1093] gen_loss 0.2517, rec_loss 0.0111, lpips_loss 0.1345, g_loss 0.0187, disc_weight 0.4000, disc_adaptive_weight 5.6422, d_loss 0.4014, logits_real -0.0211, logits_fake -0.0189,
Train Epoch: [7/30] Iters:[210/1093] gen_loss 0.2567, rec_loss 0.0112, lpips_loss 0.1350, g_loss 0.0188, disc_weight 0.4000, disc_adaptive_weight 5.8434, d_loss 0.4014, logits_real -0.0212, logits_fake -0.0190,
Train Epoch: [7/30] Iters:[220/1093] gen_loss 0.2497, rec_loss 0.0113, lpips_loss 0.1351, g_loss 0.0188, disc_weight 0.4000, disc_adaptive_weight 5.4617, d_loss 0.4014, logits_real -0.0213, logits_fake -0.0191,
Train Epoch: [7/30] Iters:[230/1093] gen_loss 0.2488, rec_loss 0.0114, lpips_loss 0.1354, g_loss 0.0191, disc_weight 0.4000, disc_adaptive_weight 5.3149, d_loss 0.4013, logits_real -0.0215, logits_fake -0.0195,
Train Epoch: [7/30] Iters:[240/1093] gen_loss 0.2539, rec_loss 0.0114, lpips_loss 0.1358, g_loss 0.0194, disc_weight 0.4000, disc_adaptive_weight 5.4930, d_loss 0.4013, logits_real -0.0219, logits_fake -0.0199,
Train Epoch: [7/30] Iters:[250/1093] gen_loss 0.2537, rec_loss 0.0113, lpips_loss 0.1355, g_loss 0.0197, disc_weight 0.4000, disc_adaptive_weight 5.4080, d_loss 0.4014, logits_real -0.0223, logits_fake -0.0201,
Train Epoch: [7/30] Iters:[260/1093] gen_loss 0.2512, rec_loss 0.0113, lpips_loss 0.1353, g_loss 0.0196, disc_weight 0.4000, disc_adaptive_weight 5.3316, d_loss 0.4014, logits_real -0.0222, logits_fake -0.0199,
Train Epoch: [7/30] Iters:[270/1093] gen_loss 0.2602, rec_loss 0.0113, lpips_loss 0.1355, g_loss 0.0197, disc_weight 0.4000, disc_adaptive_weight 5.7438, d_loss 0.4014, logits_real -0.0221, logits_fake -0.0198,
Train Epoch: [7/30] Iters:[280/1093] gen_loss 0.2596, rec_loss 0.0112, lpips_loss 0.1357, g_loss 0.0196, disc_weight 0.4000, disc_adaptive_weight 5.7607, d_loss 0.4014, logits_real -0.0221, logits_fake -0.0197,
Train Epoch: [7/30] Iters:[290/1093] gen_loss 0.2568, rec_loss 0.0113, lpips_loss 0.1355, g_loss 0.0192, disc_weight 0.4000, disc_adaptive_weight 5.7302, d_loss 0.4014, logits_real -0.0217, logits_fake -0.0192,
Train Epoch: [7/30] Iters:[300/1093] gen_loss 0.2616, rec_loss 0.0115, lpips_loss 0.1358, g_loss 0.0189, disc_weight 0.4000, disc_adaptive_weight 6.0463, d_loss 0.4014, logits_real -0.0214, logits_fake -0.0189,
Train Epoch: [7/30] Iters:[310/1093] gen_loss 0.2675, rec_loss 0.0115, lpips_loss 0.1358, g_loss 0.0190, disc_weight 0.4000, disc_adaptive_weight 6.3250, d_loss 0.4014, logits_real -0.0214, logits_fake -0.0188,
Train Epoch: [7/30] Iters:[320/1093] gen_loss 0.2584, rec_loss 0.0114, lpips_loss 0.1358, g_loss 0.0187, disc_weight 0.4000, disc_adaptive_weight 5.9294, d_loss 0.4014, logits_real -0.0213, logits_fake -0.0187,
Train Epoch: [7/30] Iters:[330/1093] gen_loss 0.2581, rec_loss 0.0114, lpips_loss 0.1355, g_loss 0.0186, disc_weight 0.4000, disc_adaptive_weight 5.9482, d_loss 0.4014, logits_real -0.0211, logits_fake -0.0185,
Train Epoch: [7/30] Iters:[340/1093] gen_loss 0.2570, rec_loss 0.0113, lpips_loss 0.1349, g_loss 0.0188, disc_weight 0.4000, disc_adaptive_weight 5.8834, d_loss 0.4014, logits_real -0.0210, logits_fake -0.0185,
Train Epoch: [7/30] Iters:[350/1093] gen_loss 0.2518, rec_loss 0.0111, lpips_loss 0.1347, g_loss 0.0187, disc_weight 0.4000, disc_adaptive_weight 5.6587, d_loss 0.4014, logits_real -0.0209, logits_fake -0.0184,
Train Epoch: [7/30] Iters:[360/1093] gen_loss 0.2483, rec_loss 0.0111, lpips_loss 0.1347, g_loss 0.0185, disc_weight 0.4000, disc_adaptive_weight 5.5425, d_loss 0.4014, logits_real -0.0207, logits_fake -0.0183,
Train Epoch: [7/30] Iters:[370/1093] gen_loss 0.2541, rec_loss 0.0112, lpips_loss 0.1351, g_loss 0.0186, disc_weight 0.4000, disc_adaptive_weight 5.7915, d_loss 0.4014, logits_real -0.0208, logits_fake -0.0183,
Train Epoch: [7/30] Iters:[380/1093] gen_loss 0.2554, rec_loss 0.0112, lpips_loss 0.1350, g_loss 0.0187, disc_weight 0.4000, disc_adaptive_weight 5.8468, d_loss 0.4014, logits_real -0.0210, logits_fake -0.0184,
Train Epoch: [7/30] Iters:[390/1093] gen_loss 0.2571, rec_loss 0.0113, lpips_loss 0.1354, g_loss 0.0186, disc_weight 0.4000, disc_adaptive_weight 5.9129, d_loss 0.4014, logits_real -0.0209, logits_fake -0.0184,
Train Epoch: [7/30] Iters:[400/1093] gen_loss 0.2604, rec_loss 0.0114, lpips_loss 0.1354, g_loss 0.0188, disc_weight 0.4000, disc_adaptive_weight 6.0517, d_loss 0.4014, logits_real -0.0208, logits_fake -0.0185,
Train Epoch: [7/30] Iters:[410/1093] gen_loss 0.2575, rec_loss 0.0113, lpips_loss 0.1350, g_loss 0.0188, disc_weight 0.4000, disc_adaptive_weight 5.9247, d_loss 0.4014, logits_real -0.0210, logits_fake -0.0185,
Train Epoch: [7/30] Iters:[420/1093] gen_loss 0.2535, rec_loss 0.0113, lpips_loss 0.1346, g_loss 0.0185, disc_weight 0.4000, disc_adaptive_weight 5.7979, d_loss 0.4014, logits_real -0.0208, logits_fake -0.0184,
Train Epoch: [7/30] Iters:[430/1093] gen_loss 0.2564, rec_loss 0.0113, lpips_loss 0.1345, g_loss 0.0183, disc_weight 0.4000, disc_adaptive_weight 6.0520, d_loss 0.4014, logits_real -0.0206, logits_fake -0.0182,
Train Epoch: [7/30] Iters:[440/1093] gen_loss 0.2529, rec_loss 0.0112, lpips_loss 0.1341, g_loss 0.0182, disc_weight 0.4000, disc_adaptive_weight 5.9063, d_loss 0.4014, logits_real -0.0206, logits_fake -0.0181,
Train Epoch: [7/30] Iters:[450/1093] gen_loss 0.2555, rec_loss 0.0113, lpips_loss 0.1345, g_loss 0.0181, disc_weight 0.4000, disc_adaptive_weight 6.0617, d_loss 0.4014, logits_real -0.0207, logits_fake -0.0180,
Train Epoch: [7/30] Iters:[460/1093] gen_loss 0.2554, rec_loss 0.0113, lpips_loss 0.1349, g_loss 0.0182, disc_weight 0.4000, disc_adaptive_weight 5.9945, d_loss 0.4014, logits_real -0.0206, logits_fake -0.0182,
Train Epoch: [7/30] Iters:[470/1093] gen_loss 0.2584, rec_loss 0.0113, lpips_loss 0.1349, g_loss 0.0184, disc_weight 0.4000, disc_adaptive_weight 6.1192, d_loss 0.4013, logits_real -0.0207, logits_fake -0.0184,
Train Epoch: [7/30] Iters:[480/1093] gen_loss 0.2519, rec_loss 0.0113, lpips_loss 0.1351, g_loss 0.0185, disc_weight 0.4000, disc_adaptive_weight 5.6968, d_loss 0.4014, logits_real -0.0208, logits_fake -0.0184,
Train Epoch: [7/30] Iters:[490/1093] gen_loss 0.2515, rec_loss 0.0114, lpips_loss 0.1355, g_loss 0.0182, disc_weight 0.4000, disc_adaptive_weight 5.7304, d_loss 0.4014, logits_real -0.0205, logits_fake -0.0181,
Train Epoch: [7/30] Iters:[500/1093] gen_loss 0.2444, rec_loss 0.0113, lpips_loss 0.1352, g_loss 0.0179, disc_weight 0.4000, disc_adaptive_weight 5.4577, d_loss 0.4013, logits_real -0.0202, logits_fake -0.0179,
Train Epoch: [7/30] Iters:[510/1093] gen_loss 0.2443, rec_loss 0.0112, lpips_loss 0.1350, g_loss 0.0176, disc_weight 0.4000, disc_adaptive_weight 5.5753, d_loss 0.4013, logits_real -0.0199, logits_fake -0.0176,
Train Epoch: [7/30] Iters:[520/1093] gen_loss 0.2469, rec_loss 0.0112, lpips_loss 0.1353, g_loss 0.0175, disc_weight 0.4000, disc_adaptive_weight 5.7369, d_loss 0.4013, logits_real -0.0197, logits_fake -0.0174,
Train Epoch: [7/30] Iters:[530/1093] gen_loss 0.2555, rec_loss 0.0112, lpips_loss 0.1351, g_loss 0.0175, disc_weight 0.4000, disc_adaptive_weight 6.2025, d_loss 0.4013, logits_real -0.0197, logits_fake -0.0175,
Train Epoch: [7/30] Iters:[540/1093] gen_loss 0.2619, rec_loss 0.0112, lpips_loss 0.1350, g_loss 0.0179, disc_weight 0.4000, disc_adaptive_weight 6.4476, d_loss 0.4013, logits_real -0.0202, logits_fake -0.0180,
Train Epoch: [7/30] Iters:[550/1093] gen_loss 0.2643, rec_loss 0.0111, lpips_loss 0.1351, g_loss 0.0183, disc_weight 0.4000, disc_adaptive_weight 6.4676, d_loss 0.4013, logits_real -0.0206, logits_fake -0.0182,
Train Epoch: [7/30] Iters:[560/1093] gen_loss 0.2635, rec_loss 0.0112, lpips_loss 0.1356, g_loss 0.0183, disc_weight 0.4000, disc_adaptive_weight 6.3781, d_loss 0.4013, logits_real -0.0205, logits_fake -0.0181,
Train Epoch: [7/30] Iters:[570/1093] gen_loss 0.2566, rec_loss 0.0112, lpips_loss 0.1350, g_loss 0.0182, disc_weight 0.4000, disc_adaptive_weight 6.0473, d_loss 0.4014, logits_real -0.0206, logits_fake -0.0181,
Train Epoch: [7/30] Iters:[580/1093] gen_loss 0.2473, rec_loss 0.0112, lpips_loss 0.1352, g_loss 0.0179, disc_weight 0.4000, disc_adaptive_weight 5.6178, d_loss 0.4013, logits_real -0.0202, logits_fake -0.0180,
Train Epoch: [7/30] Iters:[590/1093] gen_loss 0.2444, rec_loss 0.0113, lpips_loss 0.1356, g_loss 0.0175, disc_weight 0.4000, disc_adaptive_weight 5.5781, d_loss 0.4013, logits_real -0.0197, logits_fake -0.0176,
Train Epoch: [7/30] Iters:[600/1093] gen_loss 0.2423, rec_loss 0.0113, lpips_loss 0.1355, g_loss 0.0171, disc_weight 0.4000, disc_adaptive_weight 5.5928, d_loss 0.4013, logits_real -0.0194, logits_fake -0.0173,
Train Epoch: [7/30] Iters:[610/1093] gen_loss 0.2431, rec_loss 0.0113, lpips_loss 0.1351, g_loss 0.0169, disc_weight 0.4000, disc_adaptive_weight 5.7258, d_loss 0.4013, logits_real -0.0195, logits_fake -0.0172,
Train Epoch: [7/30] Iters:[620/1093] gen_loss 0.2431, rec_loss 0.0112, lpips_loss 0.1351, g_loss 0.0166, disc_weight 0.4000, disc_adaptive_weight 5.8388, d_loss 0.4014, logits_real -0.0190, logits_fake -0.0167,
Train Epoch: [7/30] Iters:[630/1093] gen_loss 0.2445, rec_loss 0.0112, lpips_loss 0.1349, g_loss 0.0161, disc_weight 0.4000, disc_adaptive_weight 6.1193, d_loss 0.4014, logits_real -0.0187, logits_fake -0.0163,
Train Epoch: [7/30] Iters:[640/1093] gen_loss 0.2407, rec_loss 0.0112, lpips_loss 0.1344, g_loss 0.0159, disc_weight 0.4000, disc_adaptive_weight 5.9821, d_loss 0.4014, logits_real -0.0184, logits_fake -0.0160,
Train Epoch: [7/30] Iters:[650/1093] gen_loss 0.2436, rec_loss 0.0112, lpips_loss 0.1346, g_loss 0.0158, disc_weight 0.4000, disc_adaptive_weight 6.1795, d_loss 0.4014, logits_real -0.0182, logits_fake -0.0157,
Train Epoch: [7/30] Iters:[660/1093] gen_loss 0.2417, rec_loss 0.0113, lpips_loss 0.1348, g_loss 0.0157, disc_weight 0.4000, disc_adaptive_weight 6.0726, d_loss 0.4013, logits_real -0.0180, logits_fake -0.0157,
Train Epoch: [7/30] Iters:[670/1093] gen_loss 0.2431, rec_loss 0.0113, lpips_loss 0.1347, g_loss 0.0161, disc_weight 0.4000, disc_adaptive_weight 6.0606, d_loss 0.4013, logits_real -0.0183, logits_fake -0.0160,
Train Epoch: [7/30] Iters:[680/1093] gen_loss 0.2415, rec_loss 0.0111, lpips_loss 0.1348, g_loss 0.0166, disc_weight 0.4000, disc_adaptive_weight 5.7597, d_loss 0.4014, logits_real -0.0187, logits_fake -0.0163,
Train Epoch: [7/30] Iters:[690/1093] gen_loss 0.2407, rec_loss 0.0110, lpips_loss 0.1344, g_loss 0.0170, disc_weight 0.4000, disc_adaptive_weight 5.6186, d_loss 0.4014, logits_real -0.0192, logits_fake -0.0167,
Train Epoch: [7/30] Iters:[700/1093] gen_loss 0.2414, rec_loss 0.0112, lpips_loss 0.1352, g_loss 0.0174, disc_weight 0.4000, disc_adaptive_weight 5.4546, d_loss 0.4013, logits_real -0.0196, logits_fake -0.0172,
Train Epoch: [7/30] Iters:[710/1093] gen_loss 0.2371, rec_loss 0.0111, lpips_loss 0.1348, g_loss 0.0177, disc_weight 0.4000, disc_adaptive_weight 5.1629, d_loss 0.4013, logits_real -0.0198, logits_fake -0.0174,
Train Epoch: [7/30] Iters:[720/1093] gen_loss 0.2383, rec_loss 0.0111, lpips_loss 0.1348, g_loss 0.0177, disc_weight 0.4000, disc_adaptive_weight 5.2234, d_loss 0.4013, logits_real -0.0199, logits_fake -0.0176,
Train Epoch: [7/30] Iters:[730/1093] gen_loss 0.2368, rec_loss 0.0111, lpips_loss 0.1345, g_loss 0.0175, disc_weight 0.4000, disc_adaptive_weight 5.2130, d_loss 0.4013, logits_real -0.0199, logits_fake -0.0177,
Train Epoch: [7/30] Iters:[740/1093] gen_loss 0.2406, rec_loss 0.0112, lpips_loss 0.1349, g_loss 0.0171, disc_weight 0.4000, disc_adaptive_weight 5.5361, d_loss 0.4012, logits_real -0.0194, logits_fake -0.0173,
Train Epoch: [7/30] Iters:[750/1093] gen_loss 0.2392, rec_loss 0.0110, lpips_loss 0.1343, g_loss 0.0166, disc_weight 0.4000, disc_adaptive_weight 5.6761, d_loss 0.4013, logits_real -0.0189, logits_fake -0.0167,
Train Epoch: [7/30] Iters:[760/1093] gen_loss 0.2399, rec_loss 0.0110, lpips_loss 0.1346, g_loss 0.0162, disc_weight 0.4000, disc_adaptive_weight 5.8135, d_loss 0.4013, logits_real -0.0186, logits_fake -0.0164,
Train Epoch: [7/30] Iters:[770/1093] gen_loss 0.2374, rec_loss 0.0111, lpips_loss 0.1350, g_loss 0.0159, disc_weight 0.4000, disc_adaptive_weight 5.7654, d_loss 0.4013, logits_real -0.0182, logits_fake -0.0160,
Train Epoch: [7/30] Iters:[780/1093] gen_loss 0.2406, rec_loss 0.0112, lpips_loss 0.1351, g_loss 0.0156, disc_weight 0.4000, disc_adaptive_weight 6.0344, d_loss 0.4013, logits_real -0.0179, logits_fake -0.0157,
Train Epoch: [7/30] Iters:[790/1093] gen_loss 0.2421, rec_loss 0.0112, lpips_loss 0.1357, g_loss 0.0156, disc_weight 0.4000, disc_adaptive_weight 6.1191, d_loss 0.4013, logits_real -0.0180, logits_fake -0.0156,
Train Epoch: [7/30] Iters:[800/1093] gen_loss 0.2403, rec_loss 0.0112, lpips_loss 0.1354, g_loss 0.0155, disc_weight 0.4000, disc_adaptive_weight 6.0306, d_loss 0.4013, logits_real -0.0180, logits_fake -0.0158,
Train Epoch: [7/30] Iters:[810/1093] gen_loss 0.2421, rec_loss 0.0113, lpips_loss 0.1357, g_loss 0.0155, disc_weight 0.4000, disc_adaptive_weight 6.1413, d_loss 0.4013, logits_real -0.0179, logits_fake -0.0158,
Train Epoch: [7/30] Iters:[820/1093] gen_loss 0.2411, rec_loss 0.0112, lpips_loss 0.1354, g_loss 0.0155, disc_weight 0.4000, disc_adaptive_weight 6.1156, d_loss 0.4013, logits_real -0.0179, logits_fake -0.0157,
Train Epoch: [7/30] Iters:[830/1093] gen_loss 0.2369, rec_loss 0.0112, lpips_loss 0.1353, g_loss 0.0153, disc_weight 0.4000, disc_adaptive_weight 5.9230, d_loss 0.4013, logits_real -0.0177, logits_fake -0.0156,
Train Epoch: [7/30] Iters:[840/1093] gen_loss 0.2300, rec_loss 0.0111, lpips_loss 0.1349, g_loss 0.0151, disc_weight 0.4000, disc_adaptive_weight 5.5543, d_loss 0.4013, logits_real -0.0177, logits_fake -0.0156,
Train Epoch: [7/30] Iters:[850/1093] gen_loss 0.2284, rec_loss 0.0109, lpips_loss 0.1348, g_loss 0.0149, disc_weight 0.4000, disc_adaptive_weight 5.5480, d_loss 0.4013, logits_real -0.0177, logits_fake -0.0156,
Train Epoch: [7/30] Iters:[860/1093] gen_loss 0.2271, rec_loss 0.0109, lpips_loss 0.1344, g_loss 0.0148, disc_weight 0.4000, disc_adaptive_weight 5.5411, d_loss 0.4013, logits_real -0.0175, logits_fake -0.0153,
Train Epoch: [7/30] Iters:[870/1093] gen_loss 0.2291, rec_loss 0.0109, lpips_loss 0.1344, g_loss 0.0145, disc_weight 0.4000, disc_adaptive_weight 5.7654, d_loss 0.4013, logits_real -0.0174, logits_fake -0.0151,
Train Epoch: [7/30] Iters:[880/1093] gen_loss 0.2336, rec_loss 0.0109, lpips_loss 0.1348, g_loss 0.0144, disc_weight 0.4000, disc_adaptive_weight 6.1059, d_loss 0.4013, logits_real -0.0173, logits_fake -0.0151,
Train Epoch: [7/30] Iters:[890/1093] gen_loss 0.2383, rec_loss 0.0111, lpips_loss 0.1349, g_loss 0.0146, disc_weight 0.4000, disc_adaptive_weight 6.3504, d_loss 0.4013, logits_real -0.0172, logits_fake -0.0150,
Train Epoch: [7/30] Iters:[900/1093] gen_loss 0.2402, rec_loss 0.0112, lpips_loss 0.1354, g_loss 0.0149, disc_weight 0.4000, disc_adaptive_weight 6.3149, d_loss 0.4012, logits_real -0.0169, logits_fake -0.0152,
Train Epoch: [7/30] Iters:[910/1093] gen_loss 0.2429, rec_loss 0.0113, lpips_loss 0.1360, g_loss 0.0151, disc_weight 0.4000, disc_adaptive_weight 6.3759, d_loss 0.4012, logits_real -0.0176, logits_fake -0.0157,
Train Epoch: [7/30] Iters:[920/1093] gen_loss 0.2444, rec_loss 0.0114, lpips_loss 0.1367, g_loss 0.0154, disc_weight 0.4000, disc_adaptive_weight 6.2838, d_loss 0.4012, logits_real -0.0181, logits_fake -0.0161,
Train Epoch: [7/30] Iters:[930/1093] gen_loss 0.2462, rec_loss 0.0115, lpips_loss 0.1364, g_loss 0.0158, disc_weight 0.4000, disc_adaptive_weight 6.2100, d_loss 0.4013, logits_real -0.0185, logits_fake -0.0163,
Train Epoch: [7/30] Iters:[940/1093] gen_loss 0.2508, rec_loss 0.0114, lpips_loss 0.1362, g_loss 0.0160, disc_weight 0.4000, disc_adaptive_weight 6.4417, d_loss 0.4013, logits_real -0.0189, logits_fake -0.0167,
Train Epoch: [7/30] Iters:[950/1093] gen_loss 0.2537, rec_loss 0.0115, lpips_loss 0.1363, g_loss 0.0158, disc_weight 0.4000, disc_adaptive_weight 6.7008, d_loss 0.4014, logits_real -0.0190, logits_fake -0.0165,
Train Epoch: [7/30] Iters:[960/1093] gen_loss 0.2544, rec_loss 0.0112, lpips_loss 0.1359, g_loss 0.0158, disc_weight 0.4000, disc_adaptive_weight 6.8164, d_loss 0.4013, logits_real -0.0184, logits_fake -0.0160,
Train Epoch: [7/30] Iters:[970/1093] gen_loss 0.2512, rec_loss 0.0112, lpips_loss 0.1351, g_loss 0.0155, disc_weight 0.4000, disc_adaptive_weight 6.7761, d_loss 0.4013, logits_real -0.0181, logits_fake -0.0157,
Train Epoch: [7/30] Iters:[980/1093] gen_loss 0.2482, rec_loss 0.0111, lpips_loss 0.1349, g_loss 0.0151, disc_weight 0.4000, disc_adaptive_weight 6.7859, d_loss 0.4014, logits_real -0.0180, logits_fake -0.0153,
Train Epoch: [7/30] Iters:[990/1093] gen_loss 0.2437, rec_loss 0.0112, lpips_loss 0.1354, g_loss 0.0146, disc_weight 0.4000, disc_adaptive_weight 6.6878, d_loss 0.4013, logits_real -0.0174, logits_fake -0.0148,
Train Epoch: [7/30] Iters:[1000/1093] gen_loss 0.2395, rec_loss 0.0111, lpips_loss 0.1351, g_loss 0.0144, disc_weight 0.4000, disc_adaptive_weight 6.5142, d_loss 0.4013, logits_real -0.0170, logits_fake -0.0146,
Train Epoch: [7/30] Iters:[1010/1093] gen_loss 0.2370, rec_loss 0.0111, lpips_loss 0.1347, g_loss 0.0142, disc_weight 0.4000, disc_adaptive_weight 6.4314, d_loss 0.4012, logits_real -0.0167, logits_fake -0.0145,
Train Epoch: [7/30] Iters:[1020/1093] gen_loss 0.2366, rec_loss 0.0111, lpips_loss 0.1349, g_loss 0.0142, disc_weight 0.4000, disc_adaptive_weight 6.3849, d_loss 0.4012, logits_real -0.0165, logits_fake -0.0145,
Train Epoch: [7/30] Iters:[1030/1093] gen_loss 0.2381, rec_loss 0.0112, lpips_loss 0.1352, g_loss 0.0142, disc_weight 0.4000, disc_adaptive_weight 6.4257, d_loss 0.4012, logits_real -0.0167, logits_fake -0.0146,
Train Epoch: [7/30] Iters:[1040/1093] gen_loss 0.2393, rec_loss 0.0112, lpips_loss 0.1348, g_loss 0.0144, disc_weight 0.4000, disc_adaptive_weight 6.4188, d_loss 0.4012, logits_real -0.0168, logits_fake -0.0148,
Train Epoch: [7/30] Iters:[1050/1093] gen_loss 0.2413, rec_loss 0.0112, lpips_loss 0.1345, g_loss 0.0145, disc_weight 0.4000, disc_adaptive_weight 6.5368, d_loss 0.4013, logits_real -0.0169, logits_fake -0.0147,
Train Epoch: [7/30] Iters:[1060/1093] gen_loss 0.2403, rec_loss 0.0113, lpips_loss 0.1345, g_loss 0.0145, disc_weight 0.4000, disc_adaptive_weight 6.4673, d_loss 0.4013, logits_real -0.0171, logits_fake -0.0148,
Train Epoch: [7/30] Iters:[1070/1093] gen_loss 0.2425, rec_loss 0.0114, lpips_loss 0.1347, g_loss 0.0147, disc_weight 0.4000, disc_adaptive_weight 6.4701, d_loss 0.4013, logits_real -0.0172, logits_fake -0.0149,
Train Epoch: [7/30] Iters:[1080/1093] gen_loss 0.2410, rec_loss 0.0114, lpips_loss 0.1352, g_loss 0.0151, disc_weight 0.4000, disc_adaptive_weight 6.2160, d_loss 0.4012, logits_real -0.0171, logits_fake -0.0150,
Train Epoch: [7/30] Iters:[1090/1093] gen_loss 0.2378, rec_loss 0.0114, lpips_loss 0.1354, g_loss 0.0153, disc_weight 0.4000, disc_adaptive_weight 5.9467, d_loss 0.4013, logits_real -0.0176, logits_fake -0.0152,
epoch:8, cur_lr:0.000010
Train Epoch: [8/30] Iters:[10/1093] gen_loss 0.2280, rec_loss 0.0110, lpips_loss 0.1332, g_loss 0.0143, disc_weight 0.4000, disc_adaptive_weight 5.8445, d_loss 0.4012, logits_real -0.0175, logits_fake -0.0157,
Train Epoch: [8/30] Iters:[20/1093] gen_loss 0.2295, rec_loss 0.0110, lpips_loss 0.1335, g_loss 0.0148, disc_weight 0.4000, disc_adaptive_weight 5.7880, d_loss 0.4013, logits_real -0.0170, logits_fake -0.0147,
Train Epoch: [8/30] Iters:[30/1093] gen_loss 0.2288, rec_loss 0.0109, lpips_loss 0.1335, g_loss 0.0147, disc_weight 0.4000, disc_adaptive_weight 5.7818, d_loss 0.4013, logits_real -0.0167, logits_fake -0.0142,
Train Epoch: [8/30] Iters:[40/1093] gen_loss 0.2264, rec_loss 0.0110, lpips_loss 0.1335, g_loss 0.0146, disc_weight 0.4000, disc_adaptive_weight 5.6514, d_loss 0.4013, logits_real -0.0166, logits_fake -0.0143,
Train Epoch: [8/30] Iters:[50/1093] gen_loss 0.2252, rec_loss 0.0109, lpips_loss 0.1334, g_loss 0.0146, disc_weight 0.4000, disc_adaptive_weight 5.5600, d_loss 0.4013, logits_real -0.0167, logits_fake -0.0143,
Train Epoch: [8/30] Iters:[60/1093] gen_loss 0.2244, rec_loss 0.0110, lpips_loss 0.1335, g_loss 0.0148, disc_weight 0.4000, disc_adaptive_weight 5.4248, d_loss 0.4013, logits_real -0.0165, logits_fake -0.0141,
Train Epoch: [8/30] Iters:[70/1093] gen_loss 0.2246, rec_loss 0.0110, lpips_loss 0.1337, g_loss 0.0149, disc_weight 0.4000, disc_adaptive_weight 5.3783, d_loss 0.4012, logits_real -0.0166, logits_fake -0.0144,
Train Epoch: [8/30] Iters:[80/1093] gen_loss 0.2265, rec_loss 0.0111, lpips_loss 0.1338, g_loss 0.0150, disc_weight 0.4000, disc_adaptive_weight 5.4368, d_loss 0.4012, logits_real -0.0168, logits_fake -0.0146,
Train Epoch: [8/30] Iters:[90/1093] gen_loss 0.2297, rec_loss 0.0110, lpips_loss 0.1340, g_loss 0.0152, disc_weight 0.4000, disc_adaptive_weight 5.5859, d_loss 0.4012, logits_real -0.0170, logits_fake -0.0147,
Train Epoch: [8/30] Iters:[100/1093] gen_loss 0.2334, rec_loss 0.0111, lpips_loss 0.1342, g_loss 0.0152, disc_weight 0.4000, disc_adaptive_weight 5.7874, d_loss 0.4012, logits_real -0.0170, logits_fake -0.0148,
Train Epoch: [8/30] Iters:[110/1093] gen_loss 0.2358, rec_loss 0.0111, lpips_loss 0.1342, g_loss 0.0155, disc_weight 0.4000, disc_adaptive_weight 5.8613, d_loss 0.4012, logits_real -0.0174, logits_fake -0.0151,
Train Epoch: [8/30] Iters:[120/1093] gen_loss 0.2362, rec_loss 0.0112, lpips_loss 0.1344, g_loss 0.0157, disc_weight 0.4000, disc_adaptive_weight 5.8084, d_loss 0.4012, logits_real -0.0177, logits_fake -0.0155,
Train Epoch: [8/30] Iters:[130/1093] gen_loss 0.2413, rec_loss 0.0111, lpips_loss 0.1343, g_loss 0.0160, disc_weight 0.4000, disc_adaptive_weight 6.0236, d_loss 0.4012, logits_real -0.0182, logits_fake -0.0159,
Train Epoch: [8/30] Iters:[140/1093] gen_loss 0.2421, rec_loss 0.0112, lpips_loss 0.1343, g_loss 0.0162, disc_weight 0.4000, disc_adaptive_weight 5.9813, d_loss 0.4012, logits_real -0.0183, logits_fake -0.0161,
Train Epoch: [8/30] Iters:[150/1093] gen_loss 0.2385, rec_loss 0.0112, lpips_loss 0.1341, g_loss 0.0162, disc_weight 0.4000, disc_adaptive_weight 5.7384, d_loss 0.4013, logits_real -0.0185, logits_fake -0.0161,
Train Epoch: [8/30] Iters:[160/1093] gen_loss 0.2350, rec_loss 0.0111, lpips_loss 0.1340, g_loss 0.0160, disc_weight 0.4000, disc_adaptive_weight 5.6295, d_loss 0.4013, logits_real -0.0182, logits_fake -0.0159,
Train Epoch: [8/30] Iters:[170/1093] gen_loss 0.2400, rec_loss 0.0110, lpips_loss 0.1335, g_loss 0.0158, disc_weight 0.4000, disc_adaptive_weight 6.0142, d_loss 0.4013, logits_real -0.0181, logits_fake -0.0156,
Train Epoch: [8/30] Iters:[180/1093] gen_loss 0.2410, rec_loss 0.0109, lpips_loss 0.1336, g_loss 0.0160, disc_weight 0.4000, disc_adaptive_weight 6.0053, d_loss 0.4013, logits_real -0.0181, logits_fake -0.0158,
Train Epoch: [8/30] Iters:[190/1093] gen_loss 0.2518, rec_loss 0.0110, lpips_loss 0.1339, g_loss 0.0163, disc_weight 0.4000, disc_adaptive_weight 6.4808, d_loss 0.4012, logits_real -0.0185, logits_fake -0.0161,
Train Epoch: [8/30] Iters:[200/1093] gen_loss 0.2556, rec_loss 0.0110, lpips_loss 0.1344, g_loss 0.0167, disc_weight 0.4000, disc_adaptive_weight 6.5700, d_loss 0.4012, logits_real -0.0188, logits_fake -0.0165,
Train Epoch: [8/30] Iters:[210/1093] gen_loss 0.2587, rec_loss 0.0111, lpips_loss 0.1348, g_loss 0.0172, disc_weight 0.4000, disc_adaptive_weight 6.5590, d_loss 0.4012, logits_real -0.0193, logits_fake -0.0171,
Train Epoch: [8/30] Iters:[220/1093] gen_loss 0.2556, rec_loss 0.0112, lpips_loss 0.1353, g_loss 0.0175, disc_weight 0.4000, disc_adaptive_weight 6.2326, d_loss 0.4012, logits_real -0.0197, logits_fake -0.0175,
Train Epoch: [8/30] Iters:[230/1093] gen_loss 0.2502, rec_loss 0.0112, lpips_loss 0.1353, g_loss 0.0175, disc_weight 0.4000, disc_adaptive_weight 5.9269, d_loss 0.4012, logits_real -0.0197, logits_fake -0.0176,
Train Epoch: [8/30] Iters:[240/1093] gen_loss 0.2399, rec_loss 0.0112, lpips_loss 0.1354, g_loss 0.0173, disc_weight 0.4000, disc_adaptive_weight 5.3844, d_loss 0.4012, logits_real -0.0198, logits_fake -0.0176,
Train Epoch: [8/30] Iters:[250/1093] gen_loss 0.2428, rec_loss 0.0113, lpips_loss 0.1351, g_loss 0.0173, disc_weight 0.4000, disc_adaptive_weight 5.5762, d_loss 0.4012, logits_real -0.0198, logits_fake -0.0177,
Train Epoch: [8/30] Iters:[260/1093] gen_loss 0.2503, rec_loss 0.0112, lpips_loss 0.1350, g_loss 0.0173, disc_weight 0.4000, disc_adaptive_weight 6.0388, d_loss 0.4012, logits_real -0.0197, logits_fake -0.0175,
Train Epoch: [8/30] Iters:[270/1093] gen_loss 0.2591, rec_loss 0.0113, lpips_loss 0.1352, g_loss 0.0172, disc_weight 0.4000, disc_adaptive_weight 6.5443, d_loss 0.4012, logits_real -0.0197, logits_fake -0.0174,
Train Epoch: [8/30] Iters:[280/1093] gen_loss 0.2657, rec_loss 0.0114, lpips_loss 0.1354, g_loss 0.0171, disc_weight 0.4000, disc_adaptive_weight 6.9571, d_loss 0.4012, logits_real -0.0196, logits_fake -0.0173,
Train Epoch: [8/30] Iters:[290/1093] gen_loss 0.2670, rec_loss 0.0115, lpips_loss 0.1351, g_loss 0.0170, disc_weight 0.4000, disc_adaptive_weight 7.0920, d_loss 0.4012, logits_real -0.0194, logits_fake -0.0171,
Train Epoch: [8/30] Iters:[300/1093] gen_loss 0.2663, rec_loss 0.0113, lpips_loss 0.1347, g_loss 0.0169, disc_weight 0.4000, disc_adaptive_weight 7.1355, d_loss 0.4013, logits_real -0.0194, logits_fake -0.0170,
Train Epoch: [8/30] Iters:[310/1093] gen_loss 0.2669, rec_loss 0.0113, lpips_loss 0.1349, g_loss 0.0168, disc_weight 0.4000, disc_adaptive_weight 7.1804, d_loss 0.4012, logits_real -0.0192, logits_fake -0.0169,
Train Epoch: [8/30] Iters:[320/1093] gen_loss 0.2581, rec_loss 0.0113, lpips_loss 0.1346, g_loss 0.0166, disc_weight 0.4000, disc_adaptive_weight 6.7461, d_loss 0.4012, logits_real -0.0190, logits_fake -0.0169,
Train Epoch: [8/30] Iters:[330/1093] gen_loss 0.2512, rec_loss 0.0111, lpips_loss 0.1338, g_loss 0.0165, disc_weight 0.4000, disc_adaptive_weight 6.4024, d_loss 0.4012, logits_real -0.0189, logits_fake -0.0167,
Train Epoch: [8/30] Iters:[340/1093] gen_loss 0.2496, rec_loss 0.0111, lpips_loss 0.1339, g_loss 0.0165, disc_weight 0.4000, disc_adaptive_weight 6.3336, d_loss 0.4012, logits_real -0.0189, logits_fake -0.0166,
Train Epoch: [8/30] Iters:[350/1093] gen_loss 0.2482, rec_loss 0.0113, lpips_loss 0.1345, g_loss 0.0167, disc_weight 0.4000, disc_adaptive_weight 6.1539, d_loss 0.4012, logits_real -0.0188, logits_fake -0.0167,
Train Epoch: [8/30] Iters:[360/1093] gen_loss 0.2418, rec_loss 0.0112, lpips_loss 0.1342, g_loss 0.0166, disc_weight 0.4000, disc_adaptive_weight 5.8167, d_loss 0.4012, logits_real -0.0190, logits_fake -0.0169,
Train Epoch: [8/30] Iters:[370/1093] gen_loss 0.2436, rec_loss 0.0112, lpips_loss 0.1341, g_loss 0.0169, disc_weight 0.4000, disc_adaptive_weight 5.8474, d_loss 0.4012, logits_real -0.0190, logits_fake -0.0168,
Train Epoch: [8/30] Iters:[380/1093] gen_loss 0.2419, rec_loss 0.0112, lpips_loss 0.1348, g_loss 0.0171, disc_weight 0.4000, disc_adaptive_weight 5.6379, d_loss 0.4012, logits_real -0.0195, logits_fake -0.0172,
Train Epoch: [8/30] Iters:[390/1093] gen_loss 0.2412, rec_loss 0.0112, lpips_loss 0.1351, g_loss 0.0173, disc_weight 0.4000, disc_adaptive_weight 5.5069, d_loss 0.4012, logits_real -0.0195, logits_fake -0.0172,
Train Epoch: [8/30] Iters:[400/1093] gen_loss 0.2416, rec_loss 0.0111, lpips_loss 0.1352, g_loss 0.0170, disc_weight 0.4000, disc_adaptive_weight 5.6342, d_loss 0.4012, logits_real -0.0193, logits_fake -0.0170,
Train Epoch: [8/30] Iters:[410/1093] gen_loss 0.2396, rec_loss 0.0112, lpips_loss 0.1354, g_loss 0.0168, disc_weight 0.4000, disc_adaptive_weight 5.5450, d_loss 0.4012, logits_real -0.0191, logits_fake -0.0167,
Train Epoch: [8/30] Iters:[420/1093] gen_loss 0.2351, rec_loss 0.0113, lpips_loss 0.1354, g_loss 0.0164, disc_weight 0.4000, disc_adaptive_weight 5.3962, d_loss 0.4012, logits_real -0.0189, logits_fake -0.0166,
Train Epoch: [8/30] Iters:[430/1093] gen_loss 0.2371, rec_loss 0.0114, lpips_loss 0.1358, g_loss 0.0162, disc_weight 0.4000, disc_adaptive_weight 5.5667, d_loss 0.4012, logits_real -0.0182, logits_fake -0.0161,
Train Epoch: [8/30] Iters:[440/1093] gen_loss 0.2347, rec_loss 0.0113, lpips_loss 0.1349, g_loss 0.0160, disc_weight 0.4000, disc_adaptive_weight 5.5411, d_loss 0.4011, logits_real -0.0180, logits_fake -0.0161,
Train Epoch: [8/30] Iters:[450/1093] gen_loss 0.2360, rec_loss 0.0113, lpips_loss 0.1351, g_loss 0.0162, disc_weight 0.4000, disc_adaptive_weight 5.5162, d_loss 0.4011, logits_real -0.0183, logits_fake -0.0163,
Train Epoch: [8/30] Iters:[460/1093] gen_loss 0.2369, rec_loss 0.0112, lpips_loss 0.1348, g_loss 0.0163, disc_weight 0.4000, disc_adaptive_weight 5.5652, d_loss 0.4012, logits_real -0.0185, logits_fake -0.0163,
Train Epoch: [8/30] Iters:[470/1093] gen_loss 0.2417, rec_loss 0.0112, lpips_loss 0.1353, g_loss 0.0164, disc_weight 0.4000, disc_adaptive_weight 5.8078, d_loss 0.4012, logits_real -0.0187, logits_fake -0.0163,
Train Epoch: [8/30] Iters:[480/1093] gen_loss 0.2417, rec_loss 0.0110, lpips_loss 0.1348, g_loss 0.0165, disc_weight 0.4000, disc_adaptive_weight 5.8087, d_loss 0.4013, logits_real -0.0190, logits_fake -0.0164,
Train Epoch: [8/30] Iters:[490/1093] gen_loss 0.2421, rec_loss 0.0111, lpips_loss 0.1349, g_loss 0.0166, disc_weight 0.4000, disc_adaptive_weight 5.8083, d_loss 0.4013, logits_real -0.0188, logits_fake -0.0163,
Train Epoch: [8/30] Iters:[500/1093] gen_loss 0.2399, rec_loss 0.0112, lpips_loss 0.1346, g_loss 0.0162, disc_weight 0.4000, disc_adaptive_weight 5.8171, d_loss 0.4012, logits_real -0.0186, logits_fake -0.0161,
Train Epoch: [8/30] Iters:[510/1093] gen_loss 0.2405, rec_loss 0.0113, lpips_loss 0.1352, g_loss 0.0161, disc_weight 0.4000, disc_adaptive_weight 5.8826, d_loss 0.4012, logits_real -0.0182, logits_fake -0.0160,
Train Epoch: [8/30] Iters:[520/1093] gen_loss 0.2367, rec_loss 0.0113, lpips_loss 0.1349, g_loss 0.0158, disc_weight 0.4000, disc_adaptive_weight 5.7483, d_loss 0.4012, logits_real -0.0181, logits_fake -0.0158,
Train Epoch: [8/30] Iters:[530/1093] gen_loss 0.2372, rec_loss 0.0114, lpips_loss 0.1350, g_loss 0.0156, disc_weight 0.4000, disc_adaptive_weight 5.8546, d_loss 0.4012, logits_real -0.0178, logits_fake -0.0155,
Train Epoch: [8/30] Iters:[540/1093] gen_loss 0.2376, rec_loss 0.0113, lpips_loss 0.1354, g_loss 0.0154, disc_weight 0.4000, disc_adaptive_weight 5.9247, d_loss 0.4012, logits_real -0.0177, logits_fake -0.0155,
Train Epoch: [8/30] Iters:[550/1093] gen_loss 0.2366, rec_loss 0.0113, lpips_loss 0.1357, g_loss 0.0154, disc_weight 0.4000, disc_adaptive_weight 5.8407, d_loss 0.4012, logits_real -0.0176, logits_fake -0.0153,
Train Epoch: [8/30] Iters:[560/1093] gen_loss 0.2336, rec_loss 0.0113, lpips_loss 0.1353, g_loss 0.0154, disc_weight 0.4000, disc_adaptive_weight 5.6664, d_loss 0.4012, logits_real -0.0177, logits_fake -0.0154,
Train Epoch: [8/30] Iters:[570/1093] gen_loss 0.2392, rec_loss 0.0112, lpips_loss 0.1350, g_loss 0.0157, disc_weight 0.4000, disc_adaptive_weight 5.9253, d_loss 0.4012, logits_real -0.0178, logits_fake -0.0157,
Train Epoch: [8/30] Iters:[580/1093] gen_loss 0.2391, rec_loss 0.0112, lpips_loss 0.1347, g_loss 0.0159, disc_weight 0.4000, disc_adaptive_weight 5.8602, d_loss 0.4012, logits_real -0.0182, logits_fake -0.0160,
Train Epoch: [8/30] Iters:[590/1093] gen_loss 0.2412, rec_loss 0.0113, lpips_loss 0.1347, g_loss 0.0163, disc_weight 0.4000, disc_adaptive_weight 5.8403, d_loss 0.4012, logits_real -0.0187, logits_fake -0.0164,
Train Epoch: [8/30] Iters:[600/1093] gen_loss 0.2453, rec_loss 0.0111, lpips_loss 0.1342, g_loss 0.0168, disc_weight 0.4000, disc_adaptive_weight 5.9691, d_loss 0.4012, logits_real -0.0191, logits_fake -0.0168,
Train Epoch: [8/30] Iters:[610/1093] gen_loss 0.2527, rec_loss 0.0112, lpips_loss 0.1345, g_loss 0.0170, disc_weight 0.4000, disc_adaptive_weight 6.3017, d_loss 0.4012, logits_real -0.0195, logits_fake -0.0171,
Train Epoch: [8/30] Iters:[620/1093] gen_loss 0.2504, rec_loss 0.0113, lpips_loss 0.1345, g_loss 0.0172, disc_weight 0.4000, disc_adaptive_weight 6.0873, d_loss 0.4012, logits_real -0.0196, logits_fake -0.0173,
Train Epoch: [8/30] Iters:[630/1093] gen_loss 0.2536, rec_loss 0.0113, lpips_loss 0.1349, g_loss 0.0174, disc_weight 0.4000, disc_adaptive_weight 6.1605, d_loss 0.4012, logits_real -0.0198, logits_fake -0.0174,
Train Epoch: [8/30] Iters:[640/1093] gen_loss 0.2604, rec_loss 0.0115, lpips_loss 0.1353, g_loss 0.0174, disc_weight 0.4000, disc_adaptive_weight 6.5130, d_loss 0.4012, logits_real -0.0198, logits_fake -0.0174,
Train Epoch: [8/30] Iters:[650/1093] gen_loss 0.2578, rec_loss 0.0115, lpips_loss 0.1359, g_loss 0.0175, disc_weight 0.4000, disc_adaptive_weight 6.3158, d_loss 0.4012, logits_real -0.0199, logits_fake -0.0175,
Train Epoch: [8/30] Iters:[660/1093] gen_loss 0.2570, rec_loss 0.0117, lpips_loss 0.1361, g_loss 0.0177, disc_weight 0.4000, disc_adaptive_weight 6.1576, d_loss 0.4012, logits_real -0.0200, logits_fake -0.0177,
Train Epoch: [8/30] Iters:[670/1093] gen_loss 0.2604, rec_loss 0.0116, lpips_loss 0.1363, g_loss 0.0179, disc_weight 0.4000, disc_adaptive_weight 6.2817, d_loss 0.4012, logits_real -0.0201, logits_fake -0.0177,
Train Epoch: [8/30] Iters:[680/1093] gen_loss 0.2645, rec_loss 0.0117, lpips_loss 0.1364, g_loss 0.0178, disc_weight 0.4000, disc_adaptive_weight 6.5232, d_loss 0.4012, logits_real -0.0201, logits_fake -0.0178,
Train Epoch: [8/30] Iters:[690/1093] gen_loss 0.2596, rec_loss 0.0115, lpips_loss 0.1363, g_loss 0.0178, disc_weight 0.4000, disc_adaptive_weight 6.2948, d_loss 0.4012, logits_real -0.0201, logits_fake -0.0177,
Train Epoch: [8/30] Iters:[700/1093] gen_loss 0.2676, rec_loss 0.0116, lpips_loss 0.1364, g_loss 0.0177, disc_weight 0.4000, disc_adaptive_weight 6.7800, d_loss 0.4012, logits_real -0.0199, logits_fake -0.0175,
Train Epoch: [8/30] Iters:[710/1093] gen_loss 0.2654, rec_loss 0.0113, lpips_loss 0.1359, g_loss 0.0175, disc_weight 0.4000, disc_adaptive_weight 6.7901, d_loss 0.4013, logits_real -0.0199, logits_fake -0.0172,
Train Epoch: [8/30] Iters:[720/1093] gen_loss 0.2614, rec_loss 0.0113, lpips_loss 0.1359, g_loss 0.0173, disc_weight 0.4000, disc_adaptive_weight 6.6423, d_loss 0.4013, logits_real -0.0198, logits_fake -0.0170,
Train Epoch: [8/30] Iters:[730/1093] gen_loss 0.2562, rec_loss 0.0112, lpips_loss 0.1357, g_loss 0.0171, disc_weight 0.4000, disc_adaptive_weight 6.3927, d_loss 0.4013, logits_real -0.0197, logits_fake -0.0168,
Train Epoch: [8/30] Iters:[740/1093] gen_loss 0.2580, rec_loss 0.0112, lpips_loss 0.1356, g_loss 0.0171, disc_weight 0.4000, disc_adaptive_weight 6.5206, d_loss 0.4012, logits_real -0.0196, logits_fake -0.0169,
Train Epoch: [8/30] Iters:[750/1093] gen_loss 0.2543, rec_loss 0.0113, lpips_loss 0.1352, g_loss 0.0171, disc_weight 0.4000, disc_adaptive_weight 6.3393, d_loss 0.4013, logits_real -0.0195, logits_fake -0.0168,
Train Epoch: [8/30] Iters:[760/1093] gen_loss 0.2544, rec_loss 0.0112, lpips_loss 0.1353, g_loss 0.0171, disc_weight 0.4000, disc_adaptive_weight 6.3217, d_loss 0.4012, logits_real -0.0193, logits_fake -0.0169,
Train Epoch: [8/30] Iters:[770/1093] gen_loss 0.2559, rec_loss 0.0114, lpips_loss 0.1354, g_loss 0.0169, disc_weight 0.4000, disc_adaptive_weight 6.4574, d_loss 0.4012, logits_real -0.0192, logits_fake -0.0167,
Train Epoch: [8/30] Iters:[780/1093] gen_loss 0.2592, rec_loss 0.0114, lpips_loss 0.1352, g_loss 0.0169, disc_weight 0.4000, disc_adaptive_weight 6.6893, d_loss 0.4012, logits_real -0.0189, logits_fake -0.0166,
Train Epoch: [8/30] Iters:[790/1093] gen_loss 0.2601, rec_loss 0.0113, lpips_loss 0.1355, g_loss 0.0170, disc_weight 0.4000, disc_adaptive_weight 6.6610, d_loss 0.4012, logits_real -0.0188, logits_fake -0.0164,
Train Epoch: [8/30] Iters:[800/1093] gen_loss 0.2592, rec_loss 0.0113, lpips_loss 0.1355, g_loss 0.0170, disc_weight 0.4000, disc_adaptive_weight 6.6023, d_loss 0.4012, logits_real -0.0188, logits_fake -0.0166,
Train Epoch: [8/30] Iters:[810/1093] gen_loss 0.2680, rec_loss 0.0115, lpips_loss 0.1360, g_loss 0.0171, disc_weight 0.4000, disc_adaptive_weight 7.0464, d_loss 0.4012, logits_real -0.0189, logits_fake -0.0167,
Train Epoch: [8/30] Iters:[820/1093] gen_loss 0.2685, rec_loss 0.0114, lpips_loss 0.1352, g_loss 0.0174, disc_weight 0.4000, disc_adaptive_weight 7.0080, d_loss 0.4012, logits_real -0.0193, logits_fake -0.0170,
Train Epoch: [8/30] Iters:[830/1093] gen_loss 0.2652, rec_loss 0.0114, lpips_loss 0.1354, g_loss 0.0176, disc_weight 0.4000, disc_adaptive_weight 6.7446, d_loss 0.4012, logits_real -0.0197, logits_fake -0.0173,
Train Epoch: [8/30] Iters:[840/1093] gen_loss 0.2627, rec_loss 0.0115, lpips_loss 0.1351, g_loss 0.0173, disc_weight 0.4000, disc_adaptive_weight 6.6969, d_loss 0.4012, logits_real -0.0197, logits_fake -0.0175,
Train Epoch: [8/30] Iters:[850/1093] gen_loss 0.2577, rec_loss 0.0114, lpips_loss 0.1350, g_loss 0.0172, disc_weight 0.4000, disc_adaptive_weight 6.4683, d_loss 0.4012, logits_real -0.0196, logits_fake -0.0172,
Train Epoch: [8/30] Iters:[860/1093] gen_loss 0.2461, rec_loss 0.0114, lpips_loss 0.1345, g_loss 0.0169, disc_weight 0.4000, disc_adaptive_weight 5.9392, d_loss 0.4012, logits_real -0.0194, logits_fake -0.0169,
Train Epoch: [8/30] Iters:[870/1093] gen_loss 0.2402, rec_loss 0.0114, lpips_loss 0.1352, g_loss 0.0166, disc_weight 0.4000, disc_adaptive_weight 5.6223, d_loss 0.4012, logits_real -0.0190, logits_fake -0.0167,
Train Epoch: [8/30] Iters:[880/1093] gen_loss 0.2442, rec_loss 0.0113, lpips_loss 0.1351, g_loss 0.0164, disc_weight 0.4000, disc_adaptive_weight 5.9475, d_loss 0.4012, logits_real -0.0189, logits_fake -0.0164,
Train Epoch: [8/30] Iters:[890/1093] gen_loss 0.2425, rec_loss 0.0115, lpips_loss 0.1355, g_loss 0.0163, disc_weight 0.4000, disc_adaptive_weight 5.8369, d_loss 0.4012, logits_real -0.0186, logits_fake -0.0162,
Train Epoch: [8/30] Iters:[900/1093] gen_loss 0.2420, rec_loss 0.0115, lpips_loss 0.1358, g_loss 0.0161, disc_weight 0.4000, disc_adaptive_weight 5.8787, d_loss 0.4012, logits_real -0.0182, logits_fake -0.0159,
Train Epoch: [8/30] Iters:[910/1093] gen_loss 0.2446, rec_loss 0.0114, lpips_loss 0.1358, g_loss 0.0158, disc_weight 0.4000, disc_adaptive_weight 6.1945, d_loss 0.4012, logits_real -0.0179, logits_fake -0.0156,
Train Epoch: [8/30] Iters:[920/1093] gen_loss 0.2486, rec_loss 0.0115, lpips_loss 0.1355, g_loss 0.0154, disc_weight 0.4000, disc_adaptive_weight 6.6143, d_loss 0.4012, logits_real -0.0176, logits_fake -0.0153,
Train Epoch: [8/30] Iters:[930/1093] gen_loss 0.2482, rec_loss 0.0115, lpips_loss 0.1359, g_loss 0.0151, disc_weight 0.4000, disc_adaptive_weight 6.7069, d_loss 0.4012, logits_real -0.0173, logits_fake -0.0151,
Train Epoch: [8/30] Iters:[940/1093] gen_loss 0.2489, rec_loss 0.0113, lpips_loss 0.1354, g_loss 0.0147, disc_weight 0.4000, disc_adaptive_weight 6.9535, d_loss 0.4011, logits_real -0.0170, logits_fake -0.0149,
Train Epoch: [8/30] Iters:[950/1093] gen_loss 0.2513, rec_loss 0.0113, lpips_loss 0.1354, g_loss 0.0145, disc_weight 0.4000, disc_adaptive_weight 7.2342, d_loss 0.4012, logits_real -0.0170, logits_fake -0.0147,
Train Epoch: [8/30] Iters:[960/1093] gen_loss 0.2489, rec_loss 0.0114, lpips_loss 0.1358, g_loss 0.0144, disc_weight 0.4000, disc_adaptive_weight 7.0401, d_loss 0.4012, logits_real -0.0169, logits_fake -0.0146,
Train Epoch: [8/30] Iters:[970/1093] gen_loss 0.2460, rec_loss 0.0112, lpips_loss 0.1355, g_loss 0.0142, disc_weight 0.4000, disc_adaptive_weight 6.9683, d_loss 0.4012, logits_real -0.0168, logits_fake -0.0144,
Train Epoch: [8/30] Iters:[980/1093] gen_loss 0.2356, rec_loss 0.0112, lpips_loss 0.1349, g_loss 0.0139, disc_weight 0.4000, disc_adaptive_weight 6.4566, d_loss 0.4012, logits_real -0.0165, logits_fake -0.0142,
Train Epoch: [8/30] Iters:[990/1093] gen_loss 0.2299, rec_loss 0.0113, lpips_loss 0.1349, g_loss 0.0137, disc_weight 0.4000, disc_adaptive_weight 6.1119, d_loss 0.4012, logits_real -0.0165, logits_fake -0.0140,
Train Epoch: [8/30] Iters:[1000/1093] gen_loss 0.2259, rec_loss 0.0113, lpips_loss 0.1349, g_loss 0.0140, disc_weight 0.4000, disc_adaptive_weight 5.7303, d_loss 0.4011, logits_real -0.0165, logits_fake -0.0142,
Train Epoch: [8/30] Iters:[1010/1093] gen_loss 0.2264, rec_loss 0.0112, lpips_loss 0.1345, g_loss 0.0142, disc_weight 0.4000, disc_adaptive_weight 5.6973, d_loss 0.4011, logits_real -0.0167, logits_fake -0.0144,
Train Epoch: [8/30] Iters:[1020/1093] gen_loss 0.2273, rec_loss 0.0113, lpips_loss 0.1345, g_loss 0.0144, disc_weight 0.4000, disc_adaptive_weight 5.6383, d_loss 0.4012, logits_real -0.0171, logits_fake -0.0146,
Train Epoch: [8/30] Iters:[1030/1093] gen_loss 0.2339, rec_loss 0.0113, lpips_loss 0.1349, g_loss 0.0149, disc_weight 0.4000, disc_adaptive_weight 5.8700, d_loss 0.4012, logits_real -0.0174, logits_fake -0.0149,
Train Epoch: [8/30] Iters:[1040/1093] gen_loss 0.2372, rec_loss 0.0113, lpips_loss 0.1348, g_loss 0.0154, disc_weight 0.4000, disc_adaptive_weight 5.9039, d_loss 0.4012, logits_real -0.0177, logits_fake -0.0152,
Train Epoch: [8/30] Iters:[1050/1093] gen_loss 0.2421, rec_loss 0.0112, lpips_loss 0.1346, g_loss 0.0156, disc_weight 0.4000, disc_adaptive_weight 6.1703, d_loss 0.4012, logits_real -0.0181, logits_fake -0.0155,
Train Epoch: [8/30] Iters:[1060/1093] gen_loss 0.2398, rec_loss 0.0113, lpips_loss 0.1344, g_loss 0.0158, disc_weight 0.4000, disc_adaptive_weight 5.9847, d_loss 0.4012, logits_real -0.0180, logits_fake -0.0156,
Train Epoch: [8/30] Iters:[1070/1093] gen_loss 0.2391, rec_loss 0.0113, lpips_loss 0.1343, g_loss 0.0161, disc_weight 0.4000, disc_adaptive_weight 5.8363, d_loss 0.4011, logits_real -0.0182, logits_fake -0.0160,
Train Epoch: [8/30] Iters:[1080/1093] gen_loss 0.2402, rec_loss 0.0113, lpips_loss 0.1341, g_loss 0.0165, disc_weight 0.4000, disc_adaptive_weight 5.7299, d_loss 0.4011, logits_real -0.0186, logits_fake -0.0164,
Train Epoch: [8/30] Iters:[1090/1093] gen_loss 0.2465, rec_loss 0.0113, lpips_loss 0.1342, g_loss 0.0166, disc_weight 0.4000, disc_adaptive_weight 6.0637, d_loss 0.4011, logits_real -0.0189, logits_fake -0.0166,
epoch:9, cur_lr:0.000010
Train Epoch: [9/30] Iters:[10/1093] gen_loss 0.2601, rec_loss 0.0112, lpips_loss 0.1344, g_loss 0.0157, disc_weight 0.4000, disc_adaptive_weight 7.3013, d_loss 0.4011, logits_real -0.0184, logits_fake -0.0164,
Train Epoch: [9/30] Iters:[20/1093] gen_loss 0.2551, rec_loss 0.0114, lpips_loss 0.1350, g_loss 0.0157, disc_weight 0.4000, disc_adaptive_weight 6.9260, d_loss 0.4011, logits_real -0.0181, logits_fake -0.0161,
Train Epoch: [9/30] Iters:[30/1093] gen_loss 0.2492, rec_loss 0.0115, lpips_loss 0.1351, g_loss 0.0157, disc_weight 0.4000, disc_adaptive_weight 6.5344, d_loss 0.4011, logits_real -0.0179, logits_fake -0.0159,
Train Epoch: [9/30] Iters:[40/1093] gen_loss 0.2451, rec_loss 0.0113, lpips_loss 0.1346, g_loss 0.0156, disc_weight 0.4000, disc_adaptive_weight 6.3584, d_loss 0.4011, logits_real -0.0179, logits_fake -0.0159,
Train Epoch: [9/30] Iters:[50/1093] gen_loss 0.2465, rec_loss 0.0113, lpips_loss 0.1347, g_loss 0.0155, disc_weight 0.4000, disc_adaptive_weight 6.4703, d_loss 0.4011, logits_real -0.0179, logits_fake -0.0159,
Train Epoch: [9/30] Iters:[60/1093] gen_loss 0.2446, rec_loss 0.0113, lpips_loss 0.1351, g_loss 0.0155, disc_weight 0.4000, disc_adaptive_weight 6.3050, d_loss 0.4011, logits_real -0.0179, logits_fake -0.0157,
Train Epoch: [9/30] Iters:[70/1093] gen_loss 0.2456, rec_loss 0.0112, lpips_loss 0.1348, g_loss 0.0155, disc_weight 0.4000, disc_adaptive_weight 6.4258, d_loss 0.4011, logits_real -0.0177, logits_fake -0.0156,
Train Epoch: [9/30] Iters:[80/1093] gen_loss 0.2478, rec_loss 0.0112, lpips_loss 0.1348, g_loss 0.0155, disc_weight 0.4000, disc_adaptive_weight 6.5573, d_loss 0.4011, logits_real -0.0177, logits_fake -0.0157,
Train Epoch: [9/30] Iters:[90/1093] gen_loss 0.2532, rec_loss 0.0114, lpips_loss 0.1353, g_loss 0.0156, disc_weight 0.4000, disc_adaptive_weight 6.8329, d_loss 0.4011, logits_real -0.0177, logits_fake -0.0156,
Train Epoch: [9/30] Iters:[100/1093] gen_loss 0.2495, rec_loss 0.0114, lpips_loss 0.1355, g_loss 0.0156, disc_weight 0.4000, disc_adaptive_weight 6.5665, d_loss 0.4011, logits_real -0.0176, logits_fake -0.0154,
Train Epoch: [9/30] Iters:[110/1093] gen_loss 0.2493, rec_loss 0.0114, lpips_loss 0.1352, g_loss 0.0155, disc_weight 0.4000, disc_adaptive_weight 6.6320, d_loss 0.4011, logits_real -0.0173, logits_fake -0.0153,
Train Epoch: [9/30] Iters:[120/1093] gen_loss 0.2458, rec_loss 0.0114, lpips_loss 0.1353, g_loss 0.0157, disc_weight 0.4000, disc_adaptive_weight 6.3176, d_loss 0.4011, logits_real -0.0175, logits_fake -0.0154,
Train Epoch: [9/30] Iters:[130/1093] gen_loss 0.2421, rec_loss 0.0113, lpips_loss 0.1351, g_loss 0.0155, disc_weight 0.4000, disc_adaptive_weight 6.1441, d_loss 0.4011, logits_real -0.0176, logits_fake -0.0154,
Train Epoch: [9/30] Iters:[140/1093] gen_loss 0.2398, rec_loss 0.0112, lpips_loss 0.1350, g_loss 0.0155, disc_weight 0.4000, disc_adaptive_weight 6.0264, d_loss 0.4011, logits_real -0.0177, logits_fake -0.0155,
Train Epoch: [9/30] Iters:[150/1093] gen_loss 0.2410, rec_loss 0.0112, lpips_loss 0.1345, g_loss 0.0155, disc_weight 0.4000, disc_adaptive_weight 6.1391, d_loss 0.4011, logits_real -0.0176, logits_fake -0.0155,
Train Epoch: [9/30] Iters:[160/1093] gen_loss 0.2399, rec_loss 0.0112, lpips_loss 0.1343, g_loss 0.0153, disc_weight 0.4000, disc_adaptive_weight 6.2147, d_loss 0.4011, logits_real -0.0175, logits_fake -0.0152,
Train Epoch: [9/30] Iters:[170/1093] gen_loss 0.2388, rec_loss 0.0111, lpips_loss 0.1343, g_loss 0.0147, disc_weight 0.4000, disc_adaptive_weight 6.3925, d_loss 0.4011, logits_real -0.0170, logits_fake -0.0147,
Train Epoch: [9/30] Iters:[180/1093] gen_loss 0.2365, rec_loss 0.0112, lpips_loss 0.1347, g_loss 0.0143, disc_weight 0.4000, disc_adaptive_weight 6.3649, d_loss 0.4012, logits_real -0.0165, logits_fake -0.0140,
Train Epoch: [9/30] Iters:[190/1093] gen_loss 0.2335, rec_loss 0.0112, lpips_loss 0.1351, g_loss 0.0140, disc_weight 0.4000, disc_adaptive_weight 6.2476, d_loss 0.4011, logits_real -0.0159, logits_fake -0.0136,
Train Epoch: [9/30] Iters:[200/1093] gen_loss 0.2324, rec_loss 0.0112, lpips_loss 0.1354, g_loss 0.0137, disc_weight 0.4000, disc_adaptive_weight 6.3058, d_loss 0.4011, logits_real -0.0156, logits_fake -0.0133,
Train Epoch: [9/30] Iters:[210/1093] gen_loss 0.2306, rec_loss 0.0112, lpips_loss 0.1358, g_loss 0.0136, disc_weight 0.4000, disc_adaptive_weight 6.1778, d_loss 0.4011, logits_real -0.0155, logits_fake -0.0133,
Train Epoch: [9/30] Iters:[220/1093] gen_loss 0.2305, rec_loss 0.0113, lpips_loss 0.1358, g_loss 0.0136, disc_weight 0.4000, disc_adaptive_weight 6.1259, d_loss 0.4011, logits_real -0.0154, logits_fake -0.0133,
Train Epoch: [9/30] Iters:[230/1093] gen_loss 0.2330, rec_loss 0.0112, lpips_loss 0.1355, g_loss 0.0138, disc_weight 0.4000, disc_adaptive_weight 6.2695, d_loss 0.4010, logits_real -0.0155, logits_fake -0.0135,
Train Epoch: [9/30] Iters:[240/1093] gen_loss 0.2313, rec_loss 0.0111, lpips_loss 0.1348, g_loss 0.0140, disc_weight 0.4000, disc_adaptive_weight 6.1208, d_loss 0.4011, logits_real -0.0158, logits_fake -0.0137,
Train Epoch: [9/30] Iters:[250/1093] gen_loss 0.2291, rec_loss 0.0112, lpips_loss 0.1344, g_loss 0.0141, disc_weight 0.4000, disc_adaptive_weight 5.9497, d_loss 0.4010, logits_real -0.0160, logits_fake -0.0140,
Train Epoch: [9/30] Iters:[260/1093] gen_loss 0.2290, rec_loss 0.0112, lpips_loss 0.1347, g_loss 0.0143, disc_weight 0.4000, disc_adaptive_weight 5.8218, d_loss 0.4010, logits_real -0.0161, logits_fake -0.0142,
Train Epoch: [9/30] Iters:[270/1093] gen_loss 0.2282, rec_loss 0.0112, lpips_loss 0.1344, g_loss 0.0144, disc_weight 0.4000, disc_adaptive_weight 5.7247, d_loss 0.4010, logits_real -0.0163, logits_fake -0.0143,
Train Epoch: [9/30] Iters:[280/1093] gen_loss 0.2310, rec_loss 0.0113, lpips_loss 0.1347, g_loss 0.0147, disc_weight 0.4000, disc_adaptive_weight 5.7871, d_loss 0.4011, logits_real -0.0167, logits_fake -0.0146,
Train Epoch: [9/30] Iters:[290/1093] gen_loss 0.2330, rec_loss 0.0112, lpips_loss 0.1347, g_loss 0.0148, disc_weight 0.4000, disc_adaptive_weight 5.8796, d_loss 0.4011, logits_real -0.0167, logits_fake -0.0147,
Train Epoch: [9/30] Iters:[300/1093] gen_loss 0.2345, rec_loss 0.0111, lpips_loss 0.1353, g_loss 0.0149, disc_weight 0.4000, disc_adaptive_weight 5.8864, d_loss 0.4010, logits_real -0.0168, logits_fake -0.0148,
Train Epoch: [9/30] Iters:[310/1093] gen_loss 0.2388, rec_loss 0.0110, lpips_loss 0.1349, g_loss 0.0152, disc_weight 0.4000, disc_adaptive_weight 6.1012, d_loss 0.4011, logits_real -0.0169, logits_fake -0.0148,
Train Epoch: [9/30] Iters:[320/1093] gen_loss 0.2427, rec_loss 0.0111, lpips_loss 0.1354, g_loss 0.0154, disc_weight 0.4000, disc_adaptive_weight 6.2282, d_loss 0.4011, logits_real -0.0173, logits_fake -0.0150,
Train Epoch: [9/30] Iters:[330/1093] gen_loss 0.2406, rec_loss 0.0110, lpips_loss 0.1350, g_loss 0.0157, disc_weight 0.4000, disc_adaptive_weight 6.0276, d_loss 0.4011, logits_real -0.0175, logits_fake -0.0152,
Train Epoch: [9/30] Iters:[340/1093] gen_loss 0.2465, rec_loss 0.0110, lpips_loss 0.1349, g_loss 0.0160, disc_weight 0.4000, disc_adaptive_weight 6.2692, d_loss 0.4011, logits_real -0.0179, logits_fake -0.0156,
Train Epoch: [9/30] Iters:[350/1093] gen_loss 0.2513, rec_loss 0.0111, lpips_loss 0.1343, g_loss 0.0164, disc_weight 0.4000, disc_adaptive_weight 6.4357, d_loss 0.4011, logits_real -0.0183, logits_fake -0.0159,
Train Epoch: [9/30] Iters:[360/1093] gen_loss 0.2489, rec_loss 0.0110, lpips_loss 0.1337, g_loss 0.0166, disc_weight 0.4000, disc_adaptive_weight 6.2656, d_loss 0.4011, logits_real -0.0186, logits_fake -0.0164,
Train Epoch: [9/30] Iters:[370/1093] gen_loss 0.2439, rec_loss 0.0109, lpips_loss 0.1334, g_loss 0.0167, disc_weight 0.4000, disc_adaptive_weight 5.9625, d_loss 0.4010, logits_real -0.0185, logits_fake -0.0166,
Train Epoch: [9/30] Iters:[380/1093] gen_loss 0.2427, rec_loss 0.0109, lpips_loss 0.1333, g_loss 0.0165, disc_weight 0.4000, disc_adaptive_weight 5.9154, d_loss 0.4010, logits_real -0.0183, logits_fake -0.0166,
Train Epoch: [9/30] Iters:[390/1093] gen_loss 0.2407, rec_loss 0.0109, lpips_loss 0.1336, g_loss 0.0163, disc_weight 0.4000, disc_adaptive_weight 5.8560, d_loss 0.4010, logits_real -0.0181, logits_fake -0.0163,
Train Epoch: [9/30] Iters:[400/1093] gen_loss 0.2379, rec_loss 0.0110, lpips_loss 0.1343, g_loss 0.0161, disc_weight 0.4000, disc_adaptive_weight 5.7463, d_loss 0.4010, logits_real -0.0178, logits_fake -0.0162,
Train Epoch: [9/30] Iters:[410/1093] gen_loss 0.2340, rec_loss 0.0111, lpips_loss 0.1349, g_loss 0.0160, disc_weight 0.4000, disc_adaptive_weight 5.5011, d_loss 0.4010, logits_real -0.0177, logits_fake -0.0161,
Train Epoch: [9/30] Iters:[420/1093] gen_loss 0.2346, rec_loss 0.0111, lpips_loss 0.1346, g_loss 0.0161, disc_weight 0.4000, disc_adaptive_weight 5.5256, d_loss 0.4010, logits_real -0.0176, logits_fake -0.0161,
Train Epoch: [9/30] Iters:[430/1093] gen_loss 0.2354, rec_loss 0.0112, lpips_loss 0.1348, g_loss 0.0159, disc_weight 0.4000, disc_adaptive_weight 5.6768, d_loss 0.4010, logits_real -0.0178, logits_fake -0.0160,
Train Epoch: [9/30] Iters:[440/1093] gen_loss 0.2309, rec_loss 0.0111, lpips_loss 0.1343, g_loss 0.0157, disc_weight 0.4000, disc_adaptive_weight 5.4970, d_loss 0.4009, logits_real -0.0175, logits_fake -0.0161,
Train Epoch: [9/30] Iters:[450/1093] gen_loss 0.2320, rec_loss 0.0112, lpips_loss 0.1344, g_loss 0.0157, disc_weight 0.4000, disc_adaptive_weight 5.5566, d_loss 0.4010, logits_real -0.0177, logits_fake -0.0159,
Train Epoch: [9/30] Iters:[460/1093] gen_loss 0.2365, rec_loss 0.0113, lpips_loss 0.1347, g_loss 0.0154, disc_weight 0.4000, disc_adaptive_weight 5.9352, d_loss 0.4010, logits_real -0.0175, logits_fake -0.0157,
Train Epoch: [9/30] Iters:[470/1093] gen_loss 0.2384, rec_loss 0.0114, lpips_loss 0.1349, g_loss 0.0149, disc_weight 0.4000, disc_adaptive_weight 6.2108, d_loss 0.4011, logits_real -0.0175, logits_fake -0.0153,
Train Epoch: [9/30] Iters:[480/1093] gen_loss 0.2389, rec_loss 0.0116, lpips_loss 0.1354, g_loss 0.0150, disc_weight 0.4000, disc_adaptive_weight 6.1153, d_loss 0.4010, logits_real -0.0173, logits_fake -0.0153,
Train Epoch: [9/30] Iters:[490/1093] gen_loss 0.2423, rec_loss 0.0117, lpips_loss 0.1359, g_loss 0.0152, disc_weight 0.4000, disc_adaptive_weight 6.2207, d_loss 0.4011, logits_real -0.0176, logits_fake -0.0154,
Train Epoch: [9/30] Iters:[500/1093] gen_loss 0.2383, rec_loss 0.0116, lpips_loss 0.1354, g_loss 0.0152, disc_weight 0.4000, disc_adaptive_weight 6.0327, d_loss 0.4011, logits_real -0.0177, logits_fake -0.0157,
Train Epoch: [9/30] Iters:[510/1093] gen_loss 0.2341, rec_loss 0.0114, lpips_loss 0.1346, g_loss 0.0153, disc_weight 0.4000, disc_adaptive_weight 5.7738, d_loss 0.4010, logits_real -0.0175, logits_fake -0.0159,
Train Epoch: [9/30] Iters:[520/1093] gen_loss 0.2329, rec_loss 0.0113, lpips_loss 0.1344, g_loss 0.0153, disc_weight 0.4000, disc_adaptive_weight 5.7143, d_loss 0.4009, logits_real -0.0173, logits_fake -0.0159,
Train Epoch: [9/30] Iters:[530/1093] gen_loss 0.2290, rec_loss 0.0110, lpips_loss 0.1336, g_loss 0.0151, disc_weight 0.4000, disc_adaptive_weight 5.6147, d_loss 0.4010, logits_real -0.0171, logits_fake -0.0155,
Train Epoch: [9/30] Iters:[540/1093] gen_loss 0.2271, rec_loss 0.0111, lpips_loss 0.1339, g_loss 0.0148, disc_weight 0.4000, disc_adaptive_weight 5.6446, d_loss 0.4010, logits_real -0.0169, logits_fake -0.0152,
Train Epoch: [9/30] Iters:[550/1093] gen_loss 0.2272, rec_loss 0.0111, lpips_loss 0.1342, g_loss 0.0145, disc_weight 0.4000, disc_adaptive_weight 5.7070, d_loss 0.4011, logits_real -0.0164, logits_fake -0.0144,
Train Epoch: [9/30] Iters:[560/1093] gen_loss 0.2258, rec_loss 0.0112, lpips_loss 0.1346, g_loss 0.0141, disc_weight 0.4000, disc_adaptive_weight 5.7320, d_loss 0.4011, logits_real -0.0162, logits_fake -0.0138,
Train Epoch: [9/30] Iters:[570/1093] gen_loss 0.2260, rec_loss 0.0112, lpips_loss 0.1350, g_loss 0.0141, disc_weight 0.4000, disc_adaptive_weight 5.7428, d_loss 0.4012, logits_real -0.0161, logits_fake -0.0135,
Train Epoch: [9/30] Iters:[580/1093] gen_loss 0.2289, rec_loss 0.0113, lpips_loss 0.1356, g_loss 0.0139, disc_weight 0.4000, disc_adaptive_weight 5.9366, d_loss 0.4012, logits_real -0.0159, logits_fake -0.0134,
Train Epoch: [9/30] Iters:[590/1093] gen_loss 0.2307, rec_loss 0.0113, lpips_loss 0.1355, g_loss 0.0139, disc_weight 0.4000, disc_adaptive_weight 6.0742, d_loss 0.4012, logits_real -0.0159, logits_fake -0.0133,
Train Epoch: [9/30] Iters:[600/1093] gen_loss 0.2317, rec_loss 0.0112, lpips_loss 0.1352, g_loss 0.0140, disc_weight 0.4000, disc_adaptive_weight 6.1199, d_loss 0.4011, logits_real -0.0160, logits_fake -0.0136,
Train Epoch: [9/30] Iters:[610/1093] gen_loss 0.2367, rec_loss 0.0113, lpips_loss 0.1351, g_loss 0.0142, disc_weight 0.4000, disc_adaptive_weight 6.3849, d_loss 0.4011, logits_real -0.0163, logits_fake -0.0140,
Train Epoch: [9/30] Iters:[620/1093] gen_loss 0.2379, rec_loss 0.0113, lpips_loss 0.1352, g_loss 0.0147, disc_weight 0.4000, disc_adaptive_weight 6.3059, d_loss 0.4011, logits_real -0.0166, logits_fake -0.0144,
Train Epoch: [9/30] Iters:[630/1093] gen_loss 0.2376, rec_loss 0.0112, lpips_loss 0.1351, g_loss 0.0151, disc_weight 0.4000, disc_adaptive_weight 6.1452, d_loss 0.4011, logits_real -0.0172, logits_fake -0.0150,
Train Epoch: [9/30] Iters:[640/1093] gen_loss 0.2347, rec_loss 0.0112, lpips_loss 0.1347, g_loss 0.0153, disc_weight 0.4000, disc_adaptive_weight 5.8432, d_loss 0.4011, logits_real -0.0176, logits_fake -0.0153,
Train Epoch: [9/30] Iters:[650/1093] gen_loss 0.2337, rec_loss 0.0112, lpips_loss 0.1345, g_loss 0.0154, disc_weight 0.4000, disc_adaptive_weight 5.7801, d_loss 0.4011, logits_real -0.0178, logits_fake -0.0155,
Train Epoch: [9/30] Iters:[660/1093] gen_loss 0.2325, rec_loss 0.0112, lpips_loss 0.1343, g_loss 0.0154, disc_weight 0.4000, disc_adaptive_weight 5.7053, d_loss 0.4011, logits_real -0.0177, logits_fake -0.0153,
Train Epoch: [9/30] Iters:[670/1093] gen_loss 0.2322, rec_loss 0.0111, lpips_loss 0.1340, g_loss 0.0149, disc_weight 0.4000, disc_adaptive_weight 5.8645, d_loss 0.4011, logits_real -0.0173, logits_fake -0.0149,
Train Epoch: [9/30] Iters:[680/1093] gen_loss 0.2335, rec_loss 0.0113, lpips_loss 0.1340, g_loss 0.0143, disc_weight 0.4000, disc_adaptive_weight 6.2083, d_loss 0.4011, logits_real -0.0169, logits_fake -0.0144,
Train Epoch: [9/30] Iters:[690/1093] gen_loss 0.2364, rec_loss 0.0113, lpips_loss 0.1346, g_loss 0.0138, disc_weight 0.4000, disc_adaptive_weight 6.6164, d_loss 0.4011, logits_real -0.0162, logits_fake -0.0139,
Train Epoch: [9/30] Iters:[700/1093] gen_loss 0.2390, rec_loss 0.0114, lpips_loss 0.1347, g_loss 0.0136, disc_weight 0.4000, disc_adaptive_weight 6.8628, d_loss 0.4011, logits_real -0.0158, logits_fake -0.0138,
Train Epoch: [9/30] Iters:[710/1093] gen_loss 0.2431, rec_loss 0.0114, lpips_loss 0.1353, g_loss 0.0136, disc_weight 0.4000, disc_adaptive_weight 7.1017, d_loss 0.4011, logits_real -0.0159, logits_fake -0.0139,
Train Epoch: [9/30] Iters:[720/1093] gen_loss 0.2417, rec_loss 0.0115, lpips_loss 0.1353, g_loss 0.0138, disc_weight 0.4000, disc_adaptive_weight 6.8976, d_loss 0.4010, logits_real -0.0162, logits_fake -0.0142,
Train Epoch: [9/30] Iters:[730/1093] gen_loss 0.2457, rec_loss 0.0113, lpips_loss 0.1348, g_loss 0.0143, disc_weight 0.4000, disc_adaptive_weight 6.9823, d_loss 0.4010, logits_real -0.0163, logits_fake -0.0145,
Train Epoch: [9/30] Iters:[740/1093] gen_loss 0.2427, rec_loss 0.0113, lpips_loss 0.1344, g_loss 0.0147, disc_weight 0.4000, disc_adaptive_weight 6.6250, d_loss 0.4010, logits_real -0.0168, logits_fake -0.0151,
Train Epoch: [9/30] Iters:[750/1093] gen_loss 0.2414, rec_loss 0.0113, lpips_loss 0.1346, g_loss 0.0147, disc_weight 0.4000, disc_adaptive_weight 6.4935, d_loss 0.4010, logits_real -0.0170, logits_fake -0.0152,
Train Epoch: [9/30] Iters:[760/1093] gen_loss 0.2367, rec_loss 0.0112, lpips_loss 0.1342, g_loss 0.0149, disc_weight 0.4000, disc_adaptive_weight 6.1207, d_loss 0.4010, logits_real -0.0170, logits_fake -0.0153,
Train Epoch: [9/30] Iters:[770/1093] gen_loss 0.2437, rec_loss 0.0112, lpips_loss 0.1345, g_loss 0.0150, disc_weight 0.4000, disc_adaptive_weight 6.4932, d_loss 0.4010, logits_real -0.0172, logits_fake -0.0155,
Train Epoch: [9/30] Iters:[780/1093] gen_loss 0.2435, rec_loss 0.0112, lpips_loss 0.1351, g_loss 0.0150, disc_weight 0.4000, disc_adaptive_weight 6.4618, d_loss 0.4010, logits_real -0.0176, logits_fake -0.0157,
Train Epoch: [9/30] Iters:[790/1093] gen_loss 0.2502, rec_loss 0.0112, lpips_loss 0.1349, g_loss 0.0152, disc_weight 0.4000, disc_adaptive_weight 6.7985, d_loss 0.4010, logits_real -0.0176, logits_fake -0.0157,
Train Epoch: [9/30] Iters:[800/1093] gen_loss 0.2508, rec_loss 0.0112, lpips_loss 0.1346, g_loss 0.0154, disc_weight 0.4000, disc_adaptive_weight 6.7798, d_loss 0.4010, logits_real -0.0180, logits_fake -0.0160,
Train Epoch: [9/30] Iters:[810/1093] gen_loss 0.2515, rec_loss 0.0112, lpips_loss 0.1349, g_loss 0.0155, disc_weight 0.4000, disc_adaptive_weight 6.7723, d_loss 0.4011, logits_real -0.0181, logits_fake -0.0159,
Train Epoch: [9/30] Iters:[820/1093] gen_loss 0.2512, rec_loss 0.0112, lpips_loss 0.1348, g_loss 0.0155, disc_weight 0.4000, disc_adaptive_weight 6.7608, d_loss 0.4011, logits_real -0.0180, logits_fake -0.0158,
Train Epoch: [9/30] Iters:[830/1093] gen_loss 0.2473, rec_loss 0.0112, lpips_loss 0.1345, g_loss 0.0154, disc_weight 0.4000, disc_adaptive_weight 6.5429, d_loss 0.4011, logits_real -0.0178, logits_fake -0.0154,
Train Epoch: [9/30] Iters:[840/1093] gen_loss 0.2411, rec_loss 0.0112, lpips_loss 0.1345, g_loss 0.0154, disc_weight 0.4000, disc_adaptive_weight 6.1707, d_loss 0.4011, logits_real -0.0177, logits_fake -0.0154,
Train Epoch: [9/30] Iters:[850/1093] gen_loss 0.2471, rec_loss 0.0112, lpips_loss 0.1348, g_loss 0.0157, disc_weight 0.4000, disc_adaptive_weight 6.4229, d_loss 0.4011, logits_real -0.0178, logits_fake -0.0154,
Train Epoch: [9/30] Iters:[860/1093] gen_loss 0.2458, rec_loss 0.0112, lpips_loss 0.1347, g_loss 0.0160, disc_weight 0.4000, disc_adaptive_weight 6.2489, d_loss 0.4011, logits_real -0.0181, logits_fake -0.0157,
Train Epoch: [9/30] Iters:[870/1093] gen_loss 0.2457, rec_loss 0.0112, lpips_loss 0.1346, g_loss 0.0162, disc_weight 0.4000, disc_adaptive_weight 6.1769, d_loss 0.4011, logits_real -0.0183, logits_fake -0.0159,
Train Epoch: [9/30] Iters:[880/1093] gen_loss 0.2458, rec_loss 0.0112, lpips_loss 0.1345, g_loss 0.0164, disc_weight 0.4000, disc_adaptive_weight 6.0812, d_loss 0.4011, logits_real -0.0186, logits_fake -0.0162,
Train Epoch: [9/30] Iters:[890/1093] gen_loss 0.2477, rec_loss 0.0112, lpips_loss 0.1346, g_loss 0.0166, disc_weight 0.4000, disc_adaptive_weight 6.1474, d_loss 0.4011, logits_real -0.0188, logits_fake -0.0165,
Train Epoch: [9/30] Iters:[900/1093] gen_loss 0.2471, rec_loss 0.0113, lpips_loss 0.1344, g_loss 0.0167, disc_weight 0.4000, disc_adaptive_weight 6.0802, d_loss 0.4011, logits_real -0.0190, logits_fake -0.0166,
Train Epoch: [9/30] Iters:[910/1093] gen_loss 0.2477, rec_loss 0.0112, lpips_loss 0.1342, g_loss 0.0165, disc_weight 0.4000, disc_adaptive_weight 6.1746, d_loss 0.4011, logits_real -0.0188, logits_fake -0.0165,
Train Epoch: [9/30] Iters:[920/1093] gen_loss 0.2406, rec_loss 0.0111, lpips_loss 0.1343, g_loss 0.0164, disc_weight 0.4000, disc_adaptive_weight 5.7844, d_loss 0.4010, logits_real -0.0184, logits_fake -0.0165,
Train Epoch: [9/30] Iters:[930/1093] gen_loss 0.2383, rec_loss 0.0111, lpips_loss 0.1344, g_loss 0.0164, disc_weight 0.4000, disc_adaptive_weight 5.6508, d_loss 0.4009, logits_real -0.0180, logits_fake -0.0164,
Train Epoch: [9/30] Iters:[940/1093] gen_loss 0.2377, rec_loss 0.0112, lpips_loss 0.1348, g_loss 0.0161, disc_weight 0.4000, disc_adaptive_weight 5.6928, d_loss 0.4010, logits_real -0.0180, logits_fake -0.0163,
Train Epoch: [9/30] Iters:[950/1093] gen_loss 0.2322, rec_loss 0.0112, lpips_loss 0.1354, g_loss 0.0159, disc_weight 0.4000, disc_adaptive_weight 5.4179, d_loss 0.4010, logits_real -0.0177, logits_fake -0.0159,
Train Epoch: [9/30] Iters:[960/1093] gen_loss 0.2375, rec_loss 0.0112, lpips_loss 0.1353, g_loss 0.0158, disc_weight 0.4000, disc_adaptive_weight 5.7597, d_loss 0.4010, logits_real -0.0177, logits_fake -0.0158,
Train Epoch: [9/30] Iters:[970/1093] gen_loss 0.2431, rec_loss 0.0112, lpips_loss 0.1352, g_loss 0.0156, disc_weight 0.4000, disc_adaptive_weight 6.2419, d_loss 0.4011, logits_real -0.0177, logits_fake -0.0156,
Train Epoch: [9/30] Iters:[980/1093] gen_loss 0.2545, rec_loss 0.0114, lpips_loss 0.1355, g_loss 0.0153, disc_weight 0.4000, disc_adaptive_weight 7.1081, d_loss 0.4011, logits_real -0.0176, logits_fake -0.0155,
Train Epoch: [9/30] Iters:[990/1093] gen_loss 0.2513, rec_loss 0.0115, lpips_loss 0.1356, g_loss 0.0152, disc_weight 0.4000, disc_adaptive_weight 6.9136, d_loss 0.4010, logits_real -0.0171, logits_fake -0.0149,
Train Epoch: [9/30] Iters:[1000/1093] gen_loss 0.2525, rec_loss 0.0114, lpips_loss 0.1351, g_loss 0.0150, disc_weight 0.4000, disc_adaptive_weight 7.0793, d_loss 0.4010, logits_real -0.0167, logits_fake -0.0147,
Train Epoch: [9/30] Iters:[1010/1093] gen_loss 0.2426, rec_loss 0.0116, lpips_loss 0.1353, g_loss 0.0144, disc_weight 0.4000, disc_adaptive_weight 6.6804, d_loss 0.4011, logits_real -0.0164, logits_fake -0.0141,
Train Epoch: [9/30] Iters:[1020/1093] gen_loss 0.2351, rec_loss 0.0115, lpips_loss 0.1349, g_loss 0.0141, disc_weight 0.4000, disc_adaptive_weight 6.2956, d_loss 0.4011, logits_real -0.0161, logits_fake -0.0138,
Train Epoch: [9/30] Iters:[1030/1093] gen_loss 0.2249, rec_loss 0.0114, lpips_loss 0.1348, g_loss 0.0137, disc_weight 0.4000, disc_adaptive_weight 5.7808, d_loss 0.4011, logits_real -0.0158, logits_fake -0.0134,
Train Epoch: [9/30] Iters:[1040/1093] gen_loss 0.2218, rec_loss 0.0112, lpips_loss 0.1343, g_loss 0.0134, disc_weight 0.4000, disc_adaptive_weight 5.7288, d_loss 0.4011, logits_real -0.0156, logits_fake -0.0131,
Train Epoch: [9/30] Iters:[1050/1093] gen_loss 0.2173, rec_loss 0.0111, lpips_loss 0.1343, g_loss 0.0129, disc_weight 0.4000, disc_adaptive_weight 5.6724, d_loss 0.4011, logits_real -0.0153, logits_fake -0.0129,
Train Epoch: [9/30] Iters:[1060/1093] gen_loss 0.2256, rec_loss 0.0110, lpips_loss 0.1341, g_loss 0.0127, disc_weight 0.4000, disc_adaptive_weight 6.4261, d_loss 0.4010, logits_real -0.0150, logits_fake -0.0128,
Train Epoch: [9/30] Iters:[1070/1093] gen_loss 0.2296, rec_loss 0.0112, lpips_loss 0.1352, g_loss 0.0123, disc_weight 0.4000, disc_adaptive_weight 6.8361, d_loss 0.4010, logits_real -0.0146, logits_fake -0.0124,
Train Epoch: [9/30] Iters:[1080/1093] gen_loss 0.2292, rec_loss 0.0111, lpips_loss 0.1345, g_loss 0.0122, disc_weight 0.4000, disc_adaptive_weight 6.9152, d_loss 0.4010, logits_real -0.0145, logits_fake -0.0123,
Train Epoch: [9/30] Iters:[1090/1093] gen_loss 0.2324, rec_loss 0.0111, lpips_loss 0.1346, g_loss 0.0121, disc_weight 0.4000, disc_adaptive_weight 7.2002, d_loss 0.4010, logits_real -0.0144, logits_fake -0.0123,
epoch:10, cur_lr:0.000010
Train Epoch: [10/30] Iters:[10/1093] gen_loss 0.2348, rec_loss 0.0114, lpips_loss 0.1346, g_loss 0.0130, disc_weight 0.4000, disc_adaptive_weight 6.7234, d_loss 0.4009, logits_real -0.0144, logits_fake -0.0127,
Train Epoch: [10/30] Iters:[20/1093] gen_loss 0.2459, rec_loss 0.0115, lpips_loss 0.1354, g_loss 0.0131, disc_weight 0.4000, disc_adaptive_weight 7.4495, d_loss 0.4010, logits_real -0.0150, logits_fake -0.0131,
Train Epoch: [10/30] Iters:[30/1093] gen_loss 0.2433, rec_loss 0.0116, lpips_loss 0.1355, g_loss 0.0134, disc_weight 0.4000, disc_adaptive_weight 7.1282, d_loss 0.4010, logits_real -0.0152, logits_fake -0.0131,
Train Epoch: [10/30] Iters:[40/1093] gen_loss 0.2404, rec_loss 0.0115, lpips_loss 0.1353, g_loss 0.0135, disc_weight 0.4000, disc_adaptive_weight 6.9266, d_loss 0.4010, logits_real -0.0151, logits_fake -0.0131,
Train Epoch: [10/30] Iters:[50/1093] gen_loss 0.2348, rec_loss 0.0114, lpips_loss 0.1352, g_loss 0.0134, disc_weight 0.4000, disc_adaptive_weight 6.5722, d_loss 0.4010, logits_real -0.0150, logits_fake -0.0130,
Train Epoch: [10/30] Iters:[60/1093] gen_loss 0.2330, rec_loss 0.0114, lpips_loss 0.1354, g_loss 0.0134, disc_weight 0.4000, disc_adaptive_weight 6.4210, d_loss 0.4010, logits_real -0.0152, logits_fake -0.0131,
Train Epoch: [10/30] Iters:[70/1093] gen_loss 0.2296, rec_loss 0.0112, lpips_loss 0.1346, g_loss 0.0135, disc_weight 0.4000, disc_adaptive_weight 6.1980, d_loss 0.4010, logits_real -0.0154, logits_fake -0.0132,
Train Epoch: [10/30] Iters:[80/1093] gen_loss 0.2291, rec_loss 0.0113, lpips_loss 0.1348, g_loss 0.0135, disc_weight 0.4000, disc_adaptive_weight 6.1528, d_loss 0.4010, logits_real -0.0155, logits_fake -0.0133,
Train Epoch: [10/30] Iters:[90/1093] gen_loss 0.2279, rec_loss 0.0112, lpips_loss 0.1348, g_loss 0.0136, disc_weight 0.4000, disc_adaptive_weight 6.0462, d_loss 0.4010, logits_real -0.0157, logits_fake -0.0135,
Train Epoch: [10/30] Iters:[100/1093] gen_loss 0.2323, rec_loss 0.0114, lpips_loss 0.1350, g_loss 0.0137, disc_weight 0.4000, disc_adaptive_weight 6.2860, d_loss 0.4010, logits_real -0.0159, logits_fake -0.0138,
Train Epoch: [10/30] Iters:[110/1093] gen_loss 0.2333, rec_loss 0.0113, lpips_loss 0.1354, g_loss 0.0139, disc_weight 0.4000, disc_adaptive_weight 6.2427, d_loss 0.4010, logits_real -0.0160, logits_fake -0.0139,
Train Epoch: [10/30] Iters:[120/1093] gen_loss 0.2299, rec_loss 0.0115, lpips_loss 0.1358, g_loss 0.0140, disc_weight 0.4000, disc_adaptive_weight 5.9081, d_loss 0.4010, logits_real -0.0159, logits_fake -0.0140,
Train Epoch: [10/30] Iters:[130/1093] gen_loss 0.2251, rec_loss 0.0113, lpips_loss 0.1353, g_loss 0.0141, disc_weight 0.4000, disc_adaptive_weight 5.5959, d_loss 0.4010, logits_real -0.0159, logits_fake -0.0140,
Train Epoch: [10/30] Iters:[140/1093] gen_loss 0.2289, rec_loss 0.0114, lpips_loss 0.1355, g_loss 0.0141, disc_weight 0.4000, disc_adaptive_weight 5.8363, d_loss 0.4009, logits_real -0.0159, logits_fake -0.0140,
Train Epoch: [10/30] Iters:[150/1093] gen_loss 0.2286, rec_loss 0.0115, lpips_loss 0.1353, g_loss 0.0142, disc_weight 0.4000, disc_adaptive_weight 5.8002, d_loss 0.4010, logits_real -0.0160, logits_fake -0.0141,
Train Epoch: [10/30] Iters:[160/1093] gen_loss 0.2267, rec_loss 0.0114, lpips_loss 0.1349, g_loss 0.0142, disc_weight 0.4000, disc_adaptive_weight 5.6716, d_loss 0.4010, logits_real -0.0161, logits_fake -0.0142,
Train Epoch: [10/30] Iters:[170/1093] gen_loss 0.2280, rec_loss 0.0113, lpips_loss 0.1347, g_loss 0.0142, disc_weight 0.4000, disc_adaptive_weight 5.7799, d_loss 0.4010, logits_real -0.0162, logits_fake -0.0142,
Train Epoch: [10/30] Iters:[180/1093] gen_loss 0.2337, rec_loss 0.0114, lpips_loss 0.1347, g_loss 0.0145, disc_weight 0.4000, disc_adaptive_weight 6.0708, d_loss 0.4010, logits_real -0.0165, logits_fake -0.0144,
Train Epoch: [10/30] Iters:[190/1093] gen_loss 0.2356, rec_loss 0.0113, lpips_loss 0.1345, g_loss 0.0148, disc_weight 0.4000, disc_adaptive_weight 6.0813, d_loss 0.4010, logits_real -0.0169, logits_fake -0.0147,
Train Epoch: [10/30] Iters:[200/1093] gen_loss 0.2406, rec_loss 0.0112, lpips_loss 0.1347, g_loss 0.0150, disc_weight 0.4000, disc_adaptive_weight 6.3150, d_loss 0.4010, logits_real -0.0169, logits_fake -0.0148,
Train Epoch: [10/30] Iters:[210/1093] gen_loss 0.2433, rec_loss 0.0112, lpips_loss 0.1346, g_loss 0.0149, disc_weight 0.4000, disc_adaptive_weight 6.5304, d_loss 0.4010, logits_real -0.0170, logits_fake -0.0147,
Train Epoch: [10/30] Iters:[220/1093] gen_loss 0.2416, rec_loss 0.0111, lpips_loss 0.1348, g_loss 0.0150, disc_weight 0.4000, disc_adaptive_weight 6.3844, d_loss 0.4010, logits_real -0.0171, logits_fake -0.0147,
Train Epoch: [10/30] Iters:[230/1093] gen_loss 0.2402, rec_loss 0.0112, lpips_loss 0.1345, g_loss 0.0149, disc_weight 0.4000, disc_adaptive_weight 6.3349, d_loss 0.4010, logits_real -0.0168, logits_fake -0.0148,
Train Epoch: [10/30] Iters:[240/1093] gen_loss 0.2309, rec_loss 0.0111, lpips_loss 0.1338, g_loss 0.0147, disc_weight 0.4000, disc_adaptive_weight 5.8511, d_loss 0.4010, logits_real -0.0166, logits_fake -0.0145,
Train Epoch: [10/30] Iters:[250/1093] gen_loss 0.2246, rec_loss 0.0109, lpips_loss 0.1334, g_loss 0.0145, disc_weight 0.4000, disc_adaptive_weight 5.5438, d_loss 0.4010, logits_real -0.0165, logits_fake -0.0144,
Train Epoch: [10/30] Iters:[260/1093] gen_loss 0.2254, rec_loss 0.0109, lpips_loss 0.1335, g_loss 0.0145, disc_weight 0.4000, disc_adaptive_weight 5.6119, d_loss 0.4010, logits_real -0.0166, logits_fake -0.0144,
Train Epoch: [10/30] Iters:[270/1093] gen_loss 0.2269, rec_loss 0.0110, lpips_loss 0.1335, g_loss 0.0144, disc_weight 0.4000, disc_adaptive_weight 5.7129, d_loss 0.4010, logits_real -0.0165, logits_fake -0.0144,
Train Epoch: [10/30] Iters:[280/1093] gen_loss 0.2318, rec_loss 0.0109, lpips_loss 0.1340, g_loss 0.0144, disc_weight 0.4000, disc_adaptive_weight 6.0313, d_loss 0.4011, logits_real -0.0166, logits_fake -0.0143,
Train Epoch: [10/30] Iters:[290/1093] gen_loss 0.2411, rec_loss 0.0111, lpips_loss 0.1349, g_loss 0.0145, disc_weight 0.4000, disc_adaptive_weight 6.5906, d_loss 0.4010, logits_real -0.0166, logits_fake -0.0144,
Train Epoch: [10/30] Iters:[300/1093] gen_loss 0.2432, rec_loss 0.0113, lpips_loss 0.1354, g_loss 0.0144, disc_weight 0.4000, disc_adaptive_weight 6.6931, d_loss 0.4010, logits_real -0.0165, logits_fake -0.0143,
Train Epoch: [10/30] Iters:[310/1093] gen_loss 0.2398, rec_loss 0.0113, lpips_loss 0.1350, g_loss 0.0144, disc_weight 0.4000, disc_adaptive_weight 6.4753, d_loss 0.4010, logits_real -0.0165, logits_fake -0.0144,
Train Epoch: [10/30] Iters:[320/1093] gen_loss 0.2455, rec_loss 0.0113, lpips_loss 0.1352, g_loss 0.0145, disc_weight 0.4000, disc_adaptive_weight 6.8358, d_loss 0.4009, logits_real -0.0163, logits_fake -0.0144,
Train Epoch: [10/30] Iters:[330/1093] gen_loss 0.2418, rec_loss 0.0114, lpips_loss 0.1353, g_loss 0.0140, disc_weight 0.4000, disc_adaptive_weight 6.8053, d_loss 0.4009, logits_real -0.0160, logits_fake -0.0143,
Train Epoch: [10/30] Iters:[340/1093] gen_loss 0.2418, rec_loss 0.0115, lpips_loss 0.1353, g_loss 0.0140, disc_weight 0.4000, disc_adaptive_weight 6.7726, d_loss 0.4009, logits_real -0.0159, logits_fake -0.0140,
Train Epoch: [10/30] Iters:[350/1093] gen_loss 0.2402, rec_loss 0.0114, lpips_loss 0.1346, g_loss 0.0142, disc_weight 0.4000, disc_adaptive_weight 6.6431, d_loss 0.4010, logits_real -0.0159, logits_fake -0.0139,
Train Epoch: [10/30] Iters:[360/1093] gen_loss 0.2418, rec_loss 0.0114, lpips_loss 0.1350, g_loss 0.0145, disc_weight 0.4000, disc_adaptive_weight 6.6175, d_loss 0.4010, logits_real -0.0161, logits_fake -0.0141,
Train Epoch: [10/30] Iters:[370/1093] gen_loss 0.2371, rec_loss 0.0114, lpips_loss 0.1349, g_loss 0.0145, disc_weight 0.4000, disc_adaptive_weight 6.2971, d_loss 0.4010, logits_real -0.0165, logits_fake -0.0143,
Train Epoch: [10/30] Iters:[380/1093] gen_loss 0.2364, rec_loss 0.0114, lpips_loss 0.1350, g_loss 0.0152, disc_weight 0.4000, disc_adaptive_weight 5.9238, d_loss 0.4010, logits_real -0.0169, logits_fake -0.0147,
Train Epoch: [10/30] Iters:[390/1093] gen_loss 0.2296, rec_loss 0.0112, lpips_loss 0.1349, g_loss 0.0154, disc_weight 0.4000, disc_adaptive_weight 5.4247, d_loss 0.4010, logits_real -0.0174, logits_fake -0.0152,
Train Epoch: [10/30] Iters:[400/1093] gen_loss 0.2321, rec_loss 0.0113, lpips_loss 0.1355, g_loss 0.0155, disc_weight 0.4000, disc_adaptive_weight 5.5059, d_loss 0.4009, logits_real -0.0175, logits_fake -0.0156,
Train Epoch: [10/30] Iters:[410/1093] gen_loss 0.2327, rec_loss 0.0112, lpips_loss 0.1350, g_loss 0.0156, disc_weight 0.4000, disc_adaptive_weight 5.5731, d_loss 0.4009, logits_real -0.0176, logits_fake -0.0157,
Train Epoch: [10/30] Iters:[420/1093] gen_loss 0.2376, rec_loss 0.0113, lpips_loss 0.1352, g_loss 0.0158, disc_weight 0.4000, disc_adaptive_weight 5.7814, d_loss 0.4009, logits_real -0.0175, logits_fake -0.0159,
Train Epoch: [10/30] Iters:[430/1093] gen_loss 0.2422, rec_loss 0.0112, lpips_loss 0.1347, g_loss 0.0158, disc_weight 0.4000, disc_adaptive_weight 6.0801, d_loss 0.4009, logits_real -0.0179, logits_fake -0.0159,
Train Epoch: [10/30] Iters:[440/1093] gen_loss 0.2568, rec_loss 0.0114, lpips_loss 0.1348, g_loss 0.0161, disc_weight 0.4000, disc_adaptive_weight 6.8508, d_loss 0.4010, logits_real -0.0181, logits_fake -0.0161,
Train Epoch: [10/30] Iters:[450/1093] gen_loss 0.2623, rec_loss 0.0113, lpips_loss 0.1350, g_loss 0.0164, disc_weight 0.4000, disc_adaptive_weight 7.0894, d_loss 0.4010, logits_real -0.0185, logits_fake -0.0163,
Train Epoch: [10/30] Iters:[460/1093] gen_loss 0.2613, rec_loss 0.0115, lpips_loss 0.1352, g_loss 0.0166, disc_weight 0.4000, disc_adaptive_weight 6.9164, d_loss 0.4010, logits_real -0.0189, logits_fake -0.0165,
Train Epoch: [10/30] Iters:[470/1093] gen_loss 0.2581, rec_loss 0.0115, lpips_loss 0.1346, g_loss 0.0168, disc_weight 0.4000, disc_adaptive_weight 6.7212, d_loss 0.4011, logits_real -0.0191, logits_fake -0.0167,
Train Epoch: [10/30] Iters:[480/1093] gen_loss 0.2559, rec_loss 0.0115, lpips_loss 0.1348, g_loss 0.0168, disc_weight 0.4000, disc_adaptive_weight 6.5580, d_loss 0.4010, logits_real -0.0191, logits_fake -0.0168,
Train Epoch: [10/30] Iters:[490/1093] gen_loss 0.2476, rec_loss 0.0113, lpips_loss 0.1344, g_loss 0.0168, disc_weight 0.4000, disc_adaptive_weight 6.1069, d_loss 0.4010, logits_real -0.0190, logits_fake -0.0169,
Train Epoch: [10/30] Iters:[500/1093] gen_loss 0.2399, rec_loss 0.0113, lpips_loss 0.1339, g_loss 0.0167, disc_weight 0.4000, disc_adaptive_weight 5.6796, d_loss 0.4009, logits_real -0.0190, logits_fake -0.0171,
Train Epoch: [10/30] Iters:[510/1093] gen_loss 0.2418, rec_loss 0.0112, lpips_loss 0.1335, g_loss 0.0165, disc_weight 0.4000, disc_adaptive_weight 5.8987, d_loss 0.4009, logits_real -0.0189, logits_fake -0.0171,
Train Epoch: [10/30] Iters:[520/1093] gen_loss 0.2452, rec_loss 0.0112, lpips_loss 0.1342, g_loss 0.0166, disc_weight 0.4000, disc_adaptive_weight 6.0055, d_loss 0.4009, logits_real -0.0190, logits_fake -0.0171,
Train Epoch: [10/30] Iters:[530/1093] gen_loss 0.2457, rec_loss 0.0113, lpips_loss 0.1341, g_loss 0.0168, disc_weight 0.4000, disc_adaptive_weight 5.9671, d_loss 0.4009, logits_real -0.0191, logits_fake -0.0171,
Train Epoch: [10/30] Iters:[540/1093] gen_loss 0.2506, rec_loss 0.0112, lpips_loss 0.1341, g_loss 0.0171, disc_weight 0.4000, disc_adaptive_weight 6.1494, d_loss 0.4010, logits_real -0.0193, logits_fake -0.0173,
Train Epoch: [10/30] Iters:[550/1093] gen_loss 0.2587, rec_loss 0.0112, lpips_loss 0.1339, g_loss 0.0173, disc_weight 0.4000, disc_adaptive_weight 6.5538, d_loss 0.4010, logits_real -0.0194, logits_fake -0.0173,
Train Epoch: [10/30] Iters:[560/1093] gen_loss 0.2617, rec_loss 0.0112, lpips_loss 0.1344, g_loss 0.0175, disc_weight 0.4000, disc_adaptive_weight 6.6213, d_loss 0.4010, logits_real -0.0194, logits_fake -0.0172,
Train Epoch: [10/30] Iters:[570/1093] gen_loss 0.2580, rec_loss 0.0110, lpips_loss 0.1342, g_loss 0.0174, disc_weight 0.4000, disc_adaptive_weight 6.4647, d_loss 0.4010, logits_real -0.0194, logits_fake -0.0172,
Train Epoch: [10/30] Iters:[580/1093] gen_loss 0.2539, rec_loss 0.0111, lpips_loss 0.1343, g_loss 0.0169, disc_weight 0.4000, disc_adaptive_weight 6.3805, d_loss 0.4010, logits_real -0.0191, logits_fake -0.0168,
Train Epoch: [10/30] Iters:[590/1093] gen_loss 0.2433, rec_loss 0.0110, lpips_loss 0.1345, g_loss 0.0163, disc_weight 0.4000, disc_adaptive_weight 5.9433, d_loss 0.4010, logits_real -0.0185, logits_fake -0.0163,
Train Epoch: [10/30] Iters:[600/1093] gen_loss 0.2367, rec_loss 0.0110, lpips_loss 0.1347, g_loss 0.0161, disc_weight 0.4000, disc_adaptive_weight 5.6331, d_loss 0.4010, logits_real -0.0183, logits_fake -0.0161,
Train Epoch: [10/30] Iters:[610/1093] gen_loss 0.2383, rec_loss 0.0110, lpips_loss 0.1346, g_loss 0.0159, disc_weight 0.4000, disc_adaptive_weight 5.8099, d_loss 0.4010, logits_real -0.0181, logits_fake -0.0160,
Train Epoch: [10/30] Iters:[620/1093] gen_loss 0.2374, rec_loss 0.0111, lpips_loss 0.1348, g_loss 0.0160, disc_weight 0.4000, disc_adaptive_weight 5.7213, d_loss 0.4010, logits_real -0.0181, logits_fake -0.0160,
Train Epoch: [10/30] Iters:[630/1093] gen_loss 0.2368, rec_loss 0.0110, lpips_loss 0.1343, g_loss 0.0162, disc_weight 0.4000, disc_adaptive_weight 5.6421, d_loss 0.4010, logits_real -0.0182, logits_fake -0.0162,
Train Epoch: [10/30] Iters:[640/1093] gen_loss 0.2382, rec_loss 0.0111, lpips_loss 0.1346, g_loss 0.0164, disc_weight 0.4000, disc_adaptive_weight 5.6665, d_loss 0.4010, logits_real -0.0183, logits_fake -0.0163,
Train Epoch: [10/30] Iters:[650/1093] gen_loss 0.2385, rec_loss 0.0111, lpips_loss 0.1350, g_loss 0.0161, disc_weight 0.4000, disc_adaptive_weight 5.7433, d_loss 0.4009, logits_real -0.0180, logits_fake -0.0161,
Train Epoch: [10/30] Iters:[660/1093] gen_loss 0.2366, rec_loss 0.0112, lpips_loss 0.1350, g_loss 0.0160, disc_weight 0.4000, disc_adaptive_weight 5.6962, d_loss 0.4009, logits_real -0.0177, logits_fake -0.0158,
Train Epoch: [10/30] Iters:[670/1093] gen_loss 0.2358, rec_loss 0.0111, lpips_loss 0.1343, g_loss 0.0156, disc_weight 0.4000, disc_adaptive_weight 5.8006, d_loss 0.4009, logits_real -0.0174, logits_fake -0.0155,
Train Epoch: [10/30] Iters:[680/1093] gen_loss 0.2361, rec_loss 0.0111, lpips_loss 0.1346, g_loss 0.0154, disc_weight 0.4000, disc_adaptive_weight 5.8846, d_loss 0.4009, logits_real -0.0172, logits_fake -0.0153,
Train Epoch: [10/30] Iters:[690/1093] gen_loss 0.2349, rec_loss 0.0111, lpips_loss 0.1345, g_loss 0.0150, disc_weight 0.4000, disc_adaptive_weight 5.9366, d_loss 0.4009, logits_real -0.0170, logits_fake -0.0150,
Train Epoch: [10/30] Iters:[700/1093] gen_loss 0.2313, rec_loss 0.0111, lpips_loss 0.1337, g_loss 0.0148, disc_weight 0.4000, disc_adaptive_weight 5.8278, d_loss 0.4010, logits_real -0.0168, logits_fake -0.0148,
Train Epoch: [10/30] Iters:[710/1093] gen_loss 0.2306, rec_loss 0.0110, lpips_loss 0.1335, g_loss 0.0145, disc_weight 0.4000, disc_adaptive_weight 5.9755, d_loss 0.4009, logits_real -0.0166, logits_fake -0.0147,
Train Epoch: [10/30] Iters:[720/1093] gen_loss 0.2303, rec_loss 0.0111, lpips_loss 0.1339, g_loss 0.0143, disc_weight 0.4000, disc_adaptive_weight 6.0115, d_loss 0.4010, logits_real -0.0167, logits_fake -0.0144,
Train Epoch: [10/30] Iters:[730/1093] gen_loss 0.2334, rec_loss 0.0111, lpips_loss 0.1338, g_loss 0.0144, disc_weight 0.4000, disc_adaptive_weight 6.1579, d_loss 0.4010, logits_real -0.0167, logits_fake -0.0145,
Train Epoch: [10/30] Iters:[740/1093] gen_loss 0.2356, rec_loss 0.0111, lpips_loss 0.1339, g_loss 0.0147, disc_weight 0.4000, disc_adaptive_weight 6.2199, d_loss 0.4010, logits_real -0.0169, logits_fake -0.0148,
Train Epoch: [10/30] Iters:[750/1093] gen_loss 0.2377, rec_loss 0.0112, lpips_loss 0.1347, g_loss 0.0148, disc_weight 0.4000, disc_adaptive_weight 6.2366, d_loss 0.4010, logits_real -0.0170, logits_fake -0.0149,
Train Epoch: [10/30] Iters:[760/1093] gen_loss 0.2368, rec_loss 0.0113, lpips_loss 0.1352, g_loss 0.0150, disc_weight 0.4000, disc_adaptive_weight 6.0138, d_loss 0.4010, logits_real -0.0171, logits_fake -0.0150,
Train Epoch: [10/30] Iters:[770/1093] gen_loss 0.2408, rec_loss 0.0113, lpips_loss 0.1356, g_loss 0.0155, disc_weight 0.4000, disc_adaptive_weight 6.0331, d_loss 0.4010, logits_real -0.0174, logits_fake -0.0154,
Train Epoch: [10/30] Iters:[780/1093] gen_loss 0.2402, rec_loss 0.0114, lpips_loss 0.1359, g_loss 0.0159, disc_weight 0.4000, disc_adaptive_weight 5.8511, d_loss 0.4009, logits_real -0.0176, logits_fake -0.0157,
Train Epoch: [10/30] Iters:[790/1093] gen_loss 0.2405, rec_loss 0.0114, lpips_loss 0.1357, g_loss 0.0159, disc_weight 0.4000, disc_adaptive_weight 5.8568, d_loss 0.4009, logits_real -0.0178, logits_fake -0.0159,
Train Epoch: [10/30] Iters:[800/1093] gen_loss 0.2467, rec_loss 0.0112, lpips_loss 0.1351, g_loss 0.0163, disc_weight 0.4000, disc_adaptive_weight 6.1401, d_loss 0.4010, logits_real -0.0180, logits_fake -0.0160,
Train Epoch: [10/30] Iters:[810/1093] gen_loss 0.2482, rec_loss 0.0112, lpips_loss 0.1350, g_loss 0.0165, disc_weight 0.4000, disc_adaptive_weight 6.1463, d_loss 0.4010, logits_real -0.0183, logits_fake -0.0161,
Train Epoch: [10/30] Iters:[820/1093] gen_loss 0.2471, rec_loss 0.0111, lpips_loss 0.1346, g_loss 0.0166, disc_weight 0.4000, disc_adaptive_weight 6.0625, d_loss 0.4009, logits_real -0.0181, logits_fake -0.0163,
Train Epoch: [10/30] Iters:[830/1093] gen_loss 0.2478, rec_loss 0.0112, lpips_loss 0.1344, g_loss 0.0163, disc_weight 0.4000, disc_adaptive_weight 6.2539, d_loss 0.4009, logits_real -0.0180, logits_fake -0.0162,
Train Epoch: [10/30] Iters:[840/1093] gen_loss 0.2508, rec_loss 0.0111, lpips_loss 0.1344, g_loss 0.0165, disc_weight 0.4000, disc_adaptive_weight 6.3965, d_loss 0.4010, logits_real -0.0180, logits_fake -0.0160,
Train Epoch: [10/30] Iters:[850/1093] gen_loss 0.2452, rec_loss 0.0112, lpips_loss 0.1346, g_loss 0.0162, disc_weight 0.4000, disc_adaptive_weight 6.1508, d_loss 0.4009, logits_real -0.0179, logits_fake -0.0159,
Train Epoch: [10/30] Iters:[860/1093] gen_loss 0.2444, rec_loss 0.0113, lpips_loss 0.1348, g_loss 0.0161, disc_weight 0.4000, disc_adaptive_weight 6.1395, d_loss 0.4009, logits_real -0.0176, logits_fake -0.0157,
Train Epoch: [10/30] Iters:[870/1093] gen_loss 0.2427, rec_loss 0.0114, lpips_loss 0.1348, g_loss 0.0156, disc_weight 0.4000, disc_adaptive_weight 6.1938, d_loss 0.4009, logits_real -0.0173, logits_fake -0.0155,
Train Epoch: [10/30] Iters:[880/1093] gen_loss 0.2438, rec_loss 0.0113, lpips_loss 0.1348, g_loss 0.0158, disc_weight 0.4000, disc_adaptive_weight 6.2117, d_loss 0.4009, logits_real -0.0173, logits_fake -0.0156,
Train Epoch: [10/30] Iters:[890/1093] gen_loss 0.2426, rec_loss 0.0114, lpips_loss 0.1349, g_loss 0.0156, disc_weight 0.4000, disc_adaptive_weight 6.1705, d_loss 0.4009, logits_real -0.0173, logits_fake -0.0156,
Train Epoch: [10/30] Iters:[900/1093] gen_loss 0.2451, rec_loss 0.0114, lpips_loss 0.1350, g_loss 0.0157, disc_weight 0.4000, disc_adaptive_weight 6.2773, d_loss 0.4009, logits_real -0.0175, logits_fake -0.0157,
Train Epoch: [10/30] Iters:[910/1093] gen_loss 0.2501, rec_loss 0.0114, lpips_loss 0.1352, g_loss 0.0159, disc_weight 0.4000, disc_adaptive_weight 6.4929, d_loss 0.4009, logits_real -0.0177, logits_fake -0.0161,
Train Epoch: [10/30] Iters:[920/1093] gen_loss 0.2494, rec_loss 0.0113, lpips_loss 0.1349, g_loss 0.0163, disc_weight 0.4000, disc_adaptive_weight 6.3209, d_loss 0.4009, logits_real -0.0182, logits_fake -0.0164,
Train Epoch: [10/30] Iters:[930/1093] gen_loss 0.2484, rec_loss 0.0113, lpips_loss 0.1348, g_loss 0.0165, disc_weight 0.4000, disc_adaptive_weight 6.1935, d_loss 0.4009, logits_real -0.0184, logits_fake -0.0165,
Train Epoch: [10/30] Iters:[940/1093] gen_loss 0.2497, rec_loss 0.0112, lpips_loss 0.1346, g_loss 0.0166, disc_weight 0.4000, disc_adaptive_weight 6.2781, d_loss 0.4009, logits_real -0.0183, logits_fake -0.0165,
Train Epoch: [10/30] Iters:[950/1093] gen_loss 0.2463, rec_loss 0.0112, lpips_loss 0.1345, g_loss 0.0164, disc_weight 0.4000, disc_adaptive_weight 6.1802, d_loss 0.4009, logits_real -0.0181, logits_fake -0.0163,
Train Epoch: [10/30] Iters:[960/1093] gen_loss 0.2396, rec_loss 0.0111, lpips_loss 0.1341, g_loss 0.0162, disc_weight 0.4000, disc_adaptive_weight 5.8509, d_loss 0.4009, logits_real -0.0179, logits_fake -0.0161,
Train Epoch: [10/30] Iters:[970/1093] gen_loss 0.2457, rec_loss 0.0111, lpips_loss 0.1344, g_loss 0.0160, disc_weight 0.4000, disc_adaptive_weight 6.2660, d_loss 0.4009, logits_real -0.0176, logits_fake -0.0158,
Train Epoch: [10/30] Iters:[980/1093] gen_loss 0.2446, rec_loss 0.0112, lpips_loss 0.1343, g_loss 0.0153, disc_weight 0.4000, disc_adaptive_weight 6.4473, d_loss 0.4009, logits_real -0.0171, logits_fake -0.0153,
Train Epoch: [10/30] Iters:[990/1093] gen_loss 0.2387, rec_loss 0.0111, lpips_loss 0.1341, g_loss 0.0149, disc_weight 0.4000, disc_adaptive_weight 6.2441, d_loss 0.4009, logits_real -0.0169, logits_fake -0.0149,
Train Epoch: [10/30] Iters:[1000/1093] gen_loss 0.2428, rec_loss 0.0110, lpips_loss 0.1344, g_loss 0.0150, disc_weight 0.4000, disc_adaptive_weight 6.4277, d_loss 0.4009, logits_real -0.0172, logits_fake -0.0151,
Train Epoch: [10/30] Iters:[1010/1093] gen_loss 0.2466, rec_loss 0.0110, lpips_loss 0.1342, g_loss 0.0151, disc_weight 0.4000, disc_adaptive_weight 6.6500, d_loss 0.4010, logits_real -0.0175, logits_fake -0.0152,
Train Epoch: [10/30] Iters:[1020/1093] gen_loss 0.2430, rec_loss 0.0111, lpips_loss 0.1346, g_loss 0.0151, disc_weight 0.4000, disc_adaptive_weight 6.4207, d_loss 0.4010, logits_real -0.0178, logits_fake -0.0154,
Train Epoch: [10/30] Iters:[1030/1093] gen_loss 0.2442, rec_loss 0.0110, lpips_loss 0.1345, g_loss 0.0158, disc_weight 0.4000, disc_adaptive_weight 6.2354, d_loss 0.4010, logits_real -0.0183, logits_fake -0.0159,
Train Epoch: [10/30] Iters:[1040/1093] gen_loss 0.2501, rec_loss 0.0112, lpips_loss 0.1350, g_loss 0.0164, disc_weight 0.4000, disc_adaptive_weight 6.3472, d_loss 0.4010, logits_real -0.0187, logits_fake -0.0163,
Train Epoch: [10/30] Iters:[1050/1093] gen_loss 0.2455, rec_loss 0.0111, lpips_loss 0.1345, g_loss 0.0165, disc_weight 0.4000, disc_adaptive_weight 6.0562, d_loss 0.4009, logits_real -0.0189, logits_fake -0.0168,
Train Epoch: [10/30] Iters:[1060/1093] gen_loss 0.2423, rec_loss 0.0111, lpips_loss 0.1349, g_loss 0.0167, disc_weight 0.4000, disc_adaptive_weight 5.7806, d_loss 0.4009, logits_real -0.0190, logits_fake -0.0170,
Train Epoch: [10/30] Iters:[1070/1093] gen_loss 0.2419, rec_loss 0.0111, lpips_loss 0.1346, g_loss 0.0164, disc_weight 0.4000, disc_adaptive_weight 5.8812, d_loss 0.4009, logits_real -0.0188, logits_fake -0.0167,
Train Epoch: [10/30] Iters:[1080/1093] gen_loss 0.2481, rec_loss 0.0112, lpips_loss 0.1350, g_loss 0.0160, disc_weight 0.4000, disc_adaptive_weight 6.4061, d_loss 0.4010, logits_real -0.0186, logits_fake -0.0164,
Train Epoch: [10/30] Iters:[1090/1093] gen_loss 0.2498, rec_loss 0.0112, lpips_loss 0.1350, g_loss 0.0158, disc_weight 0.4000, disc_adaptive_weight 6.5879, d_loss 0.4010, logits_real -0.0185, logits_fake -0.0163,
Loading pretrained model LPIPS from /home/sunset/.cache/torch/hub/pyiqa/LPIPS_v0.1_alex-df73285e.pth
epoch:11, cur_lr:0.000010
Train Epoch: [11/30] Iters:[10/1093] gen_loss 0.2395, rec_loss 0.0115, lpips_loss 0.1354, g_loss 0.0156, disc_weight 0.4000, disc_adaptive_weight 5.9071, d_loss 0.4008, logits_real -0.0176, logits_fake -0.0161,
Train Epoch: [11/30] Iters:[20/1093] gen_loss 0.2365, rec_loss 0.0115, lpips_loss 0.1355, g_loss 0.0156, disc_weight 0.4000, disc_adaptive_weight 5.7323, d_loss 0.4009, logits_real -0.0177, logits_fake -0.0159,
Train Epoch: [11/30] Iters:[30/1093] gen_loss 0.2359, rec_loss 0.0111, lpips_loss 0.1337, g_loss 0.0156, disc_weight 0.4000, disc_adaptive_weight 5.8078, d_loss 0.4009, logits_real -0.0178, logits_fake -0.0159,
Train Epoch: [11/30] Iters:[40/1093] gen_loss 0.2359, rec_loss 0.0111, lpips_loss 0.1337, g_loss 0.0155, disc_weight 0.4000, disc_adaptive_weight 5.8528, d_loss 0.4009, logits_real -0.0178, logits_fake -0.0159,
Train Epoch: [11/30] Iters:[50/1093] gen_loss 0.2363, rec_loss 0.0111, lpips_loss 0.1339, g_loss 0.0157, disc_weight 0.4000, disc_adaptive_weight 5.7869, d_loss 0.4009, logits_real -0.0177, logits_fake -0.0160,
Train Epoch: [11/30] Iters:[60/1093] gen_loss 0.2357, rec_loss 0.0111, lpips_loss 0.1340, g_loss 0.0156, disc_weight 0.4000, disc_adaptive_weight 5.8148, d_loss 0.4009, logits_real -0.0179, logits_fake -0.0159,
Train Epoch: [11/30] Iters:[70/1093] gen_loss 0.2361, rec_loss 0.0111, lpips_loss 0.1338, g_loss 0.0156, disc_weight 0.4000, disc_adaptive_weight 5.8461, d_loss 0.4009, logits_real -0.0178, logits_fake -0.0159,
Train Epoch: [11/30] Iters:[80/1093] gen_loss 0.2367, rec_loss 0.0112, lpips_loss 0.1344, g_loss 0.0156, disc_weight 0.4000, disc_adaptive_weight 5.8586, d_loss 0.4009, logits_real -0.0177, logits_fake -0.0159,
Train Epoch: [11/30] Iters:[90/1093] gen_loss 0.2392, rec_loss 0.0112, lpips_loss 0.1341, g_loss 0.0158, disc_weight 0.4000, disc_adaptive_weight 5.9697, d_loss 0.4009, logits_real -0.0177, logits_fake -0.0158,
Train Epoch: [11/30] Iters:[100/1093] gen_loss 0.2389, rec_loss 0.0113, lpips_loss 0.1343, g_loss 0.0157, disc_weight 0.4000, disc_adaptive_weight 5.9804, d_loss 0.4010, logits_real -0.0178, logits_fake -0.0157,
Train Epoch: [11/30] Iters:[110/1093] gen_loss 0.2372, rec_loss 0.0112, lpips_loss 0.1342, g_loss 0.0159, disc_weight 0.4000, disc_adaptive_weight 5.7979, d_loss 0.4009, logits_real -0.0177, logits_fake -0.0158,
Train Epoch: [11/30] Iters:[120/1093] gen_loss 0.2379, rec_loss 0.0112, lpips_loss 0.1344, g_loss 0.0158, disc_weight 0.4000, disc_adaptive_weight 5.8254, d_loss 0.4009, logits_real -0.0176, logits_fake -0.0157,
Train Epoch: [11/30] Iters:[130/1093] gen_loss 0.2395, rec_loss 0.0113, lpips_loss 0.1350, g_loss 0.0159, disc_weight 0.4000, disc_adaptive_weight 5.8487, d_loss 0.4010, logits_real -0.0178, logits_fake -0.0156,
Train Epoch: [11/30] Iters:[140/1093] gen_loss 0.2325, rec_loss 0.0113, lpips_loss 0.1354, g_loss 0.0157, disc_weight 0.4000, disc_adaptive_weight 5.4392, d_loss 0.4009, logits_real -0.0178, logits_fake -0.0157,
Train Epoch: [11/30] Iters:[150/1093] gen_loss 0.2340, rec_loss 0.0111, lpips_loss 0.1349, g_loss 0.0157, disc_weight 0.4000, disc_adaptive_weight 5.5898, d_loss 0.4009, logits_real -0.0177, logits_fake -0.0158,
Train Epoch: [11/30] Iters:[160/1093] gen_loss 0.2353, rec_loss 0.0111, lpips_loss 0.1346, g_loss 0.0155, disc_weight 0.4000, disc_adaptive_weight 5.7417, d_loss 0.4009, logits_real -0.0177, logits_fake -0.0157,
Train Epoch: [11/30] Iters:[170/1093] gen_loss 0.2358, rec_loss 0.0111, lpips_loss 0.1344, g_loss 0.0156, disc_weight 0.4000, disc_adaptive_weight 5.8051, d_loss 0.4009, logits_real -0.0178, logits_fake -0.0160,
Train Epoch: [11/30] Iters:[180/1093] gen_loss 0.2384, rec_loss 0.0110, lpips_loss 0.1343, g_loss 0.0155, disc_weight 0.4000, disc_adaptive_weight 5.9874, d_loss 0.4008, logits_real -0.0175, logits_fake -0.0160,
Train Epoch: [11/30] Iters:[190/1093] gen_loss 0.2492, rec_loss 0.0112, lpips_loss 0.1344, g_loss 0.0154, disc_weight 0.4000, disc_adaptive_weight 6.7424, d_loss 0.4009, logits_real -0.0174, logits_fake -0.0158,
Train Epoch: [11/30] Iters:[200/1093] gen_loss 0.2476, rec_loss 0.0113, lpips_loss 0.1343, g_loss 0.0148, disc_weight 0.4000, disc_adaptive_weight 6.8637, d_loss 0.4009, logits_real -0.0173, logits_fake -0.0153,
Train Epoch: [11/30] Iters:[210/1093] gen_loss 0.2480, rec_loss 0.0114, lpips_loss 0.1344, g_loss 0.0146, disc_weight 0.4000, disc_adaptive_weight 6.9606, d_loss 0.4009, logits_real -0.0168, logits_fake -0.0148,
Train Epoch: [11/30] Iters:[220/1093] gen_loss 0.2490, rec_loss 0.0115, lpips_loss 0.1348, g_loss 0.0144, disc_weight 0.4000, disc_adaptive_weight 7.0819, d_loss 0.4010, logits_real -0.0167, logits_fake -0.0145,
Train Epoch: [11/30] Iters:[230/1093] gen_loss 0.2477, rec_loss 0.0115, lpips_loss 0.1339, g_loss 0.0143, disc_weight 0.4000, disc_adaptive_weight 7.1322, d_loss 0.4010, logits_real -0.0167, logits_fake -0.0144,
Train Epoch: [11/30] Iters:[240/1093] gen_loss 0.2422, rec_loss 0.0114, lpips_loss 0.1342, g_loss 0.0142, disc_weight 0.4000, disc_adaptive_weight 6.7983, d_loss 0.4010, logits_real -0.0167, logits_fake -0.0141,
Train Epoch: [11/30] Iters:[250/1093] gen_loss 0.2429, rec_loss 0.0114, lpips_loss 0.1343, g_loss 0.0145, disc_weight 0.4000, disc_adaptive_weight 6.7043, d_loss 0.4010, logits_real -0.0166, logits_fake -0.0144,
Train Epoch: [11/30] Iters:[260/1093] gen_loss 0.2458, rec_loss 0.0114, lpips_loss 0.1342, g_loss 0.0147, disc_weight 0.4000, disc_adaptive_weight 6.8314, d_loss 0.4009, logits_real -0.0168, logits_fake -0.0147,
Train Epoch: [11/30] Iters:[270/1093] gen_loss 0.2423, rec_loss 0.0112, lpips_loss 0.1336, g_loss 0.0147, disc_weight 0.4000, disc_adaptive_weight 6.6746, d_loss 0.4009, logits_real -0.0168, logits_fake -0.0146,
Train Epoch: [11/30] Iters:[280/1093] gen_loss 0.2355, rec_loss 0.0113, lpips_loss 0.1344, g_loss 0.0144, disc_weight 0.4000, disc_adaptive_weight 6.2590, d_loss 0.4009, logits_real -0.0164, logits_fake -0.0143,
Train Epoch: [11/30] Iters:[290/1093] gen_loss 0.2308, rec_loss 0.0113, lpips_loss 0.1343, g_loss 0.0142, disc_weight 0.4000, disc_adaptive_weight 6.0195, d_loss 0.4009, logits_real -0.0159, logits_fake -0.0142,
Train Epoch: [11/30] Iters:[300/1093] gen_loss 0.2313, rec_loss 0.0113, lpips_loss 0.1349, g_loss 0.0139, disc_weight 0.4000, disc_adaptive_weight 6.1528, d_loss 0.4008, logits_real -0.0156, logits_fake -0.0141,
Train Epoch: [11/30] Iters:[310/1093] gen_loss 0.2294, rec_loss 0.0114, lpips_loss 0.1356, g_loss 0.0137, disc_weight 0.4000, disc_adaptive_weight 6.0513, d_loss 0.4008, logits_real -0.0153, logits_fake -0.0140,
Train Epoch: [11/30] Iters:[320/1093] gen_loss 0.2321, rec_loss 0.0116, lpips_loss 0.1360, g_loss 0.0135, disc_weight 0.4000, disc_adaptive_weight 6.2694, d_loss 0.4008, logits_real -0.0154, logits_fake -0.0141,
Train Epoch: [11/30] Iters:[330/1093] gen_loss 0.2331, rec_loss 0.0116, lpips_loss 0.1360, g_loss 0.0135, disc_weight 0.4000, disc_adaptive_weight 6.3620, d_loss 0.4008, logits_real -0.0156, logits_fake -0.0142,
Train Epoch: [11/30] Iters:[340/1093] gen_loss 0.2360, rec_loss 0.0116, lpips_loss 0.1361, g_loss 0.0135, disc_weight 0.4000, disc_adaptive_weight 6.5526, d_loss 0.4008, logits_real -0.0157, logits_fake -0.0143,
Train Epoch: [11/30] Iters:[350/1093] gen_loss 0.2340, rec_loss 0.0116, lpips_loss 0.1356, g_loss 0.0137, disc_weight 0.4000, disc_adaptive_weight 6.3462, d_loss 0.4009, logits_real -0.0161, logits_fake -0.0142,
Train Epoch: [11/30] Iters:[360/1093] gen_loss 0.2331, rec_loss 0.0113, lpips_loss 0.1347, g_loss 0.0138, disc_weight 0.4000, disc_adaptive_weight 6.3041, d_loss 0.4009, logits_real -0.0165, logits_fake -0.0144,
Train Epoch: [11/30] Iters:[370/1093] gen_loss 0.2349, rec_loss 0.0112, lpips_loss 0.1352, g_loss 0.0142, disc_weight 0.4000, disc_adaptive_weight 6.2356, d_loss 0.4010, logits_real -0.0167, logits_fake -0.0145,
Train Epoch: [11/30] Iters:[380/1093] gen_loss 0.2383, rec_loss 0.0112, lpips_loss 0.1350, g_loss 0.0145, disc_weight 0.4000, disc_adaptive_weight 6.3746, d_loss 0.4010, logits_real -0.0168, logits_fake -0.0146,
Train Epoch: [11/30] Iters:[390/1093] gen_loss 0.2426, rec_loss 0.0112, lpips_loss 0.1345, g_loss 0.0147, disc_weight 0.4000, disc_adaptive_weight 6.5706, d_loss 0.4010, logits_real -0.0172, logits_fake -0.0147,
Train Epoch: [11/30] Iters:[400/1093] gen_loss 0.2451, rec_loss 0.0113, lpips_loss 0.1342, g_loss 0.0149, disc_weight 0.4000, disc_adaptive_weight 6.6739, d_loss 0.4009, logits_real -0.0172, logits_fake -0.0151,
Train Epoch: [11/30] Iters:[410/1093] gen_loss 0.2461, rec_loss 0.0114, lpips_loss 0.1344, g_loss 0.0149, disc_weight 0.4000, disc_adaptive_weight 6.7617, d_loss 0.4009, logits_real -0.0171, logits_fake -0.0150,
Train Epoch: [11/30] Iters:[420/1093] gen_loss 0.2448, rec_loss 0.0115, lpips_loss 0.1340, g_loss 0.0145, disc_weight 0.4000, disc_adaptive_weight 6.8492, d_loss 0.4009, logits_real -0.0168, logits_fake -0.0146,
Train Epoch: [11/30] Iters:[430/1093] gen_loss 0.2462, rec_loss 0.0114, lpips_loss 0.1343, g_loss 0.0143, disc_weight 0.4000, disc_adaptive_weight 7.0263, d_loss 0.4009, logits_real -0.0164, logits_fake -0.0146,
Train Epoch: [11/30] Iters:[440/1093] gen_loss 0.2430, rec_loss 0.0115, lpips_loss 0.1347, g_loss 0.0142, disc_weight 0.4000, disc_adaptive_weight 6.8588, d_loss 0.4009, logits_real -0.0163, logits_fake -0.0144,
Train Epoch: [11/30] Iters:[450/1093] gen_loss 0.2437, rec_loss 0.0115, lpips_loss 0.1352, g_loss 0.0141, disc_weight 0.4000, disc_adaptive_weight 6.9160, d_loss 0.4009, logits_real -0.0161, logits_fake -0.0141,
Train Epoch: [11/30] Iters:[460/1093] gen_loss 0.2448, rec_loss 0.0115, lpips_loss 0.1356, g_loss 0.0143, disc_weight 0.4000, disc_adaptive_weight 6.8590, d_loss 0.4009, logits_real -0.0162, logits_fake -0.0142,
Train Epoch: [11/30] Iters:[470/1093] gen_loss 0.2441, rec_loss 0.0115, lpips_loss 0.1355, g_loss 0.0147, disc_weight 0.4000, disc_adaptive_weight 6.6702, d_loss 0.4009, logits_real -0.0166, logits_fake -0.0147,
Train Epoch: [11/30] Iters:[480/1093] gen_loss 0.2416, rec_loss 0.0114, lpips_loss 0.1349, g_loss 0.0152, disc_weight 0.4000, disc_adaptive_weight 6.3274, d_loss 0.4009, logits_real -0.0171, logits_fake -0.0151,
Train Epoch: [11/30] Iters:[490/1093] gen_loss 0.2471, rec_loss 0.0114, lpips_loss 0.1348, g_loss 0.0155, disc_weight 0.4000, disc_adaptive_weight 6.5335, d_loss 0.4009, logits_real -0.0174, logits_fake -0.0155,
Train Epoch: [11/30] Iters:[500/1093] gen_loss 0.2452, rec_loss 0.0113, lpips_loss 0.1347, g_loss 0.0157, disc_weight 0.4000, disc_adaptive_weight 6.3408, d_loss 0.4008, logits_real -0.0176, logits_fake -0.0159,
Train Epoch: [11/30] Iters:[510/1093] gen_loss 0.2408, rec_loss 0.0113, lpips_loss 0.1338, g_loss 0.0158, disc_weight 0.4000, disc_adaptive_weight 6.0863, d_loss 0.4009, logits_real -0.0180, logits_fake -0.0162,
Train Epoch: [11/30] Iters:[520/1093] gen_loss 0.2392, rec_loss 0.0113, lpips_loss 0.1337, g_loss 0.0157, disc_weight 0.4000, disc_adaptive_weight 6.0051, d_loss 0.4009, logits_real -0.0180, logits_fake -0.0160,
Train Epoch: [11/30] Iters:[530/1093] gen_loss 0.2437, rec_loss 0.0115, lpips_loss 0.1344, g_loss 0.0154, disc_weight 0.4000, disc_adaptive_weight 6.3294, d_loss 0.4009, logits_real -0.0178, logits_fake -0.0156,
Train Epoch: [11/30] Iters:[540/1093] gen_loss 0.2392, rec_loss 0.0114, lpips_loss 0.1345, g_loss 0.0155, disc_weight 0.4000, disc_adaptive_weight 6.0388, d_loss 0.4009, logits_real -0.0177, logits_fake -0.0156,
Train Epoch: [11/30] Iters:[550/1093] gen_loss 0.2401, rec_loss 0.0114, lpips_loss 0.1344, g_loss 0.0156, disc_weight 0.4000, disc_adaptive_weight 6.0696, d_loss 0.4009, logits_real -0.0178, logits_fake -0.0157,
Train Epoch: [11/30] Iters:[560/1093] gen_loss 0.2428, rec_loss 0.0114, lpips_loss 0.1347, g_loss 0.0155, disc_weight 0.4000, disc_adaptive_weight 6.2619, d_loss 0.4009, logits_real -0.0176, logits_fake -0.0156,
Train Epoch: [11/30] Iters:[570/1093] gen_loss 0.2423, rec_loss 0.0112, lpips_loss 0.1343, g_loss 0.0157, disc_weight 0.4000, disc_adaptive_weight 6.1913, d_loss 0.4009, logits_real -0.0177, logits_fake -0.0160,
Train Epoch: [11/30] Iters:[580/1093] gen_loss 0.2423, rec_loss 0.0111, lpips_loss 0.1336, g_loss 0.0160, disc_weight 0.4000, disc_adaptive_weight 6.1013, d_loss 0.4008, logits_real -0.0180, logits_fake -0.0163,
Train Epoch: [11/30] Iters:[590/1093] gen_loss 0.2421, rec_loss 0.0112, lpips_loss 0.1339, g_loss 0.0161, disc_weight 0.4000, disc_adaptive_weight 6.0405, d_loss 0.4008, logits_real -0.0180, logits_fake -0.0163,
Train Epoch: [11/30] Iters:[600/1093] gen_loss 0.2399, rec_loss 0.0112, lpips_loss 0.1339, g_loss 0.0160, disc_weight 0.4000, disc_adaptive_weight 5.9556, d_loss 0.4008, logits_real -0.0178, logits_fake -0.0161,
Train Epoch: [11/30] Iters:[610/1093] gen_loss 0.2424, rec_loss 0.0111, lpips_loss 0.1339, g_loss 0.0162, disc_weight 0.4000, disc_adaptive_weight 6.0197, d_loss 0.4008, logits_real -0.0179, logits_fake -0.0161,
Train Epoch: [11/30] Iters:[620/1093] gen_loss 0.2431, rec_loss 0.0112, lpips_loss 0.1344, g_loss 0.0162, disc_weight 0.4000, disc_adaptive_weight 6.0203, d_loss 0.4009, logits_real -0.0178, logits_fake -0.0160,
Train Epoch: [11/30] Iters:[630/1093] gen_loss 0.2414, rec_loss 0.0113, lpips_loss 0.1349, g_loss 0.0161, disc_weight 0.4000, disc_adaptive_weight 5.9155, d_loss 0.4009, logits_real -0.0178, logits_fake -0.0160,
Train Epoch: [11/30] Iters:[640/1093] gen_loss 0.2396, rec_loss 0.0111, lpips_loss 0.1345, g_loss 0.0161, disc_weight 0.4000, disc_adaptive_weight 5.8652, d_loss 0.4009, logits_real -0.0178, logits_fake -0.0159,
Train Epoch: [11/30] Iters:[650/1093] gen_loss 0.2379, rec_loss 0.0113, lpips_loss 0.1346, g_loss 0.0157, disc_weight 0.4000, disc_adaptive_weight 5.8578, d_loss 0.4009, logits_real -0.0176, logits_fake -0.0157,
Train Epoch: [11/30] Iters:[660/1093] gen_loss 0.2356, rec_loss 0.0113, lpips_loss 0.1346, g_loss 0.0151, disc_weight 0.4000, disc_adaptive_weight 5.9606, d_loss 0.4009, logits_real -0.0170, logits_fake -0.0151,
Train Epoch: [11/30] Iters:[670/1093] gen_loss 0.2352, rec_loss 0.0114, lpips_loss 0.1348, g_loss 0.0144, disc_weight 0.4000, disc_adaptive_weight 6.2067, d_loss 0.4009, logits_real -0.0164, logits_fake -0.0145,
Train Epoch: [11/30] Iters:[680/1093] gen_loss 0.2318, rec_loss 0.0112, lpips_loss 0.1343, g_loss 0.0141, disc_weight 0.4000, disc_adaptive_weight 6.1798, d_loss 0.4008, logits_real -0.0160, logits_fake -0.0142,
Train Epoch: [11/30] Iters:[690/1093] gen_loss 0.2332, rec_loss 0.0114, lpips_loss 0.1348, g_loss 0.0141, disc_weight 0.4000, disc_adaptive_weight 6.2322, d_loss 0.4009, logits_real -0.0160, logits_fake -0.0142,
Train Epoch: [11/30] Iters:[700/1093] gen_loss 0.2411, rec_loss 0.0114, lpips_loss 0.1349, g_loss 0.0145, disc_weight 0.4000, disc_adaptive_weight 6.5308, d_loss 0.4008, logits_real -0.0163, logits_fake -0.0146,
Train Epoch: [11/30] Iters:[710/1093] gen_loss 0.2405, rec_loss 0.0114, lpips_loss 0.1348, g_loss 0.0149, disc_weight 0.4000, disc_adaptive_weight 6.3242, d_loss 0.4009, logits_real -0.0167, logits_fake -0.0149,
Train Epoch: [11/30] Iters:[720/1093] gen_loss 0.2396, rec_loss 0.0113, lpips_loss 0.1345, g_loss 0.0154, disc_weight 0.4000, disc_adaptive_weight 6.0534, d_loss 0.4009, logits_real -0.0172, logits_fake -0.0154,
Train Epoch: [11/30] Iters:[730/1093] gen_loss 0.2457, rec_loss 0.0113, lpips_loss 0.1346, g_loss 0.0159, disc_weight 0.4000, disc_adaptive_weight 6.2320, d_loss 0.4009, logits_real -0.0177, logits_fake -0.0158,
Train Epoch: [11/30] Iters:[740/1093] gen_loss 0.2463, rec_loss 0.0111, lpips_loss 0.1346, g_loss 0.0161, disc_weight 0.4000, disc_adaptive_weight 6.2449, d_loss 0.4009, logits_real -0.0179, logits_fake -0.0159,
Train Epoch: [11/30] Iters:[750/1093] gen_loss 0.2477, rec_loss 0.0111, lpips_loss 0.1345, g_loss 0.0164, disc_weight 0.4000, disc_adaptive_weight 6.2216, d_loss 0.4009, logits_real -0.0182, logits_fake -0.0160,
Train Epoch: [11/30] Iters:[760/1093] gen_loss 0.2542, rec_loss 0.0112, lpips_loss 0.1352, g_loss 0.0166, disc_weight 0.4000, disc_adaptive_weight 6.4743, d_loss 0.4010, logits_real -0.0187, logits_fake -0.0163,
Train Epoch: [11/30] Iters:[770/1093] gen_loss 0.2545, rec_loss 0.0112, lpips_loss 0.1353, g_loss 0.0167, disc_weight 0.4000, disc_adaptive_weight 6.4769, d_loss 0.4010, logits_real -0.0187, logits_fake -0.0164,
Train Epoch: [11/30] Iters:[780/1093] gen_loss 0.2505, rec_loss 0.0113, lpips_loss 0.1356, g_loss 0.0163, disc_weight 0.4000, disc_adaptive_weight 6.3566, d_loss 0.4009, logits_real -0.0185, logits_fake -0.0162,
Train Epoch: [11/30] Iters:[790/1093] gen_loss 0.2487, rec_loss 0.0113, lpips_loss 0.1354, g_loss 0.0161, disc_weight 0.4000, disc_adaptive_weight 6.3219, d_loss 0.4009, logits_real -0.0181, logits_fake -0.0160,
Train Epoch: [11/30] Iters:[800/1093] gen_loss 0.2387, rec_loss 0.0112, lpips_loss 0.1351, g_loss 0.0154, disc_weight 0.4000, disc_adaptive_weight 5.9796, d_loss 0.4009, logits_real -0.0175, logits_fake -0.0155,
Train Epoch: [11/30] Iters:[810/1093] gen_loss 0.2284, rec_loss 0.0110, lpips_loss 0.1341, g_loss 0.0149, disc_weight 0.4000, disc_adaptive_weight 5.5846, d_loss 0.4008, logits_real -0.0169, logits_fake -0.0151,
Train Epoch: [11/30] Iters:[820/1093] gen_loss 0.2276, rec_loss 0.0110, lpips_loss 0.1338, g_loss 0.0145, disc_weight 0.4000, disc_adaptive_weight 5.6866, d_loss 0.4009, logits_real -0.0167, logits_fake -0.0147,
Train Epoch: [11/30] Iters:[830/1093] gen_loss 0.2243, rec_loss 0.0109, lpips_loss 0.1335, g_loss 0.0144, disc_weight 0.4000, disc_adaptive_weight 5.5384, d_loss 0.4009, logits_real -0.0163, logits_fake -0.0144,
Train Epoch: [11/30] Iters:[840/1093] gen_loss 0.2262, rec_loss 0.0109, lpips_loss 0.1335, g_loss 0.0143, disc_weight 0.4000, disc_adaptive_weight 5.7257, d_loss 0.4009, logits_real -0.0162, logits_fake -0.0142,
Train Epoch: [11/30] Iters:[850/1093] gen_loss 0.2279, rec_loss 0.0112, lpips_loss 0.1337, g_loss 0.0143, disc_weight 0.4000, disc_adaptive_weight 5.7862, d_loss 0.4009, logits_real -0.0163, logits_fake -0.0142,
Train Epoch: [11/30] Iters:[860/1093] gen_loss 0.2345, rec_loss 0.0112, lpips_loss 0.1340, g_loss 0.0144, disc_weight 0.4000, disc_adaptive_weight 6.1944, d_loss 0.4009, logits_real -0.0163, logits_fake -0.0142,
Train Epoch: [11/30] Iters:[870/1093] gen_loss 0.2323, rec_loss 0.0112, lpips_loss 0.1339, g_loss 0.0143, disc_weight 0.4000, disc_adaptive_weight 6.0754, d_loss 0.4009, logits_real -0.0162, logits_fake -0.0141,
Train Epoch: [11/30] Iters:[880/1093] gen_loss 0.2361, rec_loss 0.0111, lpips_loss 0.1340, g_loss 0.0145, disc_weight 0.4000, disc_adaptive_weight 6.2672, d_loss 0.4009, logits_real -0.0165, logits_fake -0.0145,
Train Epoch: [11/30] Iters:[890/1093] gen_loss 0.2385, rec_loss 0.0113, lpips_loss 0.1341, g_loss 0.0145, disc_weight 0.4000, disc_adaptive_weight 6.3814, d_loss 0.4008, logits_real -0.0166, logits_fake -0.0147,
Train Epoch: [11/30] Iters:[900/1093] gen_loss 0.2410, rec_loss 0.0113, lpips_loss 0.1344, g_loss 0.0147, disc_weight 0.4000, disc_adaptive_weight 6.4576, d_loss 0.4009, logits_real -0.0168, logits_fake -0.0147,
Train Epoch: [11/30] Iters:[910/1093] gen_loss 0.2394, rec_loss 0.0113, lpips_loss 0.1344, g_loss 0.0150, disc_weight 0.4000, disc_adaptive_weight 6.2284, d_loss 0.4009, logits_real -0.0169, logits_fake -0.0148,
Train Epoch: [11/30] Iters:[920/1093] gen_loss 0.2425, rec_loss 0.0114, lpips_loss 0.1346, g_loss 0.0153, disc_weight 0.4000, disc_adaptive_weight 6.3146, d_loss 0.4009, logits_real -0.0172, logits_fake -0.0153,
Train Epoch: [11/30] Iters:[930/1093] gen_loss 0.2390, rec_loss 0.0114, lpips_loss 0.1343, g_loss 0.0155, disc_weight 0.4000, disc_adaptive_weight 6.0289, d_loss 0.4009, logits_real -0.0172, logits_fake -0.0153,
Train Epoch: [11/30] Iters:[940/1093] gen_loss 0.2391, rec_loss 0.0112, lpips_loss 0.1342, g_loss 0.0159, disc_weight 0.4000, disc_adaptive_weight 5.8868, d_loss 0.4009, logits_real -0.0174, logits_fake -0.0155,
Train Epoch: [11/30] Iters:[950/1093] gen_loss 0.2443, rec_loss 0.0111, lpips_loss 0.1339, g_loss 0.0160, disc_weight 0.4000, disc_adaptive_weight 6.2180, d_loss 0.4009, logits_real -0.0176, logits_fake -0.0155,
Train Epoch: [11/30] Iters:[960/1093] gen_loss 0.2415, rec_loss 0.0111, lpips_loss 0.1338, g_loss 0.0158, disc_weight 0.4000, disc_adaptive_weight 6.0814, d_loss 0.4009, logits_real -0.0177, logits_fake -0.0157,
Train Epoch: [11/30] Iters:[970/1093] gen_loss 0.2433, rec_loss 0.0113, lpips_loss 0.1339, g_loss 0.0160, disc_weight 0.4000, disc_adaptive_weight 6.1471, d_loss 0.4009, logits_real -0.0179, logits_fake -0.0157,
Train Epoch: [11/30] Iters:[980/1093] gen_loss 0.2506, rec_loss 0.0113, lpips_loss 0.1342, g_loss 0.0160, disc_weight 0.4000, disc_adaptive_weight 6.5258, d_loss 0.4009, logits_real -0.0180, logits_fake -0.0157,
Train Epoch: [11/30] Iters:[990/1093] gen_loss 0.2488, rec_loss 0.0113, lpips_loss 0.1347, g_loss 0.0158, disc_weight 0.4000, disc_adaptive_weight 6.4841, d_loss 0.4010, logits_real -0.0179, logits_fake -0.0155,
Train Epoch: [11/30] Iters:[1000/1093] gen_loss 0.2485, rec_loss 0.0114, lpips_loss 0.1345, g_loss 0.0156, disc_weight 0.4000, disc_adaptive_weight 6.5562, d_loss 0.4009, logits_real -0.0177, logits_fake -0.0155,
Train Epoch: [11/30] Iters:[1010/1093] gen_loss 0.2482, rec_loss 0.0114, lpips_loss 0.1344, g_loss 0.0156, disc_weight 0.4000, disc_adaptive_weight 6.5344, d_loss 0.4009, logits_real -0.0176, logits_fake -0.0155,
Train Epoch: [11/30] Iters:[1020/1093] gen_loss 0.2483, rec_loss 0.0112, lpips_loss 0.1343, g_loss 0.0155, disc_weight 0.4000, disc_adaptive_weight 6.5875, d_loss 0.4009, logits_real -0.0175, logits_fake -0.0154,
Train Epoch: [11/30] Iters:[1030/1093] gen_loss 0.2465, rec_loss 0.0111, lpips_loss 0.1341, g_loss 0.0153, disc_weight 0.4000, disc_adaptive_weight 6.5955, d_loss 0.4009, logits_real -0.0174, logits_fake -0.0154,
Train Epoch: [11/30] Iters:[1040/1093] gen_loss 0.2463, rec_loss 0.0112, lpips_loss 0.1338, g_loss 0.0154, disc_weight 0.4000, disc_adaptive_weight 6.5491, d_loss 0.4008, logits_real -0.0173, logits_fake -0.0156,
Train Epoch: [11/30] Iters:[1050/1093] gen_loss 0.2429, rec_loss 0.0111, lpips_loss 0.1338, g_loss 0.0155, disc_weight 0.4000, disc_adaptive_weight 6.3079, d_loss 0.4009, logits_real -0.0175, logits_fake -0.0156,
Train Epoch: [11/30] Iters:[1060/1093] gen_loss 0.2460, rec_loss 0.0110, lpips_loss 0.1340, g_loss 0.0157, disc_weight 0.4000, disc_adaptive_weight 6.4146, d_loss 0.4009, logits_real -0.0176, logits_fake -0.0157,
Train Epoch: [11/30] Iters:[1070/1093] gen_loss 0.2465, rec_loss 0.0111, lpips_loss 0.1342, g_loss 0.0159, disc_weight 0.4000, disc_adaptive_weight 6.3571, d_loss 0.4009, logits_real -0.0177, logits_fake -0.0158,
Train Epoch: [11/30] Iters:[1080/1093] gen_loss 0.2448, rec_loss 0.0112, lpips_loss 0.1345, g_loss 0.0159, disc_weight 0.4000, disc_adaptive_weight 6.2312, d_loss 0.4009, logits_real -0.0176, logits_fake -0.0157,
Train Epoch: [11/30] Iters:[1090/1093] gen_loss 0.2462, rec_loss 0.0110, lpips_loss 0.1336, g_loss 0.0157, disc_weight 0.4000, disc_adaptive_weight 6.4825, d_loss 0.4009, logits_real -0.0177, logits_fake -0.0155,
epoch:12, cur_lr:0.000010
Train Epoch: [12/30] Iters:[10/1093] gen_loss 0.2478, rec_loss 0.0114, lpips_loss 0.1352, g_loss 0.0151, disc_weight 0.4000, disc_adaptive_weight 6.6831, d_loss 0.4009, logits_real -0.0172, logits_fake -0.0153,
Train Epoch: [12/30] Iters:[20/1093] gen_loss 0.2390, rec_loss 0.0110, lpips_loss 0.1346, g_loss 0.0154, disc_weight 0.4000, disc_adaptive_weight 6.0620, d_loss 0.4009, logits_real -0.0175, logits_fake -0.0153,
Train Epoch: [12/30] Iters:[30/1093] gen_loss 0.2356, rec_loss 0.0111, lpips_loss 0.1347, g_loss 0.0154, disc_weight 0.4000, disc_adaptive_weight 5.8613, d_loss 0.4009, logits_real -0.0176, logits_fake -0.0153,
Train Epoch: [12/30] Iters:[40/1093] gen_loss 0.2335, rec_loss 0.0111, lpips_loss 0.1346, g_loss 0.0155, disc_weight 0.4000, disc_adaptive_weight 5.6769, d_loss 0.4009, logits_real -0.0176, logits_fake -0.0156,
Train Epoch: [12/30] Iters:[50/1093] gen_loss 0.2325, rec_loss 0.0110, lpips_loss 0.1343, g_loss 0.0157, disc_weight 0.4000, disc_adaptive_weight 5.5554, d_loss 0.4009, logits_real -0.0177, logits_fake -0.0157,
Train Epoch: [12/30] Iters:[60/1093] gen_loss 0.2277, rec_loss 0.0110, lpips_loss 0.1340, g_loss 0.0158, disc_weight 0.4000, disc_adaptive_weight 5.2387, d_loss 0.4008, logits_real -0.0177, logits_fake -0.0158,
Train Epoch: [12/30] Iters:[70/1093] gen_loss 0.2252, rec_loss 0.0109, lpips_loss 0.1333, g_loss 0.0156, disc_weight 0.4000, disc_adaptive_weight 5.2126, d_loss 0.4008, logits_real -0.0175, logits_fake -0.0156,
Train Epoch: [12/30] Iters:[80/1093] gen_loss 0.2252, rec_loss 0.0109, lpips_loss 0.1329, g_loss 0.0153, disc_weight 0.4000, disc_adaptive_weight 5.3577, d_loss 0.4008, logits_real -0.0170, logits_fake -0.0153,
Train Epoch: [12/30] Iters:[90/1093] gen_loss 0.2239, rec_loss 0.0109, lpips_loss 0.1330, g_loss 0.0148, disc_weight 0.4000, disc_adaptive_weight 5.4308, d_loss 0.4008, logits_real -0.0166, logits_fake -0.0147,
Train Epoch: [12/30] Iters:[100/1093] gen_loss 0.2226, rec_loss 0.0109, lpips_loss 0.1328, g_loss 0.0142, disc_weight 0.4000, disc_adaptive_weight 5.5981, d_loss 0.4009, logits_real -0.0160, logits_fake -0.0140,
Train Epoch: [12/30] Iters:[110/1093] gen_loss 0.2229, rec_loss 0.0109, lpips_loss 0.1327, g_loss 0.0137, disc_weight 0.4000, disc_adaptive_weight 5.7990, d_loss 0.4009, logits_real -0.0157, logits_fake -0.0137,
Train Epoch: [12/30] Iters:[120/1093] gen_loss 0.2257, rec_loss 0.0110, lpips_loss 0.1333, g_loss 0.0135, disc_weight 0.4000, disc_adaptive_weight 6.0550, d_loss 0.4009, logits_real -0.0154, logits_fake -0.0135,
Train Epoch: [12/30] Iters:[130/1093] gen_loss 0.2237, rec_loss 0.0110, lpips_loss 0.1338, g_loss 0.0134, disc_weight 0.4000, disc_adaptive_weight 5.9311, d_loss 0.4009, logits_real -0.0154, logits_fake -0.0135,
Train Epoch: [12/30] Iters:[140/1093] gen_loss 0.2227, rec_loss 0.0108, lpips_loss 0.1331, g_loss 0.0134, disc_weight 0.4000, disc_adaptive_weight 5.8798, d_loss 0.4009, logits_real -0.0157, logits_fake -0.0138,
Train Epoch: [12/30] Iters:[150/1093] gen_loss 0.2240, rec_loss 0.0109, lpips_loss 0.1335, g_loss 0.0136, disc_weight 0.4000, disc_adaptive_weight 5.8678, d_loss 0.4009, logits_real -0.0160, logits_fake -0.0140,
Train Epoch: [12/30] Iters:[160/1093] gen_loss 0.2232, rec_loss 0.0109, lpips_loss 0.1336, g_loss 0.0140, disc_weight 0.4000, disc_adaptive_weight 5.6414, d_loss 0.4009, logits_real -0.0162, logits_fake -0.0143,
Train Epoch: [12/30] Iters:[170/1093] gen_loss 0.2232, rec_loss 0.0110, lpips_loss 0.1337, g_loss 0.0142, disc_weight 0.4000, disc_adaptive_weight 5.5128, d_loss 0.4008, logits_real -0.0164, logits_fake -0.0144,
Train Epoch: [12/30] Iters:[180/1093] gen_loss 0.2270, rec_loss 0.0109, lpips_loss 0.1332, g_loss 0.0145, disc_weight 0.4000, disc_adaptive_weight 5.6923, d_loss 0.4008, logits_real -0.0165, logits_fake -0.0147,
Train Epoch: [12/30] Iters:[190/1093] gen_loss 0.2312, rec_loss 0.0110, lpips_loss 0.1339, g_loss 0.0146, disc_weight 0.4000, disc_adaptive_weight 5.8981, d_loss 0.4008, logits_real -0.0164, logits_fake -0.0145,
Train Epoch: [12/30] Iters:[200/1093] gen_loss 0.2304, rec_loss 0.0110, lpips_loss 0.1336, g_loss 0.0144, disc_weight 0.4000, disc_adaptive_weight 5.9416, d_loss 0.4009, logits_real -0.0164, logits_fake -0.0144,
Train Epoch: [12/30] Iters:[210/1093] gen_loss 0.2316, rec_loss 0.0110, lpips_loss 0.1336, g_loss 0.0143, disc_weight 0.4000, disc_adaptive_weight 6.0935, d_loss 0.4008, logits_real -0.0161, logits_fake -0.0142,
Train Epoch: [12/30] Iters:[220/1093] gen_loss 0.2279, rec_loss 0.0110, lpips_loss 0.1335, g_loss 0.0143, disc_weight 0.4000, disc_adaptive_weight 5.8367, d_loss 0.4008, logits_real -0.0161, logits_fake -0.0144,
Train Epoch: [12/30] Iters:[230/1093] gen_loss 0.2309, rec_loss 0.0112, lpips_loss 0.1342, g_loss 0.0143, disc_weight 0.4000, disc_adaptive_weight 5.9948, d_loss 0.4009, logits_real -0.0162, logits_fake -0.0142,
Train Epoch: [12/30] Iters:[240/1093] gen_loss 0.2361, rec_loss 0.0113, lpips_loss 0.1342, g_loss 0.0144, disc_weight 0.4000, disc_adaptive_weight 6.2642, d_loss 0.4008, logits_real -0.0161, logits_fake -0.0145,
Train Epoch: [12/30] Iters:[250/1093] gen_loss 0.2385, rec_loss 0.0112, lpips_loss 0.1345, g_loss 0.0144, disc_weight 0.4000, disc_adaptive_weight 6.4332, d_loss 0.4008, logits_real -0.0164, logits_fake -0.0148,
Train Epoch: [12/30] Iters:[260/1093] gen_loss 0.2415, rec_loss 0.0113, lpips_loss 0.1348, g_loss 0.0144, disc_weight 0.4000, disc_adaptive_weight 6.5799, d_loss 0.4008, logits_real -0.0165, logits_fake -0.0148,
Train Epoch: [12/30] Iters:[270/1093] gen_loss 0.2461, rec_loss 0.0113, lpips_loss 0.1350, g_loss 0.0145, disc_weight 0.4000, disc_adaptive_weight 6.8779, d_loss 0.4009, logits_real -0.0163, logits_fake -0.0143,
Train Epoch: [12/30] Iters:[280/1093] gen_loss 0.2421, rec_loss 0.0113, lpips_loss 0.1352, g_loss 0.0144, disc_weight 0.4000, disc_adaptive_weight 6.6165, d_loss 0.4008, logits_real -0.0161, logits_fake -0.0144,
Train Epoch: [12/30] Iters:[290/1093] gen_loss 0.2402, rec_loss 0.0114, lpips_loss 0.1348, g_loss 0.0144, disc_weight 0.4000, disc_adaptive_weight 6.5286, d_loss 0.4009, logits_real -0.0163, logits_fake -0.0142,
Train Epoch: [12/30] Iters:[300/1093] gen_loss 0.2411, rec_loss 0.0114, lpips_loss 0.1350, g_loss 0.0148, disc_weight 0.4000, disc_adaptive_weight 6.3928, d_loss 0.4009, logits_real -0.0164, logits_fake -0.0142,
Train Epoch: [12/30] Iters:[310/1093] gen_loss 0.2427, rec_loss 0.0114, lpips_loss 0.1347, g_loss 0.0151, disc_weight 0.4000, disc_adaptive_weight 6.4077, d_loss 0.4009, logits_real -0.0167, logits_fake -0.0145,
Train Epoch: [12/30] Iters:[320/1093] gen_loss 0.2414, rec_loss 0.0113, lpips_loss 0.1341, g_loss 0.0154, disc_weight 0.4000, disc_adaptive_weight 6.2201, d_loss 0.4008, logits_real -0.0173, logits_fake -0.0153,
Train Epoch: [12/30] Iters:[330/1093] gen_loss 0.2423, rec_loss 0.0112, lpips_loss 0.1335, g_loss 0.0157, disc_weight 0.4000, disc_adaptive_weight 6.2568, d_loss 0.4009, logits_real -0.0177, logits_fake -0.0154,
Train Epoch: [12/30] Iters:[340/1093] gen_loss 0.2364, rec_loss 0.0110, lpips_loss 0.1335, g_loss 0.0156, disc_weight 0.4000, disc_adaptive_weight 5.8746, d_loss 0.4009, logits_real -0.0176, logits_fake -0.0156,
Train Epoch: [12/30] Iters:[350/1093] gen_loss 0.2344, rec_loss 0.0109, lpips_loss 0.1331, g_loss 0.0157, disc_weight 0.4000, disc_adaptive_weight 5.7712, d_loss 0.4008, logits_real -0.0175, logits_fake -0.0156,
Train Epoch: [12/30] Iters:[360/1093] gen_loss 0.2314, rec_loss 0.0110, lpips_loss 0.1330, g_loss 0.0155, disc_weight 0.4000, disc_adaptive_weight 5.6364, d_loss 0.4008, logits_real -0.0173, logits_fake -0.0153,
Train Epoch: [12/30] Iters:[370/1093] gen_loss 0.2291, rec_loss 0.0109, lpips_loss 0.1332, g_loss 0.0151, disc_weight 0.4000, disc_adaptive_weight 5.6542, d_loss 0.4009, logits_real -0.0170, logits_fake -0.0149,
Train Epoch: [12/30] Iters:[380/1093] gen_loss 0.2256, rec_loss 0.0110, lpips_loss 0.1333, g_loss 0.0148, disc_weight 0.4000, disc_adaptive_weight 5.5119, d_loss 0.4009, logits_real -0.0168, logits_fake -0.0148,
Train Epoch: [12/30] Iters:[390/1093] gen_loss 0.2292, rec_loss 0.0110, lpips_loss 0.1335, g_loss 0.0146, disc_weight 0.4000, disc_adaptive_weight 5.8024, d_loss 0.4009, logits_real -0.0166, logits_fake -0.0146,
Train Epoch: [12/30] Iters:[400/1093] gen_loss 0.2281, rec_loss 0.0110, lpips_loss 0.1336, g_loss 0.0142, disc_weight 0.4000, disc_adaptive_weight 5.8933, d_loss 0.4009, logits_real -0.0164, logits_fake -0.0143,
Train Epoch: [12/30] Iters:[410/1093] gen_loss 0.2290, rec_loss 0.0112, lpips_loss 0.1344, g_loss 0.0139, disc_weight 0.4000, disc_adaptive_weight 6.0684, d_loss 0.4008, logits_real -0.0161, logits_fake -0.0142,
Train Epoch: [12/30] Iters:[420/1093] gen_loss 0.2367, rec_loss 0.0113, lpips_loss 0.1346, g_loss 0.0141, disc_weight 0.4000, disc_adaptive_weight 6.4576, d_loss 0.4008, logits_real -0.0161, logits_fake -0.0143,
Train Epoch: [12/30] Iters:[430/1093] gen_loss 0.2397, rec_loss 0.0112, lpips_loss 0.1346, g_loss 0.0141, disc_weight 0.4000, disc_adaptive_weight 6.6751, d_loss 0.4008, logits_real -0.0162, logits_fake -0.0145,
Train Epoch: [12/30] Iters:[440/1093] gen_loss 0.2394, rec_loss 0.0112, lpips_loss 0.1347, g_loss 0.0145, disc_weight 0.4000, disc_adaptive_weight 6.4986, d_loss 0.4008, logits_real -0.0166, logits_fake -0.0148,
Train Epoch: [12/30] Iters:[450/1093] gen_loss 0.2441, rec_loss 0.0112, lpips_loss 0.1349, g_loss 0.0150, disc_weight 0.4000, disc_adaptive_weight 6.5926, d_loss 0.4008, logits_real -0.0170, logits_fake -0.0152,
Train Epoch: [12/30] Iters:[460/1093] gen_loss 0.2491, rec_loss 0.0112, lpips_loss 0.1348, g_loss 0.0152, disc_weight 0.4000, disc_adaptive_weight 6.8127, d_loss 0.4008, logits_real -0.0173, logits_fake -0.0155,
Train Epoch: [12/30] Iters:[470/1093] gen_loss 0.2471, rec_loss 0.0111, lpips_loss 0.1346, g_loss 0.0153, disc_weight 0.4000, disc_adaptive_weight 6.6538, d_loss 0.4008, logits_real -0.0175, logits_fake -0.0157,
Train Epoch: [12/30] Iters:[480/1093] gen_loss 0.2481, rec_loss 0.0112, lpips_loss 0.1347, g_loss 0.0156, disc_weight 0.4000, disc_adaptive_weight 6.5811, d_loss 0.4008, logits_real -0.0175, logits_fake -0.0157,
Train Epoch: [12/30] Iters:[490/1093] gen_loss 0.2477, rec_loss 0.0112, lpips_loss 0.1344, g_loss 0.0154, disc_weight 0.4000, disc_adaptive_weight 6.6099, d_loss 0.4008, logits_real -0.0174, logits_fake -0.0157,
Train Epoch: [12/30] Iters:[500/1093] gen_loss 0.2461, rec_loss 0.0112, lpips_loss 0.1343, g_loss 0.0153, disc_weight 0.4000, disc_adaptive_weight 6.5640, d_loss 0.4008, logits_real -0.0173, logits_fake -0.0158,
Train Epoch: [12/30] Iters:[510/1093] gen_loss 0.2406, rec_loss 0.0111, lpips_loss 0.1341, g_loss 0.0152, disc_weight 0.4000, disc_adaptive_weight 6.2348, d_loss 0.4008, logits_real -0.0171, logits_fake -0.0155,
Train Epoch: [12/30] Iters:[520/1093] gen_loss 0.2343, rec_loss 0.0111, lpips_loss 0.1342, g_loss 0.0148, disc_weight 0.4000, disc_adaptive_weight 5.9677, d_loss 0.4008, logits_real -0.0171, logits_fake -0.0154,
Train Epoch: [12/30] Iters:[530/1093] gen_loss 0.2326, rec_loss 0.0111, lpips_loss 0.1338, g_loss 0.0148, disc_weight 0.4000, disc_adaptive_weight 5.8966, d_loss 0.4008, logits_real -0.0170, logits_fake -0.0152,
Train Epoch: [12/30] Iters:[540/1093] gen_loss 0.2336, rec_loss 0.0110, lpips_loss 0.1338, g_loss 0.0147, disc_weight 0.4000, disc_adaptive_weight 6.0360, d_loss 0.4008, logits_real -0.0169, logits_fake -0.0150,
Train Epoch: [12/30] Iters:[550/1093] gen_loss 0.2303, rec_loss 0.0110, lpips_loss 0.1337, g_loss 0.0142, disc_weight 0.4000, disc_adaptive_weight 6.0276, d_loss 0.4008, logits_real -0.0165, logits_fake -0.0147,
Train Epoch: [12/30] Iters:[560/1093] gen_loss 0.2304, rec_loss 0.0110, lpips_loss 0.1334, g_loss 0.0142, disc_weight 0.4000, disc_adaptive_weight 6.0669, d_loss 0.4008, logits_real -0.0164, logits_fake -0.0148,
Train Epoch: [12/30] Iters:[570/1093] gen_loss 0.2354, rec_loss 0.0111, lpips_loss 0.1339, g_loss 0.0148, disc_weight 0.4000, disc_adaptive_weight 6.1562, d_loss 0.4008, logits_real -0.0163, logits_fake -0.0148,
Train Epoch: [12/30] Iters:[580/1093] gen_loss 0.2407, rec_loss 0.0110, lpips_loss 0.1339, g_loss 0.0149, disc_weight 0.4000, disc_adaptive_weight 6.4708, d_loss 0.4007, logits_real -0.0166, logits_fake -0.0154,
Train Epoch: [12/30] Iters:[590/1093] gen_loss 0.2393, rec_loss 0.0111, lpips_loss 0.1338, g_loss 0.0151, disc_weight 0.4000, disc_adaptive_weight 6.2886, d_loss 0.4007, logits_real -0.0169, logits_fake -0.0157,
Train Epoch: [12/30] Iters:[600/1093] gen_loss 0.2404, rec_loss 0.0113, lpips_loss 0.1341, g_loss 0.0155, disc_weight 0.4000, disc_adaptive_weight 6.1249, d_loss 0.4008, logits_real -0.0174, logits_fake -0.0159,
Train Epoch: [12/30] Iters:[610/1093] gen_loss 0.2401, rec_loss 0.0113, lpips_loss 0.1336, g_loss 0.0156, disc_weight 0.4000, disc_adaptive_weight 6.0756, d_loss 0.4008, logits_real -0.0175, logits_fake -0.0158,
Train Epoch: [12/30] Iters:[620/1093] gen_loss 0.2404, rec_loss 0.0112, lpips_loss 0.1332, g_loss 0.0154, disc_weight 0.4000, disc_adaptive_weight 6.2166, d_loss 0.4009, logits_real -0.0175, logits_fake -0.0156,
Train Epoch: [12/30] Iters:[630/1093] gen_loss 0.2328, rec_loss 0.0112, lpips_loss 0.1334, g_loss 0.0154, disc_weight 0.4000, disc_adaptive_weight 5.7076, d_loss 0.4009, logits_real -0.0174, logits_fake -0.0154,
Train Epoch: [12/30] Iters:[640/1093] gen_loss 0.2320, rec_loss 0.0112, lpips_loss 0.1336, g_loss 0.0155, disc_weight 0.4000, disc_adaptive_weight 5.6117, d_loss 0.4009, logits_real -0.0175, logits_fake -0.0152,
Train Epoch: [12/30] Iters:[650/1093] gen_loss 0.2301, rec_loss 0.0111, lpips_loss 0.1338, g_loss 0.0156, disc_weight 0.4000, disc_adaptive_weight 5.4745, d_loss 0.4009, logits_real -0.0177, logits_fake -0.0155,
Train Epoch: [12/30] Iters:[660/1093] gen_loss 0.2301, rec_loss 0.0111, lpips_loss 0.1344, g_loss 0.0157, disc_weight 0.4000, disc_adaptive_weight 5.4038, d_loss 0.4009, logits_real -0.0178, logits_fake -0.0156,
Train Epoch: [12/30] Iters:[670/1093] gen_loss 0.2324, rec_loss 0.0111, lpips_loss 0.1345, g_loss 0.0160, disc_weight 0.4000, disc_adaptive_weight 5.4059, d_loss 0.4009, logits_real -0.0181, logits_fake -0.0158,
Train Epoch: [12/30] Iters:[680/1093] gen_loss 0.2359, rec_loss 0.0111, lpips_loss 0.1344, g_loss 0.0162, disc_weight 0.4000, disc_adaptive_weight 5.5874, d_loss 0.4009, logits_real -0.0182, logits_fake -0.0158,
Train Epoch: [12/30] Iters:[690/1093] gen_loss 0.2365, rec_loss 0.0112, lpips_loss 0.1344, g_loss 0.0160, disc_weight 0.4000, disc_adaptive_weight 5.6715, d_loss 0.4009, logits_real -0.0181, logits_fake -0.0159,
Train Epoch: [12/30] Iters:[700/1093] gen_loss 0.2381, rec_loss 0.0112, lpips_loss 0.1337, g_loss 0.0160, disc_weight 0.4000, disc_adaptive_weight 5.8286, d_loss 0.4009, logits_real -0.0178, logits_fake -0.0157,
Train Epoch: [12/30] Iters:[710/1093] gen_loss 0.2391, rec_loss 0.0111, lpips_loss 0.1333, g_loss 0.0158, disc_weight 0.4000, disc_adaptive_weight 5.9837, d_loss 0.4008, logits_real -0.0178, logits_fake -0.0158,
Train Epoch: [12/30] Iters:[720/1093] gen_loss 0.2372, rec_loss 0.0111, lpips_loss 0.1334, g_loss 0.0155, disc_weight 0.4000, disc_adaptive_weight 5.9987, d_loss 0.4008, logits_real -0.0175, logits_fake -0.0155,
Train Epoch: [12/30] Iters:[730/1093] gen_loss 0.2384, rec_loss 0.0113, lpips_loss 0.1339, g_loss 0.0152, disc_weight 0.4000, disc_adaptive_weight 6.1550, d_loss 0.4009, logits_real -0.0172, logits_fake -0.0152,
Train Epoch: [12/30] Iters:[740/1093] gen_loss 0.2398, rec_loss 0.0113, lpips_loss 0.1340, g_loss 0.0150, disc_weight 0.4000, disc_adaptive_weight 6.3096, d_loss 0.4008, logits_real -0.0171, logits_fake -0.0151,
Train Epoch: [12/30] Iters:[750/1093] gen_loss 0.2405, rec_loss 0.0114, lpips_loss 0.1345, g_loss 0.0148, disc_weight 0.4000, disc_adaptive_weight 6.4076, d_loss 0.4009, logits_real -0.0169, logits_fake -0.0148,
Train Epoch: [12/30] Iters:[760/1093] gen_loss 0.2383, rec_loss 0.0115, lpips_loss 0.1349, g_loss 0.0145, disc_weight 0.4000, disc_adaptive_weight 6.3494, d_loss 0.4009, logits_real -0.0166, logits_fake -0.0144,
Train Epoch: [12/30] Iters:[770/1093] gen_loss 0.2347, rec_loss 0.0114, lpips_loss 0.1350, g_loss 0.0140, disc_weight 0.4000, disc_adaptive_weight 6.2741, d_loss 0.4008, logits_real -0.0161, logits_fake -0.0140,
Train Epoch: [12/30] Iters:[780/1093] gen_loss 0.2303, rec_loss 0.0112, lpips_loss 0.1346, g_loss 0.0136, disc_weight 0.4000, disc_adaptive_weight 6.2135, d_loss 0.4008, logits_real -0.0155, logits_fake -0.0136,
Train Epoch: [12/30] Iters:[790/1093] gen_loss 0.2287, rec_loss 0.0112, lpips_loss 0.1344, g_loss 0.0135, disc_weight 0.4000, disc_adaptive_weight 6.1895, d_loss 0.4009, logits_real -0.0153, logits_fake -0.0132,
Train Epoch: [12/30] Iters:[800/1093] gen_loss 0.2275, rec_loss 0.0113, lpips_loss 0.1344, g_loss 0.0134, disc_weight 0.4000, disc_adaptive_weight 6.1503, d_loss 0.4009, logits_real -0.0152, logits_fake -0.0131,
Train Epoch: [12/30] Iters:[810/1093] gen_loss 0.2288, rec_loss 0.0113, lpips_loss 0.1344, g_loss 0.0134, disc_weight 0.4000, disc_adaptive_weight 6.2278, d_loss 0.4009, logits_real -0.0152, logits_fake -0.0130,
Train Epoch: [12/30] Iters:[820/1093] gen_loss 0.2257, rec_loss 0.0113, lpips_loss 0.1342, g_loss 0.0132, disc_weight 0.4000, disc_adaptive_weight 6.0743, d_loss 0.4009, logits_real -0.0152, logits_fake -0.0130,
Train Epoch: [12/30] Iters:[830/1093] gen_loss 0.2243, rec_loss 0.0113, lpips_loss 0.1337, g_loss 0.0133, disc_weight 0.4000, disc_adaptive_weight 5.9698, d_loss 0.4008, logits_real -0.0152, logits_fake -0.0132,
Train Epoch: [12/30] Iters:[840/1093] gen_loss 0.2234, rec_loss 0.0114, lpips_loss 0.1340, g_loss 0.0131, disc_weight 0.4000, disc_adaptive_weight 5.9340, d_loss 0.4008, logits_real -0.0152, logits_fake -0.0132,
Train Epoch: [12/30] Iters:[850/1093] gen_loss 0.2234, rec_loss 0.0113, lpips_loss 0.1339, g_loss 0.0130, disc_weight 0.4000, disc_adaptive_weight 5.9809, d_loss 0.4008, logits_real -0.0152, logits_fake -0.0132,
Train Epoch: [12/30] Iters:[860/1093] gen_loss 0.2227, rec_loss 0.0114, lpips_loss 0.1339, g_loss 0.0130, disc_weight 0.4000, disc_adaptive_weight 5.9261, d_loss 0.4008, logits_real -0.0152, logits_fake -0.0131,
Train Epoch: [12/30] Iters:[870/1093] gen_loss 0.2316, rec_loss 0.0114, lpips_loss 0.1342, g_loss 0.0134, disc_weight 0.4000, disc_adaptive_weight 6.4085, d_loss 0.4008, logits_real -0.0154, logits_fake -0.0134,
Train Epoch: [12/30] Iters:[880/1093] gen_loss 0.2334, rec_loss 0.0116, lpips_loss 0.1350, g_loss 0.0135, disc_weight 0.4000, disc_adaptive_weight 6.4410, d_loss 0.4009, logits_real -0.0156, logits_fake -0.0133,
Train Epoch: [12/30] Iters:[890/1093] gen_loss 0.2327, rec_loss 0.0115, lpips_loss 0.1348, g_loss 0.0134, disc_weight 0.4000, disc_adaptive_weight 6.4091, d_loss 0.4009, logits_real -0.0156, logits_fake -0.0133,
Train Epoch: [12/30] Iters:[900/1093] gen_loss 0.2316, rec_loss 0.0114, lpips_loss 0.1347, g_loss 0.0135, disc_weight 0.4000, disc_adaptive_weight 6.3394, d_loss 0.4009, logits_real -0.0155, logits_fake -0.0133,
Train Epoch: [12/30] Iters:[910/1093] gen_loss 0.2328, rec_loss 0.0113, lpips_loss 0.1344, g_loss 0.0134, disc_weight 0.4000, disc_adaptive_weight 6.5049, d_loss 0.4008, logits_real -0.0154, logits_fake -0.0136,
Train Epoch: [12/30] Iters:[920/1093] gen_loss 0.2298, rec_loss 0.0112, lpips_loss 0.1343, g_loss 0.0132, disc_weight 0.4000, disc_adaptive_weight 6.4039, d_loss 0.4008, logits_real -0.0152, logits_fake -0.0135,
Train Epoch: [12/30] Iters:[930/1093] gen_loss 0.2270, rec_loss 0.0111, lpips_loss 0.1340, g_loss 0.0130, disc_weight 0.4000, disc_adaptive_weight 6.3231, d_loss 0.4007, logits_real -0.0151, logits_fake -0.0135,
Train Epoch: [12/30] Iters:[940/1093] gen_loss 0.2246, rec_loss 0.0111, lpips_loss 0.1338, g_loss 0.0129, disc_weight 0.4000, disc_adaptive_weight 6.1644, d_loss 0.4007, logits_real -0.0150, logits_fake -0.0133,
Train Epoch: [12/30] Iters:[950/1093] gen_loss 0.2242, rec_loss 0.0112, lpips_loss 0.1338, g_loss 0.0128, disc_weight 0.4000, disc_adaptive_weight 6.1791, d_loss 0.4008, logits_real -0.0149, logits_fake -0.0132,
Train Epoch: [12/30] Iters:[960/1093] gen_loss 0.2221, rec_loss 0.0112, lpips_loss 0.1342, g_loss 0.0128, disc_weight 0.4000, disc_adaptive_weight 5.9621, d_loss 0.4008, logits_real -0.0148, logits_fake -0.0129,
Train Epoch: [12/30] Iters:[970/1093] gen_loss 0.2170, rec_loss 0.0112, lpips_loss 0.1341, g_loss 0.0130, disc_weight 0.4000, disc_adaptive_weight 5.5016, d_loss 0.4008, logits_real -0.0150, logits_fake -0.0130,
Train Epoch: [12/30] Iters:[980/1093] gen_loss 0.2207, rec_loss 0.0113, lpips_loss 0.1341, g_loss 0.0136, disc_weight 0.4000, disc_adaptive_weight 5.5290, d_loss 0.4008, logits_real -0.0155, logits_fake -0.0135,
Train Epoch: [12/30] Iters:[990/1093] gen_loss 0.2225, rec_loss 0.0113, lpips_loss 0.1339, g_loss 0.0142, disc_weight 0.4000, disc_adaptive_weight 5.4773, d_loss 0.4008, logits_real -0.0161, logits_fake -0.0141,
Train Epoch: [12/30] Iters:[1000/1093] gen_loss 0.2288, rec_loss 0.0113, lpips_loss 0.1340, g_loss 0.0151, disc_weight 0.4000, disc_adaptive_weight 5.5413, d_loss 0.4008, logits_real -0.0167, logits_fake -0.0149,
Train Epoch: [12/30] Iters:[1010/1093] gen_loss 0.2357, rec_loss 0.0114, lpips_loss 0.1343, g_loss 0.0156, disc_weight 0.4000, disc_adaptive_weight 5.7375, d_loss 0.4008, logits_real -0.0174, logits_fake -0.0157,
Train Epoch: [12/30] Iters:[1020/1093] gen_loss 0.2408, rec_loss 0.0114, lpips_loss 0.1339, g_loss 0.0161, disc_weight 0.4000, disc_adaptive_weight 5.9092, d_loss 0.4008, logits_real -0.0181, logits_fake -0.0162,
Train Epoch: [12/30] Iters:[1030/1093] gen_loss 0.2421, rec_loss 0.0112, lpips_loss 0.1337, g_loss 0.0162, disc_weight 0.4000, disc_adaptive_weight 5.9805, d_loss 0.4008, logits_real -0.0182, logits_fake -0.0163,
Train Epoch: [12/30] Iters:[1040/1093] gen_loss 0.2435, rec_loss 0.0112, lpips_loss 0.1337, g_loss 0.0160, disc_weight 0.4000, disc_adaptive_weight 6.1319, d_loss 0.4008, logits_real -0.0180, logits_fake -0.0161,
Train Epoch: [12/30] Iters:[1050/1093] gen_loss 0.2392, rec_loss 0.0112, lpips_loss 0.1343, g_loss 0.0155, disc_weight 0.4000, disc_adaptive_weight 6.0372, d_loss 0.4008, logits_real -0.0176, logits_fake -0.0156,
Train Epoch: [12/30] Iters:[1060/1093] gen_loss 0.2340, rec_loss 0.0110, lpips_loss 0.1337, g_loss 0.0150, disc_weight 0.4000, disc_adaptive_weight 5.9500, d_loss 0.4008, logits_real -0.0170, logits_fake -0.0151,
Train Epoch: [12/30] Iters:[1070/1093] gen_loss 0.2341, rec_loss 0.0110, lpips_loss 0.1336, g_loss 0.0144, disc_weight 0.4000, disc_adaptive_weight 6.2435, d_loss 0.4008, logits_real -0.0162, logits_fake -0.0145,
Train Epoch: [12/30] Iters:[1080/1093] gen_loss 0.2350, rec_loss 0.0111, lpips_loss 0.1342, g_loss 0.0140, disc_weight 0.4000, disc_adaptive_weight 6.3983, d_loss 0.4008, logits_real -0.0159, logits_fake -0.0141,
Train Epoch: [12/30] Iters:[1090/1093] gen_loss 0.2331, rec_loss 0.0112, lpips_loss 0.1347, g_loss 0.0138, disc_weight 0.4000, disc_adaptive_weight 6.3132, d_loss 0.4008, logits_real -0.0156, logits_fake -0.0138,
epoch:13, cur_lr:0.000010
Train Epoch: [13/30] Iters:[10/1093] gen_loss 0.2297, rec_loss 0.0105, lpips_loss 0.1308, g_loss 0.0134, disc_weight 0.4000, disc_adaptive_weight 6.5498, d_loss 0.4008, logits_real -0.0154, logits_fake -0.0134,
Train Epoch: [13/30] Iters:[20/1093] gen_loss 0.2333, rec_loss 0.0107, lpips_loss 0.1322, g_loss 0.0131, disc_weight 0.4000, disc_adaptive_weight 6.8716, d_loss 0.4008, logits_real -0.0150, logits_fake -0.0131,
Train Epoch: [13/30] Iters:[30/1093] gen_loss 0.2297, rec_loss 0.0111, lpips_loss 0.1325, g_loss 0.0128, disc_weight 0.4000, disc_adaptive_weight 6.6895, d_loss 0.4008, logits_real -0.0147, logits_fake -0.0129,
Train Epoch: [13/30] Iters:[40/1093] gen_loss 0.2285, rec_loss 0.0109, lpips_loss 0.1326, g_loss 0.0130, disc_weight 0.4000, disc_adaptive_weight 6.5022, d_loss 0.4008, logits_real -0.0148, logits_fake -0.0130,
Train Epoch: [13/30] Iters:[50/1093] gen_loss 0.2265, rec_loss 0.0109, lpips_loss 0.1327, g_loss 0.0132, disc_weight 0.4000, disc_adaptive_weight 6.2584, d_loss 0.4008, logits_real -0.0150, logits_fake -0.0132,
Train Epoch: [13/30] Iters:[60/1093] gen_loss 0.2252, rec_loss 0.0109, lpips_loss 0.1332, g_loss 0.0133, disc_weight 0.4000, disc_adaptive_weight 6.1067, d_loss 0.4007, logits_real -0.0149, logits_fake -0.0133,
Train Epoch: [13/30] Iters:[70/1093] gen_loss 0.2238, rec_loss 0.0109, lpips_loss 0.1336, g_loss 0.0134, disc_weight 0.4000, disc_adaptive_weight 5.9096, d_loss 0.4008, logits_real -0.0150, logits_fake -0.0134,
Train Epoch: [13/30] Iters:[80/1093] gen_loss 0.2248, rec_loss 0.0109, lpips_loss 0.1336, g_loss 0.0136, disc_weight 0.4000, disc_adaptive_weight 5.8929, d_loss 0.4008, logits_real -0.0152, logits_fake -0.0134,
Train Epoch: [13/30] Iters:[90/1093] gen_loss 0.2254, rec_loss 0.0110, lpips_loss 0.1340, g_loss 0.0137, disc_weight 0.4000, disc_adaptive_weight 5.8512, d_loss 0.4007, logits_real -0.0153, logits_fake -0.0137,
Train Epoch: [13/30] Iters:[100/1093] gen_loss 0.2318, rec_loss 0.0112, lpips_loss 0.1349, g_loss 0.0136, disc_weight 0.4000, disc_adaptive_weight 6.2803, d_loss 0.4007, logits_real -0.0152, logits_fake -0.0136,
Train Epoch: [13/30] Iters:[110/1093] gen_loss 0.2324, rec_loss 0.0113, lpips_loss 0.1349, g_loss 0.0138, disc_weight 0.4000, disc_adaptive_weight 6.2527, d_loss 0.4007, logits_real -0.0153, logits_fake -0.0138,
Train Epoch: [13/30] Iters:[120/1093] gen_loss 0.2398, rec_loss 0.0114, lpips_loss 0.1345, g_loss 0.0139, disc_weight 0.4000, disc_adaptive_weight 6.7647, d_loss 0.4007, logits_real -0.0155, logits_fake -0.0139,
Train Epoch: [13/30] Iters:[130/1093] gen_loss 0.2412, rec_loss 0.0114, lpips_loss 0.1349, g_loss 0.0140, disc_weight 0.4000, disc_adaptive_weight 6.7905, d_loss 0.4007, logits_real -0.0157, logits_fake -0.0141,
Train Epoch: [13/30] Iters:[140/1093] gen_loss 0.2398, rec_loss 0.0113, lpips_loss 0.1343, g_loss 0.0139, disc_weight 0.4000, disc_adaptive_weight 6.7940, d_loss 0.4007, logits_real -0.0156, logits_fake -0.0142,
Train Epoch: [13/30] Iters:[150/1093] gen_loss 0.2340, rec_loss 0.0111, lpips_loss 0.1334, g_loss 0.0140, disc_weight 0.4000, disc_adaptive_weight 6.3839, d_loss 0.4007, logits_real -0.0159, logits_fake -0.0143,
Train Epoch: [13/30] Iters:[160/1093] gen_loss 0.2362, rec_loss 0.0110, lpips_loss 0.1331, g_loss 0.0138, disc_weight 0.4000, disc_adaptive_weight 6.6587, d_loss 0.4008, logits_real -0.0159, logits_fake -0.0142,
Train Epoch: [13/30] Iters:[170/1093] gen_loss 0.2289, rec_loss 0.0110, lpips_loss 0.1334, g_loss 0.0137, disc_weight 0.4000, disc_adaptive_weight 6.1898, d_loss 0.4008, logits_real -0.0157, logits_fake -0.0140,
Train Epoch: [13/30] Iters:[180/1093] gen_loss 0.2265, rec_loss 0.0109, lpips_loss 0.1331, g_loss 0.0138, disc_weight 0.4000, disc_adaptive_weight 6.0018, d_loss 0.4007, logits_real -0.0158, logits_fake -0.0142,
Train Epoch: [13/30] Iters:[190/1093] gen_loss 0.2299, rec_loss 0.0109, lpips_loss 0.1336, g_loss 0.0140, disc_weight 0.4000, disc_adaptive_weight 6.0616, d_loss 0.4008, logits_real -0.0160, logits_fake -0.0142,
Train Epoch: [13/30] Iters:[200/1093] gen_loss 0.2360, rec_loss 0.0109, lpips_loss 0.1336, g_loss 0.0143, disc_weight 0.4000, disc_adaptive_weight 6.3840, d_loss 0.4008, logits_real -0.0162, logits_fake -0.0143,
Train Epoch: [13/30] Iters:[210/1093] gen_loss 0.2433, rec_loss 0.0111, lpips_loss 0.1337, g_loss 0.0146, disc_weight 0.4000, disc_adaptive_weight 6.7102, d_loss 0.4008, logits_real -0.0165, logits_fake -0.0147,
Train Epoch: [13/30] Iters:[220/1093] gen_loss 0.2454, rec_loss 0.0111, lpips_loss 0.1335, g_loss 0.0151, disc_weight 0.4000, disc_adaptive_weight 6.6752, d_loss 0.4007, logits_real -0.0169, logits_fake -0.0153,
Train Epoch: [13/30] Iters:[230/1093] gen_loss 0.2514, rec_loss 0.0111, lpips_loss 0.1335, g_loss 0.0155, disc_weight 0.4000, disc_adaptive_weight 6.8805, d_loss 0.4007, logits_real -0.0173, logits_fake -0.0158,
Train Epoch: [13/30] Iters:[240/1093] gen_loss 0.2569, rec_loss 0.0113, lpips_loss 0.1335, g_loss 0.0160, disc_weight 0.4000, disc_adaptive_weight 7.0522, d_loss 0.4007, logits_real -0.0177, logits_fake -0.0162,
Train Epoch: [13/30] Iters:[250/1093] gen_loss 0.2552, rec_loss 0.0114, lpips_loss 0.1339, g_loss 0.0159, disc_weight 0.4000, disc_adaptive_weight 6.9279, d_loss 0.4007, logits_real -0.0177, logits_fake -0.0162,
Train Epoch: [13/30] Iters:[260/1093] gen_loss 0.2467, rec_loss 0.0112, lpips_loss 0.1341, g_loss 0.0157, disc_weight 0.4000, disc_adaptive_weight 6.4597, d_loss 0.4008, logits_real -0.0175, logits_fake -0.0158,
Train Epoch: [13/30] Iters:[270/1093] gen_loss 0.2429, rec_loss 0.0112, lpips_loss 0.1342, g_loss 0.0152, disc_weight 0.4000, disc_adaptive_weight 6.4065, d_loss 0.4009, logits_real -0.0173, logits_fake -0.0152,
Train Epoch: [13/30] Iters:[280/1093] gen_loss 0.2391, rec_loss 0.0113, lpips_loss 0.1343, g_loss 0.0147, disc_weight 0.4000, disc_adaptive_weight 6.3400, d_loss 0.4009, logits_real -0.0169, logits_fake -0.0147,
Train Epoch: [13/30] Iters:[290/1093] gen_loss 0.2352, rec_loss 0.0112, lpips_loss 0.1341, g_loss 0.0143, disc_weight 0.4000, disc_adaptive_weight 6.3129, d_loss 0.4009, logits_real -0.0165, logits_fake -0.0144,
Train Epoch: [13/30] Iters:[300/1093] gen_loss 0.2338, rec_loss 0.0112, lpips_loss 0.1342, g_loss 0.0140, disc_weight 0.4000, disc_adaptive_weight 6.3516, d_loss 0.4009, logits_real -0.0162, logits_fake -0.0141,
Train Epoch: [13/30] Iters:[310/1093] gen_loss 0.2314, rec_loss 0.0113, lpips_loss 0.1344, g_loss 0.0139, disc_weight 0.4000, disc_adaptive_weight 6.1743, d_loss 0.4008, logits_real -0.0159, logits_fake -0.0139,
Train Epoch: [13/30] Iters:[320/1093] gen_loss 0.2291, rec_loss 0.0112, lpips_loss 0.1343, g_loss 0.0138, disc_weight 0.4000, disc_adaptive_weight 6.0388, d_loss 0.4008, logits_real -0.0156, logits_fake -0.0137,
Train Epoch: [13/30] Iters:[330/1093] gen_loss 0.2260, rec_loss 0.0111, lpips_loss 0.1341, g_loss 0.0135, disc_weight 0.4000, disc_adaptive_weight 5.9450, d_loss 0.4008, logits_real -0.0154, logits_fake -0.0135,
Train Epoch: [13/30] Iters:[340/1093] gen_loss 0.2246, rec_loss 0.0112, lpips_loss 0.1338, g_loss 0.0136, disc_weight 0.4000, disc_adaptive_weight 5.8397, d_loss 0.4008, logits_real -0.0153, logits_fake -0.0134,
Train Epoch: [13/30] Iters:[350/1093] gen_loss 0.2317, rec_loss 0.0113, lpips_loss 0.1338, g_loss 0.0137, disc_weight 0.4000, disc_adaptive_weight 6.2580, d_loss 0.4008, logits_real -0.0154, logits_fake -0.0137,
Train Epoch: [13/30] Iters:[360/1093] gen_loss 0.2376, rec_loss 0.0114, lpips_loss 0.1337, g_loss 0.0139, disc_weight 0.4000, disc_adaptive_weight 6.5432, d_loss 0.4007, logits_real -0.0158, logits_fake -0.0141,
Train Epoch: [13/30] Iters:[370/1093] gen_loss 0.2461, rec_loss 0.0115, lpips_loss 0.1344, g_loss 0.0146, disc_weight 0.4000, disc_adaptive_weight 6.8078, d_loss 0.4007, logits_real -0.0163, logits_fake -0.0147,
Train Epoch: [13/30] Iters:[380/1093] gen_loss 0.2561, rec_loss 0.0116, lpips_loss 0.1347, g_loss 0.0153, disc_weight 0.4000, disc_adaptive_weight 7.1180, d_loss 0.4007, logits_real -0.0167, logits_fake -0.0153,
Train Epoch: [13/30] Iters:[390/1093] gen_loss 0.2657, rec_loss 0.0117, lpips_loss 0.1352, g_loss 0.0159, disc_weight 0.4000, disc_adaptive_weight 7.4261, d_loss 0.4007, logits_real -0.0173, logits_fake -0.0158,
Train Epoch: [13/30] Iters:[400/1093] gen_loss 0.2632, rec_loss 0.0116, lpips_loss 0.1351, g_loss 0.0168, disc_weight 0.4000, disc_adaptive_weight 6.9305, d_loss 0.4008, logits_real -0.0181, logits_fake -0.0162,
Train Epoch: [13/30] Iters:[410/1093] gen_loss 0.2609, rec_loss 0.0115, lpips_loss 0.1350, g_loss 0.0175, disc_weight 0.4000, disc_adaptive_weight 6.5520, d_loss 0.4008, logits_real -0.0187, logits_fake -0.0169,
Train Epoch: [13/30] Iters:[420/1093] gen_loss 0.2587, rec_loss 0.0113, lpips_loss 0.1337, g_loss 0.0177, disc_weight 0.4000, disc_adaptive_weight 6.4383, d_loss 0.4007, logits_real -0.0192, logits_fake -0.0175,
Train Epoch: [13/30] Iters:[430/1093] gen_loss 0.2594, rec_loss 0.0112, lpips_loss 0.1334, g_loss 0.0182, disc_weight 0.4000, disc_adaptive_weight 6.3374, d_loss 0.4008, logits_real -0.0194, logits_fake -0.0177,
Train Epoch: [13/30] Iters:[440/1093] gen_loss 0.2561, rec_loss 0.0111, lpips_loss 0.1331, g_loss 0.0181, disc_weight 0.4000, disc_adaptive_weight 6.1870, d_loss 0.4007, logits_real -0.0195, logits_fake -0.0179,
Train Epoch: [13/30] Iters:[450/1093] gen_loss 0.2594, rec_loss 0.0111, lpips_loss 0.1332, g_loss 0.0181, disc_weight 0.4000, disc_adaptive_weight 6.3947, d_loss 0.4007, logits_real -0.0193, logits_fake -0.0179,
Train Epoch: [13/30] Iters:[460/1093] gen_loss 0.2630, rec_loss 0.0112, lpips_loss 0.1334, g_loss 0.0177, disc_weight 0.4000, disc_adaptive_weight 6.7134, d_loss 0.4008, logits_real -0.0191, logits_fake -0.0175,
Train Epoch: [13/30] Iters:[470/1093] gen_loss 0.2668, rec_loss 0.0112, lpips_loss 0.1342, g_loss 0.0176, disc_weight 0.4000, disc_adaptive_weight 6.9282, d_loss 0.4008, logits_real -0.0187, logits_fake -0.0169,
Train Epoch: [13/30] Iters:[480/1093] gen_loss 0.2603, rec_loss 0.0113, lpips_loss 0.1343, g_loss 0.0170, disc_weight 0.4000, disc_adaptive_weight 6.7522, d_loss 0.4008, logits_real -0.0186, logits_fake -0.0167,
Train Epoch: [13/30] Iters:[490/1093] gen_loss 0.2542, rec_loss 0.0114, lpips_loss 0.1345, g_loss 0.0167, disc_weight 0.4000, disc_adaptive_weight 6.4704, d_loss 0.4008, logits_real -0.0182, logits_fake -0.0163,
Train Epoch: [13/30] Iters:[500/1093] gen_loss 0.2460, rec_loss 0.0113, lpips_loss 0.1343, g_loss 0.0161, disc_weight 0.4000, disc_adaptive_weight 6.1953, d_loss 0.4008, logits_real -0.0178, logits_fake -0.0159,
Train Epoch: [13/30] Iters:[510/1093] gen_loss 0.2399, rec_loss 0.0111, lpips_loss 0.1332, g_loss 0.0160, disc_weight 0.4000, disc_adaptive_weight 5.9488, d_loss 0.4007, logits_real -0.0176, logits_fake -0.0160,
Train Epoch: [13/30] Iters:[520/1093] gen_loss 0.2330, rec_loss 0.0111, lpips_loss 0.1327, g_loss 0.0162, disc_weight 0.4000, disc_adaptive_weight 5.4697, d_loss 0.4007, logits_real -0.0176, logits_fake -0.0161,
Train Epoch: [13/30] Iters:[530/1093] gen_loss 0.2353, rec_loss 0.0112, lpips_loss 0.1328, g_loss 0.0165, disc_weight 0.4000, disc_adaptive_weight 5.5252, d_loss 0.4007, logits_real -0.0177, logits_fake -0.0164,
Train Epoch: [13/30] Iters:[540/1093] gen_loss 0.2372, rec_loss 0.0111, lpips_loss 0.1325, g_loss 0.0166, disc_weight 0.4000, disc_adaptive_weight 5.6334, d_loss 0.4007, logits_real -0.0181, logits_fake -0.0169,
Train Epoch: [13/30] Iters:[550/1093] gen_loss 0.2378, rec_loss 0.0110, lpips_loss 0.1321, g_loss 0.0169, disc_weight 0.4000, disc_adaptive_weight 5.5746, d_loss 0.4007, logits_real -0.0184, logits_fake -0.0171,
Train Epoch: [13/30] Iters:[560/1093] gen_loss 0.2411, rec_loss 0.0111, lpips_loss 0.1329, g_loss 0.0174, disc_weight 0.4000, disc_adaptive_weight 5.5776, d_loss 0.4007, logits_real -0.0186, logits_fake -0.0173,
Train Epoch: [13/30] Iters:[570/1093] gen_loss 0.2507, rec_loss 0.0112, lpips_loss 0.1334, g_loss 0.0174, disc_weight 0.4000, disc_adaptive_weight 6.0747, d_loss 0.4007, logits_real -0.0189, logits_fake -0.0176,
Train Epoch: [13/30] Iters:[580/1093] gen_loss 0.2529, rec_loss 0.0112, lpips_loss 0.1334, g_loss 0.0172, disc_weight 0.4000, disc_adaptive_weight 6.3161, d_loss 0.4008, logits_real -0.0192, logits_fake -0.0172,
Train Epoch: [13/30] Iters:[590/1093] gen_loss 0.2516, rec_loss 0.0112, lpips_loss 0.1335, g_loss 0.0169, disc_weight 0.4000, disc_adaptive_weight 6.2970, d_loss 0.4008, logits_real -0.0191, logits_fake -0.0171,
Train Epoch: [13/30] Iters:[600/1093] gen_loss 0.2567, rec_loss 0.0114, lpips_loss 0.1342, g_loss 0.0168, disc_weight 0.4000, disc_adaptive_weight 6.6592, d_loss 0.4008, logits_real -0.0190, logits_fake -0.0171,
Train Epoch: [13/30] Iters:[610/1093] gen_loss 0.2577, rec_loss 0.0114, lpips_loss 0.1343, g_loss 0.0164, disc_weight 0.4000, disc_adaptive_weight 6.8223, d_loss 0.4009, logits_real -0.0190, logits_fake -0.0169,
Train Epoch: [13/30] Iters:[620/1093] gen_loss 0.2521, rec_loss 0.0115, lpips_loss 0.1343, g_loss 0.0162, disc_weight 0.4000, disc_adaptive_weight 6.5989, d_loss 0.4009, logits_real -0.0189, logits_fake -0.0165,
Train Epoch: [13/30] Iters:[630/1093] gen_loss 0.2496, rec_loss 0.0113, lpips_loss 0.1337, g_loss 0.0161, disc_weight 0.4000, disc_adaptive_weight 6.5200, d_loss 0.4008, logits_real -0.0183, logits_fake -0.0163,
Train Epoch: [13/30] Iters:[640/1093] gen_loss 0.2527, rec_loss 0.0114, lpips_loss 0.1330, g_loss 0.0160, disc_weight 0.4000, disc_adaptive_weight 6.8233, d_loss 0.4009, logits_real -0.0179, logits_fake -0.0155,
Train Epoch: [13/30] Iters:[650/1093] gen_loss 0.2501, rec_loss 0.0114, lpips_loss 0.1326, g_loss 0.0159, disc_weight 0.4000, disc_adaptive_weight 6.6823, d_loss 0.4009, logits_real -0.0179, logits_fake -0.0155,
Train Epoch: [13/30] Iters:[660/1093] gen_loss 0.2526, rec_loss 0.0114, lpips_loss 0.1323, g_loss 0.0160, disc_weight 0.4000, disc_adaptive_weight 6.8171, d_loss 0.4009, logits_real -0.0178, logits_fake -0.0154,
Train Epoch: [13/30] Iters:[670/1093] gen_loss 0.2533, rec_loss 0.0114, lpips_loss 0.1324, g_loss 0.0158, disc_weight 0.4000, disc_adaptive_weight 6.9486, d_loss 0.4008, logits_real -0.0176, logits_fake -0.0155,
Train Epoch: [13/30] Iters:[680/1093] gen_loss 0.2509, rec_loss 0.0115, lpips_loss 0.1329, g_loss 0.0157, disc_weight 0.4000, disc_adaptive_weight 6.8095, d_loss 0.4008, logits_real -0.0175, logits_fake -0.0155,
Train Epoch: [13/30] Iters:[690/1093] gen_loss 0.2447, rec_loss 0.0114, lpips_loss 0.1338, g_loss 0.0155, disc_weight 0.4000, disc_adaptive_weight 6.4012, d_loss 0.4008, logits_real -0.0174, logits_fake -0.0155,
Train Epoch: [13/30] Iters:[700/1093] gen_loss 0.2421, rec_loss 0.0113, lpips_loss 0.1338, g_loss 0.0153, disc_weight 0.4000, disc_adaptive_weight 6.3016, d_loss 0.4008, logits_real -0.0171, logits_fake -0.0153,
Train Epoch: [13/30] Iters:[710/1093] gen_loss 0.2365, rec_loss 0.0112, lpips_loss 0.1337, g_loss 0.0151, disc_weight 0.4000, disc_adaptive_weight 6.0590, d_loss 0.4007, logits_real -0.0168, logits_fake -0.0151,
Train Epoch: [13/30] Iters:[720/1093] gen_loss 0.2383, rec_loss 0.0112, lpips_loss 0.1335, g_loss 0.0150, disc_weight 0.4000, disc_adaptive_weight 6.2395, d_loss 0.4007, logits_real -0.0169, logits_fake -0.0151,
Train Epoch: [13/30] Iters:[730/1093] gen_loss 0.2407, rec_loss 0.0112, lpips_loss 0.1338, g_loss 0.0152, disc_weight 0.4000, disc_adaptive_weight 6.2914, d_loss 0.4007, logits_real -0.0170, logits_fake -0.0154,
Train Epoch: [13/30] Iters:[740/1093] gen_loss 0.2494, rec_loss 0.0111, lpips_loss 0.1336, g_loss 0.0154, disc_weight 0.4000, disc_adaptive_weight 6.8242, d_loss 0.4008, logits_real -0.0172, logits_fake -0.0154,
Train Epoch: [13/30] Iters:[750/1093] gen_loss 0.2471, rec_loss 0.0113, lpips_loss 0.1341, g_loss 0.0150, disc_weight 0.4000, disc_adaptive_weight 6.8213, d_loss 0.4008, logits_real -0.0169, logits_fake -0.0151,
Train Epoch: [13/30] Iters:[760/1093] gen_loss 0.2451, rec_loss 0.0112, lpips_loss 0.1341, g_loss 0.0143, disc_weight 0.4000, disc_adaptive_weight 7.0143, d_loss 0.4007, logits_real -0.0163, logits_fake -0.0148,
Train Epoch: [13/30] Iters:[770/1093] gen_loss 0.2380, rec_loss 0.0112, lpips_loss 0.1340, g_loss 0.0142, disc_weight 0.4000, disc_adaptive_weight 6.5472, d_loss 0.4007, logits_real -0.0161, logits_fake -0.0145,
Train Epoch: [13/30] Iters:[780/1093] gen_loss 0.2328, rec_loss 0.0112, lpips_loss 0.1338, g_loss 0.0138, disc_weight 0.4000, disc_adaptive_weight 6.3702, d_loss 0.4008, logits_real -0.0157, logits_fake -0.0138,
Train Epoch: [13/30] Iters:[790/1093] gen_loss 0.2254, rec_loss 0.0112, lpips_loss 0.1336, g_loss 0.0138, disc_weight 0.4000, disc_adaptive_weight 5.8748, d_loss 0.4007, logits_real -0.0155, logits_fake -0.0137,
Train Epoch: [13/30] Iters:[800/1093] gen_loss 0.2291, rec_loss 0.0112, lpips_loss 0.1334, g_loss 0.0145, disc_weight 0.4000, disc_adaptive_weight 5.8856, d_loss 0.4007, logits_real -0.0158, logits_fake -0.0141,
Train Epoch: [13/30] Iters:[810/1093] gen_loss 0.2302, rec_loss 0.0113, lpips_loss 0.1340, g_loss 0.0150, disc_weight 0.4000, disc_adaptive_weight 5.6420, d_loss 0.4009, logits_real -0.0166, logits_fake -0.0144,
Train Epoch: [13/30] Iters:[820/1093] gen_loss 0.2337, rec_loss 0.0113, lpips_loss 0.1340, g_loss 0.0152, disc_weight 0.4000, disc_adaptive_weight 5.8038, d_loss 0.4009, logits_real -0.0167, logits_fake -0.0145,
Train Epoch: [13/30] Iters:[830/1093] gen_loss 0.2355, rec_loss 0.0114, lpips_loss 0.1343, g_loss 0.0153, disc_weight 0.4000, disc_adaptive_weight 5.8267, d_loss 0.4009, logits_real -0.0169, logits_fake -0.0146,
Train Epoch: [13/30] Iters:[840/1093] gen_loss 0.2395, rec_loss 0.0115, lpips_loss 0.1343, g_loss 0.0152, disc_weight 0.4000, disc_adaptive_weight 6.1811, d_loss 0.4009, logits_real -0.0169, logits_fake -0.0147,
Train Epoch: [13/30] Iters:[850/1093] gen_loss 0.2431, rec_loss 0.0114, lpips_loss 0.1341, g_loss 0.0150, disc_weight 0.4000, disc_adaptive_weight 6.5234, d_loss 0.4009, logits_real -0.0168, logits_fake -0.0145,
Train Epoch: [13/30] Iters:[860/1093] gen_loss 0.2448, rec_loss 0.0115, lpips_loss 0.1344, g_loss 0.0148, disc_weight 0.4000, disc_adaptive_weight 6.7025, d_loss 0.4008, logits_real -0.0163, logits_fake -0.0143,
Train Epoch: [13/30] Iters:[870/1093] gen_loss 0.2424, rec_loss 0.0114, lpips_loss 0.1347, g_loss 0.0146, disc_weight 0.4000, disc_adaptive_weight 6.5799, d_loss 0.4008, logits_real -0.0163, logits_fake -0.0143,
Train Epoch: [13/30] Iters:[880/1093] gen_loss 0.2449, rec_loss 0.0112, lpips_loss 0.1341, g_loss 0.0145, disc_weight 0.4000, disc_adaptive_weight 6.8417, d_loss 0.4008, logits_real -0.0163, logits_fake -0.0144,
Train Epoch: [13/30] Iters:[890/1093] gen_loss 0.2397, rec_loss 0.0111, lpips_loss 0.1344, g_loss 0.0147, disc_weight 0.4000, disc_adaptive_weight 6.3992, d_loss 0.4008, logits_real -0.0163, logits_fake -0.0145,
Train Epoch: [13/30] Iters:[900/1093] gen_loss 0.2343, rec_loss 0.0111, lpips_loss 0.1343, g_loss 0.0146, disc_weight 0.4000, disc_adaptive_weight 6.0600, d_loss 0.4008, logits_real -0.0164, logits_fake -0.0145,
Train Epoch: [13/30] Iters:[910/1093] gen_loss 0.2328, rec_loss 0.0109, lpips_loss 0.1333, g_loss 0.0146, disc_weight 0.4000, disc_adaptive_weight 6.0187, d_loss 0.4008, logits_real -0.0164, logits_fake -0.0145,
Train Epoch: [13/30] Iters:[920/1093] gen_loss 0.2361, rec_loss 0.0109, lpips_loss 0.1329, g_loss 0.0145, disc_weight 0.4000, disc_adaptive_weight 6.3252, d_loss 0.4008, logits_real -0.0163, logits_fake -0.0144,
Train Epoch: [13/30] Iters:[930/1093] gen_loss 0.2358, rec_loss 0.0110, lpips_loss 0.1332, g_loss 0.0145, disc_weight 0.4000, disc_adaptive_weight 6.3287, d_loss 0.4007, logits_real -0.0162, logits_fake -0.0145,
Train Epoch: [13/30] Iters:[940/1093] gen_loss 0.2402, rec_loss 0.0110, lpips_loss 0.1329, g_loss 0.0145, disc_weight 0.4000, disc_adaptive_weight 6.6400, d_loss 0.4007, logits_real -0.0162, logits_fake -0.0146,
Train Epoch: [13/30] Iters:[950/1093] gen_loss 0.2386, rec_loss 0.0109, lpips_loss 0.1330, g_loss 0.0145, disc_weight 0.4000, disc_adaptive_weight 6.5368, d_loss 0.4007, logits_real -0.0162, logits_fake -0.0146,
Train Epoch: [13/30] Iters:[960/1093] gen_loss 0.2364, rec_loss 0.0109, lpips_loss 0.1335, g_loss 0.0147, disc_weight 0.4000, disc_adaptive_weight 6.3002, d_loss 0.4007, logits_real -0.0164, logits_fake -0.0147,
Train Epoch: [13/30] Iters:[970/1093] gen_loss 0.2394, rec_loss 0.0110, lpips_loss 0.1336, g_loss 0.0152, disc_weight 0.4000, disc_adaptive_weight 6.2541, d_loss 0.4007, logits_real -0.0167, logits_fake -0.0149,
Train Epoch: [13/30] Iters:[980/1093] gen_loss 0.2441, rec_loss 0.0111, lpips_loss 0.1337, g_loss 0.0157, disc_weight 0.4000, disc_adaptive_weight 6.3091, d_loss 0.4008, logits_real -0.0171, logits_fake -0.0151,
Train Epoch: [13/30] Iters:[990/1093] gen_loss 0.2445, rec_loss 0.0111, lpips_loss 0.1334, g_loss 0.0159, disc_weight 0.4000, disc_adaptive_weight 6.2411, d_loss 0.4008, logits_real -0.0175, logits_fake -0.0153,
Train Epoch: [13/30] Iters:[1000/1093] gen_loss 0.2493, rec_loss 0.0111, lpips_loss 0.1334, g_loss 0.0162, disc_weight 0.4000, disc_adaptive_weight 6.3982, d_loss 0.4008, logits_real -0.0178, logits_fake -0.0156,
Train Epoch: [13/30] Iters:[1010/1093] gen_loss 0.2546, rec_loss 0.0113, lpips_loss 0.1335, g_loss 0.0166, disc_weight 0.4000, disc_adaptive_weight 6.6081, d_loss 0.4008, logits_real -0.0179, logits_fake -0.0160,
Train Epoch: [13/30] Iters:[1020/1093] gen_loss 0.2524, rec_loss 0.0113, lpips_loss 0.1336, g_loss 0.0164, disc_weight 0.4000, disc_adaptive_weight 6.5403, d_loss 0.4008, logits_real -0.0180, logits_fake -0.0161,
Train Epoch: [13/30] Iters:[1030/1093] gen_loss 0.2462, rec_loss 0.0112, lpips_loss 0.1334, g_loss 0.0162, disc_weight 0.4000, disc_adaptive_weight 6.2699, d_loss 0.4007, logits_real -0.0180, logits_fake -0.0161,
Train Epoch: [13/30] Iters:[1040/1093] gen_loss 0.2399, rec_loss 0.0112, lpips_loss 0.1334, g_loss 0.0159, disc_weight 0.4000, disc_adaptive_weight 5.9763, d_loss 0.4007, logits_real -0.0177, logits_fake -0.0159,
Train Epoch: [13/30] Iters:[1050/1093] gen_loss 0.2365, rec_loss 0.0112, lpips_loss 0.1333, g_loss 0.0157, disc_weight 0.4000, disc_adaptive_weight 5.8709, d_loss 0.4007, logits_real -0.0176, logits_fake -0.0159,
Train Epoch: [13/30] Iters:[1060/1093] gen_loss 0.2407, rec_loss 0.0113, lpips_loss 0.1335, g_loss 0.0154, disc_weight 0.4000, disc_adaptive_weight 6.2681, d_loss 0.4007, logits_real -0.0174, logits_fake -0.0157,
Train Epoch: [13/30] Iters:[1070/1093] gen_loss 0.2415, rec_loss 0.0113, lpips_loss 0.1338, g_loss 0.0153, disc_weight 0.4000, disc_adaptive_weight 6.3196, d_loss 0.4008, logits_real -0.0173, logits_fake -0.0154,
Train Epoch: [13/30] Iters:[1080/1093] gen_loss 0.2412, rec_loss 0.0113, lpips_loss 0.1340, g_loss 0.0150, disc_weight 0.4000, disc_adaptive_weight 6.4006, d_loss 0.4008, logits_real -0.0171, logits_fake -0.0151,
Train Epoch: [13/30] Iters:[1090/1093] gen_loss 0.2433, rec_loss 0.0114, lpips_loss 0.1346, g_loss 0.0147, disc_weight 0.4000, disc_adaptive_weight 6.6326, d_loss 0.4008, logits_real -0.0167, logits_fake -0.0147,
epoch:14, cur_lr:0.000010
Train Epoch: [14/30] Iters:[10/1093] gen_loss 0.2295, rec_loss 0.0110, lpips_loss 0.1323, g_loss 0.0137, disc_weight 0.4000, disc_adaptive_weight 6.4175, d_loss 0.4008, logits_real -0.0152, logits_fake -0.0133,
Train Epoch: [14/30] Iters:[20/1093] gen_loss 0.2327, rec_loss 0.0114, lpips_loss 0.1339, g_loss 0.0130, disc_weight 0.4000, disc_adaptive_weight 6.8095, d_loss 0.4007, logits_real -0.0153, logits_fake -0.0138,
Train Epoch: [14/30] Iters:[30/1093] gen_loss 0.2317, rec_loss 0.0112, lpips_loss 0.1335, g_loss 0.0128, disc_weight 0.4000, disc_adaptive_weight 6.8262, d_loss 0.4007, logits_real -0.0153, logits_fake -0.0135,
Train Epoch: [14/30] Iters:[40/1093] gen_loss 0.2315, rec_loss 0.0112, lpips_loss 0.1334, g_loss 0.0130, disc_weight 0.4000, disc_adaptive_weight 6.7224, d_loss 0.4007, logits_real -0.0152, logits_fake -0.0138,
Train Epoch: [14/30] Iters:[50/1093] gen_loss 0.2365, rec_loss 0.0112, lpips_loss 0.1335, g_loss 0.0132, disc_weight 0.4000, disc_adaptive_weight 6.9797, d_loss 0.4008, logits_real -0.0153, logits_fake -0.0135,
Train Epoch: [14/30] Iters:[60/1093] gen_loss 0.2353, rec_loss 0.0112, lpips_loss 0.1335, g_loss 0.0135, disc_weight 0.4000, disc_adaptive_weight 6.7761, d_loss 0.4008, logits_real -0.0156, logits_fake -0.0137,
Train Epoch: [14/30] Iters:[70/1093] gen_loss 0.2388, rec_loss 0.0110, lpips_loss 0.1331, g_loss 0.0140, disc_weight 0.4000, disc_adaptive_weight 6.7740, d_loss 0.4008, logits_real -0.0161, logits_fake -0.0140,
Train Epoch: [14/30] Iters:[80/1093] gen_loss 0.2390, rec_loss 0.0111, lpips_loss 0.1336, g_loss 0.0146, disc_weight 0.4000, disc_adaptive_weight 6.5025, d_loss 0.4008, logits_real -0.0165, logits_fake -0.0145,
Train Epoch: [14/30] Iters:[90/1093] gen_loss 0.2439, rec_loss 0.0112, lpips_loss 0.1339, g_loss 0.0149, disc_weight 0.4000, disc_adaptive_weight 6.6771, d_loss 0.4008, logits_real -0.0169, logits_fake -0.0148,
Train Epoch: [14/30] Iters:[100/1093] gen_loss 0.2390, rec_loss 0.0111, lpips_loss 0.1337, g_loss 0.0152, disc_weight 0.4000, disc_adaptive_weight 6.2170, d_loss 0.4007, logits_real -0.0171, logits_fake -0.0153,
Train Epoch: [14/30] Iters:[110/1093] gen_loss 0.2474, rec_loss 0.0112, lpips_loss 0.1345, g_loss 0.0152, disc_weight 0.4000, disc_adaptive_weight 6.6791, d_loss 0.4007, logits_real -0.0172, logits_fake -0.0156,
Train Epoch: [14/30] Iters:[120/1093] gen_loss 0.2448, rec_loss 0.0112, lpips_loss 0.1345, g_loss 0.0151, disc_weight 0.4000, disc_adaptive_weight 6.5778, d_loss 0.4007, logits_real -0.0171, logits_fake -0.0154,
Train Epoch: [14/30] Iters:[130/1093] gen_loss 0.2474, rec_loss 0.0112, lpips_loss 0.1339, g_loss 0.0150, disc_weight 0.4000, disc_adaptive_weight 6.8119, d_loss 0.4008, logits_real -0.0170, logits_fake -0.0150,
Train Epoch: [14/30] Iters:[140/1093] gen_loss 0.2441, rec_loss 0.0112, lpips_loss 0.1342, g_loss 0.0150, disc_weight 0.4000, disc_adaptive_weight 6.5621, d_loss 0.4008, logits_real -0.0169, logits_fake -0.0149,
Train Epoch: [14/30] Iters:[150/1093] gen_loss 0.2463, rec_loss 0.0113, lpips_loss 0.1344, g_loss 0.0148, disc_weight 0.4000, disc_adaptive_weight 6.7593, d_loss 0.4008, logits_real -0.0168, logits_fake -0.0147,
Train Epoch: [14/30] Iters:[160/1093] gen_loss 0.2415, rec_loss 0.0111, lpips_loss 0.1337, g_loss 0.0146, disc_weight 0.4000, disc_adaptive_weight 6.6320, d_loss 0.4008, logits_real -0.0166, logits_fake -0.0145,
Train Epoch: [14/30] Iters:[170/1093] gen_loss 0.2397, rec_loss 0.0113, lpips_loss 0.1340, g_loss 0.0145, disc_weight 0.4000, disc_adaptive_weight 6.5152, d_loss 0.4008, logits_real -0.0163, logits_fake -0.0144,
Train Epoch: [14/30] Iters:[180/1093] gen_loss 0.2345, rec_loss 0.0113, lpips_loss 0.1345, g_loss 0.0143, disc_weight 0.4000, disc_adaptive_weight 6.2130, d_loss 0.4008, logits_real -0.0161, logits_fake -0.0143,
Train Epoch: [14/30] Iters:[190/1093] gen_loss 0.2325, rec_loss 0.0111, lpips_loss 0.1338, g_loss 0.0139, disc_weight 0.4000, disc_adaptive_weight 6.2818, d_loss 0.4008, logits_real -0.0158, logits_fake -0.0140,
Train Epoch: [14/30] Iters:[200/1093] gen_loss 0.2338, rec_loss 0.0110, lpips_loss 0.1340, g_loss 0.0138, disc_weight 0.4000, disc_adaptive_weight 6.4349, d_loss 0.4008, logits_real -0.0158, logits_fake -0.0139,
Train Epoch: [14/30] Iters:[210/1093] gen_loss 0.2336, rec_loss 0.0111, lpips_loss 0.1342, g_loss 0.0138, disc_weight 0.4000, disc_adaptive_weight 6.3851, d_loss 0.4008, logits_real -0.0158, logits_fake -0.0139,
Train Epoch: [14/30] Iters:[220/1093] gen_loss 0.2354, rec_loss 0.0110, lpips_loss 0.1342, g_loss 0.0138, disc_weight 0.4000, disc_adaptive_weight 6.5533, d_loss 0.4008, logits_real -0.0156, logits_fake -0.0137,
Train Epoch: [14/30] Iters:[230/1093] gen_loss 0.2375, rec_loss 0.0109, lpips_loss 0.1339, g_loss 0.0138, disc_weight 0.4000, disc_adaptive_weight 6.7400, d_loss 0.4008, logits_real -0.0157, logits_fake -0.0137,
Train Epoch: [14/30] Iters:[240/1093] gen_loss 0.2368, rec_loss 0.0110, lpips_loss 0.1340, g_loss 0.0137, disc_weight 0.4000, disc_adaptive_weight 6.7140, d_loss 0.4008, logits_real -0.0156, logits_fake -0.0136,
Train Epoch: [14/30] Iters:[250/1093] gen_loss 0.2321, rec_loss 0.0110, lpips_loss 0.1334, g_loss 0.0133, disc_weight 0.4000, disc_adaptive_weight 6.5750, d_loss 0.4008, logits_real -0.0151, logits_fake -0.0132,
Train Epoch: [14/30] Iters:[260/1093] gen_loss 0.2252, rec_loss 0.0111, lpips_loss 0.1332, g_loss 0.0129, disc_weight 0.4000, disc_adaptive_weight 6.2640, d_loss 0.4008, logits_real -0.0147, logits_fake -0.0128,
Train Epoch: [14/30] Iters:[270/1093] gen_loss 0.2229, rec_loss 0.0110, lpips_loss 0.1325, g_loss 0.0128, disc_weight 0.4000, disc_adaptive_weight 6.2061, d_loss 0.4008, logits_real -0.0146, logits_fake -0.0127,
Train Epoch: [14/30] Iters:[280/1093] gen_loss 0.2221, rec_loss 0.0111, lpips_loss 0.1327, g_loss 0.0128, disc_weight 0.4000, disc_adaptive_weight 6.1348, d_loss 0.4007, logits_real -0.0146, logits_fake -0.0128,
Train Epoch: [14/30] Iters:[290/1093] gen_loss 0.2242, rec_loss 0.0111, lpips_loss 0.1325, g_loss 0.0129, disc_weight 0.4000, disc_adaptive_weight 6.2172, d_loss 0.4007, logits_real -0.0146, logits_fake -0.0130,
Train Epoch: [14/30] Iters:[300/1093] gen_loss 0.2230, rec_loss 0.0112, lpips_loss 0.1329, g_loss 0.0132, disc_weight 0.4000, disc_adaptive_weight 5.9665, d_loss 0.4007, logits_real -0.0150, logits_fake -0.0134,
Train Epoch: [14/30] Iters:[310/1093] gen_loss 0.2264, rec_loss 0.0112, lpips_loss 0.1330, g_loss 0.0135, disc_weight 0.4000, disc_adaptive_weight 6.0780, d_loss 0.4007, logits_real -0.0154, logits_fake -0.0138,
Train Epoch: [14/30] Iters:[320/1093] gen_loss 0.2255, rec_loss 0.0112, lpips_loss 0.1332, g_loss 0.0136, disc_weight 0.4000, disc_adaptive_weight 5.9550, d_loss 0.4007, logits_real -0.0155, logits_fake -0.0139,
Train Epoch: [14/30] Iters:[330/1093] gen_loss 0.2286, rec_loss 0.0111, lpips_loss 0.1333, g_loss 0.0139, disc_weight 0.4000, disc_adaptive_weight 6.0447, d_loss 0.4007, logits_real -0.0158, logits_fake -0.0141,
Train Epoch: [14/30] Iters:[340/1093] gen_loss 0.2266, rec_loss 0.0111, lpips_loss 0.1333, g_loss 0.0141, disc_weight 0.4000, disc_adaptive_weight 5.8245, d_loss 0.4007, logits_real -0.0160, logits_fake -0.0143,
Train Epoch: [14/30] Iters:[350/1093] gen_loss 0.2324, rec_loss 0.0111, lpips_loss 0.1337, g_loss 0.0143, disc_weight 0.4000, disc_adaptive_weight 6.0972, d_loss 0.4007, logits_real -0.0161, logits_fake -0.0144,
Train Epoch: [14/30] Iters:[360/1093] gen_loss 0.2311, rec_loss 0.0111, lpips_loss 0.1340, g_loss 0.0143, disc_weight 0.4000, disc_adaptive_weight 5.9817, d_loss 0.4007, logits_real -0.0161, logits_fake -0.0145,
Train Epoch: [14/30] Iters:[370/1093] gen_loss 0.2303, rec_loss 0.0110, lpips_loss 0.1339, g_loss 0.0144, disc_weight 0.4000, disc_adaptive_weight 5.9081, d_loss 0.4007, logits_real -0.0161, logits_fake -0.0144,
Train Epoch: [14/30] Iters:[380/1093] gen_loss 0.2291, rec_loss 0.0111, lpips_loss 0.1335, g_loss 0.0141, disc_weight 0.4000, disc_adaptive_weight 5.9734, d_loss 0.4007, logits_real -0.0159, logits_fake -0.0142,
Train Epoch: [14/30] Iters:[390/1093] gen_loss 0.2344, rec_loss 0.0112, lpips_loss 0.1337, g_loss 0.0139, disc_weight 0.4000, disc_adaptive_weight 6.4036, d_loss 0.4007, logits_real -0.0156, logits_fake -0.0140,
Train Epoch: [14/30] Iters:[400/1093] gen_loss 0.2308, rec_loss 0.0111, lpips_loss 0.1334, g_loss 0.0138, disc_weight 0.4000, disc_adaptive_weight 6.1928, d_loss 0.4007, logits_real -0.0157, logits_fake -0.0140,
Train Epoch: [14/30] Iters:[410/1093] gen_loss 0.2381, rec_loss 0.0111, lpips_loss 0.1335, g_loss 0.0141, disc_weight 0.4000, disc_adaptive_weight 6.5845, d_loss 0.4007, logits_real -0.0160, logits_fake -0.0142,
Train Epoch: [14/30] Iters:[420/1093] gen_loss 0.2383, rec_loss 0.0112, lpips_loss 0.1334, g_loss 0.0141, disc_weight 0.4000, disc_adaptive_weight 6.5842, d_loss 0.4007, logits_real -0.0162, logits_fake -0.0143,
Train Epoch: [14/30] Iters:[430/1093] gen_loss 0.2365, rec_loss 0.0112, lpips_loss 0.1336, g_loss 0.0140, disc_weight 0.4000, disc_adaptive_weight 6.5061, d_loss 0.4008, logits_real -0.0161, logits_fake -0.0142,
Train Epoch: [14/30] Iters:[440/1093] gen_loss 0.2295, rec_loss 0.0112, lpips_loss 0.1339, g_loss 0.0139, disc_weight 0.4000, disc_adaptive_weight 6.0298, d_loss 0.4008, logits_real -0.0162, logits_fake -0.0141,
Train Epoch: [14/30] Iters:[450/1093] gen_loss 0.2279, rec_loss 0.0112, lpips_loss 0.1340, g_loss 0.0137, disc_weight 0.4000, disc_adaptive_weight 5.9727, d_loss 0.4008, logits_real -0.0159, logits_fake -0.0140,
Train Epoch: [14/30] Iters:[460/1093] gen_loss 0.2231, rec_loss 0.0112, lpips_loss 0.1341, g_loss 0.0135, disc_weight 0.4000, disc_adaptive_weight 5.7464, d_loss 0.4008, logits_real -0.0156, logits_fake -0.0137,
Train Epoch: [14/30] Iters:[470/1093] gen_loss 0.2226, rec_loss 0.0112, lpips_loss 0.1340, g_loss 0.0136, disc_weight 0.4000, disc_adaptive_weight 5.6938, d_loss 0.4008, logits_real -0.0156, logits_fake -0.0137,
Train Epoch: [14/30] Iters:[480/1093] gen_loss 0.2299, rec_loss 0.0113, lpips_loss 0.1341, g_loss 0.0138, disc_weight 0.4000, disc_adaptive_weight 6.1443, d_loss 0.4007, logits_real -0.0155, logits_fake -0.0138,
Train Epoch: [14/30] Iters:[490/1093] gen_loss 0.2328, rec_loss 0.0112, lpips_loss 0.1337, g_loss 0.0140, disc_weight 0.4000, disc_adaptive_weight 6.2734, d_loss 0.4007, logits_real -0.0158, logits_fake -0.0140,
Train Epoch: [14/30] Iters:[500/1093] gen_loss 0.2345, rec_loss 0.0112, lpips_loss 0.1329, g_loss 0.0142, disc_weight 0.4000, disc_adaptive_weight 6.3860, d_loss 0.4007, logits_real -0.0159, logits_fake -0.0142,
Train Epoch: [14/30] Iters:[510/1093] gen_loss 0.2360, rec_loss 0.0113, lpips_loss 0.1330, g_loss 0.0145, disc_weight 0.4000, disc_adaptive_weight 6.3340, d_loss 0.4007, logits_real -0.0162, logits_fake -0.0145,
Train Epoch: [14/30] Iters:[520/1093] gen_loss 0.2408, rec_loss 0.0113, lpips_loss 0.1336, g_loss 0.0148, disc_weight 0.4000, disc_adaptive_weight 6.5379, d_loss 0.4007, logits_real -0.0164, logits_fake -0.0147,
Train Epoch: [14/30] Iters:[530/1093] gen_loss 0.2371, rec_loss 0.0114, lpips_loss 0.1335, g_loss 0.0150, disc_weight 0.4000, disc_adaptive_weight 6.1604, d_loss 0.4007, logits_real -0.0168, logits_fake -0.0151,
Train Epoch: [14/30] Iters:[540/1093] gen_loss 0.2373, rec_loss 0.0113, lpips_loss 0.1339, g_loss 0.0152, disc_weight 0.4000, disc_adaptive_weight 6.0647, d_loss 0.4007, logits_real -0.0169, logits_fake -0.0152,
Train Epoch: [14/30] Iters:[550/1093] gen_loss 0.2394, rec_loss 0.0112, lpips_loss 0.1339, g_loss 0.0154, disc_weight 0.4000, disc_adaptive_weight 6.1074, d_loss 0.4007, logits_real -0.0171, logits_fake -0.0152,
Train Epoch: [14/30] Iters:[560/1093] gen_loss 0.2375, rec_loss 0.0110, lpips_loss 0.1337, g_loss 0.0151, disc_weight 0.4000, disc_adaptive_weight 6.1161, d_loss 0.4007, logits_real -0.0168, logits_fake -0.0150,
Train Epoch: [14/30] Iters:[570/1093] gen_loss 0.2337, rec_loss 0.0111, lpips_loss 0.1338, g_loss 0.0147, disc_weight 0.4000, disc_adaptive_weight 6.0250, d_loss 0.4007, logits_real -0.0164, logits_fake -0.0146,
Train Epoch: [14/30] Iters:[580/1093] gen_loss 0.2277, rec_loss 0.0110, lpips_loss 0.1337, g_loss 0.0141, disc_weight 0.4000, disc_adaptive_weight 5.8506, d_loss 0.4008, logits_real -0.0159, logits_fake -0.0140,
Train Epoch: [14/30] Iters:[590/1093] gen_loss 0.2276, rec_loss 0.0111, lpips_loss 0.1335, g_loss 0.0135, disc_weight 0.4000, disc_adaptive_weight 6.1345, d_loss 0.4007, logits_real -0.0152, logits_fake -0.0136,
Train Epoch: [14/30] Iters:[600/1093] gen_loss 0.2301, rec_loss 0.0112, lpips_loss 0.1342, g_loss 0.0129, disc_weight 0.4000, disc_adaptive_weight 6.5589, d_loss 0.4007, logits_real -0.0147, logits_fake -0.0131,
Train Epoch: [14/30] Iters:[610/1093] gen_loss 0.2295, rec_loss 0.0113, lpips_loss 0.1343, g_loss 0.0127, disc_weight 0.4000, disc_adaptive_weight 6.5785, d_loss 0.4007, logits_real -0.0146, logits_fake -0.0130,
Train Epoch: [14/30] Iters:[620/1093] gen_loss 0.2282, rec_loss 0.0112, lpips_loss 0.1337, g_loss 0.0129, disc_weight 0.4000, disc_adaptive_weight 6.4663, d_loss 0.4007, logits_real -0.0147, logits_fake -0.0130,
Train Epoch: [14/30] Iters:[630/1093] gen_loss 0.2299, rec_loss 0.0114, lpips_loss 0.1337, g_loss 0.0132, disc_weight 0.4000, disc_adaptive_weight 6.4731, d_loss 0.4007, logits_real -0.0151, logits_fake -0.0134,
Train Epoch: [14/30] Iters:[640/1093] gen_loss 0.2323, rec_loss 0.0112, lpips_loss 0.1333, g_loss 0.0137, disc_weight 0.4000, disc_adaptive_weight 6.4424, d_loss 0.4008, logits_real -0.0157, logits_fake -0.0138,
Train Epoch: [14/30] Iters:[650/1093] gen_loss 0.2285, rec_loss 0.0112, lpips_loss 0.1332, g_loss 0.0144, disc_weight 0.4000, disc_adaptive_weight 5.8559, d_loss 0.4008, logits_real -0.0164, logits_fake -0.0144,
Train Epoch: [14/30] Iters:[660/1093] gen_loss 0.2322, rec_loss 0.0111, lpips_loss 0.1330, g_loss 0.0149, disc_weight 0.4000, disc_adaptive_weight 5.9342, d_loss 0.4008, logits_real -0.0169, logits_fake -0.0148,
Train Epoch: [14/30] Iters:[670/1093] gen_loss 0.2379, rec_loss 0.0111, lpips_loss 0.1333, g_loss 0.0153, disc_weight 0.4000, disc_adaptive_weight 6.1436, d_loss 0.4008, logits_real -0.0172, logits_fake -0.0151,
Train Epoch: [14/30] Iters:[680/1093] gen_loss 0.2410, rec_loss 0.0111, lpips_loss 0.1336, g_loss 0.0155, disc_weight 0.4000, disc_adaptive_weight 6.2444, d_loss 0.4008, logits_real -0.0174, logits_fake -0.0152,
Train Epoch: [14/30] Iters:[690/1093] gen_loss 0.2373, rec_loss 0.0113, lpips_loss 0.1342, g_loss 0.0154, disc_weight 0.4000, disc_adaptive_weight 5.9617, d_loss 0.4008, logits_real -0.0173, logits_fake -0.0153,
Train Epoch: [14/30] Iters:[700/1093] gen_loss 0.2324, rec_loss 0.0112, lpips_loss 0.1337, g_loss 0.0151, disc_weight 0.4000, disc_adaptive_weight 5.7730, d_loss 0.4008, logits_real -0.0171, logits_fake -0.0151,
Train Epoch: [14/30] Iters:[710/1093] gen_loss 0.2361, rec_loss 0.0112, lpips_loss 0.1335, g_loss 0.0151, disc_weight 0.4000, disc_adaptive_weight 6.0330, d_loss 0.4007, logits_real -0.0169, logits_fake -0.0151,
Train Epoch: [14/30] Iters:[720/1093] gen_loss 0.2352, rec_loss 0.0113, lpips_loss 0.1336, g_loss 0.0150, disc_weight 0.4000, disc_adaptive_weight 6.0101, d_loss 0.4007, logits_real -0.0170, logits_fake -0.0153,
Train Epoch: [14/30] Iters:[730/1093] gen_loss 0.2383, rec_loss 0.0111, lpips_loss 0.1332, g_loss 0.0151, disc_weight 0.4000, disc_adaptive_weight 6.2120, d_loss 0.4007, logits_real -0.0171, logits_fake -0.0152,
Train Epoch: [14/30] Iters:[740/1093] gen_loss 0.2403, rec_loss 0.0111, lpips_loss 0.1327, g_loss 0.0150, disc_weight 0.4000, disc_adaptive_weight 6.4020, d_loss 0.4008, logits_real -0.0170, logits_fake -0.0151,
Train Epoch: [14/30] Iters:[750/1093] gen_loss 0.2449, rec_loss 0.0112, lpips_loss 0.1333, g_loss 0.0150, disc_weight 0.4000, disc_adaptive_weight 6.6929, d_loss 0.4008, logits_real -0.0169, logits_fake -0.0150,
Train Epoch: [14/30] Iters:[760/1093] gen_loss 0.2402, rec_loss 0.0110, lpips_loss 0.1332, g_loss 0.0148, disc_weight 0.4000, disc_adaptive_weight 6.4970, d_loss 0.4008, logits_real -0.0168, logits_fake -0.0148,
Train Epoch: [14/30] Iters:[770/1093] gen_loss 0.2379, rec_loss 0.0108, lpips_loss 0.1328, g_loss 0.0146, disc_weight 0.4000, disc_adaptive_weight 6.4370, d_loss 0.4008, logits_real -0.0166, logits_fake -0.0145,
Train Epoch: [14/30] Iters:[780/1093] gen_loss 0.2342, rec_loss 0.0110, lpips_loss 0.1334, g_loss 0.0143, disc_weight 0.4000, disc_adaptive_weight 6.2864, d_loss 0.4007, logits_real -0.0161, logits_fake -0.0142,
Train Epoch: [14/30] Iters:[790/1093] gen_loss 0.2355, rec_loss 0.0110, lpips_loss 0.1340, g_loss 0.0142, disc_weight 0.4000, disc_adaptive_weight 6.3733, d_loss 0.4007, logits_real -0.0159, logits_fake -0.0141,
Train Epoch: [14/30] Iters:[800/1093] gen_loss 0.2340, rec_loss 0.0111, lpips_loss 0.1337, g_loss 0.0144, disc_weight 0.4000, disc_adaptive_weight 6.2249, d_loss 0.4007, logits_real -0.0162, logits_fake -0.0144,
Train Epoch: [14/30] Iters:[810/1093] gen_loss 0.2400, rec_loss 0.0112, lpips_loss 0.1341, g_loss 0.0146, disc_weight 0.4000, disc_adaptive_weight 6.4994, d_loss 0.4007, logits_real -0.0163, logits_fake -0.0145,
Train Epoch: [14/30] Iters:[820/1093] gen_loss 0.2403, rec_loss 0.0114, lpips_loss 0.1343, g_loss 0.0147, disc_weight 0.4000, disc_adaptive_weight 6.4504, d_loss 0.4008, logits_real -0.0164, logits_fake -0.0144,
Train Epoch: [14/30] Iters:[830/1093] gen_loss 0.2387, rec_loss 0.0113, lpips_loss 0.1338, g_loss 0.0148, disc_weight 0.4000, disc_adaptive_weight 6.3180, d_loss 0.4008, logits_real -0.0166, logits_fake -0.0146,
Train Epoch: [14/30] Iters:[840/1093] gen_loss 0.2369, rec_loss 0.0112, lpips_loss 0.1333, g_loss 0.0148, disc_weight 0.4000, disc_adaptive_weight 6.2539, d_loss 0.4007, logits_real -0.0167, logits_fake -0.0148,
Train Epoch: [14/30] Iters:[850/1093] gen_loss 0.2417, rec_loss 0.0111, lpips_loss 0.1334, g_loss 0.0149, disc_weight 0.4000, disc_adaptive_weight 6.5518, d_loss 0.4007, logits_real -0.0165, logits_fake -0.0146,
Train Epoch: [14/30] Iters:[860/1093] gen_loss 0.2411, rec_loss 0.0111, lpips_loss 0.1334, g_loss 0.0151, disc_weight 0.4000, disc_adaptive_weight 6.3956, d_loss 0.4007, logits_real -0.0167, logits_fake -0.0148,
Train Epoch: [14/30] Iters:[870/1093] gen_loss 0.2427, rec_loss 0.0111, lpips_loss 0.1338, g_loss 0.0154, disc_weight 0.4000, disc_adaptive_weight 6.3495, d_loss 0.4007, logits_real -0.0171, logits_fake -0.0155,
Train Epoch: [14/30] Iters:[880/1093] gen_loss 0.2501, rec_loss 0.0110, lpips_loss 0.1333, g_loss 0.0158, disc_weight 0.4000, disc_adaptive_weight 6.7139, d_loss 0.4007, logits_real -0.0174, logits_fake -0.0158,
Train Epoch: [14/30] Iters:[890/1093] gen_loss 0.2486, rec_loss 0.0111, lpips_loss 0.1332, g_loss 0.0162, disc_weight 0.4000, disc_adaptive_weight 6.4515, d_loss 0.4007, logits_real -0.0178, logits_fake -0.0162,
Train Epoch: [14/30] Iters:[900/1093] gen_loss 0.2463, rec_loss 0.0111, lpips_loss 0.1335, g_loss 0.0161, disc_weight 0.4000, disc_adaptive_weight 6.3051, d_loss 0.4007, logits_real -0.0179, logits_fake -0.0161,
Train Epoch: [14/30] Iters:[910/1093] gen_loss 0.2394, rec_loss 0.0110, lpips_loss 0.1335, g_loss 0.0159, disc_weight 0.4000, disc_adaptive_weight 6.0035, d_loss 0.4007, logits_real -0.0175, logits_fake -0.0158,
Train Epoch: [14/30] Iters:[920/1093] gen_loss 0.2376, rec_loss 0.0111, lpips_loss 0.1333, g_loss 0.0154, disc_weight 0.4000, disc_adaptive_weight 6.0839, d_loss 0.4007, logits_real -0.0170, logits_fake -0.0152,
Train Epoch: [14/30] Iters:[930/1093] gen_loss 0.2332, rec_loss 0.0113, lpips_loss 0.1340, g_loss 0.0150, disc_weight 0.4000, disc_adaptive_weight 5.9136, d_loss 0.4007, logits_real -0.0165, logits_fake -0.0149,
Train Epoch: [14/30] Iters:[940/1093] gen_loss 0.2379, rec_loss 0.0113, lpips_loss 0.1340, g_loss 0.0150, disc_weight 0.4000, disc_adaptive_weight 6.1979, d_loss 0.4008, logits_real -0.0163, logits_fake -0.0144,
Train Epoch: [14/30] Iters:[950/1093] gen_loss 0.2371, rec_loss 0.0113, lpips_loss 0.1332, g_loss 0.0150, disc_weight 0.4000, disc_adaptive_weight 6.2237, d_loss 0.4007, logits_real -0.0162, logits_fake -0.0146,
Train Epoch: [14/30] Iters:[960/1093] gen_loss 0.2406, rec_loss 0.0113, lpips_loss 0.1334, g_loss 0.0152, disc_weight 0.4000, disc_adaptive_weight 6.3078, d_loss 0.4007, logits_real -0.0165, logits_fake -0.0149,
Train Epoch: [14/30] Iters:[970/1093] gen_loss 0.2414, rec_loss 0.0113, lpips_loss 0.1334, g_loss 0.0151, disc_weight 0.4000, disc_adaptive_weight 6.3949, d_loss 0.4007, logits_real -0.0165, logits_fake -0.0150,
Train Epoch: [14/30] Iters:[980/1093] gen_loss 0.2389, rec_loss 0.0112, lpips_loss 0.1331, g_loss 0.0150, disc_weight 0.4000, disc_adaptive_weight 6.2789, d_loss 0.4007, logits_real -0.0164, logits_fake -0.0147,
Train Epoch: [14/30] Iters:[990/1093] gen_loss 0.2321, rec_loss 0.0112, lpips_loss 0.1334, g_loss 0.0143, disc_weight 0.4000, disc_adaptive_weight 6.0880, d_loss 0.4007, logits_real -0.0160, logits_fake -0.0143,
Train Epoch: [14/30] Iters:[1000/1093] gen_loss 0.2286, rec_loss 0.0112, lpips_loss 0.1340, g_loss 0.0139, disc_weight 0.4000, disc_adaptive_weight 5.9738, d_loss 0.4007, logits_real -0.0156, logits_fake -0.0139,
Train Epoch: [14/30] Iters:[1010/1093] gen_loss 0.2236, rec_loss 0.0111, lpips_loss 0.1334, g_loss 0.0134, disc_weight 0.4000, disc_adaptive_weight 5.8732, d_loss 0.4007, logits_real -0.0152, logits_fake -0.0137,
Train Epoch: [14/30] Iters:[1020/1093] gen_loss 0.2210, rec_loss 0.0109, lpips_loss 0.1326, g_loss 0.0136, disc_weight 0.4000, disc_adaptive_weight 5.7036, d_loss 0.4007, logits_real -0.0154, logits_fake -0.0138,
Train Epoch: [14/30] Iters:[1030/1093] gen_loss 0.2225, rec_loss 0.0110, lpips_loss 0.1326, g_loss 0.0137, disc_weight 0.4000, disc_adaptive_weight 5.7470, d_loss 0.4007, logits_real -0.0156, logits_fake -0.0140,
Train Epoch: [14/30] Iters:[1040/1093] gen_loss 0.2227, rec_loss 0.0111, lpips_loss 0.1326, g_loss 0.0138, disc_weight 0.4000, disc_adaptive_weight 5.7351, d_loss 0.4007, logits_real -0.0159, logits_fake -0.0143,
Train Epoch: [14/30] Iters:[1050/1093] gen_loss 0.2241, rec_loss 0.0111, lpips_loss 0.1325, g_loss 0.0141, disc_weight 0.4000, disc_adaptive_weight 5.7104, d_loss 0.4007, logits_real -0.0162, logits_fake -0.0144,
Train Epoch: [14/30] Iters:[1060/1093] gen_loss 0.2243, rec_loss 0.0111, lpips_loss 0.1330, g_loss 0.0143, disc_weight 0.4000, disc_adaptive_weight 5.6473, d_loss 0.4008, logits_real -0.0165, logits_fake -0.0145,
Train Epoch: [14/30] Iters:[1070/1093] gen_loss 0.2304, rec_loss 0.0113, lpips_loss 0.1333, g_loss 0.0143, disc_weight 0.4000, disc_adaptive_weight 5.9763, d_loss 0.4007, logits_real -0.0164, logits_fake -0.0146,
Train Epoch: [14/30] Iters:[1080/1093] gen_loss 0.2315, rec_loss 0.0114, lpips_loss 0.1335, g_loss 0.0143, disc_weight 0.4000, disc_adaptive_weight 6.0773, d_loss 0.4007, logits_real -0.0166, logits_fake -0.0148,
Train Epoch: [14/30] Iters:[1090/1093] gen_loss 0.2344, rec_loss 0.0113, lpips_loss 0.1337, g_loss 0.0147, disc_weight 0.4000, disc_adaptive_weight 6.0768, d_loss 0.4007, logits_real -0.0168, logits_fake -0.0150,
epoch:15, cur_lr:0.000010
Train Epoch: [15/30] Iters:[10/1093] gen_loss 0.2382, rec_loss 0.0111, lpips_loss 0.1320, g_loss 0.0149, disc_weight 0.4000, disc_adaptive_weight 6.3379, d_loss 0.4007, logits_real -0.0174, logits_fake -0.0157,
Train Epoch: [15/30] Iters:[20/1093] gen_loss 0.2411, rec_loss 0.0111, lpips_loss 0.1316, g_loss 0.0151, disc_weight 0.4000, disc_adaptive_weight 6.5103, d_loss 0.4007, logits_real -0.0175, logits_fake -0.0158,
Train Epoch: [15/30] Iters:[30/1093] gen_loss 0.2371, rec_loss 0.0111, lpips_loss 0.1317, g_loss 0.0152, disc_weight 0.4000, disc_adaptive_weight 6.1957, d_loss 0.4007, logits_real -0.0174, logits_fake -0.0156,
Train Epoch: [15/30] Iters:[40/1093] gen_loss 0.2419, rec_loss 0.0111, lpips_loss 0.1322, g_loss 0.0155, disc_weight 0.4000, disc_adaptive_weight 6.3562, d_loss 0.4007, logits_real -0.0176, logits_fake -0.0159,
Train Epoch: [15/30] Iters:[50/1093] gen_loss 0.2417, rec_loss 0.0111, lpips_loss 0.1325, g_loss 0.0155, disc_weight 0.4000, disc_adaptive_weight 6.2974, d_loss 0.4007, logits_real -0.0177, logits_fake -0.0160,
Train Epoch: [15/30] Iters:[60/1093] gen_loss 0.2424, rec_loss 0.0111, lpips_loss 0.1331, g_loss 0.0155, disc_weight 0.4000, disc_adaptive_weight 6.3342, d_loss 0.4007, logits_real -0.0177, logits_fake -0.0161,
Train Epoch: [15/30] Iters:[70/1093] gen_loss 0.2396, rec_loss 0.0111, lpips_loss 0.1334, g_loss 0.0154, disc_weight 0.4000, disc_adaptive_weight 6.1469, d_loss 0.4007, logits_real -0.0175, logits_fake -0.0158,
Train Epoch: [15/30] Iters:[80/1093] gen_loss 0.2396, rec_loss 0.0111, lpips_loss 0.1334, g_loss 0.0153, disc_weight 0.4000, disc_adaptive_weight 6.2039, d_loss 0.4007, logits_real -0.0173, logits_fake -0.0158,
Train Epoch: [15/30] Iters:[90/1093] gen_loss 0.2337, rec_loss 0.0110, lpips_loss 0.1327, g_loss 0.0149, disc_weight 0.4000, disc_adaptive_weight 6.0517, d_loss 0.4007, logits_real -0.0170, logits_fake -0.0153,
Train Epoch: [15/30] Iters:[100/1093] gen_loss 0.2341, rec_loss 0.0110, lpips_loss 0.1327, g_loss 0.0145, disc_weight 0.4000, disc_adaptive_weight 6.2645, d_loss 0.4006, logits_real -0.0164, logits_fake -0.0152,
Train Epoch: [15/30] Iters:[110/1093] gen_loss 0.2339, rec_loss 0.0108, lpips_loss 0.1320, g_loss 0.0145, disc_weight 0.4000, disc_adaptive_weight 6.2902, d_loss 0.4006, logits_real -0.0161, logits_fake -0.0147,
Train Epoch: [15/30] Iters:[120/1093] gen_loss 0.2432, rec_loss 0.0108, lpips_loss 0.1320, g_loss 0.0148, disc_weight 0.4000, disc_adaptive_weight 6.7925, d_loss 0.4007, logits_real -0.0162, logits_fake -0.0146,
Train Epoch: [15/30] Iters:[130/1093] gen_loss 0.2442, rec_loss 0.0110, lpips_loss 0.1325, g_loss 0.0148, disc_weight 0.4000, disc_adaptive_weight 6.8128, d_loss 0.4006, logits_real -0.0160, logits_fake -0.0146,
Train Epoch: [15/30] Iters:[140/1093] gen_loss 0.2496, rec_loss 0.0112, lpips_loss 0.1333, g_loss 0.0151, disc_weight 0.4000, disc_adaptive_weight 6.9952, d_loss 0.4007, logits_real -0.0161, logits_fake -0.0147,
Train Epoch: [15/30] Iters:[150/1093] gen_loss 0.2502, rec_loss 0.0111, lpips_loss 0.1329, g_loss 0.0152, disc_weight 0.4000, disc_adaptive_weight 7.0048, d_loss 0.4008, logits_real -0.0165, logits_fake -0.0145,
Train Epoch: [15/30] Iters:[160/1093] gen_loss 0.2528, rec_loss 0.0112, lpips_loss 0.1332, g_loss 0.0153, disc_weight 0.4000, disc_adaptive_weight 7.0764, d_loss 0.4008, logits_real -0.0169, logits_fake -0.0148,
Train Epoch: [15/30] Iters:[170/1093] gen_loss 0.2450, rec_loss 0.0114, lpips_loss 0.1335, g_loss 0.0151, disc_weight 0.4000, disc_adaptive_weight 6.6275, d_loss 0.4008, logits_real -0.0171, logits_fake -0.0151,
Train Epoch: [15/30] Iters:[180/1093] gen_loss 0.2449, rec_loss 0.0114, lpips_loss 0.1336, g_loss 0.0152, disc_weight 0.4000, disc_adaptive_weight 6.5940, d_loss 0.4009, logits_real -0.0175, logits_fake -0.0151,
Train Epoch: [15/30] Iters:[190/1093] gen_loss 0.2417, rec_loss 0.0114, lpips_loss 0.1336, g_loss 0.0153, disc_weight 0.4000, disc_adaptive_weight 6.3392, d_loss 0.4009, logits_real -0.0177, logits_fake -0.0152,
Train Epoch: [15/30] Iters:[200/1093] gen_loss 0.2448, rec_loss 0.0115, lpips_loss 0.1341, g_loss 0.0156, disc_weight 0.4000, disc_adaptive_weight 6.3718, d_loss 0.4008, logits_real -0.0177, logits_fake -0.0155,
Train Epoch: [15/30] Iters:[210/1093] gen_loss 0.2444, rec_loss 0.0115, lpips_loss 0.1345, g_loss 0.0156, disc_weight 0.4000, disc_adaptive_weight 6.3153, d_loss 0.4008, logits_real -0.0175, logits_fake -0.0155,
Train Epoch: [15/30] Iters:[220/1093] gen_loss 0.2475, rec_loss 0.0114, lpips_loss 0.1347, g_loss 0.0155, disc_weight 0.4000, disc_adaptive_weight 6.5235, d_loss 0.4008, logits_real -0.0173, logits_fake -0.0152,
Train Epoch: [15/30] Iters:[230/1093] gen_loss 0.2483, rec_loss 0.0115, lpips_loss 0.1351, g_loss 0.0153, disc_weight 0.4000, disc_adaptive_weight 6.6257, d_loss 0.4007, logits_real -0.0170, logits_fake -0.0152,
Train Epoch: [15/30] Iters:[240/1093] gen_loss 0.2464, rec_loss 0.0114, lpips_loss 0.1352, g_loss 0.0150, disc_weight 0.4000, disc_adaptive_weight 6.6588, d_loss 0.4007, logits_real -0.0167, logits_fake -0.0149,
Train Epoch: [15/30] Iters:[250/1093] gen_loss 0.2400, rec_loss 0.0114, lpips_loss 0.1348, g_loss 0.0145, disc_weight 0.4000, disc_adaptive_weight 6.4445, d_loss 0.4007, logits_real -0.0164, logits_fake -0.0146,
Train Epoch: [15/30] Iters:[260/1093] gen_loss 0.2409, rec_loss 0.0114, lpips_loss 0.1345, g_loss 0.0143, disc_weight 0.4000, disc_adaptive_weight 6.6401, d_loss 0.4007, logits_real -0.0162, logits_fake -0.0144,
Train Epoch: [15/30] Iters:[270/1093] gen_loss 0.2424, rec_loss 0.0114, lpips_loss 0.1342, g_loss 0.0142, disc_weight 0.4000, disc_adaptive_weight 6.7817, d_loss 0.4007, logits_real -0.0160, logits_fake -0.0142,
Train Epoch: [15/30] Iters:[280/1093] gen_loss 0.2380, rec_loss 0.0113, lpips_loss 0.1339, g_loss 0.0140, disc_weight 0.4000, disc_adaptive_weight 6.6089, d_loss 0.4008, logits_real -0.0158, logits_fake -0.0137,
Train Epoch: [15/30] Iters:[290/1093] gen_loss 0.2367, rec_loss 0.0112, lpips_loss 0.1338, g_loss 0.0137, disc_weight 0.4000, disc_adaptive_weight 6.6439, d_loss 0.4008, logits_real -0.0155, logits_fake -0.0135,
Train Epoch: [15/30] Iters:[300/1093] gen_loss 0.2355, rec_loss 0.0112, lpips_loss 0.1339, g_loss 0.0136, disc_weight 0.4000, disc_adaptive_weight 6.5624, d_loss 0.4008, logits_real -0.0154, logits_fake -0.0132,
Train Epoch: [15/30] Iters:[310/1093] gen_loss 0.2312, rec_loss 0.0112, lpips_loss 0.1341, g_loss 0.0134, disc_weight 0.4000, disc_adaptive_weight 6.3583, d_loss 0.4008, logits_real -0.0152, logits_fake -0.0131,
Train Epoch: [15/30] Iters:[320/1093] gen_loss 0.2232, rec_loss 0.0111, lpips_loss 0.1336, g_loss 0.0132, disc_weight 0.4000, disc_adaptive_weight 5.9783, d_loss 0.4007, logits_real -0.0150, logits_fake -0.0130,
Train Epoch: [15/30] Iters:[330/1093] gen_loss 0.2235, rec_loss 0.0111, lpips_loss 0.1335, g_loss 0.0131, disc_weight 0.4000, disc_adaptive_weight 6.0087, d_loss 0.4007, logits_real -0.0148, logits_fake -0.0130,
Train Epoch: [15/30] Iters:[340/1093] gen_loss 0.2237, rec_loss 0.0111, lpips_loss 0.1332, g_loss 0.0132, disc_weight 0.4000, disc_adaptive_weight 6.0066, d_loss 0.4007, logits_real -0.0150, logits_fake -0.0133,
Train Epoch: [15/30] Iters:[350/1093] gen_loss 0.2272, rec_loss 0.0112, lpips_loss 0.1333, g_loss 0.0133, disc_weight 0.4000, disc_adaptive_weight 6.2304, d_loss 0.4007, logits_real -0.0151, logits_fake -0.0135,
Train Epoch: [15/30] Iters:[360/1093] gen_loss 0.2242, rec_loss 0.0111, lpips_loss 0.1333, g_loss 0.0133, disc_weight 0.4000, disc_adaptive_weight 5.9907, d_loss 0.4007, logits_real -0.0153, logits_fake -0.0134,
Train Epoch: [15/30] Iters:[370/1093] gen_loss 0.2279, rec_loss 0.0112, lpips_loss 0.1337, g_loss 0.0132, disc_weight 0.4000, disc_adaptive_weight 6.2707, d_loss 0.4007, logits_real -0.0152, logits_fake -0.0133,
Train Epoch: [15/30] Iters:[380/1093] gen_loss 0.2270, rec_loss 0.0113, lpips_loss 0.1340, g_loss 0.0132, disc_weight 0.4000, disc_adaptive_weight 6.1985, d_loss 0.4007, logits_real -0.0150, logits_fake -0.0131,
Train Epoch: [15/30] Iters:[390/1093] gen_loss 0.2268, rec_loss 0.0114, lpips_loss 0.1346, g_loss 0.0131, disc_weight 0.4000, disc_adaptive_weight 6.1958, d_loss 0.4007, logits_real -0.0148, logits_fake -0.0129,
Train Epoch: [15/30] Iters:[400/1093] gen_loss 0.2238, rec_loss 0.0114, lpips_loss 0.1346, g_loss 0.0129, disc_weight 0.4000, disc_adaptive_weight 6.0257, d_loss 0.4007, logits_real -0.0146, logits_fake -0.0126,
Train Epoch: [15/30] Iters:[410/1093] gen_loss 0.2262, rec_loss 0.0114, lpips_loss 0.1342, g_loss 0.0127, disc_weight 0.4000, disc_adaptive_weight 6.3205, d_loss 0.4007, logits_real -0.0143, logits_fake -0.0124,
Train Epoch: [15/30] Iters:[420/1093] gen_loss 0.2230, rec_loss 0.0114, lpips_loss 0.1346, g_loss 0.0125, disc_weight 0.4000, disc_adaptive_weight 6.1432, d_loss 0.4007, logits_real -0.0142, logits_fake -0.0122,
Train Epoch: [15/30] Iters:[430/1093] gen_loss 0.2228, rec_loss 0.0114, lpips_loss 0.1341, g_loss 0.0124, disc_weight 0.4000, disc_adaptive_weight 6.2464, d_loss 0.4008, logits_real -0.0141, logits_fake -0.0121,
Train Epoch: [15/30] Iters:[440/1093] gen_loss 0.2236, rec_loss 0.0112, lpips_loss 0.1336, g_loss 0.0121, disc_weight 0.4000, disc_adaptive_weight 6.4931, d_loss 0.4008, logits_real -0.0139, logits_fake -0.0119,
Train Epoch: [15/30] Iters:[450/1093] gen_loss 0.2241, rec_loss 0.0112, lpips_loss 0.1336, g_loss 0.0119, disc_weight 0.4000, disc_adaptive_weight 6.6513, d_loss 0.4008, logits_real -0.0138, logits_fake -0.0117,
Train Epoch: [15/30] Iters:[460/1093] gen_loss 0.2262, rec_loss 0.0112, lpips_loss 0.1340, g_loss 0.0121, disc_weight 0.4000, disc_adaptive_weight 6.6950, d_loss 0.4008, logits_real -0.0140, logits_fake -0.0119,
Train Epoch: [15/30] Iters:[470/1093] gen_loss 0.2301, rec_loss 0.0111, lpips_loss 0.1332, g_loss 0.0125, disc_weight 0.4000, disc_adaptive_weight 6.8400, d_loss 0.4008, logits_real -0.0144, logits_fake -0.0124,
Train Epoch: [15/30] Iters:[480/1093] gen_loss 0.2370, rec_loss 0.0111, lpips_loss 0.1337, g_loss 0.0132, disc_weight 0.4000, disc_adaptive_weight 7.0282, d_loss 0.4007, logits_real -0.0150, logits_fake -0.0131,
Train Epoch: [15/30] Iters:[490/1093] gen_loss 0.2384, rec_loss 0.0111, lpips_loss 0.1337, g_loss 0.0138, disc_weight 0.4000, disc_adaptive_weight 6.7882, d_loss 0.4008, logits_real -0.0157, logits_fake -0.0137,
Train Epoch: [15/30] Iters:[500/1093] gen_loss 0.2398, rec_loss 0.0111, lpips_loss 0.1338, g_loss 0.0143, disc_weight 0.4000, disc_adaptive_weight 6.6661, d_loss 0.4007, logits_real -0.0161, logits_fake -0.0142,
Train Epoch: [15/30] Iters:[510/1093] gen_loss 0.2347, rec_loss 0.0110, lpips_loss 0.1332, g_loss 0.0145, disc_weight 0.4000, disc_adaptive_weight 6.2549, d_loss 0.4007, logits_real -0.0162, logits_fake -0.0144,
Train Epoch: [15/30] Iters:[520/1093] gen_loss 0.2344, rec_loss 0.0111, lpips_loss 0.1334, g_loss 0.0145, disc_weight 0.4000, disc_adaptive_weight 6.1801, d_loss 0.4007, logits_real -0.0161, logits_fake -0.0145,
Train Epoch: [15/30] Iters:[530/1093] gen_loss 0.2360, rec_loss 0.0109, lpips_loss 0.1329, g_loss 0.0146, disc_weight 0.4000, disc_adaptive_weight 6.3082, d_loss 0.4007, logits_real -0.0161, logits_fake -0.0145,
Train Epoch: [15/30] Iters:[540/1093] gen_loss 0.2370, rec_loss 0.0110, lpips_loss 0.1331, g_loss 0.0145, disc_weight 0.4000, disc_adaptive_weight 6.3806, d_loss 0.4007, logits_real -0.0160, logits_fake -0.0145,
Train Epoch: [15/30] Iters:[550/1093] gen_loss 0.2367, rec_loss 0.0111, lpips_loss 0.1332, g_loss 0.0145, disc_weight 0.4000, disc_adaptive_weight 6.3490, d_loss 0.4007, logits_real -0.0159, logits_fake -0.0144,
Train Epoch: [15/30] Iters:[560/1093] gen_loss 0.2413, rec_loss 0.0113, lpips_loss 0.1336, g_loss 0.0145, disc_weight 0.4000, disc_adaptive_weight 6.6111, d_loss 0.4007, logits_real -0.0159, logits_fake -0.0142,
Train Epoch: [15/30] Iters:[570/1093] gen_loss 0.2429, rec_loss 0.0113, lpips_loss 0.1336, g_loss 0.0147, disc_weight 0.4000, disc_adaptive_weight 6.6743, d_loss 0.4007, logits_real -0.0160, logits_fake -0.0143,
Train Epoch: [15/30] Iters:[580/1093] gen_loss 0.2369, rec_loss 0.0113, lpips_loss 0.1334, g_loss 0.0147, disc_weight 0.4000, disc_adaptive_weight 6.2786, d_loss 0.4007, logits_real -0.0162, logits_fake -0.0144,
Train Epoch: [15/30] Iters:[590/1093] gen_loss 0.2360, rec_loss 0.0112, lpips_loss 0.1333, g_loss 0.0148, disc_weight 0.4000, disc_adaptive_weight 6.2092, d_loss 0.4007, logits_real -0.0162, logits_fake -0.0145,
Train Epoch: [15/30] Iters:[600/1093] gen_loss 0.2386, rec_loss 0.0112, lpips_loss 0.1331, g_loss 0.0148, disc_weight 0.4000, disc_adaptive_weight 6.3723, d_loss 0.4007, logits_real -0.0164, logits_fake -0.0146,
Train Epoch: [15/30] Iters:[610/1093] gen_loss 0.2363, rec_loss 0.0110, lpips_loss 0.1329, g_loss 0.0150, disc_weight 0.4000, disc_adaptive_weight 6.1756, d_loss 0.4007, logits_real -0.0166, logits_fake -0.0149,
Train Epoch: [15/30] Iters:[620/1093] gen_loss 0.2368, rec_loss 0.0111, lpips_loss 0.1333, g_loss 0.0151, disc_weight 0.4000, disc_adaptive_weight 6.1250, d_loss 0.4007, logits_real -0.0168, logits_fake -0.0151,
Train Epoch: [15/30] Iters:[630/1093] gen_loss 0.2376, rec_loss 0.0113, lpips_loss 0.1336, g_loss 0.0151, disc_weight 0.4000, disc_adaptive_weight 6.1433, d_loss 0.4007, logits_real -0.0170, logits_fake -0.0152,
Train Epoch: [15/30] Iters:[640/1093] gen_loss 0.2383, rec_loss 0.0112, lpips_loss 0.1333, g_loss 0.0154, disc_weight 0.4000, disc_adaptive_weight 6.1171, d_loss 0.4007, logits_real -0.0173, logits_fake -0.0154,
Train Epoch: [15/30] Iters:[650/1093] gen_loss 0.2399, rec_loss 0.0113, lpips_loss 0.1337, g_loss 0.0157, disc_weight 0.4000, disc_adaptive_weight 6.0255, d_loss 0.4007, logits_real -0.0175, logits_fake -0.0156,
Train Epoch: [15/30] Iters:[660/1093] gen_loss 0.2403, rec_loss 0.0113, lpips_loss 0.1340, g_loss 0.0158, disc_weight 0.4000, disc_adaptive_weight 6.0114, d_loss 0.4007, logits_real -0.0175, logits_fake -0.0157,
Train Epoch: [15/30] Iters:[670/1093] gen_loss 0.2359, rec_loss 0.0112, lpips_loss 0.1335, g_loss 0.0155, disc_weight 0.4000, disc_adaptive_weight 5.8549, d_loss 0.4007, logits_real -0.0173, logits_fake -0.0155,
Train Epoch: [15/30] Iters:[680/1093] gen_loss 0.2327, rec_loss 0.0110, lpips_loss 0.1332, g_loss 0.0153, disc_weight 0.4000, disc_adaptive_weight 5.7230, d_loss 0.4007, logits_real -0.0169, logits_fake -0.0151,
Train Epoch: [15/30] Iters:[690/1093] gen_loss 0.2300, rec_loss 0.0111, lpips_loss 0.1332, g_loss 0.0147, disc_weight 0.4000, disc_adaptive_weight 5.8093, d_loss 0.4007, logits_real -0.0162, logits_fake -0.0144,
Train Epoch: [15/30] Iters:[700/1093] gen_loss 0.2224, rec_loss 0.0110, lpips_loss 0.1329, g_loss 0.0139, disc_weight 0.4000, disc_adaptive_weight 5.6691, d_loss 0.4007, logits_real -0.0155, logits_fake -0.0138,
Train Epoch: [15/30] Iters:[710/1093] gen_loss 0.2243, rec_loss 0.0108, lpips_loss 0.1323, g_loss 0.0135, disc_weight 0.4000, disc_adaptive_weight 6.0440, d_loss 0.4007, logits_real -0.0151, logits_fake -0.0134,
Train Epoch: [15/30] Iters:[720/1093] gen_loss 0.2277, rec_loss 0.0110, lpips_loss 0.1326, g_loss 0.0134, disc_weight 0.4000, disc_adaptive_weight 6.3011, d_loss 0.4007, logits_real -0.0151, logits_fake -0.0132,
Train Epoch: [15/30] Iters:[730/1093] gen_loss 0.2295, rec_loss 0.0111, lpips_loss 0.1332, g_loss 0.0134, disc_weight 0.4000, disc_adaptive_weight 6.3600, d_loss 0.4007, logits_real -0.0151, logits_fake -0.0133,
Train Epoch: [15/30] Iters:[740/1093] gen_loss 0.2340, rec_loss 0.0111, lpips_loss 0.1335, g_loss 0.0137, disc_weight 0.4000, disc_adaptive_weight 6.5193, d_loss 0.4007, logits_real -0.0155, logits_fake -0.0136,
Train Epoch: [15/30] Iters:[750/1093] gen_loss 0.2357, rec_loss 0.0112, lpips_loss 0.1336, g_loss 0.0140, disc_weight 0.4000, disc_adaptive_weight 6.5176, d_loss 0.4007, logits_real -0.0157, logits_fake -0.0139,
Train Epoch: [15/30] Iters:[760/1093] gen_loss 0.2505, rec_loss 0.0114, lpips_loss 0.1340, g_loss 0.0141, disc_weight 0.4000, disc_adaptive_weight 7.3915, d_loss 0.4007, logits_real -0.0159, logits_fake -0.0140,
Train Epoch: [15/30] Iters:[770/1093] gen_loss 0.2473, rec_loss 0.0115, lpips_loss 0.1341, g_loss 0.0140, disc_weight 0.4000, disc_adaptive_weight 7.2050, d_loss 0.4007, logits_real -0.0158, logits_fake -0.0140,
Train Epoch: [15/30] Iters:[780/1093] gen_loss 0.2472, rec_loss 0.0114, lpips_loss 0.1336, g_loss 0.0138, disc_weight 0.4000, disc_adaptive_weight 7.3269, d_loss 0.4007, logits_real -0.0157, logits_fake -0.0139,
Train Epoch: [15/30] Iters:[790/1093] gen_loss 0.2488, rec_loss 0.0113, lpips_loss 0.1333, g_loss 0.0136, disc_weight 0.4000, disc_adaptive_weight 7.6156, d_loss 0.4007, logits_real -0.0155, logits_fake -0.0137,
Train Epoch: [15/30] Iters:[800/1093] gen_loss 0.2483, rec_loss 0.0112, lpips_loss 0.1332, g_loss 0.0133, disc_weight 0.4000, disc_adaptive_weight 7.7030, d_loss 0.4007, logits_real -0.0152, logits_fake -0.0134,
Train Epoch: [15/30] Iters:[810/1093] gen_loss 0.2357, rec_loss 0.0112, lpips_loss 0.1337, g_loss 0.0131, disc_weight 0.4000, disc_adaptive_weight 6.9784, d_loss 0.4007, logits_real -0.0150, logits_fake -0.0131,
Train Epoch: [15/30] Iters:[820/1093] gen_loss 0.2350, rec_loss 0.0110, lpips_loss 0.1332, g_loss 0.0131, disc_weight 0.4000, disc_adaptive_weight 6.9579, d_loss 0.4007, logits_real -0.0149, logits_fake -0.0131,
Train Epoch: [15/30] Iters:[830/1093] gen_loss 0.2337, rec_loss 0.0110, lpips_loss 0.1336, g_loss 0.0131, disc_weight 0.4000, disc_adaptive_weight 6.8482, d_loss 0.4007, logits_real -0.0149, logits_fake -0.0131,
Train Epoch: [15/30] Iters:[840/1093] gen_loss 0.2277, rec_loss 0.0110, lpips_loss 0.1336, g_loss 0.0133, disc_weight 0.4000, disc_adaptive_weight 6.2818, d_loss 0.4007, logits_real -0.0152, logits_fake -0.0133,
Train Epoch: [15/30] Iters:[850/1093] gen_loss 0.2315, rec_loss 0.0111, lpips_loss 0.1336, g_loss 0.0135, disc_weight 0.4000, disc_adaptive_weight 6.4286, d_loss 0.4007, logits_real -0.0154, logits_fake -0.0135,
Train Epoch: [15/30] Iters:[860/1093] gen_loss 0.2264, rec_loss 0.0111, lpips_loss 0.1331, g_loss 0.0135, disc_weight 0.4000, disc_adaptive_weight 6.0828, d_loss 0.4007, logits_real -0.0153, logits_fake -0.0136,
Train Epoch: [15/30] Iters:[870/1093] gen_loss 0.2243, rec_loss 0.0110, lpips_loss 0.1331, g_loss 0.0134, disc_weight 0.4000, disc_adaptive_weight 5.9879, d_loss 0.4007, logits_real -0.0151, logits_fake -0.0134,
Train Epoch: [15/30] Iters:[880/1093] gen_loss 0.2266, rec_loss 0.0111, lpips_loss 0.1328, g_loss 0.0133, disc_weight 0.4000, disc_adaptive_weight 6.2373, d_loss 0.4007, logits_real -0.0148, logits_fake -0.0131,
Train Epoch: [15/30] Iters:[890/1093] gen_loss 0.2251, rec_loss 0.0112, lpips_loss 0.1333, g_loss 0.0130, disc_weight 0.4000, disc_adaptive_weight 6.1983, d_loss 0.4007, logits_real -0.0145, logits_fake -0.0129,
Train Epoch: [15/30] Iters:[900/1093] gen_loss 0.2265, rec_loss 0.0111, lpips_loss 0.1328, g_loss 0.0131, disc_weight 0.4000, disc_adaptive_weight 6.3092, d_loss 0.4007, logits_real -0.0146, logits_fake -0.0130,
Train Epoch: [15/30] Iters:[910/1093] gen_loss 0.2270, rec_loss 0.0111, lpips_loss 0.1327, g_loss 0.0134, disc_weight 0.4000, disc_adaptive_weight 6.2150, d_loss 0.4007, logits_real -0.0149, logits_fake -0.0133,
Train Epoch: [15/30] Iters:[920/1093] gen_loss 0.2284, rec_loss 0.0111, lpips_loss 0.1329, g_loss 0.0136, disc_weight 0.4000, disc_adaptive_weight 6.2127, d_loss 0.4006, logits_real -0.0150, logits_fake -0.0137,
Train Epoch: [15/30] Iters:[930/1093] gen_loss 0.2301, rec_loss 0.0111, lpips_loss 0.1333, g_loss 0.0138, disc_weight 0.4000, disc_adaptive_weight 6.2548, d_loss 0.4007, logits_real -0.0152, logits_fake -0.0137,
Train Epoch: [15/30] Iters:[940/1093] gen_loss 0.2315, rec_loss 0.0111, lpips_loss 0.1337, g_loss 0.0137, disc_weight 0.4000, disc_adaptive_weight 6.3296, d_loss 0.4007, logits_real -0.0151, logits_fake -0.0135,
Train Epoch: [15/30] Iters:[950/1093] gen_loss 0.2268, rec_loss 0.0111, lpips_loss 0.1338, g_loss 0.0132, disc_weight 0.4000, disc_adaptive_weight 6.2815, d_loss 0.4007, logits_real -0.0147, logits_fake -0.0130,
Train Epoch: [15/30] Iters:[960/1093] gen_loss 0.2306, rec_loss 0.0110, lpips_loss 0.1336, g_loss 0.0126, disc_weight 0.4000, disc_adaptive_weight 6.9375, d_loss 0.4007, logits_real -0.0142, logits_fake -0.0124,
Train Epoch: [15/30] Iters:[970/1093] gen_loss 0.2326, rec_loss 0.0112, lpips_loss 0.1338, g_loss 0.0121, disc_weight 0.4000, disc_adaptive_weight 7.3264, d_loss 0.4008, logits_real -0.0139, logits_fake -0.0119,
Train Epoch: [15/30] Iters:[980/1093] gen_loss 0.2327, rec_loss 0.0111, lpips_loss 0.1337, g_loss 0.0118, disc_weight 0.4000, disc_adaptive_weight 7.4861, d_loss 0.4007, logits_real -0.0137, logits_fake -0.0118,
Train Epoch: [15/30] Iters:[990/1093] gen_loss 0.2330, rec_loss 0.0111, lpips_loss 0.1330, g_loss 0.0116, disc_weight 0.4000, disc_adaptive_weight 7.6627, d_loss 0.4007, logits_real -0.0136, logits_fake -0.0117,
Train Epoch: [15/30] Iters:[1000/1093] gen_loss 0.2381, rec_loss 0.0112, lpips_loss 0.1333, g_loss 0.0116, disc_weight 0.4000, disc_adaptive_weight 8.0756, d_loss 0.4007, logits_real -0.0136, logits_fake -0.0117,
Train Epoch: [15/30] Iters:[1010/1093] gen_loss 0.2309, rec_loss 0.0113, lpips_loss 0.1340, g_loss 0.0116, disc_weight 0.4000, disc_adaptive_weight 7.4177, d_loss 0.4007, logits_real -0.0135, logits_fake -0.0117,
Train Epoch: [15/30] Iters:[1020/1093] gen_loss 0.2309, rec_loss 0.0113, lpips_loss 0.1338, g_loss 0.0117, disc_weight 0.4000, disc_adaptive_weight 7.3603, d_loss 0.4006, logits_real -0.0133, logits_fake -0.0118,
Train Epoch: [15/30] Iters:[1030/1093] gen_loss 0.2288, rec_loss 0.0112, lpips_loss 0.1333, g_loss 0.0118, disc_weight 0.4000, disc_adaptive_weight 7.1298, d_loss 0.4006, logits_real -0.0134, logits_fake -0.0119,
Train Epoch: [15/30] Iters:[1040/1093] gen_loss 0.2291, rec_loss 0.0111, lpips_loss 0.1340, g_loss 0.0121, disc_weight 0.4000, disc_adaptive_weight 6.9936, d_loss 0.4006, logits_real -0.0136, logits_fake -0.0121,
Train Epoch: [15/30] Iters:[1050/1093] gen_loss 0.2225, rec_loss 0.0110, lpips_loss 0.1334, g_loss 0.0126, disc_weight 0.4000, disc_adaptive_weight 6.2231, d_loss 0.4006, logits_real -0.0139, logits_fake -0.0125,
Train Epoch: [15/30] Iters:[1060/1093] gen_loss 0.2298, rec_loss 0.0110, lpips_loss 0.1336, g_loss 0.0132, disc_weight 0.4000, disc_adaptive_weight 6.4577, d_loss 0.4006, logits_real -0.0145, logits_fake -0.0130,
Train Epoch: [15/30] Iters:[1070/1093] gen_loss 0.2304, rec_loss 0.0110, lpips_loss 0.1339, g_loss 0.0136, disc_weight 0.4000, disc_adaptive_weight 6.2772, d_loss 0.4007, logits_real -0.0151, logits_fake -0.0134,
Train Epoch: [15/30] Iters:[1080/1093] gen_loss 0.2313, rec_loss 0.0111, lpips_loss 0.1342, g_loss 0.0139, disc_weight 0.4000, disc_adaptive_weight 6.1695, d_loss 0.4007, logits_real -0.0155, logits_fake -0.0138,
Train Epoch: [15/30] Iters:[1090/1093] gen_loss 0.2321, rec_loss 0.0112, lpips_loss 0.1340, g_loss 0.0141, disc_weight 0.4000, disc_adaptive_weight 6.1571, d_loss 0.4007, logits_real -0.0158, logits_fake -0.0141,
Loading pretrained model LPIPS from /home/sunset/.cache/torch/hub/pyiqa/LPIPS_v0.1_alex-df73285e.pth
epoch:16, cur_lr:0.000010
Train Epoch: [16/30] Iters:[10/1093] gen_loss 0.2361, rec_loss 0.0111, lpips_loss 0.1335, g_loss 0.0148, disc_weight 0.4000, disc_adaptive_weight 6.1938, d_loss 0.4007, logits_real -0.0172, logits_fake -0.0153,
Train Epoch: [16/30] Iters:[20/1093] gen_loss 0.2444, rec_loss 0.0112, lpips_loss 0.1338, g_loss 0.0146, disc_weight 0.4000, disc_adaptive_weight 6.8350, d_loss 0.4007, logits_real -0.0166, logits_fake -0.0149,
Train Epoch: [16/30] Iters:[30/1093] gen_loss 0.2397, rec_loss 0.0111, lpips_loss 0.1336, g_loss 0.0139, disc_weight 0.4000, disc_adaptive_weight 6.8472, d_loss 0.4007, logits_real -0.0159, logits_fake -0.0139,
Train Epoch: [16/30] Iters:[40/1093] gen_loss 0.2374, rec_loss 0.0111, lpips_loss 0.1337, g_loss 0.0134, disc_weight 0.4000, disc_adaptive_weight 6.9439, d_loss 0.4007, logits_real -0.0152, logits_fake -0.0134,
Train Epoch: [16/30] Iters:[50/1093] gen_loss 0.2362, rec_loss 0.0111, lpips_loss 0.1338, g_loss 0.0131, disc_weight 0.4000, disc_adaptive_weight 6.9446, d_loss 0.4007, logits_real -0.0151, logits_fake -0.0134,
Train Epoch: [16/30] Iters:[60/1093] gen_loss 0.2361, rec_loss 0.0112, lpips_loss 0.1340, g_loss 0.0130, disc_weight 0.4000, disc_adaptive_weight 7.0048, d_loss 0.4007, logits_real -0.0147, logits_fake -0.0131,
Train Epoch: [16/30] Iters:[70/1093] gen_loss 0.2367, rec_loss 0.0113, lpips_loss 0.1340, g_loss 0.0128, disc_weight 0.4000, disc_adaptive_weight 7.1705, d_loss 0.4007, logits_real -0.0146, logits_fake -0.0129,
Train Epoch: [16/30] Iters:[80/1093] gen_loss 0.2350, rec_loss 0.0114, lpips_loss 0.1343, g_loss 0.0129, disc_weight 0.4000, disc_adaptive_weight 6.9235, d_loss 0.4007, logits_real -0.0148, logits_fake -0.0131,
Train Epoch: [16/30] Iters:[90/1093] gen_loss 0.2331, rec_loss 0.0113, lpips_loss 0.1343, g_loss 0.0133, disc_weight 0.4000, disc_adaptive_weight 6.6083, d_loss 0.4007, logits_real -0.0150, logits_fake -0.0134,
Train Epoch: [16/30] Iters:[100/1093] gen_loss 0.2327, rec_loss 0.0113, lpips_loss 0.1342, g_loss 0.0135, disc_weight 0.4000, disc_adaptive_weight 6.4831, d_loss 0.4007, logits_real -0.0152, logits_fake -0.0135,
Train Epoch: [16/30] Iters:[110/1093] gen_loss 0.2296, rec_loss 0.0113, lpips_loss 0.1338, g_loss 0.0135, disc_weight 0.4000, disc_adaptive_weight 6.2698, d_loss 0.4007, logits_real -0.0153, logits_fake -0.0133,
Train Epoch: [16/30] Iters:[120/1093] gen_loss 0.2250, rec_loss 0.0111, lpips_loss 0.1339, g_loss 0.0136, disc_weight 0.4000, disc_adaptive_weight 5.9055, d_loss 0.4007, logits_real -0.0151, logits_fake -0.0133,
Train Epoch: [16/30] Iters:[130/1093] gen_loss 0.2281, rec_loss 0.0110, lpips_loss 0.1335, g_loss 0.0137, disc_weight 0.4000, disc_adaptive_weight 6.1084, d_loss 0.4007, logits_real -0.0152, logits_fake -0.0136,
Train Epoch: [16/30] Iters:[140/1093] gen_loss 0.2287, rec_loss 0.0111, lpips_loss 0.1332, g_loss 0.0138, disc_weight 0.4000, disc_adaptive_weight 6.1285, d_loss 0.4006, logits_real -0.0154, logits_fake -0.0139,
Train Epoch: [16/30] Iters:[150/1093] gen_loss 0.2289, rec_loss 0.0110, lpips_loss 0.1333, g_loss 0.0141, disc_weight 0.4000, disc_adaptive_weight 6.0438, d_loss 0.4007, logits_real -0.0158, logits_fake -0.0142,
Train Epoch: [16/30] Iters:[160/1093] gen_loss 0.2358, rec_loss 0.0109, lpips_loss 0.1330, g_loss 0.0142, disc_weight 0.4000, disc_adaptive_weight 6.4755, d_loss 0.4006, logits_real -0.0160, logits_fake -0.0146,
Train Epoch: [16/30] Iters:[170/1093] gen_loss 0.2359, rec_loss 0.0110, lpips_loss 0.1331, g_loss 0.0140, disc_weight 0.4000, disc_adaptive_weight 6.6143, d_loss 0.4007, logits_real -0.0159, logits_fake -0.0144,
Train Epoch: [16/30] Iters:[180/1093] gen_loss 0.2348, rec_loss 0.0110, lpips_loss 0.1331, g_loss 0.0135, disc_weight 0.4000, disc_adaptive_weight 6.7541, d_loss 0.4007, logits_real -0.0154, logits_fake -0.0139,
Train Epoch: [16/30] Iters:[190/1093] gen_loss 0.2366, rec_loss 0.0110, lpips_loss 0.1332, g_loss 0.0131, disc_weight 0.4000, disc_adaptive_weight 7.0894, d_loss 0.4007, logits_real -0.0151, logits_fake -0.0134,
Train Epoch: [16/30] Iters:[200/1093] gen_loss 0.2366, rec_loss 0.0111, lpips_loss 0.1330, g_loss 0.0129, disc_weight 0.4000, disc_adaptive_weight 7.1558, d_loss 0.4006, logits_real -0.0144, logits_fake -0.0129,
Train Epoch: [16/30] Iters:[210/1093] gen_loss 0.2285, rec_loss 0.0111, lpips_loss 0.1332, g_loss 0.0124, disc_weight 0.4000, disc_adaptive_weight 6.7846, d_loss 0.4006, logits_real -0.0137, logits_fake -0.0125,
Train Epoch: [16/30] Iters:[220/1093] gen_loss 0.2250, rec_loss 0.0110, lpips_loss 0.1326, g_loss 0.0124, disc_weight 0.4000, disc_adaptive_weight 6.5775, d_loss 0.4006, logits_real -0.0136, logits_fake -0.0122,
Train Epoch: [16/30] Iters:[230/1093] gen_loss 0.2216, rec_loss 0.0110, lpips_loss 0.1328, g_loss 0.0125, disc_weight 0.4000, disc_adaptive_weight 6.2450, d_loss 0.4006, logits_real -0.0136, logits_fake -0.0122,
Train Epoch: [16/30] Iters:[240/1093] gen_loss 0.2175, rec_loss 0.0111, lpips_loss 0.1333, g_loss 0.0125, disc_weight 0.4000, disc_adaptive_weight 5.8821, d_loss 0.4007, logits_real -0.0140, logits_fake -0.0123,
Train Epoch: [16/30] Iters:[250/1093] gen_loss 0.2160, rec_loss 0.0110, lpips_loss 0.1333, g_loss 0.0122, disc_weight 0.4000, disc_adaptive_weight 5.8925, d_loss 0.4007, logits_real -0.0141, logits_fake -0.0123,
Train Epoch: [16/30] Iters:[260/1093] gen_loss 0.2213, rec_loss 0.0111, lpips_loss 0.1338, g_loss 0.0124, disc_weight 0.4000, disc_adaptive_weight 6.1996, d_loss 0.4008, logits_real -0.0146, logits_fake -0.0123,
Train Epoch: [16/30] Iters:[270/1093] gen_loss 0.2250, rec_loss 0.0111, lpips_loss 0.1336, g_loss 0.0127, disc_weight 0.4000, disc_adaptive_weight 6.3413, d_loss 0.4007, logits_real -0.0149, logits_fake -0.0129,
Train Epoch: [16/30] Iters:[280/1093] gen_loss 0.2289, rec_loss 0.0110, lpips_loss 0.1333, g_loss 0.0131, disc_weight 0.4000, disc_adaptive_weight 6.4894, d_loss 0.4007, logits_real -0.0153, logits_fake -0.0134,
Train Epoch: [16/30] Iters:[290/1093] gen_loss 0.2295, rec_loss 0.0109, lpips_loss 0.1327, g_loss 0.0134, disc_weight 0.4000, disc_adaptive_weight 6.4046, d_loss 0.4006, logits_real -0.0154, logits_fake -0.0138,
Train Epoch: [16/30] Iters:[300/1093] gen_loss 0.2296, rec_loss 0.0110, lpips_loss 0.1327, g_loss 0.0137, disc_weight 0.4000, disc_adaptive_weight 6.3080, d_loss 0.4006, logits_real -0.0155, logits_fake -0.0140,
Train Epoch: [16/30] Iters:[310/1093] gen_loss 0.2252, rec_loss 0.0109, lpips_loss 0.1324, g_loss 0.0139, disc_weight 0.4000, disc_adaptive_weight 5.9267, d_loss 0.4006, logits_real -0.0154, logits_fake -0.0141,
Train Epoch: [16/30] Iters:[320/1093] gen_loss 0.2239, rec_loss 0.0110, lpips_loss 0.1327, g_loss 0.0139, disc_weight 0.4000, disc_adaptive_weight 5.7738, d_loss 0.4006, logits_real -0.0155, logits_fake -0.0142,
Train Epoch: [16/30] Iters:[330/1093] gen_loss 0.2227, rec_loss 0.0112, lpips_loss 0.1333, g_loss 0.0137, disc_weight 0.4000, disc_adaptive_weight 5.7726, d_loss 0.4006, logits_real -0.0155, logits_fake -0.0139,
Train Epoch: [16/30] Iters:[340/1093] gen_loss 0.2246, rec_loss 0.0112, lpips_loss 0.1331, g_loss 0.0135, disc_weight 0.4000, disc_adaptive_weight 5.9844, d_loss 0.4007, logits_real -0.0153, logits_fake -0.0137,
Train Epoch: [16/30] Iters:[350/1093] gen_loss 0.2277, rec_loss 0.0113, lpips_loss 0.1334, g_loss 0.0134, disc_weight 0.4000, disc_adaptive_weight 6.2424, d_loss 0.4006, logits_real -0.0151, logits_fake -0.0137,
Train Epoch: [16/30] Iters:[360/1093] gen_loss 0.2283, rec_loss 0.0112, lpips_loss 0.1334, g_loss 0.0132, disc_weight 0.4000, disc_adaptive_weight 6.3760, d_loss 0.4006, logits_real -0.0151, logits_fake -0.0135,
Train Epoch: [16/30] Iters:[370/1093] gen_loss 0.2253, rec_loss 0.0113, lpips_loss 0.1332, g_loss 0.0132, disc_weight 0.4000, disc_adaptive_weight 6.1847, d_loss 0.4007, logits_real -0.0151, logits_fake -0.0134,
Train Epoch: [16/30] Iters:[380/1093] gen_loss 0.2270, rec_loss 0.0111, lpips_loss 0.1329, g_loss 0.0132, disc_weight 0.4000, disc_adaptive_weight 6.3305, d_loss 0.4006, logits_real -0.0149, logits_fake -0.0134,
Train Epoch: [16/30] Iters:[390/1093] gen_loss 0.2258, rec_loss 0.0111, lpips_loss 0.1333, g_loss 0.0132, disc_weight 0.4000, disc_adaptive_weight 6.2456, d_loss 0.4007, logits_real -0.0149, logits_fake -0.0133,
Train Epoch: [16/30] Iters:[400/1093] gen_loss 0.2198, rec_loss 0.0110, lpips_loss 0.1335, g_loss 0.0131, disc_weight 0.4000, disc_adaptive_weight 5.8265, d_loss 0.4007, logits_real -0.0149, logits_fake -0.0131,
Train Epoch: [16/30] Iters:[410/1093] gen_loss 0.2192, rec_loss 0.0110, lpips_loss 0.1332, g_loss 0.0129, disc_weight 0.4000, disc_adaptive_weight 5.8828, d_loss 0.4007, logits_real -0.0146, logits_fake -0.0129,
Train Epoch: [16/30] Iters:[420/1093] gen_loss 0.2235, rec_loss 0.0110, lpips_loss 0.1333, g_loss 0.0126, disc_weight 0.4000, disc_adaptive_weight 6.3663, d_loss 0.4007, logits_real -0.0141, logits_fake -0.0125,
Train Epoch: [16/30] Iters:[430/1093] gen_loss 0.2236, rec_loss 0.0110, lpips_loss 0.1335, g_loss 0.0124, disc_weight 0.4000, disc_adaptive_weight 6.4120, d_loss 0.4007, logits_real -0.0141, logits_fake -0.0124,
Train Epoch: [16/30] Iters:[440/1093] gen_loss 0.2230, rec_loss 0.0111, lpips_loss 0.1338, g_loss 0.0122, disc_weight 0.4000, disc_adaptive_weight 6.4218, d_loss 0.4007, logits_real -0.0140, logits_fake -0.0122,
Train Epoch: [16/30] Iters:[450/1093] gen_loss 0.2288, rec_loss 0.0111, lpips_loss 0.1332, g_loss 0.0123, disc_weight 0.4000, disc_adaptive_weight 6.8517, d_loss 0.4007, logits_real -0.0142, logits_fake -0.0122,
Train Epoch: [16/30] Iters:[460/1093] gen_loss 0.2322, rec_loss 0.0112, lpips_loss 0.1340, g_loss 0.0128, disc_weight 0.4000, disc_adaptive_weight 6.8323, d_loss 0.4007, logits_real -0.0144, logits_fake -0.0124,
Train Epoch: [16/30] Iters:[470/1093] gen_loss 0.2292, rec_loss 0.0112, lpips_loss 0.1341, g_loss 0.0131, disc_weight 0.4000, disc_adaptive_weight 6.4206, d_loss 0.4007, logits_real -0.0149, logits_fake -0.0128,
Train Epoch: [16/30] Iters:[480/1093] gen_loss 0.2266, rec_loss 0.0113, lpips_loss 0.1341, g_loss 0.0132, disc_weight 0.4000, disc_adaptive_weight 6.1346, d_loss 0.4007, logits_real -0.0150, logits_fake -0.0129,
Train Epoch: [16/30] Iters:[490/1093] gen_loss 0.2326, rec_loss 0.0112, lpips_loss 0.1334, g_loss 0.0134, disc_weight 0.4000, disc_adaptive_weight 6.5723, d_loss 0.4007, logits_real -0.0151, logits_fake -0.0131,
Train Epoch: [16/30] Iters:[500/1093] gen_loss 0.2298, rec_loss 0.0111, lpips_loss 0.1336, g_loss 0.0134, disc_weight 0.4000, disc_adaptive_weight 6.3461, d_loss 0.4007, logits_real -0.0150, logits_fake -0.0131,
Train Epoch: [16/30] Iters:[510/1093] gen_loss 0.2283, rec_loss 0.0110, lpips_loss 0.1331, g_loss 0.0130, disc_weight 0.4000, disc_adaptive_weight 6.4621, d_loss 0.4007, logits_real -0.0149, logits_fake -0.0131,
Train Epoch: [16/30] Iters:[520/1093] gen_loss 0.2278, rec_loss 0.0111, lpips_loss 0.1333, g_loss 0.0131, disc_weight 0.4000, disc_adaptive_weight 6.3933, d_loss 0.4007, logits_real -0.0150, logits_fake -0.0130,
Train Epoch: [16/30] Iters:[530/1093] gen_loss 0.2272, rec_loss 0.0109, lpips_loss 0.1332, g_loss 0.0134, disc_weight 0.4000, disc_adaptive_weight 6.2596, d_loss 0.4007, logits_real -0.0155, logits_fake -0.0135,
Train Epoch: [16/30] Iters:[540/1093] gen_loss 0.2275, rec_loss 0.0109, lpips_loss 0.1334, g_loss 0.0138, disc_weight 0.4000, disc_adaptive_weight 6.0402, d_loss 0.4007, logits_real -0.0158, logits_fake -0.0140,
Train Epoch: [16/30] Iters:[550/1093] gen_loss 0.2329, rec_loss 0.0110, lpips_loss 0.1333, g_loss 0.0143, disc_weight 0.4000, disc_adaptive_weight 6.2213, d_loss 0.4007, logits_real -0.0162, logits_fake -0.0143,
Train Epoch: [16/30] Iters:[560/1093] gen_loss 0.2345, rec_loss 0.0113, lpips_loss 0.1338, g_loss 0.0148, disc_weight 0.4000, disc_adaptive_weight 6.0633, d_loss 0.4007, logits_real -0.0168, logits_fake -0.0147,
Train Epoch: [16/30] Iters:[570/1093] gen_loss 0.2367, rec_loss 0.0112, lpips_loss 0.1334, g_loss 0.0149, disc_weight 0.4000, disc_adaptive_weight 6.1910, d_loss 0.4007, logits_real -0.0168, logits_fake -0.0149,
Train Epoch: [16/30] Iters:[580/1093] gen_loss 0.2346, rec_loss 0.0112, lpips_loss 0.1331, g_loss 0.0149, disc_weight 0.4000, disc_adaptive_weight 6.0780, d_loss 0.4007, logits_real -0.0167, logits_fake -0.0148,
Train Epoch: [16/30] Iters:[590/1093] gen_loss 0.2308, rec_loss 0.0112, lpips_loss 0.1330, g_loss 0.0148, disc_weight 0.4000, disc_adaptive_weight 5.8787, d_loss 0.4007, logits_real -0.0165, logits_fake -0.0147,
Train Epoch: [16/30] Iters:[600/1093] gen_loss 0.2272, rec_loss 0.0112, lpips_loss 0.1332, g_loss 0.0144, disc_weight 0.4000, disc_adaptive_weight 5.7737, d_loss 0.4006, logits_real -0.0162, logits_fake -0.0147,
Train Epoch: [16/30] Iters:[610/1093] gen_loss 0.2274, rec_loss 0.0111, lpips_loss 0.1331, g_loss 0.0144, disc_weight 0.4000, disc_adaptive_weight 5.7706, d_loss 0.4007, logits_real -0.0160, logits_fake -0.0143,
Train Epoch: [16/30] Iters:[620/1093] gen_loss 0.2307, rec_loss 0.0111, lpips_loss 0.1336, g_loss 0.0146, disc_weight 0.4000, disc_adaptive_weight 5.8752, d_loss 0.4007, logits_real -0.0162, logits_fake -0.0143,
Train Epoch: [16/30] Iters:[630/1093] gen_loss 0.2434, rec_loss 0.0111, lpips_loss 0.1337, g_loss 0.0152, disc_weight 0.4000, disc_adaptive_weight 6.4385, d_loss 0.4007, logits_real -0.0166, logits_fake -0.0146,
Train Epoch: [16/30] Iters:[640/1093] gen_loss 0.2526, rec_loss 0.0112, lpips_loss 0.1339, g_loss 0.0159, disc_weight 0.4000, disc_adaptive_weight 6.6916, d_loss 0.4008, logits_real -0.0174, logits_fake -0.0153,
Train Epoch: [16/30] Iters:[650/1093] gen_loss 0.2646, rec_loss 0.0112, lpips_loss 0.1339, g_loss 0.0167, disc_weight 0.4000, disc_adaptive_weight 7.1180, d_loss 0.4008, logits_real -0.0180, logits_fake -0.0157,
Train Epoch: [16/30] Iters:[660/1093] gen_loss 0.2698, rec_loss 0.0111, lpips_loss 0.1336, g_loss 0.0168, disc_weight 0.4000, disc_adaptive_weight 7.4281, d_loss 0.4007, logits_real -0.0182, logits_fake -0.0163,
Train Epoch: [16/30] Iters:[670/1093] gen_loss 0.2704, rec_loss 0.0110, lpips_loss 0.1331, g_loss 0.0170, disc_weight 0.4000, disc_adaptive_weight 7.4496, d_loss 0.4007, logits_real -0.0184, logits_fake -0.0166,
Train Epoch: [16/30] Iters:[680/1093] gen_loss 0.2682, rec_loss 0.0111, lpips_loss 0.1335, g_loss 0.0169, disc_weight 0.4000, disc_adaptive_weight 7.3069, d_loss 0.4007, logits_real -0.0187, logits_fake -0.0168,
Train Epoch: [16/30] Iters:[690/1093] gen_loss 0.2614, rec_loss 0.0111, lpips_loss 0.1332, g_loss 0.0168, disc_weight 0.4000, disc_adaptive_weight 6.9818, d_loss 0.4007, logits_real -0.0185, logits_fake -0.0167,
Train Epoch: [16/30] Iters:[700/1093] gen_loss 0.2542, rec_loss 0.0109, lpips_loss 0.1330, g_loss 0.0167, disc_weight 0.4000, disc_adaptive_weight 6.6115, d_loss 0.4007, logits_real -0.0186, logits_fake -0.0168,
Train Epoch: [16/30] Iters:[710/1093] gen_loss 0.2508, rec_loss 0.0110, lpips_loss 0.1329, g_loss 0.0170, disc_weight 0.4000, disc_adaptive_weight 6.2693, d_loss 0.4006, logits_real -0.0189, logits_fake -0.0173,
Train Epoch: [16/30] Iters:[720/1093] gen_loss 0.2544, rec_loss 0.0111, lpips_loss 0.1328, g_loss 0.0172, disc_weight 0.4000, disc_adaptive_weight 6.4155, d_loss 0.4006, logits_real -0.0191, logits_fake -0.0174,
Train Epoch: [16/30] Iters:[730/1093] gen_loss 0.2523, rec_loss 0.0109, lpips_loss 0.1323, g_loss 0.0173, disc_weight 0.4000, disc_adaptive_weight 6.3051, d_loss 0.4006, logits_real -0.0189, logits_fake -0.0175,
Train Epoch: [16/30] Iters:[740/1093] gen_loss 0.2544, rec_loss 0.0110, lpips_loss 0.1327, g_loss 0.0170, disc_weight 0.4000, disc_adaptive_weight 6.5189, d_loss 0.4006, logits_real -0.0186, logits_fake -0.0171,
Train Epoch: [16/30] Iters:[750/1093] gen_loss 0.2541, rec_loss 0.0111, lpips_loss 0.1328, g_loss 0.0169, disc_weight 0.4000, disc_adaptive_weight 6.4977, d_loss 0.4006, logits_real -0.0184, logits_fake -0.0169,
Train Epoch: [16/30] Iters:[760/1093] gen_loss 0.2577, rec_loss 0.0111, lpips_loss 0.1328, g_loss 0.0172, disc_weight 0.4000, disc_adaptive_weight 6.6015, d_loss 0.4006, logits_real -0.0185, logits_fake -0.0169,
Train Epoch: [16/30] Iters:[770/1093] gen_loss 0.2500, rec_loss 0.0111, lpips_loss 0.1326, g_loss 0.0172, disc_weight 0.4000, disc_adaptive_weight 6.1453, d_loss 0.4006, logits_real -0.0184, logits_fake -0.0169,
Train Epoch: [16/30] Iters:[780/1093] gen_loss 0.2473, rec_loss 0.0111, lpips_loss 0.1327, g_loss 0.0169, disc_weight 0.4000, disc_adaptive_weight 6.1164, d_loss 0.4007, logits_real -0.0183, logits_fake -0.0167,
Train Epoch: [16/30] Iters:[790/1093] gen_loss 0.2441, rec_loss 0.0110, lpips_loss 0.1331, g_loss 0.0170, disc_weight 0.4000, disc_adaptive_weight 5.8382, d_loss 0.4007, logits_real -0.0186, logits_fake -0.0169,
Train Epoch: [16/30] Iters:[800/1093] gen_loss 0.2448, rec_loss 0.0110, lpips_loss 0.1328, g_loss 0.0172, disc_weight 0.4000, disc_adaptive_weight 5.8539, d_loss 0.4007, logits_real -0.0186, logits_fake -0.0169,
Train Epoch: [16/30] Iters:[810/1093] gen_loss 0.2534, rec_loss 0.0109, lpips_loss 0.1329, g_loss 0.0168, disc_weight 0.4000, disc_adaptive_weight 6.5432, d_loss 0.4007, logits_real -0.0186, logits_fake -0.0167,
Train Epoch: [16/30] Iters:[820/1093] gen_loss 0.2632, rec_loss 0.0112, lpips_loss 0.1340, g_loss 0.0168, disc_weight 0.4000, disc_adaptive_weight 7.0387, d_loss 0.4007, logits_real -0.0185, logits_fake -0.0168,
Train Epoch: [16/30] Iters:[830/1093] gen_loss 0.2643, rec_loss 0.0112, lpips_loss 0.1342, g_loss 0.0167, disc_weight 0.4000, disc_adaptive_weight 7.0939, d_loss 0.4007, logits_real -0.0185, logits_fake -0.0167,
Train Epoch: [16/30] Iters:[840/1093] gen_loss 0.2666, rec_loss 0.0111, lpips_loss 0.1333, g_loss 0.0166, disc_weight 0.4000, disc_adaptive_weight 7.3409, d_loss 0.4007, logits_real -0.0183, logits_fake -0.0163,
Train Epoch: [16/30] Iters:[850/1093] gen_loss 0.2660, rec_loss 0.0111, lpips_loss 0.1336, g_loss 0.0163, disc_weight 0.4000, disc_adaptive_weight 7.4177, d_loss 0.4007, logits_real -0.0180, logits_fake -0.0161,
Train Epoch: [16/30] Iters:[860/1093] gen_loss 0.2540, rec_loss 0.0111, lpips_loss 0.1332, g_loss 0.0160, disc_weight 0.4000, disc_adaptive_weight 6.8512, d_loss 0.4007, logits_real -0.0176, logits_fake -0.0157,
Train Epoch: [16/30] Iters:[870/1093] gen_loss 0.2495, rec_loss 0.0111, lpips_loss 0.1332, g_loss 0.0156, disc_weight 0.4000, disc_adaptive_weight 6.7479, d_loss 0.4007, logits_real -0.0173, logits_fake -0.0154,
Train Epoch: [16/30] Iters:[880/1093] gen_loss 0.2476, rec_loss 0.0113, lpips_loss 0.1334, g_loss 0.0156, disc_weight 0.4000, disc_adaptive_weight 6.6391, d_loss 0.4007, logits_real -0.0171, logits_fake -0.0153,
Train Epoch: [16/30] Iters:[890/1093] gen_loss 0.2446, rec_loss 0.0112, lpips_loss 0.1337, g_loss 0.0156, disc_weight 0.4000, disc_adaptive_weight 6.4163, d_loss 0.4006, logits_real -0.0172, logits_fake -0.0155,
Train Epoch: [16/30] Iters:[900/1093] gen_loss 0.2414, rec_loss 0.0113, lpips_loss 0.1340, g_loss 0.0157, disc_weight 0.4000, disc_adaptive_weight 6.1607, d_loss 0.4006, logits_real -0.0173, logits_fake -0.0156,
Train Epoch: [16/30] Iters:[910/1093] gen_loss 0.2419, rec_loss 0.0113, lpips_loss 0.1343, g_loss 0.0158, disc_weight 0.4000, disc_adaptive_weight 6.1086, d_loss 0.4007, logits_real -0.0176, logits_fake -0.0157,
Train Epoch: [16/30] Iters:[920/1093] gen_loss 0.2411, rec_loss 0.0111, lpips_loss 0.1337, g_loss 0.0160, disc_weight 0.4000, disc_adaptive_weight 6.0231, d_loss 0.4007, logits_real -0.0176, logits_fake -0.0157,
Train Epoch: [16/30] Iters:[930/1093] gen_loss 0.2437, rec_loss 0.0111, lpips_loss 0.1338, g_loss 0.0159, disc_weight 0.4000, disc_adaptive_weight 6.1973, d_loss 0.4007, logits_real -0.0175, logits_fake -0.0156,
Train Epoch: [16/30] Iters:[940/1093] gen_loss 0.2449, rec_loss 0.0111, lpips_loss 0.1340, g_loss 0.0157, disc_weight 0.4000, disc_adaptive_weight 6.3532, d_loss 0.4007, logits_real -0.0174, logits_fake -0.0155,
Train Epoch: [16/30] Iters:[950/1093] gen_loss 0.2423, rec_loss 0.0111, lpips_loss 0.1333, g_loss 0.0155, disc_weight 0.4000, disc_adaptive_weight 6.3176, d_loss 0.4007, logits_real -0.0171, logits_fake -0.0153,
Train Epoch: [16/30] Iters:[960/1093] gen_loss 0.2385, rec_loss 0.0111, lpips_loss 0.1333, g_loss 0.0150, disc_weight 0.4000, disc_adaptive_weight 6.2446, d_loss 0.4006, logits_real -0.0166, logits_fake -0.0150,
Train Epoch: [16/30] Iters:[970/1093] gen_loss 0.2318, rec_loss 0.0111, lpips_loss 0.1332, g_loss 0.0145, disc_weight 0.4000, disc_adaptive_weight 6.0010, d_loss 0.4006, logits_real -0.0161, logits_fake -0.0145,
Train Epoch: [16/30] Iters:[980/1093] gen_loss 0.2272, rec_loss 0.0109, lpips_loss 0.1323, g_loss 0.0142, disc_weight 0.4000, disc_adaptive_weight 5.8978, d_loss 0.4006, logits_real -0.0157, logits_fake -0.0142,
Train Epoch: [16/30] Iters:[990/1093] gen_loss 0.2246, rec_loss 0.0111, lpips_loss 0.1324, g_loss 0.0140, disc_weight 0.4000, disc_adaptive_weight 5.8122, d_loss 0.4006, logits_real -0.0154, logits_fake -0.0140,
Train Epoch: [16/30] Iters:[1000/1093] gen_loss 0.2258, rec_loss 0.0110, lpips_loss 0.1326, g_loss 0.0140, disc_weight 0.4000, disc_adaptive_weight 5.8879, d_loss 0.4006, logits_real -0.0154, logits_fake -0.0138,
Train Epoch: [16/30] Iters:[1010/1093] gen_loss 0.2264, rec_loss 0.0111, lpips_loss 0.1326, g_loss 0.0144, disc_weight 0.4000, disc_adaptive_weight 5.7788, d_loss 0.4006, logits_real -0.0158, logits_fake -0.0143,
Train Epoch: [16/30] Iters:[1020/1093] gen_loss 0.2313, rec_loss 0.0111, lpips_loss 0.1327, g_loss 0.0150, disc_weight 0.4000, disc_adaptive_weight 5.8846, d_loss 0.4006, logits_real -0.0165, logits_fake -0.0149,
Train Epoch: [16/30] Iters:[1030/1093] gen_loss 0.2345, rec_loss 0.0113, lpips_loss 0.1333, g_loss 0.0153, disc_weight 0.4000, disc_adaptive_weight 5.9165, d_loss 0.4006, logits_real -0.0165, logits_fake -0.0151,
Train Epoch: [16/30] Iters:[1040/1093] gen_loss 0.2400, rec_loss 0.0112, lpips_loss 0.1332, g_loss 0.0154, disc_weight 0.4000, disc_adaptive_weight 6.2054, d_loss 0.4007, logits_real -0.0167, logits_fake -0.0150,
Train Epoch: [16/30] Iters:[1050/1093] gen_loss 0.2377, rec_loss 0.0111, lpips_loss 0.1332, g_loss 0.0154, disc_weight 0.4000, disc_adaptive_weight 6.0883, d_loss 0.4007, logits_real -0.0168, logits_fake -0.0150,
Train Epoch: [16/30] Iters:[1060/1093] gen_loss 0.2375, rec_loss 0.0112, lpips_loss 0.1334, g_loss 0.0150, disc_weight 0.4000, disc_adaptive_weight 6.1573, d_loss 0.4007, logits_real -0.0164, logits_fake -0.0147,
Train Epoch: [16/30] Iters:[1070/1093] gen_loss 0.2370, rec_loss 0.0112, lpips_loss 0.1331, g_loss 0.0145, disc_weight 0.4000, disc_adaptive_weight 6.3686, d_loss 0.4007, logits_real -0.0159, logits_fake -0.0142,
Train Epoch: [16/30] Iters:[1080/1093] gen_loss 0.2315, rec_loss 0.0111, lpips_loss 0.1330, g_loss 0.0142, disc_weight 0.4000, disc_adaptive_weight 6.1156, d_loss 0.4007, logits_real -0.0159, logits_fake -0.0140,
Train Epoch: [16/30] Iters:[1090/1093] gen_loss 0.2256, rec_loss 0.0110, lpips_loss 0.1329, g_loss 0.0141, disc_weight 0.4000, disc_adaptive_weight 5.7918, d_loss 0.4006, logits_real -0.0156, logits_fake -0.0140,
epoch:17, cur_lr:0.000010
Train Epoch: [17/30] Iters:[10/1093] gen_loss 0.2365, rec_loss 0.0113, lpips_loss 0.1337, g_loss 0.0136, disc_weight 0.4000, disc_adaptive_weight 6.8127, d_loss 0.4006, logits_real -0.0154, logits_fake -0.0137,
Train Epoch: [17/30] Iters:[20/1093] gen_loss 0.2317, rec_loss 0.0109, lpips_loss 0.1323, g_loss 0.0140, disc_weight 0.4000, disc_adaptive_weight 6.3796, d_loss 0.4006, logits_real -0.0157, logits_fake -0.0141,
Train Epoch: [17/30] Iters:[30/1093] gen_loss 0.2306, rec_loss 0.0110, lpips_loss 0.1330, g_loss 0.0138, disc_weight 0.4000, disc_adaptive_weight 6.3309, d_loss 0.4007, logits_real -0.0161, logits_fake -0.0143,
Train Epoch: [17/30] Iters:[40/1093] gen_loss 0.2357, rec_loss 0.0110, lpips_loss 0.1329, g_loss 0.0140, disc_weight 0.4000, disc_adaptive_weight 6.6252, d_loss 0.4007, logits_real -0.0164, logits_fake -0.0146,
Train Epoch: [17/30] Iters:[50/1093] gen_loss 0.2411, rec_loss 0.0110, lpips_loss 0.1328, g_loss 0.0140, disc_weight 0.4000, disc_adaptive_weight 6.9539, d_loss 0.4007, logits_real -0.0163, logits_fake -0.0145,
Train Epoch: [17/30] Iters:[60/1093] gen_loss 0.2421, rec_loss 0.0111, lpips_loss 0.1328, g_loss 0.0142, disc_weight 0.4000, disc_adaptive_weight 6.9387, d_loss 0.4007, logits_real -0.0164, logits_fake -0.0146,
Train Epoch: [17/30] Iters:[70/1093] gen_loss 0.2450, rec_loss 0.0111, lpips_loss 0.1334, g_loss 0.0140, disc_weight 0.4000, disc_adaptive_weight 7.1789, d_loss 0.4007, logits_real -0.0161, logits_fake -0.0142,
Train Epoch: [17/30] Iters:[80/1093] gen_loss 0.2478, rec_loss 0.0112, lpips_loss 0.1336, g_loss 0.0139, disc_weight 0.4000, disc_adaptive_weight 7.4304, d_loss 0.4007, logits_real -0.0156, logits_fake -0.0137,
Train Epoch: [17/30] Iters:[90/1093] gen_loss 0.2414, rec_loss 0.0111, lpips_loss 0.1335, g_loss 0.0137, disc_weight 0.4000, disc_adaptive_weight 7.0712, d_loss 0.4007, logits_real -0.0153, logits_fake -0.0133,
Train Epoch: [17/30] Iters:[100/1093] gen_loss 0.2326, rec_loss 0.0112, lpips_loss 0.1339, g_loss 0.0134, disc_weight 0.4000, disc_adaptive_weight 6.5549, d_loss 0.4007, logits_real -0.0151, logits_fake -0.0131,
Train Epoch: [17/30] Iters:[110/1093] gen_loss 0.2289, rec_loss 0.0111, lpips_loss 0.1337, g_loss 0.0132, disc_weight 0.4000, disc_adaptive_weight 6.3837, d_loss 0.4007, logits_real -0.0149, logits_fake -0.0131,
Train Epoch: [17/30] Iters:[120/1093] gen_loss 0.2282, rec_loss 0.0111, lpips_loss 0.1337, g_loss 0.0133, disc_weight 0.4000, disc_adaptive_weight 6.2785, d_loss 0.4006, logits_real -0.0149, logits_fake -0.0133,
Train Epoch: [17/30] Iters:[130/1093] gen_loss 0.2252, rec_loss 0.0111, lpips_loss 0.1334, g_loss 0.0136, disc_weight 0.4000, disc_adaptive_weight 5.9172, d_loss 0.4006, logits_real -0.0152, logits_fake -0.0136,
Train Epoch: [17/30] Iters:[140/1093] gen_loss 0.2274, rec_loss 0.0111, lpips_loss 0.1336, g_loss 0.0138, disc_weight 0.4000, disc_adaptive_weight 5.9842, d_loss 0.4006, logits_real -0.0152, logits_fake -0.0136,
Train Epoch: [17/30] Iters:[150/1093] gen_loss 0.2291, rec_loss 0.0111, lpips_loss 0.1335, g_loss 0.0139, disc_weight 0.4000, disc_adaptive_weight 6.0869, d_loss 0.4006, logits_real -0.0151, logits_fake -0.0136,
Train Epoch: [17/30] Iters:[160/1093] gen_loss 0.2282, rec_loss 0.0112, lpips_loss 0.1335, g_loss 0.0138, disc_weight 0.4000, disc_adaptive_weight 6.0569, d_loss 0.4006, logits_real -0.0151, logits_fake -0.0134,
Train Epoch: [17/30] Iters:[170/1093] gen_loss 0.2245, rec_loss 0.0112, lpips_loss 0.1333, g_loss 0.0137, disc_weight 0.4000, disc_adaptive_weight 5.8208, d_loss 0.4006, logits_real -0.0151, logits_fake -0.0134,
Train Epoch: [17/30] Iters:[180/1093] gen_loss 0.2270, rec_loss 0.0111, lpips_loss 0.1332, g_loss 0.0134, disc_weight 0.4000, disc_adaptive_weight 6.2216, d_loss 0.4006, logits_real -0.0148, logits_fake -0.0133,
Train Epoch: [17/30] Iters:[190/1093] gen_loss 0.2309, rec_loss 0.0112, lpips_loss 0.1332, g_loss 0.0134, disc_weight 0.4000, disc_adaptive_weight 6.4756, d_loss 0.4006, logits_real -0.0146, logits_fake -0.0134,
Train Epoch: [17/30] Iters:[200/1093] gen_loss 0.2322, rec_loss 0.0112, lpips_loss 0.1333, g_loss 0.0137, disc_weight 0.4000, disc_adaptive_weight 6.4143, d_loss 0.4006, logits_real -0.0150, logits_fake -0.0136,
Train Epoch: [17/30] Iters:[210/1093] gen_loss 0.2462, rec_loss 0.0111, lpips_loss 0.1330, g_loss 0.0140, disc_weight 0.4000, disc_adaptive_weight 7.3208, d_loss 0.4006, logits_real -0.0151, logits_fake -0.0138,
Train Epoch: [17/30] Iters:[220/1093] gen_loss 0.2493, rec_loss 0.0111, lpips_loss 0.1329, g_loss 0.0141, disc_weight 0.4000, disc_adaptive_weight 7.4983, d_loss 0.4006, logits_real -0.0154, logits_fake -0.0140,
Train Epoch: [17/30] Iters:[230/1093] gen_loss 0.2494, rec_loss 0.0111, lpips_loss 0.1332, g_loss 0.0143, disc_weight 0.4000, disc_adaptive_weight 7.3422, d_loss 0.4007, logits_real -0.0158, logits_fake -0.0140,
Train Epoch: [17/30] Iters:[240/1093] gen_loss 0.2460, rec_loss 0.0111, lpips_loss 0.1336, g_loss 0.0145, disc_weight 0.4000, disc_adaptive_weight 6.9912, d_loss 0.4007, logits_real -0.0162, logits_fake -0.0143,
Train Epoch: [17/30] Iters:[250/1093] gen_loss 0.2491, rec_loss 0.0110, lpips_loss 0.1329, g_loss 0.0145, disc_weight 0.4000, disc_adaptive_weight 7.2773, d_loss 0.4006, logits_real -0.0160, logits_fake -0.0144,
Train Epoch: [17/30] Iters:[260/1093] gen_loss 0.2405, rec_loss 0.0110, lpips_loss 0.1333, g_loss 0.0144, disc_weight 0.4000, disc_adaptive_weight 6.6560, d_loss 0.4006, logits_real -0.0162, logits_fake -0.0146,
Train Epoch: [17/30] Iters:[270/1093] gen_loss 0.2373, rec_loss 0.0110, lpips_loss 0.1332, g_loss 0.0141, disc_weight 0.4000, disc_adaptive_weight 6.5528, d_loss 0.4006, logits_real -0.0159, logits_fake -0.0145,
Train Epoch: [17/30] Iters:[280/1093] gen_loss 0.2356, rec_loss 0.0110, lpips_loss 0.1326, g_loss 0.0141, disc_weight 0.4000, disc_adaptive_weight 6.4724, d_loss 0.4006, logits_real -0.0160, logits_fake -0.0146,
Train Epoch: [17/30] Iters:[290/1093] gen_loss 0.2369, rec_loss 0.0109, lpips_loss 0.1319, g_loss 0.0140, disc_weight 0.4000, disc_adaptive_weight 6.6522, d_loss 0.4006, logits_real -0.0162, logits_fake -0.0148,
Train Epoch: [17/30] Iters:[300/1093] gen_loss 0.2340, rec_loss 0.0110, lpips_loss 0.1330, g_loss 0.0143, disc_weight 0.4000, disc_adaptive_weight 6.2995, d_loss 0.4007, logits_real -0.0167, logits_fake -0.0148,
Train Epoch: [17/30] Iters:[310/1093] gen_loss 0.2323, rec_loss 0.0110, lpips_loss 0.1328, g_loss 0.0146, disc_weight 0.4000, disc_adaptive_weight 6.0723, d_loss 0.4007, logits_real -0.0168, logits_fake -0.0149,
Train Epoch: [17/30] Iters:[320/1093] gen_loss 0.2367, rec_loss 0.0111, lpips_loss 0.1334, g_loss 0.0149, disc_weight 0.4000, disc_adaptive_weight 6.2274, d_loss 0.4008, logits_real -0.0170, logits_fake -0.0148,
Train Epoch: [17/30] Iters:[330/1093] gen_loss 0.2401, rec_loss 0.0111, lpips_loss 0.1334, g_loss 0.0149, disc_weight 0.4000, disc_adaptive_weight 6.4291, d_loss 0.4007, logits_real -0.0169, logits_fake -0.0149,
Train Epoch: [17/30] Iters:[340/1093] gen_loss 0.2499, rec_loss 0.0111, lpips_loss 0.1334, g_loss 0.0148, disc_weight 0.4000, disc_adaptive_weight 7.1738, d_loss 0.4007, logits_real -0.0166, logits_fake -0.0146,
Train Epoch: [17/30] Iters:[350/1093] gen_loss 0.2574, rec_loss 0.0112, lpips_loss 0.1334, g_loss 0.0145, disc_weight 0.4000, disc_adaptive_weight 7.8485, d_loss 0.4007, logits_real -0.0162, logits_fake -0.0144,
Train Epoch: [17/30] Iters:[360/1093] gen_loss 0.2607, rec_loss 0.0111, lpips_loss 0.1332, g_loss 0.0142, disc_weight 0.4000, disc_adaptive_weight 8.2040, d_loss 0.4007, logits_real -0.0162, logits_fake -0.0143,
Train Epoch: [17/30] Iters:[370/1093] gen_loss 0.2558, rec_loss 0.0110, lpips_loss 0.1324, g_loss 0.0142, disc_weight 0.4000, disc_adaptive_weight 7.9600, d_loss 0.4006, logits_real -0.0161, logits_fake -0.0143,
Train Epoch: [17/30] Iters:[380/1093] gen_loss 0.2547, rec_loss 0.0109, lpips_loss 0.1327, g_loss 0.0141, disc_weight 0.4000, disc_adaptive_weight 7.9182, d_loss 0.4007, logits_real -0.0160, logits_fake -0.0142,
Train Epoch: [17/30] Iters:[390/1093] gen_loss 0.2444, rec_loss 0.0111, lpips_loss 0.1331, g_loss 0.0140, disc_weight 0.4000, disc_adaptive_weight 7.1570, d_loss 0.4007, logits_real -0.0160, logits_fake -0.0141,
Train Epoch: [17/30] Iters:[400/1093] gen_loss 0.2380, rec_loss 0.0109, lpips_loss 0.1324, g_loss 0.0142, disc_weight 0.4000, disc_adaptive_weight 6.6896, d_loss 0.4007, logits_real -0.0160, logits_fake -0.0141,
Train Epoch: [17/30] Iters:[410/1093] gen_loss 0.2356, rec_loss 0.0110, lpips_loss 0.1327, g_loss 0.0143, disc_weight 0.4000, disc_adaptive_weight 6.4308, d_loss 0.4007, logits_real -0.0160, logits_fake -0.0142,
Train Epoch: [17/30] Iters:[420/1093] gen_loss 0.2369, rec_loss 0.0110, lpips_loss 0.1331, g_loss 0.0145, disc_weight 0.4000, disc_adaptive_weight 6.3942, d_loss 0.4006, logits_real -0.0163, logits_fake -0.0146,
Train Epoch: [17/30] Iters:[430/1093] gen_loss 0.2343, rec_loss 0.0112, lpips_loss 0.1331, g_loss 0.0149, disc_weight 0.4000, disc_adaptive_weight 6.0568, d_loss 0.4006, logits_real -0.0165, logits_fake -0.0150,
Train Epoch: [17/30] Iters:[440/1093] gen_loss 0.2375, rec_loss 0.0112, lpips_loss 0.1332, g_loss 0.0150, disc_weight 0.4000, disc_adaptive_weight 6.2450, d_loss 0.4006, logits_real -0.0165, logits_fake -0.0151,
Train Epoch: [17/30] Iters:[450/1093] gen_loss 0.2345, rec_loss 0.0112, lpips_loss 0.1335, g_loss 0.0148, disc_weight 0.4000, disc_adaptive_weight 6.0771, d_loss 0.4006, logits_real -0.0165, logits_fake -0.0151,
Train Epoch: [17/30] Iters:[460/1093] gen_loss 0.2336, rec_loss 0.0110, lpips_loss 0.1332, g_loss 0.0148, disc_weight 0.4000, disc_adaptive_weight 6.0403, d_loss 0.4006, logits_real -0.0164, logits_fake -0.0150,
Train Epoch: [17/30] Iters:[470/1093] gen_loss 0.2363, rec_loss 0.0111, lpips_loss 0.1331, g_loss 0.0146, disc_weight 0.4000, disc_adaptive_weight 6.3131, d_loss 0.4006, logits_real -0.0162, logits_fake -0.0147,
Train Epoch: [17/30] Iters:[480/1093] gen_loss 0.2347, rec_loss 0.0111, lpips_loss 0.1332, g_loss 0.0144, disc_weight 0.4000, disc_adaptive_weight 6.2935, d_loss 0.4007, logits_real -0.0160, logits_fake -0.0142,
Train Epoch: [17/30] Iters:[490/1093] gen_loss 0.2323, rec_loss 0.0111, lpips_loss 0.1330, g_loss 0.0142, disc_weight 0.4000, disc_adaptive_weight 6.2009, d_loss 0.4007, logits_real -0.0158, logits_fake -0.0140,
Train Epoch: [17/30] Iters:[500/1093] gen_loss 0.2351, rec_loss 0.0111, lpips_loss 0.1328, g_loss 0.0143, disc_weight 0.4000, disc_adaptive_weight 6.3779, d_loss 0.4007, logits_real -0.0159, logits_fake -0.0141,
Train Epoch: [17/30] Iters:[510/1093] gen_loss 0.2343, rec_loss 0.0111, lpips_loss 0.1326, g_loss 0.0142, disc_weight 0.4000, disc_adaptive_weight 6.3699, d_loss 0.4007, logits_real -0.0158, logits_fake -0.0139,
Train Epoch: [17/30] Iters:[520/1093] gen_loss 0.2322, rec_loss 0.0111, lpips_loss 0.1328, g_loss 0.0144, disc_weight 0.4000, disc_adaptive_weight 6.1423, d_loss 0.4007, logits_real -0.0159, logits_fake -0.0141,
Train Epoch: [17/30] Iters:[530/1093] gen_loss 0.2344, rec_loss 0.0109, lpips_loss 0.1324, g_loss 0.0146, disc_weight 0.4000, disc_adaptive_weight 6.2603, d_loss 0.4006, logits_real -0.0160, logits_fake -0.0144,
Train Epoch: [17/30] Iters:[540/1093] gen_loss 0.2324, rec_loss 0.0109, lpips_loss 0.1320, g_loss 0.0148, disc_weight 0.4000, disc_adaptive_weight 6.0515, d_loss 0.4006, logits_real -0.0163, logits_fake -0.0146,
Train Epoch: [17/30] Iters:[550/1093] gen_loss 0.2300, rec_loss 0.0109, lpips_loss 0.1323, g_loss 0.0150, disc_weight 0.4000, disc_adaptive_weight 5.7899, d_loss 0.4006, logits_real -0.0165, logits_fake -0.0148,
Train Epoch: [17/30] Iters:[560/1093] gen_loss 0.2332, rec_loss 0.0109, lpips_loss 0.1322, g_loss 0.0152, disc_weight 0.4000, disc_adaptive_weight 5.9491, d_loss 0.4006, logits_real -0.0168, logits_fake -0.0150,
Train Epoch: [17/30] Iters:[570/1093] gen_loss 0.2339, rec_loss 0.0110, lpips_loss 0.1324, g_loss 0.0150, disc_weight 0.4000, disc_adaptive_weight 6.0254, d_loss 0.4006, logits_real -0.0166, logits_fake -0.0149,
Train Epoch: [17/30] Iters:[580/1093] gen_loss 0.2369, rec_loss 0.0111, lpips_loss 0.1328, g_loss 0.0148, disc_weight 0.4000, disc_adaptive_weight 6.3041, d_loss 0.4007, logits_real -0.0165, logits_fake -0.0146,
Train Epoch: [17/30] Iters:[590/1093] gen_loss 0.2347, rec_loss 0.0111, lpips_loss 0.1333, g_loss 0.0142, disc_weight 0.4000, disc_adaptive_weight 6.3497, d_loss 0.4007, logits_real -0.0162, logits_fake -0.0142,
Train Epoch: [17/30] Iters:[600/1093] gen_loss 0.2329, rec_loss 0.0111, lpips_loss 0.1329, g_loss 0.0137, disc_weight 0.4000, disc_adaptive_weight 6.4317, d_loss 0.4007, logits_real -0.0157, logits_fake -0.0138,
Train Epoch: [17/30] Iters:[610/1093] gen_loss 0.2288, rec_loss 0.0111, lpips_loss 0.1334, g_loss 0.0136, disc_weight 0.4000, disc_adaptive_weight 6.1754, d_loss 0.4007, logits_real -0.0155, logits_fake -0.0136,
Train Epoch: [17/30] Iters:[620/1093] gen_loss 0.2333, rec_loss 0.0111, lpips_loss 0.1334, g_loss 0.0138, disc_weight 0.4000, disc_adaptive_weight 6.4215, d_loss 0.4007, logits_real -0.0156, logits_fake -0.0137,
Train Epoch: [17/30] Iters:[630/1093] gen_loss 0.2350, rec_loss 0.0111, lpips_loss 0.1334, g_loss 0.0142, disc_weight 0.4000, disc_adaptive_weight 6.3398, d_loss 0.4007, logits_real -0.0160, logits_fake -0.0142,
Train Epoch: [17/30] Iters:[640/1093] gen_loss 0.2470, rec_loss 0.0112, lpips_loss 0.1336, g_loss 0.0150, disc_weight 0.4000, disc_adaptive_weight 6.7834, d_loss 0.4006, logits_real -0.0166, logits_fake -0.0149,
Train Epoch: [17/30] Iters:[650/1093] gen_loss 0.2507, rec_loss 0.0112, lpips_loss 0.1341, g_loss 0.0154, disc_weight 0.4000, disc_adaptive_weight 6.7980, d_loss 0.4006, logits_real -0.0171, logits_fake -0.0153,
Train Epoch: [17/30] Iters:[660/1093] gen_loss 0.2521, rec_loss 0.0111, lpips_loss 0.1339, g_loss 0.0156, disc_weight 0.4000, disc_adaptive_weight 6.8466, d_loss 0.4007, logits_real -0.0173, logits_fake -0.0155,
Train Epoch: [17/30] Iters:[670/1093] gen_loss 0.2515, rec_loss 0.0111, lpips_loss 0.1339, g_loss 0.0155, disc_weight 0.4000, disc_adaptive_weight 6.8781, d_loss 0.4007, logits_real -0.0171, logits_fake -0.0153,
Train Epoch: [17/30] Iters:[680/1093] gen_loss 0.2468, rec_loss 0.0110, lpips_loss 0.1339, g_loss 0.0151, disc_weight 0.4000, disc_adaptive_weight 6.7214, d_loss 0.4007, logits_real -0.0168, logits_fake -0.0150,
Train Epoch: [17/30] Iters:[690/1093] gen_loss 0.2354, rec_loss 0.0109, lpips_loss 0.1333, g_loss 0.0147, disc_weight 0.4000, disc_adaptive_weight 6.1992, d_loss 0.4007, logits_real -0.0164, logits_fake -0.0146,
Train Epoch: [17/30] Iters:[700/1093] gen_loss 0.2353, rec_loss 0.0111, lpips_loss 0.1335, g_loss 0.0141, disc_weight 0.4000, disc_adaptive_weight 6.4844, d_loss 0.4006, logits_real -0.0157, logits_fake -0.0140,
Train Epoch: [17/30] Iters:[710/1093] gen_loss 0.2322, rec_loss 0.0112, lpips_loss 0.1340, g_loss 0.0135, disc_weight 0.4000, disc_adaptive_weight 6.4467, d_loss 0.4006, logits_real -0.0151, logits_fake -0.0135,
Train Epoch: [17/30] Iters:[720/1093] gen_loss 0.2273, rec_loss 0.0111, lpips_loss 0.1338, g_loss 0.0132, disc_weight 0.4000, disc_adaptive_weight 6.2507, d_loss 0.4006, logits_real -0.0148, logits_fake -0.0132,
Train Epoch: [17/30] Iters:[730/1093] gen_loss 0.2276, rec_loss 0.0111, lpips_loss 0.1339, g_loss 0.0129, disc_weight 0.4000, disc_adaptive_weight 6.4286, d_loss 0.4006, logits_real -0.0146, logits_fake -0.0129,
Train Epoch: [17/30] Iters:[740/1093] gen_loss 0.2315, rec_loss 0.0112, lpips_loss 0.1343, g_loss 0.0127, disc_weight 0.4000, disc_adaptive_weight 6.7545, d_loss 0.4006, logits_real -0.0144, logits_fake -0.0127,
Train Epoch: [17/30] Iters:[750/1093] gen_loss 0.2341, rec_loss 0.0111, lpips_loss 0.1337, g_loss 0.0129, disc_weight 0.4000, disc_adaptive_weight 6.9157, d_loss 0.4007, logits_real -0.0145, logits_fake -0.0127,
Train Epoch: [17/30] Iters:[760/1093] gen_loss 0.2361, rec_loss 0.0111, lpips_loss 0.1334, g_loss 0.0132, disc_weight 0.4000, disc_adaptive_weight 6.9768, d_loss 0.4006, logits_real -0.0149, logits_fake -0.0132,
Train Epoch: [17/30] Iters:[770/1093] gen_loss 0.2367, rec_loss 0.0111, lpips_loss 0.1336, g_loss 0.0135, disc_weight 0.4000, disc_adaptive_weight 6.8469, d_loss 0.4006, logits_real -0.0151, logits_fake -0.0135,
Train Epoch: [17/30] Iters:[780/1093] gen_loss 0.2370, rec_loss 0.0112, lpips_loss 0.1335, g_loss 0.0140, disc_weight 0.4000, disc_adaptive_weight 6.6094, d_loss 0.4006, logits_real -0.0156, logits_fake -0.0140,
Train Epoch: [17/30] Iters:[790/1093] gen_loss 0.2386, rec_loss 0.0112, lpips_loss 0.1335, g_loss 0.0143, disc_weight 0.4000, disc_adaptive_weight 6.5912, d_loss 0.4006, logits_real -0.0160, logits_fake -0.0143,
Train Epoch: [17/30] Iters:[800/1093] gen_loss 0.2343, rec_loss 0.0112, lpips_loss 0.1338, g_loss 0.0146, disc_weight 0.4000, disc_adaptive_weight 6.1452, d_loss 0.4006, logits_real -0.0162, logits_fake -0.0145,
Train Epoch: [17/30] Iters:[810/1093] gen_loss 0.2361, rec_loss 0.0112, lpips_loss 0.1339, g_loss 0.0145, disc_weight 0.4000, disc_adaptive_weight 6.3257, d_loss 0.4007, logits_real -0.0161, logits_fake -0.0143,
Train Epoch: [17/30] Iters:[820/1093] gen_loss 0.2353, rec_loss 0.0112, lpips_loss 0.1335, g_loss 0.0141, disc_weight 0.4000, disc_adaptive_weight 6.4472, d_loss 0.4007, logits_real -0.0158, logits_fake -0.0139,
Train Epoch: [17/30] Iters:[830/1093] gen_loss 0.2378, rec_loss 0.0113, lpips_loss 0.1334, g_loss 0.0137, disc_weight 0.4000, disc_adaptive_weight 6.8284, d_loss 0.4007, logits_real -0.0153, logits_fake -0.0135,
Train Epoch: [17/30] Iters:[840/1093] gen_loss 0.2335, rec_loss 0.0113, lpips_loss 0.1335, g_loss 0.0134, disc_weight 0.4000, disc_adaptive_weight 6.6369, d_loss 0.4006, logits_real -0.0150, logits_fake -0.0133,
Train Epoch: [17/30] Iters:[850/1093] gen_loss 0.2332, rec_loss 0.0112, lpips_loss 0.1332, g_loss 0.0133, disc_weight 0.4000, disc_adaptive_weight 6.6705, d_loss 0.4007, logits_real -0.0150, logits_fake -0.0132,
Train Epoch: [17/30] Iters:[860/1093] gen_loss 0.2306, rec_loss 0.0112, lpips_loss 0.1334, g_loss 0.0132, disc_weight 0.4000, disc_adaptive_weight 6.5184, d_loss 0.4006, logits_real -0.0147, logits_fake -0.0131,
Train Epoch: [17/30] Iters:[870/1093] gen_loss 0.2332, rec_loss 0.0112, lpips_loss 0.1337, g_loss 0.0130, disc_weight 0.4000, disc_adaptive_weight 6.7887, d_loss 0.4006, logits_real -0.0145, logits_fake -0.0129,
Train Epoch: [17/30] Iters:[880/1093] gen_loss 0.2318, rec_loss 0.0113, lpips_loss 0.1340, g_loss 0.0127, disc_weight 0.4000, disc_adaptive_weight 6.8335, d_loss 0.4006, logits_real -0.0142, logits_fake -0.0126,
Train Epoch: [17/30] Iters:[890/1093] gen_loss 0.2307, rec_loss 0.0111, lpips_loss 0.1338, g_loss 0.0124, disc_weight 0.4000, disc_adaptive_weight 6.8904, d_loss 0.4006, logits_real -0.0139, logits_fake -0.0123,
Train Epoch: [17/30] Iters:[900/1093] gen_loss 0.2335, rec_loss 0.0112, lpips_loss 0.1344, g_loss 0.0123, disc_weight 0.4000, disc_adaptive_weight 7.1193, d_loss 0.4006, logits_real -0.0139, logits_fake -0.0123,
Train Epoch: [17/30] Iters:[910/1093] gen_loss 0.2319, rec_loss 0.0112, lpips_loss 0.1344, g_loss 0.0123, disc_weight 0.4000, disc_adaptive_weight 7.0038, d_loss 0.4006, logits_real -0.0140, logits_fake -0.0123,
Train Epoch: [17/30] Iters:[920/1093] gen_loss 0.2348, rec_loss 0.0113, lpips_loss 0.1345, g_loss 0.0126, disc_weight 0.4000, disc_adaptive_weight 7.0392, d_loss 0.4006, logits_real -0.0143, logits_fake -0.0126,
Train Epoch: [17/30] Iters:[930/1093] gen_loss 0.2369, rec_loss 0.0113, lpips_loss 0.1344, g_loss 0.0132, disc_weight 0.4000, disc_adaptive_weight 6.8804, d_loss 0.4006, logits_real -0.0150, logits_fake -0.0132,
Train Epoch: [17/30] Iters:[940/1093] gen_loss 0.2373, rec_loss 0.0113, lpips_loss 0.1347, g_loss 0.0138, disc_weight 0.4000, disc_adaptive_weight 6.6458, d_loss 0.4006, logits_real -0.0156, logits_fake -0.0138,
Train Epoch: [17/30] Iters:[950/1093] gen_loss 0.2399, rec_loss 0.0113, lpips_loss 0.1345, g_loss 0.0142, disc_weight 0.4000, disc_adaptive_weight 6.6067, d_loss 0.4006, logits_real -0.0160, logits_fake -0.0143,
Train Epoch: [17/30] Iters:[960/1093] gen_loss 0.2458, rec_loss 0.0113, lpips_loss 0.1345, g_loss 0.0145, disc_weight 0.4000, disc_adaptive_weight 6.9033, d_loss 0.4007, logits_real -0.0163, logits_fake -0.0146,
Train Epoch: [17/30] Iters:[970/1093] gen_loss 0.2438, rec_loss 0.0112, lpips_loss 0.1343, g_loss 0.0144, disc_weight 0.4000, disc_adaptive_weight 6.8503, d_loss 0.4006, logits_real -0.0163, logits_fake -0.0146,
Train Epoch: [17/30] Iters:[980/1093] gen_loss 0.2404, rec_loss 0.0112, lpips_loss 0.1339, g_loss 0.0142, disc_weight 0.4000, disc_adaptive_weight 6.7448, d_loss 0.4006, logits_real -0.0161, logits_fake -0.0145,
Train Epoch: [17/30] Iters:[990/1093] gen_loss 0.2408, rec_loss 0.0113, lpips_loss 0.1341, g_loss 0.0141, disc_weight 0.4000, disc_adaptive_weight 6.7751, d_loss 0.4006, logits_real -0.0161, logits_fake -0.0144,
Train Epoch: [17/30] Iters:[1000/1093] gen_loss 0.2367, rec_loss 0.0113, lpips_loss 0.1338, g_loss 0.0141, disc_weight 0.4000, disc_adaptive_weight 6.5475, d_loss 0.4006, logits_real -0.0159, logits_fake -0.0143,
Train Epoch: [17/30] Iters:[1010/1093] gen_loss 0.2369, rec_loss 0.0113, lpips_loss 0.1337, g_loss 0.0143, disc_weight 0.4000, disc_adaptive_weight 6.4721, d_loss 0.4006, logits_real -0.0161, logits_fake -0.0144,
Train Epoch: [17/30] Iters:[1020/1093] gen_loss 0.2342, rec_loss 0.0114, lpips_loss 0.1338, g_loss 0.0147, disc_weight 0.4000, disc_adaptive_weight 6.0931, d_loss 0.4006, logits_real -0.0164, logits_fake -0.0147,
Train Epoch: [17/30] Iters:[1030/1093] gen_loss 0.2311, rec_loss 0.0114, lpips_loss 0.1342, g_loss 0.0149, disc_weight 0.4000, disc_adaptive_weight 5.7300, d_loss 0.4006, logits_real -0.0166, logits_fake -0.0149,
Train Epoch: [17/30] Iters:[1040/1093] gen_loss 0.2320, rec_loss 0.0113, lpips_loss 0.1340, g_loss 0.0150, disc_weight 0.4000, disc_adaptive_weight 5.7877, d_loss 0.4006, logits_real -0.0166, logits_fake -0.0149,
Train Epoch: [17/30] Iters:[1050/1093] gen_loss 0.2336, rec_loss 0.0114, lpips_loss 0.1343, g_loss 0.0150, disc_weight 0.4000, disc_adaptive_weight 5.8809, d_loss 0.4006, logits_real -0.0166, logits_fake -0.0149,
Train Epoch: [17/30] Iters:[1060/1093] gen_loss 0.2329, rec_loss 0.0114, lpips_loss 0.1344, g_loss 0.0151, disc_weight 0.4000, disc_adaptive_weight 5.7579, d_loss 0.4006, logits_real -0.0167, logits_fake -0.0151,
Train Epoch: [17/30] Iters:[1070/1093] gen_loss 0.2341, rec_loss 0.0113, lpips_loss 0.1342, g_loss 0.0154, disc_weight 0.4000, disc_adaptive_weight 5.7444, d_loss 0.4006, logits_real -0.0170, logits_fake -0.0154,
Train Epoch: [17/30] Iters:[1080/1093] gen_loss 0.2384, rec_loss 0.0114, lpips_loss 0.1339, g_loss 0.0155, disc_weight 0.4000, disc_adaptive_weight 5.9852, d_loss 0.4006, logits_real -0.0170, logits_fake -0.0155,
Train Epoch: [17/30] Iters:[1090/1093] gen_loss 0.2385, rec_loss 0.0114, lpips_loss 0.1339, g_loss 0.0154, disc_weight 0.4000, disc_adaptive_weight 6.0137, d_loss 0.4006, logits_real -0.0171, logits_fake -0.0155,
epoch:18, cur_lr:0.000010
Train Epoch: [18/30] Iters:[10/1093] gen_loss 0.2310, rec_loss 0.0112, lpips_loss 0.1337, g_loss 0.0143, disc_weight 0.4000, disc_adaptive_weight 6.0304, d_loss 0.4006, logits_real -0.0158, logits_fake -0.0142,
Train Epoch: [18/30] Iters:[20/1093] gen_loss 0.2324, rec_loss 0.0114, lpips_loss 0.1335, g_loss 0.0145, disc_weight 0.4000, disc_adaptive_weight 6.0376, d_loss 0.4006, logits_real -0.0159, logits_fake -0.0142,
Train Epoch: [18/30] Iters:[30/1093] gen_loss 0.2332, rec_loss 0.0113, lpips_loss 0.1327, g_loss 0.0147, disc_weight 0.4000, disc_adaptive_weight 6.0692, d_loss 0.4006, logits_real -0.0162, logits_fake -0.0146,
Train Epoch: [18/30] Iters:[40/1093] gen_loss 0.2509, rec_loss 0.0112, lpips_loss 0.1326, g_loss 0.0151, disc_weight 0.4000, disc_adaptive_weight 7.0196, d_loss 0.4006, logits_real -0.0165, logits_fake -0.0149,
Train Epoch: [18/30] Iters:[50/1093] gen_loss 0.2508, rec_loss 0.0113, lpips_loss 0.1330, g_loss 0.0153, disc_weight 0.4000, disc_adaptive_weight 6.9125, d_loss 0.4006, logits_real -0.0168, logits_fake -0.0152,
Train Epoch: [18/30] Iters:[60/1093] gen_loss 0.2565, rec_loss 0.0113, lpips_loss 0.1330, g_loss 0.0156, disc_weight 0.4000, disc_adaptive_weight 7.1545, d_loss 0.4006, logits_real -0.0171, logits_fake -0.0155,
Train Epoch: [18/30] Iters:[70/1093] gen_loss 0.2615, rec_loss 0.0114, lpips_loss 0.1334, g_loss 0.0156, disc_weight 0.4000, disc_adaptive_weight 7.4503, d_loss 0.4006, logits_real -0.0172, logits_fake -0.0156,
Train Epoch: [18/30] Iters:[80/1093] gen_loss 0.2604, rec_loss 0.0114, lpips_loss 0.1336, g_loss 0.0156, disc_weight 0.4000, disc_adaptive_weight 7.3865, d_loss 0.4006, logits_real -0.0170, logits_fake -0.0156,
Train Epoch: [18/30] Iters:[90/1093] gen_loss 0.2444, rec_loss 0.0115, lpips_loss 0.1342, g_loss 0.0152, disc_weight 0.4000, disc_adaptive_weight 6.4816, d_loss 0.4006, logits_real -0.0169, logits_fake -0.0153,
Train Epoch: [18/30] Iters:[100/1093] gen_loss 0.2379, rec_loss 0.0114, lpips_loss 0.1340, g_loss 0.0147, disc_weight 0.4000, disc_adaptive_weight 6.2390, d_loss 0.4006, logits_real -0.0164, logits_fake -0.0147,
Train Epoch: [18/30] Iters:[110/1093] gen_loss 0.2328, rec_loss 0.0114, lpips_loss 0.1337, g_loss 0.0142, disc_weight 0.4000, disc_adaptive_weight 6.1788, d_loss 0.4006, logits_real -0.0159, logits_fake -0.0142,
Train Epoch: [18/30] Iters:[120/1093] gen_loss 0.2257, rec_loss 0.0111, lpips_loss 0.1334, g_loss 0.0137, disc_weight 0.4000, disc_adaptive_weight 5.9416, d_loss 0.4007, logits_real -0.0155, logits_fake -0.0138,
Train Epoch: [18/30] Iters:[130/1093] gen_loss 0.2262, rec_loss 0.0110, lpips_loss 0.1332, g_loss 0.0133, disc_weight 0.4000, disc_adaptive_weight 6.1586, d_loss 0.4007, logits_real -0.0152, logits_fake -0.0133,
Train Epoch: [18/30] Iters:[140/1093] gen_loss 0.2264, rec_loss 0.0110, lpips_loss 0.1332, g_loss 0.0132, disc_weight 0.4000, disc_adaptive_weight 6.2243, d_loss 0.4006, logits_real -0.0150, logits_fake -0.0132,
Train Epoch: [18/30] Iters:[150/1093] gen_loss 0.2301, rec_loss 0.0110, lpips_loss 0.1334, g_loss 0.0134, disc_weight 0.4000, disc_adaptive_weight 6.4112, d_loss 0.4006, logits_real -0.0151, logits_fake -0.0134,
Train Epoch: [18/30] Iters:[160/1093] gen_loss 0.2319, rec_loss 0.0111, lpips_loss 0.1339, g_loss 0.0136, disc_weight 0.4000, disc_adaptive_weight 6.3802, d_loss 0.4006, logits_real -0.0153, logits_fake -0.0137,
Train Epoch: [18/30] Iters:[170/1093] gen_loss 0.2382, rec_loss 0.0111, lpips_loss 0.1339, g_loss 0.0141, disc_weight 0.4000, disc_adaptive_weight 6.6236, d_loss 0.4006, logits_real -0.0157, logits_fake -0.0141,
Train Epoch: [18/30] Iters:[180/1093] gen_loss 0.2381, rec_loss 0.0113, lpips_loss 0.1349, g_loss 0.0144, disc_weight 0.4000, disc_adaptive_weight 6.3801, d_loss 0.4006, logits_real -0.0162, logits_fake -0.0144,
Train Epoch: [18/30] Iters:[190/1093] gen_loss 0.2469, rec_loss 0.0113, lpips_loss 0.1345, g_loss 0.0145, disc_weight 0.4000, disc_adaptive_weight 7.0138, d_loss 0.4006, logits_real -0.0162, logits_fake -0.0145,
Train Epoch: [18/30] Iters:[200/1093] gen_loss 0.2486, rec_loss 0.0114, lpips_loss 0.1344, g_loss 0.0145, disc_weight 0.4000, disc_adaptive_weight 7.1312, d_loss 0.4007, logits_real -0.0163, logits_fake -0.0144,
Train Epoch: [18/30] Iters:[210/1093] gen_loss 0.2576, rec_loss 0.0114, lpips_loss 0.1344, g_loss 0.0148, disc_weight 0.4000, disc_adaptive_weight 7.5802, d_loss 0.4007, logits_real -0.0166, logits_fake -0.0146,
Train Epoch: [18/30] Iters:[220/1093] gen_loss 0.2564, rec_loss 0.0114, lpips_loss 0.1344, g_loss 0.0151, disc_weight 0.4000, disc_adaptive_weight 7.3572, d_loss 0.4007, logits_real -0.0169, logits_fake -0.0148,
Train Epoch: [18/30] Iters:[230/1093] gen_loss 0.2636, rec_loss 0.0112, lpips_loss 0.1339, g_loss 0.0154, disc_weight 0.4000, disc_adaptive_weight 7.7407, d_loss 0.4007, logits_real -0.0172, logits_fake -0.0151,
Train Epoch: [18/30] Iters:[240/1093] gen_loss 0.2646, rec_loss 0.0112, lpips_loss 0.1334, g_loss 0.0157, disc_weight 0.4000, disc_adaptive_weight 7.6585, d_loss 0.4007, logits_real -0.0174, logits_fake -0.0154,
Train Epoch: [18/30] Iters:[250/1093] gen_loss 0.2661, rec_loss 0.0112, lpips_loss 0.1338, g_loss 0.0157, disc_weight 0.4000, disc_adaptive_weight 7.7141, d_loss 0.4006, logits_real -0.0174, logits_fake -0.0157,
Train Epoch: [18/30] Iters:[260/1093] gen_loss 0.2542, rec_loss 0.0112, lpips_loss 0.1335, g_loss 0.0156, disc_weight 0.4000, disc_adaptive_weight 7.0169, d_loss 0.4006, logits_real -0.0173, logits_fake -0.0156,
Train Epoch: [18/30] Iters:[270/1093] gen_loss 0.2537, rec_loss 0.0114, lpips_loss 0.1339, g_loss 0.0152, disc_weight 0.4000, disc_adaptive_weight 7.1104, d_loss 0.4006, logits_real -0.0170, logits_fake -0.0153,
Train Epoch: [18/30] Iters:[280/1093] gen_loss 0.2463, rec_loss 0.0113, lpips_loss 0.1337, g_loss 0.0150, disc_weight 0.4000, disc_adaptive_weight 6.7344, d_loss 0.4006, logits_real -0.0168, logits_fake -0.0152,
Train Epoch: [18/30] Iters:[290/1093] gen_loss 0.2384, rec_loss 0.0113, lpips_loss 0.1344, g_loss 0.0148, disc_weight 0.4000, disc_adaptive_weight 6.2557, d_loss 0.4007, logits_real -0.0167, logits_fake -0.0149,
Train Epoch: [18/30] Iters:[300/1093] gen_loss 0.2386, rec_loss 0.0111, lpips_loss 0.1335, g_loss 0.0149, disc_weight 0.4000, disc_adaptive_weight 6.3246, d_loss 0.4007, logits_real -0.0168, logits_fake -0.0148,
Train Epoch: [18/30] Iters:[310/1093] gen_loss 0.2445, rec_loss 0.0112, lpips_loss 0.1338, g_loss 0.0148, disc_weight 0.4000, disc_adaptive_weight 6.7102, d_loss 0.4007, logits_real -0.0167, logits_fake -0.0149,
Train Epoch: [18/30] Iters:[320/1093] gen_loss 0.2476, rec_loss 0.0110, lpips_loss 0.1333, g_loss 0.0150, disc_weight 0.4000, disc_adaptive_weight 6.8821, d_loss 0.4007, logits_real -0.0169, logits_fake -0.0150,
Train Epoch: [18/30] Iters:[330/1093] gen_loss 0.2501, rec_loss 0.0110, lpips_loss 0.1337, g_loss 0.0149, disc_weight 0.4000, disc_adaptive_weight 7.0725, d_loss 0.4007, logits_real -0.0168, logits_fake -0.0147,
Train Epoch: [18/30] Iters:[340/1093] gen_loss 0.2519, rec_loss 0.0112, lpips_loss 0.1336, g_loss 0.0146, disc_weight 0.4000, disc_adaptive_weight 7.2983, d_loss 0.4007, logits_real -0.0166, logits_fake -0.0146,
Train Epoch: [18/30] Iters:[350/1093] gen_loss 0.2494, rec_loss 0.0112, lpips_loss 0.1337, g_loss 0.0145, disc_weight 0.4000, disc_adaptive_weight 7.1921, d_loss 0.4007, logits_real -0.0164, logits_fake -0.0145,
Train Epoch: [18/30] Iters:[360/1093] gen_loss 0.2460, rec_loss 0.0109, lpips_loss 0.1330, g_loss 0.0146, disc_weight 0.4000, disc_adaptive_weight 6.9870, d_loss 0.4007, logits_real -0.0165, logits_fake -0.0145,
Train Epoch: [18/30] Iters:[370/1093] gen_loss 0.2409, rec_loss 0.0110, lpips_loss 0.1335, g_loss 0.0146, disc_weight 0.4000, disc_adaptive_weight 6.6010, d_loss 0.4006, logits_real -0.0164, logits_fake -0.0146,
Train Epoch: [18/30] Iters:[380/1093] gen_loss 0.2390, rec_loss 0.0108, lpips_loss 0.1326, g_loss 0.0147, disc_weight 0.4000, disc_adaptive_weight 6.5279, d_loss 0.4006, logits_real -0.0164, logits_fake -0.0147,
Train Epoch: [18/30] Iters:[390/1093] gen_loss 0.2344, rec_loss 0.0107, lpips_loss 0.1326, g_loss 0.0147, disc_weight 0.4000, disc_adaptive_weight 6.2067, d_loss 0.4006, logits_real -0.0163, logits_fake -0.0147,
Train Epoch: [18/30] Iters:[400/1093] gen_loss 0.2309, rec_loss 0.0108, lpips_loss 0.1334, g_loss 0.0146, disc_weight 0.4000, disc_adaptive_weight 5.9208, d_loss 0.4006, logits_real -0.0162, logits_fake -0.0146,
Train Epoch: [18/30] Iters:[410/1093] gen_loss 0.2326, rec_loss 0.0109, lpips_loss 0.1334, g_loss 0.0142, disc_weight 0.4000, disc_adaptive_weight 6.2153, d_loss 0.4006, logits_real -0.0157, logits_fake -0.0143,
Train Epoch: [18/30] Iters:[420/1093] gen_loss 0.2275, rec_loss 0.0108, lpips_loss 0.1327, g_loss 0.0137, disc_weight 0.4000, disc_adaptive_weight 6.0806, d_loss 0.4006, logits_real -0.0152, logits_fake -0.0138,
Train Epoch: [18/30] Iters:[430/1093] gen_loss 0.2277, rec_loss 0.0110, lpips_loss 0.1335, g_loss 0.0135, disc_weight 0.4000, disc_adaptive_weight 6.1402, d_loss 0.4006, logits_real -0.0149, logits_fake -0.0134,
Train Epoch: [18/30] Iters:[440/1093] gen_loss 0.2279, rec_loss 0.0110, lpips_loss 0.1335, g_loss 0.0133, disc_weight 0.4000, disc_adaptive_weight 6.2611, d_loss 0.4006, logits_real -0.0147, logits_fake -0.0131,
Train Epoch: [18/30] Iters:[450/1093] gen_loss 0.2280, rec_loss 0.0111, lpips_loss 0.1333, g_loss 0.0128, disc_weight 0.4000, disc_adaptive_weight 6.4903, d_loss 0.4006, logits_real -0.0143, logits_fake -0.0127,
Train Epoch: [18/30] Iters:[460/1093] gen_loss 0.2223, rec_loss 0.0111, lpips_loss 0.1335, g_loss 0.0125, disc_weight 0.4000, disc_adaptive_weight 6.1998, d_loss 0.4006, logits_real -0.0141, logits_fake -0.0124,
Train Epoch: [18/30] Iters:[470/1093] gen_loss 0.2248, rec_loss 0.0110, lpips_loss 0.1332, g_loss 0.0125, disc_weight 0.4000, disc_adaptive_weight 6.4429, d_loss 0.4006, logits_real -0.0140, logits_fake -0.0124,
Train Epoch: [18/30] Iters:[480/1093] gen_loss 0.2222, rec_loss 0.0111, lpips_loss 0.1326, g_loss 0.0125, disc_weight 0.4000, disc_adaptive_weight 6.2759, d_loss 0.4006, logits_real -0.0141, logits_fake -0.0126,
Train Epoch: [18/30] Iters:[490/1093] gen_loss 0.2250, rec_loss 0.0112, lpips_loss 0.1329, g_loss 0.0128, disc_weight 0.4000, disc_adaptive_weight 6.3509, d_loss 0.4006, logits_real -0.0144, logits_fake -0.0129,
Train Epoch: [18/30] Iters:[500/1093] gen_loss 0.2287, rec_loss 0.0111, lpips_loss 0.1326, g_loss 0.0131, disc_weight 0.4000, disc_adaptive_weight 6.4947, d_loss 0.4006, logits_real -0.0148, logits_fake -0.0133,
Train Epoch: [18/30] Iters:[510/1093] gen_loss 0.2325, rec_loss 0.0112, lpips_loss 0.1327, g_loss 0.0135, disc_weight 0.4000, disc_adaptive_weight 6.5518, d_loss 0.4006, logits_real -0.0151, logits_fake -0.0136,
Train Epoch: [18/30] Iters:[520/1093] gen_loss 0.2344, rec_loss 0.0113, lpips_loss 0.1327, g_loss 0.0136, disc_weight 0.4000, disc_adaptive_weight 6.6879, d_loss 0.4006, logits_real -0.0153, logits_fake -0.0136,
Train Epoch: [18/30] Iters:[530/1093] gen_loss 0.2389, rec_loss 0.0113, lpips_loss 0.1330, g_loss 0.0132, disc_weight 0.4000, disc_adaptive_weight 7.2124, d_loss 0.4006, logits_real -0.0149, logits_fake -0.0132,
Train Epoch: [18/30] Iters:[540/1093] gen_loss 0.2362, rec_loss 0.0113, lpips_loss 0.1329, g_loss 0.0129, disc_weight 0.4000, disc_adaptive_weight 7.1542, d_loss 0.4006, logits_real -0.0147, logits_fake -0.0130,
Train Epoch: [18/30] Iters:[550/1093] gen_loss 0.2342, rec_loss 0.0112, lpips_loss 0.1328, g_loss 0.0128, disc_weight 0.4000, disc_adaptive_weight 7.0581, d_loss 0.4006, logits_real -0.0146, logits_fake -0.0129,
Train Epoch: [18/30] Iters:[560/1093] gen_loss 0.2376, rec_loss 0.0113, lpips_loss 0.1330, g_loss 0.0126, disc_weight 0.4000, disc_adaptive_weight 7.3565, d_loss 0.4006, logits_real -0.0145, logits_fake -0.0129,
Train Epoch: [18/30] Iters:[570/1093] gen_loss 0.2380, rec_loss 0.0113, lpips_loss 0.1331, g_loss 0.0126, disc_weight 0.4000, disc_adaptive_weight 7.4028, d_loss 0.4006, logits_real -0.0144, logits_fake -0.0129,
Train Epoch: [18/30] Iters:[580/1093] gen_loss 0.2396, rec_loss 0.0114, lpips_loss 0.1335, g_loss 0.0129, disc_weight 0.4000, disc_adaptive_weight 7.2940, d_loss 0.4006, logits_real -0.0146, logits_fake -0.0131,
Train Epoch: [18/30] Iters:[590/1093] gen_loss 0.2461, rec_loss 0.0113, lpips_loss 0.1334, g_loss 0.0132, disc_weight 0.4000, disc_adaptive_weight 7.6559, d_loss 0.4006, logits_real -0.0148, logits_fake -0.0132,
Train Epoch: [18/30] Iters:[600/1093] gen_loss 0.2492, rec_loss 0.0116, lpips_loss 0.1342, g_loss 0.0133, disc_weight 0.4000, disc_adaptive_weight 7.7809, d_loss 0.4006, logits_real -0.0149, logits_fake -0.0132,
Train Epoch: [18/30] Iters:[610/1093] gen_loss 0.2477, rec_loss 0.0114, lpips_loss 0.1342, g_loss 0.0134, disc_weight 0.4000, disc_adaptive_weight 7.6345, d_loss 0.4006, logits_real -0.0150, logits_fake -0.0133,
Train Epoch: [18/30] Iters:[620/1093] gen_loss 0.2507, rec_loss 0.0115, lpips_loss 0.1347, g_loss 0.0136, disc_weight 0.4000, disc_adaptive_weight 7.6798, d_loss 0.4007, logits_real -0.0153, logits_fake -0.0135,
Train Epoch: [18/30] Iters:[630/1093] gen_loss 0.2487, rec_loss 0.0114, lpips_loss 0.1340, g_loss 0.0140, disc_weight 0.4000, disc_adaptive_weight 7.4160, d_loss 0.4007, logits_real -0.0157, logits_fake -0.0139,
Train Epoch: [18/30] Iters:[640/1093] gen_loss 0.2510, rec_loss 0.0114, lpips_loss 0.1341, g_loss 0.0142, disc_weight 0.4000, disc_adaptive_weight 7.4504, d_loss 0.4007, logits_real -0.0159, logits_fake -0.0141,
Train Epoch: [18/30] Iters:[650/1093] gen_loss 0.2467, rec_loss 0.0113, lpips_loss 0.1336, g_loss 0.0142, disc_weight 0.4000, disc_adaptive_weight 7.1663, d_loss 0.4007, logits_real -0.0160, logits_fake -0.0141,
Train Epoch: [18/30] Iters:[660/1093] gen_loss 0.2422, rec_loss 0.0112, lpips_loss 0.1331, g_loss 0.0143, disc_weight 0.4000, disc_adaptive_weight 6.8669, d_loss 0.4006, logits_real -0.0160, logits_fake -0.0142,
Train Epoch: [18/30] Iters:[670/1093] gen_loss 0.2417, rec_loss 0.0113, lpips_loss 0.1332, g_loss 0.0140, disc_weight 0.4000, disc_adaptive_weight 7.0039, d_loss 0.4006, logits_real -0.0157, logits_fake -0.0139,
Train Epoch: [18/30] Iters:[680/1093] gen_loss 0.2416, rec_loss 0.0113, lpips_loss 0.1334, g_loss 0.0136, disc_weight 0.4000, disc_adaptive_weight 7.1846, d_loss 0.4006, logits_real -0.0153, logits_fake -0.0135,
Train Epoch: [18/30] Iters:[690/1093] gen_loss 0.2386, rec_loss 0.0112, lpips_loss 0.1330, g_loss 0.0134, disc_weight 0.4000, disc_adaptive_weight 7.1267, d_loss 0.4006, logits_real -0.0151, logits_fake -0.0133,
Train Epoch: [18/30] Iters:[700/1093] gen_loss 0.2398, rec_loss 0.0112, lpips_loss 0.1328, g_loss 0.0132, disc_weight 0.4000, disc_adaptive_weight 7.3137, d_loss 0.4006, logits_real -0.0149, logits_fake -0.0133,
Train Epoch: [18/30] Iters:[710/1093] gen_loss 0.2407, rec_loss 0.0112, lpips_loss 0.1331, g_loss 0.0130, disc_weight 0.4000, disc_adaptive_weight 7.4129, d_loss 0.4006, logits_real -0.0149, logits_fake -0.0132,
Train Epoch: [18/30] Iters:[720/1093] gen_loss 0.2422, rec_loss 0.0113, lpips_loss 0.1333, g_loss 0.0134, disc_weight 0.4000, disc_adaptive_weight 7.3054, d_loss 0.4006, logits_real -0.0150, logits_fake -0.0134,
Train Epoch: [18/30] Iters:[730/1093] gen_loss 0.2423, rec_loss 0.0113, lpips_loss 0.1336, g_loss 0.0136, disc_weight 0.4000, disc_adaptive_weight 7.1673, d_loss 0.4006, logits_real -0.0153, logits_fake -0.0136,
Train Epoch: [18/30] Iters:[740/1093] gen_loss 0.2372, rec_loss 0.0114, lpips_loss 0.1338, g_loss 0.0135, disc_weight 0.4000, disc_adaptive_weight 6.7973, d_loss 0.4006, logits_real -0.0153, logits_fake -0.0137,
Train Epoch: [18/30] Iters:[750/1093] gen_loss 0.2357, rec_loss 0.0115, lpips_loss 0.1337, g_loss 0.0137, disc_weight 0.4000, disc_adaptive_weight 6.5683, d_loss 0.4006, logits_real -0.0154, logits_fake -0.0137,
Train Epoch: [18/30] Iters:[760/1093] gen_loss 0.2330, rec_loss 0.0115, lpips_loss 0.1339, g_loss 0.0138, disc_weight 0.4000, disc_adaptive_weight 6.3349, d_loss 0.4006, logits_real -0.0154, logits_fake -0.0137,
Train Epoch: [18/30] Iters:[770/1093] gen_loss 0.2283, rec_loss 0.0114, lpips_loss 0.1337, g_loss 0.0137, disc_weight 0.4000, disc_adaptive_weight 6.0695, d_loss 0.4006, logits_real -0.0153, logits_fake -0.0137,
Train Epoch: [18/30] Iters:[780/1093] gen_loss 0.2257, rec_loss 0.0114, lpips_loss 0.1334, g_loss 0.0137, disc_weight 0.4000, disc_adaptive_weight 5.9067, d_loss 0.4006, logits_real -0.0153, logits_fake -0.0137,
Train Epoch: [18/30] Iters:[790/1093] gen_loss 0.2275, rec_loss 0.0114, lpips_loss 0.1337, g_loss 0.0139, disc_weight 0.4000, disc_adaptive_weight 5.9134, d_loss 0.4006, logits_real -0.0154, logits_fake -0.0139,
Train Epoch: [18/30] Iters:[800/1093] gen_loss 0.2265, rec_loss 0.0113, lpips_loss 0.1340, g_loss 0.0139, disc_weight 0.4000, disc_adaptive_weight 5.8222, d_loss 0.4006, logits_real -0.0154, logits_fake -0.0139,
Train Epoch: [18/30] Iters:[810/1093] gen_loss 0.2322, rec_loss 0.0113, lpips_loss 0.1337, g_loss 0.0140, disc_weight 0.4000, disc_adaptive_weight 6.2090, d_loss 0.4006, logits_real -0.0155, logits_fake -0.0140,
Train Epoch: [18/30] Iters:[820/1093] gen_loss 0.2316, rec_loss 0.0112, lpips_loss 0.1332, g_loss 0.0140, disc_weight 0.4000, disc_adaptive_weight 6.2195, d_loss 0.4006, logits_real -0.0155, logits_fake -0.0138,
Train Epoch: [18/30] Iters:[830/1093] gen_loss 0.2304, rec_loss 0.0111, lpips_loss 0.1331, g_loss 0.0137, disc_weight 0.4000, disc_adaptive_weight 6.2949, d_loss 0.4006, logits_real -0.0153, logits_fake -0.0135,
Train Epoch: [18/30] Iters:[840/1093] gen_loss 0.2278, rec_loss 0.0110, lpips_loss 0.1327, g_loss 0.0133, disc_weight 0.4000, disc_adaptive_weight 6.3026, d_loss 0.4006, logits_real -0.0149, logits_fake -0.0132,
Train Epoch: [18/30] Iters:[850/1093] gen_loss 0.2282, rec_loss 0.0109, lpips_loss 0.1328, g_loss 0.0131, disc_weight 0.4000, disc_adaptive_weight 6.4185, d_loss 0.4006, logits_real -0.0148, logits_fake -0.0131,
Train Epoch: [18/30] Iters:[860/1093] gen_loss 0.2275, rec_loss 0.0110, lpips_loss 0.1333, g_loss 0.0130, disc_weight 0.4000, disc_adaptive_weight 6.3831, d_loss 0.4006, logits_real -0.0148, logits_fake -0.0132,
Train Epoch: [18/30] Iters:[870/1093] gen_loss 0.2320, rec_loss 0.0110, lpips_loss 0.1336, g_loss 0.0130, disc_weight 0.4000, disc_adaptive_weight 6.7188, d_loss 0.4006, logits_real -0.0147, logits_fake -0.0132,
Train Epoch: [18/30] Iters:[880/1093] gen_loss 0.2353, rec_loss 0.0111, lpips_loss 0.1337, g_loss 0.0130, disc_weight 0.4000, disc_adaptive_weight 6.9581, d_loss 0.4006, logits_real -0.0147, logits_fake -0.0132,
Train Epoch: [18/30] Iters:[890/1093] gen_loss 0.2402, rec_loss 0.0112, lpips_loss 0.1342, g_loss 0.0131, disc_weight 0.4000, disc_adaptive_weight 7.2528, d_loss 0.4006, logits_real -0.0149, logits_fake -0.0131,
Train Epoch: [18/30] Iters:[900/1093] gen_loss 0.2446, rec_loss 0.0112, lpips_loss 0.1338, g_loss 0.0133, disc_weight 0.4000, disc_adaptive_weight 7.5305, d_loss 0.4006, logits_real -0.0151, logits_fake -0.0133,
Train Epoch: [18/30] Iters:[910/1093] gen_loss 0.2426, rec_loss 0.0112, lpips_loss 0.1334, g_loss 0.0133, disc_weight 0.4000, disc_adaptive_weight 7.3819, d_loss 0.4006, logits_real -0.0151, logits_fake -0.0133,
Train Epoch: [18/30] Iters:[920/1093] gen_loss 0.2416, rec_loss 0.0112, lpips_loss 0.1340, g_loss 0.0134, disc_weight 0.4000, disc_adaptive_weight 7.2072, d_loss 0.4006, logits_real -0.0152, logits_fake -0.0134,
Train Epoch: [18/30] Iters:[930/1093] gen_loss 0.2406, rec_loss 0.0112, lpips_loss 0.1337, g_loss 0.0135, disc_weight 0.4000, disc_adaptive_weight 7.0964, d_loss 0.4006, logits_real -0.0152, logits_fake -0.0134,
Train Epoch: [18/30] Iters:[940/1093] gen_loss 0.2378, rec_loss 0.0112, lpips_loss 0.1334, g_loss 0.0134, disc_weight 0.4000, disc_adaptive_weight 6.9414, d_loss 0.4006, logits_real -0.0150, logits_fake -0.0134,
Train Epoch: [18/30] Iters:[950/1093] gen_loss 0.2311, rec_loss 0.0113, lpips_loss 0.1334, g_loss 0.0129, disc_weight 0.4000, disc_adaptive_weight 6.6772, d_loss 0.4006, logits_real -0.0144, logits_fake -0.0129,
Train Epoch: [18/30] Iters:[960/1093] gen_loss 0.2271, rec_loss 0.0112, lpips_loss 0.1334, g_loss 0.0124, disc_weight 0.4000, disc_adaptive_weight 6.6329, d_loss 0.4006, logits_real -0.0140, logits_fake -0.0123,
Train Epoch: [18/30] Iters:[970/1093] gen_loss 0.2189, rec_loss 0.0112, lpips_loss 0.1328, g_loss 0.0118, disc_weight 0.4000, disc_adaptive_weight 6.3031, d_loss 0.4006, logits_real -0.0134, logits_fake -0.0119,
Train Epoch: [18/30] Iters:[980/1093] gen_loss 0.2151, rec_loss 0.0111, lpips_loss 0.1332, g_loss 0.0115, disc_weight 0.4000, disc_adaptive_weight 6.1299, d_loss 0.4006, logits_real -0.0130, logits_fake -0.0117,
Train Epoch: [18/30] Iters:[990/1093] gen_loss 0.2119, rec_loss 0.0111, lpips_loss 0.1338, g_loss 0.0116, disc_weight 0.4000, disc_adaptive_weight 5.8157, d_loss 0.4006, logits_real -0.0130, logits_fake -0.0116,
Train Epoch: [18/30] Iters:[1000/1093] gen_loss 0.2153, rec_loss 0.0111, lpips_loss 0.1336, g_loss 0.0118, disc_weight 0.4000, disc_adaptive_weight 6.0314, d_loss 0.4006, logits_real -0.0133, logits_fake -0.0118,
Train Epoch: [18/30] Iters:[1010/1093] gen_loss 0.2179, rec_loss 0.0111, lpips_loss 0.1340, g_loss 0.0120, disc_weight 0.4000, disc_adaptive_weight 6.1130, d_loss 0.4006, logits_real -0.0136, logits_fake -0.0119,
Train Epoch: [18/30] Iters:[1020/1093] gen_loss 0.2198, rec_loss 0.0111, lpips_loss 0.1338, g_loss 0.0122, disc_weight 0.4000, disc_adaptive_weight 6.1915, d_loss 0.4006, logits_real -0.0139, logits_fake -0.0121,
Train Epoch: [18/30] Iters:[1030/1093] gen_loss 0.2189, rec_loss 0.0111, lpips_loss 0.1331, g_loss 0.0121, disc_weight 0.4000, disc_adaptive_weight 6.2293, d_loss 0.4007, logits_real -0.0139, logits_fake -0.0120,
Train Epoch: [18/30] Iters:[1040/1093] gen_loss 0.2200, rec_loss 0.0110, lpips_loss 0.1323, g_loss 0.0118, disc_weight 0.4000, disc_adaptive_weight 6.5200, d_loss 0.4006, logits_real -0.0136, logits_fake -0.0118,
Train Epoch: [18/30] Iters:[1050/1093] gen_loss 0.2189, rec_loss 0.0111, lpips_loss 0.1330, g_loss 0.0116, disc_weight 0.4000, disc_adaptive_weight 6.4674, d_loss 0.4006, logits_real -0.0133, logits_fake -0.0116,
Train Epoch: [18/30] Iters:[1060/1093] gen_loss 0.2136, rec_loss 0.0111, lpips_loss 0.1325, g_loss 0.0113, disc_weight 0.4000, disc_adaptive_weight 6.2255, d_loss 0.4006, logits_real -0.0129, logits_fake -0.0112,
Train Epoch: [18/30] Iters:[1070/1093] gen_loss 0.2128, rec_loss 0.0111, lpips_loss 0.1329, g_loss 0.0111, disc_weight 0.4000, disc_adaptive_weight 6.2109, d_loss 0.4006, logits_real -0.0126, logits_fake -0.0110,
Train Epoch: [18/30] Iters:[1080/1093] gen_loss 0.2162, rec_loss 0.0112, lpips_loss 0.1333, g_loss 0.0112, disc_weight 0.4000, disc_adaptive_weight 6.3880, d_loss 0.4006, logits_real -0.0126, logits_fake -0.0110,
Train Epoch: [18/30] Iters:[1090/1093] gen_loss 0.2176, rec_loss 0.0112, lpips_loss 0.1336, g_loss 0.0114, disc_weight 0.4000, disc_adaptive_weight 6.3798, d_loss 0.4006, logits_real -0.0127, logits_fake -0.0111,
epoch:19, cur_lr:0.000010
Train Epoch: [19/30] Iters:[10/1093] gen_loss 0.2311, rec_loss 0.0105, lpips_loss 0.1312, g_loss 0.0124, disc_weight 0.4000, disc_adaptive_weight 7.1650, d_loss 0.4005, logits_real -0.0138, logits_fake -0.0125,
Train Epoch: [19/30] Iters:[20/1093] gen_loss 0.2321, rec_loss 0.0110, lpips_loss 0.1322, g_loss 0.0119, disc_weight 0.4000, disc_adaptive_weight 7.4432, d_loss 0.4006, logits_real -0.0136, logits_fake -0.0120,
Train Epoch: [19/30] Iters:[30/1093] gen_loss 0.2249, rec_loss 0.0111, lpips_loss 0.1332, g_loss 0.0119, disc_weight 0.4000, disc_adaptive_weight 6.7563, d_loss 0.4006, logits_real -0.0136, logits_fake -0.0119,
Train Epoch: [19/30] Iters:[40/1093] gen_loss 0.2235, rec_loss 0.0110, lpips_loss 0.1330, g_loss 0.0120, disc_weight 0.4000, disc_adaptive_weight 6.6243, d_loss 0.4006, logits_real -0.0136, logits_fake -0.0120,
Train Epoch: [19/30] Iters:[50/1093] gen_loss 0.2237, rec_loss 0.0110, lpips_loss 0.1331, g_loss 0.0121, disc_weight 0.4000, disc_adaptive_weight 6.5765, d_loss 0.4006, logits_real -0.0138, logits_fake -0.0122,
Train Epoch: [19/30] Iters:[60/1093] gen_loss 0.2236, rec_loss 0.0111, lpips_loss 0.1332, g_loss 0.0123, disc_weight 0.4000, disc_adaptive_weight 6.4090, d_loss 0.4006, logits_real -0.0142, logits_fake -0.0125,
Train Epoch: [19/30] Iters:[70/1093] gen_loss 0.2256, rec_loss 0.0110, lpips_loss 0.1331, g_loss 0.0130, disc_weight 0.4000, disc_adaptive_weight 6.2420, d_loss 0.4006, logits_real -0.0147, logits_fake -0.0130,
Train Epoch: [19/30] Iters:[80/1093] gen_loss 0.2282, rec_loss 0.0110, lpips_loss 0.1326, g_loss 0.0135, disc_weight 0.4000, disc_adaptive_weight 6.2736, d_loss 0.4006, logits_real -0.0152, logits_fake -0.0135,
Train Epoch: [19/30] Iters:[90/1093] gen_loss 0.2317, rec_loss 0.0110, lpips_loss 0.1326, g_loss 0.0139, disc_weight 0.4000, disc_adaptive_weight 6.3329, d_loss 0.4006, logits_real -0.0158, logits_fake -0.0139,
Train Epoch: [19/30] Iters:[100/1093] gen_loss 0.2382, rec_loss 0.0111, lpips_loss 0.1329, g_loss 0.0143, disc_weight 0.4000, disc_adaptive_weight 6.5788, d_loss 0.4006, logits_real -0.0160, logits_fake -0.0142,
Train Epoch: [19/30] Iters:[110/1093] gen_loss 0.2413, rec_loss 0.0112, lpips_loss 0.1334, g_loss 0.0144, disc_weight 0.4000, disc_adaptive_weight 6.7275, d_loss 0.4006, logits_real -0.0161, logits_fake -0.0143,
Train Epoch: [19/30] Iters:[120/1093] gen_loss 0.2451, rec_loss 0.0112, lpips_loss 0.1337, g_loss 0.0146, disc_weight 0.4000, disc_adaptive_weight 6.8725, d_loss 0.4006, logits_real -0.0163, logits_fake -0.0146,
Train Epoch: [19/30] Iters:[130/1093] gen_loss 0.2484, rec_loss 0.0113, lpips_loss 0.1341, g_loss 0.0147, disc_weight 0.4000, disc_adaptive_weight 7.0172, d_loss 0.4006, logits_real -0.0165, logits_fake -0.0149,
Train Epoch: [19/30] Iters:[140/1093] gen_loss 0.2546, rec_loss 0.0113, lpips_loss 0.1346, g_loss 0.0148, disc_weight 0.4000, disc_adaptive_weight 7.3613, d_loss 0.4006, logits_real -0.0165, logits_fake -0.0150,
Train Epoch: [19/30] Iters:[150/1093] gen_loss 0.2517, rec_loss 0.0113, lpips_loss 0.1342, g_loss 0.0149, disc_weight 0.4000, disc_adaptive_weight 7.1652, d_loss 0.4006, logits_real -0.0166, logits_fake -0.0151,
Train Epoch: [19/30] Iters:[160/1093] gen_loss 0.2530, rec_loss 0.0111, lpips_loss 0.1340, g_loss 0.0149, disc_weight 0.4000, disc_adaptive_weight 7.2681, d_loss 0.4006, logits_real -0.0165, logits_fake -0.0151,
Train Epoch: [19/30] Iters:[170/1093] gen_loss 0.2466, rec_loss 0.0111, lpips_loss 0.1335, g_loss 0.0145, disc_weight 0.4000, disc_adaptive_weight 7.0323, d_loss 0.4005, logits_real -0.0160, logits_fake -0.0147,
Train Epoch: [19/30] Iters:[180/1093] gen_loss 0.2447, rec_loss 0.0111, lpips_loss 0.1334, g_loss 0.0143, disc_weight 0.4000, disc_adaptive_weight 7.0019, d_loss 0.4006, logits_real -0.0158, logits_fake -0.0144,
Train Epoch: [19/30] Iters:[190/1093] gen_loss 0.2387, rec_loss 0.0111, lpips_loss 0.1331, g_loss 0.0141, disc_weight 0.4000, disc_adaptive_weight 6.6818, d_loss 0.4006, logits_real -0.0155, logits_fake -0.0141,
Train Epoch: [19/30] Iters:[200/1093] gen_loss 0.2401, rec_loss 0.0112, lpips_loss 0.1329, g_loss 0.0141, disc_weight 0.4000, disc_adaptive_weight 6.8029, d_loss 0.4005, logits_real -0.0154, logits_fake -0.0140,
Train Epoch: [19/30] Iters:[210/1093] gen_loss 0.2386, rec_loss 0.0112, lpips_loss 0.1330, g_loss 0.0141, disc_weight 0.4000, disc_adaptive_weight 6.6555, d_loss 0.4006, logits_real -0.0154, logits_fake -0.0140,
Train Epoch: [19/30] Iters:[220/1093] gen_loss 0.2437, rec_loss 0.0112, lpips_loss 0.1333, g_loss 0.0145, disc_weight 0.4000, disc_adaptive_weight 6.8220, d_loss 0.4006, logits_real -0.0159, logits_fake -0.0144,
Train Epoch: [19/30] Iters:[230/1093] gen_loss 0.2430, rec_loss 0.0112, lpips_loss 0.1331, g_loss 0.0148, disc_weight 0.4000, disc_adaptive_weight 6.6742, d_loss 0.4006, logits_real -0.0162, logits_fake -0.0147,
Train Epoch: [19/30] Iters:[240/1093] gen_loss 0.2402, rec_loss 0.0111, lpips_loss 0.1331, g_loss 0.0147, disc_weight 0.4000, disc_adaptive_weight 6.5469, d_loss 0.4006, logits_real -0.0161, logits_fake -0.0147,
Train Epoch: [19/30] Iters:[250/1093] gen_loss 0.2369, rec_loss 0.0113, lpips_loss 0.1340, g_loss 0.0144, disc_weight 0.4000, disc_adaptive_weight 6.3708, d_loss 0.4006, logits_real -0.0159, logits_fake -0.0145,
Train Epoch: [19/30] Iters:[260/1093] gen_loss 0.2328, rec_loss 0.0112, lpips_loss 0.1338, g_loss 0.0141, disc_weight 0.4000, disc_adaptive_weight 6.2194, d_loss 0.4006, logits_real -0.0157, logits_fake -0.0143,
Train Epoch: [19/30] Iters:[270/1093] gen_loss 0.2287, rec_loss 0.0112, lpips_loss 0.1332, g_loss 0.0140, disc_weight 0.4000, disc_adaptive_weight 6.0759, d_loss 0.4006, logits_real -0.0154, logits_fake -0.0137,
Train Epoch: [19/30] Iters:[280/1093] gen_loss 0.2333, rec_loss 0.0112, lpips_loss 0.1335, g_loss 0.0136, disc_weight 0.4000, disc_adaptive_weight 6.4819, d_loss 0.4006, logits_real -0.0151, logits_fake -0.0134,
Train Epoch: [19/30] Iters:[290/1093] gen_loss 0.2374, rec_loss 0.0112, lpips_loss 0.1335, g_loss 0.0139, disc_weight 0.4000, disc_adaptive_weight 6.6715, d_loss 0.4006, logits_real -0.0154, logits_fake -0.0136,
Train Epoch: [19/30] Iters:[300/1093] gen_loss 0.2451, rec_loss 0.0111, lpips_loss 0.1331, g_loss 0.0142, disc_weight 0.4000, disc_adaptive_weight 7.0731, d_loss 0.4006, logits_real -0.0157, logits_fake -0.0139,
Train Epoch: [19/30] Iters:[310/1093] gen_loss 0.2538, rec_loss 0.0112, lpips_loss 0.1334, g_loss 0.0145, disc_weight 0.4000, disc_adaptive_weight 7.5147, d_loss 0.4006, logits_real -0.0160, logits_fake -0.0144,
Train Epoch: [19/30] Iters:[320/1093] gen_loss 0.2582, rec_loss 0.0113, lpips_loss 0.1337, g_loss 0.0145, disc_weight 0.4000, disc_adaptive_weight 7.7910, d_loss 0.4006, logits_real -0.0163, logits_fake -0.0148,
Train Epoch: [19/30] Iters:[330/1093] gen_loss 0.2583, rec_loss 0.0114, lpips_loss 0.1338, g_loss 0.0146, disc_weight 0.4000, disc_adaptive_weight 7.7505, d_loss 0.4006, logits_real -0.0162, logits_fake -0.0148,
Train Epoch: [19/30] Iters:[340/1093] gen_loss 0.2575, rec_loss 0.0113, lpips_loss 0.1338, g_loss 0.0146, disc_weight 0.4000, disc_adaptive_weight 7.7300, d_loss 0.4006, logits_real -0.0162, logits_fake -0.0145,
Train Epoch: [19/30] Iters:[350/1093] gen_loss 0.2489, rec_loss 0.0112, lpips_loss 0.1335, g_loss 0.0144, disc_weight 0.4000, disc_adaptive_weight 7.2844, d_loss 0.4006, logits_real -0.0157, logits_fake -0.0142,
Train Epoch: [19/30] Iters:[360/1093] gen_loss 0.2396, rec_loss 0.0112, lpips_loss 0.1332, g_loss 0.0140, disc_weight 0.4000, disc_adaptive_weight 6.8234, d_loss 0.4006, logits_real -0.0152, logits_fake -0.0137,
Train Epoch: [19/30] Iters:[370/1093] gen_loss 0.2344, rec_loss 0.0112, lpips_loss 0.1335, g_loss 0.0138, disc_weight 0.4000, disc_adaptive_weight 6.5522, d_loss 0.4006, logits_real -0.0149, logits_fake -0.0134,
Train Epoch: [19/30] Iters:[380/1093] gen_loss 0.2340, rec_loss 0.0111, lpips_loss 0.1332, g_loss 0.0136, disc_weight 0.4000, disc_adaptive_weight 6.6108, d_loss 0.4006, logits_real -0.0150, logits_fake -0.0133,
Train Epoch: [19/30] Iters:[390/1093] gen_loss 0.2296, rec_loss 0.0110, lpips_loss 0.1326, g_loss 0.0134, disc_weight 0.4000, disc_adaptive_weight 6.4352, d_loss 0.4005, logits_real -0.0146, logits_fake -0.0133,
Train Epoch: [19/30] Iters:[400/1093] gen_loss 0.2294, rec_loss 0.0110, lpips_loss 0.1327, g_loss 0.0134, disc_weight 0.4000, disc_adaptive_weight 6.3896, d_loss 0.4006, logits_real -0.0149, logits_fake -0.0132,
Train Epoch: [19/30] Iters:[410/1093] gen_loss 0.2325, rec_loss 0.0111, lpips_loss 0.1331, g_loss 0.0133, disc_weight 0.4000, disc_adaptive_weight 6.6176, d_loss 0.4006, logits_real -0.0151, logits_fake -0.0132,
Train Epoch: [19/30] Iters:[420/1093] gen_loss 0.2307, rec_loss 0.0111, lpips_loss 0.1335, g_loss 0.0132, disc_weight 0.4000, disc_adaptive_weight 6.4735, d_loss 0.4006, logits_real -0.0147, logits_fake -0.0131,
Train Epoch: [19/30] Iters:[430/1093] gen_loss 0.2253, rec_loss 0.0111, lpips_loss 0.1333, g_loss 0.0131, disc_weight 0.4000, disc_adaptive_weight 6.1899, d_loss 0.4005, logits_real -0.0144, logits_fake -0.0130,
Train Epoch: [19/30] Iters:[440/1093] gen_loss 0.2267, rec_loss 0.0112, lpips_loss 0.1338, g_loss 0.0130, disc_weight 0.4000, disc_adaptive_weight 6.2643, d_loss 0.4006, logits_real -0.0143, logits_fake -0.0128,
Train Epoch: [19/30] Iters:[450/1093] gen_loss 0.2267, rec_loss 0.0111, lpips_loss 0.1338, g_loss 0.0127, disc_weight 0.4000, disc_adaptive_weight 6.4229, d_loss 0.4006, logits_real -0.0141, logits_fake -0.0126,
Train Epoch: [19/30] Iters:[460/1093] gen_loss 0.2296, rec_loss 0.0111, lpips_loss 0.1335, g_loss 0.0130, disc_weight 0.4000, disc_adaptive_weight 6.5663, d_loss 0.4006, logits_real -0.0143, logits_fake -0.0127,
Train Epoch: [19/30] Iters:[470/1093] gen_loss 0.2311, rec_loss 0.0110, lpips_loss 0.1331, g_loss 0.0128, disc_weight 0.4000, disc_adaptive_weight 6.7979, d_loss 0.4006, logits_real -0.0144, logits_fake -0.0126,
Train Epoch: [19/30] Iters:[480/1093] gen_loss 0.2333, rec_loss 0.0111, lpips_loss 0.1333, g_loss 0.0126, disc_weight 0.4000, disc_adaptive_weight 7.0502, d_loss 0.4006, logits_real -0.0144, logits_fake -0.0125,
Train Epoch: [19/30] Iters:[490/1093] gen_loss 0.2318, rec_loss 0.0112, lpips_loss 0.1333, g_loss 0.0127, disc_weight 0.4000, disc_adaptive_weight 6.8624, d_loss 0.4006, logits_real -0.0143, logits_fake -0.0128,
Train Epoch: [19/30] Iters:[500/1093] gen_loss 0.2342, rec_loss 0.0113, lpips_loss 0.1334, g_loss 0.0131, disc_weight 0.4000, disc_adaptive_weight 6.8728, d_loss 0.4006, logits_real -0.0145, logits_fake -0.0131,
Train Epoch: [19/30] Iters:[510/1093] gen_loss 0.2291, rec_loss 0.0113, lpips_loss 0.1333, g_loss 0.0130, disc_weight 0.4000, disc_adaptive_weight 6.5255, d_loss 0.4006, logits_real -0.0145, logits_fake -0.0131,
Train Epoch: [19/30] Iters:[520/1093] gen_loss 0.2324, rec_loss 0.0114, lpips_loss 0.1339, g_loss 0.0133, disc_weight 0.4000, disc_adaptive_weight 6.5524, d_loss 0.4005, logits_real -0.0146, logits_fake -0.0132,
Train Epoch: [19/30] Iters:[530/1093] gen_loss 0.2315, rec_loss 0.0113, lpips_loss 0.1339, g_loss 0.0138, disc_weight 0.4000, disc_adaptive_weight 6.2453, d_loss 0.4006, logits_real -0.0152, logits_fake -0.0138,
Train Epoch: [19/30] Iters:[540/1093] gen_loss 0.2366, rec_loss 0.0113, lpips_loss 0.1340, g_loss 0.0142, disc_weight 0.4000, disc_adaptive_weight 6.4109, d_loss 0.4006, logits_real -0.0157, logits_fake -0.0142,
Train Epoch: [19/30] Iters:[550/1093] gen_loss 0.2386, rec_loss 0.0114, lpips_loss 0.1337, g_loss 0.0145, disc_weight 0.4000, disc_adaptive_weight 6.4413, d_loss 0.4006, logits_real -0.0160, logits_fake -0.0145,
Train Epoch: [19/30] Iters:[560/1093] gen_loss 0.2412, rec_loss 0.0114, lpips_loss 0.1338, g_loss 0.0147, disc_weight 0.4000, disc_adaptive_weight 6.5028, d_loss 0.4006, logits_real -0.0163, logits_fake -0.0147,
Train Epoch: [19/30] Iters:[570/1093] gen_loss 0.2375, rec_loss 0.0113, lpips_loss 0.1333, g_loss 0.0149, disc_weight 0.4000, disc_adaptive_weight 6.2031, d_loss 0.4005, logits_real -0.0166, logits_fake -0.0151,
Train Epoch: [19/30] Iters:[580/1093] gen_loss 0.2432, rec_loss 0.0113, lpips_loss 0.1331, g_loss 0.0150, disc_weight 0.4000, disc_adaptive_weight 6.5790, d_loss 0.4006, logits_real -0.0165, logits_fake -0.0150,
Train Epoch: [19/30] Iters:[590/1093] gen_loss 0.2446, rec_loss 0.0113, lpips_loss 0.1331, g_loss 0.0147, disc_weight 0.4000, disc_adaptive_weight 6.7921, d_loss 0.4006, logits_real -0.0163, logits_fake -0.0147,
Train Epoch: [19/30] Iters:[600/1093] gen_loss 0.2462, rec_loss 0.0113, lpips_loss 0.1332, g_loss 0.0146, disc_weight 0.4000, disc_adaptive_weight 6.9269, d_loss 0.4006, logits_real -0.0161, logits_fake -0.0145,
Train Epoch: [19/30] Iters:[610/1093] gen_loss 0.2500, rec_loss 0.0113, lpips_loss 0.1335, g_loss 0.0148, disc_weight 0.4000, disc_adaptive_weight 7.0810, d_loss 0.4006, logits_real -0.0161, logits_fake -0.0147,
Train Epoch: [19/30] Iters:[620/1093] gen_loss 0.2544, rec_loss 0.0113, lpips_loss 0.1336, g_loss 0.0149, disc_weight 0.4000, disc_adaptive_weight 7.2836, d_loss 0.4006, logits_real -0.0165, logits_fake -0.0148,
Train Epoch: [19/30] Iters:[630/1093] gen_loss 0.2559, rec_loss 0.0114, lpips_loss 0.1343, g_loss 0.0154, disc_weight 0.4000, disc_adaptive_weight 7.1498, d_loss 0.4006, logits_real -0.0170, logits_fake -0.0152,
Train Epoch: [19/30] Iters:[640/1093] gen_loss 0.2544, rec_loss 0.0113, lpips_loss 0.1342, g_loss 0.0158, disc_weight 0.4000, disc_adaptive_weight 6.9179, d_loss 0.4006, logits_real -0.0174, logits_fake -0.0158,
Train Epoch: [19/30] Iters:[650/1093] gen_loss 0.2530, rec_loss 0.0113, lpips_loss 0.1343, g_loss 0.0159, disc_weight 0.4000, disc_adaptive_weight 6.7732, d_loss 0.4006, logits_real -0.0177, logits_fake -0.0160,
Train Epoch: [19/30] Iters:[660/1093] gen_loss 0.2522, rec_loss 0.0114, lpips_loss 0.1345, g_loss 0.0159, disc_weight 0.4000, disc_adaptive_weight 6.7229, d_loss 0.4007, logits_real -0.0177, logits_fake -0.0158,
Train Epoch: [19/30] Iters:[670/1093] gen_loss 0.2529, rec_loss 0.0114, lpips_loss 0.1343, g_loss 0.0159, disc_weight 0.4000, disc_adaptive_weight 6.7753, d_loss 0.4006, logits_real -0.0175, logits_fake -0.0157,
Train Epoch: [19/30] Iters:[680/1093] gen_loss 0.2487, rec_loss 0.0115, lpips_loss 0.1338, g_loss 0.0155, disc_weight 0.4000, disc_adaptive_weight 6.6783, d_loss 0.4006, logits_real -0.0172, logits_fake -0.0155,
Train Epoch: [19/30] Iters:[690/1093] gen_loss 0.2483, rec_loss 0.0114, lpips_loss 0.1340, g_loss 0.0154, disc_weight 0.4000, disc_adaptive_weight 6.6756, d_loss 0.4006, logits_real -0.0171, logits_fake -0.0153,
Train Epoch: [19/30] Iters:[700/1093] gen_loss 0.2458, rec_loss 0.0113, lpips_loss 0.1336, g_loss 0.0155, disc_weight 0.4000, disc_adaptive_weight 6.5224, d_loss 0.4006, logits_real -0.0169, logits_fake -0.0152,
Train Epoch: [19/30] Iters:[710/1093] gen_loss 0.2471, rec_loss 0.0113, lpips_loss 0.1335, g_loss 0.0153, disc_weight 0.4000, disc_adaptive_weight 6.7004, d_loss 0.4006, logits_real -0.0167, logits_fake -0.0150,
Train Epoch: [19/30] Iters:[720/1093] gen_loss 0.2443, rec_loss 0.0113, lpips_loss 0.1334, g_loss 0.0150, disc_weight 0.4000, disc_adaptive_weight 6.6783, d_loss 0.4006, logits_real -0.0166, logits_fake -0.0148,
Train Epoch: [19/30] Iters:[730/1093] gen_loss 0.2501, rec_loss 0.0113, lpips_loss 0.1334, g_loss 0.0150, disc_weight 0.4000, disc_adaptive_weight 7.0535, d_loss 0.4006, logits_real -0.0165, logits_fake -0.0148,
Train Epoch: [19/30] Iters:[740/1093] gen_loss 0.2513, rec_loss 0.0115, lpips_loss 0.1340, g_loss 0.0149, disc_weight 0.4000, disc_adaptive_weight 7.1066, d_loss 0.4006, logits_real -0.0165, logits_fake -0.0148,
Train Epoch: [19/30] Iters:[750/1093] gen_loss 0.2522, rec_loss 0.0115, lpips_loss 0.1346, g_loss 0.0148, disc_weight 0.4000, disc_adaptive_weight 7.1540, d_loss 0.4006, logits_real -0.0166, logits_fake -0.0149,
Train Epoch: [19/30] Iters:[760/1093] gen_loss 0.2485, rec_loss 0.0114, lpips_loss 0.1342, g_loss 0.0148, disc_weight 0.4000, disc_adaptive_weight 6.9517, d_loss 0.4006, logits_real -0.0167, logits_fake -0.0151,
Train Epoch: [19/30] Iters:[770/1093] gen_loss 0.2494, rec_loss 0.0114, lpips_loss 0.1343, g_loss 0.0152, disc_weight 0.4000, disc_adaptive_weight 6.8224, d_loss 0.4006, logits_real -0.0170, logits_fake -0.0155,
Train Epoch: [19/30] Iters:[780/1093] gen_loss 0.2410, rec_loss 0.0112, lpips_loss 0.1341, g_loss 0.0154, disc_weight 0.4000, disc_adaptive_weight 6.2393, d_loss 0.4006, logits_real -0.0174, logits_fake -0.0159,
Train Epoch: [19/30] Iters:[790/1093] gen_loss 0.2416, rec_loss 0.0110, lpips_loss 0.1336, g_loss 0.0156, disc_weight 0.4000, disc_adaptive_weight 6.2323, d_loss 0.4006, logits_real -0.0176, logits_fake -0.0162,
Train Epoch: [19/30] Iters:[800/1093] gen_loss 0.2455, rec_loss 0.0110, lpips_loss 0.1336, g_loss 0.0156, disc_weight 0.4000, disc_adaptive_weight 6.4345, d_loss 0.4006, logits_real -0.0176, logits_fake -0.0161,
Train Epoch: [19/30] Iters:[810/1093] gen_loss 0.2446, rec_loss 0.0110, lpips_loss 0.1339, g_loss 0.0158, disc_weight 0.4000, disc_adaptive_weight 6.2883, d_loss 0.4006, logits_real -0.0177, logits_fake -0.0162,
Train Epoch: [19/30] Iters:[820/1093] gen_loss 0.2415, rec_loss 0.0111, lpips_loss 0.1335, g_loss 0.0155, disc_weight 0.4000, disc_adaptive_weight 6.2498, d_loss 0.4006, logits_real -0.0174, logits_fake -0.0158,
Train Epoch: [19/30] Iters:[830/1093] gen_loss 0.2431, rec_loss 0.0112, lpips_loss 0.1337, g_loss 0.0150, disc_weight 0.4000, disc_adaptive_weight 6.5264, d_loss 0.4006, logits_real -0.0168, logits_fake -0.0153,
Train Epoch: [19/30] Iters:[840/1093] gen_loss 0.2394, rec_loss 0.0112, lpips_loss 0.1332, g_loss 0.0148, disc_weight 0.4000, disc_adaptive_weight 6.4268, d_loss 0.4006, logits_real -0.0165, logits_fake -0.0149,
Train Epoch: [19/30] Iters:[850/1093] gen_loss 0.2439, rec_loss 0.0113, lpips_loss 0.1330, g_loss 0.0151, disc_weight 0.4000, disc_adaptive_weight 6.5645, d_loss 0.4006, logits_real -0.0167, logits_fake -0.0149,
Train Epoch: [19/30] Iters:[860/1093] gen_loss 0.2494, rec_loss 0.0114, lpips_loss 0.1335, g_loss 0.0155, disc_weight 0.4000, disc_adaptive_weight 6.7074, d_loss 0.4006, logits_real -0.0169, logits_fake -0.0151,
Train Epoch: [19/30] Iters:[870/1093] gen_loss 0.2585, rec_loss 0.0114, lpips_loss 0.1337, g_loss 0.0157, disc_weight 0.4000, disc_adaptive_weight 7.1460, d_loss 0.4006, logits_real -0.0170, logits_fake -0.0151,
Train Epoch: [19/30] Iters:[880/1093] gen_loss 0.2619, rec_loss 0.0115, lpips_loss 0.1341, g_loss 0.0157, disc_weight 0.4000, disc_adaptive_weight 7.3386, d_loss 0.4006, logits_real -0.0171, logits_fake -0.0152,
Train Epoch: [19/30] Iters:[890/1093] gen_loss 0.2650, rec_loss 0.0116, lpips_loss 0.1344, g_loss 0.0158, disc_weight 0.4000, disc_adaptive_weight 7.5261, d_loss 0.4006, logits_real -0.0170, logits_fake -0.0153,
Train Epoch: [19/30] Iters:[900/1093] gen_loss 0.2568, rec_loss 0.0117, lpips_loss 0.1342, g_loss 0.0153, disc_weight 0.4000, disc_adaptive_weight 7.2583, d_loss 0.4006, logits_real -0.0166, logits_fake -0.0148,
Train Epoch: [19/30] Iters:[910/1093] gen_loss 0.2568, rec_loss 0.0115, lpips_loss 0.1336, g_loss 0.0148, disc_weight 0.4000, disc_adaptive_weight 7.4658, d_loss 0.4006, logits_real -0.0164, logits_fake -0.0146,
Train Epoch: [19/30] Iters:[920/1093] gen_loss 0.2533, rec_loss 0.0115, lpips_loss 0.1336, g_loss 0.0148, disc_weight 0.4000, disc_adaptive_weight 7.2790, d_loss 0.4006, logits_real -0.0163, logits_fake -0.0146,
Train Epoch: [19/30] Iters:[930/1093] gen_loss 0.2596, rec_loss 0.0114, lpips_loss 0.1334, g_loss 0.0150, disc_weight 0.4000, disc_adaptive_weight 7.6019, d_loss 0.4007, logits_real -0.0166, logits_fake -0.0147,
Train Epoch: [19/30] Iters:[940/1093] gen_loss 0.2612, rec_loss 0.0116, lpips_loss 0.1336, g_loss 0.0150, disc_weight 0.4000, disc_adaptive_weight 7.6516, d_loss 0.4007, logits_real -0.0168, logits_fake -0.0147,
Train Epoch: [19/30] Iters:[950/1093] gen_loss 0.2606, rec_loss 0.0117, lpips_loss 0.1341, g_loss 0.0153, disc_weight 0.4000, disc_adaptive_weight 7.4660, d_loss 0.4006, logits_real -0.0171, logits_fake -0.0152,
Train Epoch: [19/30] Iters:[960/1093] gen_loss 0.2605, rec_loss 0.0116, lpips_loss 0.1340, g_loss 0.0155, disc_weight 0.4000, disc_adaptive_weight 7.4245, d_loss 0.4006, logits_real -0.0173, logits_fake -0.0156,
Train Epoch: [19/30] Iters:[970/1093] gen_loss 0.2569, rec_loss 0.0116, lpips_loss 0.1341, g_loss 0.0155, disc_weight 0.4000, disc_adaptive_weight 7.1719, d_loss 0.4006, logits_real -0.0174, logits_fake -0.0155,
Train Epoch: [19/30] Iters:[980/1093] gen_loss 0.2474, rec_loss 0.0114, lpips_loss 0.1339, g_loss 0.0154, disc_weight 0.4000, disc_adaptive_weight 6.6343, d_loss 0.4006, logits_real -0.0171, logits_fake -0.0154,
Train Epoch: [19/30] Iters:[990/1093] gen_loss 0.2429, rec_loss 0.0113, lpips_loss 0.1337, g_loss 0.0150, disc_weight 0.4000, disc_adaptive_weight 6.5394, d_loss 0.4006, logits_real -0.0167, logits_fake -0.0150,
Train Epoch: [19/30] Iters:[1000/1093] gen_loss 0.2405, rec_loss 0.0112, lpips_loss 0.1334, g_loss 0.0145, disc_weight 0.4000, disc_adaptive_weight 6.5869, d_loss 0.4006, logits_real -0.0162, logits_fake -0.0146,
Train Epoch: [19/30] Iters:[1010/1093] gen_loss 0.2333, rec_loss 0.0113, lpips_loss 0.1334, g_loss 0.0141, disc_weight 0.4000, disc_adaptive_weight 6.2873, d_loss 0.4006, logits_real -0.0158, logits_fake -0.0141,
Train Epoch: [19/30] Iters:[1020/1093] gen_loss 0.2317, rec_loss 0.0112, lpips_loss 0.1333, g_loss 0.0137, disc_weight 0.4000, disc_adaptive_weight 6.3701, d_loss 0.4006, logits_real -0.0154, logits_fake -0.0138,
Train Epoch: [19/30] Iters:[1030/1093] gen_loss 0.2343, rec_loss 0.0113, lpips_loss 0.1333, g_loss 0.0135, disc_weight 0.4000, disc_adaptive_weight 6.6574, d_loss 0.4006, logits_real -0.0152, logits_fake -0.0136,
Train Epoch: [19/30] Iters:[1040/1093] gen_loss 0.2328, rec_loss 0.0113, lpips_loss 0.1329, g_loss 0.0136, disc_weight 0.4000, disc_adaptive_weight 6.5321, d_loss 0.4006, logits_real -0.0152, logits_fake -0.0137,
Train Epoch: [19/30] Iters:[1050/1093] gen_loss 0.2336, rec_loss 0.0113, lpips_loss 0.1330, g_loss 0.0137, disc_weight 0.4000, disc_adaptive_weight 6.5692, d_loss 0.4006, logits_real -0.0152, logits_fake -0.0136,
Train Epoch: [19/30] Iters:[1060/1093] gen_loss 0.2314, rec_loss 0.0111, lpips_loss 0.1330, g_loss 0.0137, disc_weight 0.4000, disc_adaptive_weight 6.4130, d_loss 0.4006, logits_real -0.0152, logits_fake -0.0135,
Train Epoch: [19/30] Iters:[1070/1093] gen_loss 0.2360, rec_loss 0.0111, lpips_loss 0.1331, g_loss 0.0139, disc_weight 0.4000, disc_adaptive_weight 6.6260, d_loss 0.4006, logits_real -0.0154, logits_fake -0.0137,
Train Epoch: [19/30] Iters:[1080/1093] gen_loss 0.2341, rec_loss 0.0110, lpips_loss 0.1331, g_loss 0.0140, disc_weight 0.4000, disc_adaptive_weight 6.4225, d_loss 0.4006, logits_real -0.0156, logits_fake -0.0138,
Train Epoch: [19/30] Iters:[1090/1093] gen_loss 0.2407, rec_loss 0.0111, lpips_loss 0.1336, g_loss 0.0140, disc_weight 0.4000, disc_adaptive_weight 6.8342, d_loss 0.4006, logits_real -0.0155, logits_fake -0.0137,
epoch:20, cur_lr:0.000010
Train Epoch: [20/30] Iters:[10/1093] gen_loss 0.2288, rec_loss 0.0108, lpips_loss 0.1328, g_loss 0.0125, disc_weight 0.4000, disc_adaptive_weight 6.8266, d_loss 0.4007, logits_real -0.0154, logits_fake -0.0134,
Train Epoch: [20/30] Iters:[20/1093] gen_loss 0.2370, rec_loss 0.0110, lpips_loss 0.1335, g_loss 0.0134, disc_weight 0.4000, disc_adaptive_weight 6.8748, d_loss 0.4007, logits_real -0.0153, logits_fake -0.0134,
Train Epoch: [20/30] Iters:[30/1093] gen_loss 0.2413, rec_loss 0.0112, lpips_loss 0.1338, g_loss 0.0137, disc_weight 0.4000, disc_adaptive_weight 7.0183, d_loss 0.4007, logits_real -0.0157, logits_fake -0.0138,
Train Epoch: [20/30] Iters:[40/1093] gen_loss 0.2497, rec_loss 0.0112, lpips_loss 0.1335, g_loss 0.0141, disc_weight 0.4000, disc_adaptive_weight 7.3839, d_loss 0.4007, logits_real -0.0160, logits_fake -0.0141,
Train Epoch: [20/30] Iters:[50/1093] gen_loss 0.2528, rec_loss 0.0113, lpips_loss 0.1337, g_loss 0.0144, disc_weight 0.4000, disc_adaptive_weight 7.4698, d_loss 0.4006, logits_real -0.0162, logits_fake -0.0144,
Train Epoch: [20/30] Iters:[60/1093] gen_loss 0.2552, rec_loss 0.0114, lpips_loss 0.1338, g_loss 0.0151, disc_weight 0.4000, disc_adaptive_weight 7.2796, d_loss 0.4007, logits_real -0.0168, logits_fake -0.0148,
Train Epoch: [20/30] Iters:[70/1093] gen_loss 0.2582, rec_loss 0.0114, lpips_loss 0.1340, g_loss 0.0155, disc_weight 0.4000, disc_adaptive_weight 7.3387, d_loss 0.4006, logits_real -0.0172, logits_fake -0.0153,
Train Epoch: [20/30] Iters:[80/1093] gen_loss 0.2579, rec_loss 0.0113, lpips_loss 0.1335, g_loss 0.0158, disc_weight 0.4000, disc_adaptive_weight 7.1948, d_loss 0.4007, logits_real -0.0175, logits_fake -0.0155,
Train Epoch: [20/30] Iters:[90/1093] gen_loss 0.2510, rec_loss 0.0114, lpips_loss 0.1334, g_loss 0.0156, disc_weight 0.4000, disc_adaptive_weight 6.8264, d_loss 0.4006, logits_real -0.0171, logits_fake -0.0155,
Train Epoch: [20/30] Iters:[100/1093] gen_loss 0.2447, rec_loss 0.0112, lpips_loss 0.1333, g_loss 0.0151, disc_weight 0.4000, disc_adaptive_weight 6.6422, d_loss 0.4006, logits_real -0.0166, logits_fake -0.0149,
Train Epoch: [20/30] Iters:[110/1093] gen_loss 0.2445, rec_loss 0.0113, lpips_loss 0.1334, g_loss 0.0145, disc_weight 0.4000, disc_adaptive_weight 6.8870, d_loss 0.4006, logits_real -0.0159, logits_fake -0.0143,
Train Epoch: [20/30] Iters:[120/1093] gen_loss 0.2384, rec_loss 0.0114, lpips_loss 0.1332, g_loss 0.0142, disc_weight 0.4000, disc_adaptive_weight 6.6475, d_loss 0.4006, logits_real -0.0155, logits_fake -0.0139,
Train Epoch: [20/30] Iters:[130/1093] gen_loss 0.2422, rec_loss 0.0115, lpips_loss 0.1339, g_loss 0.0138, disc_weight 0.4000, disc_adaptive_weight 7.0615, d_loss 0.4006, logits_real -0.0151, logits_fake -0.0136,
Train Epoch: [20/30] Iters:[140/1093] gen_loss 0.2499, rec_loss 0.0117, lpips_loss 0.1349, g_loss 0.0134, disc_weight 0.4000, disc_adaptive_weight 7.7026, d_loss 0.4006, logits_real -0.0150, logits_fake -0.0132,
Train Epoch: [20/30] Iters:[150/1093] gen_loss 0.2516, rec_loss 0.0118, lpips_loss 0.1349, g_loss 0.0134, disc_weight 0.4000, disc_adaptive_weight 7.8353, d_loss 0.4006, logits_real -0.0150, logits_fake -0.0133,
Train Epoch: [20/30] Iters:[160/1093] gen_loss 0.2476, rec_loss 0.0118, lpips_loss 0.1349, g_loss 0.0133, disc_weight 0.4000, disc_adaptive_weight 7.5713, d_loss 0.4006, logits_real -0.0151, logits_fake -0.0133,
Train Epoch: [20/30] Iters:[170/1093] gen_loss 0.2486, rec_loss 0.0117, lpips_loss 0.1348, g_loss 0.0130, disc_weight 0.4000, disc_adaptive_weight 7.8367, d_loss 0.4006, logits_real -0.0148, logits_fake -0.0130,
Train Epoch: [20/30] Iters:[180/1093] gen_loss 0.2392, rec_loss 0.0116, lpips_loss 0.1340, g_loss 0.0127, disc_weight 0.4000, disc_adaptive_weight 7.3692, d_loss 0.4006, logits_real -0.0143, logits_fake -0.0125,
Train Epoch: [20/30] Iters:[190/1093] gen_loss 0.2294, rec_loss 0.0115, lpips_loss 0.1332, g_loss 0.0126, disc_weight 0.4000, disc_adaptive_weight 6.7342, d_loss 0.4006, logits_real -0.0142, logits_fake -0.0126,
Train Epoch: [20/30] Iters:[200/1093] gen_loss 0.2272, rec_loss 0.0115, lpips_loss 0.1333, g_loss 0.0127, disc_weight 0.4000, disc_adaptive_weight 6.5159, d_loss 0.4006, logits_real -0.0142, logits_fake -0.0127,
Train Epoch: [20/30] Iters:[210/1093] gen_loss 0.2296, rec_loss 0.0113, lpips_loss 0.1328, g_loss 0.0128, disc_weight 0.4000, disc_adaptive_weight 6.6821, d_loss 0.4006, logits_real -0.0143, logits_fake -0.0129,
Train Epoch: [20/30] Iters:[220/1093] gen_loss 0.2329, rec_loss 0.0112, lpips_loss 0.1328, g_loss 0.0130, disc_weight 0.4000, disc_adaptive_weight 6.8172, d_loss 0.4006, logits_real -0.0146, logits_fake -0.0131,
Train Epoch: [20/30] Iters:[230/1093] gen_loss 0.2424, rec_loss 0.0112, lpips_loss 0.1335, g_loss 0.0132, disc_weight 0.4000, disc_adaptive_weight 7.4013, d_loss 0.4005, logits_real -0.0150, logits_fake -0.0135,
Train Epoch: [20/30] Iters:[240/1093] gen_loss 0.2466, rec_loss 0.0111, lpips_loss 0.1336, g_loss 0.0135, disc_weight 0.4000, disc_adaptive_weight 7.5737, d_loss 0.4005, logits_real -0.0152, logits_fake -0.0137,
Train Epoch: [20/30] Iters:[250/1093] gen_loss 0.2444, rec_loss 0.0111, lpips_loss 0.1339, g_loss 0.0134, disc_weight 0.4000, disc_adaptive_weight 7.4413, d_loss 0.4006, logits_real -0.0151, logits_fake -0.0135,
Train Epoch: [20/30] Iters:[260/1093] gen_loss 0.2440, rec_loss 0.0112, lpips_loss 0.1339, g_loss 0.0133, disc_weight 0.4000, disc_adaptive_weight 7.4081, d_loss 0.4005, logits_real -0.0151, logits_fake -0.0136,
Train Epoch: [20/30] Iters:[270/1093] gen_loss 0.2382, rec_loss 0.0112, lpips_loss 0.1335, g_loss 0.0135, disc_weight 0.4000, disc_adaptive_weight 6.9298, d_loss 0.4005, logits_real -0.0151, logits_fake -0.0137,
Train Epoch: [20/30] Iters:[280/1093] gen_loss 0.2302, rec_loss 0.0111, lpips_loss 0.1329, g_loss 0.0138, disc_weight 0.4000, disc_adaptive_weight 6.2507, d_loss 0.4005, logits_real -0.0152, logits_fake -0.0138,
Train Epoch: [20/30] Iters:[290/1093] gen_loss 0.2297, rec_loss 0.0111, lpips_loss 0.1326, g_loss 0.0140, disc_weight 0.4000, disc_adaptive_weight 6.1287, d_loss 0.4005, logits_real -0.0153, logits_fake -0.0139,
Train Epoch: [20/30] Iters:[300/1093] gen_loss 0.2387, rec_loss 0.0110, lpips_loss 0.1321, g_loss 0.0146, disc_weight 0.4000, disc_adaptive_weight 6.4834, d_loss 0.4005, logits_real -0.0158, logits_fake -0.0145,
Train Epoch: [20/30] Iters:[310/1093] gen_loss 0.2416, rec_loss 0.0111, lpips_loss 0.1326, g_loss 0.0149, disc_weight 0.4000, disc_adaptive_weight 6.5403, d_loss 0.4005, logits_real -0.0160, logits_fake -0.0146,
Train Epoch: [20/30] Iters:[320/1093] gen_loss 0.2431, rec_loss 0.0111, lpips_loss 0.1333, g_loss 0.0148, disc_weight 0.4000, disc_adaptive_weight 6.6333, d_loss 0.4006, logits_real -0.0161, logits_fake -0.0146,
Train Epoch: [20/30] Iters:[330/1093] gen_loss 0.2445, rec_loss 0.0112, lpips_loss 0.1333, g_loss 0.0148, disc_weight 0.4000, disc_adaptive_weight 6.7478, d_loss 0.4006, logits_real -0.0161, logits_fake -0.0146,
Train Epoch: [20/30] Iters:[340/1093] gen_loss 0.2427, rec_loss 0.0113, lpips_loss 0.1333, g_loss 0.0147, disc_weight 0.4000, disc_adaptive_weight 6.6739, d_loss 0.4006, logits_real -0.0162, logits_fake -0.0145,
Train Epoch: [20/30] Iters:[350/1093] gen_loss 0.2418, rec_loss 0.0113, lpips_loss 0.1335, g_loss 0.0145, disc_weight 0.4000, disc_adaptive_weight 6.6884, d_loss 0.4006, logits_real -0.0161, logits_fake -0.0142,
Train Epoch: [20/30] Iters:[360/1093] gen_loss 0.2405, rec_loss 0.0112, lpips_loss 0.1334, g_loss 0.0144, disc_weight 0.4000, disc_adaptive_weight 6.6346, d_loss 0.4006, logits_real -0.0160, logits_fake -0.0141,
Train Epoch: [20/30] Iters:[370/1093] gen_loss 0.2399, rec_loss 0.0112, lpips_loss 0.1332, g_loss 0.0144, disc_weight 0.4000, disc_adaptive_weight 6.6086, d_loss 0.4006, logits_real -0.0160, logits_fake -0.0142,
Train Epoch: [20/30] Iters:[380/1093] gen_loss 0.2381, rec_loss 0.0112, lpips_loss 0.1334, g_loss 0.0145, disc_weight 0.4000, disc_adaptive_weight 6.4379, d_loss 0.4006, logits_real -0.0161, logits_fake -0.0143,
Train Epoch: [20/30] Iters:[390/1093] gen_loss 0.2388, rec_loss 0.0111, lpips_loss 0.1337, g_loss 0.0144, disc_weight 0.4000, disc_adaptive_weight 6.5051, d_loss 0.4006, logits_real -0.0160, logits_fake -0.0142,
Train Epoch: [20/30] Iters:[400/1093] gen_loss 0.2357, rec_loss 0.0111, lpips_loss 0.1332, g_loss 0.0142, disc_weight 0.4000, disc_adaptive_weight 6.4681, d_loss 0.4006, logits_real -0.0158, logits_fake -0.0142,
Train Epoch: [20/30] Iters:[410/1093] gen_loss 0.2312, rec_loss 0.0111, lpips_loss 0.1334, g_loss 0.0138, disc_weight 0.4000, disc_adaptive_weight 6.2945, d_loss 0.4006, logits_real -0.0155, logits_fake -0.0139,
Train Epoch: [20/30] Iters:[420/1093] gen_loss 0.2292, rec_loss 0.0111, lpips_loss 0.1334, g_loss 0.0134, disc_weight 0.4000, disc_adaptive_weight 6.3083, d_loss 0.4006, logits_real -0.0152, logits_fake -0.0135,
Train Epoch: [20/30] Iters:[430/1093] gen_loss 0.2310, rec_loss 0.0110, lpips_loss 0.1338, g_loss 0.0131, disc_weight 0.4000, disc_adaptive_weight 6.5616, d_loss 0.4006, logits_real -0.0148, logits_fake -0.0132,
Train Epoch: [20/30] Iters:[440/1093] gen_loss 0.2306, rec_loss 0.0111, lpips_loss 0.1335, g_loss 0.0130, disc_weight 0.4000, disc_adaptive_weight 6.5746, d_loss 0.4006, logits_real -0.0146, logits_fake -0.0129,
Train Epoch: [20/30] Iters:[450/1093] gen_loss 0.2293, rec_loss 0.0111, lpips_loss 0.1337, g_loss 0.0131, disc_weight 0.4000, disc_adaptive_weight 6.4072, d_loss 0.4006, logits_real -0.0147, logits_fake -0.0131,
Train Epoch: [20/30] Iters:[460/1093] gen_loss 0.2374, rec_loss 0.0111, lpips_loss 0.1332, g_loss 0.0136, disc_weight 0.4000, disc_adaptive_weight 6.8117, d_loss 0.4006, logits_real -0.0151, logits_fake -0.0134,
Train Epoch: [20/30] Iters:[470/1093] gen_loss 0.2430, rec_loss 0.0112, lpips_loss 0.1336, g_loss 0.0142, disc_weight 0.4000, disc_adaptive_weight 6.9363, d_loss 0.4006, logits_real -0.0155, logits_fake -0.0140,
Train Epoch: [20/30] Iters:[480/1093] gen_loss 0.2460, rec_loss 0.0111, lpips_loss 0.1329, g_loss 0.0144, disc_weight 0.4000, disc_adaptive_weight 7.0724, d_loss 0.4006, logits_real -0.0157, logits_fake -0.0141,
Train Epoch: [20/30] Iters:[490/1093] gen_loss 0.2460, rec_loss 0.0111, lpips_loss 0.1334, g_loss 0.0143, disc_weight 0.4000, disc_adaptive_weight 7.0718, d_loss 0.4006, logits_real -0.0157, logits_fake -0.0142,
Train Epoch: [20/30] Iters:[500/1093] gen_loss 0.2483, rec_loss 0.0112, lpips_loss 0.1336, g_loss 0.0141, disc_weight 0.4000, disc_adaptive_weight 7.3395, d_loss 0.4006, logits_real -0.0155, logits_fake -0.0139,
Train Epoch: [20/30] Iters:[510/1093] gen_loss 0.2475, rec_loss 0.0112, lpips_loss 0.1342, g_loss 0.0139, disc_weight 0.4000, disc_adaptive_weight 7.3617, d_loss 0.4006, logits_real -0.0153, logits_fake -0.0137,
Train Epoch: [20/30] Iters:[520/1093] gen_loss 0.2471, rec_loss 0.0112, lpips_loss 0.1343, g_loss 0.0138, disc_weight 0.4000, disc_adaptive_weight 7.3822, d_loss 0.4006, logits_real -0.0152, logits_fake -0.0135,
Train Epoch: [20/30] Iters:[530/1093] gen_loss 0.2448, rec_loss 0.0112, lpips_loss 0.1345, g_loss 0.0137, disc_weight 0.4000, disc_adaptive_weight 7.2218, d_loss 0.4006, logits_real -0.0154, logits_fake -0.0136,
Train Epoch: [20/30] Iters:[540/1093] gen_loss 0.2464, rec_loss 0.0112, lpips_loss 0.1340, g_loss 0.0138, disc_weight 0.4000, disc_adaptive_weight 7.3180, d_loss 0.4006, logits_real -0.0154, logits_fake -0.0139,
Train Epoch: [20/30] Iters:[550/1093] gen_loss 0.2439, rec_loss 0.0112, lpips_loss 0.1340, g_loss 0.0139, disc_weight 0.4000, disc_adaptive_weight 7.0614, d_loss 0.4005, logits_real -0.0154, logits_fake -0.0140,
Train Epoch: [20/30] Iters:[560/1093] gen_loss 0.2435, rec_loss 0.0112, lpips_loss 0.1335, g_loss 0.0140, disc_weight 0.4000, disc_adaptive_weight 7.0422, d_loss 0.4006, logits_real -0.0155, logits_fake -0.0140,
Train Epoch: [20/30] Iters:[570/1093] gen_loss 0.2413, rec_loss 0.0111, lpips_loss 0.1328, g_loss 0.0139, disc_weight 0.4000, disc_adaptive_weight 6.9985, d_loss 0.4006, logits_real -0.0153, logits_fake -0.0137,
Train Epoch: [20/30] Iters:[580/1093] gen_loss 0.2393, rec_loss 0.0111, lpips_loss 0.1328, g_loss 0.0137, disc_weight 0.4000, disc_adaptive_weight 6.9016, d_loss 0.4006, logits_real -0.0151, logits_fake -0.0135,
Train Epoch: [20/30] Iters:[590/1093] gen_loss 0.2371, rec_loss 0.0111, lpips_loss 0.1333, g_loss 0.0135, disc_weight 0.4000, disc_adaptive_weight 6.8312, d_loss 0.4006, logits_real -0.0150, logits_fake -0.0133,
Train Epoch: [20/30] Iters:[600/1093] gen_loss 0.2330, rec_loss 0.0110, lpips_loss 0.1327, g_loss 0.0133, disc_weight 0.4000, disc_adaptive_weight 6.7112, d_loss 0.4006, logits_real -0.0148, logits_fake -0.0130,
Train Epoch: [20/30] Iters:[610/1093] gen_loss 0.2322, rec_loss 0.0110, lpips_loss 0.1328, g_loss 0.0129, disc_weight 0.4000, disc_adaptive_weight 6.8530, d_loss 0.4006, logits_real -0.0145, logits_fake -0.0127,
Train Epoch: [20/30] Iters:[620/1093] gen_loss 0.2336, rec_loss 0.0110, lpips_loss 0.1328, g_loss 0.0128, disc_weight 0.4000, disc_adaptive_weight 7.0130, d_loss 0.4006, logits_real -0.0145, logits_fake -0.0128,
Train Epoch: [20/30] Iters:[630/1093] gen_loss 0.2333, rec_loss 0.0110, lpips_loss 0.1330, g_loss 0.0129, disc_weight 0.4000, disc_adaptive_weight 6.9582, d_loss 0.4006, logits_real -0.0146, logits_fake -0.0131,
Train Epoch: [20/30] Iters:[640/1093] gen_loss 0.2371, rec_loss 0.0111, lpips_loss 0.1327, g_loss 0.0130, disc_weight 0.4000, disc_adaptive_weight 7.1420, d_loss 0.4005, logits_real -0.0147, logits_fake -0.0133,
Train Epoch: [20/30] Iters:[650/1093] gen_loss 0.2428, rec_loss 0.0112, lpips_loss 0.1332, g_loss 0.0132, disc_weight 0.4000, disc_adaptive_weight 7.4417, d_loss 0.4005, logits_real -0.0147, logits_fake -0.0136,
Train Epoch: [20/30] Iters:[660/1093] gen_loss 0.2423, rec_loss 0.0112, lpips_loss 0.1333, g_loss 0.0135, disc_weight 0.4000, disc_adaptive_weight 7.2660, d_loss 0.4005, logits_real -0.0150, logits_fake -0.0138,
Train Epoch: [20/30] Iters:[670/1093] gen_loss 0.2418, rec_loss 0.0113, lpips_loss 0.1341, g_loss 0.0135, disc_weight 0.4000, disc_adaptive_weight 7.1209, d_loss 0.4006, logits_real -0.0153, logits_fake -0.0138,
Train Epoch: [20/30] Iters:[680/1093] gen_loss 0.2471, rec_loss 0.0113, lpips_loss 0.1337, g_loss 0.0134, disc_weight 0.4000, disc_adaptive_weight 7.6080, d_loss 0.4006, logits_real -0.0150, logits_fake -0.0136,
Train Epoch: [20/30] Iters:[690/1093] gen_loss 0.2408, rec_loss 0.0113, lpips_loss 0.1341, g_loss 0.0128, disc_weight 0.4000, disc_adaptive_weight 7.3947, d_loss 0.4005, logits_real -0.0143, logits_fake -0.0130,
Train Epoch: [20/30] Iters:[700/1093] gen_loss 0.2358, rec_loss 0.0112, lpips_loss 0.1341, g_loss 0.0122, disc_weight 0.4000, disc_adaptive_weight 7.3736, d_loss 0.4005, logits_real -0.0138, logits_fake -0.0125,
Train Epoch: [20/30] Iters:[710/1093] gen_loss 0.2308, rec_loss 0.0113, lpips_loss 0.1344, g_loss 0.0117, disc_weight 0.4000, disc_adaptive_weight 7.2006, d_loss 0.4006, logits_real -0.0134, logits_fake -0.0119,
Train Epoch: [20/30] Iters:[720/1093] gen_loss 0.2302, rec_loss 0.0112, lpips_loss 0.1337, g_loss 0.0115, disc_weight 0.4000, disc_adaptive_weight 7.3211, d_loss 0.4005, logits_real -0.0127, logits_fake -0.0115,
Train Epoch: [20/30] Iters:[730/1093] gen_loss 0.2258, rec_loss 0.0111, lpips_loss 0.1337, g_loss 0.0115, disc_weight 0.4000, disc_adaptive_weight 7.0440, d_loss 0.4005, logits_real -0.0126, logits_fake -0.0115,
Train Epoch: [20/30] Iters:[740/1093] gen_loss 0.2271, rec_loss 0.0111, lpips_loss 0.1338, g_loss 0.0117, disc_weight 0.4000, disc_adaptive_weight 7.0274, d_loss 0.4005, logits_real -0.0129, logits_fake -0.0118,
Train Epoch: [20/30] Iters:[750/1093] gen_loss 0.2284, rec_loss 0.0112, lpips_loss 0.1337, g_loss 0.0121, disc_weight 0.4000, disc_adaptive_weight 6.9018, d_loss 0.4006, logits_real -0.0136, logits_fake -0.0122,
Train Epoch: [20/30] Iters:[760/1093] gen_loss 0.2279, rec_loss 0.0112, lpips_loss 0.1338, g_loss 0.0121, disc_weight 0.4000, disc_adaptive_weight 6.8490, d_loss 0.4005, logits_real -0.0136, logits_fake -0.0123,
Train Epoch: [20/30] Iters:[770/1093] gen_loss 0.2257, rec_loss 0.0112, lpips_loss 0.1339, g_loss 0.0119, disc_weight 0.4000, disc_adaptive_weight 6.7547, d_loss 0.4006, logits_real -0.0137, logits_fake -0.0123,
Train Epoch: [20/30] Iters:[780/1093] gen_loss 0.2245, rec_loss 0.0112, lpips_loss 0.1339, g_loss 0.0116, disc_weight 0.4000, disc_adaptive_weight 6.7483, d_loss 0.4006, logits_real -0.0136, logits_fake -0.0120,
Train Epoch: [20/30] Iters:[790/1093] gen_loss 0.2230, rec_loss 0.0113, lpips_loss 0.1335, g_loss 0.0115, disc_weight 0.4000, disc_adaptive_weight 6.7742, d_loss 0.4007, logits_real -0.0134, logits_fake -0.0115,
Train Epoch: [20/30] Iters:[800/1093] gen_loss 0.2222, rec_loss 0.0112, lpips_loss 0.1336, g_loss 0.0112, disc_weight 0.4000, disc_adaptive_weight 6.8676, d_loss 0.4006, logits_real -0.0126, logits_fake -0.0110,
Train Epoch: [20/30] Iters:[810/1093] gen_loss 0.2204, rec_loss 0.0111, lpips_loss 0.1334, g_loss 0.0111, disc_weight 0.4000, disc_adaptive_weight 6.7835, d_loss 0.4006, logits_real -0.0125, logits_fake -0.0109,
Train Epoch: [20/30] Iters:[820/1093] gen_loss 0.2175, rec_loss 0.0111, lpips_loss 0.1335, g_loss 0.0113, disc_weight 0.4000, disc_adaptive_weight 6.4704, d_loss 0.4006, logits_real -0.0124, logits_fake -0.0108,
Train Epoch: [20/30] Iters:[830/1093] gen_loss 0.2160, rec_loss 0.0111, lpips_loss 0.1333, g_loss 0.0112, disc_weight 0.4000, disc_adaptive_weight 6.4322, d_loss 0.4006, logits_real -0.0124, logits_fake -0.0109,
Train Epoch: [20/30] Iters:[840/1093] gen_loss 0.2151, rec_loss 0.0111, lpips_loss 0.1335, g_loss 0.0112, disc_weight 0.4000, disc_adaptive_weight 6.3367, d_loss 0.4005, logits_real -0.0124, logits_fake -0.0112,
Train Epoch: [20/30] Iters:[850/1093] gen_loss 0.2222, rec_loss 0.0111, lpips_loss 0.1336, g_loss 0.0116, disc_weight 0.4000, disc_adaptive_weight 6.5825, d_loss 0.4005, logits_real -0.0130, logits_fake -0.0117,
Train Epoch: [20/30] Iters:[860/1093] gen_loss 0.2240, rec_loss 0.0111, lpips_loss 0.1333, g_loss 0.0121, disc_weight 0.4000, disc_adaptive_weight 6.5270, d_loss 0.4005, logits_real -0.0136, logits_fake -0.0122,
Train Epoch: [20/30] Iters:[870/1093] gen_loss 0.2290, rec_loss 0.0111, lpips_loss 0.1328, g_loss 0.0122, disc_weight 0.4000, disc_adaptive_weight 6.9229, d_loss 0.4006, logits_real -0.0137, logits_fake -0.0122,
Train Epoch: [20/30] Iters:[880/1093] gen_loss 0.2270, rec_loss 0.0111, lpips_loss 0.1328, g_loss 0.0120, disc_weight 0.4000, disc_adaptive_weight 6.8346, d_loss 0.4006, logits_real -0.0135, logits_fake -0.0120,
Train Epoch: [20/30] Iters:[890/1093] gen_loss 0.2255, rec_loss 0.0111, lpips_loss 0.1329, g_loss 0.0120, disc_weight 0.4000, disc_adaptive_weight 6.6915, d_loss 0.4006, logits_real -0.0135, logits_fake -0.0117,
Train Epoch: [20/30] Iters:[900/1093] gen_loss 0.2164, rec_loss 0.0111, lpips_loss 0.1326, g_loss 0.0118, disc_weight 0.4000, disc_adaptive_weight 6.1591, d_loss 0.4006, logits_real -0.0133, logits_fake -0.0115,
Train Epoch: [20/30] Iters:[910/1093] gen_loss 0.2179, rec_loss 0.0111, lpips_loss 0.1332, g_loss 0.0113, disc_weight 0.4000, disc_adaptive_weight 6.4719, d_loss 0.4006, logits_real -0.0126, logits_fake -0.0109,
Train Epoch: [20/30] Iters:[920/1093] gen_loss 0.2191, rec_loss 0.0112, lpips_loss 0.1338, g_loss 0.0109, disc_weight 0.4000, disc_adaptive_weight 6.8130, d_loss 0.4006, logits_real -0.0125, logits_fake -0.0108,
Train Epoch: [20/30] Iters:[930/1093] gen_loss 0.2219, rec_loss 0.0113, lpips_loss 0.1341, g_loss 0.0111, disc_weight 0.4000, disc_adaptive_weight 6.9518, d_loss 0.4006, logits_real -0.0126, logits_fake -0.0110,
Train Epoch: [20/30] Iters:[940/1093] gen_loss 0.2220, rec_loss 0.0112, lpips_loss 0.1337, g_loss 0.0112, disc_weight 0.4000, disc_adaptive_weight 6.9157, d_loss 0.4006, logits_real -0.0128, logits_fake -0.0112,
Train Epoch: [20/30] Iters:[950/1093] gen_loss 0.2238, rec_loss 0.0112, lpips_loss 0.1342, g_loss 0.0111, disc_weight 0.4000, disc_adaptive_weight 7.1054, d_loss 0.4006, logits_real -0.0128, logits_fake -0.0111,
Train Epoch: [20/30] Iters:[960/1093] gen_loss 0.2216, rec_loss 0.0110, lpips_loss 0.1333, g_loss 0.0113, disc_weight 0.4000, disc_adaptive_weight 6.8895, d_loss 0.4006, logits_real -0.0131, logits_fake -0.0115,
Train Epoch: [20/30] Iters:[970/1093] gen_loss 0.2269, rec_loss 0.0110, lpips_loss 0.1333, g_loss 0.0117, disc_weight 0.4000, disc_adaptive_weight 7.0230, d_loss 0.4006, logits_real -0.0135, logits_fake -0.0118,
Train Epoch: [20/30] Iters:[980/1093] gen_loss 0.2330, rec_loss 0.0110, lpips_loss 0.1335, g_loss 0.0121, disc_weight 0.4000, disc_adaptive_weight 7.2198, d_loss 0.4006, logits_real -0.0137, logits_fake -0.0121,
Train Epoch: [20/30] Iters:[990/1093] gen_loss 0.2364, rec_loss 0.0111, lpips_loss 0.1335, g_loss 0.0124, disc_weight 0.4000, disc_adaptive_weight 7.3524, d_loss 0.4006, logits_real -0.0141, logits_fake -0.0124,
Train Epoch: [20/30] Iters:[1000/1093] gen_loss 0.2371, rec_loss 0.0110, lpips_loss 0.1329, g_loss 0.0130, disc_weight 0.4000, disc_adaptive_weight 7.1873, d_loss 0.4006, logits_real -0.0144, logits_fake -0.0128,
Train Epoch: [20/30] Iters:[1010/1093] gen_loss 0.2429, rec_loss 0.0112, lpips_loss 0.1335, g_loss 0.0134, disc_weight 0.4000, disc_adaptive_weight 7.3692, d_loss 0.4006, logits_real -0.0148, logits_fake -0.0131,
Train Epoch: [20/30] Iters:[1020/1093] gen_loss 0.2433, rec_loss 0.0112, lpips_loss 0.1341, g_loss 0.0137, disc_weight 0.4000, disc_adaptive_weight 7.1209, d_loss 0.4006, logits_real -0.0151, logits_fake -0.0136,
Train Epoch: [20/30] Iters:[1030/1093] gen_loss 0.2417, rec_loss 0.0112, lpips_loss 0.1341, g_loss 0.0139, disc_weight 0.4000, disc_adaptive_weight 6.9287, d_loss 0.4005, logits_real -0.0153, logits_fake -0.0138,
Train Epoch: [20/30] Iters:[1040/1093] gen_loss 0.2462, rec_loss 0.0113, lpips_loss 0.1346, g_loss 0.0141, disc_weight 0.4000, disc_adaptive_weight 7.0932, d_loss 0.4005, logits_real -0.0155, logits_fake -0.0140,
Train Epoch: [20/30] Iters:[1050/1093] gen_loss 0.2509, rec_loss 0.0114, lpips_loss 0.1349, g_loss 0.0141, disc_weight 0.4000, disc_adaptive_weight 7.3754, d_loss 0.4006, logits_real -0.0157, logits_fake -0.0141,
Train Epoch: [20/30] Iters:[1060/1093] gen_loss 0.2497, rec_loss 0.0114, lpips_loss 0.1347, g_loss 0.0140, disc_weight 0.4000, disc_adaptive_weight 7.3793, d_loss 0.4006, logits_real -0.0156, logits_fake -0.0139,
Train Epoch: [20/30] Iters:[1070/1093] gen_loss 0.2476, rec_loss 0.0114, lpips_loss 0.1343, g_loss 0.0140, disc_weight 0.4000, disc_adaptive_weight 7.2833, d_loss 0.4006, logits_real -0.0155, logits_fake -0.0138,
Train Epoch: [20/30] Iters:[1080/1093] gen_loss 0.2509, rec_loss 0.0114, lpips_loss 0.1341, g_loss 0.0143, disc_weight 0.4000, disc_adaptive_weight 7.3520, d_loss 0.4006, logits_real -0.0158, logits_fake -0.0142,
Train Epoch: [20/30] Iters:[1090/1093] gen_loss 0.2567, rec_loss 0.0115, lpips_loss 0.1338, g_loss 0.0144, disc_weight 0.4000, disc_adaptive_weight 7.7168, d_loss 0.4006, logits_real -0.0159, logits_fake -0.0143,
Loading pretrained model LPIPS from /home/sunset/.cache/torch/hub/pyiqa/LPIPS_v0.1_alex-df73285e.pth
epoch:21, cur_lr:0.000010
Train Epoch: [21/30] Iters:[10/1093] gen_loss 0.2443, rec_loss 0.0114, lpips_loss 0.1325, g_loss 0.0142, disc_weight 0.4000, disc_adaptive_weight 7.0675, d_loss 0.4004, logits_real -0.0155, logits_fake -0.0146,
Train Epoch: [21/30] Iters:[20/1093] gen_loss 0.2317, rec_loss 0.0111, lpips_loss 0.1325, g_loss 0.0135, disc_weight 0.4000, disc_adaptive_weight 6.5036, d_loss 0.4004, logits_real -0.0150, logits_fake -0.0141,
Train Epoch: [21/30] Iters:[30/1093] gen_loss 0.2274, rec_loss 0.0111, lpips_loss 0.1329, g_loss 0.0131, disc_weight 0.4000, disc_adaptive_weight 6.3504, d_loss 0.4005, logits_real -0.0144, logits_fake -0.0135,
Train Epoch: [21/30] Iters:[40/1093] gen_loss 0.2289, rec_loss 0.0112, lpips_loss 0.1332, g_loss 0.0131, disc_weight 0.4000, disc_adaptive_weight 6.4079, d_loss 0.4005, logits_real -0.0145, logits_fake -0.0132,
Train Epoch: [21/30] Iters:[50/1093] gen_loss 0.2291, rec_loss 0.0111, lpips_loss 0.1332, g_loss 0.0134, disc_weight 0.4000, disc_adaptive_weight 6.3210, d_loss 0.4006, logits_real -0.0147, logits_fake -0.0133,
Train Epoch: [21/30] Iters:[60/1093] gen_loss 0.2318, rec_loss 0.0112, lpips_loss 0.1332, g_loss 0.0133, disc_weight 0.4000, disc_adaptive_weight 6.5567, d_loss 0.4006, logits_real -0.0146, logits_fake -0.0131,
Train Epoch: [21/30] Iters:[70/1093] gen_loss 0.2393, rec_loss 0.0113, lpips_loss 0.1335, g_loss 0.0135, disc_weight 0.4000, disc_adaptive_weight 6.9699, d_loss 0.4006, logits_real -0.0149, logits_fake -0.0131,
Train Epoch: [21/30] Iters:[80/1093] gen_loss 0.2421, rec_loss 0.0113, lpips_loss 0.1335, g_loss 0.0139, disc_weight 0.4000, disc_adaptive_weight 6.9987, d_loss 0.4006, logits_real -0.0152, logits_fake -0.0134,
Train Epoch: [21/30] Iters:[90/1093] gen_loss 0.2459, rec_loss 0.0113, lpips_loss 0.1332, g_loss 0.0141, disc_weight 0.4000, disc_adaptive_weight 7.1905, d_loss 0.4006, logits_real -0.0156, logits_fake -0.0137,
Train Epoch: [21/30] Iters:[100/1093] gen_loss 0.2494, rec_loss 0.0114, lpips_loss 0.1332, g_loss 0.0142, disc_weight 0.4000, disc_adaptive_weight 7.3646, d_loss 0.4006, logits_real -0.0158, logits_fake -0.0139,
Train Epoch: [21/30] Iters:[110/1093] gen_loss 0.2468, rec_loss 0.0113, lpips_loss 0.1332, g_loss 0.0145, disc_weight 0.4000, disc_adaptive_weight 7.0943, d_loss 0.4006, logits_real -0.0159, logits_fake -0.0141,
Train Epoch: [21/30] Iters:[120/1093] gen_loss 0.2431, rec_loss 0.0113, lpips_loss 0.1329, g_loss 0.0145, disc_weight 0.4000, disc_adaptive_weight 6.8239, d_loss 0.4006, logits_real -0.0159, logits_fake -0.0143,
Train Epoch: [21/30] Iters:[130/1093] gen_loss 0.2425, rec_loss 0.0113, lpips_loss 0.1327, g_loss 0.0145, disc_weight 0.4000, disc_adaptive_weight 6.7840, d_loss 0.4006, logits_real -0.0161, logits_fake -0.0144,
Train Epoch: [21/30] Iters:[140/1093] gen_loss 0.2437, rec_loss 0.0113, lpips_loss 0.1329, g_loss 0.0146, disc_weight 0.4000, disc_adaptive_weight 6.8082, d_loss 0.4005, logits_real -0.0160, logits_fake -0.0145,
Train Epoch: [21/30] Iters:[150/1093] gen_loss 0.2433, rec_loss 0.0112, lpips_loss 0.1330, g_loss 0.0146, disc_weight 0.4000, disc_adaptive_weight 6.8182, d_loss 0.4005, logits_real -0.0159, logits_fake -0.0146,
Train Epoch: [21/30] Iters:[160/1093] gen_loss 0.2397, rec_loss 0.0110, lpips_loss 0.1327, g_loss 0.0145, disc_weight 0.4000, disc_adaptive_weight 6.6330, d_loss 0.4005, logits_real -0.0159, logits_fake -0.0145,
Train Epoch: [21/30] Iters:[170/1093] gen_loss 0.2427, rec_loss 0.0110, lpips_loss 0.1328, g_loss 0.0145, disc_weight 0.4000, disc_adaptive_weight 6.8347, d_loss 0.4005, logits_real -0.0159, logits_fake -0.0145,
Train Epoch: [21/30] Iters:[180/1093] gen_loss 0.2422, rec_loss 0.0110, lpips_loss 0.1329, g_loss 0.0145, disc_weight 0.4000, disc_adaptive_weight 6.8029, d_loss 0.4005, logits_real -0.0158, logits_fake -0.0145,
Train Epoch: [21/30] Iters:[190/1093] gen_loss 0.2377, rec_loss 0.0108, lpips_loss 0.1326, g_loss 0.0141, disc_weight 0.4000, disc_adaptive_weight 6.7111, d_loss 0.4005, logits_real -0.0156, logits_fake -0.0141,
Train Epoch: [21/30] Iters:[200/1093] gen_loss 0.2356, rec_loss 0.0109, lpips_loss 0.1325, g_loss 0.0135, disc_weight 0.4000, disc_adaptive_weight 6.8690, d_loss 0.4006, logits_real -0.0152, logits_fake -0.0136,
Train Epoch: [21/30] Iters:[210/1093] gen_loss 0.2362, rec_loss 0.0111, lpips_loss 0.1334, g_loss 0.0131, disc_weight 0.4000, disc_adaptive_weight 7.0111, d_loss 0.4006, logits_real -0.0149, logits_fake -0.0132,
Train Epoch: [21/30] Iters:[220/1093] gen_loss 0.2308, rec_loss 0.0111, lpips_loss 0.1332, g_loss 0.0127, disc_weight 0.4000, disc_adaptive_weight 6.8146, d_loss 0.4006, logits_real -0.0146, logits_fake -0.0128,
Train Epoch: [21/30] Iters:[230/1093] gen_loss 0.2356, rec_loss 0.0111, lpips_loss 0.1334, g_loss 0.0125, disc_weight 0.4000, disc_adaptive_weight 7.2823, d_loss 0.4006, logits_real -0.0143, logits_fake -0.0125,
Train Epoch: [21/30] Iters:[240/1093] gen_loss 0.2422, rec_loss 0.0112, lpips_loss 0.1338, g_loss 0.0127, disc_weight 0.4000, disc_adaptive_weight 7.6113, d_loss 0.4006, logits_real -0.0144, logits_fake -0.0127,
Train Epoch: [21/30] Iters:[250/1093] gen_loss 0.2416, rec_loss 0.0113, lpips_loss 0.1343, g_loss 0.0133, disc_weight 0.4000, disc_adaptive_weight 7.2225, d_loss 0.4006, logits_real -0.0148, logits_fake -0.0132,
Train Epoch: [21/30] Iters:[260/1093] gen_loss 0.2415, rec_loss 0.0112, lpips_loss 0.1338, g_loss 0.0138, disc_weight 0.4000, disc_adaptive_weight 7.0381, d_loss 0.4005, logits_real -0.0152, logits_fake -0.0137,
Train Epoch: [21/30] Iters:[270/1093] gen_loss 0.2507, rec_loss 0.0113, lpips_loss 0.1343, g_loss 0.0142, disc_weight 0.4000, disc_adaptive_weight 7.4299, d_loss 0.4005, logits_real -0.0156, logits_fake -0.0142,
Train Epoch: [21/30] Iters:[280/1093] gen_loss 0.2463, rec_loss 0.0113, lpips_loss 0.1340, g_loss 0.0145, disc_weight 0.4000, disc_adaptive_weight 6.9707, d_loss 0.4005, logits_real -0.0159, logits_fake -0.0145,
Train Epoch: [21/30] Iters:[290/1093] gen_loss 0.2402, rec_loss 0.0113, lpips_loss 0.1331, g_loss 0.0147, disc_weight 0.4000, disc_adaptive_weight 6.5256, d_loss 0.4005, logits_real -0.0159, logits_fake -0.0145,
Train Epoch: [21/30] Iters:[300/1093] gen_loss 0.2410, rec_loss 0.0112, lpips_loss 0.1327, g_loss 0.0145, disc_weight 0.4000, disc_adaptive_weight 6.6889, d_loss 0.4005, logits_real -0.0158, logits_fake -0.0144,
Train Epoch: [21/30] Iters:[310/1093] gen_loss 0.2442, rec_loss 0.0112, lpips_loss 0.1325, g_loss 0.0145, disc_weight 0.4000, disc_adaptive_weight 6.9521, d_loss 0.4005, logits_real -0.0160, logits_fake -0.0145,
Train Epoch: [21/30] Iters:[320/1093] gen_loss 0.2371, rec_loss 0.0112, lpips_loss 0.1325, g_loss 0.0145, disc_weight 0.4000, disc_adaptive_weight 6.4699, d_loss 0.4005, logits_real -0.0160, logits_fake -0.0146,
Train Epoch: [21/30] Iters:[330/1093] gen_loss 0.2425, rec_loss 0.0111, lpips_loss 0.1322, g_loss 0.0144, disc_weight 0.4000, disc_adaptive_weight 6.9096, d_loss 0.4005, logits_real -0.0159, logits_fake -0.0145,
Train Epoch: [21/30] Iters:[340/1093] gen_loss 0.2432, rec_loss 0.0112, lpips_loss 0.1331, g_loss 0.0143, disc_weight 0.4000, disc_adaptive_weight 6.9375, d_loss 0.4005, logits_real -0.0159, logits_fake -0.0145,
Train Epoch: [21/30] Iters:[350/1093] gen_loss 0.2499, rec_loss 0.0112, lpips_loss 0.1330, g_loss 0.0143, disc_weight 0.4000, disc_adaptive_weight 7.3882, d_loss 0.4005, logits_real -0.0160, logits_fake -0.0145,
Train Epoch: [21/30] Iters:[360/1093] gen_loss 0.2509, rec_loss 0.0113, lpips_loss 0.1336, g_loss 0.0143, disc_weight 0.4000, disc_adaptive_weight 7.4411, d_loss 0.4006, logits_real -0.0158, logits_fake -0.0143,
Train Epoch: [21/30] Iters:[370/1093] gen_loss 0.2548, rec_loss 0.0113, lpips_loss 0.1336, g_loss 0.0140, disc_weight 0.4000, disc_adaptive_weight 7.8611, d_loss 0.4006, logits_real -0.0156, logits_fake -0.0139,
Train Epoch: [21/30] Iters:[380/1093] gen_loss 0.2498, rec_loss 0.0114, lpips_loss 0.1340, g_loss 0.0138, disc_weight 0.4000, disc_adaptive_weight 7.5793, d_loss 0.4006, logits_real -0.0156, logits_fake -0.0138,
Train Epoch: [21/30] Iters:[390/1093] gen_loss 0.2516, rec_loss 0.0114, lpips_loss 0.1340, g_loss 0.0139, disc_weight 0.4000, disc_adaptive_weight 7.6646, d_loss 0.4006, logits_real -0.0155, logits_fake -0.0139,
Train Epoch: [21/30] Iters:[400/1093] gen_loss 0.2465, rec_loss 0.0114, lpips_loss 0.1348, g_loss 0.0138, disc_weight 0.4000, disc_adaptive_weight 7.3131, d_loss 0.4006, logits_real -0.0154, logits_fake -0.0138,
Train Epoch: [21/30] Iters:[410/1093] gen_loss 0.2427, rec_loss 0.0113, lpips_loss 0.1339, g_loss 0.0138, disc_weight 0.4000, disc_adaptive_weight 7.1015, d_loss 0.4005, logits_real -0.0153, logits_fake -0.0139,
Train Epoch: [21/30] Iters:[420/1093] gen_loss 0.2405, rec_loss 0.0112, lpips_loss 0.1339, g_loss 0.0141, disc_weight 0.4000, disc_adaptive_weight 6.7632, d_loss 0.4005, logits_real -0.0156, logits_fake -0.0142,
Train Epoch: [21/30] Iters:[430/1093] gen_loss 0.2407, rec_loss 0.0113, lpips_loss 0.1344, g_loss 0.0144, disc_weight 0.4000, disc_adaptive_weight 6.6188, d_loss 0.4005, logits_real -0.0158, logits_fake -0.0143,
Train Epoch: [21/30] Iters:[440/1093] gen_loss 0.2367, rec_loss 0.0112, lpips_loss 0.1341, g_loss 0.0141, disc_weight 0.4000, disc_adaptive_weight 6.4511, d_loss 0.4005, logits_real -0.0156, logits_fake -0.0141,
Train Epoch: [21/30] Iters:[450/1093] gen_loss 0.2307, rec_loss 0.0112, lpips_loss 0.1336, g_loss 0.0137, disc_weight 0.4000, disc_adaptive_weight 6.2305, d_loss 0.4006, logits_real -0.0153, logits_fake -0.0137,
Train Epoch: [21/30] Iters:[460/1093] gen_loss 0.2293, rec_loss 0.0113, lpips_loss 0.1342, g_loss 0.0132, disc_weight 0.4000, disc_adaptive_weight 6.3550, d_loss 0.4006, logits_real -0.0149, logits_fake -0.0131,
Train Epoch: [21/30] Iters:[470/1093] gen_loss 0.2230, rec_loss 0.0113, lpips_loss 0.1343, g_loss 0.0126, disc_weight 0.4000, disc_adaptive_weight 6.1319, d_loss 0.4006, logits_real -0.0144, logits_fake -0.0126,
Train Epoch: [21/30] Iters:[480/1093] gen_loss 0.2203, rec_loss 0.0113, lpips_loss 0.1344, g_loss 0.0122, disc_weight 0.4000, disc_adaptive_weight 6.1149, d_loss 0.4006, logits_real -0.0140, logits_fake -0.0123,
Train Epoch: [21/30] Iters:[490/1093] gen_loss 0.2187, rec_loss 0.0113, lpips_loss 0.1343, g_loss 0.0119, disc_weight 0.4000, disc_adaptive_weight 6.1682, d_loss 0.4006, logits_real -0.0136, logits_fake -0.0119,
Train Epoch: [21/30] Iters:[500/1093] gen_loss 0.2187, rec_loss 0.0112, lpips_loss 0.1340, g_loss 0.0119, disc_weight 0.4000, disc_adaptive_weight 6.2069, d_loss 0.4005, logits_real -0.0134, logits_fake -0.0119,
Train Epoch: [21/30] Iters:[510/1093] gen_loss 0.2198, rec_loss 0.0112, lpips_loss 0.1341, g_loss 0.0122, disc_weight 0.4000, disc_adaptive_weight 6.0873, d_loss 0.4006, logits_real -0.0138, logits_fake -0.0122,
Train Epoch: [21/30] Iters:[520/1093] gen_loss 0.2261, rec_loss 0.0112, lpips_loss 0.1336, g_loss 0.0127, disc_weight 0.4000, disc_adaptive_weight 6.3920, d_loss 0.4006, logits_real -0.0143, logits_fake -0.0126,
Train Epoch: [21/30] Iters:[530/1093] gen_loss 0.2302, rec_loss 0.0111, lpips_loss 0.1331, g_loss 0.0130, disc_weight 0.4000, disc_adaptive_weight 6.6186, d_loss 0.4006, logits_real -0.0146, logits_fake -0.0128,
Train Epoch: [21/30] Iters:[540/1093] gen_loss 0.2298, rec_loss 0.0110, lpips_loss 0.1329, g_loss 0.0131, disc_weight 0.4000, disc_adaptive_weight 6.5303, d_loss 0.4006, logits_real -0.0147, logits_fake -0.0129,
Train Epoch: [21/30] Iters:[550/1093] gen_loss 0.2320, rec_loss 0.0111, lpips_loss 0.1330, g_loss 0.0132, disc_weight 0.4000, disc_adaptive_weight 6.6530, d_loss 0.4007, logits_real -0.0149, logits_fake -0.0129,
Train Epoch: [21/30] Iters:[560/1093] gen_loss 0.2298, rec_loss 0.0110, lpips_loss 0.1324, g_loss 0.0131, disc_weight 0.4000, disc_adaptive_weight 6.5769, d_loss 0.4006, logits_real -0.0147, logits_fake -0.0130,
Train Epoch: [21/30] Iters:[570/1093] gen_loss 0.2317, rec_loss 0.0110, lpips_loss 0.1326, g_loss 0.0131, disc_weight 0.4000, disc_adaptive_weight 6.6692, d_loss 0.4006, logits_real -0.0146, logits_fake -0.0129,
Train Epoch: [21/30] Iters:[580/1093] gen_loss 0.2336, rec_loss 0.0111, lpips_loss 0.1328, g_loss 0.0133, disc_weight 0.4000, disc_adaptive_weight 6.6971, d_loss 0.4006, logits_real -0.0147, logits_fake -0.0131,
Train Epoch: [21/30] Iters:[590/1093] gen_loss 0.2385, rec_loss 0.0112, lpips_loss 0.1329, g_loss 0.0136, disc_weight 0.4000, disc_adaptive_weight 6.9030, d_loss 0.4006, logits_real -0.0151, logits_fake -0.0134,
Train Epoch: [21/30] Iters:[600/1093] gen_loss 0.2440, rec_loss 0.0112, lpips_loss 0.1334, g_loss 0.0140, disc_weight 0.4000, disc_adaptive_weight 7.0581, d_loss 0.4006, logits_real -0.0155, logits_fake -0.0139,
Train Epoch: [21/30] Iters:[610/1093] gen_loss 0.2475, rec_loss 0.0114, lpips_loss 0.1338, g_loss 0.0143, disc_weight 0.4000, disc_adaptive_weight 7.1289, d_loss 0.4006, logits_real -0.0159, logits_fake -0.0142,
Train Epoch: [21/30] Iters:[620/1093] gen_loss 0.2451, rec_loss 0.0113, lpips_loss 0.1343, g_loss 0.0142, disc_weight 0.4000, disc_adaptive_weight 6.9898, d_loss 0.4006, logits_real -0.0160, logits_fake -0.0142,
Train Epoch: [21/30] Iters:[630/1093] gen_loss 0.2419, rec_loss 0.0113, lpips_loss 0.1340, g_loss 0.0141, disc_weight 0.4000, disc_adaptive_weight 6.8778, d_loss 0.4006, logits_real -0.0159, logits_fake -0.0142,
Train Epoch: [21/30] Iters:[640/1093] gen_loss 0.2409, rec_loss 0.0113, lpips_loss 0.1345, g_loss 0.0141, disc_weight 0.4000, disc_adaptive_weight 6.7105, d_loss 0.4006, logits_real -0.0159, logits_fake -0.0142,
Train Epoch: [21/30] Iters:[650/1093] gen_loss 0.2402, rec_loss 0.0113, lpips_loss 0.1347, g_loss 0.0141, disc_weight 0.4000, disc_adaptive_weight 6.6422, d_loss 0.4006, logits_real -0.0158, logits_fake -0.0141,
Train Epoch: [21/30] Iters:[660/1093] gen_loss 0.2429, rec_loss 0.0112, lpips_loss 0.1345, g_loss 0.0140, disc_weight 0.4000, disc_adaptive_weight 6.9019, d_loss 0.4006, logits_real -0.0156, logits_fake -0.0140,
Train Epoch: [21/30] Iters:[670/1093] gen_loss 0.2423, rec_loss 0.0113, lpips_loss 0.1341, g_loss 0.0141, disc_weight 0.4000, disc_adaptive_weight 6.8522, d_loss 0.4006, logits_real -0.0156, logits_fake -0.0140,
Train Epoch: [21/30] Iters:[680/1093] gen_loss 0.2468, rec_loss 0.0112, lpips_loss 0.1342, g_loss 0.0144, disc_weight 0.4000, disc_adaptive_weight 6.9949, d_loss 0.4005, logits_real -0.0157, logits_fake -0.0143,
Train Epoch: [21/30] Iters:[690/1093] gen_loss 0.2527, rec_loss 0.0112, lpips_loss 0.1342, g_loss 0.0147, disc_weight 0.4000, disc_adaptive_weight 7.2983, d_loss 0.4005, logits_real -0.0160, logits_fake -0.0145,
Train Epoch: [21/30] Iters:[700/1093] gen_loss 0.2593, rec_loss 0.0112, lpips_loss 0.1337, g_loss 0.0149, disc_weight 0.4000, disc_adaptive_weight 7.6652, d_loss 0.4005, logits_real -0.0163, logits_fake -0.0147,
Train Epoch: [21/30] Iters:[710/1093] gen_loss 0.2578, rec_loss 0.0115, lpips_loss 0.1347, g_loss 0.0148, disc_weight 0.4000, disc_adaptive_weight 7.5222, d_loss 0.4006, logits_real -0.0162, logits_fake -0.0147,
Train Epoch: [21/30] Iters:[720/1093] gen_loss 0.2545, rec_loss 0.0115, lpips_loss 0.1344, g_loss 0.0145, disc_weight 0.4000, disc_adaptive_weight 7.4419, d_loss 0.4006, logits_real -0.0161, logits_fake -0.0145,
Train Epoch: [21/30] Iters:[730/1093] gen_loss 0.2478, rec_loss 0.0115, lpips_loss 0.1343, g_loss 0.0140, disc_weight 0.4000, disc_adaptive_weight 7.2013, d_loss 0.4006, logits_real -0.0157, logits_fake -0.0139,
Train Epoch: [21/30] Iters:[740/1093] gen_loss 0.2416, rec_loss 0.0114, lpips_loss 0.1337, g_loss 0.0135, disc_weight 0.4000, disc_adaptive_weight 7.1074, d_loss 0.4006, logits_real -0.0151, logits_fake -0.0134,
Train Epoch: [21/30] Iters:[750/1093] gen_loss 0.2328, rec_loss 0.0114, lpips_loss 0.1336, g_loss 0.0131, disc_weight 0.4000, disc_adaptive_weight 6.7062, d_loss 0.4006, logits_real -0.0148, logits_fake -0.0131,
Train Epoch: [21/30] Iters:[760/1093] gen_loss 0.2297, rec_loss 0.0112, lpips_loss 0.1326, g_loss 0.0129, disc_weight 0.4000, disc_adaptive_weight 6.6533, d_loss 0.4005, logits_real -0.0145, logits_fake -0.0130,
Train Epoch: [21/30] Iters:[770/1093] gen_loss 0.2342, rec_loss 0.0112, lpips_loss 0.1330, g_loss 0.0130, disc_weight 0.4000, disc_adaptive_weight 6.9567, d_loss 0.4005, logits_real -0.0143, logits_fake -0.0130,
Train Epoch: [21/30] Iters:[780/1093] gen_loss 0.2363, rec_loss 0.0113, lpips_loss 0.1333, g_loss 0.0130, disc_weight 0.4000, disc_adaptive_weight 7.0506, d_loss 0.4005, logits_real -0.0144, logits_fake -0.0130,
Train Epoch: [21/30] Iters:[790/1093] gen_loss 0.2370, rec_loss 0.0113, lpips_loss 0.1334, g_loss 0.0130, disc_weight 0.4000, disc_adaptive_weight 7.1064, d_loss 0.4005, logits_real -0.0144, logits_fake -0.0130,
Train Epoch: [21/30] Iters:[800/1093] gen_loss 0.2320, rec_loss 0.0112, lpips_loss 0.1332, g_loss 0.0128, disc_weight 0.4000, disc_adaptive_weight 6.8419, d_loss 0.4005, logits_real -0.0142, logits_fake -0.0128,
Train Epoch: [21/30] Iters:[810/1093] gen_loss 0.2317, rec_loss 0.0110, lpips_loss 0.1329, g_loss 0.0126, disc_weight 0.4000, disc_adaptive_weight 6.9311, d_loss 0.4006, logits_real -0.0141, logits_fake -0.0125,
Train Epoch: [21/30] Iters:[820/1093] gen_loss 0.2272, rec_loss 0.0111, lpips_loss 0.1329, g_loss 0.0124, disc_weight 0.4000, disc_adaptive_weight 6.7233, d_loss 0.4006, logits_real -0.0140, logits_fake -0.0123,
Train Epoch: [21/30] Iters:[830/1093] gen_loss 0.2212, rec_loss 0.0110, lpips_loss 0.1325, g_loss 0.0118, disc_weight 0.4000, disc_adaptive_weight 6.5666, d_loss 0.4006, logits_real -0.0135, logits_fake -0.0118,
Train Epoch: [21/30] Iters:[840/1093] gen_loss 0.2183, rec_loss 0.0110, lpips_loss 0.1324, g_loss 0.0115, disc_weight 0.4000, disc_adaptive_weight 6.5034, d_loss 0.4006, logits_real -0.0131, logits_fake -0.0114,
Train Epoch: [21/30] Iters:[850/1093] gen_loss 0.2230, rec_loss 0.0111, lpips_loss 0.1329, g_loss 0.0115, disc_weight 0.4000, disc_adaptive_weight 6.8669, d_loss 0.4006, logits_real -0.0131, logits_fake -0.0114,
Train Epoch: [21/30] Iters:[860/1093] gen_loss 0.2243, rec_loss 0.0113, lpips_loss 0.1338, g_loss 0.0117, disc_weight 0.4000, disc_adaptive_weight 6.7516, d_loss 0.4006, logits_real -0.0133, logits_fake -0.0117,
Train Epoch: [21/30] Iters:[870/1093] gen_loss 0.2267, rec_loss 0.0113, lpips_loss 0.1337, g_loss 0.0121, disc_weight 0.4000, disc_adaptive_weight 6.7580, d_loss 0.4005, logits_real -0.0136, logits_fake -0.0121,
Train Epoch: [21/30] Iters:[880/1093] gen_loss 0.2354, rec_loss 0.0112, lpips_loss 0.1335, g_loss 0.0127, disc_weight 0.4000, disc_adaptive_weight 7.1698, d_loss 0.4005, logits_real -0.0142, logits_fake -0.0127,
Train Epoch: [21/30] Iters:[890/1093] gen_loss 0.2389, rec_loss 0.0113, lpips_loss 0.1339, g_loss 0.0131, disc_weight 0.4000, disc_adaptive_weight 7.1564, d_loss 0.4005, logits_real -0.0147, logits_fake -0.0131,
Train Epoch: [21/30] Iters:[900/1093] gen_loss 0.2390, rec_loss 0.0113, lpips_loss 0.1337, g_loss 0.0134, disc_weight 0.4000, disc_adaptive_weight 7.0420, d_loss 0.4005, logits_real -0.0150, logits_fake -0.0134,
Train Epoch: [21/30] Iters:[910/1093] gen_loss 0.2418, rec_loss 0.0111, lpips_loss 0.1332, g_loss 0.0135, disc_weight 0.4000, disc_adaptive_weight 7.2295, d_loss 0.4005, logits_real -0.0151, logits_fake -0.0136,
Train Epoch: [21/30] Iters:[920/1093] gen_loss 0.2463, rec_loss 0.0111, lpips_loss 0.1335, g_loss 0.0136, disc_weight 0.4000, disc_adaptive_weight 7.4786, d_loss 0.4006, logits_real -0.0153, logits_fake -0.0136,
Train Epoch: [21/30] Iters:[930/1093] gen_loss 0.2422, rec_loss 0.0111, lpips_loss 0.1336, g_loss 0.0136, disc_weight 0.4000, disc_adaptive_weight 7.1730, d_loss 0.4006, logits_real -0.0154, logits_fake -0.0137,
Train Epoch: [21/30] Iters:[940/1093] gen_loss 0.2370, rec_loss 0.0111, lpips_loss 0.1332, g_loss 0.0134, disc_weight 0.4000, disc_adaptive_weight 6.9167, d_loss 0.4006, logits_real -0.0152, logits_fake -0.0135,
Train Epoch: [21/30] Iters:[950/1093] gen_loss 0.2385, rec_loss 0.0111, lpips_loss 0.1332, g_loss 0.0132, disc_weight 0.4000, disc_adaptive_weight 7.1278, d_loss 0.4006, logits_real -0.0150, logits_fake -0.0133,
Train Epoch: [21/30] Iters:[960/1093] gen_loss 0.2356, rec_loss 0.0111, lpips_loss 0.1332, g_loss 0.0131, disc_weight 0.4000, disc_adaptive_weight 6.9737, d_loss 0.4006, logits_real -0.0149, logits_fake -0.0132,
Train Epoch: [21/30] Iters:[970/1093] gen_loss 0.2286, rec_loss 0.0110, lpips_loss 0.1326, g_loss 0.0133, disc_weight 0.4000, disc_adaptive_weight 6.4373, d_loss 0.4005, logits_real -0.0150, logits_fake -0.0135,
Train Epoch: [21/30] Iters:[980/1093] gen_loss 0.2334, rec_loss 0.0110, lpips_loss 0.1328, g_loss 0.0138, disc_weight 0.4000, disc_adaptive_weight 6.5501, d_loss 0.4005, logits_real -0.0153, logits_fake -0.0138,
Train Epoch: [21/30] Iters:[990/1093] gen_loss 0.2360, rec_loss 0.0110, lpips_loss 0.1328, g_loss 0.0143, disc_weight 0.4000, disc_adaptive_weight 6.5092, d_loss 0.4005, logits_real -0.0158, logits_fake -0.0144,
Train Epoch: [21/30] Iters:[1000/1093] gen_loss 0.2355, rec_loss 0.0109, lpips_loss 0.1326, g_loss 0.0147, disc_weight 0.4000, disc_adaptive_weight 6.2593, d_loss 0.4005, logits_real -0.0161, logits_fake -0.0147,
Train Epoch: [21/30] Iters:[1010/1093] gen_loss 0.2322, rec_loss 0.0110, lpips_loss 0.1327, g_loss 0.0149, disc_weight 0.4000, disc_adaptive_weight 5.9541, d_loss 0.4005, logits_real -0.0162, logits_fake -0.0148,
Train Epoch: [21/30] Iters:[1020/1093] gen_loss 0.2343, rec_loss 0.0110, lpips_loss 0.1328, g_loss 0.0145, disc_weight 0.4000, disc_adaptive_weight 6.2672, d_loss 0.4005, logits_real -0.0159, logits_fake -0.0143,
Train Epoch: [21/30] Iters:[1030/1093] gen_loss 0.2293, rec_loss 0.0111, lpips_loss 0.1329, g_loss 0.0138, disc_weight 0.4000, disc_adaptive_weight 6.2037, d_loss 0.4005, logits_real -0.0153, logits_fake -0.0137,
Train Epoch: [21/30] Iters:[1040/1093] gen_loss 0.2254, rec_loss 0.0112, lpips_loss 0.1332, g_loss 0.0133, disc_weight 0.4000, disc_adaptive_weight 6.0929, d_loss 0.4006, logits_real -0.0148, logits_fake -0.0132,
Train Epoch: [21/30] Iters:[1050/1093] gen_loss 0.2190, rec_loss 0.0111, lpips_loss 0.1325, g_loss 0.0128, disc_weight 0.4000, disc_adaptive_weight 5.8866, d_loss 0.4006, logits_real -0.0144, logits_fake -0.0128,
Train Epoch: [21/30] Iters:[1060/1093] gen_loss 0.2188, rec_loss 0.0112, lpips_loss 0.1325, g_loss 0.0123, disc_weight 0.4000, disc_adaptive_weight 6.0843, d_loss 0.4006, logits_real -0.0140, logits_fake -0.0124,
Train Epoch: [21/30] Iters:[1070/1093] gen_loss 0.2177, rec_loss 0.0112, lpips_loss 0.1326, g_loss 0.0122, disc_weight 0.4000, disc_adaptive_weight 6.0828, d_loss 0.4005, logits_real -0.0137, logits_fake -0.0123,
Train Epoch: [21/30] Iters:[1080/1093] gen_loss 0.2196, rec_loss 0.0112, lpips_loss 0.1323, g_loss 0.0124, disc_weight 0.4000, disc_adaptive_weight 6.1468, d_loss 0.4005, logits_real -0.0138, logits_fake -0.0125,
Train Epoch: [21/30] Iters:[1090/1093] gen_loss 0.2266, rec_loss 0.0110, lpips_loss 0.1320, g_loss 0.0126, disc_weight 0.4000, disc_adaptive_weight 6.5999, d_loss 0.4004, logits_real -0.0139, logits_fake -0.0129,
epoch:22, cur_lr:0.000010
Train Epoch: [22/30] Iters:[10/1093] gen_loss 0.2721, rec_loss 0.0110, lpips_loss 0.1336, g_loss 0.0144, disc_weight 0.4000, disc_adaptive_weight 8.8471, d_loss 0.4007, logits_real -0.0165, logits_fake -0.0144,
Train Epoch: [22/30] Iters:[20/1093] gen_loss 0.2590, rec_loss 0.0110, lpips_loss 0.1331, g_loss 0.0145, disc_weight 0.4000, disc_adaptive_weight 7.9078, d_loss 0.4006, logits_real -0.0167, logits_fake -0.0150,
Train Epoch: [22/30] Iters:[30/1093] gen_loss 0.2617, rec_loss 0.0110, lpips_loss 0.1329, g_loss 0.0143, disc_weight 0.4000, disc_adaptive_weight 8.2577, d_loss 0.4006, logits_real -0.0165, logits_fake -0.0146,
Train Epoch: [22/30] Iters:[40/1093] gen_loss 0.2577, rec_loss 0.0110, lpips_loss 0.1329, g_loss 0.0142, disc_weight 0.4000, disc_adaptive_weight 8.0473, d_loss 0.4006, logits_real -0.0162, logits_fake -0.0142,
Train Epoch: [22/30] Iters:[50/1093] gen_loss 0.2517, rec_loss 0.0111, lpips_loss 0.1329, g_loss 0.0138, disc_weight 0.4000, disc_adaptive_weight 7.8147, d_loss 0.4006, logits_real -0.0155, logits_fake -0.0140,
Train Epoch: [22/30] Iters:[60/1093] gen_loss 0.2423, rec_loss 0.0111, lpips_loss 0.1331, g_loss 0.0134, disc_weight 0.4000, disc_adaptive_weight 7.3548, d_loss 0.4006, logits_real -0.0149, logits_fake -0.0134,
Train Epoch: [22/30] Iters:[70/1093] gen_loss 0.2346, rec_loss 0.0110, lpips_loss 0.1332, g_loss 0.0127, disc_weight 0.4000, disc_adaptive_weight 7.0944, d_loss 0.4006, logits_real -0.0143, logits_fake -0.0126,
Train Epoch: [22/30] Iters:[80/1093] gen_loss 0.2229, rec_loss 0.0110, lpips_loss 0.1331, g_loss 0.0120, disc_weight 0.4000, disc_adaptive_weight 6.5580, d_loss 0.4005, logits_real -0.0135, logits_fake -0.0121,
Train Epoch: [22/30] Iters:[90/1093] gen_loss 0.2190, rec_loss 0.0110, lpips_loss 0.1332, g_loss 0.0116, disc_weight 0.4000, disc_adaptive_weight 6.4682, d_loss 0.4005, logits_real -0.0128, logits_fake -0.0115,
Train Epoch: [22/30] Iters:[100/1093] gen_loss 0.2163, rec_loss 0.0109, lpips_loss 0.1332, g_loss 0.0113, disc_weight 0.4000, disc_adaptive_weight 6.3979, d_loss 0.4006, logits_real -0.0128, logits_fake -0.0112,
Train Epoch: [22/30] Iters:[110/1093] gen_loss 0.2159, rec_loss 0.0109, lpips_loss 0.1333, g_loss 0.0112, disc_weight 0.4000, disc_adaptive_weight 6.4068, d_loss 0.4006, logits_real -0.0127, logits_fake -0.0110,
Train Epoch: [22/30] Iters:[120/1093] gen_loss 0.2189, rec_loss 0.0109, lpips_loss 0.1331, g_loss 0.0114, disc_weight 0.4000, disc_adaptive_weight 6.5557, d_loss 0.4006, logits_real -0.0126, logits_fake -0.0110,
Train Epoch: [22/30] Iters:[130/1093] gen_loss 0.2242, rec_loss 0.0110, lpips_loss 0.1334, g_loss 0.0118, disc_weight 0.4000, disc_adaptive_weight 6.7546, d_loss 0.4006, logits_real -0.0130, logits_fake -0.0114,
Train Epoch: [22/30] Iters:[140/1093] gen_loss 0.2267, rec_loss 0.0110, lpips_loss 0.1336, g_loss 0.0122, disc_weight 0.4000, disc_adaptive_weight 6.7425, d_loss 0.4006, logits_real -0.0135, logits_fake -0.0120,
Train Epoch: [22/30] Iters:[150/1093] gen_loss 0.2364, rec_loss 0.0112, lpips_loss 0.1339, g_loss 0.0127, disc_weight 0.4000, disc_adaptive_weight 7.1738, d_loss 0.4006, logits_real -0.0140, logits_fake -0.0123,
Train Epoch: [22/30] Iters:[160/1093] gen_loss 0.2399, rec_loss 0.0113, lpips_loss 0.1342, g_loss 0.0130, disc_weight 0.4000, disc_adaptive_weight 7.2610, d_loss 0.4006, logits_real -0.0143, logits_fake -0.0127,
Train Epoch: [22/30] Iters:[170/1093] gen_loss 0.2404, rec_loss 0.0114, lpips_loss 0.1348, g_loss 0.0131, disc_weight 0.4000, disc_adaptive_weight 7.2217, d_loss 0.4005, logits_real -0.0143, logits_fake -0.0129,
Train Epoch: [22/30] Iters:[180/1093] gen_loss 0.2366, rec_loss 0.0113, lpips_loss 0.1347, g_loss 0.0132, disc_weight 0.4000, disc_adaptive_weight 6.8561, d_loss 0.4005, logits_real -0.0143, logits_fake -0.0129,
Train Epoch: [22/30] Iters:[190/1093] gen_loss 0.2339, rec_loss 0.0112, lpips_loss 0.1341, g_loss 0.0132, disc_weight 0.4000, disc_adaptive_weight 6.7386, d_loss 0.4005, logits_real -0.0142, logits_fake -0.0128,
Train Epoch: [22/30] Iters:[200/1093] gen_loss 0.2250, rec_loss 0.0111, lpips_loss 0.1335, g_loss 0.0131, disc_weight 0.4000, disc_adaptive_weight 6.1693, d_loss 0.4005, logits_real -0.0141, logits_fake -0.0127,
Train Epoch: [22/30] Iters:[210/1093] gen_loss 0.2191, rec_loss 0.0109, lpips_loss 0.1325, g_loss 0.0129, disc_weight 0.4000, disc_adaptive_weight 5.8692, d_loss 0.4005, logits_real -0.0140, logits_fake -0.0127,
Train Epoch: [22/30] Iters:[220/1093] gen_loss 0.2178, rec_loss 0.0109, lpips_loss 0.1323, g_loss 0.0128, disc_weight 0.4000, disc_adaptive_weight 5.8519, d_loss 0.4005, logits_real -0.0141, logits_fake -0.0126,
Train Epoch: [22/30] Iters:[230/1093] gen_loss 0.2190, rec_loss 0.0109, lpips_loss 0.1323, g_loss 0.0126, disc_weight 0.4000, disc_adaptive_weight 6.0268, d_loss 0.4005, logits_real -0.0141, logits_fake -0.0126,
Train Epoch: [22/30] Iters:[240/1093] gen_loss 0.2190, rec_loss 0.0109, lpips_loss 0.1326, g_loss 0.0124, disc_weight 0.4000, disc_adaptive_weight 6.1266, d_loss 0.4005, logits_real -0.0139, logits_fake -0.0124,
Train Epoch: [22/30] Iters:[250/1093] gen_loss 0.2187, rec_loss 0.0110, lpips_loss 0.1332, g_loss 0.0123, disc_weight 0.4000, disc_adaptive_weight 6.1131, d_loss 0.4005, logits_real -0.0137, logits_fake -0.0123,
Train Epoch: [22/30] Iters:[260/1093] gen_loss 0.2208, rec_loss 0.0110, lpips_loss 0.1331, g_loss 0.0122, disc_weight 0.4000, disc_adaptive_weight 6.3113, d_loss 0.4005, logits_real -0.0135, logits_fake -0.0122,
Train Epoch: [22/30] Iters:[270/1093] gen_loss 0.2211, rec_loss 0.0110, lpips_loss 0.1327, g_loss 0.0122, disc_weight 0.4000, disc_adaptive_weight 6.3933, d_loss 0.4005, logits_real -0.0134, logits_fake -0.0121,
Train Epoch: [22/30] Iters:[280/1093] gen_loss 0.2203, rec_loss 0.0110, lpips_loss 0.1324, g_loss 0.0121, disc_weight 0.4000, disc_adaptive_weight 6.3601, d_loss 0.4005, logits_real -0.0136, logits_fake -0.0120,
Train Epoch: [22/30] Iters:[290/1093] gen_loss 0.2234, rec_loss 0.0109, lpips_loss 0.1319, g_loss 0.0122, disc_weight 0.4000, disc_adaptive_weight 6.6403, d_loss 0.4005, logits_real -0.0136, logits_fake -0.0123,
Train Epoch: [22/30] Iters:[300/1093] gen_loss 0.2248, rec_loss 0.0109, lpips_loss 0.1317, g_loss 0.0123, disc_weight 0.4000, disc_adaptive_weight 6.7601, d_loss 0.4005, logits_real -0.0138, logits_fake -0.0124,
Train Epoch: [22/30] Iters:[310/1093] gen_loss 0.2318, rec_loss 0.0110, lpips_loss 0.1323, g_loss 0.0126, disc_weight 0.4000, disc_adaptive_weight 7.0962, d_loss 0.4006, logits_real -0.0140, logits_fake -0.0124,
Train Epoch: [22/30] Iters:[320/1093] gen_loss 0.2356, rec_loss 0.0110, lpips_loss 0.1326, g_loss 0.0129, disc_weight 0.4000, disc_adaptive_weight 7.1649, d_loss 0.4006, logits_real -0.0143, logits_fake -0.0126,
Train Epoch: [22/30] Iters:[330/1093] gen_loss 0.2403, rec_loss 0.0111, lpips_loss 0.1327, g_loss 0.0130, disc_weight 0.4000, disc_adaptive_weight 7.4803, d_loss 0.4006, logits_real -0.0144, logits_fake -0.0125,
Train Epoch: [22/30] Iters:[340/1093] gen_loss 0.2361, rec_loss 0.0112, lpips_loss 0.1336, g_loss 0.0130, disc_weight 0.4000, disc_adaptive_weight 7.0394, d_loss 0.4006, logits_real -0.0144, logits_fake -0.0124,
Train Epoch: [22/30] Iters:[350/1093] gen_loss 0.2377, rec_loss 0.0113, lpips_loss 0.1335, g_loss 0.0129, disc_weight 0.4000, disc_adaptive_weight 7.2076, d_loss 0.4006, logits_real -0.0143, logits_fake -0.0125,
Train Epoch: [22/30] Iters:[360/1093] gen_loss 0.2337, rec_loss 0.0113, lpips_loss 0.1337, g_loss 0.0128, disc_weight 0.4000, disc_adaptive_weight 6.9407, d_loss 0.4006, logits_real -0.0144, logits_fake -0.0126,
Train Epoch: [22/30] Iters:[370/1093] gen_loss 0.2324, rec_loss 0.0113, lpips_loss 0.1342, g_loss 0.0127, disc_weight 0.4000, disc_adaptive_weight 6.8484, d_loss 0.4005, logits_real -0.0142, logits_fake -0.0128,
Train Epoch: [22/30] Iters:[380/1093] gen_loss 0.2288, rec_loss 0.0112, lpips_loss 0.1341, g_loss 0.0128, disc_weight 0.4000, disc_adaptive_weight 6.5443, d_loss 0.4005, logits_real -0.0141, logits_fake -0.0129,
Train Epoch: [22/30] Iters:[390/1093] gen_loss 0.2299, rec_loss 0.0112, lpips_loss 0.1337, g_loss 0.0129, disc_weight 0.4000, disc_adaptive_weight 6.5785, d_loss 0.4005, logits_real -0.0141, logits_fake -0.0129,
Train Epoch: [22/30] Iters:[400/1093] gen_loss 0.2310, rec_loss 0.0111, lpips_loss 0.1340, g_loss 0.0131, disc_weight 0.4000, disc_adaptive_weight 6.5686, d_loss 0.4004, logits_real -0.0140, logits_fake -0.0129,
Train Epoch: [22/30] Iters:[410/1093] gen_loss 0.2338, rec_loss 0.0110, lpips_loss 0.1335, g_loss 0.0133, disc_weight 0.4000, disc_adaptive_weight 6.7489, d_loss 0.4004, logits_real -0.0138, logits_fake -0.0129,
Train Epoch: [22/30] Iters:[420/1093] gen_loss 0.2347, rec_loss 0.0109, lpips_loss 0.1332, g_loss 0.0131, disc_weight 0.4000, disc_adaptive_weight 6.9115, d_loss 0.4005, logits_real -0.0142, logits_fake -0.0128,
Train Epoch: [22/30] Iters:[430/1093] gen_loss 0.2392, rec_loss 0.0111, lpips_loss 0.1333, g_loss 0.0132, disc_weight 0.4000, disc_adaptive_weight 7.2245, d_loss 0.4005, logits_real -0.0143, logits_fake -0.0129,
Train Epoch: [22/30] Iters:[440/1093] gen_loss 0.2401, rec_loss 0.0111, lpips_loss 0.1339, g_loss 0.0131, disc_weight 0.4000, disc_adaptive_weight 7.2517, d_loss 0.4005, logits_real -0.0145, logits_fake -0.0130,
Train Epoch: [22/30] Iters:[450/1093] gen_loss 0.2372, rec_loss 0.0112, lpips_loss 0.1337, g_loss 0.0133, disc_weight 0.4000, disc_adaptive_weight 6.9645, d_loss 0.4006, logits_real -0.0148, logits_fake -0.0131,
Train Epoch: [22/30] Iters:[460/1093] gen_loss 0.2356, rec_loss 0.0112, lpips_loss 0.1341, g_loss 0.0132, disc_weight 0.4000, disc_adaptive_weight 6.8415, d_loss 0.4006, logits_real -0.0151, logits_fake -0.0132,
Train Epoch: [22/30] Iters:[470/1093] gen_loss 0.2324, rec_loss 0.0113, lpips_loss 0.1340, g_loss 0.0131, disc_weight 0.4000, disc_adaptive_weight 6.6461, d_loss 0.4006, logits_real -0.0148, logits_fake -0.0131,
Train Epoch: [22/30] Iters:[480/1093] gen_loss 0.2290, rec_loss 0.0113, lpips_loss 0.1341, g_loss 0.0129, disc_weight 0.4000, disc_adaptive_weight 6.4758, d_loss 0.4006, logits_real -0.0147, logits_fake -0.0130,
Train Epoch: [22/30] Iters:[490/1093] gen_loss 0.2275, rec_loss 0.0112, lpips_loss 0.1336, g_loss 0.0128, disc_weight 0.4000, disc_adaptive_weight 6.4524, d_loss 0.4006, logits_real -0.0146, logits_fake -0.0129,
Train Epoch: [22/30] Iters:[500/1093] gen_loss 0.2291, rec_loss 0.0112, lpips_loss 0.1339, g_loss 0.0129, disc_weight 0.4000, disc_adaptive_weight 6.5377, d_loss 0.4006, logits_real -0.0146, logits_fake -0.0128,
Train Epoch: [22/30] Iters:[510/1093] gen_loss 0.2287, rec_loss 0.0111, lpips_loss 0.1331, g_loss 0.0129, disc_weight 0.4000, disc_adaptive_weight 6.5214, d_loss 0.4005, logits_real -0.0146, logits_fake -0.0130,
Train Epoch: [22/30] Iters:[520/1093] gen_loss 0.2326, rec_loss 0.0110, lpips_loss 0.1329, g_loss 0.0131, disc_weight 0.4000, disc_adaptive_weight 6.7714, d_loss 0.4005, logits_real -0.0146, logits_fake -0.0131,
Train Epoch: [22/30] Iters:[530/1093] gen_loss 0.2329, rec_loss 0.0110, lpips_loss 0.1325, g_loss 0.0132, disc_weight 0.4000, disc_adaptive_weight 6.7891, d_loss 0.4005, logits_real -0.0148, logits_fake -0.0132,
Train Epoch: [22/30] Iters:[540/1093] gen_loss 0.2352, rec_loss 0.0110, lpips_loss 0.1329, g_loss 0.0133, disc_weight 0.4000, disc_adaptive_weight 6.8824, d_loss 0.4005, logits_real -0.0148, logits_fake -0.0133,
Train Epoch: [22/30] Iters:[550/1093] gen_loss 0.2350, rec_loss 0.0110, lpips_loss 0.1325, g_loss 0.0133, disc_weight 0.4000, disc_adaptive_weight 6.8934, d_loss 0.4005, logits_real -0.0149, logits_fake -0.0134,
Train Epoch: [22/30] Iters:[560/1093] gen_loss 0.2385, rec_loss 0.0111, lpips_loss 0.1329, g_loss 0.0132, disc_weight 0.4000, disc_adaptive_weight 7.1775, d_loss 0.4006, logits_real -0.0149, logits_fake -0.0132,
Train Epoch: [22/30] Iters:[570/1093] gen_loss 0.2385, rec_loss 0.0112, lpips_loss 0.1329, g_loss 0.0134, disc_weight 0.4000, disc_adaptive_weight 7.0321, d_loss 0.4006, logits_real -0.0151, logits_fake -0.0134,
Train Epoch: [22/30] Iters:[580/1093] gen_loss 0.2409, rec_loss 0.0111, lpips_loss 0.1332, g_loss 0.0137, disc_weight 0.4000, disc_adaptive_weight 7.0800, d_loss 0.4006, logits_real -0.0153, logits_fake -0.0136,
Train Epoch: [22/30] Iters:[590/1093] gen_loss 0.2370, rec_loss 0.0112, lpips_loss 0.1329, g_loss 0.0135, disc_weight 0.4000, disc_adaptive_weight 6.8748, d_loss 0.4006, logits_real -0.0152, logits_fake -0.0134,
Train Epoch: [22/30] Iters:[600/1093] gen_loss 0.2380, rec_loss 0.0112, lpips_loss 0.1331, g_loss 0.0132, disc_weight 0.4000, disc_adaptive_weight 7.0725, d_loss 0.4006, logits_real -0.0149, logits_fake -0.0132,
Train Epoch: [22/30] Iters:[610/1093] gen_loss 0.2322, rec_loss 0.0112, lpips_loss 0.1328, g_loss 0.0131, disc_weight 0.4000, disc_adaptive_weight 6.6930, d_loss 0.4005, logits_real -0.0147, logits_fake -0.0131,
Train Epoch: [22/30] Iters:[620/1093] gen_loss 0.2351, rec_loss 0.0112, lpips_loss 0.1331, g_loss 0.0129, disc_weight 0.4000, disc_adaptive_weight 6.9924, d_loss 0.4005, logits_real -0.0145, logits_fake -0.0129,
Train Epoch: [22/30] Iters:[630/1093] gen_loss 0.2306, rec_loss 0.0113, lpips_loss 0.1333, g_loss 0.0129, disc_weight 0.4000, disc_adaptive_weight 6.6434, d_loss 0.4005, logits_real -0.0144, logits_fake -0.0128,
Train Epoch: [22/30] Iters:[640/1093] gen_loss 0.2353, rec_loss 0.0113, lpips_loss 0.1332, g_loss 0.0133, disc_weight 0.4000, disc_adaptive_weight 6.8541, d_loss 0.4005, logits_real -0.0147, logits_fake -0.0132,
Train Epoch: [22/30] Iters:[650/1093] gen_loss 0.2362, rec_loss 0.0112, lpips_loss 0.1329, g_loss 0.0135, disc_weight 0.4000, disc_adaptive_weight 6.8106, d_loss 0.4005, logits_real -0.0150, logits_fake -0.0135,
Train Epoch: [22/30] Iters:[660/1093] gen_loss 0.2364, rec_loss 0.0113, lpips_loss 0.1335, g_loss 0.0134, disc_weight 0.4000, disc_adaptive_weight 6.8321, d_loss 0.4006, logits_real -0.0150, logits_fake -0.0134,
Train Epoch: [22/30] Iters:[670/1093] gen_loss 0.2324, rec_loss 0.0114, lpips_loss 0.1335, g_loss 0.0132, disc_weight 0.4000, disc_adaptive_weight 6.6225, d_loss 0.4006, logits_real -0.0147, logits_fake -0.0131,
Train Epoch: [22/30] Iters:[680/1093] gen_loss 0.2378, rec_loss 0.0113, lpips_loss 0.1329, g_loss 0.0132, disc_weight 0.4000, disc_adaptive_weight 7.0673, d_loss 0.4006, logits_real -0.0148, logits_fake -0.0132,
Train Epoch: [22/30] Iters:[690/1093] gen_loss 0.2348, rec_loss 0.0112, lpips_loss 0.1332, g_loss 0.0131, disc_weight 0.4000, disc_adaptive_weight 6.8828, d_loss 0.4006, logits_real -0.0147, logits_fake -0.0130,
Train Epoch: [22/30] Iters:[700/1093] gen_loss 0.2333, rec_loss 0.0114, lpips_loss 0.1337, g_loss 0.0130, disc_weight 0.4000, disc_adaptive_weight 6.7920, d_loss 0.4006, logits_real -0.0145, logits_fake -0.0129,
Train Epoch: [22/30] Iters:[710/1093] gen_loss 0.2319, rec_loss 0.0113, lpips_loss 0.1333, g_loss 0.0130, disc_weight 0.4000, disc_adaptive_weight 6.7371, d_loss 0.4006, logits_real -0.0146, logits_fake -0.0129,
Train Epoch: [22/30] Iters:[720/1093] gen_loss 0.2291, rec_loss 0.0111, lpips_loss 0.1327, g_loss 0.0130, disc_weight 0.4000, disc_adaptive_weight 6.5395, d_loss 0.4005, logits_real -0.0146, logits_fake -0.0130,
Train Epoch: [22/30] Iters:[730/1093] gen_loss 0.2272, rec_loss 0.0111, lpips_loss 0.1333, g_loss 0.0129, disc_weight 0.4000, disc_adaptive_weight 6.3991, d_loss 0.4005, logits_real -0.0145, logits_fake -0.0129,
Train Epoch: [22/30] Iters:[740/1093] gen_loss 0.2297, rec_loss 0.0112, lpips_loss 0.1332, g_loss 0.0129, disc_weight 0.4000, disc_adaptive_weight 6.6105, d_loss 0.4005, logits_real -0.0144, logits_fake -0.0128,
Train Epoch: [22/30] Iters:[750/1093] gen_loss 0.2290, rec_loss 0.0112, lpips_loss 0.1331, g_loss 0.0130, disc_weight 0.4000, disc_adaptive_weight 6.5437, d_loss 0.4005, logits_real -0.0145, logits_fake -0.0129,
Train Epoch: [22/30] Iters:[760/1093] gen_loss 0.2336, rec_loss 0.0113, lpips_loss 0.1334, g_loss 0.0131, disc_weight 0.4000, disc_adaptive_weight 6.7837, d_loss 0.4005, logits_real -0.0146, logits_fake -0.0131,
Train Epoch: [22/30] Iters:[770/1093] gen_loss 0.2388, rec_loss 0.0114, lpips_loss 0.1338, g_loss 0.0133, disc_weight 0.4000, disc_adaptive_weight 7.0315, d_loss 0.4005, logits_real -0.0149, logits_fake -0.0133,
Train Epoch: [22/30] Iters:[780/1093] gen_loss 0.2412, rec_loss 0.0114, lpips_loss 0.1339, g_loss 0.0133, disc_weight 0.4000, disc_adaptive_weight 7.1736, d_loss 0.4006, logits_real -0.0151, logits_fake -0.0134,
Train Epoch: [22/30] Iters:[790/1093] gen_loss 0.2462, rec_loss 0.0114, lpips_loss 0.1340, g_loss 0.0135, disc_weight 0.4000, disc_adaptive_weight 7.4646, d_loss 0.4006, logits_real -0.0153, logits_fake -0.0135,
Train Epoch: [22/30] Iters:[800/1093] gen_loss 0.2489, rec_loss 0.0114, lpips_loss 0.1336, g_loss 0.0136, disc_weight 0.4000, disc_adaptive_weight 7.6673, d_loss 0.4006, logits_real -0.0153, logits_fake -0.0136,
Train Epoch: [22/30] Iters:[810/1093] gen_loss 0.2460, rec_loss 0.0114, lpips_loss 0.1337, g_loss 0.0137, disc_weight 0.4000, disc_adaptive_weight 7.3893, d_loss 0.4006, logits_real -0.0154, logits_fake -0.0137,
Train Epoch: [22/30] Iters:[820/1093] gen_loss 0.2435, rec_loss 0.0113, lpips_loss 0.1336, g_loss 0.0137, disc_weight 0.4000, disc_adaptive_weight 7.1990, d_loss 0.4005, logits_real -0.0154, logits_fake -0.0138,
Train Epoch: [22/30] Iters:[830/1093] gen_loss 0.2380, rec_loss 0.0112, lpips_loss 0.1335, g_loss 0.0136, disc_weight 0.4000, disc_adaptive_weight 6.8517, d_loss 0.4006, logits_real -0.0154, logits_fake -0.0138,
Train Epoch: [22/30] Iters:[840/1093] gen_loss 0.2374, rec_loss 0.0111, lpips_loss 0.1331, g_loss 0.0137, disc_weight 0.4000, disc_adaptive_weight 6.8036, d_loss 0.4006, logits_real -0.0154, logits_fake -0.0137,
Train Epoch: [22/30] Iters:[850/1093] gen_loss 0.2356, rec_loss 0.0111, lpips_loss 0.1331, g_loss 0.0136, disc_weight 0.4000, disc_adaptive_weight 6.7247, d_loss 0.4006, logits_real -0.0153, logits_fake -0.0136,
Train Epoch: [22/30] Iters:[860/1093] gen_loss 0.2360, rec_loss 0.0110, lpips_loss 0.1329, g_loss 0.0133, disc_weight 0.4000, disc_adaptive_weight 6.9057, d_loss 0.4006, logits_real -0.0152, logits_fake -0.0135,
Train Epoch: [22/30] Iters:[870/1093] gen_loss 0.2375, rec_loss 0.0109, lpips_loss 0.1333, g_loss 0.0134, disc_weight 0.4000, disc_adaptive_weight 6.9359, d_loss 0.4006, logits_real -0.0152, logits_fake -0.0135,
Train Epoch: [22/30] Iters:[880/1093] gen_loss 0.2417, rec_loss 0.0110, lpips_loss 0.1333, g_loss 0.0137, disc_weight 0.4000, disc_adaptive_weight 7.0850, d_loss 0.4006, logits_real -0.0154, logits_fake -0.0137,
Train Epoch: [22/30] Iters:[890/1093] gen_loss 0.2439, rec_loss 0.0111, lpips_loss 0.1333, g_loss 0.0141, disc_weight 0.4000, disc_adaptive_weight 7.0562, d_loss 0.4005, logits_real -0.0158, logits_fake -0.0142,
Train Epoch: [22/30] Iters:[900/1093] gen_loss 0.2480, rec_loss 0.0111, lpips_loss 0.1337, g_loss 0.0145, disc_weight 0.4000, disc_adaptive_weight 7.0894, d_loss 0.4005, logits_real -0.0162, logits_fake -0.0146,
Train Epoch: [22/30] Iters:[910/1093] gen_loss 0.2507, rec_loss 0.0112, lpips_loss 0.1341, g_loss 0.0150, disc_weight 0.4000, disc_adaptive_weight 7.0005, d_loss 0.4005, logits_real -0.0165, logits_fake -0.0151,
Train Epoch: [22/30] Iters:[920/1093] gen_loss 0.2510, rec_loss 0.0113, lpips_loss 0.1342, g_loss 0.0152, disc_weight 0.4000, disc_adaptive_weight 6.9374, d_loss 0.4005, logits_real -0.0168, logits_fake -0.0154,
Train Epoch: [22/30] Iters:[930/1093] gen_loss 0.2491, rec_loss 0.0113, lpips_loss 0.1342, g_loss 0.0155, disc_weight 0.4000, disc_adaptive_weight 6.6768, d_loss 0.4005, logits_real -0.0171, logits_fake -0.0157,
Train Epoch: [22/30] Iters:[940/1093] gen_loss 0.2488, rec_loss 0.0114, lpips_loss 0.1351, g_loss 0.0157, disc_weight 0.4000, disc_adaptive_weight 6.5192, d_loss 0.4005, logits_real -0.0173, logits_fake -0.0159,
Train Epoch: [22/30] Iters:[950/1093] gen_loss 0.2462, rec_loss 0.0115, lpips_loss 0.1354, g_loss 0.0159, disc_weight 0.4000, disc_adaptive_weight 6.2545, d_loss 0.4005, logits_real -0.0176, logits_fake -0.0161,
Train Epoch: [22/30] Iters:[960/1093] gen_loss 0.2473, rec_loss 0.0115, lpips_loss 0.1349, g_loss 0.0162, disc_weight 0.4000, disc_adaptive_weight 6.2419, d_loss 0.4005, logits_real -0.0178, logits_fake -0.0162,
Train Epoch: [22/30] Iters:[970/1093] gen_loss 0.2486, rec_loss 0.0115, lpips_loss 0.1346, g_loss 0.0163, disc_weight 0.4000, disc_adaptive_weight 6.2884, d_loss 0.4005, logits_real -0.0178, logits_fake -0.0163,
Train Epoch: [22/30] Iters:[980/1093] gen_loss 0.2535, rec_loss 0.0116, lpips_loss 0.1345, g_loss 0.0162, disc_weight 0.4000, disc_adaptive_weight 6.6133, d_loss 0.4005, logits_real -0.0177, logits_fake -0.0163,
Train Epoch: [22/30] Iters:[990/1093] gen_loss 0.2521, rec_loss 0.0115, lpips_loss 0.1339, g_loss 0.0163, disc_weight 0.4000, disc_adaptive_weight 6.5635, d_loss 0.4005, logits_real -0.0178, logits_fake -0.0163,
Train Epoch: [22/30] Iters:[1000/1093] gen_loss 0.2511, rec_loss 0.0114, lpips_loss 0.1333, g_loss 0.0160, disc_weight 0.4000, disc_adaptive_weight 6.6273, d_loss 0.4005, logits_real -0.0174, logits_fake -0.0160,
Train Epoch: [22/30] Iters:[1010/1093] gen_loss 0.2486, rec_loss 0.0114, lpips_loss 0.1332, g_loss 0.0158, disc_weight 0.4000, disc_adaptive_weight 6.5821, d_loss 0.4005, logits_real -0.0171, logits_fake -0.0158,
Train Epoch: [22/30] Iters:[1020/1093] gen_loss 0.2462, rec_loss 0.0113, lpips_loss 0.1332, g_loss 0.0154, disc_weight 0.4000, disc_adaptive_weight 6.6193, d_loss 0.4005, logits_real -0.0169, logits_fake -0.0153,
Train Epoch: [22/30] Iters:[1030/1093] gen_loss 0.2405, rec_loss 0.0111, lpips_loss 0.1324, g_loss 0.0150, disc_weight 0.4000, disc_adaptive_weight 6.4859, d_loss 0.4005, logits_real -0.0165, logits_fake -0.0149,
Train Epoch: [22/30] Iters:[1040/1093] gen_loss 0.2394, rec_loss 0.0111, lpips_loss 0.1326, g_loss 0.0144, disc_weight 0.4000, disc_adaptive_weight 6.6777, d_loss 0.4005, logits_real -0.0159, logits_fake -0.0144,
Train Epoch: [22/30] Iters:[1050/1093] gen_loss 0.2417, rec_loss 0.0112, lpips_loss 0.1323, g_loss 0.0142, disc_weight 0.4000, disc_adaptive_weight 6.9299, d_loss 0.4005, logits_real -0.0158, logits_fake -0.0142,
Train Epoch: [22/30] Iters:[1060/1093] gen_loss 0.2449, rec_loss 0.0113, lpips_loss 0.1328, g_loss 0.0140, disc_weight 0.4000, disc_adaptive_weight 7.2092, d_loss 0.4006, logits_real -0.0156, logits_fake -0.0140,
Train Epoch: [22/30] Iters:[1070/1093] gen_loss 0.2465, rec_loss 0.0112, lpips_loss 0.1327, g_loss 0.0141, disc_weight 0.4000, disc_adaptive_weight 7.2831, d_loss 0.4005, logits_real -0.0156, logits_fake -0.0141,
Train Epoch: [22/30] Iters:[1080/1093] gen_loss 0.2481, rec_loss 0.0113, lpips_loss 0.1338, g_loss 0.0142, disc_weight 0.4000, disc_adaptive_weight 7.2863, d_loss 0.4005, logits_real -0.0157, logits_fake -0.0142,
Train Epoch: [22/30] Iters:[1090/1093] gen_loss 0.2444, rec_loss 0.0112, lpips_loss 0.1336, g_loss 0.0144, disc_weight 0.4000, disc_adaptive_weight 6.9440, d_loss 0.4005, logits_real -0.0158, logits_fake -0.0143,
epoch:23, cur_lr:0.000010
Train Epoch: [23/30] Iters:[10/1093] gen_loss 0.2352, rec_loss 0.0107, lpips_loss 0.1313, g_loss 0.0132, disc_weight 0.4000, disc_adaptive_weight 7.0530, d_loss 0.4004, logits_real -0.0144, logits_fake -0.0137,
Train Epoch: [23/30] Iters:[20/1093] gen_loss 0.2290, rec_loss 0.0108, lpips_loss 0.1324, g_loss 0.0135, disc_weight 0.4000, disc_adaptive_weight 6.3551, d_loss 0.4004, logits_real -0.0147, logits_fake -0.0138,
Train Epoch: [23/30] Iters:[30/1093] gen_loss 0.2269, rec_loss 0.0110, lpips_loss 0.1328, g_loss 0.0136, disc_weight 0.4000, disc_adaptive_weight 6.1332, d_loss 0.4004, logits_real -0.0150, logits_fake -0.0140,
Train Epoch: [23/30] Iters:[40/1093] gen_loss 0.2357, rec_loss 0.0111, lpips_loss 0.1330, g_loss 0.0137, disc_weight 0.4000, disc_adaptive_weight 6.6712, d_loss 0.4004, logits_real -0.0151, logits_fake -0.0141,
Train Epoch: [23/30] Iters:[50/1093] gen_loss 0.2389, rec_loss 0.0112, lpips_loss 0.1331, g_loss 0.0140, disc_weight 0.4000, disc_adaptive_weight 6.7726, d_loss 0.4005, logits_real -0.0154, logits_fake -0.0142,
Train Epoch: [23/30] Iters:[60/1093] gen_loss 0.2422, rec_loss 0.0113, lpips_loss 0.1334, g_loss 0.0145, disc_weight 0.4000, disc_adaptive_weight 6.7331, d_loss 0.4005, logits_real -0.0160, logits_fake -0.0146,
Train Epoch: [23/30] Iters:[70/1093] gen_loss 0.2457, rec_loss 0.0113, lpips_loss 0.1333, g_loss 0.0148, disc_weight 0.4000, disc_adaptive_weight 6.8588, d_loss 0.4005, logits_real -0.0164, logits_fake -0.0150,
Train Epoch: [23/30] Iters:[80/1093] gen_loss 0.2517, rec_loss 0.0113, lpips_loss 0.1332, g_loss 0.0153, disc_weight 0.4000, disc_adaptive_weight 7.0389, d_loss 0.4006, logits_real -0.0169, logits_fake -0.0153,
Train Epoch: [23/30] Iters:[90/1093] gen_loss 0.2514, rec_loss 0.0112, lpips_loss 0.1330, g_loss 0.0159, disc_weight 0.4000, disc_adaptive_weight 6.7296, d_loss 0.4005, logits_real -0.0173, logits_fake -0.0158,
Train Epoch: [23/30] Iters:[100/1093] gen_loss 0.2553, rec_loss 0.0112, lpips_loss 0.1330, g_loss 0.0163, disc_weight 0.4000, disc_adaptive_weight 6.7573, d_loss 0.4005, logits_real -0.0177, logits_fake -0.0162,
Train Epoch: [23/30] Iters:[110/1093] gen_loss 0.2515, rec_loss 0.0110, lpips_loss 0.1328, g_loss 0.0163, disc_weight 0.4000, disc_adaptive_weight 6.5520, d_loss 0.4005, logits_real -0.0178, logits_fake -0.0164,
Train Epoch: [23/30] Iters:[120/1093] gen_loss 0.2549, rec_loss 0.0111, lpips_loss 0.1327, g_loss 0.0166, disc_weight 0.4000, disc_adaptive_weight 6.6667, d_loss 0.4005, logits_real -0.0180, logits_fake -0.0167,
Train Epoch: [23/30] Iters:[130/1093] gen_loss 0.2563, rec_loss 0.0112, lpips_loss 0.1327, g_loss 0.0166, disc_weight 0.4000, disc_adaptive_weight 6.7644, d_loss 0.4004, logits_real -0.0179, logits_fake -0.0169,
Train Epoch: [23/30] Iters:[140/1093] gen_loss 0.2562, rec_loss 0.0114, lpips_loss 0.1332, g_loss 0.0162, disc_weight 0.4000, disc_adaptive_weight 6.9117, d_loss 0.4005, logits_real -0.0176, logits_fake -0.0163,
Train Epoch: [23/30] Iters:[150/1093] gen_loss 0.2478, rec_loss 0.0112, lpips_loss 0.1330, g_loss 0.0157, disc_weight 0.4000, disc_adaptive_weight 6.6147, d_loss 0.4005, logits_real -0.0172, logits_fake -0.0159,
Train Epoch: [23/30] Iters:[160/1093] gen_loss 0.2515, rec_loss 0.0113, lpips_loss 0.1335, g_loss 0.0158, disc_weight 0.4000, disc_adaptive_weight 6.7630, d_loss 0.4005, logits_real -0.0172, logits_fake -0.0157,
Train Epoch: [23/30] Iters:[170/1093] gen_loss 0.2509, rec_loss 0.0114, lpips_loss 0.1334, g_loss 0.0159, disc_weight 0.4000, disc_adaptive_weight 6.6577, d_loss 0.4006, logits_real -0.0172, logits_fake -0.0155,
Train Epoch: [23/30] Iters:[180/1093] gen_loss 0.2509, rec_loss 0.0114, lpips_loss 0.1335, g_loss 0.0160, disc_weight 0.4000, disc_adaptive_weight 6.6223, d_loss 0.4006, logits_real -0.0173, logits_fake -0.0153,
Train Epoch: [23/30] Iters:[190/1093] gen_loss 0.2522, rec_loss 0.0113, lpips_loss 0.1332, g_loss 0.0162, disc_weight 0.4000, disc_adaptive_weight 6.6069, d_loss 0.4006, logits_real -0.0176, logits_fake -0.0157,
Train Epoch: [23/30] Iters:[200/1093] gen_loss 0.2632, rec_loss 0.0114, lpips_loss 0.1333, g_loss 0.0165, disc_weight 0.4000, disc_adaptive_weight 7.1596, d_loss 0.4006, logits_real -0.0179, logits_fake -0.0161,
Train Epoch: [23/30] Iters:[210/1093] gen_loss 0.2664, rec_loss 0.0114, lpips_loss 0.1335, g_loss 0.0165, disc_weight 0.4000, disc_adaptive_weight 7.3876, d_loss 0.4006, logits_real -0.0179, logits_fake -0.0161,
Train Epoch: [23/30] Iters:[220/1093] gen_loss 0.2649, rec_loss 0.0114, lpips_loss 0.1334, g_loss 0.0161, disc_weight 0.4000, disc_adaptive_weight 7.4599, d_loss 0.4006, logits_real -0.0176, logits_fake -0.0159,
Train Epoch: [23/30] Iters:[230/1093] gen_loss 0.2678, rec_loss 0.0114, lpips_loss 0.1335, g_loss 0.0158, disc_weight 0.4000, disc_adaptive_weight 7.7561, d_loss 0.4006, logits_real -0.0173, logits_fake -0.0157,
Train Epoch: [23/30] Iters:[240/1093] gen_loss 0.2676, rec_loss 0.0114, lpips_loss 0.1338, g_loss 0.0155, disc_weight 0.4000, disc_adaptive_weight 7.8672, d_loss 0.4006, logits_real -0.0173, logits_fake -0.0156,
Train Epoch: [23/30] Iters:[250/1093] gen_loss 0.2593, rec_loss 0.0116, lpips_loss 0.1340, g_loss 0.0152, disc_weight 0.4000, disc_adaptive_weight 7.4948, d_loss 0.4006, logits_real -0.0169, logits_fake -0.0152,
Train Epoch: [23/30] Iters:[260/1093] gen_loss 0.2513, rec_loss 0.0115, lpips_loss 0.1336, g_loss 0.0147, disc_weight 0.4000, disc_adaptive_weight 7.2069, d_loss 0.4005, logits_real -0.0165, logits_fake -0.0148,
Train Epoch: [23/30] Iters:[270/1093] gen_loss 0.2471, rec_loss 0.0114, lpips_loss 0.1338, g_loss 0.0142, disc_weight 0.4000, disc_adaptive_weight 7.1249, d_loss 0.4005, logits_real -0.0160, logits_fake -0.0144,
Train Epoch: [23/30] Iters:[280/1093] gen_loss 0.2375, rec_loss 0.0113, lpips_loss 0.1333, g_loss 0.0136, disc_weight 0.4000, disc_adaptive_weight 6.8213, d_loss 0.4005, logits_real -0.0153, logits_fake -0.0138,
Train Epoch: [23/30] Iters:[290/1093] gen_loss 0.2279, rec_loss 0.0112, lpips_loss 0.1331, g_loss 0.0132, disc_weight 0.4000, disc_adaptive_weight 6.3424, d_loss 0.4005, logits_real -0.0146, logits_fake -0.0131,
Train Epoch: [23/30] Iters:[300/1093] gen_loss 0.2249, rec_loss 0.0109, lpips_loss 0.1326, g_loss 0.0129, disc_weight 0.4000, disc_adaptive_weight 6.3268, d_loss 0.4005, logits_real -0.0143, logits_fake -0.0129,
Train Epoch: [23/30] Iters:[310/1093] gen_loss 0.2246, rec_loss 0.0109, lpips_loss 0.1326, g_loss 0.0130, disc_weight 0.4000, disc_adaptive_weight 6.2742, d_loss 0.4005, logits_real -0.0142, logits_fake -0.0130,
Train Epoch: [23/30] Iters:[320/1093] gen_loss 0.2291, rec_loss 0.0108, lpips_loss 0.1326, g_loss 0.0132, disc_weight 0.4000, disc_adaptive_weight 6.4778, d_loss 0.4005, logits_real -0.0144, logits_fake -0.0132,
Train Epoch: [23/30] Iters:[330/1093] gen_loss 0.2331, rec_loss 0.0109, lpips_loss 0.1329, g_loss 0.0135, disc_weight 0.4000, disc_adaptive_weight 6.6274, d_loss 0.4005, logits_real -0.0147, logits_fake -0.0135,
Train Epoch: [23/30] Iters:[340/1093] gen_loss 0.2400, rec_loss 0.0109, lpips_loss 0.1331, g_loss 0.0138, disc_weight 0.4000, disc_adaptive_weight 6.9889, d_loss 0.4005, logits_real -0.0151, logits_fake -0.0138,
Train Epoch: [23/30] Iters:[350/1093] gen_loss 0.2436, rec_loss 0.0112, lpips_loss 0.1340, g_loss 0.0140, disc_weight 0.4000, disc_adaptive_weight 7.0316, d_loss 0.4005, logits_real -0.0154, logits_fake -0.0140,
Train Epoch: [23/30] Iters:[360/1093] gen_loss 0.2477, rec_loss 0.0113, lpips_loss 0.1342, g_loss 0.0140, disc_weight 0.4000, disc_adaptive_weight 7.2993, d_loss 0.4005, logits_real -0.0154, logits_fake -0.0139,
Train Epoch: [23/30] Iters:[370/1093] gen_loss 0.2449, rec_loss 0.0114, lpips_loss 0.1340, g_loss 0.0138, disc_weight 0.4000, disc_adaptive_weight 7.2358, d_loss 0.4005, logits_real -0.0150, logits_fake -0.0137,
Train Epoch: [23/30] Iters:[380/1093] gen_loss 0.2431, rec_loss 0.0114, lpips_loss 0.1344, g_loss 0.0136, disc_weight 0.4000, disc_adaptive_weight 7.1320, d_loss 0.4005, logits_real -0.0151, logits_fake -0.0136,
Train Epoch: [23/30] Iters:[390/1093] gen_loss 0.2437, rec_loss 0.0114, lpips_loss 0.1345, g_loss 0.0136, disc_weight 0.4000, disc_adaptive_weight 7.1744, d_loss 0.4005, logits_real -0.0150, logits_fake -0.0136,
Train Epoch: [23/30] Iters:[400/1093] gen_loss 0.2420, rec_loss 0.0112, lpips_loss 0.1334, g_loss 0.0139, disc_weight 0.4000, disc_adaptive_weight 7.0386, d_loss 0.4005, logits_real -0.0153, logits_fake -0.0139,
Train Epoch: [23/30] Iters:[410/1093] gen_loss 0.2479, rec_loss 0.0112, lpips_loss 0.1339, g_loss 0.0142, disc_weight 0.4000, disc_adaptive_weight 7.2334, d_loss 0.4005, logits_real -0.0156, logits_fake -0.0143,
Train Epoch: [23/30] Iters:[420/1093] gen_loss 0.2533, rec_loss 0.0113, lpips_loss 0.1343, g_loss 0.0146, disc_weight 0.4000, disc_adaptive_weight 7.3804, d_loss 0.4005, logits_real -0.0162, logits_fake -0.0146,
Train Epoch: [23/30] Iters:[430/1093] gen_loss 0.2537, rec_loss 0.0111, lpips_loss 0.1334, g_loss 0.0148, disc_weight 0.4000, disc_adaptive_weight 7.3632, d_loss 0.4005, logits_real -0.0164, logits_fake -0.0148,
Train Epoch: [23/30] Iters:[440/1093] gen_loss 0.2514, rec_loss 0.0111, lpips_loss 0.1327, g_loss 0.0146, disc_weight 0.4000, disc_adaptive_weight 7.3396, d_loss 0.4006, logits_real -0.0163, logits_fake -0.0145,
Train Epoch: [23/30] Iters:[450/1093] gen_loss 0.2543, rec_loss 0.0112, lpips_loss 0.1338, g_loss 0.0143, disc_weight 0.4000, disc_adaptive_weight 7.6107, d_loss 0.4006, logits_real -0.0160, logits_fake -0.0142,
Train Epoch: [23/30] Iters:[460/1093] gen_loss 0.2456, rec_loss 0.0111, lpips_loss 0.1331, g_loss 0.0142, disc_weight 0.4000, disc_adaptive_weight 7.1268, d_loss 0.4006, logits_real -0.0159, logits_fake -0.0142,
Train Epoch: [23/30] Iters:[470/1093] gen_loss 0.2452, rec_loss 0.0111, lpips_loss 0.1330, g_loss 0.0142, disc_weight 0.4000, disc_adaptive_weight 7.1232, d_loss 0.4006, logits_real -0.0159, logits_fake -0.0141,
Train Epoch: [23/30] Iters:[480/1093] gen_loss 0.2452, rec_loss 0.0112, lpips_loss 0.1333, g_loss 0.0145, disc_weight 0.4000, disc_adaptive_weight 6.9790, d_loss 0.4005, logits_real -0.0160, logits_fake -0.0144,
Train Epoch: [23/30] Iters:[490/1093] gen_loss 0.2460, rec_loss 0.0110, lpips_loss 0.1331, g_loss 0.0147, disc_weight 0.4000, disc_adaptive_weight 6.9482, d_loss 0.4005, logits_real -0.0162, logits_fake -0.0147,
Train Epoch: [23/30] Iters:[500/1093] gen_loss 0.2466, rec_loss 0.0109, lpips_loss 0.1325, g_loss 0.0147, disc_weight 0.4000, disc_adaptive_weight 7.0392, d_loss 0.4005, logits_real -0.0163, logits_fake -0.0147,
Train Epoch: [23/30] Iters:[510/1093] gen_loss 0.2496, rec_loss 0.0109, lpips_loss 0.1324, g_loss 0.0144, disc_weight 0.4000, disc_adaptive_weight 7.3805, d_loss 0.4005, logits_real -0.0161, logits_fake -0.0145,
Train Epoch: [23/30] Iters:[520/1093] gen_loss 0.2469, rec_loss 0.0110, lpips_loss 0.1324, g_loss 0.0141, disc_weight 0.4000, disc_adaptive_weight 7.3665, d_loss 0.4006, logits_real -0.0158, logits_fake -0.0141,
Train Epoch: [23/30] Iters:[530/1093] gen_loss 0.2504, rec_loss 0.0110, lpips_loss 0.1325, g_loss 0.0138, disc_weight 0.4000, disc_adaptive_weight 7.7423, d_loss 0.4005, logits_real -0.0155, logits_fake -0.0139,
Train Epoch: [23/30] Iters:[540/1093] gen_loss 0.2517, rec_loss 0.0112, lpips_loss 0.1331, g_loss 0.0138, disc_weight 0.4000, disc_adaptive_weight 7.7512, d_loss 0.4005, logits_real -0.0155, logits_fake -0.0140,
Train Epoch: [23/30] Iters:[550/1093] gen_loss 0.2494, rec_loss 0.0112, lpips_loss 0.1333, g_loss 0.0141, disc_weight 0.4000, disc_adaptive_weight 7.4350, d_loss 0.4005, logits_real -0.0157, logits_fake -0.0142,
Train Epoch: [23/30] Iters:[560/1093] gen_loss 0.2469, rec_loss 0.0112, lpips_loss 0.1334, g_loss 0.0144, disc_weight 0.4000, disc_adaptive_weight 7.1283, d_loss 0.4005, logits_real -0.0160, logits_fake -0.0146,
Train Epoch: [23/30] Iters:[570/1093] gen_loss 0.2460, rec_loss 0.0111, lpips_loss 0.1329, g_loss 0.0148, disc_weight 0.4000, disc_adaptive_weight 6.9187, d_loss 0.4005, logits_real -0.0162, logits_fake -0.0148,
Train Epoch: [23/30] Iters:[580/1093] gen_loss 0.2470, rec_loss 0.0112, lpips_loss 0.1334, g_loss 0.0149, disc_weight 0.4000, disc_adaptive_weight 6.8979, d_loss 0.4005, logits_real -0.0164, logits_fake -0.0150,
Train Epoch: [23/30] Iters:[590/1093] gen_loss 0.2423, rec_loss 0.0111, lpips_loss 0.1334, g_loss 0.0147, disc_weight 0.4000, disc_adaptive_weight 6.6573, d_loss 0.4006, logits_real -0.0164, logits_fake -0.0147,
Train Epoch: [23/30] Iters:[600/1093] gen_loss 0.2394, rec_loss 0.0111, lpips_loss 0.1332, g_loss 0.0144, disc_weight 0.4000, disc_adaptive_weight 6.5964, d_loss 0.4005, logits_real -0.0160, logits_fake -0.0144,
Train Epoch: [23/30] Iters:[610/1093] gen_loss 0.2414, rec_loss 0.0112, lpips_loss 0.1334, g_loss 0.0142, disc_weight 0.4000, disc_adaptive_weight 6.8097, d_loss 0.4006, logits_real -0.0157, logits_fake -0.0141,
Train Epoch: [23/30] Iters:[620/1093] gen_loss 0.2454, rec_loss 0.0111, lpips_loss 0.1339, g_loss 0.0141, disc_weight 0.4000, disc_adaptive_weight 7.0924, d_loss 0.4006, logits_real -0.0157, logits_fake -0.0141,
Train Epoch: [23/30] Iters:[630/1093] gen_loss 0.2386, rec_loss 0.0110, lpips_loss 0.1332, g_loss 0.0141, disc_weight 0.4000, disc_adaptive_weight 6.6508, d_loss 0.4006, logits_real -0.0157, logits_fake -0.0141,
Train Epoch: [23/30] Iters:[640/1093] gen_loss 0.2403, rec_loss 0.0110, lpips_loss 0.1327, g_loss 0.0143, disc_weight 0.4000, disc_adaptive_weight 6.7398, d_loss 0.4005, logits_real -0.0157, logits_fake -0.0142,
Train Epoch: [23/30] Iters:[650/1093] gen_loss 0.2433, rec_loss 0.0111, lpips_loss 0.1330, g_loss 0.0145, disc_weight 0.4000, disc_adaptive_weight 6.8186, d_loss 0.4005, logits_real -0.0159, logits_fake -0.0144,
Train Epoch: [23/30] Iters:[660/1093] gen_loss 0.2415, rec_loss 0.0111, lpips_loss 0.1332, g_loss 0.0146, disc_weight 0.4000, disc_adaptive_weight 6.6592, d_loss 0.4005, logits_real -0.0160, logits_fake -0.0146,
Train Epoch: [23/30] Iters:[670/1093] gen_loss 0.2338, rec_loss 0.0111, lpips_loss 0.1333, g_loss 0.0145, disc_weight 0.4000, disc_adaptive_weight 6.1435, d_loss 0.4005, logits_real -0.0159, logits_fake -0.0146,
Train Epoch: [23/30] Iters:[680/1093] gen_loss 0.2353, rec_loss 0.0114, lpips_loss 0.1338, g_loss 0.0144, disc_weight 0.4000, disc_adaptive_weight 6.2614, d_loss 0.4005, logits_real -0.0156, logits_fake -0.0144,
Train Epoch: [23/30] Iters:[690/1093] gen_loss 0.2380, rec_loss 0.0115, lpips_loss 0.1346, g_loss 0.0142, disc_weight 0.4000, disc_adaptive_weight 6.4791, d_loss 0.4005, logits_real -0.0155, logits_fake -0.0142,
Train Epoch: [23/30] Iters:[700/1093] gen_loss 0.2331, rec_loss 0.0114, lpips_loss 0.1339, g_loss 0.0140, disc_weight 0.4000, disc_adaptive_weight 6.2812, d_loss 0.4005, logits_real -0.0154, logits_fake -0.0140,
Train Epoch: [23/30] Iters:[710/1093] gen_loss 0.2340, rec_loss 0.0114, lpips_loss 0.1338, g_loss 0.0139, disc_weight 0.4000, disc_adaptive_weight 6.3861, d_loss 0.4005, logits_real -0.0152, logits_fake -0.0139,
Train Epoch: [23/30] Iters:[720/1093] gen_loss 0.2351, rec_loss 0.0115, lpips_loss 0.1336, g_loss 0.0139, disc_weight 0.4000, disc_adaptive_weight 6.4805, d_loss 0.4005, logits_real -0.0153, logits_fake -0.0139,
Train Epoch: [23/30] Iters:[730/1093] gen_loss 0.2358, rec_loss 0.0113, lpips_loss 0.1333, g_loss 0.0141, disc_weight 0.4000, disc_adaptive_weight 6.5011, d_loss 0.4005, logits_real -0.0156, logits_fake -0.0142,
Train Epoch: [23/30] Iters:[740/1093] gen_loss 0.2378, rec_loss 0.0111, lpips_loss 0.1329, g_loss 0.0144, disc_weight 0.4000, disc_adaptive_weight 6.4853, d_loss 0.4005, logits_real -0.0159, logits_fake -0.0145,
Train Epoch: [23/30] Iters:[750/1093] gen_loss 0.2429, rec_loss 0.0112, lpips_loss 0.1336, g_loss 0.0145, disc_weight 0.4000, disc_adaptive_weight 6.7768, d_loss 0.4005, logits_real -0.0160, logits_fake -0.0146,
Train Epoch: [23/30] Iters:[760/1093] gen_loss 0.2462, rec_loss 0.0111, lpips_loss 0.1335, g_loss 0.0145, disc_weight 0.4000, disc_adaptive_weight 7.0082, d_loss 0.4005, logits_real -0.0160, logits_fake -0.0147,
Train Epoch: [23/30] Iters:[770/1093] gen_loss 0.2473, rec_loss 0.0111, lpips_loss 0.1334, g_loss 0.0146, disc_weight 0.4000, disc_adaptive_weight 7.0342, d_loss 0.4005, logits_real -0.0160, logits_fake -0.0146,
Train Epoch: [23/30] Iters:[780/1093] gen_loss 0.2452, rec_loss 0.0112, lpips_loss 0.1330, g_loss 0.0146, disc_weight 0.4000, disc_adaptive_weight 6.9017, d_loss 0.4005, logits_real -0.0160, logits_fake -0.0146,
Train Epoch: [23/30] Iters:[790/1093] gen_loss 0.2389, rec_loss 0.0112, lpips_loss 0.1331, g_loss 0.0145, disc_weight 0.4000, disc_adaptive_weight 6.5388, d_loss 0.4005, logits_real -0.0159, logits_fake -0.0146,
Train Epoch: [23/30] Iters:[800/1093] gen_loss 0.2364, rec_loss 0.0111, lpips_loss 0.1324, g_loss 0.0148, disc_weight 0.4000, disc_adaptive_weight 6.3155, d_loss 0.4005, logits_real -0.0160, logits_fake -0.0148,
Train Epoch: [23/30] Iters:[810/1093] gen_loss 0.2282, rec_loss 0.0111, lpips_loss 0.1325, g_loss 0.0148, disc_weight 0.4000, disc_adaptive_weight 5.7104, d_loss 0.4005, logits_real -0.0163, logits_fake -0.0149,
Train Epoch: [23/30] Iters:[820/1093] gen_loss 0.2277, rec_loss 0.0111, lpips_loss 0.1327, g_loss 0.0148, disc_weight 0.4000, disc_adaptive_weight 5.6589, d_loss 0.4005, logits_real -0.0163, logits_fake -0.0151,
Train Epoch: [23/30] Iters:[830/1093] gen_loss 0.2316, rec_loss 0.0111, lpips_loss 0.1331, g_loss 0.0152, disc_weight 0.4000, disc_adaptive_weight 5.7420, d_loss 0.4005, logits_real -0.0166, logits_fake -0.0151,
Train Epoch: [23/30] Iters:[840/1093] gen_loss 0.2364, rec_loss 0.0111, lpips_loss 0.1326, g_loss 0.0155, disc_weight 0.4000, disc_adaptive_weight 5.9796, d_loss 0.4005, logits_real -0.0169, logits_fake -0.0153,
Train Epoch: [23/30] Iters:[850/1093] gen_loss 0.2439, rec_loss 0.0111, lpips_loss 0.1333, g_loss 0.0154, disc_weight 0.4000, disc_adaptive_weight 6.4621, d_loss 0.4005, logits_real -0.0169, logits_fake -0.0153,
Train Epoch: [23/30] Iters:[860/1093] gen_loss 0.2516, rec_loss 0.0112, lpips_loss 0.1333, g_loss 0.0154, disc_weight 0.4000, disc_adaptive_weight 6.9639, d_loss 0.4006, logits_real -0.0168, logits_fake -0.0152,
Train Epoch: [23/30] Iters:[870/1093] gen_loss 0.2557, rec_loss 0.0112, lpips_loss 0.1331, g_loss 0.0155, disc_weight 0.4000, disc_adaptive_weight 7.2356, d_loss 0.4005, logits_real -0.0167, logits_fake -0.0151,
Train Epoch: [23/30] Iters:[880/1093] gen_loss 0.2600, rec_loss 0.0113, lpips_loss 0.1334, g_loss 0.0152, disc_weight 0.4000, disc_adaptive_weight 7.6371, d_loss 0.4005, logits_real -0.0166, logits_fake -0.0150,
Train Epoch: [23/30] Iters:[890/1093] gen_loss 0.2634, rec_loss 0.0113, lpips_loss 0.1339, g_loss 0.0149, disc_weight 0.4000, disc_adaptive_weight 7.9549, d_loss 0.4006, logits_real -0.0164, logits_fake -0.0147,
Train Epoch: [23/30] Iters:[900/1093] gen_loss 0.2589, rec_loss 0.0114, lpips_loss 0.1338, g_loss 0.0145, disc_weight 0.4000, disc_adaptive_weight 7.8994, d_loss 0.4005, logits_real -0.0158, logits_fake -0.0143,
Train Epoch: [23/30] Iters:[910/1093] gen_loss 0.2564, rec_loss 0.0113, lpips_loss 0.1338, g_loss 0.0141, disc_weight 0.4000, disc_adaptive_weight 7.9044, d_loss 0.4005, logits_real -0.0153, logits_fake -0.0139,
Train Epoch: [23/30] Iters:[920/1093] gen_loss 0.2523, rec_loss 0.0113, lpips_loss 0.1339, g_loss 0.0137, disc_weight 0.4000, disc_adaptive_weight 7.7699, d_loss 0.4005, logits_real -0.0150, logits_fake -0.0136,
Train Epoch: [23/30] Iters:[930/1093] gen_loss 0.2448, rec_loss 0.0112, lpips_loss 0.1334, g_loss 0.0134, disc_weight 0.4000, disc_adaptive_weight 7.4342, d_loss 0.4005, logits_real -0.0147, logits_fake -0.0133,
Train Epoch: [23/30] Iters:[940/1093] gen_loss 0.2379, rec_loss 0.0112, lpips_loss 0.1333, g_loss 0.0131, disc_weight 0.4000, disc_adaptive_weight 7.1690, d_loss 0.4005, logits_real -0.0142, logits_fake -0.0130,
Train Epoch: [23/30] Iters:[950/1093] gen_loss 0.2413, rec_loss 0.0113, lpips_loss 0.1338, g_loss 0.0131, disc_weight 0.4000, disc_adaptive_weight 7.3208, d_loss 0.4005, logits_real -0.0144, logits_fake -0.0130,
Train Epoch: [23/30] Iters:[960/1093] gen_loss 0.2366, rec_loss 0.0113, lpips_loss 0.1338, g_loss 0.0131, disc_weight 0.4000, disc_adaptive_weight 6.9477, d_loss 0.4005, logits_real -0.0145, logits_fake -0.0132,
Train Epoch: [23/30] Iters:[970/1093] gen_loss 0.2376, rec_loss 0.0115, lpips_loss 0.1341, g_loss 0.0133, disc_weight 0.4000, disc_adaptive_weight 6.9233, d_loss 0.4005, logits_real -0.0147, logits_fake -0.0133,
Train Epoch: [23/30] Iters:[980/1093] gen_loss 0.2432, rec_loss 0.0116, lpips_loss 0.1348, g_loss 0.0136, disc_weight 0.4000, disc_adaptive_weight 7.0756, d_loss 0.4005, logits_real -0.0150, logits_fake -0.0136,
Train Epoch: [23/30] Iters:[990/1093] gen_loss 0.2438, rec_loss 0.0116, lpips_loss 0.1346, g_loss 0.0140, disc_weight 0.4000, disc_adaptive_weight 6.9751, d_loss 0.4004, logits_real -0.0153, logits_fake -0.0142,
Train Epoch: [23/30] Iters:[1000/1093] gen_loss 0.2352, rec_loss 0.0114, lpips_loss 0.1335, g_loss 0.0140, disc_weight 0.4000, disc_adaptive_weight 6.4175, d_loss 0.4005, logits_real -0.0156, logits_fake -0.0144,
Train Epoch: [23/30] Iters:[1010/1093] gen_loss 0.2368, rec_loss 0.0114, lpips_loss 0.1334, g_loss 0.0140, disc_weight 0.4000, disc_adaptive_weight 6.5663, d_loss 0.4005, logits_real -0.0158, logits_fake -0.0145,
Train Epoch: [23/30] Iters:[1020/1093] gen_loss 0.2337, rec_loss 0.0113, lpips_loss 0.1331, g_loss 0.0139, disc_weight 0.4000, disc_adaptive_weight 6.3872, d_loss 0.4005, logits_real -0.0161, logits_fake -0.0146,
Train Epoch: [23/30] Iters:[1030/1093] gen_loss 0.2334, rec_loss 0.0112, lpips_loss 0.1327, g_loss 0.0139, disc_weight 0.4000, disc_adaptive_weight 6.4137, d_loss 0.4005, logits_real -0.0161, logits_fake -0.0146,
Train Epoch: [23/30] Iters:[1040/1093] gen_loss 0.2295, rec_loss 0.0111, lpips_loss 0.1324, g_loss 0.0139, disc_weight 0.4000, disc_adaptive_weight 6.1555, d_loss 0.4005, logits_real -0.0161, logits_fake -0.0145,
Train Epoch: [23/30] Iters:[1050/1093] gen_loss 0.2308, rec_loss 0.0112, lpips_loss 0.1328, g_loss 0.0145, disc_weight 0.4000, disc_adaptive_weight 6.0031, d_loss 0.4005, logits_real -0.0162, logits_fake -0.0148,
Train Epoch: [23/30] Iters:[1060/1093] gen_loss 0.2398, rec_loss 0.0112, lpips_loss 0.1331, g_loss 0.0152, disc_weight 0.4000, disc_adaptive_weight 6.2731, d_loss 0.4005, logits_real -0.0165, logits_fake -0.0152,
Train Epoch: [23/30] Iters:[1070/1093] gen_loss 0.2464, rec_loss 0.0111, lpips_loss 0.1332, g_loss 0.0155, disc_weight 0.4000, disc_adaptive_weight 6.5442, d_loss 0.4005, logits_real -0.0166, logits_fake -0.0155,
Train Epoch: [23/30] Iters:[1080/1093] gen_loss 0.2393, rec_loss 0.0110, lpips_loss 0.1330, g_loss 0.0156, disc_weight 0.4000, disc_adaptive_weight 6.0506, d_loss 0.4004, logits_real -0.0168, logits_fake -0.0157,
Train Epoch: [23/30] Iters:[1090/1093] gen_loss 0.2453, rec_loss 0.0112, lpips_loss 0.1332, g_loss 0.0157, disc_weight 0.4000, disc_adaptive_weight 6.3967, d_loss 0.4004, logits_real -0.0169, logits_fake -0.0158,
epoch:24, cur_lr:0.000010
Train Epoch: [24/30] Iters:[10/1093] gen_loss 0.2554, rec_loss 0.0111, lpips_loss 0.1329, g_loss 0.0149, disc_weight 0.4000, disc_adaptive_weight 7.5497, d_loss 0.4002, logits_real -0.0163, logits_fake -0.0163,
Train Epoch: [24/30] Iters:[20/1093] gen_loss 0.2595, rec_loss 0.0112, lpips_loss 0.1327, g_loss 0.0151, disc_weight 0.4000, disc_adaptive_weight 7.5925, d_loss 0.4005, logits_real -0.0172, logits_fake -0.0157,
Train Epoch: [24/30] Iters:[30/1093] gen_loss 0.2570, rec_loss 0.0114, lpips_loss 0.1334, g_loss 0.0146, disc_weight 0.4000, disc_adaptive_weight 7.6645, d_loss 0.4005, logits_real -0.0163, logits_fake -0.0150,
Train Epoch: [24/30] Iters:[40/1093] gen_loss 0.2579, rec_loss 0.0116, lpips_loss 0.1335, g_loss 0.0144, disc_weight 0.4000, disc_adaptive_weight 7.7442, d_loss 0.4005, logits_real -0.0162, logits_fake -0.0150,
Train Epoch: [24/30] Iters:[50/1093] gen_loss 0.2525, rec_loss 0.0115, lpips_loss 0.1332, g_loss 0.0146, disc_weight 0.4000, disc_adaptive_weight 7.3672, d_loss 0.4005, logits_real -0.0164, logits_fake -0.0150,
Train Epoch: [24/30] Iters:[60/1093] gen_loss 0.2496, rec_loss 0.0116, lpips_loss 0.1332, g_loss 0.0144, disc_weight 0.4000, disc_adaptive_weight 7.2203, d_loss 0.4006, logits_real -0.0164, logits_fake -0.0147,
Train Epoch: [24/30] Iters:[70/1093] gen_loss 0.2408, rec_loss 0.0115, lpips_loss 0.1331, g_loss 0.0141, disc_weight 0.4000, disc_adaptive_weight 6.7836, d_loss 0.4005, logits_real -0.0157, logits_fake -0.0144,
Train Epoch: [24/30] Iters:[80/1093] gen_loss 0.2366, rec_loss 0.0115, lpips_loss 0.1329, g_loss 0.0141, disc_weight 0.4000, disc_adaptive_weight 6.5283, d_loss 0.4005, logits_real -0.0157, logits_fake -0.0142,
Train Epoch: [24/30] Iters:[90/1093] gen_loss 0.2351, rec_loss 0.0112, lpips_loss 0.1326, g_loss 0.0140, disc_weight 0.4000, disc_adaptive_weight 6.5375, d_loss 0.4005, logits_real -0.0157, logits_fake -0.0141,
Train Epoch: [24/30] Iters:[100/1093] gen_loss 0.2395, rec_loss 0.0114, lpips_loss 0.1334, g_loss 0.0140, disc_weight 0.4000, disc_adaptive_weight 6.7751, d_loss 0.4005, logits_real -0.0155, logits_fake -0.0142,
Train Epoch: [24/30] Iters:[110/1093] gen_loss 0.2413, rec_loss 0.0113, lpips_loss 0.1335, g_loss 0.0142, disc_weight 0.4000, disc_adaptive_weight 6.8193, d_loss 0.4005, logits_real -0.0157, logits_fake -0.0144,
Train Epoch: [24/30] Iters:[120/1093] gen_loss 0.2442, rec_loss 0.0114, lpips_loss 0.1338, g_loss 0.0143, disc_weight 0.4000, disc_adaptive_weight 6.9326, d_loss 0.4005, logits_real -0.0160, logits_fake -0.0145,
Train Epoch: [24/30] Iters:[130/1093] gen_loss 0.2475, rec_loss 0.0113, lpips_loss 0.1335, g_loss 0.0148, disc_weight 0.4000, disc_adaptive_weight 6.9582, d_loss 0.4005, logits_real -0.0164, logits_fake -0.0150,
Train Epoch: [24/30] Iters:[140/1093] gen_loss 0.2465, rec_loss 0.0114, lpips_loss 0.1337, g_loss 0.0153, disc_weight 0.4000, disc_adaptive_weight 6.6364, d_loss 0.4005, logits_real -0.0167, logits_fake -0.0153,
Train Epoch: [24/30] Iters:[150/1093] gen_loss 0.2519, rec_loss 0.0113, lpips_loss 0.1334, g_loss 0.0150, disc_weight 0.4000, disc_adaptive_weight 7.1751, d_loss 0.4005, logits_real -0.0165, logits_fake -0.0149,
Train Epoch: [24/30] Iters:[160/1093] gen_loss 0.2484, rec_loss 0.0115, lpips_loss 0.1338, g_loss 0.0145, disc_weight 0.4000, disc_adaptive_weight 7.1588, d_loss 0.4006, logits_real -0.0160, logits_fake -0.0143,
Train Epoch: [24/30] Iters:[170/1093] gen_loss 0.2527, rec_loss 0.0114, lpips_loss 0.1338, g_loss 0.0140, disc_weight 0.4000, disc_adaptive_weight 7.7245, d_loss 0.4005, logits_real -0.0155, logits_fake -0.0140,
Train Epoch: [24/30] Iters:[180/1093] gen_loss 0.2495, rec_loss 0.0115, lpips_loss 0.1342, g_loss 0.0134, disc_weight 0.4000, disc_adaptive_weight 7.7497, d_loss 0.4005, logits_real -0.0149, logits_fake -0.0134,
Train Epoch: [24/30] Iters:[190/1093] gen_loss 0.2469, rec_loss 0.0115, lpips_loss 0.1338, g_loss 0.0125, disc_weight 0.4000, disc_adaptive_weight 8.0309, d_loss 0.4005, logits_real -0.0141, logits_fake -0.0128,
Train Epoch: [24/30] Iters:[200/1093] gen_loss 0.2371, rec_loss 0.0116, lpips_loss 0.1339, g_loss 0.0122, disc_weight 0.4000, disc_adaptive_weight 7.5067, d_loss 0.4005, logits_real -0.0138, logits_fake -0.0125,
Train Epoch: [24/30] Iters:[210/1093] gen_loss 0.2372, rec_loss 0.0116, lpips_loss 0.1340, g_loss 0.0120, disc_weight 0.4000, disc_adaptive_weight 7.6264, d_loss 0.4005, logits_real -0.0137, logits_fake -0.0124,
Train Epoch: [24/30] Iters:[220/1093] gen_loss 0.2353, rec_loss 0.0116, lpips_loss 0.1339, g_loss 0.0120, disc_weight 0.4000, disc_adaptive_weight 7.4914, d_loss 0.4005, logits_real -0.0135, logits_fake -0.0122,
Train Epoch: [24/30] Iters:[230/1093] gen_loss 0.2333, rec_loss 0.0115, lpips_loss 0.1338, g_loss 0.0120, disc_weight 0.4000, disc_adaptive_weight 7.3450, d_loss 0.4004, logits_real -0.0135, logits_fake -0.0124,
Train Epoch: [24/30] Iters:[240/1093] gen_loss 0.2315, rec_loss 0.0113, lpips_loss 0.1333, g_loss 0.0123, disc_weight 0.4000, disc_adaptive_weight 7.0526, d_loss 0.4005, logits_real -0.0140, logits_fake -0.0126,
Train Epoch: [24/30] Iters:[250/1093] gen_loss 0.2261, rec_loss 0.0112, lpips_loss 0.1334, g_loss 0.0122, disc_weight 0.4000, disc_adaptive_weight 6.6227, d_loss 0.4005, logits_real -0.0140, logits_fake -0.0126,
Train Epoch: [24/30] Iters:[260/1093] gen_loss 0.2213, rec_loss 0.0110, lpips_loss 0.1322, g_loss 0.0126, disc_weight 0.4000, disc_adaptive_weight 6.1911, d_loss 0.4005, logits_real -0.0142, logits_fake -0.0130,
Train Epoch: [24/30] Iters:[270/1093] gen_loss 0.2186, rec_loss 0.0109, lpips_loss 0.1319, g_loss 0.0128, disc_weight 0.4000, disc_adaptive_weight 5.9214, d_loss 0.4004, logits_real -0.0145, logits_fake -0.0134,
Train Epoch: [24/30] Iters:[280/1093] gen_loss 0.2202, rec_loss 0.0109, lpips_loss 0.1318, g_loss 0.0131, disc_weight 0.4000, disc_adaptive_weight 5.9173, d_loss 0.4005, logits_real -0.0147, logits_fake -0.0134,
Train Epoch: [24/30] Iters:[290/1093] gen_loss 0.2231, rec_loss 0.0112, lpips_loss 0.1329, g_loss 0.0131, disc_weight 0.4000, disc_adaptive_weight 6.0600, d_loss 0.4005, logits_real -0.0149, logits_fake -0.0136,
Train Epoch: [24/30] Iters:[300/1093] gen_loss 0.2331, rec_loss 0.0110, lpips_loss 0.1324, g_loss 0.0141, disc_weight 0.4000, disc_adaptive_weight 6.3781, d_loss 0.4005, logits_real -0.0155, logits_fake -0.0141,
Train Epoch: [24/30] Iters:[310/1093] gen_loss 0.2434, rec_loss 0.0112, lpips_loss 0.1330, g_loss 0.0150, disc_weight 0.4000, disc_adaptive_weight 6.6759, d_loss 0.4005, logits_real -0.0161, logits_fake -0.0147,
Train Epoch: [24/30] Iters:[320/1093] gen_loss 0.2448, rec_loss 0.0112, lpips_loss 0.1329, g_loss 0.0156, disc_weight 0.4000, disc_adaptive_weight 6.4899, d_loss 0.4005, logits_real -0.0167, logits_fake -0.0152,
Train Epoch: [24/30] Iters:[330/1093] gen_loss 0.2517, rec_loss 0.0113, lpips_loss 0.1331, g_loss 0.0161, disc_weight 0.4000, disc_adaptive_weight 6.7153, d_loss 0.4005, logits_real -0.0172, logits_fake -0.0157,
Train Epoch: [24/30] Iters:[340/1093] gen_loss 0.2515, rec_loss 0.0112, lpips_loss 0.1329, g_loss 0.0162, disc_weight 0.4000, disc_adaptive_weight 6.6270, d_loss 0.4005, logits_real -0.0170, logits_fake -0.0157,
Train Epoch: [24/30] Iters:[350/1093] gen_loss 0.2483, rec_loss 0.0114, lpips_loss 0.1332, g_loss 0.0155, disc_weight 0.4000, disc_adaptive_weight 6.6869, d_loss 0.4005, logits_real -0.0167, logits_fake -0.0154,
Train Epoch: [24/30] Iters:[360/1093] gen_loss 0.2432, rec_loss 0.0114, lpips_loss 0.1331, g_loss 0.0146, disc_weight 0.4000, disc_adaptive_weight 6.7516, d_loss 0.4005, logits_real -0.0161, logits_fake -0.0145,
Train Epoch: [24/30] Iters:[370/1093] gen_loss 0.2420, rec_loss 0.0115, lpips_loss 0.1335, g_loss 0.0139, disc_weight 0.4000, disc_adaptive_weight 6.9620, d_loss 0.4006, logits_real -0.0154, logits_fake -0.0136,
Train Epoch: [24/30] Iters:[380/1093] gen_loss 0.2361, rec_loss 0.0115, lpips_loss 0.1336, g_loss 0.0131, disc_weight 0.4000, disc_adaptive_weight 6.9292, d_loss 0.4006, logits_real -0.0148, logits_fake -0.0130,
Train Epoch: [24/30] Iters:[390/1093] gen_loss 0.2327, rec_loss 0.0114, lpips_loss 0.1330, g_loss 0.0130, disc_weight 0.4000, disc_adaptive_weight 6.8163, d_loss 0.4005, logits_real -0.0144, logits_fake -0.0129,
Train Epoch: [24/30] Iters:[400/1093] gen_loss 0.2297, rec_loss 0.0112, lpips_loss 0.1328, g_loss 0.0130, disc_weight 0.4000, disc_adaptive_weight 6.6107, d_loss 0.4005, logits_real -0.0142, logits_fake -0.0128,
Train Epoch: [24/30] Iters:[410/1093] gen_loss 0.2348, rec_loss 0.0112, lpips_loss 0.1330, g_loss 0.0133, disc_weight 0.4000, disc_adaptive_weight 6.8172, d_loss 0.4005, logits_real -0.0144, logits_fake -0.0131,
Train Epoch: [24/30] Iters:[420/1093] gen_loss 0.2356, rec_loss 0.0111, lpips_loss 0.1331, g_loss 0.0135, disc_weight 0.4000, disc_adaptive_weight 6.7351, d_loss 0.4004, logits_real -0.0145, logits_fake -0.0133,
Train Epoch: [24/30] Iters:[430/1093] gen_loss 0.2400, rec_loss 0.0109, lpips_loss 0.1327, g_loss 0.0137, disc_weight 0.4000, disc_adaptive_weight 6.9537, d_loss 0.4004, logits_real -0.0147, logits_fake -0.0136,
Train Epoch: [24/30] Iters:[440/1093] gen_loss 0.2429, rec_loss 0.0110, lpips_loss 0.1327, g_loss 0.0139, disc_weight 0.4000, disc_adaptive_weight 7.0739, d_loss 0.4005, logits_real -0.0151, logits_fake -0.0138,
Train Epoch: [24/30] Iters:[450/1093] gen_loss 0.2432, rec_loss 0.0112, lpips_loss 0.1331, g_loss 0.0141, disc_weight 0.4000, disc_adaptive_weight 6.9624, d_loss 0.4005, logits_real -0.0153, logits_fake -0.0138,
Train Epoch: [24/30] Iters:[460/1093] gen_loss 0.2389, rec_loss 0.0111, lpips_loss 0.1328, g_loss 0.0140, disc_weight 0.4000, disc_adaptive_weight 6.7664, d_loss 0.4005, logits_real -0.0152, logits_fake -0.0136,
Train Epoch: [24/30] Iters:[470/1093] gen_loss 0.2417, rec_loss 0.0112, lpips_loss 0.1330, g_loss 0.0139, disc_weight 0.4000, disc_adaptive_weight 7.0359, d_loss 0.4005, logits_real -0.0152, logits_fake -0.0135,
Train Epoch: [24/30] Iters:[480/1093] gen_loss 0.2399, rec_loss 0.0113, lpips_loss 0.1327, g_loss 0.0138, disc_weight 0.4000, disc_adaptive_weight 7.0055, d_loss 0.4006, logits_real -0.0151, logits_fake -0.0134,
Train Epoch: [24/30] Iters:[490/1093] gen_loss 0.2388, rec_loss 0.0115, lpips_loss 0.1333, g_loss 0.0136, disc_weight 0.4000, disc_adaptive_weight 6.9484, d_loss 0.4005, logits_real -0.0148, logits_fake -0.0131,
Train Epoch: [24/30] Iters:[500/1093] gen_loss 0.2400, rec_loss 0.0114, lpips_loss 0.1330, g_loss 0.0132, disc_weight 0.4000, disc_adaptive_weight 7.2327, d_loss 0.4005, logits_real -0.0146, logits_fake -0.0130,
Train Epoch: [24/30] Iters:[510/1093] gen_loss 0.2378, rec_loss 0.0115, lpips_loss 0.1333, g_loss 0.0130, disc_weight 0.4000, disc_adaptive_weight 7.1676, d_loss 0.4005, logits_real -0.0144, logits_fake -0.0128,
Train Epoch: [24/30] Iters:[520/1093] gen_loss 0.2339, rec_loss 0.0114, lpips_loss 0.1328, g_loss 0.0127, disc_weight 0.4000, disc_adaptive_weight 7.0548, d_loss 0.4005, logits_real -0.0142, logits_fake -0.0126,
Train Epoch: [24/30] Iters:[530/1093] gen_loss 0.2379, rec_loss 0.0114, lpips_loss 0.1335, g_loss 0.0126, disc_weight 0.4000, disc_adaptive_weight 7.3943, d_loss 0.4005, logits_real -0.0141, logits_fake -0.0127,
Train Epoch: [24/30] Iters:[540/1093] gen_loss 0.2400, rec_loss 0.0113, lpips_loss 0.1334, g_loss 0.0125, disc_weight 0.4000, disc_adaptive_weight 7.6254, d_loss 0.4005, logits_real -0.0141, logits_fake -0.0125,
Train Epoch: [24/30] Iters:[550/1093] gen_loss 0.2438, rec_loss 0.0114, lpips_loss 0.1340, g_loss 0.0124, disc_weight 0.4000, disc_adaptive_weight 7.9030, d_loss 0.4005, logits_real -0.0140, logits_fake -0.0124,
Train Epoch: [24/30] Iters:[560/1093] gen_loss 0.2452, rec_loss 0.0114, lpips_loss 0.1340, g_loss 0.0125, disc_weight 0.4000, disc_adaptive_weight 7.9707, d_loss 0.4006, logits_real -0.0142, logits_fake -0.0124,
Train Epoch: [24/30] Iters:[570/1093] gen_loss 0.2454, rec_loss 0.0114, lpips_loss 0.1343, g_loss 0.0127, disc_weight 0.4000, disc_adaptive_weight 7.8576, d_loss 0.4005, logits_real -0.0143, logits_fake -0.0127,
Train Epoch: [24/30] Iters:[580/1093] gen_loss 0.2373, rec_loss 0.0113, lpips_loss 0.1337, g_loss 0.0129, disc_weight 0.4000, disc_adaptive_weight 7.1863, d_loss 0.4005, logits_real -0.0145, logits_fake -0.0129,
Train Epoch: [24/30] Iters:[590/1093] gen_loss 0.2358, rec_loss 0.0113, lpips_loss 0.1335, g_loss 0.0131, disc_weight 0.4000, disc_adaptive_weight 6.9792, d_loss 0.4005, logits_real -0.0147, logits_fake -0.0132,
Train Epoch: [24/30] Iters:[600/1093] gen_loss 0.2342, rec_loss 0.0113, lpips_loss 0.1331, g_loss 0.0132, disc_weight 0.4000, disc_adaptive_weight 6.8438, d_loss 0.4005, logits_real -0.0148, logits_fake -0.0133,
Train Epoch: [24/30] Iters:[610/1093] gen_loss 0.2350, rec_loss 0.0113, lpips_loss 0.1328, g_loss 0.0133, disc_weight 0.4000, disc_adaptive_weight 6.8907, d_loss 0.4005, logits_real -0.0148, logits_fake -0.0132,
Train Epoch: [24/30] Iters:[620/1093] gen_loss 0.2381, rec_loss 0.0112, lpips_loss 0.1325, g_loss 0.0131, disc_weight 0.4000, disc_adaptive_weight 7.2295, d_loss 0.4005, logits_real -0.0146, logits_fake -0.0130,
Train Epoch: [24/30] Iters:[630/1093] gen_loss 0.2377, rec_loss 0.0113, lpips_loss 0.1329, g_loss 0.0130, disc_weight 0.4000, disc_adaptive_weight 7.2522, d_loss 0.4006, logits_real -0.0144, logits_fake -0.0127,
Train Epoch: [24/30] Iters:[640/1093] gen_loss 0.2392, rec_loss 0.0114, lpips_loss 0.1330, g_loss 0.0127, disc_weight 0.4000, disc_adaptive_weight 7.4985, d_loss 0.4005, logits_real -0.0141, logits_fake -0.0125,
Train Epoch: [24/30] Iters:[650/1093] gen_loss 0.2395, rec_loss 0.0113, lpips_loss 0.1327, g_loss 0.0127, disc_weight 0.4000, disc_adaptive_weight 7.5419, d_loss 0.4005, logits_real -0.0141, logits_fake -0.0125,
Train Epoch: [24/30] Iters:[660/1093] gen_loss 0.2348, rec_loss 0.0113, lpips_loss 0.1330, g_loss 0.0126, disc_weight 0.4000, disc_adaptive_weight 7.2009, d_loss 0.4005, logits_real -0.0139, logits_fake -0.0125,
Train Epoch: [24/30] Iters:[670/1093] gen_loss 0.2336, rec_loss 0.0113, lpips_loss 0.1332, g_loss 0.0126, disc_weight 0.4000, disc_adaptive_weight 7.0526, d_loss 0.4005, logits_real -0.0141, logits_fake -0.0126,
Train Epoch: [24/30] Iters:[680/1093] gen_loss 0.2366, rec_loss 0.0114, lpips_loss 0.1334, g_loss 0.0126, disc_weight 0.4000, disc_adaptive_weight 7.2762, d_loss 0.4005, logits_real -0.0141, logits_fake -0.0126,
Train Epoch: [24/30] Iters:[690/1093] gen_loss 0.2335, rec_loss 0.0114, lpips_loss 0.1335, g_loss 0.0126, disc_weight 0.4000, disc_adaptive_weight 7.0227, d_loss 0.4005, logits_real -0.0141, logits_fake -0.0127,
Train Epoch: [24/30] Iters:[700/1093] gen_loss 0.2334, rec_loss 0.0113, lpips_loss 0.1333, g_loss 0.0126, disc_weight 0.4000, disc_adaptive_weight 7.0487, d_loss 0.4005, logits_real -0.0140, logits_fake -0.0127,
Train Epoch: [24/30] Iters:[710/1093] gen_loss 0.2350, rec_loss 0.0112, lpips_loss 0.1334, g_loss 0.0124, disc_weight 0.4000, disc_adaptive_weight 7.2566, d_loss 0.4005, logits_real -0.0140, logits_fake -0.0126,
Train Epoch: [24/30] Iters:[720/1093] gen_loss 0.2316, rec_loss 0.0113, lpips_loss 0.1336, g_loss 0.0123, disc_weight 0.4000, disc_adaptive_weight 7.0466, d_loss 0.4005, logits_real -0.0139, logits_fake -0.0125,
Train Epoch: [24/30] Iters:[730/1093] gen_loss 0.2377, rec_loss 0.0112, lpips_loss 0.1335, g_loss 0.0124, disc_weight 0.4000, disc_adaptive_weight 7.5123, d_loss 0.4005, logits_real -0.0140, logits_fake -0.0127,
Train Epoch: [24/30] Iters:[740/1093] gen_loss 0.2416, rec_loss 0.0112, lpips_loss 0.1336, g_loss 0.0125, disc_weight 0.4000, disc_adaptive_weight 7.7394, d_loss 0.4005, logits_real -0.0142, logits_fake -0.0129,
Train Epoch: [24/30] Iters:[750/1093] gen_loss 0.2381, rec_loss 0.0113, lpips_loss 0.1338, g_loss 0.0124, disc_weight 0.4000, disc_adaptive_weight 7.4505, d_loss 0.4005, logits_real -0.0142, logits_fake -0.0128,
Train Epoch: [24/30] Iters:[760/1093] gen_loss 0.2382, rec_loss 0.0113, lpips_loss 0.1335, g_loss 0.0125, disc_weight 0.4000, disc_adaptive_weight 7.4568, d_loss 0.4005, logits_real -0.0142, logits_fake -0.0128,
Train Epoch: [24/30] Iters:[770/1093] gen_loss 0.2359, rec_loss 0.0112, lpips_loss 0.1338, g_loss 0.0123, disc_weight 0.4000, disc_adaptive_weight 7.3239, d_loss 0.4005, logits_real -0.0140, logits_fake -0.0126,
Train Epoch: [24/30] Iters:[780/1093] gen_loss 0.2252, rec_loss 0.0111, lpips_loss 0.1332, g_loss 0.0120, disc_weight 0.4000, disc_adaptive_weight 6.7163, d_loss 0.4005, logits_real -0.0135, logits_fake -0.0121,
Train Epoch: [24/30] Iters:[790/1093] gen_loss 0.2196, rec_loss 0.0111, lpips_loss 0.1327, g_loss 0.0115, disc_weight 0.4000, disc_adaptive_weight 6.5862, d_loss 0.4005, logits_real -0.0130, logits_fake -0.0114,
Train Epoch: [24/30] Iters:[800/1093] gen_loss 0.2168, rec_loss 0.0110, lpips_loss 0.1326, g_loss 0.0112, disc_weight 0.4000, disc_adaptive_weight 6.5627, d_loss 0.4005, logits_real -0.0127, logits_fake -0.0111,
Train Epoch: [24/30] Iters:[810/1093] gen_loss 0.2161, rec_loss 0.0111, lpips_loss 0.1327, g_loss 0.0107, disc_weight 0.4000, disc_adaptive_weight 6.7598, d_loss 0.4005, logits_real -0.0122, logits_fake -0.0107,
Train Epoch: [24/30] Iters:[820/1093] gen_loss 0.2218, rec_loss 0.0111, lpips_loss 0.1324, g_loss 0.0106, disc_weight 0.4000, disc_adaptive_weight 7.3930, d_loss 0.4005, logits_real -0.0121, logits_fake -0.0106,
Train Epoch: [24/30] Iters:[830/1093] gen_loss 0.2218, rec_loss 0.0113, lpips_loss 0.1334, g_loss 0.0108, disc_weight 0.4000, disc_adaptive_weight 7.1902, d_loss 0.4005, logits_real -0.0124, logits_fake -0.0109,
Train Epoch: [24/30] Iters:[840/1093] gen_loss 0.2233, rec_loss 0.0113, lpips_loss 0.1339, g_loss 0.0112, disc_weight 0.4000, disc_adaptive_weight 7.0757, d_loss 0.4005, logits_real -0.0127, logits_fake -0.0113,
Train Epoch: [24/30] Iters:[850/1093] gen_loss 0.2268, rec_loss 0.0113, lpips_loss 0.1339, g_loss 0.0115, disc_weight 0.4000, disc_adaptive_weight 7.1960, d_loss 0.4005, logits_real -0.0131, logits_fake -0.0117,
Train Epoch: [24/30] Iters:[860/1093] gen_loss 0.2251, rec_loss 0.0113, lpips_loss 0.1336, g_loss 0.0121, disc_weight 0.4000, disc_adaptive_weight 6.7387, d_loss 0.4005, logits_real -0.0137, logits_fake -0.0123,
Train Epoch: [24/30] Iters:[870/1093] gen_loss 0.2303, rec_loss 0.0112, lpips_loss 0.1340, g_loss 0.0126, disc_weight 0.4000, disc_adaptive_weight 6.7194, d_loss 0.4005, logits_real -0.0142, logits_fake -0.0126,
Train Epoch: [24/30] Iters:[880/1093] gen_loss 0.2381, rec_loss 0.0112, lpips_loss 0.1342, g_loss 0.0129, disc_weight 0.4000, disc_adaptive_weight 7.1469, d_loss 0.4005, logits_real -0.0144, logits_fake -0.0128,
Train Epoch: [24/30] Iters:[890/1093] gen_loss 0.2403, rec_loss 0.0112, lpips_loss 0.1340, g_loss 0.0131, disc_weight 0.4000, disc_adaptive_weight 7.2250, d_loss 0.4005, logits_real -0.0144, logits_fake -0.0129,
Train Epoch: [24/30] Iters:[900/1093] gen_loss 0.2426, rec_loss 0.0113, lpips_loss 0.1344, g_loss 0.0135, disc_weight 0.4000, disc_adaptive_weight 7.1645, d_loss 0.4005, logits_real -0.0148, logits_fake -0.0133,
Train Epoch: [24/30] Iters:[910/1093] gen_loss 0.2501, rec_loss 0.0115, lpips_loss 0.1348, g_loss 0.0139, disc_weight 0.4000, disc_adaptive_weight 7.4719, d_loss 0.4005, logits_real -0.0152, logits_fake -0.0137,
Train Epoch: [24/30] Iters:[920/1093] gen_loss 0.2442, rec_loss 0.0115, lpips_loss 0.1343, g_loss 0.0141, disc_weight 0.4000, disc_adaptive_weight 6.9859, d_loss 0.4005, logits_real -0.0153, logits_fake -0.0139,
Train Epoch: [24/30] Iters:[930/1093] gen_loss 0.2410, rec_loss 0.0115, lpips_loss 0.1338, g_loss 0.0141, disc_weight 0.4000, disc_adaptive_weight 6.7871, d_loss 0.4005, logits_real -0.0153, logits_fake -0.0139,
Train Epoch: [24/30] Iters:[940/1093] gen_loss 0.2401, rec_loss 0.0115, lpips_loss 0.1339, g_loss 0.0139, disc_weight 0.4000, disc_adaptive_weight 6.7932, d_loss 0.4005, logits_real -0.0154, logits_fake -0.0138,
Train Epoch: [24/30] Iters:[950/1093] gen_loss 0.2363, rec_loss 0.0114, lpips_loss 0.1334, g_loss 0.0135, disc_weight 0.4000, disc_adaptive_weight 6.7369, d_loss 0.4006, logits_real -0.0151, logits_fake -0.0134,
Train Epoch: [24/30] Iters:[960/1093] gen_loss 0.2308, rec_loss 0.0115, lpips_loss 0.1332, g_loss 0.0129, disc_weight 0.4000, disc_adaptive_weight 6.6723, d_loss 0.4005, logits_real -0.0144, logits_fake -0.0128,
Train Epoch: [24/30] Iters:[970/1093] gen_loss 0.2273, rec_loss 0.0114, lpips_loss 0.1336, g_loss 0.0125, disc_weight 0.4000, disc_adaptive_weight 6.5726, d_loss 0.4005, logits_real -0.0141, logits_fake -0.0125,
Train Epoch: [24/30] Iters:[980/1093] gen_loss 0.2266, rec_loss 0.0114, lpips_loss 0.1337, g_loss 0.0123, disc_weight 0.4000, disc_adaptive_weight 6.6493, d_loss 0.4005, logits_real -0.0140, logits_fake -0.0123,
Train Epoch: [24/30] Iters:[990/1093] gen_loss 0.2251, rec_loss 0.0114, lpips_loss 0.1336, g_loss 0.0122, disc_weight 0.4000, disc_adaptive_weight 6.5609, d_loss 0.4005, logits_real -0.0138, logits_fake -0.0123,
Train Epoch: [24/30] Iters:[1000/1093] gen_loss 0.2249, rec_loss 0.0114, lpips_loss 0.1338, g_loss 0.0122, disc_weight 0.4000, disc_adaptive_weight 6.5310, d_loss 0.4005, logits_real -0.0137, logits_fake -0.0123,
Train Epoch: [24/30] Iters:[1010/1093] gen_loss 0.2225, rec_loss 0.0113, lpips_loss 0.1337, g_loss 0.0122, disc_weight 0.4000, disc_adaptive_weight 6.3474, d_loss 0.4005, logits_real -0.0137, logits_fake -0.0122,
Train Epoch: [24/30] Iters:[1020/1093] gen_loss 0.2223, rec_loss 0.0113, lpips_loss 0.1335, g_loss 0.0120, disc_weight 0.4000, disc_adaptive_weight 6.4836, d_loss 0.4005, logits_real -0.0134, logits_fake -0.0119,
Train Epoch: [24/30] Iters:[1030/1093] gen_loss 0.2178, rec_loss 0.0113, lpips_loss 0.1334, g_loss 0.0117, disc_weight 0.4000, disc_adaptive_weight 6.2262, d_loss 0.4005, logits_real -0.0130, logits_fake -0.0116,
Train Epoch: [24/30] Iters:[1040/1093] gen_loss 0.2169, rec_loss 0.0113, lpips_loss 0.1332, g_loss 0.0117, disc_weight 0.4000, disc_adaptive_weight 6.2063, d_loss 0.4005, logits_real -0.0130, logits_fake -0.0116,
Train Epoch: [24/30] Iters:[1050/1093] gen_loss 0.2162, rec_loss 0.0112, lpips_loss 0.1330, g_loss 0.0117, disc_weight 0.4000, disc_adaptive_weight 6.1582, d_loss 0.4005, logits_real -0.0131, logits_fake -0.0118,
Train Epoch: [24/30] Iters:[1060/1093] gen_loss 0.2167, rec_loss 0.0112, lpips_loss 0.1331, g_loss 0.0117, disc_weight 0.4000, disc_adaptive_weight 6.2157, d_loss 0.4004, logits_real -0.0131, logits_fake -0.0119,
Train Epoch: [24/30] Iters:[1070/1093] gen_loss 0.2149, rec_loss 0.0112, lpips_loss 0.1330, g_loss 0.0117, disc_weight 0.4000, disc_adaptive_weight 6.0783, d_loss 0.4005, logits_real -0.0131, logits_fake -0.0119,
Train Epoch: [24/30] Iters:[1080/1093] gen_loss 0.2169, rec_loss 0.0113, lpips_loss 0.1335, g_loss 0.0117, disc_weight 0.4000, disc_adaptive_weight 6.2269, d_loss 0.4004, logits_real -0.0131, logits_fake -0.0119,
Train Epoch: [24/30] Iters:[1090/1093] gen_loss 0.2143, rec_loss 0.0113, lpips_loss 0.1332, g_loss 0.0115, disc_weight 0.4000, disc_adaptive_weight 6.1160, d_loss 0.4004, logits_real -0.0129, logits_fake -0.0118,
epoch:25, cur_lr:0.000010
Train Epoch: [25/30] Iters:[10/1093] gen_loss 0.2296, rec_loss 0.0112, lpips_loss 0.1338, g_loss 0.0122, disc_weight 0.4000, disc_adaptive_weight 6.9233, d_loss 0.4004, logits_real -0.0127, logits_fake -0.0121,
Train Epoch: [25/30] Iters:[20/1093] gen_loss 0.2294, rec_loss 0.0109, lpips_loss 0.1324, g_loss 0.0115, disc_weight 0.4000, disc_adaptive_weight 7.5789, d_loss 0.4004, logits_real -0.0124, logits_fake -0.0114,
Train Epoch: [25/30] Iters:[30/1093] gen_loss 0.2252, rec_loss 0.0109, lpips_loss 0.1321, g_loss 0.0113, disc_weight 0.4000, disc_adaptive_weight 7.3086, d_loss 0.4004, logits_real -0.0122, logits_fake -0.0112,
Train Epoch: [25/30] Iters:[40/1093] gen_loss 0.2231, rec_loss 0.0110, lpips_loss 0.1325, g_loss 0.0110, disc_weight 0.4000, disc_adaptive_weight 7.2485, d_loss 0.4004, logits_real -0.0120, logits_fake -0.0111,
Train Epoch: [25/30] Iters:[50/1093] gen_loss 0.2201, rec_loss 0.0110, lpips_loss 0.1323, g_loss 0.0107, disc_weight 0.4000, disc_adaptive_weight 7.1365, d_loss 0.4004, logits_real -0.0119, logits_fake -0.0110,
Train Epoch: [25/30] Iters:[60/1093] gen_loss 0.2152, rec_loss 0.0110, lpips_loss 0.1324, g_loss 0.0102, disc_weight 0.4000, disc_adaptive_weight 6.9917, d_loss 0.4004, logits_real -0.0116, logits_fake -0.0107,
Train Epoch: [25/30] Iters:[70/1093] gen_loss 0.2102, rec_loss 0.0111, lpips_loss 0.1331, g_loss 0.0099, disc_weight 0.4000, disc_adaptive_weight 6.6143, d_loss 0.4004, logits_real -0.0114, logits_fake -0.0106,
Train Epoch: [25/30] Iters:[80/1093] gen_loss 0.2074, rec_loss 0.0112, lpips_loss 0.1337, g_loss 0.0097, disc_weight 0.4000, disc_adaptive_weight 6.4366, d_loss 0.4004, logits_real -0.0113, logits_fake -0.0105,
Train Epoch: [25/30] Iters:[90/1093] gen_loss 0.2039, rec_loss 0.0112, lpips_loss 0.1333, g_loss 0.0098, disc_weight 0.4000, disc_adaptive_weight 6.1033, d_loss 0.4005, logits_real -0.0116, logits_fake -0.0103,
Train Epoch: [25/30] Iters:[100/1093] gen_loss 0.2064, rec_loss 0.0112, lpips_loss 0.1334, g_loss 0.0098, disc_weight 0.4000, disc_adaptive_weight 6.3866, d_loss 0.4005, logits_real -0.0118, logits_fake -0.0103,
Train Epoch: [25/30] Iters:[110/1093] gen_loss 0.2074, rec_loss 0.0112, lpips_loss 0.1333, g_loss 0.0097, disc_weight 0.4000, disc_adaptive_weight 6.5070, d_loss 0.4006, logits_real -0.0121, logits_fake -0.0102,
Train Epoch: [25/30] Iters:[120/1093] gen_loss 0.2090, rec_loss 0.0112, lpips_loss 0.1336, g_loss 0.0097, disc_weight 0.4000, disc_adaptive_weight 6.6477, d_loss 0.4006, logits_real -0.0121, logits_fake -0.0101,
Train Epoch: [25/30] Iters:[130/1093] gen_loss 0.2126, rec_loss 0.0112, lpips_loss 0.1335, g_loss 0.0098, disc_weight 0.4000, disc_adaptive_weight 6.9903, d_loss 0.4006, logits_real -0.0120, logits_fake -0.0100,
Train Epoch: [25/30] Iters:[140/1093] gen_loss 0.2168, rec_loss 0.0112, lpips_loss 0.1335, g_loss 0.0096, disc_weight 0.4000, disc_adaptive_weight 7.4817, d_loss 0.4006, logits_real -0.0117, logits_fake -0.0100,
Train Epoch: [25/30] Iters:[150/1093] gen_loss 0.2181, rec_loss 0.0113, lpips_loss 0.1343, g_loss 0.0098, disc_weight 0.4000, disc_adaptive_weight 7.4189, d_loss 0.4005, logits_real -0.0115, logits_fake -0.0099,
Train Epoch: [25/30] Iters:[160/1093] gen_loss 0.2206, rec_loss 0.0113, lpips_loss 0.1338, g_loss 0.0099, disc_weight 0.4000, disc_adaptive_weight 7.6352, d_loss 0.4005, logits_real -0.0115, logits_fake -0.0100,
Train Epoch: [25/30] Iters:[170/1093] gen_loss 0.2218, rec_loss 0.0113, lpips_loss 0.1334, g_loss 0.0102, disc_weight 0.4000, disc_adaptive_weight 7.6046, d_loss 0.4005, logits_real -0.0118, logits_fake -0.0102,
Train Epoch: [25/30] Iters:[180/1093] gen_loss 0.2235, rec_loss 0.0112, lpips_loss 0.1329, g_loss 0.0104, disc_weight 0.4000, disc_adaptive_weight 7.6869, d_loss 0.4005, logits_real -0.0120, logits_fake -0.0105,
Train Epoch: [25/30] Iters:[190/1093] gen_loss 0.2223, rec_loss 0.0113, lpips_loss 0.1332, g_loss 0.0106, disc_weight 0.4000, disc_adaptive_weight 7.3934, d_loss 0.4005, logits_real -0.0123, logits_fake -0.0107,
Train Epoch: [25/30] Iters:[200/1093] gen_loss 0.2220, rec_loss 0.0111, lpips_loss 0.1326, g_loss 0.0111, disc_weight 0.4000, disc_adaptive_weight 7.1307, d_loss 0.4005, logits_real -0.0127, logits_fake -0.0111,
Train Epoch: [25/30] Iters:[210/1093] gen_loss 0.2252, rec_loss 0.0111, lpips_loss 0.1326, g_loss 0.0117, disc_weight 0.4000, disc_adaptive_weight 6.9778, d_loss 0.4005, logits_real -0.0132, logits_fake -0.0117,
Train Epoch: [25/30] Iters:[220/1093] gen_loss 0.2300, rec_loss 0.0111, lpips_loss 0.1327, g_loss 0.0123, disc_weight 0.4000, disc_adaptive_weight 7.0303, d_loss 0.4005, logits_real -0.0137, logits_fake -0.0123,
Train Epoch: [25/30] Iters:[230/1093] gen_loss 0.2340, rec_loss 0.0112, lpips_loss 0.1329, g_loss 0.0129, disc_weight 0.4000, disc_adaptive_weight 6.9637, d_loss 0.4005, logits_real -0.0143, logits_fake -0.0128,
Train Epoch: [25/30] Iters:[240/1093] gen_loss 0.2361, rec_loss 0.0109, lpips_loss 0.1326, g_loss 0.0132, disc_weight 0.4000, disc_adaptive_weight 6.9894, d_loss 0.4005, logits_real -0.0146, logits_fake -0.0131,
Train Epoch: [25/30] Iters:[250/1093] gen_loss 0.2368, rec_loss 0.0111, lpips_loss 0.1325, g_loss 0.0134, disc_weight 0.4000, disc_adaptive_weight 6.9638, d_loss 0.4005, logits_real -0.0147, logits_fake -0.0132,
Train Epoch: [25/30] Iters:[260/1093] gen_loss 0.2316, rec_loss 0.0111, lpips_loss 0.1326, g_loss 0.0133, disc_weight 0.4000, disc_adaptive_weight 6.6249, d_loss 0.4005, logits_real -0.0146, logits_fake -0.0131,
Train Epoch: [25/30] Iters:[270/1093] gen_loss 0.2274, rec_loss 0.0109, lpips_loss 0.1317, g_loss 0.0130, disc_weight 0.4000, disc_adaptive_weight 6.5137, d_loss 0.4005, logits_real -0.0144, logits_fake -0.0130,
Train Epoch: [25/30] Iters:[280/1093] gen_loss 0.2190, rec_loss 0.0108, lpips_loss 0.1315, g_loss 0.0128, disc_weight 0.4000, disc_adaptive_weight 6.0141, d_loss 0.4005, logits_real -0.0141, logits_fake -0.0127,
Train Epoch: [25/30] Iters:[290/1093] gen_loss 0.2212, rec_loss 0.0108, lpips_loss 0.1311, g_loss 0.0130, disc_weight 0.4000, disc_adaptive_weight 6.1133, d_loss 0.4005, logits_real -0.0142, logits_fake -0.0128,
Train Epoch: [25/30] Iters:[300/1093] gen_loss 0.2262, rec_loss 0.0108, lpips_loss 0.1313, g_loss 0.0132, disc_weight 0.4000, disc_adaptive_weight 6.3566, d_loss 0.4004, logits_real -0.0144, logits_fake -0.0132,
Train Epoch: [25/30] Iters:[310/1093] gen_loss 0.2317, rec_loss 0.0108, lpips_loss 0.1318, g_loss 0.0135, disc_weight 0.4000, disc_adaptive_weight 6.5758, d_loss 0.4004, logits_real -0.0148, logits_fake -0.0137,
Train Epoch: [25/30] Iters:[320/1093] gen_loss 0.2314, rec_loss 0.0110, lpips_loss 0.1324, g_loss 0.0139, disc_weight 0.4000, disc_adaptive_weight 6.3125, d_loss 0.4005, logits_real -0.0153, logits_fake -0.0139,
Train Epoch: [25/30] Iters:[330/1093] gen_loss 0.2356, rec_loss 0.0110, lpips_loss 0.1326, g_loss 0.0142, disc_weight 0.4000, disc_adaptive_weight 6.4856, d_loss 0.4005, logits_real -0.0155, logits_fake -0.0140,
Train Epoch: [25/30] Iters:[340/1093] gen_loss 0.2316, rec_loss 0.0110, lpips_loss 0.1328, g_loss 0.0140, disc_weight 0.4000, disc_adaptive_weight 6.2624, d_loss 0.4005, logits_real -0.0154, logits_fake -0.0139,
Train Epoch: [25/30] Iters:[350/1093] gen_loss 0.2243, rec_loss 0.0109, lpips_loss 0.1325, g_loss 0.0136, disc_weight 0.4000, disc_adaptive_weight 5.9326, d_loss 0.4005, logits_real -0.0150, logits_fake -0.0135,
Train Epoch: [25/30] Iters:[360/1093] gen_loss 0.2207, rec_loss 0.0109, lpips_loss 0.1326, g_loss 0.0132, disc_weight 0.4000, disc_adaptive_weight 5.8618, d_loss 0.4005, logits_real -0.0147, logits_fake -0.0130,
Train Epoch: [25/30] Iters:[370/1093] gen_loss 0.2207, rec_loss 0.0109, lpips_loss 0.1324, g_loss 0.0129, disc_weight 0.4000, disc_adaptive_weight 6.0187, d_loss 0.4005, logits_real -0.0142, logits_fake -0.0129,
Train Epoch: [25/30] Iters:[380/1093] gen_loss 0.2201, rec_loss 0.0109, lpips_loss 0.1322, g_loss 0.0128, disc_weight 0.4000, disc_adaptive_weight 6.0179, d_loss 0.4005, logits_real -0.0143, logits_fake -0.0130,
Train Epoch: [25/30] Iters:[390/1093] gen_loss 0.2250, rec_loss 0.0110, lpips_loss 0.1327, g_loss 0.0132, disc_weight 0.4000, disc_adaptive_weight 6.1675, d_loss 0.4005, logits_real -0.0147, logits_fake -0.0133,
Train Epoch: [25/30] Iters:[400/1093] gen_loss 0.2301, rec_loss 0.0111, lpips_loss 0.1332, g_loss 0.0136, disc_weight 0.4000, disc_adaptive_weight 6.2957, d_loss 0.4005, logits_real -0.0152, logits_fake -0.0138,
Train Epoch: [25/30] Iters:[410/1093] gen_loss 0.2310, rec_loss 0.0111, lpips_loss 0.1329, g_loss 0.0141, disc_weight 0.4000, disc_adaptive_weight 6.1821, d_loss 0.4005, logits_real -0.0156, logits_fake -0.0142,
Train Epoch: [25/30] Iters:[420/1093] gen_loss 0.2354, rec_loss 0.0112, lpips_loss 0.1332, g_loss 0.0143, disc_weight 0.4000, disc_adaptive_weight 6.3399, d_loss 0.4005, logits_real -0.0159, logits_fake -0.0144,
Train Epoch: [25/30] Iters:[430/1093] gen_loss 0.2372, rec_loss 0.0111, lpips_loss 0.1330, g_loss 0.0144, disc_weight 0.4000, disc_adaptive_weight 6.4910, d_loss 0.4005, logits_real -0.0160, logits_fake -0.0145,
Train Epoch: [25/30] Iters:[440/1093] gen_loss 0.2366, rec_loss 0.0113, lpips_loss 0.1331, g_loss 0.0142, disc_weight 0.4000, disc_adaptive_weight 6.4764, d_loss 0.4005, logits_real -0.0158, logits_fake -0.0143,
Train Epoch: [25/30] Iters:[450/1093] gen_loss 0.2375, rec_loss 0.0114, lpips_loss 0.1328, g_loss 0.0141, disc_weight 0.4000, disc_adaptive_weight 6.6378, d_loss 0.4005, logits_real -0.0154, logits_fake -0.0142,
Train Epoch: [25/30] Iters:[460/1093] gen_loss 0.2415, rec_loss 0.0114, lpips_loss 0.1328, g_loss 0.0140, disc_weight 0.4000, disc_adaptive_weight 6.9872, d_loss 0.4004, logits_real -0.0153, logits_fake -0.0141,
Train Epoch: [25/30] Iters:[470/1093] gen_loss 0.2377, rec_loss 0.0113, lpips_loss 0.1328, g_loss 0.0139, disc_weight 0.4000, disc_adaptive_weight 6.7783, d_loss 0.4005, logits_real -0.0154, logits_fake -0.0140,
Train Epoch: [25/30] Iters:[480/1093] gen_loss 0.2390, rec_loss 0.0113, lpips_loss 0.1333, g_loss 0.0140, disc_weight 0.4000, disc_adaptive_weight 6.7687, d_loss 0.4005, logits_real -0.0153, logits_fake -0.0140,
Train Epoch: [25/30] Iters:[490/1093] gen_loss 0.2401, rec_loss 0.0111, lpips_loss 0.1329, g_loss 0.0141, disc_weight 0.4000, disc_adaptive_weight 6.8351, d_loss 0.4004, logits_real -0.0153, logits_fake -0.0142,
Train Epoch: [25/30] Iters:[500/1093] gen_loss 0.2377, rec_loss 0.0110, lpips_loss 0.1326, g_loss 0.0141, disc_weight 0.4000, disc_adaptive_weight 6.6707, d_loss 0.4005, logits_real -0.0156, logits_fake -0.0141,
Train Epoch: [25/30] Iters:[510/1093] gen_loss 0.2365, rec_loss 0.0110, lpips_loss 0.1324, g_loss 0.0141, disc_weight 0.4000, disc_adaptive_weight 6.5843, d_loss 0.4005, logits_real -0.0155, logits_fake -0.0140,
Train Epoch: [25/30] Iters:[520/1093] gen_loss 0.2366, rec_loss 0.0109, lpips_loss 0.1322, g_loss 0.0142, disc_weight 0.4000, disc_adaptive_weight 6.6066, d_loss 0.4005, logits_real -0.0152, logits_fake -0.0140,
Train Epoch: [25/30] Iters:[530/1093] gen_loss 0.2345, rec_loss 0.0107, lpips_loss 0.1314, g_loss 0.0140, disc_weight 0.4000, disc_adaptive_weight 6.5948, d_loss 0.4005, logits_real -0.0152, logits_fake -0.0139,
Train Epoch: [25/30] Iters:[540/1093] gen_loss 0.2308, rec_loss 0.0108, lpips_loss 0.1315, g_loss 0.0139, disc_weight 0.4000, disc_adaptive_weight 6.3842, d_loss 0.4005, logits_real -0.0153, logits_fake -0.0140,
Train Epoch: [25/30] Iters:[550/1093] gen_loss 0.2331, rec_loss 0.0108, lpips_loss 0.1319, g_loss 0.0138, disc_weight 0.4000, disc_adaptive_weight 6.5676, d_loss 0.4004, logits_real -0.0150, logits_fake -0.0140,
Train Epoch: [25/30] Iters:[560/1093] gen_loss 0.2321, rec_loss 0.0108, lpips_loss 0.1321, g_loss 0.0136, disc_weight 0.4000, disc_adaptive_weight 6.5484, d_loss 0.4004, logits_real -0.0151, logits_fake -0.0140,
Train Epoch: [25/30] Iters:[570/1093] gen_loss 0.2378, rec_loss 0.0111, lpips_loss 0.1325, g_loss 0.0135, disc_weight 0.4000, disc_adaptive_weight 6.9658, d_loss 0.4005, logits_real -0.0152, logits_fake -0.0138,
Train Epoch: [25/30] Iters:[580/1093] gen_loss 0.2416, rec_loss 0.0114, lpips_loss 0.1339, g_loss 0.0135, disc_weight 0.4000, disc_adaptive_weight 7.1315, d_loss 0.4005, logits_real -0.0153, logits_fake -0.0138,
Train Epoch: [25/30] Iters:[590/1093] gen_loss 0.2457, rec_loss 0.0115, lpips_loss 0.1339, g_loss 0.0134, disc_weight 0.4000, disc_adaptive_weight 7.4824, d_loss 0.4005, logits_real -0.0151, logits_fake -0.0136,
Train Epoch: [25/30] Iters:[600/1093] gen_loss 0.2406, rec_loss 0.0115, lpips_loss 0.1339, g_loss 0.0130, disc_weight 0.4000, disc_adaptive_weight 7.2889, d_loss 0.4006, logits_real -0.0151, logits_fake -0.0133,
Train Epoch: [25/30] Iters:[610/1093] gen_loss 0.2396, rec_loss 0.0115, lpips_loss 0.1340, g_loss 0.0127, disc_weight 0.4000, disc_adaptive_weight 7.3917, d_loss 0.4006, logits_real -0.0147, logits_fake -0.0128,
Train Epoch: [25/30] Iters:[620/1093] gen_loss 0.2370, rec_loss 0.0115, lpips_loss 0.1341, g_loss 0.0126, disc_weight 0.4000, disc_adaptive_weight 7.2791, d_loss 0.4006, logits_real -0.0145, logits_fake -0.0125,
Train Epoch: [25/30] Iters:[630/1093] gen_loss 0.2372, rec_loss 0.0114, lpips_loss 0.1340, g_loss 0.0125, disc_weight 0.4000, disc_adaptive_weight 7.3457, d_loss 0.4006, logits_real -0.0145, logits_fake -0.0126,
Train Epoch: [25/30] Iters:[640/1093] gen_loss 0.2395, rec_loss 0.0114, lpips_loss 0.1336, g_loss 0.0129, disc_weight 0.4000, disc_adaptive_weight 7.3189, d_loss 0.4006, logits_real -0.0148, logits_fake -0.0130,
Train Epoch: [25/30] Iters:[650/1093] gen_loss 0.2469, rec_loss 0.0116, lpips_loss 0.1338, g_loss 0.0134, disc_weight 0.4000, disc_adaptive_weight 7.5812, d_loss 0.4005, logits_real -0.0149, logits_fake -0.0134,
Train Epoch: [25/30] Iters:[660/1093] gen_loss 0.2502, rec_loss 0.0117, lpips_loss 0.1343, g_loss 0.0139, disc_weight 0.4000, disc_adaptive_weight 7.5267, d_loss 0.4005, logits_real -0.0154, logits_fake -0.0139,
Train Epoch: [25/30] Iters:[670/1093] gen_loss 0.2484, rec_loss 0.0117, lpips_loss 0.1343, g_loss 0.0140, disc_weight 0.4000, disc_adaptive_weight 7.3139, d_loss 0.4005, logits_real -0.0154, logits_fake -0.0140,
Train Epoch: [25/30] Iters:[680/1093] gen_loss 0.2442, rec_loss 0.0118, lpips_loss 0.1341, g_loss 0.0137, disc_weight 0.4000, disc_adaptive_weight 7.1869, d_loss 0.4005, logits_real -0.0152, logits_fake -0.0135,
Train Epoch: [25/30] Iters:[690/1093] gen_loss 0.2414, rec_loss 0.0118, lpips_loss 0.1349, g_loss 0.0129, disc_weight 0.4000, disc_adaptive_weight 7.3575, d_loss 0.4006, logits_real -0.0145, logits_fake -0.0127,
Train Epoch: [25/30] Iters:[700/1093] gen_loss 0.2376, rec_loss 0.0117, lpips_loss 0.1349, g_loss 0.0122, disc_weight 0.4000, disc_adaptive_weight 7.5113, d_loss 0.4006, logits_real -0.0139, logits_fake -0.0120,
Train Epoch: [25/30] Iters:[710/1093] gen_loss 0.2303, rec_loss 0.0115, lpips_loss 0.1338, g_loss 0.0116, disc_weight 0.4000, disc_adaptive_weight 7.3806, d_loss 0.4006, logits_real -0.0131, logits_fake -0.0113,
Train Epoch: [25/30] Iters:[720/1093] gen_loss 0.2296, rec_loss 0.0113, lpips_loss 0.1335, g_loss 0.0112, disc_weight 0.4000, disc_adaptive_weight 7.5396, d_loss 0.4005, logits_real -0.0128, logits_fake -0.0111,
Train Epoch: [25/30] Iters:[730/1093] gen_loss 0.2301, rec_loss 0.0111, lpips_loss 0.1329, g_loss 0.0114, disc_weight 0.4000, disc_adaptive_weight 7.5296, d_loss 0.4005, logits_real -0.0129, logits_fake -0.0115,
Train Epoch: [25/30] Iters:[740/1093] gen_loss 0.2275, rec_loss 0.0110, lpips_loss 0.1324, g_loss 0.0114, disc_weight 0.4000, disc_adaptive_weight 7.3516, d_loss 0.4005, logits_real -0.0129, logits_fake -0.0115,
Train Epoch: [25/30] Iters:[750/1093] gen_loss 0.2268, rec_loss 0.0111, lpips_loss 0.1320, g_loss 0.0114, disc_weight 0.4000, disc_adaptive_weight 7.3059, d_loss 0.4005, logits_real -0.0129, logits_fake -0.0115,
Train Epoch: [25/30] Iters:[760/1093] gen_loss 0.2292, rec_loss 0.0113, lpips_loss 0.1327, g_loss 0.0114, disc_weight 0.4000, disc_adaptive_weight 7.4655, d_loss 0.4005, logits_real -0.0130, logits_fake -0.0116,
Train Epoch: [25/30] Iters:[770/1093] gen_loss 0.2339, rec_loss 0.0113, lpips_loss 0.1327, g_loss 0.0116, disc_weight 0.4000, disc_adaptive_weight 7.7187, d_loss 0.4005, logits_real -0.0132, logits_fake -0.0119,
Train Epoch: [25/30] Iters:[780/1093] gen_loss 0.2322, rec_loss 0.0115, lpips_loss 0.1333, g_loss 0.0115, disc_weight 0.4000, disc_adaptive_weight 7.6185, d_loss 0.4005, logits_real -0.0131, logits_fake -0.0117,
Train Epoch: [25/30] Iters:[790/1093] gen_loss 0.2329, rec_loss 0.0115, lpips_loss 0.1335, g_loss 0.0117, disc_weight 0.4000, disc_adaptive_weight 7.5077, d_loss 0.4005, logits_real -0.0130, logits_fake -0.0117,
Train Epoch: [25/30] Iters:[800/1093] gen_loss 0.2282, rec_loss 0.0114, lpips_loss 0.1335, g_loss 0.0119, disc_weight 0.4000, disc_adaptive_weight 7.0240, d_loss 0.4005, logits_real -0.0131, logits_fake -0.0117,
Train Epoch: [25/30] Iters:[810/1093] gen_loss 0.2296, rec_loss 0.0113, lpips_loss 0.1331, g_loss 0.0120, disc_weight 0.4000, disc_adaptive_weight 7.0977, d_loss 0.4005, logits_real -0.0132, logits_fake -0.0118,
Train Epoch: [25/30] Iters:[820/1093] gen_loss 0.2245, rec_loss 0.0114, lpips_loss 0.1335, g_loss 0.0118, disc_weight 0.4000, disc_adaptive_weight 6.7643, d_loss 0.4005, logits_real -0.0131, logits_fake -0.0116,
Train Epoch: [25/30] Iters:[830/1093] gen_loss 0.2212, rec_loss 0.0114, lpips_loss 0.1336, g_loss 0.0117, disc_weight 0.4000, disc_adaptive_weight 6.4886, d_loss 0.4005, logits_real -0.0128, logits_fake -0.0113,
Train Epoch: [25/30] Iters:[840/1093] gen_loss 0.2226, rec_loss 0.0114, lpips_loss 0.1332, g_loss 0.0115, disc_weight 0.4000, disc_adaptive_weight 6.7557, d_loss 0.4005, logits_real -0.0129, logits_fake -0.0114,
Train Epoch: [25/30] Iters:[850/1093] gen_loss 0.2260, rec_loss 0.0114, lpips_loss 0.1335, g_loss 0.0116, disc_weight 0.4000, disc_adaptive_weight 6.9461, d_loss 0.4005, logits_real -0.0131, logits_fake -0.0116,
Train Epoch: [25/30] Iters:[860/1093] gen_loss 0.2281, rec_loss 0.0115, lpips_loss 0.1336, g_loss 0.0120, disc_weight 0.4000, disc_adaptive_weight 6.8706, d_loss 0.4005, logits_real -0.0134, logits_fake -0.0118,
Train Epoch: [25/30] Iters:[870/1093] gen_loss 0.2328, rec_loss 0.0114, lpips_loss 0.1333, g_loss 0.0123, disc_weight 0.4000, disc_adaptive_weight 7.1028, d_loss 0.4005, logits_real -0.0137, logits_fake -0.0123,
Train Epoch: [25/30] Iters:[880/1093] gen_loss 0.2417, rec_loss 0.0113, lpips_loss 0.1329, g_loss 0.0128, disc_weight 0.4000, disc_adaptive_weight 7.5801, d_loss 0.4005, logits_real -0.0143, logits_fake -0.0129,
Train Epoch: [25/30] Iters:[890/1093] gen_loss 0.2449, rec_loss 0.0113, lpips_loss 0.1331, g_loss 0.0133, disc_weight 0.4000, disc_adaptive_weight 7.5479, d_loss 0.4005, logits_real -0.0147, logits_fake -0.0133,
Train Epoch: [25/30] Iters:[900/1093] gen_loss 0.2472, rec_loss 0.0113, lpips_loss 0.1332, g_loss 0.0137, disc_weight 0.4000, disc_adaptive_weight 7.5009, d_loss 0.4005, logits_real -0.0151, logits_fake -0.0137,
Train Epoch: [25/30] Iters:[910/1093] gen_loss 0.2507, rec_loss 0.0113, lpips_loss 0.1332, g_loss 0.0140, disc_weight 0.4000, disc_adaptive_weight 7.5965, d_loss 0.4005, logits_real -0.0155, logits_fake -0.0140,
Train Epoch: [25/30] Iters:[920/1093] gen_loss 0.2455, rec_loss 0.0113, lpips_loss 0.1331, g_loss 0.0141, disc_weight 0.4000, disc_adaptive_weight 7.1769, d_loss 0.4005, logits_real -0.0156, logits_fake -0.0140,
Train Epoch: [25/30] Iters:[930/1093] gen_loss 0.2429, rec_loss 0.0114, lpips_loss 0.1334, g_loss 0.0139, disc_weight 0.4000, disc_adaptive_weight 7.0596, d_loss 0.4005, logits_real -0.0156, logits_fake -0.0139,
Train Epoch: [25/30] Iters:[940/1093] gen_loss 0.2394, rec_loss 0.0113, lpips_loss 0.1335, g_loss 0.0139, disc_weight 0.4000, disc_adaptive_weight 6.7884, d_loss 0.4005, logits_real -0.0155, logits_fake -0.0139,
Train Epoch: [25/30] Iters:[950/1093] gen_loss 0.2377, rec_loss 0.0114, lpips_loss 0.1336, g_loss 0.0135, disc_weight 0.4000, disc_adaptive_weight 6.8464, d_loss 0.4005, logits_real -0.0151, logits_fake -0.0136,
Train Epoch: [25/30] Iters:[960/1093] gen_loss 0.2285, rec_loss 0.0112, lpips_loss 0.1330, g_loss 0.0130, disc_weight 0.4000, disc_adaptive_weight 6.4719, d_loss 0.4005, logits_real -0.0145, logits_fake -0.0129,
Train Epoch: [25/30] Iters:[970/1093] gen_loss 0.2303, rec_loss 0.0113, lpips_loss 0.1332, g_loss 0.0127, disc_weight 0.4000, disc_adaptive_weight 6.7507, d_loss 0.4005, logits_real -0.0141, logits_fake -0.0126,
Train Epoch: [25/30] Iters:[980/1093] gen_loss 0.2305, rec_loss 0.0113, lpips_loss 0.1334, g_loss 0.0126, disc_weight 0.4000, disc_adaptive_weight 6.7789, d_loss 0.4005, logits_real -0.0140, logits_fake -0.0126,
Train Epoch: [25/30] Iters:[990/1093] gen_loss 0.2287, rec_loss 0.0112, lpips_loss 0.1331, g_loss 0.0126, disc_weight 0.4000, disc_adaptive_weight 6.6793, d_loss 0.4005, logits_real -0.0140, logits_fake -0.0126,
Train Epoch: [25/30] Iters:[1000/1093] gen_loss 0.2293, rec_loss 0.0113, lpips_loss 0.1332, g_loss 0.0128, disc_weight 0.4000, disc_adaptive_weight 6.6018, d_loss 0.4005, logits_real -0.0143, logits_fake -0.0127,
Train Epoch: [25/30] Iters:[1010/1093] gen_loss 0.2351, rec_loss 0.0115, lpips_loss 0.1338, g_loss 0.0132, disc_weight 0.4000, disc_adaptive_weight 6.8427, d_loss 0.4005, logits_real -0.0148, logits_fake -0.0133,
Train Epoch: [25/30] Iters:[1020/1093] gen_loss 0.2365, rec_loss 0.0114, lpips_loss 0.1333, g_loss 0.0135, disc_weight 0.4000, disc_adaptive_weight 6.8228, d_loss 0.4005, logits_real -0.0151, logits_fake -0.0134,
Train Epoch: [25/30] Iters:[1030/1093] gen_loss 0.2358, rec_loss 0.0114, lpips_loss 0.1326, g_loss 0.0134, disc_weight 0.4000, disc_adaptive_weight 6.8555, d_loss 0.4005, logits_real -0.0150, logits_fake -0.0134,
Train Epoch: [25/30] Iters:[1040/1093] gen_loss 0.2335, rec_loss 0.0114, lpips_loss 0.1328, g_loss 0.0133, disc_weight 0.4000, disc_adaptive_weight 6.7323, d_loss 0.4005, logits_real -0.0148, logits_fake -0.0133,
Train Epoch: [25/30] Iters:[1050/1093] gen_loss 0.2314, rec_loss 0.0113, lpips_loss 0.1325, g_loss 0.0132, disc_weight 0.4000, disc_adaptive_weight 6.6127, d_loss 0.4005, logits_real -0.0148, logits_fake -0.0133,
Train Epoch: [25/30] Iters:[1060/1093] gen_loss 0.2327, rec_loss 0.0113, lpips_loss 0.1322, g_loss 0.0135, disc_weight 0.4000, disc_adaptive_weight 6.5904, d_loss 0.4005, logits_real -0.0149, logits_fake -0.0135,
Train Epoch: [25/30] Iters:[1070/1093] gen_loss 0.2303, rec_loss 0.0113, lpips_loss 0.1324, g_loss 0.0137, disc_weight 0.4000, disc_adaptive_weight 6.3184, d_loss 0.4004, logits_real -0.0152, logits_fake -0.0139,
Train Epoch: [25/30] Iters:[1080/1093] gen_loss 0.2315, rec_loss 0.0112, lpips_loss 0.1327, g_loss 0.0143, disc_weight 0.4000, disc_adaptive_weight 6.1317, d_loss 0.4005, logits_real -0.0157, logits_fake -0.0143,
Train Epoch: [25/30] Iters:[1090/1093] gen_loss 0.2348, rec_loss 0.0111, lpips_loss 0.1323, g_loss 0.0148, disc_weight 0.4000, disc_adaptive_weight 6.1829, d_loss 0.4005, logits_real -0.0161, logits_fake -0.0148,
Loading pretrained model LPIPS from /home/sunset/.cache/torch/hub/pyiqa/LPIPS_v0.1_alex-df73285e.pth
epoch:26, cur_lr:0.000010
Train Epoch: [26/30] Iters:[10/1093] gen_loss 0.2557, rec_loss 0.0115, lpips_loss 0.1333, g_loss 0.0151, disc_weight 0.4000, disc_adaptive_weight 7.4064, d_loss 0.4005, logits_real -0.0162, logits_fake -0.0148,
Train Epoch: [26/30] Iters:[20/1093] gen_loss 0.2474, rec_loss 0.0114, lpips_loss 0.1332, g_loss 0.0149, disc_weight 0.4000, disc_adaptive_weight 6.9288, d_loss 0.4005, logits_real -0.0163, logits_fake -0.0147,
Train Epoch: [26/30] Iters:[30/1093] gen_loss 0.2458, rec_loss 0.0118, lpips_loss 0.1338, g_loss 0.0144, disc_weight 0.4000, disc_adaptive_weight 6.9703, d_loss 0.4005, logits_real -0.0158, logits_fake -0.0144,
Train Epoch: [26/30] Iters:[40/1093] gen_loss 0.2435, rec_loss 0.0115, lpips_loss 0.1333, g_loss 0.0143, disc_weight 0.4000, disc_adaptive_weight 6.9006, d_loss 0.4005, logits_real -0.0157, logits_fake -0.0143,
Train Epoch: [26/30] Iters:[50/1093] gen_loss 0.2427, rec_loss 0.0115, lpips_loss 0.1335, g_loss 0.0141, disc_weight 0.4000, disc_adaptive_weight 6.9505, d_loss 0.4005, logits_real -0.0154, logits_fake -0.0141,
Train Epoch: [26/30] Iters:[60/1093] gen_loss 0.2391, rec_loss 0.0114, lpips_loss 0.1334, g_loss 0.0136, disc_weight 0.4000, disc_adaptive_weight 6.9239, d_loss 0.4004, logits_real -0.0150, logits_fake -0.0137,
Train Epoch: [26/30] Iters:[70/1093] gen_loss 0.2364, rec_loss 0.0113, lpips_loss 0.1332, g_loss 0.0133, disc_weight 0.4000, disc_adaptive_weight 6.9389, d_loss 0.4004, logits_real -0.0145, logits_fake -0.0133,
Train Epoch: [26/30] Iters:[80/1093] gen_loss 0.2362, rec_loss 0.0110, lpips_loss 0.1325, g_loss 0.0131, disc_weight 0.4000, disc_adaptive_weight 7.1072, d_loss 0.4005, logits_real -0.0143, logits_fake -0.0130,
Train Epoch: [26/30] Iters:[90/1093] gen_loss 0.2387, rec_loss 0.0111, lpips_loss 0.1329, g_loss 0.0130, disc_weight 0.4000, disc_adaptive_weight 7.2892, d_loss 0.4005, logits_real -0.0143, logits_fake -0.0129,
Train Epoch: [26/30] Iters:[100/1093] gen_loss 0.2356, rec_loss 0.0110, lpips_loss 0.1327, g_loss 0.0130, disc_weight 0.4000, disc_adaptive_weight 7.0730, d_loss 0.4005, logits_real -0.0145, logits_fake -0.0129,
Train Epoch: [26/30] Iters:[110/1093] gen_loss 0.2341, rec_loss 0.0110, lpips_loss 0.1327, g_loss 0.0132, disc_weight 0.4000, disc_adaptive_weight 6.8949, d_loss 0.4005, logits_real -0.0146, logits_fake -0.0130,
Train Epoch: [26/30] Iters:[120/1093] gen_loss 0.2343, rec_loss 0.0111, lpips_loss 0.1331, g_loss 0.0133, disc_weight 0.4000, disc_adaptive_weight 6.7887, d_loss 0.4005, logits_real -0.0148, logits_fake -0.0133,
Train Epoch: [26/30] Iters:[130/1093] gen_loss 0.2294, rec_loss 0.0110, lpips_loss 0.1330, g_loss 0.0135, disc_weight 0.4000, disc_adaptive_weight 6.3131, d_loss 0.4005, logits_real -0.0150, logits_fake -0.0135,
Train Epoch: [26/30] Iters:[140/1093] gen_loss 0.2277, rec_loss 0.0110, lpips_loss 0.1330, g_loss 0.0135, disc_weight 0.4000, disc_adaptive_weight 6.2293, d_loss 0.4005, logits_real -0.0149, logits_fake -0.0135,
Train Epoch: [26/30] Iters:[150/1093] gen_loss 0.2271, rec_loss 0.0110, lpips_loss 0.1328, g_loss 0.0136, disc_weight 0.4000, disc_adaptive_weight 6.1592, d_loss 0.4005, logits_real -0.0149, logits_fake -0.0135,
Train Epoch: [26/30] Iters:[160/1093] gen_loss 0.2279, rec_loss 0.0111, lpips_loss 0.1327, g_loss 0.0135, disc_weight 0.4000, disc_adaptive_weight 6.2726, d_loss 0.4005, logits_real -0.0148, logits_fake -0.0134,
Train Epoch: [26/30] Iters:[170/1093] gen_loss 0.2269, rec_loss 0.0111, lpips_loss 0.1325, g_loss 0.0134, disc_weight 0.4000, disc_adaptive_weight 6.2317, d_loss 0.4005, logits_real -0.0147, logits_fake -0.0133,
Train Epoch: [26/30] Iters:[180/1093] gen_loss 0.2293, rec_loss 0.0111, lpips_loss 0.1327, g_loss 0.0133, disc_weight 0.4000, disc_adaptive_weight 6.4602, d_loss 0.4004, logits_real -0.0145, logits_fake -0.0132,
Train Epoch: [26/30] Iters:[190/1093] gen_loss 0.2256, rec_loss 0.0111, lpips_loss 0.1325, g_loss 0.0130, disc_weight 0.4000, disc_adaptive_weight 6.2921, d_loss 0.4004, logits_real -0.0143, logits_fake -0.0130,
Train Epoch: [26/30] Iters:[200/1093] gen_loss 0.2272, rec_loss 0.0111, lpips_loss 0.1325, g_loss 0.0127, disc_weight 0.4000, disc_adaptive_weight 6.5842, d_loss 0.4005, logits_real -0.0141, logits_fake -0.0127,
Train Epoch: [26/30] Iters:[210/1093] gen_loss 0.2246, rec_loss 0.0112, lpips_loss 0.1330, g_loss 0.0125, disc_weight 0.4000, disc_adaptive_weight 6.4365, d_loss 0.4005, logits_real -0.0139, logits_fake -0.0125,
Train Epoch: [26/30] Iters:[220/1093] gen_loss 0.2274, rec_loss 0.0112, lpips_loss 0.1329, g_loss 0.0127, disc_weight 0.4000, disc_adaptive_weight 6.5802, d_loss 0.4005, logits_real -0.0140, logits_fake -0.0126,
Train Epoch: [26/30] Iters:[230/1093] gen_loss 0.2260, rec_loss 0.0113, lpips_loss 0.1332, g_loss 0.0129, disc_weight 0.4000, disc_adaptive_weight 6.3391, d_loss 0.4005, logits_real -0.0143, logits_fake -0.0129,
Train Epoch: [26/30] Iters:[240/1093] gen_loss 0.2296, rec_loss 0.0113, lpips_loss 0.1335, g_loss 0.0132, disc_weight 0.4000, disc_adaptive_weight 6.4635, d_loss 0.4005, logits_real -0.0146, logits_fake -0.0132,
Train Epoch: [26/30] Iters:[250/1093] gen_loss 0.2279, rec_loss 0.0113, lpips_loss 0.1334, g_loss 0.0132, disc_weight 0.4000, disc_adaptive_weight 6.3058, d_loss 0.4004, logits_real -0.0146, logits_fake -0.0133,
Train Epoch: [26/30] Iters:[260/1093] gen_loss 0.2295, rec_loss 0.0113, lpips_loss 0.1335, g_loss 0.0132, disc_weight 0.4000, disc_adaptive_weight 6.4326, d_loss 0.4004, logits_real -0.0145, logits_fake -0.0132,
Train Epoch: [26/30] Iters:[270/1093] gen_loss 0.2295, rec_loss 0.0113, lpips_loss 0.1339, g_loss 0.0131, disc_weight 0.4000, disc_adaptive_weight 6.4491, d_loss 0.4005, logits_real -0.0143, logits_fake -0.0130,
Train Epoch: [26/30] Iters:[280/1093] gen_loss 0.2350, rec_loss 0.0113, lpips_loss 0.1337, g_loss 0.0130, disc_weight 0.4000, disc_adaptive_weight 6.8783, d_loss 0.4005, logits_real -0.0144, logits_fake -0.0129,
Train Epoch: [26/30] Iters:[290/1093] gen_loss 0.2347, rec_loss 0.0113, lpips_loss 0.1332, g_loss 0.0131, disc_weight 0.4000, disc_adaptive_weight 6.8944, d_loss 0.4005, logits_real -0.0144, logits_fake -0.0128,
Train Epoch: [26/30] Iters:[300/1093] gen_loss 0.2352, rec_loss 0.0113, lpips_loss 0.1330, g_loss 0.0133, disc_weight 0.4000, disc_adaptive_weight 6.8393, d_loss 0.4005, logits_real -0.0146, logits_fake -0.0130,
Train Epoch: [26/30] Iters:[310/1093] gen_loss 0.2382, rec_loss 0.0113, lpips_loss 0.1327, g_loss 0.0135, disc_weight 0.4000, disc_adaptive_weight 6.9691, d_loss 0.4005, logits_real -0.0148, logits_fake -0.0133,
Train Epoch: [26/30] Iters:[320/1093] gen_loss 0.2393, rec_loss 0.0114, lpips_loss 0.1326, g_loss 0.0136, disc_weight 0.4000, disc_adaptive_weight 6.9884, d_loss 0.4005, logits_real -0.0150, logits_fake -0.0135,
Train Epoch: [26/30] Iters:[330/1093] gen_loss 0.2363, rec_loss 0.0114, lpips_loss 0.1324, g_loss 0.0137, disc_weight 0.4000, disc_adaptive_weight 6.7520, d_loss 0.4005, logits_real -0.0151, logits_fake -0.0137,
Train Epoch: [26/30] Iters:[340/1093] gen_loss 0.2399, rec_loss 0.0114, lpips_loss 0.1331, g_loss 0.0139, disc_weight 0.4000, disc_adaptive_weight 6.8623, d_loss 0.4005, logits_real -0.0151, logits_fake -0.0138,
Train Epoch: [26/30] Iters:[350/1093] gen_loss 0.2433, rec_loss 0.0115, lpips_loss 0.1332, g_loss 0.0138, disc_weight 0.4000, disc_adaptive_weight 7.1161, d_loss 0.4005, logits_real -0.0152, logits_fake -0.0138,
Train Epoch: [26/30] Iters:[360/1093] gen_loss 0.2391, rec_loss 0.0114, lpips_loss 0.1328, g_loss 0.0138, disc_weight 0.4000, disc_adaptive_weight 6.8808, d_loss 0.4005, logits_real -0.0151, logits_fake -0.0137,
Train Epoch: [26/30] Iters:[370/1093] gen_loss 0.2379, rec_loss 0.0111, lpips_loss 0.1321, g_loss 0.0133, disc_weight 0.4000, disc_adaptive_weight 7.0854, d_loss 0.4005, logits_real -0.0147, logits_fake -0.0133,
Train Epoch: [26/30] Iters:[380/1093] gen_loss 0.2344, rec_loss 0.0111, lpips_loss 0.1320, g_loss 0.0128, disc_weight 0.4000, disc_adaptive_weight 7.0792, d_loss 0.4005, logits_real -0.0141, logits_fake -0.0128,
Train Epoch: [26/30] Iters:[390/1093] gen_loss 0.2258, rec_loss 0.0110, lpips_loss 0.1320, g_loss 0.0122, disc_weight 0.4000, disc_adaptive_weight 6.7723, d_loss 0.4005, logits_real -0.0136, logits_fake -0.0123,
Train Epoch: [26/30] Iters:[400/1093] gen_loss 0.2207, rec_loss 0.0110, lpips_loss 0.1322, g_loss 0.0119, disc_weight 0.4000, disc_adaptive_weight 6.4687, d_loss 0.4005, logits_real -0.0133, logits_fake -0.0120,
Train Epoch: [26/30] Iters:[410/1093] gen_loss 0.2223, rec_loss 0.0111, lpips_loss 0.1329, g_loss 0.0118, disc_weight 0.4000, disc_adaptive_weight 6.6394, d_loss 0.4005, logits_real -0.0132, logits_fake -0.0119,
Train Epoch: [26/30] Iters:[420/1093] gen_loss 0.2195, rec_loss 0.0113, lpips_loss 0.1332, g_loss 0.0117, disc_weight 0.4000, disc_adaptive_weight 6.4437, d_loss 0.4005, logits_real -0.0132, logits_fake -0.0118,
Train Epoch: [26/30] Iters:[430/1093] gen_loss 0.2207, rec_loss 0.0113, lpips_loss 0.1333, g_loss 0.0118, disc_weight 0.4000, disc_adaptive_weight 6.4614, d_loss 0.4005, logits_real -0.0133, logits_fake -0.0119,
Train Epoch: [26/30] Iters:[440/1093] gen_loss 0.2258, rec_loss 0.0113, lpips_loss 0.1325, g_loss 0.0121, disc_weight 0.4000, disc_adaptive_weight 6.7754, d_loss 0.4005, logits_real -0.0136, logits_fake -0.0122,
Train Epoch: [26/30] Iters:[450/1093] gen_loss 0.2325, rec_loss 0.0113, lpips_loss 0.1329, g_loss 0.0123, disc_weight 0.4000, disc_adaptive_weight 7.1363, d_loss 0.4005, logits_real -0.0138, logits_fake -0.0123,
Train Epoch: [26/30] Iters:[460/1093] gen_loss 0.2349, rec_loss 0.0113, lpips_loss 0.1328, g_loss 0.0126, disc_weight 0.4000, disc_adaptive_weight 7.2059, d_loss 0.4005, logits_real -0.0140, logits_fake -0.0125,
Train Epoch: [26/30] Iters:[470/1093] gen_loss 0.2381, rec_loss 0.0112, lpips_loss 0.1327, g_loss 0.0128, disc_weight 0.4000, disc_adaptive_weight 7.3669, d_loss 0.4005, logits_real -0.0142, logits_fake -0.0126,
Train Epoch: [26/30] Iters:[480/1093] gen_loss 0.2404, rec_loss 0.0112, lpips_loss 0.1326, g_loss 0.0132, disc_weight 0.4000, disc_adaptive_weight 7.3708, d_loss 0.4005, logits_real -0.0146, logits_fake -0.0131,
Train Epoch: [26/30] Iters:[490/1093] gen_loss 0.2455, rec_loss 0.0114, lpips_loss 0.1338, g_loss 0.0136, disc_weight 0.4000, disc_adaptive_weight 7.3859, d_loss 0.4005, logits_real -0.0152, logits_fake -0.0136,
Train Epoch: [26/30] Iters:[500/1093] gen_loss 0.2459, rec_loss 0.0114, lpips_loss 0.1339, g_loss 0.0141, disc_weight 0.4000, disc_adaptive_weight 7.1729, d_loss 0.4005, logits_real -0.0157, logits_fake -0.0141,
Train Epoch: [26/30] Iters:[510/1093] gen_loss 0.2421, rec_loss 0.0113, lpips_loss 0.1332, g_loss 0.0144, disc_weight 0.4000, disc_adaptive_weight 6.8246, d_loss 0.4005, logits_real -0.0160, logits_fake -0.0144,
Train Epoch: [26/30] Iters:[520/1093] gen_loss 0.2435, rec_loss 0.0113, lpips_loss 0.1331, g_loss 0.0144, disc_weight 0.4000, disc_adaptive_weight 6.9254, d_loss 0.4005, logits_real -0.0159, logits_fake -0.0146,
Train Epoch: [26/30] Iters:[530/1093] gen_loss 0.2403, rec_loss 0.0112, lpips_loss 0.1331, g_loss 0.0140, disc_weight 0.4000, disc_adaptive_weight 6.8405, d_loss 0.4005, logits_real -0.0155, logits_fake -0.0141,
Train Epoch: [26/30] Iters:[540/1093] gen_loss 0.2372, rec_loss 0.0111, lpips_loss 0.1325, g_loss 0.0137, disc_weight 0.4000, disc_adaptive_weight 6.8345, d_loss 0.4004, logits_real -0.0151, logits_fake -0.0138,
Train Epoch: [26/30] Iters:[550/1093] gen_loss 0.2374, rec_loss 0.0110, lpips_loss 0.1321, g_loss 0.0133, disc_weight 0.4000, disc_adaptive_weight 7.1412, d_loss 0.4004, logits_real -0.0146, logits_fake -0.0134,
Train Epoch: [26/30] Iters:[560/1093] gen_loss 0.2420, rec_loss 0.0112, lpips_loss 0.1331, g_loss 0.0129, disc_weight 0.4000, disc_adaptive_weight 7.5471, d_loss 0.4004, logits_real -0.0142, logits_fake -0.0130,
Train Epoch: [26/30] Iters:[570/1093] gen_loss 0.2385, rec_loss 0.0114, lpips_loss 0.1334, g_loss 0.0129, disc_weight 0.4000, disc_adaptive_weight 7.2312, d_loss 0.4005, logits_real -0.0142, logits_fake -0.0128,
Train Epoch: [26/30] Iters:[580/1093] gen_loss 0.2454, rec_loss 0.0115, lpips_loss 0.1336, g_loss 0.0131, disc_weight 0.4000, disc_adaptive_weight 7.6222, d_loss 0.4005, logits_real -0.0144, logits_fake -0.0131,
Train Epoch: [26/30] Iters:[590/1093] gen_loss 0.2457, rec_loss 0.0114, lpips_loss 0.1335, g_loss 0.0132, disc_weight 0.4000, disc_adaptive_weight 7.6254, d_loss 0.4005, logits_real -0.0146, logits_fake -0.0133,
Train Epoch: [26/30] Iters:[600/1093] gen_loss 0.2406, rec_loss 0.0115, lpips_loss 0.1338, g_loss 0.0134, disc_weight 0.4000, disc_adaptive_weight 7.1125, d_loss 0.4005, logits_real -0.0150, logits_fake -0.0134,
Train Epoch: [26/30] Iters:[610/1093] gen_loss 0.2433, rec_loss 0.0113, lpips_loss 0.1334, g_loss 0.0136, disc_weight 0.4000, disc_adaptive_weight 7.2454, d_loss 0.4005, logits_real -0.0152, logits_fake -0.0136,
Train Epoch: [26/30] Iters:[620/1093] gen_loss 0.2474, rec_loss 0.0112, lpips_loss 0.1334, g_loss 0.0139, disc_weight 0.4000, disc_adaptive_weight 7.4154, d_loss 0.4005, logits_real -0.0155, logits_fake -0.0139,
Train Epoch: [26/30] Iters:[630/1093] gen_loss 0.2468, rec_loss 0.0111, lpips_loss 0.1334, g_loss 0.0143, disc_weight 0.4000, disc_adaptive_weight 7.1709, d_loss 0.4005, logits_real -0.0159, logits_fake -0.0142,
Train Epoch: [26/30] Iters:[640/1093] gen_loss 0.2533, rec_loss 0.0112, lpips_loss 0.1337, g_loss 0.0146, disc_weight 0.4000, disc_adaptive_weight 7.4108, d_loss 0.4005, logits_real -0.0160, logits_fake -0.0144,
Train Epoch: [26/30] Iters:[650/1093] gen_loss 0.2592, rec_loss 0.0113, lpips_loss 0.1339, g_loss 0.0147, disc_weight 0.4000, disc_adaptive_weight 7.7679, d_loss 0.4005, logits_real -0.0159, logits_fake -0.0144,
Train Epoch: [26/30] Iters:[660/1093] gen_loss 0.2583, rec_loss 0.0113, lpips_loss 0.1337, g_loss 0.0147, disc_weight 0.4000, disc_adaptive_weight 7.6883, d_loss 0.4005, logits_real -0.0161, logits_fake -0.0146,
Train Epoch: [26/30] Iters:[670/1093] gen_loss 0.2553, rec_loss 0.0113, lpips_loss 0.1335, g_loss 0.0148, disc_weight 0.4000, disc_adaptive_weight 7.4407, d_loss 0.4005, logits_real -0.0161, logits_fake -0.0147,
Train Epoch: [26/30] Iters:[680/1093] gen_loss 0.2569, rec_loss 0.0114, lpips_loss 0.1334, g_loss 0.0144, disc_weight 0.4000, disc_adaptive_weight 7.7581, d_loss 0.4005, logits_real -0.0159, logits_fake -0.0143,
Train Epoch: [26/30] Iters:[690/1093] gen_loss 0.2475, rec_loss 0.0113, lpips_loss 0.1328, g_loss 0.0140, disc_weight 0.4000, disc_adaptive_weight 7.3812, d_loss 0.4005, logits_real -0.0156, logits_fake -0.0138,
Train Epoch: [26/30] Iters:[700/1093] gen_loss 0.2422, rec_loss 0.0112, lpips_loss 0.1320, g_loss 0.0135, disc_weight 0.4000, disc_adaptive_weight 7.2934, d_loss 0.4005, logits_real -0.0150, logits_fake -0.0134,
Train Epoch: [26/30] Iters:[710/1093] gen_loss 0.2332, rec_loss 0.0112, lpips_loss 0.1322, g_loss 0.0130, disc_weight 0.4000, disc_adaptive_weight 6.8294, d_loss 0.4005, logits_real -0.0145, logits_fake -0.0129,
Train Epoch: [26/30] Iters:[720/1093] gen_loss 0.2330, rec_loss 0.0112, lpips_loss 0.1324, g_loss 0.0127, disc_weight 0.4000, disc_adaptive_weight 6.9816, d_loss 0.4005, logits_real -0.0142, logits_fake -0.0128,
Train Epoch: [26/30] Iters:[730/1093] gen_loss 0.2288, rec_loss 0.0113, lpips_loss 0.1325, g_loss 0.0129, disc_weight 0.4000, disc_adaptive_weight 6.5764, d_loss 0.4005, logits_real -0.0143, logits_fake -0.0128,
Train Epoch: [26/30] Iters:[740/1093] gen_loss 0.2344, rec_loss 0.0113, lpips_loss 0.1330, g_loss 0.0132, disc_weight 0.4000, disc_adaptive_weight 6.7719, d_loss 0.4005, logits_real -0.0145, logits_fake -0.0131,
Train Epoch: [26/30] Iters:[750/1093] gen_loss 0.2377, rec_loss 0.0113, lpips_loss 0.1331, g_loss 0.0136, disc_weight 0.4000, disc_adaptive_weight 6.8252, d_loss 0.4005, logits_real -0.0148, logits_fake -0.0135,
Train Epoch: [26/30] Iters:[760/1093] gen_loss 0.2438, rec_loss 0.0113, lpips_loss 0.1330, g_loss 0.0140, disc_weight 0.4000, disc_adaptive_weight 7.0942, d_loss 0.4004, logits_real -0.0151, logits_fake -0.0139,
Train Epoch: [26/30] Iters:[770/1093] gen_loss 0.2421, rec_loss 0.0113, lpips_loss 0.1331, g_loss 0.0141, disc_weight 0.4000, disc_adaptive_weight 6.8968, d_loss 0.4004, logits_real -0.0152, logits_fake -0.0139,
Train Epoch: [26/30] Iters:[780/1093] gen_loss 0.2412, rec_loss 0.0112, lpips_loss 0.1332, g_loss 0.0139, disc_weight 0.4000, disc_adaptive_weight 6.9193, d_loss 0.4004, logits_real -0.0151, logits_fake -0.0138,
Train Epoch: [26/30] Iters:[790/1093] gen_loss 0.2353, rec_loss 0.0112, lpips_loss 0.1326, g_loss 0.0137, disc_weight 0.4000, disc_adaptive_weight 6.6830, d_loss 0.4004, logits_real -0.0150, logits_fake -0.0137,
Train Epoch: [26/30] Iters:[800/1093] gen_loss 0.2342, rec_loss 0.0112, lpips_loss 0.1328, g_loss 0.0138, disc_weight 0.4000, disc_adaptive_weight 6.5780, d_loss 0.4005, logits_real -0.0151, logits_fake -0.0136,
Train Epoch: [26/30] Iters:[810/1093] gen_loss 0.2344, rec_loss 0.0111, lpips_loss 0.1323, g_loss 0.0137, disc_weight 0.4000, disc_adaptive_weight 6.6862, d_loss 0.4005, logits_real -0.0153, logits_fake -0.0136,
Train Epoch: [26/30] Iters:[820/1093] gen_loss 0.2319, rec_loss 0.0110, lpips_loss 0.1323, g_loss 0.0136, disc_weight 0.4000, disc_adaptive_weight 6.5440, d_loss 0.4005, logits_real -0.0152, logits_fake -0.0136,
Train Epoch: [26/30] Iters:[830/1093] gen_loss 0.2355, rec_loss 0.0109, lpips_loss 0.1320, g_loss 0.0136, disc_weight 0.4000, disc_adaptive_weight 6.8238, d_loss 0.4005, logits_real -0.0151, logits_fake -0.0135,
Train Epoch: [26/30] Iters:[840/1093] gen_loss 0.2361, rec_loss 0.0109, lpips_loss 0.1322, g_loss 0.0135, disc_weight 0.4000, disc_adaptive_weight 6.9113, d_loss 0.4005, logits_real -0.0149, logits_fake -0.0133,
Train Epoch: [26/30] Iters:[850/1093] gen_loss 0.2356, rec_loss 0.0109, lpips_loss 0.1322, g_loss 0.0130, disc_weight 0.4000, disc_adaptive_weight 7.0768, d_loss 0.4005, logits_real -0.0146, logits_fake -0.0132,
Train Epoch: [26/30] Iters:[860/1093] gen_loss 0.2282, rec_loss 0.0110, lpips_loss 0.1324, g_loss 0.0128, disc_weight 0.4000, disc_adaptive_weight 6.5831, d_loss 0.4005, logits_real -0.0144, logits_fake -0.0129,
Train Epoch: [26/30] Iters:[870/1093] gen_loss 0.2279, rec_loss 0.0109, lpips_loss 0.1320, g_loss 0.0128, disc_weight 0.4000, disc_adaptive_weight 6.6039, d_loss 0.4005, logits_real -0.0143, logits_fake -0.0128,
Train Epoch: [26/30] Iters:[880/1093] gen_loss 0.2211, rec_loss 0.0111, lpips_loss 0.1327, g_loss 0.0125, disc_weight 0.4000, disc_adaptive_weight 6.1610, d_loss 0.4005, logits_real -0.0142, logits_fake -0.0127,
Train Epoch: [26/30] Iters:[890/1093] gen_loss 0.2190, rec_loss 0.0110, lpips_loss 0.1328, g_loss 0.0124, disc_weight 0.4000, disc_adaptive_weight 6.0292, d_loss 0.4005, logits_real -0.0142, logits_fake -0.0126,
Train Epoch: [26/30] Iters:[900/1093] gen_loss 0.2191, rec_loss 0.0111, lpips_loss 0.1330, g_loss 0.0126, disc_weight 0.4000, disc_adaptive_weight 5.9439, d_loss 0.4005, logits_real -0.0143, logits_fake -0.0127,
Train Epoch: [26/30] Iters:[910/1093] gen_loss 0.2233, rec_loss 0.0111, lpips_loss 0.1326, g_loss 0.0128, disc_weight 0.4000, disc_adaptive_weight 6.2243, d_loss 0.4005, logits_real -0.0144, logits_fake -0.0130,
Train Epoch: [26/30] Iters:[920/1093] gen_loss 0.2332, rec_loss 0.0112, lpips_loss 0.1332, g_loss 0.0128, disc_weight 0.4000, disc_adaptive_weight 6.9516, d_loss 0.4005, logits_real -0.0144, logits_fake -0.0130,
Train Epoch: [26/30] Iters:[930/1093] gen_loss 0.2379, rec_loss 0.0111, lpips_loss 0.1326, g_loss 0.0128, disc_weight 0.4000, disc_adaptive_weight 7.3365, d_loss 0.4005, logits_real -0.0145, logits_fake -0.0130,
Train Epoch: [26/30] Iters:[940/1093] gen_loss 0.2442, rec_loss 0.0112, lpips_loss 0.1324, g_loss 0.0130, disc_weight 0.4000, disc_adaptive_weight 7.7036, d_loss 0.4005, logits_real -0.0147, logits_fake -0.0131,
Train Epoch: [26/30] Iters:[950/1093] gen_loss 0.2441, rec_loss 0.0112, lpips_loss 0.1326, g_loss 0.0131, disc_weight 0.4000, disc_adaptive_weight 7.6220, d_loss 0.4005, logits_real -0.0149, logits_fake -0.0132,
Train Epoch: [26/30] Iters:[960/1093] gen_loss 0.2487, rec_loss 0.0114, lpips_loss 0.1334, g_loss 0.0133, disc_weight 0.4000, disc_adaptive_weight 7.8455, d_loss 0.4005, logits_real -0.0150, logits_fake -0.0132,
Train Epoch: [26/30] Iters:[970/1093] gen_loss 0.2420, rec_loss 0.0113, lpips_loss 0.1332, g_loss 0.0134, disc_weight 0.4000, disc_adaptive_weight 7.2720, d_loss 0.4005, logits_real -0.0151, logits_fake -0.0134,
Train Epoch: [26/30] Iters:[980/1093] gen_loss 0.2427, rec_loss 0.0112, lpips_loss 0.1330, g_loss 0.0137, disc_weight 0.4000, disc_adaptive_weight 7.1944, d_loss 0.4005, logits_real -0.0152, logits_fake -0.0136,
Train Epoch: [26/30] Iters:[990/1093] gen_loss 0.2351, rec_loss 0.0112, lpips_loss 0.1335, g_loss 0.0135, disc_weight 0.4000, disc_adaptive_weight 6.6722, d_loss 0.4004, logits_real -0.0149, logits_fake -0.0136,
Train Epoch: [26/30] Iters:[1000/1093] gen_loss 0.2315, rec_loss 0.0112, lpips_loss 0.1331, g_loss 0.0133, disc_weight 0.4000, disc_adaptive_weight 6.5252, d_loss 0.4004, logits_real -0.0147, logits_fake -0.0134,
Train Epoch: [26/30] Iters:[1010/1093] gen_loss 0.2266, rec_loss 0.0111, lpips_loss 0.1327, g_loss 0.0132, disc_weight 0.4000, disc_adaptive_weight 6.2326, d_loss 0.4004, logits_real -0.0147, logits_fake -0.0134,
Train Epoch: [26/30] Iters:[1020/1093] gen_loss 0.2311, rec_loss 0.0112, lpips_loss 0.1327, g_loss 0.0132, disc_weight 0.4000, disc_adaptive_weight 6.5918, d_loss 0.4004, logits_real -0.0145, logits_fake -0.0132,
Train Epoch: [26/30] Iters:[1030/1093] gen_loss 0.2275, rec_loss 0.0114, lpips_loss 0.1330, g_loss 0.0130, disc_weight 0.4000, disc_adaptive_weight 6.3714, d_loss 0.4004, logits_real -0.0142, logits_fake -0.0129,
Train Epoch: [26/30] Iters:[1040/1093] gen_loss 0.2332, rec_loss 0.0113, lpips_loss 0.1327, g_loss 0.0131, disc_weight 0.4000, disc_adaptive_weight 6.7938, d_loss 0.4004, logits_real -0.0142, logits_fake -0.0129,
Train Epoch: [26/30] Iters:[1050/1093] gen_loss 0.2375, rec_loss 0.0113, lpips_loss 0.1330, g_loss 0.0135, disc_weight 0.4000, disc_adaptive_weight 6.9195, d_loss 0.4005, logits_real -0.0144, logits_fake -0.0130,
Train Epoch: [26/30] Iters:[1060/1093] gen_loss 0.2430, rec_loss 0.0113, lpips_loss 0.1333, g_loss 0.0137, disc_weight 0.4000, disc_adaptive_weight 7.1912, d_loss 0.4004, logits_real -0.0146, logits_fake -0.0134,
Train Epoch: [26/30] Iters:[1070/1093] gen_loss 0.2408, rec_loss 0.0112, lpips_loss 0.1333, g_loss 0.0138, disc_weight 0.4000, disc_adaptive_weight 6.9694, d_loss 0.4004, logits_real -0.0148, logits_fake -0.0137,
Train Epoch: [26/30] Iters:[1080/1093] gen_loss 0.2495, rec_loss 0.0113, lpips_loss 0.1337, g_loss 0.0143, disc_weight 0.4000, disc_adaptive_weight 7.2864, d_loss 0.4004, logits_real -0.0156, logits_fake -0.0143,
Train Epoch: [26/30] Iters:[1090/1093] gen_loss 0.2489, rec_loss 0.0114, lpips_loss 0.1335, g_loss 0.0147, disc_weight 0.4000, disc_adaptive_weight 7.0616, d_loss 0.4005, logits_real -0.0160, logits_fake -0.0146,
epoch:27, cur_lr:0.000010
Train Epoch: [27/30] Iters:[10/1093] gen_loss 0.2319, rec_loss 0.0112, lpips_loss 0.1327, g_loss 0.0134, disc_weight 0.4000, disc_adaptive_weight 6.5091, d_loss 0.4005, logits_real -0.0140, logits_fake -0.0128,
Train Epoch: [27/30] Iters:[20/1093] gen_loss 0.2281, rec_loss 0.0111, lpips_loss 0.1332, g_loss 0.0127, disc_weight 0.4000, disc_adaptive_weight 6.5354, d_loss 0.4004, logits_real -0.0136, logits_fake -0.0126,
Train Epoch: [27/30] Iters:[30/1093] gen_loss 0.2263, rec_loss 0.0110, lpips_loss 0.1332, g_loss 0.0128, disc_weight 0.4000, disc_adaptive_weight 6.3773, d_loss 0.4004, logits_real -0.0137, logits_fake -0.0127,
Train Epoch: [27/30] Iters:[40/1093] gen_loss 0.2323, rec_loss 0.0109, lpips_loss 0.1326, g_loss 0.0130, disc_weight 0.4000, disc_adaptive_weight 6.7635, d_loss 0.4004, logits_real -0.0142, logits_fake -0.0130,
Train Epoch: [27/30] Iters:[50/1093] gen_loss 0.2322, rec_loss 0.0109, lpips_loss 0.1325, g_loss 0.0131, disc_weight 0.4000, disc_adaptive_weight 6.7236, d_loss 0.4004, logits_real -0.0144, logits_fake -0.0131,
Train Epoch: [27/30] Iters:[60/1093] gen_loss 0.2325, rec_loss 0.0110, lpips_loss 0.1326, g_loss 0.0130, disc_weight 0.4000, disc_adaptive_weight 6.7992, d_loss 0.4005, logits_real -0.0145, logits_fake -0.0131,
Train Epoch: [27/30] Iters:[70/1093] gen_loss 0.2322, rec_loss 0.0110, lpips_loss 0.1324, g_loss 0.0133, disc_weight 0.4000, disc_adaptive_weight 6.6535, d_loss 0.4005, logits_real -0.0149, logits_fake -0.0133,
Train Epoch: [27/30] Iters:[80/1093] gen_loss 0.2329, rec_loss 0.0110, lpips_loss 0.1324, g_loss 0.0133, disc_weight 0.4000, disc_adaptive_weight 6.6751, d_loss 0.4005, logits_real -0.0150, logits_fake -0.0133,
Train Epoch: [27/30] Iters:[90/1093] gen_loss 0.2299, rec_loss 0.0112, lpips_loss 0.1333, g_loss 0.0132, disc_weight 0.4000, disc_adaptive_weight 6.4889, d_loss 0.4005, logits_real -0.0146, logits_fake -0.0131,
Train Epoch: [27/30] Iters:[100/1093] gen_loss 0.2284, rec_loss 0.0114, lpips_loss 0.1334, g_loss 0.0129, disc_weight 0.4000, disc_adaptive_weight 6.5158, d_loss 0.4005, logits_real -0.0143, logits_fake -0.0128,
Train Epoch: [27/30] Iters:[110/1093] gen_loss 0.2269, rec_loss 0.0113, lpips_loss 0.1329, g_loss 0.0128, disc_weight 0.4000, disc_adaptive_weight 6.4773, d_loss 0.4005, logits_real -0.0143, logits_fake -0.0128,
Train Epoch: [27/30] Iters:[120/1093] gen_loss 0.2285, rec_loss 0.0114, lpips_loss 0.1329, g_loss 0.0128, disc_weight 0.4000, disc_adaptive_weight 6.6014, d_loss 0.4005, logits_real -0.0142, logits_fake -0.0127,
Train Epoch: [27/30] Iters:[130/1093] gen_loss 0.2298, rec_loss 0.0114, lpips_loss 0.1325, g_loss 0.0128, disc_weight 0.4000, disc_adaptive_weight 6.6962, d_loss 0.4005, logits_real -0.0144, logits_fake -0.0130,
Train Epoch: [27/30] Iters:[140/1093] gen_loss 0.2284, rec_loss 0.0112, lpips_loss 0.1320, g_loss 0.0131, disc_weight 0.4000, disc_adaptive_weight 6.5132, d_loss 0.4005, logits_real -0.0147, logits_fake -0.0131,
Train Epoch: [27/30] Iters:[150/1093] gen_loss 0.2292, rec_loss 0.0113, lpips_loss 0.1322, g_loss 0.0132, disc_weight 0.4000, disc_adaptive_weight 6.4965, d_loss 0.4005, logits_real -0.0146, logits_fake -0.0132,
Train Epoch: [27/30] Iters:[160/1093] gen_loss 0.2310, rec_loss 0.0112, lpips_loss 0.1330, g_loss 0.0134, disc_weight 0.4000, disc_adaptive_weight 6.4815, d_loss 0.4005, logits_real -0.0148, logits_fake -0.0134,
Train Epoch: [27/30] Iters:[170/1093] gen_loss 0.2367, rec_loss 0.0112, lpips_loss 0.1331, g_loss 0.0136, disc_weight 0.4000, disc_adaptive_weight 6.7802, d_loss 0.4004, logits_real -0.0150, logits_fake -0.0138,
Train Epoch: [27/30] Iters:[180/1093] gen_loss 0.2431, rec_loss 0.0114, lpips_loss 0.1335, g_loss 0.0138, disc_weight 0.4000, disc_adaptive_weight 7.0516, d_loss 0.4004, logits_real -0.0151, logits_fake -0.0140,
Train Epoch: [27/30] Iters:[190/1093] gen_loss 0.2497, rec_loss 0.0114, lpips_loss 0.1338, g_loss 0.0140, disc_weight 0.4000, disc_adaptive_weight 7.3979, d_loss 0.4004, logits_real -0.0154, logits_fake -0.0143,
Train Epoch: [27/30] Iters:[200/1093] gen_loss 0.2499, rec_loss 0.0114, lpips_loss 0.1334, g_loss 0.0144, disc_weight 0.4000, disc_adaptive_weight 7.2644, d_loss 0.4004, logits_real -0.0158, logits_fake -0.0147,
Train Epoch: [27/30] Iters:[210/1093] gen_loss 0.2561, rec_loss 0.0114, lpips_loss 0.1332, g_loss 0.0145, disc_weight 0.4000, disc_adaptive_weight 7.6920, d_loss 0.4004, logits_real -0.0157, logits_fake -0.0147,
Train Epoch: [27/30] Iters:[220/1093] gen_loss 0.2543, rec_loss 0.0114, lpips_loss 0.1332, g_loss 0.0142, disc_weight 0.4000, disc_adaptive_weight 7.7104, d_loss 0.4004, logits_real -0.0154, logits_fake -0.0143,
Train Epoch: [27/30] Iters:[230/1093] gen_loss 0.2511, rec_loss 0.0113, lpips_loss 0.1332, g_loss 0.0138, disc_weight 0.4000, disc_adaptive_weight 7.7894, d_loss 0.4004, logits_real -0.0150, logits_fake -0.0138,
Train Epoch: [27/30] Iters:[240/1093] gen_loss 0.2462, rec_loss 0.0113, lpips_loss 0.1329, g_loss 0.0132, disc_weight 0.4000, disc_adaptive_weight 7.7511, d_loss 0.4005, logits_real -0.0147, logits_fake -0.0133,
Train Epoch: [27/30] Iters:[250/1093] gen_loss 0.2446, rec_loss 0.0113, lpips_loss 0.1333, g_loss 0.0128, disc_weight 0.4000, disc_adaptive_weight 7.8139, d_loss 0.4005, logits_real -0.0144, logits_fake -0.0130,
Train Epoch: [27/30] Iters:[260/1093] gen_loss 0.2358, rec_loss 0.0113, lpips_loss 0.1327, g_loss 0.0127, disc_weight 0.4000, disc_adaptive_weight 7.2795, d_loss 0.4005, logits_real -0.0145, logits_fake -0.0132,
Train Epoch: [27/30] Iters:[270/1093] gen_loss 0.2319, rec_loss 0.0113, lpips_loss 0.1328, g_loss 0.0128, disc_weight 0.4000, disc_adaptive_weight 6.9216, d_loss 0.4005, logits_real -0.0146, logits_fake -0.0132,
Train Epoch: [27/30] Iters:[280/1093] gen_loss 0.2280, rec_loss 0.0112, lpips_loss 0.1325, g_loss 0.0131, disc_weight 0.4000, disc_adaptive_weight 6.4548, d_loss 0.4005, logits_real -0.0149, logits_fake -0.0136,
Train Epoch: [27/30] Iters:[290/1093] gen_loss 0.2297, rec_loss 0.0112, lpips_loss 0.1326, g_loss 0.0135, disc_weight 0.4000, disc_adaptive_weight 6.3577, d_loss 0.4004, logits_real -0.0151, logits_fake -0.0139,
Train Epoch: [27/30] Iters:[300/1093] gen_loss 0.2324, rec_loss 0.0112, lpips_loss 0.1324, g_loss 0.0139, disc_weight 0.4000, disc_adaptive_weight 6.3949, d_loss 0.4004, logits_real -0.0153, logits_fake -0.0142,
Train Epoch: [27/30] Iters:[310/1093] gen_loss 0.2387, rec_loss 0.0113, lpips_loss 0.1327, g_loss 0.0142, disc_weight 0.4000, disc_adaptive_weight 6.6661, d_loss 0.4004, logits_real -0.0153, logits_fake -0.0142,
Train Epoch: [27/30] Iters:[320/1093] gen_loss 0.2404, rec_loss 0.0113, lpips_loss 0.1324, g_loss 0.0142, disc_weight 0.4000, disc_adaptive_weight 6.8174, d_loss 0.4004, logits_real -0.0153, logits_fake -0.0143,
Train Epoch: [27/30] Iters:[330/1093] gen_loss 0.2389, rec_loss 0.0112, lpips_loss 0.1323, g_loss 0.0140, disc_weight 0.4000, disc_adaptive_weight 6.8233, d_loss 0.4004, logits_real -0.0150, logits_fake -0.0140,
Train Epoch: [27/30] Iters:[340/1093] gen_loss 0.2370, rec_loss 0.0112, lpips_loss 0.1325, g_loss 0.0138, disc_weight 0.4000, disc_adaptive_weight 6.7511, d_loss 0.4004, logits_real -0.0147, logits_fake -0.0137,
Train Epoch: [27/30] Iters:[350/1093] gen_loss 0.2356, rec_loss 0.0113, lpips_loss 0.1328, g_loss 0.0137, disc_weight 0.4000, disc_adaptive_weight 6.6900, d_loss 0.4004, logits_real -0.0146, logits_fake -0.0136,
Train Epoch: [27/30] Iters:[360/1093] gen_loss 0.2357, rec_loss 0.0113, lpips_loss 0.1332, g_loss 0.0135, disc_weight 0.4000, disc_adaptive_weight 6.7430, d_loss 0.4004, logits_real -0.0148, logits_fake -0.0138,
Train Epoch: [27/30] Iters:[370/1093] gen_loss 0.2396, rec_loss 0.0114, lpips_loss 0.1337, g_loss 0.0138, disc_weight 0.4000, disc_adaptive_weight 6.8270, d_loss 0.4004, logits_real -0.0153, logits_fake -0.0143,
Train Epoch: [27/30] Iters:[380/1093] gen_loss 0.2448, rec_loss 0.0115, lpips_loss 0.1335, g_loss 0.0146, disc_weight 0.4000, disc_adaptive_weight 6.8472, d_loss 0.4004, logits_real -0.0157, logits_fake -0.0149,
Train Epoch: [27/30] Iters:[390/1093] gen_loss 0.2485, rec_loss 0.0115, lpips_loss 0.1335, g_loss 0.0153, disc_weight 0.4000, disc_adaptive_weight 6.7959, d_loss 0.4004, logits_real -0.0163, logits_fake -0.0154,
Train Epoch: [27/30] Iters:[400/1093] gen_loss 0.2591, rec_loss 0.0115, lpips_loss 0.1331, g_loss 0.0161, disc_weight 0.4000, disc_adaptive_weight 7.1616, d_loss 0.4004, logits_real -0.0168, logits_fake -0.0159,
Train Epoch: [27/30] Iters:[410/1093] gen_loss 0.2577, rec_loss 0.0114, lpips_loss 0.1325, g_loss 0.0168, disc_weight 0.4000, disc_adaptive_weight 6.8407, d_loss 0.4004, logits_real -0.0174, logits_fake -0.0162,
Train Epoch: [27/30] Iters:[420/1093] gen_loss 0.2572, rec_loss 0.0111, lpips_loss 0.1321, g_loss 0.0170, disc_weight 0.4000, disc_adaptive_weight 6.7138, d_loss 0.4004, logits_real -0.0175, logits_fake -0.0164,
Train Epoch: [27/30] Iters:[430/1093] gen_loss 0.2586, rec_loss 0.0112, lpips_loss 0.1325, g_loss 0.0172, disc_weight 0.4000, disc_adaptive_weight 6.7159, d_loss 0.4005, logits_real -0.0177, logits_fake -0.0164,
Train Epoch: [27/30] Iters:[440/1093] gen_loss 0.2563, rec_loss 0.0111, lpips_loss 0.1324, g_loss 0.0170, disc_weight 0.4000, disc_adaptive_weight 6.6595, d_loss 0.4005, logits_real -0.0183, logits_fake -0.0169,
Train Epoch: [27/30] Iters:[450/1093] gen_loss 0.2521, rec_loss 0.0110, lpips_loss 0.1319, g_loss 0.0169, disc_weight 0.4000, disc_adaptive_weight 6.5110, d_loss 0.4005, logits_real -0.0184, logits_fake -0.0168,
Train Epoch: [27/30] Iters:[460/1093] gen_loss 0.2572, rec_loss 0.0110, lpips_loss 0.1322, g_loss 0.0169, disc_weight 0.4000, disc_adaptive_weight 6.7678, d_loss 0.4005, logits_real -0.0181, logits_fake -0.0169,
Train Epoch: [27/30] Iters:[470/1093] gen_loss 0.2653, rec_loss 0.0112, lpips_loss 0.1324, g_loss 0.0168, disc_weight 0.4000, disc_adaptive_weight 7.3149, d_loss 0.4005, logits_real -0.0181, logits_fake -0.0167,
Train Epoch: [27/30] Iters:[480/1093] gen_loss 0.2683, rec_loss 0.0114, lpips_loss 0.1327, g_loss 0.0163, disc_weight 0.4000, disc_adaptive_weight 7.6593, d_loss 0.4004, logits_real -0.0177, logits_fake -0.0166,
Train Epoch: [27/30] Iters:[490/1093] gen_loss 0.2686, rec_loss 0.0114, lpips_loss 0.1326, g_loss 0.0161, disc_weight 0.4000, disc_adaptive_weight 7.7876, d_loss 0.4004, logits_real -0.0172, logits_fake -0.0162,
Train Epoch: [27/30] Iters:[500/1093] gen_loss 0.2642, rec_loss 0.0115, lpips_loss 0.1334, g_loss 0.0157, disc_weight 0.4000, disc_adaptive_weight 7.6022, d_loss 0.4003, logits_real -0.0169, logits_fake -0.0162,
Train Epoch: [27/30] Iters:[510/1093] gen_loss 0.2607, rec_loss 0.0116, lpips_loss 0.1334, g_loss 0.0152, disc_weight 0.4000, disc_adaptive_weight 7.5804, d_loss 0.4004, logits_real -0.0170, logits_fake -0.0158,
Train Epoch: [27/30] Iters:[520/1093] gen_loss 0.2492, rec_loss 0.0114, lpips_loss 0.1338, g_loss 0.0151, disc_weight 0.4000, disc_adaptive_weight 6.9188, d_loss 0.4004, logits_real -0.0169, logits_fake -0.0159,
Train Epoch: [27/30] Iters:[530/1093] gen_loss 0.2442, rec_loss 0.0112, lpips_loss 0.1332, g_loss 0.0154, disc_weight 0.4000, disc_adaptive_weight 6.5247, d_loss 0.4005, logits_real -0.0175, logits_fake -0.0161,
Train Epoch: [27/30] Iters:[540/1093] gen_loss 0.2467, rec_loss 0.0111, lpips_loss 0.1330, g_loss 0.0156, disc_weight 0.4000, disc_adaptive_weight 6.5868, d_loss 0.4005, logits_real -0.0178, logits_fake -0.0163,
Train Epoch: [27/30] Iters:[550/1093] gen_loss 0.2467, rec_loss 0.0110, lpips_loss 0.1330, g_loss 0.0157, disc_weight 0.4000, disc_adaptive_weight 6.5265, d_loss 0.4005, logits_real -0.0177, logits_fake -0.0163,
Train Epoch: [27/30] Iters:[560/1093] gen_loss 0.2478, rec_loss 0.0110, lpips_loss 0.1330, g_loss 0.0160, disc_weight 0.4000, disc_adaptive_weight 6.4378, d_loss 0.4004, logits_real -0.0175, logits_fake -0.0165,
Train Epoch: [27/30] Iters:[570/1093] gen_loss 0.2502, rec_loss 0.0110, lpips_loss 0.1324, g_loss 0.0161, disc_weight 0.4000, disc_adaptive_weight 6.6180, d_loss 0.4005, logits_real -0.0177, logits_fake -0.0163,
Train Epoch: [27/30] Iters:[580/1093] gen_loss 0.2500, rec_loss 0.0110, lpips_loss 0.1322, g_loss 0.0160, disc_weight 0.4000, disc_adaptive_weight 6.6534, d_loss 0.4005, logits_real -0.0174, logits_fake -0.0161,
Train Epoch: [27/30] Iters:[590/1093] gen_loss 0.2521, rec_loss 0.0112, lpips_loss 0.1330, g_loss 0.0156, disc_weight 0.4000, disc_adaptive_weight 6.8817, d_loss 0.4005, logits_real -0.0171, logits_fake -0.0159,
Train Epoch: [27/30] Iters:[600/1093] gen_loss 0.2531, rec_loss 0.0114, lpips_loss 0.1332, g_loss 0.0156, disc_weight 0.4000, disc_adaptive_weight 6.9302, d_loss 0.4005, logits_real -0.0168, logits_fake -0.0154,
Train Epoch: [27/30] Iters:[610/1093] gen_loss 0.2504, rec_loss 0.0115, lpips_loss 0.1331, g_loss 0.0152, disc_weight 0.4000, disc_adaptive_weight 6.9999, d_loss 0.4005, logits_real -0.0166, logits_fake -0.0151,
Train Epoch: [27/30] Iters:[620/1093] gen_loss 0.2504, rec_loss 0.0115, lpips_loss 0.1337, g_loss 0.0152, disc_weight 0.4000, disc_adaptive_weight 6.9684, d_loss 0.4004, logits_real -0.0158, logits_fake -0.0150,
Train Epoch: [27/30] Iters:[630/1093] gen_loss 0.2513, rec_loss 0.0117, lpips_loss 0.1342, g_loss 0.0148, disc_weight 0.4000, disc_adaptive_weight 7.1193, d_loss 0.4004, logits_real -0.0154, logits_fake -0.0146,
Train Epoch: [27/30] Iters:[640/1093] gen_loss 0.2456, rec_loss 0.0117, lpips_loss 0.1340, g_loss 0.0151, disc_weight 0.4000, disc_adaptive_weight 6.6273, d_loss 0.4004, logits_real -0.0155, logits_fake -0.0145,
Train Epoch: [27/30] Iters:[650/1093] gen_loss 0.2466, rec_loss 0.0116, lpips_loss 0.1338, g_loss 0.0151, disc_weight 0.4000, disc_adaptive_weight 6.6992, d_loss 0.4004, logits_real -0.0159, logits_fake -0.0147,
Train Epoch: [27/30] Iters:[660/1093] gen_loss 0.2423, rec_loss 0.0114, lpips_loss 0.1331, g_loss 0.0153, disc_weight 0.4000, disc_adaptive_weight 6.3667, d_loss 0.4005, logits_real -0.0165, logits_fake -0.0152,
Train Epoch: [27/30] Iters:[670/1093] gen_loss 0.2492, rec_loss 0.0114, lpips_loss 0.1326, g_loss 0.0154, disc_weight 0.4000, disc_adaptive_weight 6.8162, d_loss 0.4006, logits_real -0.0170, logits_fake -0.0152,
Train Epoch: [27/30] Iters:[680/1093] gen_loss 0.2504, rec_loss 0.0113, lpips_loss 0.1324, g_loss 0.0153, disc_weight 0.4000, disc_adaptive_weight 6.9508, d_loss 0.4006, logits_real -0.0173, logits_fake -0.0153,
Train Epoch: [27/30] Iters:[690/1093] gen_loss 0.2574, rec_loss 0.0111, lpips_loss 0.1322, g_loss 0.0150, disc_weight 0.4000, disc_adaptive_weight 7.6412, d_loss 0.4005, logits_real -0.0169, logits_fake -0.0153,
Train Epoch: [27/30] Iters:[700/1093] gen_loss 0.2529, rec_loss 0.0111, lpips_loss 0.1320, g_loss 0.0147, disc_weight 0.4000, disc_adaptive_weight 7.5061, d_loss 0.4005, logits_real -0.0166, logits_fake -0.0151,
Train Epoch: [27/30] Iters:[710/1093] gen_loss 0.2633, rec_loss 0.0111, lpips_loss 0.1326, g_loss 0.0148, disc_weight 0.4000, disc_adaptive_weight 8.0962, d_loss 0.4005, logits_real -0.0162, logits_fake -0.0148,
Train Epoch: [27/30] Iters:[720/1093] gen_loss 0.2559, rec_loss 0.0111, lpips_loss 0.1329, g_loss 0.0146, disc_weight 0.4000, disc_adaptive_weight 7.6671, d_loss 0.4005, logits_real -0.0160, logits_fake -0.0148,
Train Epoch: [27/30] Iters:[730/1093] gen_loss 0.2524, rec_loss 0.0111, lpips_loss 0.1333, g_loss 0.0144, disc_weight 0.4000, disc_adaptive_weight 7.5127, d_loss 0.4004, logits_real -0.0158, logits_fake -0.0145,
Train Epoch: [27/30] Iters:[740/1093] gen_loss 0.2428, rec_loss 0.0111, lpips_loss 0.1326, g_loss 0.0143, disc_weight 0.4000, disc_adaptive_weight 6.9327, d_loss 0.4005, logits_real -0.0158, logits_fake -0.0145,
Train Epoch: [27/30] Iters:[750/1093] gen_loss 0.2428, rec_loss 0.0111, lpips_loss 0.1326, g_loss 0.0140, disc_weight 0.4000, disc_adaptive_weight 7.0498, d_loss 0.4005, logits_real -0.0154, logits_fake -0.0141,
Train Epoch: [27/30] Iters:[760/1093] gen_loss 0.2391, rec_loss 0.0111, lpips_loss 0.1323, g_loss 0.0133, disc_weight 0.4000, disc_adaptive_weight 7.2933, d_loss 0.4005, logits_real -0.0149, logits_fake -0.0134,
Train Epoch: [27/30] Iters:[770/1093] gen_loss 0.2413, rec_loss 0.0112, lpips_loss 0.1325, g_loss 0.0128, disc_weight 0.4000, disc_adaptive_weight 7.6852, d_loss 0.4005, logits_real -0.0144, logits_fake -0.0129,
Train Epoch: [27/30] Iters:[780/1093] gen_loss 0.2435, rec_loss 0.0112, lpips_loss 0.1323, g_loss 0.0128, disc_weight 0.4000, disc_adaptive_weight 7.8347, d_loss 0.4005, logits_real -0.0144, logits_fake -0.0128,
Train Epoch: [27/30] Iters:[790/1093] gen_loss 0.2428, rec_loss 0.0112, lpips_loss 0.1326, g_loss 0.0127, disc_weight 0.4000, disc_adaptive_weight 7.8274, d_loss 0.4005, logits_real -0.0142, logits_fake -0.0124,
Train Epoch: [27/30] Iters:[800/1093] gen_loss 0.2431, rec_loss 0.0112, lpips_loss 0.1327, g_loss 0.0127, disc_weight 0.4000, disc_adaptive_weight 7.8375, d_loss 0.4006, logits_real -0.0141, logits_fake -0.0123,
Train Epoch: [27/30] Iters:[810/1093] gen_loss 0.2384, rec_loss 0.0112, lpips_loss 0.1327, g_loss 0.0126, disc_weight 0.4000, disc_adaptive_weight 7.5008, d_loss 0.4005, logits_real -0.0138, logits_fake -0.0122,
Train Epoch: [27/30] Iters:[820/1093] gen_loss 0.2288, rec_loss 0.0111, lpips_loss 0.1323, g_loss 0.0123, disc_weight 0.4000, disc_adaptive_weight 6.9387, d_loss 0.4005, logits_real -0.0136, logits_fake -0.0122,
Train Epoch: [27/30] Iters:[830/1093] gen_loss 0.2245, rec_loss 0.0110, lpips_loss 0.1319, g_loss 0.0121, disc_weight 0.4000, disc_adaptive_weight 6.7661, d_loss 0.4004, logits_real -0.0132, logits_fake -0.0120,
Train Epoch: [27/30] Iters:[840/1093] gen_loss 0.2246, rec_loss 0.0111, lpips_loss 0.1322, g_loss 0.0120, disc_weight 0.4000, disc_adaptive_weight 6.7861, d_loss 0.4004, logits_real -0.0131, logits_fake -0.0119,
Train Epoch: [27/30] Iters:[850/1093] gen_loss 0.2269, rec_loss 0.0112, lpips_loss 0.1322, g_loss 0.0121, disc_weight 0.4000, disc_adaptive_weight 6.9142, d_loss 0.4004, logits_real -0.0132, logits_fake -0.0120,
Train Epoch: [27/30] Iters:[860/1093] gen_loss 0.2254, rec_loss 0.0112, lpips_loss 0.1324, g_loss 0.0124, disc_weight 0.4000, disc_adaptive_weight 6.5981, d_loss 0.4004, logits_real -0.0136, logits_fake -0.0123,
Train Epoch: [27/30] Iters:[870/1093] gen_loss 0.2311, rec_loss 0.0111, lpips_loss 0.1323, g_loss 0.0127, disc_weight 0.4000, disc_adaptive_weight 6.9400, d_loss 0.4005, logits_real -0.0138, logits_fake -0.0125,
Train Epoch: [27/30] Iters:[880/1093] gen_loss 0.2321, rec_loss 0.0112, lpips_loss 0.1328, g_loss 0.0126, disc_weight 0.4000, disc_adaptive_weight 6.9849, d_loss 0.4005, logits_real -0.0139, logits_fake -0.0124,
Train Epoch: [27/30] Iters:[890/1093] gen_loss 0.2311, rec_loss 0.0111, lpips_loss 0.1328, g_loss 0.0126, disc_weight 0.4000, disc_adaptive_weight 6.9467, d_loss 0.4005, logits_real -0.0137, logits_fake -0.0123,
Train Epoch: [27/30] Iters:[900/1093] gen_loss 0.2264, rec_loss 0.0109, lpips_loss 0.1324, g_loss 0.0120, disc_weight 0.4000, disc_adaptive_weight 6.8904, d_loss 0.4004, logits_real -0.0133, logits_fake -0.0121,
Train Epoch: [27/30] Iters:[910/1093] gen_loss 0.2246, rec_loss 0.0110, lpips_loss 0.1326, g_loss 0.0115, disc_weight 0.4000, disc_adaptive_weight 7.0237, d_loss 0.4004, logits_real -0.0129, logits_fake -0.0119,
Train Epoch: [27/30] Iters:[920/1093] gen_loss 0.2197, rec_loss 0.0111, lpips_loss 0.1325, g_loss 0.0114, disc_weight 0.4000, disc_adaptive_weight 6.6302, d_loss 0.4004, logits_real -0.0128, logits_fake -0.0117,
Train Epoch: [27/30] Iters:[930/1093] gen_loss 0.2203, rec_loss 0.0110, lpips_loss 0.1321, g_loss 0.0116, disc_weight 0.4000, disc_adaptive_weight 6.6203, d_loss 0.4004, logits_real -0.0130, logits_fake -0.0120,
Train Epoch: [27/30] Iters:[940/1093] gen_loss 0.2250, rec_loss 0.0110, lpips_loss 0.1321, g_loss 0.0119, disc_weight 0.4000, disc_adaptive_weight 6.8158, d_loss 0.4004, logits_real -0.0135, logits_fake -0.0125,
Train Epoch: [27/30] Iters:[950/1093] gen_loss 0.2325, rec_loss 0.0111, lpips_loss 0.1321, g_loss 0.0123, disc_weight 0.4000, disc_adaptive_weight 7.1454, d_loss 0.4004, logits_real -0.0141, logits_fake -0.0129,
Train Epoch: [27/30] Iters:[960/1093] gen_loss 0.2374, rec_loss 0.0112, lpips_loss 0.1322, g_loss 0.0129, disc_weight 0.4000, disc_adaptive_weight 7.2167, d_loss 0.4005, logits_real -0.0143, logits_fake -0.0130,
Train Epoch: [27/30] Iters:[970/1093] gen_loss 0.2411, rec_loss 0.0113, lpips_loss 0.1326, g_loss 0.0131, disc_weight 0.4000, disc_adaptive_weight 7.3883, d_loss 0.4005, logits_real -0.0147, logits_fake -0.0132,
Train Epoch: [27/30] Iters:[980/1093] gen_loss 0.2426, rec_loss 0.0114, lpips_loss 0.1328, g_loss 0.0133, disc_weight 0.4000, disc_adaptive_weight 7.3470, d_loss 0.4005, logits_real -0.0150, logits_fake -0.0135,
Train Epoch: [27/30] Iters:[990/1093] gen_loss 0.2434, rec_loss 0.0115, lpips_loss 0.1327, g_loss 0.0136, disc_weight 0.4000, disc_adaptive_weight 7.2712, d_loss 0.4005, logits_real -0.0153, logits_fake -0.0135,
Train Epoch: [27/30] Iters:[1000/1093] gen_loss 0.2411, rec_loss 0.0114, lpips_loss 0.1330, g_loss 0.0140, disc_weight 0.4000, disc_adaptive_weight 6.8863, d_loss 0.4005, logits_real -0.0156, logits_fake -0.0139,
Train Epoch: [27/30] Iters:[1010/1093] gen_loss 0.2407, rec_loss 0.0113, lpips_loss 0.1326, g_loss 0.0144, disc_weight 0.4000, disc_adaptive_weight 6.6980, d_loss 0.4005, logits_real -0.0160, logits_fake -0.0145,
Train Epoch: [27/30] Iters:[1020/1093] gen_loss 0.2419, rec_loss 0.0115, lpips_loss 0.1333, g_loss 0.0145, disc_weight 0.4000, disc_adaptive_weight 6.6657, d_loss 0.4005, logits_real -0.0161, logits_fake -0.0145,
Train Epoch: [27/30] Iters:[1030/1093] gen_loss 0.2431, rec_loss 0.0113, lpips_loss 0.1329, g_loss 0.0143, disc_weight 0.4000, disc_adaptive_weight 6.9272, d_loss 0.4005, logits_real -0.0159, logits_fake -0.0141,
Train Epoch: [27/30] Iters:[1040/1093] gen_loss 0.2416, rec_loss 0.0114, lpips_loss 0.1330, g_loss 0.0138, disc_weight 0.4000, disc_adaptive_weight 7.0829, d_loss 0.4005, logits_real -0.0153, logits_fake -0.0138,
Train Epoch: [27/30] Iters:[1050/1093] gen_loss 0.2392, rec_loss 0.0115, lpips_loss 0.1333, g_loss 0.0133, disc_weight 0.4000, disc_adaptive_weight 7.1007, d_loss 0.4005, logits_real -0.0149, logits_fake -0.0133,
Train Epoch: [27/30] Iters:[1060/1093] gen_loss 0.2383, rec_loss 0.0114, lpips_loss 0.1336, g_loss 0.0129, disc_weight 0.4000, disc_adaptive_weight 7.2109, d_loss 0.4005, logits_real -0.0146, logits_fake -0.0129,
Train Epoch: [27/30] Iters:[1070/1093] gen_loss 0.2427, rec_loss 0.0113, lpips_loss 0.1331, g_loss 0.0128, disc_weight 0.4000, disc_adaptive_weight 7.6234, d_loss 0.4005, logits_real -0.0144, logits_fake -0.0128,
Train Epoch: [27/30] Iters:[1080/1093] gen_loss 0.2413, rec_loss 0.0113, lpips_loss 0.1336, g_loss 0.0129, disc_weight 0.4000, disc_adaptive_weight 7.4371, d_loss 0.4005, logits_real -0.0144, logits_fake -0.0129,
Train Epoch: [27/30] Iters:[1090/1093] gen_loss 0.2404, rec_loss 0.0112, lpips_loss 0.1334, g_loss 0.0132, disc_weight 0.4000, disc_adaptive_weight 7.2185, d_loss 0.4005, logits_real -0.0147, logits_fake -0.0132,
epoch:28, cur_lr:0.000010
Train Epoch: [28/30] Iters:[10/1093] gen_loss 0.2343, rec_loss 0.0113, lpips_loss 0.1344, g_loss 0.0128, disc_weight 0.4000, disc_adaptive_weight 6.9329, d_loss 0.4005, logits_real -0.0145, logits_fake -0.0128,
Train Epoch: [28/30] Iters:[20/1093] gen_loss 0.2392, rec_loss 0.0115, lpips_loss 0.1338, g_loss 0.0132, disc_weight 0.4000, disc_adaptive_weight 7.1242, d_loss 0.4005, logits_real -0.0147, logits_fake -0.0132,
Train Epoch: [28/30] Iters:[30/1093] gen_loss 0.2391, rec_loss 0.0114, lpips_loss 0.1340, g_loss 0.0133, disc_weight 0.4000, disc_adaptive_weight 7.0582, d_loss 0.4005, logits_real -0.0147, logits_fake -0.0133,
Train Epoch: [28/30] Iters:[40/1093] gen_loss 0.2345, rec_loss 0.0113, lpips_loss 0.1337, g_loss 0.0129, disc_weight 0.4000, disc_adaptive_weight 6.9152, d_loss 0.4004, logits_real -0.0141, logits_fake -0.0129,
Train Epoch: [28/30] Iters:[50/1093] gen_loss 0.2316, rec_loss 0.0113, lpips_loss 0.1335, g_loss 0.0128, disc_weight 0.4000, disc_adaptive_weight 6.7984, d_loss 0.4004, logits_real -0.0137, logits_fake -0.0129,
Train Epoch: [28/30] Iters:[60/1093] gen_loss 0.2303, rec_loss 0.0112, lpips_loss 0.1329, g_loss 0.0128, disc_weight 0.4000, disc_adaptive_weight 6.7612, d_loss 0.4003, logits_real -0.0137, logits_fake -0.0132,
Train Epoch: [28/30] Iters:[70/1093] gen_loss 0.2284, rec_loss 0.0110, lpips_loss 0.1325, g_loss 0.0127, disc_weight 0.4000, disc_adaptive_weight 6.6735, d_loss 0.4003, logits_real -0.0137, logits_fake -0.0130,
Train Epoch: [28/30] Iters:[80/1093] gen_loss 0.2268, rec_loss 0.0110, lpips_loss 0.1317, g_loss 0.0123, disc_weight 0.4000, disc_adaptive_weight 6.8740, d_loss 0.4003, logits_real -0.0134, logits_fake -0.0127,
Train Epoch: [28/30] Iters:[90/1093] gen_loss 0.2274, rec_loss 0.0110, lpips_loss 0.1320, g_loss 0.0121, disc_weight 0.4000, disc_adaptive_weight 6.9704, d_loss 0.4004, logits_real -0.0133, logits_fake -0.0124,
Train Epoch: [28/30] Iters:[100/1093] gen_loss 0.2251, rec_loss 0.0109, lpips_loss 0.1320, g_loss 0.0118, disc_weight 0.4000, disc_adaptive_weight 6.9293, d_loss 0.4005, logits_real -0.0133, logits_fake -0.0118,
Train Epoch: [28/30] Iters:[110/1093] gen_loss 0.2261, rec_loss 0.0109, lpips_loss 0.1322, g_loss 0.0115, disc_weight 0.4000, disc_adaptive_weight 7.2040, d_loss 0.4006, logits_real -0.0129, logits_fake -0.0112,
Train Epoch: [28/30] Iters:[120/1093] gen_loss 0.2229, rec_loss 0.0110, lpips_loss 0.1326, g_loss 0.0110, disc_weight 0.4000, disc_adaptive_weight 7.2230, d_loss 0.4005, logits_real -0.0123, logits_fake -0.0106,
Train Epoch: [28/30] Iters:[130/1093] gen_loss 0.2198, rec_loss 0.0110, lpips_loss 0.1331, g_loss 0.0108, disc_weight 0.4000, disc_adaptive_weight 6.9715, d_loss 0.4006, logits_real -0.0121, logits_fake -0.0103,
Train Epoch: [28/30] Iters:[140/1093] gen_loss 0.2213, rec_loss 0.0112, lpips_loss 0.1331, g_loss 0.0109, disc_weight 0.4000, disc_adaptive_weight 7.0327, d_loss 0.4006, logits_real -0.0123, logits_fake -0.0105,
Train Epoch: [28/30] Iters:[150/1093] gen_loss 0.2293, rec_loss 0.0114, lpips_loss 0.1334, g_loss 0.0113, disc_weight 0.4000, disc_adaptive_weight 7.4856, d_loss 0.4005, logits_real -0.0126, logits_fake -0.0110,
Train Epoch: [28/30] Iters:[160/1093] gen_loss 0.2279, rec_loss 0.0114, lpips_loss 0.1338, g_loss 0.0115, disc_weight 0.4000, disc_adaptive_weight 7.1510, d_loss 0.4005, logits_real -0.0129, logits_fake -0.0113,
Train Epoch: [28/30] Iters:[170/1093] gen_loss 0.2291, rec_loss 0.0115, lpips_loss 0.1336, g_loss 0.0118, disc_weight 0.4000, disc_adaptive_weight 7.0742, d_loss 0.4005, logits_real -0.0133, logits_fake -0.0118,
Train Epoch: [28/30] Iters:[180/1093] gen_loss 0.2303, rec_loss 0.0115, lpips_loss 0.1336, g_loss 0.0122, disc_weight 0.4000, disc_adaptive_weight 6.9910, d_loss 0.4005, logits_real -0.0136, logits_fake -0.0121,
Train Epoch: [28/30] Iters:[190/1093] gen_loss 0.2276, rec_loss 0.0114, lpips_loss 0.1332, g_loss 0.0121, disc_weight 0.4000, disc_adaptive_weight 6.8311, d_loss 0.4005, logits_real -0.0136, logits_fake -0.0122,
Train Epoch: [28/30] Iters:[200/1093] gen_loss 0.2229, rec_loss 0.0111, lpips_loss 0.1329, g_loss 0.0120, disc_weight 0.4000, disc_adaptive_weight 6.5416, d_loss 0.4005, logits_real -0.0135, logits_fake -0.0121,
Train Epoch: [28/30] Iters:[210/1093] gen_loss 0.2257, rec_loss 0.0110, lpips_loss 0.1321, g_loss 0.0121, disc_weight 0.4000, disc_adaptive_weight 6.8365, d_loss 0.4005, logits_real -0.0134, logits_fake -0.0120,
Train Epoch: [28/30] Iters:[220/1093] gen_loss 0.2249, rec_loss 0.0110, lpips_loss 0.1320, g_loss 0.0119, disc_weight 0.4000, disc_adaptive_weight 6.8826, d_loss 0.4005, logits_real -0.0132, logits_fake -0.0117,
Train Epoch: [28/30] Iters:[230/1093] gen_loss 0.2251, rec_loss 0.0109, lpips_loss 0.1315, g_loss 0.0115, disc_weight 0.4000, disc_adaptive_weight 7.2201, d_loss 0.4005, logits_real -0.0128, logits_fake -0.0113,
Train Epoch: [28/30] Iters:[240/1093] gen_loss 0.2252, rec_loss 0.0109, lpips_loss 0.1318, g_loss 0.0109, disc_weight 0.4000, disc_adaptive_weight 7.5655, d_loss 0.4005, logits_real -0.0122, logits_fake -0.0108,
Train Epoch: [28/30] Iters:[250/1093] gen_loss 0.2236, rec_loss 0.0110, lpips_loss 0.1322, g_loss 0.0105, disc_weight 0.4000, disc_adaptive_weight 7.6788, d_loss 0.4004, logits_real -0.0118, logits_fake -0.0104,
Train Epoch: [28/30] Iters:[260/1093] gen_loss 0.2194, rec_loss 0.0109, lpips_loss 0.1322, g_loss 0.0101, disc_weight 0.4000, disc_adaptive_weight 7.5304, d_loss 0.4005, logits_real -0.0116, logits_fake -0.0102,
Train Epoch: [28/30] Iters:[270/1093] gen_loss 0.2213, rec_loss 0.0110, lpips_loss 0.1323, g_loss 0.0101, disc_weight 0.4000, disc_adaptive_weight 7.7243, d_loss 0.4004, logits_real -0.0114, logits_fake -0.0101,
Train Epoch: [28/30] Iters:[280/1093] gen_loss 0.2206, rec_loss 0.0111, lpips_loss 0.1326, g_loss 0.0102, disc_weight 0.4000, disc_adaptive_weight 7.5583, d_loss 0.4004, logits_real -0.0115, logits_fake -0.0102,
Train Epoch: [28/30] Iters:[290/1093] gen_loss 0.2194, rec_loss 0.0111, lpips_loss 0.1325, g_loss 0.0105, disc_weight 0.4000, disc_adaptive_weight 7.1980, d_loss 0.4004, logits_real -0.0120, logits_fake -0.0107,
Train Epoch: [28/30] Iters:[300/1093] gen_loss 0.2228, rec_loss 0.0112, lpips_loss 0.1321, g_loss 0.0113, disc_weight 0.4000, disc_adaptive_weight 7.0529, d_loss 0.4005, logits_real -0.0127, logits_fake -0.0113,
Train Epoch: [28/30] Iters:[310/1093] gen_loss 0.2223, rec_loss 0.0113, lpips_loss 0.1324, g_loss 0.0116, disc_weight 0.4000, disc_adaptive_weight 6.7978, d_loss 0.4005, logits_real -0.0131, logits_fake -0.0116,
Train Epoch: [28/30] Iters:[320/1093] gen_loss 0.2196, rec_loss 0.0113, lpips_loss 0.1325, g_loss 0.0115, disc_weight 0.4000, disc_adaptive_weight 6.5662, d_loss 0.4005, logits_real -0.0132, logits_fake -0.0117,
Train Epoch: [28/30] Iters:[330/1093] gen_loss 0.2167, rec_loss 0.0112, lpips_loss 0.1323, g_loss 0.0114, disc_weight 0.4000, disc_adaptive_weight 6.3913, d_loss 0.4005, logits_real -0.0130, logits_fake -0.0115,
Train Epoch: [28/30] Iters:[340/1093] gen_loss 0.2150, rec_loss 0.0111, lpips_loss 0.1322, g_loss 0.0111, disc_weight 0.4000, disc_adaptive_weight 6.3905, d_loss 0.4005, logits_real -0.0126, logits_fake -0.0111,
Train Epoch: [28/30] Iters:[350/1093] gen_loss 0.2108, rec_loss 0.0110, lpips_loss 0.1318, g_loss 0.0105, disc_weight 0.4000, disc_adaptive_weight 6.4493, d_loss 0.4004, logits_real -0.0120, logits_fake -0.0107,
Train Epoch: [28/30] Iters:[360/1093] gen_loss 0.2111, rec_loss 0.0110, lpips_loss 0.1320, g_loss 0.0102, disc_weight 0.4000, disc_adaptive_weight 6.6629, d_loss 0.4004, logits_real -0.0116, logits_fake -0.0104,
Train Epoch: [28/30] Iters:[370/1093] gen_loss 0.2139, rec_loss 0.0110, lpips_loss 0.1321, g_loss 0.0103, disc_weight 0.4000, disc_adaptive_weight 6.8120, d_loss 0.4004, logits_real -0.0116, logits_fake -0.0104,
Train Epoch: [28/30] Iters:[380/1093] gen_loss 0.2184, rec_loss 0.0111, lpips_loss 0.1327, g_loss 0.0109, disc_weight 0.4000, disc_adaptive_weight 6.8173, d_loss 0.4004, logits_real -0.0122, logits_fake -0.0110,
Train Epoch: [28/30] Iters:[390/1093] gen_loss 0.2241, rec_loss 0.0110, lpips_loss 0.1327, g_loss 0.0115, disc_weight 0.4000, disc_adaptive_weight 6.9933, d_loss 0.4004, logits_real -0.0128, logits_fake -0.0115,
Train Epoch: [28/30] Iters:[400/1093] gen_loss 0.2274, rec_loss 0.0111, lpips_loss 0.1331, g_loss 0.0120, disc_weight 0.4000, disc_adaptive_weight 6.9374, d_loss 0.4004, logits_real -0.0133, logits_fake -0.0120,
Train Epoch: [28/30] Iters:[410/1093] gen_loss 0.2349, rec_loss 0.0112, lpips_loss 0.1333, g_loss 0.0125, disc_weight 0.4000, disc_adaptive_weight 7.2081, d_loss 0.4005, logits_real -0.0139, logits_fake -0.0125,
Train Epoch: [28/30] Iters:[420/1093] gen_loss 0.2372, rec_loss 0.0112, lpips_loss 0.1334, g_loss 0.0128, disc_weight 0.4000, disc_adaptive_weight 7.1795, d_loss 0.4005, logits_real -0.0144, logits_fake -0.0131,
Train Epoch: [28/30] Iters:[430/1093] gen_loss 0.2415, rec_loss 0.0112, lpips_loss 0.1331, g_loss 0.0129, disc_weight 0.4000, disc_adaptive_weight 7.4652, d_loss 0.4004, logits_real -0.0145, logits_fake -0.0134,
Train Epoch: [28/30] Iters:[440/1093] gen_loss 0.2437, rec_loss 0.0112, lpips_loss 0.1331, g_loss 0.0133, disc_weight 0.4000, disc_adaptive_weight 7.4316, d_loss 0.4004, logits_real -0.0147, logits_fake -0.0135,
Train Epoch: [28/30] Iters:[450/1093] gen_loss 0.2473, rec_loss 0.0113, lpips_loss 0.1333, g_loss 0.0135, disc_weight 0.4000, disc_adaptive_weight 7.5559, d_loss 0.4004, logits_real -0.0149, logits_fake -0.0138,
Train Epoch: [28/30] Iters:[460/1093] gen_loss 0.2433, rec_loss 0.0111, lpips_loss 0.1329, g_loss 0.0138, disc_weight 0.4000, disc_adaptive_weight 7.1759, d_loss 0.4004, logits_real -0.0150, logits_fake -0.0140,
Train Epoch: [28/30] Iters:[470/1093] gen_loss 0.2400, rec_loss 0.0110, lpips_loss 0.1321, g_loss 0.0138, disc_weight 0.4000, disc_adaptive_weight 6.9661, d_loss 0.4004, logits_real -0.0146, logits_fake -0.0138,
Train Epoch: [28/30] Iters:[480/1093] gen_loss 0.2404, rec_loss 0.0110, lpips_loss 0.1321, g_loss 0.0136, disc_weight 0.4000, disc_adaptive_weight 7.1550, d_loss 0.4004, logits_real -0.0145, logits_fake -0.0134,
Train Epoch: [28/30] Iters:[490/1093] gen_loss 0.2363, rec_loss 0.0110, lpips_loss 0.1323, g_loss 0.0131, disc_weight 0.4000, disc_adaptive_weight 7.0794, d_loss 0.4004, logits_real -0.0142, logits_fake -0.0134,
Train Epoch: [28/30] Iters:[500/1093] gen_loss 0.2347, rec_loss 0.0109, lpips_loss 0.1320, g_loss 0.0130, disc_weight 0.4000, disc_adaptive_weight 7.0661, d_loss 0.4004, logits_real -0.0141, logits_fake -0.0129,
Train Epoch: [28/30] Iters:[510/1093] gen_loss 0.2368, rec_loss 0.0110, lpips_loss 0.1323, g_loss 0.0126, disc_weight 0.4000, disc_adaptive_weight 7.4511, d_loss 0.4005, logits_real -0.0138, logits_fake -0.0125,
Train Epoch: [28/30] Iters:[520/1093] gen_loss 0.2331, rec_loss 0.0110, lpips_loss 0.1324, g_loss 0.0119, disc_weight 0.4000, disc_adaptive_weight 7.4751, d_loss 0.4005, logits_real -0.0136, logits_fake -0.0120,
Train Epoch: [28/30] Iters:[530/1093] gen_loss 0.2269, rec_loss 0.0111, lpips_loss 0.1321, g_loss 0.0116, disc_weight 0.4000, disc_adaptive_weight 7.1597, d_loss 0.4005, logits_real -0.0133, logits_fake -0.0118,
Train Epoch: [28/30] Iters:[540/1093] gen_loss 0.2277, rec_loss 0.0112, lpips_loss 0.1327, g_loss 0.0115, disc_weight 0.4000, disc_adaptive_weight 7.1934, d_loss 0.4006, logits_real -0.0132, logits_fake -0.0114,
Train Epoch: [28/30] Iters:[550/1093] gen_loss 0.2232, rec_loss 0.0112, lpips_loss 0.1331, g_loss 0.0112, disc_weight 0.4000, disc_adaptive_weight 6.9817, d_loss 0.4005, logits_real -0.0130, logits_fake -0.0112,
Train Epoch: [28/30] Iters:[560/1093] gen_loss 0.2162, rec_loss 0.0111, lpips_loss 0.1326, g_loss 0.0110, disc_weight 0.4000, disc_adaptive_weight 6.5168, d_loss 0.4005, logits_real -0.0128, logits_fake -0.0111,
Train Epoch: [28/30] Iters:[570/1093] gen_loss 0.2216, rec_loss 0.0113, lpips_loss 0.1329, g_loss 0.0114, disc_weight 0.4000, disc_adaptive_weight 6.7621, d_loss 0.4005, logits_real -0.0129, logits_fake -0.0113,
Train Epoch: [28/30] Iters:[580/1093] gen_loss 0.2240, rec_loss 0.0112, lpips_loss 0.1332, g_loss 0.0117, disc_weight 0.4000, disc_adaptive_weight 6.7522, d_loss 0.4005, logits_real -0.0133, logits_fake -0.0116,
Train Epoch: [28/30] Iters:[590/1093] gen_loss 0.2258, rec_loss 0.0111, lpips_loss 0.1329, g_loss 0.0118, disc_weight 0.4000, disc_adaptive_weight 6.8557, d_loss 0.4005, logits_real -0.0133, logits_fake -0.0117,
Train Epoch: [28/30] Iters:[600/1093] gen_loss 0.2288, rec_loss 0.0112, lpips_loss 0.1325, g_loss 0.0118, disc_weight 0.4000, disc_adaptive_weight 7.1790, d_loss 0.4005, logits_real -0.0132, logits_fake -0.0118,
Train Epoch: [28/30] Iters:[610/1093] gen_loss 0.2292, rec_loss 0.0113, lpips_loss 0.1329, g_loss 0.0117, disc_weight 0.4000, disc_adaptive_weight 7.1957, d_loss 0.4005, logits_real -0.0133, logits_fake -0.0119,
Train Epoch: [28/30] Iters:[620/1093] gen_loss 0.2283, rec_loss 0.0111, lpips_loss 0.1326, g_loss 0.0119, disc_weight 0.4000, disc_adaptive_weight 7.0747, d_loss 0.4005, logits_real -0.0135, logits_fake -0.0120,
Train Epoch: [28/30] Iters:[630/1093] gen_loss 0.2287, rec_loss 0.0113, lpips_loss 0.1325, g_loss 0.0119, disc_weight 0.4000, disc_adaptive_weight 7.0722, d_loss 0.4005, logits_real -0.0135, logits_fake -0.0120,
Train Epoch: [28/30] Iters:[640/1093] gen_loss 0.2284, rec_loss 0.0112, lpips_loss 0.1322, g_loss 0.0120, disc_weight 0.4000, disc_adaptive_weight 7.0844, d_loss 0.4005, logits_real -0.0135, logits_fake -0.0120,
Train Epoch: [28/30] Iters:[650/1093] gen_loss 0.2276, rec_loss 0.0112, lpips_loss 0.1325, g_loss 0.0122, disc_weight 0.4000, disc_adaptive_weight 6.8369, d_loss 0.4005, logits_real -0.0137, logits_fake -0.0122,
Train Epoch: [28/30] Iters:[660/1093] gen_loss 0.2331, rec_loss 0.0112, lpips_loss 0.1320, g_loss 0.0125, disc_weight 0.4000, disc_adaptive_weight 7.1907, d_loss 0.4005, logits_real -0.0136, logits_fake -0.0122,
Train Epoch: [28/30] Iters:[670/1093] gen_loss 0.2308, rec_loss 0.0111, lpips_loss 0.1321, g_loss 0.0123, disc_weight 0.4000, disc_adaptive_weight 7.0726, d_loss 0.4005, logits_real -0.0136, logits_fake -0.0121,
Train Epoch: [28/30] Iters:[680/1093] gen_loss 0.2350, rec_loss 0.0110, lpips_loss 0.1320, g_loss 0.0125, disc_weight 0.4000, disc_adaptive_weight 7.2947, d_loss 0.4004, logits_real -0.0136, logits_fake -0.0123,
Train Epoch: [28/30] Iters:[690/1093] gen_loss 0.2373, rec_loss 0.0110, lpips_loss 0.1320, g_loss 0.0128, disc_weight 0.4000, disc_adaptive_weight 7.3160, d_loss 0.4004, logits_real -0.0138, logits_fake -0.0127,
Train Epoch: [28/30] Iters:[700/1093] gen_loss 0.2399, rec_loss 0.0109, lpips_loss 0.1315, g_loss 0.0129, disc_weight 0.4000, disc_adaptive_weight 7.5078, d_loss 0.4004, logits_real -0.0139, logits_fake -0.0127,
Train Epoch: [28/30] Iters:[710/1093] gen_loss 0.2405, rec_loss 0.0110, lpips_loss 0.1319, g_loss 0.0130, disc_weight 0.4000, disc_adaptive_weight 7.4184, d_loss 0.4004, logits_real -0.0141, logits_fake -0.0129,
Train Epoch: [28/30] Iters:[720/1093] gen_loss 0.2445, rec_loss 0.0111, lpips_loss 0.1322, g_loss 0.0134, disc_weight 0.4000, disc_adaptive_weight 7.5070, d_loss 0.4004, logits_real -0.0143, logits_fake -0.0131,
Train Epoch: [28/30] Iters:[730/1093] gen_loss 0.2429, rec_loss 0.0113, lpips_loss 0.1327, g_loss 0.0135, disc_weight 0.4000, disc_adaptive_weight 7.2820, d_loss 0.4005, logits_real -0.0146, logits_fake -0.0132,
Train Epoch: [28/30] Iters:[740/1093] gen_loss 0.2431, rec_loss 0.0112, lpips_loss 0.1328, g_loss 0.0138, disc_weight 0.4000, disc_adaptive_weight 7.1386, d_loss 0.4005, logits_real -0.0150, logits_fake -0.0136,
Train Epoch: [28/30] Iters:[750/1093] gen_loss 0.2422, rec_loss 0.0112, lpips_loss 0.1333, g_loss 0.0142, disc_weight 0.4000, disc_adaptive_weight 6.8304, d_loss 0.4005, logits_real -0.0156, logits_fake -0.0142,
Train Epoch: [28/30] Iters:[760/1093] gen_loss 0.2414, rec_loss 0.0112, lpips_loss 0.1332, g_loss 0.0144, disc_weight 0.4000, disc_adaptive_weight 6.6946, d_loss 0.4005, logits_real -0.0159, logits_fake -0.0144,
Train Epoch: [28/30] Iters:[770/1093] gen_loss 0.2414, rec_loss 0.0112, lpips_loss 0.1335, g_loss 0.0144, disc_weight 0.4000, disc_adaptive_weight 6.6867, d_loss 0.4005, logits_real -0.0158, logits_fake -0.0144,
Train Epoch: [28/30] Iters:[780/1093] gen_loss 0.2394, rec_loss 0.0112, lpips_loss 0.1336, g_loss 0.0142, disc_weight 0.4000, disc_adaptive_weight 6.6690, d_loss 0.4005, logits_real -0.0157, logits_fake -0.0143,
Train Epoch: [28/30] Iters:[790/1093] gen_loss 0.2394, rec_loss 0.0112, lpips_loss 0.1336, g_loss 0.0139, disc_weight 0.4000, disc_adaptive_weight 6.8323, d_loss 0.4005, logits_real -0.0154, logits_fake -0.0139,
Train Epoch: [28/30] Iters:[800/1093] gen_loss 0.2440, rec_loss 0.0112, lpips_loss 0.1332, g_loss 0.0136, disc_weight 0.4000, disc_adaptive_weight 7.3168, d_loss 0.4005, logits_real -0.0150, logits_fake -0.0135,
Train Epoch: [28/30] Iters:[810/1093] gen_loss 0.2479, rec_loss 0.0113, lpips_loss 0.1335, g_loss 0.0133, disc_weight 0.4000, disc_adaptive_weight 7.7538, d_loss 0.4005, logits_real -0.0147, logits_fake -0.0132,
Train Epoch: [28/30] Iters:[820/1093] gen_loss 0.2492, rec_loss 0.0112, lpips_loss 0.1332, g_loss 0.0131, disc_weight 0.4000, disc_adaptive_weight 7.9662, d_loss 0.4005, logits_real -0.0146, logits_fake -0.0130,
Train Epoch: [28/30] Iters:[830/1093] gen_loss 0.2495, rec_loss 0.0111, lpips_loss 0.1329, g_loss 0.0132, disc_weight 0.4000, disc_adaptive_weight 8.0056, d_loss 0.4005, logits_real -0.0144, logits_fake -0.0130,
Train Epoch: [28/30] Iters:[840/1093] gen_loss 0.2446, rec_loss 0.0111, lpips_loss 0.1329, g_loss 0.0130, disc_weight 0.4000, disc_adaptive_weight 7.7168, d_loss 0.4004, logits_real -0.0143, logits_fake -0.0129,
Train Epoch: [28/30] Iters:[850/1093] gen_loss 0.2405, rec_loss 0.0111, lpips_loss 0.1327, g_loss 0.0130, disc_weight 0.4000, disc_adaptive_weight 7.4123, d_loss 0.4005, logits_real -0.0144, logits_fake -0.0130,
Train Epoch: [28/30] Iters:[860/1093] gen_loss 0.2318, rec_loss 0.0110, lpips_loss 0.1320, g_loss 0.0130, disc_weight 0.4000, disc_adaptive_weight 6.7994, d_loss 0.4005, logits_real -0.0145, logits_fake -0.0130,
Train Epoch: [28/30] Iters:[870/1093] gen_loss 0.2307, rec_loss 0.0110, lpips_loss 0.1317, g_loss 0.0130, disc_weight 0.4000, disc_adaptive_weight 6.7558, d_loss 0.4005, logits_real -0.0144, logits_fake -0.0129,
Train Epoch: [28/30] Iters:[880/1093] gen_loss 0.2327, rec_loss 0.0111, lpips_loss 0.1317, g_loss 0.0131, disc_weight 0.4000, disc_adaptive_weight 6.8750, d_loss 0.4005, logits_real -0.0145, logits_fake -0.0129,
Train Epoch: [28/30] Iters:[890/1093] gen_loss 0.2395, rec_loss 0.0111, lpips_loss 0.1316, g_loss 0.0135, disc_weight 0.4000, disc_adaptive_weight 7.1617, d_loss 0.4005, logits_real -0.0148, logits_fake -0.0131,
Train Epoch: [28/30] Iters:[900/1093] gen_loss 0.2391, rec_loss 0.0112, lpips_loss 0.1319, g_loss 0.0137, disc_weight 0.4000, disc_adaptive_weight 7.0066, d_loss 0.4005, logits_real -0.0150, logits_fake -0.0134,
Train Epoch: [28/30] Iters:[910/1093] gen_loss 0.2432, rec_loss 0.0112, lpips_loss 0.1322, g_loss 0.0140, disc_weight 0.4000, disc_adaptive_weight 7.1828, d_loss 0.4005, logits_real -0.0151, logits_fake -0.0137,
Train Epoch: [28/30] Iters:[920/1093] gen_loss 0.2412, rec_loss 0.0112, lpips_loss 0.1322, g_loss 0.0139, disc_weight 0.4000, disc_adaptive_weight 7.0359, d_loss 0.4005, logits_real -0.0152, logits_fake -0.0138,
Train Epoch: [28/30] Iters:[930/1093] gen_loss 0.2346, rec_loss 0.0112, lpips_loss 0.1324, g_loss 0.0135, disc_weight 0.4000, disc_adaptive_weight 6.6978, d_loss 0.4005, logits_real -0.0149, logits_fake -0.0135,
Train Epoch: [28/30] Iters:[940/1093] gen_loss 0.2282, rec_loss 0.0111, lpips_loss 0.1324, g_loss 0.0128, disc_weight 0.4000, disc_adaptive_weight 6.6142, d_loss 0.4005, logits_real -0.0142, logits_fake -0.0129,
Train Epoch: [28/30] Iters:[950/1093] gen_loss 0.2248, rec_loss 0.0111, lpips_loss 0.1322, g_loss 0.0121, disc_weight 0.4000, disc_adaptive_weight 6.7543, d_loss 0.4005, logits_real -0.0135, logits_fake -0.0121,
Train Epoch: [28/30] Iters:[960/1093] gen_loss 0.2217, rec_loss 0.0111, lpips_loss 0.1320, g_loss 0.0115, disc_weight 0.4000, disc_adaptive_weight 6.8181, d_loss 0.4005, logits_real -0.0130, logits_fake -0.0115,
Train Epoch: [28/30] Iters:[970/1093] gen_loss 0.2187, rec_loss 0.0111, lpips_loss 0.1323, g_loss 0.0111, disc_weight 0.4000, disc_adaptive_weight 6.8003, d_loss 0.4005, logits_real -0.0125, logits_fake -0.0111,
Train Epoch: [28/30] Iters:[980/1093] gen_loss 0.2209, rec_loss 0.0111, lpips_loss 0.1324, g_loss 0.0110, disc_weight 0.4000, disc_adaptive_weight 7.0265, d_loss 0.4005, logits_real -0.0124, logits_fake -0.0109,
Train Epoch: [28/30] Iters:[990/1093] gen_loss 0.2222, rec_loss 0.0111, lpips_loss 0.1325, g_loss 0.0112, disc_weight 0.4000, disc_adaptive_weight 7.0105, d_loss 0.4005, logits_real -0.0126, logits_fake -0.0112,
Train Epoch: [28/30] Iters:[1000/1093] gen_loss 0.2242, rec_loss 0.0111, lpips_loss 0.1324, g_loss 0.0116, disc_weight 0.4000, disc_adaptive_weight 6.9844, d_loss 0.4005, logits_real -0.0129, logits_fake -0.0114,
Train Epoch: [28/30] Iters:[1010/1093] gen_loss 0.2250, rec_loss 0.0111, lpips_loss 0.1329, g_loss 0.0119, disc_weight 0.4000, disc_adaptive_weight 6.8195, d_loss 0.4004, logits_real -0.0131, logits_fake -0.0118,
Train Epoch: [28/30] Iters:[1020/1093] gen_loss 0.2326, rec_loss 0.0112, lpips_loss 0.1331, g_loss 0.0126, disc_weight 0.4000, disc_adaptive_weight 7.0315, d_loss 0.4004, logits_real -0.0136, logits_fake -0.0125,
Train Epoch: [28/30] Iters:[1030/1093] gen_loss 0.2384, rec_loss 0.0111, lpips_loss 0.1329, g_loss 0.0129, disc_weight 0.4000, disc_adaptive_weight 7.2719, d_loss 0.4004, logits_real -0.0140, logits_fake -0.0129,
Train Epoch: [28/30] Iters:[1040/1093] gen_loss 0.2373, rec_loss 0.0113, lpips_loss 0.1331, g_loss 0.0128, disc_weight 0.4000, disc_adaptive_weight 7.2143, d_loss 0.4004, logits_real -0.0141, logits_fake -0.0129,
Train Epoch: [28/30] Iters:[1050/1093] gen_loss 0.2359, rec_loss 0.0113, lpips_loss 0.1334, g_loss 0.0128, disc_weight 0.4000, disc_adaptive_weight 7.0913, d_loss 0.4004, logits_real -0.0138, logits_fake -0.0127,
Train Epoch: [28/30] Iters:[1060/1093] gen_loss 0.2353, rec_loss 0.0112, lpips_loss 0.1330, g_loss 0.0126, disc_weight 0.4000, disc_adaptive_weight 7.1512, d_loss 0.4004, logits_real -0.0138, logits_fake -0.0125,
Train Epoch: [28/30] Iters:[1070/1093] gen_loss 0.2335, rec_loss 0.0112, lpips_loss 0.1330, g_loss 0.0123, disc_weight 0.4000, disc_adaptive_weight 7.1928, d_loss 0.4005, logits_real -0.0136, logits_fake -0.0121,
Train Epoch: [28/30] Iters:[1080/1093] gen_loss 0.2310, rec_loss 0.0111, lpips_loss 0.1329, g_loss 0.0122, disc_weight 0.4000, disc_adaptive_weight 7.1505, d_loss 0.4005, logits_real -0.0134, logits_fake -0.0120,
Train Epoch: [28/30] Iters:[1090/1093] gen_loss 0.2330, rec_loss 0.0111, lpips_loss 0.1328, g_loss 0.0124, disc_weight 0.4000, disc_adaptive_weight 7.1698, d_loss 0.4004, logits_real -0.0135, logits_fake -0.0121,
epoch:29, cur_lr:0.000010
Train Epoch: [29/30] Iters:[10/1093] gen_loss 0.2535, rec_loss 0.0115, lpips_loss 0.1343, g_loss 0.0121, disc_weight 0.4000, disc_adaptive_weight 9.0067, d_loss 0.4005, logits_real -0.0138, logits_fake -0.0124,
Train Epoch: [29/30] Iters:[20/1093] gen_loss 0.2480, rec_loss 0.0115, lpips_loss 0.1339, g_loss 0.0122, disc_weight 0.4000, disc_adaptive_weight 8.4604, d_loss 0.4006, logits_real -0.0141, logits_fake -0.0120,
Train Epoch: [29/30] Iters:[30/1093] gen_loss 0.2417, rec_loss 0.0114, lpips_loss 0.1341, g_loss 0.0121, disc_weight 0.4000, disc_adaptive_weight 7.9900, d_loss 0.4006, logits_real -0.0139, logits_fake -0.0120,
Train Epoch: [29/30] Iters:[40/1093] gen_loss 0.2338, rec_loss 0.0113, lpips_loss 0.1337, g_loss 0.0118, disc_weight 0.4000, disc_adaptive_weight 7.5426, d_loss 0.4005, logits_real -0.0134, logits_fake -0.0117,
Train Epoch: [29/30] Iters:[50/1093] gen_loss 0.2319, rec_loss 0.0113, lpips_loss 0.1337, g_loss 0.0114, disc_weight 0.4000, disc_adaptive_weight 7.5977, d_loss 0.4005, logits_real -0.0131, logits_fake -0.0114,
Train Epoch: [29/30] Iters:[60/1093] gen_loss 0.2265, rec_loss 0.0112, lpips_loss 0.1334, g_loss 0.0115, disc_weight 0.4000, disc_adaptive_weight 7.1228, d_loss 0.4005, logits_real -0.0131, logits_fake -0.0114,
Train Epoch: [29/30] Iters:[70/1093] gen_loss 0.2251, rec_loss 0.0111, lpips_loss 0.1332, g_loss 0.0118, disc_weight 0.4000, disc_adaptive_weight 6.8877, d_loss 0.4005, logits_real -0.0132, logits_fake -0.0118,
Train Epoch: [29/30] Iters:[80/1093] gen_loss 0.2267, rec_loss 0.0112, lpips_loss 0.1324, g_loss 0.0122, disc_weight 0.4000, disc_adaptive_weight 6.8749, d_loss 0.4004, logits_real -0.0135, logits_fake -0.0122,
Train Epoch: [29/30] Iters:[90/1093] gen_loss 0.2336, rec_loss 0.0112, lpips_loss 0.1326, g_loss 0.0128, disc_weight 0.4000, disc_adaptive_weight 7.0631, d_loss 0.4004, logits_real -0.0142, logits_fake -0.0129,
Train Epoch: [29/30] Iters:[100/1093] gen_loss 0.2370, rec_loss 0.0112, lpips_loss 0.1325, g_loss 0.0135, disc_weight 0.4000, disc_adaptive_weight 6.9237, d_loss 0.4004, logits_real -0.0148, logits_fake -0.0134,
Train Epoch: [29/30] Iters:[110/1093] gen_loss 0.2416, rec_loss 0.0112, lpips_loss 0.1323, g_loss 0.0137, disc_weight 0.4000, disc_adaptive_weight 7.1723, d_loss 0.4004, logits_real -0.0149, logits_fake -0.0136,
Train Epoch: [29/30] Iters:[120/1093] gen_loss 0.2406, rec_loss 0.0112, lpips_loss 0.1320, g_loss 0.0137, disc_weight 0.4000, disc_adaptive_weight 7.1312, d_loss 0.4004, logits_real -0.0148, logits_fake -0.0135,
Train Epoch: [29/30] Iters:[130/1093] gen_loss 0.2399, rec_loss 0.0111, lpips_loss 0.1322, g_loss 0.0136, disc_weight 0.4000, disc_adaptive_weight 7.0922, d_loss 0.4004, logits_real -0.0147, logits_fake -0.0135,
Train Epoch: [29/30] Iters:[140/1093] gen_loss 0.2343, rec_loss 0.0110, lpips_loss 0.1319, g_loss 0.0136, disc_weight 0.4000, disc_adaptive_weight 6.7429, d_loss 0.4004, logits_real -0.0147, logits_fake -0.0134,
Train Epoch: [29/30] Iters:[150/1093] gen_loss 0.2331, rec_loss 0.0110, lpips_loss 0.1316, g_loss 0.0135, disc_weight 0.4000, disc_adaptive_weight 6.6860, d_loss 0.4004, logits_real -0.0147, logits_fake -0.0134,
Train Epoch: [29/30] Iters:[160/1093] gen_loss 0.2302, rec_loss 0.0110, lpips_loss 0.1315, g_loss 0.0134, disc_weight 0.4000, disc_adaptive_weight 6.5229, d_loss 0.4005, logits_real -0.0149, logits_fake -0.0135,
Train Epoch: [29/30] Iters:[170/1093] gen_loss 0.2286, rec_loss 0.0110, lpips_loss 0.1314, g_loss 0.0134, disc_weight 0.4000, disc_adaptive_weight 6.4531, d_loss 0.4005, logits_real -0.0148, logits_fake -0.0134,
Train Epoch: [29/30] Iters:[180/1093] gen_loss 0.2300, rec_loss 0.0110, lpips_loss 0.1310, g_loss 0.0131, disc_weight 0.4000, disc_adaptive_weight 6.7339, d_loss 0.4005, logits_real -0.0146, logits_fake -0.0131,
Train Epoch: [29/30] Iters:[190/1093] gen_loss 0.2350, rec_loss 0.0111, lpips_loss 0.1310, g_loss 0.0128, disc_weight 0.4000, disc_adaptive_weight 7.2611, d_loss 0.4005, logits_real -0.0144, logits_fake -0.0129,
Train Epoch: [29/30] Iters:[200/1093] gen_loss 0.2368, rec_loss 0.0112, lpips_loss 0.1316, g_loss 0.0128, disc_weight 0.4000, disc_adaptive_weight 7.3904, d_loss 0.4005, logits_real -0.0142, logits_fake -0.0128,
Train Epoch: [29/30] Iters:[210/1093] gen_loss 0.2397, rec_loss 0.0113, lpips_loss 0.1320, g_loss 0.0131, disc_weight 0.4000, disc_adaptive_weight 7.4141, d_loss 0.4005, logits_real -0.0143, logits_fake -0.0130,
Train Epoch: [29/30] Iters:[220/1093] gen_loss 0.2463, rec_loss 0.0114, lpips_loss 0.1326, g_loss 0.0132, disc_weight 0.4000, disc_adaptive_weight 7.7757, d_loss 0.4005, logits_real -0.0145, logits_fake -0.0132,
Train Epoch: [29/30] Iters:[230/1093] gen_loss 0.2487, rec_loss 0.0115, lpips_loss 0.1337, g_loss 0.0135, disc_weight 0.4000, disc_adaptive_weight 7.6916, d_loss 0.4004, logits_real -0.0148, logits_fake -0.0135,
Train Epoch: [29/30] Iters:[240/1093] gen_loss 0.2516, rec_loss 0.0114, lpips_loss 0.1336, g_loss 0.0139, disc_weight 0.4000, disc_adaptive_weight 7.6653, d_loss 0.4004, logits_real -0.0152, logits_fake -0.0139,
Train Epoch: [29/30] Iters:[250/1093] gen_loss 0.2557, rec_loss 0.0114, lpips_loss 0.1334, g_loss 0.0142, disc_weight 0.4000, disc_adaptive_weight 7.7951, d_loss 0.4004, logits_real -0.0156, logits_fake -0.0142,
Train Epoch: [29/30] Iters:[260/1093] gen_loss 0.2552, rec_loss 0.0113, lpips_loss 0.1332, g_loss 0.0143, disc_weight 0.4000, disc_adaptive_weight 7.7588, d_loss 0.4004, logits_real -0.0156, logits_fake -0.0143,
Train Epoch: [29/30] Iters:[270/1093] gen_loss 0.2586, rec_loss 0.0114, lpips_loss 0.1334, g_loss 0.0144, disc_weight 0.4000, disc_adaptive_weight 7.9215, d_loss 0.4005, logits_real -0.0158, logits_fake -0.0144,
Train Epoch: [29/30] Iters:[280/1093] gen_loss 0.2579, rec_loss 0.0113, lpips_loss 0.1336, g_loss 0.0144, disc_weight 0.4000, disc_adaptive_weight 7.8722, d_loss 0.4005, logits_real -0.0158, logits_fake -0.0144,
Train Epoch: [29/30] Iters:[290/1093] gen_loss 0.2570, rec_loss 0.0114, lpips_loss 0.1339, g_loss 0.0140, disc_weight 0.4000, disc_adaptive_weight 7.9729, d_loss 0.4005, logits_real -0.0155, logits_fake -0.0141,
Train Epoch: [29/30] Iters:[300/1093] gen_loss 0.2485, rec_loss 0.0114, lpips_loss 0.1337, g_loss 0.0136, disc_weight 0.4000, disc_adaptive_weight 7.5752, d_loss 0.4005, logits_real -0.0151, logits_fake -0.0137,
Train Epoch: [29/30] Iters:[310/1093] gen_loss 0.2458, rec_loss 0.0114, lpips_loss 0.1340, g_loss 0.0132, disc_weight 0.4000, disc_adaptive_weight 7.5705, d_loss 0.4005, logits_real -0.0149, logits_fake -0.0135,
Train Epoch: [29/30] Iters:[320/1093] gen_loss 0.2377, rec_loss 0.0113, lpips_loss 0.1334, g_loss 0.0130, disc_weight 0.4000, disc_adaptive_weight 7.1097, d_loss 0.4005, logits_real -0.0145, logits_fake -0.0132,
Train Epoch: [29/30] Iters:[330/1093] gen_loss 0.2319, rec_loss 0.0112, lpips_loss 0.1325, g_loss 0.0132, disc_weight 0.4000, disc_adaptive_weight 6.6907, d_loss 0.4004, logits_real -0.0145, logits_fake -0.0132,
Train Epoch: [29/30] Iters:[340/1093] gen_loss 0.2298, rec_loss 0.0112, lpips_loss 0.1322, g_loss 0.0135, disc_weight 0.4000, disc_adaptive_weight 6.4144, d_loss 0.4004, logits_real -0.0146, logits_fake -0.0135,
Train Epoch: [29/30] Iters:[350/1093] gen_loss 0.2276, rec_loss 0.0110, lpips_loss 0.1319, g_loss 0.0136, disc_weight 0.4000, disc_adaptive_weight 6.2324, d_loss 0.4004, logits_real -0.0146, logits_fake -0.0136,
Train Epoch: [29/30] Iters:[360/1093] gen_loss 0.2242, rec_loss 0.0109, lpips_loss 0.1319, g_loss 0.0136, disc_weight 0.4000, disc_adaptive_weight 5.9657, d_loss 0.4004, logits_real -0.0145, logits_fake -0.0134,
Train Epoch: [29/30] Iters:[370/1093] gen_loss 0.2248, rec_loss 0.0109, lpips_loss 0.1320, g_loss 0.0133, disc_weight 0.4000, disc_adaptive_weight 6.1774, d_loss 0.4004, logits_real -0.0145, logits_fake -0.0134,
Train Epoch: [29/30] Iters:[380/1093] gen_loss 0.2258, rec_loss 0.0109, lpips_loss 0.1321, g_loss 0.0127, disc_weight 0.4000, disc_adaptive_weight 6.5659, d_loss 0.4005, logits_real -0.0142, logits_fake -0.0129,
Train Epoch: [29/30] Iters:[390/1093] gen_loss 0.2193, rec_loss 0.0109, lpips_loss 0.1318, g_loss 0.0122, disc_weight 0.4000, disc_adaptive_weight 6.3501, d_loss 0.4005, logits_real -0.0137, logits_fake -0.0123,
Train Epoch: [29/30] Iters:[400/1093] gen_loss 0.2199, rec_loss 0.0110, lpips_loss 0.1322, g_loss 0.0117, disc_weight 0.4000, disc_adaptive_weight 6.5963, d_loss 0.4006, logits_real -0.0135, logits_fake -0.0117,
Train Epoch: [29/30] Iters:[410/1093] gen_loss 0.2175, rec_loss 0.0110, lpips_loss 0.1322, g_loss 0.0113, disc_weight 0.4000, disc_adaptive_weight 6.5822, d_loss 0.4005, logits_real -0.0132, logits_fake -0.0114,
Train Epoch: [29/30] Iters:[420/1093] gen_loss 0.2186, rec_loss 0.0111, lpips_loss 0.1323, g_loss 0.0110, disc_weight 0.4000, disc_adaptive_weight 6.8778, d_loss 0.4005, logits_real -0.0128, logits_fake -0.0111,
Train Epoch: [29/30] Iters:[430/1093] gen_loss 0.2220, rec_loss 0.0112, lpips_loss 0.1324, g_loss 0.0109, disc_weight 0.4000, disc_adaptive_weight 7.1872, d_loss 0.4005, logits_real -0.0127, logits_fake -0.0112,
Train Epoch: [29/30] Iters:[440/1093] gen_loss 0.2248, rec_loss 0.0113, lpips_loss 0.1328, g_loss 0.0109, disc_weight 0.4000, disc_adaptive_weight 7.4473, d_loss 0.4005, logits_real -0.0127, logits_fake -0.0111,
Train Epoch: [29/30] Iters:[450/1093] gen_loss 0.2264, rec_loss 0.0114, lpips_loss 0.1329, g_loss 0.0109, disc_weight 0.4000, disc_adaptive_weight 7.5344, d_loss 0.4005, logits_real -0.0127, logits_fake -0.0111,
Train Epoch: [29/30] Iters:[460/1093] gen_loss 0.2354, rec_loss 0.0115, lpips_loss 0.1330, g_loss 0.0111, disc_weight 0.4000, disc_adaptive_weight 8.2233, d_loss 0.4005, logits_real -0.0128, logits_fake -0.0113,
Train Epoch: [29/30] Iters:[470/1093] gen_loss 0.2344, rec_loss 0.0116, lpips_loss 0.1331, g_loss 0.0114, disc_weight 0.4000, disc_adaptive_weight 7.8780, d_loss 0.4005, logits_real -0.0130, logits_fake -0.0115,
Train Epoch: [29/30] Iters:[480/1093] gen_loss 0.2324, rec_loss 0.0115, lpips_loss 0.1330, g_loss 0.0117, disc_weight 0.4000, disc_adaptive_weight 7.4995, d_loss 0.4005, logits_real -0.0132, logits_fake -0.0117,
Train Epoch: [29/30] Iters:[490/1093] gen_loss 0.2312, rec_loss 0.0116, lpips_loss 0.1332, g_loss 0.0118, disc_weight 0.4000, disc_adaptive_weight 7.3255, d_loss 0.4005, logits_real -0.0133, logits_fake -0.0118,
Train Epoch: [29/30] Iters:[500/1093] gen_loss 0.2316, rec_loss 0.0116, lpips_loss 0.1335, g_loss 0.0117, disc_weight 0.4000, disc_adaptive_weight 7.3903, d_loss 0.4005, logits_real -0.0132, logits_fake -0.0117,
Train Epoch: [29/30] Iters:[510/1093] gen_loss 0.2256, rec_loss 0.0115, lpips_loss 0.1333, g_loss 0.0115, disc_weight 0.4000, disc_adaptive_weight 7.0121, d_loss 0.4005, logits_real -0.0129, logits_fake -0.0115,
Train Epoch: [29/30] Iters:[520/1093] gen_loss 0.2228, rec_loss 0.0114, lpips_loss 0.1336, g_loss 0.0113, disc_weight 0.4000, disc_adaptive_weight 6.8939, d_loss 0.4005, logits_real -0.0127, logits_fake -0.0113,
Train Epoch: [29/30] Iters:[530/1093] gen_loss 0.2215, rec_loss 0.0114, lpips_loss 0.1336, g_loss 0.0112, disc_weight 0.4000, disc_adaptive_weight 6.8356, d_loss 0.4004, logits_real -0.0126, logits_fake -0.0112,
Train Epoch: [29/30] Iters:[540/1093] gen_loss 0.2262, rec_loss 0.0114, lpips_loss 0.1339, g_loss 0.0114, disc_weight 0.4000, disc_adaptive_weight 7.0480, d_loss 0.4004, logits_real -0.0128, logits_fake -0.0114,
Train Epoch: [29/30] Iters:[550/1093] gen_loss 0.2275, rec_loss 0.0114, lpips_loss 0.1336, g_loss 0.0118, disc_weight 0.4000, disc_adaptive_weight 6.9875, d_loss 0.4004, logits_real -0.0131, logits_fake -0.0118,
Train Epoch: [29/30] Iters:[560/1093] gen_loss 0.2330, rec_loss 0.0115, lpips_loss 0.1338, g_loss 0.0122, disc_weight 0.4000, disc_adaptive_weight 7.1763, d_loss 0.4004, logits_real -0.0135, logits_fake -0.0122,
Train Epoch: [29/30] Iters:[570/1093] gen_loss 0.2297, rec_loss 0.0114, lpips_loss 0.1333, g_loss 0.0123, disc_weight 0.4000, disc_adaptive_weight 6.8834, d_loss 0.4004, logits_real -0.0136, logits_fake -0.0124,
Train Epoch: [29/30] Iters:[580/1093] gen_loss 0.2278, rec_loss 0.0114, lpips_loss 0.1331, g_loss 0.0122, disc_weight 0.4000, disc_adaptive_weight 6.7953, d_loss 0.4004, logits_real -0.0136, logits_fake -0.0123,
Train Epoch: [29/30] Iters:[590/1093] gen_loss 0.2257, rec_loss 0.0113, lpips_loss 0.1327, g_loss 0.0120, disc_weight 0.4000, disc_adaptive_weight 6.8071, d_loss 0.4004, logits_real -0.0134, logits_fake -0.0121,
Train Epoch: [29/30] Iters:[600/1093] gen_loss 0.2239, rec_loss 0.0112, lpips_loss 0.1325, g_loss 0.0119, disc_weight 0.4000, disc_adaptive_weight 6.7507, d_loss 0.4004, logits_real -0.0132, logits_fake -0.0120,
Train Epoch: [29/30] Iters:[610/1093] gen_loss 0.2188, rec_loss 0.0111, lpips_loss 0.1319, g_loss 0.0119, disc_weight 0.4000, disc_adaptive_weight 6.4001, d_loss 0.4004, logits_real -0.0132, logits_fake -0.0119,
Train Epoch: [29/30] Iters:[620/1093] gen_loss 0.2245, rec_loss 0.0112, lpips_loss 0.1324, g_loss 0.0121, disc_weight 0.4000, disc_adaptive_weight 6.6749, d_loss 0.4004, logits_real -0.0134, logits_fake -0.0121,
Train Epoch: [29/30] Iters:[630/1093] gen_loss 0.2263, rec_loss 0.0112, lpips_loss 0.1325, g_loss 0.0126, disc_weight 0.4000, disc_adaptive_weight 6.5965, d_loss 0.4004, logits_real -0.0138, logits_fake -0.0126,
Train Epoch: [29/30] Iters:[640/1093] gen_loss 0.2292, rec_loss 0.0113, lpips_loss 0.1326, g_loss 0.0133, disc_weight 0.4000, disc_adaptive_weight 6.4147, d_loss 0.4004, logits_real -0.0145, logits_fake -0.0132,
Train Epoch: [29/30] Iters:[650/1093] gen_loss 0.2326, rec_loss 0.0113, lpips_loss 0.1327, g_loss 0.0138, disc_weight 0.4000, disc_adaptive_weight 6.3994, d_loss 0.4004, logits_real -0.0151, logits_fake -0.0139,
Train Epoch: [29/30] Iters:[660/1093] gen_loss 0.2398, rec_loss 0.0112, lpips_loss 0.1325, g_loss 0.0141, disc_weight 0.4000, disc_adaptive_weight 6.8288, d_loss 0.4004, logits_real -0.0154, logits_fake -0.0141,
Train Epoch: [29/30] Iters:[670/1093] gen_loss 0.2395, rec_loss 0.0111, lpips_loss 0.1322, g_loss 0.0140, disc_weight 0.4000, disc_adaptive_weight 6.8923, d_loss 0.4005, logits_real -0.0153, logits_fake -0.0139,
Train Epoch: [29/30] Iters:[680/1093] gen_loss 0.2393, rec_loss 0.0112, lpips_loss 0.1325, g_loss 0.0138, disc_weight 0.4000, disc_adaptive_weight 6.9364, d_loss 0.4004, logits_real -0.0151, logits_fake -0.0138,
Train Epoch: [29/30] Iters:[690/1093] gen_loss 0.2366, rec_loss 0.0111, lpips_loss 0.1321, g_loss 0.0136, disc_weight 0.4000, disc_adaptive_weight 6.8742, d_loss 0.4005, logits_real -0.0150, logits_fake -0.0135,
Train Epoch: [29/30] Iters:[700/1093] gen_loss 0.2363, rec_loss 0.0112, lpips_loss 0.1322, g_loss 0.0134, disc_weight 0.4000, disc_adaptive_weight 6.9360, d_loss 0.4005, logits_real -0.0148, logits_fake -0.0132,
Train Epoch: [29/30] Iters:[710/1093] gen_loss 0.2318, rec_loss 0.0113, lpips_loss 0.1327, g_loss 0.0131, disc_weight 0.4000, disc_adaptive_weight 6.7025, d_loss 0.4005, logits_real -0.0145, logits_fake -0.0130,
Train Epoch: [29/30] Iters:[720/1093] gen_loss 0.2316, rec_loss 0.0112, lpips_loss 0.1326, g_loss 0.0132, disc_weight 0.4000, disc_adaptive_weight 6.6609, d_loss 0.4005, logits_real -0.0146, logits_fake -0.0132,
Train Epoch: [29/30] Iters:[730/1093] gen_loss 0.2357, rec_loss 0.0111, lpips_loss 0.1323, g_loss 0.0132, disc_weight 0.4000, disc_adaptive_weight 7.0026, d_loss 0.4005, logits_real -0.0147, logits_fake -0.0131,
Train Epoch: [29/30] Iters:[740/1093] gen_loss 0.2350, rec_loss 0.0110, lpips_loss 0.1324, g_loss 0.0129, disc_weight 0.4000, disc_adaptive_weight 7.0869, d_loss 0.4004, logits_real -0.0143, logits_fake -0.0129,
Train Epoch: [29/30] Iters:[750/1093] gen_loss 0.2340, rec_loss 0.0112, lpips_loss 0.1326, g_loss 0.0126, disc_weight 0.4000, disc_adaptive_weight 7.1734, d_loss 0.4004, logits_real -0.0138, logits_fake -0.0125,
Train Epoch: [29/30] Iters:[760/1093] gen_loss 0.2343, rec_loss 0.0112, lpips_loss 0.1330, g_loss 0.0125, disc_weight 0.4000, disc_adaptive_weight 7.1775, d_loss 0.4004, logits_real -0.0138, logits_fake -0.0125,
Train Epoch: [29/30] Iters:[770/1093] gen_loss 0.2342, rec_loss 0.0113, lpips_loss 0.1332, g_loss 0.0126, disc_weight 0.4000, disc_adaptive_weight 7.1034, d_loss 0.4004, logits_real -0.0139, logits_fake -0.0127,
Train Epoch: [29/30] Iters:[780/1093] gen_loss 0.2353, rec_loss 0.0115, lpips_loss 0.1334, g_loss 0.0128, disc_weight 0.4000, disc_adaptive_weight 7.0486, d_loss 0.4004, logits_real -0.0140, logits_fake -0.0127,
Train Epoch: [29/30] Iters:[790/1093] gen_loss 0.2453, rec_loss 0.0116, lpips_loss 0.1335, g_loss 0.0131, disc_weight 0.4000, disc_adaptive_weight 7.5779, d_loss 0.4005, logits_real -0.0145, logits_fake -0.0131,
Train Epoch: [29/30] Iters:[800/1093] gen_loss 0.2555, rec_loss 0.0114, lpips_loss 0.1334, g_loss 0.0137, disc_weight 0.4000, disc_adaptive_weight 8.0464, d_loss 0.4005, logits_real -0.0151, logits_fake -0.0137,
Train Epoch: [29/30] Iters:[810/1093] gen_loss 0.2607, rec_loss 0.0114, lpips_loss 0.1330, g_loss 0.0141, disc_weight 0.4000, disc_adaptive_weight 8.2154, d_loss 0.4005, logits_real -0.0156, logits_fake -0.0141,
Train Epoch: [29/30] Iters:[820/1093] gen_loss 0.2610, rec_loss 0.0115, lpips_loss 0.1329, g_loss 0.0143, disc_weight 0.4000, disc_adaptive_weight 8.1549, d_loss 0.4005, logits_real -0.0158, logits_fake -0.0143,
Train Epoch: [29/30] Iters:[830/1093] gen_loss 0.2604, rec_loss 0.0113, lpips_loss 0.1324, g_loss 0.0144, disc_weight 0.4000, disc_adaptive_weight 8.0838, d_loss 0.4005, logits_real -0.0160, logits_fake -0.0145,
Train Epoch: [29/30] Iters:[840/1093] gen_loss 0.2527, rec_loss 0.0113, lpips_loss 0.1320, g_loss 0.0146, disc_weight 0.4000, disc_adaptive_weight 7.5092, d_loss 0.4005, logits_real -0.0161, logits_fake -0.0146,
Train Epoch: [29/30] Iters:[850/1093] gen_loss 0.2447, rec_loss 0.0113, lpips_loss 0.1317, g_loss 0.0146, disc_weight 0.4000, disc_adaptive_weight 6.9740, d_loss 0.4005, logits_real -0.0160, logits_fake -0.0145,
Train Epoch: [29/30] Iters:[860/1093] gen_loss 0.2410, rec_loss 0.0113, lpips_loss 0.1317, g_loss 0.0145, disc_weight 0.4000, disc_adaptive_weight 6.7352, d_loss 0.4004, logits_real -0.0159, logits_fake -0.0145,
Train Epoch: [29/30] Iters:[870/1093] gen_loss 0.2408, rec_loss 0.0111, lpips_loss 0.1314, g_loss 0.0145, disc_weight 0.4000, disc_adaptive_weight 6.7557, d_loss 0.4005, logits_real -0.0158, logits_fake -0.0144,
Train Epoch: [29/30] Iters:[880/1093] gen_loss 0.2383, rec_loss 0.0112, lpips_loss 0.1322, g_loss 0.0145, disc_weight 0.4000, disc_adaptive_weight 6.5222, d_loss 0.4004, logits_real -0.0158, logits_fake -0.0145,
Train Epoch: [29/30] Iters:[890/1093] gen_loss 0.2435, rec_loss 0.0113, lpips_loss 0.1326, g_loss 0.0147, disc_weight 0.4000, disc_adaptive_weight 6.7476, d_loss 0.4004, logits_real -0.0161, logits_fake -0.0147,
Train Epoch: [29/30] Iters:[900/1093] gen_loss 0.2443, rec_loss 0.0113, lpips_loss 0.1326, g_loss 0.0150, disc_weight 0.4000, disc_adaptive_weight 6.6966, d_loss 0.4004, logits_real -0.0163, logits_fake -0.0150,
Train Epoch: [29/30] Iters:[910/1093] gen_loss 0.2469, rec_loss 0.0112, lpips_loss 0.1325, g_loss 0.0152, disc_weight 0.4000, disc_adaptive_weight 6.7807, d_loss 0.4004, logits_real -0.0165, logits_fake -0.0151,
Train Epoch: [29/30] Iters:[920/1093] gen_loss 0.2505, rec_loss 0.0113, lpips_loss 0.1327, g_loss 0.0152, disc_weight 0.4000, disc_adaptive_weight 7.0163, d_loss 0.4005, logits_real -0.0166, logits_fake -0.0153,
Train Epoch: [29/30] Iters:[930/1093] gen_loss 0.2560, rec_loss 0.0111, lpips_loss 0.1324, g_loss 0.0152, disc_weight 0.4000, disc_adaptive_weight 7.3955, d_loss 0.4005, logits_real -0.0167, logits_fake -0.0153,
Train Epoch: [29/30] Iters:[940/1093] gen_loss 0.2499, rec_loss 0.0110, lpips_loss 0.1318, g_loss 0.0150, disc_weight 0.4000, disc_adaptive_weight 7.1325, d_loss 0.4005, logits_real -0.0165, logits_fake -0.0150,
Train Epoch: [29/30] Iters:[950/1093] gen_loss 0.2513, rec_loss 0.0111, lpips_loss 0.1321, g_loss 0.0148, disc_weight 0.4000, disc_adaptive_weight 7.2984, d_loss 0.4005, logits_real -0.0163, logits_fake -0.0148,
Train Epoch: [29/30] Iters:[960/1093] gen_loss 0.2522, rec_loss 0.0110, lpips_loss 0.1319, g_loss 0.0147, disc_weight 0.4000, disc_adaptive_weight 7.4121, d_loss 0.4005, logits_real -0.0163, logits_fake -0.0147,
Train Epoch: [29/30] Iters:[970/1093] gen_loss 0.2531, rec_loss 0.0111, lpips_loss 0.1322, g_loss 0.0148, disc_weight 0.4000, disc_adaptive_weight 7.4098, d_loss 0.4005, logits_real -0.0162, logits_fake -0.0147,
Train Epoch: [29/30] Iters:[980/1093] gen_loss 0.2495, rec_loss 0.0112, lpips_loss 0.1320, g_loss 0.0147, disc_weight 0.4000, disc_adaptive_weight 7.2075, d_loss 0.4004, logits_real -0.0160, logits_fake -0.0147,
Train Epoch: [29/30] Iters:[990/1093] gen_loss 0.2484, rec_loss 0.0111, lpips_loss 0.1322, g_loss 0.0147, disc_weight 0.4000, disc_adaptive_weight 7.1302, d_loss 0.4004, logits_real -0.0159, logits_fake -0.0146,
Train Epoch: [29/30] Iters:[1000/1093] gen_loss 0.2434, rec_loss 0.0112, lpips_loss 0.1319, g_loss 0.0145, disc_weight 0.4000, disc_adaptive_weight 6.9118, d_loss 0.4004, logits_real -0.0158, logits_fake -0.0145,
Train Epoch: [29/30] Iters:[1010/1093] gen_loss 0.2381, rec_loss 0.0114, lpips_loss 0.1321, g_loss 0.0144, disc_weight 0.4000, disc_adaptive_weight 6.5723, d_loss 0.4004, logits_real -0.0156, logits_fake -0.0143,
Train Epoch: [29/30] Iters:[1020/1093] gen_loss 0.2339, rec_loss 0.0113, lpips_loss 0.1319, g_loss 0.0140, disc_weight 0.4000, disc_adaptive_weight 6.4716, d_loss 0.4004, logits_real -0.0153, logits_fake -0.0141,
Train Epoch: [29/30] Iters:[1030/1093] gen_loss 0.2332, rec_loss 0.0113, lpips_loss 0.1322, g_loss 0.0136, disc_weight 0.4000, disc_adaptive_weight 6.6269, d_loss 0.4005, logits_real -0.0150, logits_fake -0.0136,
Train Epoch: [29/30] Iters:[1040/1093] gen_loss 0.2335, rec_loss 0.0114, lpips_loss 0.1324, g_loss 0.0134, disc_weight 0.4000, disc_adaptive_weight 6.7573, d_loss 0.4004, logits_real -0.0148, logits_fake -0.0134,
Train Epoch: [29/30] Iters:[1050/1093] gen_loss 0.2340, rec_loss 0.0113, lpips_loss 0.1328, g_loss 0.0133, disc_weight 0.4000, disc_adaptive_weight 6.7738, d_loss 0.4004, logits_real -0.0147, logits_fake -0.0133,
Train Epoch: [29/30] Iters:[1060/1093] gen_loss 0.2335, rec_loss 0.0113, lpips_loss 0.1329, g_loss 0.0131, disc_weight 0.4000, disc_adaptive_weight 6.8584, d_loss 0.4004, logits_real -0.0145, logits_fake -0.0132,
Train Epoch: [29/30] Iters:[1070/1093] gen_loss 0.2330, rec_loss 0.0112, lpips_loss 0.1326, g_loss 0.0133, disc_weight 0.4000, disc_adaptive_weight 6.7005, d_loss 0.4005, logits_real -0.0148, logits_fake -0.0133,
Train Epoch: [29/30] Iters:[1080/1093] gen_loss 0.2303, rec_loss 0.0112, lpips_loss 0.1324, g_loss 0.0138, disc_weight 0.4000, disc_adaptive_weight 6.3068, d_loss 0.4004, logits_real -0.0152, logits_fake -0.0139,
Train Epoch: [29/30] Iters:[1090/1093] gen_loss 0.2364, rec_loss 0.0111, lpips_loss 0.1323, g_loss 0.0142, disc_weight 0.4000, disc_adaptive_weight 6.5315, d_loss 0.4004, logits_real -0.0155, logits_fake -0.0142,
epoch:30, cur_lr:0.000010
Train Epoch: [30/30] Iters:[10/1093] gen_loss 0.2621, rec_loss 0.0112, lpips_loss 0.1318, g_loss 0.0146, disc_weight 0.4000, disc_adaptive_weight 8.0853, d_loss 0.4004, logits_real -0.0153, logits_fake -0.0140,
Train Epoch: [30/30] Iters:[20/1093] gen_loss 0.2499, rec_loss 0.0113, lpips_loss 0.1325, g_loss 0.0147, disc_weight 0.4000, disc_adaptive_weight 7.2012, d_loss 0.4005, logits_real -0.0159, logits_fake -0.0141,
Train Epoch: [30/30] Iters:[30/1093] gen_loss 0.2553, rec_loss 0.0113, lpips_loss 0.1327, g_loss 0.0149, disc_weight 0.4000, disc_adaptive_weight 7.4683, d_loss 0.4005, logits_real -0.0159, logits_fake -0.0142,
Train Epoch: [30/30] Iters:[40/1093] gen_loss 0.2558, rec_loss 0.0114, lpips_loss 0.1326, g_loss 0.0150, disc_weight 0.4000, disc_adaptive_weight 7.4652, d_loss 0.4005, logits_real -0.0161, logits_fake -0.0145,
Train Epoch: [30/30] Iters:[50/1093] gen_loss 0.2562, rec_loss 0.0114, lpips_loss 0.1326, g_loss 0.0147, disc_weight 0.4000, disc_adaptive_weight 7.6068, d_loss 0.4005, logits_real -0.0159, logits_fake -0.0144,
Train Epoch: [30/30] Iters:[60/1093] gen_loss 0.2507, rec_loss 0.0115, lpips_loss 0.1329, g_loss 0.0143, disc_weight 0.4000, disc_adaptive_weight 7.4269, d_loss 0.4005, logits_real -0.0157, logits_fake -0.0141,
Train Epoch: [30/30] Iters:[70/1093] gen_loss 0.2471, rec_loss 0.0114, lpips_loss 0.1325, g_loss 0.0141, disc_weight 0.4000, disc_adaptive_weight 7.3154, d_loss 0.4005, logits_real -0.0153, logits_fake -0.0138,
Train Epoch: [30/30] Iters:[80/1093] gen_loss 0.2413, rec_loss 0.0115, lpips_loss 0.1325, g_loss 0.0137, disc_weight 0.4000, disc_adaptive_weight 7.0859, d_loss 0.4005, logits_real -0.0150, logits_fake -0.0135,
Train Epoch: [30/30] Iters:[90/1093] gen_loss 0.2378, rec_loss 0.0114, lpips_loss 0.1325, g_loss 0.0133, disc_weight 0.4000, disc_adaptive_weight 7.0513, d_loss 0.4005, logits_real -0.0146, logits_fake -0.0132,
Train Epoch: [30/30] Iters:[100/1093] gen_loss 0.2350, rec_loss 0.0112, lpips_loss 0.1325, g_loss 0.0135, disc_weight 0.4000, disc_adaptive_weight 6.7888, d_loss 0.4005, logits_real -0.0147, logits_fake -0.0133,
Train Epoch: [30/30] Iters:[110/1093] gen_loss 0.2356, rec_loss 0.0112, lpips_loss 0.1322, g_loss 0.0136, disc_weight 0.4000, disc_adaptive_weight 6.7627, d_loss 0.4004, logits_real -0.0148, logits_fake -0.0135,
Train Epoch: [30/30] Iters:[120/1093] gen_loss 0.2365, rec_loss 0.0114, lpips_loss 0.1328, g_loss 0.0133, disc_weight 0.4000, disc_adaptive_weight 6.9349, d_loss 0.4004, logits_real -0.0147, logits_fake -0.0134,
Train Epoch: [30/30] Iters:[130/1093] gen_loss 0.2353, rec_loss 0.0112, lpips_loss 0.1329, g_loss 0.0132, disc_weight 0.4000, disc_adaptive_weight 6.8894, d_loss 0.4004, logits_real -0.0145, logits_fake -0.0135,
Train Epoch: [30/30] Iters:[140/1093] gen_loss 0.2376, rec_loss 0.0112, lpips_loss 0.1331, g_loss 0.0134, disc_weight 0.4000, disc_adaptive_weight 6.9190, d_loss 0.4004, logits_real -0.0145, logits_fake -0.0133,
Train Epoch: [30/30] Iters:[150/1093] gen_loss 0.2366, rec_loss 0.0113, lpips_loss 0.1331, g_loss 0.0133, disc_weight 0.4000, disc_adaptive_weight 6.8766, d_loss 0.4004, logits_real -0.0144, logits_fake -0.0131,
Train Epoch: [30/30] Iters:[160/1093] gen_loss 0.2368, rec_loss 0.0113, lpips_loss 0.1336, g_loss 0.0134, disc_weight 0.4000, disc_adaptive_weight 6.8151, d_loss 0.4004, logits_real -0.0145, logits_fake -0.0132,
Train Epoch: [30/30] Iters:[170/1093] gen_loss 0.2404, rec_loss 0.0114, lpips_loss 0.1336, g_loss 0.0138, disc_weight 0.4000, disc_adaptive_weight 6.9017, d_loss 0.4005, logits_real -0.0148, logits_fake -0.0134,
Train Epoch: [30/30] Iters:[180/1093] gen_loss 0.2439, rec_loss 0.0115, lpips_loss 0.1333, g_loss 0.0139, disc_weight 0.4000, disc_adaptive_weight 7.1188, d_loss 0.4005, logits_real -0.0151, logits_fake -0.0135,
Train Epoch: [30/30] Iters:[190/1093] gen_loss 0.2401, rec_loss 0.0115, lpips_loss 0.1332, g_loss 0.0137, disc_weight 0.4000, disc_adaptive_weight 6.9498, d_loss 0.4005, logits_real -0.0151, logits_fake -0.0135,
Train Epoch: [30/30] Iters:[200/1093] gen_loss 0.2411, rec_loss 0.0114, lpips_loss 0.1337, g_loss 0.0136, disc_weight 0.4000, disc_adaptive_weight 7.0704, d_loss 0.4004, logits_real -0.0149, logits_fake -0.0135,
Train Epoch: [30/30] Iters:[210/1093] gen_loss 0.2418, rec_loss 0.0114, lpips_loss 0.1335, g_loss 0.0134, disc_weight 0.4000, disc_adaptive_weight 7.2198, d_loss 0.4004, logits_real -0.0146, logits_fake -0.0133,
Train Epoch: [30/30] Iters:[220/1093] gen_loss 0.2363, rec_loss 0.0112, lpips_loss 0.1332, g_loss 0.0131, disc_weight 0.4000, disc_adaptive_weight 6.9993, d_loss 0.4004, logits_real -0.0143, logits_fake -0.0131,
Train Epoch: [30/30] Iters:[230/1093] gen_loss 0.2345, rec_loss 0.0111, lpips_loss 0.1331, g_loss 0.0129, disc_weight 0.4000, disc_adaptive_weight 7.0068, d_loss 0.4004, logits_real -0.0141, logits_fake -0.0128,
Train Epoch: [30/30] Iters:[240/1093] gen_loss 0.2339, rec_loss 0.0112, lpips_loss 0.1331, g_loss 0.0124, disc_weight 0.4000, disc_adaptive_weight 7.1893, d_loss 0.4004, logits_real -0.0137, logits_fake -0.0124,
Train Epoch: [30/30] Iters:[250/1093] gen_loss 0.2300, rec_loss 0.0112, lpips_loss 0.1328, g_loss 0.0119, disc_weight 0.4000, disc_adaptive_weight 7.2077, d_loss 0.4004, logits_real -0.0133, logits_fake -0.0120,
Train Epoch: [30/30] Iters:[260/1093] gen_loss 0.2277, rec_loss 0.0112, lpips_loss 0.1328, g_loss 0.0117, disc_weight 0.4000, disc_adaptive_weight 7.1490, d_loss 0.4004, logits_real -0.0131, logits_fake -0.0117,
Train Epoch: [30/30] Iters:[270/1093] gen_loss 0.2299, rec_loss 0.0112, lpips_loss 0.1327, g_loss 0.0118, disc_weight 0.4000, disc_adaptive_weight 7.3051, d_loss 0.4004, logits_real -0.0131, logits_fake -0.0118,
Train Epoch: [30/30] Iters:[280/1093] gen_loss 0.2262, rec_loss 0.0111, lpips_loss 0.1323, g_loss 0.0118, disc_weight 0.4000, disc_adaptive_weight 7.0175, d_loss 0.4004, logits_real -0.0131, logits_fake -0.0120,
Train Epoch: [30/30] Iters:[290/1093] gen_loss 0.2247, rec_loss 0.0110, lpips_loss 0.1326, g_loss 0.0119, disc_weight 0.4000, disc_adaptive_weight 6.8252, d_loss 0.4004, logits_real -0.0130, logits_fake -0.0119,
Train Epoch: [30/30] Iters:[300/1093] gen_loss 0.2245, rec_loss 0.0109, lpips_loss 0.1318, g_loss 0.0121, disc_weight 0.4000, disc_adaptive_weight 6.7456, d_loss 0.4004, logits_real -0.0131, logits_fake -0.0121,
Train Epoch: [30/30] Iters:[310/1093] gen_loss 0.2208, rec_loss 0.0108, lpips_loss 0.1314, g_loss 0.0121, disc_weight 0.4000, disc_adaptive_weight 6.4958, d_loss 0.4004, logits_real -0.0132, logits_fake -0.0121,
Train Epoch: [30/30] Iters:[320/1093] gen_loss 0.2211, rec_loss 0.0109, lpips_loss 0.1317, g_loss 0.0119, disc_weight 0.4000, disc_adaptive_weight 6.5852, d_loss 0.4005, logits_real -0.0132, logits_fake -0.0119,
Train Epoch: [30/30] Iters:[330/1093] gen_loss 0.2212, rec_loss 0.0110, lpips_loss 0.1320, g_loss 0.0117, disc_weight 0.4000, disc_adaptive_weight 6.7110, d_loss 0.4005, logits_real -0.0131, logits_fake -0.0115,
Train Epoch: [30/30] Iters:[340/1093] gen_loss 0.2199, rec_loss 0.0109, lpips_loss 0.1316, g_loss 0.0114, disc_weight 0.4000, disc_adaptive_weight 6.7526, d_loss 0.4005, logits_real -0.0131, logits_fake -0.0115,
Train Epoch: [30/30] Iters:[350/1093] gen_loss 0.2163, rec_loss 0.0110, lpips_loss 0.1321, g_loss 0.0110, disc_weight 0.4000, disc_adaptive_weight 6.6536, d_loss 0.4005, logits_real -0.0127, logits_fake -0.0112,
Train Epoch: [30/30] Iters:[360/1093] gen_loss 0.2145, rec_loss 0.0110, lpips_loss 0.1316, g_loss 0.0105, disc_weight 0.4000, disc_adaptive_weight 6.8392, d_loss 0.4004, logits_real -0.0120, logits_fake -0.0108,
Train Epoch: [30/30] Iters:[370/1093] gen_loss 0.2101, rec_loss 0.0110, lpips_loss 0.1314, g_loss 0.0100, disc_weight 0.4000, disc_adaptive_weight 6.7851, d_loss 0.4004, logits_real -0.0114, logits_fake -0.0101,
Train Epoch: [30/30] Iters:[380/1093] gen_loss 0.2059, rec_loss 0.0110, lpips_loss 0.1313, g_loss 0.0096, disc_weight 0.4000, disc_adaptive_weight 6.6420, d_loss 0.4004, logits_real -0.0109, logits_fake -0.0099,
Train Epoch: [30/30] Iters:[390/1093] gen_loss 0.2024, rec_loss 0.0113, lpips_loss 0.1318, g_loss 0.0093, disc_weight 0.4000, disc_adaptive_weight 6.4121, d_loss 0.4004, logits_real -0.0107, logits_fake -0.0095,
Train Epoch: [30/30] Iters:[400/1093] gen_loss 0.2019, rec_loss 0.0113, lpips_loss 0.1318, g_loss 0.0092, disc_weight 0.4000, disc_adaptive_weight 6.3592, d_loss 0.4004, logits_real -0.0106, logits_fake -0.0095,
Train Epoch: [30/30] Iters:[410/1093] gen_loss 0.2078, rec_loss 0.0114, lpips_loss 0.1327, g_loss 0.0096, disc_weight 0.4000, disc_adaptive_weight 6.6062, d_loss 0.4004, logits_real -0.0110, logits_fake -0.0097,
Train Epoch: [30/30] Iters:[420/1093] gen_loss 0.2129, rec_loss 0.0114, lpips_loss 0.1329, g_loss 0.0100, disc_weight 0.4000, disc_adaptive_weight 6.7685, d_loss 0.4004, logits_real -0.0113, logits_fake -0.0103,
Train Epoch: [30/30] Iters:[430/1093] gen_loss 0.2152, rec_loss 0.0113, lpips_loss 0.1326, g_loss 0.0103, disc_weight 0.4000, disc_adaptive_weight 6.8117, d_loss 0.4004, logits_real -0.0117, logits_fake -0.0106,
Train Epoch: [30/30] Iters:[440/1093] gen_loss 0.2201, rec_loss 0.0111, lpips_loss 0.1326, g_loss 0.0107, disc_weight 0.4000, disc_adaptive_weight 7.1504, d_loss 0.4004, logits_real -0.0122, logits_fake -0.0110,
Train Epoch: [30/30] Iters:[450/1093] gen_loss 0.2245, rec_loss 0.0112, lpips_loss 0.1326, g_loss 0.0109, disc_weight 0.4000, disc_adaptive_weight 7.3870, d_loss 0.4004, logits_real -0.0126, logits_fake -0.0113,
Train Epoch: [30/30] Iters:[460/1093] gen_loss 0.2207, rec_loss 0.0110, lpips_loss 0.1319, g_loss 0.0109, disc_weight 0.4000, disc_adaptive_weight 7.1260, d_loss 0.4004, logits_real -0.0125, logits_fake -0.0112,
Train Epoch: [30/30] Iters:[470/1093] gen_loss 0.2160, rec_loss 0.0109, lpips_loss 0.1316, g_loss 0.0108, disc_weight 0.4000, disc_adaptive_weight 6.8023, d_loss 0.4005, logits_real -0.0127, logits_fake -0.0111,
Train Epoch: [30/30] Iters:[480/1093] gen_loss 0.2177, rec_loss 0.0109, lpips_loss 0.1322, g_loss 0.0109, disc_weight 0.4000, disc_adaptive_weight 6.8675, d_loss 0.4004, logits_real -0.0125, logits_fake -0.0113,
Train Epoch: [30/30] Iters:[490/1093] gen_loss 0.2177, rec_loss 0.0109, lpips_loss 0.1322, g_loss 0.0112, disc_weight 0.4000, disc_adaptive_weight 6.6622, d_loss 0.4004, logits_real -0.0122, logits_fake -0.0112,
Train Epoch: [30/30] Iters:[500/1093] gen_loss 0.2152, rec_loss 0.0110, lpips_loss 0.1328, g_loss 0.0113, disc_weight 0.4000, disc_adaptive_weight 6.3619, d_loss 0.4004, logits_real -0.0126, logits_fake -0.0115,
Train Epoch: [30/30] Iters:[510/1093] gen_loss 0.2160, rec_loss 0.0110, lpips_loss 0.1327, g_loss 0.0117, disc_weight 0.4000, disc_adaptive_weight 6.1590, d_loss 0.4004, logits_real -0.0129, logits_fake -0.0118,
Train Epoch: [30/30] Iters:[520/1093] gen_loss 0.2242, rec_loss 0.0112, lpips_loss 0.1330, g_loss 0.0121, disc_weight 0.4000, disc_adaptive_weight 6.5963, d_loss 0.4004, logits_real -0.0131, logits_fake -0.0121,
Train Epoch: [30/30] Iters:[530/1093] gen_loss 0.2251, rec_loss 0.0111, lpips_loss 0.1326, g_loss 0.0121, disc_weight 0.4000, disc_adaptive_weight 6.7124, d_loss 0.4005, logits_real -0.0135, logits_fake -0.0119,
Train Epoch: [30/30] Iters:[540/1093] gen_loss 0.2219, rec_loss 0.0112, lpips_loss 0.1324, g_loss 0.0117, disc_weight 0.4000, disc_adaptive_weight 6.6901, d_loss 0.4005, logits_real -0.0135, logits_fake -0.0118,
Train Epoch: [30/30] Iters:[550/1093] gen_loss 0.2244, rec_loss 0.0112, lpips_loss 0.1319, g_loss 0.0112, disc_weight 0.4000, disc_adaptive_weight 7.3024, d_loss 0.4005, logits_real -0.0128, logits_fake -0.0111,
Train Epoch: [30/30] Iters:[560/1093] gen_loss 0.2258, rec_loss 0.0113, lpips_loss 0.1327, g_loss 0.0108, disc_weight 0.4000, disc_adaptive_weight 7.6248, d_loss 0.4005, logits_real -0.0123, logits_fake -0.0108,
Train Epoch: [30/30] Iters:[570/1093] gen_loss 0.2218, rec_loss 0.0112, lpips_loss 0.1325, g_loss 0.0105, disc_weight 0.4000, disc_adaptive_weight 7.4543, d_loss 0.4004, logits_real -0.0121, logits_fake -0.0108,
Train Epoch: [30/30] Iters:[580/1093] gen_loss 0.2227, rec_loss 0.0112, lpips_loss 0.1323, g_loss 0.0108, disc_weight 0.4000, disc_adaptive_weight 7.3513, d_loss 0.4004, logits_real -0.0124, logits_fake -0.0111,
Train Epoch: [30/30] Iters:[590/1093] gen_loss 0.2297, rec_loss 0.0113, lpips_loss 0.1325, g_loss 0.0114, disc_weight 0.4000, disc_adaptive_weight 7.5701, d_loss 0.4004, logits_real -0.0127, logits_fake -0.0116,
Train Epoch: [30/30] Iters:[600/1093] gen_loss 0.2280, rec_loss 0.0111, lpips_loss 0.1326, g_loss 0.0122, disc_weight 0.4000, disc_adaptive_weight 6.9301, d_loss 0.4004, logits_real -0.0136, logits_fake -0.0123,
Train Epoch: [30/30] Iters:[610/1093] gen_loss 0.2276, rec_loss 0.0110, lpips_loss 0.1322, g_loss 0.0123, disc_weight 0.4000, disc_adaptive_weight 6.8791, d_loss 0.4004, logits_real -0.0137, logits_fake -0.0125,
Train Epoch: [30/30] Iters:[620/1093] gen_loss 0.2242, rec_loss 0.0110, lpips_loss 0.1322, g_loss 0.0120, disc_weight 0.4000, disc_adaptive_weight 6.6972, d_loss 0.4005, logits_real -0.0135, logits_fake -0.0121,
Train Epoch: [30/30] Iters:[630/1093] gen_loss 0.2226, rec_loss 0.0110, lpips_loss 0.1325, g_loss 0.0118, disc_weight 0.4000, disc_adaptive_weight 6.6749, d_loss 0.4004, logits_real -0.0131, logits_fake -0.0118,
Train Epoch: [30/30] Iters:[640/1093] gen_loss 0.2147, rec_loss 0.0109, lpips_loss 0.1318, g_loss 0.0116, disc_weight 0.4000, disc_adaptive_weight 6.2573, d_loss 0.4005, logits_real -0.0131, logits_fake -0.0116,
Train Epoch: [30/30] Iters:[650/1093] gen_loss 0.2158, rec_loss 0.0108, lpips_loss 0.1315, g_loss 0.0114, disc_weight 0.4000, disc_adaptive_weight 6.4671, d_loss 0.4005, logits_real -0.0128, logits_fake -0.0113,
Train Epoch: [30/30] Iters:[660/1093] gen_loss 0.2126, rec_loss 0.0109, lpips_loss 0.1314, g_loss 0.0115, disc_weight 0.4000, disc_adaptive_weight 6.1359, d_loss 0.4005, logits_real -0.0128, logits_fake -0.0114,
Train Epoch: [30/30] Iters:[670/1093] gen_loss 0.2172, rec_loss 0.0109, lpips_loss 0.1316, g_loss 0.0116, disc_weight 0.4000, disc_adaptive_weight 6.4476, d_loss 0.4005, logits_real -0.0130, logits_fake -0.0115,
Train Epoch: [30/30] Iters:[680/1093] gen_loss 0.2180, rec_loss 0.0110, lpips_loss 0.1315, g_loss 0.0116, disc_weight 0.4000, disc_adaptive_weight 6.5488, d_loss 0.4004, logits_real -0.0131, logits_fake -0.0117,
Train Epoch: [30/30] Iters:[690/1093] gen_loss 0.2228, rec_loss 0.0110, lpips_loss 0.1320, g_loss 0.0117, disc_weight 0.4000, disc_adaptive_weight 6.8892, d_loss 0.4004, logits_real -0.0131, logits_fake -0.0118,
Train Epoch: [30/30] Iters:[700/1093] gen_loss 0.2250, rec_loss 0.0111, lpips_loss 0.1321, g_loss 0.0118, disc_weight 0.4000, disc_adaptive_weight 6.9577, d_loss 0.4004, logits_real -0.0131, logits_fake -0.0120,
Train Epoch: [30/30] Iters:[710/1093] gen_loss 0.2290, rec_loss 0.0111, lpips_loss 0.1322, g_loss 0.0122, disc_weight 0.4000, disc_adaptive_weight 7.1089, d_loss 0.4004, logits_real -0.0135, logits_fake -0.0123,
Train Epoch: [30/30] Iters:[720/1093] gen_loss 0.2280, rec_loss 0.0110, lpips_loss 0.1321, g_loss 0.0128, disc_weight 0.4000, disc_adaptive_weight 6.6968, d_loss 0.4004, logits_real -0.0139, logits_fake -0.0128,
Train Epoch: [30/30] Iters:[730/1093] gen_loss 0.2331, rec_loss 0.0111, lpips_loss 0.1327, g_loss 0.0134, disc_weight 0.4000, disc_adaptive_weight 6.6751, d_loss 0.4004, logits_real -0.0146, logits_fake -0.0132,
Train Epoch: [30/30] Iters:[740/1093] gen_loss 0.2401, rec_loss 0.0110, lpips_loss 0.1323, g_loss 0.0140, disc_weight 0.4000, disc_adaptive_weight 6.9087, d_loss 0.4005, logits_real -0.0152, logits_fake -0.0137,
Train Epoch: [30/30] Iters:[750/1093] gen_loss 0.2398, rec_loss 0.0110, lpips_loss 0.1323, g_loss 0.0142, disc_weight 0.4000, disc_adaptive_weight 6.7567, d_loss 0.4005, logits_real -0.0156, logits_fake -0.0141,
Train Epoch: [30/30] Iters:[760/1093] gen_loss 0.2444, rec_loss 0.0109, lpips_loss 0.1320, g_loss 0.0146, disc_weight 0.4000, disc_adaptive_weight 6.9269, d_loss 0.4004, logits_real -0.0159, logits_fake -0.0145,
Train Epoch: [30/30] Iters:[770/1093] gen_loss 0.2472, rec_loss 0.0109, lpips_loss 0.1318, g_loss 0.0148, disc_weight 0.4000, disc_adaptive_weight 7.0312, d_loss 0.4005, logits_real -0.0162, logits_fake -0.0148,
Train Epoch: [30/30] Iters:[780/1093] gen_loss 0.2480, rec_loss 0.0108, lpips_loss 0.1317, g_loss 0.0148, disc_weight 0.4000, disc_adaptive_weight 7.1121, d_loss 0.4004, logits_real -0.0162, logits_fake -0.0149,
Train Epoch: [30/30] Iters:[790/1093] gen_loss 0.2460, rec_loss 0.0110, lpips_loss 0.1323, g_loss 0.0146, disc_weight 0.4000, disc_adaptive_weight 7.0104, d_loss 0.4004, logits_real -0.0160, logits_fake -0.0146,
Train Epoch: [30/30] Iters:[800/1093] gen_loss 0.2480, rec_loss 0.0110, lpips_loss 0.1326, g_loss 0.0147, disc_weight 0.4000, disc_adaptive_weight 7.0989, d_loss 0.4004, logits_real -0.0160, logits_fake -0.0147,
Train Epoch: [30/30] Iters:[810/1093] gen_loss 0.2475, rec_loss 0.0111, lpips_loss 0.1332, g_loss 0.0148, disc_weight 0.4000, disc_adaptive_weight 6.9933, d_loss 0.4004, logits_real -0.0160, logits_fake -0.0147,
Train Epoch: [30/30] Iters:[820/1093] gen_loss 0.2484, rec_loss 0.0109, lpips_loss 0.1330, g_loss 0.0149, disc_weight 0.4000, disc_adaptive_weight 7.0176, d_loss 0.4004, logits_real -0.0162, logits_fake -0.0149,
Train Epoch: [30/30] Iters:[830/1093] gen_loss 0.2478, rec_loss 0.0109, lpips_loss 0.1328, g_loss 0.0153, disc_weight 0.4000, disc_adaptive_weight 6.8235, d_loss 0.4004, logits_real -0.0165, logits_fake -0.0152,
Train Epoch: [30/30] Iters:[840/1093] gen_loss 0.2483, rec_loss 0.0109, lpips_loss 0.1326, g_loss 0.0155, disc_weight 0.4000, disc_adaptive_weight 6.7584, d_loss 0.4004, logits_real -0.0168, logits_fake -0.0155,
Train Epoch: [30/30] Iters:[850/1093] gen_loss 0.2514, rec_loss 0.0109, lpips_loss 0.1323, g_loss 0.0156, disc_weight 0.4000, disc_adaptive_weight 6.9420, d_loss 0.4004, logits_real -0.0168, logits_fake -0.0156,
Train Epoch: [30/30] Iters:[860/1093] gen_loss 0.2530, rec_loss 0.0109, lpips_loss 0.1318, g_loss 0.0153, disc_weight 0.4000, disc_adaptive_weight 7.1960, d_loss 0.4004, logits_real -0.0167, logits_fake -0.0155,
Train Epoch: [30/30] Iters:[870/1093] gen_loss 0.2517, rec_loss 0.0111, lpips_loss 0.1322, g_loss 0.0151, disc_weight 0.4000, disc_adaptive_weight 7.1805, d_loss 0.4004, logits_real -0.0165, logits_fake -0.0151,
Train Epoch: [30/30] Iters:[880/1093] gen_loss 0.2504, rec_loss 0.0111, lpips_loss 0.1320, g_loss 0.0150, disc_weight 0.4000, disc_adaptive_weight 7.1649, d_loss 0.4004, logits_real -0.0162, logits_fake -0.0150,
Train Epoch: [30/30] Iters:[890/1093] gen_loss 0.2511, rec_loss 0.0111, lpips_loss 0.1319, g_loss 0.0149, disc_weight 0.4000, disc_adaptive_weight 7.2529, d_loss 0.4005, logits_real -0.0164, logits_fake -0.0150,
Train Epoch: [30/30] Iters:[900/1093] gen_loss 0.2481, rec_loss 0.0111, lpips_loss 0.1317, g_loss 0.0149, disc_weight 0.4000, disc_adaptive_weight 7.1041, d_loss 0.4004, logits_real -0.0162, logits_fake -0.0149,
Train Epoch: [30/30] Iters:[910/1093] gen_loss 0.2410, rec_loss 0.0110, lpips_loss 0.1314, g_loss 0.0147, disc_weight 0.4000, disc_adaptive_weight 6.6881, d_loss 0.4004, logits_real -0.0161, logits_fake -0.0148,
Train Epoch: [30/30] Iters:[920/1093] gen_loss 0.2404, rec_loss 0.0110, lpips_loss 0.1316, g_loss 0.0144, disc_weight 0.4000, disc_adaptive_weight 6.7626, d_loss 0.4004, logits_real -0.0159, logits_fake -0.0145,
Train Epoch: [30/30] Iters:[930/1093] gen_loss 0.2394, rec_loss 0.0109, lpips_loss 0.1317, g_loss 0.0139, disc_weight 0.4000, disc_adaptive_weight 6.9499, d_loss 0.4005, logits_real -0.0155, logits_fake -0.0140,
Train Epoch: [30/30] Iters:[940/1093] gen_loss 0.2378, rec_loss 0.0111, lpips_loss 0.1319, g_loss 0.0134, disc_weight 0.4000, disc_adaptive_weight 7.0681, d_loss 0.4004, logits_real -0.0149, logits_fake -0.0135,
Train Epoch: [30/30] Iters:[950/1093] gen_loss 0.2352, rec_loss 0.0111, lpips_loss 0.1325, g_loss 0.0132, disc_weight 0.4000, disc_adaptive_weight 6.9342, d_loss 0.4004, logits_real -0.0147, logits_fake -0.0132,
Train Epoch: [30/30] Iters:[960/1093] gen_loss 0.2404, rec_loss 0.0112, lpips_loss 0.1332, g_loss 0.0133, disc_weight 0.4000, disc_adaptive_weight 7.2237, d_loss 0.4004, logits_real -0.0147, logits_fake -0.0133,
Train Epoch: [30/30] Iters:[970/1093] gen_loss 0.2430, rec_loss 0.0112, lpips_loss 0.1331, g_loss 0.0135, disc_weight 0.4000, disc_adaptive_weight 7.3326, d_loss 0.4004, logits_real -0.0149, logits_fake -0.0135,
Train Epoch: [30/30] Iters:[980/1093] gen_loss 0.2450, rec_loss 0.0114, lpips_loss 0.1332, g_loss 0.0137, disc_weight 0.4000, disc_adaptive_weight 7.3593, d_loss 0.4004, logits_real -0.0151, logits_fake -0.0137,
Train Epoch: [30/30] Iters:[990/1093] gen_loss 0.2432, rec_loss 0.0112, lpips_loss 0.1326, g_loss 0.0140, disc_weight 0.4000, disc_adaptive_weight 7.1018, d_loss 0.4004, logits_real -0.0153, logits_fake -0.0140,
Train Epoch: [30/30] Iters:[1000/1093] gen_loss 0.2425, rec_loss 0.0111, lpips_loss 0.1320, g_loss 0.0140, disc_weight 0.4000, disc_adaptive_weight 7.1076, d_loss 0.4004, logits_real -0.0153, logits_fake -0.0140,
Train Epoch: [30/30] Iters:[1010/1093] gen_loss 0.2412, rec_loss 0.0109, lpips_loss 0.1314, g_loss 0.0138, disc_weight 0.4000, disc_adaptive_weight 7.1499, d_loss 0.4004, logits_real -0.0151, logits_fake -0.0138,
Train Epoch: [30/30] Iters:[1020/1093] gen_loss 0.2350, rec_loss 0.0110, lpips_loss 0.1316, g_loss 0.0134, disc_weight 0.4000, disc_adaptive_weight 6.8812, d_loss 0.4004, logits_real -0.0146, logits_fake -0.0134,
Train Epoch: [30/30] Iters:[1030/1093] gen_loss 0.2339, rec_loss 0.0110, lpips_loss 0.1316, g_loss 0.0131, disc_weight 0.4000, disc_adaptive_weight 6.9578, d_loss 0.4004, logits_real -0.0143, logits_fake -0.0131,
Train Epoch: [30/30] Iters:[1040/1093] gen_loss 0.2322, rec_loss 0.0110, lpips_loss 0.1321, g_loss 0.0130, disc_weight 0.4000, disc_adaptive_weight 6.8841, d_loss 0.4004, logits_real -0.0141, logits_fake -0.0130,
Train Epoch: [30/30] Iters:[1050/1093] gen_loss 0.2377, rec_loss 0.0110, lpips_loss 0.1319, g_loss 0.0131, disc_weight 0.4000, disc_adaptive_weight 7.2317, d_loss 0.4004, logits_real -0.0142, logits_fake -0.0132,
Train Epoch: [30/30] Iters:[1060/1093] gen_loss 0.2369, rec_loss 0.0112, lpips_loss 0.1325, g_loss 0.0133, disc_weight 0.4000, disc_adaptive_weight 7.0245, d_loss 0.4004, logits_real -0.0144, logits_fake -0.0133,
Train Epoch: [30/30] Iters:[1070/1093] gen_loss 0.2416, rec_loss 0.0111, lpips_loss 0.1323, g_loss 0.0135, disc_weight 0.4000, disc_adaptive_weight 7.2921, d_loss 0.4004, logits_real -0.0146, logits_fake -0.0135,
Train Epoch: [30/30] Iters:[1080/1093] gen_loss 0.2367, rec_loss 0.0111, lpips_loss 0.1323, g_loss 0.0135, disc_weight 0.4000, disc_adaptive_weight 6.8762, d_loss 0.4004, logits_real -0.0147, logits_fake -0.0136,
Train Epoch: [30/30] Iters:[1090/1093] gen_loss 0.2378, rec_loss 0.0110, lpips_loss 0.1322, g_loss 0.0134, disc_weight 0.4000, disc_adaptive_weight 7.0404, d_loss 0.4004, logits_real -0.0147, logits_fake -0.0135,
Loading pretrained model LPIPS from /home/sunset/.cache/torch/hub/pyiqa/LPIPS_v0.1_alex-df73285e.pth
######### saving checkpoint #########
Loading pretrained model LPIPS from /home/sunset/.cache/torch/hub/pyiqa/LPIPS_v0.1_alex-df73285e.pth
PSNR:27.497581098720005  SSIM:0.7633281205722264  LPIPS:0.06886739243779863
