dataset_dir: /project/6105494/shared/data/
dataset_name: FFHQ
global_batch_size: 64
workers: 6
resolution: 256
channels: 3
codebook_size: 256
codebook_dim: 8
project_dim: 16
pq: 2
L: 4
alpha: 1.0
beta: 1.0
gamma: 0.0
disc_weight: 0.4
lecam_loss_weight: 0.001
disc_cr_loss_weight: 4.0
VQ: online_vq
transplant_epochs: 30
refinement_epochs: 30
eval_epochs: 5
disc_epoch: 1
lr_transplant: 0.0001
lr_refinement: 1e-05
dropout: 0.0
seed: 3407
weight_decay: 1e-05
stage: refinement
checkpoint_dir: /project/6105494/sunset/VQ-Projects/Rate-Distortion-Perspective/VAR-Transplant/checkpoint/Refinement/FFHQ
results_dir: /project/6105494/sunset/VQ-Projects/Rate-Distortion-Perspective/VAR-Transplant/results/Refinement/FFHQ
saver_dir: /project/6105494/sunset/VQ-Projects/Rate-Distortion-Perspective/VAR-Transplant/saver/Refinement/FFHQ
reconstruction_dir: /project/6105494/sunset/VQ-Projects/Rate-Distortion-Perspective/VAR-Transplant/reconstruction/Refinement/FFHQ
yaml_dir: /project/6105494/sunset/VQ-Projects/Rate-Distortion-Perspective/VAR-Transplant/yaml/Refinement/FFHQ
pretrained_tokenizer: /project/6105494/sunset/VQ-Projects/Rate-Distortion-Perspective/VAR-Transplant/pretrained_tokenizer/vae_ch160v4096z32.pth
checkpoint_name: checkpoint-online_vq_transplant_FFHQ_model_256_8_2_loss_1.0_1.0_0.0_0.4.pth.tar
nnodes: -1
node_rank: -1
local_rank: 0
dist_url: tcp://224.66.41.62:23456
dist_backend: nccl
world_size: 2
batch_size: 32
init_checkpoint_dir: /project/6105494/sunset/VQ-Projects/Rate-Distortion-Perspective/VAR-Transplant/checkpoint/
data_pre: FFHQ
model_pre: model_256_8_2
loss_pre: loss_1.0_1.0_0.0_0.4
training_pre: online_vq_refinement
saver_name_pre: online_vq_refinement_FFHQ_model_256_8_2_loss_1.0_1.0_0.0_0.4
| distributed init (rank 0): env://
| distributed init (rank 1): env://
VQ Model Parameters: 108761795
loaded pretrained LPIPS loss from /project/6105494/sunset/VQ-Projects/Rate-Distortion-Perspective/VAR-Transplant/code/models/cache/vgg.pth
dataset name: FFHQ
len train_set: 70000
len val_set: 70000
Start training...
epoch:1, cur_lr:0.000010
Train Epoch: [1/30] Iters:[10/1093] gen_loss 0.0748, rec_loss 0.0100, lpips_loss 0.1338, g_loss -0.0253, disc_weight 0.4000, disc_adaptive_weight 3.1369, d_loss 2.4554, logits_real 0.0549, logits_fake 0.0264,
Train Epoch: [1/30] Iters:[20/1093] gen_loss 0.1010, rec_loss 0.0102, lpips_loss 0.1331, g_loss -0.0171, disc_weight 0.4000, disc_adaptive_weight 3.1774, d_loss 2.1820, logits_real 0.0549, logits_fake 0.0180,
Train Epoch: [1/30] Iters:[30/1093] gen_loss 0.1395, rec_loss 0.0102, lpips_loss 0.1336, g_loss -0.0058, disc_weight 0.4000, disc_adaptive_weight 3.3401, d_loss 1.9753, logits_real 0.0533, logits_fake 0.0038,
Train Epoch: [1/30] Iters:[40/1093] gen_loss 0.1682, rec_loss 0.0103, lpips_loss 0.1348, g_loss 0.0015, disc_weight 0.4000, disc_adaptive_weight 3.5977, d_loss 1.8259, logits_real 0.0526, logits_fake -0.0034,
Train Epoch: [1/30] Iters:[50/1093] gen_loss 0.1566, rec_loss 0.0104, lpips_loss 0.1349, g_loss -0.0010, disc_weight 0.4000, disc_adaptive_weight 3.5485, d_loss 1.7068, logits_real 0.0524, logits_fake -0.0001,
Train Epoch: [1/30] Iters:[60/1093] gen_loss 0.1461, rec_loss 0.0106, lpips_loss 0.1352, g_loss -0.0028, disc_weight 0.4000, disc_adaptive_weight 3.6297, d_loss 1.4378, logits_real 0.0522, logits_fake 0.0020,
Train Epoch: [1/30] Iters:[70/1093] gen_loss 0.1167, rec_loss 0.0107, lpips_loss 0.1358, g_loss -0.0110, disc_weight 0.4000, disc_adaptive_weight 3.6371, d_loss 1.2602, logits_real 0.0515, logits_fake 0.0104,
Train Epoch: [1/30] Iters:[80/1093] gen_loss 0.0770, rec_loss 0.0109, lpips_loss 0.1364, g_loss -0.0250, disc_weight 0.4000, disc_adaptive_weight 3.3961, d_loss 1.1398, logits_real 0.0519, logits_fake 0.0258,
Train Epoch: [1/30] Iters:[90/1093] gen_loss 0.0302, rec_loss 0.0109, lpips_loss 0.1361, g_loss -0.0389, disc_weight 0.4000, disc_adaptive_weight 3.0645, d_loss 1.0449, logits_real 0.0519, logits_fake 0.0401,
Train Epoch: [1/30] Iters:[100/1093] gen_loss 0.0170, rec_loss 0.0110, lpips_loss 0.1365, g_loss -0.0429, disc_weight 0.4000, disc_adaptive_weight 3.1179, d_loss 0.9678, logits_real 0.0515, logits_fake 0.0437,
Train Epoch: [1/30] Iters:[110/1093] gen_loss 0.0232, rec_loss 0.0112, lpips_loss 0.1380, g_loss -0.0401, disc_weight 0.4000, disc_adaptive_weight 3.4069, d_loss 0.9077, logits_real 0.0503, logits_fake 0.0403,
Train Epoch: [1/30] Iters:[120/1093] gen_loss 0.0422, rec_loss 0.0115, lpips_loss 0.1408, g_loss -0.0326, disc_weight 0.4000, disc_adaptive_weight 4.1470, d_loss 0.8574, logits_real 0.0492, logits_fake 0.0329,
Train Epoch: [1/30] Iters:[130/1093] gen_loss 0.0600, rec_loss 0.0122, lpips_loss 0.1452, g_loss -0.0238, disc_weight 0.4000, disc_adaptive_weight 5.1113, d_loss 0.8142, logits_real 0.0480, logits_fake 0.0239,
Train Epoch: [1/30] Iters:[140/1093] gen_loss 0.0783, rec_loss 0.0130, lpips_loss 0.1515, g_loss -0.0158, disc_weight 0.4000, disc_adaptive_weight 6.5571, d_loss 0.7779, logits_real 0.0468, logits_fake 0.0159,
Train Epoch: [1/30] Iters:[150/1093] gen_loss 0.0878, rec_loss 0.0142, lpips_loss 0.1601, g_loss -0.0114, disc_weight 0.4000, disc_adaptive_weight 8.2761, d_loss 0.7487, logits_real 0.0456, logits_fake 0.0115,
Train Epoch: [1/30] Iters:[160/1093] gen_loss 0.0914, rec_loss 0.0155, lpips_loss 0.1679, g_loss -0.0103, disc_weight 0.4000, disc_adaptive_weight 9.0626, d_loss 0.7226, logits_real 0.0442, logits_fake 0.0105,
Train Epoch: [1/30] Iters:[170/1093] gen_loss 0.0923, rec_loss 0.0164, lpips_loss 0.1739, g_loss -0.0104, disc_weight 0.4000, disc_adaptive_weight 9.3770, d_loss 0.7012, logits_real 0.0429, logits_fake 0.0101,
Train Epoch: [1/30] Iters:[180/1093] gen_loss 0.0820, rec_loss 0.0169, lpips_loss 0.1773, g_loss -0.0116, disc_weight 0.4000, disc_adaptive_weight 9.7585, d_loss 0.6823, logits_real 0.0414, logits_fake 0.0116,
Train Epoch: [1/30] Iters:[190/1093] gen_loss 0.0638, rec_loss 0.0170, lpips_loss 0.1778, g_loss -0.0142, disc_weight 0.4000, disc_adaptive_weight 9.4507, d_loss 0.6648, logits_real 0.0397, logits_fake 0.0144,
Train Epoch: [1/30] Iters:[200/1093] gen_loss 0.0470, rec_loss 0.0166, lpips_loss 0.1741, g_loss -0.0170, disc_weight 0.4000, disc_adaptive_weight 8.5465, d_loss 0.6488, logits_real 0.0376, logits_fake 0.0168,
Train Epoch: [1/30] Iters:[210/1093] gen_loss 0.0453, rec_loss 0.0157, lpips_loss 0.1689, g_loss -0.0186, disc_weight 0.4000, disc_adaptive_weight 7.7041, d_loss 0.6349, logits_real 0.0360, logits_fake 0.0184,
Train Epoch: [1/30] Iters:[220/1093] gen_loss 0.0457, rec_loss 0.0150, lpips_loss 0.1635, g_loss -0.0206, disc_weight 0.4000, disc_adaptive_weight 6.7177, d_loss 0.6220, logits_real 0.0343, logits_fake 0.0206,
Train Epoch: [1/30] Iters:[230/1093] gen_loss 0.0511, rec_loss 0.0142, lpips_loss 0.1570, g_loss -0.0223, disc_weight 0.4000, disc_adaptive_weight 5.5149, d_loss 0.6098, logits_real 0.0323, logits_fake 0.0225,
Train Epoch: [1/30] Iters:[240/1093] gen_loss 0.0649, rec_loss 0.0134, lpips_loss 0.1519, g_loss -0.0232, disc_weight 0.4000, disc_adaptive_weight 4.3820, d_loss 0.5997, logits_real 0.0306, logits_fake 0.0233,
Train Epoch: [1/30] Iters:[250/1093] gen_loss 0.0793, rec_loss 0.0127, lpips_loss 0.1478, g_loss -0.0235, disc_weight 0.4000, disc_adaptive_weight 3.4602, d_loss 0.5906, logits_real 0.0291, logits_fake 0.0237,
Train Epoch: [1/30] Iters:[260/1093] gen_loss 0.0793, rec_loss 0.0121, lpips_loss 0.1442, g_loss -0.0235, disc_weight 0.4000, disc_adaptive_weight 3.2785, d_loss 0.5821, logits_real 0.0275, logits_fake 0.0237,
Train Epoch: [1/30] Iters:[270/1093] gen_loss 0.0806, rec_loss 0.0116, lpips_loss 0.1415, g_loss -0.0235, disc_weight 0.4000, disc_adaptive_weight 3.0921, d_loss 0.5751, logits_real 0.0260, logits_fake 0.0235,
Train Epoch: [1/30] Iters:[280/1093] gen_loss 0.0811, rec_loss 0.0115, lpips_loss 0.1403, g_loss -0.0235, disc_weight 0.4000, disc_adaptive_weight 3.0290, d_loss 0.5685, logits_real 0.0247, logits_fake 0.0231,
Train Epoch: [1/30] Iters:[290/1093] gen_loss 0.0819, rec_loss 0.0112, lpips_loss 0.1394, g_loss -0.0229, disc_weight 0.4000, disc_adaptive_weight 3.0034, d_loss 0.5612, logits_real 0.0234, logits_fake 0.0225,
Train Epoch: [1/30] Iters:[300/1093] gen_loss 0.0801, rec_loss 0.0112, lpips_loss 0.1389, g_loss -0.0225, disc_weight 0.4000, disc_adaptive_weight 3.1299, d_loss 0.5557, logits_real 0.0223, logits_fake 0.0220,
Train Epoch: [1/30] Iters:[310/1093] gen_loss 0.0827, rec_loss 0.0112, lpips_loss 0.1387, g_loss -0.0220, disc_weight 0.4000, disc_adaptive_weight 3.0757, d_loss 0.5498, logits_real 0.0210, logits_fake 0.0215,
Train Epoch: [1/30] Iters:[320/1093] gen_loss 0.0834, rec_loss 0.0111, lpips_loss 0.1383, g_loss -0.0216, disc_weight 0.4000, disc_adaptive_weight 3.0706, d_loss 0.5442, logits_real 0.0199, logits_fake 0.0213,
Train Epoch: [1/30] Iters:[330/1093] gen_loss 0.0842, rec_loss 0.0109, lpips_loss 0.1379, g_loss -0.0208, disc_weight 0.4000, disc_adaptive_weight 3.1223, d_loss 0.5388, logits_real 0.0187, logits_fake 0.0206,
Train Epoch: [1/30] Iters:[340/1093] gen_loss 0.0830, rec_loss 0.0110, lpips_loss 0.1377, g_loss -0.0199, disc_weight 0.4000, disc_adaptive_weight 3.3181, d_loss 0.5337, logits_real 0.0179, logits_fake 0.0197,
Train Epoch: [1/30] Iters:[350/1093] gen_loss 0.0885, rec_loss 0.0109, lpips_loss 0.1373, g_loss -0.0191, disc_weight 0.4000, disc_adaptive_weight 3.1315, d_loss 0.5286, logits_real 0.0168, logits_fake 0.0191,
Train Epoch: [1/30] Iters:[360/1093] gen_loss 0.0905, rec_loss 0.0110, lpips_loss 0.1372, g_loss -0.0186, disc_weight 0.4000, disc_adaptive_weight 3.1379, d_loss 0.5243, logits_real 0.0158, logits_fake 0.0185,
Train Epoch: [1/30] Iters:[370/1093] gen_loss 0.0914, rec_loss 0.0110, lpips_loss 0.1376, g_loss -0.0177, disc_weight 0.4000, disc_adaptive_weight 3.2404, d_loss 0.5198, logits_real 0.0147, logits_fake 0.0174,
Train Epoch: [1/30] Iters:[380/1093] gen_loss 0.0937, rec_loss 0.0111, lpips_loss 0.1379, g_loss -0.0171, disc_weight 0.4000, disc_adaptive_weight 3.2247, d_loss 0.5161, logits_real 0.0139, logits_fake 0.0170,
Train Epoch: [1/30] Iters:[390/1093] gen_loss 0.0956, rec_loss 0.0109, lpips_loss 0.1373, g_loss -0.0166, disc_weight 0.4000, disc_adaptive_weight 3.1661, d_loss 0.5129, logits_real 0.0128, logits_fake 0.0168,
Train Epoch: [1/30] Iters:[400/1093] gen_loss 0.0988, rec_loss 0.0110, lpips_loss 0.1379, g_loss -0.0159, disc_weight 0.4000, disc_adaptive_weight 3.1375, d_loss 0.5092, logits_real 0.0118, logits_fake 0.0163,
Train Epoch: [1/30] Iters:[410/1093] gen_loss 0.1042, rec_loss 0.0110, lpips_loss 0.1381, g_loss -0.0149, disc_weight 0.4000, disc_adaptive_weight 3.0013, d_loss 0.5054, logits_real 0.0107, logits_fake 0.0152,
Train Epoch: [1/30] Iters:[420/1093] gen_loss 0.1080, rec_loss 0.0108, lpips_loss 0.1381, g_loss -0.0137, disc_weight 0.4000, disc_adaptive_weight 3.0272, d_loss 0.5020, logits_real 0.0097, logits_fake 0.0142,
Train Epoch: [1/30] Iters:[430/1093] gen_loss 0.1116, rec_loss 0.0109, lpips_loss 0.1380, g_loss -0.0123, disc_weight 0.4000, disc_adaptive_weight 3.0758, d_loss 0.4983, logits_real 0.0084, logits_fake 0.0130,
Train Epoch: [1/30] Iters:[440/1093] gen_loss 0.1170, rec_loss 0.0110, lpips_loss 0.1385, g_loss -0.0112, disc_weight 0.4000, disc_adaptive_weight 2.9587, d_loss 0.4945, logits_real 0.0071, logits_fake 0.0116,
Train Epoch: [1/30] Iters:[450/1093] gen_loss 0.1179, rec_loss 0.0109, lpips_loss 0.1376, g_loss -0.0098, disc_weight 0.4000, disc_adaptive_weight 3.1891, d_loss 0.4912, logits_real 0.0058, logits_fake 0.0102,
Train Epoch: [1/30] Iters:[460/1093] gen_loss 0.1209, rec_loss 0.0108, lpips_loss 0.1373, g_loss -0.0085, disc_weight 0.4000, disc_adaptive_weight 3.2814, d_loss 0.4877, logits_real 0.0047, logits_fake 0.0089,
Train Epoch: [1/30] Iters:[470/1093] gen_loss 0.1242, rec_loss 0.0109, lpips_loss 0.1372, g_loss -0.0076, disc_weight 0.4000, disc_adaptive_weight 3.1768, d_loss 0.4843, logits_real 0.0035, logits_fake 0.0076,
Train Epoch: [1/30] Iters:[480/1093] gen_loss 0.1277, rec_loss 0.0107, lpips_loss 0.1373, g_loss -0.0067, disc_weight 0.4000, disc_adaptive_weight 3.1013, d_loss 0.4818, logits_real 0.0023, logits_fake 0.0065,
Train Epoch: [1/30] Iters:[490/1093] gen_loss 0.1295, rec_loss 0.0108, lpips_loss 0.1370, g_loss -0.0056, disc_weight 0.4000, disc_adaptive_weight 3.2713, d_loss 0.4793, logits_real 0.0014, logits_fake 0.0054,
Train Epoch: [1/30] Iters:[500/1093] gen_loss 0.1349, rec_loss 0.0110, lpips_loss 0.1382, g_loss -0.0047, disc_weight 0.4000, disc_adaptive_weight 3.1136, d_loss 0.4769, logits_real 0.0006, logits_fake 0.0045,
Train Epoch: [1/30] Iters:[510/1093] gen_loss 0.1369, rec_loss 0.0110, lpips_loss 0.1382, g_loss -0.0041, disc_weight 0.4000, disc_adaptive_weight 3.0685, d_loss 0.4748, logits_real -0.0001, logits_fake 0.0040,
Train Epoch: [1/30] Iters:[520/1093] gen_loss 0.1382, rec_loss 0.0110, lpips_loss 0.1375, g_loss -0.0034, disc_weight 0.4000, disc_adaptive_weight 3.1161, d_loss 0.4723, logits_real -0.0007, logits_fake 0.0034,
Train Epoch: [1/30] Iters:[530/1093] gen_loss 0.1400, rec_loss 0.0110, lpips_loss 0.1370, g_loss -0.0026, disc_weight 0.4000, disc_adaptive_weight 3.1507, d_loss 0.4697, logits_real -0.0012, logits_fake 0.0027,
Train Epoch: [1/30] Iters:[540/1093] gen_loss 0.1421, rec_loss 0.0109, lpips_loss 0.1371, g_loss -0.0020, disc_weight 0.4000, disc_adaptive_weight 3.1333, d_loss 0.4678, logits_real -0.0018, logits_fake 0.0023,
Train Epoch: [1/30] Iters:[550/1093] gen_loss 0.1417, rec_loss 0.0105, lpips_loss 0.1355, g_loss -0.0015, disc_weight 0.4000, disc_adaptive_weight 3.1984, d_loss 0.4651, logits_real -0.0025, logits_fake 0.0018,
Train Epoch: [1/30] Iters:[560/1093] gen_loss 0.1443, rec_loss 0.0105, lpips_loss 0.1358, g_loss -0.0007, disc_weight 0.4000, disc_adaptive_weight 3.1170, d_loss 0.4630, logits_real -0.0034, logits_fake 0.0008,
Train Epoch: [1/30] Iters:[570/1093] gen_loss 0.1480, rec_loss 0.0106, lpips_loss 0.1366, g_loss 0.0002, disc_weight 0.4000, disc_adaptive_weight 3.1190, d_loss 0.4612, logits_real -0.0041, logits_fake 0.0001,
Train Epoch: [1/30] Iters:[580/1093] gen_loss 0.1512, rec_loss 0.0106, lpips_loss 0.1363, g_loss 0.0013, disc_weight 0.4000, disc_adaptive_weight 3.2792, d_loss 0.4594, logits_real -0.0050, logits_fake -0.0010,
Train Epoch: [1/30] Iters:[590/1093] gen_loss 0.1545, rec_loss 0.0105, lpips_loss 0.1358, g_loss 0.0022, disc_weight 0.4000, disc_adaptive_weight 3.3028, d_loss 0.4574, logits_real -0.0059, logits_fake -0.0019,
Train Epoch: [1/30] Iters:[600/1093] gen_loss 0.1582, rec_loss 0.0107, lpips_loss 0.1363, g_loss 0.0033, disc_weight 0.4000, disc_adaptive_weight 3.2684, d_loss 0.4561, logits_real -0.0067, logits_fake -0.0029,
Train Epoch: [1/30] Iters:[610/1093] gen_loss 0.1609, rec_loss 0.0107, lpips_loss 0.1360, g_loss 0.0040, disc_weight 0.4000, disc_adaptive_weight 3.4778, d_loss 0.4545, logits_real -0.0075, logits_fake -0.0038,
Train Epoch: [1/30] Iters:[620/1093] gen_loss 0.1637, rec_loss 0.0107, lpips_loss 0.1356, g_loss 0.0046, disc_weight 0.4000, disc_adaptive_weight 3.6417, d_loss 0.4531, logits_real -0.0083, logits_fake -0.0045,
Train Epoch: [1/30] Iters:[630/1093] gen_loss 0.1656, rec_loss 0.0109, lpips_loss 0.1361, g_loss 0.0051, disc_weight 0.4000, disc_adaptive_weight 3.5130, d_loss 0.4519, logits_real -0.0090, logits_fake -0.0049,
Train Epoch: [1/30] Iters:[640/1093] gen_loss 0.1679, rec_loss 0.0109, lpips_loss 0.1364, g_loss 0.0057, disc_weight 0.4000, disc_adaptive_weight 3.4947, d_loss 0.4504, logits_real -0.0097, logits_fake -0.0058,
Train Epoch: [1/30] Iters:[650/1093] gen_loss 0.1726, rec_loss 0.0109, lpips_loss 0.1363, g_loss 0.0063, disc_weight 0.4000, disc_adaptive_weight 3.7974, d_loss 0.4490, logits_real -0.0103, logits_fake -0.0062,
Train Epoch: [1/30] Iters:[660/1093] gen_loss 0.1754, rec_loss 0.0108, lpips_loss 0.1368, g_loss 0.0069, disc_weight 0.4000, disc_adaptive_weight 3.8205, d_loss 0.4475, logits_real -0.0108, logits_fake -0.0068,
Train Epoch: [1/30] Iters:[670/1093] gen_loss 0.1760, rec_loss 0.0107, lpips_loss 0.1370, g_loss 0.0074, disc_weight 0.4000, disc_adaptive_weight 3.6989, d_loss 0.4463, logits_real -0.0114, logits_fake -0.0071,
Train Epoch: [1/30] Iters:[680/1093] gen_loss 0.1770, rec_loss 0.0107, lpips_loss 0.1367, g_loss 0.0078, disc_weight 0.4000, disc_adaptive_weight 3.7249, d_loss 0.4448, logits_real -0.0119, logits_fake -0.0077,
Train Epoch: [1/30] Iters:[690/1093] gen_loss 0.1794, rec_loss 0.0107, lpips_loss 0.1366, g_loss 0.0083, disc_weight 0.4000, disc_adaptive_weight 3.8350, d_loss 0.4435, logits_real -0.0125, logits_fake -0.0079,
Train Epoch: [1/30] Iters:[700/1093] gen_loss 0.1807, rec_loss 0.0107, lpips_loss 0.1370, g_loss 0.0085, disc_weight 0.4000, disc_adaptive_weight 3.8128, d_loss 0.4424, logits_real -0.0129, logits_fake -0.0085,
Train Epoch: [1/30] Iters:[710/1093] gen_loss 0.1812, rec_loss 0.0108, lpips_loss 0.1367, g_loss 0.0089, disc_weight 0.4000, disc_adaptive_weight 3.7194, d_loss 0.4413, logits_real -0.0134, logits_fake -0.0089,
Train Epoch: [1/30] Iters:[720/1093] gen_loss 0.1832, rec_loss 0.0108, lpips_loss 0.1368, g_loss 0.0095, disc_weight 0.4000, disc_adaptive_weight 3.7263, d_loss 0.4400, logits_real -0.0139, logits_fake -0.0096,
Train Epoch: [1/30] Iters:[730/1093] gen_loss 0.1859, rec_loss 0.0108, lpips_loss 0.1367, g_loss 0.0102, disc_weight 0.4000, disc_adaptive_weight 3.7752, d_loss 0.4392, logits_real -0.0147, logits_fake -0.0100,
Train Epoch: [1/30] Iters:[740/1093] gen_loss 0.1880, rec_loss 0.0108, lpips_loss 0.1369, g_loss 0.0108, disc_weight 0.4000, disc_adaptive_weight 3.7035, d_loss 0.4381, logits_real -0.0152, logits_fake -0.0106,
Train Epoch: [1/30] Iters:[750/1093] gen_loss 0.1875, rec_loss 0.0108, lpips_loss 0.1365, g_loss 0.0115, disc_weight 0.4000, disc_adaptive_weight 3.4571, d_loss 0.4371, logits_real -0.0157, logits_fake -0.0111,
Train Epoch: [1/30] Iters:[760/1093] gen_loss 0.1894, rec_loss 0.0108, lpips_loss 0.1361, g_loss 0.0121, disc_weight 0.4000, disc_adaptive_weight 3.4901, d_loss 0.4362, logits_real -0.0161, logits_fake -0.0117,
Train Epoch: [1/30] Iters:[770/1093] gen_loss 0.1925, rec_loss 0.0108, lpips_loss 0.1357, g_loss 0.0125, disc_weight 0.4000, disc_adaptive_weight 3.6435, d_loss 0.4354, logits_real -0.0165, logits_fake -0.0122,
Train Epoch: [1/30] Iters:[780/1093] gen_loss 0.1955, rec_loss 0.0109, lpips_loss 0.1362, g_loss 0.0127, disc_weight 0.4000, disc_adaptive_weight 3.7667, d_loss 0.4344, logits_real -0.0169, logits_fake -0.0127,
Train Epoch: [1/30] Iters:[790/1093] gen_loss 0.1956, rec_loss 0.0109, lpips_loss 0.1364, g_loss 0.0131, disc_weight 0.4000, disc_adaptive_weight 3.6917, d_loss 0.4337, logits_real -0.0174, logits_fake -0.0130,
Train Epoch: [1/30] Iters:[800/1093] gen_loss 0.1978, rec_loss 0.0110, lpips_loss 0.1366, g_loss 0.0135, disc_weight 0.4000, disc_adaptive_weight 3.7285, d_loss 0.4328, logits_real -0.0179, logits_fake -0.0136,
Train Epoch: [1/30] Iters:[810/1093] gen_loss 0.2011, rec_loss 0.0109, lpips_loss 0.1362, g_loss 0.0142, disc_weight 0.4000, disc_adaptive_weight 3.7936, d_loss 0.4321, logits_real -0.0186, logits_fake -0.0142,
Train Epoch: [1/30] Iters:[820/1093] gen_loss 0.2044, rec_loss 0.0110, lpips_loss 0.1366, g_loss 0.0150, disc_weight 0.4000, disc_adaptive_weight 3.7816, d_loss 0.4314, logits_real -0.0192, logits_fake -0.0150,
Train Epoch: [1/30] Iters:[830/1093] gen_loss 0.2102, rec_loss 0.0110, lpips_loss 0.1370, g_loss 0.0159, disc_weight 0.4000, disc_adaptive_weight 3.8619, d_loss 0.4308, logits_real -0.0201, logits_fake -0.0159,
Train Epoch: [1/30] Iters:[840/1093] gen_loss 0.2160, rec_loss 0.0109, lpips_loss 0.1367, g_loss 0.0166, disc_weight 0.4000, disc_adaptive_weight 4.0743, d_loss 0.4302, logits_real -0.0208, logits_fake -0.0165,
Train Epoch: [1/30] Iters:[850/1093] gen_loss 0.2167, rec_loss 0.0109, lpips_loss 0.1366, g_loss 0.0172, disc_weight 0.4000, disc_adaptive_weight 4.0004, d_loss 0.4295, logits_real -0.0215, logits_fake -0.0171,
Train Epoch: [1/30] Iters:[860/1093] gen_loss 0.2203, rec_loss 0.0111, lpips_loss 0.1373, g_loss 0.0178, disc_weight 0.4000, disc_adaptive_weight 4.0237, d_loss 0.4290, logits_real -0.0222, logits_fake -0.0177,
Train Epoch: [1/30] Iters:[870/1093] gen_loss 0.2219, rec_loss 0.0110, lpips_loss 0.1371, g_loss 0.0183, disc_weight 0.4000, disc_adaptive_weight 4.0200, d_loss 0.4282, logits_real -0.0227, logits_fake -0.0183,
Train Epoch: [1/30] Iters:[880/1093] gen_loss 0.2218, rec_loss 0.0109, lpips_loss 0.1367, g_loss 0.0186, disc_weight 0.4000, disc_adaptive_weight 3.9650, d_loss 0.4274, logits_real -0.0229, logits_fake -0.0185,
Train Epoch: [1/30] Iters:[890/1093] gen_loss 0.2254, rec_loss 0.0111, lpips_loss 0.1370, g_loss 0.0188, disc_weight 0.4000, disc_adaptive_weight 4.0846, d_loss 0.4268, logits_real -0.0234, logits_fake -0.0189,
Train Epoch: [1/30] Iters:[900/1093] gen_loss 0.2290, rec_loss 0.0110, lpips_loss 0.1373, g_loss 0.0193, disc_weight 0.4000, disc_adaptive_weight 4.1719, d_loss 0.4263, logits_real -0.0239, logits_fake -0.0193,
Train Epoch: [1/30] Iters:[910/1093] gen_loss 0.2295, rec_loss 0.0110, lpips_loss 0.1375, g_loss 0.0196, disc_weight 0.4000, disc_adaptive_weight 4.1300, d_loss 0.4256, logits_real -0.0242, logits_fake -0.0196,
Train Epoch: [1/30] Iters:[920/1093] gen_loss 0.2302, rec_loss 0.0110, lpips_loss 0.1373, g_loss 0.0201, disc_weight 0.4000, disc_adaptive_weight 4.0834, d_loss 0.4251, logits_real -0.0248, logits_fake -0.0200,
Train Epoch: [1/30] Iters:[930/1093] gen_loss 0.2302, rec_loss 0.0109, lpips_loss 0.1370, g_loss 0.0205, disc_weight 0.4000, disc_adaptive_weight 4.0118, d_loss 0.4246, logits_real -0.0253, logits_fake -0.0205,
Train Epoch: [1/30] Iters:[940/1093] gen_loss 0.2246, rec_loss 0.0109, lpips_loss 0.1369, g_loss 0.0210, disc_weight 0.4000, disc_adaptive_weight 3.6447, d_loss 0.4241, logits_real -0.0256, logits_fake -0.0209,
Train Epoch: [1/30] Iters:[950/1093] gen_loss 0.2297, rec_loss 0.0110, lpips_loss 0.1371, g_loss 0.0213, disc_weight 0.4000, disc_adaptive_weight 3.8182, d_loss 0.4237, logits_real -0.0258, logits_fake -0.0213,
Train Epoch: [1/30] Iters:[960/1093] gen_loss 0.2299, rec_loss 0.0108, lpips_loss 0.1370, g_loss 0.0216, disc_weight 0.4000, disc_adaptive_weight 3.7845, d_loss 0.4231, logits_real -0.0261, logits_fake -0.0216,
Train Epoch: [1/30] Iters:[970/1093] gen_loss 0.2313, rec_loss 0.0108, lpips_loss 0.1373, g_loss 0.0218, disc_weight 0.4000, disc_adaptive_weight 3.7964, d_loss 0.4226, logits_real -0.0261, logits_fake -0.0220,
Train Epoch: [1/30] Iters:[980/1093] gen_loss 0.2321, rec_loss 0.0110, lpips_loss 0.1379, g_loss 0.0221, disc_weight 0.4000, disc_adaptive_weight 3.7520, d_loss 0.4222, logits_real -0.0263, logits_fake -0.0221,
Train Epoch: [1/30] Iters:[990/1093] gen_loss 0.2349, rec_loss 0.0109, lpips_loss 0.1376, g_loss 0.0224, disc_weight 0.4000, disc_adaptive_weight 3.8556, d_loss 0.4216, logits_real -0.0264, logits_fake -0.0224,
Train Epoch: [1/30] Iters:[1000/1093] gen_loss 0.2321, rec_loss 0.0109, lpips_loss 0.1371, g_loss 0.0226, disc_weight 0.4000, disc_adaptive_weight 3.7186, d_loss 0.4211, logits_real -0.0265, logits_fake -0.0225,
Train Epoch: [1/30] Iters:[1010/1093] gen_loss 0.2368, rec_loss 0.0109, lpips_loss 0.1369, g_loss 0.0228, disc_weight 0.4000, disc_adaptive_weight 3.8943, d_loss 0.4206, logits_real -0.0266, logits_fake -0.0227,
Train Epoch: [1/30] Iters:[1020/1093] gen_loss 0.2389, rec_loss 0.0110, lpips_loss 0.1368, g_loss 0.0229, disc_weight 0.4000, disc_adaptive_weight 3.9608, d_loss 0.4203, logits_real -0.0269, logits_fake -0.0229,
Train Epoch: [1/30] Iters:[1030/1093] gen_loss 0.2419, rec_loss 0.0109, lpips_loss 0.1363, g_loss 0.0231, disc_weight 0.4000, disc_adaptive_weight 4.0857, d_loss 0.4199, logits_real -0.0271, logits_fake -0.0231,
Train Epoch: [1/30] Iters:[1040/1093] gen_loss 0.2428, rec_loss 0.0109, lpips_loss 0.1367, g_loss 0.0233, disc_weight 0.4000, disc_adaptive_weight 4.0748, d_loss 0.4196, logits_real -0.0274, logits_fake -0.0234,
Train Epoch: [1/30] Iters:[1050/1093] gen_loss 0.2451, rec_loss 0.0109, lpips_loss 0.1368, g_loss 0.0236, disc_weight 0.4000, disc_adaptive_weight 4.1240, d_loss 0.4193, logits_real -0.0276, logits_fake -0.0237,
Train Epoch: [1/30] Iters:[1060/1093] gen_loss 0.2430, rec_loss 0.0109, lpips_loss 0.1367, g_loss 0.0238, disc_weight 0.4000, disc_adaptive_weight 4.0114, d_loss 0.4190, logits_real -0.0278, logits_fake -0.0239,
Train Epoch: [1/30] Iters:[1070/1093] gen_loss 0.2423, rec_loss 0.0109, lpips_loss 0.1363, g_loss 0.0240, disc_weight 0.4000, disc_adaptive_weight 3.9565, d_loss 0.4186, logits_real -0.0281, logits_fake -0.0241,
Train Epoch: [1/30] Iters:[1080/1093] gen_loss 0.2425, rec_loss 0.0109, lpips_loss 0.1360, g_loss 0.0244, disc_weight 0.4000, disc_adaptive_weight 3.9083, d_loss 0.4182, logits_real -0.0284, logits_fake -0.0243,
Train Epoch: [1/30] Iters:[1090/1093] gen_loss 0.2489, rec_loss 0.0109, lpips_loss 0.1358, g_loss 0.0247, disc_weight 0.4000, disc_adaptive_weight 4.1215, d_loss 0.4181, logits_real -0.0288, logits_fake -0.0246,
epoch:2, cur_lr:0.000010
Train Epoch: [2/30] Iters:[10/1093] gen_loss 0.2523, rec_loss 0.0105, lpips_loss 0.1362, g_loss 0.0256, disc_weight 0.4000, disc_adaptive_weight 4.0864, d_loss 0.4169, logits_real -0.0298, logits_fake -0.0257,
Train Epoch: [2/30] Iters:[20/1093] gen_loss 0.2554, rec_loss 0.0109, lpips_loss 0.1370, g_loss 0.0261, disc_weight 0.4000, disc_adaptive_weight 4.0975, d_loss 0.4167, logits_real -0.0298, logits_fake -0.0259,
Train Epoch: [2/30] Iters:[30/1093] gen_loss 0.2538, rec_loss 0.0108, lpips_loss 0.1370, g_loss 0.0263, disc_weight 0.4000, disc_adaptive_weight 4.0219, d_loss 0.4167, logits_real -0.0300, logits_fake -0.0261,
Train Epoch: [2/30] Iters:[40/1093] gen_loss 0.2507, rec_loss 0.0108, lpips_loss 0.1365, g_loss 0.0264, disc_weight 0.4000, disc_adaptive_weight 3.9101, d_loss 0.4165, logits_real -0.0299, logits_fake -0.0261,
Train Epoch: [2/30] Iters:[50/1093] gen_loss 0.2495, rec_loss 0.0107, lpips_loss 0.1359, g_loss 0.0264, disc_weight 0.4000, disc_adaptive_weight 3.8937, d_loss 0.4163, logits_real -0.0298, logits_fake -0.0261,
Train Epoch: [2/30] Iters:[60/1093] gen_loss 0.2520, rec_loss 0.0107, lpips_loss 0.1353, g_loss 0.0266, disc_weight 0.4000, disc_adaptive_weight 3.9883, d_loss 0.4160, logits_real -0.0299, logits_fake -0.0262,
Train Epoch: [2/30] Iters:[70/1093] gen_loss 0.2515, rec_loss 0.0106, lpips_loss 0.1351, g_loss 0.0265, disc_weight 0.4000, disc_adaptive_weight 3.9907, d_loss 0.4157, logits_real -0.0299, logits_fake -0.0263,
Train Epoch: [2/30] Iters:[80/1093] gen_loss 0.2582, rec_loss 0.0107, lpips_loss 0.1351, g_loss 0.0262, disc_weight 0.4000, disc_adaptive_weight 4.2889, d_loss 0.4155, logits_real -0.0300, logits_fake -0.0262,
Train Epoch: [2/30] Iters:[90/1093] gen_loss 0.2591, rec_loss 0.0108, lpips_loss 0.1357, g_loss 0.0261, disc_weight 0.4000, disc_adaptive_weight 4.3145, d_loss 0.4154, logits_real -0.0301, logits_fake -0.0261,
Train Epoch: [2/30] Iters:[100/1093] gen_loss 0.2586, rec_loss 0.0109, lpips_loss 0.1364, g_loss 0.0260, disc_weight 0.4000, disc_adaptive_weight 4.2774, d_loss 0.4153, logits_real -0.0303, logits_fake -0.0262,
Train Epoch: [2/30] Iters:[110/1093] gen_loss 0.2582, rec_loss 0.0109, lpips_loss 0.1371, g_loss 0.0259, disc_weight 0.4000, disc_adaptive_weight 4.2477, d_loss 0.4151, logits_real -0.0303, logits_fake -0.0262,
Train Epoch: [2/30] Iters:[120/1093] gen_loss 0.2675, rec_loss 0.0108, lpips_loss 0.1368, g_loss 0.0260, disc_weight 0.4000, disc_adaptive_weight 4.6131, d_loss 0.4149, logits_real -0.0304, logits_fake -0.0262,
Train Epoch: [2/30] Iters:[130/1093] gen_loss 0.2632, rec_loss 0.0109, lpips_loss 0.1373, g_loss 0.0262, disc_weight 0.4000, disc_adaptive_weight 4.3845, d_loss 0.4146, logits_real -0.0304, logits_fake -0.0263,
Train Epoch: [2/30] Iters:[140/1093] gen_loss 0.2633, rec_loss 0.0109, lpips_loss 0.1366, g_loss 0.0265, disc_weight 0.4000, disc_adaptive_weight 4.3701, d_loss 0.4144, logits_real -0.0305, logits_fake -0.0265,
Train Epoch: [2/30] Iters:[150/1093] gen_loss 0.2700, rec_loss 0.0109, lpips_loss 0.1362, g_loss 0.0268, disc_weight 0.4000, disc_adaptive_weight 4.6004, d_loss 0.4142, logits_real -0.0306, logits_fake -0.0267,
Train Epoch: [2/30] Iters:[160/1093] gen_loss 0.2677, rec_loss 0.0109, lpips_loss 0.1357, g_loss 0.0270, disc_weight 0.4000, disc_adaptive_weight 4.5051, d_loss 0.4140, logits_real -0.0308, logits_fake -0.0268,
Train Epoch: [2/30] Iters:[170/1093] gen_loss 0.2579, rec_loss 0.0110, lpips_loss 0.1360, g_loss 0.0272, disc_weight 0.4000, disc_adaptive_weight 4.0819, d_loss 0.4138, logits_real -0.0310, logits_fake -0.0270,
Train Epoch: [2/30] Iters:[180/1093] gen_loss 0.2557, rec_loss 0.0109, lpips_loss 0.1353, g_loss 0.0273, disc_weight 0.4000, disc_adaptive_weight 4.0096, d_loss 0.4135, logits_real -0.0311, logits_fake -0.0271,
Train Epoch: [2/30] Iters:[190/1093] gen_loss 0.2622, rec_loss 0.0108, lpips_loss 0.1352, g_loss 0.0273, disc_weight 0.4000, disc_adaptive_weight 4.2520, d_loss 0.4133, logits_real -0.0310, logits_fake -0.0271,
Train Epoch: [2/30] Iters:[200/1093] gen_loss 0.2616, rec_loss 0.0108, lpips_loss 0.1356, g_loss 0.0274, disc_weight 0.4000, disc_adaptive_weight 4.1899, d_loss 0.4131, logits_real -0.0310, logits_fake -0.0272,
Train Epoch: [2/30] Iters:[210/1093] gen_loss 0.2601, rec_loss 0.0109, lpips_loss 0.1358, g_loss 0.0275, disc_weight 0.4000, disc_adaptive_weight 4.1127, d_loss 0.4129, logits_real -0.0310, logits_fake -0.0274,
Train Epoch: [2/30] Iters:[220/1093] gen_loss 0.2592, rec_loss 0.0108, lpips_loss 0.1355, g_loss 0.0273, disc_weight 0.4000, disc_adaptive_weight 4.1110, d_loss 0.4126, logits_real -0.0309, logits_fake -0.0274,
Train Epoch: [2/30] Iters:[230/1093] gen_loss 0.2596, rec_loss 0.0108, lpips_loss 0.1354, g_loss 0.0275, disc_weight 0.4000, disc_adaptive_weight 4.1006, d_loss 0.4125, logits_real -0.0311, logits_fake -0.0276,
Train Epoch: [2/30] Iters:[240/1093] gen_loss 0.2558, rec_loss 0.0107, lpips_loss 0.1354, g_loss 0.0278, disc_weight 0.4000, disc_adaptive_weight 3.9293, d_loss 0.4124, logits_real -0.0313, logits_fake -0.0278,
Train Epoch: [2/30] Iters:[250/1093] gen_loss 0.2538, rec_loss 0.0107, lpips_loss 0.1350, g_loss 0.0278, disc_weight 0.4000, disc_adaptive_weight 3.8739, d_loss 0.4122, logits_real -0.0315, logits_fake -0.0279,
Train Epoch: [2/30] Iters:[260/1093] gen_loss 0.2568, rec_loss 0.0107, lpips_loss 0.1347, g_loss 0.0280, disc_weight 0.4000, disc_adaptive_weight 3.9694, d_loss 0.4121, logits_real -0.0317, logits_fake -0.0280,
Train Epoch: [2/30] Iters:[270/1093] gen_loss 0.2599, rec_loss 0.0107, lpips_loss 0.1346, g_loss 0.0283, disc_weight 0.4000, disc_adaptive_weight 4.0378, d_loss 0.4120, logits_real -0.0319, logits_fake -0.0283,
Train Epoch: [2/30] Iters:[280/1093] gen_loss 0.2610, rec_loss 0.0107, lpips_loss 0.1345, g_loss 0.0285, disc_weight 0.4000, disc_adaptive_weight 4.0620, d_loss 0.4117, logits_real -0.0320, logits_fake -0.0285,
Train Epoch: [2/30] Iters:[290/1093] gen_loss 0.2620, rec_loss 0.0108, lpips_loss 0.1349, g_loss 0.0286, disc_weight 0.4000, disc_adaptive_weight 4.0671, d_loss 0.4115, logits_real -0.0321, logits_fake -0.0288,
Train Epoch: [2/30] Iters:[300/1093] gen_loss 0.2657, rec_loss 0.0108, lpips_loss 0.1349, g_loss 0.0288, disc_weight 0.4000, disc_adaptive_weight 4.1549, d_loss 0.4114, logits_real -0.0324, logits_fake -0.0290,
Train Epoch: [2/30] Iters:[310/1093] gen_loss 0.2661, rec_loss 0.0107, lpips_loss 0.1350, g_loss 0.0290, disc_weight 0.4000, disc_adaptive_weight 4.1481, d_loss 0.4112, logits_real -0.0327, logits_fake -0.0292,
Train Epoch: [2/30] Iters:[320/1093] gen_loss 0.2691, rec_loss 0.0108, lpips_loss 0.1353, g_loss 0.0290, disc_weight 0.4000, disc_adaptive_weight 4.2307, d_loss 0.4111, logits_real -0.0326, logits_fake -0.0291,
Train Epoch: [2/30] Iters:[330/1093] gen_loss 0.2720, rec_loss 0.0108, lpips_loss 0.1353, g_loss 0.0288, disc_weight 0.4000, disc_adaptive_weight 4.3701, d_loss 0.4110, logits_real -0.0326, logits_fake -0.0289,
Train Epoch: [2/30] Iters:[340/1093] gen_loss 0.2760, rec_loss 0.0107, lpips_loss 0.1351, g_loss 0.0285, disc_weight 0.4000, disc_adaptive_weight 4.5603, d_loss 0.4108, logits_real -0.0323, logits_fake -0.0285,
Train Epoch: [2/30] Iters:[350/1093] gen_loss 0.2730, rec_loss 0.0108, lpips_loss 0.1352, g_loss 0.0281, disc_weight 0.4000, disc_adaptive_weight 4.5146, d_loss 0.4107, logits_real -0.0319, logits_fake -0.0281,
Train Epoch: [2/30] Iters:[360/1093] gen_loss 0.2750, rec_loss 0.0108, lpips_loss 0.1351, g_loss 0.0278, disc_weight 0.4000, disc_adaptive_weight 4.6307, d_loss 0.4105, logits_real -0.0316, logits_fake -0.0278,
Train Epoch: [2/30] Iters:[370/1093] gen_loss 0.2777, rec_loss 0.0107, lpips_loss 0.1346, g_loss 0.0276, disc_weight 0.4000, disc_adaptive_weight 4.7916, d_loss 0.4104, logits_real -0.0314, logits_fake -0.0277,
Train Epoch: [2/30] Iters:[380/1093] gen_loss 0.2753, rec_loss 0.0108, lpips_loss 0.1349, g_loss 0.0274, disc_weight 0.4000, disc_adaptive_weight 4.7163, d_loss 0.4103, logits_real -0.0312, logits_fake -0.0275,
Train Epoch: [2/30] Iters:[390/1093] gen_loss 0.2680, rec_loss 0.0107, lpips_loss 0.1345, g_loss 0.0273, disc_weight 0.4000, disc_adaptive_weight 4.4922, d_loss 0.4102, logits_real -0.0310, logits_fake -0.0273,
Train Epoch: [2/30] Iters:[400/1093] gen_loss 0.2698, rec_loss 0.0106, lpips_loss 0.1346, g_loss 0.0272, disc_weight 0.4000, disc_adaptive_weight 4.5731, d_loss 0.4101, logits_real -0.0309, logits_fake -0.0272,
Train Epoch: [2/30] Iters:[410/1093] gen_loss 0.2682, rec_loss 0.0107, lpips_loss 0.1355, g_loss 0.0272, disc_weight 0.4000, disc_adaptive_weight 4.4865, d_loss 0.4100, logits_real -0.0307, logits_fake -0.0270,
Train Epoch: [2/30] Iters:[420/1093] gen_loss 0.2592, rec_loss 0.0108, lpips_loss 0.1359, g_loss 0.0271, disc_weight 0.4000, disc_adaptive_weight 4.1587, d_loss 0.4099, logits_real -0.0306, logits_fake -0.0269,
Train Epoch: [2/30] Iters:[430/1093] gen_loss 0.2573, rec_loss 0.0108, lpips_loss 0.1360, g_loss 0.0271, disc_weight 0.4000, disc_adaptive_weight 4.0728, d_loss 0.4098, logits_real -0.0307, logits_fake -0.0269,
Train Epoch: [2/30] Iters:[440/1093] gen_loss 0.2629, rec_loss 0.0109, lpips_loss 0.1366, g_loss 0.0272, disc_weight 0.4000, disc_adaptive_weight 4.2409, d_loss 0.4097, logits_real -0.0308, logits_fake -0.0269,
Train Epoch: [2/30] Iters:[450/1093] gen_loss 0.2632, rec_loss 0.0109, lpips_loss 0.1365, g_loss 0.0273, disc_weight 0.4000, disc_adaptive_weight 4.2320, d_loss 0.4095, logits_real -0.0308, logits_fake -0.0271,
Train Epoch: [2/30] Iters:[460/1093] gen_loss 0.2753, rec_loss 0.0110, lpips_loss 0.1359, g_loss 0.0272, disc_weight 0.4000, disc_adaptive_weight 4.7180, d_loss 0.4094, logits_real -0.0308, logits_fake -0.0272,
Train Epoch: [2/30] Iters:[470/1093] gen_loss 0.2823, rec_loss 0.0109, lpips_loss 0.1361, g_loss 0.0271, disc_weight 0.4000, disc_adaptive_weight 4.9771, d_loss 0.4093, logits_real -0.0307, logits_fake -0.0271,
Train Epoch: [2/30] Iters:[480/1093] gen_loss 0.2825, rec_loss 0.0109, lpips_loss 0.1359, g_loss 0.0270, disc_weight 0.4000, disc_adaptive_weight 5.0081, d_loss 0.4092, logits_real -0.0307, logits_fake -0.0270,
Train Epoch: [2/30] Iters:[490/1093] gen_loss 0.2816, rec_loss 0.0108, lpips_loss 0.1358, g_loss 0.0270, disc_weight 0.4000, disc_adaptive_weight 4.9869, d_loss 0.4091, logits_real -0.0306, logits_fake -0.0271,
Train Epoch: [2/30] Iters:[500/1093] gen_loss 0.2813, rec_loss 0.0108, lpips_loss 0.1356, g_loss 0.0268, disc_weight 0.4000, disc_adaptive_weight 5.0347, d_loss 0.4090, logits_real -0.0305, logits_fake -0.0270,
Train Epoch: [2/30] Iters:[510/1093] gen_loss 0.2658, rec_loss 0.0108, lpips_loss 0.1358, g_loss 0.0265, disc_weight 0.4000, disc_adaptive_weight 4.4841, d_loss 0.4089, logits_real -0.0301, logits_fake -0.0267,
Train Epoch: [2/30] Iters:[520/1093] gen_loss 0.2582, rec_loss 0.0106, lpips_loss 0.1357, g_loss 0.0264, disc_weight 0.4000, disc_adaptive_weight 4.2258, d_loss 0.4088, logits_real -0.0297, logits_fake -0.0265,
Train Epoch: [2/30] Iters:[530/1093] gen_loss 0.2561, rec_loss 0.0106, lpips_loss 0.1352, g_loss 0.0262, disc_weight 0.4000, disc_adaptive_weight 4.1929, d_loss 0.4086, logits_real -0.0294, logits_fake -0.0263,
Train Epoch: [2/30] Iters:[540/1093] gen_loss 0.2511, rec_loss 0.0106, lpips_loss 0.1349, g_loss 0.0261, disc_weight 0.4000, disc_adaptive_weight 4.0447, d_loss 0.4086, logits_real -0.0292, logits_fake -0.0262,
Train Epoch: [2/30] Iters:[550/1093] gen_loss 0.2496, rec_loss 0.0105, lpips_loss 0.1347, g_loss 0.0262, disc_weight 0.4000, disc_adaptive_weight 3.9616, d_loss 0.4085, logits_real -0.0293, logits_fake -0.0261,
Train Epoch: [2/30] Iters:[560/1093] gen_loss 0.2574, rec_loss 0.0106, lpips_loss 0.1346, g_loss 0.0264, disc_weight 0.4000, disc_adaptive_weight 4.2378, d_loss 0.4084, logits_real -0.0294, logits_fake -0.0263,
Train Epoch: [2/30] Iters:[570/1093] gen_loss 0.2583, rec_loss 0.0106, lpips_loss 0.1344, g_loss 0.0264, disc_weight 0.4000, disc_adaptive_weight 4.2819, d_loss 0.4083, logits_real -0.0296, logits_fake -0.0266,
Train Epoch: [2/30] Iters:[580/1093] gen_loss 0.2598, rec_loss 0.0108, lpips_loss 0.1348, g_loss 0.0267, disc_weight 0.4000, disc_adaptive_weight 4.2798, d_loss 0.4083, logits_real -0.0299, logits_fake -0.0269,
Train Epoch: [2/30] Iters:[590/1093] gen_loss 0.2641, rec_loss 0.0108, lpips_loss 0.1350, g_loss 0.0265, disc_weight 0.4000, disc_adaptive_weight 4.4749, d_loss 0.4082, logits_real -0.0297, logits_fake -0.0269,
Train Epoch: [2/30] Iters:[600/1093] gen_loss 0.2601, rec_loss 0.0108, lpips_loss 0.1350, g_loss 0.0264, disc_weight 0.4000, disc_adaptive_weight 4.3547, d_loss 0.4081, logits_real -0.0295, logits_fake -0.0266,
Train Epoch: [2/30] Iters:[610/1093] gen_loss 0.2543, rec_loss 0.0107, lpips_loss 0.1353, g_loss 0.0266, disc_weight 0.4000, disc_adaptive_weight 4.1075, d_loss 0.4080, logits_real -0.0294, logits_fake -0.0267,
Train Epoch: [2/30] Iters:[620/1093] gen_loss 0.2576, rec_loss 0.0107, lpips_loss 0.1356, g_loss 0.0268, disc_weight 0.4000, disc_adaptive_weight 4.1843, d_loss 0.4078, logits_real -0.0295, logits_fake -0.0269,
Train Epoch: [2/30] Iters:[630/1093] gen_loss 0.2655, rec_loss 0.0106, lpips_loss 0.1357, g_loss 0.0267, disc_weight 0.4000, disc_adaptive_weight 4.5129, d_loss 0.4078, logits_real -0.0298, logits_fake -0.0269,
Train Epoch: [2/30] Iters:[640/1093] gen_loss 0.2712, rec_loss 0.0106, lpips_loss 0.1355, g_loss 0.0269, disc_weight 0.4000, disc_adaptive_weight 4.7104, d_loss 0.4077, logits_real -0.0299, logits_fake -0.0274,
Train Epoch: [2/30] Iters:[650/1093] gen_loss 0.2780, rec_loss 0.0107, lpips_loss 0.1359, g_loss 0.0269, disc_weight 0.4000, disc_adaptive_weight 4.9429, d_loss 0.4075, logits_real -0.0299, logits_fake -0.0275,
Train Epoch: [2/30] Iters:[660/1093] gen_loss 0.2813, rec_loss 0.0107, lpips_loss 0.1354, g_loss 0.0267, disc_weight 0.4000, disc_adaptive_weight 5.1104, d_loss 0.4075, logits_real -0.0299, logits_fake -0.0274,
Train Epoch: [2/30] Iters:[670/1093] gen_loss 0.2816, rec_loss 0.0107, lpips_loss 0.1354, g_loss 0.0268, disc_weight 0.4000, disc_adaptive_weight 5.1061, d_loss 0.4074, logits_real -0.0294, logits_fake -0.0270,
Train Epoch: [2/30] Iters:[680/1093] gen_loss 0.2743, rec_loss 0.0107, lpips_loss 0.1356, g_loss 0.0265, disc_weight 0.4000, disc_adaptive_weight 4.8720, d_loss 0.4073, logits_real -0.0291, logits_fake -0.0271,
Train Epoch: [2/30] Iters:[690/1093] gen_loss 0.2708, rec_loss 0.0108, lpips_loss 0.1359, g_loss 0.0268, disc_weight 0.4000, disc_adaptive_weight 4.6613, d_loss 0.4074, logits_real -0.0294, logits_fake -0.0268,
Train Epoch: [2/30] Iters:[700/1093] gen_loss 0.2638, rec_loss 0.0109, lpips_loss 0.1359, g_loss 0.0265, disc_weight 0.4000, disc_adaptive_weight 4.4432, d_loss 0.4075, logits_real -0.0298, logits_fake -0.0266,
Train Epoch: [2/30] Iters:[710/1093] gen_loss 0.2601, rec_loss 0.0110, lpips_loss 0.1360, g_loss 0.0264, disc_weight 0.4000, disc_adaptive_weight 4.3063, d_loss 0.4074, logits_real -0.0297, logits_fake -0.0264,
Train Epoch: [2/30] Iters:[720/1093] gen_loss 0.2572, rec_loss 0.0111, lpips_loss 0.1361, g_loss 0.0261, disc_weight 0.4000, disc_adaptive_weight 4.2267, d_loss 0.4074, logits_real -0.0298, logits_fake -0.0264,
Train Epoch: [2/30] Iters:[730/1093] gen_loss 0.2586, rec_loss 0.0111, lpips_loss 0.1360, g_loss 0.0262, disc_weight 0.4000, disc_adaptive_weight 4.2611, d_loss 0.4074, logits_real -0.0297, logits_fake -0.0259,
Train Epoch: [2/30] Iters:[740/1093] gen_loss 0.2525, rec_loss 0.0111, lpips_loss 0.1358, g_loss 0.0260, disc_weight 0.4000, disc_adaptive_weight 4.0739, d_loss 0.4073, logits_real -0.0297, logits_fake -0.0258,
Train Epoch: [2/30] Iters:[750/1093] gen_loss 0.2579, rec_loss 0.0110, lpips_loss 0.1353, g_loss 0.0263, disc_weight 0.4000, disc_adaptive_weight 4.2545, d_loss 0.4071, logits_real -0.0295, logits_fake -0.0261,
Train Epoch: [2/30] Iters:[760/1093] gen_loss 0.2657, rec_loss 0.0109, lpips_loss 0.1351, g_loss 0.0265, disc_weight 0.4000, disc_adaptive_weight 4.5174, d_loss 0.4070, logits_real -0.0298, logits_fake -0.0264,
Train Epoch: [2/30] Iters:[770/1093] gen_loss 0.2712, rec_loss 0.0109, lpips_loss 0.1351, g_loss 0.0264, disc_weight 0.4000, disc_adaptive_weight 4.7446, d_loss 0.4070, logits_real -0.0302, logits_fake -0.0267,
Train Epoch: [2/30] Iters:[780/1093] gen_loss 0.2785, rec_loss 0.0109, lpips_loss 0.1348, g_loss 0.0269, disc_weight 0.4000, disc_adaptive_weight 4.9261, d_loss 0.4069, logits_real -0.0307, logits_fake -0.0272,
Train Epoch: [2/30] Iters:[790/1093] gen_loss 0.2839, rec_loss 0.0108, lpips_loss 0.1351, g_loss 0.0272, disc_weight 0.4000, disc_adaptive_weight 5.0713, d_loss 0.4068, logits_real -0.0308, logits_fake -0.0274,
Train Epoch: [2/30] Iters:[800/1093] gen_loss 0.2820, rec_loss 0.0110, lpips_loss 0.1357, g_loss 0.0275, disc_weight 0.4000, disc_adaptive_weight 4.9327, d_loss 0.4068, logits_real -0.0312, logits_fake -0.0278,
Train Epoch: [2/30] Iters:[810/1093] gen_loss 0.2804, rec_loss 0.0112, lpips_loss 0.1364, g_loss 0.0277, disc_weight 0.4000, disc_adaptive_weight 4.8036, d_loss 0.4068, logits_real -0.0314, logits_fake -0.0278,
Train Epoch: [2/30] Iters:[820/1093] gen_loss 0.2752, rec_loss 0.0110, lpips_loss 0.1355, g_loss 0.0281, disc_weight 0.4000, disc_adaptive_weight 4.5734, d_loss 0.4068, logits_real -0.0317, logits_fake -0.0281,
Train Epoch: [2/30] Iters:[830/1093] gen_loss 0.2636, rec_loss 0.0110, lpips_loss 0.1359, g_loss 0.0281, disc_weight 0.4000, disc_adaptive_weight 4.1570, d_loss 0.4066, logits_real -0.0316, logits_fake -0.0282,
Train Epoch: [2/30] Iters:[840/1093] gen_loss 0.2620, rec_loss 0.0109, lpips_loss 0.1353, g_loss 0.0282, disc_weight 0.4000, disc_adaptive_weight 4.1003, d_loss 0.4066, logits_real -0.0318, logits_fake -0.0284,
Train Epoch: [2/30] Iters:[850/1093] gen_loss 0.2603, rec_loss 0.0108, lpips_loss 0.1351, g_loss 0.0286, disc_weight 0.4000, disc_adaptive_weight 3.9912, d_loss 0.4065, logits_real -0.0318, logits_fake -0.0286,
Train Epoch: [2/30] Iters:[860/1093] gen_loss 0.2576, rec_loss 0.0106, lpips_loss 0.1340, g_loss 0.0290, disc_weight 0.4000, disc_adaptive_weight 3.8866, d_loss 0.4064, logits_real -0.0321, logits_fake -0.0290,
Train Epoch: [2/30] Iters:[870/1093] gen_loss 0.2662, rec_loss 0.0106, lpips_loss 0.1342, g_loss 0.0296, disc_weight 0.4000, disc_adaptive_weight 4.0836, d_loss 0.4063, logits_real -0.0326, logits_fake -0.0293,
Train Epoch: [2/30] Iters:[880/1093] gen_loss 0.2822, rec_loss 0.0106, lpips_loss 0.1340, g_loss 0.0301, disc_weight 0.4000, disc_adaptive_weight 4.5546, d_loss 0.4063, logits_real -0.0331, logits_fake -0.0298,
Train Epoch: [2/30] Iters:[890/1093] gen_loss 0.2837, rec_loss 0.0106, lpips_loss 0.1343, g_loss 0.0305, disc_weight 0.4000, disc_adaptive_weight 4.5419, d_loss 0.4062, logits_real -0.0335, logits_fake -0.0301,
Train Epoch: [2/30] Iters:[900/1093] gen_loss 0.2848, rec_loss 0.0107, lpips_loss 0.1340, g_loss 0.0307, disc_weight 0.4000, disc_adaptive_weight 4.5615, d_loss 0.4062, logits_real -0.0339, logits_fake -0.0304,
Train Epoch: [2/30] Iters:[910/1093] gen_loss 0.2831, rec_loss 0.0108, lpips_loss 0.1342, g_loss 0.0309, disc_weight 0.4000, disc_adaptive_weight 4.4763, d_loss 0.4061, logits_real -0.0342, logits_fake -0.0308,
Train Epoch: [2/30] Iters:[920/1093] gen_loss 0.2867, rec_loss 0.0108, lpips_loss 0.1344, g_loss 0.0309, disc_weight 0.4000, disc_adaptive_weight 4.5815, d_loss 0.4061, logits_real -0.0343, logits_fake -0.0310,
Train Epoch: [2/30] Iters:[930/1093] gen_loss 0.2826, rec_loss 0.0109, lpips_loss 0.1346, g_loss 0.0309, disc_weight 0.4000, disc_adaptive_weight 4.4440, d_loss 0.4060, logits_real -0.0343, logits_fake -0.0311,
Train Epoch: [2/30] Iters:[940/1093] gen_loss 0.2858, rec_loss 0.0109, lpips_loss 0.1346, g_loss 0.0309, disc_weight 0.4000, disc_adaptive_weight 4.5463, d_loss 0.4060, logits_real -0.0343, logits_fake -0.0310,
Train Epoch: [2/30] Iters:[950/1093] gen_loss 0.2898, rec_loss 0.0110, lpips_loss 0.1349, g_loss 0.0308, disc_weight 0.4000, disc_adaptive_weight 4.6847, d_loss 0.4060, logits_real -0.0342, logits_fake -0.0309,
Train Epoch: [2/30] Iters:[960/1093] gen_loss 0.2935, rec_loss 0.0110, lpips_loss 0.1356, g_loss 0.0305, disc_weight 0.4000, disc_adaptive_weight 4.8140, d_loss 0.4060, logits_real -0.0339, logits_fake -0.0306,
Train Epoch: [2/30] Iters:[970/1093] gen_loss 0.2847, rec_loss 0.0111, lpips_loss 0.1357, g_loss 0.0301, disc_weight 0.4000, disc_adaptive_weight 4.5721, d_loss 0.4060, logits_real -0.0335, logits_fake -0.0302,
Train Epoch: [2/30] Iters:[980/1093] gen_loss 0.2865, rec_loss 0.0111, lpips_loss 0.1354, g_loss 0.0301, disc_weight 0.4000, disc_adaptive_weight 4.6456, d_loss 0.4060, logits_real -0.0334, logits_fake -0.0300,
Train Epoch: [2/30] Iters:[990/1093] gen_loss 0.2914, rec_loss 0.0110, lpips_loss 0.1354, g_loss 0.0302, disc_weight 0.4000, disc_adaptive_weight 4.7858, d_loss 0.4059, logits_real -0.0335, logits_fake -0.0301,
Train Epoch: [2/30] Iters:[1000/1093] gen_loss 0.2997, rec_loss 0.0111, lpips_loss 0.1353, g_loss 0.0303, disc_weight 0.4000, disc_adaptive_weight 5.0386, d_loss 0.4059, logits_real -0.0336, logits_fake -0.0302,
Train Epoch: [2/30] Iters:[1010/1093] gen_loss 0.3011, rec_loss 0.0109, lpips_loss 0.1346, g_loss 0.0305, disc_weight 0.4000, disc_adaptive_weight 5.0841, d_loss 0.4058, logits_real -0.0338, logits_fake -0.0304,
Train Epoch: [2/30] Iters:[1020/1093] gen_loss 0.2984, rec_loss 0.0109, lpips_loss 0.1346, g_loss 0.0308, disc_weight 0.4000, disc_adaptive_weight 4.9621, d_loss 0.4057, logits_real -0.0341, logits_fake -0.0306,
Train Epoch: [2/30] Iters:[1030/1093] gen_loss 0.2900, rec_loss 0.0109, lpips_loss 0.1349, g_loss 0.0308, disc_weight 0.4000, disc_adaptive_weight 4.6735, d_loss 0.4057, logits_real -0.0341, logits_fake -0.0306,
Train Epoch: [2/30] Iters:[1040/1093] gen_loss 0.2810, rec_loss 0.0108, lpips_loss 0.1346, g_loss 0.0307, disc_weight 0.4000, disc_adaptive_weight 4.4126, d_loss 0.4057, logits_real -0.0341, logits_fake -0.0307,
Train Epoch: [2/30] Iters:[1050/1093] gen_loss 0.2658, rec_loss 0.0106, lpips_loss 0.1344, g_loss 0.0306, disc_weight 0.4000, disc_adaptive_weight 3.9433, d_loss 0.4056, logits_real -0.0340, logits_fake -0.0307,
Train Epoch: [2/30] Iters:[1060/1093] gen_loss 0.2646, rec_loss 0.0107, lpips_loss 0.1347, g_loss 0.0306, disc_weight 0.4000, disc_adaptive_weight 3.8950, d_loss 0.4055, logits_real -0.0338, logits_fake -0.0307,
Train Epoch: [2/30] Iters:[1070/1093] gen_loss 0.2676, rec_loss 0.0106, lpips_loss 0.1343, g_loss 0.0306, disc_weight 0.4000, disc_adaptive_weight 4.0091, d_loss 0.4054, logits_real -0.0337, logits_fake -0.0307,
Train Epoch: [2/30] Iters:[1080/1093] gen_loss 0.2704, rec_loss 0.0106, lpips_loss 0.1338, g_loss 0.0307, disc_weight 0.4000, disc_adaptive_weight 4.1020, d_loss 0.4054, logits_real -0.0337, logits_fake -0.0307,
Train Epoch: [2/30] Iters:[1090/1093] gen_loss 0.2766, rec_loss 0.0107, lpips_loss 0.1341, g_loss 0.0307, disc_weight 0.4000, disc_adaptive_weight 4.2803, d_loss 0.4054, logits_real -0.0338, logits_fake -0.0307,
epoch:3, cur_lr:0.000010
Train Epoch: [3/30] Iters:[10/1093] gen_loss 0.2907, rec_loss 0.0106, lpips_loss 0.1354, g_loss 0.0307, disc_weight 0.4000, disc_adaptive_weight 4.6866, d_loss 0.4054, logits_real -0.0339, logits_fake -0.0304,
Train Epoch: [3/30] Iters:[20/1093] gen_loss 0.3117, rec_loss 0.0108, lpips_loss 0.1356, g_loss 0.0307, disc_weight 0.4000, disc_adaptive_weight 5.3748, d_loss 0.4054, logits_real -0.0341, logits_fake -0.0306,
Train Epoch: [3/30] Iters:[30/1093] gen_loss 0.3101, rec_loss 0.0110, lpips_loss 0.1361, g_loss 0.0306, disc_weight 0.4000, disc_adaptive_weight 5.3203, d_loss 0.4053, logits_real -0.0339, logits_fake -0.0306,
Train Epoch: [3/30] Iters:[40/1093] gen_loss 0.3126, rec_loss 0.0111, lpips_loss 0.1358, g_loss 0.0305, disc_weight 0.4000, disc_adaptive_weight 5.4265, d_loss 0.4053, logits_real -0.0337, logits_fake -0.0304,
Train Epoch: [3/30] Iters:[50/1093] gen_loss 0.3135, rec_loss 0.0112, lpips_loss 0.1358, g_loss 0.0305, disc_weight 0.4000, disc_adaptive_weight 5.4553, d_loss 0.4053, logits_real -0.0337, logits_fake -0.0304,
Train Epoch: [3/30] Iters:[60/1093] gen_loss 0.3215, rec_loss 0.0113, lpips_loss 0.1363, g_loss 0.0306, disc_weight 0.4000, disc_adaptive_weight 5.6885, d_loss 0.4053, logits_real -0.0338, logits_fake -0.0305,
Train Epoch: [3/30] Iters:[70/1093] gen_loss 0.3247, rec_loss 0.0113, lpips_loss 0.1364, g_loss 0.0306, disc_weight 0.4000, disc_adaptive_weight 5.7782, d_loss 0.4052, logits_real -0.0339, logits_fake -0.0307,
Train Epoch: [3/30] Iters:[80/1093] gen_loss 0.3172, rec_loss 0.0112, lpips_loss 0.1358, g_loss 0.0308, disc_weight 0.4000, disc_adaptive_weight 5.5427, d_loss 0.4052, logits_real -0.0341, logits_fake -0.0308,
Train Epoch: [3/30] Iters:[90/1093] gen_loss 0.3070, rec_loss 0.0111, lpips_loss 0.1359, g_loss 0.0311, disc_weight 0.4000, disc_adaptive_weight 5.1651, d_loss 0.4052, logits_real -0.0344, logits_fake -0.0311,
Train Epoch: [3/30] Iters:[100/1093] gen_loss 0.3108, rec_loss 0.0109, lpips_loss 0.1358, g_loss 0.0313, disc_weight 0.4000, disc_adaptive_weight 5.2587, d_loss 0.4051, logits_real -0.0346, logits_fake -0.0313,
Train Epoch: [3/30] Iters:[110/1093] gen_loss 0.2988, rec_loss 0.0108, lpips_loss 0.1348, g_loss 0.0313, disc_weight 0.4000, disc_adaptive_weight 4.9050, d_loss 0.4050, logits_real -0.0345, logits_fake -0.0314,
Train Epoch: [3/30] Iters:[120/1093] gen_loss 0.2898, rec_loss 0.0108, lpips_loss 0.1347, g_loss 0.0312, disc_weight 0.4000, disc_adaptive_weight 4.6381, d_loss 0.4050, logits_real -0.0344, logits_fake -0.0312,
Train Epoch: [3/30] Iters:[130/1093] gen_loss 0.2947, rec_loss 0.0109, lpips_loss 0.1354, g_loss 0.0311, disc_weight 0.4000, disc_adaptive_weight 4.7806, d_loss 0.4050, logits_real -0.0340, logits_fake -0.0310,
Train Epoch: [3/30] Iters:[140/1093] gen_loss 0.2955, rec_loss 0.0109, lpips_loss 0.1354, g_loss 0.0307, disc_weight 0.4000, disc_adaptive_weight 4.8591, d_loss 0.4049, logits_real -0.0338, logits_fake -0.0308,
Train Epoch: [3/30] Iters:[150/1093] gen_loss 0.2836, rec_loss 0.0110, lpips_loss 0.1355, g_loss 0.0304, disc_weight 0.4000, disc_adaptive_weight 4.5246, d_loss 0.4049, logits_real -0.0334, logits_fake -0.0304,
Train Epoch: [3/30] Iters:[160/1093] gen_loss 0.2844, rec_loss 0.0110, lpips_loss 0.1358, g_loss 0.0302, disc_weight 0.4000, disc_adaptive_weight 4.5575, d_loss 0.4049, logits_real -0.0333, logits_fake -0.0303,
Train Epoch: [3/30] Iters:[170/1093] gen_loss 0.2829, rec_loss 0.0111, lpips_loss 0.1357, g_loss 0.0300, disc_weight 0.4000, disc_adaptive_weight 4.5446, d_loss 0.4048, logits_real -0.0330, logits_fake -0.0300,
Train Epoch: [3/30] Iters:[180/1093] gen_loss 0.2791, rec_loss 0.0111, lpips_loss 0.1353, g_loss 0.0299, disc_weight 0.4000, disc_adaptive_weight 4.4407, d_loss 0.4048, logits_real -0.0331, logits_fake -0.0299,
Train Epoch: [3/30] Iters:[190/1093] gen_loss 0.2796, rec_loss 0.0111, lpips_loss 0.1350, g_loss 0.0301, disc_weight 0.4000, disc_adaptive_weight 4.4410, d_loss 0.4048, logits_real -0.0333, logits_fake -0.0301,
Train Epoch: [3/30] Iters:[200/1093] gen_loss 0.2794, rec_loss 0.0109, lpips_loss 0.1343, g_loss 0.0306, disc_weight 0.4000, disc_adaptive_weight 4.3990, d_loss 0.4048, logits_real -0.0338, logits_fake -0.0305,
Train Epoch: [3/30] Iters:[210/1093] gen_loss 0.2807, rec_loss 0.0109, lpips_loss 0.1347, g_loss 0.0309, disc_weight 0.4000, disc_adaptive_weight 4.3830, d_loss 0.4047, logits_real -0.0341, logits_fake -0.0309,
Train Epoch: [3/30] Iters:[220/1093] gen_loss 0.2792, rec_loss 0.0109, lpips_loss 0.1347, g_loss 0.0314, disc_weight 0.4000, disc_adaptive_weight 4.2583, d_loss 0.4047, logits_real -0.0346, logits_fake -0.0314,
Train Epoch: [3/30] Iters:[230/1093] gen_loss 0.2799, rec_loss 0.0108, lpips_loss 0.1347, g_loss 0.0316, disc_weight 0.4000, disc_adaptive_weight 4.2623, d_loss 0.4047, logits_real -0.0347, logits_fake -0.0316,
Train Epoch: [3/30] Iters:[240/1093] gen_loss 0.2834, rec_loss 0.0110, lpips_loss 0.1353, g_loss 0.0316, disc_weight 0.4000, disc_adaptive_weight 4.3480, d_loss 0.4047, logits_real -0.0346, logits_fake -0.0314,
Train Epoch: [3/30] Iters:[250/1093] gen_loss 0.2895, rec_loss 0.0111, lpips_loss 0.1357, g_loss 0.0315, disc_weight 0.4000, disc_adaptive_weight 4.5365, d_loss 0.4046, logits_real -0.0343, logits_fake -0.0313,
Train Epoch: [3/30] Iters:[260/1093] gen_loss 0.2920, rec_loss 0.0110, lpips_loss 0.1355, g_loss 0.0315, disc_weight 0.4000, disc_adaptive_weight 4.6285, d_loss 0.4047, logits_real -0.0344, logits_fake -0.0312,
Train Epoch: [3/30] Iters:[270/1093] gen_loss 0.2928, rec_loss 0.0110, lpips_loss 0.1354, g_loss 0.0316, disc_weight 0.4000, disc_adaptive_weight 4.6415, d_loss 0.4046, logits_real -0.0346, logits_fake -0.0313,
Train Epoch: [3/30] Iters:[280/1093] gen_loss 0.2958, rec_loss 0.0110, lpips_loss 0.1347, g_loss 0.0320, disc_weight 0.4000, disc_adaptive_weight 4.6996, d_loss 0.4046, logits_real -0.0351, logits_fake -0.0318,
Train Epoch: [3/30] Iters:[290/1093] gen_loss 0.2959, rec_loss 0.0109, lpips_loss 0.1342, g_loss 0.0324, disc_weight 0.4000, disc_adaptive_weight 4.6558, d_loss 0.4045, logits_real -0.0354, logits_fake -0.0323,
Train Epoch: [3/30] Iters:[300/1093] gen_loss 0.2916, rec_loss 0.0109, lpips_loss 0.1341, g_loss 0.0326, disc_weight 0.4000, disc_adaptive_weight 4.5000, d_loss 0.4044, logits_real -0.0356, logits_fake -0.0326,
Train Epoch: [3/30] Iters:[310/1093] gen_loss 0.3012, rec_loss 0.0108, lpips_loss 0.1338, g_loss 0.0327, disc_weight 0.4000, disc_adaptive_weight 4.7944, d_loss 0.4044, logits_real -0.0357, logits_fake -0.0327,
Train Epoch: [3/30] Iters:[320/1093] gen_loss 0.3030, rec_loss 0.0109, lpips_loss 0.1341, g_loss 0.0326, disc_weight 0.4000, disc_adaptive_weight 4.8492, d_loss 0.4044, logits_real -0.0356, logits_fake -0.0328,
Train Epoch: [3/30] Iters:[330/1093] gen_loss 0.3136, rec_loss 0.0109, lpips_loss 0.1347, g_loss 0.0325, disc_weight 0.4000, disc_adaptive_weight 5.1671, d_loss 0.4044, logits_real -0.0355, logits_fake -0.0326,
Train Epoch: [3/30] Iters:[340/1093] gen_loss 0.3099, rec_loss 0.0108, lpips_loss 0.1347, g_loss 0.0323, disc_weight 0.4000, disc_adaptive_weight 5.0902, d_loss 0.4044, logits_real -0.0355, logits_fake -0.0325,
Train Epoch: [3/30] Iters:[350/1093] gen_loss 0.3108, rec_loss 0.0107, lpips_loss 0.1345, g_loss 0.0323, disc_weight 0.4000, disc_adaptive_weight 5.1215, d_loss 0.4043, logits_real -0.0355, logits_fake -0.0325,
Train Epoch: [3/30] Iters:[360/1093] gen_loss 0.3010, rec_loss 0.0109, lpips_loss 0.1349, g_loss 0.0323, disc_weight 0.4000, disc_adaptive_weight 4.8057, d_loss 0.4043, logits_real -0.0356, logits_fake -0.0325,
Train Epoch: [3/30] Iters:[370/1093] gen_loss 0.3018, rec_loss 0.0110, lpips_loss 0.1349, g_loss 0.0324, disc_weight 0.4000, disc_adaptive_weight 4.8081, d_loss 0.4043, logits_real -0.0355, logits_fake -0.0325,
Train Epoch: [3/30] Iters:[380/1093] gen_loss 0.2905, rec_loss 0.0109, lpips_loss 0.1346, g_loss 0.0325, disc_weight 0.4000, disc_adaptive_weight 4.4635, d_loss 0.4042, logits_real -0.0355, logits_fake -0.0325,
Train Epoch: [3/30] Iters:[390/1093] gen_loss 0.2910, rec_loss 0.0110, lpips_loss 0.1342, g_loss 0.0328, disc_weight 0.4000, disc_adaptive_weight 4.4504, d_loss 0.4042, logits_real -0.0357, logits_fake -0.0327,
Train Epoch: [3/30] Iters:[400/1093] gen_loss 0.3005, rec_loss 0.0110, lpips_loss 0.1343, g_loss 0.0332, disc_weight 0.4000, disc_adaptive_weight 4.6725, d_loss 0.4042, logits_real -0.0360, logits_fake -0.0329,
Train Epoch: [3/30] Iters:[410/1093] gen_loss 0.3133, rec_loss 0.0111, lpips_loss 0.1342, g_loss 0.0334, disc_weight 0.4000, disc_adaptive_weight 5.0145, d_loss 0.4042, logits_real -0.0361, logits_fake -0.0331,
Train Epoch: [3/30] Iters:[420/1093] gen_loss 0.3132, rec_loss 0.0110, lpips_loss 0.1339, g_loss 0.0337, disc_weight 0.4000, disc_adaptive_weight 4.9884, d_loss 0.4042, logits_real -0.0365, logits_fake -0.0334,
Train Epoch: [3/30] Iters:[430/1093] gen_loss 0.3182, rec_loss 0.0111, lpips_loss 0.1343, g_loss 0.0338, disc_weight 0.4000, disc_adaptive_weight 5.1030, d_loss 0.4041, logits_real -0.0366, logits_fake -0.0336,
Train Epoch: [3/30] Iters:[440/1093] gen_loss 0.3323, rec_loss 0.0112, lpips_loss 0.1351, g_loss 0.0338, disc_weight 0.4000, disc_adaptive_weight 5.4965, d_loss 0.4041, logits_real -0.0366, logits_fake -0.0338,
Train Epoch: [3/30] Iters:[450/1093] gen_loss 0.3297, rec_loss 0.0113, lpips_loss 0.1354, g_loss 0.0337, disc_weight 0.4000, disc_adaptive_weight 5.4258, d_loss 0.4042, logits_real -0.0368, logits_fake -0.0337,
Train Epoch: [3/30] Iters:[460/1093] gen_loss 0.3228, rec_loss 0.0112, lpips_loss 0.1353, g_loss 0.0337, disc_weight 0.4000, disc_adaptive_weight 5.2307, d_loss 0.4041, logits_real -0.0368, logits_fake -0.0337,
Train Epoch: [3/30] Iters:[470/1093] gen_loss 0.3262, rec_loss 0.0111, lpips_loss 0.1358, g_loss 0.0335, disc_weight 0.4000, disc_adaptive_weight 5.3468, d_loss 0.4041, logits_real -0.0367, logits_fake -0.0336,
Train Epoch: [3/30] Iters:[480/1093] gen_loss 0.3195, rec_loss 0.0111, lpips_loss 0.1356, g_loss 0.0333, disc_weight 0.4000, disc_adaptive_weight 5.1828, d_loss 0.4041, logits_real -0.0366, logits_fake -0.0334,
Train Epoch: [3/30] Iters:[490/1093] gen_loss 0.3178, rec_loss 0.0110, lpips_loss 0.1353, g_loss 0.0331, disc_weight 0.4000, disc_adaptive_weight 5.1858, d_loss 0.4041, logits_real -0.0364, logits_fake -0.0331,
Train Epoch: [3/30] Iters:[500/1093] gen_loss 0.3169, rec_loss 0.0109, lpips_loss 0.1352, g_loss 0.0328, disc_weight 0.4000, disc_adaptive_weight 5.2211, d_loss 0.4040, logits_real -0.0359, logits_fake -0.0330,
Train Epoch: [3/30] Iters:[510/1093] gen_loss 0.3133, rec_loss 0.0111, lpips_loss 0.1358, g_loss 0.0323, disc_weight 0.4000, disc_adaptive_weight 5.1553, d_loss 0.4039, logits_real -0.0354, logits_fake -0.0326,
Train Epoch: [3/30] Iters:[520/1093] gen_loss 0.3055, rec_loss 0.0111, lpips_loss 0.1357, g_loss 0.0317, disc_weight 0.4000, disc_adaptive_weight 5.0089, d_loss 0.4039, logits_real -0.0347, logits_fake -0.0320,
Train Epoch: [3/30] Iters:[530/1093] gen_loss 0.3060, rec_loss 0.0110, lpips_loss 0.1357, g_loss 0.0312, disc_weight 0.4000, disc_adaptive_weight 5.1000, d_loss 0.4039, logits_real -0.0340, logits_fake -0.0314,
Train Epoch: [3/30] Iters:[540/1093] gen_loss 0.2944, rec_loss 0.0110, lpips_loss 0.1358, g_loss 0.0306, disc_weight 0.4000, disc_adaptive_weight 4.8239, d_loss 0.4039, logits_real -0.0335, logits_fake -0.0308,
Train Epoch: [3/30] Iters:[550/1093] gen_loss 0.2919, rec_loss 0.0110, lpips_loss 0.1356, g_loss 0.0300, disc_weight 0.4000, disc_adaptive_weight 4.8644, d_loss 0.4039, logits_real -0.0327, logits_fake -0.0300,
Train Epoch: [3/30] Iters:[560/1093] gen_loss 0.2877, rec_loss 0.0111, lpips_loss 0.1354, g_loss 0.0293, disc_weight 0.4000, disc_adaptive_weight 4.8469, d_loss 0.4039, logits_real -0.0322, logits_fake -0.0293,
Train Epoch: [3/30] Iters:[570/1093] gen_loss 0.2832, rec_loss 0.0111, lpips_loss 0.1352, g_loss 0.0290, disc_weight 0.4000, disc_adaptive_weight 4.7386, d_loss 0.4039, logits_real -0.0319, logits_fake -0.0290,
Train Epoch: [3/30] Iters:[580/1093] gen_loss 0.2839, rec_loss 0.0111, lpips_loss 0.1355, g_loss 0.0287, disc_weight 0.4000, disc_adaptive_weight 4.8012, d_loss 0.4039, logits_real -0.0319, logits_fake -0.0291,
Train Epoch: [3/30] Iters:[590/1093] gen_loss 0.2874, rec_loss 0.0111, lpips_loss 0.1352, g_loss 0.0286, disc_weight 0.4000, disc_adaptive_weight 4.9444, d_loss 0.4039, logits_real -0.0320, logits_fake -0.0290,
Train Epoch: [3/30] Iters:[600/1093] gen_loss 0.2937, rec_loss 0.0111, lpips_loss 0.1355, g_loss 0.0290, disc_weight 0.4000, disc_adaptive_weight 5.0751, d_loss 0.4039, logits_real -0.0324, logits_fake -0.0293,
Train Epoch: [3/30] Iters:[610/1093] gen_loss 0.2991, rec_loss 0.0110, lpips_loss 0.1352, g_loss 0.0293, disc_weight 0.4000, disc_adaptive_weight 5.2205, d_loss 0.4038, logits_real -0.0327, logits_fake -0.0298,
Train Epoch: [3/30] Iters:[620/1093] gen_loss 0.3035, rec_loss 0.0109, lpips_loss 0.1351, g_loss 0.0294, disc_weight 0.4000, disc_adaptive_weight 5.3549, d_loss 0.4038, logits_real -0.0328, logits_fake -0.0299,
Train Epoch: [3/30] Iters:[630/1093] gen_loss 0.3041, rec_loss 0.0109, lpips_loss 0.1350, g_loss 0.0295, disc_weight 0.4000, disc_adaptive_weight 5.3578, d_loss 0.4039, logits_real -0.0329, logits_fake -0.0297,
Train Epoch: [3/30] Iters:[640/1093] gen_loss 0.2987, rec_loss 0.0109, lpips_loss 0.1351, g_loss 0.0295, disc_weight 0.4000, disc_adaptive_weight 5.1718, d_loss 0.4038, logits_real -0.0327, logits_fake -0.0297,
Train Epoch: [3/30] Iters:[650/1093] gen_loss 0.2975, rec_loss 0.0110, lpips_loss 0.1348, g_loss 0.0292, disc_weight 0.4000, disc_adaptive_weight 5.1965, d_loss 0.4038, logits_real -0.0326, logits_fake -0.0296,
Train Epoch: [3/30] Iters:[660/1093] gen_loss 0.2983, rec_loss 0.0110, lpips_loss 0.1346, g_loss 0.0293, disc_weight 0.4000, disc_adaptive_weight 5.2322, d_loss 0.4038, logits_real -0.0326, logits_fake -0.0293,
Train Epoch: [3/30] Iters:[670/1093] gen_loss 0.3040, rec_loss 0.0110, lpips_loss 0.1345, g_loss 0.0291, disc_weight 0.4000, disc_adaptive_weight 5.4575, d_loss 0.4038, logits_real -0.0325, logits_fake -0.0295,
Train Epoch: [3/30] Iters:[680/1093] gen_loss 0.3003, rec_loss 0.0110, lpips_loss 0.1342, g_loss 0.0289, disc_weight 0.4000, disc_adaptive_weight 5.3703, d_loss 0.4037, logits_real -0.0321, logits_fake -0.0291,
Train Epoch: [3/30] Iters:[690/1093] gen_loss 0.3006, rec_loss 0.0111, lpips_loss 0.1347, g_loss 0.0288, disc_weight 0.4000, disc_adaptive_weight 5.3828, d_loss 0.4037, logits_real -0.0318, logits_fake -0.0287,
Train Epoch: [3/30] Iters:[700/1093] gen_loss 0.2891, rec_loss 0.0110, lpips_loss 0.1342, g_loss 0.0286, disc_weight 0.4000, disc_adaptive_weight 5.0308, d_loss 0.4037, logits_real -0.0315, logits_fake -0.0283,
Train Epoch: [3/30] Iters:[710/1093] gen_loss 0.2799, rec_loss 0.0109, lpips_loss 0.1345, g_loss 0.0283, disc_weight 0.4000, disc_adaptive_weight 4.7596, d_loss 0.4036, logits_real -0.0311, logits_fake -0.0281,
Train Epoch: [3/30] Iters:[720/1093] gen_loss 0.2817, rec_loss 0.0109, lpips_loss 0.1348, g_loss 0.0280, disc_weight 0.4000, disc_adaptive_weight 4.8601, d_loss 0.4037, logits_real -0.0310, logits_fake -0.0277,
Train Epoch: [3/30] Iters:[730/1093] gen_loss 0.2828, rec_loss 0.0109, lpips_loss 0.1347, g_loss 0.0281, disc_weight 0.4000, disc_adaptive_weight 4.8932, d_loss 0.4036, logits_real -0.0311, logits_fake -0.0280,
Train Epoch: [3/30] Iters:[740/1093] gen_loss 0.2857, rec_loss 0.0108, lpips_loss 0.1345, g_loss 0.0282, disc_weight 0.4000, disc_adaptive_weight 4.9830, d_loss 0.4036, logits_real -0.0314, logits_fake -0.0284,
Train Epoch: [3/30] Iters:[750/1093] gen_loss 0.2888, rec_loss 0.0110, lpips_loss 0.1356, g_loss 0.0283, disc_weight 0.4000, disc_adaptive_weight 5.0359, d_loss 0.4036, logits_real -0.0316, logits_fake -0.0287,
Train Epoch: [3/30] Iters:[760/1093] gen_loss 0.2915, rec_loss 0.0111, lpips_loss 0.1355, g_loss 0.0286, disc_weight 0.4000, disc_adaptive_weight 5.0797, d_loss 0.4035, logits_real -0.0319, logits_fake -0.0289,
Train Epoch: [3/30] Iters:[770/1093] gen_loss 0.2920, rec_loss 0.0111, lpips_loss 0.1354, g_loss 0.0290, disc_weight 0.4000, disc_adaptive_weight 5.0204, d_loss 0.4035, logits_real -0.0322, logits_fake -0.0294,
Train Epoch: [3/30] Iters:[780/1093] gen_loss 0.2946, rec_loss 0.0111, lpips_loss 0.1359, g_loss 0.0293, disc_weight 0.4000, disc_adaptive_weight 5.0241, d_loss 0.4035, logits_real -0.0323, logits_fake -0.0294,
Train Epoch: [3/30] Iters:[790/1093] gen_loss 0.2905, rec_loss 0.0111, lpips_loss 0.1354, g_loss 0.0299, disc_weight 0.4000, disc_adaptive_weight 4.8277, d_loss 0.4035, logits_real -0.0327, logits_fake -0.0296,
Train Epoch: [3/30] Iters:[800/1093] gen_loss 0.2903, rec_loss 0.0110, lpips_loss 0.1348, g_loss 0.0303, disc_weight 0.4000, disc_adaptive_weight 4.7825, d_loss 0.4035, logits_real -0.0330, logits_fake -0.0299,
Train Epoch: [3/30] Iters:[810/1093] gen_loss 0.2921, rec_loss 0.0110, lpips_loss 0.1349, g_loss 0.0307, disc_weight 0.4000, disc_adaptive_weight 4.7767, d_loss 0.4035, logits_real -0.0335, logits_fake -0.0304,
Train Epoch: [3/30] Iters:[820/1093] gen_loss 0.2849, rec_loss 0.0110, lpips_loss 0.1350, g_loss 0.0311, disc_weight 0.4000, disc_adaptive_weight 4.4596, d_loss 0.4035, logits_real -0.0340, logits_fake -0.0309,
Train Epoch: [3/30] Iters:[830/1093] gen_loss 0.2796, rec_loss 0.0109, lpips_loss 0.1345, g_loss 0.0313, disc_weight 0.4000, disc_adaptive_weight 4.2912, d_loss 0.4034, logits_real -0.0340, logits_fake -0.0313,
Train Epoch: [3/30] Iters:[840/1093] gen_loss 0.2830, rec_loss 0.0108, lpips_loss 0.1343, g_loss 0.0312, disc_weight 0.4000, disc_adaptive_weight 4.4290, d_loss 0.4034, logits_real -0.0339, logits_fake -0.0312,
Train Epoch: [3/30] Iters:[850/1093] gen_loss 0.2828, rec_loss 0.0108, lpips_loss 0.1345, g_loss 0.0310, disc_weight 0.4000, disc_adaptive_weight 4.4426, d_loss 0.4034, logits_real -0.0338, logits_fake -0.0310,
Train Epoch: [3/30] Iters:[860/1093] gen_loss 0.2852, rec_loss 0.0109, lpips_loss 0.1348, g_loss 0.0308, disc_weight 0.4000, disc_adaptive_weight 4.5397, d_loss 0.4034, logits_real -0.0334, logits_fake -0.0306,
Train Epoch: [3/30] Iters:[870/1093] gen_loss 0.2915, rec_loss 0.0109, lpips_loss 0.1350, g_loss 0.0305, disc_weight 0.4000, disc_adaptive_weight 4.7885, d_loss 0.4034, logits_real -0.0333, logits_fake -0.0302,
Train Epoch: [3/30] Iters:[880/1093] gen_loss 0.2984, rec_loss 0.0110, lpips_loss 0.1348, g_loss 0.0306, disc_weight 0.4000, disc_adaptive_weight 5.0006, d_loss 0.4035, logits_real -0.0337, logits_fake -0.0303,
Train Epoch: [3/30] Iters:[890/1093] gen_loss 0.3000, rec_loss 0.0112, lpips_loss 0.1353, g_loss 0.0306, disc_weight 0.4000, disc_adaptive_weight 5.0234, d_loss 0.4034, logits_real -0.0339, logits_fake -0.0308,
Train Epoch: [3/30] Iters:[900/1093] gen_loss 0.3122, rec_loss 0.0112, lpips_loss 0.1349, g_loss 0.0310, disc_weight 0.4000, disc_adaptive_weight 5.3479, d_loss 0.4034, logits_real -0.0341, logits_fake -0.0311,
Train Epoch: [3/30] Iters:[910/1093] gen_loss 0.3143, rec_loss 0.0111, lpips_loss 0.1347, g_loss 0.0312, disc_weight 0.4000, disc_adaptive_weight 5.3878, d_loss 0.4034, logits_real -0.0346, logits_fake -0.0315,
Train Epoch: [3/30] Iters:[920/1093] gen_loss 0.3046, rec_loss 0.0110, lpips_loss 0.1343, g_loss 0.0316, disc_weight 0.4000, disc_adaptive_weight 5.0338, d_loss 0.4033, logits_real -0.0348, logits_fake -0.0318,
Train Epoch: [3/30] Iters:[930/1093] gen_loss 0.3051, rec_loss 0.0110, lpips_loss 0.1350, g_loss 0.0316, disc_weight 0.4000, disc_adaptive_weight 5.0262, d_loss 0.4033, logits_real -0.0348, logits_fake -0.0319,
Train Epoch: [3/30] Iters:[940/1093] gen_loss 0.3026, rec_loss 0.0110, lpips_loss 0.1351, g_loss 0.0317, disc_weight 0.4000, disc_adaptive_weight 4.9286, d_loss 0.4033, logits_real -0.0348, logits_fake -0.0317,
Train Epoch: [3/30] Iters:[950/1093] gen_loss 0.2890, rec_loss 0.0111, lpips_loss 0.1354, g_loss 0.0314, disc_weight 0.4000, disc_adaptive_weight 4.5376, d_loss 0.4033, logits_real -0.0345, logits_fake -0.0316,
Train Epoch: [3/30] Iters:[960/1093] gen_loss 0.2799, rec_loss 0.0110, lpips_loss 0.1350, g_loss 0.0312, disc_weight 0.4000, disc_adaptive_weight 4.2960, d_loss 0.4032, logits_real -0.0341, logits_fake -0.0314,
Train Epoch: [3/30] Iters:[970/1093] gen_loss 0.2825, rec_loss 0.0111, lpips_loss 0.1355, g_loss 0.0311, disc_weight 0.4000, disc_adaptive_weight 4.3810, d_loss 0.4032, logits_real -0.0341, logits_fake -0.0314,
Train Epoch: [3/30] Iters:[980/1093] gen_loss 0.2855, rec_loss 0.0110, lpips_loss 0.1351, g_loss 0.0310, disc_weight 0.4000, disc_adaptive_weight 4.5256, d_loss 0.4032, logits_real -0.0341, logits_fake -0.0314,
Train Epoch: [3/30] Iters:[990/1093] gen_loss 0.2892, rec_loss 0.0109, lpips_loss 0.1346, g_loss 0.0308, disc_weight 0.4000, disc_adaptive_weight 4.6858, d_loss 0.4032, logits_real -0.0340, logits_fake -0.0311,
Train Epoch: [3/30] Iters:[1000/1093] gen_loss 0.2887, rec_loss 0.0109, lpips_loss 0.1343, g_loss 0.0310, disc_weight 0.4000, disc_adaptive_weight 4.6561, d_loss 0.4033, logits_real -0.0344, logits_fake -0.0312,
Train Epoch: [3/30] Iters:[1010/1093] gen_loss 0.2958, rec_loss 0.0110, lpips_loss 0.1340, g_loss 0.0313, disc_weight 0.4000, disc_adaptive_weight 4.8375, d_loss 0.4033, logits_real -0.0346, logits_fake -0.0313,
Train Epoch: [3/30] Iters:[1020/1093] gen_loss 0.2978, rec_loss 0.0110, lpips_loss 0.1333, g_loss 0.0313, disc_weight 0.4000, disc_adaptive_weight 4.9138, d_loss 0.4033, logits_real -0.0344, logits_fake -0.0313,
Train Epoch: [3/30] Iters:[1030/1093] gen_loss 0.2867, rec_loss 0.0110, lpips_loss 0.1334, g_loss 0.0314, disc_weight 0.4000, disc_adaptive_weight 4.5372, d_loss 0.4032, logits_real -0.0343, logits_fake -0.0313,
Train Epoch: [3/30] Iters:[1040/1093] gen_loss 0.2859, rec_loss 0.0110, lpips_loss 0.1341, g_loss 0.0312, disc_weight 0.4000, disc_adaptive_weight 4.5056, d_loss 0.4032, logits_real -0.0342, logits_fake -0.0312,
Train Epoch: [3/30] Iters:[1050/1093] gen_loss 0.2889, rec_loss 0.0110, lpips_loss 0.1343, g_loss 0.0309, disc_weight 0.4000, disc_adaptive_weight 4.6501, d_loss 0.4031, logits_real -0.0337, logits_fake -0.0310,
Train Epoch: [3/30] Iters:[1060/1093] gen_loss 0.2914, rec_loss 0.0110, lpips_loss 0.1353, g_loss 0.0306, disc_weight 0.4000, disc_adaptive_weight 4.7639, d_loss 0.4031, logits_real -0.0333, logits_fake -0.0305,
Train Epoch: [3/30] Iters:[1070/1093] gen_loss 0.3030, rec_loss 0.0110, lpips_loss 0.1353, g_loss 0.0304, disc_weight 0.4000, disc_adaptive_weight 5.1819, d_loss 0.4031, logits_real -0.0333, logits_fake -0.0303,
Train Epoch: [3/30] Iters:[1080/1093] gen_loss 0.3124, rec_loss 0.0110, lpips_loss 0.1353, g_loss 0.0304, disc_weight 0.4000, disc_adaptive_weight 5.4952, d_loss 0.4032, logits_real -0.0334, logits_fake -0.0301,
Train Epoch: [3/30] Iters:[1090/1093] gen_loss 0.3171, rec_loss 0.0110, lpips_loss 0.1349, g_loss 0.0305, disc_weight 0.4000, disc_adaptive_weight 5.6302, d_loss 0.4032, logits_real -0.0335, logits_fake -0.0304,
epoch:4, cur_lr:0.000010
Train Epoch: [4/30] Iters:[10/1093] gen_loss 0.2934, rec_loss 0.0111, lpips_loss 0.1352, g_loss 0.0313, disc_weight 0.4000, disc_adaptive_weight 4.7045, d_loss 0.4032, logits_real -0.0343, logits_fake -0.0312,
Train Epoch: [4/30] Iters:[20/1093] gen_loss 0.2978, rec_loss 0.0108, lpips_loss 0.1351, g_loss 0.0310, disc_weight 0.4000, disc_adaptive_weight 4.8998, d_loss 0.4031, logits_real -0.0339, logits_fake -0.0308,
Train Epoch: [4/30] Iters:[30/1093] gen_loss 0.2992, rec_loss 0.0111, lpips_loss 0.1356, g_loss 0.0307, disc_weight 0.4000, disc_adaptive_weight 4.9769, d_loss 0.4031, logits_real -0.0336, logits_fake -0.0307,
Train Epoch: [4/30] Iters:[40/1093] gen_loss 0.2970, rec_loss 0.0111, lpips_loss 0.1357, g_loss 0.0307, disc_weight 0.4000, disc_adaptive_weight 4.8980, d_loss 0.4031, logits_real -0.0339, logits_fake -0.0307,
Train Epoch: [4/30] Iters:[50/1093] gen_loss 0.3007, rec_loss 0.0110, lpips_loss 0.1357, g_loss 0.0307, disc_weight 0.4000, disc_adaptive_weight 5.0352, d_loss 0.4031, logits_real -0.0339, logits_fake -0.0306,
Train Epoch: [4/30] Iters:[60/1093] gen_loss 0.3020, rec_loss 0.0110, lpips_loss 0.1360, g_loss 0.0305, disc_weight 0.4000, disc_adaptive_weight 5.0924, d_loss 0.4031, logits_real -0.0338, logits_fake -0.0305,
Train Epoch: [4/30] Iters:[70/1093] gen_loss 0.3005, rec_loss 0.0110, lpips_loss 0.1359, g_loss 0.0305, disc_weight 0.4000, disc_adaptive_weight 5.0523, d_loss 0.4031, logits_real -0.0338, logits_fake -0.0306,
Train Epoch: [4/30] Iters:[80/1093] gen_loss 0.2992, rec_loss 0.0110, lpips_loss 0.1356, g_loss 0.0306, disc_weight 0.4000, disc_adaptive_weight 5.0035, d_loss 0.4031, logits_real -0.0339, logits_fake -0.0306,
Train Epoch: [4/30] Iters:[90/1093] gen_loss 0.3011, rec_loss 0.0110, lpips_loss 0.1358, g_loss 0.0305, disc_weight 0.4000, disc_adaptive_weight 5.0653, d_loss 0.4030, logits_real -0.0334, logits_fake -0.0306,
Train Epoch: [4/30] Iters:[100/1093] gen_loss 0.2988, rec_loss 0.0111, lpips_loss 0.1356, g_loss 0.0304, disc_weight 0.4000, disc_adaptive_weight 5.0167, d_loss 0.4029, logits_real -0.0331, logits_fake -0.0305,
Train Epoch: [4/30] Iters:[110/1093] gen_loss 0.2998, rec_loss 0.0111, lpips_loss 0.1352, g_loss 0.0302, disc_weight 0.4000, disc_adaptive_weight 5.0915, d_loss 0.4029, logits_real -0.0329, logits_fake -0.0302,
Train Epoch: [4/30] Iters:[120/1093] gen_loss 0.3027, rec_loss 0.0111, lpips_loss 0.1352, g_loss 0.0299, disc_weight 0.4000, disc_adaptive_weight 5.2463, d_loss 0.4029, logits_real -0.0327, logits_fake -0.0300,
Train Epoch: [4/30] Iters:[130/1093] gen_loss 0.3003, rec_loss 0.0112, lpips_loss 0.1352, g_loss 0.0295, disc_weight 0.4000, disc_adaptive_weight 5.2211, d_loss 0.4029, logits_real -0.0325, logits_fake -0.0296,
Train Epoch: [4/30] Iters:[140/1093] gen_loss 0.3039, rec_loss 0.0111, lpips_loss 0.1349, g_loss 0.0293, disc_weight 0.4000, disc_adaptive_weight 5.3918, d_loss 0.4030, logits_real -0.0324, logits_fake -0.0294,
Train Epoch: [4/30] Iters:[150/1093] gen_loss 0.3024, rec_loss 0.0112, lpips_loss 0.1346, g_loss 0.0293, disc_weight 0.4000, disc_adaptive_weight 5.3504, d_loss 0.4030, logits_real -0.0325, logits_fake -0.0293,
Train Epoch: [4/30] Iters:[160/1093] gen_loss 0.2977, rec_loss 0.0112, lpips_loss 0.1345, g_loss 0.0293, disc_weight 0.4000, disc_adaptive_weight 5.1916, d_loss 0.4030, logits_real -0.0325, logits_fake -0.0295,
Train Epoch: [4/30] Iters:[170/1093] gen_loss 0.2971, rec_loss 0.0112, lpips_loss 0.1345, g_loss 0.0295, disc_weight 0.4000, disc_adaptive_weight 5.1327, d_loss 0.4030, logits_real -0.0325, logits_fake -0.0295,
Train Epoch: [4/30] Iters:[180/1093] gen_loss 0.3028, rec_loss 0.0112, lpips_loss 0.1342, g_loss 0.0297, disc_weight 0.4000, disc_adaptive_weight 5.2939, d_loss 0.4030, logits_real -0.0327, logits_fake -0.0297,
Train Epoch: [4/30] Iters:[190/1093] gen_loss 0.2933, rec_loss 0.0112, lpips_loss 0.1342, g_loss 0.0298, disc_weight 0.4000, disc_adaptive_weight 4.9546, d_loss 0.4029, logits_real -0.0328, logits_fake -0.0298,
Train Epoch: [4/30] Iters:[200/1093] gen_loss 0.2889, rec_loss 0.0111, lpips_loss 0.1341, g_loss 0.0299, disc_weight 0.4000, disc_adaptive_weight 4.8101, d_loss 0.4029, logits_real -0.0329, logits_fake -0.0300,
Train Epoch: [4/30] Iters:[210/1093] gen_loss 0.2910, rec_loss 0.0110, lpips_loss 0.1341, g_loss 0.0300, disc_weight 0.4000, disc_adaptive_weight 4.8642, d_loss 0.4029, logits_real -0.0330, logits_fake -0.0300,
Train Epoch: [4/30] Iters:[220/1093] gen_loss 0.2850, rec_loss 0.0111, lpips_loss 0.1345, g_loss 0.0300, disc_weight 0.4000, disc_adaptive_weight 4.6654, d_loss 0.4029, logits_real -0.0330, logits_fake -0.0299,
Train Epoch: [4/30] Iters:[230/1093] gen_loss 0.2826, rec_loss 0.0108, lpips_loss 0.1341, g_loss 0.0300, disc_weight 0.4000, disc_adaptive_weight 4.5919, d_loss 0.4028, logits_real -0.0330, logits_fake -0.0300,
Train Epoch: [4/30] Iters:[240/1093] gen_loss 0.2872, rec_loss 0.0108, lpips_loss 0.1340, g_loss 0.0300, disc_weight 0.4000, disc_adaptive_weight 4.7481, d_loss 0.4028, logits_real -0.0330, logits_fake -0.0301,
Train Epoch: [4/30] Iters:[250/1093] gen_loss 0.2844, rec_loss 0.0109, lpips_loss 0.1343, g_loss 0.0299, disc_weight 0.4000, disc_adaptive_weight 4.6572, d_loss 0.4028, logits_real -0.0328, logits_fake -0.0299,
Train Epoch: [4/30] Iters:[260/1093] gen_loss 0.2847, rec_loss 0.0109, lpips_loss 0.1339, g_loss 0.0296, disc_weight 0.4000, disc_adaptive_weight 4.7266, d_loss 0.4028, logits_real -0.0325, logits_fake -0.0296,
Train Epoch: [4/30] Iters:[270/1093] gen_loss 0.2938, rec_loss 0.0109, lpips_loss 0.1341, g_loss 0.0296, disc_weight 0.4000, disc_adaptive_weight 5.0263, d_loss 0.4027, logits_real -0.0323, logits_fake -0.0296,
Train Epoch: [4/30] Iters:[280/1093] gen_loss 0.2923, rec_loss 0.0110, lpips_loss 0.1347, g_loss 0.0295, disc_weight 0.4000, disc_adaptive_weight 4.9613, d_loss 0.4028, logits_real -0.0321, logits_fake -0.0295,
Train Epoch: [4/30] Iters:[290/1093] gen_loss 0.2854, rec_loss 0.0110, lpips_loss 0.1346, g_loss 0.0295, disc_weight 0.4000, disc_adaptive_weight 4.7423, d_loss 0.4027, logits_real -0.0321, logits_fake -0.0294,
Train Epoch: [4/30] Iters:[300/1093] gen_loss 0.2974, rec_loss 0.0111, lpips_loss 0.1348, g_loss 0.0297, disc_weight 0.4000, disc_adaptive_weight 5.1008, d_loss 0.4027, logits_real -0.0322, logits_fake -0.0296,
Train Epoch: [4/30] Iters:[310/1093] gen_loss 0.2963, rec_loss 0.0112, lpips_loss 0.1355, g_loss 0.0299, disc_weight 0.4000, disc_adaptive_weight 4.9964, d_loss 0.4027, logits_real -0.0326, logits_fake -0.0300,
Train Epoch: [4/30] Iters:[320/1093] gen_loss 0.2933, rec_loss 0.0112, lpips_loss 0.1353, g_loss 0.0301, disc_weight 0.4000, disc_adaptive_weight 4.8582, d_loss 0.4027, logits_real -0.0327, logits_fake -0.0303,
Train Epoch: [4/30] Iters:[330/1093] gen_loss 0.2959, rec_loss 0.0112, lpips_loss 0.1351, g_loss 0.0302, disc_weight 0.4000, disc_adaptive_weight 4.9521, d_loss 0.4027, logits_real -0.0329, logits_fake -0.0304,
Train Epoch: [4/30] Iters:[340/1093] gen_loss 0.3101, rec_loss 0.0113, lpips_loss 0.1354, g_loss 0.0303, disc_weight 0.4000, disc_adaptive_weight 5.3754, d_loss 0.4026, logits_real -0.0329, logits_fake -0.0307,
Train Epoch: [4/30] Iters:[350/1093] gen_loss 0.3032, rec_loss 0.0113, lpips_loss 0.1355, g_loss 0.0301, disc_weight 0.4000, disc_adaptive_weight 5.1740, d_loss 0.4027, logits_real -0.0330, logits_fake -0.0305,
Train Epoch: [4/30] Iters:[360/1093] gen_loss 0.3074, rec_loss 0.0111, lpips_loss 0.1349, g_loss 0.0307, disc_weight 0.4000, disc_adaptive_weight 5.2512, d_loss 0.4026, logits_real -0.0332, logits_fake -0.0309,
Train Epoch: [4/30] Iters:[370/1093] gen_loss 0.3060, rec_loss 0.0112, lpips_loss 0.1349, g_loss 0.0307, disc_weight 0.4000, disc_adaptive_weight 5.1960, d_loss 0.4027, logits_real -0.0336, logits_fake -0.0311,
Train Epoch: [4/30] Iters:[380/1093] gen_loss 0.3087, rec_loss 0.0113, lpips_loss 0.1351, g_loss 0.0309, disc_weight 0.4000, disc_adaptive_weight 5.2408, d_loss 0.4026, logits_real -0.0341, logits_fake -0.0316,
Train Epoch: [4/30] Iters:[390/1093] gen_loss 0.2977, rec_loss 0.0112, lpips_loss 0.1352, g_loss 0.0308, disc_weight 0.4000, disc_adaptive_weight 4.8948, d_loss 0.4028, logits_real -0.0345, logits_fake -0.0315,
Train Epoch: [4/30] Iters:[400/1093] gen_loss 0.3014, rec_loss 0.0111, lpips_loss 0.1355, g_loss 0.0311, disc_weight 0.4000, disc_adaptive_weight 4.9644, d_loss 0.4027, logits_real -0.0346, logits_fake -0.0316,
Train Epoch: [4/30] Iters:[410/1093] gen_loss 0.3045, rec_loss 0.0111, lpips_loss 0.1354, g_loss 0.0308, disc_weight 0.4000, disc_adaptive_weight 5.1262, d_loss 0.4028, logits_real -0.0345, logits_fake -0.0312,
Train Epoch: [4/30] Iters:[420/1093] gen_loss 0.3010, rec_loss 0.0110, lpips_loss 0.1350, g_loss 0.0309, disc_weight 0.4000, disc_adaptive_weight 5.0148, d_loss 0.4028, logits_real -0.0343, logits_fake -0.0310,
Train Epoch: [4/30] Iters:[430/1093] gen_loss 0.2959, rec_loss 0.0108, lpips_loss 0.1343, g_loss 0.0309, disc_weight 0.4000, disc_adaptive_weight 4.8684, d_loss 0.4028, logits_real -0.0341, logits_fake -0.0308,
Train Epoch: [4/30] Iters:[440/1093] gen_loss 0.2986, rec_loss 0.0106, lpips_loss 0.1333, g_loss 0.0312, disc_weight 0.4000, disc_adaptive_weight 4.9546, d_loss 0.4027, logits_real -0.0337, logits_fake -0.0308,
Train Epoch: [4/30] Iters:[450/1093] gen_loss 0.3001, rec_loss 0.0107, lpips_loss 0.1331, g_loss 0.0311, disc_weight 0.4000, disc_adaptive_weight 5.0081, d_loss 0.4027, logits_real -0.0336, logits_fake -0.0307,
Train Epoch: [4/30] Iters:[460/1093] gen_loss 0.2986, rec_loss 0.0109, lpips_loss 0.1338, g_loss 0.0311, disc_weight 0.4000, disc_adaptive_weight 4.9386, d_loss 0.4027, logits_real -0.0336, logits_fake -0.0307,
Train Epoch: [4/30] Iters:[470/1093] gen_loss 0.3008, rec_loss 0.0109, lpips_loss 0.1342, g_loss 0.0310, disc_weight 0.4000, disc_adaptive_weight 5.0034, d_loss 0.4027, logits_real -0.0336, logits_fake -0.0306,
Train Epoch: [4/30] Iters:[480/1093] gen_loss 0.3082, rec_loss 0.0110, lpips_loss 0.1346, g_loss 0.0311, disc_weight 0.4000, disc_adaptive_weight 5.2186, d_loss 0.4027, logits_real -0.0336, logits_fake -0.0308,
Train Epoch: [4/30] Iters:[490/1093] gen_loss 0.3170, rec_loss 0.0113, lpips_loss 0.1352, g_loss 0.0310, disc_weight 0.4000, disc_adaptive_weight 5.4881, d_loss 0.4027, logits_real -0.0338, logits_fake -0.0309,
Train Epoch: [4/30] Iters:[500/1093] gen_loss 0.3235, rec_loss 0.0112, lpips_loss 0.1349, g_loss 0.0310, disc_weight 0.4000, disc_adaptive_weight 5.7266, d_loss 0.4026, logits_real -0.0337, logits_fake -0.0309,
Train Epoch: [4/30] Iters:[510/1093] gen_loss 0.3217, rec_loss 0.0112, lpips_loss 0.1349, g_loss 0.0309, disc_weight 0.4000, disc_adaptive_weight 5.6911, d_loss 0.4026, logits_real -0.0336, logits_fake -0.0308,
Train Epoch: [4/30] Iters:[520/1093] gen_loss 0.3232, rec_loss 0.0111, lpips_loss 0.1346, g_loss 0.0305, disc_weight 0.4000, disc_adaptive_weight 5.8141, d_loss 0.4026, logits_real -0.0335, logits_fake -0.0306,
Train Epoch: [4/30] Iters:[530/1093] gen_loss 0.3143, rec_loss 0.0111, lpips_loss 0.1347, g_loss 0.0301, disc_weight 0.4000, disc_adaptive_weight 5.5770, d_loss 0.4027, logits_real -0.0331, logits_fake -0.0300,
Train Epoch: [4/30] Iters:[540/1093] gen_loss 0.3088, rec_loss 0.0111, lpips_loss 0.1345, g_loss 0.0299, disc_weight 0.4000, disc_adaptive_weight 5.4584, d_loss 0.4026, logits_real -0.0326, logits_fake -0.0298,
Train Epoch: [4/30] Iters:[550/1093] gen_loss 0.3045, rec_loss 0.0111, lpips_loss 0.1347, g_loss 0.0295, disc_weight 0.4000, disc_adaptive_weight 5.3991, d_loss 0.4026, logits_real -0.0323, logits_fake -0.0294,
Train Epoch: [4/30] Iters:[560/1093] gen_loss 0.3056, rec_loss 0.0111, lpips_loss 0.1344, g_loss 0.0291, disc_weight 0.4000, disc_adaptive_weight 5.5291, d_loss 0.4026, logits_real -0.0319, logits_fake -0.0291,
Train Epoch: [4/30] Iters:[570/1093] gen_loss 0.3057, rec_loss 0.0112, lpips_loss 0.1347, g_loss 0.0289, disc_weight 0.4000, disc_adaptive_weight 5.5395, d_loss 0.4026, logits_real -0.0317, logits_fake -0.0288,
Train Epoch: [4/30] Iters:[580/1093] gen_loss 0.3050, rec_loss 0.0112, lpips_loss 0.1346, g_loss 0.0287, disc_weight 0.4000, disc_adaptive_weight 5.5661, d_loss 0.4025, logits_real -0.0314, logits_fake -0.0286,
Train Epoch: [4/30] Iters:[590/1093] gen_loss 0.3028, rec_loss 0.0111, lpips_loss 0.1345, g_loss 0.0282, disc_weight 0.4000, disc_adaptive_weight 5.5750, d_loss 0.4025, logits_real -0.0312, logits_fake -0.0285,
Train Epoch: [4/30] Iters:[600/1093] gen_loss 0.2955, rec_loss 0.0111, lpips_loss 0.1348, g_loss 0.0281, disc_weight 0.4000, disc_adaptive_weight 5.3249, d_loss 0.4025, logits_real -0.0311, logits_fake -0.0284,
Train Epoch: [4/30] Iters:[610/1093] gen_loss 0.2901, rec_loss 0.0111, lpips_loss 0.1350, g_loss 0.0282, disc_weight 0.4000, disc_adaptive_weight 5.1126, d_loss 0.4026, logits_real -0.0312, logits_fake -0.0283,
Train Epoch: [4/30] Iters:[620/1093] gen_loss 0.2869, rec_loss 0.0111, lpips_loss 0.1351, g_loss 0.0282, disc_weight 0.4000, disc_adaptive_weight 4.9990, d_loss 0.4025, logits_real -0.0312, logits_fake -0.0285,
Train Epoch: [4/30] Iters:[630/1093] gen_loss 0.2873, rec_loss 0.0110, lpips_loss 0.1351, g_loss 0.0284, disc_weight 0.4000, disc_adaptive_weight 4.9687, d_loss 0.4025, logits_real -0.0315, logits_fake -0.0287,
Train Epoch: [4/30] Iters:[640/1093] gen_loss 0.2824, rec_loss 0.0110, lpips_loss 0.1351, g_loss 0.0287, disc_weight 0.4000, disc_adaptive_weight 4.7511, d_loss 0.4025, logits_real -0.0317, logits_fake -0.0289,
Train Epoch: [4/30] Iters:[650/1093] gen_loss 0.2827, rec_loss 0.0109, lpips_loss 0.1346, g_loss 0.0288, disc_weight 0.4000, disc_adaptive_weight 4.7476, d_loss 0.4025, logits_real -0.0317, logits_fake -0.0290,
Train Epoch: [4/30] Iters:[660/1093] gen_loss 0.2795, rec_loss 0.0108, lpips_loss 0.1340, g_loss 0.0289, disc_weight 0.4000, disc_adaptive_weight 4.6578, d_loss 0.4024, logits_real -0.0319, logits_fake -0.0293,
Train Epoch: [4/30] Iters:[670/1093] gen_loss 0.2850, rec_loss 0.0107, lpips_loss 0.1335, g_loss 0.0292, disc_weight 0.4000, disc_adaptive_weight 4.8018, d_loss 0.4025, logits_real -0.0321, logits_fake -0.0293,
Train Epoch: [4/30] Iters:[680/1093] gen_loss 0.2915, rec_loss 0.0107, lpips_loss 0.1337, g_loss 0.0295, disc_weight 0.4000, disc_adaptive_weight 4.9423, d_loss 0.4024, logits_real -0.0323, logits_fake -0.0297,
Train Epoch: [4/30] Iters:[690/1093] gen_loss 0.2956, rec_loss 0.0107, lpips_loss 0.1340, g_loss 0.0298, disc_weight 0.4000, disc_adaptive_weight 5.0289, d_loss 0.4024, logits_real -0.0326, logits_fake -0.0300,
Train Epoch: [4/30] Iters:[700/1093] gen_loss 0.3015, rec_loss 0.0109, lpips_loss 0.1342, g_loss 0.0304, disc_weight 0.4000, disc_adaptive_weight 5.1073, d_loss 0.4024, logits_real -0.0331, logits_fake -0.0304,
Train Epoch: [4/30] Iters:[710/1093] gen_loss 0.3041, rec_loss 0.0109, lpips_loss 0.1344, g_loss 0.0309, disc_weight 0.4000, disc_adaptive_weight 5.1200, d_loss 0.4025, logits_real -0.0335, logits_fake -0.0306,
Train Epoch: [4/30] Iters:[720/1093] gen_loss 0.2983, rec_loss 0.0111, lpips_loss 0.1348, g_loss 0.0309, disc_weight 0.4000, disc_adaptive_weight 4.9167, d_loss 0.4024, logits_real -0.0336, logits_fake -0.0309,
Train Epoch: [4/30] Iters:[730/1093] gen_loss 0.2949, rec_loss 0.0110, lpips_loss 0.1344, g_loss 0.0308, disc_weight 0.4000, disc_adaptive_weight 4.8412, d_loss 0.4024, logits_real -0.0335, logits_fake -0.0307,
Train Epoch: [4/30] Iters:[740/1093] gen_loss 0.2947, rec_loss 0.0111, lpips_loss 0.1347, g_loss 0.0309, disc_weight 0.4000, disc_adaptive_weight 4.8046, d_loss 0.4024, logits_real -0.0333, logits_fake -0.0306,
Train Epoch: [4/30] Iters:[750/1093] gen_loss 0.2928, rec_loss 0.0110, lpips_loss 0.1347, g_loss 0.0305, disc_weight 0.4000, disc_adaptive_weight 4.8087, d_loss 0.4024, logits_real -0.0332, logits_fake -0.0305,
Train Epoch: [4/30] Iters:[760/1093] gen_loss 0.2974, rec_loss 0.0111, lpips_loss 0.1347, g_loss 0.0306, disc_weight 0.4000, disc_adaptive_weight 4.9315, d_loss 0.4024, logits_real -0.0331, logits_fake -0.0306,
Train Epoch: [4/30] Iters:[770/1093] gen_loss 0.2979, rec_loss 0.0111, lpips_loss 0.1345, g_loss 0.0306, disc_weight 0.4000, disc_adaptive_weight 4.9569, d_loss 0.4023, logits_real -0.0332, logits_fake -0.0308,
Train Epoch: [4/30] Iters:[780/1093] gen_loss 0.3012, rec_loss 0.0111, lpips_loss 0.1348, g_loss 0.0307, disc_weight 0.4000, disc_adaptive_weight 5.0470, d_loss 0.4023, logits_real -0.0332, logits_fake -0.0308,
Train Epoch: [4/30] Iters:[790/1093] gen_loss 0.3049, rec_loss 0.0112, lpips_loss 0.1348, g_loss 0.0306, disc_weight 0.4000, disc_adaptive_weight 5.1825, d_loss 0.4024, logits_real -0.0334, logits_fake -0.0307,
Train Epoch: [4/30] Iters:[800/1093] gen_loss 0.2982, rec_loss 0.0112, lpips_loss 0.1350, g_loss 0.0306, disc_weight 0.4000, disc_adaptive_weight 4.9558, d_loss 0.4024, logits_real -0.0333, logits_fake -0.0305,
Train Epoch: [4/30] Iters:[810/1093] gen_loss 0.3078, rec_loss 0.0113, lpips_loss 0.1356, g_loss 0.0304, disc_weight 0.4000, disc_adaptive_weight 5.3009, d_loss 0.4024, logits_real -0.0331, logits_fake -0.0303,
Train Epoch: [4/30] Iters:[820/1093] gen_loss 0.3066, rec_loss 0.0113, lpips_loss 0.1351, g_loss 0.0302, disc_weight 0.4000, disc_adaptive_weight 5.3016, d_loss 0.4024, logits_real -0.0329, logits_fake -0.0300,
Train Epoch: [4/30] Iters:[830/1093] gen_loss 0.3046, rec_loss 0.0114, lpips_loss 0.1350, g_loss 0.0300, disc_weight 0.4000, disc_adaptive_weight 5.2665, d_loss 0.4024, logits_real -0.0326, logits_fake -0.0298,
Train Epoch: [4/30] Iters:[840/1093] gen_loss 0.3036, rec_loss 0.0115, lpips_loss 0.1346, g_loss 0.0300, disc_weight 0.4000, disc_adaptive_weight 5.2401, d_loss 0.4024, logits_real -0.0325, logits_fake -0.0298,
Train Epoch: [4/30] Iters:[850/1093] gen_loss 0.3072, rec_loss 0.0114, lpips_loss 0.1343, g_loss 0.0303, disc_weight 0.4000, disc_adaptive_weight 5.3300, d_loss 0.4023, logits_real -0.0327, logits_fake -0.0300,
Train Epoch: [4/30] Iters:[860/1093] gen_loss 0.2958, rec_loss 0.0114, lpips_loss 0.1341, g_loss 0.0304, disc_weight 0.4000, disc_adaptive_weight 4.9371, d_loss 0.4023, logits_real -0.0330, logits_fake -0.0303,
Train Epoch: [4/30] Iters:[870/1093] gen_loss 0.2926, rec_loss 0.0113, lpips_loss 0.1340, g_loss 0.0307, disc_weight 0.4000, disc_adaptive_weight 4.8061, d_loss 0.4023, logits_real -0.0332, logits_fake -0.0305,
Train Epoch: [4/30] Iters:[880/1093] gen_loss 0.2888, rec_loss 0.0112, lpips_loss 0.1341, g_loss 0.0310, disc_weight 0.4000, disc_adaptive_weight 4.6345, d_loss 0.4023, logits_real -0.0334, logits_fake -0.0308,
Train Epoch: [4/30] Iters:[890/1093] gen_loss 0.2922, rec_loss 0.0110, lpips_loss 0.1339, g_loss 0.0311, disc_weight 0.4000, disc_adaptive_weight 4.7290, d_loss 0.4023, logits_real -0.0336, logits_fake -0.0309,
Train Epoch: [4/30] Iters:[900/1093] gen_loss 0.2896, rec_loss 0.0110, lpips_loss 0.1336, g_loss 0.0309, disc_weight 0.4000, disc_adaptive_weight 4.6966, d_loss 0.4023, logits_real -0.0337, logits_fake -0.0308,
Train Epoch: [4/30] Iters:[910/1093] gen_loss 0.2923, rec_loss 0.0110, lpips_loss 0.1336, g_loss 0.0308, disc_weight 0.4000, disc_adaptive_weight 4.8034, d_loss 0.4023, logits_real -0.0334, logits_fake -0.0307,
Train Epoch: [4/30] Iters:[920/1093] gen_loss 0.3012, rec_loss 0.0110, lpips_loss 0.1343, g_loss 0.0308, disc_weight 0.4000, disc_adaptive_weight 5.0674, d_loss 0.4023, logits_real -0.0333, logits_fake -0.0307,
Train Epoch: [4/30] Iters:[930/1093] gen_loss 0.2997, rec_loss 0.0110, lpips_loss 0.1342, g_loss 0.0306, disc_weight 0.4000, disc_adaptive_weight 5.0496, d_loss 0.4022, logits_real -0.0332, logits_fake -0.0307,
Train Epoch: [4/30] Iters:[940/1093] gen_loss 0.2955, rec_loss 0.0110, lpips_loss 0.1342, g_loss 0.0307, disc_weight 0.4000, disc_adaptive_weight 4.9007, d_loss 0.4022, logits_real -0.0332, logits_fake -0.0307,
Train Epoch: [4/30] Iters:[950/1093] gen_loss 0.2964, rec_loss 0.0111, lpips_loss 0.1341, g_loss 0.0307, disc_weight 0.4000, disc_adaptive_weight 4.9260, d_loss 0.4022, logits_real -0.0330, logits_fake -0.0308,
Train Epoch: [4/30] Iters:[960/1093] gen_loss 0.2872, rec_loss 0.0109, lpips_loss 0.1339, g_loss 0.0305, disc_weight 0.4000, disc_adaptive_weight 4.6512, d_loss 0.4022, logits_real -0.0330, logits_fake -0.0307,
Train Epoch: [4/30] Iters:[970/1093] gen_loss 0.2902, rec_loss 0.0108, lpips_loss 0.1335, g_loss 0.0302, disc_weight 0.4000, disc_adaptive_weight 4.8128, d_loss 0.4022, logits_real -0.0329, logits_fake -0.0305,
Train Epoch: [4/30] Iters:[980/1093] gen_loss 0.2945, rec_loss 0.0107, lpips_loss 0.1330, g_loss 0.0301, disc_weight 0.4000, disc_adaptive_weight 4.9876, d_loss 0.4023, logits_real -0.0331, logits_fake -0.0302,
Train Epoch: [4/30] Iters:[990/1093] gen_loss 0.2959, rec_loss 0.0108, lpips_loss 0.1337, g_loss 0.0301, disc_weight 0.4000, disc_adaptive_weight 5.0246, d_loss 0.4022, logits_real -0.0331, logits_fake -0.0304,
Train Epoch: [4/30] Iters:[1000/1093] gen_loss 0.2985, rec_loss 0.0107, lpips_loss 0.1337, g_loss 0.0302, disc_weight 0.4000, disc_adaptive_weight 5.0819, d_loss 0.4023, logits_real -0.0333, logits_fake -0.0306,
Train Epoch: [4/30] Iters:[1010/1093] gen_loss 0.3068, rec_loss 0.0108, lpips_loss 0.1339, g_loss 0.0304, disc_weight 0.4000, disc_adaptive_weight 5.3213, d_loss 0.4023, logits_real -0.0335, logits_fake -0.0305,
Train Epoch: [4/30] Iters:[1020/1093] gen_loss 0.2948, rec_loss 0.0109, lpips_loss 0.1338, g_loss 0.0305, disc_weight 0.4000, disc_adaptive_weight 4.9017, d_loss 0.4023, logits_real -0.0337, logits_fake -0.0306,
Train Epoch: [4/30] Iters:[1030/1093] gen_loss 0.2975, rec_loss 0.0109, lpips_loss 0.1342, g_loss 0.0304, disc_weight 0.4000, disc_adaptive_weight 5.0039, d_loss 0.4023, logits_real -0.0335, logits_fake -0.0306,
Train Epoch: [4/30] Iters:[1040/1093] gen_loss 0.2879, rec_loss 0.0109, lpips_loss 0.1341, g_loss 0.0299, disc_weight 0.4000, disc_adaptive_weight 4.7602, d_loss 0.4023, logits_real -0.0330, logits_fake -0.0299,
Train Epoch: [4/30] Iters:[1050/1093] gen_loss 0.2881, rec_loss 0.0110, lpips_loss 0.1343, g_loss 0.0294, disc_weight 0.4000, disc_adaptive_weight 4.8553, d_loss 0.4023, logits_real -0.0324, logits_fake -0.0294,
Train Epoch: [4/30] Iters:[1060/1093] gen_loss 0.2804, rec_loss 0.0109, lpips_loss 0.1341, g_loss 0.0290, disc_weight 0.4000, disc_adaptive_weight 4.6651, d_loss 0.4023, logits_real -0.0319, logits_fake -0.0290,
Train Epoch: [4/30] Iters:[1070/1093] gen_loss 0.2807, rec_loss 0.0110, lpips_loss 0.1342, g_loss 0.0288, disc_weight 0.4000, disc_adaptive_weight 4.6956, d_loss 0.4022, logits_real -0.0315, logits_fake -0.0289,
Train Epoch: [4/30] Iters:[1080/1093] gen_loss 0.2701, rec_loss 0.0111, lpips_loss 0.1341, g_loss 0.0286, disc_weight 0.4000, disc_adaptive_weight 4.3666, d_loss 0.4022, logits_real -0.0314, logits_fake -0.0288,
Train Epoch: [4/30] Iters:[1090/1093] gen_loss 0.2728, rec_loss 0.0110, lpips_loss 0.1339, g_loss 0.0284, disc_weight 0.4000, disc_adaptive_weight 4.4946, d_loss 0.4022, logits_real -0.0312, logits_fake -0.0286,
epoch:5, cur_lr:0.000010
Train Epoch: [5/30] Iters:[10/1093] gen_loss 0.2733, rec_loss 0.0106, lpips_loss 0.1324, g_loss 0.0278, disc_weight 0.4000, disc_adaptive_weight 4.6977, d_loss 0.4021, logits_real -0.0302, logits_fake -0.0280,
Train Epoch: [5/30] Iters:[20/1093] gen_loss 0.2743, rec_loss 0.0107, lpips_loss 0.1335, g_loss 0.0279, disc_weight 0.4000, disc_adaptive_weight 4.6681, d_loss 0.4021, logits_real -0.0304, logits_fake -0.0282,
Train Epoch: [5/30] Iters:[30/1093] gen_loss 0.2776, rec_loss 0.0108, lpips_loss 0.1338, g_loss 0.0277, disc_weight 0.4000, disc_adaptive_weight 4.8015, d_loss 0.4021, logits_real -0.0303, logits_fake -0.0280,
Train Epoch: [5/30] Iters:[40/1093] gen_loss 0.2792, rec_loss 0.0110, lpips_loss 0.1340, g_loss 0.0275, disc_weight 0.4000, disc_adaptive_weight 4.8688, d_loss 0.4021, logits_real -0.0300, logits_fake -0.0279,
Train Epoch: [5/30] Iters:[50/1093] gen_loss 0.2803, rec_loss 0.0110, lpips_loss 0.1338, g_loss 0.0274, disc_weight 0.4000, disc_adaptive_weight 4.9409, d_loss 0.4021, logits_real -0.0300, logits_fake -0.0278,
Train Epoch: [5/30] Iters:[60/1093] gen_loss 0.2830, rec_loss 0.0111, lpips_loss 0.1342, g_loss 0.0272, disc_weight 0.4000, disc_adaptive_weight 5.0502, d_loss 0.4021, logits_real -0.0298, logits_fake -0.0276,
Train Epoch: [5/30] Iters:[70/1093] gen_loss 0.2845, rec_loss 0.0111, lpips_loss 0.1342, g_loss 0.0268, disc_weight 0.4000, disc_adaptive_weight 5.1823, d_loss 0.4021, logits_real -0.0296, logits_fake -0.0272,
Train Epoch: [5/30] Iters:[80/1093] gen_loss 0.2862, rec_loss 0.0112, lpips_loss 0.1339, g_loss 0.0267, disc_weight 0.4000, disc_adaptive_weight 5.2663, d_loss 0.4021, logits_real -0.0294, logits_fake -0.0271,
Train Epoch: [5/30] Iters:[90/1093] gen_loss 0.2843, rec_loss 0.0112, lpips_loss 0.1342, g_loss 0.0267, disc_weight 0.4000, disc_adaptive_weight 5.1740, d_loss 0.4022, logits_real -0.0296, logits_fake -0.0270,
Train Epoch: [5/30] Iters:[100/1093] gen_loss 0.2888, rec_loss 0.0112, lpips_loss 0.1344, g_loss 0.0269, disc_weight 0.4000, disc_adaptive_weight 5.3085, d_loss 0.4022, logits_real -0.0296, logits_fake -0.0270,
Train Epoch: [5/30] Iters:[110/1093] gen_loss 0.2932, rec_loss 0.0112, lpips_loss 0.1342, g_loss 0.0269, disc_weight 0.4000, disc_adaptive_weight 5.4670, d_loss 0.4021, logits_real -0.0295, logits_fake -0.0271,
Train Epoch: [5/30] Iters:[120/1093] gen_loss 0.2933, rec_loss 0.0112, lpips_loss 0.1343, g_loss 0.0270, disc_weight 0.4000, disc_adaptive_weight 5.4411, d_loss 0.4021, logits_real -0.0295, logits_fake -0.0273,
Train Epoch: [5/30] Iters:[130/1093] gen_loss 0.2910, rec_loss 0.0112, lpips_loss 0.1347, g_loss 0.0269, disc_weight 0.4000, disc_adaptive_weight 5.3775, d_loss 0.4021, logits_real -0.0293, logits_fake -0.0270,
Train Epoch: [5/30] Iters:[140/1093] gen_loss 0.2920, rec_loss 0.0111, lpips_loss 0.1344, g_loss 0.0265, disc_weight 0.4000, disc_adaptive_weight 5.5180, d_loss 0.4020, logits_real -0.0290, logits_fake -0.0270,
Train Epoch: [5/30] Iters:[150/1093] gen_loss 0.2902, rec_loss 0.0111, lpips_loss 0.1347, g_loss 0.0260, disc_weight 0.4000, disc_adaptive_weight 5.5287, d_loss 0.4020, logits_real -0.0287, logits_fake -0.0266,
Train Epoch: [5/30] Iters:[160/1093] gen_loss 0.2852, rec_loss 0.0112, lpips_loss 0.1351, g_loss 0.0255, disc_weight 0.4000, disc_adaptive_weight 5.4435, d_loss 0.4021, logits_real -0.0285, logits_fake -0.0261,
Train Epoch: [5/30] Iters:[170/1093] gen_loss 0.2830, rec_loss 0.0112, lpips_loss 0.1351, g_loss 0.0252, disc_weight 0.4000, disc_adaptive_weight 5.4020, d_loss 0.4021, logits_real -0.0282, logits_fake -0.0258,
Train Epoch: [5/30] Iters:[180/1093] gen_loss 0.2823, rec_loss 0.0112, lpips_loss 0.1347, g_loss 0.0251, disc_weight 0.4000, disc_adaptive_weight 5.4065, d_loss 0.4020, logits_real -0.0283, logits_fake -0.0261,
Train Epoch: [5/30] Iters:[190/1093] gen_loss 0.2807, rec_loss 0.0112, lpips_loss 0.1350, g_loss 0.0254, disc_weight 0.4000, disc_adaptive_weight 5.2568, d_loss 0.4021, logits_real -0.0284, logits_fake -0.0260,
Train Epoch: [5/30] Iters:[200/1093] gen_loss 0.2744, rec_loss 0.0112, lpips_loss 0.1349, g_loss 0.0255, disc_weight 0.4000, disc_adaptive_weight 4.9956, d_loss 0.4021, logits_real -0.0286, logits_fake -0.0263,
Train Epoch: [5/30] Iters:[210/1093] gen_loss 0.2687, rec_loss 0.0110, lpips_loss 0.1347, g_loss 0.0261, disc_weight 0.4000, disc_adaptive_weight 4.6717, d_loss 0.4021, logits_real -0.0290, logits_fake -0.0268,
Train Epoch: [5/30] Iters:[220/1093] gen_loss 0.2726, rec_loss 0.0112, lpips_loss 0.1347, g_loss 0.0267, disc_weight 0.4000, disc_adaptive_weight 4.7104, d_loss 0.4021, logits_real -0.0298, logits_fake -0.0273,
Train Epoch: [5/30] Iters:[230/1093] gen_loss 0.2736, rec_loss 0.0111, lpips_loss 0.1348, g_loss 0.0271, disc_weight 0.4000, disc_adaptive_weight 4.6804, d_loss 0.4021, logits_real -0.0299, logits_fake -0.0273,
Train Epoch: [5/30] Iters:[240/1093] gen_loss 0.2718, rec_loss 0.0109, lpips_loss 0.1341, g_loss 0.0273, disc_weight 0.4000, disc_adaptive_weight 4.6461, d_loss 0.4021, logits_real -0.0300, logits_fake -0.0272,
Train Epoch: [5/30] Iters:[250/1093] gen_loss 0.2695, rec_loss 0.0110, lpips_loss 0.1339, g_loss 0.0271, disc_weight 0.4000, disc_adaptive_weight 4.6005, d_loss 0.4021, logits_real -0.0296, logits_fake -0.0270,
Train Epoch: [5/30] Iters:[260/1093] gen_loss 0.2690, rec_loss 0.0110, lpips_loss 0.1332, g_loss 0.0268, disc_weight 0.4000, disc_adaptive_weight 4.6738, d_loss 0.4020, logits_real -0.0288, logits_fake -0.0264,
Train Epoch: [5/30] Iters:[270/1093] gen_loss 0.2668, rec_loss 0.0108, lpips_loss 0.1329, g_loss 0.0263, disc_weight 0.4000, disc_adaptive_weight 4.7044, d_loss 0.4019, logits_real -0.0279, logits_fake -0.0260,
Train Epoch: [5/30] Iters:[280/1093] gen_loss 0.2640, rec_loss 0.0108, lpips_loss 0.1331, g_loss 0.0260, disc_weight 0.4000, disc_adaptive_weight 4.6368, d_loss 0.4020, logits_real -0.0277, logits_fake -0.0255,
Train Epoch: [5/30] Iters:[290/1093] gen_loss 0.2731, rec_loss 0.0109, lpips_loss 0.1338, g_loss 0.0260, disc_weight 0.4000, disc_adaptive_weight 4.9355, d_loss 0.4019, logits_real -0.0276, logits_fake -0.0258,
Train Epoch: [5/30] Iters:[300/1093] gen_loss 0.2785, rec_loss 0.0110, lpips_loss 0.1338, g_loss 0.0264, disc_weight 0.4000, disc_adaptive_weight 5.0509, d_loss 0.4020, logits_real -0.0281, logits_fake -0.0258,
Train Epoch: [5/30] Iters:[310/1093] gen_loss 0.2861, rec_loss 0.0109, lpips_loss 0.1341, g_loss 0.0269, disc_weight 0.4000, disc_adaptive_weight 5.2266, d_loss 0.4020, logits_real -0.0286, logits_fake -0.0264,
Train Epoch: [5/30] Iters:[320/1093] gen_loss 0.2841, rec_loss 0.0111, lpips_loss 0.1346, g_loss 0.0268, disc_weight 0.4000, disc_adaptive_weight 5.1180, d_loss 0.4020, logits_real -0.0291, logits_fake -0.0267,
Train Epoch: [5/30] Iters:[330/1093] gen_loss 0.2895, rec_loss 0.0113, lpips_loss 0.1348, g_loss 0.0269, disc_weight 0.4000, disc_adaptive_weight 5.3084, d_loss 0.4019, logits_real -0.0293, logits_fake -0.0272,
Train Epoch: [5/30] Iters:[340/1093] gen_loss 0.2864, rec_loss 0.0113, lpips_loss 0.1342, g_loss 0.0268, disc_weight 0.4000, disc_adaptive_weight 5.2366, d_loss 0.4020, logits_real -0.0295, logits_fake -0.0273,
Train Epoch: [5/30] Iters:[350/1093] gen_loss 0.2938, rec_loss 0.0112, lpips_loss 0.1342, g_loss 0.0267, disc_weight 0.4000, disc_adaptive_weight 5.5242, d_loss 0.4020, logits_real -0.0298, logits_fake -0.0277,
Train Epoch: [5/30] Iters:[360/1093] gen_loss 0.2908, rec_loss 0.0112, lpips_loss 0.1340, g_loss 0.0266, disc_weight 0.4000, disc_adaptive_weight 5.4532, d_loss 0.4020, logits_real -0.0302, logits_fake -0.0277,
Train Epoch: [5/30] Iters:[370/1093] gen_loss 0.2949, rec_loss 0.0111, lpips_loss 0.1336, g_loss 0.0269, disc_weight 0.4000, disc_adaptive_weight 5.5897, d_loss 0.4021, logits_real -0.0304, logits_fake -0.0275,
Train Epoch: [5/30] Iters:[380/1093] gen_loss 0.2908, rec_loss 0.0110, lpips_loss 0.1335, g_loss 0.0273, disc_weight 0.4000, disc_adaptive_weight 5.3810, d_loss 0.4021, logits_real -0.0303, logits_fake -0.0275,
Train Epoch: [5/30] Iters:[390/1093] gen_loss 0.2848, rec_loss 0.0109, lpips_loss 0.1337, g_loss 0.0273, disc_weight 0.4000, disc_adaptive_weight 5.1294, d_loss 0.4021, logits_real -0.0303, logits_fake -0.0275,
Train Epoch: [5/30] Iters:[400/1093] gen_loss 0.2841, rec_loss 0.0109, lpips_loss 0.1340, g_loss 0.0277, disc_weight 0.4000, disc_adaptive_weight 5.0345, d_loss 0.4021, logits_real -0.0302, logits_fake -0.0272,
Train Epoch: [5/30] Iters:[410/1093] gen_loss 0.2820, rec_loss 0.0110, lpips_loss 0.1346, g_loss 0.0277, disc_weight 0.4000, disc_adaptive_weight 4.9246, d_loss 0.4020, logits_real -0.0299, logits_fake -0.0275,
Train Epoch: [5/30] Iters:[420/1093] gen_loss 0.2827, rec_loss 0.0110, lpips_loss 0.1347, g_loss 0.0277, disc_weight 0.4000, disc_adaptive_weight 4.9418, d_loss 0.4020, logits_real -0.0299, logits_fake -0.0274,
Train Epoch: [5/30] Iters:[430/1093] gen_loss 0.2795, rec_loss 0.0111, lpips_loss 0.1352, g_loss 0.0272, disc_weight 0.4000, disc_adaptive_weight 4.8715, d_loss 0.4020, logits_real -0.0298, logits_fake -0.0272,
Train Epoch: [5/30] Iters:[440/1093] gen_loss 0.2796, rec_loss 0.0111, lpips_loss 0.1350, g_loss 0.0269, disc_weight 0.4000, disc_adaptive_weight 4.9308, d_loss 0.4020, logits_real -0.0293, logits_fake -0.0267,
Train Epoch: [5/30] Iters:[450/1093] gen_loss 0.2763, rec_loss 0.0112, lpips_loss 0.1350, g_loss 0.0265, disc_weight 0.4000, disc_adaptive_weight 4.8884, d_loss 0.4019, logits_real -0.0289, logits_fake -0.0266,
Train Epoch: [5/30] Iters:[460/1093] gen_loss 0.2830, rec_loss 0.0112, lpips_loss 0.1344, g_loss 0.0264, disc_weight 0.4000, disc_adaptive_weight 5.1936, d_loss 0.4020, logits_real -0.0289, logits_fake -0.0262,
Train Epoch: [5/30] Iters:[470/1093] gen_loss 0.2817, rec_loss 0.0111, lpips_loss 0.1343, g_loss 0.0261, disc_weight 0.4000, disc_adaptive_weight 5.1848, d_loss 0.4019, logits_real -0.0285, logits_fake -0.0262,
Train Epoch: [5/30] Iters:[480/1093] gen_loss 0.2831, rec_loss 0.0111, lpips_loss 0.1336, g_loss 0.0259, disc_weight 0.4000, disc_adaptive_weight 5.3092, d_loss 0.4020, logits_real -0.0285, logits_fake -0.0259,
Train Epoch: [5/30] Iters:[490/1093] gen_loss 0.2888, rec_loss 0.0109, lpips_loss 0.1335, g_loss 0.0259, disc_weight 0.4000, disc_adaptive_weight 5.5386, d_loss 0.4020, logits_real -0.0287, logits_fake -0.0260,
Train Epoch: [5/30] Iters:[500/1093] gen_loss 0.2875, rec_loss 0.0109, lpips_loss 0.1337, g_loss 0.0259, disc_weight 0.4000, disc_adaptive_weight 5.5015, d_loss 0.4020, logits_real -0.0288, logits_fake -0.0259,
Train Epoch: [5/30] Iters:[510/1093] gen_loss 0.2896, rec_loss 0.0110, lpips_loss 0.1339, g_loss 0.0259, disc_weight 0.4000, disc_adaptive_weight 5.5607, d_loss 0.4020, logits_real -0.0286, logits_fake -0.0257,
Train Epoch: [5/30] Iters:[520/1093] gen_loss 0.2929, rec_loss 0.0109, lpips_loss 0.1338, g_loss 0.0262, disc_weight 0.4000, disc_adaptive_weight 5.6439, d_loss 0.4020, logits_real -0.0288, logits_fake -0.0260,
Train Epoch: [5/30] Iters:[530/1093] gen_loss 0.2974, rec_loss 0.0109, lpips_loss 0.1340, g_loss 0.0268, disc_weight 0.4000, disc_adaptive_weight 5.7028, d_loss 0.4018, logits_real -0.0287, logits_fake -0.0266,
Train Epoch: [5/30] Iters:[540/1093] gen_loss 0.3000, rec_loss 0.0112, lpips_loss 0.1345, g_loss 0.0270, disc_weight 0.4000, disc_adaptive_weight 5.7224, d_loss 0.4019, logits_real -0.0289, logits_fake -0.0265,
Train Epoch: [5/30] Iters:[550/1093] gen_loss 0.2951, rec_loss 0.0111, lpips_loss 0.1345, g_loss 0.0268, disc_weight 0.4000, disc_adaptive_weight 5.5728, d_loss 0.4019, logits_real -0.0288, logits_fake -0.0265,
Train Epoch: [5/30] Iters:[560/1093] gen_loss 0.2881, rec_loss 0.0111, lpips_loss 0.1343, g_loss 0.0263, disc_weight 0.4000, disc_adaptive_weight 5.4097, d_loss 0.4018, logits_real -0.0285, logits_fake -0.0265,
Train Epoch: [5/30] Iters:[570/1093] gen_loss 0.2812, rec_loss 0.0113, lpips_loss 0.1349, g_loss 0.0258, disc_weight 0.4000, disc_adaptive_weight 5.2056, d_loss 0.4019, logits_real -0.0280, logits_fake -0.0259,
Train Epoch: [5/30] Iters:[580/1093] gen_loss 0.2760, rec_loss 0.0113, lpips_loss 0.1348, g_loss 0.0253, disc_weight 0.4000, disc_adaptive_weight 5.0848, d_loss 0.4019, logits_real -0.0277, logits_fake -0.0255,
Train Epoch: [5/30] Iters:[590/1093] gen_loss 0.2702, rec_loss 0.0112, lpips_loss 0.1347, g_loss 0.0253, disc_weight 0.4000, disc_adaptive_weight 4.8960, d_loss 0.4018, logits_real -0.0275, logits_fake -0.0256,
Train Epoch: [5/30] Iters:[600/1093] gen_loss 0.2751, rec_loss 0.0112, lpips_loss 0.1342, g_loss 0.0256, disc_weight 0.4000, disc_adaptive_weight 5.0528, d_loss 0.4018, logits_real -0.0276, logits_fake -0.0257,
Train Epoch: [5/30] Iters:[610/1093] gen_loss 0.2763, rec_loss 0.0112, lpips_loss 0.1346, g_loss 0.0263, disc_weight 0.4000, disc_adaptive_weight 4.9444, d_loss 0.4018, logits_real -0.0279, logits_fake -0.0259,
Train Epoch: [5/30] Iters:[620/1093] gen_loss 0.2768, rec_loss 0.0112, lpips_loss 0.1341, g_loss 0.0262, disc_weight 0.4000, disc_adaptive_weight 4.9993, d_loss 0.4018, logits_real -0.0279, logits_fake -0.0260,
Train Epoch: [5/30] Iters:[630/1093] gen_loss 0.2796, rec_loss 0.0111, lpips_loss 0.1339, g_loss 0.0263, disc_weight 0.4000, disc_adaptive_weight 5.1060, d_loss 0.4019, logits_real -0.0281, logits_fake -0.0259,
Train Epoch: [5/30] Iters:[640/1093] gen_loss 0.2796, rec_loss 0.0111, lpips_loss 0.1335, g_loss 0.0262, disc_weight 0.4000, disc_adaptive_weight 5.1437, d_loss 0.4018, logits_real -0.0281, logits_fake -0.0260,
Train Epoch: [5/30] Iters:[650/1093] gen_loss 0.2750, rec_loss 0.0112, lpips_loss 0.1337, g_loss 0.0261, disc_weight 0.4000, disc_adaptive_weight 4.9857, d_loss 0.4019, logits_real -0.0278, logits_fake -0.0256,
Train Epoch: [5/30] Iters:[660/1093] gen_loss 0.2722, rec_loss 0.0111, lpips_loss 0.1334, g_loss 0.0254, disc_weight 0.4000, disc_adaptive_weight 5.0275, d_loss 0.4019, logits_real -0.0279, logits_fake -0.0254,
Train Epoch: [5/30] Iters:[670/1093] gen_loss 0.2715, rec_loss 0.0111, lpips_loss 0.1336, g_loss 0.0253, disc_weight 0.4000, disc_adaptive_weight 5.0242, d_loss 0.4019, logits_real -0.0279, logits_fake -0.0254,
Train Epoch: [5/30] Iters:[680/1093] gen_loss 0.2646, rec_loss 0.0112, lpips_loss 0.1341, g_loss 0.0250, disc_weight 0.4000, disc_adaptive_weight 4.7834, d_loss 0.4019, logits_real -0.0277, logits_fake -0.0253,
Train Epoch: [5/30] Iters:[690/1093] gen_loss 0.2632, rec_loss 0.0112, lpips_loss 0.1342, g_loss 0.0248, disc_weight 0.4000, disc_adaptive_weight 4.7615, d_loss 0.4019, logits_real -0.0274, logits_fake -0.0249,
Train Epoch: [5/30] Iters:[700/1093] gen_loss 0.2656, rec_loss 0.0111, lpips_loss 0.1343, g_loss 0.0247, disc_weight 0.4000, disc_adaptive_weight 4.8886, d_loss 0.4018, logits_real -0.0272, logits_fake -0.0248,
Train Epoch: [5/30] Iters:[710/1093] gen_loss 0.2626, rec_loss 0.0112, lpips_loss 0.1343, g_loss 0.0245, disc_weight 0.4000, disc_adaptive_weight 4.7740, d_loss 0.4019, logits_real -0.0269, logits_fake -0.0244,
Train Epoch: [5/30] Iters:[720/1093] gen_loss 0.2601, rec_loss 0.0113, lpips_loss 0.1340, g_loss 0.0246, disc_weight 0.4000, disc_adaptive_weight 4.6642, d_loss 0.4019, logits_real -0.0268, logits_fake -0.0243,
Train Epoch: [5/30] Iters:[730/1093] gen_loss 0.2611, rec_loss 0.0111, lpips_loss 0.1335, g_loss 0.0248, disc_weight 0.4000, disc_adaptive_weight 4.6988, d_loss 0.4018, logits_real -0.0269, logits_fake -0.0246,
Train Epoch: [5/30] Iters:[740/1093] gen_loss 0.2601, rec_loss 0.0111, lpips_loss 0.1335, g_loss 0.0247, disc_weight 0.4000, disc_adaptive_weight 4.6731, d_loss 0.4018, logits_real -0.0270, logits_fake -0.0247,
Train Epoch: [5/30] Iters:[750/1093] gen_loss 0.2581, rec_loss 0.0111, lpips_loss 0.1335, g_loss 0.0247, disc_weight 0.4000, disc_adaptive_weight 4.5807, d_loss 0.4018, logits_real -0.0271, logits_fake -0.0249,
Train Epoch: [5/30] Iters:[760/1093] gen_loss 0.2651, rec_loss 0.0111, lpips_loss 0.1338, g_loss 0.0248, disc_weight 0.4000, disc_adaptive_weight 4.8172, d_loss 0.4017, logits_real -0.0267, logits_fake -0.0247,
Train Epoch: [5/30] Iters:[770/1093] gen_loss 0.2659, rec_loss 0.0108, lpips_loss 0.1336, g_loss 0.0246, disc_weight 0.4000, disc_adaptive_weight 4.8843, d_loss 0.4017, logits_real -0.0267, logits_fake -0.0248,
Train Epoch: [5/30] Iters:[780/1093] gen_loss 0.2705, rec_loss 0.0109, lpips_loss 0.1335, g_loss 0.0244, disc_weight 0.4000, disc_adaptive_weight 5.1063, d_loss 0.4018, logits_real -0.0265, logits_fake -0.0245,
Train Epoch: [5/30] Iters:[790/1093] gen_loss 0.2696, rec_loss 0.0109, lpips_loss 0.1337, g_loss 0.0243, disc_weight 0.4000, disc_adaptive_weight 5.1192, d_loss 0.4018, logits_real -0.0266, logits_fake -0.0243,
Train Epoch: [5/30] Iters:[800/1093] gen_loss 0.2679, rec_loss 0.0110, lpips_loss 0.1341, g_loss 0.0237, disc_weight 0.4000, disc_adaptive_weight 5.1567, d_loss 0.4017, logits_real -0.0262, logits_fake -0.0241,
Train Epoch: [5/30] Iters:[810/1093] gen_loss 0.2657, rec_loss 0.0110, lpips_loss 0.1340, g_loss 0.0235, disc_weight 0.4000, disc_adaptive_weight 5.1202, d_loss 0.4018, logits_real -0.0265, logits_fake -0.0242,
Train Epoch: [5/30] Iters:[820/1093] gen_loss 0.2646, rec_loss 0.0112, lpips_loss 0.1346, g_loss 0.0234, disc_weight 0.4000, disc_adaptive_weight 5.0648, d_loss 0.4018, logits_real -0.0265, logits_fake -0.0241,
Train Epoch: [5/30] Iters:[830/1093] gen_loss 0.2605, rec_loss 0.0113, lpips_loss 0.1345, g_loss 0.0230, disc_weight 0.4000, disc_adaptive_weight 4.9643, d_loss 0.4018, logits_real -0.0266, logits_fake -0.0241,
Train Epoch: [5/30] Iters:[840/1093] gen_loss 0.2586, rec_loss 0.0113, lpips_loss 0.1341, g_loss 0.0231, disc_weight 0.4000, disc_adaptive_weight 4.8727, d_loss 0.4019, logits_real -0.0265, logits_fake -0.0238,
Train Epoch: [5/30] Iters:[850/1093] gen_loss 0.2697, rec_loss 0.0112, lpips_loss 0.1340, g_loss 0.0234, disc_weight 0.4000, disc_adaptive_weight 5.2992, d_loss 0.4019, logits_real -0.0268, logits_fake -0.0239,
Train Epoch: [5/30] Iters:[860/1093] gen_loss 0.2671, rec_loss 0.0112, lpips_loss 0.1338, g_loss 0.0237, disc_weight 0.4000, disc_adaptive_weight 5.1498, d_loss 0.4019, logits_real -0.0270, logits_fake -0.0243,
Train Epoch: [5/30] Iters:[870/1093] gen_loss 0.2727, rec_loss 0.0110, lpips_loss 0.1333, g_loss 0.0242, disc_weight 0.4000, disc_adaptive_weight 5.2990, d_loss 0.4018, logits_real -0.0271, logits_fake -0.0244,
Train Epoch: [5/30] Iters:[880/1093] gen_loss 0.2814, rec_loss 0.0111, lpips_loss 0.1337, g_loss 0.0248, disc_weight 0.4000, disc_adaptive_weight 5.5174, d_loss 0.4018, logits_real -0.0272, logits_fake -0.0245,
Train Epoch: [5/30] Iters:[890/1093] gen_loss 0.2910, rec_loss 0.0112, lpips_loss 0.1338, g_loss 0.0252, disc_weight 0.4000, disc_adaptive_weight 5.7863, d_loss 0.4018, logits_real -0.0273, logits_fake -0.0250,
Train Epoch: [5/30] Iters:[900/1093] gen_loss 0.2879, rec_loss 0.0112, lpips_loss 0.1333, g_loss 0.0255, disc_weight 0.4000, disc_adaptive_weight 5.5816, d_loss 0.4017, logits_real -0.0275, logits_fake -0.0254,
Train Epoch: [5/30] Iters:[910/1093] gen_loss 0.2927, rec_loss 0.0111, lpips_loss 0.1339, g_loss 0.0256, disc_weight 0.4000, disc_adaptive_weight 5.7402, d_loss 0.4018, logits_real -0.0276, logits_fake -0.0252,
Train Epoch: [5/30] Iters:[920/1093] gen_loss 0.2912, rec_loss 0.0113, lpips_loss 0.1349, g_loss 0.0251, disc_weight 0.4000, disc_adaptive_weight 5.7426, d_loss 0.4018, logits_real -0.0274, logits_fake -0.0250,
Train Epoch: [5/30] Iters:[930/1093] gen_loss 0.2841, rec_loss 0.0112, lpips_loss 0.1351, g_loss 0.0248, disc_weight 0.4000, disc_adaptive_weight 5.5269, d_loss 0.4018, logits_real -0.0271, logits_fake -0.0246,
Train Epoch: [5/30] Iters:[940/1093] gen_loss 0.2777, rec_loss 0.0111, lpips_loss 0.1356, g_loss 0.0243, disc_weight 0.4000, disc_adaptive_weight 5.3697, d_loss 0.4018, logits_real -0.0269, logits_fake -0.0245,
Train Epoch: [5/30] Iters:[950/1093] gen_loss 0.2727, rec_loss 0.0111, lpips_loss 0.1362, g_loss 0.0240, disc_weight 0.4000, disc_adaptive_weight 5.2049, d_loss 0.4018, logits_real -0.0266, logits_fake -0.0241,
Train Epoch: [5/30] Iters:[960/1093] gen_loss 0.2671, rec_loss 0.0111, lpips_loss 0.1355, g_loss 0.0242, disc_weight 0.4000, disc_adaptive_weight 4.9886, d_loss 0.4017, logits_real -0.0264, logits_fake -0.0245,
Train Epoch: [5/30] Iters:[970/1093] gen_loss 0.2636, rec_loss 0.0110, lpips_loss 0.1343, g_loss 0.0243, disc_weight 0.4000, disc_adaptive_weight 4.8727, d_loss 0.4017, logits_real -0.0266, logits_fake -0.0246,
Train Epoch: [5/30] Iters:[980/1093] gen_loss 0.2595, rec_loss 0.0109, lpips_loss 0.1336, g_loss 0.0243, disc_weight 0.4000, disc_adaptive_weight 4.7269, d_loss 0.4017, logits_real -0.0267, logits_fake -0.0247,
Train Epoch: [5/30] Iters:[990/1093] gen_loss 0.2612, rec_loss 0.0108, lpips_loss 0.1333, g_loss 0.0245, disc_weight 0.4000, disc_adaptive_weight 4.7709, d_loss 0.4018, logits_real -0.0267, logits_fake -0.0243,
Train Epoch: [5/30] Iters:[1000/1093] gen_loss 0.2610, rec_loss 0.0107, lpips_loss 0.1326, g_loss 0.0244, disc_weight 0.4000, disc_adaptive_weight 4.8330, d_loss 0.4018, logits_real -0.0269, logits_fake -0.0242,
Train Epoch: [5/30] Iters:[1010/1093] gen_loss 0.2676, rec_loss 0.0109, lpips_loss 0.1335, g_loss 0.0239, disc_weight 0.4000, disc_adaptive_weight 5.1592, d_loss 0.4019, logits_real -0.0268, logits_fake -0.0237,
Train Epoch: [5/30] Iters:[1020/1093] gen_loss 0.2759, rec_loss 0.0110, lpips_loss 0.1338, g_loss 0.0239, disc_weight 0.4000, disc_adaptive_weight 5.4902, d_loss 0.4019, logits_real -0.0268, logits_fake -0.0235,
Train Epoch: [5/30] Iters:[1030/1093] gen_loss 0.2877, rec_loss 0.0111, lpips_loss 0.1345, g_loss 0.0240, disc_weight 0.4000, disc_adaptive_weight 5.9424, d_loss 0.4019, logits_real -0.0268, logits_fake -0.0235,
Train Epoch: [5/30] Iters:[1040/1093] gen_loss 0.2878, rec_loss 0.0112, lpips_loss 0.1344, g_loss 0.0238, disc_weight 0.4000, disc_adaptive_weight 5.9928, d_loss 0.4019, logits_real -0.0267, logits_fake -0.0237,
Train Epoch: [5/30] Iters:[1050/1093] gen_loss 0.2872, rec_loss 0.0112, lpips_loss 0.1353, g_loss 0.0240, disc_weight 0.4000, disc_adaptive_weight 5.8796, d_loss 0.4018, logits_real -0.0268, logits_fake -0.0239,
Train Epoch: [5/30] Iters:[1060/1093] gen_loss 0.2814, rec_loss 0.0111, lpips_loss 0.1350, g_loss 0.0240, disc_weight 0.4000, disc_adaptive_weight 5.6434, d_loss 0.4018, logits_real -0.0267, logits_fake -0.0240,
Train Epoch: [5/30] Iters:[1070/1093] gen_loss 0.2803, rec_loss 0.0111, lpips_loss 0.1354, g_loss 0.0241, disc_weight 0.4000, disc_adaptive_weight 5.5547, d_loss 0.4018, logits_real -0.0265, logits_fake -0.0239,
Train Epoch: [5/30] Iters:[1080/1093] gen_loss 0.2769, rec_loss 0.0111, lpips_loss 0.1352, g_loss 0.0238, disc_weight 0.4000, disc_adaptive_weight 5.4909, d_loss 0.4017, logits_real -0.0263, logits_fake -0.0239,
Train Epoch: [5/30] Iters:[1090/1093] gen_loss 0.2803, rec_loss 0.0112, lpips_loss 0.1357, g_loss 0.0239, disc_weight 0.4000, disc_adaptive_weight 5.6124, d_loss 0.4017, logits_real -0.0262, logits_fake -0.0239,
Loading pretrained model LPIPS from /home/sunset/.cache/torch/hub/pyiqa/LPIPS_v0.1_alex-df73285e.pth
epoch:6, cur_lr:0.000010
Train Epoch: [6/30] Iters:[10/1093] gen_loss 0.3002, rec_loss 0.0111, lpips_loss 0.1346, g_loss 0.0236, disc_weight 0.4000, disc_adaptive_weight 6.5188, d_loss 0.4018, logits_real -0.0268, logits_fake -0.0240,
Train Epoch: [6/30] Iters:[20/1093] gen_loss 0.2752, rec_loss 0.0113, lpips_loss 0.1346, g_loss 0.0242, disc_weight 0.4000, disc_adaptive_weight 5.3541, d_loss 0.4018, logits_real -0.0273, logits_fake -0.0243,
Train Epoch: [6/30] Iters:[30/1093] gen_loss 0.2792, rec_loss 0.0111, lpips_loss 0.1334, g_loss 0.0242, disc_weight 0.4000, disc_adaptive_weight 5.5630, d_loss 0.4018, logits_real -0.0274, logits_fake -0.0244,
Train Epoch: [6/30] Iters:[40/1093] gen_loss 0.2744, rec_loss 0.0111, lpips_loss 0.1340, g_loss 0.0240, disc_weight 0.4000, disc_adaptive_weight 5.3660, d_loss 0.4018, logits_real -0.0270, logits_fake -0.0240,
Train Epoch: [6/30] Iters:[50/1093] gen_loss 0.2675, rec_loss 0.0111, lpips_loss 0.1342, g_loss 0.0239, disc_weight 0.4000, disc_adaptive_weight 5.1028, d_loss 0.4018, logits_real -0.0268, logits_fake -0.0239,
Train Epoch: [6/30] Iters:[60/1093] gen_loss 0.2650, rec_loss 0.0111, lpips_loss 0.1343, g_loss 0.0240, disc_weight 0.4000, disc_adaptive_weight 4.9672, d_loss 0.4018, logits_real -0.0267, logits_fake -0.0239,
Train Epoch: [6/30] Iters:[70/1093] gen_loss 0.2765, rec_loss 0.0111, lpips_loss 0.1343, g_loss 0.0237, disc_weight 0.4000, disc_adaptive_weight 5.5069, d_loss 0.4018, logits_real -0.0264, logits_fake -0.0235,
Train Epoch: [6/30] Iters:[80/1093] gen_loss 0.2696, rec_loss 0.0111, lpips_loss 0.1348, g_loss 0.0235, disc_weight 0.4000, disc_adaptive_weight 5.2504, d_loss 0.4018, logits_real -0.0260, logits_fake -0.0233,
Train Epoch: [6/30] Iters:[90/1093] gen_loss 0.2747, rec_loss 0.0112, lpips_loss 0.1347, g_loss 0.0233, disc_weight 0.4000, disc_adaptive_weight 5.5344, d_loss 0.4017, logits_real -0.0258, logits_fake -0.0231,
Train Epoch: [6/30] Iters:[100/1093] gen_loss 0.2763, rec_loss 0.0112, lpips_loss 0.1352, g_loss 0.0231, disc_weight 0.4000, disc_adaptive_weight 5.6102, d_loss 0.4018, logits_real -0.0256, logits_fake -0.0228,
Train Epoch: [6/30] Iters:[110/1093] gen_loss 0.2679, rec_loss 0.0111, lpips_loss 0.1352, g_loss 0.0230, disc_weight 0.4000, disc_adaptive_weight 5.2895, d_loss 0.4018, logits_real -0.0255, logits_fake -0.0227,
Train Epoch: [6/30] Iters:[120/1093] gen_loss 0.2603, rec_loss 0.0110, lpips_loss 0.1348, g_loss 0.0229, disc_weight 0.4000, disc_adaptive_weight 5.0022, d_loss 0.4017, logits_real -0.0254, logits_fake -0.0228,
Train Epoch: [6/30] Iters:[130/1093] gen_loss 0.2598, rec_loss 0.0110, lpips_loss 0.1349, g_loss 0.0227, disc_weight 0.4000, disc_adaptive_weight 5.0157, d_loss 0.4017, logits_real -0.0251, logits_fake -0.0225,
Train Epoch: [6/30] Iters:[140/1093] gen_loss 0.2514, rec_loss 0.0110, lpips_loss 0.1345, g_loss 0.0225, disc_weight 0.4000, disc_adaptive_weight 4.6893, d_loss 0.4017, logits_real -0.0251, logits_fake -0.0225,
Train Epoch: [6/30] Iters:[150/1093] gen_loss 0.2521, rec_loss 0.0108, lpips_loss 0.1337, g_loss 0.0227, disc_weight 0.4000, disc_adaptive_weight 4.7351, d_loss 0.4017, logits_real -0.0250, logits_fake -0.0225,
Train Epoch: [6/30] Iters:[160/1093] gen_loss 0.2579, rec_loss 0.0109, lpips_loss 0.1335, g_loss 0.0225, disc_weight 0.4000, disc_adaptive_weight 5.0280, d_loss 0.4017, logits_real -0.0249, logits_fake -0.0224,
Train Epoch: [6/30] Iters:[170/1093] gen_loss 0.2585, rec_loss 0.0108, lpips_loss 0.1331, g_loss 0.0225, disc_weight 0.4000, disc_adaptive_weight 5.0772, d_loss 0.4017, logits_real -0.0249, logits_fake -0.0223,
Train Epoch: [6/30] Iters:[180/1093] gen_loss 0.2666, rec_loss 0.0109, lpips_loss 0.1335, g_loss 0.0225, disc_weight 0.4000, disc_adaptive_weight 5.4440, d_loss 0.4017, logits_real -0.0250, logits_fake -0.0224,
Train Epoch: [6/30] Iters:[190/1093] gen_loss 0.2725, rec_loss 0.0108, lpips_loss 0.1338, g_loss 0.0226, disc_weight 0.4000, disc_adaptive_weight 5.6833, d_loss 0.4017, logits_real -0.0251, logits_fake -0.0226,
Train Epoch: [6/30] Iters:[200/1093] gen_loss 0.2745, rec_loss 0.0109, lpips_loss 0.1342, g_loss 0.0224, disc_weight 0.4000, disc_adaptive_weight 5.7872, d_loss 0.4017, logits_real -0.0251, logits_fake -0.0226,
Train Epoch: [6/30] Iters:[210/1093] gen_loss 0.2692, rec_loss 0.0109, lpips_loss 0.1342, g_loss 0.0221, disc_weight 0.4000, disc_adaptive_weight 5.6270, d_loss 0.4016, logits_real -0.0246, logits_fake -0.0222,
Train Epoch: [6/30] Iters:[220/1093] gen_loss 0.2704, rec_loss 0.0110, lpips_loss 0.1346, g_loss 0.0216, disc_weight 0.4000, disc_adaptive_weight 5.7945, d_loss 0.4017, logits_real -0.0241, logits_fake -0.0216,
Train Epoch: [6/30] Iters:[230/1093] gen_loss 0.2655, rec_loss 0.0110, lpips_loss 0.1344, g_loss 0.0214, disc_weight 0.4000, disc_adaptive_weight 5.6316, d_loss 0.4017, logits_real -0.0237, logits_fake -0.0213,
Train Epoch: [6/30] Iters:[240/1093] gen_loss 0.2635, rec_loss 0.0110, lpips_loss 0.1347, g_loss 0.0212, disc_weight 0.4000, disc_adaptive_weight 5.5617, d_loss 0.4017, logits_real -0.0235, logits_fake -0.0210,
Train Epoch: [6/30] Iters:[250/1093] gen_loss 0.2608, rec_loss 0.0110, lpips_loss 0.1347, g_loss 0.0210, disc_weight 0.4000, disc_adaptive_weight 5.4912, d_loss 0.4017, logits_real -0.0233, logits_fake -0.0207,
Train Epoch: [6/30] Iters:[260/1093] gen_loss 0.2625, rec_loss 0.0109, lpips_loss 0.1345, g_loss 0.0209, disc_weight 0.4000, disc_adaptive_weight 5.5952, d_loss 0.4017, logits_real -0.0233, logits_fake -0.0207,
Train Epoch: [6/30] Iters:[270/1093] gen_loss 0.2647, rec_loss 0.0111, lpips_loss 0.1353, g_loss 0.0211, disc_weight 0.4000, disc_adaptive_weight 5.6163, d_loss 0.4017, logits_real -0.0235, logits_fake -0.0208,
Train Epoch: [6/30] Iters:[280/1093] gen_loss 0.2660, rec_loss 0.0111, lpips_loss 0.1351, g_loss 0.0212, disc_weight 0.4000, disc_adaptive_weight 5.6607, d_loss 0.4017, logits_real -0.0237, logits_fake -0.0210,
Train Epoch: [6/30] Iters:[290/1093] gen_loss 0.2623, rec_loss 0.0112, lpips_loss 0.1352, g_loss 0.0212, disc_weight 0.4000, disc_adaptive_weight 5.4750, d_loss 0.4017, logits_real -0.0237, logits_fake -0.0211,
Train Epoch: [6/30] Iters:[300/1093] gen_loss 0.2649, rec_loss 0.0112, lpips_loss 0.1351, g_loss 0.0213, disc_weight 0.4000, disc_adaptive_weight 5.5740, d_loss 0.4016, logits_real -0.0237, logits_fake -0.0213,
Train Epoch: [6/30] Iters:[310/1093] gen_loss 0.2647, rec_loss 0.0113, lpips_loss 0.1351, g_loss 0.0215, disc_weight 0.4000, disc_adaptive_weight 5.5129, d_loss 0.4016, logits_real -0.0239, logits_fake -0.0216,
Train Epoch: [6/30] Iters:[320/1093] gen_loss 0.2578, rec_loss 0.0113, lpips_loss 0.1349, g_loss 0.0214, disc_weight 0.4000, disc_adaptive_weight 5.2176, d_loss 0.4016, logits_real -0.0238, logits_fake -0.0216,
Train Epoch: [6/30] Iters:[330/1093] gen_loss 0.2525, rec_loss 0.0112, lpips_loss 0.1352, g_loss 0.0210, disc_weight 0.4000, disc_adaptive_weight 5.0475, d_loss 0.4015, logits_real -0.0234, logits_fake -0.0213,
Train Epoch: [6/30] Iters:[340/1093] gen_loss 0.2586, rec_loss 0.0113, lpips_loss 0.1350, g_loss 0.0204, disc_weight 0.4000, disc_adaptive_weight 5.5331, d_loss 0.4015, logits_real -0.0228, logits_fake -0.0209,
Train Epoch: [6/30] Iters:[350/1093] gen_loss 0.2636, rec_loss 0.0113, lpips_loss 0.1356, g_loss 0.0200, disc_weight 0.4000, disc_adaptive_weight 5.8642, d_loss 0.4015, logits_real -0.0225, logits_fake -0.0204,
Train Epoch: [6/30] Iters:[360/1093] gen_loss 0.2695, rec_loss 0.0113, lpips_loss 0.1363, g_loss 0.0199, disc_weight 0.4000, disc_adaptive_weight 6.1372, d_loss 0.4016, logits_real -0.0224, logits_fake -0.0201,
Train Epoch: [6/30] Iters:[370/1093] gen_loss 0.2674, rec_loss 0.0112, lpips_loss 0.1361, g_loss 0.0201, disc_weight 0.4000, disc_adaptive_weight 6.0168, d_loss 0.4016, logits_real -0.0226, logits_fake -0.0202,
Train Epoch: [6/30] Iters:[380/1093] gen_loss 0.2678, rec_loss 0.0113, lpips_loss 0.1360, g_loss 0.0204, disc_weight 0.4000, disc_adaptive_weight 5.9729, d_loss 0.4016, logits_real -0.0228, logits_fake -0.0204,
Train Epoch: [6/30] Iters:[390/1093] gen_loss 0.2625, rec_loss 0.0110, lpips_loss 0.1352, g_loss 0.0209, disc_weight 0.4000, disc_adaptive_weight 5.5776, d_loss 0.4016, logits_real -0.0234, logits_fake -0.0208,
Train Epoch: [6/30] Iters:[400/1093] gen_loss 0.2506, rec_loss 0.0109, lpips_loss 0.1348, g_loss 0.0213, disc_weight 0.4000, disc_adaptive_weight 4.9447, d_loss 0.4016, logits_real -0.0237, logits_fake -0.0212,
Train Epoch: [6/30] Iters:[410/1093] gen_loss 0.2464, rec_loss 0.0109, lpips_loss 0.1349, g_loss 0.0214, disc_weight 0.4000, disc_adaptive_weight 4.7139, d_loss 0.4016, logits_real -0.0238, logits_fake -0.0213,
Train Epoch: [6/30] Iters:[420/1093] gen_loss 0.2488, rec_loss 0.0109, lpips_loss 0.1348, g_loss 0.0214, disc_weight 0.4000, disc_adaptive_weight 4.8253, d_loss 0.4016, logits_real -0.0239, logits_fake -0.0213,
Train Epoch: [6/30] Iters:[430/1093] gen_loss 0.2556, rec_loss 0.0107, lpips_loss 0.1346, g_loss 0.0216, disc_weight 0.4000, disc_adaptive_weight 5.1081, d_loss 0.4016, logits_real -0.0240, logits_fake -0.0215,
Train Epoch: [6/30] Iters:[440/1093] gen_loss 0.2617, rec_loss 0.0109, lpips_loss 0.1350, g_loss 0.0216, disc_weight 0.4000, disc_adaptive_weight 5.3396, d_loss 0.4016, logits_real -0.0241, logits_fake -0.0216,
Train Epoch: [6/30] Iters:[450/1093] gen_loss 0.2704, rec_loss 0.0110, lpips_loss 0.1348, g_loss 0.0217, disc_weight 0.4000, disc_adaptive_weight 5.7268, d_loss 0.4016, logits_real -0.0242, logits_fake -0.0217,
Train Epoch: [6/30] Iters:[460/1093] gen_loss 0.2706, rec_loss 0.0110, lpips_loss 0.1342, g_loss 0.0219, disc_weight 0.4000, disc_adaptive_weight 5.7311, d_loss 0.4016, logits_real -0.0245, logits_fake -0.0219,
Train Epoch: [6/30] Iters:[470/1093] gen_loss 0.2737, rec_loss 0.0110, lpips_loss 0.1341, g_loss 0.0220, disc_weight 0.4000, disc_adaptive_weight 5.8427, d_loss 0.4016, logits_real -0.0246, logits_fake -0.0220,
Train Epoch: [6/30] Iters:[480/1093] gen_loss 0.2710, rec_loss 0.0111, lpips_loss 0.1343, g_loss 0.0221, disc_weight 0.4000, disc_adaptive_weight 5.6985, d_loss 0.4016, logits_real -0.0246, logits_fake -0.0220,
Train Epoch: [6/30] Iters:[490/1093] gen_loss 0.2659, rec_loss 0.0110, lpips_loss 0.1344, g_loss 0.0220, disc_weight 0.4000, disc_adaptive_weight 5.4823, d_loss 0.4016, logits_real -0.0245, logits_fake -0.0219,
Train Epoch: [6/30] Iters:[500/1093] gen_loss 0.2686, rec_loss 0.0112, lpips_loss 0.1346, g_loss 0.0217, disc_weight 0.4000, disc_adaptive_weight 5.6657, d_loss 0.4017, logits_real -0.0243, logits_fake -0.0215,
Train Epoch: [6/30] Iters:[510/1093] gen_loss 0.2642, rec_loss 0.0110, lpips_loss 0.1346, g_loss 0.0215, disc_weight 0.4000, disc_adaptive_weight 5.5221, d_loss 0.4016, logits_real -0.0240, logits_fake -0.0213,
Train Epoch: [6/30] Iters:[520/1093] gen_loss 0.2588, rec_loss 0.0110, lpips_loss 0.1344, g_loss 0.0213, disc_weight 0.4000, disc_adaptive_weight 5.3344, d_loss 0.4016, logits_real -0.0238, logits_fake -0.0211,
Train Epoch: [6/30] Iters:[530/1093] gen_loss 0.2579, rec_loss 0.0110, lpips_loss 0.1343, g_loss 0.0212, disc_weight 0.4000, disc_adaptive_weight 5.3189, d_loss 0.4016, logits_real -0.0237, logits_fake -0.0211,
Train Epoch: [6/30] Iters:[540/1093] gen_loss 0.2576, rec_loss 0.0110, lpips_loss 0.1341, g_loss 0.0214, disc_weight 0.4000, disc_adaptive_weight 5.2727, d_loss 0.4016, logits_real -0.0238, logits_fake -0.0213,
Train Epoch: [6/30] Iters:[550/1093] gen_loss 0.2568, rec_loss 0.0110, lpips_loss 0.1342, g_loss 0.0217, disc_weight 0.4000, disc_adaptive_weight 5.1483, d_loss 0.4016, logits_real -0.0240, logits_fake -0.0216,
Train Epoch: [6/30] Iters:[560/1093] gen_loss 0.2650, rec_loss 0.0109, lpips_loss 0.1343, g_loss 0.0216, disc_weight 0.4000, disc_adaptive_weight 5.5649, d_loss 0.4016, logits_real -0.0238, logits_fake -0.0216,
Train Epoch: [6/30] Iters:[570/1093] gen_loss 0.2672, rec_loss 0.0110, lpips_loss 0.1342, g_loss 0.0216, disc_weight 0.4000, disc_adaptive_weight 5.6855, d_loss 0.4015, logits_real -0.0236, logits_fake -0.0216,
Train Epoch: [6/30] Iters:[580/1093] gen_loss 0.2652, rec_loss 0.0110, lpips_loss 0.1343, g_loss 0.0212, disc_weight 0.4000, disc_adaptive_weight 5.7053, d_loss 0.4015, logits_real -0.0233, logits_fake -0.0214,
Train Epoch: [6/30] Iters:[590/1093] gen_loss 0.2696, rec_loss 0.0112, lpips_loss 0.1348, g_loss 0.0209, disc_weight 0.4000, disc_adaptive_weight 5.9550, d_loss 0.4015, logits_real -0.0227, logits_fake -0.0208,
Train Epoch: [6/30] Iters:[600/1093] gen_loss 0.2632, rec_loss 0.0111, lpips_loss 0.1344, g_loss 0.0202, disc_weight 0.4000, disc_adaptive_weight 5.8504, d_loss 0.4015, logits_real -0.0219, logits_fake -0.0201,
Train Epoch: [6/30] Iters:[610/1093] gen_loss 0.2559, rec_loss 0.0112, lpips_loss 0.1347, g_loss 0.0197, disc_weight 0.4000, disc_adaptive_weight 5.5963, d_loss 0.4015, logits_real -0.0217, logits_fake -0.0198,
Train Epoch: [6/30] Iters:[620/1093] gen_loss 0.2576, rec_loss 0.0113, lpips_loss 0.1351, g_loss 0.0193, disc_weight 0.4000, disc_adaptive_weight 5.7777, d_loss 0.4015, logits_real -0.0213, logits_fake -0.0193,
Train Epoch: [6/30] Iters:[630/1093] gen_loss 0.2582, rec_loss 0.0113, lpips_loss 0.1354, g_loss 0.0194, disc_weight 0.4000, disc_adaptive_weight 5.7669, d_loss 0.4016, logits_real -0.0214, logits_fake -0.0189,
Train Epoch: [6/30] Iters:[640/1093] gen_loss 0.2524, rec_loss 0.0111, lpips_loss 0.1352, g_loss 0.0190, disc_weight 0.4000, disc_adaptive_weight 5.6026, d_loss 0.4017, logits_real -0.0215, logits_fake -0.0187,
Train Epoch: [6/30] Iters:[650/1093] gen_loss 0.2503, rec_loss 0.0111, lpips_loss 0.1357, g_loss 0.0186, disc_weight 0.4000, disc_adaptive_weight 5.5567, d_loss 0.4017, logits_real -0.0213, logits_fake -0.0184,
Train Epoch: [6/30] Iters:[660/1093] gen_loss 0.2476, rec_loss 0.0111, lpips_loss 0.1354, g_loss 0.0186, disc_weight 0.4000, disc_adaptive_weight 5.4438, d_loss 0.4017, logits_real -0.0211, logits_fake -0.0180,
Train Epoch: [6/30] Iters:[670/1093] gen_loss 0.2451, rec_loss 0.0110, lpips_loss 0.1354, g_loss 0.0182, disc_weight 0.4000, disc_adaptive_weight 5.4115, d_loss 0.4017, logits_real -0.0210, logits_fake -0.0178,
Train Epoch: [6/30] Iters:[680/1093] gen_loss 0.2421, rec_loss 0.0110, lpips_loss 0.1351, g_loss 0.0180, disc_weight 0.4000, disc_adaptive_weight 5.3495, d_loss 0.4016, logits_real -0.0206, logits_fake -0.0178,
Train Epoch: [6/30] Iters:[690/1093] gen_loss 0.2403, rec_loss 0.0111, lpips_loss 0.1349, g_loss 0.0178, disc_weight 0.4000, disc_adaptive_weight 5.2984, d_loss 0.4016, logits_real -0.0205, logits_fake -0.0178,
Train Epoch: [6/30] Iters:[700/1093] gen_loss 0.2441, rec_loss 0.0110, lpips_loss 0.1344, g_loss 0.0181, disc_weight 0.4000, disc_adaptive_weight 5.4530, d_loss 0.4016, logits_real -0.0205, logits_fake -0.0180,
Train Epoch: [6/30] Iters:[710/1093] gen_loss 0.2434, rec_loss 0.0111, lpips_loss 0.1341, g_loss 0.0182, disc_weight 0.4000, disc_adaptive_weight 5.4054, d_loss 0.4015, logits_real -0.0206, logits_fake -0.0182,
Train Epoch: [6/30] Iters:[720/1093] gen_loss 0.2432, rec_loss 0.0111, lpips_loss 0.1342, g_loss 0.0186, disc_weight 0.4000, disc_adaptive_weight 5.2683, d_loss 0.4015, logits_real -0.0208, logits_fake -0.0185,
Train Epoch: [6/30] Iters:[730/1093] gen_loss 0.2438, rec_loss 0.0111, lpips_loss 0.1345, g_loss 0.0187, disc_weight 0.4000, disc_adaptive_weight 5.2286, d_loss 0.4016, logits_real -0.0210, logits_fake -0.0185,
Train Epoch: [6/30] Iters:[740/1093] gen_loss 0.2445, rec_loss 0.0111, lpips_loss 0.1345, g_loss 0.0191, disc_weight 0.4000, disc_adaptive_weight 5.1826, d_loss 0.4015, logits_real -0.0212, logits_fake -0.0188,
Train Epoch: [6/30] Iters:[750/1093] gen_loss 0.2393, rec_loss 0.0110, lpips_loss 0.1344, g_loss 0.0194, disc_weight 0.4000, disc_adaptive_weight 4.8338, d_loss 0.4015, logits_real -0.0216, logits_fake -0.0192,
Train Epoch: [6/30] Iters:[760/1093] gen_loss 0.2505, rec_loss 0.0110, lpips_loss 0.1347, g_loss 0.0198, disc_weight 0.4000, disc_adaptive_weight 5.2762, d_loss 0.4015, logits_real -0.0221, logits_fake -0.0197,
Train Epoch: [6/30] Iters:[770/1093] gen_loss 0.2559, rec_loss 0.0109, lpips_loss 0.1344, g_loss 0.0201, disc_weight 0.4000, disc_adaptive_weight 5.4911, d_loss 0.4016, logits_real -0.0226, logits_fake -0.0200,
Train Epoch: [6/30] Iters:[780/1093] gen_loss 0.2581, rec_loss 0.0109, lpips_loss 0.1339, g_loss 0.0203, disc_weight 0.4000, disc_adaptive_weight 5.5751, d_loss 0.4015, logits_real -0.0228, logits_fake -0.0204,
Train Epoch: [6/30] Iters:[790/1093] gen_loss 0.2632, rec_loss 0.0109, lpips_loss 0.1342, g_loss 0.0203, disc_weight 0.4000, disc_adaptive_weight 5.8153, d_loss 0.4015, logits_real -0.0229, logits_fake -0.0204,
Train Epoch: [6/30] Iters:[800/1093] gen_loss 0.2692, rec_loss 0.0110, lpips_loss 0.1346, g_loss 0.0202, disc_weight 0.4000, disc_adaptive_weight 6.1085, d_loss 0.4015, logits_real -0.0227, logits_fake -0.0203,
Train Epoch: [6/30] Iters:[810/1093] gen_loss 0.2574, rec_loss 0.0110, lpips_loss 0.1345, g_loss 0.0200, disc_weight 0.4000, disc_adaptive_weight 5.5814, d_loss 0.4015, logits_real -0.0226, logits_fake -0.0201,
Train Epoch: [6/30] Iters:[820/1093] gen_loss 0.2518, rec_loss 0.0110, lpips_loss 0.1343, g_loss 0.0201, disc_weight 0.4000, disc_adaptive_weight 5.3003, d_loss 0.4015, logits_real -0.0226, logits_fake -0.0201,
Train Epoch: [6/30] Iters:[830/1093] gen_loss 0.2494, rec_loss 0.0110, lpips_loss 0.1338, g_loss 0.0200, disc_weight 0.4000, disc_adaptive_weight 5.2295, d_loss 0.4015, logits_real -0.0224, logits_fake -0.0200,
Train Epoch: [6/30] Iters:[840/1093] gen_loss 0.2460, rec_loss 0.0110, lpips_loss 0.1334, g_loss 0.0200, disc_weight 0.4000, disc_adaptive_weight 5.0725, d_loss 0.4015, logits_real -0.0226, logits_fake -0.0200,
Train Epoch: [6/30] Iters:[850/1093] gen_loss 0.2423, rec_loss 0.0109, lpips_loss 0.1327, g_loss 0.0200, disc_weight 0.4000, disc_adaptive_weight 4.9436, d_loss 0.4015, logits_real -0.0225, logits_fake -0.0200,
Train Epoch: [6/30] Iters:[860/1093] gen_loss 0.2463, rec_loss 0.0109, lpips_loss 0.1329, g_loss 0.0200, disc_weight 0.4000, disc_adaptive_weight 5.1212, d_loss 0.4015, logits_real -0.0223, logits_fake -0.0197,
Train Epoch: [6/30] Iters:[870/1093] gen_loss 0.2451, rec_loss 0.0109, lpips_loss 0.1331, g_loss 0.0198, disc_weight 0.4000, disc_adaptive_weight 5.1047, d_loss 0.4015, logits_real -0.0220, logits_fake -0.0196,
Train Epoch: [6/30] Iters:[880/1093] gen_loss 0.2471, rec_loss 0.0109, lpips_loss 0.1340, g_loss 0.0199, disc_weight 0.4000, disc_adaptive_weight 5.1518, d_loss 0.4015, logits_real -0.0221, logits_fake -0.0197,
Train Epoch: [6/30] Iters:[890/1093] gen_loss 0.2497, rec_loss 0.0110, lpips_loss 0.1344, g_loss 0.0201, disc_weight 0.4000, disc_adaptive_weight 5.1908, d_loss 0.4015, logits_real -0.0223, logits_fake -0.0199,
Train Epoch: [6/30] Iters:[900/1093] gen_loss 0.2540, rec_loss 0.0110, lpips_loss 0.1348, g_loss 0.0204, disc_weight 0.4000, disc_adaptive_weight 5.3000, d_loss 0.4015, logits_real -0.0227, logits_fake -0.0202,
Train Epoch: [6/30] Iters:[910/1093] gen_loss 0.2555, rec_loss 0.0111, lpips_loss 0.1347, g_loss 0.0207, disc_weight 0.4000, disc_adaptive_weight 5.2927, d_loss 0.4015, logits_real -0.0231, logits_fake -0.0206,
Train Epoch: [6/30] Iters:[920/1093] gen_loss 0.2637, rec_loss 0.0111, lpips_loss 0.1343, g_loss 0.0211, disc_weight 0.4000, disc_adaptive_weight 5.5850, d_loss 0.4015, logits_real -0.0235, logits_fake -0.0210,
Train Epoch: [6/30] Iters:[930/1093] gen_loss 0.2641, rec_loss 0.0111, lpips_loss 0.1343, g_loss 0.0215, disc_weight 0.4000, disc_adaptive_weight 5.5105, d_loss 0.4015, logits_real -0.0239, logits_fake -0.0213,
Train Epoch: [6/30] Iters:[940/1093] gen_loss 0.2735, rec_loss 0.0112, lpips_loss 0.1342, g_loss 0.0216, disc_weight 0.4000, disc_adaptive_weight 5.9290, d_loss 0.4015, logits_real -0.0239, logits_fake -0.0214,
Train Epoch: [6/30] Iters:[950/1093] gen_loss 0.2731, rec_loss 0.0114, lpips_loss 0.1354, g_loss 0.0214, disc_weight 0.4000, disc_adaptive_weight 5.8917, d_loss 0.4015, logits_real -0.0236, logits_fake -0.0211,
Train Epoch: [6/30] Iters:[960/1093] gen_loss 0.2716, rec_loss 0.0114, lpips_loss 0.1354, g_loss 0.0211, disc_weight 0.4000, disc_adaptive_weight 5.9122, d_loss 0.4015, logits_real -0.0231, logits_fake -0.0208,
Train Epoch: [6/30] Iters:[970/1093] gen_loss 0.2649, rec_loss 0.0115, lpips_loss 0.1361, g_loss 0.0206, disc_weight 0.4000, disc_adaptive_weight 5.6860, d_loss 0.4015, logits_real -0.0228, logits_fake -0.0203,
Train Epoch: [6/30] Iters:[980/1093] gen_loss 0.2652, rec_loss 0.0115, lpips_loss 0.1353, g_loss 0.0199, disc_weight 0.4000, disc_adaptive_weight 5.9382, d_loss 0.4015, logits_real -0.0221, logits_fake -0.0196,
Train Epoch: [6/30] Iters:[990/1093] gen_loss 0.2533, rec_loss 0.0113, lpips_loss 0.1350, g_loss 0.0193, disc_weight 0.4000, disc_adaptive_weight 5.5649, d_loss 0.4015, logits_real -0.0216, logits_fake -0.0191,
Train Epoch: [6/30] Iters:[1000/1093] gen_loss 0.2486, rec_loss 0.0112, lpips_loss 0.1340, g_loss 0.0192, disc_weight 0.4000, disc_adaptive_weight 5.4168, d_loss 0.4015, logits_real -0.0215, logits_fake -0.0190,
Train Epoch: [6/30] Iters:[1010/1093] gen_loss 0.2519, rec_loss 0.0111, lpips_loss 0.1341, g_loss 0.0194, disc_weight 0.4000, disc_adaptive_weight 5.5099, d_loss 0.4015, logits_real -0.0218, logits_fake -0.0192,
Train Epoch: [6/30] Iters:[1020/1093] gen_loss 0.2548, rec_loss 0.0110, lpips_loss 0.1337, g_loss 0.0198, disc_weight 0.4000, disc_adaptive_weight 5.5716, d_loss 0.4015, logits_real -0.0221, logits_fake -0.0197,
Train Epoch: [6/30] Iters:[1030/1093] gen_loss 0.2542, rec_loss 0.0110, lpips_loss 0.1343, g_loss 0.0205, disc_weight 0.4000, disc_adaptive_weight 5.3307, d_loss 0.4014, logits_real -0.0227, logits_fake -0.0204,
Train Epoch: [6/30] Iters:[1040/1093] gen_loss 0.2613, rec_loss 0.0111, lpips_loss 0.1344, g_loss 0.0212, disc_weight 0.4000, disc_adaptive_weight 5.4584, d_loss 0.4015, logits_real -0.0235, logits_fake -0.0212,
Train Epoch: [6/30] Iters:[1050/1093] gen_loss 0.2666, rec_loss 0.0111, lpips_loss 0.1347, g_loss 0.0217, disc_weight 0.4000, disc_adaptive_weight 5.5828, d_loss 0.4015, logits_real -0.0241, logits_fake -0.0216,
Train Epoch: [6/30] Iters:[1060/1093] gen_loss 0.2687, rec_loss 0.0111, lpips_loss 0.1345, g_loss 0.0218, disc_weight 0.4000, disc_adaptive_weight 5.6569, d_loss 0.4014, logits_real -0.0242, logits_fake -0.0218,
Train Epoch: [6/30] Iters:[1070/1093] gen_loss 0.2645, rec_loss 0.0111, lpips_loss 0.1343, g_loss 0.0218, disc_weight 0.4000, disc_adaptive_weight 5.4784, d_loss 0.4015, logits_real -0.0242, logits_fake -0.0218,
Train Epoch: [6/30] Iters:[1080/1093] gen_loss 0.2628, rec_loss 0.0110, lpips_loss 0.1337, g_loss 0.0214, disc_weight 0.4000, disc_adaptive_weight 5.5072, d_loss 0.4014, logits_real -0.0239, logits_fake -0.0217,
Train Epoch: [6/30] Iters:[1090/1093] gen_loss 0.2590, rec_loss 0.0109, lpips_loss 0.1335, g_loss 0.0210, disc_weight 0.4000, disc_adaptive_weight 5.4563, d_loss 0.4014, logits_real -0.0234, logits_fake -0.0212,
epoch:7, cur_lr:0.000010
Train Epoch: [7/30] Iters:[10/1093] gen_loss 0.2471, rec_loss 0.0109, lpips_loss 0.1355, g_loss 0.0208, disc_weight 0.4000, disc_adaptive_weight 4.8418, d_loss 0.4014, logits_real -0.0232, logits_fake -0.0211,
Train Epoch: [7/30] Iters:[20/1093] gen_loss 0.2347, rec_loss 0.0107, lpips_loss 0.1341, g_loss 0.0207, disc_weight 0.4000, disc_adaptive_weight 4.3423, d_loss 0.4014, logits_real -0.0232, logits_fake -0.0213,
Train Epoch: [7/30] Iters:[30/1093] gen_loss 0.2418, rec_loss 0.0110, lpips_loss 0.1344, g_loss 0.0207, disc_weight 0.4000, disc_adaptive_weight 4.6577, d_loss 0.4015, logits_real -0.0235, logits_fake -0.0210,
Train Epoch: [7/30] Iters:[40/1093] gen_loss 0.2441, rec_loss 0.0110, lpips_loss 0.1343, g_loss 0.0207, disc_weight 0.4000, disc_adaptive_weight 4.7825, d_loss 0.4015, logits_real -0.0233, logits_fake -0.0209,
Train Epoch: [7/30] Iters:[50/1093] gen_loss 0.2475, rec_loss 0.0110, lpips_loss 0.1345, g_loss 0.0204, disc_weight 0.4000, disc_adaptive_weight 5.0148, d_loss 0.4015, logits_real -0.0230, logits_fake -0.0205,
Train Epoch: [7/30] Iters:[60/1093] gen_loss 0.2451, rec_loss 0.0109, lpips_loss 0.1339, g_loss 0.0203, disc_weight 0.4000, disc_adaptive_weight 4.9533, d_loss 0.4015, logits_real -0.0228, logits_fake -0.0202,
Train Epoch: [7/30] Iters:[70/1093] gen_loss 0.2495, rec_loss 0.0110, lpips_loss 0.1343, g_loss 0.0200, disc_weight 0.4000, disc_adaptive_weight 5.2377, d_loss 0.4015, logits_real -0.0224, logits_fake -0.0198,
Train Epoch: [7/30] Iters:[80/1093] gen_loss 0.2458, rec_loss 0.0109, lpips_loss 0.1343, g_loss 0.0194, disc_weight 0.4000, disc_adaptive_weight 5.1958, d_loss 0.4014, logits_real -0.0217, logits_fake -0.0193,
Train Epoch: [7/30] Iters:[90/1093] gen_loss 0.2506, rec_loss 0.0109, lpips_loss 0.1341, g_loss 0.0193, disc_weight 0.4000, disc_adaptive_weight 5.4791, d_loss 0.4014, logits_real -0.0214, logits_fake -0.0190,
Train Epoch: [7/30] Iters:[100/1093] gen_loss 0.2520, rec_loss 0.0110, lpips_loss 0.1337, g_loss 0.0193, disc_weight 0.4000, disc_adaptive_weight 5.5614, d_loss 0.4014, logits_real -0.0213, logits_fake -0.0192,
Train Epoch: [7/30] Iters:[110/1093] gen_loss 0.2516, rec_loss 0.0111, lpips_loss 0.1339, g_loss 0.0191, disc_weight 0.4000, disc_adaptive_weight 5.5559, d_loss 0.4014, logits_real -0.0215, logits_fake -0.0193,
Train Epoch: [7/30] Iters:[120/1093] gen_loss 0.2597, rec_loss 0.0111, lpips_loss 0.1341, g_loss 0.0194, disc_weight 0.4000, disc_adaptive_weight 5.8935, d_loss 0.4014, logits_real -0.0219, logits_fake -0.0195,
Train Epoch: [7/30] Iters:[130/1093] gen_loss 0.2635, rec_loss 0.0110, lpips_loss 0.1335, g_loss 0.0199, disc_weight 0.4000, disc_adaptive_weight 5.9566, d_loss 0.4015, logits_real -0.0224, logits_fake -0.0199,
Train Epoch: [7/30] Iters:[140/1093] gen_loss 0.2642, rec_loss 0.0110, lpips_loss 0.1337, g_loss 0.0201, disc_weight 0.4000, disc_adaptive_weight 5.9217, d_loss 0.4015, logits_real -0.0228, logits_fake -0.0202,
Train Epoch: [7/30] Iters:[150/1093] gen_loss 0.2604, rec_loss 0.0111, lpips_loss 0.1338, g_loss 0.0203, disc_weight 0.4000, disc_adaptive_weight 5.6601, d_loss 0.4015, logits_real -0.0230, logits_fake -0.0202,
Train Epoch: [7/30] Iters:[160/1093] gen_loss 0.2649, rec_loss 0.0111, lpips_loss 0.1339, g_loss 0.0204, disc_weight 0.4000, disc_adaptive_weight 5.8791, d_loss 0.4015, logits_real -0.0228, logits_fake -0.0203,
Train Epoch: [7/30] Iters:[170/1093] gen_loss 0.2619, rec_loss 0.0111, lpips_loss 0.1334, g_loss 0.0204, disc_weight 0.4000, disc_adaptive_weight 5.7595, d_loss 0.4014, logits_real -0.0226, logits_fake -0.0202,
Train Epoch: [7/30] Iters:[180/1093] gen_loss 0.2666, rec_loss 0.0110, lpips_loss 0.1335, g_loss 0.0201, disc_weight 0.4000, disc_adaptive_weight 6.0829, d_loss 0.4014, logits_real -0.0224, logits_fake -0.0200,
Train Epoch: [7/30] Iters:[190/1093] gen_loss 0.2611, rec_loss 0.0111, lpips_loss 0.1336, g_loss 0.0198, disc_weight 0.4000, disc_adaptive_weight 5.8994, d_loss 0.4014, logits_real -0.0221, logits_fake -0.0198,
Train Epoch: [7/30] Iters:[200/1093] gen_loss 0.2600, rec_loss 0.0111, lpips_loss 0.1339, g_loss 0.0195, disc_weight 0.4000, disc_adaptive_weight 5.8932, d_loss 0.4014, logits_real -0.0220, logits_fake -0.0197,
Train Epoch: [7/30] Iters:[210/1093] gen_loss 0.2642, rec_loss 0.0111, lpips_loss 0.1343, g_loss 0.0195, disc_weight 0.4000, disc_adaptive_weight 6.0647, d_loss 0.4014, logits_real -0.0220, logits_fake -0.0198,
Train Epoch: [7/30] Iters:[220/1093] gen_loss 0.2591, rec_loss 0.0112, lpips_loss 0.1344, g_loss 0.0195, disc_weight 0.4000, disc_adaptive_weight 5.8046, d_loss 0.4014, logits_real -0.0221, logits_fake -0.0198,
Train Epoch: [7/30] Iters:[230/1093] gen_loss 0.2556, rec_loss 0.0114, lpips_loss 0.1349, g_loss 0.0197, disc_weight 0.4000, disc_adaptive_weight 5.5265, d_loss 0.4014, logits_real -0.0223, logits_fake -0.0201,
Train Epoch: [7/30] Iters:[240/1093] gen_loss 0.2605, rec_loss 0.0114, lpips_loss 0.1355, g_loss 0.0200, disc_weight 0.4000, disc_adaptive_weight 5.6596, d_loss 0.4014, logits_real -0.0227, logits_fake -0.0205,
Train Epoch: [7/30] Iters:[250/1093] gen_loss 0.2606, rec_loss 0.0114, lpips_loss 0.1353, g_loss 0.0204, disc_weight 0.4000, disc_adaptive_weight 5.5964, d_loss 0.4014, logits_real -0.0231, logits_fake -0.0207,
Train Epoch: [7/30] Iters:[260/1093] gen_loss 0.2577, rec_loss 0.0114, lpips_loss 0.1352, g_loss 0.0203, disc_weight 0.4000, disc_adaptive_weight 5.4869, d_loss 0.4014, logits_real -0.0231, logits_fake -0.0206,
Train Epoch: [7/30] Iters:[270/1093] gen_loss 0.2608, rec_loss 0.0113, lpips_loss 0.1354, g_loss 0.0204, disc_weight 0.4000, disc_adaptive_weight 5.5911, d_loss 0.4014, logits_real -0.0229, logits_fake -0.0205,
Train Epoch: [7/30] Iters:[280/1093] gen_loss 0.2610, rec_loss 0.0112, lpips_loss 0.1354, g_loss 0.0203, disc_weight 0.4000, disc_adaptive_weight 5.6382, d_loss 0.4014, logits_real -0.0229, logits_fake -0.0204,
Train Epoch: [7/30] Iters:[290/1093] gen_loss 0.2576, rec_loss 0.0112, lpips_loss 0.1351, g_loss 0.0199, disc_weight 0.4000, disc_adaptive_weight 5.6030, d_loss 0.4014, logits_real -0.0225, logits_fake -0.0199,
Train Epoch: [7/30] Iters:[300/1093] gen_loss 0.2621, rec_loss 0.0114, lpips_loss 0.1353, g_loss 0.0196, disc_weight 0.4000, disc_adaptive_weight 5.8696, d_loss 0.4014, logits_real -0.0222, logits_fake -0.0196,
Train Epoch: [7/30] Iters:[310/1093] gen_loss 0.2650, rec_loss 0.0114, lpips_loss 0.1352, g_loss 0.0197, disc_weight 0.4000, disc_adaptive_weight 6.0000, d_loss 0.4015, logits_real -0.0221, logits_fake -0.0195,
Train Epoch: [7/30] Iters:[320/1093] gen_loss 0.2610, rec_loss 0.0114, lpips_loss 0.1353, g_loss 0.0195, disc_weight 0.4000, disc_adaptive_weight 5.8553, d_loss 0.4015, logits_real -0.0222, logits_fake -0.0194,
Train Epoch: [7/30] Iters:[330/1093] gen_loss 0.2595, rec_loss 0.0113, lpips_loss 0.1349, g_loss 0.0195, disc_weight 0.4000, disc_adaptive_weight 5.8037, d_loss 0.4014, logits_real -0.0220, logits_fake -0.0193,
Train Epoch: [7/30] Iters:[340/1093] gen_loss 0.2582, rec_loss 0.0112, lpips_loss 0.1343, g_loss 0.0197, disc_weight 0.4000, disc_adaptive_weight 5.7019, d_loss 0.4014, logits_real -0.0220, logits_fake -0.0194,
Train Epoch: [7/30] Iters:[350/1093] gen_loss 0.2516, rec_loss 0.0110, lpips_loss 0.1339, g_loss 0.0196, disc_weight 0.4000, disc_adaptive_weight 5.4335, d_loss 0.4014, logits_real -0.0218, logits_fake -0.0193,
Train Epoch: [7/30] Iters:[360/1093] gen_loss 0.2453, rec_loss 0.0109, lpips_loss 0.1339, g_loss 0.0194, disc_weight 0.4000, disc_adaptive_weight 5.1573, d_loss 0.4014, logits_real -0.0216, logits_fake -0.0192,
Train Epoch: [7/30] Iters:[370/1093] gen_loss 0.2499, rec_loss 0.0110, lpips_loss 0.1343, g_loss 0.0195, disc_weight 0.4000, disc_adaptive_weight 5.3527, d_loss 0.4014, logits_real -0.0217, logits_fake -0.0193,
Train Epoch: [7/30] Iters:[380/1093] gen_loss 0.2481, rec_loss 0.0110, lpips_loss 0.1342, g_loss 0.0195, disc_weight 0.4000, disc_adaptive_weight 5.2647, d_loss 0.4014, logits_real -0.0219, logits_fake -0.0194,
Train Epoch: [7/30] Iters:[390/1093] gen_loss 0.2478, rec_loss 0.0110, lpips_loss 0.1346, g_loss 0.0195, disc_weight 0.4000, disc_adaptive_weight 5.2292, d_loss 0.4014, logits_real -0.0218, logits_fake -0.0193,
Train Epoch: [7/30] Iters:[400/1093] gen_loss 0.2479, rec_loss 0.0111, lpips_loss 0.1345, g_loss 0.0197, disc_weight 0.4000, disc_adaptive_weight 5.1846, d_loss 0.4014, logits_real -0.0217, logits_fake -0.0195,
Train Epoch: [7/30] Iters:[410/1093] gen_loss 0.2548, rec_loss 0.0111, lpips_loss 0.1341, g_loss 0.0198, disc_weight 0.4000, disc_adaptive_weight 5.5516, d_loss 0.4014, logits_real -0.0220, logits_fake -0.0195,
Train Epoch: [7/30] Iters:[420/1093] gen_loss 0.2514, rec_loss 0.0111, lpips_loss 0.1338, g_loss 0.0196, disc_weight 0.4000, disc_adaptive_weight 5.4397, d_loss 0.4014, logits_real -0.0219, logits_fake -0.0194,
Train Epoch: [7/30] Iters:[430/1093] gen_loss 0.2523, rec_loss 0.0111, lpips_loss 0.1336, g_loss 0.0194, disc_weight 0.4000, disc_adaptive_weight 5.5671, d_loss 0.4014, logits_real -0.0216, logits_fake -0.0192,
Train Epoch: [7/30] Iters:[440/1093] gen_loss 0.2506, rec_loss 0.0110, lpips_loss 0.1333, g_loss 0.0192, disc_weight 0.4000, disc_adaptive_weight 5.5382, d_loss 0.4014, logits_real -0.0216, logits_fake -0.0191,
Train Epoch: [7/30] Iters:[450/1093] gen_loss 0.2560, rec_loss 0.0111, lpips_loss 0.1337, g_loss 0.0191, disc_weight 0.4000, disc_adaptive_weight 5.8164, d_loss 0.4014, logits_real -0.0217, logits_fake -0.0191,
Train Epoch: [7/30] Iters:[460/1093] gen_loss 0.2568, rec_loss 0.0111, lpips_loss 0.1340, g_loss 0.0192, disc_weight 0.4000, disc_adaptive_weight 5.8133, d_loss 0.4014, logits_real -0.0215, logits_fake -0.0191,
Train Epoch: [7/30] Iters:[470/1093] gen_loss 0.2678, rec_loss 0.0112, lpips_loss 0.1341, g_loss 0.0193, disc_weight 0.4000, disc_adaptive_weight 6.3294, d_loss 0.4013, logits_real -0.0216, logits_fake -0.0193,
Train Epoch: [7/30] Iters:[480/1093] gen_loss 0.2654, rec_loss 0.0113, lpips_loss 0.1346, g_loss 0.0195, disc_weight 0.4000, disc_adaptive_weight 6.1265, d_loss 0.4014, logits_real -0.0218, logits_fake -0.0193,
Train Epoch: [7/30] Iters:[490/1093] gen_loss 0.2657, rec_loss 0.0114, lpips_loss 0.1351, g_loss 0.0192, disc_weight 0.4000, disc_adaptive_weight 6.1902, d_loss 0.4014, logits_real -0.0215, logits_fake -0.0190,
Train Epoch: [7/30] Iters:[500/1093] gen_loss 0.2609, rec_loss 0.0113, lpips_loss 0.1349, g_loss 0.0189, disc_weight 0.4000, disc_adaptive_weight 6.0510, d_loss 0.4014, logits_real -0.0212, logits_fake -0.0188,
Train Epoch: [7/30] Iters:[510/1093] gen_loss 0.2522, rec_loss 0.0112, lpips_loss 0.1347, g_loss 0.0186, disc_weight 0.4000, disc_adaptive_weight 5.6884, d_loss 0.4014, logits_real -0.0210, logits_fake -0.0185,
Train Epoch: [7/30] Iters:[520/1093] gen_loss 0.2405, rec_loss 0.0111, lpips_loss 0.1347, g_loss 0.0185, disc_weight 0.4000, disc_adaptive_weight 5.1197, d_loss 0.4013, logits_real -0.0207, logits_fake -0.0184,
Train Epoch: [7/30] Iters:[530/1093] gen_loss 0.2440, rec_loss 0.0110, lpips_loss 0.1342, g_loss 0.0186, disc_weight 0.4000, disc_adaptive_weight 5.2994, d_loss 0.4013, logits_real -0.0207, logits_fake -0.0184,
Train Epoch: [7/30] Iters:[540/1093] gen_loss 0.2473, rec_loss 0.0110, lpips_loss 0.1340, g_loss 0.0190, disc_weight 0.4000, disc_adaptive_weight 5.3636, d_loss 0.4013, logits_real -0.0212, logits_fake -0.0190,
Train Epoch: [7/30] Iters:[550/1093] gen_loss 0.2523, rec_loss 0.0109, lpips_loss 0.1340, g_loss 0.0194, disc_weight 0.4000, disc_adaptive_weight 5.5219, d_loss 0.4013, logits_real -0.0216, logits_fake -0.0193,
Train Epoch: [7/30] Iters:[560/1093] gen_loss 0.2561, rec_loss 0.0110, lpips_loss 0.1346, g_loss 0.0194, disc_weight 0.4000, disc_adaptive_weight 5.6883, d_loss 0.4013, logits_real -0.0216, logits_fake -0.0192,
Train Epoch: [7/30] Iters:[570/1093] gen_loss 0.2567, rec_loss 0.0111, lpips_loss 0.1342, g_loss 0.0192, disc_weight 0.4000, disc_adaptive_weight 5.7789, d_loss 0.4013, logits_real -0.0216, logits_fake -0.0192,
Train Epoch: [7/30] Iters:[580/1093] gen_loss 0.2519, rec_loss 0.0111, lpips_loss 0.1345, g_loss 0.0189, disc_weight 0.4000, disc_adaptive_weight 5.6169, d_loss 0.4013, logits_real -0.0212, logits_fake -0.0189,
Train Epoch: [7/30] Iters:[590/1093] gen_loss 0.2468, rec_loss 0.0112, lpips_loss 0.1349, g_loss 0.0184, disc_weight 0.4000, disc_adaptive_weight 5.4537, d_loss 0.4013, logits_real -0.0207, logits_fake -0.0185,
Train Epoch: [7/30] Iters:[600/1093] gen_loss 0.2432, rec_loss 0.0112, lpips_loss 0.1348, g_loss 0.0179, disc_weight 0.4000, disc_adaptive_weight 5.4095, d_loss 0.4013, logits_real -0.0204, logits_fake -0.0181,
Train Epoch: [7/30] Iters:[610/1093] gen_loss 0.2407, rec_loss 0.0111, lpips_loss 0.1344, g_loss 0.0178, disc_weight 0.4000, disc_adaptive_weight 5.3565, d_loss 0.4013, logits_real -0.0203, logits_fake -0.0180,
Train Epoch: [7/30] Iters:[620/1093] gen_loss 0.2413, rec_loss 0.0111, lpips_loss 0.1344, g_loss 0.0174, disc_weight 0.4000, disc_adaptive_weight 5.5263, d_loss 0.4014, logits_real -0.0198, logits_fake -0.0175,
Train Epoch: [7/30] Iters:[630/1093] gen_loss 0.2443, rec_loss 0.0111, lpips_loss 0.1343, g_loss 0.0169, disc_weight 0.4000, disc_adaptive_weight 5.8885, d_loss 0.4014, logits_real -0.0195, logits_fake -0.0171,
Train Epoch: [7/30] Iters:[640/1093] gen_loss 0.2447, rec_loss 0.0112, lpips_loss 0.1339, g_loss 0.0167, disc_weight 0.4000, disc_adaptive_weight 5.9950, d_loss 0.4014, logits_real -0.0191, logits_fake -0.0167,
Train Epoch: [7/30] Iters:[650/1093] gen_loss 0.2422, rec_loss 0.0111, lpips_loss 0.1339, g_loss 0.0166, disc_weight 0.4000, disc_adaptive_weight 5.8690, d_loss 0.4014, logits_real -0.0189, logits_fake -0.0165,
Train Epoch: [7/30] Iters:[660/1093] gen_loss 0.2413, rec_loss 0.0111, lpips_loss 0.1340, g_loss 0.0165, disc_weight 0.4000, disc_adaptive_weight 5.8307, d_loss 0.4013, logits_real -0.0188, logits_fake -0.0165,
Train Epoch: [7/30] Iters:[670/1093] gen_loss 0.2388, rec_loss 0.0111, lpips_loss 0.1340, g_loss 0.0169, disc_weight 0.4000, disc_adaptive_weight 5.5743, d_loss 0.4013, logits_real -0.0192, logits_fake -0.0169,
Train Epoch: [7/30] Iters:[680/1093] gen_loss 0.2388, rec_loss 0.0109, lpips_loss 0.1341, g_loss 0.0175, disc_weight 0.4000, disc_adaptive_weight 5.3752, d_loss 0.4014, logits_real -0.0196, logits_fake -0.0172,
Train Epoch: [7/30] Iters:[690/1093] gen_loss 0.2406, rec_loss 0.0107, lpips_loss 0.1336, g_loss 0.0179, disc_weight 0.4000, disc_adaptive_weight 5.3843, d_loss 0.4014, logits_real -0.0201, logits_fake -0.0176,
Train Epoch: [7/30] Iters:[700/1093] gen_loss 0.2446, rec_loss 0.0110, lpips_loss 0.1344, g_loss 0.0182, disc_weight 0.4000, disc_adaptive_weight 5.4501, d_loss 0.4013, logits_real -0.0205, logits_fake -0.0181,
Train Epoch: [7/30] Iters:[710/1093] gen_loss 0.2479, rec_loss 0.0110, lpips_loss 0.1341, g_loss 0.0185, disc_weight 0.4000, disc_adaptive_weight 5.5825, d_loss 0.4013, logits_real -0.0206, logits_fake -0.0182,
Train Epoch: [7/30] Iters:[720/1093] gen_loss 0.2521, rec_loss 0.0109, lpips_loss 0.1341, g_loss 0.0185, disc_weight 0.4000, disc_adaptive_weight 5.8028, d_loss 0.4013, logits_real -0.0207, logits_fake -0.0184,
Train Epoch: [7/30] Iters:[730/1093] gen_loss 0.2490, rec_loss 0.0110, lpips_loss 0.1338, g_loss 0.0183, disc_weight 0.4000, disc_adaptive_weight 5.6864, d_loss 0.4013, logits_real -0.0208, logits_fake -0.0184,
Train Epoch: [7/30] Iters:[740/1093] gen_loss 0.2534, rec_loss 0.0111, lpips_loss 0.1341, g_loss 0.0180, disc_weight 0.4000, disc_adaptive_weight 6.0382, d_loss 0.4013, logits_real -0.0203, logits_fake -0.0182,
Train Epoch: [7/30] Iters:[750/1093] gen_loss 0.2506, rec_loss 0.0109, lpips_loss 0.1337, g_loss 0.0176, disc_weight 0.4000, disc_adaptive_weight 6.0405, d_loss 0.4013, logits_real -0.0199, logits_fake -0.0177,
Train Epoch: [7/30] Iters:[760/1093] gen_loss 0.2443, rec_loss 0.0110, lpips_loss 0.1338, g_loss 0.0172, disc_weight 0.4000, disc_adaptive_weight 5.7981, d_loss 0.4013, logits_real -0.0196, logits_fake -0.0174,
Train Epoch: [7/30] Iters:[770/1093] gen_loss 0.2415, rec_loss 0.0110, lpips_loss 0.1342, g_loss 0.0168, disc_weight 0.4000, disc_adaptive_weight 5.7463, d_loss 0.4013, logits_real -0.0192, logits_fake -0.0168,
Train Epoch: [7/30] Iters:[780/1093] gen_loss 0.2410, rec_loss 0.0111, lpips_loss 0.1343, g_loss 0.0164, disc_weight 0.4000, disc_adaptive_weight 5.8121, d_loss 0.4013, logits_real -0.0187, logits_fake -0.0165,
Train Epoch: [7/30] Iters:[790/1093] gen_loss 0.2320, rec_loss 0.0110, lpips_loss 0.1348, g_loss 0.0162, disc_weight 0.4000, disc_adaptive_weight 5.3019, d_loss 0.4013, logits_real -0.0187, logits_fake -0.0162,
Train Epoch: [7/30] Iters:[800/1093] gen_loss 0.2295, rec_loss 0.0110, lpips_loss 0.1343, g_loss 0.0161, disc_weight 0.4000, disc_adaptive_weight 5.2173, d_loss 0.4013, logits_real -0.0185, logits_fake -0.0163,
Train Epoch: [7/30] Iters:[810/1093] gen_loss 0.2337, rec_loss 0.0112, lpips_loss 0.1347, g_loss 0.0159, disc_weight 0.4000, disc_adaptive_weight 5.5086, d_loss 0.4013, logits_real -0.0184, logits_fake -0.0162,
Train Epoch: [7/30] Iters:[820/1093] gen_loss 0.2343, rec_loss 0.0111, lpips_loss 0.1345, g_loss 0.0159, disc_weight 0.4000, disc_adaptive_weight 5.6077, d_loss 0.4013, logits_real -0.0182, logits_fake -0.0161,
Train Epoch: [7/30] Iters:[830/1093] gen_loss 0.2338, rec_loss 0.0111, lpips_loss 0.1344, g_loss 0.0157, disc_weight 0.4000, disc_adaptive_weight 5.6582, d_loss 0.4013, logits_real -0.0181, logits_fake -0.0160,
Train Epoch: [7/30] Iters:[840/1093] gen_loss 0.2352, rec_loss 0.0111, lpips_loss 0.1343, g_loss 0.0155, disc_weight 0.4000, disc_adaptive_weight 5.7967, d_loss 0.4013, logits_real -0.0181, logits_fake -0.0161,
Train Epoch: [7/30] Iters:[850/1093] gen_loss 0.2341, rec_loss 0.0109, lpips_loss 0.1343, g_loss 0.0153, disc_weight 0.4000, disc_adaptive_weight 5.8101, d_loss 0.4013, logits_real -0.0182, logits_fake -0.0160,
Train Epoch: [7/30] Iters:[860/1093] gen_loss 0.2281, rec_loss 0.0108, lpips_loss 0.1338, g_loss 0.0153, disc_weight 0.4000, disc_adaptive_weight 5.4738, d_loss 0.4013, logits_real -0.0180, logits_fake -0.0158,
Train Epoch: [7/30] Iters:[870/1093] gen_loss 0.2223, rec_loss 0.0108, lpips_loss 0.1336, g_loss 0.0151, disc_weight 0.4000, disc_adaptive_weight 5.1691, d_loss 0.4013, logits_real -0.0179, logits_fake -0.0157,
Train Epoch: [7/30] Iters:[880/1093] gen_loss 0.2224, rec_loss 0.0108, lpips_loss 0.1338, g_loss 0.0151, disc_weight 0.4000, disc_adaptive_weight 5.1677, d_loss 0.4013, logits_real -0.0179, logits_fake -0.0158,
Train Epoch: [7/30] Iters:[890/1093] gen_loss 0.2227, rec_loss 0.0108, lpips_loss 0.1336, g_loss 0.0153, disc_weight 0.4000, disc_adaptive_weight 5.1320, d_loss 0.4013, logits_real -0.0179, logits_fake -0.0157,
Train Epoch: [7/30] Iters:[900/1093] gen_loss 0.2244, rec_loss 0.0109, lpips_loss 0.1341, g_loss 0.0157, disc_weight 0.4000, disc_adaptive_weight 5.1103, d_loss 0.4012, logits_real -0.0177, logits_fake -0.0160,
Train Epoch: [7/30] Iters:[910/1093] gen_loss 0.2288, rec_loss 0.0110, lpips_loss 0.1347, g_loss 0.0159, disc_weight 0.4000, disc_adaptive_weight 5.2672, d_loss 0.4012, logits_real -0.0184, logits_fake -0.0166,
Train Epoch: [7/30] Iters:[920/1093] gen_loss 0.2320, rec_loss 0.0111, lpips_loss 0.1353, g_loss 0.0163, disc_weight 0.4000, disc_adaptive_weight 5.3162, d_loss 0.4012, logits_real -0.0188, logits_fake -0.0170,
Train Epoch: [7/30] Iters:[930/1093] gen_loss 0.2335, rec_loss 0.0111, lpips_loss 0.1351, g_loss 0.0167, disc_weight 0.4000, disc_adaptive_weight 5.2740, d_loss 0.4013, logits_real -0.0192, logits_fake -0.0172,
Train Epoch: [7/30] Iters:[940/1093] gen_loss 0.2348, rec_loss 0.0111, lpips_loss 0.1349, g_loss 0.0169, disc_weight 0.4000, disc_adaptive_weight 5.2786, d_loss 0.4012, logits_real -0.0195, logits_fake -0.0176,
Train Epoch: [7/30] Iters:[950/1093] gen_loss 0.2370, rec_loss 0.0111, lpips_loss 0.1348, g_loss 0.0167, disc_weight 0.4000, disc_adaptive_weight 5.4376, d_loss 0.4013, logits_real -0.0197, logits_fake -0.0174,
Train Epoch: [7/30] Iters:[960/1093] gen_loss 0.2354, rec_loss 0.0109, lpips_loss 0.1344, g_loss 0.0167, disc_weight 0.4000, disc_adaptive_weight 5.3875, d_loss 0.4013, logits_real -0.0192, logits_fake -0.0169,
Train Epoch: [7/30] Iters:[970/1093] gen_loss 0.2341, rec_loss 0.0108, lpips_loss 0.1336, g_loss 0.0164, disc_weight 0.4000, disc_adaptive_weight 5.4600, d_loss 0.4013, logits_real -0.0189, logits_fake -0.0167,
Train Epoch: [7/30] Iters:[980/1093] gen_loss 0.2329, rec_loss 0.0108, lpips_loss 0.1334, g_loss 0.0161, disc_weight 0.4000, disc_adaptive_weight 5.5172, d_loss 0.4013, logits_real -0.0188, logits_fake -0.0164,
Train Epoch: [7/30] Iters:[990/1093] gen_loss 0.2285, rec_loss 0.0109, lpips_loss 0.1340, g_loss 0.0156, disc_weight 0.4000, disc_adaptive_weight 5.3644, d_loss 0.4013, logits_real -0.0182, logits_fake -0.0158,
Train Epoch: [7/30] Iters:[1000/1093] gen_loss 0.2239, rec_loss 0.0108, lpips_loss 0.1337, g_loss 0.0155, disc_weight 0.4000, disc_adaptive_weight 5.1350, d_loss 0.4013, logits_real -0.0179, logits_fake -0.0156,
Train Epoch: [7/30] Iters:[1010/1093] gen_loss 0.2227, rec_loss 0.0108, lpips_loss 0.1333, g_loss 0.0153, disc_weight 0.4000, disc_adaptive_weight 5.1544, d_loss 0.4012, logits_real -0.0176, logits_fake -0.0156,
Train Epoch: [7/30] Iters:[1020/1093] gen_loss 0.2210, rec_loss 0.0108, lpips_loss 0.1336, g_loss 0.0154, disc_weight 0.4000, disc_adaptive_weight 5.0062, d_loss 0.4012, logits_real -0.0175, logits_fake -0.0156,
Train Epoch: [7/30] Iters:[1030/1093] gen_loss 0.2211, rec_loss 0.0109, lpips_loss 0.1338, g_loss 0.0153, disc_weight 0.4000, disc_adaptive_weight 5.0022, d_loss 0.4012, logits_real -0.0176, logits_fake -0.0158,
Train Epoch: [7/30] Iters:[1040/1093] gen_loss 0.2234, rec_loss 0.0109, lpips_loss 0.1334, g_loss 0.0155, disc_weight 0.4000, disc_adaptive_weight 5.1350, d_loss 0.4012, logits_real -0.0177, logits_fake -0.0159,
Train Epoch: [7/30] Iters:[1050/1093] gen_loss 0.2281, rec_loss 0.0109, lpips_loss 0.1332, g_loss 0.0155, disc_weight 0.4000, disc_adaptive_weight 5.4797, d_loss 0.4012, logits_real -0.0178, logits_fake -0.0157,
Train Epoch: [7/30] Iters:[1060/1093] gen_loss 0.2290, rec_loss 0.0110, lpips_loss 0.1332, g_loss 0.0154, disc_weight 0.4000, disc_adaptive_weight 5.5521, d_loss 0.4013, logits_real -0.0179, logits_fake -0.0157,
Train Epoch: [7/30] Iters:[1070/1093] gen_loss 0.2385, rec_loss 0.0112, lpips_loss 0.1336, g_loss 0.0156, disc_weight 0.4000, disc_adaptive_weight 6.0452, d_loss 0.4013, logits_real -0.0180, logits_fake -0.0158,
Train Epoch: [7/30] Iters:[1080/1093] gen_loss 0.2405, rec_loss 0.0113, lpips_loss 0.1344, g_loss 0.0159, disc_weight 0.4000, disc_adaptive_weight 6.0161, d_loss 0.4012, logits_real -0.0177, logits_fake -0.0158,
Train Epoch: [7/30] Iters:[1090/1093] gen_loss 0.2410, rec_loss 0.0113, lpips_loss 0.1346, g_loss 0.0160, disc_weight 0.4000, disc_adaptive_weight 5.9847, d_loss 0.4013, logits_real -0.0182, logits_fake -0.0160,
epoch:8, cur_lr:0.000010
Train Epoch: [8/30] Iters:[10/1093] gen_loss 0.2190, rec_loss 0.0107, lpips_loss 0.1328, g_loss 0.0150, disc_weight 0.4000, disc_adaptive_weight 5.0044, d_loss 0.4012, logits_real -0.0182, logits_fake -0.0165,
Train Epoch: [8/30] Iters:[20/1093] gen_loss 0.2273, rec_loss 0.0108, lpips_loss 0.1329, g_loss 0.0155, disc_weight 0.4000, disc_adaptive_weight 5.3644, d_loss 0.4013, logits_real -0.0177, logits_fake -0.0154,
Train Epoch: [8/30] Iters:[30/1093] gen_loss 0.2261, rec_loss 0.0108, lpips_loss 0.1327, g_loss 0.0154, disc_weight 0.4000, disc_adaptive_weight 5.3686, d_loss 0.4013, logits_real -0.0174, logits_fake -0.0149,
Train Epoch: [8/30] Iters:[40/1093] gen_loss 0.2263, rec_loss 0.0108, lpips_loss 0.1327, g_loss 0.0153, disc_weight 0.4000, disc_adaptive_weight 5.4016, d_loss 0.4013, logits_real -0.0173, logits_fake -0.0150,
Train Epoch: [8/30] Iters:[50/1093] gen_loss 0.2278, rec_loss 0.0108, lpips_loss 0.1326, g_loss 0.0153, disc_weight 0.4000, disc_adaptive_weight 5.5115, d_loss 0.4013, logits_real -0.0174, logits_fake -0.0150,
Train Epoch: [8/30] Iters:[60/1093] gen_loss 0.2280, rec_loss 0.0109, lpips_loss 0.1327, g_loss 0.0154, disc_weight 0.4000, disc_adaptive_weight 5.4759, d_loss 0.4013, logits_real -0.0172, logits_fake -0.0148,
Train Epoch: [8/30] Iters:[70/1093] gen_loss 0.2271, rec_loss 0.0109, lpips_loss 0.1328, g_loss 0.0155, disc_weight 0.4000, disc_adaptive_weight 5.4109, d_loss 0.4012, logits_real -0.0173, logits_fake -0.0150,
Train Epoch: [8/30] Iters:[80/1093] gen_loss 0.2240, rec_loss 0.0110, lpips_loss 0.1331, g_loss 0.0155, disc_weight 0.4000, disc_adaptive_weight 5.1535, d_loss 0.4012, logits_real -0.0173, logits_fake -0.0152,
Train Epoch: [8/30] Iters:[90/1093] gen_loss 0.2216, rec_loss 0.0109, lpips_loss 0.1331, g_loss 0.0156, disc_weight 0.4000, disc_adaptive_weight 4.9760, d_loss 0.4012, logits_real -0.0175, logits_fake -0.0152,
Train Epoch: [8/30] Iters:[100/1093] gen_loss 0.2168, rec_loss 0.0109, lpips_loss 0.1332, g_loss 0.0157, disc_weight 0.4000, disc_adaptive_weight 4.6408, d_loss 0.4012, logits_real -0.0173, logits_fake -0.0152,
Train Epoch: [8/30] Iters:[110/1093] gen_loss 0.2203, rec_loss 0.0108, lpips_loss 0.1330, g_loss 0.0159, disc_weight 0.4000, disc_adaptive_weight 4.7927, d_loss 0.4012, logits_real -0.0177, logits_fake -0.0155,
Train Epoch: [8/30] Iters:[120/1093] gen_loss 0.2225, rec_loss 0.0109, lpips_loss 0.1333, g_loss 0.0161, disc_weight 0.4000, disc_adaptive_weight 4.8315, d_loss 0.4012, logits_real -0.0180, logits_fake -0.0159,
Train Epoch: [8/30] Iters:[130/1093] gen_loss 0.2255, rec_loss 0.0108, lpips_loss 0.1331, g_loss 0.0165, disc_weight 0.4000, disc_adaptive_weight 4.9274, d_loss 0.4012, logits_real -0.0186, logits_fake -0.0163,
Train Epoch: [8/30] Iters:[140/1093] gen_loss 0.2302, rec_loss 0.0109, lpips_loss 0.1332, g_loss 0.0168, disc_weight 0.4000, disc_adaptive_weight 5.0990, d_loss 0.4012, logits_real -0.0188, logits_fake -0.0166,
Train Epoch: [8/30] Iters:[150/1093] gen_loss 0.2313, rec_loss 0.0109, lpips_loss 0.1331, g_loss 0.0169, disc_weight 0.4000, disc_adaptive_weight 5.1497, d_loss 0.4013, logits_real -0.0190, logits_fake -0.0167,
Train Epoch: [8/30] Iters:[160/1093] gen_loss 0.2297, rec_loss 0.0108, lpips_loss 0.1330, g_loss 0.0167, disc_weight 0.4000, disc_adaptive_weight 5.1308, d_loss 0.4012, logits_real -0.0188, logits_fake -0.0165,
Train Epoch: [8/30] Iters:[170/1093] gen_loss 0.2270, rec_loss 0.0107, lpips_loss 0.1324, g_loss 0.0166, disc_weight 0.4000, disc_adaptive_weight 5.0343, d_loss 0.4013, logits_real -0.0188, logits_fake -0.0164,
Train Epoch: [8/30] Iters:[180/1093] gen_loss 0.2365, rec_loss 0.0107, lpips_loss 0.1323, g_loss 0.0168, disc_weight 0.4000, disc_adaptive_weight 5.5330, d_loss 0.4012, logits_real -0.0188, logits_fake -0.0167,
Train Epoch: [8/30] Iters:[190/1093] gen_loss 0.2415, rec_loss 0.0108, lpips_loss 0.1327, g_loss 0.0171, disc_weight 0.4000, disc_adaptive_weight 5.6772, d_loss 0.4012, logits_real -0.0192, logits_fake -0.0170,
Train Epoch: [8/30] Iters:[200/1093] gen_loss 0.2484, rec_loss 0.0107, lpips_loss 0.1330, g_loss 0.0176, disc_weight 0.4000, disc_adaptive_weight 5.9369, d_loss 0.4012, logits_real -0.0196, logits_fake -0.0174,
Train Epoch: [8/30] Iters:[210/1093] gen_loss 0.2504, rec_loss 0.0109, lpips_loss 0.1336, g_loss 0.0181, disc_weight 0.4000, disc_adaptive_weight 5.8561, d_loss 0.4012, logits_real -0.0200, logits_fake -0.0180,
Train Epoch: [8/30] Iters:[220/1093] gen_loss 0.2515, rec_loss 0.0109, lpips_loss 0.1340, g_loss 0.0184, disc_weight 0.4000, disc_adaptive_weight 5.7976, d_loss 0.4012, logits_real -0.0204, logits_fake -0.0184,
Train Epoch: [8/30] Iters:[230/1093] gen_loss 0.2472, rec_loss 0.0111, lpips_loss 0.1343, g_loss 0.0184, disc_weight 0.4000, disc_adaptive_weight 5.5413, d_loss 0.4012, logits_real -0.0205, logits_fake -0.0185,
Train Epoch: [8/30] Iters:[240/1093] gen_loss 0.2413, rec_loss 0.0110, lpips_loss 0.1344, g_loss 0.0183, disc_weight 0.4000, disc_adaptive_weight 5.2611, d_loss 0.4012, logits_real -0.0207, logits_fake -0.0186,
Train Epoch: [8/30] Iters:[250/1093] gen_loss 0.2358, rec_loss 0.0111, lpips_loss 0.1342, g_loss 0.0182, disc_weight 0.4000, disc_adaptive_weight 4.9761, d_loss 0.4012, logits_real -0.0206, logits_fake -0.0186,
Train Epoch: [8/30] Iters:[260/1093] gen_loss 0.2349, rec_loss 0.0110, lpips_loss 0.1338, g_loss 0.0182, disc_weight 0.4000, disc_adaptive_weight 4.9527, d_loss 0.4012, logits_real -0.0206, logits_fake -0.0185,
Train Epoch: [8/30] Iters:[270/1093] gen_loss 0.2377, rec_loss 0.0110, lpips_loss 0.1339, g_loss 0.0182, disc_weight 0.4000, disc_adaptive_weight 5.0944, d_loss 0.4012, logits_real -0.0206, logits_fake -0.0184,
Train Epoch: [8/30] Iters:[280/1093] gen_loss 0.2340, rec_loss 0.0110, lpips_loss 0.1339, g_loss 0.0182, disc_weight 0.4000, disc_adaptive_weight 4.8959, d_loss 0.4012, logits_real -0.0205, logits_fake -0.0183,
Train Epoch: [8/30] Iters:[290/1093] gen_loss 0.2357, rec_loss 0.0110, lpips_loss 0.1334, g_loss 0.0181, disc_weight 0.4000, disc_adaptive_weight 5.0393, d_loss 0.4012, logits_real -0.0203, logits_fake -0.0183,
Train Epoch: [8/30] Iters:[300/1093] gen_loss 0.2350, rec_loss 0.0108, lpips_loss 0.1329, g_loss 0.0180, disc_weight 0.4000, disc_adaptive_weight 5.0492, d_loss 0.4012, logits_real -0.0204, logits_fake -0.0182,
Train Epoch: [8/30] Iters:[310/1093] gen_loss 0.2355, rec_loss 0.0108, lpips_loss 0.1329, g_loss 0.0180, disc_weight 0.4000, disc_adaptive_weight 5.0807, d_loss 0.4012, logits_real -0.0202, logits_fake -0.0182,
Train Epoch: [8/30] Iters:[320/1093] gen_loss 0.2312, rec_loss 0.0108, lpips_loss 0.1327, g_loss 0.0179, disc_weight 0.4000, disc_adaptive_weight 4.9048, d_loss 0.4011, logits_real -0.0201, logits_fake -0.0182,
Train Epoch: [8/30] Iters:[330/1093] gen_loss 0.2341, rec_loss 0.0106, lpips_loss 0.1320, g_loss 0.0178, disc_weight 0.4000, disc_adaptive_weight 5.1369, d_loss 0.4011, logits_real -0.0200, logits_fake -0.0180,
Train Epoch: [8/30] Iters:[340/1093] gen_loss 0.2340, rec_loss 0.0106, lpips_loss 0.1322, g_loss 0.0178, disc_weight 0.4000, disc_adaptive_weight 5.1236, d_loss 0.4012, logits_real -0.0200, logits_fake -0.0179,
Train Epoch: [8/30] Iters:[350/1093] gen_loss 0.2412, rec_loss 0.0108, lpips_loss 0.1328, g_loss 0.0180, disc_weight 0.4000, disc_adaptive_weight 5.4448, d_loss 0.4012, logits_real -0.0199, logits_fake -0.0179,
Train Epoch: [8/30] Iters:[360/1093] gen_loss 0.2467, rec_loss 0.0109, lpips_loss 0.1329, g_loss 0.0179, disc_weight 0.4000, disc_adaptive_weight 5.7717, d_loss 0.4012, logits_real -0.0201, logits_fake -0.0180,
Train Epoch: [8/30] Iters:[370/1093] gen_loss 0.2513, rec_loss 0.0110, lpips_loss 0.1331, g_loss 0.0180, disc_weight 0.4000, disc_adaptive_weight 5.9729, d_loss 0.4012, logits_real -0.0201, logits_fake -0.0178,
Train Epoch: [8/30] Iters:[380/1093] gen_loss 0.2467, rec_loss 0.0111, lpips_loss 0.1340, g_loss 0.0181, disc_weight 0.4000, disc_adaptive_weight 5.6278, d_loss 0.4012, logits_real -0.0204, logits_fake -0.0181,
Train Epoch: [8/30] Iters:[390/1093] gen_loss 0.2479, rec_loss 0.0112, lpips_loss 0.1344, g_loss 0.0182, disc_weight 0.4000, disc_adaptive_weight 5.6531, d_loss 0.4012, logits_real -0.0203, logits_fake -0.0181,
Train Epoch: [8/30] Iters:[400/1093] gen_loss 0.2450, rec_loss 0.0111, lpips_loss 0.1346, g_loss 0.0178, disc_weight 0.4000, disc_adaptive_weight 5.6085, d_loss 0.4012, logits_real -0.0201, logits_fake -0.0177,
Train Epoch: [8/30] Iters:[410/1093] gen_loss 0.2404, rec_loss 0.0112, lpips_loss 0.1347, g_loss 0.0175, disc_weight 0.4000, disc_adaptive_weight 5.4255, d_loss 0.4012, logits_real -0.0198, logits_fake -0.0174,
Train Epoch: [8/30] Iters:[420/1093] gen_loss 0.2362, rec_loss 0.0112, lpips_loss 0.1345, g_loss 0.0171, disc_weight 0.4000, disc_adaptive_weight 5.3037, d_loss 0.4012, logits_real -0.0196, logits_fake -0.0173,
Train Epoch: [8/30] Iters:[430/1093] gen_loss 0.2426, rec_loss 0.0113, lpips_loss 0.1349, g_loss 0.0168, disc_weight 0.4000, disc_adaptive_weight 5.7401, d_loss 0.4012, logits_real -0.0188, logits_fake -0.0168,
Train Epoch: [8/30] Iters:[440/1093] gen_loss 0.2427, rec_loss 0.0112, lpips_loss 0.1341, g_loss 0.0166, disc_weight 0.4000, disc_adaptive_weight 5.8731, d_loss 0.4011, logits_real -0.0187, logits_fake -0.0167,
Train Epoch: [8/30] Iters:[450/1093] gen_loss 0.2482, rec_loss 0.0112, lpips_loss 0.1344, g_loss 0.0168, disc_weight 0.4000, disc_adaptive_weight 6.0913, d_loss 0.4012, logits_real -0.0189, logits_fake -0.0169,
Train Epoch: [8/30] Iters:[460/1093] gen_loss 0.2468, rec_loss 0.0111, lpips_loss 0.1343, g_loss 0.0169, disc_weight 0.4000, disc_adaptive_weight 5.9765, d_loss 0.4012, logits_real -0.0191, logits_fake -0.0169,
Train Epoch: [8/30] Iters:[470/1093] gen_loss 0.2495, rec_loss 0.0111, lpips_loss 0.1349, g_loss 0.0170, disc_weight 0.4000, disc_adaptive_weight 6.0694, d_loss 0.4012, logits_real -0.0193, logits_fake -0.0169,
Train Epoch: [8/30] Iters:[480/1093] gen_loss 0.2441, rec_loss 0.0109, lpips_loss 0.1344, g_loss 0.0171, disc_weight 0.4000, disc_adaptive_weight 5.7508, d_loss 0.4013, logits_real -0.0196, logits_fake -0.0171,
Train Epoch: [8/30] Iters:[490/1093] gen_loss 0.2410, rec_loss 0.0110, lpips_loss 0.1344, g_loss 0.0172, disc_weight 0.4000, disc_adaptive_weight 5.5427, d_loss 0.4012, logits_real -0.0194, logits_fake -0.0170,
Train Epoch: [8/30] Iters:[500/1093] gen_loss 0.2300, rec_loss 0.0110, lpips_loss 0.1340, g_loss 0.0169, disc_weight 0.4000, disc_adaptive_weight 5.0100, d_loss 0.4012, logits_real -0.0192, logits_fake -0.0169,
Train Epoch: [8/30] Iters:[510/1093] gen_loss 0.2277, rec_loss 0.0111, lpips_loss 0.1344, g_loss 0.0167, disc_weight 0.4000, disc_adaptive_weight 4.8906, d_loss 0.4012, logits_real -0.0189, logits_fake -0.0167,
Train Epoch: [8/30] Iters:[520/1093] gen_loss 0.2235, rec_loss 0.0111, lpips_loss 0.1342, g_loss 0.0165, disc_weight 0.4000, disc_adaptive_weight 4.7327, d_loss 0.4012, logits_real -0.0188, logits_fake -0.0166,
Train Epoch: [8/30] Iters:[530/1093] gen_loss 0.2247, rec_loss 0.0111, lpips_loss 0.1340, g_loss 0.0163, disc_weight 0.4000, disc_adaptive_weight 4.8656, d_loss 0.4012, logits_real -0.0185, logits_fake -0.0163,
Train Epoch: [8/30] Iters:[540/1093] gen_loss 0.2268, rec_loss 0.0110, lpips_loss 0.1344, g_loss 0.0162, disc_weight 0.4000, disc_adaptive_weight 5.0391, d_loss 0.4012, logits_real -0.0184, logits_fake -0.0163,
Train Epoch: [8/30] Iters:[550/1093] gen_loss 0.2305, rec_loss 0.0111, lpips_loss 0.1347, g_loss 0.0162, disc_weight 0.4000, disc_adaptive_weight 5.2331, d_loss 0.4012, logits_real -0.0183, logits_fake -0.0162,
Train Epoch: [8/30] Iters:[560/1093] gen_loss 0.2332, rec_loss 0.0111, lpips_loss 0.1344, g_loss 0.0163, disc_weight 0.4000, disc_adaptive_weight 5.4074, d_loss 0.4012, logits_real -0.0185, logits_fake -0.0163,
Train Epoch: [8/30] Iters:[570/1093] gen_loss 0.2364, rec_loss 0.0110, lpips_loss 0.1340, g_loss 0.0165, disc_weight 0.4000, disc_adaptive_weight 5.5532, d_loss 0.4012, logits_real -0.0186, logits_fake -0.0165,
Train Epoch: [8/30] Iters:[580/1093] gen_loss 0.2361, rec_loss 0.0111, lpips_loss 0.1340, g_loss 0.0166, disc_weight 0.4000, disc_adaptive_weight 5.4825, d_loss 0.4012, logits_real -0.0189, logits_fake -0.0167,
Train Epoch: [8/30] Iters:[590/1093] gen_loss 0.2342, rec_loss 0.0111, lpips_loss 0.1339, g_loss 0.0170, disc_weight 0.4000, disc_adaptive_weight 5.2477, d_loss 0.4012, logits_real -0.0194, logits_fake -0.0171,
Train Epoch: [8/30] Iters:[600/1093] gen_loss 0.2374, rec_loss 0.0109, lpips_loss 0.1332, g_loss 0.0174, disc_weight 0.4000, disc_adaptive_weight 5.3604, d_loss 0.4012, logits_real -0.0197, logits_fake -0.0174,
Train Epoch: [8/30] Iters:[610/1093] gen_loss 0.2421, rec_loss 0.0110, lpips_loss 0.1334, g_loss 0.0176, disc_weight 0.4000, disc_adaptive_weight 5.5336, d_loss 0.4012, logits_real -0.0201, logits_fake -0.0177,
Train Epoch: [8/30] Iters:[620/1093] gen_loss 0.2476, rec_loss 0.0111, lpips_loss 0.1336, g_loss 0.0178, disc_weight 0.4000, disc_adaptive_weight 5.7578, d_loss 0.4012, logits_real -0.0202, logits_fake -0.0179,
Train Epoch: [8/30] Iters:[630/1093] gen_loss 0.2527, rec_loss 0.0112, lpips_loss 0.1340, g_loss 0.0181, disc_weight 0.4000, disc_adaptive_weight 5.9305, d_loss 0.4012, logits_real -0.0205, logits_fake -0.0181,
Train Epoch: [8/30] Iters:[640/1093] gen_loss 0.2594, rec_loss 0.0113, lpips_loss 0.1342, g_loss 0.0183, disc_weight 0.4000, disc_adaptive_weight 6.2329, d_loss 0.4012, logits_real -0.0206, logits_fake -0.0182,
Train Epoch: [8/30] Iters:[650/1093] gen_loss 0.2609, rec_loss 0.0114, lpips_loss 0.1349, g_loss 0.0184, disc_weight 0.4000, disc_adaptive_weight 6.2270, d_loss 0.4012, logits_real -0.0208, logits_fake -0.0184,
Train Epoch: [8/30] Iters:[660/1093] gen_loss 0.2639, rec_loss 0.0115, lpips_loss 0.1351, g_loss 0.0187, disc_weight 0.4000, disc_adaptive_weight 6.2477, d_loss 0.4012, logits_real -0.0210, logits_fake -0.0187,
Train Epoch: [8/30] Iters:[670/1093] gen_loss 0.2608, rec_loss 0.0115, lpips_loss 0.1354, g_loss 0.0190, disc_weight 0.4000, disc_adaptive_weight 5.9935, d_loss 0.4012, logits_real -0.0211, logits_fake -0.0188,
Train Epoch: [8/30] Iters:[680/1093] gen_loss 0.2628, rec_loss 0.0116, lpips_loss 0.1355, g_loss 0.0190, disc_weight 0.4000, disc_adaptive_weight 6.0793, d_loss 0.4012, logits_real -0.0212, logits_fake -0.0190,
Train Epoch: [8/30] Iters:[690/1093] gen_loss 0.2593, rec_loss 0.0114, lpips_loss 0.1355, g_loss 0.0191, disc_weight 0.4000, disc_adaptive_weight 5.8996, d_loss 0.4012, logits_real -0.0212, logits_fake -0.0189,
Train Epoch: [8/30] Iters:[700/1093] gen_loss 0.2592, rec_loss 0.0115, lpips_loss 0.1356, g_loss 0.0189, disc_weight 0.4000, disc_adaptive_weight 5.9332, d_loss 0.4012, logits_real -0.0211, logits_fake -0.0188,
Train Epoch: [8/30] Iters:[710/1093] gen_loss 0.2530, rec_loss 0.0112, lpips_loss 0.1351, g_loss 0.0187, disc_weight 0.4000, disc_adaptive_weight 5.7130, d_loss 0.4013, logits_real -0.0211, logits_fake -0.0185,
Train Epoch: [8/30] Iters:[720/1093] gen_loss 0.2538, rec_loss 0.0111, lpips_loss 0.1349, g_loss 0.0185, disc_weight 0.4000, disc_adaptive_weight 5.8241, d_loss 0.4013, logits_real -0.0209, logits_fake -0.0183,
Train Epoch: [8/30] Iters:[730/1093] gen_loss 0.2533, rec_loss 0.0110, lpips_loss 0.1346, g_loss 0.0184, disc_weight 0.4000, disc_adaptive_weight 5.8574, d_loss 0.4013, logits_real -0.0208, logits_fake -0.0181,
Train Epoch: [8/30] Iters:[740/1093] gen_loss 0.2510, rec_loss 0.0110, lpips_loss 0.1345, g_loss 0.0183, disc_weight 0.4000, disc_adaptive_weight 5.7632, d_loss 0.4012, logits_real -0.0207, logits_fake -0.0182,
Train Epoch: [8/30] Iters:[750/1093] gen_loss 0.2455, rec_loss 0.0110, lpips_loss 0.1342, g_loss 0.0183, disc_weight 0.4000, disc_adaptive_weight 5.4695, d_loss 0.4012, logits_real -0.0207, logits_fake -0.0181,
Train Epoch: [8/30] Iters:[760/1093] gen_loss 0.2446, rec_loss 0.0110, lpips_loss 0.1340, g_loss 0.0184, disc_weight 0.4000, disc_adaptive_weight 5.4185, d_loss 0.4012, logits_real -0.0205, logits_fake -0.0182,
Train Epoch: [8/30] Iters:[770/1093] gen_loss 0.2416, rec_loss 0.0111, lpips_loss 0.1342, g_loss 0.0183, disc_weight 0.4000, disc_adaptive_weight 5.2903, d_loss 0.4012, logits_real -0.0204, logits_fake -0.0181,
Train Epoch: [8/30] Iters:[780/1093] gen_loss 0.2416, rec_loss 0.0110, lpips_loss 0.1339, g_loss 0.0182, disc_weight 0.4000, disc_adaptive_weight 5.3192, d_loss 0.4011, logits_real -0.0201, logits_fake -0.0180,
Train Epoch: [8/30] Iters:[790/1093] gen_loss 0.2465, rec_loss 0.0110, lpips_loss 0.1342, g_loss 0.0184, disc_weight 0.4000, disc_adaptive_weight 5.5178, d_loss 0.4012, logits_real -0.0200, logits_fake -0.0178,
Train Epoch: [8/30] Iters:[800/1093] gen_loss 0.2571, rec_loss 0.0109, lpips_loss 0.1341, g_loss 0.0184, disc_weight 0.4000, disc_adaptive_weight 6.0952, d_loss 0.4011, logits_real -0.0200, logits_fake -0.0179,
Train Epoch: [8/30] Iters:[810/1093] gen_loss 0.2626, rec_loss 0.0112, lpips_loss 0.1348, g_loss 0.0183, disc_weight 0.4000, disc_adaptive_weight 6.3496, d_loss 0.4011, logits_real -0.0201, logits_fake -0.0179,
Train Epoch: [8/30] Iters:[820/1093] gen_loss 0.2668, rec_loss 0.0110, lpips_loss 0.1339, g_loss 0.0187, disc_weight 0.4000, disc_adaptive_weight 6.5238, d_loss 0.4011, logits_real -0.0204, logits_fake -0.0183,
Train Epoch: [8/30] Iters:[830/1093] gen_loss 0.2636, rec_loss 0.0111, lpips_loss 0.1341, g_loss 0.0188, disc_weight 0.4000, disc_adaptive_weight 6.2953, d_loss 0.4012, logits_real -0.0208, logits_fake -0.0186,
Train Epoch: [8/30] Iters:[840/1093] gen_loss 0.2593, rec_loss 0.0112, lpips_loss 0.1337, g_loss 0.0186, disc_weight 0.4000, disc_adaptive_weight 6.1633, d_loss 0.4011, logits_real -0.0208, logits_fake -0.0187,
Train Epoch: [8/30] Iters:[850/1093] gen_loss 0.2522, rec_loss 0.0111, lpips_loss 0.1336, g_loss 0.0184, disc_weight 0.4000, disc_adaptive_weight 5.8395, d_loss 0.4011, logits_real -0.0207, logits_fake -0.0185,
Train Epoch: [8/30] Iters:[860/1093] gen_loss 0.2427, rec_loss 0.0110, lpips_loss 0.1331, g_loss 0.0182, disc_weight 0.4000, disc_adaptive_weight 5.4297, d_loss 0.4012, logits_real -0.0205, logits_fake -0.0182,
Train Epoch: [8/30] Iters:[870/1093] gen_loss 0.2395, rec_loss 0.0111, lpips_loss 0.1339, g_loss 0.0179, disc_weight 0.4000, disc_adaptive_weight 5.2793, d_loss 0.4011, logits_real -0.0202, logits_fake -0.0180,
Train Epoch: [8/30] Iters:[880/1093] gen_loss 0.2413, rec_loss 0.0110, lpips_loss 0.1339, g_loss 0.0177, disc_weight 0.4000, disc_adaptive_weight 5.4592, d_loss 0.4012, logits_real -0.0200, logits_fake -0.0176,
Train Epoch: [8/30] Iters:[890/1093] gen_loss 0.2390, rec_loss 0.0111, lpips_loss 0.1344, g_loss 0.0175, disc_weight 0.4000, disc_adaptive_weight 5.3309, d_loss 0.4011, logits_real -0.0197, logits_fake -0.0175,
Train Epoch: [8/30] Iters:[900/1093] gen_loss 0.2356, rec_loss 0.0112, lpips_loss 0.1346, g_loss 0.0172, disc_weight 0.4000, disc_adaptive_weight 5.2184, d_loss 0.4011, logits_real -0.0192, logits_fake -0.0171,
Train Epoch: [8/30] Iters:[910/1093] gen_loss 0.2393, rec_loss 0.0111, lpips_loss 0.1345, g_loss 0.0168, disc_weight 0.4000, disc_adaptive_weight 5.5921, d_loss 0.4011, logits_real -0.0188, logits_fake -0.0167,
Train Epoch: [8/30] Iters:[920/1093] gen_loss 0.2350, rec_loss 0.0111, lpips_loss 0.1340, g_loss 0.0163, disc_weight 0.4000, disc_adaptive_weight 5.5184, d_loss 0.4011, logits_real -0.0184, logits_fake -0.0163,
Train Epoch: [8/30] Iters:[930/1093] gen_loss 0.2291, rec_loss 0.0111, lpips_loss 0.1342, g_loss 0.0160, disc_weight 0.4000, disc_adaptive_weight 5.2702, d_loss 0.4011, logits_real -0.0181, logits_fake -0.0160,
Train Epoch: [8/30] Iters:[940/1093] gen_loss 0.2283, rec_loss 0.0109, lpips_loss 0.1336, g_loss 0.0156, disc_weight 0.4000, disc_adaptive_weight 5.4142, d_loss 0.4011, logits_real -0.0177, logits_fake -0.0157,
Train Epoch: [8/30] Iters:[950/1093] gen_loss 0.2296, rec_loss 0.0110, lpips_loss 0.1335, g_loss 0.0153, disc_weight 0.4000, disc_adaptive_weight 5.5978, d_loss 0.4011, logits_real -0.0176, logits_fake -0.0155,
Train Epoch: [8/30] Iters:[960/1093] gen_loss 0.2274, rec_loss 0.0111, lpips_loss 0.1340, g_loss 0.0152, disc_weight 0.4000, disc_adaptive_weight 5.4424, d_loss 0.4011, logits_real -0.0175, logits_fake -0.0153,
Train Epoch: [8/30] Iters:[970/1093] gen_loss 0.2275, rec_loss 0.0109, lpips_loss 0.1336, g_loss 0.0149, disc_weight 0.4000, disc_adaptive_weight 5.5656, d_loss 0.4011, logits_real -0.0174, logits_fake -0.0151,
Train Epoch: [8/30] Iters:[980/1093] gen_loss 0.2281, rec_loss 0.0109, lpips_loss 0.1332, g_loss 0.0145, disc_weight 0.4000, disc_adaptive_weight 5.8056, d_loss 0.4011, logits_real -0.0171, logits_fake -0.0148,
Train Epoch: [8/30] Iters:[990/1093] gen_loss 0.2273, rec_loss 0.0111, lpips_loss 0.1333, g_loss 0.0143, disc_weight 0.4000, disc_adaptive_weight 5.8221, d_loss 0.4012, logits_real -0.0170, logits_fake -0.0146,
Train Epoch: [8/30] Iters:[1000/1093] gen_loss 0.2281, rec_loss 0.0112, lpips_loss 0.1335, g_loss 0.0145, disc_weight 0.4000, disc_adaptive_weight 5.7772, d_loss 0.4011, logits_real -0.0170, logits_fake -0.0147,
Train Epoch: [8/30] Iters:[1010/1093] gen_loss 0.2288, rec_loss 0.0112, lpips_loss 0.1332, g_loss 0.0147, disc_weight 0.4000, disc_adaptive_weight 5.7683, d_loss 0.4011, logits_real -0.0172, logits_fake -0.0150,
Train Epoch: [8/30] Iters:[1020/1093] gen_loss 0.2289, rec_loss 0.0112, lpips_loss 0.1333, g_loss 0.0149, disc_weight 0.4000, disc_adaptive_weight 5.6880, d_loss 0.4012, logits_real -0.0174, logits_fake -0.0151,
Train Epoch: [8/30] Iters:[1030/1093] gen_loss 0.2311, rec_loss 0.0112, lpips_loss 0.1337, g_loss 0.0154, disc_weight 0.4000, disc_adaptive_weight 5.5949, d_loss 0.4012, logits_real -0.0177, logits_fake -0.0154,
Train Epoch: [8/30] Iters:[1040/1093] gen_loss 0.2338, rec_loss 0.0112, lpips_loss 0.1337, g_loss 0.0160, disc_weight 0.4000, disc_adaptive_weight 5.5795, d_loss 0.4012, logits_real -0.0181, logits_fake -0.0157,
Train Epoch: [8/30] Iters:[1050/1093] gen_loss 0.2372, rec_loss 0.0111, lpips_loss 0.1335, g_loss 0.0162, disc_weight 0.4000, disc_adaptive_weight 5.7298, d_loss 0.4012, logits_real -0.0185, logits_fake -0.0160,
Train Epoch: [8/30] Iters:[1060/1093] gen_loss 0.2386, rec_loss 0.0111, lpips_loss 0.1334, g_loss 0.0163, disc_weight 0.4000, disc_adaptive_weight 5.7555, d_loss 0.4012, logits_real -0.0186, logits_fake -0.0162,
Train Epoch: [8/30] Iters:[1070/1093] gen_loss 0.2409, rec_loss 0.0112, lpips_loss 0.1333, g_loss 0.0167, disc_weight 0.4000, disc_adaptive_weight 5.7787, d_loss 0.4011, logits_real -0.0188, logits_fake -0.0167,
Train Epoch: [8/30] Iters:[1080/1093] gen_loss 0.2429, rec_loss 0.0112, lpips_loss 0.1332, g_loss 0.0172, disc_weight 0.4000, disc_adaptive_weight 5.7474, d_loss 0.4011, logits_real -0.0193, logits_fake -0.0171,
Train Epoch: [8/30] Iters:[1090/1093] gen_loss 0.2475, rec_loss 0.0112, lpips_loss 0.1332, g_loss 0.0173, disc_weight 0.4000, disc_adaptive_weight 5.9482, d_loss 0.4011, logits_real -0.0197, logits_fake -0.0174,
epoch:9, cur_lr:0.000010
Train Epoch: [9/30] Iters:[10/1093] gen_loss 0.2423, rec_loss 0.0110, lpips_loss 0.1327, g_loss 0.0168, disc_weight 0.4000, disc_adaptive_weight 5.8888, d_loss 0.4011, logits_real -0.0191, logits_fake -0.0172,
Train Epoch: [9/30] Iters:[20/1093] gen_loss 0.2417, rec_loss 0.0112, lpips_loss 0.1335, g_loss 0.0167, disc_weight 0.4000, disc_adaptive_weight 5.8311, d_loss 0.4011, logits_real -0.0189, logits_fake -0.0169,
Train Epoch: [9/30] Iters:[30/1093] gen_loss 0.2428, rec_loss 0.0113, lpips_loss 0.1337, g_loss 0.0166, disc_weight 0.4000, disc_adaptive_weight 5.8805, d_loss 0.4011, logits_real -0.0186, logits_fake -0.0167,
Train Epoch: [9/30] Iters:[40/1093] gen_loss 0.2412, rec_loss 0.0111, lpips_loss 0.1332, g_loss 0.0165, disc_weight 0.4000, disc_adaptive_weight 5.8638, d_loss 0.4010, logits_real -0.0186, logits_fake -0.0167,
Train Epoch: [9/30] Iters:[50/1093] gen_loss 0.2403, rec_loss 0.0110, lpips_loss 0.1334, g_loss 0.0164, disc_weight 0.4000, disc_adaptive_weight 5.8409, d_loss 0.4011, logits_real -0.0187, logits_fake -0.0167,
Train Epoch: [9/30] Iters:[60/1093] gen_loss 0.2394, rec_loss 0.0111, lpips_loss 0.1338, g_loss 0.0163, disc_weight 0.4000, disc_adaptive_weight 5.7804, d_loss 0.4011, logits_real -0.0185, logits_fake -0.0164,
Train Epoch: [9/30] Iters:[70/1093] gen_loss 0.2428, rec_loss 0.0110, lpips_loss 0.1338, g_loss 0.0161, disc_weight 0.4000, disc_adaptive_weight 6.0588, d_loss 0.4011, logits_real -0.0183, logits_fake -0.0163,
Train Epoch: [9/30] Iters:[80/1093] gen_loss 0.2384, rec_loss 0.0110, lpips_loss 0.1336, g_loss 0.0161, disc_weight 0.4000, disc_adaptive_weight 5.8237, d_loss 0.4011, logits_real -0.0183, logits_fake -0.0163,
Train Epoch: [9/30] Iters:[90/1093] gen_loss 0.2378, rec_loss 0.0112, lpips_loss 0.1342, g_loss 0.0161, disc_weight 0.4000, disc_adaptive_weight 5.7539, d_loss 0.4011, logits_real -0.0182, logits_fake -0.0161,
Train Epoch: [9/30] Iters:[100/1093] gen_loss 0.2362, rec_loss 0.0112, lpips_loss 0.1344, g_loss 0.0161, disc_weight 0.4000, disc_adaptive_weight 5.6313, d_loss 0.4011, logits_real -0.0181, logits_fake -0.0159,
Train Epoch: [9/30] Iters:[110/1093] gen_loss 0.2354, rec_loss 0.0112, lpips_loss 0.1342, g_loss 0.0160, disc_weight 0.4000, disc_adaptive_weight 5.6193, d_loss 0.4011, logits_real -0.0179, logits_fake -0.0159,
Train Epoch: [9/30] Iters:[120/1093] gen_loss 0.2320, rec_loss 0.0111, lpips_loss 0.1341, g_loss 0.0163, disc_weight 0.4000, disc_adaptive_weight 5.3066, d_loss 0.4011, logits_real -0.0181, logits_fake -0.0161,
Train Epoch: [9/30] Iters:[130/1093] gen_loss 0.2307, rec_loss 0.0110, lpips_loss 0.1340, g_loss 0.0163, disc_weight 0.4000, disc_adaptive_weight 5.2406, d_loss 0.4011, logits_real -0.0183, logits_fake -0.0162,
Train Epoch: [9/30] Iters:[140/1093] gen_loss 0.2318, rec_loss 0.0110, lpips_loss 0.1338, g_loss 0.0164, disc_weight 0.4000, disc_adaptive_weight 5.2795, d_loss 0.4011, logits_real -0.0185, logits_fake -0.0164,
Train Epoch: [9/30] Iters:[150/1093] gen_loss 0.2338, rec_loss 0.0110, lpips_loss 0.1332, g_loss 0.0164, disc_weight 0.4000, disc_adaptive_weight 5.4389, d_loss 0.4011, logits_real -0.0184, logits_fake -0.0164,
Train Epoch: [9/30] Iters:[160/1093] gen_loss 0.2377, rec_loss 0.0109, lpips_loss 0.1329, g_loss 0.0162, disc_weight 0.4000, disc_adaptive_weight 5.8109, d_loss 0.4011, logits_real -0.0184, logits_fake -0.0162,
Train Epoch: [9/30] Iters:[170/1093] gen_loss 0.2325, rec_loss 0.0109, lpips_loss 0.1329, g_loss 0.0156, disc_weight 0.4000, disc_adaptive_weight 5.6766, d_loss 0.4011, logits_real -0.0178, logits_fake -0.0156,
Train Epoch: [9/30] Iters:[180/1093] gen_loss 0.2376, rec_loss 0.0109, lpips_loss 0.1332, g_loss 0.0152, disc_weight 0.4000, disc_adaptive_weight 6.1425, d_loss 0.4011, logits_real -0.0173, logits_fake -0.0149,
Train Epoch: [9/30] Iters:[190/1093] gen_loss 0.2358, rec_loss 0.0109, lpips_loss 0.1338, g_loss 0.0149, disc_weight 0.4000, disc_adaptive_weight 6.1191, d_loss 0.4011, logits_real -0.0167, logits_fake -0.0145,
Train Epoch: [9/30] Iters:[200/1093] gen_loss 0.2348, rec_loss 0.0110, lpips_loss 0.1342, g_loss 0.0145, disc_weight 0.4000, disc_adaptive_weight 6.1655, d_loss 0.4011, logits_real -0.0164, logits_fake -0.0142,
Train Epoch: [9/30] Iters:[210/1093] gen_loss 0.2282, rec_loss 0.0111, lpips_loss 0.1347, g_loss 0.0144, disc_weight 0.4000, disc_adaptive_weight 5.7332, d_loss 0.4011, logits_real -0.0163, logits_fake -0.0141,
Train Epoch: [9/30] Iters:[220/1093] gen_loss 0.2300, rec_loss 0.0111, lpips_loss 0.1348, g_loss 0.0144, disc_weight 0.4000, disc_adaptive_weight 5.8530, d_loss 0.4011, logits_real -0.0162, logits_fake -0.0140,
Train Epoch: [9/30] Iters:[230/1093] gen_loss 0.2272, rec_loss 0.0111, lpips_loss 0.1347, g_loss 0.0145, disc_weight 0.4000, disc_adaptive_weight 5.6306, d_loss 0.4011, logits_real -0.0162, logits_fake -0.0142,
Train Epoch: [9/30] Iters:[240/1093] gen_loss 0.2251, rec_loss 0.0109, lpips_loss 0.1337, g_loss 0.0147, disc_weight 0.4000, disc_adaptive_weight 5.4945, d_loss 0.4011, logits_real -0.0165, logits_fake -0.0145,
Train Epoch: [9/30] Iters:[250/1093] gen_loss 0.2228, rec_loss 0.0109, lpips_loss 0.1333, g_loss 0.0148, disc_weight 0.4000, disc_adaptive_weight 5.3362, d_loss 0.4010, logits_real -0.0166, logits_fake -0.0147,
Train Epoch: [9/30] Iters:[260/1093] gen_loss 0.2231, rec_loss 0.0109, lpips_loss 0.1334, g_loss 0.0150, disc_weight 0.4000, disc_adaptive_weight 5.2514, d_loss 0.4010, logits_real -0.0168, logits_fake -0.0150,
Train Epoch: [9/30] Iters:[270/1093] gen_loss 0.2244, rec_loss 0.0109, lpips_loss 0.1331, g_loss 0.0153, disc_weight 0.4000, disc_adaptive_weight 5.2543, d_loss 0.4010, logits_real -0.0170, logits_fake -0.0152,
Train Epoch: [9/30] Iters:[280/1093] gen_loss 0.2227, rec_loss 0.0110, lpips_loss 0.1332, g_loss 0.0156, disc_weight 0.4000, disc_adaptive_weight 5.0161, d_loss 0.4010, logits_real -0.0175, logits_fake -0.0156,
Train Epoch: [9/30] Iters:[290/1093] gen_loss 0.2229, rec_loss 0.0109, lpips_loss 0.1333, g_loss 0.0159, disc_weight 0.4000, disc_adaptive_weight 4.9585, d_loss 0.4010, logits_real -0.0176, logits_fake -0.0158,
Train Epoch: [9/30] Iters:[300/1093] gen_loss 0.2260, rec_loss 0.0108, lpips_loss 0.1338, g_loss 0.0161, disc_weight 0.4000, disc_adaptive_weight 5.0475, d_loss 0.4010, logits_real -0.0178, logits_fake -0.0159,
Train Epoch: [9/30] Iters:[310/1093] gen_loss 0.2320, rec_loss 0.0108, lpips_loss 0.1336, g_loss 0.0163, disc_weight 0.4000, disc_adaptive_weight 5.3759, d_loss 0.4011, logits_real -0.0179, logits_fake -0.0159,
Train Epoch: [9/30] Iters:[320/1093] gen_loss 0.2319, rec_loss 0.0108, lpips_loss 0.1340, g_loss 0.0165, disc_weight 0.4000, disc_adaptive_weight 5.2897, d_loss 0.4011, logits_real -0.0183, logits_fake -0.0161,
Train Epoch: [9/30] Iters:[330/1093] gen_loss 0.2355, rec_loss 0.0108, lpips_loss 0.1337, g_loss 0.0167, disc_weight 0.4000, disc_adaptive_weight 5.4766, d_loss 0.4011, logits_real -0.0184, logits_fake -0.0163,
Train Epoch: [9/30] Iters:[340/1093] gen_loss 0.2396, rec_loss 0.0108, lpips_loss 0.1337, g_loss 0.0168, disc_weight 0.4000, disc_adaptive_weight 5.6517, d_loss 0.4011, logits_real -0.0188, logits_fake -0.0165,
Train Epoch: [9/30] Iters:[350/1093] gen_loss 0.2398, rec_loss 0.0108, lpips_loss 0.1332, g_loss 0.0172, disc_weight 0.4000, disc_adaptive_weight 5.5734, d_loss 0.4011, logits_real -0.0190, logits_fake -0.0168,
Train Epoch: [9/30] Iters:[360/1093] gen_loss 0.2408, rec_loss 0.0107, lpips_loss 0.1323, g_loss 0.0174, disc_weight 0.4000, disc_adaptive_weight 5.5889, d_loss 0.4010, logits_real -0.0193, logits_fake -0.0173,
Train Epoch: [9/30] Iters:[370/1093] gen_loss 0.2396, rec_loss 0.0107, lpips_loss 0.1322, g_loss 0.0175, disc_weight 0.4000, disc_adaptive_weight 5.4935, d_loss 0.4010, logits_real -0.0193, logits_fake -0.0175,
Train Epoch: [9/30] Iters:[380/1093] gen_loss 0.2392, rec_loss 0.0107, lpips_loss 0.1321, g_loss 0.0175, disc_weight 0.4000, disc_adaptive_weight 5.4731, d_loss 0.4010, logits_real -0.0191, logits_fake -0.0175,
Train Epoch: [9/30] Iters:[390/1093] gen_loss 0.2376, rec_loss 0.0108, lpips_loss 0.1324, g_loss 0.0173, disc_weight 0.4000, disc_adaptive_weight 5.4298, d_loss 0.4010, logits_real -0.0190, logits_fake -0.0173,
Train Epoch: [9/30] Iters:[400/1093] gen_loss 0.2369, rec_loss 0.0109, lpips_loss 0.1332, g_loss 0.0171, disc_weight 0.4000, disc_adaptive_weight 5.4300, d_loss 0.4009, logits_real -0.0187, logits_fake -0.0172,
Train Epoch: [9/30] Iters:[410/1093] gen_loss 0.2341, rec_loss 0.0110, lpips_loss 0.1339, g_loss 0.0170, disc_weight 0.4000, disc_adaptive_weight 5.2453, d_loss 0.4010, logits_real -0.0186, logits_fake -0.0170,
Train Epoch: [9/30] Iters:[420/1093] gen_loss 0.2407, rec_loss 0.0110, lpips_loss 0.1337, g_loss 0.0171, disc_weight 0.4000, disc_adaptive_weight 5.6449, d_loss 0.4010, logits_real -0.0185, logits_fake -0.0171,
Train Epoch: [9/30] Iters:[430/1093] gen_loss 0.2415, rec_loss 0.0111, lpips_loss 0.1342, g_loss 0.0168, disc_weight 0.4000, disc_adaptive_weight 5.7783, d_loss 0.4010, logits_real -0.0187, logits_fake -0.0169,
Train Epoch: [9/30] Iters:[440/1093] gen_loss 0.2375, rec_loss 0.0109, lpips_loss 0.1338, g_loss 0.0167, disc_weight 0.4000, disc_adaptive_weight 5.6190, d_loss 0.4009, logits_real -0.0184, logits_fake -0.0170,
Train Epoch: [9/30] Iters:[450/1093] gen_loss 0.2387, rec_loss 0.0110, lpips_loss 0.1338, g_loss 0.0166, disc_weight 0.4000, disc_adaptive_weight 5.7049, d_loss 0.4010, logits_real -0.0186, logits_fake -0.0168,
Train Epoch: [9/30] Iters:[460/1093] gen_loss 0.2358, rec_loss 0.0112, lpips_loss 0.1338, g_loss 0.0163, disc_weight 0.4000, disc_adaptive_weight 5.6400, d_loss 0.4010, logits_real -0.0184, logits_fake -0.0166,
Train Epoch: [9/30] Iters:[470/1093] gen_loss 0.2312, rec_loss 0.0113, lpips_loss 0.1340, g_loss 0.0158, disc_weight 0.4000, disc_adaptive_weight 5.5016, d_loss 0.4011, logits_real -0.0183, logits_fake -0.0163,
Train Epoch: [9/30] Iters:[480/1093] gen_loss 0.2332, rec_loss 0.0114, lpips_loss 0.1342, g_loss 0.0160, disc_weight 0.4000, disc_adaptive_weight 5.5217, d_loss 0.4010, logits_real -0.0181, logits_fake -0.0163,
Train Epoch: [9/30] Iters:[490/1093] gen_loss 0.2393, rec_loss 0.0115, lpips_loss 0.1346, g_loss 0.0161, disc_weight 0.4000, disc_adaptive_weight 5.7792, d_loss 0.4011, logits_real -0.0185, logits_fake -0.0164,
Train Epoch: [9/30] Iters:[500/1093] gen_loss 0.2413, rec_loss 0.0114, lpips_loss 0.1342, g_loss 0.0162, disc_weight 0.4000, disc_adaptive_weight 5.9045, d_loss 0.4011, logits_real -0.0186, logits_fake -0.0167,
Train Epoch: [9/30] Iters:[510/1093] gen_loss 0.2402, rec_loss 0.0112, lpips_loss 0.1336, g_loss 0.0164, disc_weight 0.4000, disc_adaptive_weight 5.8338, d_loss 0.4010, logits_real -0.0185, logits_fake -0.0170,
Train Epoch: [9/30] Iters:[520/1093] gen_loss 0.2419, rec_loss 0.0111, lpips_loss 0.1334, g_loss 0.0164, disc_weight 0.4000, disc_adaptive_weight 5.9148, d_loss 0.4009, logits_real -0.0184, logits_fake -0.0171,
Train Epoch: [9/30] Iters:[530/1093] gen_loss 0.2364, rec_loss 0.0109, lpips_loss 0.1328, g_loss 0.0162, disc_weight 0.4000, disc_adaptive_weight 5.6931, d_loss 0.4010, logits_real -0.0183, logits_fake -0.0167,
Train Epoch: [9/30] Iters:[540/1093] gen_loss 0.2329, rec_loss 0.0109, lpips_loss 0.1330, g_loss 0.0159, disc_weight 0.4000, disc_adaptive_weight 5.6245, d_loss 0.4010, logits_real -0.0180, logits_fake -0.0163,
Train Epoch: [9/30] Iters:[550/1093] gen_loss 0.2274, rec_loss 0.0109, lpips_loss 0.1332, g_loss 0.0156, disc_weight 0.4000, disc_adaptive_weight 5.4037, d_loss 0.4011, logits_real -0.0175, logits_fake -0.0154,
Train Epoch: [9/30] Iters:[560/1093] gen_loss 0.2241, rec_loss 0.0110, lpips_loss 0.1336, g_loss 0.0151, disc_weight 0.4000, disc_adaptive_weight 5.2944, d_loss 0.4011, logits_real -0.0171, logits_fake -0.0148,
Train Epoch: [9/30] Iters:[570/1093] gen_loss 0.2227, rec_loss 0.0109, lpips_loss 0.1338, g_loss 0.0149, disc_weight 0.4000, disc_adaptive_weight 5.2789, d_loss 0.4012, logits_real -0.0169, logits_fake -0.0143,
Train Epoch: [9/30] Iters:[580/1093] gen_loss 0.2233, rec_loss 0.0111, lpips_loss 0.1344, g_loss 0.0147, disc_weight 0.4000, disc_adaptive_weight 5.3469, d_loss 0.4012, logits_real -0.0166, logits_fake -0.0141,
Train Epoch: [9/30] Iters:[590/1093] gen_loss 0.2247, rec_loss 0.0111, lpips_loss 0.1344, g_loss 0.0147, disc_weight 0.4000, disc_adaptive_weight 5.3995, d_loss 0.4012, logits_real -0.0166, logits_fake -0.0141,
Train Epoch: [9/30] Iters:[600/1093] gen_loss 0.2244, rec_loss 0.0110, lpips_loss 0.1340, g_loss 0.0149, disc_weight 0.4000, disc_adaptive_weight 5.3241, d_loss 0.4011, logits_real -0.0168, logits_fake -0.0145,
Train Epoch: [9/30] Iters:[610/1093] gen_loss 0.2308, rec_loss 0.0110, lpips_loss 0.1340, g_loss 0.0151, disc_weight 0.4000, disc_adaptive_weight 5.6745, d_loss 0.4011, logits_real -0.0171, logits_fake -0.0149,
Train Epoch: [9/30] Iters:[620/1093] gen_loss 0.2294, rec_loss 0.0111, lpips_loss 0.1342, g_loss 0.0156, disc_weight 0.4000, disc_adaptive_weight 5.3923, d_loss 0.4011, logits_real -0.0175, logits_fake -0.0154,
Train Epoch: [9/30] Iters:[630/1093] gen_loss 0.2338, rec_loss 0.0110, lpips_loss 0.1341, g_loss 0.0161, disc_weight 0.4000, disc_adaptive_weight 5.5234, d_loss 0.4011, logits_real -0.0181, logits_fake -0.0160,
Train Epoch: [9/30] Iters:[640/1093] gen_loss 0.2354, rec_loss 0.0110, lpips_loss 0.1337, g_loss 0.0163, disc_weight 0.4000, disc_adaptive_weight 5.5967, d_loss 0.4011, logits_real -0.0185, logits_fake -0.0162,
Train Epoch: [9/30] Iters:[650/1093] gen_loss 0.2366, rec_loss 0.0110, lpips_loss 0.1336, g_loss 0.0163, disc_weight 0.4000, disc_adaptive_weight 5.6857, d_loss 0.4011, logits_real -0.0187, logits_fake -0.0163,
Train Epoch: [9/30] Iters:[660/1093] gen_loss 0.2346, rec_loss 0.0110, lpips_loss 0.1335, g_loss 0.0163, disc_weight 0.4000, disc_adaptive_weight 5.5709, d_loss 0.4011, logits_real -0.0186, logits_fake -0.0162,
Train Epoch: [9/30] Iters:[670/1093] gen_loss 0.2361, rec_loss 0.0109, lpips_loss 0.1331, g_loss 0.0158, disc_weight 0.4000, disc_adaptive_weight 5.8669, d_loss 0.4011, logits_real -0.0182, logits_fake -0.0157,
Train Epoch: [9/30] Iters:[680/1093] gen_loss 0.2333, rec_loss 0.0111, lpips_loss 0.1331, g_loss 0.0152, disc_weight 0.4000, disc_adaptive_weight 5.9325, d_loss 0.4012, logits_real -0.0178, logits_fake -0.0153,
Train Epoch: [9/30] Iters:[690/1093] gen_loss 0.2318, rec_loss 0.0111, lpips_loss 0.1336, g_loss 0.0147, disc_weight 0.4000, disc_adaptive_weight 5.9518, d_loss 0.4011, logits_real -0.0171, logits_fake -0.0148,
Train Epoch: [9/30] Iters:[700/1093] gen_loss 0.2308, rec_loss 0.0112, lpips_loss 0.1338, g_loss 0.0146, disc_weight 0.4000, disc_adaptive_weight 5.8889, d_loss 0.4011, logits_real -0.0168, logits_fake -0.0148,
Train Epoch: [9/30] Iters:[710/1093] gen_loss 0.2325, rec_loss 0.0112, lpips_loss 0.1341, g_loss 0.0148, disc_weight 0.4000, disc_adaptive_weight 5.9354, d_loss 0.4010, logits_real -0.0170, logits_fake -0.0150,
Train Epoch: [9/30] Iters:[720/1093] gen_loss 0.2354, rec_loss 0.0112, lpips_loss 0.1341, g_loss 0.0151, disc_weight 0.4000, disc_adaptive_weight 5.9796, d_loss 0.4010, logits_real -0.0173, logits_fake -0.0153,
Train Epoch: [9/30] Iters:[730/1093] gen_loss 0.2343, rec_loss 0.0111, lpips_loss 0.1338, g_loss 0.0155, disc_weight 0.4000, disc_adaptive_weight 5.7728, d_loss 0.4010, logits_real -0.0174, logits_fake -0.0157,
Train Epoch: [9/30] Iters:[740/1093] gen_loss 0.2337, rec_loss 0.0110, lpips_loss 0.1334, g_loss 0.0160, disc_weight 0.4000, disc_adaptive_weight 5.6117, d_loss 0.4010, logits_real -0.0180, logits_fake -0.0163,
Train Epoch: [9/30] Iters:[750/1093] gen_loss 0.2335, rec_loss 0.0110, lpips_loss 0.1335, g_loss 0.0159, disc_weight 0.4000, disc_adaptive_weight 5.6049, d_loss 0.4010, logits_real -0.0181, logits_fake -0.0164,
Train Epoch: [9/30] Iters:[760/1093] gen_loss 0.2342, rec_loss 0.0110, lpips_loss 0.1333, g_loss 0.0161, disc_weight 0.4000, disc_adaptive_weight 5.5896, d_loss 0.4010, logits_real -0.0182, logits_fake -0.0164,
Train Epoch: [9/30] Iters:[770/1093] gen_loss 0.2316, rec_loss 0.0110, lpips_loss 0.1335, g_loss 0.0161, disc_weight 0.4000, disc_adaptive_weight 5.3876, d_loss 0.4010, logits_real -0.0183, logits_fake -0.0166,
Train Epoch: [9/30] Iters:[780/1093] gen_loss 0.2314, rec_loss 0.0109, lpips_loss 0.1339, g_loss 0.0162, disc_weight 0.4000, disc_adaptive_weight 5.3180, d_loss 0.4010, logits_real -0.0187, logits_fake -0.0170,
Train Epoch: [9/30] Iters:[790/1093] gen_loss 0.2365, rec_loss 0.0109, lpips_loss 0.1335, g_loss 0.0165, disc_weight 0.4000, disc_adaptive_weight 5.5435, d_loss 0.4010, logits_real -0.0188, logits_fake -0.0170,
Train Epoch: [9/30] Iters:[800/1093] gen_loss 0.2397, rec_loss 0.0110, lpips_loss 0.1333, g_loss 0.0168, disc_weight 0.4000, disc_adaptive_weight 5.6373, d_loss 0.4010, logits_real -0.0192, logits_fake -0.0173,
Train Epoch: [9/30] Iters:[810/1093] gen_loss 0.2412, rec_loss 0.0110, lpips_loss 0.1337, g_loss 0.0170, disc_weight 0.4000, disc_adaptive_weight 5.6833, d_loss 0.4011, logits_real -0.0194, logits_fake -0.0174,
Train Epoch: [9/30] Iters:[820/1093] gen_loss 0.2477, rec_loss 0.0110, lpips_loss 0.1336, g_loss 0.0171, disc_weight 0.4000, disc_adaptive_weight 6.0149, d_loss 0.4011, logits_real -0.0194, logits_fake -0.0173,
Train Epoch: [9/30] Iters:[830/1093] gen_loss 0.2497, rec_loss 0.0110, lpips_loss 0.1334, g_loss 0.0170, disc_weight 0.4000, disc_adaptive_weight 6.1657, d_loss 0.4011, logits_real -0.0193, logits_fake -0.0170,
Train Epoch: [9/30] Iters:[840/1093] gen_loss 0.2429, rec_loss 0.0111, lpips_loss 0.1335, g_loss 0.0170, disc_weight 0.4000, disc_adaptive_weight 5.7782, d_loss 0.4011, logits_real -0.0192, logits_fake -0.0169,
Train Epoch: [9/30] Iters:[850/1093] gen_loss 0.2435, rec_loss 0.0110, lpips_loss 0.1337, g_loss 0.0172, disc_weight 0.4000, disc_adaptive_weight 5.7574, d_loss 0.4011, logits_real -0.0192, logits_fake -0.0169,
Train Epoch: [9/30] Iters:[860/1093] gen_loss 0.2440, rec_loss 0.0110, lpips_loss 0.1336, g_loss 0.0174, disc_weight 0.4000, disc_adaptive_weight 5.7143, d_loss 0.4011, logits_real -0.0194, logits_fake -0.0171,
Train Epoch: [9/30] Iters:[870/1093] gen_loss 0.2369, rec_loss 0.0110, lpips_loss 0.1334, g_loss 0.0175, disc_weight 0.4000, disc_adaptive_weight 5.3022, d_loss 0.4011, logits_real -0.0195, logits_fake -0.0173,
Train Epoch: [9/30] Iters:[880/1093] gen_loss 0.2359, rec_loss 0.0109, lpips_loss 0.1334, g_loss 0.0177, disc_weight 0.4000, disc_adaptive_weight 5.1862, d_loss 0.4011, logits_real -0.0197, logits_fake -0.0175,
Train Epoch: [9/30] Iters:[890/1093] gen_loss 0.2353, rec_loss 0.0109, lpips_loss 0.1333, g_loss 0.0178, disc_weight 0.4000, disc_adaptive_weight 5.1396, d_loss 0.4011, logits_real -0.0199, logits_fake -0.0177,
Train Epoch: [9/30] Iters:[900/1093] gen_loss 0.2387, rec_loss 0.0110, lpips_loss 0.1332, g_loss 0.0178, disc_weight 0.4000, disc_adaptive_weight 5.3026, d_loss 0.4011, logits_real -0.0200, logits_fake -0.0178,
Train Epoch: [9/30] Iters:[910/1093] gen_loss 0.2387, rec_loss 0.0109, lpips_loss 0.1330, g_loss 0.0178, disc_weight 0.4000, disc_adaptive_weight 5.3440, d_loss 0.4010, logits_real -0.0199, logits_fake -0.0177,
Train Epoch: [9/30] Iters:[920/1093] gen_loss 0.2413, rec_loss 0.0109, lpips_loss 0.1333, g_loss 0.0177, disc_weight 0.4000, disc_adaptive_weight 5.4965, d_loss 0.4010, logits_real -0.0196, logits_fake -0.0178,
Train Epoch: [9/30] Iters:[930/1093] gen_loss 0.2441, rec_loss 0.0110, lpips_loss 0.1337, g_loss 0.0177, disc_weight 0.4000, disc_adaptive_weight 5.6404, d_loss 0.4009, logits_real -0.0193, logits_fake -0.0177,
Train Epoch: [9/30] Iters:[940/1093] gen_loss 0.2492, rec_loss 0.0111, lpips_loss 0.1342, g_loss 0.0175, disc_weight 0.4000, disc_adaptive_weight 5.9294, d_loss 0.4010, logits_real -0.0194, logits_fake -0.0177,
Train Epoch: [9/30] Iters:[950/1093] gen_loss 0.2464, rec_loss 0.0112, lpips_loss 0.1348, g_loss 0.0174, disc_weight 0.4000, disc_adaptive_weight 5.8003, d_loss 0.4010, logits_real -0.0191, logits_fake -0.0173,
Train Epoch: [9/30] Iters:[960/1093] gen_loss 0.2466, rec_loss 0.0111, lpips_loss 0.1346, g_loss 0.0174, disc_weight 0.4000, disc_adaptive_weight 5.8182, d_loss 0.4010, logits_real -0.0192, logits_fake -0.0173,
Train Epoch: [9/30] Iters:[970/1093] gen_loss 0.2461, rec_loss 0.0110, lpips_loss 0.1342, g_loss 0.0172, disc_weight 0.4000, disc_adaptive_weight 5.8823, d_loss 0.4010, logits_real -0.0193, logits_fake -0.0172,
Train Epoch: [9/30] Iters:[980/1093] gen_loss 0.2488, rec_loss 0.0112, lpips_loss 0.1341, g_loss 0.0169, disc_weight 0.4000, disc_adaptive_weight 6.1411, d_loss 0.4010, logits_real -0.0191, logits_fake -0.0171,
Train Epoch: [9/30] Iters:[990/1093] gen_loss 0.2486, rec_loss 0.0112, lpips_loss 0.1340, g_loss 0.0168, disc_weight 0.4000, disc_adaptive_weight 6.1881, d_loss 0.4010, logits_real -0.0186, logits_fake -0.0166,
Train Epoch: [9/30] Iters:[1000/1093] gen_loss 0.2476, rec_loss 0.0111, lpips_loss 0.1335, g_loss 0.0166, disc_weight 0.4000, disc_adaptive_weight 6.2495, d_loss 0.4010, logits_real -0.0181, logits_fake -0.0163,
Train Epoch: [9/30] Iters:[1010/1093] gen_loss 0.2401, rec_loss 0.0112, lpips_loss 0.1336, g_loss 0.0159, disc_weight 0.4000, disc_adaptive_weight 6.0111, d_loss 0.4010, logits_real -0.0178, logits_fake -0.0157,
Train Epoch: [9/30] Iters:[1020/1093] gen_loss 0.2357, rec_loss 0.0112, lpips_loss 0.1334, g_loss 0.0155, disc_weight 0.4000, disc_adaptive_weight 5.8998, d_loss 0.4010, logits_real -0.0174, logits_fake -0.0152,
Train Epoch: [9/30] Iters:[1030/1093] gen_loss 0.2309, rec_loss 0.0111, lpips_loss 0.1334, g_loss 0.0150, disc_weight 0.4000, disc_adaptive_weight 5.8025, d_loss 0.4011, logits_real -0.0171, logits_fake -0.0147,
Train Epoch: [9/30] Iters:[1040/1093] gen_loss 0.2249, rec_loss 0.0110, lpips_loss 0.1332, g_loss 0.0145, disc_weight 0.4000, disc_adaptive_weight 5.6021, d_loss 0.4011, logits_real -0.0167, logits_fake -0.0143,
Train Epoch: [9/30] Iters:[1050/1093] gen_loss 0.2234, rec_loss 0.0109, lpips_loss 0.1333, g_loss 0.0140, disc_weight 0.4000, disc_adaptive_weight 5.7133, d_loss 0.4011, logits_real -0.0164, logits_fake -0.0140,
Train Epoch: [9/30] Iters:[1060/1093] gen_loss 0.2265, rec_loss 0.0108, lpips_loss 0.1332, g_loss 0.0137, disc_weight 0.4000, disc_adaptive_weight 6.0354, d_loss 0.4010, logits_real -0.0160, logits_fake -0.0138,
Train Epoch: [9/30] Iters:[1070/1093] gen_loss 0.2246, rec_loss 0.0110, lpips_loss 0.1341, g_loss 0.0134, disc_weight 0.4000, disc_adaptive_weight 5.9774, d_loss 0.4010, logits_real -0.0156, logits_fake -0.0134,
Train Epoch: [9/30] Iters:[1080/1093] gen_loss 0.2219, rec_loss 0.0108, lpips_loss 0.1333, g_loss 0.0133, disc_weight 0.4000, disc_adaptive_weight 5.8685, d_loss 0.4010, logits_real -0.0155, logits_fake -0.0134,
Train Epoch: [9/30] Iters:[1090/1093] gen_loss 0.2246, rec_loss 0.0109, lpips_loss 0.1332, g_loss 0.0132, disc_weight 0.4000, disc_adaptive_weight 6.1174, d_loss 0.4010, logits_real -0.0154, logits_fake -0.0134,
epoch:10, cur_lr:0.000010
Train Epoch: [10/30] Iters:[10/1093] gen_loss 0.2360, rec_loss 0.0111, lpips_loss 0.1328, g_loss 0.0141, disc_weight 0.4000, disc_adaptive_weight 6.5172, d_loss 0.4009, logits_real -0.0154, logits_fake -0.0138,
Train Epoch: [10/30] Iters:[20/1093] gen_loss 0.2393, rec_loss 0.0111, lpips_loss 0.1335, g_loss 0.0142, disc_weight 0.4000, disc_adaptive_weight 6.6643, d_loss 0.4009, logits_real -0.0160, logits_fake -0.0141,
Train Epoch: [10/30] Iters:[30/1093] gen_loss 0.2317, rec_loss 0.0113, lpips_loss 0.1338, g_loss 0.0144, disc_weight 0.4000, disc_adaptive_weight 6.0228, d_loss 0.4010, logits_real -0.0161, logits_fake -0.0142,
Train Epoch: [10/30] Iters:[40/1093] gen_loss 0.2265, rec_loss 0.0112, lpips_loss 0.1336, g_loss 0.0145, disc_weight 0.4000, disc_adaptive_weight 5.6596, d_loss 0.4010, logits_real -0.0160, logits_fake -0.0142,
Train Epoch: [10/30] Iters:[50/1093] gen_loss 0.2258, rec_loss 0.0111, lpips_loss 0.1337, g_loss 0.0144, disc_weight 0.4000, disc_adaptive_weight 5.6507, d_loss 0.4010, logits_real -0.0159, logits_fake -0.0140,
Train Epoch: [10/30] Iters:[60/1093] gen_loss 0.2247, rec_loss 0.0112, lpips_loss 0.1340, g_loss 0.0144, disc_weight 0.4000, disc_adaptive_weight 5.5277, d_loss 0.4010, logits_real -0.0160, logits_fake -0.0141,
Train Epoch: [10/30] Iters:[70/1093] gen_loss 0.2215, rec_loss 0.0111, lpips_loss 0.1335, g_loss 0.0145, disc_weight 0.4000, disc_adaptive_weight 5.3290, d_loss 0.4010, logits_real -0.0162, logits_fake -0.0141,
Train Epoch: [10/30] Iters:[80/1093] gen_loss 0.2236, rec_loss 0.0111, lpips_loss 0.1336, g_loss 0.0144, disc_weight 0.4000, disc_adaptive_weight 5.4731, d_loss 0.4010, logits_real -0.0163, logits_fake -0.0143,
Train Epoch: [10/30] Iters:[90/1093] gen_loss 0.2263, rec_loss 0.0111, lpips_loss 0.1337, g_loss 0.0145, disc_weight 0.4000, disc_adaptive_weight 5.6217, d_loss 0.4010, logits_real -0.0166, logits_fake -0.0145,
Train Epoch: [10/30] Iters:[100/1093] gen_loss 0.2313, rec_loss 0.0112, lpips_loss 0.1339, g_loss 0.0147, disc_weight 0.4000, disc_adaptive_weight 5.8683, d_loss 0.4010, logits_real -0.0169, logits_fake -0.0148,
Train Epoch: [10/30] Iters:[110/1093] gen_loss 0.2384, rec_loss 0.0112, lpips_loss 0.1344, g_loss 0.0149, disc_weight 0.4000, disc_adaptive_weight 6.2186, d_loss 0.4010, logits_real -0.0170, logits_fake -0.0149,
Train Epoch: [10/30] Iters:[120/1093] gen_loss 0.2362, rec_loss 0.0114, lpips_loss 0.1350, g_loss 0.0150, disc_weight 0.4000, disc_adaptive_weight 5.9708, d_loss 0.4010, logits_real -0.0170, logits_fake -0.0151,
Train Epoch: [10/30] Iters:[130/1093] gen_loss 0.2361, rec_loss 0.0112, lpips_loss 0.1346, g_loss 0.0152, disc_weight 0.4000, disc_adaptive_weight 5.9571, d_loss 0.4010, logits_real -0.0170, logits_fake -0.0151,
Train Epoch: [10/30] Iters:[140/1093] gen_loss 0.2389, rec_loss 0.0113, lpips_loss 0.1349, g_loss 0.0152, disc_weight 0.4000, disc_adaptive_weight 6.1040, d_loss 0.4010, logits_real -0.0170, logits_fake -0.0151,
Train Epoch: [10/30] Iters:[150/1093] gen_loss 0.2356, rec_loss 0.0113, lpips_loss 0.1345, g_loss 0.0153, disc_weight 0.4000, disc_adaptive_weight 5.8734, d_loss 0.4010, logits_real -0.0172, logits_fake -0.0152,
Train Epoch: [10/30] Iters:[160/1093] gen_loss 0.2244, rec_loss 0.0112, lpips_loss 0.1341, g_loss 0.0153, disc_weight 0.4000, disc_adaptive_weight 5.1682, d_loss 0.4010, logits_real -0.0172, logits_fake -0.0152,
Train Epoch: [10/30] Iters:[170/1093] gen_loss 0.2288, rec_loss 0.0111, lpips_loss 0.1337, g_loss 0.0153, disc_weight 0.4000, disc_adaptive_weight 5.4699, d_loss 0.4009, logits_real -0.0173, logits_fake -0.0154,
Train Epoch: [10/30] Iters:[180/1093] gen_loss 0.2316, rec_loss 0.0112, lpips_loss 0.1337, g_loss 0.0156, disc_weight 0.4000, disc_adaptive_weight 5.5530, d_loss 0.4010, logits_real -0.0176, logits_fake -0.0155,
Train Epoch: [10/30] Iters:[190/1093] gen_loss 0.2299, rec_loss 0.0111, lpips_loss 0.1335, g_loss 0.0159, disc_weight 0.4000, disc_adaptive_weight 5.3771, d_loss 0.4010, logits_real -0.0180, logits_fake -0.0158,
Train Epoch: [10/30] Iters:[200/1093] gen_loss 0.2308, rec_loss 0.0110, lpips_loss 0.1336, g_loss 0.0160, disc_weight 0.4000, disc_adaptive_weight 5.3603, d_loss 0.4010, logits_real -0.0179, logits_fake -0.0159,
Train Epoch: [10/30] Iters:[210/1093] gen_loss 0.2375, rec_loss 0.0110, lpips_loss 0.1335, g_loss 0.0160, disc_weight 0.4000, disc_adaptive_weight 5.8142, d_loss 0.4010, logits_real -0.0180, logits_fake -0.0159,
Train Epoch: [10/30] Iters:[220/1093] gen_loss 0.2331, rec_loss 0.0109, lpips_loss 0.1336, g_loss 0.0161, disc_weight 0.4000, disc_adaptive_weight 5.5065, d_loss 0.4010, logits_real -0.0181, logits_fake -0.0158,
Train Epoch: [10/30] Iters:[230/1093] gen_loss 0.2302, rec_loss 0.0110, lpips_loss 0.1335, g_loss 0.0160, disc_weight 0.4000, disc_adaptive_weight 5.3731, d_loss 0.4010, logits_real -0.0179, logits_fake -0.0159,
Train Epoch: [10/30] Iters:[240/1093] gen_loss 0.2291, rec_loss 0.0109, lpips_loss 0.1328, g_loss 0.0158, disc_weight 0.4000, disc_adaptive_weight 5.4123, d_loss 0.4010, logits_real -0.0177, logits_fake -0.0157,
Train Epoch: [10/30] Iters:[250/1093] gen_loss 0.2281, rec_loss 0.0108, lpips_loss 0.1327, g_loss 0.0156, disc_weight 0.4000, disc_adaptive_weight 5.4503, d_loss 0.4010, logits_real -0.0177, logits_fake -0.0155,
Train Epoch: [10/30] Iters:[260/1093] gen_loss 0.2243, rec_loss 0.0107, lpips_loss 0.1327, g_loss 0.0155, disc_weight 0.4000, disc_adaptive_weight 5.2257, d_loss 0.4010, logits_real -0.0176, logits_fake -0.0155,
Train Epoch: [10/30] Iters:[270/1093] gen_loss 0.2282, rec_loss 0.0108, lpips_loss 0.1327, g_loss 0.0155, disc_weight 0.4000, disc_adaptive_weight 5.4626, d_loss 0.4010, logits_real -0.0176, logits_fake -0.0155,
Train Epoch: [10/30] Iters:[280/1093] gen_loss 0.2301, rec_loss 0.0107, lpips_loss 0.1330, g_loss 0.0155, disc_weight 0.4000, disc_adaptive_weight 5.5677, d_loss 0.4010, logits_real -0.0177, logits_fake -0.0154,
Train Epoch: [10/30] Iters:[290/1093] gen_loss 0.2433, rec_loss 0.0108, lpips_loss 0.1336, g_loss 0.0156, disc_weight 0.4000, disc_adaptive_weight 6.3676, d_loss 0.4010, logits_real -0.0176, logits_fake -0.0155,
Train Epoch: [10/30] Iters:[300/1093] gen_loss 0.2459, rec_loss 0.0110, lpips_loss 0.1340, g_loss 0.0156, disc_weight 0.4000, disc_adaptive_weight 6.4668, d_loss 0.4010, logits_real -0.0176, logits_fake -0.0155,
Train Epoch: [10/30] Iters:[310/1093] gen_loss 0.2482, rec_loss 0.0111, lpips_loss 0.1339, g_loss 0.0156, disc_weight 0.4000, disc_adaptive_weight 6.6119, d_loss 0.4010, logits_real -0.0176, logits_fake -0.0156,
Train Epoch: [10/30] Iters:[320/1093] gen_loss 0.2464, rec_loss 0.0111, lpips_loss 0.1341, g_loss 0.0157, disc_weight 0.4000, disc_adaptive_weight 6.4507, d_loss 0.4010, logits_real -0.0175, logits_fake -0.0156,
Train Epoch: [10/30] Iters:[330/1093] gen_loss 0.2453, rec_loss 0.0113, lpips_loss 0.1341, g_loss 0.0153, disc_weight 0.4000, disc_adaptive_weight 6.5439, d_loss 0.4009, logits_real -0.0173, logits_fake -0.0155,
Train Epoch: [10/30] Iters:[340/1093] gen_loss 0.2374, rec_loss 0.0113, lpips_loss 0.1344, g_loss 0.0154, disc_weight 0.4000, disc_adaptive_weight 5.9744, d_loss 0.4009, logits_real -0.0172, logits_fake -0.0153,
Train Epoch: [10/30] Iters:[350/1093] gen_loss 0.2380, rec_loss 0.0112, lpips_loss 0.1335, g_loss 0.0156, disc_weight 0.4000, disc_adaptive_weight 5.9944, d_loss 0.4010, logits_real -0.0173, logits_fake -0.0153,
Train Epoch: [10/30] Iters:[360/1093] gen_loss 0.2371, rec_loss 0.0112, lpips_loss 0.1339, g_loss 0.0158, disc_weight 0.4000, disc_adaptive_weight 5.8115, d_loss 0.4010, logits_real -0.0174, logits_fake -0.0155,
Train Epoch: [10/30] Iters:[370/1093] gen_loss 0.2366, rec_loss 0.0111, lpips_loss 0.1336, g_loss 0.0159, disc_weight 0.4000, disc_adaptive_weight 5.8121, d_loss 0.4010, logits_real -0.0178, logits_fake -0.0156,
Train Epoch: [10/30] Iters:[380/1093] gen_loss 0.2356, rec_loss 0.0112, lpips_loss 0.1339, g_loss 0.0165, disc_weight 0.4000, disc_adaptive_weight 5.4943, d_loss 0.4010, logits_real -0.0181, logits_fake -0.0160,
Train Epoch: [10/30] Iters:[390/1093] gen_loss 0.2312, rec_loss 0.0110, lpips_loss 0.1337, g_loss 0.0167, disc_weight 0.4000, disc_adaptive_weight 5.1987, d_loss 0.4010, logits_real -0.0186, logits_fake -0.0165,
Train Epoch: [10/30] Iters:[400/1093] gen_loss 0.2306, rec_loss 0.0112, lpips_loss 0.1345, g_loss 0.0167, disc_weight 0.4000, disc_adaptive_weight 5.1003, d_loss 0.4009, logits_real -0.0187, logits_fake -0.0169,
Train Epoch: [10/30] Iters:[410/1093] gen_loss 0.2296, rec_loss 0.0110, lpips_loss 0.1338, g_loss 0.0168, disc_weight 0.4000, disc_adaptive_weight 5.0673, d_loss 0.4009, logits_real -0.0188, logits_fake -0.0169,
Train Epoch: [10/30] Iters:[420/1093] gen_loss 0.2394, rec_loss 0.0111, lpips_loss 0.1340, g_loss 0.0170, disc_weight 0.4000, disc_adaptive_weight 5.5543, d_loss 0.4009, logits_real -0.0186, logits_fake -0.0171,
Train Epoch: [10/30] Iters:[430/1093] gen_loss 0.2461, rec_loss 0.0110, lpips_loss 0.1337, g_loss 0.0170, disc_weight 0.4000, disc_adaptive_weight 5.9632, d_loss 0.4009, logits_real -0.0190, logits_fake -0.0171,
Train Epoch: [10/30] Iters:[440/1093] gen_loss 0.2535, rec_loss 0.0112, lpips_loss 0.1338, g_loss 0.0172, disc_weight 0.4000, disc_adaptive_weight 6.3090, d_loss 0.4010, logits_real -0.0192, logits_fake -0.0172,
Train Epoch: [10/30] Iters:[450/1093] gen_loss 0.2507, rec_loss 0.0112, lpips_loss 0.1340, g_loss 0.0174, disc_weight 0.4000, disc_adaptive_weight 6.0757, d_loss 0.4010, logits_real -0.0195, logits_fake -0.0174,
Train Epoch: [10/30] Iters:[460/1093] gen_loss 0.2562, rec_loss 0.0114, lpips_loss 0.1342, g_loss 0.0177, disc_weight 0.4000, disc_adaptive_weight 6.2698, d_loss 0.4010, logits_real -0.0199, logits_fake -0.0176,
Train Epoch: [10/30] Iters:[470/1093] gen_loss 0.2519, rec_loss 0.0114, lpips_loss 0.1336, g_loss 0.0178, disc_weight 0.4000, disc_adaptive_weight 6.0253, d_loss 0.4010, logits_real -0.0201, logits_fake -0.0178,
Train Epoch: [10/30] Iters:[480/1093] gen_loss 0.2462, rec_loss 0.0113, lpips_loss 0.1336, g_loss 0.0179, disc_weight 0.4000, disc_adaptive_weight 5.6712, d_loss 0.4010, logits_real -0.0201, logits_fake -0.0179,
Train Epoch: [10/30] Iters:[490/1093] gen_loss 0.2428, rec_loss 0.0111, lpips_loss 0.1332, g_loss 0.0179, disc_weight 0.4000, disc_adaptive_weight 5.4910, d_loss 0.4010, logits_real -0.0201, logits_fake -0.0181,
Train Epoch: [10/30] Iters:[500/1093] gen_loss 0.2452, rec_loss 0.0112, lpips_loss 0.1329, g_loss 0.0179, disc_weight 0.4000, disc_adaptive_weight 5.6521, d_loss 0.4009, logits_real -0.0201, logits_fake -0.0183,
Train Epoch: [10/30] Iters:[510/1093] gen_loss 0.2397, rec_loss 0.0111, lpips_loss 0.1326, g_loss 0.0177, disc_weight 0.4000, disc_adaptive_weight 5.4306, d_loss 0.4009, logits_real -0.0201, logits_fake -0.0183,
Train Epoch: [10/30] Iters:[520/1093] gen_loss 0.2386, rec_loss 0.0112, lpips_loss 0.1332, g_loss 0.0179, disc_weight 0.4000, disc_adaptive_weight 5.2585, d_loss 0.4009, logits_real -0.0202, logits_fake -0.0184,
Train Epoch: [10/30] Iters:[530/1093] gen_loss 0.2433, rec_loss 0.0112, lpips_loss 0.1332, g_loss 0.0182, disc_weight 0.4000, disc_adaptive_weight 5.4416, d_loss 0.4010, logits_real -0.0204, logits_fake -0.0185,
Train Epoch: [10/30] Iters:[540/1093] gen_loss 0.2467, rec_loss 0.0111, lpips_loss 0.1332, g_loss 0.0185, disc_weight 0.4000, disc_adaptive_weight 5.5392, d_loss 0.4010, logits_real -0.0207, logits_fake -0.0186,
Train Epoch: [10/30] Iters:[550/1093] gen_loss 0.2489, rec_loss 0.0110, lpips_loss 0.1326, g_loss 0.0188, disc_weight 0.4000, disc_adaptive_weight 5.5833, d_loss 0.4010, logits_real -0.0209, logits_fake -0.0187,
Train Epoch: [10/30] Iters:[560/1093] gen_loss 0.2532, rec_loss 0.0110, lpips_loss 0.1329, g_loss 0.0191, disc_weight 0.4000, disc_adaptive_weight 5.7261, d_loss 0.4010, logits_real -0.0209, logits_fake -0.0188,
Train Epoch: [10/30] Iters:[570/1093] gen_loss 0.2530, rec_loss 0.0108, lpips_loss 0.1329, g_loss 0.0190, disc_weight 0.4000, disc_adaptive_weight 5.7907, d_loss 0.4010, logits_real -0.0209, logits_fake -0.0187,
Train Epoch: [10/30] Iters:[580/1093] gen_loss 0.2446, rec_loss 0.0108, lpips_loss 0.1329, g_loss 0.0184, disc_weight 0.4000, disc_adaptive_weight 5.4505, d_loss 0.4010, logits_real -0.0205, logits_fake -0.0183,
Train Epoch: [10/30] Iters:[590/1093] gen_loss 0.2359, rec_loss 0.0107, lpips_loss 0.1331, g_loss 0.0178, disc_weight 0.4000, disc_adaptive_weight 5.1542, d_loss 0.4010, logits_real -0.0199, logits_fake -0.0178,
Train Epoch: [10/30] Iters:[600/1093] gen_loss 0.2323, rec_loss 0.0108, lpips_loss 0.1334, g_loss 0.0174, disc_weight 0.4000, disc_adaptive_weight 5.0366, d_loss 0.4010, logits_real -0.0195, logits_fake -0.0175,
Train Epoch: [10/30] Iters:[610/1093] gen_loss 0.2309, rec_loss 0.0108, lpips_loss 0.1333, g_loss 0.0171, disc_weight 0.4000, disc_adaptive_weight 5.0519, d_loss 0.4010, logits_real -0.0192, logits_fake -0.0172,
Train Epoch: [10/30] Iters:[620/1093] gen_loss 0.2286, rec_loss 0.0109, lpips_loss 0.1335, g_loss 0.0171, disc_weight 0.4000, disc_adaptive_weight 4.9101, d_loss 0.4010, logits_real -0.0192, logits_fake -0.0172,
Train Epoch: [10/30] Iters:[630/1093] gen_loss 0.2324, rec_loss 0.0109, lpips_loss 0.1331, g_loss 0.0173, disc_weight 0.4000, disc_adaptive_weight 5.1064, d_loss 0.4009, logits_real -0.0193, logits_fake -0.0173,
Train Epoch: [10/30] Iters:[640/1093] gen_loss 0.2367, rec_loss 0.0110, lpips_loss 0.1334, g_loss 0.0174, disc_weight 0.4000, disc_adaptive_weight 5.2967, d_loss 0.4009, logits_real -0.0194, logits_fake -0.0174,
Train Epoch: [10/30] Iters:[650/1093] gen_loss 0.2362, rec_loss 0.0111, lpips_loss 0.1338, g_loss 0.0172, disc_weight 0.4000, disc_adaptive_weight 5.3194, d_loss 0.4009, logits_real -0.0190, logits_fake -0.0172,
Train Epoch: [10/30] Iters:[660/1093] gen_loss 0.2333, rec_loss 0.0110, lpips_loss 0.1337, g_loss 0.0171, disc_weight 0.4000, disc_adaptive_weight 5.1958, d_loss 0.4009, logits_real -0.0188, logits_fake -0.0169,
Train Epoch: [10/30] Iters:[670/1093] gen_loss 0.2336, rec_loss 0.0109, lpips_loss 0.1328, g_loss 0.0168, disc_weight 0.4000, disc_adaptive_weight 5.3602, d_loss 0.4009, logits_real -0.0185, logits_fake -0.0167,
Train Epoch: [10/30] Iters:[680/1093] gen_loss 0.2341, rec_loss 0.0109, lpips_loss 0.1331, g_loss 0.0165, disc_weight 0.4000, disc_adaptive_weight 5.4751, d_loss 0.4009, logits_real -0.0183, logits_fake -0.0164,
Train Epoch: [10/30] Iters:[690/1093] gen_loss 0.2300, rec_loss 0.0109, lpips_loss 0.1329, g_loss 0.0163, disc_weight 0.4000, disc_adaptive_weight 5.3260, d_loss 0.4009, logits_real -0.0181, logits_fake -0.0162,
Train Epoch: [10/30] Iters:[700/1093] gen_loss 0.2288, rec_loss 0.0108, lpips_loss 0.1321, g_loss 0.0161, disc_weight 0.4000, disc_adaptive_weight 5.3585, d_loss 0.4009, logits_real -0.0180, logits_fake -0.0160,
Train Epoch: [10/30] Iters:[710/1093] gen_loss 0.2298, rec_loss 0.0107, lpips_loss 0.1320, g_loss 0.0157, disc_weight 0.4000, disc_adaptive_weight 5.5688, d_loss 0.4009, logits_real -0.0178, logits_fake -0.0160,
Train Epoch: [10/30] Iters:[720/1093] gen_loss 0.2267, rec_loss 0.0107, lpips_loss 0.1323, g_loss 0.0155, disc_weight 0.4000, disc_adaptive_weight 5.4166, d_loss 0.4010, logits_real -0.0178, logits_fake -0.0156,
Train Epoch: [10/30] Iters:[730/1093] gen_loss 0.2275, rec_loss 0.0107, lpips_loss 0.1322, g_loss 0.0156, disc_weight 0.4000, disc_adaptive_weight 5.4164, d_loss 0.4010, logits_real -0.0178, logits_fake -0.0158,
Train Epoch: [10/30] Iters:[740/1093] gen_loss 0.2350, rec_loss 0.0107, lpips_loss 0.1325, g_loss 0.0158, disc_weight 0.4000, disc_adaptive_weight 5.7914, d_loss 0.4009, logits_real -0.0180, logits_fake -0.0159,
Train Epoch: [10/30] Iters:[750/1093] gen_loss 0.2403, rec_loss 0.0109, lpips_loss 0.1334, g_loss 0.0159, disc_weight 0.4000, disc_adaptive_weight 6.0089, d_loss 0.4009, logits_real -0.0181, logits_fake -0.0160,
Train Epoch: [10/30] Iters:[760/1093] gen_loss 0.2456, rec_loss 0.0111, lpips_loss 0.1341, g_loss 0.0162, disc_weight 0.4000, disc_adaptive_weight 6.1802, d_loss 0.4010, logits_real -0.0183, logits_fake -0.0161,
Train Epoch: [10/30] Iters:[770/1093] gen_loss 0.2513, rec_loss 0.0112, lpips_loss 0.1347, g_loss 0.0167, disc_weight 0.4000, disc_adaptive_weight 6.3158, d_loss 0.4010, logits_real -0.0186, logits_fake -0.0166,
Train Epoch: [10/30] Iters:[780/1093] gen_loss 0.2542, rec_loss 0.0113, lpips_loss 0.1351, g_loss 0.0170, disc_weight 0.4000, disc_adaptive_weight 6.3621, d_loss 0.4009, logits_real -0.0188, logits_fake -0.0168,
Train Epoch: [10/30] Iters:[790/1093] gen_loss 0.2479, rec_loss 0.0113, lpips_loss 0.1349, g_loss 0.0171, disc_weight 0.4000, disc_adaptive_weight 5.9673, d_loss 0.4009, logits_real -0.0190, logits_fake -0.0170,
Train Epoch: [10/30] Iters:[800/1093] gen_loss 0.2424, rec_loss 0.0111, lpips_loss 0.1342, g_loss 0.0175, disc_weight 0.4000, disc_adaptive_weight 5.5765, d_loss 0.4010, logits_real -0.0192, logits_fake -0.0171,
Train Epoch: [10/30] Iters:[810/1093] gen_loss 0.2428, rec_loss 0.0111, lpips_loss 0.1339, g_loss 0.0176, disc_weight 0.4000, disc_adaptive_weight 5.5610, d_loss 0.4010, logits_real -0.0194, logits_fake -0.0173,
Train Epoch: [10/30] Iters:[820/1093] gen_loss 0.2432, rec_loss 0.0110, lpips_loss 0.1336, g_loss 0.0178, disc_weight 0.4000, disc_adaptive_weight 5.5564, d_loss 0.4009, logits_real -0.0192, logits_fake -0.0174,
Train Epoch: [10/30] Iters:[830/1093] gen_loss 0.2410, rec_loss 0.0110, lpips_loss 0.1333, g_loss 0.0175, disc_weight 0.4000, disc_adaptive_weight 5.5408, d_loss 0.4009, logits_real -0.0191, logits_fake -0.0173,
Train Epoch: [10/30] Iters:[840/1093] gen_loss 0.2419, rec_loss 0.0110, lpips_loss 0.1333, g_loss 0.0176, disc_weight 0.4000, disc_adaptive_weight 5.5491, d_loss 0.4010, logits_real -0.0191, logits_fake -0.0171,
Train Epoch: [10/30] Iters:[850/1093] gen_loss 0.2461, rec_loss 0.0110, lpips_loss 0.1335, g_loss 0.0174, disc_weight 0.4000, disc_adaptive_weight 5.8522, d_loss 0.4009, logits_real -0.0190, logits_fake -0.0172,
Train Epoch: [10/30] Iters:[860/1093] gen_loss 0.2479, rec_loss 0.0112, lpips_loss 0.1338, g_loss 0.0172, disc_weight 0.4000, disc_adaptive_weight 5.9685, d_loss 0.4009, logits_real -0.0187, logits_fake -0.0169,
Train Epoch: [10/30] Iters:[870/1093] gen_loss 0.2450, rec_loss 0.0113, lpips_loss 0.1341, g_loss 0.0168, disc_weight 0.4000, disc_adaptive_weight 5.9271, d_loss 0.4009, logits_real -0.0185, logits_fake -0.0167,
Train Epoch: [10/30] Iters:[880/1093] gen_loss 0.2431, rec_loss 0.0113, lpips_loss 0.1341, g_loss 0.0169, disc_weight 0.4000, disc_adaptive_weight 5.7845, d_loss 0.4009, logits_real -0.0185, logits_fake -0.0168,
Train Epoch: [10/30] Iters:[890/1093] gen_loss 0.2394, rec_loss 0.0114, lpips_loss 0.1340, g_loss 0.0167, disc_weight 0.4000, disc_adaptive_weight 5.6105, d_loss 0.4009, logits_real -0.0184, logits_fake -0.0167,
Train Epoch: [10/30] Iters:[900/1093] gen_loss 0.2354, rec_loss 0.0114, lpips_loss 0.1341, g_loss 0.0167, disc_weight 0.4000, disc_adaptive_weight 5.3629, d_loss 0.4009, logits_real -0.0185, logits_fake -0.0168,
Train Epoch: [10/30] Iters:[910/1093] gen_loss 0.2323, rec_loss 0.0112, lpips_loss 0.1342, g_loss 0.0169, disc_weight 0.4000, disc_adaptive_weight 5.0989, d_loss 0.4009, logits_real -0.0187, logits_fake -0.0171,
Train Epoch: [10/30] Iters:[920/1093] gen_loss 0.2343, rec_loss 0.0111, lpips_loss 0.1336, g_loss 0.0173, disc_weight 0.4000, disc_adaptive_weight 5.1477, d_loss 0.4009, logits_real -0.0191, logits_fake -0.0174,
Train Epoch: [10/30] Iters:[930/1093] gen_loss 0.2431, rec_loss 0.0111, lpips_loss 0.1337, g_loss 0.0175, disc_weight 0.4000, disc_adaptive_weight 5.5801, d_loss 0.4009, logits_real -0.0193, logits_fake -0.0175,
Train Epoch: [10/30] Iters:[940/1093] gen_loss 0.2517, rec_loss 0.0110, lpips_loss 0.1337, g_loss 0.0175, disc_weight 0.4000, disc_adaptive_weight 6.1114, d_loss 0.4009, logits_real -0.0192, logits_fake -0.0174,
Train Epoch: [10/30] Iters:[950/1093] gen_loss 0.2539, rec_loss 0.0111, lpips_loss 0.1338, g_loss 0.0172, disc_weight 0.4000, disc_adaptive_weight 6.3334, d_loss 0.4009, logits_real -0.0190, logits_fake -0.0171,
Train Epoch: [10/30] Iters:[960/1093] gen_loss 0.2516, rec_loss 0.0110, lpips_loss 0.1335, g_loss 0.0170, disc_weight 0.4000, disc_adaptive_weight 6.3063, d_loss 0.4009, logits_real -0.0188, logits_fake -0.0170,
Train Epoch: [10/30] Iters:[970/1093] gen_loss 0.2528, rec_loss 0.0111, lpips_loss 0.1337, g_loss 0.0169, disc_weight 0.4000, disc_adaptive_weight 6.3943, d_loss 0.4009, logits_real -0.0185, logits_fake -0.0167,
Train Epoch: [10/30] Iters:[980/1093] gen_loss 0.2415, rec_loss 0.0111, lpips_loss 0.1335, g_loss 0.0162, disc_weight 0.4000, disc_adaptive_weight 5.9788, d_loss 0.4009, logits_real -0.0180, logits_fake -0.0161,
Train Epoch: [10/30] Iters:[990/1093] gen_loss 0.2335, rec_loss 0.0110, lpips_loss 0.1331, g_loss 0.0158, disc_weight 0.4000, disc_adaptive_weight 5.6545, d_loss 0.4009, logits_real -0.0178, logits_fake -0.0158,
Train Epoch: [10/30] Iters:[1000/1093] gen_loss 0.2307, rec_loss 0.0109, lpips_loss 0.1333, g_loss 0.0160, disc_weight 0.4000, disc_adaptive_weight 5.4045, d_loss 0.4009, logits_real -0.0181, logits_fake -0.0160,
Train Epoch: [10/30] Iters:[1010/1093] gen_loss 0.2313, rec_loss 0.0108, lpips_loss 0.1328, g_loss 0.0161, disc_weight 0.4000, disc_adaptive_weight 5.3904, d_loss 0.4010, logits_real -0.0185, logits_fake -0.0162,
Train Epoch: [10/30] Iters:[1020/1093] gen_loss 0.2296, rec_loss 0.0109, lpips_loss 0.1333, g_loss 0.0161, disc_weight 0.4000, disc_adaptive_weight 5.2857, d_loss 0.4010, logits_real -0.0187, logits_fake -0.0164,
Train Epoch: [10/30] Iters:[1030/1093] gen_loss 0.2371, rec_loss 0.0108, lpips_loss 0.1334, g_loss 0.0168, disc_weight 0.4000, disc_adaptive_weight 5.5012, d_loss 0.4010, logits_real -0.0192, logits_fake -0.0169,
Train Epoch: [10/30] Iters:[1040/1093] gen_loss 0.2446, rec_loss 0.0110, lpips_loss 0.1340, g_loss 0.0174, disc_weight 0.4000, disc_adaptive_weight 5.7249, d_loss 0.4010, logits_real -0.0195, logits_fake -0.0173,
Train Epoch: [10/30] Iters:[1050/1093] gen_loss 0.2440, rec_loss 0.0110, lpips_loss 0.1336, g_loss 0.0174, disc_weight 0.4000, disc_adaptive_weight 5.7209, d_loss 0.4009, logits_real -0.0197, logits_fake -0.0177,
Train Epoch: [10/30] Iters:[1060/1093] gen_loss 0.2395, rec_loss 0.0109, lpips_loss 0.1339, g_loss 0.0175, disc_weight 0.4000, disc_adaptive_weight 5.4037, d_loss 0.4009, logits_real -0.0198, logits_fake -0.0178,
Train Epoch: [10/30] Iters:[1070/1093] gen_loss 0.2370, rec_loss 0.0109, lpips_loss 0.1334, g_loss 0.0173, disc_weight 0.4000, disc_adaptive_weight 5.3303, d_loss 0.4009, logits_real -0.0196, logits_fake -0.0176,
Train Epoch: [10/30] Iters:[1080/1093] gen_loss 0.2366, rec_loss 0.0110, lpips_loss 0.1336, g_loss 0.0170, disc_weight 0.4000, disc_adaptive_weight 5.3997, d_loss 0.4010, logits_real -0.0195, logits_fake -0.0174,
Train Epoch: [10/30] Iters:[1090/1093] gen_loss 0.2361, rec_loss 0.0108, lpips_loss 0.1331, g_loss 0.0170, disc_weight 0.4000, disc_adaptive_weight 5.4084, d_loss 0.4009, logits_real -0.0195, logits_fake -0.0175,
Loading pretrained model LPIPS from /home/sunset/.cache/torch/hub/pyiqa/LPIPS_v0.1_alex-df73285e.pth
epoch:11, cur_lr:0.000010
Train Epoch: [11/30] Iters:[10/1093] gen_loss 0.2333, rec_loss 0.0112, lpips_loss 0.1337, g_loss 0.0171, disc_weight 0.4000, disc_adaptive_weight 5.1709, d_loss 0.4008, logits_real -0.0189, logits_fake -0.0174,
Train Epoch: [11/30] Iters:[20/1093] gen_loss 0.2433, rec_loss 0.0112, lpips_loss 0.1340, g_loss 0.0171, disc_weight 0.4000, disc_adaptive_weight 5.7072, d_loss 0.4009, logits_real -0.0191, logits_fake -0.0172,
Train Epoch: [11/30] Iters:[30/1093] gen_loss 0.2411, rec_loss 0.0109, lpips_loss 0.1323, g_loss 0.0171, disc_weight 0.4000, disc_adaptive_weight 5.6844, d_loss 0.4009, logits_real -0.0191, logits_fake -0.0173,
Train Epoch: [11/30] Iters:[40/1093] gen_loss 0.2377, rec_loss 0.0108, lpips_loss 0.1323, g_loss 0.0170, disc_weight 0.4000, disc_adaptive_weight 5.5300, d_loss 0.4009, logits_real -0.0192, logits_fake -0.0173,
Train Epoch: [11/30] Iters:[50/1093] gen_loss 0.2361, rec_loss 0.0109, lpips_loss 0.1325, g_loss 0.0172, disc_weight 0.4000, disc_adaptive_weight 5.3669, d_loss 0.4008, logits_real -0.0191, logits_fake -0.0175,
Train Epoch: [11/30] Iters:[60/1093] gen_loss 0.2386, rec_loss 0.0109, lpips_loss 0.1327, g_loss 0.0170, disc_weight 0.4000, disc_adaptive_weight 5.5768, d_loss 0.4009, logits_real -0.0192, logits_fake -0.0173,
Train Epoch: [11/30] Iters:[70/1093] gen_loss 0.2333, rec_loss 0.0109, lpips_loss 0.1325, g_loss 0.0169, disc_weight 0.4000, disc_adaptive_weight 5.3095, d_loss 0.4009, logits_real -0.0191, logits_fake -0.0173,
Train Epoch: [11/30] Iters:[80/1093] gen_loss 0.2305, rec_loss 0.0110, lpips_loss 0.1330, g_loss 0.0169, disc_weight 0.4000, disc_adaptive_weight 5.1426, d_loss 0.4009, logits_real -0.0190, logits_fake -0.0172,
Train Epoch: [11/30] Iters:[90/1093] gen_loss 0.2360, rec_loss 0.0110, lpips_loss 0.1326, g_loss 0.0171, disc_weight 0.4000, disc_adaptive_weight 5.4209, d_loss 0.4009, logits_real -0.0190, logits_fake -0.0172,
Train Epoch: [11/30] Iters:[100/1093] gen_loss 0.2382, rec_loss 0.0111, lpips_loss 0.1328, g_loss 0.0171, disc_weight 0.4000, disc_adaptive_weight 5.5583, d_loss 0.4009, logits_real -0.0191, logits_fake -0.0170,
Train Epoch: [11/30] Iters:[110/1093] gen_loss 0.2423, rec_loss 0.0111, lpips_loss 0.1329, g_loss 0.0173, disc_weight 0.4000, disc_adaptive_weight 5.6952, d_loss 0.4009, logits_real -0.0191, logits_fake -0.0172,
Train Epoch: [11/30] Iters:[120/1093] gen_loss 0.2467, rec_loss 0.0111, lpips_loss 0.1331, g_loss 0.0173, disc_weight 0.4000, disc_adaptive_weight 5.9184, d_loss 0.4009, logits_real -0.0190, logits_fake -0.0171,
Train Epoch: [11/30] Iters:[130/1093] gen_loss 0.2534, rec_loss 0.0112, lpips_loss 0.1340, g_loss 0.0173, disc_weight 0.4000, disc_adaptive_weight 6.2360, d_loss 0.4010, logits_real -0.0192, logits_fake -0.0170,
Train Epoch: [11/30] Iters:[140/1093] gen_loss 0.2517, rec_loss 0.0113, lpips_loss 0.1346, g_loss 0.0170, disc_weight 0.4000, disc_adaptive_weight 6.1954, d_loss 0.4009, logits_real -0.0192, logits_fake -0.0171,
Train Epoch: [11/30] Iters:[150/1093] gen_loss 0.2554, rec_loss 0.0111, lpips_loss 0.1342, g_loss 0.0170, disc_weight 0.4000, disc_adaptive_weight 6.4661, d_loss 0.4009, logits_real -0.0191, logits_fake -0.0171,
Train Epoch: [11/30] Iters:[160/1093] gen_loss 0.2500, rec_loss 0.0110, lpips_loss 0.1340, g_loss 0.0168, disc_weight 0.4000, disc_adaptive_weight 6.2396, d_loss 0.4010, logits_real -0.0191, logits_fake -0.0169,
Train Epoch: [11/30] Iters:[170/1093] gen_loss 0.2479, rec_loss 0.0110, lpips_loss 0.1338, g_loss 0.0169, disc_weight 0.4000, disc_adaptive_weight 6.1134, d_loss 0.4009, logits_real -0.0191, logits_fake -0.0173,
Train Epoch: [11/30] Iters:[180/1093] gen_loss 0.2481, rec_loss 0.0109, lpips_loss 0.1336, g_loss 0.0169, disc_weight 0.4000, disc_adaptive_weight 6.1446, d_loss 0.4008, logits_real -0.0188, logits_fake -0.0174,
Train Epoch: [11/30] Iters:[190/1093] gen_loss 0.2454, rec_loss 0.0110, lpips_loss 0.1333, g_loss 0.0169, disc_weight 0.4000, disc_adaptive_weight 5.9946, d_loss 0.4009, logits_real -0.0188, logits_fake -0.0172,
Train Epoch: [11/30] Iters:[200/1093] gen_loss 0.2363, rec_loss 0.0110, lpips_loss 0.1328, g_loss 0.0163, disc_weight 0.4000, disc_adaptive_weight 5.6455, d_loss 0.4009, logits_real -0.0186, logits_fake -0.0167,
Train Epoch: [11/30] Iters:[210/1093] gen_loss 0.2322, rec_loss 0.0111, lpips_loss 0.1328, g_loss 0.0161, disc_weight 0.4000, disc_adaptive_weight 5.4366, d_loss 0.4009, logits_real -0.0182, logits_fake -0.0162,
Train Epoch: [11/30] Iters:[220/1093] gen_loss 0.2280, rec_loss 0.0110, lpips_loss 0.1328, g_loss 0.0159, disc_weight 0.4000, disc_adaptive_weight 5.2536, d_loss 0.4010, logits_real -0.0181, logits_fake -0.0159,
Train Epoch: [11/30] Iters:[230/1093] gen_loss 0.2252, rec_loss 0.0110, lpips_loss 0.1318, g_loss 0.0157, disc_weight 0.4000, disc_adaptive_weight 5.2153, d_loss 0.4010, logits_real -0.0180, logits_fake -0.0158,
Train Epoch: [11/30] Iters:[240/1093] gen_loss 0.2250, rec_loss 0.0109, lpips_loss 0.1323, g_loss 0.0155, disc_weight 0.4000, disc_adaptive_weight 5.2378, d_loss 0.4010, logits_real -0.0180, logits_fake -0.0155,
Train Epoch: [11/30] Iters:[250/1093] gen_loss 0.2297, rec_loss 0.0111, lpips_loss 0.1328, g_loss 0.0158, disc_weight 0.4000, disc_adaptive_weight 5.4264, d_loss 0.4010, logits_real -0.0179, logits_fake -0.0157,
Train Epoch: [11/30] Iters:[260/1093] gen_loss 0.2319, rec_loss 0.0111, lpips_loss 0.1328, g_loss 0.0160, disc_weight 0.4000, disc_adaptive_weight 5.5289, d_loss 0.4009, logits_real -0.0181, logits_fake -0.0160,
Train Epoch: [11/30] Iters:[270/1093] gen_loss 0.2346, rec_loss 0.0110, lpips_loss 0.1326, g_loss 0.0158, disc_weight 0.4000, disc_adaptive_weight 5.7357, d_loss 0.4009, logits_real -0.0179, logits_fake -0.0158,
Train Epoch: [11/30] Iters:[280/1093] gen_loss 0.2309, rec_loss 0.0112, lpips_loss 0.1338, g_loss 0.0155, disc_weight 0.4000, disc_adaptive_weight 5.5356, d_loss 0.4009, logits_real -0.0176, logits_fake -0.0154,
Train Epoch: [11/30] Iters:[290/1093] gen_loss 0.2271, rec_loss 0.0113, lpips_loss 0.1336, g_loss 0.0153, disc_weight 0.4000, disc_adaptive_weight 5.3575, d_loss 0.4009, logits_real -0.0171, logits_fake -0.0153,
Train Epoch: [11/30] Iters:[300/1093] gen_loss 0.2237, rec_loss 0.0112, lpips_loss 0.1342, g_loss 0.0150, disc_weight 0.4000, disc_adaptive_weight 5.1822, d_loss 0.4008, logits_real -0.0168, logits_fake -0.0153,
Train Epoch: [11/30] Iters:[310/1093] gen_loss 0.2258, rec_loss 0.0114, lpips_loss 0.1348, g_loss 0.0148, disc_weight 0.4000, disc_adaptive_weight 5.3407, d_loss 0.4008, logits_real -0.0165, logits_fake -0.0151,
Train Epoch: [11/30] Iters:[320/1093] gen_loss 0.2260, rec_loss 0.0115, lpips_loss 0.1350, g_loss 0.0146, disc_weight 0.4000, disc_adaptive_weight 5.3964, d_loss 0.4008, logits_real -0.0165, logits_fake -0.0153,
Train Epoch: [11/30] Iters:[330/1093] gen_loss 0.2252, rec_loss 0.0114, lpips_loss 0.1350, g_loss 0.0146, disc_weight 0.4000, disc_adaptive_weight 5.3611, d_loss 0.4008, logits_real -0.0167, logits_fake -0.0153,
Train Epoch: [11/30] Iters:[340/1093] gen_loss 0.2275, rec_loss 0.0114, lpips_loss 0.1350, g_loss 0.0147, disc_weight 0.4000, disc_adaptive_weight 5.4708, d_loss 0.4008, logits_real -0.0168, logits_fake -0.0154,
Train Epoch: [11/30] Iters:[350/1093] gen_loss 0.2294, rec_loss 0.0113, lpips_loss 0.1344, g_loss 0.0149, disc_weight 0.4000, disc_adaptive_weight 5.5763, d_loss 0.4009, logits_real -0.0172, logits_fake -0.0154,
Train Epoch: [11/30] Iters:[360/1093] gen_loss 0.2259, rec_loss 0.0111, lpips_loss 0.1334, g_loss 0.0151, disc_weight 0.4000, disc_adaptive_weight 5.3782, d_loss 0.4009, logits_real -0.0177, logits_fake -0.0157,
Train Epoch: [11/30] Iters:[370/1093] gen_loss 0.2256, rec_loss 0.0109, lpips_loss 0.1338, g_loss 0.0155, disc_weight 0.4000, disc_adaptive_weight 5.2279, d_loss 0.4009, logits_real -0.0179, logits_fake -0.0158,
Train Epoch: [11/30] Iters:[380/1093] gen_loss 0.2312, rec_loss 0.0109, lpips_loss 0.1336, g_loss 0.0158, disc_weight 0.4000, disc_adaptive_weight 5.4990, d_loss 0.4009, logits_real -0.0181, logits_fake -0.0160,
Train Epoch: [11/30] Iters:[390/1093] gen_loss 0.2317, rec_loss 0.0108, lpips_loss 0.1331, g_loss 0.0161, disc_weight 0.4000, disc_adaptive_weight 5.4795, d_loss 0.4010, logits_real -0.0184, logits_fake -0.0161,
Train Epoch: [11/30] Iters:[400/1093] gen_loss 0.2356, rec_loss 0.0109, lpips_loss 0.1329, g_loss 0.0163, disc_weight 0.4000, disc_adaptive_weight 5.6632, d_loss 0.4009, logits_real -0.0185, logits_fake -0.0164,
Train Epoch: [11/30] Iters:[410/1093] gen_loss 0.2389, rec_loss 0.0111, lpips_loss 0.1333, g_loss 0.0162, disc_weight 0.4000, disc_adaptive_weight 5.8481, d_loss 0.4009, logits_real -0.0183, logits_fake -0.0164,
Train Epoch: [11/30] Iters:[420/1093] gen_loss 0.2414, rec_loss 0.0112, lpips_loss 0.1330, g_loss 0.0159, disc_weight 0.4000, disc_adaptive_weight 6.1147, d_loss 0.4009, logits_real -0.0181, logits_fake -0.0160,
Train Epoch: [11/30] Iters:[430/1093] gen_loss 0.2415, rec_loss 0.0112, lpips_loss 0.1335, g_loss 0.0157, disc_weight 0.4000, disc_adaptive_weight 6.1702, d_loss 0.4009, logits_real -0.0178, logits_fake -0.0160,
Train Epoch: [11/30] Iters:[440/1093] gen_loss 0.2428, rec_loss 0.0113, lpips_loss 0.1339, g_loss 0.0156, disc_weight 0.4000, disc_adaptive_weight 6.2764, d_loss 0.4009, logits_real -0.0177, logits_fake -0.0159,
Train Epoch: [11/30] Iters:[450/1093] gen_loss 0.2436, rec_loss 0.0113, lpips_loss 0.1343, g_loss 0.0155, disc_weight 0.4000, disc_adaptive_weight 6.3169, d_loss 0.4009, logits_real -0.0175, logits_fake -0.0156,
Train Epoch: [11/30] Iters:[460/1093] gen_loss 0.2454, rec_loss 0.0114, lpips_loss 0.1346, g_loss 0.0157, disc_weight 0.4000, disc_adaptive_weight 6.3346, d_loss 0.4009, logits_real -0.0176, logits_fake -0.0156,
Train Epoch: [11/30] Iters:[470/1093] gen_loss 0.2415, rec_loss 0.0114, lpips_loss 0.1347, g_loss 0.0160, disc_weight 0.4000, disc_adaptive_weight 5.9616, d_loss 0.4009, logits_real -0.0179, logits_fake -0.0160,
Train Epoch: [11/30] Iters:[480/1093] gen_loss 0.2390, rec_loss 0.0113, lpips_loss 0.1341, g_loss 0.0165, disc_weight 0.4000, disc_adaptive_weight 5.6724, d_loss 0.4009, logits_real -0.0185, logits_fake -0.0165,
Train Epoch: [11/30] Iters:[490/1093] gen_loss 0.2385, rec_loss 0.0113, lpips_loss 0.1339, g_loss 0.0169, disc_weight 0.4000, disc_adaptive_weight 5.5314, d_loss 0.4009, logits_real -0.0188, logits_fake -0.0169,
Train Epoch: [11/30] Iters:[500/1093] gen_loss 0.2337, rec_loss 0.0112, lpips_loss 0.1339, g_loss 0.0171, disc_weight 0.4000, disc_adaptive_weight 5.1924, d_loss 0.4008, logits_real -0.0190, logits_fake -0.0173,
Train Epoch: [11/30] Iters:[510/1093] gen_loss 0.2291, rec_loss 0.0111, lpips_loss 0.1329, g_loss 0.0172, disc_weight 0.4000, disc_adaptive_weight 4.9409, d_loss 0.4008, logits_real -0.0193, logits_fake -0.0176,
Train Epoch: [11/30] Iters:[520/1093] gen_loss 0.2308, rec_loss 0.0111, lpips_loss 0.1327, g_loss 0.0171, disc_weight 0.4000, disc_adaptive_weight 5.1275, d_loss 0.4009, logits_real -0.0193, logits_fake -0.0174,
Train Epoch: [11/30] Iters:[530/1093] gen_loss 0.2387, rec_loss 0.0113, lpips_loss 0.1333, g_loss 0.0168, disc_weight 0.4000, disc_adaptive_weight 5.6431, d_loss 0.4009, logits_real -0.0190, logits_fake -0.0170,
Train Epoch: [11/30] Iters:[540/1093] gen_loss 0.2411, rec_loss 0.0112, lpips_loss 0.1334, g_loss 0.0167, disc_weight 0.4000, disc_adaptive_weight 5.8114, d_loss 0.4009, logits_real -0.0189, logits_fake -0.0170,
Train Epoch: [11/30] Iters:[550/1093] gen_loss 0.2478, rec_loss 0.0112, lpips_loss 0.1334, g_loss 0.0167, disc_weight 0.4000, disc_adaptive_weight 6.2091, d_loss 0.4009, logits_real -0.0189, logits_fake -0.0168,
Train Epoch: [11/30] Iters:[560/1093] gen_loss 0.2509, rec_loss 0.0112, lpips_loss 0.1338, g_loss 0.0165, disc_weight 0.4000, disc_adaptive_weight 6.4515, d_loss 0.4009, logits_real -0.0186, logits_fake -0.0166,
Train Epoch: [11/30] Iters:[570/1093] gen_loss 0.2497, rec_loss 0.0112, lpips_loss 0.1335, g_loss 0.0166, disc_weight 0.4000, disc_adaptive_weight 6.3363, d_loss 0.4009, logits_real -0.0187, logits_fake -0.0169,
Train Epoch: [11/30] Iters:[580/1093] gen_loss 0.2460, rec_loss 0.0110, lpips_loss 0.1329, g_loss 0.0169, disc_weight 0.4000, disc_adaptive_weight 6.0501, d_loss 0.4009, logits_real -0.0189, logits_fake -0.0171,
Train Epoch: [11/30] Iters:[590/1093] gen_loss 0.2526, rec_loss 0.0112, lpips_loss 0.1333, g_loss 0.0170, disc_weight 0.4000, disc_adaptive_weight 6.3541, d_loss 0.4009, logits_real -0.0190, logits_fake -0.0171,
Train Epoch: [11/30] Iters:[600/1093] gen_loss 0.2498, rec_loss 0.0111, lpips_loss 0.1333, g_loss 0.0169, disc_weight 0.4000, disc_adaptive_weight 6.2190, d_loss 0.4009, logits_real -0.0188, logits_fake -0.0170,
Train Epoch: [11/30] Iters:[610/1093] gen_loss 0.2554, rec_loss 0.0111, lpips_loss 0.1335, g_loss 0.0172, disc_weight 0.4000, disc_adaptive_weight 6.4334, d_loss 0.4009, logits_real -0.0189, logits_fake -0.0171,
Train Epoch: [11/30] Iters:[620/1093] gen_loss 0.2615, rec_loss 0.0112, lpips_loss 0.1340, g_loss 0.0172, disc_weight 0.4000, disc_adaptive_weight 6.7350, d_loss 0.4009, logits_real -0.0190, logits_fake -0.0170,
Train Epoch: [11/30] Iters:[630/1093] gen_loss 0.2604, rec_loss 0.0113, lpips_loss 0.1344, g_loss 0.0172, disc_weight 0.4000, disc_adaptive_weight 6.6693, d_loss 0.4009, logits_real -0.0190, logits_fake -0.0170,
Train Epoch: [11/30] Iters:[640/1093] gen_loss 0.2520, rec_loss 0.0112, lpips_loss 0.1339, g_loss 0.0171, disc_weight 0.4000, disc_adaptive_weight 6.2705, d_loss 0.4009, logits_real -0.0189, logits_fake -0.0169,
Train Epoch: [11/30] Iters:[650/1093] gen_loss 0.2500, rec_loss 0.0113, lpips_loss 0.1341, g_loss 0.0167, disc_weight 0.4000, disc_adaptive_weight 6.2496, d_loss 0.4009, logits_real -0.0187, logits_fake -0.0167,
Train Epoch: [11/30] Iters:[660/1093] gen_loss 0.2431, rec_loss 0.0113, lpips_loss 0.1339, g_loss 0.0162, disc_weight 0.4000, disc_adaptive_weight 6.0566, d_loss 0.4009, logits_real -0.0181, logits_fake -0.0161,
Train Epoch: [11/30] Iters:[670/1093] gen_loss 0.2360, rec_loss 0.0113, lpips_loss 0.1338, g_loss 0.0155, disc_weight 0.4000, disc_adaptive_weight 5.8578, d_loss 0.4009, logits_real -0.0175, logits_fake -0.0156,
Train Epoch: [11/30] Iters:[680/1093] gen_loss 0.2285, rec_loss 0.0111, lpips_loss 0.1333, g_loss 0.0152, disc_weight 0.4000, disc_adaptive_weight 5.5406, d_loss 0.4009, logits_real -0.0171, logits_fake -0.0153,
Train Epoch: [11/30] Iters:[690/1093] gen_loss 0.2271, rec_loss 0.0112, lpips_loss 0.1338, g_loss 0.0152, disc_weight 0.4000, disc_adaptive_weight 5.4181, d_loss 0.4009, logits_real -0.0172, logits_fake -0.0153,
Train Epoch: [11/30] Iters:[700/1093] gen_loss 0.2297, rec_loss 0.0112, lpips_loss 0.1338, g_loss 0.0156, disc_weight 0.4000, disc_adaptive_weight 5.4213, d_loss 0.4008, logits_real -0.0174, logits_fake -0.0157,
Train Epoch: [11/30] Iters:[710/1093] gen_loss 0.2319, rec_loss 0.0112, lpips_loss 0.1337, g_loss 0.0159, disc_weight 0.4000, disc_adaptive_weight 5.4492, d_loss 0.4009, logits_real -0.0177, logits_fake -0.0159,
Train Epoch: [11/30] Iters:[720/1093] gen_loss 0.2321, rec_loss 0.0112, lpips_loss 0.1336, g_loss 0.0165, disc_weight 0.4000, disc_adaptive_weight 5.2825, d_loss 0.4009, logits_real -0.0183, logits_fake -0.0164,
Train Epoch: [11/30] Iters:[730/1093] gen_loss 0.2367, rec_loss 0.0111, lpips_loss 0.1337, g_loss 0.0170, disc_weight 0.4000, disc_adaptive_weight 5.4182, d_loss 0.4009, logits_real -0.0187, logits_fake -0.0168,
Train Epoch: [11/30] Iters:[740/1093] gen_loss 0.2442, rec_loss 0.0110, lpips_loss 0.1336, g_loss 0.0172, disc_weight 0.4000, disc_adaptive_weight 5.8128, d_loss 0.4009, logits_real -0.0190, logits_fake -0.0170,
Train Epoch: [11/30] Iters:[750/1093] gen_loss 0.2457, rec_loss 0.0110, lpips_loss 0.1336, g_loss 0.0175, disc_weight 0.4000, disc_adaptive_weight 5.7831, d_loss 0.4009, logits_real -0.0194, logits_fake -0.0171,
Train Epoch: [11/30] Iters:[760/1093] gen_loss 0.2487, rec_loss 0.0111, lpips_loss 0.1341, g_loss 0.0179, disc_weight 0.4000, disc_adaptive_weight 5.7927, d_loss 0.4010, logits_real -0.0198, logits_fake -0.0175,
Train Epoch: [11/30] Iters:[770/1093] gen_loss 0.2511, rec_loss 0.0110, lpips_loss 0.1341, g_loss 0.0179, disc_weight 0.4000, disc_adaptive_weight 5.9241, d_loss 0.4009, logits_real -0.0199, logits_fake -0.0176,
Train Epoch: [11/30] Iters:[780/1093] gen_loss 0.2499, rec_loss 0.0111, lpips_loss 0.1343, g_loss 0.0176, disc_weight 0.4000, disc_adaptive_weight 5.9449, d_loss 0.4009, logits_real -0.0197, logits_fake -0.0174,
Train Epoch: [11/30] Iters:[790/1093] gen_loss 0.2443, rec_loss 0.0111, lpips_loss 0.1340, g_loss 0.0173, disc_weight 0.4000, disc_adaptive_weight 5.7056, d_loss 0.4009, logits_real -0.0193, logits_fake -0.0172,
Train Epoch: [11/30] Iters:[800/1093] gen_loss 0.2389, rec_loss 0.0110, lpips_loss 0.1338, g_loss 0.0167, disc_weight 0.4000, disc_adaptive_weight 5.6558, d_loss 0.4009, logits_real -0.0187, logits_fake -0.0167,
Train Epoch: [11/30] Iters:[810/1093] gen_loss 0.2310, rec_loss 0.0108, lpips_loss 0.1330, g_loss 0.0161, disc_weight 0.4000, disc_adaptive_weight 5.4260, d_loss 0.4008, logits_real -0.0181, logits_fake -0.0163,
Train Epoch: [11/30] Iters:[820/1093] gen_loss 0.2304, rec_loss 0.0108, lpips_loss 0.1327, g_loss 0.0158, disc_weight 0.4000, disc_adaptive_weight 5.5012, d_loss 0.4009, logits_real -0.0179, logits_fake -0.0160,
Train Epoch: [11/30] Iters:[830/1093] gen_loss 0.2319, rec_loss 0.0107, lpips_loss 0.1324, g_loss 0.0157, disc_weight 0.4000, disc_adaptive_weight 5.6625, d_loss 0.4009, logits_real -0.0175, logits_fake -0.0156,
Train Epoch: [11/30] Iters:[840/1093] gen_loss 0.2331, rec_loss 0.0108, lpips_loss 0.1325, g_loss 0.0155, disc_weight 0.4000, disc_adaptive_weight 5.8005, d_loss 0.4009, logits_real -0.0174, logits_fake -0.0154,
Train Epoch: [11/30] Iters:[850/1093] gen_loss 0.2337, rec_loss 0.0110, lpips_loss 0.1328, g_loss 0.0156, disc_weight 0.4000, disc_adaptive_weight 5.7794, d_loss 0.4009, logits_real -0.0175, logits_fake -0.0154,
Train Epoch: [11/30] Iters:[860/1093] gen_loss 0.2372, rec_loss 0.0110, lpips_loss 0.1331, g_loss 0.0156, disc_weight 0.4000, disc_adaptive_weight 5.9423, d_loss 0.4009, logits_real -0.0176, logits_fake -0.0154,
Train Epoch: [11/30] Iters:[870/1093] gen_loss 0.2379, rec_loss 0.0110, lpips_loss 0.1330, g_loss 0.0155, disc_weight 0.4000, disc_adaptive_weight 6.0405, d_loss 0.4009, logits_real -0.0174, logits_fake -0.0153,
Train Epoch: [11/30] Iters:[880/1093] gen_loss 0.2379, rec_loss 0.0110, lpips_loss 0.1332, g_loss 0.0156, disc_weight 0.4000, disc_adaptive_weight 6.0019, d_loss 0.4009, logits_real -0.0177, logits_fake -0.0157,
Train Epoch: [11/30] Iters:[890/1093] gen_loss 0.2390, rec_loss 0.0111, lpips_loss 0.1332, g_loss 0.0157, disc_weight 0.4000, disc_adaptive_weight 6.0211, d_loss 0.4008, logits_real -0.0178, logits_fake -0.0160,
Train Epoch: [11/30] Iters:[900/1093] gen_loss 0.2408, rec_loss 0.0111, lpips_loss 0.1334, g_loss 0.0159, disc_weight 0.4000, disc_adaptive_weight 6.0533, d_loss 0.4009, logits_real -0.0180, logits_fake -0.0160,
Train Epoch: [11/30] Iters:[910/1093] gen_loss 0.2447, rec_loss 0.0111, lpips_loss 0.1333, g_loss 0.0161, disc_weight 0.4000, disc_adaptive_weight 6.1940, d_loss 0.4009, logits_real -0.0181, logits_fake -0.0160,
Train Epoch: [11/30] Iters:[920/1093] gen_loss 0.2548, rec_loss 0.0113, lpips_loss 0.1337, g_loss 0.0164, disc_weight 0.4000, disc_adaptive_weight 6.7024, d_loss 0.4009, logits_real -0.0184, logits_fake -0.0164,
Train Epoch: [11/30] Iters:[930/1093] gen_loss 0.2628, rec_loss 0.0114, lpips_loss 0.1338, g_loss 0.0166, disc_weight 0.4000, disc_adaptive_weight 7.0921, d_loss 0.4009, logits_real -0.0184, logits_fake -0.0164,
Train Epoch: [11/30] Iters:[940/1093] gen_loss 0.2687, rec_loss 0.0113, lpips_loss 0.1340, g_loss 0.0169, disc_weight 0.4000, disc_adaptive_weight 7.3097, d_loss 0.4009, logits_real -0.0186, logits_fake -0.0165,
Train Epoch: [11/30] Iters:[950/1093] gen_loss 0.2669, rec_loss 0.0113, lpips_loss 0.1338, g_loss 0.0169, disc_weight 0.4000, disc_adaptive_weight 7.2056, d_loss 0.4009, logits_real -0.0187, logits_fake -0.0165,
Train Epoch: [11/30] Iters:[960/1093] gen_loss 0.2628, rec_loss 0.0113, lpips_loss 0.1338, g_loss 0.0167, disc_weight 0.4000, disc_adaptive_weight 7.0294, d_loss 0.4009, logits_real -0.0188, logits_fake -0.0166,
Train Epoch: [11/30] Iters:[970/1093] gen_loss 0.2586, rec_loss 0.0114, lpips_loss 0.1337, g_loss 0.0168, disc_weight 0.4000, disc_adaptive_weight 6.7472, d_loss 0.4010, logits_real -0.0188, logits_fake -0.0165,
Train Epoch: [11/30] Iters:[980/1093] gen_loss 0.2509, rec_loss 0.0113, lpips_loss 0.1338, g_loss 0.0168, disc_weight 0.4000, disc_adaptive_weight 6.2835, d_loss 0.4010, logits_real -0.0189, logits_fake -0.0166,
Train Epoch: [11/30] Iters:[990/1093] gen_loss 0.2426, rec_loss 0.0113, lpips_loss 0.1343, g_loss 0.0165, disc_weight 0.4000, disc_adaptive_weight 5.8684, d_loss 0.4010, logits_real -0.0188, logits_fake -0.0163,
Train Epoch: [11/30] Iters:[1000/1093] gen_loss 0.2392, rec_loss 0.0112, lpips_loss 0.1337, g_loss 0.0163, disc_weight 0.4000, disc_adaptive_weight 5.7806, d_loss 0.4009, logits_real -0.0186, logits_fake -0.0163,
Train Epoch: [11/30] Iters:[1010/1093] gen_loss 0.2399, rec_loss 0.0112, lpips_loss 0.1337, g_loss 0.0163, disc_weight 0.4000, disc_adaptive_weight 5.8280, d_loss 0.4009, logits_real -0.0184, logits_fake -0.0163,
Train Epoch: [11/30] Iters:[1020/1093] gen_loss 0.2378, rec_loss 0.0110, lpips_loss 0.1335, g_loss 0.0163, disc_weight 0.4000, disc_adaptive_weight 5.7340, d_loss 0.4009, logits_real -0.0183, logits_fake -0.0162,
Train Epoch: [11/30] Iters:[1030/1093] gen_loss 0.2391, rec_loss 0.0110, lpips_loss 0.1333, g_loss 0.0161, disc_weight 0.4000, disc_adaptive_weight 5.8771, d_loss 0.4009, logits_real -0.0182, logits_fake -0.0162,
Train Epoch: [11/30] Iters:[1040/1093] gen_loss 0.2427, rec_loss 0.0110, lpips_loss 0.1328, g_loss 0.0164, disc_weight 0.4000, disc_adaptive_weight 6.0271, d_loss 0.4008, logits_real -0.0182, logits_fake -0.0165,
Train Epoch: [11/30] Iters:[1050/1093] gen_loss 0.2471, rec_loss 0.0109, lpips_loss 0.1330, g_loss 0.0164, disc_weight 0.4000, disc_adaptive_weight 6.2502, d_loss 0.4009, logits_real -0.0184, logits_fake -0.0166,
Train Epoch: [11/30] Iters:[1060/1093] gen_loss 0.2469, rec_loss 0.0109, lpips_loss 0.1331, g_loss 0.0167, disc_weight 0.4000, disc_adaptive_weight 6.1334, d_loss 0.4009, logits_real -0.0186, logits_fake -0.0167,
Train Epoch: [11/30] Iters:[1070/1093] gen_loss 0.2441, rec_loss 0.0109, lpips_loss 0.1333, g_loss 0.0170, disc_weight 0.4000, disc_adaptive_weight 5.8750, d_loss 0.4009, logits_real -0.0187, logits_fake -0.0168,
Train Epoch: [11/30] Iters:[1080/1093] gen_loss 0.2400, rec_loss 0.0110, lpips_loss 0.1335, g_loss 0.0170, disc_weight 0.4000, disc_adaptive_weight 5.6304, d_loss 0.4009, logits_real -0.0187, logits_fake -0.0167,
Train Epoch: [11/30] Iters:[1090/1093] gen_loss 0.2375, rec_loss 0.0108, lpips_loss 0.1326, g_loss 0.0167, disc_weight 0.4000, disc_adaptive_weight 5.6265, d_loss 0.4009, logits_real -0.0187, logits_fake -0.0165,
epoch:12, cur_lr:0.000010
Train Epoch: [12/30] Iters:[10/1093] gen_loss 0.2297, rec_loss 0.0111, lpips_loss 0.1338, g_loss 0.0165, disc_weight 0.4000, disc_adaptive_weight 5.1329, d_loss 0.4008, logits_real -0.0184, logits_fake -0.0167,
Train Epoch: [12/30] Iters:[20/1093] gen_loss 0.2373, rec_loss 0.0108, lpips_loss 0.1336, g_loss 0.0168, disc_weight 0.4000, disc_adaptive_weight 5.5125, d_loss 0.4009, logits_real -0.0187, logits_fake -0.0166,
Train Epoch: [12/30] Iters:[30/1093] gen_loss 0.2408, rec_loss 0.0108, lpips_loss 0.1337, g_loss 0.0167, disc_weight 0.4000, disc_adaptive_weight 5.7419, d_loss 0.4009, logits_real -0.0188, logits_fake -0.0166,
Train Epoch: [12/30] Iters:[40/1093] gen_loss 0.2405, rec_loss 0.0109, lpips_loss 0.1338, g_loss 0.0168, disc_weight 0.4000, disc_adaptive_weight 5.6750, d_loss 0.4009, logits_real -0.0188, logits_fake -0.0169,
Train Epoch: [12/30] Iters:[50/1093] gen_loss 0.2399, rec_loss 0.0108, lpips_loss 0.1335, g_loss 0.0170, disc_weight 0.4000, disc_adaptive_weight 5.6004, d_loss 0.4009, logits_real -0.0190, logits_fake -0.0171,
Train Epoch: [12/30] Iters:[60/1093] gen_loss 0.2404, rec_loss 0.0108, lpips_loss 0.1332, g_loss 0.0171, disc_weight 0.4000, disc_adaptive_weight 5.6241, d_loss 0.4008, logits_real -0.0190, logits_fake -0.0171,
Train Epoch: [12/30] Iters:[70/1093] gen_loss 0.2382, rec_loss 0.0108, lpips_loss 0.1325, g_loss 0.0169, disc_weight 0.4000, disc_adaptive_weight 5.6253, d_loss 0.4008, logits_real -0.0188, logits_fake -0.0170,
Train Epoch: [12/30] Iters:[80/1093] gen_loss 0.2343, rec_loss 0.0108, lpips_loss 0.1322, g_loss 0.0166, disc_weight 0.4000, disc_adaptive_weight 5.5081, d_loss 0.4008, logits_real -0.0184, logits_fake -0.0167,
Train Epoch: [12/30] Iters:[90/1093] gen_loss 0.2304, rec_loss 0.0107, lpips_loss 0.1321, g_loss 0.0162, disc_weight 0.4000, disc_adaptive_weight 5.4139, d_loss 0.4008, logits_real -0.0180, logits_fake -0.0162,
Train Epoch: [12/30] Iters:[100/1093] gen_loss 0.2257, rec_loss 0.0108, lpips_loss 0.1318, g_loss 0.0156, disc_weight 0.4000, disc_adaptive_weight 5.3237, d_loss 0.4009, logits_real -0.0174, logits_fake -0.0155,
Train Epoch: [12/30] Iters:[110/1093] gen_loss 0.2242, rec_loss 0.0107, lpips_loss 0.1317, g_loss 0.0151, disc_weight 0.4000, disc_adaptive_weight 5.4100, d_loss 0.4009, logits_real -0.0171, logits_fake -0.0151,
Train Epoch: [12/30] Iters:[120/1093] gen_loss 0.2224, rec_loss 0.0108, lpips_loss 0.1321, g_loss 0.0148, disc_weight 0.4000, disc_adaptive_weight 5.3816, d_loss 0.4009, logits_real -0.0167, logits_fake -0.0148,
Train Epoch: [12/30] Iters:[130/1093] gen_loss 0.2238, rec_loss 0.0108, lpips_loss 0.1325, g_loss 0.0146, disc_weight 0.4000, disc_adaptive_weight 5.5352, d_loss 0.4008, logits_real -0.0166, logits_fake -0.0148,
Train Epoch: [12/30] Iters:[140/1093] gen_loss 0.2252, rec_loss 0.0107, lpips_loss 0.1319, g_loss 0.0146, disc_weight 0.4000, disc_adaptive_weight 5.6795, d_loss 0.4009, logits_real -0.0169, logits_fake -0.0150,
Train Epoch: [12/30] Iters:[150/1093] gen_loss 0.2296, rec_loss 0.0108, lpips_loss 0.1325, g_loss 0.0146, disc_weight 0.4000, disc_adaptive_weight 5.9174, d_loss 0.4009, logits_real -0.0170, logits_fake -0.0151,
Train Epoch: [12/30] Iters:[160/1093] gen_loss 0.2294, rec_loss 0.0108, lpips_loss 0.1326, g_loss 0.0150, disc_weight 0.4000, disc_adaptive_weight 5.7716, d_loss 0.4009, logits_real -0.0173, logits_fake -0.0152,
Train Epoch: [12/30] Iters:[170/1093] gen_loss 0.2297, rec_loss 0.0109, lpips_loss 0.1327, g_loss 0.0152, disc_weight 0.4000, disc_adaptive_weight 5.6920, d_loss 0.4009, logits_real -0.0174, logits_fake -0.0154,
Train Epoch: [12/30] Iters:[180/1093] gen_loss 0.2271, rec_loss 0.0108, lpips_loss 0.1322, g_loss 0.0155, disc_weight 0.4000, disc_adaptive_weight 5.4375, d_loss 0.4009, logits_real -0.0176, logits_fake -0.0156,
Train Epoch: [12/30] Iters:[190/1093] gen_loss 0.2308, rec_loss 0.0108, lpips_loss 0.1328, g_loss 0.0157, disc_weight 0.4000, disc_adaptive_weight 5.5747, d_loss 0.4009, logits_real -0.0175, logits_fake -0.0155,
Train Epoch: [12/30] Iters:[200/1093] gen_loss 0.2276, rec_loss 0.0108, lpips_loss 0.1324, g_loss 0.0155, disc_weight 0.4000, disc_adaptive_weight 5.4364, d_loss 0.4009, logits_real -0.0174, logits_fake -0.0154,
Train Epoch: [12/30] Iters:[210/1093] gen_loss 0.2311, rec_loss 0.0108, lpips_loss 0.1324, g_loss 0.0154, disc_weight 0.4000, disc_adaptive_weight 5.7116, d_loss 0.4008, logits_real -0.0172, logits_fake -0.0154,
Train Epoch: [12/30] Iters:[220/1093] gen_loss 0.2319, rec_loss 0.0108, lpips_loss 0.1326, g_loss 0.0154, disc_weight 0.4000, disc_adaptive_weight 5.7448, d_loss 0.4008, logits_real -0.0172, logits_fake -0.0155,
Train Epoch: [12/30] Iters:[230/1093] gen_loss 0.2334, rec_loss 0.0110, lpips_loss 0.1333, g_loss 0.0155, disc_weight 0.4000, disc_adaptive_weight 5.7592, d_loss 0.4009, logits_real -0.0173, logits_fake -0.0153,
Train Epoch: [12/30] Iters:[240/1093] gen_loss 0.2306, rec_loss 0.0111, lpips_loss 0.1333, g_loss 0.0155, disc_weight 0.4000, disc_adaptive_weight 5.5548, d_loss 0.4008, logits_real -0.0172, logits_fake -0.0156,
Train Epoch: [12/30] Iters:[250/1093] gen_loss 0.2312, rec_loss 0.0111, lpips_loss 0.1334, g_loss 0.0155, disc_weight 0.4000, disc_adaptive_weight 5.5706, d_loss 0.4008, logits_real -0.0175, logits_fake -0.0159,
Train Epoch: [12/30] Iters:[260/1093] gen_loss 0.2305, rec_loss 0.0111, lpips_loss 0.1335, g_loss 0.0156, disc_weight 0.4000, disc_adaptive_weight 5.4875, d_loss 0.4008, logits_real -0.0176, logits_fake -0.0160,
Train Epoch: [12/30] Iters:[270/1093] gen_loss 0.2316, rec_loss 0.0111, lpips_loss 0.1334, g_loss 0.0157, disc_weight 0.4000, disc_adaptive_weight 5.5336, d_loss 0.4008, logits_real -0.0174, logits_fake -0.0155,
Train Epoch: [12/30] Iters:[280/1093] gen_loss 0.2338, rec_loss 0.0111, lpips_loss 0.1338, g_loss 0.0156, disc_weight 0.4000, disc_adaptive_weight 5.7208, d_loss 0.4008, logits_real -0.0172, logits_fake -0.0156,
Train Epoch: [12/30] Iters:[290/1093] gen_loss 0.2363, rec_loss 0.0112, lpips_loss 0.1336, g_loss 0.0156, disc_weight 0.4000, disc_adaptive_weight 5.8747, d_loss 0.4009, logits_real -0.0174, logits_fake -0.0154,
Train Epoch: [12/30] Iters:[300/1093] gen_loss 0.2390, rec_loss 0.0113, lpips_loss 0.1340, g_loss 0.0160, disc_weight 0.4000, disc_adaptive_weight 5.8833, d_loss 0.4009, logits_real -0.0176, logits_fake -0.0154,
Train Epoch: [12/30] Iters:[310/1093] gen_loss 0.2403, rec_loss 0.0112, lpips_loss 0.1338, g_loss 0.0163, disc_weight 0.4000, disc_adaptive_weight 5.8754, d_loss 0.4009, logits_real -0.0179, logits_fake -0.0157,
Train Epoch: [12/30] Iters:[320/1093] gen_loss 0.2390, rec_loss 0.0111, lpips_loss 0.1334, g_loss 0.0167, disc_weight 0.4000, disc_adaptive_weight 5.7113, d_loss 0.4008, logits_real -0.0185, logits_fake -0.0166,
Train Epoch: [12/30] Iters:[330/1093] gen_loss 0.2376, rec_loss 0.0110, lpips_loss 0.1327, g_loss 0.0170, disc_weight 0.4000, disc_adaptive_weight 5.5527, d_loss 0.4009, logits_real -0.0190, logits_fake -0.0167,
Train Epoch: [12/30] Iters:[340/1093] gen_loss 0.2329, rec_loss 0.0108, lpips_loss 0.1325, g_loss 0.0169, disc_weight 0.4000, disc_adaptive_weight 5.2915, d_loss 0.4009, logits_real -0.0189, logits_fake -0.0169,
Train Epoch: [12/30] Iters:[350/1093] gen_loss 0.2311, rec_loss 0.0107, lpips_loss 0.1322, g_loss 0.0170, disc_weight 0.4000, disc_adaptive_weight 5.1982, d_loss 0.4008, logits_real -0.0188, logits_fake -0.0169,
Train Epoch: [12/30] Iters:[360/1093] gen_loss 0.2287, rec_loss 0.0108, lpips_loss 0.1322, g_loss 0.0169, disc_weight 0.4000, disc_adaptive_weight 5.0824, d_loss 0.4008, logits_real -0.0186, logits_fake -0.0167,
Train Epoch: [12/30] Iters:[370/1093] gen_loss 0.2281, rec_loss 0.0107, lpips_loss 0.1322, g_loss 0.0164, disc_weight 0.4000, disc_adaptive_weight 5.1986, d_loss 0.4009, logits_real -0.0184, logits_fake -0.0162,
Train Epoch: [12/30] Iters:[380/1093] gen_loss 0.2306, rec_loss 0.0109, lpips_loss 0.1325, g_loss 0.0160, disc_weight 0.4000, disc_adaptive_weight 5.4780, d_loss 0.4009, logits_real -0.0180, logits_fake -0.0161,
Train Epoch: [12/30] Iters:[390/1093] gen_loss 0.2305, rec_loss 0.0110, lpips_loss 0.1330, g_loss 0.0157, disc_weight 0.4000, disc_adaptive_weight 5.5166, d_loss 0.4009, logits_real -0.0178, logits_fake -0.0158,
Train Epoch: [12/30] Iters:[400/1093] gen_loss 0.2276, rec_loss 0.0111, lpips_loss 0.1330, g_loss 0.0153, disc_weight 0.4000, disc_adaptive_weight 5.4704, d_loss 0.4009, logits_real -0.0175, logits_fake -0.0154,
Train Epoch: [12/30] Iters:[410/1093] gen_loss 0.2260, rec_loss 0.0112, lpips_loss 0.1337, g_loss 0.0149, disc_weight 0.4000, disc_adaptive_weight 5.4755, d_loss 0.4008, logits_real -0.0172, logits_fake -0.0153,
Train Epoch: [12/30] Iters:[420/1093] gen_loss 0.2276, rec_loss 0.0113, lpips_loss 0.1339, g_loss 0.0151, disc_weight 0.4000, disc_adaptive_weight 5.4776, d_loss 0.4008, logits_real -0.0172, logits_fake -0.0154,
Train Epoch: [12/30] Iters:[430/1093] gen_loss 0.2227, rec_loss 0.0112, lpips_loss 0.1336, g_loss 0.0152, disc_weight 0.4000, disc_adaptive_weight 5.1432, d_loss 0.4008, logits_real -0.0174, logits_fake -0.0157,
Train Epoch: [12/30] Iters:[440/1093] gen_loss 0.2265, rec_loss 0.0111, lpips_loss 0.1336, g_loss 0.0157, disc_weight 0.4000, disc_adaptive_weight 5.2294, d_loss 0.4008, logits_real -0.0177, logits_fake -0.0160,
Train Epoch: [12/30] Iters:[450/1093] gen_loss 0.2328, rec_loss 0.0110, lpips_loss 0.1336, g_loss 0.0163, disc_weight 0.4000, disc_adaptive_weight 5.4424, d_loss 0.4008, logits_real -0.0182, logits_fake -0.0165,
Train Epoch: [12/30] Iters:[460/1093] gen_loss 0.2366, rec_loss 0.0110, lpips_loss 0.1335, g_loss 0.0166, disc_weight 0.4000, disc_adaptive_weight 5.5881, d_loss 0.4008, logits_real -0.0186, logits_fake -0.0169,
Train Epoch: [12/30] Iters:[470/1093] gen_loss 0.2382, rec_loss 0.0109, lpips_loss 0.1332, g_loss 0.0168, disc_weight 0.4000, disc_adaptive_weight 5.6299, d_loss 0.4008, logits_real -0.0189, logits_fake -0.0172,
Train Epoch: [12/30] Iters:[480/1093] gen_loss 0.2390, rec_loss 0.0109, lpips_loss 0.1334, g_loss 0.0171, disc_weight 0.4000, disc_adaptive_weight 5.5646, d_loss 0.4008, logits_real -0.0189, logits_fake -0.0172,
Train Epoch: [12/30] Iters:[490/1093] gen_loss 0.2385, rec_loss 0.0109, lpips_loss 0.1331, g_loss 0.0171, disc_weight 0.4000, disc_adaptive_weight 5.5769, d_loss 0.4008, logits_real -0.0189, logits_fake -0.0173,
Train Epoch: [12/30] Iters:[500/1093] gen_loss 0.2373, rec_loss 0.0109, lpips_loss 0.1329, g_loss 0.0169, disc_weight 0.4000, disc_adaptive_weight 5.5392, d_loss 0.4008, logits_real -0.0188, logits_fake -0.0174,
Train Epoch: [12/30] Iters:[510/1093] gen_loss 0.2359, rec_loss 0.0108, lpips_loss 0.1327, g_loss 0.0169, disc_weight 0.4000, disc_adaptive_weight 5.4886, d_loss 0.4008, logits_real -0.0186, logits_fake -0.0171,
Train Epoch: [12/30] Iters:[520/1093] gen_loss 0.2346, rec_loss 0.0109, lpips_loss 0.1329, g_loss 0.0164, disc_weight 0.4000, disc_adaptive_weight 5.5597, d_loss 0.4008, logits_real -0.0186, logits_fake -0.0169,
Train Epoch: [12/30] Iters:[530/1093] gen_loss 0.2358, rec_loss 0.0109, lpips_loss 0.1326, g_loss 0.0163, disc_weight 0.4000, disc_adaptive_weight 5.6817, d_loss 0.4008, logits_real -0.0185, logits_fake -0.0167,
Train Epoch: [12/30] Iters:[540/1093] gen_loss 0.2341, rec_loss 0.0109, lpips_loss 0.1326, g_loss 0.0161, disc_weight 0.4000, disc_adaptive_weight 5.6375, d_loss 0.4008, logits_real -0.0183, logits_fake -0.0164,
Train Epoch: [12/30] Iters:[550/1093] gen_loss 0.2345, rec_loss 0.0109, lpips_loss 0.1326, g_loss 0.0155, disc_weight 0.4000, disc_adaptive_weight 5.8724, d_loss 0.4008, logits_real -0.0179, logits_fake -0.0161,
Train Epoch: [12/30] Iters:[560/1093] gen_loss 0.2320, rec_loss 0.0109, lpips_loss 0.1324, g_loss 0.0155, disc_weight 0.4000, disc_adaptive_weight 5.7436, d_loss 0.4008, logits_real -0.0178, logits_fake -0.0161,
Train Epoch: [12/30] Iters:[570/1093] gen_loss 0.2332, rec_loss 0.0110, lpips_loss 0.1330, g_loss 0.0160, disc_weight 0.4000, disc_adaptive_weight 5.6140, d_loss 0.4008, logits_real -0.0176, logits_fake -0.0161,
Train Epoch: [12/30] Iters:[580/1093] gen_loss 0.2355, rec_loss 0.0109, lpips_loss 0.1331, g_loss 0.0160, disc_weight 0.4000, disc_adaptive_weight 5.7416, d_loss 0.4007, logits_real -0.0178, logits_fake -0.0166,
Train Epoch: [12/30] Iters:[590/1093] gen_loss 0.2343, rec_loss 0.0109, lpips_loss 0.1330, g_loss 0.0162, disc_weight 0.4000, disc_adaptive_weight 5.6233, d_loss 0.4007, logits_real -0.0180, logits_fake -0.0169,
Train Epoch: [12/30] Iters:[600/1093] gen_loss 0.2324, rec_loss 0.0111, lpips_loss 0.1332, g_loss 0.0166, disc_weight 0.4000, disc_adaptive_weight 5.3113, d_loss 0.4008, logits_real -0.0185, logits_fake -0.0170,
Train Epoch: [12/30] Iters:[610/1093] gen_loss 0.2371, rec_loss 0.0111, lpips_loss 0.1326, g_loss 0.0166, disc_weight 0.4000, disc_adaptive_weight 5.6166, d_loss 0.4008, logits_real -0.0186, logits_fake -0.0168,
Train Epoch: [12/30] Iters:[620/1093] gen_loss 0.2366, rec_loss 0.0111, lpips_loss 0.1323, g_loss 0.0164, disc_weight 0.4000, disc_adaptive_weight 5.6986, d_loss 0.4009, logits_real -0.0186, logits_fake -0.0166,
Train Epoch: [12/30] Iters:[630/1093] gen_loss 0.2374, rec_loss 0.0111, lpips_loss 0.1325, g_loss 0.0164, disc_weight 0.4000, disc_adaptive_weight 5.7242, d_loss 0.4009, logits_real -0.0184, logits_fake -0.0164,
Train Epoch: [12/30] Iters:[640/1093] gen_loss 0.2421, rec_loss 0.0111, lpips_loss 0.1329, g_loss 0.0164, disc_weight 0.4000, disc_adaptive_weight 5.9841, d_loss 0.4009, logits_real -0.0184, logits_fake -0.0161,
Train Epoch: [12/30] Iters:[650/1093] gen_loss 0.2428, rec_loss 0.0111, lpips_loss 0.1333, g_loss 0.0163, disc_weight 0.4000, disc_adaptive_weight 6.0419, d_loss 0.4009, logits_real -0.0186, logits_fake -0.0162,
Train Epoch: [12/30] Iters:[660/1093] gen_loss 0.2405, rec_loss 0.0111, lpips_loss 0.1340, g_loss 0.0164, disc_weight 0.4000, disc_adaptive_weight 5.8212, d_loss 0.4009, logits_real -0.0187, logits_fake -0.0163,
Train Epoch: [12/30] Iters:[670/1093] gen_loss 0.2429, rec_loss 0.0111, lpips_loss 0.1340, g_loss 0.0167, disc_weight 0.4000, disc_adaptive_weight 5.8687, d_loss 0.4009, logits_real -0.0189, logits_fake -0.0165,
Train Epoch: [12/30] Iters:[680/1093] gen_loss 0.2431, rec_loss 0.0111, lpips_loss 0.1339, g_loss 0.0168, disc_weight 0.4000, disc_adaptive_weight 5.8547, d_loss 0.4009, logits_real -0.0189, logits_fake -0.0165,
Train Epoch: [12/30] Iters:[690/1093] gen_loss 0.2386, rec_loss 0.0111, lpips_loss 0.1337, g_loss 0.0167, disc_weight 0.4000, disc_adaptive_weight 5.6241, d_loss 0.4009, logits_real -0.0188, logits_fake -0.0166,
Train Epoch: [12/30] Iters:[700/1093] gen_loss 0.2388, rec_loss 0.0110, lpips_loss 0.1328, g_loss 0.0167, disc_weight 0.4000, disc_adaptive_weight 5.6823, d_loss 0.4009, logits_real -0.0186, logits_fake -0.0165,
Train Epoch: [12/30] Iters:[710/1093] gen_loss 0.2412, rec_loss 0.0110, lpips_loss 0.1324, g_loss 0.0166, disc_weight 0.4000, disc_adaptive_weight 5.9197, d_loss 0.4009, logits_real -0.0186, logits_fake -0.0165,
Train Epoch: [12/30] Iters:[720/1093] gen_loss 0.2401, rec_loss 0.0110, lpips_loss 0.1325, g_loss 0.0163, disc_weight 0.4000, disc_adaptive_weight 5.9501, d_loss 0.4009, logits_real -0.0183, logits_fake -0.0163,
Train Epoch: [12/30] Iters:[730/1093] gen_loss 0.2377, rec_loss 0.0111, lpips_loss 0.1330, g_loss 0.0160, disc_weight 0.4000, disc_adaptive_weight 5.8564, d_loss 0.4009, logits_real -0.0181, logits_fake -0.0160,
Train Epoch: [12/30] Iters:[740/1093] gen_loss 0.2372, rec_loss 0.0111, lpips_loss 0.1332, g_loss 0.0158, disc_weight 0.4000, disc_adaptive_weight 5.8656, d_loss 0.4009, logits_real -0.0179, logits_fake -0.0159,
Train Epoch: [12/30] Iters:[750/1093] gen_loss 0.2381, rec_loss 0.0112, lpips_loss 0.1336, g_loss 0.0157, disc_weight 0.4000, disc_adaptive_weight 5.9646, d_loss 0.4009, logits_real -0.0178, logits_fake -0.0157,
Train Epoch: [12/30] Iters:[760/1093] gen_loss 0.2343, rec_loss 0.0112, lpips_loss 0.1340, g_loss 0.0154, disc_weight 0.4000, disc_adaptive_weight 5.7856, d_loss 0.4009, logits_real -0.0175, logits_fake -0.0153,
Train Epoch: [12/30] Iters:[770/1093] gen_loss 0.2298, rec_loss 0.0112, lpips_loss 0.1339, g_loss 0.0150, disc_weight 0.4000, disc_adaptive_weight 5.6521, d_loss 0.4009, logits_real -0.0171, logits_fake -0.0150,
Train Epoch: [12/30] Iters:[780/1093] gen_loss 0.2258, rec_loss 0.0110, lpips_loss 0.1334, g_loss 0.0146, disc_weight 0.4000, disc_adaptive_weight 5.5929, d_loss 0.4008, logits_real -0.0165, logits_fake -0.0146,
Train Epoch: [12/30] Iters:[790/1093] gen_loss 0.2304, rec_loss 0.0110, lpips_loss 0.1333, g_loss 0.0145, disc_weight 0.4000, disc_adaptive_weight 5.9321, d_loss 0.4008, logits_real -0.0164, logits_fake -0.0143,
Train Epoch: [12/30] Iters:[800/1093] gen_loss 0.2262, rec_loss 0.0111, lpips_loss 0.1332, g_loss 0.0144, disc_weight 0.4000, disc_adaptive_weight 5.6924, d_loss 0.4009, logits_real -0.0163, logits_fake -0.0141,
Train Epoch: [12/30] Iters:[810/1093] gen_loss 0.2252, rec_loss 0.0110, lpips_loss 0.1332, g_loss 0.0144, disc_weight 0.4000, disc_adaptive_weight 5.6197, d_loss 0.4009, logits_real -0.0162, logits_fake -0.0141,
Train Epoch: [12/30] Iters:[820/1093] gen_loss 0.2226, rec_loss 0.0111, lpips_loss 0.1328, g_loss 0.0142, disc_weight 0.4000, disc_adaptive_weight 5.5131, d_loss 0.4009, logits_real -0.0162, logits_fake -0.0140,
Train Epoch: [12/30] Iters:[830/1093] gen_loss 0.2249, rec_loss 0.0111, lpips_loss 0.1324, g_loss 0.0143, disc_weight 0.4000, disc_adaptive_weight 5.6832, d_loss 0.4009, logits_real -0.0163, logits_fake -0.0142,
Train Epoch: [12/30] Iters:[840/1093] gen_loss 0.2225, rec_loss 0.0112, lpips_loss 0.1326, g_loss 0.0142, disc_weight 0.4000, disc_adaptive_weight 5.5284, d_loss 0.4008, logits_real -0.0162, logits_fake -0.0142,
Train Epoch: [12/30] Iters:[850/1093] gen_loss 0.2272, rec_loss 0.0112, lpips_loss 0.1327, g_loss 0.0141, disc_weight 0.4000, disc_adaptive_weight 5.8869, d_loss 0.4008, logits_real -0.0163, logits_fake -0.0143,
Train Epoch: [12/30] Iters:[860/1093] gen_loss 0.2261, rec_loss 0.0112, lpips_loss 0.1326, g_loss 0.0142, disc_weight 0.4000, disc_adaptive_weight 5.7948, d_loss 0.4008, logits_real -0.0163, logits_fake -0.0142,
Train Epoch: [12/30] Iters:[870/1093] gen_loss 0.2289, rec_loss 0.0112, lpips_loss 0.1329, g_loss 0.0145, disc_weight 0.4000, disc_adaptive_weight 5.8260, d_loss 0.4008, logits_real -0.0165, logits_fake -0.0145,
Train Epoch: [12/30] Iters:[880/1093] gen_loss 0.2295, rec_loss 0.0113, lpips_loss 0.1335, g_loss 0.0146, disc_weight 0.4000, disc_adaptive_weight 5.7664, d_loss 0.4009, logits_real -0.0167, logits_fake -0.0144,
Train Epoch: [12/30] Iters:[890/1093] gen_loss 0.2276, rec_loss 0.0113, lpips_loss 0.1334, g_loss 0.0146, disc_weight 0.4000, disc_adaptive_weight 5.6927, d_loss 0.4009, logits_real -0.0166, logits_fake -0.0144,
Train Epoch: [12/30] Iters:[900/1093] gen_loss 0.2226, rec_loss 0.0111, lpips_loss 0.1332, g_loss 0.0146, disc_weight 0.4000, disc_adaptive_weight 5.3410, d_loss 0.4008, logits_real -0.0165, logits_fake -0.0145,
Train Epoch: [12/30] Iters:[910/1093] gen_loss 0.2235, rec_loss 0.0111, lpips_loss 0.1329, g_loss 0.0146, disc_weight 0.4000, disc_adaptive_weight 5.4507, d_loss 0.4008, logits_real -0.0165, logits_fake -0.0147,
Train Epoch: [12/30] Iters:[920/1093] gen_loss 0.2223, rec_loss 0.0110, lpips_loss 0.1327, g_loss 0.0144, disc_weight 0.4000, disc_adaptive_weight 5.4693, d_loss 0.4008, logits_real -0.0163, logits_fake -0.0146,
Train Epoch: [12/30] Iters:[930/1093] gen_loss 0.2159, rec_loss 0.0108, lpips_loss 0.1323, g_loss 0.0142, disc_weight 0.4000, disc_adaptive_weight 5.1273, d_loss 0.4007, logits_real -0.0162, logits_fake -0.0147,
Train Epoch: [12/30] Iters:[940/1093] gen_loss 0.2138, rec_loss 0.0108, lpips_loss 0.1321, g_loss 0.0142, disc_weight 0.4000, disc_adaptive_weight 4.9873, d_loss 0.4007, logits_real -0.0161, logits_fake -0.0146,
Train Epoch: [12/30] Iters:[950/1093] gen_loss 0.2128, rec_loss 0.0109, lpips_loss 0.1322, g_loss 0.0140, disc_weight 0.4000, disc_adaptive_weight 4.9589, d_loss 0.4008, logits_real -0.0161, logits_fake -0.0144,
Train Epoch: [12/30] Iters:[960/1093] gen_loss 0.2148, rec_loss 0.0110, lpips_loss 0.1327, g_loss 0.0140, disc_weight 0.4000, disc_adaptive_weight 5.0374, d_loss 0.4008, logits_real -0.0160, logits_fake -0.0141,
Train Epoch: [12/30] Iters:[970/1093] gen_loss 0.2152, rec_loss 0.0111, lpips_loss 0.1329, g_loss 0.0142, disc_weight 0.4000, disc_adaptive_weight 4.9817, d_loss 0.4008, logits_real -0.0162, logits_fake -0.0142,
Train Epoch: [12/30] Iters:[980/1093] gen_loss 0.2216, rec_loss 0.0112, lpips_loss 0.1329, g_loss 0.0148, disc_weight 0.4000, disc_adaptive_weight 5.2151, d_loss 0.4008, logits_real -0.0166, logits_fake -0.0146,
Train Epoch: [12/30] Iters:[990/1093] gen_loss 0.2271, rec_loss 0.0112, lpips_loss 0.1329, g_loss 0.0153, disc_weight 0.4000, disc_adaptive_weight 5.3852, d_loss 0.4008, logits_real -0.0172, logits_fake -0.0153,
Train Epoch: [12/30] Iters:[1000/1093] gen_loss 0.2305, rec_loss 0.0112, lpips_loss 0.1329, g_loss 0.0163, disc_weight 0.4000, disc_adaptive_weight 5.3123, d_loss 0.4008, logits_real -0.0178, logits_fake -0.0161,
Train Epoch: [12/30] Iters:[1010/1093] gen_loss 0.2358, rec_loss 0.0112, lpips_loss 0.1333, g_loss 0.0169, disc_weight 0.4000, disc_adaptive_weight 5.3936, d_loss 0.4008, logits_real -0.0186, logits_fake -0.0169,
Train Epoch: [12/30] Iters:[1020/1093] gen_loss 0.2408, rec_loss 0.0111, lpips_loss 0.1328, g_loss 0.0174, disc_weight 0.4000, disc_adaptive_weight 5.5491, d_loss 0.4008, logits_real -0.0192, logits_fake -0.0174,
Train Epoch: [12/30] Iters:[1030/1093] gen_loss 0.2413, rec_loss 0.0110, lpips_loss 0.1324, g_loss 0.0175, disc_weight 0.4000, disc_adaptive_weight 5.5899, d_loss 0.4008, logits_real -0.0193, logits_fake -0.0175,
Train Epoch: [12/30] Iters:[1040/1093] gen_loss 0.2372, rec_loss 0.0110, lpips_loss 0.1325, g_loss 0.0173, disc_weight 0.4000, disc_adaptive_weight 5.4018, d_loss 0.4008, logits_real -0.0192, logits_fake -0.0173,
Train Epoch: [12/30] Iters:[1050/1093] gen_loss 0.2366, rec_loss 0.0110, lpips_loss 0.1331, g_loss 0.0167, disc_weight 0.4000, disc_adaptive_weight 5.5009, d_loss 0.4008, logits_real -0.0188, logits_fake -0.0168,
Train Epoch: [12/30] Iters:[1060/1093] gen_loss 0.2327, rec_loss 0.0109, lpips_loss 0.1325, g_loss 0.0162, disc_weight 0.4000, disc_adaptive_weight 5.5018, d_loss 0.4008, logits_real -0.0182, logits_fake -0.0163,
Train Epoch: [12/30] Iters:[1070/1093] gen_loss 0.2327, rec_loss 0.0108, lpips_loss 0.1324, g_loss 0.0156, disc_weight 0.4000, disc_adaptive_weight 5.7717, d_loss 0.4008, logits_real -0.0175, logits_fake -0.0157,
Train Epoch: [12/30] Iters:[1080/1093] gen_loss 0.2372, rec_loss 0.0110, lpips_loss 0.1332, g_loss 0.0153, disc_weight 0.4000, disc_adaptive_weight 6.1155, d_loss 0.4008, logits_real -0.0172, logits_fake -0.0153,
Train Epoch: [12/30] Iters:[1090/1093] gen_loss 0.2432, rec_loss 0.0111, lpips_loss 0.1337, g_loss 0.0151, disc_weight 0.4000, disc_adaptive_weight 6.5451, d_loss 0.4008, logits_real -0.0169, logits_fake -0.0151,
epoch:13, cur_lr:0.000010
Train Epoch: [13/30] Iters:[10/1093] gen_loss 0.2216, rec_loss 0.0107, lpips_loss 0.1307, g_loss 0.0145, disc_weight 0.4000, disc_adaptive_weight 5.5303, d_loss 0.4009, logits_real -0.0166, logits_fake -0.0144,
Train Epoch: [13/30] Iters:[20/1093] gen_loss 0.2307, rec_loss 0.0108, lpips_loss 0.1316, g_loss 0.0142, disc_weight 0.4000, disc_adaptive_weight 6.2632, d_loss 0.4009, logits_real -0.0161, logits_fake -0.0140,
Train Epoch: [13/30] Iters:[30/1093] gen_loss 0.2270, rec_loss 0.0111, lpips_loss 0.1319, g_loss 0.0138, disc_weight 0.4000, disc_adaptive_weight 6.0764, d_loss 0.4008, logits_real -0.0157, logits_fake -0.0138,
Train Epoch: [13/30] Iters:[40/1093] gen_loss 0.2267, rec_loss 0.0109, lpips_loss 0.1319, g_loss 0.0141, disc_weight 0.4000, disc_adaptive_weight 5.9796, d_loss 0.4008, logits_real -0.0159, logits_fake -0.0140,
Train Epoch: [13/30] Iters:[50/1093] gen_loss 0.2261, rec_loss 0.0109, lpips_loss 0.1319, g_loss 0.0142, disc_weight 0.4000, disc_adaptive_weight 5.8586, d_loss 0.4008, logits_real -0.0161, logits_fake -0.0142,
Train Epoch: [13/30] Iters:[60/1093] gen_loss 0.2263, rec_loss 0.0108, lpips_loss 0.1322, g_loss 0.0143, disc_weight 0.4000, disc_adaptive_weight 5.8534, d_loss 0.4008, logits_real -0.0160, logits_fake -0.0142,
Train Epoch: [13/30] Iters:[70/1093] gen_loss 0.2221, rec_loss 0.0108, lpips_loss 0.1325, g_loss 0.0144, disc_weight 0.4000, disc_adaptive_weight 5.4841, d_loss 0.4008, logits_real -0.0161, logits_fake -0.0143,
Train Epoch: [13/30] Iters:[80/1093] gen_loss 0.2250, rec_loss 0.0107, lpips_loss 0.1325, g_loss 0.0146, disc_weight 0.4000, disc_adaptive_weight 5.6162, d_loss 0.4008, logits_real -0.0162, logits_fake -0.0144,
Train Epoch: [13/30] Iters:[90/1093] gen_loss 0.2228, rec_loss 0.0109, lpips_loss 0.1331, g_loss 0.0146, disc_weight 0.4000, disc_adaptive_weight 5.3974, d_loss 0.4008, logits_real -0.0162, logits_fake -0.0145,
Train Epoch: [13/30] Iters:[100/1093] gen_loss 0.2281, rec_loss 0.0111, lpips_loss 0.1340, g_loss 0.0145, disc_weight 0.4000, disc_adaptive_weight 5.7387, d_loss 0.4008, logits_real -0.0161, logits_fake -0.0145,
Train Epoch: [13/30] Iters:[110/1093] gen_loss 0.2353, rec_loss 0.0113, lpips_loss 0.1341, g_loss 0.0147, disc_weight 0.4000, disc_adaptive_weight 6.1459, d_loss 0.4008, logits_real -0.0163, logits_fake -0.0146,
Train Epoch: [13/30] Iters:[120/1093] gen_loss 0.2359, rec_loss 0.0114, lpips_loss 0.1337, g_loss 0.0148, disc_weight 0.4000, disc_adaptive_weight 6.1665, d_loss 0.4008, logits_real -0.0165, logits_fake -0.0148,
Train Epoch: [13/30] Iters:[130/1093] gen_loss 0.2357, rec_loss 0.0114, lpips_loss 0.1340, g_loss 0.0149, disc_weight 0.4000, disc_adaptive_weight 6.0892, d_loss 0.4008, logits_real -0.0166, logits_fake -0.0150,
Train Epoch: [13/30] Iters:[140/1093] gen_loss 0.2373, rec_loss 0.0112, lpips_loss 0.1332, g_loss 0.0148, disc_weight 0.4000, disc_adaptive_weight 6.2680, d_loss 0.4007, logits_real -0.0166, logits_fake -0.0151,
Train Epoch: [13/30] Iters:[150/1093] gen_loss 0.2377, rec_loss 0.0110, lpips_loss 0.1324, g_loss 0.0150, disc_weight 0.4000, disc_adaptive_weight 6.2707, d_loss 0.4007, logits_real -0.0169, logits_fake -0.0153,
Train Epoch: [13/30] Iters:[160/1093] gen_loss 0.2300, rec_loss 0.0109, lpips_loss 0.1321, g_loss 0.0148, disc_weight 0.4000, disc_adaptive_weight 5.8652, d_loss 0.4008, logits_real -0.0169, logits_fake -0.0151,
Train Epoch: [13/30] Iters:[170/1093] gen_loss 0.2332, rec_loss 0.0108, lpips_loss 0.1324, g_loss 0.0146, disc_weight 0.4000, disc_adaptive_weight 6.1315, d_loss 0.4008, logits_real -0.0167, logits_fake -0.0150,
Train Epoch: [13/30] Iters:[180/1093] gen_loss 0.2358, rec_loss 0.0108, lpips_loss 0.1324, g_loss 0.0147, disc_weight 0.4000, disc_adaptive_weight 6.2639, d_loss 0.4007, logits_real -0.0168, logits_fake -0.0152,
Train Epoch: [13/30] Iters:[190/1093] gen_loss 0.2383, rec_loss 0.0108, lpips_loss 0.1329, g_loss 0.0150, disc_weight 0.4000, disc_adaptive_weight 6.2983, d_loss 0.4008, logits_real -0.0170, logits_fake -0.0152,
Train Epoch: [13/30] Iters:[200/1093] gen_loss 0.2403, rec_loss 0.0109, lpips_loss 0.1328, g_loss 0.0153, disc_weight 0.4000, disc_adaptive_weight 6.3213, d_loss 0.4008, logits_real -0.0173, logits_fake -0.0154,
Train Epoch: [13/30] Iters:[210/1093] gen_loss 0.2555, rec_loss 0.0110, lpips_loss 0.1330, g_loss 0.0157, disc_weight 0.4000, disc_adaptive_weight 7.0759, d_loss 0.4008, logits_real -0.0177, logits_fake -0.0158,
Train Epoch: [13/30] Iters:[220/1093] gen_loss 0.2564, rec_loss 0.0111, lpips_loss 0.1328, g_loss 0.0163, disc_weight 0.4000, disc_adaptive_weight 6.9362, d_loss 0.4007, logits_real -0.0181, logits_fake -0.0165,
Train Epoch: [13/30] Iters:[230/1093] gen_loss 0.2554, rec_loss 0.0110, lpips_loss 0.1327, g_loss 0.0168, disc_weight 0.4000, disc_adaptive_weight 6.6793, d_loss 0.4007, logits_real -0.0187, logits_fake -0.0170,
Train Epoch: [13/30] Iters:[240/1093] gen_loss 0.2635, rec_loss 0.0111, lpips_loss 0.1327, g_loss 0.0173, disc_weight 0.4000, disc_adaptive_weight 6.9487, d_loss 0.4007, logits_real -0.0190, logits_fake -0.0175,
Train Epoch: [13/30] Iters:[250/1093] gen_loss 0.2600, rec_loss 0.0113, lpips_loss 0.1330, g_loss 0.0173, disc_weight 0.4000, disc_adaptive_weight 6.7310, d_loss 0.4007, logits_real -0.0191, logits_fake -0.0175,
Train Epoch: [13/30] Iters:[260/1093] gen_loss 0.2484, rec_loss 0.0111, lpips_loss 0.1331, g_loss 0.0171, disc_weight 0.4000, disc_adaptive_weight 6.0999, d_loss 0.4008, logits_real -0.0189, logits_fake -0.0171,
Train Epoch: [13/30] Iters:[270/1093] gen_loss 0.2450, rec_loss 0.0111, lpips_loss 0.1332, g_loss 0.0166, disc_weight 0.4000, disc_adaptive_weight 6.0445, d_loss 0.4009, logits_real -0.0188, logits_fake -0.0166,
Train Epoch: [13/30] Iters:[280/1093] gen_loss 0.2443, rec_loss 0.0112, lpips_loss 0.1333, g_loss 0.0162, disc_weight 0.4000, disc_adaptive_weight 6.1244, d_loss 0.4009, logits_real -0.0184, logits_fake -0.0162,
Train Epoch: [13/30] Iters:[290/1093] gen_loss 0.2380, rec_loss 0.0111, lpips_loss 0.1332, g_loss 0.0157, disc_weight 0.4000, disc_adaptive_weight 5.9413, d_loss 0.4009, logits_real -0.0180, logits_fake -0.0158,
Train Epoch: [13/30] Iters:[300/1093] gen_loss 0.2346, rec_loss 0.0111, lpips_loss 0.1333, g_loss 0.0154, disc_weight 0.4000, disc_adaptive_weight 5.8333, d_loss 0.4009, logits_real -0.0176, logits_fake -0.0155,
Train Epoch: [13/30] Iters:[310/1093] gen_loss 0.2316, rec_loss 0.0112, lpips_loss 0.1335, g_loss 0.0153, disc_weight 0.4000, disc_adaptive_weight 5.6815, d_loss 0.4009, logits_real -0.0174, logits_fake -0.0153,
Train Epoch: [13/30] Iters:[320/1093] gen_loss 0.2302, rec_loss 0.0111, lpips_loss 0.1335, g_loss 0.0152, disc_weight 0.4000, disc_adaptive_weight 5.6373, d_loss 0.4008, logits_real -0.0170, logits_fake -0.0150,
Train Epoch: [13/30] Iters:[330/1093] gen_loss 0.2293, rec_loss 0.0111, lpips_loss 0.1332, g_loss 0.0149, disc_weight 0.4000, disc_adaptive_weight 5.7226, d_loss 0.4008, logits_real -0.0168, logits_fake -0.0148,
Train Epoch: [13/30] Iters:[340/1093] gen_loss 0.2286, rec_loss 0.0112, lpips_loss 0.1331, g_loss 0.0149, disc_weight 0.4000, disc_adaptive_weight 5.6919, d_loss 0.4008, logits_real -0.0167, logits_fake -0.0148,
Train Epoch: [13/30] Iters:[350/1093] gen_loss 0.2307, rec_loss 0.0112, lpips_loss 0.1330, g_loss 0.0150, disc_weight 0.4000, disc_adaptive_weight 5.7591, d_loss 0.4008, logits_real -0.0168, logits_fake -0.0150,
Train Epoch: [13/30] Iters:[360/1093] gen_loss 0.2322, rec_loss 0.0112, lpips_loss 0.1327, g_loss 0.0153, disc_weight 0.4000, disc_adaptive_weight 5.7812, d_loss 0.4008, logits_real -0.0172, logits_fake -0.0155,
Train Epoch: [13/30] Iters:[370/1093] gen_loss 0.2374, rec_loss 0.0113, lpips_loss 0.1334, g_loss 0.0159, disc_weight 0.4000, disc_adaptive_weight 5.8547, d_loss 0.4008, logits_real -0.0177, logits_fake -0.0160,
Train Epoch: [13/30] Iters:[380/1093] gen_loss 0.2370, rec_loss 0.0114, lpips_loss 0.1335, g_loss 0.0166, disc_weight 0.4000, disc_adaptive_weight 5.5783, d_loss 0.4007, logits_real -0.0180, logits_fake -0.0165,
Train Epoch: [13/30] Iters:[390/1093] gen_loss 0.2410, rec_loss 0.0114, lpips_loss 0.1337, g_loss 0.0171, disc_weight 0.4000, disc_adaptive_weight 5.6234, d_loss 0.4007, logits_real -0.0184, logits_fake -0.0170,
Train Epoch: [13/30] Iters:[400/1093] gen_loss 0.2392, rec_loss 0.0113, lpips_loss 0.1335, g_loss 0.0178, disc_weight 0.4000, disc_adaptive_weight 5.3161, d_loss 0.4008, logits_real -0.0191, logits_fake -0.0173,
Train Epoch: [13/30] Iters:[410/1093] gen_loss 0.2438, rec_loss 0.0112, lpips_loss 0.1335, g_loss 0.0185, disc_weight 0.4000, disc_adaptive_weight 5.3666, d_loss 0.4008, logits_real -0.0197, logits_fake -0.0179,
Train Epoch: [13/30] Iters:[420/1093] gen_loss 0.2416, rec_loss 0.0110, lpips_loss 0.1322, g_loss 0.0187, disc_weight 0.4000, disc_adaptive_weight 5.2684, d_loss 0.4007, logits_real -0.0201, logits_fake -0.0185,
Train Epoch: [13/30] Iters:[430/1093] gen_loss 0.2456, rec_loss 0.0109, lpips_loss 0.1320, g_loss 0.0191, disc_weight 0.4000, disc_adaptive_weight 5.3852, d_loss 0.4007, logits_real -0.0203, logits_fake -0.0186,
Train Epoch: [13/30] Iters:[440/1093] gen_loss 0.2443, rec_loss 0.0108, lpips_loss 0.1317, g_loss 0.0191, disc_weight 0.4000, disc_adaptive_weight 5.3411, d_loss 0.4007, logits_real -0.0204, logits_fake -0.0189,
Train Epoch: [13/30] Iters:[450/1093] gen_loss 0.2482, rec_loss 0.0109, lpips_loss 0.1318, g_loss 0.0192, disc_weight 0.4000, disc_adaptive_weight 5.5236, d_loss 0.4007, logits_real -0.0203, logits_fake -0.0189,
Train Epoch: [13/30] Iters:[460/1093] gen_loss 0.2477, rec_loss 0.0110, lpips_loss 0.1320, g_loss 0.0188, disc_weight 0.4000, disc_adaptive_weight 5.6088, d_loss 0.4007, logits_real -0.0201, logits_fake -0.0185,
Train Epoch: [13/30] Iters:[470/1093] gen_loss 0.2470, rec_loss 0.0109, lpips_loss 0.1327, g_loss 0.0188, disc_weight 0.4000, disc_adaptive_weight 5.5482, d_loss 0.4008, logits_real -0.0198, logits_fake -0.0181,
Train Epoch: [13/30] Iters:[480/1093] gen_loss 0.2429, rec_loss 0.0110, lpips_loss 0.1328, g_loss 0.0182, disc_weight 0.4000, disc_adaptive_weight 5.4875, d_loss 0.4008, logits_real -0.0197, logits_fake -0.0179,
Train Epoch: [13/30] Iters:[490/1093] gen_loss 0.2421, rec_loss 0.0111, lpips_loss 0.1331, g_loss 0.0179, disc_weight 0.4000, disc_adaptive_weight 5.4953, d_loss 0.4008, logits_real -0.0193, logits_fake -0.0175,
Train Epoch: [13/30] Iters:[500/1093] gen_loss 0.2394, rec_loss 0.0110, lpips_loss 0.1329, g_loss 0.0173, disc_weight 0.4000, disc_adaptive_weight 5.5544, d_loss 0.4008, logits_real -0.0190, logits_fake -0.0171,
Train Epoch: [13/30] Iters:[510/1093] gen_loss 0.2388, rec_loss 0.0108, lpips_loss 0.1319, g_loss 0.0172, disc_weight 0.4000, disc_adaptive_weight 5.5964, d_loss 0.4007, logits_real -0.0188, logits_fake -0.0172,
Train Epoch: [13/30] Iters:[520/1093] gen_loss 0.2419, rec_loss 0.0109, lpips_loss 0.1316, g_loss 0.0174, disc_weight 0.4000, disc_adaptive_weight 5.7058, d_loss 0.4007, logits_real -0.0188, logits_fake -0.0173,
Train Epoch: [13/30] Iters:[530/1093] gen_loss 0.2427, rec_loss 0.0110, lpips_loss 0.1317, g_loss 0.0177, disc_weight 0.4000, disc_adaptive_weight 5.6703, d_loss 0.4007, logits_real -0.0190, logits_fake -0.0175,
Train Epoch: [13/30] Iters:[540/1093] gen_loss 0.2426, rec_loss 0.0110, lpips_loss 0.1317, g_loss 0.0178, disc_weight 0.4000, disc_adaptive_weight 5.6358, d_loss 0.4007, logits_real -0.0194, logits_fake -0.0180,
Train Epoch: [13/30] Iters:[550/1093] gen_loss 0.2465, rec_loss 0.0109, lpips_loss 0.1315, g_loss 0.0181, disc_weight 0.4000, disc_adaptive_weight 5.7473, d_loss 0.4007, logits_real -0.0197, logits_fake -0.0183,
Train Epoch: [13/30] Iters:[560/1093] gen_loss 0.2481, rec_loss 0.0111, lpips_loss 0.1323, g_loss 0.0187, disc_weight 0.4000, disc_adaptive_weight 5.6214, d_loss 0.4007, logits_real -0.0200, logits_fake -0.0185,
Train Epoch: [13/30] Iters:[570/1093] gen_loss 0.2477, rec_loss 0.0111, lpips_loss 0.1327, g_loss 0.0188, disc_weight 0.4000, disc_adaptive_weight 5.5531, d_loss 0.4007, logits_real -0.0203, logits_fake -0.0189,
Train Epoch: [13/30] Iters:[580/1093] gen_loss 0.2515, rec_loss 0.0111, lpips_loss 0.1326, g_loss 0.0186, disc_weight 0.4000, disc_adaptive_weight 5.7897, d_loss 0.4009, logits_real -0.0207, logits_fake -0.0186,
Train Epoch: [13/30] Iters:[590/1093] gen_loss 0.2483, rec_loss 0.0112, lpips_loss 0.1328, g_loss 0.0184, disc_weight 0.4000, disc_adaptive_weight 5.6540, d_loss 0.4008, logits_real -0.0206, logits_fake -0.0186,
Train Epoch: [13/30] Iters:[600/1093] gen_loss 0.2465, rec_loss 0.0113, lpips_loss 0.1334, g_loss 0.0183, disc_weight 0.4000, disc_adaptive_weight 5.5471, d_loss 0.4008, logits_real -0.0206, logits_fake -0.0186,
Train Epoch: [13/30] Iters:[610/1093] gen_loss 0.2424, rec_loss 0.0113, lpips_loss 0.1334, g_loss 0.0178, disc_weight 0.4000, disc_adaptive_weight 5.4523, d_loss 0.4009, logits_real -0.0205, logits_fake -0.0183,
Train Epoch: [13/30] Iters:[620/1093] gen_loss 0.2420, rec_loss 0.0113, lpips_loss 0.1334, g_loss 0.0175, disc_weight 0.4000, disc_adaptive_weight 5.5316, d_loss 0.4009, logits_real -0.0203, logits_fake -0.0178,
Train Epoch: [13/30] Iters:[630/1093] gen_loss 0.2422, rec_loss 0.0112, lpips_loss 0.1328, g_loss 0.0173, disc_weight 0.4000, disc_adaptive_weight 5.6922, d_loss 0.4009, logits_real -0.0196, logits_fake -0.0175,
Train Epoch: [13/30] Iters:[640/1093] gen_loss 0.2434, rec_loss 0.0112, lpips_loss 0.1320, g_loss 0.0172, disc_weight 0.4000, disc_adaptive_weight 5.8615, d_loss 0.4009, logits_real -0.0191, logits_fake -0.0166,
Train Epoch: [13/30] Iters:[650/1093] gen_loss 0.2447, rec_loss 0.0112, lpips_loss 0.1318, g_loss 0.0170, disc_weight 0.4000, disc_adaptive_weight 6.0100, d_loss 0.4009, logits_real -0.0190, logits_fake -0.0165,
Train Epoch: [13/30] Iters:[660/1093] gen_loss 0.2458, rec_loss 0.0113, lpips_loss 0.1314, g_loss 0.0171, disc_weight 0.4000, disc_adaptive_weight 6.0656, d_loss 0.4009, logits_real -0.0189, logits_fake -0.0164,
Train Epoch: [13/30] Iters:[670/1093] gen_loss 0.2502, rec_loss 0.0113, lpips_loss 0.1316, g_loss 0.0168, disc_weight 0.4000, disc_adaptive_weight 6.4203, d_loss 0.4008, logits_real -0.0187, logits_fake -0.0165,
Train Epoch: [13/30] Iters:[680/1093] gen_loss 0.2451, rec_loss 0.0113, lpips_loss 0.1321, g_loss 0.0167, disc_weight 0.4000, disc_adaptive_weight 6.1061, d_loss 0.4008, logits_real -0.0186, logits_fake -0.0165,
Train Epoch: [13/30] Iters:[690/1093] gen_loss 0.2434, rec_loss 0.0112, lpips_loss 0.1330, g_loss 0.0166, disc_weight 0.4000, disc_adaptive_weight 5.9836, d_loss 0.4008, logits_real -0.0185, logits_fake -0.0166,
Train Epoch: [13/30] Iters:[700/1093] gen_loss 0.2389, rec_loss 0.0111, lpips_loss 0.1328, g_loss 0.0164, disc_weight 0.4000, disc_adaptive_weight 5.7918, d_loss 0.4008, logits_real -0.0182, logits_fake -0.0165,
Train Epoch: [13/30] Iters:[710/1093] gen_loss 0.2372, rec_loss 0.0110, lpips_loss 0.1327, g_loss 0.0162, disc_weight 0.4000, disc_adaptive_weight 5.7812, d_loss 0.4007, logits_real -0.0180, logits_fake -0.0162,
Train Epoch: [13/30] Iters:[720/1093] gen_loss 0.2311, rec_loss 0.0110, lpips_loss 0.1325, g_loss 0.0161, disc_weight 0.4000, disc_adaptive_weight 5.4462, d_loss 0.4007, logits_real -0.0180, logits_fake -0.0163,
Train Epoch: [13/30] Iters:[730/1093] gen_loss 0.2311, rec_loss 0.0109, lpips_loss 0.1326, g_loss 0.0163, disc_weight 0.4000, disc_adaptive_weight 5.3837, d_loss 0.4007, logits_real -0.0181, logits_fake -0.0165,
Train Epoch: [13/30] Iters:[740/1093] gen_loss 0.2310, rec_loss 0.0109, lpips_loss 0.1322, g_loss 0.0165, disc_weight 0.4000, disc_adaptive_weight 5.3685, d_loss 0.4007, logits_real -0.0182, logits_fake -0.0165,
Train Epoch: [13/30] Iters:[750/1093] gen_loss 0.2279, rec_loss 0.0109, lpips_loss 0.1326, g_loss 0.0161, disc_weight 0.4000, disc_adaptive_weight 5.2846, d_loss 0.4008, logits_real -0.0180, logits_fake -0.0162,
Train Epoch: [13/30] Iters:[760/1093] gen_loss 0.2231, rec_loss 0.0109, lpips_loss 0.1324, g_loss 0.0155, disc_weight 0.4000, disc_adaptive_weight 5.2026, d_loss 0.4007, logits_real -0.0174, logits_fake -0.0159,
Train Epoch: [13/30] Iters:[770/1093] gen_loss 0.2240, rec_loss 0.0109, lpips_loss 0.1323, g_loss 0.0155, disc_weight 0.4000, disc_adaptive_weight 5.2561, d_loss 0.4007, logits_real -0.0172, logits_fake -0.0157,
Train Epoch: [13/30] Iters:[780/1093] gen_loss 0.2242, rec_loss 0.0109, lpips_loss 0.1323, g_loss 0.0151, disc_weight 0.4000, disc_adaptive_weight 5.4077, d_loss 0.4008, logits_real -0.0168, logits_fake -0.0150,
Train Epoch: [13/30] Iters:[790/1093] gen_loss 0.2233, rec_loss 0.0110, lpips_loss 0.1324, g_loss 0.0150, disc_weight 0.4000, disc_adaptive_weight 5.3475, d_loss 0.4007, logits_real -0.0166, logits_fake -0.0149,
Train Epoch: [13/30] Iters:[800/1093] gen_loss 0.2272, rec_loss 0.0110, lpips_loss 0.1323, g_loss 0.0155, disc_weight 0.4000, disc_adaptive_weight 5.4155, d_loss 0.4007, logits_real -0.0169, logits_fake -0.0152,
Train Epoch: [13/30] Iters:[810/1093] gen_loss 0.2336, rec_loss 0.0111, lpips_loss 0.1330, g_loss 0.0160, disc_weight 0.4000, disc_adaptive_weight 5.5903, d_loss 0.4009, logits_real -0.0176, logits_fake -0.0154,
Train Epoch: [13/30] Iters:[820/1093] gen_loss 0.2325, rec_loss 0.0111, lpips_loss 0.1332, g_loss 0.0160, disc_weight 0.4000, disc_adaptive_weight 5.4955, d_loss 0.4009, logits_real -0.0176, logits_fake -0.0154,
Train Epoch: [13/30] Iters:[830/1093] gen_loss 0.2341, rec_loss 0.0112, lpips_loss 0.1334, g_loss 0.0163, disc_weight 0.4000, disc_adaptive_weight 5.4913, d_loss 0.4009, logits_real -0.0178, logits_fake -0.0156,
Train Epoch: [13/30] Iters:[840/1093] gen_loss 0.2362, rec_loss 0.0112, lpips_loss 0.1334, g_loss 0.0162, disc_weight 0.4000, disc_adaptive_weight 5.6716, d_loss 0.4009, logits_real -0.0179, logits_fake -0.0157,
Train Epoch: [13/30] Iters:[850/1093] gen_loss 0.2394, rec_loss 0.0112, lpips_loss 0.1332, g_loss 0.0160, disc_weight 0.4000, disc_adaptive_weight 5.9386, d_loss 0.4009, logits_real -0.0178, logits_fake -0.0156,
Train Epoch: [13/30] Iters:[860/1093] gen_loss 0.2399, rec_loss 0.0113, lpips_loss 0.1336, g_loss 0.0159, disc_weight 0.4000, disc_adaptive_weight 5.9999, d_loss 0.4008, logits_real -0.0175, logits_fake -0.0154,
Train Epoch: [13/30] Iters:[870/1093] gen_loss 0.2412, rec_loss 0.0112, lpips_loss 0.1338, g_loss 0.0158, disc_weight 0.4000, disc_adaptive_weight 6.0970, d_loss 0.4008, logits_real -0.0175, logits_fake -0.0155,
Train Epoch: [13/30] Iters:[880/1093] gen_loss 0.2407, rec_loss 0.0110, lpips_loss 0.1333, g_loss 0.0157, disc_weight 0.4000, disc_adaptive_weight 6.1390, d_loss 0.4008, logits_real -0.0175, logits_fake -0.0156,
Train Epoch: [13/30] Iters:[890/1093] gen_loss 0.2450, rec_loss 0.0110, lpips_loss 0.1336, g_loss 0.0158, disc_weight 0.4000, disc_adaptive_weight 6.3324, d_loss 0.4008, logits_real -0.0175, logits_fake -0.0157,
Train Epoch: [13/30] Iters:[900/1093] gen_loss 0.2416, rec_loss 0.0111, lpips_loss 0.1337, g_loss 0.0156, disc_weight 0.4000, disc_adaptive_weight 6.1517, d_loss 0.4008, logits_real -0.0175, logits_fake -0.0155,
Train Epoch: [13/30] Iters:[910/1093] gen_loss 0.2393, rec_loss 0.0109, lpips_loss 0.1325, g_loss 0.0156, disc_weight 0.4000, disc_adaptive_weight 6.1091, d_loss 0.4008, logits_real -0.0175, logits_fake -0.0155,
Train Epoch: [13/30] Iters:[920/1093] gen_loss 0.2414, rec_loss 0.0109, lpips_loss 0.1321, g_loss 0.0155, disc_weight 0.4000, disc_adaptive_weight 6.3109, d_loss 0.4008, logits_real -0.0174, logits_fake -0.0154,
Train Epoch: [13/30] Iters:[930/1093] gen_loss 0.2413, rec_loss 0.0110, lpips_loss 0.1324, g_loss 0.0154, disc_weight 0.4000, disc_adaptive_weight 6.3141, d_loss 0.4008, logits_real -0.0172, logits_fake -0.0154,
Train Epoch: [13/30] Iters:[940/1093] gen_loss 0.2397, rec_loss 0.0109, lpips_loss 0.1320, g_loss 0.0154, disc_weight 0.4000, disc_adaptive_weight 6.2597, d_loss 0.4007, logits_real -0.0172, logits_fake -0.0155,
Train Epoch: [13/30] Iters:[950/1093] gen_loss 0.2401, rec_loss 0.0109, lpips_loss 0.1321, g_loss 0.0155, disc_weight 0.4000, disc_adaptive_weight 6.2705, d_loss 0.4007, logits_real -0.0171, logits_fake -0.0155,
Train Epoch: [13/30] Iters:[960/1093] gen_loss 0.2404, rec_loss 0.0109, lpips_loss 0.1327, g_loss 0.0155, disc_weight 0.4000, disc_adaptive_weight 6.2341, d_loss 0.4007, logits_real -0.0173, logits_fake -0.0156,
Train Epoch: [13/30] Iters:[970/1093] gen_loss 0.2424, rec_loss 0.0109, lpips_loss 0.1328, g_loss 0.0159, disc_weight 0.4000, disc_adaptive_weight 6.1875, d_loss 0.4008, logits_real -0.0176, logits_fake -0.0157,
Train Epoch: [13/30] Iters:[980/1093] gen_loss 0.2455, rec_loss 0.0110, lpips_loss 0.1329, g_loss 0.0164, disc_weight 0.4000, disc_adaptive_weight 6.1813, d_loss 0.4008, logits_real -0.0179, logits_fake -0.0158,
Train Epoch: [13/30] Iters:[990/1093] gen_loss 0.2490, rec_loss 0.0111, lpips_loss 0.1327, g_loss 0.0166, disc_weight 0.4000, disc_adaptive_weight 6.3197, d_loss 0.4009, logits_real -0.0183, logits_fake -0.0160,
Train Epoch: [13/30] Iters:[1000/1093] gen_loss 0.2512, rec_loss 0.0111, lpips_loss 0.1327, g_loss 0.0169, disc_weight 0.4000, disc_adaptive_weight 6.3474, d_loss 0.4008, logits_real -0.0186, logits_fake -0.0163,
Train Epoch: [13/30] Iters:[1010/1093] gen_loss 0.2551, rec_loss 0.0112, lpips_loss 0.1327, g_loss 0.0173, disc_weight 0.4000, disc_adaptive_weight 6.4128, d_loss 0.4008, logits_real -0.0188, logits_fake -0.0168,
Train Epoch: [13/30] Iters:[1020/1093] gen_loss 0.2482, rec_loss 0.0112, lpips_loss 0.1326, g_loss 0.0173, disc_weight 0.4000, disc_adaptive_weight 6.0245, d_loss 0.4008, logits_real -0.0189, logits_fake -0.0170,
Train Epoch: [13/30] Iters:[1030/1093] gen_loss 0.2438, rec_loss 0.0110, lpips_loss 0.1322, g_loss 0.0172, disc_weight 0.4000, disc_adaptive_weight 5.8640, d_loss 0.4008, logits_real -0.0189, logits_fake -0.0171,
Train Epoch: [13/30] Iters:[1040/1093] gen_loss 0.2381, rec_loss 0.0110, lpips_loss 0.1322, g_loss 0.0169, disc_weight 0.4000, disc_adaptive_weight 5.6087, d_loss 0.4007, logits_real -0.0188, logits_fake -0.0169,
Train Epoch: [13/30] Iters:[1050/1093] gen_loss 0.2344, rec_loss 0.0111, lpips_loss 0.1321, g_loss 0.0167, disc_weight 0.4000, disc_adaptive_weight 5.4582, d_loss 0.4007, logits_real -0.0187, logits_fake -0.0169,
Train Epoch: [13/30] Iters:[1060/1093] gen_loss 0.2338, rec_loss 0.0111, lpips_loss 0.1323, g_loss 0.0164, disc_weight 0.4000, disc_adaptive_weight 5.5507, d_loss 0.4007, logits_real -0.0185, logits_fake -0.0167,
Train Epoch: [13/30] Iters:[1070/1093] gen_loss 0.2358, rec_loss 0.0111, lpips_loss 0.1327, g_loss 0.0163, disc_weight 0.4000, disc_adaptive_weight 5.6754, d_loss 0.4008, logits_real -0.0183, logits_fake -0.0164,
Train Epoch: [13/30] Iters:[1080/1093] gen_loss 0.2384, rec_loss 0.0112, lpips_loss 0.1329, g_loss 0.0160, disc_weight 0.4000, disc_adaptive_weight 5.9153, d_loss 0.4008, logits_real -0.0181, logits_fake -0.0161,
Train Epoch: [13/30] Iters:[1090/1093] gen_loss 0.2345, rec_loss 0.0113, lpips_loss 0.1335, g_loss 0.0157, disc_weight 0.4000, disc_adaptive_weight 5.7321, d_loss 0.4008, logits_real -0.0177, logits_fake -0.0156,
epoch:14, cur_lr:0.000010
Train Epoch: [14/30] Iters:[10/1093] gen_loss 0.2468, rec_loss 0.0110, lpips_loss 0.1320, g_loss 0.0145, disc_weight 0.4000, disc_adaptive_weight 7.1849, d_loss 0.4008, logits_real -0.0162, logits_fake -0.0140,
Train Epoch: [14/30] Iters:[20/1093] gen_loss 0.2376, rec_loss 0.0114, lpips_loss 0.1334, g_loss 0.0138, disc_weight 0.4000, disc_adaptive_weight 6.7256, d_loss 0.4007, logits_real -0.0163, logits_fake -0.0146,
Train Epoch: [14/30] Iters:[30/1093] gen_loss 0.2324, rec_loss 0.0112, lpips_loss 0.1329, g_loss 0.0136, disc_weight 0.4000, disc_adaptive_weight 6.4844, d_loss 0.4008, logits_real -0.0162, logits_fake -0.0143,
Train Epoch: [14/30] Iters:[40/1093] gen_loss 0.2290, rec_loss 0.0111, lpips_loss 0.1327, g_loss 0.0138, disc_weight 0.4000, disc_adaptive_weight 6.1809, d_loss 0.4007, logits_real -0.0162, logits_fake -0.0146,
Train Epoch: [14/30] Iters:[50/1093] gen_loss 0.2290, rec_loss 0.0111, lpips_loss 0.1327, g_loss 0.0140, disc_weight 0.4000, disc_adaptive_weight 6.0736, d_loss 0.4008, logits_real -0.0163, logits_fake -0.0144,
Train Epoch: [14/30] Iters:[60/1093] gen_loss 0.2247, rec_loss 0.0111, lpips_loss 0.1326, g_loss 0.0143, disc_weight 0.4000, disc_adaptive_weight 5.6864, d_loss 0.4008, logits_real -0.0166, logits_fake -0.0146,
Train Epoch: [14/30] Iters:[70/1093] gen_loss 0.2270, rec_loss 0.0108, lpips_loss 0.1320, g_loss 0.0149, disc_weight 0.4000, disc_adaptive_weight 5.6365, d_loss 0.4008, logits_real -0.0170, logits_fake -0.0149,
Train Epoch: [14/30] Iters:[80/1093] gen_loss 0.2312, rec_loss 0.0110, lpips_loss 0.1325, g_loss 0.0155, disc_weight 0.4000, disc_adaptive_weight 5.6284, d_loss 0.4008, logits_real -0.0174, logits_fake -0.0154,
Train Epoch: [14/30] Iters:[90/1093] gen_loss 0.2359, rec_loss 0.0111, lpips_loss 0.1327, g_loss 0.0158, disc_weight 0.4000, disc_adaptive_weight 5.7800, d_loss 0.4008, logits_real -0.0178, logits_fake -0.0157,
Train Epoch: [14/30] Iters:[100/1093] gen_loss 0.2408, rec_loss 0.0110, lpips_loss 0.1326, g_loss 0.0161, disc_weight 0.4000, disc_adaptive_weight 5.9971, d_loss 0.4007, logits_real -0.0181, logits_fake -0.0163,
Train Epoch: [14/30] Iters:[110/1093] gen_loss 0.2481, rec_loss 0.0111, lpips_loss 0.1333, g_loss 0.0162, disc_weight 0.4000, disc_adaptive_weight 6.3649, d_loss 0.4007, logits_real -0.0182, logits_fake -0.0166,
Train Epoch: [14/30] Iters:[120/1093] gen_loss 0.2503, rec_loss 0.0111, lpips_loss 0.1335, g_loss 0.0161, disc_weight 0.4000, disc_adaptive_weight 6.5783, d_loss 0.4007, logits_real -0.0182, logits_fake -0.0164,
Train Epoch: [14/30] Iters:[130/1093] gen_loss 0.2546, rec_loss 0.0111, lpips_loss 0.1332, g_loss 0.0159, disc_weight 0.4000, disc_adaptive_weight 6.9422, d_loss 0.4008, logits_real -0.0180, logits_fake -0.0160,
Train Epoch: [14/30] Iters:[140/1093] gen_loss 0.2538, rec_loss 0.0112, lpips_loss 0.1338, g_loss 0.0158, disc_weight 0.4000, disc_adaptive_weight 6.8944, d_loss 0.4008, logits_real -0.0179, logits_fake -0.0157,
Train Epoch: [14/30] Iters:[150/1093] gen_loss 0.2487, rec_loss 0.0113, lpips_loss 0.1341, g_loss 0.0155, disc_weight 0.4000, disc_adaptive_weight 6.6438, d_loss 0.4009, logits_real -0.0177, logits_fake -0.0154,
Train Epoch: [14/30] Iters:[160/1093] gen_loss 0.2392, rec_loss 0.0111, lpips_loss 0.1335, g_loss 0.0152, disc_weight 0.4000, disc_adaptive_weight 6.2046, d_loss 0.4009, logits_real -0.0174, logits_fake -0.0151,
Train Epoch: [14/30] Iters:[170/1093] gen_loss 0.2372, rec_loss 0.0113, lpips_loss 0.1338, g_loss 0.0151, disc_weight 0.4000, disc_adaptive_weight 6.0874, d_loss 0.4008, logits_real -0.0171, logits_fake -0.0150,
Train Epoch: [14/30] Iters:[180/1093] gen_loss 0.2286, rec_loss 0.0112, lpips_loss 0.1341, g_loss 0.0149, disc_weight 0.4000, disc_adaptive_weight 5.5762, d_loss 0.4008, logits_real -0.0168, logits_fake -0.0150,
Train Epoch: [14/30] Iters:[190/1093] gen_loss 0.2235, rec_loss 0.0110, lpips_loss 0.1331, g_loss 0.0147, disc_weight 0.4000, disc_adaptive_weight 5.4114, d_loss 0.4008, logits_real -0.0166, logits_fake -0.0147,
Train Epoch: [14/30] Iters:[200/1093] gen_loss 0.2206, rec_loss 0.0109, lpips_loss 0.1331, g_loss 0.0146, disc_weight 0.4000, disc_adaptive_weight 5.2496, d_loss 0.4008, logits_real -0.0166, logits_fake -0.0148,
Train Epoch: [14/30] Iters:[210/1093] gen_loss 0.2246, rec_loss 0.0109, lpips_loss 0.1332, g_loss 0.0147, disc_weight 0.4000, disc_adaptive_weight 5.4771, d_loss 0.4008, logits_real -0.0166, logits_fake -0.0148,
Train Epoch: [14/30] Iters:[220/1093] gen_loss 0.2237, rec_loss 0.0107, lpips_loss 0.1330, g_loss 0.0147, disc_weight 0.4000, disc_adaptive_weight 5.4574, d_loss 0.4008, logits_real -0.0165, logits_fake -0.0146,
Train Epoch: [14/30] Iters:[230/1093] gen_loss 0.2226, rec_loss 0.0107, lpips_loss 0.1328, g_loss 0.0147, disc_weight 0.4000, disc_adaptive_weight 5.3963, d_loss 0.4008, logits_real -0.0165, logits_fake -0.0146,
Train Epoch: [14/30] Iters:[240/1093] gen_loss 0.2262, rec_loss 0.0107, lpips_loss 0.1330, g_loss 0.0146, disc_weight 0.4000, disc_adaptive_weight 5.6602, d_loss 0.4008, logits_real -0.0165, logits_fake -0.0146,
Train Epoch: [14/30] Iters:[250/1093] gen_loss 0.2259, rec_loss 0.0107, lpips_loss 0.1324, g_loss 0.0143, disc_weight 0.4000, disc_adaptive_weight 5.7920, d_loss 0.4008, logits_real -0.0161, logits_fake -0.0142,
Train Epoch: [14/30] Iters:[260/1093] gen_loss 0.2205, rec_loss 0.0108, lpips_loss 0.1322, g_loss 0.0139, disc_weight 0.4000, disc_adaptive_weight 5.5688, d_loss 0.4008, logits_real -0.0156, logits_fake -0.0137,
Train Epoch: [14/30] Iters:[270/1093] gen_loss 0.2228, rec_loss 0.0107, lpips_loss 0.1315, g_loss 0.0138, disc_weight 0.4000, disc_adaptive_weight 5.8115, d_loss 0.4008, logits_real -0.0156, logits_fake -0.0138,
Train Epoch: [14/30] Iters:[280/1093] gen_loss 0.2252, rec_loss 0.0108, lpips_loss 0.1317, g_loss 0.0139, disc_weight 0.4000, disc_adaptive_weight 5.9416, d_loss 0.4007, logits_real -0.0156, logits_fake -0.0139,
Train Epoch: [14/30] Iters:[290/1093] gen_loss 0.2278, rec_loss 0.0109, lpips_loss 0.1317, g_loss 0.0140, disc_weight 0.4000, disc_adaptive_weight 6.0382, d_loss 0.4007, logits_real -0.0157, logits_fake -0.0141,
Train Epoch: [14/30] Iters:[300/1093] gen_loss 0.2323, rec_loss 0.0111, lpips_loss 0.1323, g_loss 0.0142, disc_weight 0.4000, disc_adaptive_weight 6.2203, d_loss 0.4007, logits_real -0.0161, logits_fake -0.0144,
Train Epoch: [14/30] Iters:[310/1093] gen_loss 0.2388, rec_loss 0.0111, lpips_loss 0.1325, g_loss 0.0145, disc_weight 0.4000, disc_adaptive_weight 6.5802, d_loss 0.4007, logits_real -0.0164, logits_fake -0.0147,
Train Epoch: [14/30] Iters:[320/1093] gen_loss 0.2313, rec_loss 0.0112, lpips_loss 0.1328, g_loss 0.0144, disc_weight 0.4000, disc_adaptive_weight 6.0465, d_loss 0.4007, logits_real -0.0165, logits_fake -0.0147,
Train Epoch: [14/30] Iters:[330/1093] gen_loss 0.2323, rec_loss 0.0111, lpips_loss 0.1327, g_loss 0.0147, disc_weight 0.4000, disc_adaptive_weight 6.0361, d_loss 0.4007, logits_real -0.0167, logits_fake -0.0149,
Train Epoch: [14/30] Iters:[340/1093] gen_loss 0.2327, rec_loss 0.0110, lpips_loss 0.1327, g_loss 0.0148, disc_weight 0.4000, disc_adaptive_weight 6.0109, d_loss 0.4007, logits_real -0.0169, logits_fake -0.0150,
Train Epoch: [14/30] Iters:[350/1093] gen_loss 0.2333, rec_loss 0.0111, lpips_loss 0.1330, g_loss 0.0150, disc_weight 0.4000, disc_adaptive_weight 5.9608, d_loss 0.4007, logits_real -0.0169, logits_fake -0.0151,
Train Epoch: [14/30] Iters:[360/1093] gen_loss 0.2303, rec_loss 0.0111, lpips_loss 0.1334, g_loss 0.0150, disc_weight 0.4000, disc_adaptive_weight 5.7265, d_loss 0.4007, logits_real -0.0169, logits_fake -0.0152,
Train Epoch: [14/30] Iters:[370/1093] gen_loss 0.2310, rec_loss 0.0110, lpips_loss 0.1334, g_loss 0.0152, disc_weight 0.4000, disc_adaptive_weight 5.7389, d_loss 0.4007, logits_real -0.0169, logits_fake -0.0152,
Train Epoch: [14/30] Iters:[380/1093] gen_loss 0.2284, rec_loss 0.0111, lpips_loss 0.1331, g_loss 0.0149, disc_weight 0.4000, disc_adaptive_weight 5.6788, d_loss 0.4007, logits_real -0.0168, logits_fake -0.0150,
Train Epoch: [14/30] Iters:[390/1093] gen_loss 0.2245, rec_loss 0.0111, lpips_loss 0.1333, g_loss 0.0147, disc_weight 0.4000, disc_adaptive_weight 5.4399, d_loss 0.4007, logits_real -0.0165, logits_fake -0.0148,
Train Epoch: [14/30] Iters:[400/1093] gen_loss 0.2228, rec_loss 0.0110, lpips_loss 0.1329, g_loss 0.0147, disc_weight 0.4000, disc_adaptive_weight 5.3506, d_loss 0.4007, logits_real -0.0166, logits_fake -0.0149,
Train Epoch: [14/30] Iters:[410/1093] gen_loss 0.2276, rec_loss 0.0109, lpips_loss 0.1329, g_loss 0.0150, disc_weight 0.4000, disc_adaptive_weight 5.5752, d_loss 0.4008, logits_real -0.0169, logits_fake -0.0151,
Train Epoch: [14/30] Iters:[420/1093] gen_loss 0.2300, rec_loss 0.0110, lpips_loss 0.1327, g_loss 0.0151, disc_weight 0.4000, disc_adaptive_weight 5.7220, d_loss 0.4007, logits_real -0.0171, logits_fake -0.0153,
Train Epoch: [14/30] Iters:[430/1093] gen_loss 0.2315, rec_loss 0.0109, lpips_loss 0.1329, g_loss 0.0149, disc_weight 0.4000, disc_adaptive_weight 5.8535, d_loss 0.4008, logits_real -0.0170, logits_fake -0.0151,
Train Epoch: [14/30] Iters:[440/1093] gen_loss 0.2308, rec_loss 0.0110, lpips_loss 0.1332, g_loss 0.0148, disc_weight 0.4000, disc_adaptive_weight 5.8561, d_loss 0.4008, logits_real -0.0171, logits_fake -0.0150,
Train Epoch: [14/30] Iters:[450/1093] gen_loss 0.2303, rec_loss 0.0110, lpips_loss 0.1333, g_loss 0.0147, disc_weight 0.4000, disc_adaptive_weight 5.8485, d_loss 0.4008, logits_real -0.0168, logits_fake -0.0149,
Train Epoch: [14/30] Iters:[460/1093] gen_loss 0.2268, rec_loss 0.0110, lpips_loss 0.1333, g_loss 0.0145, disc_weight 0.4000, disc_adaptive_weight 5.6816, d_loss 0.4008, logits_real -0.0166, logits_fake -0.0147,
Train Epoch: [14/30] Iters:[470/1093] gen_loss 0.2241, rec_loss 0.0111, lpips_loss 0.1332, g_loss 0.0145, disc_weight 0.4000, disc_adaptive_weight 5.5045, d_loss 0.4008, logits_real -0.0165, logits_fake -0.0146,
Train Epoch: [14/30] Iters:[480/1093] gen_loss 0.2235, rec_loss 0.0111, lpips_loss 0.1331, g_loss 0.0147, disc_weight 0.4000, disc_adaptive_weight 5.3818, d_loss 0.4007, logits_real -0.0165, logits_fake -0.0148,
Train Epoch: [14/30] Iters:[490/1093] gen_loss 0.2255, rec_loss 0.0110, lpips_loss 0.1325, g_loss 0.0151, disc_weight 0.4000, disc_adaptive_weight 5.4379, d_loss 0.4007, logits_real -0.0168, logits_fake -0.0150,
Train Epoch: [14/30] Iters:[500/1093] gen_loss 0.2266, rec_loss 0.0109, lpips_loss 0.1317, g_loss 0.0153, disc_weight 0.4000, disc_adaptive_weight 5.4774, d_loss 0.4007, logits_real -0.0170, logits_fake -0.0153,
Train Epoch: [14/30] Iters:[510/1093] gen_loss 0.2265, rec_loss 0.0110, lpips_loss 0.1317, g_loss 0.0158, disc_weight 0.4000, disc_adaptive_weight 5.3089, d_loss 0.4007, logits_real -0.0174, logits_fake -0.0157,
Train Epoch: [14/30] Iters:[520/1093] gen_loss 0.2305, rec_loss 0.0110, lpips_loss 0.1324, g_loss 0.0161, disc_weight 0.4000, disc_adaptive_weight 5.4159, d_loss 0.4007, logits_real -0.0177, logits_fake -0.0160,
Train Epoch: [14/30] Iters:[530/1093] gen_loss 0.2335, rec_loss 0.0112, lpips_loss 0.1325, g_loss 0.0163, disc_weight 0.4000, disc_adaptive_weight 5.5034, d_loss 0.4007, logits_real -0.0181, logits_fake -0.0164,
Train Epoch: [14/30] Iters:[540/1093] gen_loss 0.2391, rec_loss 0.0111, lpips_loss 0.1332, g_loss 0.0165, disc_weight 0.4000, disc_adaptive_weight 5.7452, d_loss 0.4007, logits_real -0.0182, logits_fake -0.0165,
Train Epoch: [14/30] Iters:[550/1093] gen_loss 0.2418, rec_loss 0.0111, lpips_loss 0.1334, g_loss 0.0166, disc_weight 0.4000, disc_adaptive_weight 5.8682, d_loss 0.4008, logits_real -0.0183, logits_fake -0.0164,
Train Epoch: [14/30] Iters:[560/1093] gen_loss 0.2409, rec_loss 0.0110, lpips_loss 0.1334, g_loss 0.0161, disc_weight 0.4000, disc_adaptive_weight 5.9725, d_loss 0.4008, logits_real -0.0179, logits_fake -0.0160,
Train Epoch: [14/30] Iters:[570/1093] gen_loss 0.2390, rec_loss 0.0111, lpips_loss 0.1336, g_loss 0.0156, disc_weight 0.4000, disc_adaptive_weight 6.0364, d_loss 0.4008, logits_real -0.0175, logits_fake -0.0156,
Train Epoch: [14/30] Iters:[580/1093] gen_loss 0.2320, rec_loss 0.0110, lpips_loss 0.1334, g_loss 0.0149, disc_weight 0.4000, disc_adaptive_weight 5.8332, d_loss 0.4008, logits_real -0.0169, logits_fake -0.0149,
Train Epoch: [14/30] Iters:[590/1093] gen_loss 0.2222, rec_loss 0.0110, lpips_loss 0.1329, g_loss 0.0143, disc_weight 0.4000, disc_adaptive_weight 5.4560, d_loss 0.4007, logits_real -0.0162, logits_fake -0.0145,
Train Epoch: [14/30] Iters:[600/1093] gen_loss 0.2194, rec_loss 0.0110, lpips_loss 0.1333, g_loss 0.0138, disc_weight 0.4000, disc_adaptive_weight 5.4611, d_loss 0.4007, logits_real -0.0156, logits_fake -0.0140,
Train Epoch: [14/30] Iters:[610/1093] gen_loss 0.2155, rec_loss 0.0110, lpips_loss 0.1331, g_loss 0.0136, disc_weight 0.4000, disc_adaptive_weight 5.2531, d_loss 0.4007, logits_real -0.0154, logits_fake -0.0138,
Train Epoch: [14/30] Iters:[620/1093] gen_loss 0.2152, rec_loss 0.0109, lpips_loss 0.1323, g_loss 0.0137, disc_weight 0.4000, disc_adaptive_weight 5.2559, d_loss 0.4007, logits_real -0.0155, logits_fake -0.0138,
Train Epoch: [14/30] Iters:[630/1093] gen_loss 0.2190, rec_loss 0.0110, lpips_loss 0.1322, g_loss 0.0140, disc_weight 0.4000, disc_adaptive_weight 5.4291, d_loss 0.4007, logits_real -0.0158, logits_fake -0.0141,
Train Epoch: [14/30] Iters:[640/1093] gen_loss 0.2203, rec_loss 0.0109, lpips_loss 0.1318, g_loss 0.0144, disc_weight 0.4000, disc_adaptive_weight 5.3867, d_loss 0.4008, logits_real -0.0164, logits_fake -0.0145,
Train Epoch: [14/30] Iters:[650/1093] gen_loss 0.2223, rec_loss 0.0109, lpips_loss 0.1318, g_loss 0.0151, disc_weight 0.4000, disc_adaptive_weight 5.2445, d_loss 0.4008, logits_real -0.0171, logits_fake -0.0151,
Train Epoch: [14/30] Iters:[660/1093] gen_loss 0.2289, rec_loss 0.0108, lpips_loss 0.1317, g_loss 0.0156, disc_weight 0.4000, disc_adaptive_weight 5.5121, d_loss 0.4008, logits_real -0.0176, logits_fake -0.0155,
Train Epoch: [14/30] Iters:[670/1093] gen_loss 0.2312, rec_loss 0.0108, lpips_loss 0.1320, g_loss 0.0161, disc_weight 0.4000, disc_adaptive_weight 5.4726, d_loss 0.4008, logits_real -0.0180, logits_fake -0.0159,
Train Epoch: [14/30] Iters:[680/1093] gen_loss 0.2354, rec_loss 0.0108, lpips_loss 0.1323, g_loss 0.0164, disc_weight 0.4000, disc_adaptive_weight 5.6039, d_loss 0.4008, logits_real -0.0183, logits_fake -0.0162,
Train Epoch: [14/30] Iters:[690/1093] gen_loss 0.2380, rec_loss 0.0110, lpips_loss 0.1330, g_loss 0.0164, disc_weight 0.4000, disc_adaptive_weight 5.7157, d_loss 0.4008, logits_real -0.0183, logits_fake -0.0163,
Train Epoch: [14/30] Iters:[700/1093] gen_loss 0.2343, rec_loss 0.0110, lpips_loss 0.1328, g_loss 0.0162, disc_weight 0.4000, disc_adaptive_weight 5.5971, d_loss 0.4008, logits_real -0.0182, logits_fake -0.0162,
Train Epoch: [14/30] Iters:[710/1093] gen_loss 0.2334, rec_loss 0.0110, lpips_loss 0.1326, g_loss 0.0162, disc_weight 0.4000, disc_adaptive_weight 5.5393, d_loss 0.4007, logits_real -0.0180, logits_fake -0.0162,
Train Epoch: [14/30] Iters:[720/1093] gen_loss 0.2378, rec_loss 0.0110, lpips_loss 0.1326, g_loss 0.0162, disc_weight 0.4000, disc_adaptive_weight 5.8019, d_loss 0.4007, logits_real -0.0182, logits_fake -0.0165,
Train Epoch: [14/30] Iters:[730/1093] gen_loss 0.2396, rec_loss 0.0109, lpips_loss 0.1321, g_loss 0.0163, disc_weight 0.4000, disc_adaptive_weight 5.8927, d_loss 0.4007, logits_real -0.0184, logits_fake -0.0165,
Train Epoch: [14/30] Iters:[740/1093] gen_loss 0.2373, rec_loss 0.0108, lpips_loss 0.1314, g_loss 0.0164, disc_weight 0.4000, disc_adaptive_weight 5.7726, d_loss 0.4008, logits_real -0.0184, logits_fake -0.0164,
Train Epoch: [14/30] Iters:[750/1093] gen_loss 0.2402, rec_loss 0.0108, lpips_loss 0.1318, g_loss 0.0164, disc_weight 0.4000, disc_adaptive_weight 5.9220, d_loss 0.4008, logits_real -0.0183, logits_fake -0.0164,
Train Epoch: [14/30] Iters:[760/1093] gen_loss 0.2394, rec_loss 0.0107, lpips_loss 0.1317, g_loss 0.0163, disc_weight 0.4000, disc_adaptive_weight 5.9410, d_loss 0.4008, logits_real -0.0183, logits_fake -0.0163,
Train Epoch: [14/30] Iters:[770/1093] gen_loss 0.2364, rec_loss 0.0106, lpips_loss 0.1315, g_loss 0.0162, disc_weight 0.4000, disc_adaptive_weight 5.8302, d_loss 0.4008, logits_real -0.0181, logits_fake -0.0160,
Train Epoch: [14/30] Iters:[780/1093] gen_loss 0.2332, rec_loss 0.0107, lpips_loss 0.1322, g_loss 0.0158, disc_weight 0.4000, disc_adaptive_weight 5.7372, d_loss 0.4007, logits_real -0.0176, logits_fake -0.0157,
Train Epoch: [14/30] Iters:[790/1093] gen_loss 0.2382, rec_loss 0.0108, lpips_loss 0.1330, g_loss 0.0157, disc_weight 0.4000, disc_adaptive_weight 6.0087, d_loss 0.4007, logits_real -0.0175, logits_fake -0.0156,
Train Epoch: [14/30] Iters:[800/1093] gen_loss 0.2355, rec_loss 0.0109, lpips_loss 0.1329, g_loss 0.0159, disc_weight 0.4000, disc_adaptive_weight 5.7918, d_loss 0.4007, logits_real -0.0177, logits_fake -0.0159,
Train Epoch: [14/30] Iters:[810/1093] gen_loss 0.2351, rec_loss 0.0111, lpips_loss 0.1334, g_loss 0.0160, disc_weight 0.4000, disc_adaptive_weight 5.6895, d_loss 0.4007, logits_real -0.0178, logits_fake -0.0160,
Train Epoch: [14/30] Iters:[820/1093] gen_loss 0.2365, rec_loss 0.0112, lpips_loss 0.1337, g_loss 0.0161, disc_weight 0.4000, disc_adaptive_weight 5.7112, d_loss 0.4008, logits_real -0.0178, logits_fake -0.0158,
Train Epoch: [14/30] Iters:[830/1093] gen_loss 0.2359, rec_loss 0.0111, lpips_loss 0.1332, g_loss 0.0162, disc_weight 0.4000, disc_adaptive_weight 5.6651, d_loss 0.4008, logits_real -0.0180, logits_fake -0.0160,
Train Epoch: [14/30] Iters:[840/1093] gen_loss 0.2316, rec_loss 0.0111, lpips_loss 0.1327, g_loss 0.0160, disc_weight 0.4000, disc_adaptive_weight 5.4903, d_loss 0.4008, logits_real -0.0179, logits_fake -0.0160,
Train Epoch: [14/30] Iters:[850/1093] gen_loss 0.2351, rec_loss 0.0110, lpips_loss 0.1326, g_loss 0.0160, disc_weight 0.4000, disc_adaptive_weight 5.7267, d_loss 0.4007, logits_real -0.0176, logits_fake -0.0158,
Train Epoch: [14/30] Iters:[860/1093] gen_loss 0.2371, rec_loss 0.0110, lpips_loss 0.1325, g_loss 0.0162, disc_weight 0.4000, disc_adaptive_weight 5.7892, d_loss 0.4007, logits_real -0.0178, logits_fake -0.0160,
Train Epoch: [14/30] Iters:[870/1093] gen_loss 0.2340, rec_loss 0.0109, lpips_loss 0.1327, g_loss 0.0165, disc_weight 0.4000, disc_adaptive_weight 5.4964, d_loss 0.4007, logits_real -0.0182, logits_fake -0.0166,
Train Epoch: [14/30] Iters:[880/1093] gen_loss 0.2391, rec_loss 0.0109, lpips_loss 0.1322, g_loss 0.0170, disc_weight 0.4000, disc_adaptive_weight 5.6529, d_loss 0.4007, logits_real -0.0186, logits_fake -0.0169,
Train Epoch: [14/30] Iters:[890/1093] gen_loss 0.2387, rec_loss 0.0108, lpips_loss 0.1319, g_loss 0.0175, disc_weight 0.4000, disc_adaptive_weight 5.5000, d_loss 0.4007, logits_real -0.0190, logits_fake -0.0174,
Train Epoch: [14/30] Iters:[900/1093] gen_loss 0.2391, rec_loss 0.0108, lpips_loss 0.1321, g_loss 0.0175, disc_weight 0.4000, disc_adaptive_weight 5.5188, d_loss 0.4007, logits_real -0.0192, logits_fake -0.0174,
Train Epoch: [14/30] Iters:[910/1093] gen_loss 0.2386, rec_loss 0.0107, lpips_loss 0.1321, g_loss 0.0173, disc_weight 0.4000, disc_adaptive_weight 5.5510, d_loss 0.4007, logits_real -0.0188, logits_fake -0.0171,
Train Epoch: [14/30] Iters:[920/1093] gen_loss 0.2405, rec_loss 0.0108, lpips_loss 0.1319, g_loss 0.0168, disc_weight 0.4000, disc_adaptive_weight 5.8492, d_loss 0.4007, logits_real -0.0184, logits_fake -0.0165,
Train Epoch: [14/30] Iters:[930/1093] gen_loss 0.2322, rec_loss 0.0110, lpips_loss 0.1326, g_loss 0.0164, disc_weight 0.4000, disc_adaptive_weight 5.4408, d_loss 0.4007, logits_real -0.0179, logits_fake -0.0163,
Train Epoch: [14/30] Iters:[940/1093] gen_loss 0.2364, rec_loss 0.0110, lpips_loss 0.1326, g_loss 0.0164, disc_weight 0.4000, disc_adaptive_weight 5.6731, d_loss 0.4008, logits_real -0.0177, logits_fake -0.0158,
Train Epoch: [14/30] Iters:[950/1093] gen_loss 0.2341, rec_loss 0.0110, lpips_loss 0.1319, g_loss 0.0163, disc_weight 0.4000, disc_adaptive_weight 5.6224, d_loss 0.4007, logits_real -0.0175, logits_fake -0.0160,
Train Epoch: [14/30] Iters:[960/1093] gen_loss 0.2330, rec_loss 0.0110, lpips_loss 0.1321, g_loss 0.0165, disc_weight 0.4000, disc_adaptive_weight 5.4907, d_loss 0.4007, logits_real -0.0178, logits_fake -0.0163,
Train Epoch: [14/30] Iters:[970/1093] gen_loss 0.2302, rec_loss 0.0111, lpips_loss 0.1323, g_loss 0.0164, disc_weight 0.4000, disc_adaptive_weight 5.3063, d_loss 0.4007, logits_real -0.0178, logits_fake -0.0163,
Train Epoch: [14/30] Iters:[980/1093] gen_loss 0.2317, rec_loss 0.0109, lpips_loss 0.1320, g_loss 0.0163, disc_weight 0.4000, disc_adaptive_weight 5.4687, d_loss 0.4007, logits_real -0.0177, logits_fake -0.0159,
Train Epoch: [14/30] Iters:[990/1093] gen_loss 0.2286, rec_loss 0.0110, lpips_loss 0.1324, g_loss 0.0155, disc_weight 0.4000, disc_adaptive_weight 5.5179, d_loss 0.4007, logits_real -0.0172, logits_fake -0.0156,
Train Epoch: [14/30] Iters:[1000/1093] gen_loss 0.2256, rec_loss 0.0111, lpips_loss 0.1332, g_loss 0.0151, disc_weight 0.4000, disc_adaptive_weight 5.4012, d_loss 0.4007, logits_real -0.0169, logits_fake -0.0152,
Train Epoch: [14/30] Iters:[1010/1093] gen_loss 0.2231, rec_loss 0.0110, lpips_loss 0.1326, g_loss 0.0146, disc_weight 0.4000, disc_adaptive_weight 5.4575, d_loss 0.4007, logits_real -0.0165, logits_fake -0.0150,
Train Epoch: [14/30] Iters:[1020/1093] gen_loss 0.2211, rec_loss 0.0107, lpips_loss 0.1319, g_loss 0.0147, disc_weight 0.4000, disc_adaptive_weight 5.3776, d_loss 0.4007, logits_real -0.0166, logits_fake -0.0149,
Train Epoch: [14/30] Iters:[1030/1093] gen_loss 0.2211, rec_loss 0.0109, lpips_loss 0.1318, g_loss 0.0148, disc_weight 0.4000, disc_adaptive_weight 5.3294, d_loss 0.4007, logits_real -0.0167, logits_fake -0.0151,
Train Epoch: [14/30] Iters:[1040/1093] gen_loss 0.2199, rec_loss 0.0109, lpips_loss 0.1317, g_loss 0.0149, disc_weight 0.4000, disc_adaptive_weight 5.2221, d_loss 0.4007, logits_real -0.0170, logits_fake -0.0154,
Train Epoch: [14/30] Iters:[1050/1093] gen_loss 0.2233, rec_loss 0.0109, lpips_loss 0.1315, g_loss 0.0153, disc_weight 0.4000, disc_adaptive_weight 5.3251, d_loss 0.4007, logits_real -0.0173, logits_fake -0.0155,
Train Epoch: [14/30] Iters:[1060/1093] gen_loss 0.2266, rec_loss 0.0110, lpips_loss 0.1319, g_loss 0.0153, disc_weight 0.4000, disc_adaptive_weight 5.4531, d_loss 0.4008, logits_real -0.0175, logits_fake -0.0156,
Train Epoch: [14/30] Iters:[1070/1093] gen_loss 0.2274, rec_loss 0.0111, lpips_loss 0.1321, g_loss 0.0154, disc_weight 0.4000, disc_adaptive_weight 5.4451, d_loss 0.4007, logits_real -0.0175, logits_fake -0.0156,
Train Epoch: [14/30] Iters:[1080/1093] gen_loss 0.2286, rec_loss 0.0112, lpips_loss 0.1324, g_loss 0.0153, disc_weight 0.4000, disc_adaptive_weight 5.5418, d_loss 0.4007, logits_real -0.0176, logits_fake -0.0158,
Train Epoch: [14/30] Iters:[1090/1093] gen_loss 0.2277, rec_loss 0.0111, lpips_loss 0.1327, g_loss 0.0157, disc_weight 0.4000, disc_adaptive_weight 5.3437, d_loss 0.4007, logits_real -0.0178, logits_fake -0.0159,
epoch:15, cur_lr:0.000010
Train Epoch: [15/30] Iters:[10/1093] gen_loss 0.2419, rec_loss 0.0112, lpips_loss 0.1315, g_loss 0.0159, disc_weight 0.4000, disc_adaptive_weight 6.2244, d_loss 0.4007, logits_real -0.0184, logits_fake -0.0167,
Train Epoch: [15/30] Iters:[20/1093] gen_loss 0.2402, rec_loss 0.0111, lpips_loss 0.1308, g_loss 0.0162, disc_weight 0.4000, disc_adaptive_weight 6.0817, d_loss 0.4007, logits_real -0.0185, logits_fake -0.0169,
Train Epoch: [15/30] Iters:[30/1093] gen_loss 0.2311, rec_loss 0.0110, lpips_loss 0.1309, g_loss 0.0162, disc_weight 0.4000, disc_adaptive_weight 5.5341, d_loss 0.4007, logits_real -0.0183, logits_fake -0.0165,
Train Epoch: [15/30] Iters:[40/1093] gen_loss 0.2353, rec_loss 0.0110, lpips_loss 0.1313, g_loss 0.0163, disc_weight 0.4000, disc_adaptive_weight 5.6942, d_loss 0.4007, logits_real -0.0185, logits_fake -0.0168,
Train Epoch: [15/30] Iters:[50/1093] gen_loss 0.2344, rec_loss 0.0110, lpips_loss 0.1316, g_loss 0.0164, disc_weight 0.4000, disc_adaptive_weight 5.6103, d_loss 0.4007, logits_real -0.0185, logits_fake -0.0168,
Train Epoch: [15/30] Iters:[60/1093] gen_loss 0.2318, rec_loss 0.0110, lpips_loss 0.1320, g_loss 0.0163, disc_weight 0.4000, disc_adaptive_weight 5.4369, d_loss 0.4007, logits_real -0.0185, logits_fake -0.0169,
Train Epoch: [15/30] Iters:[70/1093] gen_loss 0.2284, rec_loss 0.0110, lpips_loss 0.1325, g_loss 0.0162, disc_weight 0.4000, disc_adaptive_weight 5.2333, d_loss 0.4007, logits_real -0.0183, logits_fake -0.0167,
Train Epoch: [15/30] Iters:[80/1093] gen_loss 0.2317, rec_loss 0.0109, lpips_loss 0.1325, g_loss 0.0161, disc_weight 0.4000, disc_adaptive_weight 5.4767, d_loss 0.4007, logits_real -0.0182, logits_fake -0.0167,
Train Epoch: [15/30] Iters:[90/1093] gen_loss 0.2286, rec_loss 0.0108, lpips_loss 0.1319, g_loss 0.0158, disc_weight 0.4000, disc_adaptive_weight 5.4605, d_loss 0.4007, logits_real -0.0179, logits_fake -0.0162,
Train Epoch: [15/30] Iters:[100/1093] gen_loss 0.2351, rec_loss 0.0108, lpips_loss 0.1320, g_loss 0.0154, disc_weight 0.4000, disc_adaptive_weight 6.0467, d_loss 0.4006, logits_real -0.0174, logits_fake -0.0160,
Train Epoch: [15/30] Iters:[110/1093] gen_loss 0.2390, rec_loss 0.0107, lpips_loss 0.1314, g_loss 0.0154, disc_weight 0.4000, disc_adaptive_weight 6.3366, d_loss 0.4007, logits_real -0.0171, logits_fake -0.0156,
Train Epoch: [15/30] Iters:[120/1093] gen_loss 0.2441, rec_loss 0.0107, lpips_loss 0.1315, g_loss 0.0156, disc_weight 0.4000, disc_adaptive_weight 6.5790, d_loss 0.4007, logits_real -0.0171, logits_fake -0.0155,
Train Epoch: [15/30] Iters:[130/1093] gen_loss 0.2433, rec_loss 0.0108, lpips_loss 0.1318, g_loss 0.0156, disc_weight 0.4000, disc_adaptive_weight 6.4784, d_loss 0.4007, logits_real -0.0169, logits_fake -0.0154,
Train Epoch: [15/30] Iters:[140/1093] gen_loss 0.2452, rec_loss 0.0110, lpips_loss 0.1325, g_loss 0.0160, disc_weight 0.4000, disc_adaptive_weight 6.4150, d_loss 0.4007, logits_real -0.0170, logits_fake -0.0156,
Train Epoch: [15/30] Iters:[150/1093] gen_loss 0.2385, rec_loss 0.0109, lpips_loss 0.1320, g_loss 0.0161, disc_weight 0.4000, disc_adaptive_weight 5.9490, d_loss 0.4008, logits_real -0.0174, logits_fake -0.0154,
Train Epoch: [15/30] Iters:[160/1093] gen_loss 0.2356, rec_loss 0.0109, lpips_loss 0.1321, g_loss 0.0161, disc_weight 0.4000, disc_adaptive_weight 5.7092, d_loss 0.4008, logits_real -0.0177, logits_fake -0.0157,
Train Epoch: [15/30] Iters:[170/1093] gen_loss 0.2346, rec_loss 0.0110, lpips_loss 0.1321, g_loss 0.0159, disc_weight 0.4000, disc_adaptive_weight 5.7163, d_loss 0.4007, logits_real -0.0178, logits_fake -0.0160,
Train Epoch: [15/30] Iters:[180/1093] gen_loss 0.2360, rec_loss 0.0111, lpips_loss 0.1324, g_loss 0.0159, disc_weight 0.4000, disc_adaptive_weight 5.7798, d_loss 0.4008, logits_real -0.0182, logits_fake -0.0160,
Train Epoch: [15/30] Iters:[190/1093] gen_loss 0.2375, rec_loss 0.0112, lpips_loss 0.1325, g_loss 0.0159, disc_weight 0.4000, disc_adaptive_weight 5.8814, d_loss 0.4009, logits_real -0.0183, logits_fake -0.0159,
Train Epoch: [15/30] Iters:[200/1093] gen_loss 0.2398, rec_loss 0.0113, lpips_loss 0.1333, g_loss 0.0161, disc_weight 0.4000, disc_adaptive_weight 5.8883, d_loss 0.4008, logits_real -0.0183, logits_fake -0.0162,
Train Epoch: [15/30] Iters:[210/1093] gen_loss 0.2411, rec_loss 0.0113, lpips_loss 0.1339, g_loss 0.0161, disc_weight 0.4000, disc_adaptive_weight 5.9223, d_loss 0.4008, logits_real -0.0182, logits_fake -0.0161,
Train Epoch: [15/30] Iters:[220/1093] gen_loss 0.2412, rec_loss 0.0113, lpips_loss 0.1343, g_loss 0.0162, disc_weight 0.4000, disc_adaptive_weight 5.8898, d_loss 0.4008, logits_real -0.0180, logits_fake -0.0159,
Train Epoch: [15/30] Iters:[230/1093] gen_loss 0.2414, rec_loss 0.0113, lpips_loss 0.1346, g_loss 0.0161, disc_weight 0.4000, disc_adaptive_weight 5.9313, d_loss 0.4007, logits_real -0.0177, logits_fake -0.0159,
Train Epoch: [15/30] Iters:[240/1093] gen_loss 0.2365, rec_loss 0.0113, lpips_loss 0.1344, g_loss 0.0158, disc_weight 0.4000, disc_adaptive_weight 5.7359, d_loss 0.4007, logits_real -0.0175, logits_fake -0.0157,
Train Epoch: [15/30] Iters:[250/1093] gen_loss 0.2337, rec_loss 0.0112, lpips_loss 0.1338, g_loss 0.0155, disc_weight 0.4000, disc_adaptive_weight 5.7012, d_loss 0.4007, logits_real -0.0173, logits_fake -0.0155,
Train Epoch: [15/30] Iters:[260/1093] gen_loss 0.2342, rec_loss 0.0112, lpips_loss 0.1334, g_loss 0.0154, disc_weight 0.4000, disc_adaptive_weight 5.7865, d_loss 0.4007, logits_real -0.0173, logits_fake -0.0155,
Train Epoch: [15/30] Iters:[270/1093] gen_loss 0.2345, rec_loss 0.0111, lpips_loss 0.1330, g_loss 0.0155, disc_weight 0.4000, disc_adaptive_weight 5.8243, d_loss 0.4007, logits_real -0.0172, logits_fake -0.0153,
Train Epoch: [15/30] Iters:[280/1093] gen_loss 0.2326, rec_loss 0.0111, lpips_loss 0.1326, g_loss 0.0153, disc_weight 0.4000, disc_adaptive_weight 5.7785, d_loss 0.4008, logits_real -0.0171, logits_fake -0.0150,
Train Epoch: [15/30] Iters:[290/1093] gen_loss 0.2374, rec_loss 0.0110, lpips_loss 0.1327, g_loss 0.0151, disc_weight 0.4000, disc_adaptive_weight 6.1950, d_loss 0.4008, logits_real -0.0169, logits_fake -0.0149,
Train Epoch: [15/30] Iters:[300/1093] gen_loss 0.2402, rec_loss 0.0111, lpips_loss 0.1330, g_loss 0.0150, disc_weight 0.4000, disc_adaptive_weight 6.3909, d_loss 0.4008, logits_real -0.0168, logits_fake -0.0146,
Train Epoch: [15/30] Iters:[310/1093] gen_loss 0.2373, rec_loss 0.0111, lpips_loss 0.1334, g_loss 0.0148, disc_weight 0.4000, disc_adaptive_weight 6.2889, d_loss 0.4008, logits_real -0.0165, logits_fake -0.0144,
Train Epoch: [15/30] Iters:[320/1093] gen_loss 0.2327, rec_loss 0.0110, lpips_loss 0.1330, g_loss 0.0144, disc_weight 0.4000, disc_adaptive_weight 6.1499, d_loss 0.4008, logits_real -0.0163, logits_fake -0.0143,
Train Epoch: [15/30] Iters:[330/1093] gen_loss 0.2304, rec_loss 0.0111, lpips_loss 0.1331, g_loss 0.0144, disc_weight 0.4000, disc_adaptive_weight 6.0070, d_loss 0.4007, logits_real -0.0161, logits_fake -0.0143,
Train Epoch: [15/30] Iters:[340/1093] gen_loss 0.2265, rec_loss 0.0111, lpips_loss 0.1328, g_loss 0.0145, disc_weight 0.4000, disc_adaptive_weight 5.7171, d_loss 0.4007, logits_real -0.0163, logits_fake -0.0145,
Train Epoch: [15/30] Iters:[350/1093] gen_loss 0.2237, rec_loss 0.0111, lpips_loss 0.1327, g_loss 0.0145, disc_weight 0.4000, disc_adaptive_weight 5.5112, d_loss 0.4007, logits_real -0.0164, logits_fake -0.0147,
Train Epoch: [15/30] Iters:[360/1093] gen_loss 0.2253, rec_loss 0.0109, lpips_loss 0.1327, g_loss 0.0146, disc_weight 0.4000, disc_adaptive_weight 5.5971, d_loss 0.4007, logits_real -0.0165, logits_fake -0.0147,
Train Epoch: [15/30] Iters:[370/1093] gen_loss 0.2278, rec_loss 0.0111, lpips_loss 0.1331, g_loss 0.0145, disc_weight 0.4000, disc_adaptive_weight 5.7669, d_loss 0.4007, logits_real -0.0165, logits_fake -0.0146,
Train Epoch: [15/30] Iters:[380/1093] gen_loss 0.2309, rec_loss 0.0111, lpips_loss 0.1335, g_loss 0.0145, disc_weight 0.4000, disc_adaptive_weight 5.9862, d_loss 0.4007, logits_real -0.0163, logits_fake -0.0145,
Train Epoch: [15/30] Iters:[390/1093] gen_loss 0.2338, rec_loss 0.0113, lpips_loss 0.1341, g_loss 0.0143, disc_weight 0.4000, disc_adaptive_weight 6.1923, d_loss 0.4007, logits_real -0.0161, logits_fake -0.0142,
Train Epoch: [15/30] Iters:[400/1093] gen_loss 0.2351, rec_loss 0.0114, lpips_loss 0.1340, g_loss 0.0142, disc_weight 0.4000, disc_adaptive_weight 6.3468, d_loss 0.4008, logits_real -0.0159, logits_fake -0.0139,
Train Epoch: [15/30] Iters:[410/1093] gen_loss 0.2375, rec_loss 0.0114, lpips_loss 0.1335, g_loss 0.0140, disc_weight 0.4000, disc_adaptive_weight 6.6405, d_loss 0.4007, logits_real -0.0157, logits_fake -0.0137,
Train Epoch: [15/30] Iters:[420/1093] gen_loss 0.2370, rec_loss 0.0114, lpips_loss 0.1339, g_loss 0.0138, disc_weight 0.4000, disc_adaptive_weight 6.6724, d_loss 0.4008, logits_real -0.0155, logits_fake -0.0135,
Train Epoch: [15/30] Iters:[430/1093] gen_loss 0.2342, rec_loss 0.0114, lpips_loss 0.1333, g_loss 0.0136, disc_weight 0.4000, disc_adaptive_weight 6.5837, d_loss 0.4008, logits_real -0.0154, logits_fake -0.0134,
Train Epoch: [15/30] Iters:[440/1093] gen_loss 0.2272, rec_loss 0.0112, lpips_loss 0.1328, g_loss 0.0133, disc_weight 0.4000, disc_adaptive_weight 6.2110, d_loss 0.4008, logits_real -0.0152, logits_fake -0.0132,
Train Epoch: [15/30] Iters:[450/1093] gen_loss 0.2216, rec_loss 0.0111, lpips_loss 0.1327, g_loss 0.0132, disc_weight 0.4000, disc_adaptive_weight 5.8951, d_loss 0.4008, logits_real -0.0151, logits_fake -0.0130,
Train Epoch: [15/30] Iters:[460/1093] gen_loss 0.2135, rec_loss 0.0111, lpips_loss 0.1330, g_loss 0.0133, disc_weight 0.4000, disc_adaptive_weight 5.2448, d_loss 0.4008, logits_real -0.0152, logits_fake -0.0132,
Train Epoch: [15/30] Iters:[470/1093] gen_loss 0.2104, rec_loss 0.0109, lpips_loss 0.1320, g_loss 0.0137, disc_weight 0.4000, disc_adaptive_weight 4.9468, d_loss 0.4007, logits_real -0.0155, logits_fake -0.0136,
Train Epoch: [15/30] Iters:[480/1093] gen_loss 0.2151, rec_loss 0.0108, lpips_loss 0.1324, g_loss 0.0143, disc_weight 0.4000, disc_adaptive_weight 5.0226, d_loss 0.4007, logits_real -0.0160, logits_fake -0.0142,
Train Epoch: [15/30] Iters:[490/1093] gen_loss 0.2205, rec_loss 0.0108, lpips_loss 0.1323, g_loss 0.0149, disc_weight 0.4000, disc_adaptive_weight 5.1828, d_loss 0.4007, logits_real -0.0166, logits_fake -0.0148,
Train Epoch: [15/30] Iters:[500/1093] gen_loss 0.2238, rec_loss 0.0108, lpips_loss 0.1323, g_loss 0.0154, disc_weight 0.4000, disc_adaptive_weight 5.2335, d_loss 0.4007, logits_real -0.0171, logits_fake -0.0153,
Train Epoch: [15/30] Iters:[510/1093] gen_loss 0.2288, rec_loss 0.0108, lpips_loss 0.1319, g_loss 0.0156, disc_weight 0.4000, disc_adaptive_weight 5.5086, d_loss 0.4007, logits_real -0.0172, logits_fake -0.0156,
Train Epoch: [15/30] Iters:[520/1093] gen_loss 0.2339, rec_loss 0.0110, lpips_loss 0.1323, g_loss 0.0158, disc_weight 0.4000, disc_adaptive_weight 5.7451, d_loss 0.4007, logits_real -0.0173, logits_fake -0.0157,
Train Epoch: [15/30] Iters:[530/1093] gen_loss 0.2346, rec_loss 0.0108, lpips_loss 0.1317, g_loss 0.0159, disc_weight 0.4000, disc_adaptive_weight 5.7766, d_loss 0.4007, logits_real -0.0174, logits_fake -0.0158,
Train Epoch: [15/30] Iters:[540/1093] gen_loss 0.2364, rec_loss 0.0109, lpips_loss 0.1321, g_loss 0.0159, disc_weight 0.4000, disc_adaptive_weight 5.8551, d_loss 0.4007, logits_real -0.0174, logits_fake -0.0159,
Train Epoch: [15/30] Iters:[550/1093] gen_loss 0.2391, rec_loss 0.0110, lpips_loss 0.1323, g_loss 0.0159, disc_weight 0.4000, disc_adaptive_weight 5.9966, d_loss 0.4007, logits_real -0.0173, logits_fake -0.0158,
Train Epoch: [15/30] Iters:[560/1093] gen_loss 0.2375, rec_loss 0.0112, lpips_loss 0.1326, g_loss 0.0159, disc_weight 0.4000, disc_adaptive_weight 5.8833, d_loss 0.4007, logits_real -0.0173, logits_fake -0.0156,
Train Epoch: [15/30] Iters:[570/1093] gen_loss 0.2360, rec_loss 0.0111, lpips_loss 0.1325, g_loss 0.0159, disc_weight 0.4000, disc_adaptive_weight 5.7749, d_loss 0.4007, logits_real -0.0173, logits_fake -0.0156,
Train Epoch: [15/30] Iters:[580/1093] gen_loss 0.2336, rec_loss 0.0112, lpips_loss 0.1325, g_loss 0.0159, disc_weight 0.4000, disc_adaptive_weight 5.6261, d_loss 0.4007, logits_real -0.0174, logits_fake -0.0156,
Train Epoch: [15/30] Iters:[590/1093] gen_loss 0.2316, rec_loss 0.0111, lpips_loss 0.1325, g_loss 0.0160, disc_weight 0.4000, disc_adaptive_weight 5.5022, d_loss 0.4007, logits_real -0.0174, logits_fake -0.0157,
Train Epoch: [15/30] Iters:[600/1093] gen_loss 0.2299, rec_loss 0.0110, lpips_loss 0.1322, g_loss 0.0160, disc_weight 0.4000, disc_adaptive_weight 5.4116, d_loss 0.4007, logits_real -0.0175, logits_fake -0.0158,
Train Epoch: [15/30] Iters:[610/1093] gen_loss 0.2312, rec_loss 0.0109, lpips_loss 0.1318, g_loss 0.0162, disc_weight 0.4000, disc_adaptive_weight 5.4519, d_loss 0.4007, logits_real -0.0178, logits_fake -0.0161,
Train Epoch: [15/30] Iters:[620/1093] gen_loss 0.2289, rec_loss 0.0110, lpips_loss 0.1321, g_loss 0.0164, disc_weight 0.4000, disc_adaptive_weight 5.2455, d_loss 0.4007, logits_real -0.0180, logits_fake -0.0163,
Train Epoch: [15/30] Iters:[630/1093] gen_loss 0.2330, rec_loss 0.0112, lpips_loss 0.1324, g_loss 0.0164, disc_weight 0.4000, disc_adaptive_weight 5.4695, d_loss 0.4007, logits_real -0.0181, logits_fake -0.0164,
Train Epoch: [15/30] Iters:[640/1093] gen_loss 0.2327, rec_loss 0.0111, lpips_loss 0.1322, g_loss 0.0166, disc_weight 0.4000, disc_adaptive_weight 5.4047, d_loss 0.4007, logits_real -0.0185, logits_fake -0.0166,
Train Epoch: [15/30] Iters:[650/1093] gen_loss 0.2371, rec_loss 0.0111, lpips_loss 0.1326, g_loss 0.0169, disc_weight 0.4000, disc_adaptive_weight 5.5288, d_loss 0.4007, logits_real -0.0186, logits_fake -0.0168,
Train Epoch: [15/30] Iters:[660/1093] gen_loss 0.2430, rec_loss 0.0112, lpips_loss 0.1330, g_loss 0.0169, disc_weight 0.4000, disc_adaptive_weight 5.8316, d_loss 0.4007, logits_real -0.0186, logits_fake -0.0169,
Train Epoch: [15/30] Iters:[670/1093] gen_loss 0.2458, rec_loss 0.0111, lpips_loss 0.1329, g_loss 0.0167, disc_weight 0.4000, disc_adaptive_weight 6.0821, d_loss 0.4007, logits_real -0.0185, logits_fake -0.0167,
Train Epoch: [15/30] Iters:[680/1093] gen_loss 0.2423, rec_loss 0.0110, lpips_loss 0.1327, g_loss 0.0165, disc_weight 0.4000, disc_adaptive_weight 5.9601, d_loss 0.4007, logits_real -0.0182, logits_fake -0.0164,
Train Epoch: [15/30] Iters:[690/1093] gen_loss 0.2422, rec_loss 0.0111, lpips_loss 0.1327, g_loss 0.0160, disc_weight 0.4000, disc_adaptive_weight 6.1647, d_loss 0.4007, logits_real -0.0176, logits_fake -0.0158,
Train Epoch: [15/30] Iters:[700/1093] gen_loss 0.2355, rec_loss 0.0111, lpips_loss 0.1325, g_loss 0.0152, disc_weight 0.4000, disc_adaptive_weight 6.0233, d_loss 0.4007, logits_real -0.0169, logits_fake -0.0152,
Train Epoch: [15/30] Iters:[710/1093] gen_loss 0.2367, rec_loss 0.0109, lpips_loss 0.1320, g_loss 0.0148, disc_weight 0.4000, disc_adaptive_weight 6.3402, d_loss 0.4007, logits_real -0.0166, logits_fake -0.0147,
Train Epoch: [15/30] Iters:[720/1093] gen_loss 0.2351, rec_loss 0.0110, lpips_loss 0.1322, g_loss 0.0147, disc_weight 0.4000, disc_adaptive_weight 6.2784, d_loss 0.4007, logits_real -0.0165, logits_fake -0.0145,
Train Epoch: [15/30] Iters:[730/1093] gen_loss 0.2375, rec_loss 0.0111, lpips_loss 0.1328, g_loss 0.0147, disc_weight 0.4000, disc_adaptive_weight 6.3604, d_loss 0.4007, logits_real -0.0165, logits_fake -0.0146,
Train Epoch: [15/30] Iters:[740/1093] gen_loss 0.2406, rec_loss 0.0111, lpips_loss 0.1331, g_loss 0.0150, disc_weight 0.4000, disc_adaptive_weight 6.4221, d_loss 0.4007, logits_real -0.0167, logits_fake -0.0148,
Train Epoch: [15/30] Iters:[750/1093] gen_loss 0.2440, rec_loss 0.0112, lpips_loss 0.1333, g_loss 0.0152, disc_weight 0.4000, disc_adaptive_weight 6.5611, d_loss 0.4007, logits_real -0.0170, logits_fake -0.0150,
Train Epoch: [15/30] Iters:[760/1093] gen_loss 0.2426, rec_loss 0.0114, lpips_loss 0.1332, g_loss 0.0153, disc_weight 0.4000, disc_adaptive_weight 6.3814, d_loss 0.4007, logits_real -0.0171, logits_fake -0.0151,
Train Epoch: [15/30] Iters:[770/1093] gen_loss 0.2391, rec_loss 0.0114, lpips_loss 0.1330, g_loss 0.0152, disc_weight 0.4000, disc_adaptive_weight 6.2061, d_loss 0.4007, logits_real -0.0170, logits_fake -0.0151,
Train Epoch: [15/30] Iters:[780/1093] gen_loss 0.2363, rec_loss 0.0112, lpips_loss 0.1323, g_loss 0.0150, disc_weight 0.4000, disc_adaptive_weight 6.1636, d_loss 0.4007, logits_real -0.0169, logits_fake -0.0150,
Train Epoch: [15/30] Iters:[790/1093] gen_loss 0.2340, rec_loss 0.0111, lpips_loss 0.1318, g_loss 0.0148, disc_weight 0.4000, disc_adaptive_weight 6.1363, d_loss 0.4007, logits_real -0.0166, logits_fake -0.0148,
Train Epoch: [15/30] Iters:[800/1093] gen_loss 0.2305, rec_loss 0.0109, lpips_loss 0.1317, g_loss 0.0146, disc_weight 0.4000, disc_adaptive_weight 5.9996, d_loss 0.4007, logits_real -0.0164, logits_fake -0.0146,
Train Epoch: [15/30] Iters:[810/1093] gen_loss 0.2265, rec_loss 0.0109, lpips_loss 0.1323, g_loss 0.0144, disc_weight 0.4000, disc_adaptive_weight 5.7989, d_loss 0.4007, logits_real -0.0162, logits_fake -0.0144,
Train Epoch: [15/30] Iters:[820/1093] gen_loss 0.2303, rec_loss 0.0107, lpips_loss 0.1321, g_loss 0.0145, disc_weight 0.4000, disc_adaptive_weight 6.0631, d_loss 0.4007, logits_real -0.0163, logits_fake -0.0144,
Train Epoch: [15/30] Iters:[830/1093] gen_loss 0.2291, rec_loss 0.0108, lpips_loss 0.1324, g_loss 0.0144, disc_weight 0.4000, disc_adaptive_weight 5.9657, d_loss 0.4007, logits_real -0.0163, logits_fake -0.0145,
Train Epoch: [15/30] Iters:[840/1093] gen_loss 0.2297, rec_loss 0.0108, lpips_loss 0.1324, g_loss 0.0146, disc_weight 0.4000, disc_adaptive_weight 5.9212, d_loss 0.4007, logits_real -0.0165, logits_fake -0.0146,
Train Epoch: [15/30] Iters:[850/1093] gen_loss 0.2328, rec_loss 0.0110, lpips_loss 0.1327, g_loss 0.0147, disc_weight 0.4000, disc_adaptive_weight 6.0451, d_loss 0.4007, logits_real -0.0167, logits_fake -0.0148,
Train Epoch: [15/30] Iters:[860/1093] gen_loss 0.2281, rec_loss 0.0110, lpips_loss 0.1323, g_loss 0.0146, disc_weight 0.4000, disc_adaptive_weight 5.7954, d_loss 0.4007, logits_real -0.0165, logits_fake -0.0147,
Train Epoch: [15/30] Iters:[870/1093] gen_loss 0.2296, rec_loss 0.0109, lpips_loss 0.1323, g_loss 0.0145, disc_weight 0.4000, disc_adaptive_weight 5.9521, d_loss 0.4007, logits_real -0.0163, logits_fake -0.0145,
Train Epoch: [15/30] Iters:[880/1093] gen_loss 0.2309, rec_loss 0.0110, lpips_loss 0.1321, g_loss 0.0144, disc_weight 0.4000, disc_adaptive_weight 6.1006, d_loss 0.4007, logits_real -0.0160, logits_fake -0.0142,
Train Epoch: [15/30] Iters:[890/1093] gen_loss 0.2290, rec_loss 0.0111, lpips_loss 0.1327, g_loss 0.0142, disc_weight 0.4000, disc_adaptive_weight 6.0189, d_loss 0.4007, logits_real -0.0158, logits_fake -0.0141,
Train Epoch: [15/30] Iters:[900/1093] gen_loss 0.2271, rec_loss 0.0111, lpips_loss 0.1321, g_loss 0.0143, disc_weight 0.4000, disc_adaptive_weight 5.9080, d_loss 0.4007, logits_real -0.0158, logits_fake -0.0142,
Train Epoch: [15/30] Iters:[910/1093] gen_loss 0.2323, rec_loss 0.0110, lpips_loss 0.1319, g_loss 0.0146, disc_weight 0.4000, disc_adaptive_weight 6.1322, d_loss 0.4007, logits_real -0.0161, logits_fake -0.0145,
Train Epoch: [15/30] Iters:[920/1093] gen_loss 0.2273, rec_loss 0.0111, lpips_loss 0.1320, g_loss 0.0147, disc_weight 0.4000, disc_adaptive_weight 5.7227, d_loss 0.4006, logits_real -0.0161, logits_fake -0.0148,
Train Epoch: [15/30] Iters:[930/1093] gen_loss 0.2291, rec_loss 0.0110, lpips_loss 0.1324, g_loss 0.0148, disc_weight 0.4000, disc_adaptive_weight 5.7783, d_loss 0.4007, logits_real -0.0163, logits_fake -0.0147,
Train Epoch: [15/30] Iters:[940/1093] gen_loss 0.2290, rec_loss 0.0110, lpips_loss 0.1325, g_loss 0.0147, disc_weight 0.4000, disc_adaptive_weight 5.7729, d_loss 0.4007, logits_real -0.0161, logits_fake -0.0145,
Train Epoch: [15/30] Iters:[950/1093] gen_loss 0.2305, rec_loss 0.0109, lpips_loss 0.1327, g_loss 0.0142, disc_weight 0.4000, disc_adaptive_weight 6.1418, d_loss 0.4007, logits_real -0.0157, logits_fake -0.0140,
Train Epoch: [15/30] Iters:[960/1093] gen_loss 0.2239, rec_loss 0.0109, lpips_loss 0.1326, g_loss 0.0136, disc_weight 0.4000, disc_adaptive_weight 5.9326, d_loss 0.4007, logits_real -0.0152, logits_fake -0.0135,
Train Epoch: [15/30] Iters:[970/1093] gen_loss 0.2266, rec_loss 0.0109, lpips_loss 0.1327, g_loss 0.0132, disc_weight 0.4000, disc_adaptive_weight 6.2853, d_loss 0.4007, logits_real -0.0150, logits_fake -0.0130,
Train Epoch: [15/30] Iters:[980/1093] gen_loss 0.2227, rec_loss 0.0109, lpips_loss 0.1325, g_loss 0.0130, disc_weight 0.4000, disc_adaptive_weight 6.1202, d_loss 0.4007, logits_real -0.0147, logits_fake -0.0130,
Train Epoch: [15/30] Iters:[990/1093] gen_loss 0.2213, rec_loss 0.0109, lpips_loss 0.1318, g_loss 0.0128, disc_weight 0.4000, disc_adaptive_weight 6.1563, d_loss 0.4007, logits_real -0.0147, logits_fake -0.0129,
Train Epoch: [15/30] Iters:[1000/1093] gen_loss 0.2210, rec_loss 0.0109, lpips_loss 0.1319, g_loss 0.0128, disc_weight 0.4000, disc_adaptive_weight 6.1020, d_loss 0.4007, logits_real -0.0146, logits_fake -0.0129,
Train Epoch: [15/30] Iters:[1010/1093] gen_loss 0.2221, rec_loss 0.0110, lpips_loss 0.1325, g_loss 0.0128, disc_weight 0.4000, disc_adaptive_weight 6.1671, d_loss 0.4007, logits_real -0.0145, logits_fake -0.0129,
Train Epoch: [15/30] Iters:[1020/1093] gen_loss 0.2203, rec_loss 0.0110, lpips_loss 0.1323, g_loss 0.0128, disc_weight 0.4000, disc_adaptive_weight 6.0134, d_loss 0.4006, logits_real -0.0144, logits_fake -0.0130,
Train Epoch: [15/30] Iters:[1030/1093] gen_loss 0.2231, rec_loss 0.0109, lpips_loss 0.1319, g_loss 0.0130, disc_weight 0.4000, disc_adaptive_weight 6.1928, d_loss 0.4006, logits_real -0.0145, logits_fake -0.0131,
Train Epoch: [15/30] Iters:[1040/1093] gen_loss 0.2224, rec_loss 0.0109, lpips_loss 0.1326, g_loss 0.0132, disc_weight 0.4000, disc_adaptive_weight 5.9901, d_loss 0.4006, logits_real -0.0146, logits_fake -0.0132,
Train Epoch: [15/30] Iters:[1050/1093] gen_loss 0.2217, rec_loss 0.0108, lpips_loss 0.1322, g_loss 0.0137, disc_weight 0.4000, disc_adaptive_weight 5.7528, d_loss 0.4006, logits_real -0.0150, logits_fake -0.0136,
Train Epoch: [15/30] Iters:[1060/1093] gen_loss 0.2294, rec_loss 0.0108, lpips_loss 0.1325, g_loss 0.0143, disc_weight 0.4000, disc_adaptive_weight 5.9850, d_loss 0.4006, logits_real -0.0156, logits_fake -0.0141,
Train Epoch: [15/30] Iters:[1070/1093] gen_loss 0.2341, rec_loss 0.0109, lpips_loss 0.1329, g_loss 0.0147, disc_weight 0.4000, disc_adaptive_weight 6.1078, d_loss 0.4007, logits_real -0.0162, logits_fake -0.0146,
Train Epoch: [15/30] Iters:[1080/1093] gen_loss 0.2356, rec_loss 0.0110, lpips_loss 0.1333, g_loss 0.0150, disc_weight 0.4000, disc_adaptive_weight 6.0442, d_loss 0.4007, logits_real -0.0166, logits_fake -0.0149,
Train Epoch: [15/30] Iters:[1090/1093] gen_loss 0.2379, rec_loss 0.0111, lpips_loss 0.1331, g_loss 0.0152, disc_weight 0.4000, disc_adaptive_weight 6.1460, d_loss 0.4007, logits_real -0.0169, logits_fake -0.0153,
Loading pretrained model LPIPS from /home/sunset/.cache/torch/hub/pyiqa/LPIPS_v0.1_alex-df73285e.pth
epoch:16, cur_lr:0.000010
Train Epoch: [16/30] Iters:[10/1093] gen_loss 0.2310, rec_loss 0.0112, lpips_loss 0.1329, g_loss 0.0159, disc_weight 0.4000, disc_adaptive_weight 5.5406, d_loss 0.4007, logits_real -0.0183, logits_fake -0.0164,
Train Epoch: [16/30] Iters:[20/1093] gen_loss 0.2360, rec_loss 0.0111, lpips_loss 0.1327, g_loss 0.0157, disc_weight 0.4000, disc_adaptive_weight 5.9292, d_loss 0.4007, logits_real -0.0177, logits_fake -0.0161,
Train Epoch: [16/30] Iters:[30/1093] gen_loss 0.2323, rec_loss 0.0110, lpips_loss 0.1327, g_loss 0.0150, disc_weight 0.4000, disc_adaptive_weight 5.9286, d_loss 0.4007, logits_real -0.0170, logits_fake -0.0151,
Train Epoch: [16/30] Iters:[40/1093] gen_loss 0.2284, rec_loss 0.0110, lpips_loss 0.1331, g_loss 0.0145, disc_weight 0.4000, disc_adaptive_weight 5.8344, d_loss 0.4007, logits_real -0.0163, logits_fake -0.0146,
Train Epoch: [16/30] Iters:[50/1093] gen_loss 0.2243, rec_loss 0.0110, lpips_loss 0.1330, g_loss 0.0143, disc_weight 0.4000, disc_adaptive_weight 5.6219, d_loss 0.4007, logits_real -0.0162, logits_fake -0.0145,
Train Epoch: [16/30] Iters:[60/1093] gen_loss 0.2248, rec_loss 0.0110, lpips_loss 0.1330, g_loss 0.0141, disc_weight 0.4000, disc_adaptive_weight 5.6942, d_loss 0.4006, logits_real -0.0158, logits_fake -0.0143,
Train Epoch: [16/30] Iters:[70/1093] gen_loss 0.2245, rec_loss 0.0111, lpips_loss 0.1330, g_loss 0.0139, disc_weight 0.4000, disc_adaptive_weight 5.7463, d_loss 0.4007, logits_real -0.0158, logits_fake -0.0141,
Train Epoch: [16/30] Iters:[80/1093] gen_loss 0.2226, rec_loss 0.0111, lpips_loss 0.1331, g_loss 0.0142, disc_weight 0.4000, disc_adaptive_weight 5.5195, d_loss 0.4006, logits_real -0.0159, logits_fake -0.0144,
Train Epoch: [16/30] Iters:[90/1093] gen_loss 0.2259, rec_loss 0.0110, lpips_loss 0.1329, g_loss 0.0146, disc_weight 0.4000, disc_adaptive_weight 5.6149, d_loss 0.4006, logits_real -0.0163, logits_fake -0.0148,
Train Epoch: [16/30] Iters:[100/1093] gen_loss 0.2262, rec_loss 0.0110, lpips_loss 0.1328, g_loss 0.0148, disc_weight 0.4000, disc_adaptive_weight 5.5658, d_loss 0.4006, logits_real -0.0164, logits_fake -0.0149,
Train Epoch: [16/30] Iters:[110/1093] gen_loss 0.2242, rec_loss 0.0110, lpips_loss 0.1325, g_loss 0.0149, disc_weight 0.4000, disc_adaptive_weight 5.4246, d_loss 0.4007, logits_real -0.0166, logits_fake -0.0148,
Train Epoch: [16/30] Iters:[120/1093] gen_loss 0.2233, rec_loss 0.0108, lpips_loss 0.1326, g_loss 0.0150, disc_weight 0.4000, disc_adaptive_weight 5.3178, d_loss 0.4007, logits_real -0.0165, logits_fake -0.0148,
Train Epoch: [16/30] Iters:[130/1093] gen_loss 0.2296, rec_loss 0.0108, lpips_loss 0.1325, g_loss 0.0151, disc_weight 0.4000, disc_adaptive_weight 5.7006, d_loss 0.4006, logits_real -0.0165, logits_fake -0.0150,
Train Epoch: [16/30] Iters:[140/1093] gen_loss 0.2286, rec_loss 0.0109, lpips_loss 0.1324, g_loss 0.0152, disc_weight 0.4000, disc_adaptive_weight 5.6100, d_loss 0.4006, logits_real -0.0167, logits_fake -0.0153,
Train Epoch: [16/30] Iters:[150/1093] gen_loss 0.2366, rec_loss 0.0109, lpips_loss 0.1325, g_loss 0.0155, disc_weight 0.4000, disc_adaptive_weight 6.0374, d_loss 0.4007, logits_real -0.0172, logits_fake -0.0156,
Train Epoch: [16/30] Iters:[160/1093] gen_loss 0.2368, rec_loss 0.0108, lpips_loss 0.1324, g_loss 0.0155, disc_weight 0.4000, disc_adaptive_weight 6.0330, d_loss 0.4006, logits_real -0.0173, logits_fake -0.0159,
Train Epoch: [16/30] Iters:[170/1093] gen_loss 0.2406, rec_loss 0.0110, lpips_loss 0.1325, g_loss 0.0152, disc_weight 0.4000, disc_adaptive_weight 6.4277, d_loss 0.4007, logits_real -0.0173, logits_fake -0.0157,
Train Epoch: [16/30] Iters:[180/1093] gen_loss 0.2373, rec_loss 0.0110, lpips_loss 0.1325, g_loss 0.0148, disc_weight 0.4000, disc_adaptive_weight 6.4003, d_loss 0.4007, logits_real -0.0168, logits_fake -0.0153,
Train Epoch: [16/30] Iters:[190/1093] gen_loss 0.2409, rec_loss 0.0109, lpips_loss 0.1326, g_loss 0.0145, disc_weight 0.4000, disc_adaptive_weight 6.7805, d_loss 0.4007, logits_real -0.0165, logits_fake -0.0148,
Train Epoch: [16/30] Iters:[200/1093] gen_loss 0.2419, rec_loss 0.0110, lpips_loss 0.1325, g_loss 0.0144, disc_weight 0.4000, disc_adaptive_weight 6.9060, d_loss 0.4006, logits_real -0.0159, logits_fake -0.0143,
Train Epoch: [16/30] Iters:[210/1093] gen_loss 0.2420, rec_loss 0.0111, lpips_loss 0.1327, g_loss 0.0140, disc_weight 0.4000, disc_adaptive_weight 7.0371, d_loss 0.4006, logits_real -0.0153, logits_fake -0.0140,
Train Epoch: [16/30] Iters:[220/1093] gen_loss 0.2354, rec_loss 0.0110, lpips_loss 0.1321, g_loss 0.0140, disc_weight 0.4000, disc_adaptive_weight 6.5912, d_loss 0.4006, logits_real -0.0151, logits_fake -0.0138,
Train Epoch: [16/30] Iters:[230/1093] gen_loss 0.2331, rec_loss 0.0110, lpips_loss 0.1323, g_loss 0.0141, disc_weight 0.4000, disc_adaptive_weight 6.3581, d_loss 0.4006, logits_real -0.0152, logits_fake -0.0138,
Train Epoch: [16/30] Iters:[240/1093] gen_loss 0.2294, rec_loss 0.0110, lpips_loss 0.1326, g_loss 0.0140, disc_weight 0.4000, disc_adaptive_weight 6.1195, d_loss 0.4007, logits_real -0.0155, logits_fake -0.0138,
Train Epoch: [16/30] Iters:[250/1093] gen_loss 0.2218, rec_loss 0.0109, lpips_loss 0.1325, g_loss 0.0137, disc_weight 0.4000, disc_adaptive_weight 5.7539, d_loss 0.4007, logits_real -0.0156, logits_fake -0.0137,
Train Epoch: [16/30] Iters:[260/1093] gen_loss 0.2278, rec_loss 0.0110, lpips_loss 0.1330, g_loss 0.0137, disc_weight 0.4000, disc_adaptive_weight 6.1523, d_loss 0.4008, logits_real -0.0159, logits_fake -0.0136,
Train Epoch: [16/30] Iters:[270/1093] gen_loss 0.2272, rec_loss 0.0110, lpips_loss 0.1327, g_loss 0.0138, disc_weight 0.4000, disc_adaptive_weight 6.0728, d_loss 0.4007, logits_real -0.0160, logits_fake -0.0140,
Train Epoch: [16/30] Iters:[280/1093] gen_loss 0.2286, rec_loss 0.0109, lpips_loss 0.1323, g_loss 0.0141, disc_weight 0.4000, disc_adaptive_weight 6.1069, d_loss 0.4007, logits_real -0.0163, logits_fake -0.0144,
Train Epoch: [16/30] Iters:[290/1093] gen_loss 0.2255, rec_loss 0.0108, lpips_loss 0.1318, g_loss 0.0143, disc_weight 0.4000, disc_adaptive_weight 5.8004, d_loss 0.4007, logits_real -0.0163, logits_fake -0.0147,
Train Epoch: [16/30] Iters:[300/1093] gen_loss 0.2322, rec_loss 0.0109, lpips_loss 0.1318, g_loss 0.0145, disc_weight 0.4000, disc_adaptive_weight 6.2078, d_loss 0.4006, logits_real -0.0163, logits_fake -0.0148,
Train Epoch: [16/30] Iters:[310/1093] gen_loss 0.2256, rec_loss 0.0109, lpips_loss 0.1317, g_loss 0.0146, disc_weight 0.4000, disc_adaptive_weight 5.7055, d_loss 0.4006, logits_real -0.0162, logits_fake -0.0148,
Train Epoch: [16/30] Iters:[320/1093] gen_loss 0.2273, rec_loss 0.0109, lpips_loss 0.1320, g_loss 0.0146, disc_weight 0.4000, disc_adaptive_weight 5.7791, d_loss 0.4006, logits_real -0.0163, logits_fake -0.0148,
Train Epoch: [16/30] Iters:[330/1093] gen_loss 0.2259, rec_loss 0.0112, lpips_loss 0.1327, g_loss 0.0143, disc_weight 0.4000, disc_adaptive_weight 5.7473, d_loss 0.4007, logits_real -0.0162, logits_fake -0.0146,
Train Epoch: [16/30] Iters:[340/1093] gen_loss 0.2275, rec_loss 0.0112, lpips_loss 0.1326, g_loss 0.0142, disc_weight 0.4000, disc_adaptive_weight 5.9160, d_loss 0.4007, logits_real -0.0161, logits_fake -0.0144,
Train Epoch: [16/30] Iters:[350/1093] gen_loss 0.2259, rec_loss 0.0113, lpips_loss 0.1328, g_loss 0.0141, disc_weight 0.4000, disc_adaptive_weight 5.8316, d_loss 0.4006, logits_real -0.0158, logits_fake -0.0144,
Train Epoch: [16/30] Iters:[360/1093] gen_loss 0.2242, rec_loss 0.0111, lpips_loss 0.1325, g_loss 0.0140, disc_weight 0.4000, disc_adaptive_weight 5.7787, d_loss 0.4006, logits_real -0.0159, logits_fake -0.0144,
Train Epoch: [16/30] Iters:[370/1093] gen_loss 0.2209, rec_loss 0.0111, lpips_loss 0.1323, g_loss 0.0141, disc_weight 0.4000, disc_adaptive_weight 5.5538, d_loss 0.4007, logits_real -0.0160, logits_fake -0.0143,
Train Epoch: [16/30] Iters:[380/1093] gen_loss 0.2245, rec_loss 0.0109, lpips_loss 0.1318, g_loss 0.0141, disc_weight 0.4000, disc_adaptive_weight 5.8317, d_loss 0.4006, logits_real -0.0159, logits_fake -0.0143,
Train Epoch: [16/30] Iters:[390/1093] gen_loss 0.2223, rec_loss 0.0109, lpips_loss 0.1320, g_loss 0.0141, disc_weight 0.4000, disc_adaptive_weight 5.6744, d_loss 0.4006, logits_real -0.0158, logits_fake -0.0143,
Train Epoch: [16/30] Iters:[400/1093] gen_loss 0.2192, rec_loss 0.0108, lpips_loss 0.1322, g_loss 0.0140, disc_weight 0.4000, disc_adaptive_weight 5.5276, d_loss 0.4007, logits_real -0.0157, logits_fake -0.0140,
Train Epoch: [16/30] Iters:[410/1093] gen_loss 0.2223, rec_loss 0.0108, lpips_loss 0.1321, g_loss 0.0138, disc_weight 0.4000, disc_adaptive_weight 5.8413, d_loss 0.4007, logits_real -0.0155, logits_fake -0.0137,
Train Epoch: [16/30] Iters:[420/1093] gen_loss 0.2272, rec_loss 0.0108, lpips_loss 0.1323, g_loss 0.0134, disc_weight 0.4000, disc_adaptive_weight 6.2930, d_loss 0.4007, logits_real -0.0149, logits_fake -0.0133,
Train Epoch: [16/30] Iters:[430/1093] gen_loss 0.2229, rec_loss 0.0109, lpips_loss 0.1326, g_loss 0.0133, disc_weight 0.4000, disc_adaptive_weight 6.0196, d_loss 0.4007, logits_real -0.0149, logits_fake -0.0132,
Train Epoch: [16/30] Iters:[440/1093] gen_loss 0.2246, rec_loss 0.0109, lpips_loss 0.1330, g_loss 0.0131, disc_weight 0.4000, disc_adaptive_weight 6.1934, d_loss 0.4007, logits_real -0.0149, logits_fake -0.0130,
Train Epoch: [16/30] Iters:[450/1093] gen_loss 0.2221, rec_loss 0.0109, lpips_loss 0.1324, g_loss 0.0132, disc_weight 0.4000, disc_adaptive_weight 5.9508, d_loss 0.4007, logits_real -0.0150, logits_fake -0.0131,
Train Epoch: [16/30] Iters:[460/1093] gen_loss 0.2203, rec_loss 0.0109, lpips_loss 0.1329, g_loss 0.0137, disc_weight 0.4000, disc_adaptive_weight 5.6008, d_loss 0.4007, logits_real -0.0153, logits_fake -0.0133,
Train Epoch: [16/30] Iters:[470/1093] gen_loss 0.2216, rec_loss 0.0109, lpips_loss 0.1329, g_loss 0.0140, disc_weight 0.4000, disc_adaptive_weight 5.5614, d_loss 0.4007, logits_real -0.0157, logits_fake -0.0137,
Train Epoch: [16/30] Iters:[480/1093] gen_loss 0.2226, rec_loss 0.0110, lpips_loss 0.1328, g_loss 0.0142, disc_weight 0.4000, disc_adaptive_weight 5.5509, d_loss 0.4007, logits_real -0.0158, logits_fake -0.0139,
Train Epoch: [16/30] Iters:[490/1093] gen_loss 0.2238, rec_loss 0.0110, lpips_loss 0.1321, g_loss 0.0144, disc_weight 0.4000, disc_adaptive_weight 5.6134, d_loss 0.4007, logits_real -0.0159, logits_fake -0.0140,
Train Epoch: [16/30] Iters:[500/1093] gen_loss 0.2257, rec_loss 0.0109, lpips_loss 0.1324, g_loss 0.0143, disc_weight 0.4000, disc_adaptive_weight 5.7642, d_loss 0.4007, logits_real -0.0159, logits_fake -0.0140,
Train Epoch: [16/30] Iters:[510/1093] gen_loss 0.2267, rec_loss 0.0109, lpips_loss 0.1320, g_loss 0.0139, disc_weight 0.4000, disc_adaptive_weight 6.0055, d_loss 0.4007, logits_real -0.0159, logits_fake -0.0140,
Train Epoch: [16/30] Iters:[520/1093] gen_loss 0.2246, rec_loss 0.0110, lpips_loss 0.1323, g_loss 0.0140, disc_weight 0.4000, disc_adaptive_weight 5.8217, d_loss 0.4007, logits_real -0.0160, logits_fake -0.0140,
Train Epoch: [16/30] Iters:[530/1093] gen_loss 0.2281, rec_loss 0.0108, lpips_loss 0.1322, g_loss 0.0144, disc_weight 0.4000, disc_adaptive_weight 5.9408, d_loss 0.4007, logits_real -0.0165, logits_fake -0.0145,
Train Epoch: [16/30] Iters:[540/1093] gen_loss 0.2310, rec_loss 0.0108, lpips_loss 0.1325, g_loss 0.0148, disc_weight 0.4000, disc_adaptive_weight 5.9439, d_loss 0.4007, logits_real -0.0168, logits_fake -0.0149,
Train Epoch: [16/30] Iters:[550/1093] gen_loss 0.2370, rec_loss 0.0109, lpips_loss 0.1323, g_loss 0.0153, disc_weight 0.4000, disc_adaptive_weight 6.1336, d_loss 0.4007, logits_real -0.0173, logits_fake -0.0153,
Train Epoch: [16/30] Iters:[560/1093] gen_loss 0.2394, rec_loss 0.0110, lpips_loss 0.1328, g_loss 0.0158, disc_weight 0.4000, disc_adaptive_weight 6.0437, d_loss 0.4007, logits_real -0.0178, logits_fake -0.0158,
Train Epoch: [16/30] Iters:[570/1093] gen_loss 0.2393, rec_loss 0.0110, lpips_loss 0.1323, g_loss 0.0160, disc_weight 0.4000, disc_adaptive_weight 6.0012, d_loss 0.4007, logits_real -0.0179, logits_fake -0.0161,
Train Epoch: [16/30] Iters:[580/1093] gen_loss 0.2370, rec_loss 0.0110, lpips_loss 0.1320, g_loss 0.0159, disc_weight 0.4000, disc_adaptive_weight 5.9041, d_loss 0.4007, logits_real -0.0177, logits_fake -0.0159,
Train Epoch: [16/30] Iters:[590/1093] gen_loss 0.2352, rec_loss 0.0110, lpips_loss 0.1320, g_loss 0.0158, disc_weight 0.4000, disc_adaptive_weight 5.8189, d_loss 0.4007, logits_real -0.0175, logits_fake -0.0158,
Train Epoch: [16/30] Iters:[600/1093] gen_loss 0.2300, rec_loss 0.0110, lpips_loss 0.1322, g_loss 0.0154, disc_weight 0.4000, disc_adaptive_weight 5.6154, d_loss 0.4006, logits_real -0.0173, logits_fake -0.0158,
Train Epoch: [16/30] Iters:[610/1093] gen_loss 0.2334, rec_loss 0.0110, lpips_loss 0.1323, g_loss 0.0154, disc_weight 0.4000, disc_adaptive_weight 5.8392, d_loss 0.4007, logits_real -0.0170, logits_fake -0.0153,
Train Epoch: [16/30] Iters:[620/1093] gen_loss 0.2375, rec_loss 0.0110, lpips_loss 0.1328, g_loss 0.0155, disc_weight 0.4000, disc_adaptive_weight 5.9970, d_loss 0.4007, logits_real -0.0171, logits_fake -0.0152,
Train Epoch: [16/30] Iters:[630/1093] gen_loss 0.2420, rec_loss 0.0111, lpips_loss 0.1329, g_loss 0.0162, disc_weight 0.4000, disc_adaptive_weight 6.0462, d_loss 0.4007, logits_real -0.0175, logits_fake -0.0156,
Train Epoch: [16/30] Iters:[640/1093] gen_loss 0.2457, rec_loss 0.0110, lpips_loss 0.1329, g_loss 0.0169, disc_weight 0.4000, disc_adaptive_weight 6.0161, d_loss 0.4008, logits_real -0.0184, logits_fake -0.0163,
Train Epoch: [16/30] Iters:[650/1093] gen_loss 0.2549, rec_loss 0.0111, lpips_loss 0.1328, g_loss 0.0178, disc_weight 0.4000, disc_adaptive_weight 6.2716, d_loss 0.4008, logits_real -0.0190, logits_fake -0.0169,
Train Epoch: [16/30] Iters:[660/1093] gen_loss 0.2552, rec_loss 0.0109, lpips_loss 0.1322, g_loss 0.0180, disc_weight 0.4000, disc_adaptive_weight 6.2564, d_loss 0.4007, logits_real -0.0194, logits_fake -0.0175,
Train Epoch: [16/30] Iters:[670/1093] gen_loss 0.2513, rec_loss 0.0108, lpips_loss 0.1316, g_loss 0.0182, disc_weight 0.4000, disc_adaptive_weight 6.0060, d_loss 0.4007, logits_real -0.0196, logits_fake -0.0179,
Train Epoch: [16/30] Iters:[680/1093] gen_loss 0.2574, rec_loss 0.0108, lpips_loss 0.1319, g_loss 0.0182, disc_weight 0.4000, disc_adaptive_weight 6.3369, d_loss 0.4007, logits_real -0.0198, logits_fake -0.0181,
Train Epoch: [16/30] Iters:[690/1093] gen_loss 0.2570, rec_loss 0.0109, lpips_loss 0.1318, g_loss 0.0180, disc_weight 0.4000, disc_adaptive_weight 6.3812, d_loss 0.4006, logits_real -0.0196, logits_fake -0.0179,
Train Epoch: [16/30] Iters:[700/1093] gen_loss 0.2526, rec_loss 0.0108, lpips_loss 0.1319, g_loss 0.0178, disc_weight 0.4000, disc_adaptive_weight 6.1948, d_loss 0.4007, logits_real -0.0196, logits_fake -0.0179,
Train Epoch: [16/30] Iters:[710/1093] gen_loss 0.2545, rec_loss 0.0109, lpips_loss 0.1320, g_loss 0.0180, disc_weight 0.4000, disc_adaptive_weight 6.1646, d_loss 0.4006, logits_real -0.0199, logits_fake -0.0183,
Train Epoch: [16/30] Iters:[720/1093] gen_loss 0.2609, rec_loss 0.0110, lpips_loss 0.1322, g_loss 0.0181, disc_weight 0.4000, disc_adaptive_weight 6.4793, d_loss 0.4007, logits_real -0.0201, logits_fake -0.0184,
Train Epoch: [16/30] Iters:[730/1093] gen_loss 0.2545, rec_loss 0.0109, lpips_loss 0.1318, g_loss 0.0181, disc_weight 0.4000, disc_adaptive_weight 6.1741, d_loss 0.4006, logits_real -0.0198, logits_fake -0.0183,
Train Epoch: [16/30] Iters:[740/1093] gen_loss 0.2577, rec_loss 0.0111, lpips_loss 0.1322, g_loss 0.0177, disc_weight 0.4000, disc_adaptive_weight 6.4642, d_loss 0.4007, logits_real -0.0195, logits_fake -0.0179,
Train Epoch: [16/30] Iters:[750/1093] gen_loss 0.2561, rec_loss 0.0112, lpips_loss 0.1324, g_loss 0.0176, disc_weight 0.4000, disc_adaptive_weight 6.3900, d_loss 0.4007, logits_real -0.0193, logits_fake -0.0177,
Train Epoch: [16/30] Iters:[760/1093] gen_loss 0.2586, rec_loss 0.0111, lpips_loss 0.1323, g_loss 0.0179, disc_weight 0.4000, disc_adaptive_weight 6.4467, d_loss 0.4007, logits_real -0.0193, logits_fake -0.0177,
Train Epoch: [16/30] Iters:[770/1093] gen_loss 0.2589, rec_loss 0.0111, lpips_loss 0.1322, g_loss 0.0179, disc_weight 0.4000, disc_adaptive_weight 6.4756, d_loss 0.4006, logits_real -0.0192, logits_fake -0.0176,
Train Epoch: [16/30] Iters:[780/1093] gen_loss 0.2559, rec_loss 0.0111, lpips_loss 0.1324, g_loss 0.0176, disc_weight 0.4000, disc_adaptive_weight 6.3923, d_loss 0.4007, logits_real -0.0191, logits_fake -0.0174,
Train Epoch: [16/30] Iters:[790/1093] gen_loss 0.2566, rec_loss 0.0110, lpips_loss 0.1328, g_loss 0.0178, disc_weight 0.4000, disc_adaptive_weight 6.3250, d_loss 0.4007, logits_real -0.0194, logits_fake -0.0177,
Train Epoch: [16/30] Iters:[800/1093] gen_loss 0.2541, rec_loss 0.0110, lpips_loss 0.1325, g_loss 0.0180, disc_weight 0.4000, disc_adaptive_weight 6.1579, d_loss 0.4007, logits_real -0.0195, logits_fake -0.0177,
Train Epoch: [16/30] Iters:[810/1093] gen_loss 0.2490, rec_loss 0.0109, lpips_loss 0.1325, g_loss 0.0176, disc_weight 0.4000, disc_adaptive_weight 6.0026, d_loss 0.4007, logits_real -0.0195, logits_fake -0.0176,
Train Epoch: [16/30] Iters:[820/1093] gen_loss 0.2513, rec_loss 0.0110, lpips_loss 0.1332, g_loss 0.0177, disc_weight 0.4000, disc_adaptive_weight 6.0505, d_loss 0.4007, logits_real -0.0195, logits_fake -0.0177,
Train Epoch: [16/30] Iters:[830/1093] gen_loss 0.2508, rec_loss 0.0110, lpips_loss 0.1332, g_loss 0.0177, disc_weight 0.4000, disc_adaptive_weight 6.0206, d_loss 0.4007, logits_real -0.0195, logits_fake -0.0177,
Train Epoch: [16/30] Iters:[840/1093] gen_loss 0.2440, rec_loss 0.0109, lpips_loss 0.1322, g_loss 0.0176, disc_weight 0.4000, disc_adaptive_weight 5.7269, d_loss 0.4007, logits_real -0.0193, logits_fake -0.0174,
Train Epoch: [16/30] Iters:[850/1093] gen_loss 0.2447, rec_loss 0.0109, lpips_loss 0.1324, g_loss 0.0173, disc_weight 0.4000, disc_adaptive_weight 5.8338, d_loss 0.4007, logits_real -0.0190, logits_fake -0.0172,
Train Epoch: [16/30] Iters:[860/1093] gen_loss 0.2444, rec_loss 0.0109, lpips_loss 0.1320, g_loss 0.0169, disc_weight 0.4000, disc_adaptive_weight 5.9691, d_loss 0.4007, logits_real -0.0186, logits_fake -0.0167,
Train Epoch: [16/30] Iters:[870/1093] gen_loss 0.2333, rec_loss 0.0110, lpips_loss 0.1322, g_loss 0.0165, disc_weight 0.4000, disc_adaptive_weight 5.4743, d_loss 0.4007, logits_real -0.0182, logits_fake -0.0164,
Train Epoch: [16/30] Iters:[880/1093] gen_loss 0.2408, rec_loss 0.0111, lpips_loss 0.1324, g_loss 0.0165, disc_weight 0.4000, disc_adaptive_weight 5.9030, d_loss 0.4007, logits_real -0.0181, logits_fake -0.0163,
Train Epoch: [16/30] Iters:[890/1093] gen_loss 0.2442, rec_loss 0.0111, lpips_loss 0.1328, g_loss 0.0166, disc_weight 0.4000, disc_adaptive_weight 6.0647, d_loss 0.4006, logits_real -0.0181, logits_fake -0.0165,
Train Epoch: [16/30] Iters:[900/1093] gen_loss 0.2488, rec_loss 0.0111, lpips_loss 0.1330, g_loss 0.0167, disc_weight 0.4000, disc_adaptive_weight 6.2741, d_loss 0.4006, logits_real -0.0182, logits_fake -0.0166,
Train Epoch: [16/30] Iters:[910/1093] gen_loss 0.2448, rec_loss 0.0111, lpips_loss 0.1333, g_loss 0.0168, disc_weight 0.4000, disc_adaptive_weight 5.9579, d_loss 0.4007, logits_real -0.0186, logits_fake -0.0168,
Train Epoch: [16/30] Iters:[920/1093] gen_loss 0.2465, rec_loss 0.0109, lpips_loss 0.1326, g_loss 0.0170, disc_weight 0.4000, disc_adaptive_weight 6.0520, d_loss 0.4007, logits_real -0.0186, logits_fake -0.0168,
Train Epoch: [16/30] Iters:[930/1093] gen_loss 0.2410, rec_loss 0.0109, lpips_loss 0.1329, g_loss 0.0169, disc_weight 0.4000, disc_adaptive_weight 5.7422, d_loss 0.4007, logits_real -0.0185, logits_fake -0.0166,
Train Epoch: [16/30] Iters:[940/1093] gen_loss 0.2415, rec_loss 0.0109, lpips_loss 0.1330, g_loss 0.0167, disc_weight 0.4000, disc_adaptive_weight 5.8363, d_loss 0.4007, logits_real -0.0184, logits_fake -0.0165,
Train Epoch: [16/30] Iters:[950/1093] gen_loss 0.2368, rec_loss 0.0109, lpips_loss 0.1324, g_loss 0.0165, disc_weight 0.4000, disc_adaptive_weight 5.6876, d_loss 0.4007, logits_real -0.0181, logits_fake -0.0163,
Train Epoch: [16/30] Iters:[960/1093] gen_loss 0.2351, rec_loss 0.0110, lpips_loss 0.1324, g_loss 0.0160, disc_weight 0.4000, disc_adaptive_weight 5.7090, d_loss 0.4006, logits_real -0.0176, logits_fake -0.0159,
Train Epoch: [16/30] Iters:[970/1093] gen_loss 0.2344, rec_loss 0.0110, lpips_loss 0.1324, g_loss 0.0155, disc_weight 0.4000, disc_adaptive_weight 5.8369, d_loss 0.4006, logits_real -0.0171, logits_fake -0.0155,
Train Epoch: [16/30] Iters:[980/1093] gen_loss 0.2293, rec_loss 0.0109, lpips_loss 0.1316, g_loss 0.0152, disc_weight 0.4000, disc_adaptive_weight 5.6781, d_loss 0.4006, logits_real -0.0168, logits_fake -0.0152,
Train Epoch: [16/30] Iters:[990/1093] gen_loss 0.2255, rec_loss 0.0110, lpips_loss 0.1316, g_loss 0.0149, disc_weight 0.4000, disc_adaptive_weight 5.5628, d_loss 0.4006, logits_real -0.0163, logits_fake -0.0149,
Train Epoch: [16/30] Iters:[1000/1093] gen_loss 0.2241, rec_loss 0.0110, lpips_loss 0.1318, g_loss 0.0149, disc_weight 0.4000, disc_adaptive_weight 5.4831, d_loss 0.4006, logits_real -0.0163, logits_fake -0.0147,
Train Epoch: [16/30] Iters:[1010/1093] gen_loss 0.2298, rec_loss 0.0111, lpips_loss 0.1319, g_loss 0.0152, disc_weight 0.4000, disc_adaptive_weight 5.7004, d_loss 0.4006, logits_real -0.0166, logits_fake -0.0152,
Train Epoch: [16/30] Iters:[1020/1093] gen_loss 0.2334, rec_loss 0.0110, lpips_loss 0.1322, g_loss 0.0158, disc_weight 0.4000, disc_adaptive_weight 5.7145, d_loss 0.4006, logits_real -0.0173, logits_fake -0.0157,
Train Epoch: [16/30] Iters:[1030/1093] gen_loss 0.2414, rec_loss 0.0113, lpips_loss 0.1327, g_loss 0.0161, disc_weight 0.4000, disc_adaptive_weight 6.0157, d_loss 0.4006, logits_real -0.0174, logits_fake -0.0160,
Train Epoch: [16/30] Iters:[1040/1093] gen_loss 0.2424, rec_loss 0.0112, lpips_loss 0.1327, g_loss 0.0164, disc_weight 0.4000, disc_adaptive_weight 5.9676, d_loss 0.4007, logits_real -0.0177, logits_fake -0.0160,
Train Epoch: [16/30] Iters:[1050/1093] gen_loss 0.2422, rec_loss 0.0111, lpips_loss 0.1327, g_loss 0.0164, disc_weight 0.4000, disc_adaptive_weight 5.9548, d_loss 0.4007, logits_real -0.0179, logits_fake -0.0161,
Train Epoch: [16/30] Iters:[1060/1093] gen_loss 0.2414, rec_loss 0.0112, lpips_loss 0.1329, g_loss 0.0161, disc_weight 0.4000, disc_adaptive_weight 5.9728, d_loss 0.4007, logits_real -0.0176, logits_fake -0.0159,
Train Epoch: [16/30] Iters:[1070/1093] gen_loss 0.2384, rec_loss 0.0112, lpips_loss 0.1326, g_loss 0.0156, disc_weight 0.4000, disc_adaptive_weight 5.9907, d_loss 0.4007, logits_real -0.0172, logits_fake -0.0154,
Train Epoch: [16/30] Iters:[1080/1093] gen_loss 0.2322, rec_loss 0.0111, lpips_loss 0.1324, g_loss 0.0154, disc_weight 0.4000, disc_adaptive_weight 5.7369, d_loss 0.4007, logits_real -0.0171, logits_fake -0.0153,
Train Epoch: [16/30] Iters:[1090/1093] gen_loss 0.2311, rec_loss 0.0110, lpips_loss 0.1323, g_loss 0.0153, disc_weight 0.4000, disc_adaptive_weight 5.7257, d_loss 0.4007, logits_real -0.0170, logits_fake -0.0153,
epoch:17, cur_lr:0.000010
Train Epoch: [17/30] Iters:[10/1093] gen_loss 0.2426, rec_loss 0.0110, lpips_loss 0.1324, g_loss 0.0153, disc_weight 0.4000, disc_adaptive_weight 6.5528, d_loss 0.4006, logits_real -0.0170, logits_fake -0.0152,
Train Epoch: [17/30] Iters:[20/1093] gen_loss 0.2377, rec_loss 0.0108, lpips_loss 0.1314, g_loss 0.0156, disc_weight 0.4000, disc_adaptive_weight 6.1768, d_loss 0.4006, logits_real -0.0173, logits_fake -0.0156,
Train Epoch: [17/30] Iters:[30/1093] gen_loss 0.2331, rec_loss 0.0109, lpips_loss 0.1320, g_loss 0.0154, disc_weight 0.4000, disc_adaptive_weight 5.8679, d_loss 0.4007, logits_real -0.0177, logits_fake -0.0159,
Train Epoch: [17/30] Iters:[40/1093] gen_loss 0.2461, rec_loss 0.0109, lpips_loss 0.1321, g_loss 0.0155, disc_weight 0.4000, disc_adaptive_weight 6.6639, d_loss 0.4007, logits_real -0.0179, logits_fake -0.0161,
Train Epoch: [17/30] Iters:[50/1093] gen_loss 0.2516, rec_loss 0.0110, lpips_loss 0.1321, g_loss 0.0155, disc_weight 0.4000, disc_adaptive_weight 7.0034, d_loss 0.4007, logits_real -0.0178, logits_fake -0.0160,
Train Epoch: [17/30] Iters:[60/1093] gen_loss 0.2523, rec_loss 0.0111, lpips_loss 0.1323, g_loss 0.0156, disc_weight 0.4000, disc_adaptive_weight 6.9929, d_loss 0.4007, logits_real -0.0178, logits_fake -0.0160,
Train Epoch: [17/30] Iters:[70/1093] gen_loss 0.2564, rec_loss 0.0111, lpips_loss 0.1330, g_loss 0.0154, disc_weight 0.4000, disc_adaptive_weight 7.3070, d_loss 0.4007, logits_real -0.0175, logits_fake -0.0156,
Train Epoch: [17/30] Iters:[80/1093] gen_loss 0.2643, rec_loss 0.0111, lpips_loss 0.1332, g_loss 0.0152, disc_weight 0.4000, disc_adaptive_weight 7.9281, d_loss 0.4007, logits_real -0.0170, logits_fake -0.0151,
Train Epoch: [17/30] Iters:[90/1093] gen_loss 0.2545, rec_loss 0.0111, lpips_loss 0.1331, g_loss 0.0150, disc_weight 0.4000, disc_adaptive_weight 7.3992, d_loss 0.4007, logits_real -0.0167, logits_fake -0.0146,
Train Epoch: [17/30] Iters:[100/1093] gen_loss 0.2457, rec_loss 0.0112, lpips_loss 0.1334, g_loss 0.0147, disc_weight 0.4000, disc_adaptive_weight 6.9178, d_loss 0.4007, logits_real -0.0164, logits_fake -0.0144,
Train Epoch: [17/30] Iters:[110/1093] gen_loss 0.2409, rec_loss 0.0111, lpips_loss 0.1331, g_loss 0.0145, disc_weight 0.4000, disc_adaptive_weight 6.6892, d_loss 0.4007, logits_real -0.0162, logits_fake -0.0143,
Train Epoch: [17/30] Iters:[120/1093] gen_loss 0.2348, rec_loss 0.0111, lpips_loss 0.1329, g_loss 0.0146, disc_weight 0.4000, disc_adaptive_weight 6.2556, d_loss 0.4007, logits_real -0.0163, logits_fake -0.0146,
Train Epoch: [17/30] Iters:[130/1093] gen_loss 0.2301, rec_loss 0.0110, lpips_loss 0.1324, g_loss 0.0149, disc_weight 0.4000, disc_adaptive_weight 5.8253, d_loss 0.4006, logits_real -0.0165, logits_fake -0.0148,
Train Epoch: [17/30] Iters:[140/1093] gen_loss 0.2295, rec_loss 0.0110, lpips_loss 0.1324, g_loss 0.0151, disc_weight 0.4000, disc_adaptive_weight 5.7025, d_loss 0.4006, logits_real -0.0164, logits_fake -0.0149,
Train Epoch: [17/30] Iters:[150/1093] gen_loss 0.2269, rec_loss 0.0109, lpips_loss 0.1323, g_loss 0.0152, disc_weight 0.4000, disc_adaptive_weight 5.5293, d_loss 0.4006, logits_real -0.0163, logits_fake -0.0149,
Train Epoch: [17/30] Iters:[160/1093] gen_loss 0.2277, rec_loss 0.0110, lpips_loss 0.1324, g_loss 0.0151, disc_weight 0.4000, disc_adaptive_weight 5.6106, d_loss 0.4006, logits_real -0.0163, logits_fake -0.0147,
Train Epoch: [17/30] Iters:[170/1093] gen_loss 0.2275, rec_loss 0.0110, lpips_loss 0.1323, g_loss 0.0150, disc_weight 0.4000, disc_adaptive_weight 5.6117, d_loss 0.4006, logits_real -0.0163, logits_fake -0.0148,
Train Epoch: [17/30] Iters:[180/1093] gen_loss 0.2239, rec_loss 0.0110, lpips_loss 0.1322, g_loss 0.0147, disc_weight 0.4000, disc_adaptive_weight 5.5202, d_loss 0.4006, logits_real -0.0161, logits_fake -0.0147,
Train Epoch: [17/30] Iters:[190/1093] gen_loss 0.2225, rec_loss 0.0110, lpips_loss 0.1322, g_loss 0.0147, disc_weight 0.4000, disc_adaptive_weight 5.4190, d_loss 0.4005, logits_real -0.0159, logits_fake -0.0147,
Train Epoch: [17/30] Iters:[200/1093] gen_loss 0.2258, rec_loss 0.0110, lpips_loss 0.1322, g_loss 0.0150, disc_weight 0.4000, disc_adaptive_weight 5.5211, d_loss 0.4006, logits_real -0.0163, logits_fake -0.0150,
Train Epoch: [17/30] Iters:[210/1093] gen_loss 0.2343, rec_loss 0.0109, lpips_loss 0.1318, g_loss 0.0153, disc_weight 0.4000, disc_adaptive_weight 5.9970, d_loss 0.4006, logits_real -0.0164, logits_fake -0.0152,
Train Epoch: [17/30] Iters:[220/1093] gen_loss 0.2354, rec_loss 0.0109, lpips_loss 0.1318, g_loss 0.0154, disc_weight 0.4000, disc_adaptive_weight 6.0307, d_loss 0.4006, logits_real -0.0167, logits_fake -0.0153,
Train Epoch: [17/30] Iters:[230/1093] gen_loss 0.2382, rec_loss 0.0110, lpips_loss 0.1323, g_loss 0.0156, disc_weight 0.4000, disc_adaptive_weight 6.0883, d_loss 0.4007, logits_real -0.0171, logits_fake -0.0153,
Train Epoch: [17/30] Iters:[240/1093] gen_loss 0.2399, rec_loss 0.0110, lpips_loss 0.1327, g_loss 0.0158, disc_weight 0.4000, disc_adaptive_weight 6.0775, d_loss 0.4007, logits_real -0.0175, logits_fake -0.0156,
Train Epoch: [17/30] Iters:[250/1093] gen_loss 0.2402, rec_loss 0.0110, lpips_loss 0.1320, g_loss 0.0158, disc_weight 0.4000, disc_adaptive_weight 6.1543, d_loss 0.4006, logits_real -0.0174, logits_fake -0.0158,
Train Epoch: [17/30] Iters:[260/1093] gen_loss 0.2337, rec_loss 0.0109, lpips_loss 0.1323, g_loss 0.0158, disc_weight 0.4000, disc_adaptive_weight 5.7257, d_loss 0.4006, logits_real -0.0175, logits_fake -0.0160,
Train Epoch: [17/30] Iters:[270/1093] gen_loss 0.2325, rec_loss 0.0109, lpips_loss 0.1320, g_loss 0.0156, disc_weight 0.4000, disc_adaptive_weight 5.7425, d_loss 0.4006, logits_real -0.0173, logits_fake -0.0160,
Train Epoch: [17/30] Iters:[280/1093] gen_loss 0.2325, rec_loss 0.0108, lpips_loss 0.1314, g_loss 0.0156, disc_weight 0.4000, disc_adaptive_weight 5.8058, d_loss 0.4006, logits_real -0.0174, logits_fake -0.0160,
Train Epoch: [17/30] Iters:[290/1093] gen_loss 0.2325, rec_loss 0.0108, lpips_loss 0.1307, g_loss 0.0154, disc_weight 0.4000, disc_adaptive_weight 5.9178, d_loss 0.4006, logits_real -0.0175, logits_fake -0.0162,
Train Epoch: [17/30] Iters:[300/1093] gen_loss 0.2341, rec_loss 0.0109, lpips_loss 0.1316, g_loss 0.0156, disc_weight 0.4000, disc_adaptive_weight 5.8716, d_loss 0.4007, logits_real -0.0180, logits_fake -0.0162,
Train Epoch: [17/30] Iters:[310/1093] gen_loss 0.2336, rec_loss 0.0109, lpips_loss 0.1317, g_loss 0.0159, disc_weight 0.4000, disc_adaptive_weight 5.7448, d_loss 0.4007, logits_real -0.0182, logits_fake -0.0162,
Train Epoch: [17/30] Iters:[320/1093] gen_loss 0.2353, rec_loss 0.0110, lpips_loss 0.1324, g_loss 0.0161, disc_weight 0.4000, disc_adaptive_weight 5.7358, d_loss 0.4008, logits_real -0.0183, logits_fake -0.0161,
Train Epoch: [17/30] Iters:[330/1093] gen_loss 0.2319, rec_loss 0.0110, lpips_loss 0.1324, g_loss 0.0162, disc_weight 0.4000, disc_adaptive_weight 5.4807, d_loss 0.4007, logits_real -0.0182, logits_fake -0.0162,
Train Epoch: [17/30] Iters:[340/1093] gen_loss 0.2346, rec_loss 0.0109, lpips_loss 0.1323, g_loss 0.0160, disc_weight 0.4000, disc_adaptive_weight 5.7074, d_loss 0.4007, logits_real -0.0178, logits_fake -0.0159,
Train Epoch: [17/30] Iters:[350/1093] gen_loss 0.2358, rec_loss 0.0110, lpips_loss 0.1323, g_loss 0.0156, disc_weight 0.4000, disc_adaptive_weight 5.9521, d_loss 0.4007, logits_real -0.0173, logits_fake -0.0156,
Train Epoch: [17/30] Iters:[360/1093] gen_loss 0.2367, rec_loss 0.0109, lpips_loss 0.1320, g_loss 0.0153, disc_weight 0.4000, disc_adaptive_weight 6.1368, d_loss 0.4007, logits_real -0.0172, logits_fake -0.0154,
Train Epoch: [17/30] Iters:[370/1093] gen_loss 0.2363, rec_loss 0.0107, lpips_loss 0.1311, g_loss 0.0152, disc_weight 0.4000, disc_adaptive_weight 6.2104, d_loss 0.4006, logits_real -0.0170, logits_fake -0.0153,
Train Epoch: [17/30] Iters:[380/1093] gen_loss 0.2360, rec_loss 0.0107, lpips_loss 0.1314, g_loss 0.0151, disc_weight 0.4000, disc_adaptive_weight 6.2238, d_loss 0.4007, logits_real -0.0170, logits_fake -0.0151,
Train Epoch: [17/30] Iters:[390/1093] gen_loss 0.2345, rec_loss 0.0108, lpips_loss 0.1319, g_loss 0.0151, disc_weight 0.4000, disc_adaptive_weight 6.0822, d_loss 0.4007, logits_real -0.0170, logits_fake -0.0151,
Train Epoch: [17/30] Iters:[400/1093] gen_loss 0.2346, rec_loss 0.0107, lpips_loss 0.1313, g_loss 0.0152, disc_weight 0.4000, disc_adaptive_weight 6.0838, d_loss 0.4007, logits_real -0.0170, logits_fake -0.0151,
Train Epoch: [17/30] Iters:[410/1093] gen_loss 0.2387, rec_loss 0.0108, lpips_loss 0.1317, g_loss 0.0153, disc_weight 0.4000, disc_adaptive_weight 6.2793, d_loss 0.4007, logits_real -0.0170, logits_fake -0.0151,
Train Epoch: [17/30] Iters:[420/1093] gen_loss 0.2406, rec_loss 0.0108, lpips_loss 0.1320, g_loss 0.0154, disc_weight 0.4000, disc_adaptive_weight 6.3065, d_loss 0.4006, logits_real -0.0172, logits_fake -0.0155,
Train Epoch: [17/30] Iters:[430/1093] gen_loss 0.2480, rec_loss 0.0111, lpips_loss 0.1321, g_loss 0.0157, disc_weight 0.4000, disc_adaptive_weight 6.6657, d_loss 0.4006, logits_real -0.0173, logits_fake -0.0158,
Train Epoch: [17/30] Iters:[440/1093] gen_loss 0.2505, rec_loss 0.0111, lpips_loss 0.1325, g_loss 0.0157, disc_weight 0.4000, disc_adaptive_weight 6.7989, d_loss 0.4006, logits_real -0.0174, logits_fake -0.0158,
Train Epoch: [17/30] Iters:[450/1093] gen_loss 0.2507, rec_loss 0.0112, lpips_loss 0.1330, g_loss 0.0156, disc_weight 0.4000, disc_adaptive_weight 6.8565, d_loss 0.4006, logits_real -0.0173, logits_fake -0.0158,
Train Epoch: [17/30] Iters:[460/1093] gen_loss 0.2470, rec_loss 0.0111, lpips_loss 0.1329, g_loss 0.0155, disc_weight 0.4000, disc_adaptive_weight 6.6347, d_loss 0.4006, logits_real -0.0172, logits_fake -0.0158,
Train Epoch: [17/30] Iters:[470/1093] gen_loss 0.2470, rec_loss 0.0112, lpips_loss 0.1329, g_loss 0.0153, disc_weight 0.4000, disc_adaptive_weight 6.7178, d_loss 0.4006, logits_real -0.0170, logits_fake -0.0154,
Train Epoch: [17/30] Iters:[480/1093] gen_loss 0.2399, rec_loss 0.0112, lpips_loss 0.1331, g_loss 0.0151, disc_weight 0.4000, disc_adaptive_weight 6.3440, d_loss 0.4007, logits_real -0.0168, logits_fake -0.0149,
Train Epoch: [17/30] Iters:[490/1093] gen_loss 0.2334, rec_loss 0.0111, lpips_loss 0.1328, g_loss 0.0149, disc_weight 0.4000, disc_adaptive_weight 5.9941, d_loss 0.4007, logits_real -0.0166, logits_fake -0.0148,
Train Epoch: [17/30] Iters:[500/1093] gen_loss 0.2338, rec_loss 0.0110, lpips_loss 0.1324, g_loss 0.0150, disc_weight 0.4000, disc_adaptive_weight 5.9926, d_loss 0.4007, logits_real -0.0166, logits_fake -0.0148,
Train Epoch: [17/30] Iters:[510/1093] gen_loss 0.2337, rec_loss 0.0111, lpips_loss 0.1322, g_loss 0.0149, disc_weight 0.4000, disc_adaptive_weight 6.0366, d_loss 0.4007, logits_real -0.0166, logits_fake -0.0146,
Train Epoch: [17/30] Iters:[520/1093] gen_loss 0.2302, rec_loss 0.0111, lpips_loss 0.1324, g_loss 0.0152, disc_weight 0.4000, disc_adaptive_weight 5.7186, d_loss 0.4007, logits_real -0.0167, logits_fake -0.0148,
Train Epoch: [17/30] Iters:[530/1093] gen_loss 0.2310, rec_loss 0.0109, lpips_loss 0.1318, g_loss 0.0153, disc_weight 0.4000, disc_adaptive_weight 5.7591, d_loss 0.4006, logits_real -0.0168, logits_fake -0.0152,
Train Epoch: [17/30] Iters:[540/1093] gen_loss 0.2346, rec_loss 0.0108, lpips_loss 0.1313, g_loss 0.0156, disc_weight 0.4000, disc_adaptive_weight 5.9230, d_loss 0.4006, logits_real -0.0171, logits_fake -0.0154,
Train Epoch: [17/30] Iters:[550/1093] gen_loss 0.2323, rec_loss 0.0109, lpips_loss 0.1316, g_loss 0.0158, disc_weight 0.4000, disc_adaptive_weight 5.6962, d_loss 0.4006, logits_real -0.0173, logits_fake -0.0156,
Train Epoch: [17/30] Iters:[560/1093] gen_loss 0.2347, rec_loss 0.0108, lpips_loss 0.1313, g_loss 0.0159, disc_weight 0.4000, disc_adaptive_weight 5.8032, d_loss 0.4007, logits_real -0.0176, logits_fake -0.0158,
Train Epoch: [17/30] Iters:[570/1093] gen_loss 0.2409, rec_loss 0.0110, lpips_loss 0.1315, g_loss 0.0158, disc_weight 0.4000, disc_adaptive_weight 6.2426, d_loss 0.4006, logits_real -0.0174, logits_fake -0.0157,
Train Epoch: [17/30] Iters:[580/1093] gen_loss 0.2412, rec_loss 0.0110, lpips_loss 0.1320, g_loss 0.0156, disc_weight 0.4000, disc_adaptive_weight 6.2997, d_loss 0.4007, logits_real -0.0174, logits_fake -0.0154,
Train Epoch: [17/30] Iters:[590/1093] gen_loss 0.2379, rec_loss 0.0111, lpips_loss 0.1325, g_loss 0.0150, disc_weight 0.4000, disc_adaptive_weight 6.2539, d_loss 0.4007, logits_real -0.0170, logits_fake -0.0150,
Train Epoch: [17/30] Iters:[600/1093] gen_loss 0.2329, rec_loss 0.0111, lpips_loss 0.1320, g_loss 0.0146, disc_weight 0.4000, disc_adaptive_weight 6.1075, d_loss 0.4007, logits_real -0.0166, logits_fake -0.0146,
Train Epoch: [17/30] Iters:[610/1093] gen_loss 0.2281, rec_loss 0.0111, lpips_loss 0.1326, g_loss 0.0145, disc_weight 0.4000, disc_adaptive_weight 5.7982, d_loss 0.4007, logits_real -0.0164, logits_fake -0.0145,
Train Epoch: [17/30] Iters:[620/1093] gen_loss 0.2273, rec_loss 0.0110, lpips_loss 0.1324, g_loss 0.0147, disc_weight 0.4000, disc_adaptive_weight 5.7016, d_loss 0.4007, logits_real -0.0165, logits_fake -0.0146,
Train Epoch: [17/30] Iters:[630/1093] gen_loss 0.2278, rec_loss 0.0110, lpips_loss 0.1323, g_loss 0.0151, disc_weight 0.4000, disc_adaptive_weight 5.5967, d_loss 0.4007, logits_real -0.0169, logits_fake -0.0151,
Train Epoch: [17/30] Iters:[640/1093] gen_loss 0.2353, rec_loss 0.0110, lpips_loss 0.1325, g_loss 0.0158, disc_weight 0.4000, disc_adaptive_weight 5.7796, d_loss 0.4006, logits_real -0.0174, logits_fake -0.0157,
Train Epoch: [17/30] Iters:[650/1093] gen_loss 0.2390, rec_loss 0.0110, lpips_loss 0.1329, g_loss 0.0163, disc_weight 0.4000, disc_adaptive_weight 5.8019, d_loss 0.4006, logits_real -0.0179, logits_fake -0.0162,
Train Epoch: [17/30] Iters:[660/1093] gen_loss 0.2413, rec_loss 0.0110, lpips_loss 0.1326, g_loss 0.0165, disc_weight 0.4000, disc_adaptive_weight 5.9099, d_loss 0.4007, logits_real -0.0182, logits_fake -0.0164,
Train Epoch: [17/30] Iters:[670/1093] gen_loss 0.2418, rec_loss 0.0109, lpips_loss 0.1326, g_loss 0.0164, disc_weight 0.4000, disc_adaptive_weight 5.9856, d_loss 0.4007, logits_real -0.0181, logits_fake -0.0163,
Train Epoch: [17/30] Iters:[680/1093] gen_loss 0.2460, rec_loss 0.0109, lpips_loss 0.1329, g_loss 0.0160, disc_weight 0.4000, disc_adaptive_weight 6.3866, d_loss 0.4007, logits_real -0.0177, logits_fake -0.0159,
Train Epoch: [17/30] Iters:[690/1093] gen_loss 0.2418, rec_loss 0.0109, lpips_loss 0.1325, g_loss 0.0156, disc_weight 0.4000, disc_adaptive_weight 6.3386, d_loss 0.4007, logits_real -0.0173, logits_fake -0.0155,
Train Epoch: [17/30] Iters:[700/1093] gen_loss 0.2436, rec_loss 0.0110, lpips_loss 0.1327, g_loss 0.0150, disc_weight 0.4000, disc_adaptive_weight 6.7178, d_loss 0.4007, logits_real -0.0167, logits_fake -0.0149,
Train Epoch: [17/30] Iters:[710/1093] gen_loss 0.2416, rec_loss 0.0112, lpips_loss 0.1335, g_loss 0.0143, disc_weight 0.4000, disc_adaptive_weight 6.7667, d_loss 0.4006, logits_real -0.0160, logits_fake -0.0143,
Train Epoch: [17/30] Iters:[720/1093] gen_loss 0.2362, rec_loss 0.0111, lpips_loss 0.1333, g_loss 0.0141, disc_weight 0.4000, disc_adaptive_weight 6.5104, d_loss 0.4007, logits_real -0.0158, logits_fake -0.0140,
Train Epoch: [17/30] Iters:[730/1093] gen_loss 0.2311, rec_loss 0.0110, lpips_loss 0.1332, g_loss 0.0138, disc_weight 0.4000, disc_adaptive_weight 6.2894, d_loss 0.4007, logits_real -0.0156, logits_fake -0.0138,
Train Epoch: [17/30] Iters:[740/1093] gen_loss 0.2289, rec_loss 0.0110, lpips_loss 0.1336, g_loss 0.0137, disc_weight 0.4000, disc_adaptive_weight 6.1745, d_loss 0.4007, logits_real -0.0154, logits_fake -0.0136,
Train Epoch: [17/30] Iters:[750/1093] gen_loss 0.2278, rec_loss 0.0109, lpips_loss 0.1330, g_loss 0.0138, disc_weight 0.4000, disc_adaptive_weight 6.0535, d_loss 0.4007, logits_real -0.0155, logits_fake -0.0137,
Train Epoch: [17/30] Iters:[760/1093] gen_loss 0.2302, rec_loss 0.0108, lpips_loss 0.1325, g_loss 0.0142, disc_weight 0.4000, disc_adaptive_weight 6.0911, d_loss 0.4006, logits_real -0.0159, logits_fake -0.0142,
Train Epoch: [17/30] Iters:[770/1093] gen_loss 0.2315, rec_loss 0.0109, lpips_loss 0.1326, g_loss 0.0146, disc_weight 0.4000, disc_adaptive_weight 6.0444, d_loss 0.4006, logits_real -0.0162, logits_fake -0.0146,
Train Epoch: [17/30] Iters:[780/1093] gen_loss 0.2354, rec_loss 0.0110, lpips_loss 0.1326, g_loss 0.0152, disc_weight 0.4000, disc_adaptive_weight 6.0618, d_loss 0.4006, logits_real -0.0168, logits_fake -0.0152,
Train Epoch: [17/30] Iters:[790/1093] gen_loss 0.2400, rec_loss 0.0110, lpips_loss 0.1325, g_loss 0.0156, disc_weight 0.4000, disc_adaptive_weight 6.2358, d_loss 0.4006, logits_real -0.0173, logits_fake -0.0155,
Train Epoch: [17/30] Iters:[800/1093] gen_loss 0.2407, rec_loss 0.0111, lpips_loss 0.1328, g_loss 0.0158, disc_weight 0.4000, disc_adaptive_weight 6.1345, d_loss 0.4006, logits_real -0.0175, logits_fake -0.0158,
Train Epoch: [17/30] Iters:[810/1093] gen_loss 0.2384, rec_loss 0.0110, lpips_loss 0.1327, g_loss 0.0158, disc_weight 0.4000, disc_adaptive_weight 6.0222, d_loss 0.4007, logits_real -0.0175, logits_fake -0.0156,
Train Epoch: [17/30] Iters:[820/1093] gen_loss 0.2340, rec_loss 0.0110, lpips_loss 0.1323, g_loss 0.0155, disc_weight 0.4000, disc_adaptive_weight 5.8581, d_loss 0.4007, logits_real -0.0172, logits_fake -0.0153,
Train Epoch: [17/30] Iters:[830/1093] gen_loss 0.2303, rec_loss 0.0110, lpips_loss 0.1321, g_loss 0.0151, disc_weight 0.4000, disc_adaptive_weight 5.7727, d_loss 0.4007, logits_real -0.0167, logits_fake -0.0149,
Train Epoch: [17/30] Iters:[840/1093] gen_loss 0.2283, rec_loss 0.0110, lpips_loss 0.1321, g_loss 0.0148, disc_weight 0.4000, disc_adaptive_weight 5.7371, d_loss 0.4006, logits_real -0.0164, logits_fake -0.0146,
Train Epoch: [17/30] Iters:[850/1093] gen_loss 0.2257, rec_loss 0.0109, lpips_loss 0.1318, g_loss 0.0146, disc_weight 0.4000, disc_adaptive_weight 5.6624, d_loss 0.4007, logits_real -0.0162, logits_fake -0.0145,
Train Epoch: [17/30] Iters:[860/1093] gen_loss 0.2234, rec_loss 0.0109, lpips_loss 0.1321, g_loss 0.0143, disc_weight 0.4000, disc_adaptive_weight 5.5887, d_loss 0.4006, logits_real -0.0158, logits_fake -0.0142,
Train Epoch: [17/30] Iters:[870/1093] gen_loss 0.2249, rec_loss 0.0110, lpips_loss 0.1324, g_loss 0.0140, disc_weight 0.4000, disc_adaptive_weight 5.7785, d_loss 0.4006, logits_real -0.0156, logits_fake -0.0140,
Train Epoch: [17/30] Iters:[880/1093] gen_loss 0.2209, rec_loss 0.0111, lpips_loss 0.1327, g_loss 0.0136, disc_weight 0.4000, disc_adaptive_weight 5.6187, d_loss 0.4006, logits_real -0.0151, logits_fake -0.0135,
Train Epoch: [17/30] Iters:[890/1093] gen_loss 0.2205, rec_loss 0.0109, lpips_loss 0.1324, g_loss 0.0133, disc_weight 0.4000, disc_adaptive_weight 5.7698, d_loss 0.4006, logits_real -0.0148, logits_fake -0.0132,
Train Epoch: [17/30] Iters:[900/1093] gen_loss 0.2239, rec_loss 0.0110, lpips_loss 0.1331, g_loss 0.0132, disc_weight 0.4000, disc_adaptive_weight 6.0289, d_loss 0.4006, logits_real -0.0148, logits_fake -0.0131,
Train Epoch: [17/30] Iters:[910/1093] gen_loss 0.2304, rec_loss 0.0111, lpips_loss 0.1333, g_loss 0.0131, disc_weight 0.4000, disc_adaptive_weight 6.5199, d_loss 0.4006, logits_real -0.0148, logits_fake -0.0132,
Train Epoch: [17/30] Iters:[920/1093] gen_loss 0.2360, rec_loss 0.0112, lpips_loss 0.1337, g_loss 0.0134, disc_weight 0.4000, disc_adaptive_weight 6.7887, d_loss 0.4006, logits_real -0.0151, logits_fake -0.0133,
Train Epoch: [17/30] Iters:[930/1093] gen_loss 0.2449, rec_loss 0.0112, lpips_loss 0.1337, g_loss 0.0139, disc_weight 0.4000, disc_adaptive_weight 7.1984, d_loss 0.4006, logits_real -0.0157, logits_fake -0.0139,
Train Epoch: [17/30] Iters:[940/1093] gen_loss 0.2434, rec_loss 0.0113, lpips_loss 0.1341, g_loss 0.0144, disc_weight 0.4000, disc_adaptive_weight 6.8457, d_loss 0.4007, logits_real -0.0162, logits_fake -0.0145,
Train Epoch: [17/30] Iters:[950/1093] gen_loss 0.2414, rec_loss 0.0112, lpips_loss 0.1338, g_loss 0.0149, disc_weight 0.4000, disc_adaptive_weight 6.5317, d_loss 0.4006, logits_real -0.0166, logits_fake -0.0150,
Train Epoch: [17/30] Iters:[960/1093] gen_loss 0.2367, rec_loss 0.0111, lpips_loss 0.1334, g_loss 0.0152, disc_weight 0.4000, disc_adaptive_weight 6.0614, d_loss 0.4006, logits_real -0.0169, logits_fake -0.0153,
Train Epoch: [17/30] Iters:[970/1093] gen_loss 0.2312, rec_loss 0.0110, lpips_loss 0.1331, g_loss 0.0151, disc_weight 0.4000, disc_adaptive_weight 5.7293, d_loss 0.4006, logits_real -0.0169, logits_fake -0.0154,
Train Epoch: [17/30] Iters:[980/1093] gen_loss 0.2300, rec_loss 0.0110, lpips_loss 0.1327, g_loss 0.0149, disc_weight 0.4000, disc_adaptive_weight 5.7813, d_loss 0.4006, logits_real -0.0168, logits_fake -0.0152,
Train Epoch: [17/30] Iters:[990/1093] gen_loss 0.2291, rec_loss 0.0111, lpips_loss 0.1328, g_loss 0.0149, disc_weight 0.4000, disc_adaptive_weight 5.7103, d_loss 0.4006, logits_real -0.0167, logits_fake -0.0151,
Train Epoch: [17/30] Iters:[1000/1093] gen_loss 0.2332, rec_loss 0.0111, lpips_loss 0.1325, g_loss 0.0148, disc_weight 0.4000, disc_adaptive_weight 6.0242, d_loss 0.4006, logits_real -0.0166, logits_fake -0.0150,
Train Epoch: [17/30] Iters:[1010/1093] gen_loss 0.2353, rec_loss 0.0112, lpips_loss 0.1326, g_loss 0.0150, disc_weight 0.4000, disc_adaptive_weight 6.0927, d_loss 0.4006, logits_real -0.0167, logits_fake -0.0151,
Train Epoch: [17/30] Iters:[1020/1093] gen_loss 0.2398, rec_loss 0.0113, lpips_loss 0.1328, g_loss 0.0153, disc_weight 0.4000, disc_adaptive_weight 6.2697, d_loss 0.4006, logits_real -0.0170, logits_fake -0.0153,
Train Epoch: [17/30] Iters:[1030/1093] gen_loss 0.2392, rec_loss 0.0113, lpips_loss 0.1332, g_loss 0.0156, disc_weight 0.4000, disc_adaptive_weight 6.0752, d_loss 0.4006, logits_real -0.0172, logits_fake -0.0156,
Train Epoch: [17/30] Iters:[1040/1093] gen_loss 0.2406, rec_loss 0.0113, lpips_loss 0.1332, g_loss 0.0156, disc_weight 0.4000, disc_adaptive_weight 6.1638, d_loss 0.4006, logits_real -0.0172, logits_fake -0.0156,
Train Epoch: [17/30] Iters:[1050/1093] gen_loss 0.2407, rec_loss 0.0114, lpips_loss 0.1336, g_loss 0.0156, disc_weight 0.4000, disc_adaptive_weight 6.1445, d_loss 0.4006, logits_real -0.0173, logits_fake -0.0156,
Train Epoch: [17/30] Iters:[1060/1093] gen_loss 0.2406, rec_loss 0.0114, lpips_loss 0.1338, g_loss 0.0157, disc_weight 0.4000, disc_adaptive_weight 6.0684, d_loss 0.4006, logits_real -0.0174, logits_fake -0.0158,
Train Epoch: [17/30] Iters:[1070/1093] gen_loss 0.2431, rec_loss 0.0113, lpips_loss 0.1337, g_loss 0.0160, disc_weight 0.4000, disc_adaptive_weight 6.1327, d_loss 0.4006, logits_real -0.0176, logits_fake -0.0160,
Train Epoch: [17/30] Iters:[1080/1093] gen_loss 0.2440, rec_loss 0.0113, lpips_loss 0.1336, g_loss 0.0161, disc_weight 0.4000, disc_adaptive_weight 6.1578, d_loss 0.4006, logits_real -0.0177, logits_fake -0.0161,
Train Epoch: [17/30] Iters:[1090/1093] gen_loss 0.2452, rec_loss 0.0114, lpips_loss 0.1334, g_loss 0.0160, disc_weight 0.4000, disc_adaptive_weight 6.2750, d_loss 0.4006, logits_real -0.0177, logits_fake -0.0161,
epoch:18, cur_lr:0.000010
Train Epoch: [18/30] Iters:[10/1093] gen_loss 0.2312, rec_loss 0.0112, lpips_loss 0.1332, g_loss 0.0150, disc_weight 0.4000, disc_adaptive_weight 5.7873, d_loss 0.4006, logits_real -0.0166, logits_fake -0.0148,
Train Epoch: [18/30] Iters:[20/1093] gen_loss 0.2338, rec_loss 0.0114, lpips_loss 0.1329, g_loss 0.0152, disc_weight 0.4000, disc_adaptive_weight 5.8710, d_loss 0.4006, logits_real -0.0167, logits_fake -0.0149,
Train Epoch: [18/30] Iters:[30/1093] gen_loss 0.2385, rec_loss 0.0114, lpips_loss 0.1322, g_loss 0.0154, disc_weight 0.4000, disc_adaptive_weight 6.1668, d_loss 0.4006, logits_real -0.0170, logits_fake -0.0153,
Train Epoch: [18/30] Iters:[40/1093] gen_loss 0.2414, rec_loss 0.0112, lpips_loss 0.1319, g_loss 0.0158, disc_weight 0.4000, disc_adaptive_weight 6.2142, d_loss 0.4006, logits_real -0.0174, logits_fake -0.0157,
Train Epoch: [18/30] Iters:[50/1093] gen_loss 0.2451, rec_loss 0.0113, lpips_loss 0.1322, g_loss 0.0160, disc_weight 0.4000, disc_adaptive_weight 6.3159, d_loss 0.4006, logits_real -0.0176, logits_fake -0.0160,
Train Epoch: [18/30] Iters:[60/1093] gen_loss 0.2512, rec_loss 0.0113, lpips_loss 0.1322, g_loss 0.0164, disc_weight 0.4000, disc_adaptive_weight 6.5553, d_loss 0.4006, logits_real -0.0179, logits_fake -0.0163,
Train Epoch: [18/30] Iters:[70/1093] gen_loss 0.2548, rec_loss 0.0113, lpips_loss 0.1325, g_loss 0.0164, disc_weight 0.4000, disc_adaptive_weight 6.7405, d_loss 0.4006, logits_real -0.0180, logits_fake -0.0165,
Train Epoch: [18/30] Iters:[80/1093] gen_loss 0.2489, rec_loss 0.0112, lpips_loss 0.1325, g_loss 0.0165, disc_weight 0.4000, disc_adaptive_weight 6.3494, d_loss 0.4006, logits_real -0.0179, logits_fake -0.0165,
Train Epoch: [18/30] Iters:[90/1093] gen_loss 0.2567, rec_loss 0.0113, lpips_loss 0.1332, g_loss 0.0162, disc_weight 0.4000, disc_adaptive_weight 6.9125, d_loss 0.4006, logits_real -0.0178, logits_fake -0.0162,
Train Epoch: [18/30] Iters:[100/1093] gen_loss 0.2515, rec_loss 0.0114, lpips_loss 0.1334, g_loss 0.0157, disc_weight 0.4000, disc_adaptive_weight 6.7701, d_loss 0.4006, logits_real -0.0174, logits_fake -0.0157,
Train Epoch: [18/30] Iters:[110/1093] gen_loss 0.2462, rec_loss 0.0113, lpips_loss 0.1332, g_loss 0.0151, disc_weight 0.4000, disc_adaptive_weight 6.7056, d_loss 0.4007, logits_real -0.0169, logits_fake -0.0152,
Train Epoch: [18/30] Iters:[120/1093] gen_loss 0.2405, rec_loss 0.0111, lpips_loss 0.1331, g_loss 0.0147, disc_weight 0.4000, disc_adaptive_weight 6.5407, d_loss 0.4007, logits_real -0.0166, logits_fake -0.0148,
Train Epoch: [18/30] Iters:[130/1093] gen_loss 0.2400, rec_loss 0.0110, lpips_loss 0.1330, g_loss 0.0143, disc_weight 0.4000, disc_adaptive_weight 6.6574, d_loss 0.4007, logits_real -0.0162, logits_fake -0.0144,
Train Epoch: [18/30] Iters:[140/1093] gen_loss 0.2296, rec_loss 0.0110, lpips_loss 0.1329, g_loss 0.0142, disc_weight 0.4000, disc_adaptive_weight 6.0425, d_loss 0.4007, logits_real -0.0161, logits_fake -0.0142,
Train Epoch: [18/30] Iters:[150/1093] gen_loss 0.2300, rec_loss 0.0109, lpips_loss 0.1328, g_loss 0.0144, disc_weight 0.4000, disc_adaptive_weight 5.9920, d_loss 0.4006, logits_real -0.0162, logits_fake -0.0145,
Train Epoch: [18/30] Iters:[160/1093] gen_loss 0.2289, rec_loss 0.0110, lpips_loss 0.1332, g_loss 0.0148, disc_weight 0.4000, disc_adaptive_weight 5.7460, d_loss 0.4006, logits_real -0.0166, logits_fake -0.0149,
Train Epoch: [18/30] Iters:[170/1093] gen_loss 0.2309, rec_loss 0.0109, lpips_loss 0.1328, g_loss 0.0153, disc_weight 0.4000, disc_adaptive_weight 5.6933, d_loss 0.4006, logits_real -0.0170, logits_fake -0.0154,
Train Epoch: [18/30] Iters:[180/1093] gen_loss 0.2355, rec_loss 0.0111, lpips_loss 0.1338, g_loss 0.0157, disc_weight 0.4000, disc_adaptive_weight 5.7857, d_loss 0.4006, logits_real -0.0175, logits_fake -0.0157,
Train Epoch: [18/30] Iters:[190/1093] gen_loss 0.2384, rec_loss 0.0111, lpips_loss 0.1333, g_loss 0.0158, disc_weight 0.4000, disc_adaptive_weight 5.9813, d_loss 0.4006, logits_real -0.0175, logits_fake -0.0158,
Train Epoch: [18/30] Iters:[200/1093] gen_loss 0.2398, rec_loss 0.0111, lpips_loss 0.1331, g_loss 0.0157, disc_weight 0.4000, disc_adaptive_weight 6.1000, d_loss 0.4007, logits_real -0.0175, logits_fake -0.0156,
Train Epoch: [18/30] Iters:[210/1093] gen_loss 0.2476, rec_loss 0.0112, lpips_loss 0.1331, g_loss 0.0159, disc_weight 0.4000, disc_adaptive_weight 6.5097, d_loss 0.4007, logits_real -0.0177, logits_fake -0.0157,
Train Epoch: [18/30] Iters:[220/1093] gen_loss 0.2473, rec_loss 0.0112, lpips_loss 0.1334, g_loss 0.0161, disc_weight 0.4000, disc_adaptive_weight 6.4089, d_loss 0.4007, logits_real -0.0179, logits_fake -0.0158,
Train Epoch: [18/30] Iters:[230/1093] gen_loss 0.2449, rec_loss 0.0111, lpips_loss 0.1329, g_loss 0.0163, disc_weight 0.4000, disc_adaptive_weight 6.2101, d_loss 0.4007, logits_real -0.0181, logits_fake -0.0161,
Train Epoch: [18/30] Iters:[240/1093] gen_loss 0.2440, rec_loss 0.0110, lpips_loss 0.1322, g_loss 0.0167, disc_weight 0.4000, disc_adaptive_weight 6.0683, d_loss 0.4007, logits_real -0.0183, logits_fake -0.0164,
Train Epoch: [18/30] Iters:[250/1093] gen_loss 0.2406, rec_loss 0.0110, lpips_loss 0.1325, g_loss 0.0168, disc_weight 0.4000, disc_adaptive_weight 5.7935, d_loss 0.4006, logits_real -0.0184, logits_fake -0.0167,
Train Epoch: [18/30] Iters:[260/1093] gen_loss 0.2345, rec_loss 0.0109, lpips_loss 0.1322, g_loss 0.0168, disc_weight 0.4000, disc_adaptive_weight 5.4602, d_loss 0.4006, logits_real -0.0183, logits_fake -0.0167,
Train Epoch: [18/30] Iters:[270/1093] gen_loss 0.2359, rec_loss 0.0111, lpips_loss 0.1323, g_loss 0.0165, disc_weight 0.4000, disc_adaptive_weight 5.6207, d_loss 0.4006, logits_real -0.0181, logits_fake -0.0165,
Train Epoch: [18/30] Iters:[280/1093] gen_loss 0.2354, rec_loss 0.0111, lpips_loss 0.1321, g_loss 0.0163, disc_weight 0.4000, disc_adaptive_weight 5.6572, d_loss 0.4006, logits_real -0.0179, logits_fake -0.0164,
Train Epoch: [18/30] Iters:[290/1093] gen_loss 0.2325, rec_loss 0.0111, lpips_loss 0.1329, g_loss 0.0162, disc_weight 0.4000, disc_adaptive_weight 5.4810, d_loss 0.4006, logits_real -0.0179, logits_fake -0.0162,
Train Epoch: [18/30] Iters:[300/1093] gen_loss 0.2365, rec_loss 0.0109, lpips_loss 0.1321, g_loss 0.0162, disc_weight 0.4000, disc_adaptive_weight 5.7759, d_loss 0.4007, logits_real -0.0180, logits_fake -0.0161,
Train Epoch: [18/30] Iters:[310/1093] gen_loss 0.2437, rec_loss 0.0110, lpips_loss 0.1324, g_loss 0.0161, disc_weight 0.4000, disc_adaptive_weight 6.2218, d_loss 0.4006, logits_real -0.0179, logits_fake -0.0162,
Train Epoch: [18/30] Iters:[320/1093] gen_loss 0.2461, rec_loss 0.0108, lpips_loss 0.1320, g_loss 0.0162, disc_weight 0.4000, disc_adaptive_weight 6.3720, d_loss 0.4007, logits_real -0.0181, logits_fake -0.0163,
Train Epoch: [18/30] Iters:[330/1093] gen_loss 0.2482, rec_loss 0.0108, lpips_loss 0.1325, g_loss 0.0161, disc_weight 0.4000, disc_adaptive_weight 6.5062, d_loss 0.4007, logits_real -0.0179, logits_fake -0.0159,
Train Epoch: [18/30] Iters:[340/1093] gen_loss 0.2467, rec_loss 0.0110, lpips_loss 0.1324, g_loss 0.0157, disc_weight 0.4000, disc_adaptive_weight 6.5393, d_loss 0.4007, logits_real -0.0176, logits_fake -0.0157,
Train Epoch: [18/30] Iters:[350/1093] gen_loss 0.2428, rec_loss 0.0110, lpips_loss 0.1325, g_loss 0.0155, disc_weight 0.4000, disc_adaptive_weight 6.3873, d_loss 0.4006, logits_real -0.0173, logits_fake -0.0155,
Train Epoch: [18/30] Iters:[360/1093] gen_loss 0.2354, rec_loss 0.0108, lpips_loss 0.1318, g_loss 0.0154, disc_weight 0.4000, disc_adaptive_weight 5.9815, d_loss 0.4007, logits_real -0.0173, logits_fake -0.0154,
Train Epoch: [18/30] Iters:[370/1093] gen_loss 0.2324, rec_loss 0.0108, lpips_loss 0.1324, g_loss 0.0154, disc_weight 0.4000, disc_adaptive_weight 5.7739, d_loss 0.4006, logits_real -0.0171, logits_fake -0.0154,
Train Epoch: [18/30] Iters:[380/1093] gen_loss 0.2348, rec_loss 0.0107, lpips_loss 0.1316, g_loss 0.0154, disc_weight 0.4000, disc_adaptive_weight 5.9994, d_loss 0.4006, logits_real -0.0171, logits_fake -0.0154,
Train Epoch: [18/30] Iters:[390/1093] gen_loss 0.2354, rec_loss 0.0106, lpips_loss 0.1318, g_loss 0.0154, disc_weight 0.4000, disc_adaptive_weight 6.0366, d_loss 0.4006, logits_real -0.0170, logits_fake -0.0154,
Train Epoch: [18/30] Iters:[400/1093] gen_loss 0.2361, rec_loss 0.0107, lpips_loss 0.1327, g_loss 0.0154, disc_weight 0.4000, disc_adaptive_weight 6.0258, d_loss 0.4006, logits_real -0.0170, logits_fake -0.0154,
Train Epoch: [18/30] Iters:[410/1093] gen_loss 0.2360, rec_loss 0.0108, lpips_loss 0.1327, g_loss 0.0150, disc_weight 0.4000, disc_adaptive_weight 6.1670, d_loss 0.4006, logits_real -0.0165, logits_fake -0.0151,
Train Epoch: [18/30] Iters:[420/1093] gen_loss 0.2302, rec_loss 0.0107, lpips_loss 0.1319, g_loss 0.0146, disc_weight 0.4000, disc_adaptive_weight 5.9850, d_loss 0.4006, logits_real -0.0160, logits_fake -0.0146,
Train Epoch: [18/30] Iters:[430/1093] gen_loss 0.2282, rec_loss 0.0109, lpips_loss 0.1327, g_loss 0.0143, disc_weight 0.4000, disc_adaptive_weight 5.8972, d_loss 0.4006, logits_real -0.0157, logits_fake -0.0142,
Train Epoch: [18/30] Iters:[440/1093] gen_loss 0.2281, rec_loss 0.0109, lpips_loss 0.1326, g_loss 0.0141, disc_weight 0.4000, disc_adaptive_weight 5.9887, d_loss 0.4006, logits_real -0.0155, logits_fake -0.0139,
Train Epoch: [18/30] Iters:[450/1093] gen_loss 0.2296, rec_loss 0.0110, lpips_loss 0.1325, g_loss 0.0136, disc_weight 0.4000, disc_adaptive_weight 6.3013, d_loss 0.4006, logits_real -0.0151, logits_fake -0.0135,
Train Epoch: [18/30] Iters:[460/1093] gen_loss 0.2270, rec_loss 0.0111, lpips_loss 0.1328, g_loss 0.0133, disc_weight 0.4000, disc_adaptive_weight 6.2302, d_loss 0.4006, logits_real -0.0149, logits_fake -0.0132,
Train Epoch: [18/30] Iters:[470/1093] gen_loss 0.2296, rec_loss 0.0110, lpips_loss 0.1326, g_loss 0.0133, disc_weight 0.4000, disc_adaptive_weight 6.4384, d_loss 0.4006, logits_real -0.0149, logits_fake -0.0132,
Train Epoch: [18/30] Iters:[480/1093] gen_loss 0.2282, rec_loss 0.0110, lpips_loss 0.1320, g_loss 0.0134, disc_weight 0.4000, disc_adaptive_weight 6.3501, d_loss 0.4006, logits_real -0.0151, logits_fake -0.0135,
Train Epoch: [18/30] Iters:[490/1093] gen_loss 0.2290, rec_loss 0.0112, lpips_loss 0.1322, g_loss 0.0137, disc_weight 0.4000, disc_adaptive_weight 6.2750, d_loss 0.4006, logits_real -0.0153, logits_fake -0.0138,
Train Epoch: [18/30] Iters:[500/1093] gen_loss 0.2331, rec_loss 0.0111, lpips_loss 0.1317, g_loss 0.0140, disc_weight 0.4000, disc_adaptive_weight 6.4175, d_loss 0.4006, logits_real -0.0157, logits_fake -0.0142,
Train Epoch: [18/30] Iters:[510/1093] gen_loss 0.2338, rec_loss 0.0112, lpips_loss 0.1319, g_loss 0.0144, disc_weight 0.4000, disc_adaptive_weight 6.2749, d_loss 0.4006, logits_real -0.0160, logits_fake -0.0145,
Train Epoch: [18/30] Iters:[520/1093] gen_loss 0.2353, rec_loss 0.0113, lpips_loss 0.1319, g_loss 0.0145, disc_weight 0.4000, disc_adaptive_weight 6.3874, d_loss 0.4006, logits_real -0.0162, logits_fake -0.0144,
Train Epoch: [18/30] Iters:[530/1093] gen_loss 0.2346, rec_loss 0.0113, lpips_loss 0.1323, g_loss 0.0141, disc_weight 0.4000, disc_adaptive_weight 6.4650, d_loss 0.4006, logits_real -0.0158, logits_fake -0.0141,
Train Epoch: [18/30] Iters:[540/1093] gen_loss 0.2359, rec_loss 0.0112, lpips_loss 0.1324, g_loss 0.0138, disc_weight 0.4000, disc_adaptive_weight 6.7120, d_loss 0.4006, logits_real -0.0156, logits_fake -0.0139,
Train Epoch: [18/30] Iters:[550/1093] gen_loss 0.2320, rec_loss 0.0112, lpips_loss 0.1324, g_loss 0.0136, disc_weight 0.4000, disc_adaptive_weight 6.5258, d_loss 0.4006, logits_real -0.0155, logits_fake -0.0137,
Train Epoch: [18/30] Iters:[560/1093] gen_loss 0.2326, rec_loss 0.0112, lpips_loss 0.1325, g_loss 0.0135, disc_weight 0.4000, disc_adaptive_weight 6.6235, d_loss 0.4006, logits_real -0.0153, logits_fake -0.0136,
Train Epoch: [18/30] Iters:[570/1093] gen_loss 0.2302, rec_loss 0.0111, lpips_loss 0.1323, g_loss 0.0134, disc_weight 0.4000, disc_adaptive_weight 6.4846, d_loss 0.4006, logits_real -0.0152, logits_fake -0.0137,
Train Epoch: [18/30] Iters:[580/1093] gen_loss 0.2336, rec_loss 0.0112, lpips_loss 0.1327, g_loss 0.0137, disc_weight 0.4000, disc_adaptive_weight 6.5597, d_loss 0.4006, logits_real -0.0154, logits_fake -0.0138,
Train Epoch: [18/30] Iters:[590/1093] gen_loss 0.2349, rec_loss 0.0111, lpips_loss 0.1322, g_loss 0.0140, disc_weight 0.4000, disc_adaptive_weight 6.5438, d_loss 0.4006, logits_real -0.0156, logits_fake -0.0140,
Train Epoch: [18/30] Iters:[600/1093] gen_loss 0.2372, rec_loss 0.0113, lpips_loss 0.1329, g_loss 0.0141, disc_weight 0.4000, disc_adaptive_weight 6.6069, d_loss 0.4006, logits_real -0.0156, logits_fake -0.0140,
Train Epoch: [18/30] Iters:[610/1093] gen_loss 0.2368, rec_loss 0.0112, lpips_loss 0.1328, g_loss 0.0142, disc_weight 0.4000, disc_adaptive_weight 6.5267, d_loss 0.4006, logits_real -0.0158, logits_fake -0.0141,
Train Epoch: [18/30] Iters:[620/1093] gen_loss 0.2462, rec_loss 0.0112, lpips_loss 0.1333, g_loss 0.0145, disc_weight 0.4000, disc_adaptive_weight 7.0122, d_loss 0.4006, logits_real -0.0161, logits_fake -0.0144,
Train Epoch: [18/30] Iters:[630/1093] gen_loss 0.2455, rec_loss 0.0111, lpips_loss 0.1327, g_loss 0.0148, disc_weight 0.4000, disc_adaptive_weight 6.8818, d_loss 0.4007, logits_real -0.0166, logits_fake -0.0147,
Train Epoch: [18/30] Iters:[640/1093] gen_loss 0.2479, rec_loss 0.0112, lpips_loss 0.1329, g_loss 0.0150, disc_weight 0.4000, disc_adaptive_weight 6.9414, d_loss 0.4007, logits_real -0.0167, logits_fake -0.0149,
Train Epoch: [18/30] Iters:[650/1093] gen_loss 0.2426, rec_loss 0.0111, lpips_loss 0.1327, g_loss 0.0151, disc_weight 0.4000, disc_adaptive_weight 6.5682, d_loss 0.4007, logits_real -0.0168, logits_fake -0.0150,
Train Epoch: [18/30] Iters:[660/1093] gen_loss 0.2434, rec_loss 0.0110, lpips_loss 0.1322, g_loss 0.0151, disc_weight 0.4000, disc_adaptive_weight 6.6163, d_loss 0.4006, logits_real -0.0168, logits_fake -0.0151,
Train Epoch: [18/30] Iters:[670/1093] gen_loss 0.2387, rec_loss 0.0111, lpips_loss 0.1323, g_loss 0.0149, disc_weight 0.4000, disc_adaptive_weight 6.4130, d_loss 0.4006, logits_real -0.0167, logits_fake -0.0149,
Train Epoch: [18/30] Iters:[680/1093] gen_loss 0.2386, rec_loss 0.0111, lpips_loss 0.1325, g_loss 0.0146, disc_weight 0.4000, disc_adaptive_weight 6.5189, d_loss 0.4006, logits_real -0.0164, logits_fake -0.0146,
Train Epoch: [18/30] Iters:[690/1093] gen_loss 0.2300, rec_loss 0.0111, lpips_loss 0.1321, g_loss 0.0145, disc_weight 0.4000, disc_adaptive_weight 6.0013, d_loss 0.4006, logits_real -0.0163, logits_fake -0.0145,
Train Epoch: [18/30] Iters:[700/1093] gen_loss 0.2317, rec_loss 0.0110, lpips_loss 0.1318, g_loss 0.0144, disc_weight 0.4000, disc_adaptive_weight 6.1898, d_loss 0.4006, logits_real -0.0161, logits_fake -0.0145,
Train Epoch: [18/30] Iters:[710/1093] gen_loss 0.2354, rec_loss 0.0110, lpips_loss 0.1322, g_loss 0.0143, disc_weight 0.4000, disc_adaptive_weight 6.4599, d_loss 0.4006, logits_real -0.0161, logits_fake -0.0145,
Train Epoch: [18/30] Iters:[720/1093] gen_loss 0.2358, rec_loss 0.0111, lpips_loss 0.1323, g_loss 0.0146, disc_weight 0.4000, disc_adaptive_weight 6.3358, d_loss 0.4006, logits_real -0.0163, logits_fake -0.0146,
Train Epoch: [18/30] Iters:[730/1093] gen_loss 0.2372, rec_loss 0.0112, lpips_loss 0.1326, g_loss 0.0147, disc_weight 0.4000, disc_adaptive_weight 6.3382, d_loss 0.4006, logits_real -0.0165, logits_fake -0.0148,
Train Epoch: [18/30] Iters:[740/1093] gen_loss 0.2391, rec_loss 0.0113, lpips_loss 0.1330, g_loss 0.0146, disc_weight 0.4000, disc_adaptive_weight 6.4572, d_loss 0.4006, logits_real -0.0165, logits_fake -0.0148,
Train Epoch: [18/30] Iters:[750/1093] gen_loss 0.2412, rec_loss 0.0114, lpips_loss 0.1330, g_loss 0.0149, disc_weight 0.4000, disc_adaptive_weight 6.5156, d_loss 0.4006, logits_real -0.0166, logits_fake -0.0149,
Train Epoch: [18/30] Iters:[760/1093] gen_loss 0.2388, rec_loss 0.0114, lpips_loss 0.1332, g_loss 0.0149, disc_weight 0.4000, disc_adaptive_weight 6.3100, d_loss 0.4006, logits_real -0.0166, logits_fake -0.0149,
Train Epoch: [18/30] Iters:[770/1093] gen_loss 0.2356, rec_loss 0.0114, lpips_loss 0.1331, g_loss 0.0149, disc_weight 0.4000, disc_adaptive_weight 6.1274, d_loss 0.4006, logits_real -0.0166, logits_fake -0.0149,
Train Epoch: [18/30] Iters:[780/1093] gen_loss 0.2346, rec_loss 0.0114, lpips_loss 0.1329, g_loss 0.0149, disc_weight 0.4000, disc_adaptive_weight 6.0691, d_loss 0.4006, logits_real -0.0166, logits_fake -0.0149,
Train Epoch: [18/30] Iters:[790/1093] gen_loss 0.2426, rec_loss 0.0114, lpips_loss 0.1332, g_loss 0.0151, disc_weight 0.4000, disc_adaptive_weight 6.4983, d_loss 0.4006, logits_real -0.0167, logits_fake -0.0151,
Train Epoch: [18/30] Iters:[800/1093] gen_loss 0.2407, rec_loss 0.0113, lpips_loss 0.1337, g_loss 0.0151, disc_weight 0.4000, disc_adaptive_weight 6.3487, d_loss 0.4006, logits_real -0.0167, logits_fake -0.0151,
Train Epoch: [18/30] Iters:[810/1093] gen_loss 0.2409, rec_loss 0.0112, lpips_loss 0.1333, g_loss 0.0151, disc_weight 0.4000, disc_adaptive_weight 6.3584, d_loss 0.4006, logits_real -0.0167, logits_fake -0.0150,
Train Epoch: [18/30] Iters:[820/1093] gen_loss 0.2394, rec_loss 0.0112, lpips_loss 0.1328, g_loss 0.0150, disc_weight 0.4000, disc_adaptive_weight 6.3376, d_loss 0.4006, logits_real -0.0167, logits_fake -0.0149,
Train Epoch: [18/30] Iters:[830/1093] gen_loss 0.2344, rec_loss 0.0110, lpips_loss 0.1327, g_loss 0.0147, disc_weight 0.4000, disc_adaptive_weight 6.1485, d_loss 0.4006, logits_real -0.0164, logits_fake -0.0145,
Train Epoch: [18/30] Iters:[840/1093] gen_loss 0.2236, rec_loss 0.0109, lpips_loss 0.1321, g_loss 0.0143, disc_weight 0.4000, disc_adaptive_weight 5.6181, d_loss 0.4006, logits_real -0.0159, logits_fake -0.0141,
Train Epoch: [18/30] Iters:[850/1093] gen_loss 0.2202, rec_loss 0.0108, lpips_loss 0.1321, g_loss 0.0141, disc_weight 0.4000, disc_adaptive_weight 5.4780, d_loss 0.4006, logits_real -0.0157, logits_fake -0.0140,
Train Epoch: [18/30] Iters:[860/1093] gen_loss 0.2178, rec_loss 0.0108, lpips_loss 0.1325, g_loss 0.0139, disc_weight 0.4000, disc_adaptive_weight 5.3476, d_loss 0.4006, logits_real -0.0156, logits_fake -0.0140,
Train Epoch: [18/30] Iters:[870/1093] gen_loss 0.2233, rec_loss 0.0108, lpips_loss 0.1326, g_loss 0.0138, disc_weight 0.4000, disc_adaptive_weight 5.7446, d_loss 0.4006, logits_real -0.0155, logits_fake -0.0140,
Train Epoch: [18/30] Iters:[880/1093] gen_loss 0.2285, rec_loss 0.0109, lpips_loss 0.1326, g_loss 0.0138, disc_weight 0.4000, disc_adaptive_weight 6.1582, d_loss 0.4006, logits_real -0.0154, logits_fake -0.0140,
Train Epoch: [18/30] Iters:[890/1093] gen_loss 0.2336, rec_loss 0.0110, lpips_loss 0.1332, g_loss 0.0138, disc_weight 0.4000, disc_adaptive_weight 6.4796, d_loss 0.4006, logits_real -0.0156, logits_fake -0.0139,
Train Epoch: [18/30] Iters:[900/1093] gen_loss 0.2374, rec_loss 0.0110, lpips_loss 0.1328, g_loss 0.0139, disc_weight 0.4000, disc_adaptive_weight 6.7270, d_loss 0.4006, logits_real -0.0157, logits_fake -0.0140,
Train Epoch: [18/30] Iters:[910/1093] gen_loss 0.2386, rec_loss 0.0110, lpips_loss 0.1323, g_loss 0.0140, disc_weight 0.4000, disc_adaptive_weight 6.7917, d_loss 0.4006, logits_real -0.0157, logits_fake -0.0140,
Train Epoch: [18/30] Iters:[920/1093] gen_loss 0.2360, rec_loss 0.0111, lpips_loss 0.1330, g_loss 0.0141, disc_weight 0.4000, disc_adaptive_weight 6.5254, d_loss 0.4006, logits_real -0.0159, logits_fake -0.0142,
Train Epoch: [18/30] Iters:[930/1093] gen_loss 0.2314, rec_loss 0.0110, lpips_loss 0.1326, g_loss 0.0143, disc_weight 0.4000, disc_adaptive_weight 6.1259, d_loss 0.4006, logits_real -0.0159, logits_fake -0.0142,
Train Epoch: [18/30] Iters:[940/1093] gen_loss 0.2300, rec_loss 0.0110, lpips_loss 0.1321, g_loss 0.0143, disc_weight 0.4000, disc_adaptive_weight 6.0426, d_loss 0.4006, logits_real -0.0158, logits_fake -0.0143,
Train Epoch: [18/30] Iters:[950/1093] gen_loss 0.2258, rec_loss 0.0111, lpips_loss 0.1321, g_loss 0.0139, disc_weight 0.4000, disc_adaptive_weight 5.9152, d_loss 0.4006, logits_real -0.0153, logits_fake -0.0139,
Train Epoch: [18/30] Iters:[960/1093] gen_loss 0.2254, rec_loss 0.0110, lpips_loss 0.1321, g_loss 0.0135, disc_weight 0.4000, disc_adaptive_weight 6.1133, d_loss 0.4006, logits_real -0.0150, logits_fake -0.0134,
Train Epoch: [18/30] Iters:[970/1093] gen_loss 0.2222, rec_loss 0.0109, lpips_loss 0.1315, g_loss 0.0130, disc_weight 0.4000, disc_adaptive_weight 6.1375, d_loss 0.4006, logits_real -0.0145, logits_fake -0.0130,
Train Epoch: [18/30] Iters:[980/1093] gen_loss 0.2243, rec_loss 0.0109, lpips_loss 0.1323, g_loss 0.0127, disc_weight 0.4000, disc_adaptive_weight 6.3629, d_loss 0.4005, logits_real -0.0141, logits_fake -0.0128,
Train Epoch: [18/30] Iters:[990/1093] gen_loss 0.2242, rec_loss 0.0110, lpips_loss 0.1331, g_loss 0.0127, disc_weight 0.4000, disc_adaptive_weight 6.2947, d_loss 0.4006, logits_real -0.0142, logits_fake -0.0127,
Train Epoch: [18/30] Iters:[1000/1093] gen_loss 0.2265, rec_loss 0.0110, lpips_loss 0.1330, g_loss 0.0129, disc_weight 0.4000, disc_adaptive_weight 6.4312, d_loss 0.4006, logits_real -0.0144, logits_fake -0.0128,
Train Epoch: [18/30] Iters:[1010/1093] gen_loss 0.2274, rec_loss 0.0110, lpips_loss 0.1334, g_loss 0.0130, disc_weight 0.4000, disc_adaptive_weight 6.4014, d_loss 0.4006, logits_real -0.0146, logits_fake -0.0129,
Train Epoch: [18/30] Iters:[1020/1093] gen_loss 0.2269, rec_loss 0.0110, lpips_loss 0.1332, g_loss 0.0131, disc_weight 0.4000, disc_adaptive_weight 6.2897, d_loss 0.4007, logits_real -0.0149, logits_fake -0.0130,
Train Epoch: [18/30] Iters:[1030/1093] gen_loss 0.2220, rec_loss 0.0110, lpips_loss 0.1324, g_loss 0.0130, disc_weight 0.4000, disc_adaptive_weight 6.0478, d_loss 0.4007, logits_real -0.0149, logits_fake -0.0129,
Train Epoch: [18/30] Iters:[1040/1093] gen_loss 0.2188, rec_loss 0.0109, lpips_loss 0.1314, g_loss 0.0127, disc_weight 0.4000, disc_adaptive_weight 5.9844, d_loss 0.4006, logits_real -0.0146, logits_fake -0.0128,
Train Epoch: [18/30] Iters:[1050/1093] gen_loss 0.2170, rec_loss 0.0110, lpips_loss 0.1321, g_loss 0.0126, disc_weight 0.4000, disc_adaptive_weight 5.8351, d_loss 0.4006, logits_real -0.0144, logits_fake -0.0127,
Train Epoch: [18/30] Iters:[1060/1093] gen_loss 0.2120, rec_loss 0.0109, lpips_loss 0.1315, g_loss 0.0124, disc_weight 0.4000, disc_adaptive_weight 5.5830, d_loss 0.4006, logits_real -0.0141, logits_fake -0.0124,
Train Epoch: [18/30] Iters:[1070/1093] gen_loss 0.2124, rec_loss 0.0110, lpips_loss 0.1320, g_loss 0.0123, disc_weight 0.4000, disc_adaptive_weight 5.6574, d_loss 0.4006, logits_real -0.0139, logits_fake -0.0122,
Train Epoch: [18/30] Iters:[1080/1093] gen_loss 0.2148, rec_loss 0.0111, lpips_loss 0.1324, g_loss 0.0125, disc_weight 0.4000, disc_adaptive_weight 5.6982, d_loss 0.4006, logits_real -0.0140, logits_fake -0.0124,
Train Epoch: [18/30] Iters:[1090/1093] gen_loss 0.2209, rec_loss 0.0111, lpips_loss 0.1327, g_loss 0.0128, disc_weight 0.4000, disc_adaptive_weight 6.0217, d_loss 0.4006, logits_real -0.0141, logits_fake -0.0125,
epoch:19, cur_lr:0.000010
Train Epoch: [19/30] Iters:[10/1093] gen_loss 0.2274, rec_loss 0.0105, lpips_loss 0.1306, g_loss 0.0136, disc_weight 0.4000, disc_adaptive_weight 6.3580, d_loss 0.4006, logits_real -0.0151, logits_fake -0.0136,
Train Epoch: [19/30] Iters:[20/1093] gen_loss 0.2329, rec_loss 0.0107, lpips_loss 0.1313, g_loss 0.0133, disc_weight 0.4000, disc_adaptive_weight 6.8573, d_loss 0.4006, logits_real -0.0149, logits_fake -0.0133,
Train Epoch: [19/30] Iters:[30/1093] gen_loss 0.2256, rec_loss 0.0110, lpips_loss 0.1325, g_loss 0.0132, disc_weight 0.4000, disc_adaptive_weight 6.2344, d_loss 0.4006, logits_real -0.0149, logits_fake -0.0132,
Train Epoch: [19/30] Iters:[40/1093] gen_loss 0.2230, rec_loss 0.0109, lpips_loss 0.1323, g_loss 0.0133, disc_weight 0.4000, disc_adaptive_weight 5.9968, d_loss 0.4006, logits_real -0.0149, logits_fake -0.0133,
Train Epoch: [19/30] Iters:[50/1093] gen_loss 0.2256, rec_loss 0.0110, lpips_loss 0.1324, g_loss 0.0134, disc_weight 0.4000, disc_adaptive_weight 6.1428, d_loss 0.4006, logits_real -0.0151, logits_fake -0.0135,
Train Epoch: [19/30] Iters:[60/1093] gen_loss 0.2260, rec_loss 0.0110, lpips_loss 0.1325, g_loss 0.0137, disc_weight 0.4000, disc_adaptive_weight 6.0309, d_loss 0.4006, logits_real -0.0155, logits_fake -0.0138,
Train Epoch: [19/30] Iters:[70/1093] gen_loss 0.2324, rec_loss 0.0110, lpips_loss 0.1324, g_loss 0.0142, disc_weight 0.4000, disc_adaptive_weight 6.1898, d_loss 0.4006, logits_real -0.0160, logits_fake -0.0142,
Train Epoch: [19/30] Iters:[80/1093] gen_loss 0.2368, rec_loss 0.0109, lpips_loss 0.1320, g_loss 0.0147, disc_weight 0.4000, disc_adaptive_weight 6.3352, d_loss 0.4006, logits_real -0.0165, logits_fake -0.0147,
Train Epoch: [19/30] Iters:[90/1093] gen_loss 0.2395, rec_loss 0.0109, lpips_loss 0.1320, g_loss 0.0151, disc_weight 0.4000, disc_adaptive_weight 6.3893, d_loss 0.4007, logits_real -0.0170, logits_fake -0.0151,
Train Epoch: [19/30] Iters:[100/1093] gen_loss 0.2379, rec_loss 0.0109, lpips_loss 0.1322, g_loss 0.0155, disc_weight 0.4000, disc_adaptive_weight 6.0944, d_loss 0.4006, logits_real -0.0172, logits_fake -0.0154,
Train Epoch: [19/30] Iters:[110/1093] gen_loss 0.2425, rec_loss 0.0110, lpips_loss 0.1325, g_loss 0.0157, disc_weight 0.4000, disc_adaptive_weight 6.3009, d_loss 0.4006, logits_real -0.0173, logits_fake -0.0156,
Train Epoch: [19/30] Iters:[120/1093] gen_loss 0.2405, rec_loss 0.0110, lpips_loss 0.1330, g_loss 0.0159, disc_weight 0.4000, disc_adaptive_weight 6.0478, d_loss 0.4006, logits_real -0.0176, logits_fake -0.0160,
Train Epoch: [19/30] Iters:[130/1093] gen_loss 0.2407, rec_loss 0.0111, lpips_loss 0.1332, g_loss 0.0161, disc_weight 0.4000, disc_adaptive_weight 5.9812, d_loss 0.4006, logits_real -0.0178, logits_fake -0.0163,
Train Epoch: [19/30] Iters:[140/1093] gen_loss 0.2453, rec_loss 0.0111, lpips_loss 0.1335, g_loss 0.0163, disc_weight 0.4000, disc_adaptive_weight 6.1884, d_loss 0.4006, logits_real -0.0179, logits_fake -0.0165,
Train Epoch: [19/30] Iters:[150/1093] gen_loss 0.2496, rec_loss 0.0111, lpips_loss 0.1331, g_loss 0.0164, disc_weight 0.4000, disc_adaptive_weight 6.4520, d_loss 0.4006, logits_real -0.0181, logits_fake -0.0166,
Train Epoch: [19/30] Iters:[160/1093] gen_loss 0.2439, rec_loss 0.0110, lpips_loss 0.1331, g_loss 0.0164, disc_weight 0.4000, disc_adaptive_weight 6.0997, d_loss 0.4006, logits_real -0.0180, logits_fake -0.0166,
Train Epoch: [19/30] Iters:[170/1093] gen_loss 0.2400, rec_loss 0.0110, lpips_loss 0.1326, g_loss 0.0160, disc_weight 0.4000, disc_adaptive_weight 6.0303, d_loss 0.4006, logits_real -0.0176, logits_fake -0.0162,
Train Epoch: [19/30] Iters:[180/1093] gen_loss 0.2409, rec_loss 0.0110, lpips_loss 0.1325, g_loss 0.0157, disc_weight 0.4000, disc_adaptive_weight 6.1892, d_loss 0.4006, logits_real -0.0172, logits_fake -0.0158,
Train Epoch: [19/30] Iters:[190/1093] gen_loss 0.2422, rec_loss 0.0111, lpips_loss 0.1325, g_loss 0.0155, disc_weight 0.4000, disc_adaptive_weight 6.3734, d_loss 0.4006, logits_real -0.0170, logits_fake -0.0155,
Train Epoch: [19/30] Iters:[200/1093] gen_loss 0.2429, rec_loss 0.0111, lpips_loss 0.1324, g_loss 0.0153, disc_weight 0.4000, disc_adaptive_weight 6.4852, d_loss 0.4006, logits_real -0.0167, logits_fake -0.0153,
Train Epoch: [19/30] Iters:[210/1093] gen_loss 0.2451, rec_loss 0.0111, lpips_loss 0.1323, g_loss 0.0153, disc_weight 0.4000, disc_adaptive_weight 6.6660, d_loss 0.4006, logits_real -0.0166, logits_fake -0.0151,
Train Epoch: [19/30] Iters:[220/1093] gen_loss 0.2468, rec_loss 0.0112, lpips_loss 0.1328, g_loss 0.0155, disc_weight 0.4000, disc_adaptive_weight 6.6617, d_loss 0.4006, logits_real -0.0170, logits_fake -0.0154,
Train Epoch: [19/30] Iters:[230/1093] gen_loss 0.2484, rec_loss 0.0111, lpips_loss 0.1326, g_loss 0.0158, disc_weight 0.4000, disc_adaptive_weight 6.6738, d_loss 0.4006, logits_real -0.0172, logits_fake -0.0156,
Train Epoch: [19/30] Iters:[240/1093] gen_loss 0.2410, rec_loss 0.0111, lpips_loss 0.1325, g_loss 0.0156, disc_weight 0.4000, disc_adaptive_weight 6.2308, d_loss 0.4006, logits_real -0.0172, logits_fake -0.0157,
Train Epoch: [19/30] Iters:[250/1093] gen_loss 0.2390, rec_loss 0.0113, lpips_loss 0.1333, g_loss 0.0154, disc_weight 0.4000, disc_adaptive_weight 6.1341, d_loss 0.4006, logits_real -0.0170, logits_fake -0.0156,
Train Epoch: [19/30] Iters:[260/1093] gen_loss 0.2399, rec_loss 0.0112, lpips_loss 0.1332, g_loss 0.0153, disc_weight 0.4000, disc_adaptive_weight 6.2627, d_loss 0.4006, logits_real -0.0170, logits_fake -0.0155,
Train Epoch: [19/30] Iters:[270/1093] gen_loss 0.2346, rec_loss 0.0111, lpips_loss 0.1325, g_loss 0.0152, disc_weight 0.4000, disc_adaptive_weight 6.0130, d_loss 0.4006, logits_real -0.0167, logits_fake -0.0150,
Train Epoch: [19/30] Iters:[280/1093] gen_loss 0.2299, rec_loss 0.0111, lpips_loss 0.1326, g_loss 0.0150, disc_weight 0.4000, disc_adaptive_weight 5.7972, d_loss 0.4006, logits_real -0.0165, logits_fake -0.0148,
Train Epoch: [19/30] Iters:[290/1093] gen_loss 0.2329, rec_loss 0.0110, lpips_loss 0.1324, g_loss 0.0152, disc_weight 0.4000, disc_adaptive_weight 5.9315, d_loss 0.4006, logits_real -0.0167, logits_fake -0.0149,
Train Epoch: [19/30] Iters:[300/1093] gen_loss 0.2351, rec_loss 0.0108, lpips_loss 0.1319, g_loss 0.0155, disc_weight 0.4000, disc_adaptive_weight 5.9877, d_loss 0.4006, logits_real -0.0170, logits_fake -0.0151,
Train Epoch: [19/30] Iters:[310/1093] gen_loss 0.2364, rec_loss 0.0109, lpips_loss 0.1320, g_loss 0.0157, disc_weight 0.4000, disc_adaptive_weight 5.9624, d_loss 0.4006, logits_real -0.0171, logits_fake -0.0155,
Train Epoch: [19/30] Iters:[320/1093] gen_loss 0.2371, rec_loss 0.0109, lpips_loss 0.1321, g_loss 0.0157, disc_weight 0.4000, disc_adaptive_weight 5.9937, d_loss 0.4006, logits_real -0.0173, logits_fake -0.0158,
Train Epoch: [19/30] Iters:[330/1093] gen_loss 0.2428, rec_loss 0.0110, lpips_loss 0.1323, g_loss 0.0157, disc_weight 0.4000, disc_adaptive_weight 6.3440, d_loss 0.4006, logits_real -0.0172, logits_fake -0.0158,
Train Epoch: [19/30] Iters:[340/1093] gen_loss 0.2408, rec_loss 0.0110, lpips_loss 0.1325, g_loss 0.0155, disc_weight 0.4000, disc_adaptive_weight 6.2680, d_loss 0.4006, logits_real -0.0171, logits_fake -0.0154,
Train Epoch: [19/30] Iters:[350/1093] gen_loss 0.2338, rec_loss 0.0109, lpips_loss 0.1322, g_loss 0.0153, disc_weight 0.4000, disc_adaptive_weight 5.9253, d_loss 0.4006, logits_real -0.0166, logits_fake -0.0152,
Train Epoch: [19/30] Iters:[360/1093] gen_loss 0.2306, rec_loss 0.0108, lpips_loss 0.1319, g_loss 0.0149, disc_weight 0.4000, disc_adaptive_weight 5.8997, d_loss 0.4006, logits_real -0.0161, logits_fake -0.0146,
Train Epoch: [19/30] Iters:[370/1093] gen_loss 0.2304, rec_loss 0.0109, lpips_loss 0.1323, g_loss 0.0147, disc_weight 0.4000, disc_adaptive_weight 5.9366, d_loss 0.4006, logits_real -0.0159, logits_fake -0.0144,
Train Epoch: [19/30] Iters:[380/1093] gen_loss 0.2282, rec_loss 0.0109, lpips_loss 0.1320, g_loss 0.0146, disc_weight 0.4000, disc_adaptive_weight 5.8401, d_loss 0.4006, logits_real -0.0159, logits_fake -0.0143,
Train Epoch: [19/30] Iters:[390/1093] gen_loss 0.2249, rec_loss 0.0108, lpips_loss 0.1313, g_loss 0.0144, disc_weight 0.4000, disc_adaptive_weight 5.7346, d_loss 0.4005, logits_real -0.0156, logits_fake -0.0143,
Train Epoch: [19/30] Iters:[400/1093] gen_loss 0.2257, rec_loss 0.0108, lpips_loss 0.1316, g_loss 0.0143, disc_weight 0.4000, disc_adaptive_weight 5.8065, d_loss 0.4006, logits_real -0.0158, logits_fake -0.0141,
Train Epoch: [19/30] Iters:[410/1093] gen_loss 0.2284, rec_loss 0.0109, lpips_loss 0.1319, g_loss 0.0142, disc_weight 0.4000, disc_adaptive_weight 5.9961, d_loss 0.4006, logits_real -0.0159, logits_fake -0.0142,
Train Epoch: [19/30] Iters:[420/1093] gen_loss 0.2272, rec_loss 0.0109, lpips_loss 0.1323, g_loss 0.0140, disc_weight 0.4000, disc_adaptive_weight 5.9530, d_loss 0.4006, logits_real -0.0154, logits_fake -0.0139,
Train Epoch: [19/30] Iters:[430/1093] gen_loss 0.2279, rec_loss 0.0109, lpips_loss 0.1322, g_loss 0.0138, disc_weight 0.4000, disc_adaptive_weight 6.1134, d_loss 0.4005, logits_real -0.0151, logits_fake -0.0137,
Train Epoch: [19/30] Iters:[440/1093] gen_loss 0.2320, rec_loss 0.0110, lpips_loss 0.1330, g_loss 0.0138, disc_weight 0.4000, disc_adaptive_weight 6.3861, d_loss 0.4006, logits_real -0.0151, logits_fake -0.0135,
Train Epoch: [19/30] Iters:[450/1093] gen_loss 0.2318, rec_loss 0.0110, lpips_loss 0.1331, g_loss 0.0136, disc_weight 0.4000, disc_adaptive_weight 6.4576, d_loss 0.4006, logits_real -0.0150, logits_fake -0.0134,
Train Epoch: [19/30] Iters:[460/1093] gen_loss 0.2284, rec_loss 0.0110, lpips_loss 0.1329, g_loss 0.0138, disc_weight 0.4000, disc_adaptive_weight 6.1177, d_loss 0.4006, logits_real -0.0152, logits_fake -0.0135,
Train Epoch: [19/30] Iters:[470/1093] gen_loss 0.2332, rec_loss 0.0109, lpips_loss 0.1325, g_loss 0.0137, disc_weight 0.4000, disc_adaptive_weight 6.5562, d_loss 0.4006, logits_real -0.0153, logits_fake -0.0135,
Train Epoch: [19/30] Iters:[480/1093] gen_loss 0.2298, rec_loss 0.0110, lpips_loss 0.1327, g_loss 0.0135, disc_weight 0.4000, disc_adaptive_weight 6.3796, d_loss 0.4007, logits_real -0.0153, logits_fake -0.0134,
Train Epoch: [19/30] Iters:[490/1093] gen_loss 0.2282, rec_loss 0.0111, lpips_loss 0.1326, g_loss 0.0137, disc_weight 0.4000, disc_adaptive_weight 6.1710, d_loss 0.4006, logits_real -0.0153, logits_fake -0.0138,
Train Epoch: [19/30] Iters:[500/1093] gen_loss 0.2318, rec_loss 0.0111, lpips_loss 0.1327, g_loss 0.0140, disc_weight 0.4000, disc_adaptive_weight 6.2951, d_loss 0.4006, logits_real -0.0155, logits_fake -0.0140,
Train Epoch: [19/30] Iters:[510/1093] gen_loss 0.2308, rec_loss 0.0111, lpips_loss 0.1326, g_loss 0.0139, disc_weight 0.4000, disc_adaptive_weight 6.2988, d_loss 0.4006, logits_real -0.0155, logits_fake -0.0140,
Train Epoch: [19/30] Iters:[520/1093] gen_loss 0.2298, rec_loss 0.0113, lpips_loss 0.1331, g_loss 0.0141, disc_weight 0.4000, disc_adaptive_weight 6.0620, d_loss 0.4006, logits_real -0.0155, logits_fake -0.0140,
Train Epoch: [19/30] Iters:[530/1093] gen_loss 0.2312, rec_loss 0.0112, lpips_loss 0.1332, g_loss 0.0145, disc_weight 0.4000, disc_adaptive_weight 5.9794, d_loss 0.4006, logits_real -0.0160, logits_fake -0.0145,
Train Epoch: [19/30] Iters:[540/1093] gen_loss 0.2365, rec_loss 0.0111, lpips_loss 0.1332, g_loss 0.0150, disc_weight 0.4000, disc_adaptive_weight 6.1580, d_loss 0.4006, logits_real -0.0164, logits_fake -0.0149,
Train Epoch: [19/30] Iters:[550/1093] gen_loss 0.2372, rec_loss 0.0111, lpips_loss 0.1329, g_loss 0.0152, disc_weight 0.4000, disc_adaptive_weight 6.1256, d_loss 0.4006, logits_real -0.0167, logits_fake -0.0152,
Train Epoch: [19/30] Iters:[560/1093] gen_loss 0.2387, rec_loss 0.0112, lpips_loss 0.1330, g_loss 0.0155, disc_weight 0.4000, disc_adaptive_weight 6.1143, d_loss 0.4006, logits_real -0.0170, logits_fake -0.0154,
Train Epoch: [19/30] Iters:[570/1093] gen_loss 0.2359, rec_loss 0.0110, lpips_loss 0.1324, g_loss 0.0157, disc_weight 0.4000, disc_adaptive_weight 5.9122, d_loss 0.4005, logits_real -0.0173, logits_fake -0.0159,
Train Epoch: [19/30] Iters:[580/1093] gen_loss 0.2362, rec_loss 0.0111, lpips_loss 0.1321, g_loss 0.0157, disc_weight 0.4000, disc_adaptive_weight 5.9509, d_loss 0.4006, logits_real -0.0172, logits_fake -0.0157,
Train Epoch: [19/30] Iters:[590/1093] gen_loss 0.2322, rec_loss 0.0111, lpips_loss 0.1321, g_loss 0.0152, disc_weight 0.4000, disc_adaptive_weight 5.8395, d_loss 0.4006, logits_real -0.0169, logits_fake -0.0153,
Train Epoch: [19/30] Iters:[600/1093] gen_loss 0.2344, rec_loss 0.0111, lpips_loss 0.1320, g_loss 0.0151, disc_weight 0.4000, disc_adaptive_weight 6.0133, d_loss 0.4006, logits_real -0.0167, logits_fake -0.0151,
Train Epoch: [19/30] Iters:[610/1093] gen_loss 0.2390, rec_loss 0.0111, lpips_loss 0.1325, g_loss 0.0152, disc_weight 0.4000, disc_adaptive_weight 6.2558, d_loss 0.4006, logits_real -0.0166, logits_fake -0.0152,
Train Epoch: [19/30] Iters:[620/1093] gen_loss 0.2410, rec_loss 0.0111, lpips_loss 0.1325, g_loss 0.0154, disc_weight 0.4000, disc_adaptive_weight 6.3369, d_loss 0.4006, logits_real -0.0170, logits_fake -0.0153,
Train Epoch: [19/30] Iters:[630/1093] gen_loss 0.2463, rec_loss 0.0111, lpips_loss 0.1331, g_loss 0.0159, disc_weight 0.4000, disc_adaptive_weight 6.4302, d_loss 0.4006, logits_real -0.0175, logits_fake -0.0157,
Train Epoch: [19/30] Iters:[640/1093] gen_loss 0.2484, rec_loss 0.0111, lpips_loss 0.1332, g_loss 0.0163, disc_weight 0.4000, disc_adaptive_weight 6.4288, d_loss 0.4006, logits_real -0.0180, logits_fake -0.0163,
Train Epoch: [19/30] Iters:[650/1093] gen_loss 0.2450, rec_loss 0.0111, lpips_loss 0.1335, g_loss 0.0165, disc_weight 0.4000, disc_adaptive_weight 6.1409, d_loss 0.4006, logits_real -0.0183, logits_fake -0.0166,
Train Epoch: [19/30] Iters:[660/1093] gen_loss 0.2406, rec_loss 0.0112, lpips_loss 0.1336, g_loss 0.0166, disc_weight 0.4000, disc_adaptive_weight 5.8099, d_loss 0.4007, logits_real -0.0184, logits_fake -0.0165,
Train Epoch: [19/30] Iters:[670/1093] gen_loss 0.2429, rec_loss 0.0112, lpips_loss 0.1336, g_loss 0.0167, disc_weight 0.4000, disc_adaptive_weight 5.8890, d_loss 0.4006, logits_real -0.0183, logits_fake -0.0166,
Train Epoch: [19/30] Iters:[680/1093] gen_loss 0.2396, rec_loss 0.0112, lpips_loss 0.1330, g_loss 0.0165, disc_weight 0.4000, disc_adaptive_weight 5.8088, d_loss 0.4006, logits_real -0.0181, logits_fake -0.0165,
Train Epoch: [19/30] Iters:[690/1093] gen_loss 0.2422, rec_loss 0.0112, lpips_loss 0.1332, g_loss 0.0164, disc_weight 0.4000, disc_adaptive_weight 5.9477, d_loss 0.4006, logits_real -0.0180, logits_fake -0.0163,
Train Epoch: [19/30] Iters:[700/1093] gen_loss 0.2418, rec_loss 0.0111, lpips_loss 0.1327, g_loss 0.0165, disc_weight 0.4000, disc_adaptive_weight 5.9438, d_loss 0.4006, logits_real -0.0179, logits_fake -0.0163,
Train Epoch: [19/30] Iters:[710/1093] gen_loss 0.2480, rec_loss 0.0112, lpips_loss 0.1327, g_loss 0.0164, disc_weight 0.4000, disc_adaptive_weight 6.3823, d_loss 0.4006, logits_real -0.0176, logits_fake -0.0160,
Train Epoch: [19/30] Iters:[720/1093] gen_loss 0.2420, rec_loss 0.0112, lpips_loss 0.1326, g_loss 0.0160, disc_weight 0.4000, disc_adaptive_weight 6.1360, d_loss 0.4006, logits_real -0.0175, logits_fake -0.0159,
Train Epoch: [19/30] Iters:[730/1093] gen_loss 0.2417, rec_loss 0.0111, lpips_loss 0.1323, g_loss 0.0160, disc_weight 0.4000, disc_adaptive_weight 6.1371, d_loss 0.4006, logits_real -0.0175, logits_fake -0.0158,
Train Epoch: [19/30] Iters:[740/1093] gen_loss 0.2414, rec_loss 0.0112, lpips_loss 0.1328, g_loss 0.0160, disc_weight 0.4000, disc_adaptive_weight 6.0870, d_loss 0.4006, logits_real -0.0175, logits_fake -0.0159,
Train Epoch: [19/30] Iters:[750/1093] gen_loss 0.2387, rec_loss 0.0112, lpips_loss 0.1333, g_loss 0.0160, disc_weight 0.4000, disc_adaptive_weight 5.8923, d_loss 0.4006, logits_real -0.0176, logits_fake -0.0161,
Train Epoch: [19/30] Iters:[760/1093] gen_loss 0.2358, rec_loss 0.0110, lpips_loss 0.1327, g_loss 0.0160, disc_weight 0.4000, disc_adaptive_weight 5.7382, d_loss 0.4006, logits_real -0.0178, logits_fake -0.0163,
Train Epoch: [19/30] Iters:[770/1093] gen_loss 0.2419, rec_loss 0.0110, lpips_loss 0.1329, g_loss 0.0164, disc_weight 0.4000, disc_adaptive_weight 5.9775, d_loss 0.4006, logits_real -0.0182, logits_fake -0.0167,
Train Epoch: [19/30] Iters:[780/1093] gen_loss 0.2395, rec_loss 0.0110, lpips_loss 0.1331, g_loss 0.0165, disc_weight 0.4000, disc_adaptive_weight 5.7798, d_loss 0.4006, logits_real -0.0186, logits_fake -0.0171,
Train Epoch: [19/30] Iters:[790/1093] gen_loss 0.2341, rec_loss 0.0109, lpips_loss 0.1328, g_loss 0.0167, disc_weight 0.4000, disc_adaptive_weight 5.4370, d_loss 0.4006, logits_real -0.0187, logits_fake -0.0173,
Train Epoch: [19/30] Iters:[800/1093] gen_loss 0.2365, rec_loss 0.0108, lpips_loss 0.1327, g_loss 0.0168, disc_weight 0.4000, disc_adaptive_weight 5.5624, d_loss 0.4006, logits_real -0.0187, logits_fake -0.0173,
Train Epoch: [19/30] Iters:[810/1093] gen_loss 0.2368, rec_loss 0.0109, lpips_loss 0.1331, g_loss 0.0169, disc_weight 0.4000, disc_adaptive_weight 5.5197, d_loss 0.4006, logits_real -0.0187, logits_fake -0.0173,
Train Epoch: [19/30] Iters:[820/1093] gen_loss 0.2318, rec_loss 0.0109, lpips_loss 0.1327, g_loss 0.0164, disc_weight 0.4000, disc_adaptive_weight 5.3684, d_loss 0.4006, logits_real -0.0184, logits_fake -0.0169,
Train Epoch: [19/30] Iters:[830/1093] gen_loss 0.2298, rec_loss 0.0110, lpips_loss 0.1326, g_loss 0.0160, disc_weight 0.4000, disc_adaptive_weight 5.3924, d_loss 0.4006, logits_real -0.0177, logits_fake -0.0163,
Train Epoch: [19/30] Iters:[840/1093] gen_loss 0.2292, rec_loss 0.0110, lpips_loss 0.1321, g_loss 0.0157, disc_weight 0.4000, disc_adaptive_weight 5.4551, d_loss 0.4006, logits_real -0.0174, logits_fake -0.0159,
Train Epoch: [19/30] Iters:[850/1093] gen_loss 0.2351, rec_loss 0.0111, lpips_loss 0.1320, g_loss 0.0161, disc_weight 0.4000, disc_adaptive_weight 5.6540, d_loss 0.4006, logits_real -0.0176, logits_fake -0.0159,
Train Epoch: [19/30] Iters:[860/1093] gen_loss 0.2392, rec_loss 0.0112, lpips_loss 0.1325, g_loss 0.0166, disc_weight 0.4000, disc_adaptive_weight 5.7019, d_loss 0.4006, logits_real -0.0179, logits_fake -0.0162,
Train Epoch: [19/30] Iters:[870/1093] gen_loss 0.2490, rec_loss 0.0111, lpips_loss 0.1327, g_loss 0.0169, disc_weight 0.4000, disc_adaptive_weight 6.1345, d_loss 0.4006, logits_real -0.0182, logits_fake -0.0163,
Train Epoch: [19/30] Iters:[880/1093] gen_loss 0.2513, rec_loss 0.0112, lpips_loss 0.1332, g_loss 0.0170, disc_weight 0.4000, disc_adaptive_weight 6.2275, d_loss 0.4006, logits_real -0.0183, logits_fake -0.0164,
Train Epoch: [19/30] Iters:[890/1093] gen_loss 0.2547, rec_loss 0.0113, lpips_loss 0.1333, g_loss 0.0171, disc_weight 0.4000, disc_adaptive_weight 6.4217, d_loss 0.4006, logits_real -0.0182, logits_fake -0.0165,
Train Epoch: [19/30] Iters:[900/1093] gen_loss 0.2484, rec_loss 0.0113, lpips_loss 0.1333, g_loss 0.0165, disc_weight 0.4000, disc_adaptive_weight 6.2595, d_loss 0.4006, logits_real -0.0178, logits_fake -0.0160,
Train Epoch: [19/30] Iters:[910/1093] gen_loss 0.2455, rec_loss 0.0112, lpips_loss 0.1327, g_loss 0.0160, disc_weight 0.4000, disc_adaptive_weight 6.2668, d_loss 0.4006, logits_real -0.0176, logits_fake -0.0158,
Train Epoch: [19/30] Iters:[920/1093] gen_loss 0.2370, rec_loss 0.0112, lpips_loss 0.1325, g_loss 0.0160, disc_weight 0.4000, disc_adaptive_weight 5.7829, d_loss 0.4006, logits_real -0.0175, logits_fake -0.0159,
Train Epoch: [19/30] Iters:[930/1093] gen_loss 0.2431, rec_loss 0.0111, lpips_loss 0.1321, g_loss 0.0164, disc_weight 0.4000, disc_adaptive_weight 6.0700, d_loss 0.4006, logits_real -0.0179, logits_fake -0.0160,
Train Epoch: [19/30] Iters:[940/1093] gen_loss 0.2423, rec_loss 0.0112, lpips_loss 0.1324, g_loss 0.0165, disc_weight 0.4000, disc_adaptive_weight 5.9416, d_loss 0.4007, logits_real -0.0181, logits_fake -0.0161,
Train Epoch: [19/30] Iters:[950/1093] gen_loss 0.2468, rec_loss 0.0114, lpips_loss 0.1328, g_loss 0.0168, disc_weight 0.4000, disc_adaptive_weight 6.0692, d_loss 0.4006, logits_real -0.0185, logits_fake -0.0167,
Train Epoch: [19/30] Iters:[960/1093] gen_loss 0.2441, rec_loss 0.0113, lpips_loss 0.1327, g_loss 0.0170, disc_weight 0.4000, disc_adaptive_weight 5.8852, d_loss 0.4006, logits_real -0.0187, logits_fake -0.0171,
Train Epoch: [19/30] Iters:[970/1093] gen_loss 0.2457, rec_loss 0.0113, lpips_loss 0.1328, g_loss 0.0171, disc_weight 0.4000, disc_adaptive_weight 5.9496, d_loss 0.4006, logits_real -0.0188, logits_fake -0.0171,
Train Epoch: [19/30] Iters:[980/1093] gen_loss 0.2384, rec_loss 0.0111, lpips_loss 0.1327, g_loss 0.0169, disc_weight 0.4000, disc_adaptive_weight 5.5836, d_loss 0.4006, logits_real -0.0185, logits_fake -0.0169,
Train Epoch: [19/30] Iters:[990/1093] gen_loss 0.2403, rec_loss 0.0110, lpips_loss 0.1325, g_loss 0.0164, disc_weight 0.4000, disc_adaptive_weight 5.8852, d_loss 0.4006, logits_real -0.0181, logits_fake -0.0165,
Train Epoch: [19/30] Iters:[1000/1093] gen_loss 0.2401, rec_loss 0.0110, lpips_loss 0.1324, g_loss 0.0159, disc_weight 0.4000, disc_adaptive_weight 6.1175, d_loss 0.4006, logits_real -0.0176, logits_fake -0.0160,
Train Epoch: [19/30] Iters:[1010/1093] gen_loss 0.2443, rec_loss 0.0111, lpips_loss 0.1327, g_loss 0.0153, disc_weight 0.4000, disc_adaptive_weight 6.5792, d_loss 0.4006, logits_real -0.0171, logits_fake -0.0154,
Train Epoch: [19/30] Iters:[1020/1093] gen_loss 0.2408, rec_loss 0.0111, lpips_loss 0.1328, g_loss 0.0148, disc_weight 0.4000, disc_adaptive_weight 6.5321, d_loss 0.4006, logits_real -0.0166, logits_fake -0.0150,
Train Epoch: [19/30] Iters:[1030/1093] gen_loss 0.2498, rec_loss 0.0112, lpips_loss 0.1328, g_loss 0.0145, disc_weight 0.4000, disc_adaptive_weight 7.2517, d_loss 0.4006, logits_real -0.0163, logits_fake -0.0147,
Train Epoch: [19/30] Iters:[1040/1093] gen_loss 0.2480, rec_loss 0.0113, lpips_loss 0.1326, g_loss 0.0146, disc_weight 0.4000, disc_adaptive_weight 7.1301, d_loss 0.4006, logits_real -0.0163, logits_fake -0.0146,
Train Epoch: [19/30] Iters:[1050/1093] gen_loss 0.2434, rec_loss 0.0112, lpips_loss 0.1327, g_loss 0.0147, disc_weight 0.4000, disc_adaptive_weight 6.7939, d_loss 0.4006, logits_real -0.0163, logits_fake -0.0146,
Train Epoch: [19/30] Iters:[1060/1093] gen_loss 0.2358, rec_loss 0.0111, lpips_loss 0.1324, g_loss 0.0147, disc_weight 0.4000, disc_adaptive_weight 6.2872, d_loss 0.4006, logits_real -0.0163, logits_fake -0.0145,
Train Epoch: [19/30] Iters:[1070/1093] gen_loss 0.2362, rec_loss 0.0110, lpips_loss 0.1325, g_loss 0.0148, disc_weight 0.4000, disc_adaptive_weight 6.2634, d_loss 0.4006, logits_real -0.0164, logits_fake -0.0146,
Train Epoch: [19/30] Iters:[1080/1093] gen_loss 0.2248, rec_loss 0.0109, lpips_loss 0.1324, g_loss 0.0149, disc_weight 0.4000, disc_adaptive_weight 5.4576, d_loss 0.4006, logits_real -0.0166, logits_fake -0.0147,
Train Epoch: [19/30] Iters:[1090/1093] gen_loss 0.2291, rec_loss 0.0109, lpips_loss 0.1328, g_loss 0.0150, disc_weight 0.4000, disc_adaptive_weight 5.7082, d_loss 0.4006, logits_real -0.0165, logits_fake -0.0147,
epoch:20, cur_lr:0.000010
Train Epoch: [20/30] Iters:[10/1093] gen_loss 0.2110, rec_loss 0.0106, lpips_loss 0.1319, g_loss 0.0134, disc_weight 0.4000, disc_adaptive_weight 5.0974, d_loss 0.4006, logits_real -0.0163, logits_fake -0.0144,
Train Epoch: [20/30] Iters:[20/1093] gen_loss 0.2259, rec_loss 0.0108, lpips_loss 0.1328, g_loss 0.0142, disc_weight 0.4000, disc_adaptive_weight 5.7214, d_loss 0.4007, logits_real -0.0162, logits_fake -0.0143,
Train Epoch: [20/30] Iters:[30/1093] gen_loss 0.2285, rec_loss 0.0110, lpips_loss 0.1329, g_loss 0.0145, disc_weight 0.4000, disc_adaptive_weight 5.8162, d_loss 0.4006, logits_real -0.0164, logits_fake -0.0146,
Train Epoch: [20/30] Iters:[40/1093] gen_loss 0.2301, rec_loss 0.0109, lpips_loss 0.1326, g_loss 0.0148, disc_weight 0.4000, disc_adaptive_weight 5.8103, d_loss 0.4007, logits_real -0.0167, logits_fake -0.0149,
Train Epoch: [20/30] Iters:[50/1093] gen_loss 0.2331, rec_loss 0.0110, lpips_loss 0.1325, g_loss 0.0151, disc_weight 0.4000, disc_adaptive_weight 5.9210, d_loss 0.4006, logits_real -0.0169, logits_fake -0.0151,
Train Epoch: [20/30] Iters:[60/1093] gen_loss 0.2383, rec_loss 0.0111, lpips_loss 0.1325, g_loss 0.0157, disc_weight 0.4000, disc_adaptive_weight 6.0329, d_loss 0.4006, logits_real -0.0173, logits_fake -0.0154,
Train Epoch: [20/30] Iters:[70/1093] gen_loss 0.2388, rec_loss 0.0111, lpips_loss 0.1325, g_loss 0.0159, disc_weight 0.4000, disc_adaptive_weight 5.9727, d_loss 0.4006, logits_real -0.0176, logits_fake -0.0159,
Train Epoch: [20/30] Iters:[80/1093] gen_loss 0.2404, rec_loss 0.0110, lpips_loss 0.1320, g_loss 0.0163, disc_weight 0.4000, disc_adaptive_weight 5.9790, d_loss 0.4006, logits_real -0.0179, logits_fake -0.0160,
Train Epoch: [20/30] Iters:[90/1093] gen_loss 0.2393, rec_loss 0.0111, lpips_loss 0.1319, g_loss 0.0162, disc_weight 0.4000, disc_adaptive_weight 5.9527, d_loss 0.4006, logits_real -0.0176, logits_fake -0.0160,
Train Epoch: [20/30] Iters:[100/1093] gen_loss 0.2341, rec_loss 0.0110, lpips_loss 0.1319, g_loss 0.0157, disc_weight 0.4000, disc_adaptive_weight 5.7745, d_loss 0.4006, logits_real -0.0172, logits_fake -0.0156,
Train Epoch: [20/30] Iters:[110/1093] gen_loss 0.2336, rec_loss 0.0111, lpips_loss 0.1321, g_loss 0.0153, disc_weight 0.4000, disc_adaptive_weight 5.8870, d_loss 0.4006, logits_real -0.0166, logits_fake -0.0151,
Train Epoch: [20/30] Iters:[120/1093] gen_loss 0.2284, rec_loss 0.0111, lpips_loss 0.1319, g_loss 0.0151, disc_weight 0.4000, disc_adaptive_weight 5.6459, d_loss 0.4006, logits_real -0.0164, logits_fake -0.0148,
Train Epoch: [20/30] Iters:[130/1093] gen_loss 0.2297, rec_loss 0.0112, lpips_loss 0.1327, g_loss 0.0149, disc_weight 0.4000, disc_adaptive_weight 5.7788, d_loss 0.4006, logits_real -0.0161, logits_fake -0.0147,
Train Epoch: [20/30] Iters:[140/1093] gen_loss 0.2320, rec_loss 0.0113, lpips_loss 0.1334, g_loss 0.0146, disc_weight 0.4000, disc_adaptive_weight 5.9892, d_loss 0.4006, logits_real -0.0161, logits_fake -0.0144,
Train Epoch: [20/30] Iters:[150/1093] gen_loss 0.2351, rec_loss 0.0114, lpips_loss 0.1335, g_loss 0.0146, disc_weight 0.4000, disc_adaptive_weight 6.2018, d_loss 0.4006, logits_real -0.0161, logits_fake -0.0145,
Train Epoch: [20/30] Iters:[160/1093] gen_loss 0.2329, rec_loss 0.0113, lpips_loss 0.1334, g_loss 0.0145, disc_weight 0.4000, disc_adaptive_weight 6.1003, d_loss 0.4006, logits_real -0.0161, logits_fake -0.0144,
Train Epoch: [20/30] Iters:[170/1093] gen_loss 0.2321, rec_loss 0.0113, lpips_loss 0.1333, g_loss 0.0141, disc_weight 0.4000, disc_adaptive_weight 6.1930, d_loss 0.4006, logits_real -0.0157, logits_fake -0.0141,
Train Epoch: [20/30] Iters:[180/1093] gen_loss 0.2293, rec_loss 0.0112, lpips_loss 0.1324, g_loss 0.0136, disc_weight 0.4000, disc_adaptive_weight 6.2619, d_loss 0.4006, logits_real -0.0152, logits_fake -0.0135,
Train Epoch: [20/30] Iters:[190/1093] gen_loss 0.2260, rec_loss 0.0112, lpips_loss 0.1319, g_loss 0.0135, disc_weight 0.4000, disc_adaptive_weight 6.1288, d_loss 0.4006, logits_real -0.0150, logits_fake -0.0135,
Train Epoch: [20/30] Iters:[200/1093] gen_loss 0.2228, rec_loss 0.0112, lpips_loss 0.1319, g_loss 0.0136, disc_weight 0.4000, disc_adaptive_weight 5.8700, d_loss 0.4006, logits_real -0.0151, logits_fake -0.0136,
Train Epoch: [20/30] Iters:[210/1093] gen_loss 0.2237, rec_loss 0.0111, lpips_loss 0.1315, g_loss 0.0136, disc_weight 0.4000, disc_adaptive_weight 5.9511, d_loss 0.4005, logits_real -0.0151, logits_fake -0.0137,
Train Epoch: [20/30] Iters:[220/1093] gen_loss 0.2284, rec_loss 0.0110, lpips_loss 0.1315, g_loss 0.0138, disc_weight 0.4000, disc_adaptive_weight 6.2181, d_loss 0.4005, logits_real -0.0154, logits_fake -0.0139,
Train Epoch: [20/30] Iters:[230/1093] gen_loss 0.2289, rec_loss 0.0110, lpips_loss 0.1321, g_loss 0.0141, disc_weight 0.4000, disc_adaptive_weight 6.1147, d_loss 0.4005, logits_real -0.0158, logits_fake -0.0144,
Train Epoch: [20/30] Iters:[240/1093] gen_loss 0.2297, rec_loss 0.0108, lpips_loss 0.1322, g_loss 0.0144, disc_weight 0.4000, disc_adaptive_weight 6.0178, d_loss 0.4005, logits_real -0.0160, logits_fake -0.0146,
Train Epoch: [20/30] Iters:[250/1093] gen_loss 0.2341, rec_loss 0.0109, lpips_loss 0.1326, g_loss 0.0143, disc_weight 0.4000, disc_adaptive_weight 6.3420, d_loss 0.4005, logits_real -0.0160, logits_fake -0.0145,
Train Epoch: [20/30] Iters:[260/1093] gen_loss 0.2320, rec_loss 0.0110, lpips_loss 0.1327, g_loss 0.0143, disc_weight 0.4000, disc_adaptive_weight 6.1918, d_loss 0.4005, logits_real -0.0160, logits_fake -0.0146,
Train Epoch: [20/30] Iters:[270/1093] gen_loss 0.2331, rec_loss 0.0110, lpips_loss 0.1325, g_loss 0.0145, disc_weight 0.4000, disc_adaptive_weight 6.1858, d_loss 0.4005, logits_real -0.0161, logits_fake -0.0148,
Train Epoch: [20/30] Iters:[280/1093] gen_loss 0.2374, rec_loss 0.0110, lpips_loss 0.1323, g_loss 0.0148, disc_weight 0.4000, disc_adaptive_weight 6.3638, d_loss 0.4005, logits_real -0.0162, logits_fake -0.0148,
Train Epoch: [20/30] Iters:[290/1093] gen_loss 0.2388, rec_loss 0.0111, lpips_loss 0.1323, g_loss 0.0149, disc_weight 0.4000, disc_adaptive_weight 6.3868, d_loss 0.4006, logits_real -0.0163, logits_fake -0.0149,
Train Epoch: [20/30] Iters:[300/1093] gen_loss 0.2508, rec_loss 0.0110, lpips_loss 0.1319, g_loss 0.0156, disc_weight 0.4000, disc_adaptive_weight 6.8617, d_loss 0.4005, logits_real -0.0168, logits_fake -0.0155,
Train Epoch: [20/30] Iters:[310/1093] gen_loss 0.2545, rec_loss 0.0111, lpips_loss 0.1324, g_loss 0.0159, disc_weight 0.4000, disc_adaptive_weight 6.9659, d_loss 0.4006, logits_real -0.0170, logits_fake -0.0155,
Train Epoch: [20/30] Iters:[320/1093] gen_loss 0.2517, rec_loss 0.0112, lpips_loss 0.1330, g_loss 0.0158, disc_weight 0.4000, disc_adaptive_weight 6.7843, d_loss 0.4006, logits_real -0.0171, logits_fake -0.0155,
Train Epoch: [20/30] Iters:[330/1093] gen_loss 0.2486, rec_loss 0.0111, lpips_loss 0.1328, g_loss 0.0156, disc_weight 0.4000, disc_adaptive_weight 6.6265, d_loss 0.4006, logits_real -0.0170, logits_fake -0.0154,
Train Epoch: [20/30] Iters:[340/1093] gen_loss 0.2460, rec_loss 0.0111, lpips_loss 0.1324, g_loss 0.0155, disc_weight 0.4000, disc_adaptive_weight 6.5491, d_loss 0.4006, logits_real -0.0170, logits_fake -0.0153,
Train Epoch: [20/30] Iters:[350/1093] gen_loss 0.2330, rec_loss 0.0112, lpips_loss 0.1326, g_loss 0.0152, disc_weight 0.4000, disc_adaptive_weight 5.8579, d_loss 0.4006, logits_real -0.0168, logits_fake -0.0150,
Train Epoch: [20/30] Iters:[360/1093] gen_loss 0.2313, rec_loss 0.0110, lpips_loss 0.1322, g_loss 0.0152, disc_weight 0.4000, disc_adaptive_weight 5.8011, d_loss 0.4006, logits_real -0.0167, logits_fake -0.0149,
Train Epoch: [20/30] Iters:[370/1093] gen_loss 0.2348, rec_loss 0.0110, lpips_loss 0.1320, g_loss 0.0151, disc_weight 0.4000, disc_adaptive_weight 6.0791, d_loss 0.4006, logits_real -0.0166, logits_fake -0.0149,
Train Epoch: [20/30] Iters:[380/1093] gen_loss 0.2339, rec_loss 0.0110, lpips_loss 0.1325, g_loss 0.0152, disc_weight 0.4000, disc_adaptive_weight 5.9498, d_loss 0.4006, logits_real -0.0168, logits_fake -0.0150,
Train Epoch: [20/30] Iters:[390/1093] gen_loss 0.2351, rec_loss 0.0110, lpips_loss 0.1329, g_loss 0.0152, disc_weight 0.4000, disc_adaptive_weight 6.0123, d_loss 0.4006, logits_real -0.0167, logits_fake -0.0149,
Train Epoch: [20/30] Iters:[400/1093] gen_loss 0.2373, rec_loss 0.0109, lpips_loss 0.1325, g_loss 0.0150, disc_weight 0.4000, disc_adaptive_weight 6.2677, d_loss 0.4006, logits_real -0.0166, logits_fake -0.0150,
Train Epoch: [20/30] Iters:[410/1093] gen_loss 0.2349, rec_loss 0.0110, lpips_loss 0.1329, g_loss 0.0147, disc_weight 0.4000, disc_adaptive_weight 6.2081, d_loss 0.4006, logits_real -0.0164, logits_fake -0.0147,
Train Epoch: [20/30] Iters:[420/1093] gen_loss 0.2286, rec_loss 0.0109, lpips_loss 0.1330, g_loss 0.0144, disc_weight 0.4000, disc_adaptive_weight 5.8427, d_loss 0.4006, logits_real -0.0162, logits_fake -0.0144,
Train Epoch: [20/30] Iters:[430/1093] gen_loss 0.2269, rec_loss 0.0109, lpips_loss 0.1331, g_loss 0.0142, disc_weight 0.4000, disc_adaptive_weight 5.8153, d_loss 0.4006, logits_real -0.0159, logits_fake -0.0142,
Train Epoch: [20/30] Iters:[440/1093] gen_loss 0.2278, rec_loss 0.0109, lpips_loss 0.1326, g_loss 0.0142, disc_weight 0.4000, disc_adaptive_weight 5.9023, d_loss 0.4006, logits_real -0.0157, logits_fake -0.0141,
Train Epoch: [20/30] Iters:[450/1093] gen_loss 0.2230, rec_loss 0.0109, lpips_loss 0.1328, g_loss 0.0144, disc_weight 0.4000, disc_adaptive_weight 5.5104, d_loss 0.4006, logits_real -0.0159, logits_fake -0.0143,
Train Epoch: [20/30] Iters:[460/1093] gen_loss 0.2356, rec_loss 0.0109, lpips_loss 0.1321, g_loss 0.0149, disc_weight 0.4000, disc_adaptive_weight 6.1389, d_loss 0.4006, logits_real -0.0163, logits_fake -0.0147,
Train Epoch: [20/30] Iters:[470/1093] gen_loss 0.2407, rec_loss 0.0110, lpips_loss 0.1326, g_loss 0.0154, disc_weight 0.4000, disc_adaptive_weight 6.2853, d_loss 0.4006, logits_real -0.0168, logits_fake -0.0152,
Train Epoch: [20/30] Iters:[480/1093] gen_loss 0.2443, rec_loss 0.0110, lpips_loss 0.1320, g_loss 0.0156, disc_weight 0.4000, disc_adaptive_weight 6.4661, d_loss 0.4006, logits_real -0.0169, logits_fake -0.0153,
Train Epoch: [20/30] Iters:[490/1093] gen_loss 0.2459, rec_loss 0.0111, lpips_loss 0.1327, g_loss 0.0155, disc_weight 0.4000, disc_adaptive_weight 6.5722, d_loss 0.4006, logits_real -0.0169, logits_fake -0.0154,
Train Epoch: [20/30] Iters:[500/1093] gen_loss 0.2485, rec_loss 0.0111, lpips_loss 0.1329, g_loss 0.0153, disc_weight 0.4000, disc_adaptive_weight 6.8129, d_loss 0.4006, logits_real -0.0168, logits_fake -0.0151,
Train Epoch: [20/30] Iters:[510/1093] gen_loss 0.2444, rec_loss 0.0111, lpips_loss 0.1335, g_loss 0.0150, disc_weight 0.4000, disc_adaptive_weight 6.6312, d_loss 0.4006, logits_real -0.0166, logits_fake -0.0149,
Train Epoch: [20/30] Iters:[520/1093] gen_loss 0.2428, rec_loss 0.0111, lpips_loss 0.1336, g_loss 0.0149, disc_weight 0.4000, disc_adaptive_weight 6.5726, d_loss 0.4006, logits_real -0.0164, logits_fake -0.0147,
Train Epoch: [20/30] Iters:[530/1093] gen_loss 0.2403, rec_loss 0.0111, lpips_loss 0.1338, g_loss 0.0148, disc_weight 0.4000, disc_adaptive_weight 6.4304, d_loss 0.4006, logits_real -0.0165, logits_fake -0.0147,
Train Epoch: [20/30] Iters:[540/1093] gen_loss 0.2403, rec_loss 0.0109, lpips_loss 0.1332, g_loss 0.0149, disc_weight 0.4000, disc_adaptive_weight 6.4321, d_loss 0.4006, logits_real -0.0165, logits_fake -0.0149,
Train Epoch: [20/30] Iters:[550/1093] gen_loss 0.2388, rec_loss 0.0110, lpips_loss 0.1331, g_loss 0.0150, disc_weight 0.4000, disc_adaptive_weight 6.2853, d_loss 0.4006, logits_real -0.0165, logits_fake -0.0150,
Train Epoch: [20/30] Iters:[560/1093] gen_loss 0.2334, rec_loss 0.0110, lpips_loss 0.1327, g_loss 0.0151, disc_weight 0.4000, disc_adaptive_weight 5.9436, d_loss 0.4006, logits_real -0.0165, logits_fake -0.0151,
Train Epoch: [20/30] Iters:[570/1093] gen_loss 0.2323, rec_loss 0.0108, lpips_loss 0.1318, g_loss 0.0150, disc_weight 0.4000, disc_adaptive_weight 5.9694, d_loss 0.4006, logits_real -0.0163, logits_fake -0.0149,
Train Epoch: [20/30] Iters:[580/1093] gen_loss 0.2300, rec_loss 0.0108, lpips_loss 0.1318, g_loss 0.0149, disc_weight 0.4000, disc_adaptive_weight 5.8412, d_loss 0.4006, logits_real -0.0162, logits_fake -0.0147,
Train Epoch: [20/30] Iters:[590/1093] gen_loss 0.2317, rec_loss 0.0108, lpips_loss 0.1323, g_loss 0.0147, disc_weight 0.4000, disc_adaptive_weight 5.9978, d_loss 0.4006, logits_real -0.0161, logits_fake -0.0145,
Train Epoch: [20/30] Iters:[600/1093] gen_loss 0.2330, rec_loss 0.0107, lpips_loss 0.1317, g_loss 0.0144, disc_weight 0.4000, disc_adaptive_weight 6.2759, d_loss 0.4006, logits_real -0.0160, logits_fake -0.0142,
Train Epoch: [20/30] Iters:[610/1093] gen_loss 0.2356, rec_loss 0.0108, lpips_loss 0.1321, g_loss 0.0140, disc_weight 0.4000, disc_adaptive_weight 6.6084, d_loss 0.4006, logits_real -0.0157, logits_fake -0.0138,
Train Epoch: [20/30] Iters:[620/1093] gen_loss 0.2362, rec_loss 0.0109, lpips_loss 0.1322, g_loss 0.0139, disc_weight 0.4000, disc_adaptive_weight 6.6849, d_loss 0.4006, logits_real -0.0157, logits_fake -0.0139,
Train Epoch: [20/30] Iters:[630/1093] gen_loss 0.2358, rec_loss 0.0109, lpips_loss 0.1324, g_loss 0.0140, disc_weight 0.4000, disc_adaptive_weight 6.6420, d_loss 0.4006, logits_real -0.0157, logits_fake -0.0141,
Train Epoch: [20/30] Iters:[640/1093] gen_loss 0.2333, rec_loss 0.0110, lpips_loss 0.1319, g_loss 0.0141, disc_weight 0.4000, disc_adaptive_weight 6.4387, d_loss 0.4006, logits_real -0.0158, logits_fake -0.0144,
Train Epoch: [20/30] Iters:[650/1093] gen_loss 0.2366, rec_loss 0.0111, lpips_loss 0.1326, g_loss 0.0143, disc_weight 0.4000, disc_adaptive_weight 6.5268, d_loss 0.4005, logits_real -0.0158, logits_fake -0.0146,
Train Epoch: [20/30] Iters:[660/1093] gen_loss 0.2348, rec_loss 0.0111, lpips_loss 0.1325, g_loss 0.0145, disc_weight 0.4000, disc_adaptive_weight 6.3075, d_loss 0.4005, logits_real -0.0161, logits_fake -0.0149,
Train Epoch: [20/30] Iters:[670/1093] gen_loss 0.2353, rec_loss 0.0112, lpips_loss 0.1331, g_loss 0.0146, disc_weight 0.4000, disc_adaptive_weight 6.2555, d_loss 0.4006, logits_real -0.0164, logits_fake -0.0150,
Train Epoch: [20/30] Iters:[680/1093] gen_loss 0.2408, rec_loss 0.0111, lpips_loss 0.1327, g_loss 0.0145, disc_weight 0.4000, disc_adaptive_weight 6.7341, d_loss 0.4006, logits_real -0.0161, logits_fake -0.0147,
Train Epoch: [20/30] Iters:[690/1093] gen_loss 0.2379, rec_loss 0.0112, lpips_loss 0.1332, g_loss 0.0139, disc_weight 0.4000, disc_adaptive_weight 6.7633, d_loss 0.4005, logits_real -0.0154, logits_fake -0.0140,
Train Epoch: [20/30] Iters:[700/1093] gen_loss 0.2338, rec_loss 0.0110, lpips_loss 0.1330, g_loss 0.0133, disc_weight 0.4000, disc_adaptive_weight 6.8038, d_loss 0.4005, logits_real -0.0149, logits_fake -0.0135,
Train Epoch: [20/30] Iters:[710/1093] gen_loss 0.2318, rec_loss 0.0111, lpips_loss 0.1333, g_loss 0.0129, disc_weight 0.4000, disc_adaptive_weight 6.8495, d_loss 0.4006, logits_real -0.0145, logits_fake -0.0130,
Train Epoch: [20/30] Iters:[720/1093] gen_loss 0.2302, rec_loss 0.0110, lpips_loss 0.1327, g_loss 0.0127, disc_weight 0.4000, disc_adaptive_weight 6.8466, d_loss 0.4005, logits_real -0.0138, logits_fake -0.0126,
Train Epoch: [20/30] Iters:[730/1093] gen_loss 0.2344, rec_loss 0.0110, lpips_loss 0.1330, g_loss 0.0126, disc_weight 0.4000, disc_adaptive_weight 7.1533, d_loss 0.4005, logits_real -0.0137, logits_fake -0.0125,
Train Epoch: [20/30] Iters:[740/1093] gen_loss 0.2373, rec_loss 0.0110, lpips_loss 0.1334, g_loss 0.0127, disc_weight 0.4000, disc_adaptive_weight 7.2499, d_loss 0.4005, logits_real -0.0141, logits_fake -0.0128,
Train Epoch: [20/30] Iters:[750/1093] gen_loss 0.2395, rec_loss 0.0111, lpips_loss 0.1335, g_loss 0.0131, disc_weight 0.4000, disc_adaptive_weight 7.1674, d_loss 0.4006, logits_real -0.0147, logits_fake -0.0132,
Train Epoch: [20/30] Iters:[760/1093] gen_loss 0.2395, rec_loss 0.0112, lpips_loss 0.1337, g_loss 0.0131, disc_weight 0.4000, disc_adaptive_weight 7.1161, d_loss 0.4006, logits_real -0.0148, logits_fake -0.0133,
Train Epoch: [20/30] Iters:[770/1093] gen_loss 0.2382, rec_loss 0.0112, lpips_loss 0.1339, g_loss 0.0129, disc_weight 0.4000, disc_adaptive_weight 7.1063, d_loss 0.4006, logits_real -0.0149, logits_fake -0.0133,
Train Epoch: [20/30] Iters:[780/1093] gen_loss 0.2326, rec_loss 0.0112, lpips_loss 0.1340, g_loss 0.0127, disc_weight 0.4000, disc_adaptive_weight 6.7779, d_loss 0.4006, logits_real -0.0148, logits_fake -0.0131,
Train Epoch: [20/30] Iters:[790/1093] gen_loss 0.2284, rec_loss 0.0112, lpips_loss 0.1333, g_loss 0.0127, disc_weight 0.4000, disc_adaptive_weight 6.5383, d_loss 0.4007, logits_real -0.0147, logits_fake -0.0127,
Train Epoch: [20/30] Iters:[800/1093] gen_loss 0.2241, rec_loss 0.0111, lpips_loss 0.1332, g_loss 0.0124, disc_weight 0.4000, disc_adaptive_weight 6.3969, d_loss 0.4006, logits_real -0.0139, logits_fake -0.0122,
Train Epoch: [20/30] Iters:[810/1093] gen_loss 0.2238, rec_loss 0.0110, lpips_loss 0.1328, g_loss 0.0123, disc_weight 0.4000, disc_adaptive_weight 6.4937, d_loss 0.4006, logits_real -0.0137, logits_fake -0.0121,
Train Epoch: [20/30] Iters:[820/1093] gen_loss 0.2243, rec_loss 0.0110, lpips_loss 0.1329, g_loss 0.0124, disc_weight 0.4000, disc_adaptive_weight 6.4848, d_loss 0.4006, logits_real -0.0136, logits_fake -0.0120,
Train Epoch: [20/30] Iters:[830/1093] gen_loss 0.2172, rec_loss 0.0109, lpips_loss 0.1326, g_loss 0.0123, disc_weight 0.4000, disc_adaptive_weight 6.0342, d_loss 0.4006, logits_real -0.0135, logits_fake -0.0121,
Train Epoch: [20/30] Iters:[840/1093] gen_loss 0.2168, rec_loss 0.0109, lpips_loss 0.1328, g_loss 0.0122, disc_weight 0.4000, disc_adaptive_weight 6.0257, d_loss 0.4005, logits_real -0.0134, logits_fake -0.0123,
Train Epoch: [20/30] Iters:[850/1093] gen_loss 0.2204, rec_loss 0.0109, lpips_loss 0.1330, g_loss 0.0127, disc_weight 0.4000, disc_adaptive_weight 6.0555, d_loss 0.4005, logits_real -0.0140, logits_fake -0.0127,
Train Epoch: [20/30] Iters:[860/1093] gen_loss 0.2175, rec_loss 0.0109, lpips_loss 0.1324, g_loss 0.0132, disc_weight 0.4000, disc_adaptive_weight 5.6437, d_loss 0.4006, logits_real -0.0147, logits_fake -0.0132,
Train Epoch: [20/30] Iters:[870/1093] gen_loss 0.2191, rec_loss 0.0108, lpips_loss 0.1318, g_loss 0.0133, disc_weight 0.4000, disc_adaptive_weight 5.7437, d_loss 0.4005, logits_real -0.0147, logits_fake -0.0133,
Train Epoch: [20/30] Iters:[880/1093] gen_loss 0.2204, rec_loss 0.0108, lpips_loss 0.1318, g_loss 0.0131, disc_weight 0.4000, disc_adaptive_weight 5.9048, d_loss 0.4006, logits_real -0.0146, logits_fake -0.0131,
Train Epoch: [20/30] Iters:[890/1093] gen_loss 0.2227, rec_loss 0.0108, lpips_loss 0.1320, g_loss 0.0131, disc_weight 0.4000, disc_adaptive_weight 6.0582, d_loss 0.4006, logits_real -0.0146, logits_fake -0.0128,
Train Epoch: [20/30] Iters:[900/1093] gen_loss 0.2192, rec_loss 0.0109, lpips_loss 0.1318, g_loss 0.0130, disc_weight 0.4000, disc_adaptive_weight 5.8960, d_loss 0.4006, logits_real -0.0145, logits_fake -0.0127,
Train Epoch: [20/30] Iters:[910/1093] gen_loss 0.2229, rec_loss 0.0110, lpips_loss 0.1324, g_loss 0.0126, disc_weight 0.4000, disc_adaptive_weight 6.3038, d_loss 0.4006, logits_real -0.0140, logits_fake -0.0122,
Train Epoch: [20/30] Iters:[920/1093] gen_loss 0.2226, rec_loss 0.0111, lpips_loss 0.1330, g_loss 0.0122, disc_weight 0.4000, disc_adaptive_weight 6.4588, d_loss 0.4006, logits_real -0.0138, logits_fake -0.0121,
Train Epoch: [20/30] Iters:[930/1093] gen_loss 0.2220, rec_loss 0.0111, lpips_loss 0.1331, g_loss 0.0123, disc_weight 0.4000, disc_adaptive_weight 6.3534, d_loss 0.4006, logits_real -0.0140, logits_fake -0.0123,
Train Epoch: [20/30] Iters:[940/1093] gen_loss 0.2201, rec_loss 0.0110, lpips_loss 0.1327, g_loss 0.0124, disc_weight 0.4000, disc_adaptive_weight 6.1754, d_loss 0.4006, logits_real -0.0141, logits_fake -0.0124,
Train Epoch: [20/30] Iters:[950/1093] gen_loss 0.2184, rec_loss 0.0110, lpips_loss 0.1332, g_loss 0.0122, disc_weight 0.4000, disc_adaptive_weight 6.1025, d_loss 0.4006, logits_real -0.0140, logits_fake -0.0123,
Train Epoch: [20/30] Iters:[960/1093] gen_loss 0.2119, rec_loss 0.0108, lpips_loss 0.1323, g_loss 0.0123, disc_weight 0.4000, disc_adaptive_weight 5.6065, d_loss 0.4006, logits_real -0.0141, logits_fake -0.0125,
Train Epoch: [20/30] Iters:[970/1093] gen_loss 0.2206, rec_loss 0.0107, lpips_loss 0.1321, g_loss 0.0127, disc_weight 0.4000, disc_adaptive_weight 6.0458, d_loss 0.4006, logits_real -0.0145, logits_fake -0.0128,
Train Epoch: [20/30] Iters:[980/1093] gen_loss 0.2267, rec_loss 0.0108, lpips_loss 0.1324, g_loss 0.0132, disc_weight 0.4000, disc_adaptive_weight 6.2694, d_loss 0.4006, logits_real -0.0147, logits_fake -0.0130,
Train Epoch: [20/30] Iters:[990/1093] gen_loss 0.2303, rec_loss 0.0108, lpips_loss 0.1324, g_loss 0.0135, disc_weight 0.4000, disc_adaptive_weight 6.3958, d_loss 0.4006, logits_real -0.0151, logits_fake -0.0134,
Train Epoch: [20/30] Iters:[1000/1093] gen_loss 0.2349, rec_loss 0.0107, lpips_loss 0.1319, g_loss 0.0140, disc_weight 0.4000, disc_adaptive_weight 6.5552, d_loss 0.4006, logits_real -0.0154, logits_fake -0.0138,
Train Epoch: [20/30] Iters:[1010/1093] gen_loss 0.2443, rec_loss 0.0109, lpips_loss 0.1326, g_loss 0.0145, disc_weight 0.4000, disc_adaptive_weight 6.9817, d_loss 0.4006, logits_real -0.0159, logits_fake -0.0142,
Train Epoch: [20/30] Iters:[1020/1093] gen_loss 0.2413, rec_loss 0.0111, lpips_loss 0.1333, g_loss 0.0149, disc_weight 0.4000, disc_adaptive_weight 6.5192, d_loss 0.4006, logits_real -0.0162, logits_fake -0.0146,
Train Epoch: [20/30] Iters:[1030/1093] gen_loss 0.2418, rec_loss 0.0110, lpips_loss 0.1334, g_loss 0.0150, disc_weight 0.4000, disc_adaptive_weight 6.4980, d_loss 0.4005, logits_real -0.0164, logits_fake -0.0149,
Train Epoch: [20/30] Iters:[1040/1093] gen_loss 0.2412, rec_loss 0.0111, lpips_loss 0.1338, g_loss 0.0152, disc_weight 0.4000, disc_adaptive_weight 6.3502, d_loss 0.4005, logits_real -0.0166, logits_fake -0.0151,
Train Epoch: [20/30] Iters:[1050/1093] gen_loss 0.2444, rec_loss 0.0112, lpips_loss 0.1339, g_loss 0.0152, disc_weight 0.4000, disc_adaptive_weight 6.5741, d_loss 0.4006, logits_real -0.0167, logits_fake -0.0151,
Train Epoch: [20/30] Iters:[1060/1093] gen_loss 0.2420, rec_loss 0.0111, lpips_loss 0.1337, g_loss 0.0149, disc_weight 0.4000, disc_adaptive_weight 6.5365, d_loss 0.4006, logits_real -0.0164, logits_fake -0.0148,
Train Epoch: [20/30] Iters:[1070/1093] gen_loss 0.2378, rec_loss 0.0111, lpips_loss 0.1332, g_loss 0.0148, disc_weight 0.4000, disc_adaptive_weight 6.3388, d_loss 0.4006, logits_real -0.0163, logits_fake -0.0146,
Train Epoch: [20/30] Iters:[1080/1093] gen_loss 0.2441, rec_loss 0.0111, lpips_loss 0.1330, g_loss 0.0151, disc_weight 0.4000, disc_adaptive_weight 6.6211, d_loss 0.4006, logits_real -0.0165, logits_fake -0.0149,
Train Epoch: [20/30] Iters:[1090/1093] gen_loss 0.2478, rec_loss 0.0112, lpips_loss 0.1328, g_loss 0.0150, disc_weight 0.4000, disc_adaptive_weight 6.8757, d_loss 0.4006, logits_real -0.0166, logits_fake -0.0150,
Loading pretrained model LPIPS from /home/sunset/.cache/torch/hub/pyiqa/LPIPS_v0.1_alex-df73285e.pth
epoch:21, cur_lr:0.000010
Train Epoch: [21/30] Iters:[10/1093] gen_loss 0.2289, rec_loss 0.0112, lpips_loss 0.1318, g_loss 0.0149, disc_weight 0.4000, disc_adaptive_weight 5.7690, d_loss 0.4004, logits_real -0.0162, logits_fake -0.0154,
Train Epoch: [21/30] Iters:[20/1093] gen_loss 0.2201, rec_loss 0.0108, lpips_loss 0.1316, g_loss 0.0141, disc_weight 0.4000, disc_adaptive_weight 5.5030, d_loss 0.4004, logits_real -0.0157, logits_fake -0.0148,
Train Epoch: [21/30] Iters:[30/1093] gen_loss 0.2232, rec_loss 0.0109, lpips_loss 0.1321, g_loss 0.0138, disc_weight 0.4000, disc_adaptive_weight 5.8665, d_loss 0.4005, logits_real -0.0151, logits_fake -0.0142,
Train Epoch: [21/30] Iters:[40/1093] gen_loss 0.2302, rec_loss 0.0111, lpips_loss 0.1326, g_loss 0.0138, disc_weight 0.4000, disc_adaptive_weight 6.2799, d_loss 0.4005, logits_real -0.0152, logits_fake -0.0139,
Train Epoch: [21/30] Iters:[50/1093] gen_loss 0.2388, rec_loss 0.0111, lpips_loss 0.1327, g_loss 0.0141, disc_weight 0.4000, disc_adaptive_weight 6.7187, d_loss 0.4006, logits_real -0.0155, logits_fake -0.0140,
Train Epoch: [21/30] Iters:[60/1093] gen_loss 0.2406, rec_loss 0.0112, lpips_loss 0.1328, g_loss 0.0141, disc_weight 0.4000, disc_adaptive_weight 6.8259, d_loss 0.4006, logits_real -0.0155, logits_fake -0.0139,
Train Epoch: [21/30] Iters:[70/1093] gen_loss 0.2516, rec_loss 0.0113, lpips_loss 0.1331, g_loss 0.0144, disc_weight 0.4000, disc_adaptive_weight 7.4122, d_loss 0.4006, logits_real -0.0159, logits_fake -0.0140,
Train Epoch: [21/30] Iters:[80/1093] gen_loss 0.2499, rec_loss 0.0114, lpips_loss 0.1332, g_loss 0.0148, disc_weight 0.4000, disc_adaptive_weight 7.1151, d_loss 0.4006, logits_real -0.0162, logits_fake -0.0143,
Train Epoch: [21/30] Iters:[90/1093] gen_loss 0.2473, rec_loss 0.0113, lpips_loss 0.1328, g_loss 0.0150, disc_weight 0.4000, disc_adaptive_weight 6.8717, d_loss 0.4006, logits_real -0.0166, logits_fake -0.0147,
Train Epoch: [21/30] Iters:[100/1093] gen_loss 0.2406, rec_loss 0.0113, lpips_loss 0.1327, g_loss 0.0151, disc_weight 0.4000, disc_adaptive_weight 6.3955, d_loss 0.4006, logits_real -0.0167, logits_fake -0.0148,
Train Epoch: [21/30] Iters:[110/1093] gen_loss 0.2443, rec_loss 0.0111, lpips_loss 0.1326, g_loss 0.0153, disc_weight 0.4000, disc_adaptive_weight 6.5856, d_loss 0.4006, logits_real -0.0168, logits_fake -0.0150,
Train Epoch: [21/30] Iters:[120/1093] gen_loss 0.2377, rec_loss 0.0111, lpips_loss 0.1323, g_loss 0.0153, disc_weight 0.4000, disc_adaptive_weight 6.1456, d_loss 0.4006, logits_real -0.0168, logits_fake -0.0151,
Train Epoch: [21/30] Iters:[130/1093] gen_loss 0.2404, rec_loss 0.0110, lpips_loss 0.1321, g_loss 0.0154, disc_weight 0.4000, disc_adaptive_weight 6.3223, d_loss 0.4006, logits_real -0.0169, logits_fake -0.0152,
Train Epoch: [21/30] Iters:[140/1093] gen_loss 0.2442, rec_loss 0.0111, lpips_loss 0.1322, g_loss 0.0155, disc_weight 0.4000, disc_adaptive_weight 6.5018, d_loss 0.4005, logits_real -0.0169, logits_fake -0.0154,
Train Epoch: [21/30] Iters:[150/1093] gen_loss 0.2410, rec_loss 0.0110, lpips_loss 0.1322, g_loss 0.0155, disc_weight 0.4000, disc_adaptive_weight 6.3100, d_loss 0.4005, logits_real -0.0168, logits_fake -0.0155,
Train Epoch: [21/30] Iters:[160/1093] gen_loss 0.2347, rec_loss 0.0108, lpips_loss 0.1321, g_loss 0.0154, disc_weight 0.4000, disc_adaptive_weight 5.9578, d_loss 0.4005, logits_real -0.0169, logits_fake -0.0155,
Train Epoch: [21/30] Iters:[170/1093] gen_loss 0.2384, rec_loss 0.0108, lpips_loss 0.1321, g_loss 0.0155, disc_weight 0.4000, disc_adaptive_weight 6.1708, d_loss 0.4005, logits_real -0.0170, logits_fake -0.0156,
Train Epoch: [21/30] Iters:[180/1093] gen_loss 0.2405, rec_loss 0.0108, lpips_loss 0.1323, g_loss 0.0156, disc_weight 0.4000, disc_adaptive_weight 6.2697, d_loss 0.4005, logits_real -0.0170, logits_fake -0.0156,
Train Epoch: [21/30] Iters:[190/1093] gen_loss 0.2365, rec_loss 0.0107, lpips_loss 0.1322, g_loss 0.0152, disc_weight 0.4000, disc_adaptive_weight 6.1809, d_loss 0.4005, logits_real -0.0168, logits_fake -0.0152,
Train Epoch: [21/30] Iters:[200/1093] gen_loss 0.2337, rec_loss 0.0107, lpips_loss 0.1321, g_loss 0.0146, disc_weight 0.4000, disc_adaptive_weight 6.1790, d_loss 0.4006, logits_real -0.0165, logits_fake -0.0148,
Train Epoch: [21/30] Iters:[210/1093] gen_loss 0.2356, rec_loss 0.0110, lpips_loss 0.1328, g_loss 0.0143, disc_weight 0.4000, disc_adaptive_weight 6.3850, d_loss 0.4006, logits_real -0.0161, logits_fake -0.0144,
Train Epoch: [21/30] Iters:[220/1093] gen_loss 0.2335, rec_loss 0.0110, lpips_loss 0.1328, g_loss 0.0140, disc_weight 0.4000, disc_adaptive_weight 6.4090, d_loss 0.4006, logits_real -0.0158, logits_fake -0.0140,
Train Epoch: [21/30] Iters:[230/1093] gen_loss 0.2345, rec_loss 0.0110, lpips_loss 0.1328, g_loss 0.0137, disc_weight 0.4000, disc_adaptive_weight 6.5940, d_loss 0.4006, logits_real -0.0156, logits_fake -0.0137,
Train Epoch: [21/30] Iters:[240/1093] gen_loss 0.2367, rec_loss 0.0110, lpips_loss 0.1329, g_loss 0.0140, disc_weight 0.4000, disc_adaptive_weight 6.6301, d_loss 0.4006, logits_real -0.0157, logits_fake -0.0140,
Train Epoch: [21/30] Iters:[250/1093] gen_loss 0.2481, rec_loss 0.0112, lpips_loss 0.1335, g_loss 0.0146, disc_weight 0.4000, disc_adaptive_weight 7.1087, d_loss 0.4006, logits_real -0.0162, logits_fake -0.0145,
Train Epoch: [21/30] Iters:[260/1093] gen_loss 0.2477, rec_loss 0.0111, lpips_loss 0.1331, g_loss 0.0150, disc_weight 0.4000, disc_adaptive_weight 6.9167, d_loss 0.4005, logits_real -0.0165, logits_fake -0.0150,
Train Epoch: [21/30] Iters:[270/1093] gen_loss 0.2473, rec_loss 0.0112, lpips_loss 0.1336, g_loss 0.0154, disc_weight 0.4000, disc_adaptive_weight 6.6890, d_loss 0.4005, logits_real -0.0168, logits_fake -0.0154,
Train Epoch: [21/30] Iters:[280/1093] gen_loss 0.2428, rec_loss 0.0111, lpips_loss 0.1332, g_loss 0.0157, disc_weight 0.4000, disc_adaptive_weight 6.2805, d_loss 0.4005, logits_real -0.0171, logits_fake -0.0158,
Train Epoch: [21/30] Iters:[290/1093] gen_loss 0.2416, rec_loss 0.0111, lpips_loss 0.1324, g_loss 0.0159, disc_weight 0.4000, disc_adaptive_weight 6.1655, d_loss 0.4005, logits_real -0.0171, logits_fake -0.0158,
Train Epoch: [21/30] Iters:[300/1093] gen_loss 0.2392, rec_loss 0.0109, lpips_loss 0.1319, g_loss 0.0158, disc_weight 0.4000, disc_adaptive_weight 6.1057, d_loss 0.4005, logits_real -0.0171, logits_fake -0.0157,
Train Epoch: [21/30] Iters:[310/1093] gen_loss 0.2442, rec_loss 0.0109, lpips_loss 0.1317, g_loss 0.0158, disc_weight 0.4000, disc_adaptive_weight 6.4402, d_loss 0.4005, logits_real -0.0173, logits_fake -0.0158,
Train Epoch: [21/30] Iters:[320/1093] gen_loss 0.2427, rec_loss 0.0110, lpips_loss 0.1319, g_loss 0.0158, disc_weight 0.4000, disc_adaptive_weight 6.3171, d_loss 0.4005, logits_real -0.0173, logits_fake -0.0159,
Train Epoch: [21/30] Iters:[330/1093] gen_loss 0.2438, rec_loss 0.0110, lpips_loss 0.1316, g_loss 0.0157, disc_weight 0.4000, disc_adaptive_weight 6.4371, d_loss 0.4005, logits_real -0.0172, logits_fake -0.0159,
Train Epoch: [21/30] Iters:[340/1093] gen_loss 0.2494, rec_loss 0.0111, lpips_loss 0.1327, g_loss 0.0156, disc_weight 0.4000, disc_adaptive_weight 6.7797, d_loss 0.4005, logits_real -0.0173, logits_fake -0.0158,
Train Epoch: [21/30] Iters:[350/1093] gen_loss 0.2491, rec_loss 0.0111, lpips_loss 0.1328, g_loss 0.0156, disc_weight 0.4000, disc_adaptive_weight 6.7414, d_loss 0.4005, logits_real -0.0173, logits_fake -0.0158,
Train Epoch: [21/30] Iters:[360/1093] gen_loss 0.2450, rec_loss 0.0111, lpips_loss 0.1331, g_loss 0.0156, disc_weight 0.4000, disc_adaptive_weight 6.4832, d_loss 0.4006, logits_real -0.0171, logits_fake -0.0156,
Train Epoch: [21/30] Iters:[370/1093] gen_loss 0.2487, rec_loss 0.0112, lpips_loss 0.1331, g_loss 0.0153, disc_weight 0.4000, disc_adaptive_weight 6.8341, d_loss 0.4006, logits_real -0.0169, logits_fake -0.0152,
Train Epoch: [21/30] Iters:[380/1093] gen_loss 0.2465, rec_loss 0.0112, lpips_loss 0.1334, g_loss 0.0152, disc_weight 0.4000, disc_adaptive_weight 6.7314, d_loss 0.4006, logits_real -0.0169, logits_fake -0.0151,
Train Epoch: [21/30] Iters:[390/1093] gen_loss 0.2409, rec_loss 0.0112, lpips_loss 0.1334, g_loss 0.0153, disc_weight 0.4000, disc_adaptive_weight 6.3308, d_loss 0.4006, logits_real -0.0168, logits_fake -0.0152,
Train Epoch: [21/30] Iters:[400/1093] gen_loss 0.2397, rec_loss 0.0112, lpips_loss 0.1336, g_loss 0.0152, disc_weight 0.4000, disc_adaptive_weight 6.2690, d_loss 0.4006, logits_real -0.0167, logits_fake -0.0152,
Train Epoch: [21/30] Iters:[410/1093] gen_loss 0.2368, rec_loss 0.0111, lpips_loss 0.1328, g_loss 0.0152, disc_weight 0.4000, disc_adaptive_weight 6.1318, d_loss 0.4005, logits_real -0.0166, logits_fake -0.0154,
Train Epoch: [21/30] Iters:[420/1093] gen_loss 0.2385, rec_loss 0.0110, lpips_loss 0.1326, g_loss 0.0156, disc_weight 0.4000, disc_adaptive_weight 6.1095, d_loss 0.4005, logits_real -0.0169, logits_fake -0.0157,
Train Epoch: [21/30] Iters:[430/1093] gen_loss 0.2461, rec_loss 0.0110, lpips_loss 0.1331, g_loss 0.0157, disc_weight 0.4000, disc_adaptive_weight 6.4961, d_loss 0.4005, logits_real -0.0170, logits_fake -0.0157,
Train Epoch: [21/30] Iters:[440/1093] gen_loss 0.2463, rec_loss 0.0110, lpips_loss 0.1328, g_loss 0.0154, disc_weight 0.4000, disc_adaptive_weight 6.6507, d_loss 0.4005, logits_real -0.0169, logits_fake -0.0155,
Train Epoch: [21/30] Iters:[450/1093] gen_loss 0.2402, rec_loss 0.0110, lpips_loss 0.1324, g_loss 0.0150, disc_weight 0.4000, disc_adaptive_weight 6.4473, d_loss 0.4006, logits_real -0.0165, logits_fake -0.0150,
Train Epoch: [21/30] Iters:[460/1093] gen_loss 0.2414, rec_loss 0.0111, lpips_loss 0.1330, g_loss 0.0144, disc_weight 0.4000, disc_adaptive_weight 6.7359, d_loss 0.4006, logits_real -0.0160, logits_fake -0.0143,
Train Epoch: [21/30] Iters:[470/1093] gen_loss 0.2320, rec_loss 0.0111, lpips_loss 0.1333, g_loss 0.0138, disc_weight 0.4000, disc_adaptive_weight 6.3233, d_loss 0.4006, logits_real -0.0156, logits_fake -0.0138,
Train Epoch: [21/30] Iters:[480/1093] gen_loss 0.2246, rec_loss 0.0111, lpips_loss 0.1335, g_loss 0.0134, disc_weight 0.4000, disc_adaptive_weight 5.9766, d_loss 0.4006, logits_real -0.0151, logits_fake -0.0134,
Train Epoch: [21/30] Iters:[490/1093] gen_loss 0.2210, rec_loss 0.0111, lpips_loss 0.1335, g_loss 0.0131, disc_weight 0.4000, disc_adaptive_weight 5.8643, d_loss 0.4006, logits_real -0.0148, logits_fake -0.0130,
Train Epoch: [21/30] Iters:[500/1093] gen_loss 0.2229, rec_loss 0.0110, lpips_loss 0.1334, g_loss 0.0130, disc_weight 0.4000, disc_adaptive_weight 6.0379, d_loss 0.4006, logits_real -0.0145, logits_fake -0.0130,
Train Epoch: [21/30] Iters:[510/1093] gen_loss 0.2250, rec_loss 0.0111, lpips_loss 0.1335, g_loss 0.0134, disc_weight 0.4000, disc_adaptive_weight 6.0055, d_loss 0.4006, logits_real -0.0150, logits_fake -0.0134,
Train Epoch: [21/30] Iters:[520/1093] gen_loss 0.2338, rec_loss 0.0111, lpips_loss 0.1330, g_loss 0.0139, disc_weight 0.4000, disc_adaptive_weight 6.4364, d_loss 0.4006, logits_real -0.0156, logits_fake -0.0138,
Train Epoch: [21/30] Iters:[530/1093] gen_loss 0.2375, rec_loss 0.0109, lpips_loss 0.1325, g_loss 0.0142, disc_weight 0.4000, disc_adaptive_weight 6.6132, d_loss 0.4006, logits_real -0.0158, logits_fake -0.0141,
Train Epoch: [21/30] Iters:[540/1093] gen_loss 0.2425, rec_loss 0.0109, lpips_loss 0.1323, g_loss 0.0144, disc_weight 0.4000, disc_adaptive_weight 6.9074, d_loss 0.4006, logits_real -0.0160, logits_fake -0.0142,
Train Epoch: [21/30] Iters:[550/1093] gen_loss 0.2457, rec_loss 0.0110, lpips_loss 0.1326, g_loss 0.0144, disc_weight 0.4000, disc_adaptive_weight 7.0936, d_loss 0.4007, logits_real -0.0162, logits_fake -0.0141,
Train Epoch: [21/30] Iters:[560/1093] gen_loss 0.2466, rec_loss 0.0109, lpips_loss 0.1322, g_loss 0.0144, disc_weight 0.4000, disc_adaptive_weight 7.2393, d_loss 0.4006, logits_real -0.0160, logits_fake -0.0142,
Train Epoch: [21/30] Iters:[570/1093] gen_loss 0.2424, rec_loss 0.0110, lpips_loss 0.1325, g_loss 0.0143, disc_weight 0.4000, disc_adaptive_weight 6.9655, d_loss 0.4006, logits_real -0.0158, logits_fake -0.0141,
Train Epoch: [21/30] Iters:[580/1093] gen_loss 0.2453, rec_loss 0.0111, lpips_loss 0.1327, g_loss 0.0144, disc_weight 0.4000, disc_adaptive_weight 7.0754, d_loss 0.4006, logits_real -0.0160, logits_fake -0.0142,
Train Epoch: [21/30] Iters:[590/1093] gen_loss 0.2407, rec_loss 0.0112, lpips_loss 0.1328, g_loss 0.0147, disc_weight 0.4000, disc_adaptive_weight 6.6342, d_loss 0.4006, logits_real -0.0163, logits_fake -0.0146,
Train Epoch: [21/30] Iters:[600/1093] gen_loss 0.2431, rec_loss 0.0110, lpips_loss 0.1328, g_loss 0.0152, disc_weight 0.4000, disc_adaptive_weight 6.5568, d_loss 0.4006, logits_real -0.0168, logits_fake -0.0151,
Train Epoch: [21/30] Iters:[610/1093] gen_loss 0.2375, rec_loss 0.0111, lpips_loss 0.1330, g_loss 0.0155, disc_weight 0.4000, disc_adaptive_weight 6.0304, d_loss 0.4006, logits_real -0.0172, logits_fake -0.0154,
Train Epoch: [21/30] Iters:[620/1093] gen_loss 0.2361, rec_loss 0.0110, lpips_loss 0.1330, g_loss 0.0154, disc_weight 0.4000, disc_adaptive_weight 5.9649, d_loss 0.4006, logits_real -0.0172, logits_fake -0.0155,
Train Epoch: [21/30] Iters:[630/1093] gen_loss 0.2345, rec_loss 0.0109, lpips_loss 0.1327, g_loss 0.0153, disc_weight 0.4000, disc_adaptive_weight 5.9578, d_loss 0.4006, logits_real -0.0171, logits_fake -0.0155,
Train Epoch: [21/30] Iters:[640/1093] gen_loss 0.2362, rec_loss 0.0110, lpips_loss 0.1332, g_loss 0.0154, disc_weight 0.4000, disc_adaptive_weight 5.9948, d_loss 0.4006, logits_real -0.0171, logits_fake -0.0156,
Train Epoch: [21/30] Iters:[650/1093] gen_loss 0.2337, rec_loss 0.0111, lpips_loss 0.1336, g_loss 0.0153, disc_weight 0.4000, disc_adaptive_weight 5.8397, d_loss 0.4006, logits_real -0.0170, logits_fake -0.0154,
Train Epoch: [21/30] Iters:[660/1093] gen_loss 0.2345, rec_loss 0.0110, lpips_loss 0.1333, g_loss 0.0152, disc_weight 0.4000, disc_adaptive_weight 5.9474, d_loss 0.4005, logits_real -0.0168, logits_fake -0.0152,
Train Epoch: [21/30] Iters:[670/1093] gen_loss 0.2335, rec_loss 0.0110, lpips_loss 0.1329, g_loss 0.0152, disc_weight 0.4000, disc_adaptive_weight 5.9025, d_loss 0.4005, logits_real -0.0166, logits_fake -0.0151,
Train Epoch: [21/30] Iters:[680/1093] gen_loss 0.2294, rec_loss 0.0109, lpips_loss 0.1330, g_loss 0.0155, disc_weight 0.4000, disc_adaptive_weight 5.5347, d_loss 0.4005, logits_real -0.0166, logits_fake -0.0153,
Train Epoch: [21/30] Iters:[690/1093] gen_loss 0.2310, rec_loss 0.0108, lpips_loss 0.1329, g_loss 0.0156, disc_weight 0.4000, disc_adaptive_weight 5.5966, d_loss 0.4005, logits_real -0.0169, logits_fake -0.0155,
Train Epoch: [21/30] Iters:[700/1093] gen_loss 0.2385, rec_loss 0.0109, lpips_loss 0.1324, g_loss 0.0158, disc_weight 0.4000, disc_adaptive_weight 6.0133, d_loss 0.4005, logits_real -0.0171, logits_fake -0.0157,
Train Epoch: [21/30] Iters:[710/1093] gen_loss 0.2414, rec_loss 0.0111, lpips_loss 0.1333, g_loss 0.0157, disc_weight 0.4000, disc_adaptive_weight 6.1715, d_loss 0.4005, logits_real -0.0170, logits_fake -0.0156,
Train Epoch: [21/30] Iters:[720/1093] gen_loss 0.2442, rec_loss 0.0112, lpips_loss 0.1333, g_loss 0.0153, disc_weight 0.4000, disc_adaptive_weight 6.5069, d_loss 0.4005, logits_real -0.0169, logits_fake -0.0154,
Train Epoch: [21/30] Iters:[730/1093] gen_loss 0.2430, rec_loss 0.0113, lpips_loss 0.1336, g_loss 0.0149, disc_weight 0.4000, disc_adaptive_weight 6.5625, d_loss 0.4006, logits_real -0.0166, logits_fake -0.0148,
Train Epoch: [21/30] Iters:[740/1093] gen_loss 0.2531, rec_loss 0.0112, lpips_loss 0.1331, g_loss 0.0144, disc_weight 0.4000, disc_adaptive_weight 7.5141, d_loss 0.4006, logits_real -0.0160, logits_fake -0.0144,
Train Epoch: [21/30] Iters:[750/1093] gen_loss 0.2458, rec_loss 0.0114, lpips_loss 0.1335, g_loss 0.0140, disc_weight 0.4000, disc_adaptive_weight 7.1967, d_loss 0.4006, logits_real -0.0158, logits_fake -0.0141,
Train Epoch: [21/30] Iters:[760/1093] gen_loss 0.2470, rec_loss 0.0112, lpips_loss 0.1327, g_loss 0.0139, disc_weight 0.4000, disc_adaptive_weight 7.4181, d_loss 0.4006, logits_real -0.0156, logits_fake -0.0139,
Train Epoch: [21/30] Iters:[770/1093] gen_loss 0.2464, rec_loss 0.0112, lpips_loss 0.1331, g_loss 0.0139, disc_weight 0.4000, disc_adaptive_weight 7.3454, d_loss 0.4005, logits_real -0.0154, logits_fake -0.0139,
Train Epoch: [21/30] Iters:[780/1093] gen_loss 0.2503, rec_loss 0.0113, lpips_loss 0.1333, g_loss 0.0140, disc_weight 0.4000, disc_adaptive_weight 7.5656, d_loss 0.4005, logits_real -0.0155, logits_fake -0.0139,
Train Epoch: [21/30] Iters:[790/1093] gen_loss 0.2363, rec_loss 0.0113, lpips_loss 0.1333, g_loss 0.0139, disc_weight 0.4000, disc_adaptive_weight 6.5944, d_loss 0.4005, logits_real -0.0154, logits_fake -0.0139,
Train Epoch: [21/30] Iters:[800/1093] gen_loss 0.2309, rec_loss 0.0110, lpips_loss 0.1328, g_loss 0.0137, disc_weight 0.4000, disc_adaptive_weight 6.3354, d_loss 0.4005, logits_real -0.0152, logits_fake -0.0137,
Train Epoch: [21/30] Iters:[810/1093] gen_loss 0.2284, rec_loss 0.0109, lpips_loss 0.1324, g_loss 0.0136, disc_weight 0.4000, disc_adaptive_weight 6.2811, d_loss 0.4006, logits_real -0.0151, logits_fake -0.0135,
Train Epoch: [21/30] Iters:[820/1093] gen_loss 0.2262, rec_loss 0.0110, lpips_loss 0.1323, g_loss 0.0133, disc_weight 0.4000, disc_adaptive_weight 6.2396, d_loss 0.4006, logits_real -0.0149, logits_fake -0.0133,
Train Epoch: [21/30] Iters:[830/1093] gen_loss 0.2195, rec_loss 0.0109, lpips_loss 0.1318, g_loss 0.0126, disc_weight 0.4000, disc_adaptive_weight 6.0691, d_loss 0.4006, logits_real -0.0143, logits_fake -0.0127,
Train Epoch: [21/30] Iters:[840/1093] gen_loss 0.2174, rec_loss 0.0109, lpips_loss 0.1316, g_loss 0.0123, disc_weight 0.4000, disc_adaptive_weight 6.0950, d_loss 0.4006, logits_real -0.0139, logits_fake -0.0122,
Train Epoch: [21/30] Iters:[850/1093] gen_loss 0.2212, rec_loss 0.0109, lpips_loss 0.1322, g_loss 0.0122, disc_weight 0.4000, disc_adaptive_weight 6.3801, d_loss 0.4006, logits_real -0.0138, logits_fake -0.0121,
Train Epoch: [21/30] Iters:[860/1093] gen_loss 0.2213, rec_loss 0.0111, lpips_loss 0.1330, g_loss 0.0124, disc_weight 0.4000, disc_adaptive_weight 6.1997, d_loss 0.4006, logits_real -0.0140, logits_fake -0.0125,
Train Epoch: [21/30] Iters:[870/1093] gen_loss 0.2214, rec_loss 0.0111, lpips_loss 0.1330, g_loss 0.0128, disc_weight 0.4000, disc_adaptive_weight 6.0459, d_loss 0.4006, logits_real -0.0144, logits_fake -0.0128,
Train Epoch: [21/30] Iters:[880/1093] gen_loss 0.2277, rec_loss 0.0110, lpips_loss 0.1326, g_loss 0.0135, disc_weight 0.4000, disc_adaptive_weight 6.2550, d_loss 0.4005, logits_real -0.0150, logits_fake -0.0135,
Train Epoch: [21/30] Iters:[890/1093] gen_loss 0.2316, rec_loss 0.0111, lpips_loss 0.1330, g_loss 0.0139, disc_weight 0.4000, disc_adaptive_weight 6.2831, d_loss 0.4005, logits_real -0.0155, logits_fake -0.0140,
Train Epoch: [21/30] Iters:[900/1093] gen_loss 0.2360, rec_loss 0.0111, lpips_loss 0.1328, g_loss 0.0143, disc_weight 0.4000, disc_adaptive_weight 6.4469, d_loss 0.4005, logits_real -0.0159, logits_fake -0.0144,
Train Epoch: [21/30] Iters:[910/1093] gen_loss 0.2422, rec_loss 0.0109, lpips_loss 0.1323, g_loss 0.0145, disc_weight 0.4000, disc_adaptive_weight 6.8313, d_loss 0.4005, logits_real -0.0162, logits_fake -0.0147,
Train Epoch: [21/30] Iters:[920/1093] gen_loss 0.2504, rec_loss 0.0109, lpips_loss 0.1327, g_loss 0.0147, disc_weight 0.4000, disc_adaptive_weight 7.2862, d_loss 0.4006, logits_real -0.0164, logits_fake -0.0147,
Train Epoch: [21/30] Iters:[930/1093] gen_loss 0.2476, rec_loss 0.0110, lpips_loss 0.1328, g_loss 0.0147, disc_weight 0.4000, disc_adaptive_weight 7.0607, d_loss 0.4006, logits_real -0.0165, logits_fake -0.0148,
Train Epoch: [21/30] Iters:[940/1093] gen_loss 0.2477, rec_loss 0.0110, lpips_loss 0.1326, g_loss 0.0145, disc_weight 0.4000, disc_adaptive_weight 7.1556, d_loss 0.4006, logits_real -0.0164, logits_fake -0.0147,
Train Epoch: [21/30] Iters:[950/1093] gen_loss 0.2428, rec_loss 0.0110, lpips_loss 0.1326, g_loss 0.0144, disc_weight 0.4000, disc_adaptive_weight 6.8535, d_loss 0.4006, logits_real -0.0163, logits_fake -0.0145,
Train Epoch: [21/30] Iters:[960/1093] gen_loss 0.2365, rec_loss 0.0110, lpips_loss 0.1325, g_loss 0.0144, disc_weight 0.4000, disc_adaptive_weight 6.4670, d_loss 0.4006, logits_real -0.0162, logits_fake -0.0145,
Train Epoch: [21/30] Iters:[970/1093] gen_loss 0.2288, rec_loss 0.0109, lpips_loss 0.1319, g_loss 0.0146, disc_weight 0.4000, disc_adaptive_weight 5.9375, d_loss 0.4005, logits_real -0.0163, logits_fake -0.0148,
Train Epoch: [21/30] Iters:[980/1093] gen_loss 0.2326, rec_loss 0.0108, lpips_loss 0.1321, g_loss 0.0150, disc_weight 0.4000, disc_adaptive_weight 6.0266, d_loss 0.4005, logits_real -0.0165, logits_fake -0.0151,
Train Epoch: [21/30] Iters:[990/1093] gen_loss 0.2327, rec_loss 0.0108, lpips_loss 0.1322, g_loss 0.0154, disc_weight 0.4000, disc_adaptive_weight 5.8427, d_loss 0.4005, logits_real -0.0169, logits_fake -0.0155,
Train Epoch: [21/30] Iters:[1000/1093] gen_loss 0.2348, rec_loss 0.0108, lpips_loss 0.1321, g_loss 0.0156, disc_weight 0.4000, disc_adaptive_weight 5.8924, d_loss 0.4005, logits_real -0.0171, logits_fake -0.0157,
Train Epoch: [21/30] Iters:[1010/1093] gen_loss 0.2388, rec_loss 0.0109, lpips_loss 0.1324, g_loss 0.0157, disc_weight 0.4000, disc_adaptive_weight 6.0964, d_loss 0.4005, logits_real -0.0172, logits_fake -0.0157,
Train Epoch: [21/30] Iters:[1020/1093] gen_loss 0.2386, rec_loss 0.0109, lpips_loss 0.1326, g_loss 0.0153, disc_weight 0.4000, disc_adaptive_weight 6.2097, d_loss 0.4006, logits_real -0.0168, logits_fake -0.0152,
Train Epoch: [21/30] Iters:[1030/1093] gen_loss 0.2332, rec_loss 0.0111, lpips_loss 0.1327, g_loss 0.0147, disc_weight 0.4000, disc_adaptive_weight 6.0794, d_loss 0.4006, logits_real -0.0162, logits_fake -0.0146,
Train Epoch: [21/30] Iters:[1040/1093] gen_loss 0.2292, rec_loss 0.0111, lpips_loss 0.1328, g_loss 0.0142, disc_weight 0.4000, disc_adaptive_weight 5.9606, d_loss 0.4006, logits_real -0.0158, logits_fake -0.0141,
Train Epoch: [21/30] Iters:[1050/1093] gen_loss 0.2249, rec_loss 0.0111, lpips_loss 0.1323, g_loss 0.0138, disc_weight 0.4000, disc_adaptive_weight 5.8806, d_loss 0.4006, logits_real -0.0154, logits_fake -0.0137,
Train Epoch: [21/30] Iters:[1060/1093] gen_loss 0.2175, rec_loss 0.0111, lpips_loss 0.1322, g_loss 0.0133, disc_weight 0.4000, disc_adaptive_weight 5.5863, d_loss 0.4006, logits_real -0.0150, logits_fake -0.0133,
Train Epoch: [21/30] Iters:[1070/1093] gen_loss 0.2178, rec_loss 0.0111, lpips_loss 0.1322, g_loss 0.0131, disc_weight 0.4000, disc_adaptive_weight 5.6990, d_loss 0.4005, logits_real -0.0147, logits_fake -0.0132,
Train Epoch: [21/30] Iters:[1080/1093] gen_loss 0.2186, rec_loss 0.0110, lpips_loss 0.1318, g_loss 0.0132, disc_weight 0.4000, disc_adaptive_weight 5.7113, d_loss 0.4005, logits_real -0.0147, logits_fake -0.0134,
Train Epoch: [21/30] Iters:[1090/1093] gen_loss 0.2268, rec_loss 0.0109, lpips_loss 0.1314, g_loss 0.0135, disc_weight 0.4000, disc_adaptive_weight 6.2306, d_loss 0.4004, logits_real -0.0149, logits_fake -0.0138,
epoch:22, cur_lr:0.000010
Train Epoch: [22/30] Iters:[10/1093] gen_loss 0.2450, rec_loss 0.0107, lpips_loss 0.1325, g_loss 0.0152, disc_weight 0.4000, disc_adaptive_weight 6.7011, d_loss 0.4007, logits_real -0.0175, logits_fake -0.0152,
Train Epoch: [22/30] Iters:[20/1093] gen_loss 0.2408, rec_loss 0.0106, lpips_loss 0.1318, g_loss 0.0155, disc_weight 0.4000, disc_adaptive_weight 6.3649, d_loss 0.4006, logits_real -0.0177, logits_fake -0.0160,
Train Epoch: [22/30] Iters:[30/1093] gen_loss 0.2453, rec_loss 0.0107, lpips_loss 0.1317, g_loss 0.0154, disc_weight 0.4000, disc_adaptive_weight 6.7931, d_loss 0.4006, logits_real -0.0175, logits_fake -0.0157,
Train Epoch: [22/30] Iters:[40/1093] gen_loss 0.2418, rec_loss 0.0107, lpips_loss 0.1315, g_loss 0.0153, disc_weight 0.4000, disc_adaptive_weight 6.5583, d_loss 0.4006, logits_real -0.0173, logits_fake -0.0154,
Train Epoch: [22/30] Iters:[50/1093] gen_loss 0.2374, rec_loss 0.0107, lpips_loss 0.1316, g_loss 0.0150, disc_weight 0.4000, disc_adaptive_weight 6.3714, d_loss 0.4006, logits_real -0.0167, logits_fake -0.0152,
Train Epoch: [22/30] Iters:[60/1093] gen_loss 0.2365, rec_loss 0.0107, lpips_loss 0.1318, g_loss 0.0146, disc_weight 0.4000, disc_adaptive_weight 6.4334, d_loss 0.4005, logits_real -0.0161, logits_fake -0.0147,
Train Epoch: [22/30] Iters:[70/1093] gen_loss 0.2305, rec_loss 0.0107, lpips_loss 0.1320, g_loss 0.0140, disc_weight 0.4000, disc_adaptive_weight 6.2302, d_loss 0.4006, logits_real -0.0155, logits_fake -0.0139,
Train Epoch: [22/30] Iters:[80/1093] gen_loss 0.2225, rec_loss 0.0107, lpips_loss 0.1319, g_loss 0.0134, disc_weight 0.4000, disc_adaptive_weight 5.9227, d_loss 0.4005, logits_real -0.0148, logits_fake -0.0134,
Train Epoch: [22/30] Iters:[90/1093] gen_loss 0.2194, rec_loss 0.0108, lpips_loss 0.1323, g_loss 0.0129, disc_weight 0.4000, disc_adaptive_weight 5.8792, d_loss 0.4005, logits_real -0.0141, logits_fake -0.0128,
Train Epoch: [22/30] Iters:[100/1093] gen_loss 0.2222, rec_loss 0.0107, lpips_loss 0.1323, g_loss 0.0126, disc_weight 0.4000, disc_adaptive_weight 6.2642, d_loss 0.4006, logits_real -0.0140, logits_fake -0.0125,
Train Epoch: [22/30] Iters:[110/1093] gen_loss 0.2203, rec_loss 0.0108, lpips_loss 0.1324, g_loss 0.0124, disc_weight 0.4000, disc_adaptive_weight 6.2468, d_loss 0.4006, logits_real -0.0139, logits_fake -0.0123,
Train Epoch: [22/30] Iters:[120/1093] gen_loss 0.2220, rec_loss 0.0108, lpips_loss 0.1323, g_loss 0.0125, disc_weight 0.4000, disc_adaptive_weight 6.3375, d_loss 0.4006, logits_real -0.0137, logits_fake -0.0122,
Train Epoch: [22/30] Iters:[130/1093] gen_loss 0.2232, rec_loss 0.0109, lpips_loss 0.1325, g_loss 0.0129, disc_weight 0.4000, disc_adaptive_weight 6.2333, d_loss 0.4006, logits_real -0.0141, logits_fake -0.0125,
Train Epoch: [22/30] Iters:[140/1093] gen_loss 0.2246, rec_loss 0.0109, lpips_loss 0.1327, g_loss 0.0133, disc_weight 0.4000, disc_adaptive_weight 6.1532, d_loss 0.4005, logits_real -0.0147, logits_fake -0.0132,
Train Epoch: [22/30] Iters:[150/1093] gen_loss 0.2216, rec_loss 0.0110, lpips_loss 0.1325, g_loss 0.0139, disc_weight 0.4000, disc_adaptive_weight 5.6727, d_loss 0.4006, logits_real -0.0151, logits_fake -0.0135,
Train Epoch: [22/30] Iters:[160/1093] gen_loss 0.2267, rec_loss 0.0110, lpips_loss 0.1326, g_loss 0.0143, disc_weight 0.4000, disc_adaptive_weight 5.8155, d_loss 0.4005, logits_real -0.0155, logits_fake -0.0140,
Train Epoch: [22/30] Iters:[170/1093] gen_loss 0.2301, rec_loss 0.0111, lpips_loss 0.1331, g_loss 0.0144, disc_weight 0.4000, disc_adaptive_weight 5.9602, d_loss 0.4005, logits_real -0.0156, logits_fake -0.0142,
Train Epoch: [22/30] Iters:[180/1093] gen_loss 0.2325, rec_loss 0.0110, lpips_loss 0.1332, g_loss 0.0146, disc_weight 0.4000, disc_adaptive_weight 6.0690, d_loss 0.4005, logits_real -0.0155, logits_fake -0.0142,
Train Epoch: [22/30] Iters:[190/1093] gen_loss 0.2320, rec_loss 0.0110, lpips_loss 0.1329, g_loss 0.0144, disc_weight 0.4000, disc_adaptive_weight 6.1147, d_loss 0.4005, logits_real -0.0154, logits_fake -0.0141,
Train Epoch: [22/30] Iters:[200/1093] gen_loss 0.2320, rec_loss 0.0109, lpips_loss 0.1326, g_loss 0.0143, disc_weight 0.4000, disc_adaptive_weight 6.1823, d_loss 0.4005, logits_real -0.0153, logits_fake -0.0139,
Train Epoch: [22/30] Iters:[210/1093] gen_loss 0.2225, rec_loss 0.0108, lpips_loss 0.1318, g_loss 0.0141, disc_weight 0.4000, disc_adaptive_weight 5.6580, d_loss 0.4005, logits_real -0.0152, logits_fake -0.0138,
Train Epoch: [22/30] Iters:[220/1093] gen_loss 0.2212, rec_loss 0.0107, lpips_loss 0.1313, g_loss 0.0140, disc_weight 0.4000, disc_adaptive_weight 5.6916, d_loss 0.4006, logits_real -0.0153, logits_fake -0.0137,
Train Epoch: [22/30] Iters:[230/1093] gen_loss 0.2216, rec_loss 0.0107, lpips_loss 0.1313, g_loss 0.0137, disc_weight 0.4000, disc_adaptive_weight 5.8274, d_loss 0.4005, logits_real -0.0152, logits_fake -0.0137,
Train Epoch: [22/30] Iters:[240/1093] gen_loss 0.2254, rec_loss 0.0107, lpips_loss 0.1316, g_loss 0.0135, disc_weight 0.4000, disc_adaptive_weight 6.1925, d_loss 0.4005, logits_real -0.0150, logits_fake -0.0135,
Train Epoch: [22/30] Iters:[250/1093] gen_loss 0.2264, rec_loss 0.0109, lpips_loss 0.1323, g_loss 0.0133, disc_weight 0.4000, disc_adaptive_weight 6.2611, d_loss 0.4005, logits_real -0.0148, logits_fake -0.0134,
Train Epoch: [22/30] Iters:[260/1093] gen_loss 0.2281, rec_loss 0.0109, lpips_loss 0.1323, g_loss 0.0134, disc_weight 0.4000, disc_adaptive_weight 6.3710, d_loss 0.4005, logits_real -0.0147, logits_fake -0.0134,
Train Epoch: [22/30] Iters:[270/1093] gen_loss 0.2246, rec_loss 0.0108, lpips_loss 0.1319, g_loss 0.0135, disc_weight 0.4000, disc_adaptive_weight 6.0813, d_loss 0.4005, logits_real -0.0147, logits_fake -0.0134,
Train Epoch: [22/30] Iters:[280/1093] gen_loss 0.2218, rec_loss 0.0108, lpips_loss 0.1315, g_loss 0.0136, disc_weight 0.4000, disc_adaptive_weight 5.8523, d_loss 0.4005, logits_real -0.0150, logits_fake -0.0135,
Train Epoch: [22/30] Iters:[290/1093] gen_loss 0.2160, rec_loss 0.0107, lpips_loss 0.1307, g_loss 0.0138, disc_weight 0.4000, disc_adaptive_weight 5.4136, d_loss 0.4005, logits_real -0.0151, logits_fake -0.0138,
Train Epoch: [22/30] Iters:[300/1093] gen_loss 0.2152, rec_loss 0.0105, lpips_loss 0.1303, g_loss 0.0139, disc_weight 0.4000, disc_adaptive_weight 5.3456, d_loss 0.4005, logits_real -0.0153, logits_fake -0.0140,
Train Epoch: [22/30] Iters:[310/1093] gen_loss 0.2172, rec_loss 0.0106, lpips_loss 0.1308, g_loss 0.0142, disc_weight 0.4000, disc_adaptive_weight 5.3463, d_loss 0.4005, logits_real -0.0156, logits_fake -0.0141,
Train Epoch: [22/30] Iters:[320/1093] gen_loss 0.2222, rec_loss 0.0105, lpips_loss 0.1310, g_loss 0.0146, disc_weight 0.4000, disc_adaptive_weight 5.5229, d_loss 0.4006, logits_real -0.0158, logits_fake -0.0143,
Train Epoch: [22/30] Iters:[330/1093] gen_loss 0.2245, rec_loss 0.0107, lpips_loss 0.1313, g_loss 0.0146, disc_weight 0.4000, disc_adaptive_weight 5.6578, d_loss 0.4006, logits_real -0.0158, logits_fake -0.0142,
Train Epoch: [22/30] Iters:[340/1093] gen_loss 0.2279, rec_loss 0.0109, lpips_loss 0.1322, g_loss 0.0145, disc_weight 0.4000, disc_adaptive_weight 5.8426, d_loss 0.4006, logits_real -0.0159, logits_fake -0.0141,
Train Epoch: [22/30] Iters:[350/1093] gen_loss 0.2299, rec_loss 0.0109, lpips_loss 0.1323, g_loss 0.0144, disc_weight 0.4000, disc_adaptive_weight 6.0373, d_loss 0.4006, logits_real -0.0157, logits_fake -0.0140,
Train Epoch: [22/30] Iters:[360/1093] gen_loss 0.2314, rec_loss 0.0110, lpips_loss 0.1325, g_loss 0.0142, disc_weight 0.4000, disc_adaptive_weight 6.2048, d_loss 0.4006, logits_real -0.0157, logits_fake -0.0141,
Train Epoch: [22/30] Iters:[370/1093] gen_loss 0.2308, rec_loss 0.0111, lpips_loss 0.1330, g_loss 0.0139, disc_weight 0.4000, disc_adaptive_weight 6.2482, d_loss 0.4005, logits_real -0.0153, logits_fake -0.0141,
Train Epoch: [22/30] Iters:[380/1093] gen_loss 0.2286, rec_loss 0.0110, lpips_loss 0.1330, g_loss 0.0139, disc_weight 0.4000, disc_adaptive_weight 6.1052, d_loss 0.4004, logits_real -0.0151, logits_fake -0.0140,
Train Epoch: [22/30] Iters:[390/1093] gen_loss 0.2291, rec_loss 0.0110, lpips_loss 0.1325, g_loss 0.0139, disc_weight 0.4000, disc_adaptive_weight 6.1619, d_loss 0.4005, logits_real -0.0150, logits_fake -0.0139,
Train Epoch: [22/30] Iters:[400/1093] gen_loss 0.2252, rec_loss 0.0109, lpips_loss 0.1328, g_loss 0.0140, disc_weight 0.4000, disc_adaptive_weight 5.8265, d_loss 0.4004, logits_real -0.0148, logits_fake -0.0138,
Train Epoch: [22/30] Iters:[410/1093] gen_loss 0.2248, rec_loss 0.0108, lpips_loss 0.1321, g_loss 0.0141, disc_weight 0.4000, disc_adaptive_weight 5.7848, d_loss 0.4004, logits_real -0.0147, logits_fake -0.0138,
Train Epoch: [22/30] Iters:[420/1093] gen_loss 0.2263, rec_loss 0.0107, lpips_loss 0.1318, g_loss 0.0141, disc_weight 0.4000, disc_adaptive_weight 5.9170, d_loss 0.4005, logits_real -0.0152, logits_fake -0.0139,
Train Epoch: [22/30] Iters:[430/1093] gen_loss 0.2296, rec_loss 0.0107, lpips_loss 0.1318, g_loss 0.0143, disc_weight 0.4000, disc_adaptive_weight 6.0770, d_loss 0.4005, logits_real -0.0154, logits_fake -0.0141,
Train Epoch: [22/30] Iters:[440/1093] gen_loss 0.2317, rec_loss 0.0108, lpips_loss 0.1325, g_loss 0.0144, disc_weight 0.4000, disc_adaptive_weight 6.1354, d_loss 0.4005, logits_real -0.0156, logits_fake -0.0143,
Train Epoch: [22/30] Iters:[450/1093] gen_loss 0.2398, rec_loss 0.0108, lpips_loss 0.1323, g_loss 0.0146, disc_weight 0.4000, disc_adaptive_weight 6.6137, d_loss 0.4005, logits_real -0.0159, logits_fake -0.0144,
Train Epoch: [22/30] Iters:[460/1093] gen_loss 0.2406, rec_loss 0.0110, lpips_loss 0.1331, g_loss 0.0145, disc_weight 0.4000, disc_adaptive_weight 6.6404, d_loss 0.4006, logits_real -0.0163, logits_fake -0.0145,
Train Epoch: [22/30] Iters:[470/1093] gen_loss 0.2396, rec_loss 0.0111, lpips_loss 0.1330, g_loss 0.0143, disc_weight 0.4000, disc_adaptive_weight 6.6477, d_loss 0.4006, logits_real -0.0160, logits_fake -0.0144,
Train Epoch: [22/30] Iters:[480/1093] gen_loss 0.2366, rec_loss 0.0112, lpips_loss 0.1333, g_loss 0.0140, disc_weight 0.4000, disc_adaptive_weight 6.5410, d_loss 0.4006, logits_real -0.0158, logits_fake -0.0142,
Train Epoch: [22/30] Iters:[490/1093] gen_loss 0.2329, rec_loss 0.0111, lpips_loss 0.1328, g_loss 0.0139, disc_weight 0.4000, disc_adaptive_weight 6.3872, d_loss 0.4006, logits_real -0.0157, logits_fake -0.0140,
Train Epoch: [22/30] Iters:[500/1093] gen_loss 0.2280, rec_loss 0.0111, lpips_loss 0.1333, g_loss 0.0139, disc_weight 0.4000, disc_adaptive_weight 6.0212, d_loss 0.4006, logits_real -0.0158, logits_fake -0.0139,
Train Epoch: [22/30] Iters:[510/1093] gen_loss 0.2231, rec_loss 0.0109, lpips_loss 0.1323, g_loss 0.0141, disc_weight 0.4000, disc_adaptive_weight 5.7052, d_loss 0.4005, logits_real -0.0157, logits_fake -0.0142,
Train Epoch: [22/30] Iters:[520/1093] gen_loss 0.2221, rec_loss 0.0108, lpips_loss 0.1319, g_loss 0.0143, disc_weight 0.4000, disc_adaptive_weight 5.5648, d_loss 0.4005, logits_real -0.0158, logits_fake -0.0143,
Train Epoch: [22/30] Iters:[530/1093] gen_loss 0.2268, rec_loss 0.0108, lpips_loss 0.1316, g_loss 0.0144, disc_weight 0.4000, disc_adaptive_weight 5.8930, d_loss 0.4005, logits_real -0.0160, logits_fake -0.0144,
Train Epoch: [22/30] Iters:[540/1093] gen_loss 0.2281, rec_loss 0.0109, lpips_loss 0.1319, g_loss 0.0145, disc_weight 0.4000, disc_adaptive_weight 5.9258, d_loss 0.4005, logits_real -0.0160, logits_fake -0.0145,
Train Epoch: [22/30] Iters:[550/1093] gen_loss 0.2313, rec_loss 0.0108, lpips_loss 0.1314, g_loss 0.0144, disc_weight 0.4000, disc_adaptive_weight 6.2000, d_loss 0.4005, logits_real -0.0159, logits_fake -0.0145,
Train Epoch: [22/30] Iters:[560/1093] gen_loss 0.2353, rec_loss 0.0109, lpips_loss 0.1319, g_loss 0.0142, disc_weight 0.4000, disc_adaptive_weight 6.5018, d_loss 0.4006, logits_real -0.0158, logits_fake -0.0142,
Train Epoch: [22/30] Iters:[570/1093] gen_loss 0.2412, rec_loss 0.0110, lpips_loss 0.1319, g_loss 0.0144, disc_weight 0.4000, disc_adaptive_weight 6.8225, d_loss 0.4006, logits_real -0.0160, logits_fake -0.0143,
Train Epoch: [22/30] Iters:[580/1093] gen_loss 0.2362, rec_loss 0.0109, lpips_loss 0.1321, g_loss 0.0145, disc_weight 0.4000, disc_adaptive_weight 6.3944, d_loss 0.4006, logits_real -0.0161, logits_fake -0.0145,
Train Epoch: [22/30] Iters:[590/1093] gen_loss 0.2376, rec_loss 0.0109, lpips_loss 0.1318, g_loss 0.0144, disc_weight 0.4000, disc_adaptive_weight 6.5797, d_loss 0.4006, logits_real -0.0161, logits_fake -0.0143,
Train Epoch: [22/30] Iters:[600/1093] gen_loss 0.2324, rec_loss 0.0110, lpips_loss 0.1320, g_loss 0.0141, disc_weight 0.4000, disc_adaptive_weight 6.3078, d_loss 0.4006, logits_real -0.0157, logits_fake -0.0141,
Train Epoch: [22/30] Iters:[610/1093] gen_loss 0.2279, rec_loss 0.0109, lpips_loss 0.1316, g_loss 0.0141, disc_weight 0.4000, disc_adaptive_weight 6.0562, d_loss 0.4005, logits_real -0.0155, logits_fake -0.0140,
Train Epoch: [22/30] Iters:[620/1093] gen_loss 0.2238, rec_loss 0.0109, lpips_loss 0.1321, g_loss 0.0138, disc_weight 0.4000, disc_adaptive_weight 5.8491, d_loss 0.4005, logits_real -0.0153, logits_fake -0.0138,
Train Epoch: [22/30] Iters:[630/1093] gen_loss 0.2290, rec_loss 0.0111, lpips_loss 0.1322, g_loss 0.0138, disc_weight 0.4000, disc_adaptive_weight 6.1983, d_loss 0.4005, logits_real -0.0152, logits_fake -0.0137,
Train Epoch: [22/30] Iters:[640/1093] gen_loss 0.2271, rec_loss 0.0111, lpips_loss 0.1322, g_loss 0.0141, disc_weight 0.4000, disc_adaptive_weight 5.9453, d_loss 0.4005, logits_real -0.0155, logits_fake -0.0140,
Train Epoch: [22/30] Iters:[650/1093] gen_loss 0.2318, rec_loss 0.0110, lpips_loss 0.1319, g_loss 0.0143, disc_weight 0.4000, disc_adaptive_weight 6.1856, d_loss 0.4005, logits_real -0.0158, logits_fake -0.0143,
Train Epoch: [22/30] Iters:[660/1093] gen_loss 0.2339, rec_loss 0.0111, lpips_loss 0.1327, g_loss 0.0143, disc_weight 0.4000, disc_adaptive_weight 6.2832, d_loss 0.4005, logits_real -0.0158, logits_fake -0.0143,
Train Epoch: [22/30] Iters:[670/1093] gen_loss 0.2304, rec_loss 0.0112, lpips_loss 0.1325, g_loss 0.0143, disc_weight 0.4000, disc_adaptive_weight 6.0642, d_loss 0.4005, logits_real -0.0157, logits_fake -0.0142,
Train Epoch: [22/30] Iters:[680/1093] gen_loss 0.2271, rec_loss 0.0110, lpips_loss 0.1318, g_loss 0.0143, disc_weight 0.4000, disc_adaptive_weight 5.8714, d_loss 0.4005, logits_real -0.0158, logits_fake -0.0143,
Train Epoch: [22/30] Iters:[690/1093] gen_loss 0.2276, rec_loss 0.0110, lpips_loss 0.1319, g_loss 0.0143, disc_weight 0.4000, disc_adaptive_weight 5.9036, d_loss 0.4006, logits_real -0.0158, logits_fake -0.0142,
Train Epoch: [22/30] Iters:[700/1093] gen_loss 0.2280, rec_loss 0.0111, lpips_loss 0.1324, g_loss 0.0142, disc_weight 0.4000, disc_adaptive_weight 5.9451, d_loss 0.4006, logits_real -0.0157, logits_fake -0.0141,
Train Epoch: [22/30] Iters:[710/1093] gen_loss 0.2303, rec_loss 0.0110, lpips_loss 0.1319, g_loss 0.0142, disc_weight 0.4000, disc_adaptive_weight 6.1706, d_loss 0.4006, logits_real -0.0157, logits_fake -0.0141,
Train Epoch: [22/30] Iters:[720/1093] gen_loss 0.2345, rec_loss 0.0109, lpips_loss 0.1316, g_loss 0.0141, disc_weight 0.4000, disc_adaptive_weight 6.5298, d_loss 0.4005, logits_real -0.0157, logits_fake -0.0141,
Train Epoch: [22/30] Iters:[730/1093] gen_loss 0.2344, rec_loss 0.0110, lpips_loss 0.1323, g_loss 0.0140, disc_weight 0.4000, disc_adaptive_weight 6.5001, d_loss 0.4005, logits_real -0.0156, logits_fake -0.0141,
Train Epoch: [22/30] Iters:[740/1093] gen_loss 0.2345, rec_loss 0.0110, lpips_loss 0.1323, g_loss 0.0140, disc_weight 0.4000, disc_adaptive_weight 6.5307, d_loss 0.4005, logits_real -0.0155, logits_fake -0.0139,
Train Epoch: [22/30] Iters:[750/1093] gen_loss 0.2318, rec_loss 0.0110, lpips_loss 0.1321, g_loss 0.0140, disc_weight 0.4000, disc_adaptive_weight 6.3229, d_loss 0.4005, logits_real -0.0156, logits_fake -0.0140,
Train Epoch: [22/30] Iters:[760/1093] gen_loss 0.2293, rec_loss 0.0111, lpips_loss 0.1324, g_loss 0.0142, disc_weight 0.4000, disc_adaptive_weight 6.0559, d_loss 0.4005, logits_real -0.0157, logits_fake -0.0142,
Train Epoch: [22/30] Iters:[770/1093] gen_loss 0.2277, rec_loss 0.0112, lpips_loss 0.1327, g_loss 0.0144, disc_weight 0.4000, disc_adaptive_weight 5.8090, d_loss 0.4005, logits_real -0.0159, logits_fake -0.0144,
Train Epoch: [22/30] Iters:[780/1093] gen_loss 0.2292, rec_loss 0.0112, lpips_loss 0.1326, g_loss 0.0144, disc_weight 0.4000, disc_adaptive_weight 5.9220, d_loss 0.4005, logits_real -0.0160, logits_fake -0.0144,
Train Epoch: [22/30] Iters:[790/1093] gen_loss 0.2299, rec_loss 0.0112, lpips_loss 0.1327, g_loss 0.0145, disc_weight 0.4000, disc_adaptive_weight 5.9371, d_loss 0.4005, logits_real -0.0162, logits_fake -0.0146,
Train Epoch: [22/30] Iters:[800/1093] gen_loss 0.2327, rec_loss 0.0111, lpips_loss 0.1322, g_loss 0.0145, disc_weight 0.4000, disc_adaptive_weight 6.1611, d_loss 0.4005, logits_real -0.0161, logits_fake -0.0146,
Train Epoch: [22/30] Iters:[810/1093] gen_loss 0.2324, rec_loss 0.0111, lpips_loss 0.1322, g_loss 0.0146, disc_weight 0.4000, disc_adaptive_weight 6.1225, d_loss 0.4005, logits_real -0.0162, logits_fake -0.0146,
Train Epoch: [22/30] Iters:[820/1093] gen_loss 0.2347, rec_loss 0.0111, lpips_loss 0.1322, g_loss 0.0146, disc_weight 0.4000, disc_adaptive_weight 6.3032, d_loss 0.4005, logits_real -0.0162, logits_fake -0.0147,
Train Epoch: [22/30] Iters:[830/1093] gen_loss 0.2364, rec_loss 0.0111, lpips_loss 0.1323, g_loss 0.0145, disc_weight 0.4000, disc_adaptive_weight 6.4686, d_loss 0.4005, logits_real -0.0162, logits_fake -0.0146,
Train Epoch: [22/30] Iters:[840/1093] gen_loss 0.2409, rec_loss 0.0110, lpips_loss 0.1320, g_loss 0.0145, disc_weight 0.4000, disc_adaptive_weight 6.7701, d_loss 0.4006, logits_real -0.0162, logits_fake -0.0145,
Train Epoch: [22/30] Iters:[850/1093] gen_loss 0.2424, rec_loss 0.0111, lpips_loss 0.1323, g_loss 0.0144, disc_weight 0.4000, disc_adaptive_weight 6.8985, d_loss 0.4006, logits_real -0.0162, logits_fake -0.0145,
Train Epoch: [22/30] Iters:[860/1093] gen_loss 0.2449, rec_loss 0.0109, lpips_loss 0.1322, g_loss 0.0143, disc_weight 0.4000, disc_adaptive_weight 7.1306, d_loss 0.4006, logits_real -0.0162, logits_fake -0.0145,
Train Epoch: [22/30] Iters:[870/1093] gen_loss 0.2421, rec_loss 0.0109, lpips_loss 0.1326, g_loss 0.0145, disc_weight 0.4000, disc_adaptive_weight 6.8395, d_loss 0.4006, logits_real -0.0163, logits_fake -0.0145,
Train Epoch: [22/30] Iters:[880/1093] gen_loss 0.2397, rec_loss 0.0109, lpips_loss 0.1324, g_loss 0.0150, disc_weight 0.4000, disc_adaptive_weight 6.4697, d_loss 0.4006, logits_real -0.0166, logits_fake -0.0149,
Train Epoch: [22/30] Iters:[890/1093] gen_loss 0.2433, rec_loss 0.0110, lpips_loss 0.1323, g_loss 0.0155, disc_weight 0.4000, disc_adaptive_weight 6.4658, d_loss 0.4005, logits_real -0.0171, logits_fake -0.0156,
Train Epoch: [22/30] Iters:[900/1093] gen_loss 0.2484, rec_loss 0.0110, lpips_loss 0.1327, g_loss 0.0160, disc_weight 0.4000, disc_adaptive_weight 6.5008, d_loss 0.4005, logits_real -0.0175, logits_fake -0.0160,
Train Epoch: [22/30] Iters:[910/1093] gen_loss 0.2522, rec_loss 0.0111, lpips_loss 0.1331, g_loss 0.0164, disc_weight 0.4000, disc_adaptive_weight 6.5438, d_loss 0.4005, logits_real -0.0178, logits_fake -0.0165,
Train Epoch: [22/30] Iters:[920/1093] gen_loss 0.2605, rec_loss 0.0111, lpips_loss 0.1332, g_loss 0.0166, disc_weight 0.4000, disc_adaptive_weight 6.9899, d_loss 0.4005, logits_real -0.0181, logits_fake -0.0167,
Train Epoch: [22/30] Iters:[930/1093] gen_loss 0.2615, rec_loss 0.0113, lpips_loss 0.1334, g_loss 0.0167, disc_weight 0.4000, disc_adaptive_weight 6.9773, d_loss 0.4005, logits_real -0.0183, logits_fake -0.0169,
Train Epoch: [22/30] Iters:[940/1093] gen_loss 0.2589, rec_loss 0.0114, lpips_loss 0.1344, g_loss 0.0168, disc_weight 0.4000, disc_adaptive_weight 6.7527, d_loss 0.4005, logits_real -0.0184, logits_fake -0.0169,
Train Epoch: [22/30] Iters:[950/1093] gen_loss 0.2521, rec_loss 0.0115, lpips_loss 0.1347, g_loss 0.0169, disc_weight 0.4000, disc_adaptive_weight 6.2993, d_loss 0.4005, logits_real -0.0186, logits_fake -0.0170,
Train Epoch: [22/30] Iters:[960/1093] gen_loss 0.2505, rec_loss 0.0115, lpips_loss 0.1342, g_loss 0.0171, disc_weight 0.4000, disc_adaptive_weight 6.1264, d_loss 0.4006, logits_real -0.0188, logits_fake -0.0172,
Train Epoch: [22/30] Iters:[970/1093] gen_loss 0.2487, rec_loss 0.0115, lpips_loss 0.1339, g_loss 0.0173, disc_weight 0.4000, disc_adaptive_weight 5.9621, d_loss 0.4005, logits_real -0.0188, logits_fake -0.0173,
Train Epoch: [22/30] Iters:[980/1093] gen_loss 0.2470, rec_loss 0.0115, lpips_loss 0.1338, g_loss 0.0173, disc_weight 0.4000, disc_adaptive_weight 5.8684, d_loss 0.4005, logits_real -0.0188, logits_fake -0.0173,
Train Epoch: [22/30] Iters:[990/1093] gen_loss 0.2465, rec_loss 0.0114, lpips_loss 0.1331, g_loss 0.0174, disc_weight 0.4000, disc_adaptive_weight 5.8763, d_loss 0.4005, logits_real -0.0189, logits_fake -0.0174,
Train Epoch: [22/30] Iters:[1000/1093] gen_loss 0.2477, rec_loss 0.0113, lpips_loss 0.1326, g_loss 0.0172, disc_weight 0.4000, disc_adaptive_weight 6.0365, d_loss 0.4005, logits_real -0.0186, logits_fake -0.0172,
Train Epoch: [22/30] Iters:[1010/1093] gen_loss 0.2493, rec_loss 0.0113, lpips_loss 0.1325, g_loss 0.0170, disc_weight 0.4000, disc_adaptive_weight 6.2128, d_loss 0.4005, logits_real -0.0183, logits_fake -0.0170,
Train Epoch: [22/30] Iters:[1020/1093] gen_loss 0.2437, rec_loss 0.0112, lpips_loss 0.1325, g_loss 0.0166, disc_weight 0.4000, disc_adaptive_weight 6.0126, d_loss 0.4005, logits_real -0.0181, logits_fake -0.0166,
Train Epoch: [22/30] Iters:[1030/1093] gen_loss 0.2475, rec_loss 0.0110, lpips_loss 0.1316, g_loss 0.0164, disc_weight 0.4000, disc_adaptive_weight 6.4091, d_loss 0.4005, logits_real -0.0179, logits_fake -0.0164,
Train Epoch: [22/30] Iters:[1040/1093] gen_loss 0.2439, rec_loss 0.0110, lpips_loss 0.1318, g_loss 0.0159, disc_weight 0.4000, disc_adaptive_weight 6.3638, d_loss 0.4005, logits_real -0.0174, logits_fake -0.0159,
Train Epoch: [22/30] Iters:[1050/1093] gen_loss 0.2432, rec_loss 0.0110, lpips_loss 0.1313, g_loss 0.0158, disc_weight 0.4000, disc_adaptive_weight 6.3981, d_loss 0.4005, logits_real -0.0173, logits_fake -0.0158,
Train Epoch: [22/30] Iters:[1060/1093] gen_loss 0.2411, rec_loss 0.0110, lpips_loss 0.1317, g_loss 0.0156, disc_weight 0.4000, disc_adaptive_weight 6.3124, d_loss 0.4005, logits_real -0.0171, logits_fake -0.0156,
Train Epoch: [22/30] Iters:[1070/1093] gen_loss 0.2450, rec_loss 0.0109, lpips_loss 0.1316, g_loss 0.0157, disc_weight 0.4000, disc_adaptive_weight 6.5546, d_loss 0.4005, logits_real -0.0171, logits_fake -0.0157,
Train Epoch: [22/30] Iters:[1080/1093] gen_loss 0.2421, rec_loss 0.0110, lpips_loss 0.1327, g_loss 0.0156, disc_weight 0.4000, disc_adaptive_weight 6.3006, d_loss 0.4005, logits_real -0.0171, logits_fake -0.0157,
Train Epoch: [22/30] Iters:[1090/1093] gen_loss 0.2457, rec_loss 0.0109, lpips_loss 0.1323, g_loss 0.0157, disc_weight 0.4000, disc_adaptive_weight 6.5060, d_loss 0.4005, logits_real -0.0171, logits_fake -0.0156,
epoch:23, cur_lr:0.000010
Train Epoch: [23/30] Iters:[10/1093] gen_loss 0.2218, rec_loss 0.0107, lpips_loss 0.1304, g_loss 0.0142, disc_weight 0.4000, disc_adaptive_weight 5.6876, d_loss 0.4004, logits_real -0.0154, logits_fake -0.0146,
Train Epoch: [23/30] Iters:[20/1093] gen_loss 0.2235, rec_loss 0.0108, lpips_loss 0.1315, g_loss 0.0145, disc_weight 0.4000, disc_adaptive_weight 5.5578, d_loss 0.4004, logits_real -0.0158, logits_fake -0.0148,
Train Epoch: [23/30] Iters:[30/1093] gen_loss 0.2283, rec_loss 0.0110, lpips_loss 0.1323, g_loss 0.0145, disc_weight 0.4000, disc_adaptive_weight 5.8360, d_loss 0.4004, logits_real -0.0160, logits_fake -0.0149,
Train Epoch: [23/30] Iters:[40/1093] gen_loss 0.2289, rec_loss 0.0111, lpips_loss 0.1324, g_loss 0.0146, disc_weight 0.4000, disc_adaptive_weight 5.8123, d_loss 0.4005, logits_real -0.0162, logits_fake -0.0150,
Train Epoch: [23/30] Iters:[50/1093] gen_loss 0.2305, rec_loss 0.0111, lpips_loss 0.1325, g_loss 0.0149, disc_weight 0.4000, disc_adaptive_weight 5.8192, d_loss 0.4005, logits_real -0.0164, logits_fake -0.0151,
Train Epoch: [23/30] Iters:[60/1093] gen_loss 0.2389, rec_loss 0.0112, lpips_loss 0.1326, g_loss 0.0154, disc_weight 0.4000, disc_adaptive_weight 6.1408, d_loss 0.4005, logits_real -0.0170, logits_fake -0.0156,
Train Epoch: [23/30] Iters:[70/1093] gen_loss 0.2436, rec_loss 0.0111, lpips_loss 0.1325, g_loss 0.0157, disc_weight 0.4000, disc_adaptive_weight 6.3477, d_loss 0.4005, logits_real -0.0174, logits_fake -0.0160,
Train Epoch: [23/30] Iters:[80/1093] gen_loss 0.2472, rec_loss 0.0111, lpips_loss 0.1323, g_loss 0.0163, disc_weight 0.4000, disc_adaptive_weight 6.3499, d_loss 0.4006, logits_real -0.0179, logits_fake -0.0163,
Train Epoch: [23/30] Iters:[90/1093] gen_loss 0.2521, rec_loss 0.0110, lpips_loss 0.1321, g_loss 0.0170, disc_weight 0.4000, disc_adaptive_weight 6.4106, d_loss 0.4005, logits_real -0.0184, logits_fake -0.0170,
Train Epoch: [23/30] Iters:[100/1093] gen_loss 0.2574, rec_loss 0.0110, lpips_loss 0.1321, g_loss 0.0175, disc_weight 0.4000, disc_adaptive_weight 6.5409, d_loss 0.4005, logits_real -0.0189, logits_fake -0.0174,
Train Epoch: [23/30] Iters:[110/1093] gen_loss 0.2520, rec_loss 0.0109, lpips_loss 0.1318, g_loss 0.0176, disc_weight 0.4000, disc_adaptive_weight 6.2058, d_loss 0.4005, logits_real -0.0190, logits_fake -0.0177,
Train Epoch: [23/30] Iters:[120/1093] gen_loss 0.2539, rec_loss 0.0109, lpips_loss 0.1317, g_loss 0.0179, disc_weight 0.4000, disc_adaptive_weight 6.2193, d_loss 0.4005, logits_real -0.0192, logits_fake -0.0180,
Train Epoch: [23/30] Iters:[130/1093] gen_loss 0.2562, rec_loss 0.0109, lpips_loss 0.1316, g_loss 0.0179, disc_weight 0.4000, disc_adaptive_weight 6.3543, d_loss 0.4004, logits_real -0.0192, logits_fake -0.0183,
Train Epoch: [23/30] Iters:[140/1093] gen_loss 0.2552, rec_loss 0.0111, lpips_loss 0.1321, g_loss 0.0174, disc_weight 0.4000, disc_adaptive_weight 6.4371, d_loss 0.4005, logits_real -0.0189, logits_fake -0.0177,
Train Epoch: [23/30] Iters:[150/1093] gen_loss 0.2468, rec_loss 0.0110, lpips_loss 0.1319, g_loss 0.0169, disc_weight 0.4000, disc_adaptive_weight 6.1348, d_loss 0.4005, logits_real -0.0184, logits_fake -0.0172,
Train Epoch: [23/30] Iters:[160/1093] gen_loss 0.2488, rec_loss 0.0112, lpips_loss 0.1325, g_loss 0.0169, disc_weight 0.4000, disc_adaptive_weight 6.1968, d_loss 0.4005, logits_real -0.0184, logits_fake -0.0169,
Train Epoch: [23/30] Iters:[170/1093] gen_loss 0.2538, rec_loss 0.0112, lpips_loss 0.1324, g_loss 0.0170, disc_weight 0.4000, disc_adaptive_weight 6.4070, d_loss 0.4006, logits_real -0.0184, logits_fake -0.0166,
Train Epoch: [23/30] Iters:[180/1093] gen_loss 0.2506, rec_loss 0.0112, lpips_loss 0.1325, g_loss 0.0171, disc_weight 0.4000, disc_adaptive_weight 6.2088, d_loss 0.4006, logits_real -0.0184, logits_fake -0.0164,
Train Epoch: [23/30] Iters:[190/1093] gen_loss 0.2496, rec_loss 0.0111, lpips_loss 0.1321, g_loss 0.0174, disc_weight 0.4000, disc_adaptive_weight 6.0674, d_loss 0.4006, logits_real -0.0187, logits_fake -0.0169,
Train Epoch: [23/30] Iters:[200/1093] gen_loss 0.2600, rec_loss 0.0111, lpips_loss 0.1323, g_loss 0.0177, disc_weight 0.4000, disc_adaptive_weight 6.5369, d_loss 0.4006, logits_real -0.0191, logits_fake -0.0173,
Train Epoch: [23/30] Iters:[210/1093] gen_loss 0.2636, rec_loss 0.0112, lpips_loss 0.1325, g_loss 0.0177, disc_weight 0.4000, disc_adaptive_weight 6.7431, d_loss 0.4006, logits_real -0.0191, logits_fake -0.0173,
Train Epoch: [23/30] Iters:[220/1093] gen_loss 0.2536, rec_loss 0.0112, lpips_loss 0.1324, g_loss 0.0174, disc_weight 0.4000, disc_adaptive_weight 6.3034, d_loss 0.4006, logits_real -0.0188, logits_fake -0.0172,
Train Epoch: [23/30] Iters:[230/1093] gen_loss 0.2536, rec_loss 0.0111, lpips_loss 0.1322, g_loss 0.0173, disc_weight 0.4000, disc_adaptive_weight 6.3785, d_loss 0.4005, logits_real -0.0187, logits_fake -0.0172,
Train Epoch: [23/30] Iters:[240/1093] gen_loss 0.2517, rec_loss 0.0111, lpips_loss 0.1324, g_loss 0.0171, disc_weight 0.4000, disc_adaptive_weight 6.3213, d_loss 0.4005, logits_real -0.0187, logits_fake -0.0171,
Train Epoch: [23/30] Iters:[250/1093] gen_loss 0.2453, rec_loss 0.0112, lpips_loss 0.1323, g_loss 0.0168, disc_weight 0.4000, disc_adaptive_weight 6.0633, d_loss 0.4005, logits_real -0.0183, logits_fake -0.0168,
Train Epoch: [23/30] Iters:[260/1093] gen_loss 0.2374, rec_loss 0.0111, lpips_loss 0.1319, g_loss 0.0163, disc_weight 0.4000, disc_adaptive_weight 5.7808, d_loss 0.4005, logits_real -0.0180, logits_fake -0.0165,
Train Epoch: [23/30] Iters:[270/1093] gen_loss 0.2381, rec_loss 0.0110, lpips_loss 0.1321, g_loss 0.0159, disc_weight 0.4000, disc_adaptive_weight 5.9930, d_loss 0.4005, logits_real -0.0175, logits_fake -0.0161,
Train Epoch: [23/30] Iters:[280/1093] gen_loss 0.2348, rec_loss 0.0110, lpips_loss 0.1320, g_loss 0.0152, disc_weight 0.4000, disc_adaptive_weight 6.0823, d_loss 0.4005, logits_real -0.0168, logits_fake -0.0154,
Train Epoch: [23/30] Iters:[290/1093] gen_loss 0.2370, rec_loss 0.0110, lpips_loss 0.1320, g_loss 0.0147, disc_weight 0.4000, disc_adaptive_weight 6.4408, d_loss 0.4005, logits_real -0.0160, logits_fake -0.0146,
Train Epoch: [23/30] Iters:[300/1093] gen_loss 0.2345, rec_loss 0.0109, lpips_loss 0.1317, g_loss 0.0143, disc_weight 0.4000, disc_adaptive_weight 6.4620, d_loss 0.4005, logits_real -0.0156, logits_fake -0.0144,
Train Epoch: [23/30] Iters:[310/1093] gen_loss 0.2359, rec_loss 0.0108, lpips_loss 0.1320, g_loss 0.0143, disc_weight 0.4000, disc_adaptive_weight 6.5394, d_loss 0.4005, logits_real -0.0155, logits_fake -0.0143,
Train Epoch: [23/30] Iters:[320/1093] gen_loss 0.2351, rec_loss 0.0107, lpips_loss 0.1319, g_loss 0.0146, disc_weight 0.4000, disc_adaptive_weight 6.3891, d_loss 0.4005, logits_real -0.0157, logits_fake -0.0145,
Train Epoch: [23/30] Iters:[330/1093] gen_loss 0.2373, rec_loss 0.0108, lpips_loss 0.1322, g_loss 0.0147, disc_weight 0.4000, disc_adaptive_weight 6.4214, d_loss 0.4005, logits_real -0.0160, logits_fake -0.0147,
Train Epoch: [23/30] Iters:[340/1093] gen_loss 0.2378, rec_loss 0.0108, lpips_loss 0.1325, g_loss 0.0150, disc_weight 0.4000, disc_adaptive_weight 6.3224, d_loss 0.4005, logits_real -0.0163, logits_fake -0.0151,
Train Epoch: [23/30] Iters:[350/1093] gen_loss 0.2386, rec_loss 0.0111, lpips_loss 0.1333, g_loss 0.0152, disc_weight 0.4000, disc_adaptive_weight 6.2018, d_loss 0.4005, logits_real -0.0165, logits_fake -0.0151,
Train Epoch: [23/30] Iters:[360/1093] gen_loss 0.2390, rec_loss 0.0112, lpips_loss 0.1334, g_loss 0.0152, disc_weight 0.4000, disc_adaptive_weight 6.2169, d_loss 0.4005, logits_real -0.0165, logits_fake -0.0150,
Train Epoch: [23/30] Iters:[370/1093] gen_loss 0.2372, rec_loss 0.0112, lpips_loss 0.1332, g_loss 0.0149, disc_weight 0.4000, disc_adaptive_weight 6.2144, d_loss 0.4005, logits_real -0.0162, logits_fake -0.0148,
Train Epoch: [23/30] Iters:[380/1093] gen_loss 0.2318, rec_loss 0.0112, lpips_loss 0.1334, g_loss 0.0149, disc_weight 0.4000, disc_adaptive_weight 5.8314, d_loss 0.4005, logits_real -0.0163, logits_fake -0.0148,
Train Epoch: [23/30] Iters:[390/1093] gen_loss 0.2326, rec_loss 0.0112, lpips_loss 0.1333, g_loss 0.0150, disc_weight 0.4000, disc_adaptive_weight 5.8441, d_loss 0.4005, logits_real -0.0163, logits_fake -0.0149,
Train Epoch: [23/30] Iters:[400/1093] gen_loss 0.2329, rec_loss 0.0110, lpips_loss 0.1323, g_loss 0.0153, disc_weight 0.4000, disc_adaptive_weight 5.8393, d_loss 0.4005, logits_real -0.0167, logits_fake -0.0153,
Train Epoch: [23/30] Iters:[410/1093] gen_loss 0.2374, rec_loss 0.0110, lpips_loss 0.1326, g_loss 0.0157, disc_weight 0.4000, disc_adaptive_weight 5.9470, d_loss 0.4005, logits_real -0.0170, logits_fake -0.0158,
Train Epoch: [23/30] Iters:[420/1093] gen_loss 0.2422, rec_loss 0.0110, lpips_loss 0.1329, g_loss 0.0161, disc_weight 0.4000, disc_adaptive_weight 6.0629, d_loss 0.4005, logits_real -0.0176, logits_fake -0.0161,
Train Epoch: [23/30] Iters:[430/1093] gen_loss 0.2464, rec_loss 0.0108, lpips_loss 0.1321, g_loss 0.0163, disc_weight 0.4000, disc_adaptive_weight 6.3411, d_loss 0.4005, logits_real -0.0178, logits_fake -0.0163,
Train Epoch: [23/30] Iters:[440/1093] gen_loss 0.2447, rec_loss 0.0109, lpips_loss 0.1316, g_loss 0.0161, disc_weight 0.4000, disc_adaptive_weight 6.3687, d_loss 0.4005, logits_real -0.0176, logits_fake -0.0160,
Train Epoch: [23/30] Iters:[450/1093] gen_loss 0.2432, rec_loss 0.0110, lpips_loss 0.1328, g_loss 0.0157, disc_weight 0.4000, disc_adaptive_weight 6.3169, d_loss 0.4005, logits_real -0.0173, logits_fake -0.0157,
Train Epoch: [23/30] Iters:[460/1093] gen_loss 0.2356, rec_loss 0.0109, lpips_loss 0.1321, g_loss 0.0156, disc_weight 0.4000, disc_adaptive_weight 5.9357, d_loss 0.4006, logits_real -0.0173, logits_fake -0.0156,
Train Epoch: [23/30] Iters:[470/1093] gen_loss 0.2327, rec_loss 0.0109, lpips_loss 0.1320, g_loss 0.0156, disc_weight 0.4000, disc_adaptive_weight 5.7804, d_loss 0.4005, logits_real -0.0172, logits_fake -0.0155,
Train Epoch: [23/30] Iters:[480/1093] gen_loss 0.2337, rec_loss 0.0110, lpips_loss 0.1323, g_loss 0.0158, disc_weight 0.4000, disc_adaptive_weight 5.7452, d_loss 0.4005, logits_real -0.0172, logits_fake -0.0157,
Train Epoch: [23/30] Iters:[490/1093] gen_loss 0.2322, rec_loss 0.0108, lpips_loss 0.1320, g_loss 0.0160, disc_weight 0.4000, disc_adaptive_weight 5.5833, d_loss 0.4005, logits_real -0.0174, logits_fake -0.0160,
Train Epoch: [23/30] Iters:[500/1093] gen_loss 0.2372, rec_loss 0.0107, lpips_loss 0.1312, g_loss 0.0161, disc_weight 0.4000, disc_adaptive_weight 5.9439, d_loss 0.4005, logits_real -0.0175, logits_fake -0.0160,
Train Epoch: [23/30] Iters:[510/1093] gen_loss 0.2419, rec_loss 0.0107, lpips_loss 0.1312, g_loss 0.0158, disc_weight 0.4000, disc_adaptive_weight 6.3560, d_loss 0.4005, logits_real -0.0173, logits_fake -0.0158,
Train Epoch: [23/30] Iters:[520/1093] gen_loss 0.2424, rec_loss 0.0108, lpips_loss 0.1313, g_loss 0.0155, disc_weight 0.4000, disc_adaptive_weight 6.5022, d_loss 0.4006, logits_real -0.0171, logits_fake -0.0154,
Train Epoch: [23/30] Iters:[530/1093] gen_loss 0.2388, rec_loss 0.0108, lpips_loss 0.1313, g_loss 0.0152, disc_weight 0.4000, disc_adaptive_weight 6.3488, d_loss 0.4005, logits_real -0.0169, logits_fake -0.0153,
Train Epoch: [23/30] Iters:[540/1093] gen_loss 0.2403, rec_loss 0.0110, lpips_loss 0.1318, g_loss 0.0153, disc_weight 0.4000, disc_adaptive_weight 6.3636, d_loss 0.4005, logits_real -0.0170, logits_fake -0.0155,
Train Epoch: [23/30] Iters:[550/1093] gen_loss 0.2387, rec_loss 0.0109, lpips_loss 0.1319, g_loss 0.0156, disc_weight 0.4000, disc_adaptive_weight 6.1490, d_loss 0.4005, logits_real -0.0171, logits_fake -0.0157,
Train Epoch: [23/30] Iters:[560/1093] gen_loss 0.2411, rec_loss 0.0109, lpips_loss 0.1321, g_loss 0.0159, disc_weight 0.4000, disc_adaptive_weight 6.1709, d_loss 0.4005, logits_real -0.0173, logits_fake -0.0160,
Train Epoch: [23/30] Iters:[570/1093] gen_loss 0.2425, rec_loss 0.0109, lpips_loss 0.1316, g_loss 0.0162, disc_weight 0.4000, disc_adaptive_weight 6.1807, d_loss 0.4005, logits_real -0.0175, logits_fake -0.0162,
Train Epoch: [23/30] Iters:[580/1093] gen_loss 0.2464, rec_loss 0.0109, lpips_loss 0.1321, g_loss 0.0162, disc_weight 0.4000, disc_adaptive_weight 6.4102, d_loss 0.4005, logits_real -0.0176, logits_fake -0.0162,
Train Epoch: [23/30] Iters:[590/1093] gen_loss 0.2497, rec_loss 0.0110, lpips_loss 0.1324, g_loss 0.0159, disc_weight 0.4000, disc_adaptive_weight 6.7427, d_loss 0.4006, logits_real -0.0174, logits_fake -0.0158,
Train Epoch: [23/30] Iters:[600/1093] gen_loss 0.2479, rec_loss 0.0111, lpips_loss 0.1326, g_loss 0.0154, disc_weight 0.4000, disc_adaptive_weight 6.7843, d_loss 0.4006, logits_real -0.0170, logits_fake -0.0154,
Train Epoch: [23/30] Iters:[610/1093] gen_loss 0.2435, rec_loss 0.0111, lpips_loss 0.1326, g_loss 0.0152, disc_weight 0.4000, disc_adaptive_weight 6.5942, d_loss 0.4006, logits_real -0.0167, logits_fake -0.0151,
Train Epoch: [23/30] Iters:[620/1093] gen_loss 0.2461, rec_loss 0.0110, lpips_loss 0.1331, g_loss 0.0151, disc_weight 0.4000, disc_adaptive_weight 6.7796, d_loss 0.4006, logits_real -0.0166, logits_fake -0.0150,
Train Epoch: [23/30] Iters:[630/1093] gen_loss 0.2413, rec_loss 0.0109, lpips_loss 0.1326, g_loss 0.0151, disc_weight 0.4000, disc_adaptive_weight 6.4918, d_loss 0.4006, logits_real -0.0167, logits_fake -0.0150,
Train Epoch: [23/30] Iters:[640/1093] gen_loss 0.2346, rec_loss 0.0109, lpips_loss 0.1319, g_loss 0.0152, disc_weight 0.4000, disc_adaptive_weight 6.0131, d_loss 0.4005, logits_real -0.0167, logits_fake -0.0152,
Train Epoch: [23/30] Iters:[650/1093] gen_loss 0.2392, rec_loss 0.0109, lpips_loss 0.1321, g_loss 0.0155, disc_weight 0.4000, disc_adaptive_weight 6.1733, d_loss 0.4005, logits_real -0.0168, logits_fake -0.0154,
Train Epoch: [23/30] Iters:[660/1093] gen_loss 0.2411, rec_loss 0.0110, lpips_loss 0.1323, g_loss 0.0156, disc_weight 0.4000, disc_adaptive_weight 6.2654, d_loss 0.4005, logits_real -0.0170, logits_fake -0.0156,
Train Epoch: [23/30] Iters:[670/1093] gen_loss 0.2375, rec_loss 0.0111, lpips_loss 0.1325, g_loss 0.0155, disc_weight 0.4000, disc_adaptive_weight 6.0331, d_loss 0.4005, logits_real -0.0169, logits_fake -0.0155,
Train Epoch: [23/30] Iters:[680/1093] gen_loss 0.2444, rec_loss 0.0114, lpips_loss 0.1331, g_loss 0.0153, disc_weight 0.4000, disc_adaptive_weight 6.5411, d_loss 0.4005, logits_real -0.0166, logits_fake -0.0153,
Train Epoch: [23/30] Iters:[690/1093] gen_loss 0.2498, rec_loss 0.0116, lpips_loss 0.1341, g_loss 0.0151, disc_weight 0.4000, disc_adaptive_weight 6.9125, d_loss 0.4005, logits_real -0.0165, logits_fake -0.0151,
Train Epoch: [23/30] Iters:[700/1093] gen_loss 0.2458, rec_loss 0.0116, lpips_loss 0.1335, g_loss 0.0148, disc_weight 0.4000, disc_adaptive_weight 6.8126, d_loss 0.4005, logits_real -0.0164, logits_fake -0.0149,
Train Epoch: [23/30] Iters:[710/1093] gen_loss 0.2435, rec_loss 0.0115, lpips_loss 0.1334, g_loss 0.0147, disc_weight 0.4000, disc_adaptive_weight 6.7029, d_loss 0.4005, logits_real -0.0161, logits_fake -0.0147,
Train Epoch: [23/30] Iters:[720/1093] gen_loss 0.2427, rec_loss 0.0115, lpips_loss 0.1332, g_loss 0.0148, disc_weight 0.4000, disc_adaptive_weight 6.6414, d_loss 0.4005, logits_real -0.0163, logits_fake -0.0148,
Train Epoch: [23/30] Iters:[730/1093] gen_loss 0.2398, rec_loss 0.0113, lpips_loss 0.1328, g_loss 0.0151, disc_weight 0.4000, disc_adaptive_weight 6.3336, d_loss 0.4005, logits_real -0.0167, logits_fake -0.0153,
Train Epoch: [23/30] Iters:[740/1093] gen_loss 0.2386, rec_loss 0.0110, lpips_loss 0.1324, g_loss 0.0156, disc_weight 0.4000, disc_adaptive_weight 6.1184, d_loss 0.4005, logits_real -0.0171, logits_fake -0.0157,
Train Epoch: [23/30] Iters:[750/1093] gen_loss 0.2380, rec_loss 0.0110, lpips_loss 0.1331, g_loss 0.0157, disc_weight 0.4000, disc_adaptive_weight 5.9618, d_loss 0.4005, logits_real -0.0173, logits_fake -0.0159,
Train Epoch: [23/30] Iters:[760/1093] gen_loss 0.2374, rec_loss 0.0109, lpips_loss 0.1329, g_loss 0.0159, disc_weight 0.4000, disc_adaptive_weight 5.8646, d_loss 0.4005, logits_real -0.0174, logits_fake -0.0162,
Train Epoch: [23/30] Iters:[770/1093] gen_loss 0.2393, rec_loss 0.0109, lpips_loss 0.1326, g_loss 0.0161, disc_weight 0.4000, disc_adaptive_weight 5.9330, d_loss 0.4005, logits_real -0.0175, logits_fake -0.0161,
Train Epoch: [23/30] Iters:[780/1093] gen_loss 0.2361, rec_loss 0.0110, lpips_loss 0.1322, g_loss 0.0161, disc_weight 0.4000, disc_adaptive_weight 5.7480, d_loss 0.4005, logits_real -0.0175, logits_fake -0.0161,
Train Epoch: [23/30] Iters:[790/1093] gen_loss 0.2325, rec_loss 0.0110, lpips_loss 0.1322, g_loss 0.0160, disc_weight 0.4000, disc_adaptive_weight 5.5662, d_loss 0.4005, logits_real -0.0173, logits_fake -0.0161,
Train Epoch: [23/30] Iters:[800/1093] gen_loss 0.2353, rec_loss 0.0109, lpips_loss 0.1314, g_loss 0.0162, disc_weight 0.4000, disc_adaptive_weight 5.7318, d_loss 0.4004, logits_real -0.0174, logits_fake -0.0163,
Train Epoch: [23/30] Iters:[810/1093] gen_loss 0.2362, rec_loss 0.0109, lpips_loss 0.1315, g_loss 0.0161, disc_weight 0.4000, disc_adaptive_weight 5.8055, d_loss 0.4005, logits_real -0.0176, logits_fake -0.0163,
Train Epoch: [23/30] Iters:[820/1093] gen_loss 0.2339, rec_loss 0.0109, lpips_loss 0.1319, g_loss 0.0161, disc_weight 0.4000, disc_adaptive_weight 5.6458, d_loss 0.4005, logits_real -0.0175, logits_fake -0.0164,
Train Epoch: [23/30] Iters:[830/1093] gen_loss 0.2375, rec_loss 0.0109, lpips_loss 0.1323, g_loss 0.0163, disc_weight 0.4000, disc_adaptive_weight 5.7635, d_loss 0.4005, logits_real -0.0177, logits_fake -0.0163,
Train Epoch: [23/30] Iters:[840/1093] gen_loss 0.2390, rec_loss 0.0109, lpips_loss 0.1318, g_loss 0.0165, disc_weight 0.4000, disc_adaptive_weight 5.8205, d_loss 0.4005, logits_real -0.0179, logits_fake -0.0163,
Train Epoch: [23/30] Iters:[850/1093] gen_loss 0.2413, rec_loss 0.0110, lpips_loss 0.1325, g_loss 0.0164, disc_weight 0.4000, disc_adaptive_weight 5.9624, d_loss 0.4005, logits_real -0.0179, logits_fake -0.0163,
Train Epoch: [23/30] Iters:[860/1093] gen_loss 0.2434, rec_loss 0.0110, lpips_loss 0.1325, g_loss 0.0164, disc_weight 0.4000, disc_adaptive_weight 6.0851, d_loss 0.4005, logits_real -0.0178, logits_fake -0.0162,
Train Epoch: [23/30] Iters:[870/1093] gen_loss 0.2497, rec_loss 0.0111, lpips_loss 0.1323, g_loss 0.0164, disc_weight 0.4000, disc_adaptive_weight 6.5201, d_loss 0.4005, logits_real -0.0176, logits_fake -0.0161,
Train Epoch: [23/30] Iters:[880/1093] gen_loss 0.2505, rec_loss 0.0111, lpips_loss 0.1326, g_loss 0.0160, disc_weight 0.4000, disc_adaptive_weight 6.6660, d_loss 0.4005, logits_real -0.0174, logits_fake -0.0159,
Train Epoch: [23/30] Iters:[890/1093] gen_loss 0.2545, rec_loss 0.0111, lpips_loss 0.1331, g_loss 0.0157, disc_weight 0.4000, disc_adaptive_weight 7.0043, d_loss 0.4006, logits_real -0.0172, logits_fake -0.0156,
Train Epoch: [23/30] Iters:[900/1093] gen_loss 0.2513, rec_loss 0.0111, lpips_loss 0.1330, g_loss 0.0153, disc_weight 0.4000, disc_adaptive_weight 7.0043, d_loss 0.4005, logits_real -0.0167, logits_fake -0.0152,
Train Epoch: [23/30] Iters:[910/1093] gen_loss 0.2495, rec_loss 0.0111, lpips_loss 0.1328, g_loss 0.0150, disc_weight 0.4000, disc_adaptive_weight 7.0200, d_loss 0.4005, logits_real -0.0162, logits_fake -0.0148,
Train Epoch: [23/30] Iters:[920/1093] gen_loss 0.2414, rec_loss 0.0111, lpips_loss 0.1329, g_loss 0.0148, disc_weight 0.4000, disc_adaptive_weight 6.5940, d_loss 0.4005, logits_real -0.0160, logits_fake -0.0147,
Train Epoch: [23/30] Iters:[930/1093] gen_loss 0.2383, rec_loss 0.0110, lpips_loss 0.1323, g_loss 0.0146, disc_weight 0.4000, disc_adaptive_weight 6.5082, d_loss 0.4005, logits_real -0.0158, logits_fake -0.0145,
Train Epoch: [23/30] Iters:[940/1093] gen_loss 0.2343, rec_loss 0.0110, lpips_loss 0.1321, g_loss 0.0143, disc_weight 0.4000, disc_adaptive_weight 6.3890, d_loss 0.4005, logits_real -0.0155, logits_fake -0.0142,
Train Epoch: [23/30] Iters:[950/1093] gen_loss 0.2363, rec_loss 0.0111, lpips_loss 0.1327, g_loss 0.0145, disc_weight 0.4000, disc_adaptive_weight 6.3995, d_loss 0.4005, logits_real -0.0157, logits_fake -0.0143,
Train Epoch: [23/30] Iters:[960/1093] gen_loss 0.2340, rec_loss 0.0111, lpips_loss 0.1328, g_loss 0.0145, disc_weight 0.4000, disc_adaptive_weight 6.2142, d_loss 0.4005, logits_real -0.0158, logits_fake -0.0145,
Train Epoch: [23/30] Iters:[970/1093] gen_loss 0.2391, rec_loss 0.0113, lpips_loss 0.1332, g_loss 0.0146, disc_weight 0.4000, disc_adaptive_weight 6.4349, d_loss 0.4005, logits_real -0.0160, logits_fake -0.0146,
Train Epoch: [23/30] Iters:[980/1093] gen_loss 0.2454, rec_loss 0.0114, lpips_loss 0.1337, g_loss 0.0150, disc_weight 0.4000, disc_adaptive_weight 6.6493, d_loss 0.4005, logits_real -0.0162, logits_fake -0.0150,
Train Epoch: [23/30] Iters:[990/1093] gen_loss 0.2496, rec_loss 0.0114, lpips_loss 0.1335, g_loss 0.0153, disc_weight 0.4000, disc_adaptive_weight 6.8198, d_loss 0.4004, logits_real -0.0165, logits_fake -0.0155,
Train Epoch: [23/30] Iters:[1000/1093] gen_loss 0.2441, rec_loss 0.0113, lpips_loss 0.1327, g_loss 0.0152, disc_weight 0.4000, disc_adaptive_weight 6.5351, d_loss 0.4005, logits_real -0.0167, logits_fake -0.0156,
Train Epoch: [23/30] Iters:[1010/1093] gen_loss 0.2449, rec_loss 0.0113, lpips_loss 0.1327, g_loss 0.0151, disc_weight 0.4000, disc_adaptive_weight 6.6619, d_loss 0.4005, logits_real -0.0168, logits_fake -0.0156,
Train Epoch: [23/30] Iters:[1020/1093] gen_loss 0.2403, rec_loss 0.0112, lpips_loss 0.1323, g_loss 0.0150, disc_weight 0.4000, disc_adaptive_weight 6.4556, d_loss 0.4005, logits_real -0.0171, logits_fake -0.0156,
Train Epoch: [23/30] Iters:[1030/1093] gen_loss 0.2337, rec_loss 0.0112, lpips_loss 0.1321, g_loss 0.0149, disc_weight 0.4000, disc_adaptive_weight 6.0849, d_loss 0.4005, logits_real -0.0171, logits_fake -0.0156,
Train Epoch: [23/30] Iters:[1040/1093] gen_loss 0.2253, rec_loss 0.0110, lpips_loss 0.1318, g_loss 0.0149, disc_weight 0.4000, disc_adaptive_weight 5.5464, d_loss 0.4006, logits_real -0.0170, logits_fake -0.0154,
Train Epoch: [23/30] Iters:[1050/1093] gen_loss 0.2291, rec_loss 0.0111, lpips_loss 0.1321, g_loss 0.0155, disc_weight 0.4000, disc_adaptive_weight 5.5519, d_loss 0.4005, logits_real -0.0172, logits_fake -0.0158,
Train Epoch: [23/30] Iters:[1060/1093] gen_loss 0.2332, rec_loss 0.0110, lpips_loss 0.1322, g_loss 0.0163, disc_weight 0.4000, disc_adaptive_weight 5.5092, d_loss 0.4005, logits_real -0.0176, logits_fake -0.0164,
Train Epoch: [23/30] Iters:[1070/1093] gen_loss 0.2381, rec_loss 0.0109, lpips_loss 0.1323, g_loss 0.0167, disc_weight 0.4000, disc_adaptive_weight 5.6717, d_loss 0.4004, logits_real -0.0178, logits_fake -0.0167,
Train Epoch: [23/30] Iters:[1080/1093] gen_loss 0.2394, rec_loss 0.0108, lpips_loss 0.1322, g_loss 0.0167, disc_weight 0.4000, disc_adaptive_weight 5.7476, d_loss 0.4004, logits_real -0.0179, logits_fake -0.0169,
Train Epoch: [23/30] Iters:[1090/1093] gen_loss 0.2461, rec_loss 0.0110, lpips_loss 0.1325, g_loss 0.0168, disc_weight 0.4000, disc_adaptive_weight 6.1257, d_loss 0.4004, logits_real -0.0180, logits_fake -0.0169,
epoch:24, cur_lr:0.000010
Train Epoch: [24/30] Iters:[10/1093] gen_loss 0.2498, rec_loss 0.0108, lpips_loss 0.1317, g_loss 0.0160, disc_weight 0.4000, disc_adaptive_weight 6.7621, d_loss 0.4002, logits_real -0.0173, logits_fake -0.0173,
Train Epoch: [24/30] Iters:[20/1093] gen_loss 0.2469, rec_loss 0.0109, lpips_loss 0.1314, g_loss 0.0163, disc_weight 0.4000, disc_adaptive_weight 6.4365, d_loss 0.4005, logits_real -0.0182, logits_fake -0.0167,
Train Epoch: [24/30] Iters:[30/1093] gen_loss 0.2457, rec_loss 0.0111, lpips_loss 0.1322, g_loss 0.0157, disc_weight 0.4000, disc_adaptive_weight 6.5234, d_loss 0.4005, logits_real -0.0174, logits_fake -0.0161,
Train Epoch: [24/30] Iters:[40/1093] gen_loss 0.2425, rec_loss 0.0113, lpips_loss 0.1323, g_loss 0.0156, disc_weight 0.4000, disc_adaptive_weight 6.3237, d_loss 0.4005, logits_real -0.0172, logits_fake -0.0161,
Train Epoch: [24/30] Iters:[50/1093] gen_loss 0.2399, rec_loss 0.0112, lpips_loss 0.1319, g_loss 0.0157, disc_weight 0.4000, disc_adaptive_weight 6.1444, d_loss 0.4005, logits_real -0.0175, logits_fake -0.0161,
Train Epoch: [24/30] Iters:[60/1093] gen_loss 0.2397, rec_loss 0.0113, lpips_loss 0.1320, g_loss 0.0156, disc_weight 0.4000, disc_adaptive_weight 6.1709, d_loss 0.4006, logits_real -0.0174, logits_fake -0.0158,
Train Epoch: [24/30] Iters:[70/1093] gen_loss 0.2371, rec_loss 0.0113, lpips_loss 0.1321, g_loss 0.0153, disc_weight 0.4000, disc_adaptive_weight 6.1383, d_loss 0.4005, logits_real -0.0168, logits_fake -0.0155,
Train Epoch: [24/30] Iters:[80/1093] gen_loss 0.2342, rec_loss 0.0113, lpips_loss 0.1319, g_loss 0.0151, disc_weight 0.4000, disc_adaptive_weight 6.0187, d_loss 0.4005, logits_real -0.0167, logits_fake -0.0153,
Train Epoch: [24/30] Iters:[90/1093] gen_loss 0.2353, rec_loss 0.0110, lpips_loss 0.1316, g_loss 0.0150, disc_weight 0.4000, disc_adaptive_weight 6.1967, d_loss 0.4005, logits_real -0.0166, logits_fake -0.0151,
Train Epoch: [24/30] Iters:[100/1093] gen_loss 0.2384, rec_loss 0.0111, lpips_loss 0.1325, g_loss 0.0149, disc_weight 0.4000, disc_adaptive_weight 6.3412, d_loss 0.4005, logits_real -0.0164, logits_fake -0.0151,
Train Epoch: [24/30] Iters:[110/1093] gen_loss 0.2391, rec_loss 0.0112, lpips_loss 0.1327, g_loss 0.0151, disc_weight 0.4000, disc_adaptive_weight 6.3296, d_loss 0.4005, logits_real -0.0165, logits_fake -0.0153,
Train Epoch: [24/30] Iters:[120/1093] gen_loss 0.2428, rec_loss 0.0113, lpips_loss 0.1330, g_loss 0.0152, disc_weight 0.4000, disc_adaptive_weight 6.4948, d_loss 0.4005, logits_real -0.0168, logits_fake -0.0155,
Train Epoch: [24/30] Iters:[130/1093] gen_loss 0.2436, rec_loss 0.0112, lpips_loss 0.1328, g_loss 0.0158, disc_weight 0.4000, disc_adaptive_weight 6.3469, d_loss 0.4005, logits_real -0.0173, logits_fake -0.0160,
Train Epoch: [24/30] Iters:[140/1093] gen_loss 0.2453, rec_loss 0.0113, lpips_loss 0.1330, g_loss 0.0164, disc_weight 0.4000, disc_adaptive_weight 6.2090, d_loss 0.4005, logits_real -0.0178, logits_fake -0.0164,
Train Epoch: [24/30] Iters:[150/1093] gen_loss 0.2470, rec_loss 0.0112, lpips_loss 0.1326, g_loss 0.0161, disc_weight 0.4000, disc_adaptive_weight 6.4422, d_loss 0.4005, logits_real -0.0177, logits_fake -0.0161,
Train Epoch: [24/30] Iters:[160/1093] gen_loss 0.2435, rec_loss 0.0114, lpips_loss 0.1330, g_loss 0.0156, disc_weight 0.4000, disc_adaptive_weight 6.3732, d_loss 0.4006, logits_real -0.0172, logits_fake -0.0155,
Train Epoch: [24/30] Iters:[170/1093] gen_loss 0.2404, rec_loss 0.0113, lpips_loss 0.1328, g_loss 0.0153, disc_weight 0.4000, disc_adaptive_weight 6.3255, d_loss 0.4005, logits_real -0.0168, logits_fake -0.0153,
Train Epoch: [24/30] Iters:[180/1093] gen_loss 0.2401, rec_loss 0.0113, lpips_loss 0.1330, g_loss 0.0147, disc_weight 0.4000, disc_adaptive_weight 6.5250, d_loss 0.4005, logits_real -0.0162, logits_fake -0.0148,
Train Epoch: [24/30] Iters:[190/1093] gen_loss 0.2359, rec_loss 0.0113, lpips_loss 0.1328, g_loss 0.0138, disc_weight 0.4000, disc_adaptive_weight 6.6110, d_loss 0.4005, logits_real -0.0154, logits_fake -0.0141,
Train Epoch: [24/30] Iters:[200/1093] gen_loss 0.2296, rec_loss 0.0114, lpips_loss 0.1327, g_loss 0.0135, disc_weight 0.4000, disc_adaptive_weight 6.3257, d_loss 0.4005, logits_real -0.0151, logits_fake -0.0138,
Train Epoch: [24/30] Iters:[210/1093] gen_loss 0.2271, rec_loss 0.0113, lpips_loss 0.1326, g_loss 0.0133, disc_weight 0.4000, disc_adaptive_weight 6.2824, d_loss 0.4005, logits_real -0.0149, logits_fake -0.0137,
Train Epoch: [24/30] Iters:[220/1093] gen_loss 0.2296, rec_loss 0.0112, lpips_loss 0.1326, g_loss 0.0131, disc_weight 0.4000, disc_adaptive_weight 6.5235, d_loss 0.4005, logits_real -0.0146, logits_fake -0.0134,
Train Epoch: [24/30] Iters:[230/1093] gen_loss 0.2320, rec_loss 0.0113, lpips_loss 0.1329, g_loss 0.0130, disc_weight 0.4000, disc_adaptive_weight 6.7320, d_loss 0.4004, logits_real -0.0145, logits_fake -0.0134,
Train Epoch: [24/30] Iters:[240/1093] gen_loss 0.2334, rec_loss 0.0111, lpips_loss 0.1325, g_loss 0.0133, disc_weight 0.4000, disc_adaptive_weight 6.7510, d_loss 0.4005, logits_real -0.0150, logits_fake -0.0136,
Train Epoch: [24/30] Iters:[250/1093] gen_loss 0.2325, rec_loss 0.0111, lpips_loss 0.1327, g_loss 0.0132, disc_weight 0.4000, disc_adaptive_weight 6.7238, d_loss 0.4005, logits_real -0.0150, logits_fake -0.0136,
Train Epoch: [24/30] Iters:[260/1093] gen_loss 0.2305, rec_loss 0.0110, lpips_loss 0.1319, g_loss 0.0135, disc_weight 0.4000, disc_adaptive_weight 6.5030, d_loss 0.4005, logits_real -0.0152, logits_fake -0.0140,
Train Epoch: [24/30] Iters:[270/1093] gen_loss 0.2283, rec_loss 0.0109, lpips_loss 0.1316, g_loss 0.0137, disc_weight 0.4000, disc_adaptive_weight 6.2510, d_loss 0.4005, logits_real -0.0156, logits_fake -0.0143,
Train Epoch: [24/30] Iters:[280/1093] gen_loss 0.2266, rec_loss 0.0108, lpips_loss 0.1312, g_loss 0.0141, disc_weight 0.4000, disc_adaptive_weight 5.9746, d_loss 0.4005, logits_real -0.0158, logits_fake -0.0144,
Train Epoch: [24/30] Iters:[290/1093] gen_loss 0.2260, rec_loss 0.0111, lpips_loss 0.1322, g_loss 0.0142, disc_weight 0.4000, disc_adaptive_weight 5.8366, d_loss 0.4005, logits_real -0.0160, logits_fake -0.0146,
Train Epoch: [24/30] Iters:[300/1093] gen_loss 0.2317, rec_loss 0.0110, lpips_loss 0.1316, g_loss 0.0152, disc_weight 0.4000, disc_adaptive_weight 5.8783, d_loss 0.4005, logits_real -0.0166, logits_fake -0.0152,
Train Epoch: [24/30] Iters:[310/1093] gen_loss 0.2445, rec_loss 0.0111, lpips_loss 0.1321, g_loss 0.0160, disc_weight 0.4000, disc_adaptive_weight 6.3344, d_loss 0.4005, logits_real -0.0172, logits_fake -0.0157,
Train Epoch: [24/30] Iters:[320/1093] gen_loss 0.2472, rec_loss 0.0111, lpips_loss 0.1322, g_loss 0.0166, disc_weight 0.4000, disc_adaptive_weight 6.2749, d_loss 0.4005, logits_real -0.0177, logits_fake -0.0162,
Train Epoch: [24/30] Iters:[330/1093] gen_loss 0.2530, rec_loss 0.0112, lpips_loss 0.1325, g_loss 0.0170, disc_weight 0.4000, disc_adaptive_weight 6.4538, d_loss 0.4005, logits_real -0.0181, logits_fake -0.0167,
Train Epoch: [24/30] Iters:[340/1093] gen_loss 0.2550, rec_loss 0.0111, lpips_loss 0.1324, g_loss 0.0171, disc_weight 0.4000, disc_adaptive_weight 6.5643, d_loss 0.4005, logits_real -0.0180, logits_fake -0.0166,
Train Epoch: [24/30] Iters:[350/1093] gen_loss 0.2541, rec_loss 0.0113, lpips_loss 0.1327, g_loss 0.0164, disc_weight 0.4000, disc_adaptive_weight 6.7321, d_loss 0.4005, logits_real -0.0177, logits_fake -0.0163,
Train Epoch: [24/30] Iters:[360/1093] gen_loss 0.2450, rec_loss 0.0113, lpips_loss 0.1326, g_loss 0.0156, disc_weight 0.4000, disc_adaptive_weight 6.4992, d_loss 0.4005, logits_real -0.0170, logits_fake -0.0155,
Train Epoch: [24/30] Iters:[370/1093] gen_loss 0.2421, rec_loss 0.0114, lpips_loss 0.1328, g_loss 0.0148, disc_weight 0.4000, disc_adaptive_weight 6.5694, d_loss 0.4006, logits_real -0.0164, logits_fake -0.0146,
Train Epoch: [24/30] Iters:[380/1093] gen_loss 0.2333, rec_loss 0.0114, lpips_loss 0.1327, g_loss 0.0141, disc_weight 0.4000, disc_adaptive_weight 6.2781, d_loss 0.4006, logits_real -0.0158, logits_fake -0.0140,
Train Epoch: [24/30] Iters:[390/1093] gen_loss 0.2343, rec_loss 0.0112, lpips_loss 0.1321, g_loss 0.0140, disc_weight 0.4000, disc_adaptive_weight 6.4271, d_loss 0.4005, logits_real -0.0155, logits_fake -0.0139,
Train Epoch: [24/30] Iters:[400/1093] gen_loss 0.2319, rec_loss 0.0110, lpips_loss 0.1321, g_loss 0.0141, disc_weight 0.4000, disc_adaptive_weight 6.2335, d_loss 0.4005, logits_real -0.0154, logits_fake -0.0140,
Train Epoch: [24/30] Iters:[410/1093] gen_loss 0.2374, rec_loss 0.0111, lpips_loss 0.1324, g_loss 0.0144, disc_weight 0.4000, disc_adaptive_weight 6.4799, d_loss 0.4005, logits_real -0.0156, logits_fake -0.0142,
Train Epoch: [24/30] Iters:[420/1093] gen_loss 0.2372, rec_loss 0.0110, lpips_loss 0.1325, g_loss 0.0147, disc_weight 0.4000, disc_adaptive_weight 6.3666, d_loss 0.4005, logits_real -0.0157, logits_fake -0.0145,
Train Epoch: [24/30] Iters:[430/1093] gen_loss 0.2391, rec_loss 0.0108, lpips_loss 0.1322, g_loss 0.0149, disc_weight 0.4000, disc_adaptive_weight 6.4601, d_loss 0.4005, logits_real -0.0159, logits_fake -0.0147,
Train Epoch: [24/30] Iters:[440/1093] gen_loss 0.2396, rec_loss 0.0109, lpips_loss 0.1320, g_loss 0.0151, disc_weight 0.4000, disc_adaptive_weight 6.4203, d_loss 0.4005, logits_real -0.0163, logits_fake -0.0150,
Train Epoch: [24/30] Iters:[450/1093] gen_loss 0.2417, rec_loss 0.0111, lpips_loss 0.1323, g_loss 0.0153, disc_weight 0.4000, disc_adaptive_weight 6.4702, d_loss 0.4005, logits_real -0.0164, logits_fake -0.0149,
Train Epoch: [24/30] Iters:[460/1093] gen_loss 0.2408, rec_loss 0.0110, lpips_loss 0.1322, g_loss 0.0152, disc_weight 0.4000, disc_adaptive_weight 6.4452, d_loss 0.4005, logits_real -0.0164, logits_fake -0.0147,
Train Epoch: [24/30] Iters:[470/1093] gen_loss 0.2427, rec_loss 0.0111, lpips_loss 0.1324, g_loss 0.0151, disc_weight 0.4000, disc_adaptive_weight 6.6100, d_loss 0.4005, logits_real -0.0164, logits_fake -0.0147,
Train Epoch: [24/30] Iters:[480/1093] gen_loss 0.2450, rec_loss 0.0112, lpips_loss 0.1322, g_loss 0.0150, disc_weight 0.4000, disc_adaptive_weight 6.7926, d_loss 0.4006, logits_real -0.0164, logits_fake -0.0147,
Train Epoch: [24/30] Iters:[490/1093] gen_loss 0.2441, rec_loss 0.0114, lpips_loss 0.1328, g_loss 0.0148, disc_weight 0.4000, disc_adaptive_weight 6.7506, d_loss 0.4006, logits_real -0.0161, logits_fake -0.0144,
Train Epoch: [24/30] Iters:[500/1093] gen_loss 0.2454, rec_loss 0.0113, lpips_loss 0.1326, g_loss 0.0145, disc_weight 0.4000, disc_adaptive_weight 6.9782, d_loss 0.4005, logits_real -0.0160, logits_fake -0.0143,
Train Epoch: [24/30] Iters:[510/1093] gen_loss 0.2412, rec_loss 0.0114, lpips_loss 0.1328, g_loss 0.0143, disc_weight 0.4000, disc_adaptive_weight 6.7984, d_loss 0.4005, logits_real -0.0158, logits_fake -0.0142,
Train Epoch: [24/30] Iters:[520/1093] gen_loss 0.2367, rec_loss 0.0112, lpips_loss 0.1320, g_loss 0.0141, disc_weight 0.4000, disc_adaptive_weight 6.6293, d_loss 0.4005, logits_real -0.0157, logits_fake -0.0140,
Train Epoch: [24/30] Iters:[530/1093] gen_loss 0.2357, rec_loss 0.0112, lpips_loss 0.1325, g_loss 0.0140, disc_weight 0.4000, disc_adaptive_weight 6.5471, d_loss 0.4005, logits_real -0.0155, logits_fake -0.0141,
Train Epoch: [24/30] Iters:[540/1093] gen_loss 0.2323, rec_loss 0.0111, lpips_loss 0.1322, g_loss 0.0140, disc_weight 0.4000, disc_adaptive_weight 6.3517, d_loss 0.4005, logits_real -0.0155, logits_fake -0.0140,
Train Epoch: [24/30] Iters:[550/1093] gen_loss 0.2290, rec_loss 0.0111, lpips_loss 0.1326, g_loss 0.0140, disc_weight 0.4000, disc_adaptive_weight 6.0942, d_loss 0.4005, logits_real -0.0155, logits_fake -0.0140,
Train Epoch: [24/30] Iters:[560/1093] gen_loss 0.2266, rec_loss 0.0110, lpips_loss 0.1326, g_loss 0.0142, disc_weight 0.4000, disc_adaptive_weight 5.8541, d_loss 0.4005, logits_real -0.0156, logits_fake -0.0141,
Train Epoch: [24/30] Iters:[570/1093] gen_loss 0.2270, rec_loss 0.0110, lpips_loss 0.1326, g_loss 0.0144, disc_weight 0.4000, disc_adaptive_weight 5.7821, d_loss 0.4005, logits_real -0.0158, logits_fake -0.0144,
Train Epoch: [24/30] Iters:[580/1093] gen_loss 0.2265, rec_loss 0.0109, lpips_loss 0.1321, g_loss 0.0146, disc_weight 0.4000, disc_adaptive_weight 5.7013, d_loss 0.4005, logits_real -0.0160, logits_fake -0.0147,
Train Epoch: [24/30] Iters:[590/1093] gen_loss 0.2274, rec_loss 0.0109, lpips_loss 0.1320, g_loss 0.0149, disc_weight 0.4000, disc_adaptive_weight 5.6779, d_loss 0.4005, logits_real -0.0162, logits_fake -0.0149,
Train Epoch: [24/30] Iters:[600/1093] gen_loss 0.2289, rec_loss 0.0109, lpips_loss 0.1315, g_loss 0.0150, disc_weight 0.4000, disc_adaptive_weight 5.7810, d_loss 0.4005, logits_real -0.0164, logits_fake -0.0150,
Train Epoch: [24/30] Iters:[610/1093] gen_loss 0.2312, rec_loss 0.0109, lpips_loss 0.1312, g_loss 0.0151, disc_weight 0.4000, disc_adaptive_weight 5.9130, d_loss 0.4005, logits_real -0.0164, logits_fake -0.0151,
Train Epoch: [24/30] Iters:[620/1093] gen_loss 0.2365, rec_loss 0.0109, lpips_loss 0.1311, g_loss 0.0150, disc_weight 0.4000, disc_adaptive_weight 6.2962, d_loss 0.4005, logits_real -0.0164, logits_fake -0.0149,
Train Epoch: [24/30] Iters:[630/1093] gen_loss 0.2374, rec_loss 0.0110, lpips_loss 0.1315, g_loss 0.0149, disc_weight 0.4000, disc_adaptive_weight 6.3968, d_loss 0.4005, logits_real -0.0162, logits_fake -0.0146,
Train Epoch: [24/30] Iters:[640/1093] gen_loss 0.2371, rec_loss 0.0111, lpips_loss 0.1318, g_loss 0.0145, disc_weight 0.4000, disc_adaptive_weight 6.4736, d_loss 0.4005, logits_real -0.0159, logits_fake -0.0144,
Train Epoch: [24/30] Iters:[650/1093] gen_loss 0.2366, rec_loss 0.0110, lpips_loss 0.1315, g_loss 0.0145, disc_weight 0.4000, disc_adaptive_weight 6.4735, d_loss 0.4005, logits_real -0.0158, logits_fake -0.0143,
Train Epoch: [24/30] Iters:[660/1093] gen_loss 0.2382, rec_loss 0.0111, lpips_loss 0.1320, g_loss 0.0143, disc_weight 0.4000, disc_adaptive_weight 6.6563, d_loss 0.4005, logits_real -0.0156, logits_fake -0.0142,
Train Epoch: [24/30] Iters:[670/1093] gen_loss 0.2390, rec_loss 0.0112, lpips_loss 0.1323, g_loss 0.0142, disc_weight 0.4000, disc_adaptive_weight 6.7174, d_loss 0.4005, logits_real -0.0156, logits_fake -0.0142,
Train Epoch: [24/30] Iters:[680/1093] gen_loss 0.2360, rec_loss 0.0112, lpips_loss 0.1324, g_loss 0.0142, disc_weight 0.4000, disc_adaptive_weight 6.5005, d_loss 0.4005, logits_real -0.0157, logits_fake -0.0143,
Train Epoch: [24/30] Iters:[690/1093] gen_loss 0.2356, rec_loss 0.0112, lpips_loss 0.1325, g_loss 0.0143, disc_weight 0.4000, disc_adaptive_weight 6.4307, d_loss 0.4005, logits_real -0.0157, logits_fake -0.0143,
Train Epoch: [24/30] Iters:[700/1093] gen_loss 0.2340, rec_loss 0.0111, lpips_loss 0.1325, g_loss 0.0143, disc_weight 0.4000, disc_adaptive_weight 6.3358, d_loss 0.4005, logits_real -0.0157, logits_fake -0.0143,
Train Epoch: [24/30] Iters:[710/1093] gen_loss 0.2317, rec_loss 0.0111, lpips_loss 0.1324, g_loss 0.0142, disc_weight 0.4000, disc_adaptive_weight 6.2126, d_loss 0.4005, logits_real -0.0157, logits_fake -0.0143,
Train Epoch: [24/30] Iters:[720/1093] gen_loss 0.2280, rec_loss 0.0111, lpips_loss 0.1326, g_loss 0.0142, disc_weight 0.4000, disc_adaptive_weight 5.9570, d_loss 0.4005, logits_real -0.0157, logits_fake -0.0143,
Train Epoch: [24/30] Iters:[730/1093] gen_loss 0.2327, rec_loss 0.0110, lpips_loss 0.1324, g_loss 0.0142, disc_weight 0.4000, disc_adaptive_weight 6.2941, d_loss 0.4005, logits_real -0.0158, logits_fake -0.0145,
Train Epoch: [24/30] Iters:[740/1093] gen_loss 0.2361, rec_loss 0.0109, lpips_loss 0.1326, g_loss 0.0142, disc_weight 0.4000, disc_adaptive_weight 6.5025, d_loss 0.4005, logits_real -0.0160, logits_fake -0.0146,
Train Epoch: [24/30] Iters:[750/1093] gen_loss 0.2398, rec_loss 0.0111, lpips_loss 0.1328, g_loss 0.0142, disc_weight 0.4000, disc_adaptive_weight 6.7559, d_loss 0.4005, logits_real -0.0159, logits_fake -0.0145,
Train Epoch: [24/30] Iters:[760/1093] gen_loss 0.2379, rec_loss 0.0111, lpips_loss 0.1326, g_loss 0.0142, disc_weight 0.4000, disc_adaptive_weight 6.6319, d_loss 0.4005, logits_real -0.0158, logits_fake -0.0144,
Train Epoch: [24/30] Iters:[770/1093] gen_loss 0.2349, rec_loss 0.0110, lpips_loss 0.1327, g_loss 0.0139, disc_weight 0.4000, disc_adaptive_weight 6.5440, d_loss 0.4005, logits_real -0.0156, logits_fake -0.0141,
Train Epoch: [24/30] Iters:[780/1093] gen_loss 0.2297, rec_loss 0.0109, lpips_loss 0.1322, g_loss 0.0135, disc_weight 0.4000, disc_adaptive_weight 6.3917, d_loss 0.4005, logits_real -0.0150, logits_fake -0.0136,
Train Epoch: [24/30] Iters:[790/1093] gen_loss 0.2271, rec_loss 0.0110, lpips_loss 0.1317, g_loss 0.0130, disc_weight 0.4000, disc_adaptive_weight 6.4932, d_loss 0.4005, logits_real -0.0145, logits_fake -0.0129,
Train Epoch: [24/30] Iters:[800/1093] gen_loss 0.2196, rec_loss 0.0109, lpips_loss 0.1316, g_loss 0.0126, disc_weight 0.4000, disc_adaptive_weight 6.1292, d_loss 0.4005, logits_real -0.0141, logits_fake -0.0125,
Train Epoch: [24/30] Iters:[810/1093] gen_loss 0.2207, rec_loss 0.0109, lpips_loss 0.1317, g_loss 0.0123, disc_weight 0.4000, disc_adaptive_weight 6.3844, d_loss 0.4005, logits_real -0.0138, logits_fake -0.0122,
Train Epoch: [24/30] Iters:[820/1093] gen_loss 0.2207, rec_loss 0.0108, lpips_loss 0.1313, g_loss 0.0123, disc_weight 0.4000, disc_adaptive_weight 6.3905, d_loss 0.4005, logits_real -0.0137, logits_fake -0.0123,
Train Epoch: [24/30] Iters:[830/1093] gen_loss 0.2197, rec_loss 0.0110, lpips_loss 0.1321, g_loss 0.0125, disc_weight 0.4000, disc_adaptive_weight 6.1421, d_loss 0.4005, logits_real -0.0140, logits_fake -0.0126,
Train Epoch: [24/30] Iters:[840/1093] gen_loss 0.2206, rec_loss 0.0109, lpips_loss 0.1325, g_loss 0.0129, disc_weight 0.4000, disc_adaptive_weight 5.9903, d_loss 0.4005, logits_real -0.0143, logits_fake -0.0130,
Train Epoch: [24/30] Iters:[850/1093] gen_loss 0.2232, rec_loss 0.0110, lpips_loss 0.1325, g_loss 0.0132, disc_weight 0.4000, disc_adaptive_weight 6.0632, d_loss 0.4005, logits_real -0.0146, logits_fake -0.0134,
Train Epoch: [24/30] Iters:[860/1093] gen_loss 0.2209, rec_loss 0.0110, lpips_loss 0.1322, g_loss 0.0136, disc_weight 0.4000, disc_adaptive_weight 5.7003, d_loss 0.4005, logits_real -0.0152, logits_fake -0.0138,
Train Epoch: [24/30] Iters:[870/1093] gen_loss 0.2241, rec_loss 0.0110, lpips_loss 0.1327, g_loss 0.0140, disc_weight 0.4000, disc_adaptive_weight 5.7237, d_loss 0.4005, logits_real -0.0155, logits_fake -0.0140,
Train Epoch: [24/30] Iters:[880/1093] gen_loss 0.2347, rec_loss 0.0110, lpips_loss 0.1331, g_loss 0.0142, disc_weight 0.4000, disc_adaptive_weight 6.3427, d_loss 0.4005, logits_real -0.0157, logits_fake -0.0141,
Train Epoch: [24/30] Iters:[890/1093] gen_loss 0.2360, rec_loss 0.0110, lpips_loss 0.1329, g_loss 0.0143, disc_weight 0.4000, disc_adaptive_weight 6.3948, d_loss 0.4005, logits_real -0.0156, logits_fake -0.0142,
Train Epoch: [24/30] Iters:[900/1093] gen_loss 0.2412, rec_loss 0.0111, lpips_loss 0.1334, g_loss 0.0146, disc_weight 0.4000, disc_adaptive_weight 6.5914, d_loss 0.4005, logits_real -0.0159, logits_fake -0.0145,
Train Epoch: [24/30] Iters:[910/1093] gen_loss 0.2518, rec_loss 0.0113, lpips_loss 0.1338, g_loss 0.0150, disc_weight 0.4000, disc_adaptive_weight 7.0887, d_loss 0.4005, logits_real -0.0163, logits_fake -0.0148,
Train Epoch: [24/30] Iters:[920/1093] gen_loss 0.2532, rec_loss 0.0113, lpips_loss 0.1335, g_loss 0.0151, disc_weight 0.4000, disc_adaptive_weight 7.1564, d_loss 0.4005, logits_real -0.0164, logits_fake -0.0150,
Train Epoch: [24/30] Iters:[930/1093] gen_loss 0.2455, rec_loss 0.0113, lpips_loss 0.1330, g_loss 0.0151, disc_weight 0.4000, disc_adaptive_weight 6.6911, d_loss 0.4005, logits_real -0.0164, logits_fake -0.0150,
Train Epoch: [24/30] Iters:[940/1093] gen_loss 0.2434, rec_loss 0.0113, lpips_loss 0.1331, g_loss 0.0149, disc_weight 0.4000, disc_adaptive_weight 6.6097, d_loss 0.4005, logits_real -0.0164, logits_fake -0.0148,
Train Epoch: [24/30] Iters:[950/1093] gen_loss 0.2449, rec_loss 0.0113, lpips_loss 0.1328, g_loss 0.0146, disc_weight 0.4000, disc_adaptive_weight 6.9270, d_loss 0.4006, logits_real -0.0161, logits_fake -0.0144,
Train Epoch: [24/30] Iters:[960/1093] gen_loss 0.2375, rec_loss 0.0114, lpips_loss 0.1326, g_loss 0.0139, disc_weight 0.4000, disc_adaptive_weight 6.7442, d_loss 0.4005, logits_real -0.0155, logits_fake -0.0139,
Train Epoch: [24/30] Iters:[970/1093] gen_loss 0.2355, rec_loss 0.0114, lpips_loss 0.1330, g_loss 0.0135, disc_weight 0.4000, disc_adaptive_weight 6.7837, d_loss 0.4005, logits_real -0.0151, logits_fake -0.0135,
Train Epoch: [24/30] Iters:[980/1093] gen_loss 0.2377, rec_loss 0.0114, lpips_loss 0.1333, g_loss 0.0132, disc_weight 0.4000, disc_adaptive_weight 7.0524, d_loss 0.4005, logits_real -0.0150, logits_fake -0.0133,
Train Epoch: [24/30] Iters:[990/1093] gen_loss 0.2377, rec_loss 0.0114, lpips_loss 0.1333, g_loss 0.0131, disc_weight 0.4000, disc_adaptive_weight 7.1063, d_loss 0.4005, logits_real -0.0147, logits_fake -0.0132,
Train Epoch: [24/30] Iters:[1000/1093] gen_loss 0.2321, rec_loss 0.0114, lpips_loss 0.1334, g_loss 0.0130, disc_weight 0.4000, disc_adaptive_weight 6.7088, d_loss 0.4005, logits_real -0.0146, logits_fake -0.0132,
Train Epoch: [24/30] Iters:[1010/1093] gen_loss 0.2274, rec_loss 0.0113, lpips_loss 0.1334, g_loss 0.0130, disc_weight 0.4000, disc_adaptive_weight 6.3566, d_loss 0.4005, logits_real -0.0145, logits_fake -0.0130,
Train Epoch: [24/30] Iters:[1020/1093] gen_loss 0.2239, rec_loss 0.0113, lpips_loss 0.1330, g_loss 0.0128, disc_weight 0.4000, disc_adaptive_weight 6.2083, d_loss 0.4005, logits_real -0.0143, logits_fake -0.0128,
Train Epoch: [24/30] Iters:[1030/1093] gen_loss 0.2197, rec_loss 0.0112, lpips_loss 0.1327, g_loss 0.0127, disc_weight 0.4000, disc_adaptive_weight 5.9810, d_loss 0.4005, logits_real -0.0140, logits_fake -0.0126,
Train Epoch: [24/30] Iters:[1040/1093] gen_loss 0.2179, rec_loss 0.0113, lpips_loss 0.1326, g_loss 0.0126, disc_weight 0.4000, disc_adaptive_weight 5.8611, d_loss 0.4005, logits_real -0.0140, logits_fake -0.0127,
Train Epoch: [24/30] Iters:[1050/1093] gen_loss 0.2151, rec_loss 0.0111, lpips_loss 0.1321, g_loss 0.0127, disc_weight 0.4000, disc_adaptive_weight 5.6540, d_loss 0.4005, logits_real -0.0141, logits_fake -0.0129,
Train Epoch: [24/30] Iters:[1060/1093] gen_loss 0.2206, rec_loss 0.0111, lpips_loss 0.1321, g_loss 0.0128, disc_weight 0.4000, disc_adaptive_weight 6.0664, d_loss 0.4004, logits_real -0.0142, logits_fake -0.0130,
Train Epoch: [24/30] Iters:[1070/1093] gen_loss 0.2190, rec_loss 0.0111, lpips_loss 0.1321, g_loss 0.0128, disc_weight 0.4000, disc_adaptive_weight 5.9171, d_loss 0.4005, logits_real -0.0142, logits_fake -0.0131,
Train Epoch: [24/30] Iters:[1080/1093] gen_loss 0.2199, rec_loss 0.0112, lpips_loss 0.1326, g_loss 0.0128, disc_weight 0.4000, disc_adaptive_weight 5.9327, d_loss 0.4004, logits_real -0.0142, logits_fake -0.0131,
Train Epoch: [24/30] Iters:[1090/1093] gen_loss 0.2190, rec_loss 0.0110, lpips_loss 0.1322, g_loss 0.0127, disc_weight 0.4000, disc_adaptive_weight 5.9808, d_loss 0.4004, logits_real -0.0140, logits_fake -0.0129,
epoch:25, cur_lr:0.000010
Train Epoch: [25/30] Iters:[10/1093] gen_loss 0.2329, rec_loss 0.0112, lpips_loss 0.1336, g_loss 0.0132, disc_weight 0.4000, disc_adaptive_weight 6.7373, d_loss 0.4003, logits_real -0.0137, logits_fake -0.0131,
Train Epoch: [25/30] Iters:[20/1093] gen_loss 0.2275, rec_loss 0.0109, lpips_loss 0.1321, g_loss 0.0124, disc_weight 0.4000, disc_adaptive_weight 6.7900, d_loss 0.4004, logits_real -0.0134, logits_fake -0.0124,
Train Epoch: [25/30] Iters:[30/1093] gen_loss 0.2213, rec_loss 0.0108, lpips_loss 0.1316, g_loss 0.0123, disc_weight 0.4000, disc_adaptive_weight 6.3964, d_loss 0.4004, logits_real -0.0133, logits_fake -0.0123,
Train Epoch: [25/30] Iters:[40/1093] gen_loss 0.2200, rec_loss 0.0109, lpips_loss 0.1318, g_loss 0.0121, disc_weight 0.4000, disc_adaptive_weight 6.3670, d_loss 0.4004, logits_real -0.0132, logits_fake -0.0123,
Train Epoch: [25/30] Iters:[50/1093] gen_loss 0.2156, rec_loss 0.0108, lpips_loss 0.1315, g_loss 0.0119, disc_weight 0.4000, disc_adaptive_weight 6.1250, d_loss 0.4004, logits_real -0.0131, logits_fake -0.0122,
Train Epoch: [25/30] Iters:[60/1093] gen_loss 0.2132, rec_loss 0.0108, lpips_loss 0.1315, g_loss 0.0115, disc_weight 0.4000, disc_adaptive_weight 6.1319, d_loss 0.4004, logits_real -0.0128, logits_fake -0.0120,
Train Epoch: [25/30] Iters:[70/1093] gen_loss 0.2102, rec_loss 0.0109, lpips_loss 0.1320, g_loss 0.0114, disc_weight 0.4000, disc_adaptive_weight 5.9145, d_loss 0.4004, logits_real -0.0127, logits_fake -0.0120,
Train Epoch: [25/30] Iters:[80/1093] gen_loss 0.2118, rec_loss 0.0110, lpips_loss 0.1327, g_loss 0.0112, disc_weight 0.4000, disc_adaptive_weight 6.0981, d_loss 0.4004, logits_real -0.0128, logits_fake -0.0119,
Train Epoch: [25/30] Iters:[90/1093] gen_loss 0.2112, rec_loss 0.0111, lpips_loss 0.1324, g_loss 0.0113, disc_weight 0.4000, disc_adaptive_weight 6.0209, d_loss 0.4005, logits_real -0.0131, logits_fake -0.0118,
Train Epoch: [25/30] Iters:[100/1093] gen_loss 0.2122, rec_loss 0.0111, lpips_loss 0.1326, g_loss 0.0112, disc_weight 0.4000, disc_adaptive_weight 6.0906, d_loss 0.4006, logits_real -0.0133, logits_fake -0.0117,
Train Epoch: [25/30] Iters:[110/1093] gen_loss 0.2127, rec_loss 0.0111, lpips_loss 0.1326, g_loss 0.0112, disc_weight 0.4000, disc_adaptive_weight 6.1923, d_loss 0.4006, logits_real -0.0135, logits_fake -0.0116,
Train Epoch: [25/30] Iters:[120/1093] gen_loss 0.2140, rec_loss 0.0112, lpips_loss 0.1331, g_loss 0.0111, disc_weight 0.4000, disc_adaptive_weight 6.3205, d_loss 0.4006, logits_real -0.0135, logits_fake -0.0115,
Train Epoch: [25/30] Iters:[130/1093] gen_loss 0.2135, rec_loss 0.0112, lpips_loss 0.1332, g_loss 0.0111, disc_weight 0.4000, disc_adaptive_weight 6.2660, d_loss 0.4006, logits_real -0.0133, logits_fake -0.0113,
Train Epoch: [25/30] Iters:[140/1093] gen_loss 0.2130, rec_loss 0.0111, lpips_loss 0.1330, g_loss 0.0110, disc_weight 0.4000, disc_adaptive_weight 6.2896, d_loss 0.4005, logits_real -0.0130, logits_fake -0.0114,
Train Epoch: [25/30] Iters:[150/1093] gen_loss 0.2173, rec_loss 0.0111, lpips_loss 0.1337, g_loss 0.0111, disc_weight 0.4000, disc_adaptive_weight 6.5273, d_loss 0.4005, logits_real -0.0128, logits_fake -0.0113,
Train Epoch: [25/30] Iters:[160/1093] gen_loss 0.2165, rec_loss 0.0111, lpips_loss 0.1331, g_loss 0.0113, disc_weight 0.4000, disc_adaptive_weight 6.4451, d_loss 0.4005, logits_real -0.0128, logits_fake -0.0113,
Train Epoch: [25/30] Iters:[170/1093] gen_loss 0.2211, rec_loss 0.0110, lpips_loss 0.1325, g_loss 0.0116, disc_weight 0.4000, disc_adaptive_weight 6.7179, d_loss 0.4005, logits_real -0.0131, logits_fake -0.0116,
Train Epoch: [25/30] Iters:[180/1093] gen_loss 0.2235, rec_loss 0.0109, lpips_loss 0.1322, g_loss 0.0117, disc_weight 0.4000, disc_adaptive_weight 6.8614, d_loss 0.4005, logits_real -0.0133, logits_fake -0.0118,
Train Epoch: [25/30] Iters:[190/1093] gen_loss 0.2257, rec_loss 0.0111, lpips_loss 0.1325, g_loss 0.0119, disc_weight 0.4000, disc_adaptive_weight 6.9566, d_loss 0.4005, logits_real -0.0135, logits_fake -0.0120,
Train Epoch: [25/30] Iters:[200/1093] gen_loss 0.2259, rec_loss 0.0109, lpips_loss 0.1321, g_loss 0.0122, disc_weight 0.4000, disc_adaptive_weight 6.8124, d_loss 0.4005, logits_real -0.0138, logits_fake -0.0123,
Train Epoch: [25/30] Iters:[210/1093] gen_loss 0.2279, rec_loss 0.0109, lpips_loss 0.1321, g_loss 0.0129, disc_weight 0.4000, disc_adaptive_weight 6.6230, d_loss 0.4005, logits_real -0.0143, logits_fake -0.0129,
Train Epoch: [25/30] Iters:[220/1093] gen_loss 0.2251, rec_loss 0.0109, lpips_loss 0.1322, g_loss 0.0135, disc_weight 0.4000, disc_adaptive_weight 6.1383, d_loss 0.4005, logits_real -0.0148, logits_fake -0.0134,
Train Epoch: [25/30] Iters:[230/1093] gen_loss 0.2254, rec_loss 0.0109, lpips_loss 0.1320, g_loss 0.0141, disc_weight 0.4000, disc_adaptive_weight 5.8539, d_loss 0.4005, logits_real -0.0155, logits_fake -0.0141,
Train Epoch: [25/30] Iters:[240/1093] gen_loss 0.2271, rec_loss 0.0107, lpips_loss 0.1317, g_loss 0.0146, disc_weight 0.4000, disc_adaptive_weight 5.8147, d_loss 0.4005, logits_real -0.0159, logits_fake -0.0144,
Train Epoch: [25/30] Iters:[250/1093] gen_loss 0.2302, rec_loss 0.0108, lpips_loss 0.1314, g_loss 0.0148, disc_weight 0.4000, disc_adaptive_weight 5.9366, d_loss 0.4005, logits_real -0.0161, logits_fake -0.0146,
Train Epoch: [25/30] Iters:[260/1093] gen_loss 0.2313, rec_loss 0.0109, lpips_loss 0.1317, g_loss 0.0147, disc_weight 0.4000, disc_adaptive_weight 6.0381, d_loss 0.4005, logits_real -0.0160, logits_fake -0.0146,
Train Epoch: [25/30] Iters:[270/1093] gen_loss 0.2312, rec_loss 0.0107, lpips_loss 0.1309, g_loss 0.0144, disc_weight 0.4000, disc_adaptive_weight 6.2075, d_loss 0.4005, logits_real -0.0158, logits_fake -0.0144,
Train Epoch: [25/30] Iters:[280/1093] gen_loss 0.2330, rec_loss 0.0107, lpips_loss 0.1309, g_loss 0.0141, disc_weight 0.4000, disc_adaptive_weight 6.4792, d_loss 0.4005, logits_real -0.0154, logits_fake -0.0140,
Train Epoch: [25/30] Iters:[290/1093] gen_loss 0.2327, rec_loss 0.0108, lpips_loss 0.1308, g_loss 0.0142, disc_weight 0.4000, disc_adaptive_weight 6.4067, d_loss 0.4005, logits_real -0.0155, logits_fake -0.0141,
Train Epoch: [25/30] Iters:[300/1093] gen_loss 0.2351, rec_loss 0.0108, lpips_loss 0.1311, g_loss 0.0144, disc_weight 0.4000, disc_adaptive_weight 6.4646, d_loss 0.4005, logits_real -0.0157, logits_fake -0.0144,
Train Epoch: [25/30] Iters:[310/1093] gen_loss 0.2343, rec_loss 0.0109, lpips_loss 0.1314, g_loss 0.0147, disc_weight 0.4000, disc_adaptive_weight 6.2616, d_loss 0.4004, logits_real -0.0161, logits_fake -0.0149,
Train Epoch: [25/30] Iters:[320/1093] gen_loss 0.2386, rec_loss 0.0110, lpips_loss 0.1319, g_loss 0.0152, disc_weight 0.4000, disc_adaptive_weight 6.3083, d_loss 0.4005, logits_real -0.0166, logits_fake -0.0152,
Train Epoch: [25/30] Iters:[330/1093] gen_loss 0.2382, rec_loss 0.0110, lpips_loss 0.1321, g_loss 0.0155, disc_weight 0.4000, disc_adaptive_weight 6.1406, d_loss 0.4005, logits_real -0.0168, logits_fake -0.0153,
Train Epoch: [25/30] Iters:[340/1093] gen_loss 0.2379, rec_loss 0.0109, lpips_loss 0.1321, g_loss 0.0153, disc_weight 0.4000, disc_adaptive_weight 6.1915, d_loss 0.4005, logits_real -0.0167, logits_fake -0.0152,
Train Epoch: [25/30] Iters:[350/1093] gen_loss 0.2353, rec_loss 0.0108, lpips_loss 0.1320, g_loss 0.0149, disc_weight 0.4000, disc_adaptive_weight 6.2322, d_loss 0.4005, logits_real -0.0163, logits_fake -0.0147,
Train Epoch: [25/30] Iters:[360/1093] gen_loss 0.2402, rec_loss 0.0108, lpips_loss 0.1321, g_loss 0.0144, disc_weight 0.4000, disc_adaptive_weight 6.7602, d_loss 0.4005, logits_real -0.0159, logits_fake -0.0142,
Train Epoch: [25/30] Iters:[370/1093] gen_loss 0.2369, rec_loss 0.0108, lpips_loss 0.1320, g_loss 0.0140, disc_weight 0.4000, disc_adaptive_weight 6.7150, d_loss 0.4005, logits_real -0.0154, logits_fake -0.0140,
Train Epoch: [25/30] Iters:[380/1093] gen_loss 0.2358, rec_loss 0.0108, lpips_loss 0.1319, g_loss 0.0140, disc_weight 0.4000, disc_adaptive_weight 6.6675, d_loss 0.4005, logits_real -0.0155, logits_fake -0.0142,
Train Epoch: [25/30] Iters:[390/1093] gen_loss 0.2390, rec_loss 0.0109, lpips_loss 0.1323, g_loss 0.0143, disc_weight 0.4000, disc_adaptive_weight 6.7015, d_loss 0.4005, logits_real -0.0158, logits_fake -0.0145,
Train Epoch: [25/30] Iters:[400/1093] gen_loss 0.2377, rec_loss 0.0110, lpips_loss 0.1327, g_loss 0.0148, disc_weight 0.4000, disc_adaptive_weight 6.3864, d_loss 0.4005, logits_real -0.0164, logits_fake -0.0150,
Train Epoch: [25/30] Iters:[410/1093] gen_loss 0.2328, rec_loss 0.0110, lpips_loss 0.1324, g_loss 0.0153, disc_weight 0.4000, disc_adaptive_weight 5.8700, d_loss 0.4005, logits_real -0.0168, logits_fake -0.0154,
Train Epoch: [25/30] Iters:[420/1093] gen_loss 0.2347, rec_loss 0.0110, lpips_loss 0.1324, g_loss 0.0156, disc_weight 0.4000, disc_adaptive_weight 5.8557, d_loss 0.4005, logits_real -0.0171, logits_fake -0.0157,
Train Epoch: [25/30] Iters:[430/1093] gen_loss 0.2383, rec_loss 0.0109, lpips_loss 0.1321, g_loss 0.0157, disc_weight 0.4000, disc_adaptive_weight 6.0711, d_loss 0.4005, logits_real -0.0173, logits_fake -0.0159,
Train Epoch: [25/30] Iters:[440/1093] gen_loss 0.2420, rec_loss 0.0111, lpips_loss 0.1323, g_loss 0.0157, disc_weight 0.4000, disc_adaptive_weight 6.3201, d_loss 0.4005, logits_real -0.0172, logits_fake -0.0157,
Train Epoch: [25/30] Iters:[450/1093] gen_loss 0.2486, rec_loss 0.0112, lpips_loss 0.1322, g_loss 0.0156, disc_weight 0.4000, disc_adaptive_weight 6.7872, d_loss 0.4005, logits_real -0.0169, logits_fake -0.0157,
Train Epoch: [25/30] Iters:[460/1093] gen_loss 0.2509, rec_loss 0.0112, lpips_loss 0.1322, g_loss 0.0154, disc_weight 0.4000, disc_adaptive_weight 6.9926, d_loss 0.4004, logits_real -0.0168, logits_fake -0.0156,
Train Epoch: [25/30] Iters:[470/1093] gen_loss 0.2533, rec_loss 0.0112, lpips_loss 0.1325, g_loss 0.0153, disc_weight 0.4000, disc_adaptive_weight 7.1545, d_loss 0.4005, logits_real -0.0169, logits_fake -0.0155,
Train Epoch: [25/30] Iters:[480/1093] gen_loss 0.2555, rec_loss 0.0113, lpips_loss 0.1332, g_loss 0.0154, disc_weight 0.4000, disc_adaptive_weight 7.2116, d_loss 0.4005, logits_real -0.0168, logits_fake -0.0155,
Train Epoch: [25/30] Iters:[490/1093] gen_loss 0.2526, rec_loss 0.0111, lpips_loss 0.1328, g_loss 0.0155, disc_weight 0.4000, disc_adaptive_weight 7.0089, d_loss 0.4005, logits_real -0.0168, logits_fake -0.0156,
Train Epoch: [25/30] Iters:[500/1093] gen_loss 0.2453, rec_loss 0.0109, lpips_loss 0.1323, g_loss 0.0155, disc_weight 0.4000, disc_adaptive_weight 6.5589, d_loss 0.4005, logits_real -0.0171, logits_fake -0.0155,
Train Epoch: [25/30] Iters:[510/1093] gen_loss 0.2419, rec_loss 0.0109, lpips_loss 0.1319, g_loss 0.0156, disc_weight 0.4000, disc_adaptive_weight 6.3213, d_loss 0.4005, logits_real -0.0171, logits_fake -0.0155,
Train Epoch: [25/30] Iters:[520/1093] gen_loss 0.2397, rec_loss 0.0107, lpips_loss 0.1315, g_loss 0.0157, disc_weight 0.4000, disc_adaptive_weight 6.2223, d_loss 0.4004, logits_real -0.0168, logits_fake -0.0156,
Train Epoch: [25/30] Iters:[530/1093] gen_loss 0.2348, rec_loss 0.0105, lpips_loss 0.1304, g_loss 0.0155, disc_weight 0.4000, disc_adaptive_weight 6.0399, d_loss 0.4004, logits_real -0.0167, logits_fake -0.0155,
Train Epoch: [25/30] Iters:[540/1093] gen_loss 0.2323, rec_loss 0.0106, lpips_loss 0.1305, g_loss 0.0152, disc_weight 0.4000, disc_adaptive_weight 6.0029, d_loss 0.4005, logits_real -0.0167, logits_fake -0.0154,
Train Epoch: [25/30] Iters:[550/1093] gen_loss 0.2378, rec_loss 0.0107, lpips_loss 0.1310, g_loss 0.0150, disc_weight 0.4000, disc_adaptive_weight 6.4405, d_loss 0.4004, logits_real -0.0163, logits_fake -0.0153,
Train Epoch: [25/30] Iters:[560/1093] gen_loss 0.2408, rec_loss 0.0107, lpips_loss 0.1315, g_loss 0.0146, disc_weight 0.4000, disc_adaptive_weight 6.7605, d_loss 0.4004, logits_real -0.0162, logits_fake -0.0150,
Train Epoch: [25/30] Iters:[570/1093] gen_loss 0.2423, rec_loss 0.0109, lpips_loss 0.1317, g_loss 0.0144, disc_weight 0.4000, disc_adaptive_weight 6.9189, d_loss 0.4005, logits_real -0.0161, logits_fake -0.0147,
Train Epoch: [25/30] Iters:[580/1093] gen_loss 0.2422, rec_loss 0.0111, lpips_loss 0.1329, g_loss 0.0143, disc_weight 0.4000, disc_adaptive_weight 6.8440, d_loss 0.4005, logits_real -0.0161, logits_fake -0.0147,
Train Epoch: [25/30] Iters:[590/1093] gen_loss 0.2428, rec_loss 0.0112, lpips_loss 0.1329, g_loss 0.0143, disc_weight 0.4000, disc_adaptive_weight 6.9100, d_loss 0.4005, logits_real -0.0160, logits_fake -0.0144,
Train Epoch: [25/30] Iters:[600/1093] gen_loss 0.2367, rec_loss 0.0111, lpips_loss 0.1327, g_loss 0.0139, disc_weight 0.4000, disc_adaptive_weight 6.6627, d_loss 0.4006, logits_real -0.0159, logits_fake -0.0142,
Train Epoch: [25/30] Iters:[610/1093] gen_loss 0.2368, rec_loss 0.0112, lpips_loss 0.1327, g_loss 0.0136, disc_weight 0.4000, disc_adaptive_weight 6.8586, d_loss 0.4006, logits_real -0.0156, logits_fake -0.0137,
Train Epoch: [25/30] Iters:[620/1093] gen_loss 0.2336, rec_loss 0.0113, lpips_loss 0.1331, g_loss 0.0135, disc_weight 0.4000, disc_adaptive_weight 6.6815, d_loss 0.4006, logits_real -0.0154, logits_fake -0.0135,
Train Epoch: [25/30] Iters:[630/1093] gen_loss 0.2364, rec_loss 0.0112, lpips_loss 0.1330, g_loss 0.0135, disc_weight 0.4000, disc_adaptive_weight 6.8971, d_loss 0.4006, logits_real -0.0154, logits_fake -0.0136,
Train Epoch: [25/30] Iters:[640/1093] gen_loss 0.2377, rec_loss 0.0111, lpips_loss 0.1328, g_loss 0.0139, disc_weight 0.4000, disc_adaptive_weight 6.8095, d_loss 0.4006, logits_real -0.0158, logits_fake -0.0139,
Train Epoch: [25/30] Iters:[650/1093] gen_loss 0.2426, rec_loss 0.0112, lpips_loss 0.1328, g_loss 0.0145, disc_weight 0.4000, disc_adaptive_weight 6.8631, d_loss 0.4005, logits_real -0.0160, logits_fake -0.0145,
Train Epoch: [25/30] Iters:[660/1093] gen_loss 0.2451, rec_loss 0.0113, lpips_loss 0.1331, g_loss 0.0151, disc_weight 0.4000, disc_adaptive_weight 6.6868, d_loss 0.4005, logits_real -0.0166, logits_fake -0.0151,
Train Epoch: [25/30] Iters:[670/1093] gen_loss 0.2471, rec_loss 0.0113, lpips_loss 0.1330, g_loss 0.0154, disc_weight 0.4000, disc_adaptive_weight 6.7143, d_loss 0.4005, logits_real -0.0167, logits_fake -0.0153,
Train Epoch: [25/30] Iters:[680/1093] gen_loss 0.2441, rec_loss 0.0114, lpips_loss 0.1330, g_loss 0.0151, disc_weight 0.4000, disc_adaptive_weight 6.6201, d_loss 0.4005, logits_real -0.0166, logits_fake -0.0149,
Train Epoch: [25/30] Iters:[690/1093] gen_loss 0.2439, rec_loss 0.0115, lpips_loss 0.1337, g_loss 0.0144, disc_weight 0.4000, disc_adaptive_weight 6.8909, d_loss 0.4005, logits_real -0.0159, logits_fake -0.0142,
Train Epoch: [25/30] Iters:[700/1093] gen_loss 0.2391, rec_loss 0.0114, lpips_loss 0.1339, g_loss 0.0137, disc_weight 0.4000, disc_adaptive_weight 6.8529, d_loss 0.4006, logits_real -0.0154, logits_fake -0.0135,
Train Epoch: [25/30] Iters:[710/1093] gen_loss 0.2296, rec_loss 0.0113, lpips_loss 0.1331, g_loss 0.0131, disc_weight 0.4000, disc_adaptive_weight 6.5178, d_loss 0.4006, logits_real -0.0146, logits_fake -0.0128,
Train Epoch: [25/30] Iters:[720/1093] gen_loss 0.2285, rec_loss 0.0111, lpips_loss 0.1327, g_loss 0.0128, disc_weight 0.4000, disc_adaptive_weight 6.5929, d_loss 0.4005, logits_real -0.0144, logits_fake -0.0127,
Train Epoch: [25/30] Iters:[730/1093] gen_loss 0.2288, rec_loss 0.0109, lpips_loss 0.1321, g_loss 0.0131, disc_weight 0.4000, disc_adaptive_weight 6.5745, d_loss 0.4005, logits_real -0.0145, logits_fake -0.0131,
Train Epoch: [25/30] Iters:[740/1093] gen_loss 0.2253, rec_loss 0.0108, lpips_loss 0.1316, g_loss 0.0131, disc_weight 0.4000, disc_adaptive_weight 6.3250, d_loss 0.4005, logits_real -0.0145, logits_fake -0.0131,
Train Epoch: [25/30] Iters:[750/1093] gen_loss 0.2298, rec_loss 0.0109, lpips_loss 0.1312, g_loss 0.0131, disc_weight 0.4000, disc_adaptive_weight 6.7296, d_loss 0.4005, logits_real -0.0144, logits_fake -0.0131,
Train Epoch: [25/30] Iters:[760/1093] gen_loss 0.2308, rec_loss 0.0110, lpips_loss 0.1316, g_loss 0.0131, disc_weight 0.4000, disc_adaptive_weight 6.7773, d_loss 0.4005, logits_real -0.0145, logits_fake -0.0133,
Train Epoch: [25/30] Iters:[770/1093] gen_loss 0.2327, rec_loss 0.0110, lpips_loss 0.1315, g_loss 0.0132, disc_weight 0.4000, disc_adaptive_weight 6.8561, d_loss 0.4005, logits_real -0.0147, logits_fake -0.0134,
Train Epoch: [25/30] Iters:[780/1093] gen_loss 0.2355, rec_loss 0.0113, lpips_loss 0.1321, g_loss 0.0130, disc_weight 0.4000, disc_adaptive_weight 7.1156, d_loss 0.4005, logits_real -0.0146, logits_fake -0.0132,
Train Epoch: [25/30] Iters:[790/1093] gen_loss 0.2356, rec_loss 0.0113, lpips_loss 0.1325, g_loss 0.0131, disc_weight 0.4000, disc_adaptive_weight 7.0108, d_loss 0.4005, logits_real -0.0145, logits_fake -0.0131,
Train Epoch: [25/30] Iters:[800/1093] gen_loss 0.2311, rec_loss 0.0113, lpips_loss 0.1326, g_loss 0.0133, disc_weight 0.4000, disc_adaptive_weight 6.5723, d_loss 0.4005, logits_real -0.0145, logits_fake -0.0131,
Train Epoch: [25/30] Iters:[810/1093] gen_loss 0.2357, rec_loss 0.0112, lpips_loss 0.1323, g_loss 0.0134, disc_weight 0.4000, disc_adaptive_weight 6.8998, d_loss 0.4005, logits_real -0.0146, logits_fake -0.0132,
Train Epoch: [25/30] Iters:[820/1093] gen_loss 0.2315, rec_loss 0.0113, lpips_loss 0.1328, g_loss 0.0132, disc_weight 0.4000, disc_adaptive_weight 6.6455, d_loss 0.4005, logits_real -0.0145, logits_fake -0.0129,
Train Epoch: [25/30] Iters:[830/1093] gen_loss 0.2277, rec_loss 0.0113, lpips_loss 0.1329, g_loss 0.0132, disc_weight 0.4000, disc_adaptive_weight 6.3448, d_loss 0.4005, logits_real -0.0143, logits_fake -0.0127,
Train Epoch: [25/30] Iters:[840/1093] gen_loss 0.2263, rec_loss 0.0112, lpips_loss 0.1326, g_loss 0.0130, disc_weight 0.4000, disc_adaptive_weight 6.3464, d_loss 0.4005, logits_real -0.0144, logits_fake -0.0129,
Train Epoch: [25/30] Iters:[850/1093] gen_loss 0.2248, rec_loss 0.0112, lpips_loss 0.1325, g_loss 0.0131, disc_weight 0.4000, disc_adaptive_weight 6.1825, d_loss 0.4005, logits_real -0.0146, logits_fake -0.0130,
Train Epoch: [25/30] Iters:[860/1093] gen_loss 0.2228, rec_loss 0.0112, lpips_loss 0.1325, g_loss 0.0134, disc_weight 0.4000, disc_adaptive_weight 5.8859, d_loss 0.4005, logits_real -0.0148, logits_fake -0.0133,
Train Epoch: [25/30] Iters:[870/1093] gen_loss 0.2297, rec_loss 0.0111, lpips_loss 0.1322, g_loss 0.0137, disc_weight 0.4000, disc_adaptive_weight 6.2952, d_loss 0.4005, logits_real -0.0151, logits_fake -0.0137,
Train Epoch: [25/30] Iters:[880/1093] gen_loss 0.2354, rec_loss 0.0110, lpips_loss 0.1317, g_loss 0.0141, disc_weight 0.4000, disc_adaptive_weight 6.5362, d_loss 0.4005, logits_real -0.0155, logits_fake -0.0142,
Train Epoch: [25/30] Iters:[890/1093] gen_loss 0.2445, rec_loss 0.0110, lpips_loss 0.1319, g_loss 0.0145, disc_weight 0.4000, disc_adaptive_weight 6.9797, d_loss 0.4005, logits_real -0.0159, logits_fake -0.0145,
Train Epoch: [25/30] Iters:[900/1093] gen_loss 0.2509, rec_loss 0.0111, lpips_loss 0.1321, g_loss 0.0150, disc_weight 0.4000, disc_adaptive_weight 7.2111, d_loss 0.4005, logits_real -0.0163, logits_fake -0.0149,
Train Epoch: [25/30] Iters:[910/1093] gen_loss 0.2580, rec_loss 0.0111, lpips_loss 0.1324, g_loss 0.0153, disc_weight 0.4000, disc_adaptive_weight 7.5229, d_loss 0.4005, logits_real -0.0167, logits_fake -0.0153,
Train Epoch: [25/30] Iters:[920/1093] gen_loss 0.2534, rec_loss 0.0111, lpips_loss 0.1325, g_loss 0.0154, disc_weight 0.4000, disc_adaptive_weight 7.1370, d_loss 0.4005, logits_real -0.0169, logits_fake -0.0153,
Train Epoch: [25/30] Iters:[930/1093] gen_loss 0.2499, rec_loss 0.0112, lpips_loss 0.1328, g_loss 0.0153, disc_weight 0.4000, disc_adaptive_weight 6.9361, d_loss 0.4005, logits_real -0.0168, logits_fake -0.0152,
Train Epoch: [25/30] Iters:[940/1093] gen_loss 0.2453, rec_loss 0.0112, lpips_loss 0.1329, g_loss 0.0153, disc_weight 0.4000, disc_adaptive_weight 6.6208, d_loss 0.4005, logits_real -0.0168, logits_fake -0.0151,
Train Epoch: [25/30] Iters:[950/1093] gen_loss 0.2432, rec_loss 0.0113, lpips_loss 0.1329, g_loss 0.0148, disc_weight 0.4000, disc_adaptive_weight 6.6831, d_loss 0.4005, logits_real -0.0164, logits_fake -0.0148,
Train Epoch: [25/30] Iters:[960/1093] gen_loss 0.2388, rec_loss 0.0112, lpips_loss 0.1324, g_loss 0.0142, disc_weight 0.4000, disc_adaptive_weight 6.7397, d_loss 0.4005, logits_real -0.0156, logits_fake -0.0141,
Train Epoch: [25/30] Iters:[970/1093] gen_loss 0.2414, rec_loss 0.0112, lpips_loss 0.1327, g_loss 0.0137, disc_weight 0.4000, disc_adaptive_weight 7.1281, d_loss 0.4005, logits_real -0.0152, logits_fake -0.0137,
Train Epoch: [25/30] Iters:[980/1093] gen_loss 0.2396, rec_loss 0.0111, lpips_loss 0.1329, g_loss 0.0136, disc_weight 0.4000, disc_adaptive_weight 7.0571, d_loss 0.4005, logits_real -0.0150, logits_fake -0.0136,
Train Epoch: [25/30] Iters:[990/1093] gen_loss 0.2421, rec_loss 0.0111, lpips_loss 0.1325, g_loss 0.0136, disc_weight 0.4000, disc_adaptive_weight 7.2346, d_loss 0.4005, logits_real -0.0151, logits_fake -0.0135,
Train Epoch: [25/30] Iters:[1000/1093] gen_loss 0.2474, rec_loss 0.0113, lpips_loss 0.1329, g_loss 0.0138, disc_weight 0.4000, disc_adaptive_weight 7.4435, d_loss 0.4005, logits_real -0.0154, logits_fake -0.0137,
Train Epoch: [25/30] Iters:[1010/1093] gen_loss 0.2508, rec_loss 0.0114, lpips_loss 0.1336, g_loss 0.0141, disc_weight 0.4000, disc_adaptive_weight 7.4511, d_loss 0.4005, logits_real -0.0159, logits_fake -0.0143,
Train Epoch: [25/30] Iters:[1020/1093] gen_loss 0.2525, rec_loss 0.0114, lpips_loss 0.1333, g_loss 0.0145, disc_weight 0.4000, disc_adaptive_weight 7.3963, d_loss 0.4005, logits_real -0.0162, logits_fake -0.0145,
Train Epoch: [25/30] Iters:[1030/1093] gen_loss 0.2515, rec_loss 0.0114, lpips_loss 0.1326, g_loss 0.0145, disc_weight 0.4000, disc_adaptive_weight 7.3662, d_loss 0.4005, logits_real -0.0162, logits_fake -0.0146,
Train Epoch: [25/30] Iters:[1040/1093] gen_loss 0.2427, rec_loss 0.0115, lpips_loss 0.1329, g_loss 0.0144, disc_weight 0.4000, disc_adaptive_weight 6.8012, d_loss 0.4005, logits_real -0.0161, logits_fake -0.0145,
Train Epoch: [25/30] Iters:[1050/1093] gen_loss 0.2353, rec_loss 0.0113, lpips_loss 0.1322, g_loss 0.0144, disc_weight 0.4000, disc_adaptive_weight 6.3553, d_loss 0.4005, logits_real -0.0160, logits_fake -0.0145,
Train Epoch: [25/30] Iters:[1060/1093] gen_loss 0.2315, rec_loss 0.0111, lpips_loss 0.1318, g_loss 0.0148, disc_weight 0.4000, disc_adaptive_weight 6.0045, d_loss 0.4005, logits_real -0.0161, logits_fake -0.0147,
Train Epoch: [25/30] Iters:[1070/1093] gen_loss 0.2283, rec_loss 0.0112, lpips_loss 0.1317, g_loss 0.0150, disc_weight 0.4000, disc_adaptive_weight 5.7042, d_loss 0.4005, logits_real -0.0165, logits_fake -0.0151,
Train Epoch: [25/30] Iters:[1080/1093] gen_loss 0.2309, rec_loss 0.0111, lpips_loss 0.1320, g_loss 0.0155, disc_weight 0.4000, disc_adaptive_weight 5.6586, d_loss 0.4005, logits_real -0.0169, logits_fake -0.0156,
Train Epoch: [25/30] Iters:[1090/1093] gen_loss 0.2411, rec_loss 0.0110, lpips_loss 0.1317, g_loss 0.0159, disc_weight 0.4000, disc_adaptive_weight 6.1709, d_loss 0.4005, logits_real -0.0173, logits_fake -0.0159,
Loading pretrained model LPIPS from /home/sunset/.cache/torch/hub/pyiqa/LPIPS_v0.1_alex-df73285e.pth
epoch:26, cur_lr:0.000010
Train Epoch: [26/30] Iters:[10/1093] gen_loss 0.2463, rec_loss 0.0113, lpips_loss 0.1321, g_loss 0.0161, disc_weight 0.4000, disc_adaptive_weight 6.3552, d_loss 0.4005, logits_real -0.0174, logits_fake -0.0160,
Train Epoch: [26/30] Iters:[20/1093] gen_loss 0.2570, rec_loss 0.0114, lpips_loss 0.1323, g_loss 0.0160, disc_weight 0.4000, disc_adaptive_weight 7.0789, d_loss 0.4005, logits_real -0.0175, logits_fake -0.0159,
Train Epoch: [26/30] Iters:[30/1093] gen_loss 0.2542, rec_loss 0.0117, lpips_loss 0.1330, g_loss 0.0156, disc_weight 0.4000, disc_adaptive_weight 7.0212, d_loss 0.4005, logits_real -0.0171, logits_fake -0.0156,
Train Epoch: [26/30] Iters:[40/1093] gen_loss 0.2501, rec_loss 0.0115, lpips_loss 0.1326, g_loss 0.0156, disc_weight 0.4000, disc_adaptive_weight 6.8142, d_loss 0.4005, logits_real -0.0170, logits_fake -0.0156,
Train Epoch: [26/30] Iters:[50/1093] gen_loss 0.2429, rec_loss 0.0114, lpips_loss 0.1327, g_loss 0.0154, disc_weight 0.4000, disc_adaptive_weight 6.4020, d_loss 0.4005, logits_real -0.0167, logits_fake -0.0154,
Train Epoch: [26/30] Iters:[60/1093] gen_loss 0.2411, rec_loss 0.0112, lpips_loss 0.1326, g_loss 0.0151, disc_weight 0.4000, disc_adaptive_weight 6.4308, d_loss 0.4004, logits_real -0.0164, logits_fake -0.0151,
Train Epoch: [26/30] Iters:[70/1093] gen_loss 0.2301, rec_loss 0.0111, lpips_loss 0.1323, g_loss 0.0148, disc_weight 0.4000, disc_adaptive_weight 5.8601, d_loss 0.4004, logits_real -0.0160, logits_fake -0.0148,
Train Epoch: [26/30] Iters:[80/1093] gen_loss 0.2242, rec_loss 0.0107, lpips_loss 0.1314, g_loss 0.0147, disc_weight 0.4000, disc_adaptive_weight 5.5926, d_loss 0.4004, logits_real -0.0158, logits_fake -0.0146,
Train Epoch: [26/30] Iters:[90/1093] gen_loss 0.2312, rec_loss 0.0107, lpips_loss 0.1315, g_loss 0.0146, disc_weight 0.4000, disc_adaptive_weight 6.0916, d_loss 0.4004, logits_real -0.0157, logits_fake -0.0145,
Train Epoch: [26/30] Iters:[100/1093] gen_loss 0.2355, rec_loss 0.0107, lpips_loss 0.1314, g_loss 0.0146, disc_weight 0.4000, disc_adaptive_weight 6.4004, d_loss 0.4005, logits_real -0.0158, logits_fake -0.0144,
Train Epoch: [26/30] Iters:[110/1093] gen_loss 0.2378, rec_loss 0.0107, lpips_loss 0.1316, g_loss 0.0146, disc_weight 0.4000, disc_adaptive_weight 6.5141, d_loss 0.4005, logits_real -0.0159, logits_fake -0.0144,
Train Epoch: [26/30] Iters:[120/1093] gen_loss 0.2390, rec_loss 0.0108, lpips_loss 0.1321, g_loss 0.0147, disc_weight 0.4000, disc_adaptive_weight 6.5136, d_loss 0.4005, logits_real -0.0161, logits_fake -0.0146,
Train Epoch: [26/30] Iters:[130/1093] gen_loss 0.2433, rec_loss 0.0108, lpips_loss 0.1322, g_loss 0.0149, disc_weight 0.4000, disc_adaptive_weight 6.7300, d_loss 0.4005, logits_real -0.0163, logits_fake -0.0148,
Train Epoch: [26/30] Iters:[140/1093] gen_loss 0.2388, rec_loss 0.0109, lpips_loss 0.1324, g_loss 0.0148, disc_weight 0.4000, disc_adaptive_weight 6.4380, d_loss 0.4005, logits_real -0.0162, logits_fake -0.0148,
Train Epoch: [26/30] Iters:[150/1093] gen_loss 0.2392, rec_loss 0.0110, lpips_loss 0.1323, g_loss 0.0149, disc_weight 0.4000, disc_adaptive_weight 6.4311, d_loss 0.4005, logits_real -0.0162, logits_fake -0.0148,
Train Epoch: [26/30] Iters:[160/1093] gen_loss 0.2377, rec_loss 0.0110, lpips_loss 0.1322, g_loss 0.0148, disc_weight 0.4000, disc_adaptive_weight 6.4038, d_loss 0.4005, logits_real -0.0161, logits_fake -0.0148,
Train Epoch: [26/30] Iters:[170/1093] gen_loss 0.2393, rec_loss 0.0110, lpips_loss 0.1320, g_loss 0.0147, disc_weight 0.4000, disc_adaptive_weight 6.5461, d_loss 0.4005, logits_real -0.0160, logits_fake -0.0146,
Train Epoch: [26/30] Iters:[180/1093] gen_loss 0.2366, rec_loss 0.0111, lpips_loss 0.1322, g_loss 0.0146, disc_weight 0.4000, disc_adaptive_weight 6.3982, d_loss 0.4005, logits_real -0.0158, logits_fake -0.0145,
Train Epoch: [26/30] Iters:[190/1093] gen_loss 0.2331, rec_loss 0.0110, lpips_loss 0.1320, g_loss 0.0144, disc_weight 0.4000, disc_adaptive_weight 6.3022, d_loss 0.4005, logits_real -0.0156, logits_fake -0.0143,
Train Epoch: [26/30] Iters:[200/1093] gen_loss 0.2316, rec_loss 0.0110, lpips_loss 0.1321, g_loss 0.0140, disc_weight 0.4000, disc_adaptive_weight 6.3630, d_loss 0.4005, logits_real -0.0154, logits_fake -0.0139,
Train Epoch: [26/30] Iters:[210/1093] gen_loss 0.2286, rec_loss 0.0111, lpips_loss 0.1324, g_loss 0.0138, disc_weight 0.4000, disc_adaptive_weight 6.1928, d_loss 0.4005, logits_real -0.0152, logits_fake -0.0138,
Train Epoch: [26/30] Iters:[220/1093] gen_loss 0.2280, rec_loss 0.0110, lpips_loss 0.1322, g_loss 0.0140, disc_weight 0.4000, disc_adaptive_weight 6.0974, d_loss 0.4005, logits_real -0.0154, logits_fake -0.0140,
Train Epoch: [26/30] Iters:[230/1093] gen_loss 0.2289, rec_loss 0.0111, lpips_loss 0.1325, g_loss 0.0142, disc_weight 0.4000, disc_adaptive_weight 6.0480, d_loss 0.4005, logits_real -0.0156, logits_fake -0.0142,
Train Epoch: [26/30] Iters:[240/1093] gen_loss 0.2339, rec_loss 0.0111, lpips_loss 0.1328, g_loss 0.0145, disc_weight 0.4000, disc_adaptive_weight 6.2314, d_loss 0.4005, logits_real -0.0159, logits_fake -0.0145,
Train Epoch: [26/30] Iters:[250/1093] gen_loss 0.2312, rec_loss 0.0111, lpips_loss 0.1325, g_loss 0.0145, disc_weight 0.4000, disc_adaptive_weight 6.0318, d_loss 0.4004, logits_real -0.0159, logits_fake -0.0147,
Train Epoch: [26/30] Iters:[260/1093] gen_loss 0.2329, rec_loss 0.0111, lpips_loss 0.1327, g_loss 0.0145, disc_weight 0.4000, disc_adaptive_weight 6.1337, d_loss 0.4004, logits_real -0.0158, logits_fake -0.0146,
Train Epoch: [26/30] Iters:[270/1093] gen_loss 0.2332, rec_loss 0.0111, lpips_loss 0.1331, g_loss 0.0145, disc_weight 0.4000, disc_adaptive_weight 6.1551, d_loss 0.4005, logits_real -0.0157, logits_fake -0.0144,
Train Epoch: [26/30] Iters:[280/1093] gen_loss 0.2349, rec_loss 0.0110, lpips_loss 0.1328, g_loss 0.0144, disc_weight 0.4000, disc_adaptive_weight 6.3001, d_loss 0.4005, logits_real -0.0158, logits_fake -0.0143,
Train Epoch: [26/30] Iters:[290/1093] gen_loss 0.2306, rec_loss 0.0110, lpips_loss 0.1321, g_loss 0.0145, disc_weight 0.4000, disc_adaptive_weight 6.0400, d_loss 0.4005, logits_real -0.0158, logits_fake -0.0143,
Train Epoch: [26/30] Iters:[300/1093] gen_loss 0.2325, rec_loss 0.0109, lpips_loss 0.1318, g_loss 0.0148, disc_weight 0.4000, disc_adaptive_weight 6.0927, d_loss 0.4005, logits_real -0.0160, logits_fake -0.0145,
Train Epoch: [26/30] Iters:[310/1093] gen_loss 0.2307, rec_loss 0.0109, lpips_loss 0.1315, g_loss 0.0150, disc_weight 0.4000, disc_adaptive_weight 5.9145, d_loss 0.4005, logits_real -0.0163, logits_fake -0.0148,
Train Epoch: [26/30] Iters:[320/1093] gen_loss 0.2310, rec_loss 0.0110, lpips_loss 0.1312, g_loss 0.0151, disc_weight 0.4000, disc_adaptive_weight 5.9087, d_loss 0.4005, logits_real -0.0164, logits_fake -0.0150,
Train Epoch: [26/30] Iters:[330/1093] gen_loss 0.2343, rec_loss 0.0110, lpips_loss 0.1310, g_loss 0.0151, disc_weight 0.4000, disc_adaptive_weight 6.0985, d_loss 0.4005, logits_real -0.0165, logits_fake -0.0151,
Train Epoch: [26/30] Iters:[340/1093] gen_loss 0.2396, rec_loss 0.0111, lpips_loss 0.1319, g_loss 0.0152, disc_weight 0.4000, disc_adaptive_weight 6.3019, d_loss 0.4005, logits_real -0.0165, logits_fake -0.0151,
Train Epoch: [26/30] Iters:[350/1093] gen_loss 0.2396, rec_loss 0.0112, lpips_loss 0.1322, g_loss 0.0153, disc_weight 0.4000, disc_adaptive_weight 6.2702, d_loss 0.4005, logits_real -0.0165, logits_fake -0.0152,
Train Epoch: [26/30] Iters:[360/1093] gen_loss 0.2410, rec_loss 0.0111, lpips_loss 0.1317, g_loss 0.0152, disc_weight 0.4000, disc_adaptive_weight 6.4211, d_loss 0.4005, logits_real -0.0165, logits_fake -0.0151,
Train Epoch: [26/30] Iters:[370/1093] gen_loss 0.2389, rec_loss 0.0109, lpips_loss 0.1311, g_loss 0.0148, disc_weight 0.4000, disc_adaptive_weight 6.4711, d_loss 0.4005, logits_real -0.0162, logits_fake -0.0148,
Train Epoch: [26/30] Iters:[380/1093] gen_loss 0.2312, rec_loss 0.0109, lpips_loss 0.1310, g_loss 0.0143, disc_weight 0.4000, disc_adaptive_weight 6.2016, d_loss 0.4005, logits_real -0.0155, logits_fake -0.0142,
Train Epoch: [26/30] Iters:[390/1093] gen_loss 0.2221, rec_loss 0.0109, lpips_loss 0.1311, g_loss 0.0136, disc_weight 0.4000, disc_adaptive_weight 5.9115, d_loss 0.4005, logits_real -0.0149, logits_fake -0.0136,
Train Epoch: [26/30] Iters:[400/1093] gen_loss 0.2206, rec_loss 0.0109, lpips_loss 0.1314, g_loss 0.0132, disc_weight 0.4000, disc_adaptive_weight 5.9300, d_loss 0.4005, logits_real -0.0146, logits_fake -0.0133,
Train Epoch: [26/30] Iters:[410/1093] gen_loss 0.2191, rec_loss 0.0110, lpips_loss 0.1323, g_loss 0.0129, disc_weight 0.4000, disc_adaptive_weight 5.8617, d_loss 0.4005, logits_real -0.0144, logits_fake -0.0131,
Train Epoch: [26/30] Iters:[420/1093] gen_loss 0.2251, rec_loss 0.0111, lpips_loss 0.1325, g_loss 0.0128, disc_weight 0.4000, disc_adaptive_weight 6.3857, d_loss 0.4005, logits_real -0.0143, logits_fake -0.0129,
Train Epoch: [26/30] Iters:[430/1093] gen_loss 0.2269, rec_loss 0.0112, lpips_loss 0.1327, g_loss 0.0129, disc_weight 0.4000, disc_adaptive_weight 6.4693, d_loss 0.4005, logits_real -0.0144, logits_fake -0.0130,
Train Epoch: [26/30] Iters:[440/1093] gen_loss 0.2286, rec_loss 0.0111, lpips_loss 0.1318, g_loss 0.0133, disc_weight 0.4000, disc_adaptive_weight 6.4717, d_loss 0.4005, logits_real -0.0148, logits_fake -0.0133,
Train Epoch: [26/30] Iters:[450/1093] gen_loss 0.2330, rec_loss 0.0110, lpips_loss 0.1320, g_loss 0.0136, disc_weight 0.4000, disc_adaptive_weight 6.6076, d_loss 0.4005, logits_real -0.0150, logits_fake -0.0136,
Train Epoch: [26/30] Iters:[460/1093] gen_loss 0.2380, rec_loss 0.0111, lpips_loss 0.1319, g_loss 0.0139, disc_weight 0.4000, disc_adaptive_weight 6.8607, d_loss 0.4005, logits_real -0.0153, logits_fake -0.0138,
Train Epoch: [26/30] Iters:[470/1093] gen_loss 0.2342, rec_loss 0.0110, lpips_loss 0.1319, g_loss 0.0141, disc_weight 0.4000, disc_adaptive_weight 6.4752, d_loss 0.4005, logits_real -0.0155, logits_fake -0.0140,
Train Epoch: [26/30] Iters:[480/1093] gen_loss 0.2346, rec_loss 0.0110, lpips_loss 0.1316, g_loss 0.0145, disc_weight 0.4000, disc_adaptive_weight 6.3315, d_loss 0.4005, logits_real -0.0159, logits_fake -0.0145,
Train Epoch: [26/30] Iters:[490/1093] gen_loss 0.2393, rec_loss 0.0111, lpips_loss 0.1328, g_loss 0.0149, disc_weight 0.4000, disc_adaptive_weight 6.3888, d_loss 0.4005, logits_real -0.0164, logits_fake -0.0150,
Train Epoch: [26/30] Iters:[500/1093] gen_loss 0.2449, rec_loss 0.0113, lpips_loss 0.1329, g_loss 0.0153, disc_weight 0.4000, disc_adaptive_weight 6.5703, d_loss 0.4005, logits_real -0.0169, logits_fake -0.0154,
Train Epoch: [26/30] Iters:[510/1093] gen_loss 0.2444, rec_loss 0.0112, lpips_loss 0.1323, g_loss 0.0156, disc_weight 0.4000, disc_adaptive_weight 6.4695, d_loss 0.4005, logits_real -0.0172, logits_fake -0.0156,
Train Epoch: [26/30] Iters:[520/1093] gen_loss 0.2436, rec_loss 0.0112, lpips_loss 0.1324, g_loss 0.0156, disc_weight 0.4000, disc_adaptive_weight 6.3989, d_loss 0.4005, logits_real -0.0171, logits_fake -0.0157,
Train Epoch: [26/30] Iters:[530/1093] gen_loss 0.2416, rec_loss 0.0111, lpips_loss 0.1325, g_loss 0.0151, disc_weight 0.4000, disc_adaptive_weight 6.4193, d_loss 0.4005, logits_real -0.0166, logits_fake -0.0152,
Train Epoch: [26/30] Iters:[540/1093] gen_loss 0.2392, rec_loss 0.0110, lpips_loss 0.1320, g_loss 0.0148, disc_weight 0.4000, disc_adaptive_weight 6.4529, d_loss 0.4004, logits_real -0.0161, logits_fake -0.0148,
Train Epoch: [26/30] Iters:[550/1093] gen_loss 0.2316, rec_loss 0.0109, lpips_loss 0.1316, g_loss 0.0143, disc_weight 0.4000, disc_adaptive_weight 6.2024, d_loss 0.4004, logits_real -0.0156, logits_fake -0.0144,
Train Epoch: [26/30] Iters:[560/1093] gen_loss 0.2272, rec_loss 0.0110, lpips_loss 0.1324, g_loss 0.0139, disc_weight 0.4000, disc_adaptive_weight 5.9932, d_loss 0.4004, logits_real -0.0152, logits_fake -0.0140,
Train Epoch: [26/30] Iters:[570/1093] gen_loss 0.2306, rec_loss 0.0112, lpips_loss 0.1327, g_loss 0.0140, disc_weight 0.4000, disc_adaptive_weight 6.1732, d_loss 0.4005, logits_real -0.0152, logits_fake -0.0138,
Train Epoch: [26/30] Iters:[580/1093] gen_loss 0.2323, rec_loss 0.0113, lpips_loss 0.1329, g_loss 0.0143, disc_weight 0.4000, disc_adaptive_weight 6.1454, d_loss 0.4005, logits_real -0.0156, logits_fake -0.0142,
Train Epoch: [26/30] Iters:[590/1093] gen_loss 0.2315, rec_loss 0.0113, lpips_loss 0.1327, g_loss 0.0145, disc_weight 0.4000, disc_adaptive_weight 6.0353, d_loss 0.4005, logits_real -0.0159, logits_fake -0.0146,
Train Epoch: [26/30] Iters:[600/1093] gen_loss 0.2332, rec_loss 0.0113, lpips_loss 0.1330, g_loss 0.0148, disc_weight 0.4000, disc_adaptive_weight 6.0129, d_loss 0.4005, logits_real -0.0164, logits_fake -0.0149,
Train Epoch: [26/30] Iters:[610/1093] gen_loss 0.2352, rec_loss 0.0112, lpips_loss 0.1327, g_loss 0.0151, disc_weight 0.4000, disc_adaptive_weight 6.0692, d_loss 0.4005, logits_real -0.0167, logits_fake -0.0151,
Train Epoch: [26/30] Iters:[620/1093] gen_loss 0.2395, rec_loss 0.0109, lpips_loss 0.1324, g_loss 0.0154, disc_weight 0.4000, disc_adaptive_weight 6.2446, d_loss 0.4005, logits_real -0.0169, logits_fake -0.0154,
Train Epoch: [26/30] Iters:[630/1093] gen_loss 0.2416, rec_loss 0.0109, lpips_loss 0.1325, g_loss 0.0157, disc_weight 0.4000, disc_adaptive_weight 6.2480, d_loss 0.4005, logits_real -0.0173, logits_fake -0.0157,
Train Epoch: [26/30] Iters:[640/1093] gen_loss 0.2487, rec_loss 0.0110, lpips_loss 0.1328, g_loss 0.0160, disc_weight 0.4000, disc_adaptive_weight 6.5431, d_loss 0.4005, logits_real -0.0174, logits_fake -0.0158,
Train Epoch: [26/30] Iters:[650/1093] gen_loss 0.2535, rec_loss 0.0110, lpips_loss 0.1328, g_loss 0.0161, disc_weight 0.4000, disc_adaptive_weight 6.8126, d_loss 0.4005, logits_real -0.0173, logits_fake -0.0158,
Train Epoch: [26/30] Iters:[660/1093] gen_loss 0.2543, rec_loss 0.0111, lpips_loss 0.1326, g_loss 0.0162, disc_weight 0.4000, disc_adaptive_weight 6.8495, d_loss 0.4005, logits_real -0.0175, logits_fake -0.0161,
Train Epoch: [26/30] Iters:[670/1093] gen_loss 0.2543, rec_loss 0.0111, lpips_loss 0.1323, g_loss 0.0163, disc_weight 0.4000, disc_adaptive_weight 6.7948, d_loss 0.4005, logits_real -0.0176, logits_fake -0.0161,
Train Epoch: [26/30] Iters:[680/1093] gen_loss 0.2524, rec_loss 0.0111, lpips_loss 0.1320, g_loss 0.0159, disc_weight 0.4000, disc_adaptive_weight 6.8387, d_loss 0.4005, logits_real -0.0173, logits_fake -0.0158,
Train Epoch: [26/30] Iters:[690/1093] gen_loss 0.2464, rec_loss 0.0111, lpips_loss 0.1315, g_loss 0.0155, disc_weight 0.4000, disc_adaptive_weight 6.6939, d_loss 0.4005, logits_real -0.0170, logits_fake -0.0153,
Train Epoch: [26/30] Iters:[700/1093] gen_loss 0.2380, rec_loss 0.0110, lpips_loss 0.1308, g_loss 0.0149, disc_weight 0.4000, disc_adaptive_weight 6.4324, d_loss 0.4005, logits_real -0.0163, logits_fake -0.0148,
Train Epoch: [26/30] Iters:[710/1093] gen_loss 0.2320, rec_loss 0.0110, lpips_loss 0.1312, g_loss 0.0144, disc_weight 0.4000, disc_adaptive_weight 6.2070, d_loss 0.4005, logits_real -0.0158, logits_fake -0.0143,
Train Epoch: [26/30] Iters:[720/1093] gen_loss 0.2243, rec_loss 0.0111, lpips_loss 0.1315, g_loss 0.0139, disc_weight 0.4000, disc_adaptive_weight 5.8839, d_loss 0.4005, logits_real -0.0154, logits_fake -0.0140,
Train Epoch: [26/30] Iters:[730/1093] gen_loss 0.2251, rec_loss 0.0111, lpips_loss 0.1316, g_loss 0.0140, disc_weight 0.4000, disc_adaptive_weight 5.8566, d_loss 0.4005, logits_real -0.0154, logits_fake -0.0140,
Train Epoch: [26/30] Iters:[740/1093] gen_loss 0.2284, rec_loss 0.0111, lpips_loss 0.1320, g_loss 0.0144, disc_weight 0.4000, disc_adaptive_weight 5.9067, d_loss 0.4004, logits_real -0.0156, logits_fake -0.0143,
Train Epoch: [26/30] Iters:[750/1093] gen_loss 0.2340, rec_loss 0.0111, lpips_loss 0.1322, g_loss 0.0148, disc_weight 0.4000, disc_adaptive_weight 6.0949, d_loss 0.4004, logits_real -0.0160, logits_fake -0.0147,
Train Epoch: [26/30] Iters:[760/1093] gen_loss 0.2400, rec_loss 0.0111, lpips_loss 0.1320, g_loss 0.0152, disc_weight 0.4000, disc_adaptive_weight 6.3457, d_loss 0.4004, logits_real -0.0163, logits_fake -0.0151,
Train Epoch: [26/30] Iters:[770/1093] gen_loss 0.2430, rec_loss 0.0111, lpips_loss 0.1323, g_loss 0.0154, disc_weight 0.4000, disc_adaptive_weight 6.4938, d_loss 0.4004, logits_real -0.0164, logits_fake -0.0151,
Train Epoch: [26/30] Iters:[780/1093] gen_loss 0.2430, rec_loss 0.0111, lpips_loss 0.1326, g_loss 0.0151, disc_weight 0.4000, disc_adaptive_weight 6.5781, d_loss 0.4004, logits_real -0.0162, logits_fake -0.0150,
Train Epoch: [26/30] Iters:[790/1093] gen_loss 0.2365, rec_loss 0.0111, lpips_loss 0.1319, g_loss 0.0148, disc_weight 0.4000, disc_adaptive_weight 6.3036, d_loss 0.4004, logits_real -0.0161, logits_fake -0.0149,
Train Epoch: [26/30] Iters:[800/1093] gen_loss 0.2324, rec_loss 0.0111, lpips_loss 0.1320, g_loss 0.0149, disc_weight 0.4000, disc_adaptive_weight 6.0145, d_loss 0.4005, logits_real -0.0162, logits_fake -0.0148,
Train Epoch: [26/30] Iters:[810/1093] gen_loss 0.2336, rec_loss 0.0110, lpips_loss 0.1314, g_loss 0.0148, disc_weight 0.4000, disc_adaptive_weight 6.1775, d_loss 0.4005, logits_real -0.0164, logits_fake -0.0148,
Train Epoch: [26/30] Iters:[820/1093] gen_loss 0.2317, rec_loss 0.0109, lpips_loss 0.1314, g_loss 0.0147, disc_weight 0.4000, disc_adaptive_weight 6.0843, d_loss 0.4005, logits_real -0.0164, logits_fake -0.0148,
Train Epoch: [26/30] Iters:[830/1093] gen_loss 0.2357, rec_loss 0.0108, lpips_loss 0.1312, g_loss 0.0147, disc_weight 0.4000, disc_adaptive_weight 6.3808, d_loss 0.4005, logits_real -0.0163, logits_fake -0.0147,
Train Epoch: [26/30] Iters:[840/1093] gen_loss 0.2330, rec_loss 0.0108, lpips_loss 0.1314, g_loss 0.0146, disc_weight 0.4000, disc_adaptive_weight 6.2351, d_loss 0.4005, logits_real -0.0160, logits_fake -0.0145,
Train Epoch: [26/30] Iters:[850/1093] gen_loss 0.2343, rec_loss 0.0108, lpips_loss 0.1314, g_loss 0.0141, disc_weight 0.4000, disc_adaptive_weight 6.5580, d_loss 0.4005, logits_real -0.0156, logits_fake -0.0143,
Train Epoch: [26/30] Iters:[860/1093] gen_loss 0.2282, rec_loss 0.0109, lpips_loss 0.1318, g_loss 0.0138, disc_weight 0.4000, disc_adaptive_weight 6.2382, d_loss 0.4005, logits_real -0.0153, logits_fake -0.0138,
Train Epoch: [26/30] Iters:[870/1093] gen_loss 0.2258, rec_loss 0.0108, lpips_loss 0.1317, g_loss 0.0137, disc_weight 0.4000, disc_adaptive_weight 6.1074, d_loss 0.4005, logits_real -0.0153, logits_fake -0.0137,
Train Epoch: [26/30] Iters:[880/1093] gen_loss 0.2166, rec_loss 0.0110, lpips_loss 0.1323, g_loss 0.0134, disc_weight 0.4000, disc_adaptive_weight 5.4996, d_loss 0.4005, logits_real -0.0151, logits_fake -0.0136,
Train Epoch: [26/30] Iters:[890/1093] gen_loss 0.2190, rec_loss 0.0109, lpips_loss 0.1324, g_loss 0.0133, disc_weight 0.4000, disc_adaptive_weight 5.7079, d_loss 0.4005, logits_real -0.0151, logits_fake -0.0135,
Train Epoch: [26/30] Iters:[900/1093] gen_loss 0.2209, rec_loss 0.0110, lpips_loss 0.1326, g_loss 0.0135, disc_weight 0.4000, disc_adaptive_weight 5.7372, d_loss 0.4005, logits_real -0.0152, logits_fake -0.0136,
Train Epoch: [26/30] Iters:[910/1093] gen_loss 0.2251, rec_loss 0.0110, lpips_loss 0.1321, g_loss 0.0137, disc_weight 0.4000, disc_adaptive_weight 5.9932, d_loss 0.4005, logits_real -0.0153, logits_fake -0.0139,
Train Epoch: [26/30] Iters:[920/1093] gen_loss 0.2298, rec_loss 0.0110, lpips_loss 0.1324, g_loss 0.0137, disc_weight 0.4000, disc_adaptive_weight 6.2912, d_loss 0.4005, logits_real -0.0152, logits_fake -0.0138,
Train Epoch: [26/30] Iters:[930/1093] gen_loss 0.2347, rec_loss 0.0109, lpips_loss 0.1316, g_loss 0.0138, disc_weight 0.4000, disc_adaptive_weight 6.6944, d_loss 0.4005, logits_real -0.0154, logits_fake -0.0139,
Train Epoch: [26/30] Iters:[940/1093] gen_loss 0.2395, rec_loss 0.0110, lpips_loss 0.1315, g_loss 0.0140, disc_weight 0.4000, disc_adaptive_weight 6.9224, d_loss 0.4005, logits_real -0.0156, logits_fake -0.0141,
Train Epoch: [26/30] Iters:[950/1093] gen_loss 0.2353, rec_loss 0.0110, lpips_loss 0.1316, g_loss 0.0142, disc_weight 0.4000, disc_adaptive_weight 6.5264, d_loss 0.4005, logits_real -0.0159, logits_fake -0.0143,
Train Epoch: [26/30] Iters:[960/1093] gen_loss 0.2350, rec_loss 0.0111, lpips_loss 0.1322, g_loss 0.0144, disc_weight 0.4000, disc_adaptive_weight 6.3788, d_loss 0.4005, logits_real -0.0160, logits_fake -0.0144,
Train Epoch: [26/30] Iters:[970/1093] gen_loss 0.2330, rec_loss 0.0110, lpips_loss 0.1321, g_loss 0.0146, disc_weight 0.4000, disc_adaptive_weight 6.1833, d_loss 0.4005, logits_real -0.0162, logits_fake -0.0146,
Train Epoch: [26/30] Iters:[980/1093] gen_loss 0.2320, rec_loss 0.0110, lpips_loss 0.1321, g_loss 0.0149, disc_weight 0.4000, disc_adaptive_weight 5.9936, d_loss 0.4005, logits_real -0.0163, logits_fake -0.0148,
Train Epoch: [26/30] Iters:[990/1093] gen_loss 0.2302, rec_loss 0.0110, lpips_loss 0.1326, g_loss 0.0148, disc_weight 0.4000, disc_adaptive_weight 5.8722, d_loss 0.4004, logits_real -0.0161, logits_fake -0.0149,
Train Epoch: [26/30] Iters:[1000/1093] gen_loss 0.2331, rec_loss 0.0111, lpips_loss 0.1325, g_loss 0.0146, disc_weight 0.4000, disc_adaptive_weight 6.1575, d_loss 0.4004, logits_real -0.0159, logits_fake -0.0147,
Train Epoch: [26/30] Iters:[1010/1093] gen_loss 0.2313, rec_loss 0.0110, lpips_loss 0.1322, g_loss 0.0145, disc_weight 0.4000, disc_adaptive_weight 6.0614, d_loss 0.4004, logits_real -0.0159, logits_fake -0.0146,
Train Epoch: [26/30] Iters:[1020/1093] gen_loss 0.2321, rec_loss 0.0111, lpips_loss 0.1321, g_loss 0.0145, disc_weight 0.4000, disc_adaptive_weight 6.1176, d_loss 0.4004, logits_real -0.0157, logits_fake -0.0145,
Train Epoch: [26/30] Iters:[1030/1093] gen_loss 0.2341, rec_loss 0.0112, lpips_loss 0.1323, g_loss 0.0144, disc_weight 0.4000, disc_adaptive_weight 6.2575, d_loss 0.4004, logits_real -0.0154, logits_fake -0.0142,
Train Epoch: [26/30] Iters:[1040/1093] gen_loss 0.2364, rec_loss 0.0112, lpips_loss 0.1320, g_loss 0.0145, disc_weight 0.4000, disc_adaptive_weight 6.4027, d_loss 0.4005, logits_real -0.0155, logits_fake -0.0142,
Train Epoch: [26/30] Iters:[1050/1093] gen_loss 0.2346, rec_loss 0.0112, lpips_loss 0.1321, g_loss 0.0148, disc_weight 0.4000, disc_adaptive_weight 6.1534, d_loss 0.4005, logits_real -0.0158, logits_fake -0.0144,
Train Epoch: [26/30] Iters:[1060/1093] gen_loss 0.2387, rec_loss 0.0112, lpips_loss 0.1323, g_loss 0.0150, disc_weight 0.4000, disc_adaptive_weight 6.3406, d_loss 0.4004, logits_real -0.0158, logits_fake -0.0147,
Train Epoch: [26/30] Iters:[1070/1093] gen_loss 0.2390, rec_loss 0.0111, lpips_loss 0.1322, g_loss 0.0151, disc_weight 0.4000, disc_adaptive_weight 6.3379, d_loss 0.4004, logits_real -0.0160, logits_fake -0.0149,
Train Epoch: [26/30] Iters:[1080/1093] gen_loss 0.2407, rec_loss 0.0112, lpips_loss 0.1325, g_loss 0.0155, disc_weight 0.4000, disc_adaptive_weight 6.2558, d_loss 0.4004, logits_real -0.0167, logits_fake -0.0155,
Train Epoch: [26/30] Iters:[1090/1093] gen_loss 0.2407, rec_loss 0.0112, lpips_loss 0.1325, g_loss 0.0157, disc_weight 0.4000, disc_adaptive_weight 6.1586, d_loss 0.4005, logits_real -0.0170, logits_fake -0.0156,
epoch:27, cur_lr:0.000010
Train Epoch: [27/30] Iters:[10/1093] gen_loss 0.2761, rec_loss 0.0115, lpips_loss 0.1335, g_loss 0.0142, disc_weight 0.4000, disc_adaptive_weight 9.1975, d_loss 0.4005, logits_real -0.0149, logits_fake -0.0136,
Train Epoch: [27/30] Iters:[20/1093] gen_loss 0.2552, rec_loss 0.0113, lpips_loss 0.1335, g_loss 0.0136, disc_weight 0.4000, disc_adaptive_weight 8.0101, d_loss 0.4004, logits_real -0.0146, logits_fake -0.0134,
Train Epoch: [27/30] Iters:[30/1093] gen_loss 0.2524, rec_loss 0.0111, lpips_loss 0.1332, g_loss 0.0138, disc_weight 0.4000, disc_adaptive_weight 7.7751, d_loss 0.4004, logits_real -0.0148, logits_fake -0.0137,
Train Epoch: [27/30] Iters:[40/1093] gen_loss 0.2506, rec_loss 0.0110, lpips_loss 0.1326, g_loss 0.0141, disc_weight 0.4000, disc_adaptive_weight 7.5923, d_loss 0.4004, logits_real -0.0153, logits_fake -0.0140,
Train Epoch: [27/30] Iters:[50/1093] gen_loss 0.2470, rec_loss 0.0109, lpips_loss 0.1324, g_loss 0.0142, disc_weight 0.4000, disc_adaptive_weight 7.3240, d_loss 0.4005, logits_real -0.0155, logits_fake -0.0141,
Train Epoch: [27/30] Iters:[60/1093] gen_loss 0.2384, rec_loss 0.0110, lpips_loss 0.1323, g_loss 0.0141, disc_weight 0.4000, disc_adaptive_weight 6.7700, d_loss 0.4005, logits_real -0.0157, logits_fake -0.0141,
Train Epoch: [27/30] Iters:[70/1093] gen_loss 0.2366, rec_loss 0.0109, lpips_loss 0.1321, g_loss 0.0144, disc_weight 0.4000, disc_adaptive_weight 6.5190, d_loss 0.4005, logits_real -0.0160, logits_fake -0.0144,
Train Epoch: [27/30] Iters:[80/1093] gen_loss 0.2347, rec_loss 0.0109, lpips_loss 0.1321, g_loss 0.0144, disc_weight 0.4000, disc_adaptive_weight 6.3951, d_loss 0.4006, logits_real -0.0161, logits_fake -0.0143,
Train Epoch: [27/30] Iters:[90/1093] gen_loss 0.2327, rec_loss 0.0112, lpips_loss 0.1328, g_loss 0.0141, disc_weight 0.4000, disc_adaptive_weight 6.3072, d_loss 0.4005, logits_real -0.0157, logits_fake -0.0141,
Train Epoch: [27/30] Iters:[100/1093] gen_loss 0.2309, rec_loss 0.0113, lpips_loss 0.1329, g_loss 0.0138, disc_weight 0.4000, disc_adaptive_weight 6.2985, d_loss 0.4005, logits_real -0.0153, logits_fake -0.0137,
Train Epoch: [27/30] Iters:[110/1093] gen_loss 0.2263, rec_loss 0.0112, lpips_loss 0.1322, g_loss 0.0137, disc_weight 0.4000, disc_adaptive_weight 6.0485, d_loss 0.4005, logits_real -0.0153, logits_fake -0.0138,
Train Epoch: [27/30] Iters:[120/1093] gen_loss 0.2286, rec_loss 0.0113, lpips_loss 0.1320, g_loss 0.0137, disc_weight 0.4000, disc_adaptive_weight 6.2309, d_loss 0.4005, logits_real -0.0152, logits_fake -0.0137,
Train Epoch: [27/30] Iters:[130/1093] gen_loss 0.2243, rec_loss 0.0112, lpips_loss 0.1317, g_loss 0.0138, disc_weight 0.4000, disc_adaptive_weight 5.9287, d_loss 0.4005, logits_real -0.0154, logits_fake -0.0139,
Train Epoch: [27/30] Iters:[140/1093] gen_loss 0.2284, rec_loss 0.0111, lpips_loss 0.1312, g_loss 0.0141, disc_weight 0.4000, disc_adaptive_weight 6.1312, d_loss 0.4005, logits_real -0.0157, logits_fake -0.0141,
Train Epoch: [27/30] Iters:[150/1093] gen_loss 0.2303, rec_loss 0.0111, lpips_loss 0.1315, g_loss 0.0142, disc_weight 0.4000, disc_adaptive_weight 6.1732, d_loss 0.4005, logits_real -0.0156, logits_fake -0.0143,
Train Epoch: [27/30] Iters:[160/1093] gen_loss 0.2352, rec_loss 0.0111, lpips_loss 0.1324, g_loss 0.0144, disc_weight 0.4000, disc_adaptive_weight 6.3934, d_loss 0.4005, logits_real -0.0157, logits_fake -0.0144,
Train Epoch: [27/30] Iters:[170/1093] gen_loss 0.2368, rec_loss 0.0111, lpips_loss 0.1326, g_loss 0.0146, disc_weight 0.4000, disc_adaptive_weight 6.3919, d_loss 0.4004, logits_real -0.0160, logits_fake -0.0148,
Train Epoch: [27/30] Iters:[180/1093] gen_loss 0.2447, rec_loss 0.0112, lpips_loss 0.1330, g_loss 0.0149, disc_weight 0.4000, disc_adaptive_weight 6.7515, d_loss 0.4004, logits_real -0.0162, logits_fake -0.0151,
Train Epoch: [27/30] Iters:[190/1093] gen_loss 0.2457, rec_loss 0.0112, lpips_loss 0.1332, g_loss 0.0152, disc_weight 0.4000, disc_adaptive_weight 6.6601, d_loss 0.4004, logits_real -0.0165, logits_fake -0.0154,
Train Epoch: [27/30] Iters:[200/1093] gen_loss 0.2470, rec_loss 0.0111, lpips_loss 0.1326, g_loss 0.0156, disc_weight 0.4000, disc_adaptive_weight 6.5998, d_loss 0.4004, logits_real -0.0169, logits_fake -0.0159,
Train Epoch: [27/30] Iters:[210/1093] gen_loss 0.2506, rec_loss 0.0112, lpips_loss 0.1325, g_loss 0.0157, disc_weight 0.4000, disc_adaptive_weight 6.7948, d_loss 0.4004, logits_real -0.0169, logits_fake -0.0159,
Train Epoch: [27/30] Iters:[220/1093] gen_loss 0.2500, rec_loss 0.0111, lpips_loss 0.1323, g_loss 0.0155, disc_weight 0.4000, disc_adaptive_weight 6.8732, d_loss 0.4004, logits_real -0.0166, logits_fake -0.0155,
Train Epoch: [27/30] Iters:[230/1093] gen_loss 0.2442, rec_loss 0.0110, lpips_loss 0.1322, g_loss 0.0150, disc_weight 0.4000, disc_adaptive_weight 6.7023, d_loss 0.4004, logits_real -0.0162, logits_fake -0.0150,
Train Epoch: [27/30] Iters:[240/1093] gen_loss 0.2406, rec_loss 0.0110, lpips_loss 0.1319, g_loss 0.0145, disc_weight 0.4000, disc_adaptive_weight 6.7315, d_loss 0.4005, logits_real -0.0159, logits_fake -0.0145,
Train Epoch: [27/30] Iters:[250/1093] gen_loss 0.2398, rec_loss 0.0110, lpips_loss 0.1323, g_loss 0.0141, disc_weight 0.4000, disc_adaptive_weight 6.8406, d_loss 0.4005, logits_real -0.0156, logits_fake -0.0143,
Train Epoch: [27/30] Iters:[260/1093] gen_loss 0.2346, rec_loss 0.0110, lpips_loss 0.1316, g_loss 0.0140, disc_weight 0.4000, disc_adaptive_weight 6.5529, d_loss 0.4004, logits_real -0.0158, logits_fake -0.0145,
Train Epoch: [27/30] Iters:[270/1093] gen_loss 0.2353, rec_loss 0.0111, lpips_loss 0.1319, g_loss 0.0142, disc_weight 0.4000, disc_adaptive_weight 6.5201, d_loss 0.4005, logits_real -0.0160, logits_fake -0.0146,
Train Epoch: [27/30] Iters:[280/1093] gen_loss 0.2387, rec_loss 0.0111, lpips_loss 0.1318, g_loss 0.0145, disc_weight 0.4000, disc_adaptive_weight 6.5915, d_loss 0.4005, logits_real -0.0164, logits_fake -0.0150,
Train Epoch: [27/30] Iters:[290/1093] gen_loss 0.2385, rec_loss 0.0111, lpips_loss 0.1320, g_loss 0.0149, disc_weight 0.4000, disc_adaptive_weight 6.3874, d_loss 0.4005, logits_real -0.0166, logits_fake -0.0153,
Train Epoch: [27/30] Iters:[300/1093] gen_loss 0.2410, rec_loss 0.0111, lpips_loss 0.1318, g_loss 0.0153, disc_weight 0.4000, disc_adaptive_weight 6.3916, d_loss 0.4004, logits_real -0.0168, logits_fake -0.0156,
Train Epoch: [27/30] Iters:[310/1093] gen_loss 0.2458, rec_loss 0.0112, lpips_loss 0.1323, g_loss 0.0156, disc_weight 0.4000, disc_adaptive_weight 6.5492, d_loss 0.4004, logits_real -0.0168, logits_fake -0.0156,
Train Epoch: [27/30] Iters:[320/1093] gen_loss 0.2451, rec_loss 0.0112, lpips_loss 0.1320, g_loss 0.0156, disc_weight 0.4000, disc_adaptive_weight 6.5121, d_loss 0.4004, logits_real -0.0167, logits_fake -0.0157,
Train Epoch: [27/30] Iters:[330/1093] gen_loss 0.2417, rec_loss 0.0111, lpips_loss 0.1317, g_loss 0.0154, disc_weight 0.4000, disc_adaptive_weight 6.3942, d_loss 0.4004, logits_real -0.0165, logits_fake -0.0155,
Train Epoch: [27/30] Iters:[340/1093] gen_loss 0.2408, rec_loss 0.0111, lpips_loss 0.1320, g_loss 0.0153, disc_weight 0.4000, disc_adaptive_weight 6.3720, d_loss 0.4004, logits_real -0.0162, logits_fake -0.0152,
Train Epoch: [27/30] Iters:[350/1093] gen_loss 0.2415, rec_loss 0.0112, lpips_loss 0.1324, g_loss 0.0152, disc_weight 0.4000, disc_adaptive_weight 6.4611, d_loss 0.4004, logits_real -0.0161, logits_fake -0.0151,
Train Epoch: [27/30] Iters:[360/1093] gen_loss 0.2379, rec_loss 0.0112, lpips_loss 0.1327, g_loss 0.0149, disc_weight 0.4000, disc_adaptive_weight 6.2892, d_loss 0.4004, logits_real -0.0163, logits_fake -0.0152,
Train Epoch: [27/30] Iters:[370/1093] gen_loss 0.2388, rec_loss 0.0113, lpips_loss 0.1329, g_loss 0.0152, disc_weight 0.4000, disc_adaptive_weight 6.2144, d_loss 0.4004, logits_real -0.0168, logits_fake -0.0157,
Train Epoch: [27/30] Iters:[380/1093] gen_loss 0.2416, rec_loss 0.0113, lpips_loss 0.1327, g_loss 0.0160, disc_weight 0.4000, disc_adaptive_weight 6.1386, d_loss 0.4004, logits_real -0.0171, logits_fake -0.0163,
Train Epoch: [27/30] Iters:[390/1093] gen_loss 0.2530, rec_loss 0.0113, lpips_loss 0.1328, g_loss 0.0167, disc_weight 0.4000, disc_adaptive_weight 6.5242, d_loss 0.4004, logits_real -0.0176, logits_fake -0.0168,
Train Epoch: [27/30] Iters:[400/1093] gen_loss 0.2627, rec_loss 0.0113, lpips_loss 0.1324, g_loss 0.0174, disc_weight 0.4000, disc_adaptive_weight 6.8122, d_loss 0.4004, logits_real -0.0181, logits_fake -0.0172,
Train Epoch: [27/30] Iters:[410/1093] gen_loss 0.2710, rec_loss 0.0112, lpips_loss 0.1319, g_loss 0.0180, disc_weight 0.4000, disc_adaptive_weight 7.1057, d_loss 0.4004, logits_real -0.0186, logits_fake -0.0175,
Train Epoch: [27/30] Iters:[420/1093] gen_loss 0.2728, rec_loss 0.0111, lpips_loss 0.1317, g_loss 0.0181, disc_weight 0.4000, disc_adaptive_weight 7.1897, d_loss 0.4004, logits_real -0.0186, logits_fake -0.0175,
Train Epoch: [27/30] Iters:[430/1093] gen_loss 0.2804, rec_loss 0.0111, lpips_loss 0.1322, g_loss 0.0181, disc_weight 0.4000, disc_adaptive_weight 7.5578, d_loss 0.4005, logits_real -0.0188, logits_fake -0.0174,
Train Epoch: [27/30] Iters:[440/1093] gen_loss 0.2719, rec_loss 0.0111, lpips_loss 0.1320, g_loss 0.0179, disc_weight 0.4000, disc_adaptive_weight 7.1840, d_loss 0.4005, logits_real -0.0192, logits_fake -0.0177,
Train Epoch: [27/30] Iters:[450/1093] gen_loss 0.2654, rec_loss 0.0110, lpips_loss 0.1317, g_loss 0.0176, disc_weight 0.4000, disc_adaptive_weight 6.9536, d_loss 0.4005, logits_real -0.0193, logits_fake -0.0176,
Train Epoch: [27/30] Iters:[460/1093] gen_loss 0.2629, rec_loss 0.0110, lpips_loss 0.1320, g_loss 0.0176, disc_weight 0.4000, disc_adaptive_weight 6.7840, d_loss 0.4005, logits_real -0.0189, logits_fake -0.0176,
Train Epoch: [27/30] Iters:[470/1093] gen_loss 0.2660, rec_loss 0.0112, lpips_loss 0.1320, g_loss 0.0175, disc_weight 0.4000, disc_adaptive_weight 6.9774, d_loss 0.4005, logits_real -0.0189, logits_fake -0.0175,
Train Epoch: [27/30] Iters:[480/1093] gen_loss 0.2576, rec_loss 0.0112, lpips_loss 0.1321, g_loss 0.0171, disc_weight 0.4000, disc_adaptive_weight 6.6470, d_loss 0.4004, logits_real -0.0185, logits_fake -0.0173,
Train Epoch: [27/30] Iters:[490/1093] gen_loss 0.2578, rec_loss 0.0113, lpips_loss 0.1318, g_loss 0.0170, disc_weight 0.4000, disc_adaptive_weight 6.7146, d_loss 0.4004, logits_real -0.0180, logits_fake -0.0170,
Train Epoch: [27/30] Iters:[500/1093] gen_loss 0.2523, rec_loss 0.0114, lpips_loss 0.1324, g_loss 0.0166, disc_weight 0.4000, disc_adaptive_weight 6.4630, d_loss 0.4004, logits_real -0.0178, logits_fake -0.0171,
Train Epoch: [27/30] Iters:[510/1093] gen_loss 0.2477, rec_loss 0.0114, lpips_loss 0.1323, g_loss 0.0161, disc_weight 0.4000, disc_adaptive_weight 6.3802, d_loss 0.4004, logits_real -0.0179, logits_fake -0.0167,
Train Epoch: [27/30] Iters:[520/1093] gen_loss 0.2415, rec_loss 0.0113, lpips_loss 0.1325, g_loss 0.0159, disc_weight 0.4000, disc_adaptive_weight 6.0950, d_loss 0.4004, logits_real -0.0178, logits_fake -0.0168,
Train Epoch: [27/30] Iters:[530/1093] gen_loss 0.2453, rec_loss 0.0111, lpips_loss 0.1322, g_loss 0.0162, disc_weight 0.4000, disc_adaptive_weight 6.2378, d_loss 0.4005, logits_real -0.0183, logits_fake -0.0170,
Train Epoch: [27/30] Iters:[540/1093] gen_loss 0.2468, rec_loss 0.0110, lpips_loss 0.1322, g_loss 0.0162, disc_weight 0.4000, disc_adaptive_weight 6.3355, d_loss 0.4005, logits_real -0.0185, logits_fake -0.0170,
Train Epoch: [27/30] Iters:[550/1093] gen_loss 0.2463, rec_loss 0.0109, lpips_loss 0.1323, g_loss 0.0164, disc_weight 0.4000, disc_adaptive_weight 6.2633, d_loss 0.4005, logits_real -0.0183, logits_fake -0.0169,
Train Epoch: [27/30] Iters:[560/1093] gen_loss 0.2511, rec_loss 0.0109, lpips_loss 0.1324, g_loss 0.0166, disc_weight 0.4000, disc_adaptive_weight 6.4759, d_loss 0.4004, logits_real -0.0181, logits_fake -0.0171,
Train Epoch: [27/30] Iters:[570/1093] gen_loss 0.2497, rec_loss 0.0109, lpips_loss 0.1318, g_loss 0.0166, disc_weight 0.4000, disc_adaptive_weight 6.4092, d_loss 0.4005, logits_real -0.0183, logits_fake -0.0169,
Train Epoch: [27/30] Iters:[580/1093] gen_loss 0.2439, rec_loss 0.0108, lpips_loss 0.1315, g_loss 0.0166, disc_weight 0.4000, disc_adaptive_weight 6.1541, d_loss 0.4005, logits_real -0.0179, logits_fake -0.0167,
Train Epoch: [27/30] Iters:[590/1093] gen_loss 0.2475, rec_loss 0.0110, lpips_loss 0.1322, g_loss 0.0163, disc_weight 0.4000, disc_adaptive_weight 6.4394, d_loss 0.4005, logits_real -0.0177, logits_fake -0.0165,
Train Epoch: [27/30] Iters:[600/1093] gen_loss 0.2523, rec_loss 0.0112, lpips_loss 0.1324, g_loss 0.0163, disc_weight 0.4000, disc_adaptive_weight 6.7042, d_loss 0.4005, logits_real -0.0175, logits_fake -0.0161,
Train Epoch: [27/30] Iters:[610/1093] gen_loss 0.2483, rec_loss 0.0113, lpips_loss 0.1325, g_loss 0.0159, disc_weight 0.4000, disc_adaptive_weight 6.5970, d_loss 0.4005, logits_real -0.0173, logits_fake -0.0158,
Train Epoch: [27/30] Iters:[620/1093] gen_loss 0.2508, rec_loss 0.0113, lpips_loss 0.1330, g_loss 0.0160, disc_weight 0.4000, disc_adaptive_weight 6.6730, d_loss 0.4004, logits_real -0.0166, logits_fake -0.0159,
Train Epoch: [27/30] Iters:[630/1093] gen_loss 0.2574, rec_loss 0.0115, lpips_loss 0.1336, g_loss 0.0158, disc_weight 0.4000, disc_adaptive_weight 7.1426, d_loss 0.4003, logits_real -0.0162, logits_fake -0.0155,
Train Epoch: [27/30] Iters:[640/1093] gen_loss 0.2548, rec_loss 0.0116, lpips_loss 0.1336, g_loss 0.0161, disc_weight 0.4000, disc_adaptive_weight 6.8181, d_loss 0.4004, logits_real -0.0164, logits_fake -0.0154,
Train Epoch: [27/30] Iters:[650/1093] gen_loss 0.2510, rec_loss 0.0115, lpips_loss 0.1334, g_loss 0.0160, disc_weight 0.4000, disc_adaptive_weight 6.6288, d_loss 0.4005, logits_real -0.0168, logits_fake -0.0156,
Train Epoch: [27/30] Iters:[660/1093] gen_loss 0.2462, rec_loss 0.0113, lpips_loss 0.1326, g_loss 0.0162, disc_weight 0.4000, disc_adaptive_weight 6.3029, d_loss 0.4005, logits_real -0.0174, logits_fake -0.0161,
Train Epoch: [27/30] Iters:[670/1093] gen_loss 0.2476, rec_loss 0.0113, lpips_loss 0.1321, g_loss 0.0162, disc_weight 0.4000, disc_adaptive_weight 6.4162, d_loss 0.4006, logits_real -0.0178, logits_fake -0.0160,
Train Epoch: [27/30] Iters:[680/1093] gen_loss 0.2463, rec_loss 0.0112, lpips_loss 0.1318, g_loss 0.0161, disc_weight 0.4000, disc_adaptive_weight 6.3789, d_loss 0.4006, logits_real -0.0181, logits_fake -0.0160,
Train Epoch: [27/30] Iters:[690/1093] gen_loss 0.2402, rec_loss 0.0110, lpips_loss 0.1315, g_loss 0.0157, disc_weight 0.4000, disc_adaptive_weight 6.2349, d_loss 0.4005, logits_real -0.0176, logits_fake -0.0160,
Train Epoch: [27/30] Iters:[700/1093] gen_loss 0.2455, rec_loss 0.0109, lpips_loss 0.1312, g_loss 0.0154, disc_weight 0.4000, disc_adaptive_weight 6.7487, d_loss 0.4005, logits_real -0.0173, logits_fake -0.0158,
Train Epoch: [27/30] Iters:[710/1093] gen_loss 0.2504, rec_loss 0.0110, lpips_loss 0.1319, g_loss 0.0154, disc_weight 0.4000, disc_adaptive_weight 7.0016, d_loss 0.4005, logits_real -0.0168, logits_fake -0.0154,
Train Epoch: [27/30] Iters:[720/1093] gen_loss 0.2520, rec_loss 0.0110, lpips_loss 0.1322, g_loss 0.0152, disc_weight 0.4000, disc_adaptive_weight 7.1989, d_loss 0.4004, logits_real -0.0166, logits_fake -0.0153,
Train Epoch: [27/30] Iters:[730/1093] gen_loss 0.2466, rec_loss 0.0110, lpips_loss 0.1325, g_loss 0.0149, disc_weight 0.4000, disc_adaptive_weight 6.8961, d_loss 0.4004, logits_real -0.0163, logits_fake -0.0151,
Train Epoch: [27/30] Iters:[740/1093] gen_loss 0.2454, rec_loss 0.0109, lpips_loss 0.1320, g_loss 0.0148, disc_weight 0.4000, disc_adaptive_weight 6.8860, d_loss 0.4004, logits_real -0.0164, logits_fake -0.0151,
Train Epoch: [27/30] Iters:[750/1093] gen_loss 0.2360, rec_loss 0.0110, lpips_loss 0.1320, g_loss 0.0146, disc_weight 0.4000, disc_adaptive_weight 6.3377, d_loss 0.4005, logits_real -0.0161, logits_fake -0.0147,
Train Epoch: [27/30] Iters:[760/1093] gen_loss 0.2386, rec_loss 0.0109, lpips_loss 0.1316, g_loss 0.0140, disc_weight 0.4000, disc_adaptive_weight 6.8714, d_loss 0.4005, logits_real -0.0157, logits_fake -0.0142,
Train Epoch: [27/30] Iters:[770/1093] gen_loss 0.2379, rec_loss 0.0110, lpips_loss 0.1319, g_loss 0.0136, disc_weight 0.4000, disc_adaptive_weight 6.9775, d_loss 0.4005, logits_real -0.0153, logits_fake -0.0137,
Train Epoch: [27/30] Iters:[780/1093] gen_loss 0.2383, rec_loss 0.0110, lpips_loss 0.1318, g_loss 0.0138, disc_weight 0.4000, disc_adaptive_weight 6.9697, d_loss 0.4005, logits_real -0.0154, logits_fake -0.0138,
Train Epoch: [27/30] Iters:[790/1093] gen_loss 0.2385, rec_loss 0.0111, lpips_loss 0.1320, g_loss 0.0138, disc_weight 0.4000, disc_adaptive_weight 6.9687, d_loss 0.4005, logits_real -0.0153, logits_fake -0.0135,
Train Epoch: [27/30] Iters:[800/1093] gen_loss 0.2403, rec_loss 0.0111, lpips_loss 0.1320, g_loss 0.0139, disc_weight 0.4000, disc_adaptive_weight 7.0355, d_loss 0.4006, logits_real -0.0153, logits_fake -0.0135,
Train Epoch: [27/30] Iters:[810/1093] gen_loss 0.2371, rec_loss 0.0110, lpips_loss 0.1321, g_loss 0.0140, disc_weight 0.4000, disc_adaptive_weight 6.7455, d_loss 0.4005, logits_real -0.0152, logits_fake -0.0136,
Train Epoch: [27/30] Iters:[820/1093] gen_loss 0.2305, rec_loss 0.0110, lpips_loss 0.1317, g_loss 0.0139, disc_weight 0.4000, disc_adaptive_weight 6.3746, d_loss 0.4005, logits_real -0.0151, logits_fake -0.0137,
Train Epoch: [27/30] Iters:[830/1093] gen_loss 0.2301, rec_loss 0.0109, lpips_loss 0.1314, g_loss 0.0136, disc_weight 0.4000, disc_adaptive_weight 6.4556, d_loss 0.4004, logits_real -0.0148, logits_fake -0.0136,
Train Epoch: [27/30] Iters:[840/1093] gen_loss 0.2294, rec_loss 0.0110, lpips_loss 0.1317, g_loss 0.0135, disc_weight 0.4000, disc_adaptive_weight 6.4364, d_loss 0.4004, logits_real -0.0147, logits_fake -0.0135,
Train Epoch: [27/30] Iters:[850/1093] gen_loss 0.2308, rec_loss 0.0111, lpips_loss 0.1318, g_loss 0.0136, disc_weight 0.4000, disc_adaptive_weight 6.5065, d_loss 0.4004, logits_real -0.0148, logits_fake -0.0135,
Train Epoch: [27/30] Iters:[860/1093] gen_loss 0.2316, rec_loss 0.0111, lpips_loss 0.1321, g_loss 0.0137, disc_weight 0.4000, disc_adaptive_weight 6.4456, d_loss 0.4004, logits_real -0.0150, logits_fake -0.0137,
Train Epoch: [27/30] Iters:[870/1093] gen_loss 0.2309, rec_loss 0.0110, lpips_loss 0.1320, g_loss 0.0139, disc_weight 0.4000, disc_adaptive_weight 6.3336, d_loss 0.4005, logits_real -0.0151, logits_fake -0.0137,
Train Epoch: [27/30] Iters:[880/1093] gen_loss 0.2327, rec_loss 0.0111, lpips_loss 0.1323, g_loss 0.0138, disc_weight 0.4000, disc_adaptive_weight 6.4588, d_loss 0.4005, logits_real -0.0151, logits_fake -0.0137,
Train Epoch: [27/30] Iters:[890/1093] gen_loss 0.2310, rec_loss 0.0110, lpips_loss 0.1324, g_loss 0.0137, disc_weight 0.4000, disc_adaptive_weight 6.3835, d_loss 0.4005, logits_real -0.0149, logits_fake -0.0135,
Train Epoch: [27/30] Iters:[900/1093] gen_loss 0.2258, rec_loss 0.0108, lpips_loss 0.1320, g_loss 0.0132, disc_weight 0.4000, disc_adaptive_weight 6.3028, d_loss 0.4004, logits_real -0.0144, logits_fake -0.0133,
Train Epoch: [27/30] Iters:[910/1093] gen_loss 0.2234, rec_loss 0.0109, lpips_loss 0.1321, g_loss 0.0126, disc_weight 0.4000, disc_adaptive_weight 6.4012, d_loss 0.4004, logits_real -0.0141, logits_fake -0.0131,
Train Epoch: [27/30] Iters:[920/1093] gen_loss 0.2236, rec_loss 0.0110, lpips_loss 0.1321, g_loss 0.0126, disc_weight 0.4000, disc_adaptive_weight 6.4317, d_loss 0.4004, logits_real -0.0140, logits_fake -0.0130,
Train Epoch: [27/30] Iters:[930/1093] gen_loss 0.2243, rec_loss 0.0109, lpips_loss 0.1317, g_loss 0.0128, disc_weight 0.4000, disc_adaptive_weight 6.4088, d_loss 0.4004, logits_real -0.0143, logits_fake -0.0133,
Train Epoch: [27/30] Iters:[940/1093] gen_loss 0.2308, rec_loss 0.0109, lpips_loss 0.1316, g_loss 0.0132, disc_weight 0.4000, disc_adaptive_weight 6.6935, d_loss 0.4004, logits_real -0.0148, logits_fake -0.0138,
Train Epoch: [27/30] Iters:[950/1093] gen_loss 0.2390, rec_loss 0.0110, lpips_loss 0.1315, g_loss 0.0137, disc_weight 0.4000, disc_adaptive_weight 7.0324, d_loss 0.4004, logits_real -0.0154, logits_fake -0.0142,
Train Epoch: [27/30] Iters:[960/1093] gen_loss 0.2386, rec_loss 0.0111, lpips_loss 0.1316, g_loss 0.0143, disc_weight 0.4000, disc_adaptive_weight 6.7076, d_loss 0.4005, logits_real -0.0157, logits_fake -0.0144,
Train Epoch: [27/30] Iters:[970/1093] gen_loss 0.2460, rec_loss 0.0112, lpips_loss 0.1319, g_loss 0.0145, disc_weight 0.4000, disc_adaptive_weight 7.0704, d_loss 0.4005, logits_real -0.0160, logits_fake -0.0147,
Train Epoch: [27/30] Iters:[980/1093] gen_loss 0.2487, rec_loss 0.0112, lpips_loss 0.1322, g_loss 0.0147, disc_weight 0.4000, disc_adaptive_weight 7.1326, d_loss 0.4005, logits_real -0.0163, logits_fake -0.0149,
Train Epoch: [27/30] Iters:[990/1093] gen_loss 0.2490, rec_loss 0.0113, lpips_loss 0.1322, g_loss 0.0149, disc_weight 0.4000, disc_adaptive_weight 7.0428, d_loss 0.4005, logits_real -0.0166, logits_fake -0.0149,
Train Epoch: [27/30] Iters:[1000/1093] gen_loss 0.2465, rec_loss 0.0113, lpips_loss 0.1327, g_loss 0.0152, disc_weight 0.4000, disc_adaptive_weight 6.7388, d_loss 0.4005, logits_real -0.0167, logits_fake -0.0150,
Train Epoch: [27/30] Iters:[1010/1093] gen_loss 0.2486, rec_loss 0.0113, lpips_loss 0.1324, g_loss 0.0155, disc_weight 0.4000, disc_adaptive_weight 6.7444, d_loss 0.4005, logits_real -0.0171, logits_fake -0.0156,
Train Epoch: [27/30] Iters:[1020/1093] gen_loss 0.2489, rec_loss 0.0115, lpips_loss 0.1332, g_loss 0.0156, disc_weight 0.4000, disc_adaptive_weight 6.6753, d_loss 0.4005, logits_real -0.0171, logits_fake -0.0156,
Train Epoch: [27/30] Iters:[1030/1093] gen_loss 0.2457, rec_loss 0.0113, lpips_loss 0.1327, g_loss 0.0153, disc_weight 0.4000, disc_adaptive_weight 6.6215, d_loss 0.4006, logits_real -0.0169, logits_fake -0.0151,
Train Epoch: [27/30] Iters:[1040/1093] gen_loss 0.2428, rec_loss 0.0114, lpips_loss 0.1327, g_loss 0.0149, disc_weight 0.4000, disc_adaptive_weight 6.6259, d_loss 0.4005, logits_real -0.0164, logits_fake -0.0148,
Train Epoch: [27/30] Iters:[1050/1093] gen_loss 0.2404, rec_loss 0.0114, lpips_loss 0.1328, g_loss 0.0146, disc_weight 0.4000, disc_adaptive_weight 6.5861, d_loss 0.4005, logits_real -0.0161, logits_fake -0.0145,
Train Epoch: [27/30] Iters:[1060/1093] gen_loss 0.2412, rec_loss 0.0114, lpips_loss 0.1332, g_loss 0.0142, disc_weight 0.4000, disc_adaptive_weight 6.7847, d_loss 0.4005, logits_real -0.0159, logits_fake -0.0142,
Train Epoch: [27/30] Iters:[1070/1093] gen_loss 0.2377, rec_loss 0.0112, lpips_loss 0.1324, g_loss 0.0142, disc_weight 0.4000, disc_adaptive_weight 6.6259, d_loss 0.4005, logits_real -0.0158, logits_fake -0.0141,
Train Epoch: [27/30] Iters:[1080/1093] gen_loss 0.2379, rec_loss 0.0111, lpips_loss 0.1327, g_loss 0.0143, disc_weight 0.4000, disc_adaptive_weight 6.5622, d_loss 0.4005, logits_real -0.0157, logits_fake -0.0143,
Train Epoch: [27/30] Iters:[1090/1093] gen_loss 0.2383, rec_loss 0.0110, lpips_loss 0.1326, g_loss 0.0146, disc_weight 0.4000, disc_adaptive_weight 6.4919, d_loss 0.4005, logits_real -0.0160, logits_fake -0.0146,
epoch:28, cur_lr:0.000010
Train Epoch: [28/30] Iters:[10/1093] gen_loss 0.2235, rec_loss 0.0110, lpips_loss 0.1329, g_loss 0.0143, disc_weight 0.4000, disc_adaptive_weight 5.5667, d_loss 0.4005, logits_real -0.0158, logits_fake -0.0143,
Train Epoch: [28/30] Iters:[20/1093] gen_loss 0.2271, rec_loss 0.0112, lpips_loss 0.1323, g_loss 0.0147, disc_weight 0.4000, disc_adaptive_weight 5.6839, d_loss 0.4005, logits_real -0.0160, logits_fake -0.0147,
Train Epoch: [28/30] Iters:[30/1093] gen_loss 0.2285, rec_loss 0.0111, lpips_loss 0.1327, g_loss 0.0148, disc_weight 0.4000, disc_adaptive_weight 5.7327, d_loss 0.4004, logits_real -0.0161, logits_fake -0.0148,
Train Epoch: [28/30] Iters:[40/1093] gen_loss 0.2289, rec_loss 0.0110, lpips_loss 0.1324, g_loss 0.0145, disc_weight 0.4000, disc_adaptive_weight 5.9144, d_loss 0.4004, logits_real -0.0155, logits_fake -0.0144,
Train Epoch: [28/30] Iters:[50/1093] gen_loss 0.2352, rec_loss 0.0110, lpips_loss 0.1324, g_loss 0.0143, disc_weight 0.4000, disc_adaptive_weight 6.4743, d_loss 0.4003, logits_real -0.0151, logits_fake -0.0144,
Train Epoch: [28/30] Iters:[60/1093] gen_loss 0.2369, rec_loss 0.0111, lpips_loss 0.1321, g_loss 0.0143, disc_weight 0.4000, disc_adaptive_weight 6.5931, d_loss 0.4003, logits_real -0.0152, logits_fake -0.0147,
Train Epoch: [28/30] Iters:[70/1093] gen_loss 0.2408, rec_loss 0.0109, lpips_loss 0.1320, g_loss 0.0142, disc_weight 0.4000, disc_adaptive_weight 6.9225, d_loss 0.4004, logits_real -0.0151, logits_fake -0.0144,
Train Epoch: [28/30] Iters:[80/1093] gen_loss 0.2422, rec_loss 0.0110, lpips_loss 0.1315, g_loss 0.0136, disc_weight 0.4000, disc_adaptive_weight 7.3141, d_loss 0.4004, logits_real -0.0148, logits_fake -0.0140,
Train Epoch: [28/30] Iters:[90/1093] gen_loss 0.2391, rec_loss 0.0110, lpips_loss 0.1320, g_loss 0.0134, disc_weight 0.4000, disc_adaptive_weight 7.1615, d_loss 0.4004, logits_real -0.0146, logits_fake -0.0136,
Train Epoch: [28/30] Iters:[100/1093] gen_loss 0.2309, rec_loss 0.0109, lpips_loss 0.1319, g_loss 0.0130, disc_weight 0.4000, disc_adaptive_weight 6.7331, d_loss 0.4005, logits_real -0.0145, logits_fake -0.0130,
Train Epoch: [28/30] Iters:[110/1093] gen_loss 0.2300, rec_loss 0.0109, lpips_loss 0.1320, g_loss 0.0125, disc_weight 0.4000, disc_adaptive_weight 6.9065, d_loss 0.4006, logits_real -0.0140, logits_fake -0.0122,
Train Epoch: [28/30] Iters:[120/1093] gen_loss 0.2236, rec_loss 0.0109, lpips_loss 0.1322, g_loss 0.0120, disc_weight 0.4000, disc_adaptive_weight 6.7098, d_loss 0.4005, logits_real -0.0133, logits_fake -0.0117,
Train Epoch: [28/30] Iters:[130/1093] gen_loss 0.2207, rec_loss 0.0110, lpips_loss 0.1326, g_loss 0.0118, disc_weight 0.4000, disc_adaptive_weight 6.5225, d_loss 0.4006, logits_real -0.0131, logits_fake -0.0114,
Train Epoch: [28/30] Iters:[140/1093] gen_loss 0.2243, rec_loss 0.0110, lpips_loss 0.1325, g_loss 0.0120, disc_weight 0.4000, disc_adaptive_weight 6.7063, d_loss 0.4006, logits_real -0.0134, logits_fake -0.0116,
Train Epoch: [28/30] Iters:[150/1093] gen_loss 0.2288, rec_loss 0.0112, lpips_loss 0.1327, g_loss 0.0124, disc_weight 0.4000, disc_adaptive_weight 6.8171, d_loss 0.4005, logits_real -0.0137, logits_fake -0.0122,
Train Epoch: [28/30] Iters:[160/1093] gen_loss 0.2373, rec_loss 0.0113, lpips_loss 0.1331, g_loss 0.0128, disc_weight 0.4000, disc_adaptive_weight 7.2035, d_loss 0.4005, logits_real -0.0142, logits_fake -0.0125,
Train Epoch: [28/30] Iters:[170/1093] gen_loss 0.2396, rec_loss 0.0115, lpips_loss 0.1333, g_loss 0.0132, disc_weight 0.4000, disc_adaptive_weight 7.1420, d_loss 0.4005, logits_real -0.0147, logits_fake -0.0132,
Train Epoch: [28/30] Iters:[180/1093] gen_loss 0.2385, rec_loss 0.0114, lpips_loss 0.1333, g_loss 0.0137, disc_weight 0.4000, disc_adaptive_weight 6.8456, d_loss 0.4005, logits_real -0.0151, logits_fake -0.0136,
Train Epoch: [28/30] Iters:[190/1093] gen_loss 0.2383, rec_loss 0.0113, lpips_loss 0.1329, g_loss 0.0137, disc_weight 0.4000, disc_adaptive_weight 6.8642, d_loss 0.4005, logits_real -0.0152, logits_fake -0.0138,
Train Epoch: [28/30] Iters:[200/1093] gen_loss 0.2351, rec_loss 0.0111, lpips_loss 0.1326, g_loss 0.0135, disc_weight 0.4000, disc_adaptive_weight 6.7476, d_loss 0.4005, logits_real -0.0150, logits_fake -0.0135,
Train Epoch: [28/30] Iters:[210/1093] gen_loss 0.2266, rec_loss 0.0110, lpips_loss 0.1317, g_loss 0.0135, disc_weight 0.4000, disc_adaptive_weight 6.2117, d_loss 0.4005, logits_real -0.0148, logits_fake -0.0134,
Train Epoch: [28/30] Iters:[220/1093] gen_loss 0.2297, rec_loss 0.0108, lpips_loss 0.1314, g_loss 0.0133, disc_weight 0.4000, disc_adaptive_weight 6.6014, d_loss 0.4005, logits_real -0.0145, logits_fake -0.0131,
Train Epoch: [28/30] Iters:[230/1093] gen_loss 0.2281, rec_loss 0.0108, lpips_loss 0.1310, g_loss 0.0127, disc_weight 0.4000, disc_adaptive_weight 6.7781, d_loss 0.4005, logits_real -0.0141, logits_fake -0.0126,
Train Epoch: [28/30] Iters:[240/1093] gen_loss 0.2242, rec_loss 0.0107, lpips_loss 0.1310, g_loss 0.0121, disc_weight 0.4000, disc_adaptive_weight 6.7826, d_loss 0.4004, logits_real -0.0134, logits_fake -0.0121,
Train Epoch: [28/30] Iters:[250/1093] gen_loss 0.2211, rec_loss 0.0108, lpips_loss 0.1315, g_loss 0.0117, disc_weight 0.4000, disc_adaptive_weight 6.6885, d_loss 0.4004, logits_real -0.0130, logits_fake -0.0117,
Train Epoch: [28/30] Iters:[260/1093] gen_loss 0.2218, rec_loss 0.0107, lpips_loss 0.1317, g_loss 0.0114, disc_weight 0.4000, disc_adaptive_weight 6.9202, d_loss 0.4004, logits_real -0.0127, logits_fake -0.0114,
Train Epoch: [28/30] Iters:[270/1093] gen_loss 0.2200, rec_loss 0.0108, lpips_loss 0.1318, g_loss 0.0113, disc_weight 0.4000, disc_adaptive_weight 6.8077, d_loss 0.4004, logits_real -0.0126, logits_fake -0.0114,
Train Epoch: [28/30] Iters:[280/1093] gen_loss 0.2197, rec_loss 0.0109, lpips_loss 0.1321, g_loss 0.0114, disc_weight 0.4000, disc_adaptive_weight 6.7037, d_loss 0.4004, logits_real -0.0127, logits_fake -0.0115,
Train Epoch: [28/30] Iters:[290/1093] gen_loss 0.2196, rec_loss 0.0110, lpips_loss 0.1321, g_loss 0.0117, disc_weight 0.4000, disc_adaptive_weight 6.4995, d_loss 0.4004, logits_real -0.0132, logits_fake -0.0120,
Train Epoch: [28/30] Iters:[300/1093] gen_loss 0.2270, rec_loss 0.0110, lpips_loss 0.1318, g_loss 0.0124, disc_weight 0.4000, disc_adaptive_weight 6.7830, d_loss 0.4005, logits_real -0.0138, logits_fake -0.0124,
Train Epoch: [28/30] Iters:[310/1093] gen_loss 0.2257, rec_loss 0.0112, lpips_loss 0.1321, g_loss 0.0126, disc_weight 0.4000, disc_adaptive_weight 6.5093, d_loss 0.4005, logits_real -0.0142, logits_fake -0.0127,
Train Epoch: [28/30] Iters:[320/1093] gen_loss 0.2214, rec_loss 0.0111, lpips_loss 0.1322, g_loss 0.0126, disc_weight 0.4000, disc_adaptive_weight 6.1639, d_loss 0.4005, logits_real -0.0143, logits_fake -0.0128,
Train Epoch: [28/30] Iters:[330/1093] gen_loss 0.2235, rec_loss 0.0110, lpips_loss 0.1319, g_loss 0.0126, disc_weight 0.4000, disc_adaptive_weight 6.3929, d_loss 0.4005, logits_real -0.0143, logits_fake -0.0127,
Train Epoch: [28/30] Iters:[340/1093] gen_loss 0.2224, rec_loss 0.0110, lpips_loss 0.1317, g_loss 0.0124, disc_weight 0.4000, disc_adaptive_weight 6.4120, d_loss 0.4005, logits_real -0.0139, logits_fake -0.0124,
Train Epoch: [28/30] Iters:[350/1093] gen_loss 0.2153, rec_loss 0.0109, lpips_loss 0.1314, g_loss 0.0118, disc_weight 0.4000, disc_adaptive_weight 6.1458, d_loss 0.4005, logits_real -0.0134, logits_fake -0.0121,
Train Epoch: [28/30] Iters:[360/1093] gen_loss 0.2198, rec_loss 0.0109, lpips_loss 0.1314, g_loss 0.0116, disc_weight 0.4000, disc_adaptive_weight 6.6484, d_loss 0.4004, logits_real -0.0131, logits_fake -0.0119,
Train Epoch: [28/30] Iters:[370/1093] gen_loss 0.2216, rec_loss 0.0110, lpips_loss 0.1315, g_loss 0.0118, disc_weight 0.4000, disc_adaptive_weight 6.6936, d_loss 0.4004, logits_real -0.0131, logits_fake -0.0119,
Train Epoch: [28/30] Iters:[380/1093] gen_loss 0.2224, rec_loss 0.0110, lpips_loss 0.1322, g_loss 0.0124, disc_weight 0.4000, disc_adaptive_weight 6.4194, d_loss 0.4004, logits_real -0.0137, logits_fake -0.0125,
Train Epoch: [28/30] Iters:[390/1093] gen_loss 0.2235, rec_loss 0.0109, lpips_loss 0.1320, g_loss 0.0130, disc_weight 0.4000, disc_adaptive_weight 6.2929, d_loss 0.4004, logits_real -0.0142, logits_fake -0.0130,
Train Epoch: [28/30] Iters:[400/1093] gen_loss 0.2259, rec_loss 0.0109, lpips_loss 0.1322, g_loss 0.0134, disc_weight 0.4000, disc_adaptive_weight 6.2450, d_loss 0.4004, logits_real -0.0147, logits_fake -0.0135,
Train Epoch: [28/30] Iters:[410/1093] gen_loss 0.2238, rec_loss 0.0110, lpips_loss 0.1324, g_loss 0.0138, disc_weight 0.4000, disc_adaptive_weight 5.8380, d_loss 0.4004, logits_real -0.0152, logits_fake -0.0139,
Train Epoch: [28/30] Iters:[420/1093] gen_loss 0.2224, rec_loss 0.0109, lpips_loss 0.1323, g_loss 0.0141, disc_weight 0.4000, disc_adaptive_weight 5.6221, d_loss 0.4004, logits_real -0.0157, logits_fake -0.0144,
Train Epoch: [28/30] Iters:[430/1093] gen_loss 0.2199, rec_loss 0.0108, lpips_loss 0.1319, g_loss 0.0141, disc_weight 0.4000, disc_adaptive_weight 5.4835, d_loss 0.4004, logits_real -0.0156, logits_fake -0.0147,
Train Epoch: [28/30] Iters:[440/1093] gen_loss 0.2230, rec_loss 0.0109, lpips_loss 0.1319, g_loss 0.0144, disc_weight 0.4000, disc_adaptive_weight 5.5756, d_loss 0.4004, logits_real -0.0158, logits_fake -0.0147,
Train Epoch: [28/30] Iters:[450/1093] gen_loss 0.2219, rec_loss 0.0110, lpips_loss 0.1321, g_loss 0.0146, disc_weight 0.4000, disc_adaptive_weight 5.4059, d_loss 0.4004, logits_real -0.0159, logits_fake -0.0150,
Train Epoch: [28/30] Iters:[460/1093] gen_loss 0.2205, rec_loss 0.0107, lpips_loss 0.1315, g_loss 0.0149, disc_weight 0.4000, disc_adaptive_weight 5.2492, d_loss 0.4004, logits_real -0.0159, logits_fake -0.0151,
Train Epoch: [28/30] Iters:[470/1093] gen_loss 0.2255, rec_loss 0.0107, lpips_loss 0.1309, g_loss 0.0150, disc_weight 0.4000, disc_adaptive_weight 5.6116, d_loss 0.4003, logits_real -0.0156, logits_fake -0.0150,
Train Epoch: [28/30] Iters:[480/1093] gen_loss 0.2405, rec_loss 0.0107, lpips_loss 0.1311, g_loss 0.0148, disc_weight 0.4000, disc_adaptive_weight 6.7188, d_loss 0.4004, logits_real -0.0155, logits_fake -0.0145,
Train Epoch: [28/30] Iters:[490/1093] gen_loss 0.2442, rec_loss 0.0108, lpips_loss 0.1316, g_loss 0.0143, disc_weight 0.4000, disc_adaptive_weight 7.1296, d_loss 0.4004, logits_real -0.0153, logits_fake -0.0146,
Train Epoch: [28/30] Iters:[500/1093] gen_loss 0.2495, rec_loss 0.0108, lpips_loss 0.1315, g_loss 0.0142, disc_weight 0.4000, disc_adaptive_weight 7.5373, d_loss 0.4004, logits_real -0.0153, logits_fake -0.0141,
Train Epoch: [28/30] Iters:[510/1093] gen_loss 0.2563, rec_loss 0.0110, lpips_loss 0.1321, g_loss 0.0138, disc_weight 0.4000, disc_adaptive_weight 8.1401, d_loss 0.4005, logits_real -0.0151, logits_fake -0.0137,
Train Epoch: [28/30] Iters:[520/1093] gen_loss 0.2571, rec_loss 0.0111, lpips_loss 0.1325, g_loss 0.0131, disc_weight 0.4000, disc_adaptive_weight 8.5561, d_loss 0.4006, logits_real -0.0150, logits_fake -0.0132,
Train Epoch: [28/30] Iters:[530/1093] gen_loss 0.2446, rec_loss 0.0112, lpips_loss 0.1323, g_loss 0.0128, disc_weight 0.4000, disc_adaptive_weight 7.8495, d_loss 0.4005, logits_real -0.0146, logits_fake -0.0130,
Train Epoch: [28/30] Iters:[540/1093] gen_loss 0.2458, rec_loss 0.0114, lpips_loss 0.1328, g_loss 0.0127, disc_weight 0.4000, disc_adaptive_weight 8.0103, d_loss 0.4006, logits_real -0.0145, logits_fake -0.0126,
Train Epoch: [28/30] Iters:[550/1093] gen_loss 0.2444, rec_loss 0.0114, lpips_loss 0.1332, g_loss 0.0122, disc_weight 0.4000, disc_adaptive_weight 8.0859, d_loss 0.4006, logits_real -0.0142, logits_fake -0.0123,
Train Epoch: [28/30] Iters:[560/1093] gen_loss 0.2331, rec_loss 0.0112, lpips_loss 0.1328, g_loss 0.0120, disc_weight 0.4000, disc_adaptive_weight 7.4092, d_loss 0.4006, logits_real -0.0139, logits_fake -0.0121,
Train Epoch: [28/30] Iters:[570/1093] gen_loss 0.2283, rec_loss 0.0113, lpips_loss 0.1328, g_loss 0.0123, disc_weight 0.4000, disc_adaptive_weight 6.8268, d_loss 0.4005, logits_real -0.0139, logits_fake -0.0122,
Train Epoch: [28/30] Iters:[580/1093] gen_loss 0.2342, rec_loss 0.0112, lpips_loss 0.1330, g_loss 0.0126, disc_weight 0.4000, disc_adaptive_weight 7.1110, d_loss 0.4005, logits_real -0.0142, logits_fake -0.0125,
Train Epoch: [28/30] Iters:[590/1093] gen_loss 0.2310, rec_loss 0.0112, lpips_loss 0.1327, g_loss 0.0127, disc_weight 0.4000, disc_adaptive_weight 6.8014, d_loss 0.4005, logits_real -0.0143, logits_fake -0.0126,
Train Epoch: [28/30] Iters:[600/1093] gen_loss 0.2284, rec_loss 0.0112, lpips_loss 0.1322, g_loss 0.0127, disc_weight 0.4000, disc_adaptive_weight 6.6447, d_loss 0.4005, logits_real -0.0142, logits_fake -0.0127,
Train Epoch: [28/30] Iters:[610/1093] gen_loss 0.2305, rec_loss 0.0113, lpips_loss 0.1325, g_loss 0.0127, disc_weight 0.4000, disc_adaptive_weight 6.8034, d_loss 0.4005, logits_real -0.0143, logits_fake -0.0129,
Train Epoch: [28/30] Iters:[620/1093] gen_loss 0.2317, rec_loss 0.0112, lpips_loss 0.1323, g_loss 0.0129, disc_weight 0.4000, disc_adaptive_weight 6.8603, d_loss 0.4005, logits_real -0.0145, logits_fake -0.0130,
Train Epoch: [28/30] Iters:[630/1093] gen_loss 0.2259, rec_loss 0.0112, lpips_loss 0.1321, g_loss 0.0130, disc_weight 0.4000, disc_adaptive_weight 6.3848, d_loss 0.4005, logits_real -0.0145, logits_fake -0.0131,
Train Epoch: [28/30] Iters:[640/1093] gen_loss 0.2274, rec_loss 0.0112, lpips_loss 0.1317, g_loss 0.0130, disc_weight 0.4000, disc_adaptive_weight 6.5033, d_loss 0.4005, logits_real -0.0146, logits_fake -0.0131,
Train Epoch: [28/30] Iters:[650/1093] gen_loss 0.2261, rec_loss 0.0112, lpips_loss 0.1319, g_loss 0.0133, disc_weight 0.4000, disc_adaptive_weight 6.2201, d_loss 0.4005, logits_real -0.0148, logits_fake -0.0133,
Train Epoch: [28/30] Iters:[660/1093] gen_loss 0.2327, rec_loss 0.0111, lpips_loss 0.1315, g_loss 0.0136, disc_weight 0.4000, disc_adaptive_weight 6.5983, d_loss 0.4005, logits_real -0.0148, logits_fake -0.0134,
Train Epoch: [28/30] Iters:[670/1093] gen_loss 0.2318, rec_loss 0.0110, lpips_loss 0.1316, g_loss 0.0135, disc_weight 0.4000, disc_adaptive_weight 6.5756, d_loss 0.4005, logits_real -0.0148, logits_fake -0.0133,
Train Epoch: [28/30] Iters:[680/1093] gen_loss 0.2350, rec_loss 0.0109, lpips_loss 0.1315, g_loss 0.0136, disc_weight 0.4000, disc_adaptive_weight 6.7565, d_loss 0.4004, logits_real -0.0148, logits_fake -0.0135,
Train Epoch: [28/30] Iters:[690/1093] gen_loss 0.2345, rec_loss 0.0108, lpips_loss 0.1314, g_loss 0.0139, disc_weight 0.4000, disc_adaptive_weight 6.6261, d_loss 0.4004, logits_real -0.0149, logits_fake -0.0138,
Train Epoch: [28/30] Iters:[700/1093] gen_loss 0.2394, rec_loss 0.0108, lpips_loss 0.1307, g_loss 0.0139, disc_weight 0.4000, disc_adaptive_weight 7.0090, d_loss 0.4004, logits_real -0.0149, logits_fake -0.0138,
Train Epoch: [28/30] Iters:[710/1093] gen_loss 0.2367, rec_loss 0.0109, lpips_loss 0.1311, g_loss 0.0141, disc_weight 0.4000, disc_adaptive_weight 6.6955, d_loss 0.4004, logits_real -0.0151, logits_fake -0.0139,
Train Epoch: [28/30] Iters:[720/1093] gen_loss 0.2444, rec_loss 0.0110, lpips_loss 0.1313, g_loss 0.0144, disc_weight 0.4000, disc_adaptive_weight 7.0480, d_loss 0.4004, logits_real -0.0153, logits_fake -0.0142,
Train Epoch: [28/30] Iters:[730/1093] gen_loss 0.2437, rec_loss 0.0111, lpips_loss 0.1317, g_loss 0.0146, disc_weight 0.4000, disc_adaptive_weight 6.8961, d_loss 0.4004, logits_real -0.0156, logits_fake -0.0143,
Train Epoch: [28/30] Iters:[740/1093] gen_loss 0.2460, rec_loss 0.0111, lpips_loss 0.1320, g_loss 0.0149, disc_weight 0.4000, disc_adaptive_weight 6.8868, d_loss 0.4005, logits_real -0.0160, logits_fake -0.0146,
Train Epoch: [28/30] Iters:[750/1093] gen_loss 0.2415, rec_loss 0.0112, lpips_loss 0.1325, g_loss 0.0153, disc_weight 0.4000, disc_adaptive_weight 6.4072, d_loss 0.4005, logits_real -0.0165, logits_fake -0.0151,
Train Epoch: [28/30] Iters:[760/1093] gen_loss 0.2432, rec_loss 0.0111, lpips_loss 0.1323, g_loss 0.0154, disc_weight 0.4000, disc_adaptive_weight 6.4963, d_loss 0.4005, logits_real -0.0167, logits_fake -0.0154,
Train Epoch: [28/30] Iters:[770/1093] gen_loss 0.2357, rec_loss 0.0111, lpips_loss 0.1328, g_loss 0.0153, disc_weight 0.4000, disc_adaptive_weight 5.9972, d_loss 0.4005, logits_real -0.0166, logits_fake -0.0153,
Train Epoch: [28/30] Iters:[780/1093] gen_loss 0.2385, rec_loss 0.0110, lpips_loss 0.1328, g_loss 0.0151, disc_weight 0.4000, disc_adaptive_weight 6.3201, d_loss 0.4005, logits_real -0.0164, logits_fake -0.0151,
Train Epoch: [28/30] Iters:[790/1093] gen_loss 0.2371, rec_loss 0.0110, lpips_loss 0.1329, g_loss 0.0147, disc_weight 0.4000, disc_adaptive_weight 6.3844, d_loss 0.4005, logits_real -0.0161, logits_fake -0.0148,
Train Epoch: [28/30] Iters:[800/1093] gen_loss 0.2451, rec_loss 0.0109, lpips_loss 0.1326, g_loss 0.0144, disc_weight 0.4000, disc_adaptive_weight 7.0653, d_loss 0.4005, logits_real -0.0158, logits_fake -0.0144,
Train Epoch: [28/30] Iters:[810/1093] gen_loss 0.2414, rec_loss 0.0111, lpips_loss 0.1329, g_loss 0.0141, disc_weight 0.4000, disc_adaptive_weight 6.8937, d_loss 0.4005, logits_real -0.0155, logits_fake -0.0140,
Train Epoch: [28/30] Iters:[820/1093] gen_loss 0.2422, rec_loss 0.0110, lpips_loss 0.1324, g_loss 0.0140, disc_weight 0.4000, disc_adaptive_weight 7.0403, d_loss 0.4005, logits_real -0.0154, logits_fake -0.0139,
Train Epoch: [28/30] Iters:[830/1093] gen_loss 0.2391, rec_loss 0.0109, lpips_loss 0.1322, g_loss 0.0140, disc_weight 0.4000, disc_adaptive_weight 6.8267, d_loss 0.4005, logits_real -0.0153, logits_fake -0.0139,
Train Epoch: [28/30] Iters:[840/1093] gen_loss 0.2378, rec_loss 0.0109, lpips_loss 0.1321, g_loss 0.0138, disc_weight 0.4000, disc_adaptive_weight 6.8320, d_loss 0.4004, logits_real -0.0151, logits_fake -0.0138,
Train Epoch: [28/30] Iters:[850/1093] gen_loss 0.2355, rec_loss 0.0109, lpips_loss 0.1322, g_loss 0.0139, disc_weight 0.4000, disc_adaptive_weight 6.6404, d_loss 0.4005, logits_real -0.0153, logits_fake -0.0140,
Train Epoch: [28/30] Iters:[860/1093] gen_loss 0.2355, rec_loss 0.0108, lpips_loss 0.1317, g_loss 0.0140, disc_weight 0.4000, disc_adaptive_weight 6.6512, d_loss 0.4005, logits_real -0.0155, logits_fake -0.0140,
Train Epoch: [28/30] Iters:[870/1093] gen_loss 0.2357, rec_loss 0.0110, lpips_loss 0.1315, g_loss 0.0140, disc_weight 0.4000, disc_adaptive_weight 6.6571, d_loss 0.4005, logits_real -0.0155, logits_fake -0.0140,
Train Epoch: [28/30] Iters:[880/1093] gen_loss 0.2367, rec_loss 0.0110, lpips_loss 0.1314, g_loss 0.0142, disc_weight 0.4000, disc_adaptive_weight 6.6561, d_loss 0.4005, logits_real -0.0156, logits_fake -0.0141,
Train Epoch: [28/30] Iters:[890/1093] gen_loss 0.2426, rec_loss 0.0110, lpips_loss 0.1313, g_loss 0.0147, disc_weight 0.4000, disc_adaptive_weight 6.7727, d_loss 0.4005, logits_real -0.0161, logits_fake -0.0144,
Train Epoch: [28/30] Iters:[900/1093] gen_loss 0.2413, rec_loss 0.0111, lpips_loss 0.1314, g_loss 0.0151, disc_weight 0.4000, disc_adaptive_weight 6.5266, d_loss 0.4005, logits_real -0.0163, logits_fake -0.0147,
Train Epoch: [28/30] Iters:[910/1093] gen_loss 0.2409, rec_loss 0.0110, lpips_loss 0.1313, g_loss 0.0154, disc_weight 0.4000, disc_adaptive_weight 6.3904, d_loss 0.4005, logits_real -0.0165, logits_fake -0.0151,
Train Epoch: [28/30] Iters:[920/1093] gen_loss 0.2477, rec_loss 0.0110, lpips_loss 0.1313, g_loss 0.0154, disc_weight 0.4000, disc_adaptive_weight 6.8704, d_loss 0.4005, logits_real -0.0166, logits_fake -0.0152,
Train Epoch: [28/30] Iters:[930/1093] gen_loss 0.2432, rec_loss 0.0110, lpips_loss 0.1316, g_loss 0.0151, disc_weight 0.4000, disc_adaptive_weight 6.6572, d_loss 0.4005, logits_real -0.0164, logits_fake -0.0150,
Train Epoch: [28/30] Iters:[940/1093] gen_loss 0.2353, rec_loss 0.0110, lpips_loss 0.1316, g_loss 0.0145, disc_weight 0.4000, disc_adaptive_weight 6.4429, d_loss 0.4004, logits_real -0.0157, logits_fake -0.0145,
Train Epoch: [28/30] Iters:[950/1093] gen_loss 0.2314, rec_loss 0.0109, lpips_loss 0.1314, g_loss 0.0137, disc_weight 0.4000, disc_adaptive_weight 6.5128, d_loss 0.4004, logits_real -0.0150, logits_fake -0.0137,
Train Epoch: [28/30] Iters:[960/1093] gen_loss 0.2319, rec_loss 0.0109, lpips_loss 0.1313, g_loss 0.0131, disc_weight 0.4000, disc_adaptive_weight 6.7995, d_loss 0.4005, logits_real -0.0145, logits_fake -0.0131,
Train Epoch: [28/30] Iters:[970/1093] gen_loss 0.2195, rec_loss 0.0109, lpips_loss 0.1315, g_loss 0.0127, disc_weight 0.4000, disc_adaptive_weight 6.0636, d_loss 0.4005, logits_real -0.0140, logits_fake -0.0126,
Train Epoch: [28/30] Iters:[980/1093] gen_loss 0.2224, rec_loss 0.0109, lpips_loss 0.1314, g_loss 0.0125, disc_weight 0.4000, disc_adaptive_weight 6.3842, d_loss 0.4004, logits_real -0.0138, logits_fake -0.0125,
Train Epoch: [28/30] Iters:[990/1093] gen_loss 0.2242, rec_loss 0.0109, lpips_loss 0.1316, g_loss 0.0126, disc_weight 0.4000, disc_adaptive_weight 6.4549, d_loss 0.4004, logits_real -0.0140, logits_fake -0.0126,
Train Epoch: [28/30] Iters:[1000/1093] gen_loss 0.2272, rec_loss 0.0108, lpips_loss 0.1314, g_loss 0.0129, disc_weight 0.4000, disc_adaptive_weight 6.5553, d_loss 0.4004, logits_real -0.0142, logits_fake -0.0128,
Train Epoch: [28/30] Iters:[1010/1093] gen_loss 0.2270, rec_loss 0.0108, lpips_loss 0.1320, g_loss 0.0131, disc_weight 0.4000, disc_adaptive_weight 6.3868, d_loss 0.4004, logits_real -0.0143, logits_fake -0.0131,
Train Epoch: [28/30] Iters:[1020/1093] gen_loss 0.2337, rec_loss 0.0110, lpips_loss 0.1323, g_loss 0.0137, disc_weight 0.4000, disc_adaptive_weight 6.6447, d_loss 0.4004, logits_real -0.0147, logits_fake -0.0136,
Train Epoch: [28/30] Iters:[1030/1093] gen_loss 0.2340, rec_loss 0.0109, lpips_loss 0.1321, g_loss 0.0139, disc_weight 0.4000, disc_adaptive_weight 6.5201, d_loss 0.4004, logits_real -0.0150, logits_fake -0.0139,
Train Epoch: [28/30] Iters:[1040/1093] gen_loss 0.2371, rec_loss 0.0111, lpips_loss 0.1324, g_loss 0.0138, disc_weight 0.4000, disc_adaptive_weight 6.8164, d_loss 0.4004, logits_real -0.0150, logits_fake -0.0138,
Train Epoch: [28/30] Iters:[1050/1093] gen_loss 0.2348, rec_loss 0.0111, lpips_loss 0.1326, g_loss 0.0138, disc_weight 0.4000, disc_adaptive_weight 6.6241, d_loss 0.4004, logits_real -0.0148, logits_fake -0.0137,
Train Epoch: [28/30] Iters:[1060/1093] gen_loss 0.2357, rec_loss 0.0110, lpips_loss 0.1322, g_loss 0.0138, disc_weight 0.4000, disc_adaptive_weight 6.7321, d_loss 0.4004, logits_real -0.0149, logits_fake -0.0137,
Train Epoch: [28/30] Iters:[1070/1093] gen_loss 0.2459, rec_loss 0.0110, lpips_loss 0.1324, g_loss 0.0136, disc_weight 0.4000, disc_adaptive_weight 7.5502, d_loss 0.4005, logits_real -0.0148, logits_fake -0.0134,
Train Epoch: [28/30] Iters:[1080/1093] gen_loss 0.2470, rec_loss 0.0110, lpips_loss 0.1325, g_loss 0.0135, disc_weight 0.4000, disc_adaptive_weight 7.6610, d_loss 0.4005, logits_real -0.0148, logits_fake -0.0134,
Train Epoch: [28/30] Iters:[1090/1093] gen_loss 0.2455, rec_loss 0.0110, lpips_loss 0.1325, g_loss 0.0139, disc_weight 0.4000, disc_adaptive_weight 7.3613, d_loss 0.4004, logits_real -0.0149, logits_fake -0.0136,
epoch:29, cur_lr:0.000010
Train Epoch: [29/30] Iters:[10/1093] gen_loss 0.2273, rec_loss 0.0113, lpips_loss 0.1336, g_loss 0.0135, disc_weight 0.4000, disc_adaptive_weight 6.1260, d_loss 0.4004, logits_real -0.0152, logits_fake -0.0139,
Train Epoch: [29/30] Iters:[20/1093] gen_loss 0.2320, rec_loss 0.0113, lpips_loss 0.1330, g_loss 0.0136, disc_weight 0.4000, disc_adaptive_weight 6.4144, d_loss 0.4006, logits_real -0.0155, logits_fake -0.0135,
Train Epoch: [29/30] Iters:[30/1093] gen_loss 0.2319, rec_loss 0.0112, lpips_loss 0.1331, g_loss 0.0136, disc_weight 0.4000, disc_adaptive_weight 6.4272, d_loss 0.4006, logits_real -0.0153, logits_fake -0.0135,
Train Epoch: [29/30] Iters:[40/1093] gen_loss 0.2285, rec_loss 0.0111, lpips_loss 0.1328, g_loss 0.0133, disc_weight 0.4000, disc_adaptive_weight 6.3008, d_loss 0.4005, logits_real -0.0149, logits_fake -0.0132,
Train Epoch: [29/30] Iters:[50/1093] gen_loss 0.2289, rec_loss 0.0111, lpips_loss 0.1329, g_loss 0.0131, disc_weight 0.4000, disc_adaptive_weight 6.4910, d_loss 0.4005, logits_real -0.0146, logits_fake -0.0130,
Train Epoch: [29/30] Iters:[60/1093] gen_loss 0.2333, rec_loss 0.0111, lpips_loss 0.1328, g_loss 0.0131, disc_weight 0.4000, disc_adaptive_weight 6.7886, d_loss 0.4005, logits_real -0.0147, logits_fake -0.0130,
Train Epoch: [29/30] Iters:[70/1093] gen_loss 0.2362, rec_loss 0.0110, lpips_loss 0.1327, g_loss 0.0133, disc_weight 0.4000, disc_adaptive_weight 6.9130, d_loss 0.4005, logits_real -0.0147, logits_fake -0.0133,
Train Epoch: [29/30] Iters:[80/1093] gen_loss 0.2381, rec_loss 0.0111, lpips_loss 0.1322, g_loss 0.0135, disc_weight 0.4000, disc_adaptive_weight 6.9786, d_loss 0.4005, logits_real -0.0149, logits_fake -0.0135,
Train Epoch: [29/30] Iters:[90/1093] gen_loss 0.2462, rec_loss 0.0112, lpips_loss 0.1324, g_loss 0.0140, disc_weight 0.4000, disc_adaptive_weight 7.2972, d_loss 0.4005, logits_real -0.0155, logits_fake -0.0141,
Train Epoch: [29/30] Iters:[100/1093] gen_loss 0.2480, rec_loss 0.0113, lpips_loss 0.1325, g_loss 0.0146, disc_weight 0.4000, disc_adaptive_weight 7.1224, d_loss 0.4005, logits_real -0.0160, logits_fake -0.0145,
Train Epoch: [29/30] Iters:[110/1093] gen_loss 0.2468, rec_loss 0.0112, lpips_loss 0.1324, g_loss 0.0149, disc_weight 0.4000, disc_adaptive_weight 6.9366, d_loss 0.4005, logits_real -0.0162, logits_fake -0.0147,
Train Epoch: [29/30] Iters:[120/1093] gen_loss 0.2427, rec_loss 0.0112, lpips_loss 0.1320, g_loss 0.0149, disc_weight 0.4000, disc_adaptive_weight 6.6561, d_loss 0.4005, logits_real -0.0162, logits_fake -0.0148,
Train Epoch: [29/30] Iters:[130/1093] gen_loss 0.2461, rec_loss 0.0111, lpips_loss 0.1322, g_loss 0.0149, disc_weight 0.4000, disc_adaptive_weight 6.8883, d_loss 0.4004, logits_real -0.0161, logits_fake -0.0147,
Train Epoch: [29/30] Iters:[140/1093] gen_loss 0.2385, rec_loss 0.0111, lpips_loss 0.1319, g_loss 0.0148, disc_weight 0.4000, disc_adaptive_weight 6.4606, d_loss 0.4005, logits_real -0.0160, logits_fake -0.0146,
Train Epoch: [29/30] Iters:[150/1093] gen_loss 0.2360, rec_loss 0.0110, lpips_loss 0.1314, g_loss 0.0147, disc_weight 0.4000, disc_adaptive_weight 6.3820, d_loss 0.4004, logits_real -0.0159, logits_fake -0.0146,
Train Epoch: [29/30] Iters:[160/1093] gen_loss 0.2350, rec_loss 0.0110, lpips_loss 0.1312, g_loss 0.0145, disc_weight 0.4000, disc_adaptive_weight 6.4315, d_loss 0.4005, logits_real -0.0160, logits_fake -0.0145,
Train Epoch: [29/30] Iters:[170/1093] gen_loss 0.2341, rec_loss 0.0110, lpips_loss 0.1311, g_loss 0.0143, disc_weight 0.4000, disc_adaptive_weight 6.4617, d_loss 0.4005, logits_real -0.0158, logits_fake -0.0144,
Train Epoch: [29/30] Iters:[180/1093] gen_loss 0.2272, rec_loss 0.0110, lpips_loss 0.1308, g_loss 0.0140, disc_weight 0.4000, disc_adaptive_weight 6.1378, d_loss 0.4005, logits_real -0.0155, logits_fake -0.0140,
Train Epoch: [29/30] Iters:[190/1093] gen_loss 0.2319, rec_loss 0.0111, lpips_loss 0.1307, g_loss 0.0138, disc_weight 0.4000, disc_adaptive_weight 6.5568, d_loss 0.4005, logits_real -0.0154, logits_fake -0.0138,
Train Epoch: [29/30] Iters:[200/1093] gen_loss 0.2375, rec_loss 0.0111, lpips_loss 0.1313, g_loss 0.0138, disc_weight 0.4000, disc_adaptive_weight 6.8619, d_loss 0.4005, logits_real -0.0153, logits_fake -0.0138,
Train Epoch: [29/30] Iters:[210/1093] gen_loss 0.2365, rec_loss 0.0112, lpips_loss 0.1317, g_loss 0.0143, disc_weight 0.4000, disc_adaptive_weight 6.5761, d_loss 0.4005, logits_real -0.0156, logits_fake -0.0142,
Train Epoch: [29/30] Iters:[220/1093] gen_loss 0.2395, rec_loss 0.0112, lpips_loss 0.1321, g_loss 0.0147, disc_weight 0.4000, disc_adaptive_weight 6.6128, d_loss 0.4005, logits_real -0.0160, logits_fake -0.0146,
Train Epoch: [29/30] Iters:[230/1093] gen_loss 0.2414, rec_loss 0.0114, lpips_loss 0.1332, g_loss 0.0151, disc_weight 0.4000, disc_adaptive_weight 6.4744, d_loss 0.4004, logits_real -0.0164, logits_fake -0.0151,
Train Epoch: [29/30] Iters:[240/1093] gen_loss 0.2393, rec_loss 0.0111, lpips_loss 0.1330, g_loss 0.0157, disc_weight 0.4000, disc_adaptive_weight 6.1249, d_loss 0.4004, logits_real -0.0169, logits_fake -0.0156,
Train Epoch: [29/30] Iters:[250/1093] gen_loss 0.2367, rec_loss 0.0110, lpips_loss 0.1325, g_loss 0.0160, disc_weight 0.4000, disc_adaptive_weight 5.8221, d_loss 0.4004, logits_real -0.0173, logits_fake -0.0160,
Train Epoch: [29/30] Iters:[260/1093] gen_loss 0.2440, rec_loss 0.0109, lpips_loss 0.1322, g_loss 0.0161, disc_weight 0.4000, disc_adaptive_weight 6.2838, d_loss 0.4004, logits_real -0.0173, logits_fake -0.0160,
Train Epoch: [29/30] Iters:[270/1093] gen_loss 0.2478, rec_loss 0.0111, lpips_loss 0.1325, g_loss 0.0161, disc_weight 0.4000, disc_adaptive_weight 6.4740, d_loss 0.4004, logits_real -0.0174, logits_fake -0.0160,
Train Epoch: [29/30] Iters:[280/1093] gen_loss 0.2488, rec_loss 0.0110, lpips_loss 0.1325, g_loss 0.0160, disc_weight 0.4000, disc_adaptive_weight 6.5864, d_loss 0.4004, logits_real -0.0173, logits_fake -0.0159,
Train Epoch: [29/30] Iters:[290/1093] gen_loss 0.2482, rec_loss 0.0111, lpips_loss 0.1328, g_loss 0.0155, disc_weight 0.4000, disc_adaptive_weight 6.7130, d_loss 0.4004, logits_real -0.0169, logits_fake -0.0155,
Train Epoch: [29/30] Iters:[300/1093] gen_loss 0.2500, rec_loss 0.0110, lpips_loss 0.1326, g_loss 0.0150, disc_weight 0.4000, disc_adaptive_weight 7.0390, d_loss 0.4004, logits_real -0.0164, logits_fake -0.0150,
Train Epoch: [29/30] Iters:[310/1093] gen_loss 0.2436, rec_loss 0.0111, lpips_loss 0.1333, g_loss 0.0145, disc_weight 0.4000, disc_adaptive_weight 6.8341, d_loss 0.4005, logits_real -0.0161, logits_fake -0.0147,
Train Epoch: [29/30] Iters:[320/1093] gen_loss 0.2389, rec_loss 0.0111, lpips_loss 0.1327, g_loss 0.0142, disc_weight 0.4000, disc_adaptive_weight 6.6791, d_loss 0.4005, logits_real -0.0157, logits_fake -0.0143,
Train Epoch: [29/30] Iters:[330/1093] gen_loss 0.2384, rec_loss 0.0110, lpips_loss 0.1322, g_loss 0.0143, disc_weight 0.4000, disc_adaptive_weight 6.6432, d_loss 0.4004, logits_real -0.0157, logits_fake -0.0144,
Train Epoch: [29/30] Iters:[340/1093] gen_loss 0.2423, rec_loss 0.0111, lpips_loss 0.1321, g_loss 0.0147, disc_weight 0.4000, disc_adaptive_weight 6.7814, d_loss 0.4004, logits_real -0.0158, logits_fake -0.0146,
Train Epoch: [29/30] Iters:[350/1093] gen_loss 0.2398, rec_loss 0.0110, lpips_loss 0.1320, g_loss 0.0147, disc_weight 0.4000, disc_adaptive_weight 6.5835, d_loss 0.4004, logits_real -0.0158, logits_fake -0.0148,
Train Epoch: [29/30] Iters:[360/1093] gen_loss 0.2386, rec_loss 0.0110, lpips_loss 0.1320, g_loss 0.0147, disc_weight 0.4000, disc_adaptive_weight 6.4999, d_loss 0.4004, logits_real -0.0157, logits_fake -0.0146,
Train Epoch: [29/30] Iters:[370/1093] gen_loss 0.2366, rec_loss 0.0109, lpips_loss 0.1319, g_loss 0.0145, disc_weight 0.4000, disc_adaptive_weight 6.5052, d_loss 0.4004, logits_real -0.0158, logits_fake -0.0146,
Train Epoch: [29/30] Iters:[380/1093] gen_loss 0.2326, rec_loss 0.0109, lpips_loss 0.1318, g_loss 0.0139, disc_weight 0.4000, disc_adaptive_weight 6.4938, d_loss 0.4005, logits_real -0.0154, logits_fake -0.0140,
Train Epoch: [29/30] Iters:[390/1093] gen_loss 0.2239, rec_loss 0.0108, lpips_loss 0.1314, g_loss 0.0133, disc_weight 0.4000, disc_adaptive_weight 6.1462, d_loss 0.4005, logits_real -0.0149, logits_fake -0.0135,
Train Epoch: [29/30] Iters:[400/1093] gen_loss 0.2198, rec_loss 0.0109, lpips_loss 0.1317, g_loss 0.0128, disc_weight 0.4000, disc_adaptive_weight 6.0343, d_loss 0.4006, logits_real -0.0147, logits_fake -0.0129,
Train Epoch: [29/30] Iters:[410/1093] gen_loss 0.2182, rec_loss 0.0108, lpips_loss 0.1314, g_loss 0.0126, disc_weight 0.4000, disc_adaptive_weight 6.0877, d_loss 0.4005, logits_real -0.0144, logits_fake -0.0127,
Train Epoch: [29/30] Iters:[420/1093] gen_loss 0.2163, rec_loss 0.0109, lpips_loss 0.1316, g_loss 0.0123, disc_weight 0.4000, disc_adaptive_weight 6.0026, d_loss 0.4005, logits_real -0.0141, logits_fake -0.0124,
Train Epoch: [29/30] Iters:[430/1093] gen_loss 0.2173, rec_loss 0.0109, lpips_loss 0.1316, g_loss 0.0124, disc_weight 0.4000, disc_adaptive_weight 6.0561, d_loss 0.4005, logits_real -0.0141, logits_fake -0.0126,
Train Epoch: [29/30] Iters:[440/1093] gen_loss 0.2178, rec_loss 0.0110, lpips_loss 0.1320, g_loss 0.0123, disc_weight 0.4000, disc_adaptive_weight 6.0722, d_loss 0.4005, logits_real -0.0141, logits_fake -0.0125,
Train Epoch: [29/30] Iters:[450/1093] gen_loss 0.2166, rec_loss 0.0111, lpips_loss 0.1319, g_loss 0.0124, disc_weight 0.4000, disc_adaptive_weight 5.9210, d_loss 0.4005, logits_real -0.0141, logits_fake -0.0126,
Train Epoch: [29/30] Iters:[460/1093] gen_loss 0.2204, rec_loss 0.0112, lpips_loss 0.1319, g_loss 0.0126, disc_weight 0.4000, disc_adaptive_weight 6.1283, d_loss 0.4005, logits_real -0.0143, logits_fake -0.0128,
Train Epoch: [29/30] Iters:[470/1093] gen_loss 0.2235, rec_loss 0.0112, lpips_loss 0.1318, g_loss 0.0129, disc_weight 0.4000, disc_adaptive_weight 6.2330, d_loss 0.4005, logits_real -0.0144, logits_fake -0.0129,
Train Epoch: [29/30] Iters:[480/1093] gen_loss 0.2238, rec_loss 0.0112, lpips_loss 0.1318, g_loss 0.0132, disc_weight 0.4000, disc_adaptive_weight 6.1302, d_loss 0.4005, logits_real -0.0145, logits_fake -0.0131,
Train Epoch: [29/30] Iters:[490/1093] gen_loss 0.2269, rec_loss 0.0112, lpips_loss 0.1320, g_loss 0.0132, disc_weight 0.4000, disc_adaptive_weight 6.3563, d_loss 0.4005, logits_real -0.0146, logits_fake -0.0132,
Train Epoch: [29/30] Iters:[500/1093] gen_loss 0.2330, rec_loss 0.0113, lpips_loss 0.1325, g_loss 0.0130, disc_weight 0.4000, disc_adaptive_weight 6.8848, d_loss 0.4005, logits_real -0.0144, logits_fake -0.0130,
Train Epoch: [29/30] Iters:[510/1093] gen_loss 0.2283, rec_loss 0.0112, lpips_loss 0.1325, g_loss 0.0129, disc_weight 0.4000, disc_adaptive_weight 6.6091, d_loss 0.4005, logits_real -0.0142, logits_fake -0.0128,
Train Epoch: [29/30] Iters:[520/1093] gen_loss 0.2278, rec_loss 0.0112, lpips_loss 0.1328, g_loss 0.0126, disc_weight 0.4000, disc_adaptive_weight 6.6663, d_loss 0.4005, logits_real -0.0140, logits_fake -0.0126,
Train Epoch: [29/30] Iters:[530/1093] gen_loss 0.2310, rec_loss 0.0112, lpips_loss 0.1330, g_loss 0.0125, disc_weight 0.4000, disc_adaptive_weight 6.9613, d_loss 0.4004, logits_real -0.0138, logits_fake -0.0125,
Train Epoch: [29/30] Iters:[540/1093] gen_loss 0.2342, rec_loss 0.0113, lpips_loss 0.1334, g_loss 0.0127, disc_weight 0.4000, disc_adaptive_weight 7.0488, d_loss 0.4004, logits_real -0.0140, logits_fake -0.0128,
Train Epoch: [29/30] Iters:[550/1093] gen_loss 0.2303, rec_loss 0.0113, lpips_loss 0.1330, g_loss 0.0131, disc_weight 0.4000, disc_adaptive_weight 6.5941, d_loss 0.4004, logits_real -0.0144, logits_fake -0.0132,
Train Epoch: [29/30] Iters:[560/1093] gen_loss 0.2337, rec_loss 0.0113, lpips_loss 0.1330, g_loss 0.0134, disc_weight 0.4000, disc_adaptive_weight 6.6744, d_loss 0.4004, logits_real -0.0147, logits_fake -0.0135,
Train Epoch: [29/30] Iters:[570/1093] gen_loss 0.2317, rec_loss 0.0113, lpips_loss 0.1327, g_loss 0.0136, disc_weight 0.4000, disc_adaptive_weight 6.4843, d_loss 0.4004, logits_real -0.0148, logits_fake -0.0136,
Train Epoch: [29/30] Iters:[580/1093] gen_loss 0.2276, rec_loss 0.0112, lpips_loss 0.1325, g_loss 0.0134, disc_weight 0.4000, disc_adaptive_weight 6.2368, d_loss 0.4004, logits_real -0.0148, logits_fake -0.0135,
Train Epoch: [29/30] Iters:[590/1093] gen_loss 0.2268, rec_loss 0.0112, lpips_loss 0.1321, g_loss 0.0132, disc_weight 0.4000, disc_adaptive_weight 6.3627, d_loss 0.4004, logits_real -0.0145, logits_fake -0.0133,
Train Epoch: [29/30] Iters:[600/1093] gen_loss 0.2270, rec_loss 0.0112, lpips_loss 0.1321, g_loss 0.0130, disc_weight 0.4000, disc_adaptive_weight 6.4537, d_loss 0.4004, logits_real -0.0143, logits_fake -0.0131,
Train Epoch: [29/30] Iters:[610/1093] gen_loss 0.2255, rec_loss 0.0110, lpips_loss 0.1316, g_loss 0.0130, disc_weight 0.4000, disc_adaptive_weight 6.3775, d_loss 0.4004, logits_real -0.0143, logits_fake -0.0131,
Train Epoch: [29/30] Iters:[620/1093] gen_loss 0.2271, rec_loss 0.0112, lpips_loss 0.1321, g_loss 0.0133, disc_weight 0.4000, disc_adaptive_weight 6.3495, d_loss 0.4004, logits_real -0.0145, logits_fake -0.0133,
Train Epoch: [29/30] Iters:[630/1093] gen_loss 0.2325, rec_loss 0.0112, lpips_loss 0.1320, g_loss 0.0138, disc_weight 0.4000, disc_adaptive_weight 6.4906, d_loss 0.4004, logits_real -0.0150, logits_fake -0.0138,
Train Epoch: [29/30] Iters:[640/1093] gen_loss 0.2369, rec_loss 0.0112, lpips_loss 0.1323, g_loss 0.0146, disc_weight 0.4000, disc_adaptive_weight 6.3826, d_loss 0.4004, logits_real -0.0157, logits_fake -0.0145,
Train Epoch: [29/30] Iters:[650/1093] gen_loss 0.2407, rec_loss 0.0112, lpips_loss 0.1324, g_loss 0.0151, disc_weight 0.4000, disc_adaptive_weight 6.4114, d_loss 0.4004, logits_real -0.0163, logits_fake -0.0151,
Train Epoch: [29/30] Iters:[660/1093] gen_loss 0.2488, rec_loss 0.0112, lpips_loss 0.1323, g_loss 0.0153, disc_weight 0.4000, disc_adaptive_weight 6.8787, d_loss 0.4004, logits_real -0.0166, logits_fake -0.0153,
Train Epoch: [29/30] Iters:[670/1093] gen_loss 0.2534, rec_loss 0.0111, lpips_loss 0.1320, g_loss 0.0152, disc_weight 0.4000, disc_adaptive_weight 7.2974, d_loss 0.4005, logits_real -0.0165, logits_fake -0.0150,
Train Epoch: [29/30] Iters:[680/1093] gen_loss 0.2511, rec_loss 0.0111, lpips_loss 0.1326, g_loss 0.0149, disc_weight 0.4000, disc_adaptive_weight 7.2099, d_loss 0.4005, logits_real -0.0163, logits_fake -0.0149,
Train Epoch: [29/30] Iters:[690/1093] gen_loss 0.2474, rec_loss 0.0111, lpips_loss 0.1323, g_loss 0.0147, disc_weight 0.4000, disc_adaptive_weight 7.1001, d_loss 0.4005, logits_real -0.0161, logits_fake -0.0146,
Train Epoch: [29/30] Iters:[700/1093] gen_loss 0.2468, rec_loss 0.0112, lpips_loss 0.1324, g_loss 0.0145, disc_weight 0.4000, disc_adaptive_weight 7.1476, d_loss 0.4005, logits_real -0.0159, logits_fake -0.0143,
Train Epoch: [29/30] Iters:[710/1093] gen_loss 0.2408, rec_loss 0.0113, lpips_loss 0.1328, g_loss 0.0143, disc_weight 0.4000, disc_adaptive_weight 6.8047, d_loss 0.4005, logits_real -0.0157, logits_fake -0.0142,
Train Epoch: [29/30] Iters:[720/1093] gen_loss 0.2370, rec_loss 0.0113, lpips_loss 0.1327, g_loss 0.0144, disc_weight 0.4000, disc_adaptive_weight 6.4996, d_loss 0.4005, logits_real -0.0158, logits_fake -0.0144,
Train Epoch: [29/30] Iters:[730/1093] gen_loss 0.2405, rec_loss 0.0112, lpips_loss 0.1321, g_loss 0.0144, disc_weight 0.4000, disc_adaptive_weight 6.7594, d_loss 0.4005, logits_real -0.0159, logits_fake -0.0143,
Train Epoch: [29/30] Iters:[740/1093] gen_loss 0.2399, rec_loss 0.0110, lpips_loss 0.1321, g_loss 0.0141, disc_weight 0.4000, disc_adaptive_weight 6.8746, d_loss 0.4004, logits_real -0.0155, logits_fake -0.0141,
Train Epoch: [29/30] Iters:[750/1093] gen_loss 0.2404, rec_loss 0.0111, lpips_loss 0.1322, g_loss 0.0137, disc_weight 0.4000, disc_adaptive_weight 7.0824, d_loss 0.4004, logits_real -0.0150, logits_fake -0.0137,
Train Epoch: [29/30] Iters:[760/1093] gen_loss 0.2408, rec_loss 0.0112, lpips_loss 0.1326, g_loss 0.0137, disc_weight 0.4000, disc_adaptive_weight 7.0963, d_loss 0.4005, logits_real -0.0150, logits_fake -0.0136,
Train Epoch: [29/30] Iters:[770/1093] gen_loss 0.2433, rec_loss 0.0112, lpips_loss 0.1329, g_loss 0.0138, disc_weight 0.4000, disc_adaptive_weight 7.1990, d_loss 0.4005, logits_real -0.0151, logits_fake -0.0138,
Train Epoch: [29/30] Iters:[780/1093] gen_loss 0.2437, rec_loss 0.0114, lpips_loss 0.1330, g_loss 0.0140, disc_weight 0.4000, disc_adaptive_weight 7.1057, d_loss 0.4005, logits_real -0.0152, logits_fake -0.0139,
Train Epoch: [29/30] Iters:[790/1093] gen_loss 0.2474, rec_loss 0.0115, lpips_loss 0.1331, g_loss 0.0144, disc_weight 0.4000, disc_adaptive_weight 7.1480, d_loss 0.4005, logits_real -0.0158, logits_fake -0.0143,
Train Epoch: [29/30] Iters:[800/1093] gen_loss 0.2543, rec_loss 0.0113, lpips_loss 0.1328, g_loss 0.0150, disc_weight 0.4000, disc_adaptive_weight 7.3377, d_loss 0.4005, logits_real -0.0164, logits_fake -0.0150,
Train Epoch: [29/30] Iters:[810/1093] gen_loss 0.2558, rec_loss 0.0112, lpips_loss 0.1324, g_loss 0.0154, disc_weight 0.4000, disc_adaptive_weight 7.2639, d_loss 0.4005, logits_real -0.0169, logits_fake -0.0154,
Train Epoch: [29/30] Iters:[820/1093] gen_loss 0.2530, rec_loss 0.0113, lpips_loss 0.1322, g_loss 0.0156, disc_weight 0.4000, disc_adaptive_weight 7.0264, d_loss 0.4005, logits_real -0.0171, logits_fake -0.0156,
Train Epoch: [29/30] Iters:[830/1093] gen_loss 0.2530, rec_loss 0.0111, lpips_loss 0.1317, g_loss 0.0157, disc_weight 0.4000, disc_adaptive_weight 6.9982, d_loss 0.4005, logits_real -0.0173, logits_fake -0.0158,
Train Epoch: [29/30] Iters:[840/1093] gen_loss 0.2497, rec_loss 0.0112, lpips_loss 0.1314, g_loss 0.0158, disc_weight 0.4000, disc_adaptive_weight 6.7497, d_loss 0.4005, logits_real -0.0173, logits_fake -0.0159,
Train Epoch: [29/30] Iters:[850/1093] gen_loss 0.2430, rec_loss 0.0112, lpips_loss 0.1312, g_loss 0.0158, disc_weight 0.4000, disc_adaptive_weight 6.3357, d_loss 0.4005, logits_real -0.0172, logits_fake -0.0158,
Train Epoch: [29/30] Iters:[860/1093] gen_loss 0.2406, rec_loss 0.0111, lpips_loss 0.1312, g_loss 0.0158, disc_weight 0.4000, disc_adaptive_weight 6.2193, d_loss 0.4004, logits_real -0.0170, logits_fake -0.0157,
Train Epoch: [29/30] Iters:[870/1093] gen_loss 0.2406, rec_loss 0.0110, lpips_loss 0.1310, g_loss 0.0157, disc_weight 0.4000, disc_adaptive_weight 6.2454, d_loss 0.4004, logits_real -0.0169, logits_fake -0.0155,
Train Epoch: [29/30] Iters:[880/1093] gen_loss 0.2426, rec_loss 0.0111, lpips_loss 0.1318, g_loss 0.0157, disc_weight 0.4000, disc_adaptive_weight 6.3327, d_loss 0.4004, logits_real -0.0169, logits_fake -0.0156,
Train Epoch: [29/30] Iters:[890/1093] gen_loss 0.2422, rec_loss 0.0112, lpips_loss 0.1322, g_loss 0.0158, disc_weight 0.4000, disc_adaptive_weight 6.2323, d_loss 0.4004, logits_real -0.0171, logits_fake -0.0158,
Train Epoch: [29/30] Iters:[900/1093] gen_loss 0.2460, rec_loss 0.0112, lpips_loss 0.1321, g_loss 0.0161, disc_weight 0.4000, disc_adaptive_weight 6.3918, d_loss 0.4004, logits_real -0.0174, logits_fake -0.0161,
Train Epoch: [29/30] Iters:[910/1093] gen_loss 0.2467, rec_loss 0.0112, lpips_loss 0.1322, g_loss 0.0163, disc_weight 0.4000, disc_adaptive_weight 6.3380, d_loss 0.4004, logits_real -0.0177, logits_fake -0.0163,
Train Epoch: [29/30] Iters:[920/1093] gen_loss 0.2461, rec_loss 0.0112, lpips_loss 0.1322, g_loss 0.0163, disc_weight 0.4000, disc_adaptive_weight 6.2835, d_loss 0.4005, logits_real -0.0178, logits_fake -0.0165,
Train Epoch: [29/30] Iters:[930/1093] gen_loss 0.2439, rec_loss 0.0110, lpips_loss 0.1316, g_loss 0.0164, disc_weight 0.4000, disc_adaptive_weight 6.1565, d_loss 0.4005, logits_real -0.0179, logits_fake -0.0165,
Train Epoch: [29/30] Iters:[940/1093] gen_loss 0.2478, rec_loss 0.0109, lpips_loss 0.1312, g_loss 0.0163, disc_weight 0.4000, disc_adaptive_weight 6.4814, d_loss 0.4005, logits_real -0.0178, logits_fake -0.0163,
Train Epoch: [29/30] Iters:[950/1093] gen_loss 0.2450, rec_loss 0.0109, lpips_loss 0.1316, g_loss 0.0162, disc_weight 0.4000, disc_adaptive_weight 6.3184, d_loss 0.4005, logits_real -0.0178, logits_fake -0.0163,
Train Epoch: [29/30] Iters:[960/1093] gen_loss 0.2504, rec_loss 0.0108, lpips_loss 0.1313, g_loss 0.0163, disc_weight 0.4000, disc_adaptive_weight 6.6219, d_loss 0.4005, logits_real -0.0178, logits_fake -0.0163,
Train Epoch: [29/30] Iters:[970/1093] gen_loss 0.2544, rec_loss 0.0109, lpips_loss 0.1317, g_loss 0.0165, disc_weight 0.4000, disc_adaptive_weight 6.7656, d_loss 0.4005, logits_real -0.0179, logits_fake -0.0165,
Train Epoch: [29/30] Iters:[980/1093] gen_loss 0.2561, rec_loss 0.0111, lpips_loss 0.1317, g_loss 0.0166, disc_weight 0.4000, disc_adaptive_weight 6.8227, d_loss 0.4004, logits_real -0.0179, logits_fake -0.0165,
Train Epoch: [29/30] Iters:[990/1093] gen_loss 0.2498, rec_loss 0.0110, lpips_loss 0.1319, g_loss 0.0167, disc_weight 0.4000, disc_adaptive_weight 6.3979, d_loss 0.4004, logits_real -0.0179, logits_fake -0.0166,
Train Epoch: [29/30] Iters:[1000/1093] gen_loss 0.2462, rec_loss 0.0110, lpips_loss 0.1314, g_loss 0.0165, disc_weight 0.4000, disc_adaptive_weight 6.2743, d_loss 0.4004, logits_real -0.0178, logits_fake -0.0165,
Train Epoch: [29/30] Iters:[1010/1093] gen_loss 0.2382, rec_loss 0.0112, lpips_loss 0.1315, g_loss 0.0164, disc_weight 0.4000, disc_adaptive_weight 5.8268, d_loss 0.4004, logits_real -0.0176, logits_fake -0.0164,
Train Epoch: [29/30] Iters:[1020/1093] gen_loss 0.2376, rec_loss 0.0111, lpips_loss 0.1313, g_loss 0.0160, disc_weight 0.4000, disc_adaptive_weight 5.9704, d_loss 0.4004, logits_real -0.0173, logits_fake -0.0161,
Train Epoch: [29/30] Iters:[1030/1093] gen_loss 0.2295, rec_loss 0.0111, lpips_loss 0.1314, g_loss 0.0156, disc_weight 0.4000, disc_adaptive_weight 5.6021, d_loss 0.4004, logits_real -0.0169, logits_fake -0.0156,
Train Epoch: [29/30] Iters:[1040/1093] gen_loss 0.2344, rec_loss 0.0111, lpips_loss 0.1315, g_loss 0.0153, disc_weight 0.4000, disc_adaptive_weight 6.0386, d_loss 0.4004, logits_real -0.0166, logits_fake -0.0154,
Train Epoch: [29/30] Iters:[1050/1093] gen_loss 0.2322, rec_loss 0.0112, lpips_loss 0.1321, g_loss 0.0151, disc_weight 0.4000, disc_adaptive_weight 5.9210, d_loss 0.4004, logits_real -0.0164, logits_fake -0.0151,
Train Epoch: [29/30] Iters:[1060/1093] gen_loss 0.2331, rec_loss 0.0112, lpips_loss 0.1322, g_loss 0.0147, disc_weight 0.4000, disc_adaptive_weight 6.1130, d_loss 0.4004, logits_real -0.0162, logits_fake -0.0149,
Train Epoch: [29/30] Iters:[1070/1093] gen_loss 0.2290, rec_loss 0.0111, lpips_loss 0.1320, g_loss 0.0149, disc_weight 0.4000, disc_adaptive_weight 5.7823, d_loss 0.4005, logits_real -0.0163, logits_fake -0.0149,
Train Epoch: [29/30] Iters:[1080/1093] gen_loss 0.2383, rec_loss 0.0111, lpips_loss 0.1319, g_loss 0.0152, disc_weight 0.4000, disc_adaptive_weight 6.2847, d_loss 0.4004, logits_real -0.0166, logits_fake -0.0153,
Train Epoch: [29/30] Iters:[1090/1093] gen_loss 0.2384, rec_loss 0.0110, lpips_loss 0.1319, g_loss 0.0155, disc_weight 0.4000, disc_adaptive_weight 6.1620, d_loss 0.4004, logits_real -0.0168, logits_fake -0.0155,
epoch:30, cur_lr:0.000010
Train Epoch: [30/30] Iters:[10/1093] gen_loss 0.2727, rec_loss 0.0108, lpips_loss 0.1306, g_loss 0.0161, disc_weight 0.4000, disc_adaptive_weight 8.1397, d_loss 0.4004, logits_real -0.0166, logits_fake -0.0153,
Train Epoch: [30/30] Iters:[20/1093] gen_loss 0.2559, rec_loss 0.0112, lpips_loss 0.1317, g_loss 0.0162, disc_weight 0.4000, disc_adaptive_weight 7.0054, d_loss 0.4005, logits_real -0.0172, logits_fake -0.0155,
Train Epoch: [30/30] Iters:[30/1093] gen_loss 0.2572, rec_loss 0.0112, lpips_loss 0.1321, g_loss 0.0164, disc_weight 0.4000, disc_adaptive_weight 6.9573, d_loss 0.4005, logits_real -0.0173, logits_fake -0.0157,
Train Epoch: [30/30] Iters:[40/1093] gen_loss 0.2506, rec_loss 0.0111, lpips_loss 0.1318, g_loss 0.0165, disc_weight 0.4000, disc_adaptive_weight 6.5374, d_loss 0.4005, logits_real -0.0176, logits_fake -0.0161,
Train Epoch: [30/30] Iters:[50/1093] gen_loss 0.2482, rec_loss 0.0111, lpips_loss 0.1316, g_loss 0.0163, disc_weight 0.4000, disc_adaptive_weight 6.4664, d_loss 0.4004, logits_real -0.0174, logits_fake -0.0160,
Train Epoch: [30/30] Iters:[60/1093] gen_loss 0.2456, rec_loss 0.0112, lpips_loss 0.1319, g_loss 0.0160, disc_weight 0.4000, disc_adaptive_weight 6.4480, d_loss 0.4005, logits_real -0.0172, logits_fake -0.0158,
Train Epoch: [30/30] Iters:[70/1093] gen_loss 0.2465, rec_loss 0.0111, lpips_loss 0.1315, g_loss 0.0158, disc_weight 0.4000, disc_adaptive_weight 6.6198, d_loss 0.4004, logits_real -0.0168, logits_fake -0.0156,
Train Epoch: [30/30] Iters:[80/1093] gen_loss 0.2514, rec_loss 0.0112, lpips_loss 0.1317, g_loss 0.0153, disc_weight 0.4000, disc_adaptive_weight 7.1306, d_loss 0.4005, logits_real -0.0165, logits_fake -0.0151,
Train Epoch: [30/30] Iters:[90/1093] gen_loss 0.2569, rec_loss 0.0113, lpips_loss 0.1323, g_loss 0.0149, disc_weight 0.4000, disc_adaptive_weight 7.6270, d_loss 0.4005, logits_real -0.0162, logits_fake -0.0147,
Train Epoch: [30/30] Iters:[100/1093] gen_loss 0.2561, rec_loss 0.0113, lpips_loss 0.1326, g_loss 0.0150, disc_weight 0.4000, disc_adaptive_weight 7.5318, d_loss 0.4005, logits_real -0.0163, logits_fake -0.0148,
Train Epoch: [30/30] Iters:[110/1093] gen_loss 0.2499, rec_loss 0.0113, lpips_loss 0.1326, g_loss 0.0150, disc_weight 0.4000, disc_adaptive_weight 7.1009, d_loss 0.4005, logits_real -0.0163, logits_fake -0.0149,
Train Epoch: [30/30] Iters:[120/1093] gen_loss 0.2442, rec_loss 0.0115, lpips_loss 0.1330, g_loss 0.0146, disc_weight 0.4000, disc_adaptive_weight 6.8324, d_loss 0.4004, logits_real -0.0160, logits_fake -0.0147,
Train Epoch: [30/30] Iters:[130/1093] gen_loss 0.2329, rec_loss 0.0113, lpips_loss 0.1331, g_loss 0.0144, disc_weight 0.4000, disc_adaptive_weight 6.1294, d_loss 0.4004, logits_real -0.0158, logits_fake -0.0147,
Train Epoch: [30/30] Iters:[140/1093] gen_loss 0.2306, rec_loss 0.0111, lpips_loss 0.1327, g_loss 0.0146, disc_weight 0.4000, disc_adaptive_weight 5.9167, d_loss 0.4004, logits_real -0.0157, logits_fake -0.0146,
Train Epoch: [30/30] Iters:[150/1093] gen_loss 0.2314, rec_loss 0.0112, lpips_loss 0.1325, g_loss 0.0145, disc_weight 0.4000, disc_adaptive_weight 6.0164, d_loss 0.4004, logits_real -0.0155, logits_fake -0.0143,
Train Epoch: [30/30] Iters:[160/1093] gen_loss 0.2369, rec_loss 0.0112, lpips_loss 0.1330, g_loss 0.0145, disc_weight 0.4000, disc_adaptive_weight 6.3582, d_loss 0.4004, logits_real -0.0156, logits_fake -0.0143,
Train Epoch: [30/30] Iters:[170/1093] gen_loss 0.2442, rec_loss 0.0112, lpips_loss 0.1331, g_loss 0.0148, disc_weight 0.4000, disc_adaptive_weight 6.7283, d_loss 0.4005, logits_real -0.0159, logits_fake -0.0144,
Train Epoch: [30/30] Iters:[180/1093] gen_loss 0.2488, rec_loss 0.0113, lpips_loss 0.1329, g_loss 0.0149, disc_weight 0.4000, disc_adaptive_weight 7.0186, d_loss 0.4005, logits_real -0.0161, logits_fake -0.0145,
Train Epoch: [30/30] Iters:[190/1093] gen_loss 0.2468, rec_loss 0.0113, lpips_loss 0.1328, g_loss 0.0149, disc_weight 0.4000, disc_adaptive_weight 6.9359, d_loss 0.4005, logits_real -0.0162, logits_fake -0.0146,
Train Epoch: [30/30] Iters:[200/1093] gen_loss 0.2486, rec_loss 0.0113, lpips_loss 0.1333, g_loss 0.0148, disc_weight 0.4000, disc_adaptive_weight 7.0462, d_loss 0.4005, logits_real -0.0162, logits_fake -0.0147,
Train Epoch: [30/30] Iters:[210/1093] gen_loss 0.2463, rec_loss 0.0113, lpips_loss 0.1332, g_loss 0.0148, disc_weight 0.4000, disc_adaptive_weight 6.9028, d_loss 0.4004, logits_real -0.0160, logits_fake -0.0147,
Train Epoch: [30/30] Iters:[220/1093] gen_loss 0.2398, rec_loss 0.0111, lpips_loss 0.1327, g_loss 0.0146, disc_weight 0.4000, disc_adaptive_weight 6.5611, d_loss 0.4004, logits_real -0.0159, logits_fake -0.0146,
Train Epoch: [30/30] Iters:[230/1093] gen_loss 0.2361, rec_loss 0.0110, lpips_loss 0.1327, g_loss 0.0145, disc_weight 0.4000, disc_adaptive_weight 6.3514, d_loss 0.4004, logits_real -0.0157, logits_fake -0.0145,
Train Epoch: [30/30] Iters:[240/1093] gen_loss 0.2356, rec_loss 0.0111, lpips_loss 0.1325, g_loss 0.0142, disc_weight 0.4000, disc_adaptive_weight 6.4914, d_loss 0.4004, logits_real -0.0154, logits_fake -0.0141,
Train Epoch: [30/30] Iters:[250/1093] gen_loss 0.2321, rec_loss 0.0112, lpips_loss 0.1324, g_loss 0.0136, disc_weight 0.4000, disc_adaptive_weight 6.5089, d_loss 0.4004, logits_real -0.0150, logits_fake -0.0137,
Train Epoch: [30/30] Iters:[260/1093] gen_loss 0.2295, rec_loss 0.0112, lpips_loss 0.1325, g_loss 0.0134, disc_weight 0.4000, disc_adaptive_weight 6.4010, d_loss 0.4005, logits_real -0.0148, logits_fake -0.0134,
Train Epoch: [30/30] Iters:[270/1093] gen_loss 0.2299, rec_loss 0.0112, lpips_loss 0.1323, g_loss 0.0135, disc_weight 0.4000, disc_adaptive_weight 6.4099, d_loss 0.4004, logits_real -0.0148, logits_fake -0.0136,
Train Epoch: [30/30] Iters:[280/1093] gen_loss 0.2303, rec_loss 0.0111, lpips_loss 0.1320, g_loss 0.0135, disc_weight 0.4000, disc_adaptive_weight 6.4518, d_loss 0.4004, logits_real -0.0148, logits_fake -0.0137,
Train Epoch: [30/30] Iters:[290/1093] gen_loss 0.2275, rec_loss 0.0110, lpips_loss 0.1325, g_loss 0.0135, disc_weight 0.4000, disc_adaptive_weight 6.2093, d_loss 0.4004, logits_real -0.0146, logits_fake -0.0136,
Train Epoch: [30/30] Iters:[300/1093] gen_loss 0.2273, rec_loss 0.0108, lpips_loss 0.1316, g_loss 0.0138, disc_weight 0.4000, disc_adaptive_weight 6.1496, d_loss 0.4004, logits_real -0.0147, logits_fake -0.0138,
Train Epoch: [30/30] Iters:[310/1093] gen_loss 0.2245, rec_loss 0.0107, lpips_loss 0.1311, g_loss 0.0137, disc_weight 0.4000, disc_adaptive_weight 6.0145, d_loss 0.4004, logits_real -0.0148, logits_fake -0.0138,
Train Epoch: [30/30] Iters:[320/1093] gen_loss 0.2276, rec_loss 0.0108, lpips_loss 0.1315, g_loss 0.0135, disc_weight 0.4000, disc_adaptive_weight 6.2952, d_loss 0.4004, logits_real -0.0148, logits_fake -0.0135,
Train Epoch: [30/30] Iters:[330/1093] gen_loss 0.2261, rec_loss 0.0109, lpips_loss 0.1318, g_loss 0.0132, disc_weight 0.4000, disc_adaptive_weight 6.2991, d_loss 0.4005, logits_real -0.0147, logits_fake -0.0131,
Train Epoch: [30/30] Iters:[340/1093] gen_loss 0.2258, rec_loss 0.0109, lpips_loss 0.1313, g_loss 0.0131, disc_weight 0.4000, disc_adaptive_weight 6.3869, d_loss 0.4005, logits_real -0.0147, logits_fake -0.0132,
Train Epoch: [30/30] Iters:[350/1093] gen_loss 0.2218, rec_loss 0.0109, lpips_loss 0.1319, g_loss 0.0126, disc_weight 0.4000, disc_adaptive_weight 6.2492, d_loss 0.4005, logits_real -0.0142, logits_fake -0.0128,
Train Epoch: [30/30] Iters:[360/1093] gen_loss 0.2192, rec_loss 0.0110, lpips_loss 0.1315, g_loss 0.0121, disc_weight 0.4000, disc_adaptive_weight 6.3373, d_loss 0.4004, logits_real -0.0136, logits_fake -0.0124,
Train Epoch: [30/30] Iters:[370/1093] gen_loss 0.2146, rec_loss 0.0109, lpips_loss 0.1311, g_loss 0.0115, disc_weight 0.4000, disc_adaptive_weight 6.2859, d_loss 0.4004, logits_real -0.0129, logits_fake -0.0117,
Train Epoch: [30/30] Iters:[380/1093] gen_loss 0.2075, rec_loss 0.0109, lpips_loss 0.1312, g_loss 0.0111, disc_weight 0.4000, disc_adaptive_weight 5.8976, d_loss 0.4004, logits_real -0.0124, logits_fake -0.0114,
Train Epoch: [30/30] Iters:[390/1093] gen_loss 0.2072, rec_loss 0.0112, lpips_loss 0.1315, g_loss 0.0107, disc_weight 0.4000, disc_adaptive_weight 6.0318, d_loss 0.4004, logits_real -0.0121, logits_fake -0.0109,
Train Epoch: [30/30] Iters:[400/1093] gen_loss 0.2068, rec_loss 0.0113, lpips_loss 0.1317, g_loss 0.0106, disc_weight 0.4000, disc_adaptive_weight 6.0155, d_loss 0.4004, logits_real -0.0120, logits_fake -0.0108,
Train Epoch: [30/30] Iters:[410/1093] gen_loss 0.2100, rec_loss 0.0113, lpips_loss 0.1325, g_loss 0.0109, disc_weight 0.4000, disc_adaptive_weight 6.0323, d_loss 0.4004, logits_real -0.0124, logits_fake -0.0111,
Train Epoch: [30/30] Iters:[420/1093] gen_loss 0.2123, rec_loss 0.0113, lpips_loss 0.1325, g_loss 0.0114, disc_weight 0.4000, disc_adaptive_weight 5.9653, d_loss 0.4004, logits_real -0.0127, logits_fake -0.0117,
Train Epoch: [30/30] Iters:[430/1093] gen_loss 0.2147, rec_loss 0.0112, lpips_loss 0.1321, g_loss 0.0117, disc_weight 0.4000, disc_adaptive_weight 6.0763, d_loss 0.4004, logits_real -0.0131, logits_fake -0.0120,
Train Epoch: [30/30] Iters:[440/1093] gen_loss 0.2159, rec_loss 0.0110, lpips_loss 0.1321, g_loss 0.0121, disc_weight 0.4000, disc_adaptive_weight 5.9697, d_loss 0.4004, logits_real -0.0136, logits_fake -0.0125,
Train Epoch: [30/30] Iters:[450/1093] gen_loss 0.2231, rec_loss 0.0110, lpips_loss 0.1320, g_loss 0.0125, disc_weight 0.4000, disc_adaptive_weight 6.3849, d_loss 0.4004, logits_real -0.0141, logits_fake -0.0128,
Train Epoch: [30/30] Iters:[460/1093] gen_loss 0.2256, rec_loss 0.0109, lpips_loss 0.1316, g_loss 0.0124, disc_weight 0.4000, disc_adaptive_weight 6.6426, d_loss 0.4004, logits_real -0.0141, logits_fake -0.0127,
Train Epoch: [30/30] Iters:[470/1093] gen_loss 0.2252, rec_loss 0.0109, lpips_loss 0.1316, g_loss 0.0123, disc_weight 0.4000, disc_adaptive_weight 6.6789, d_loss 0.4005, logits_real -0.0142, logits_fake -0.0126,
Train Epoch: [30/30] Iters:[480/1093] gen_loss 0.2308, rec_loss 0.0110, lpips_loss 0.1324, g_loss 0.0124, disc_weight 0.4000, disc_adaptive_weight 7.0204, d_loss 0.4004, logits_real -0.0140, logits_fake -0.0128,
Train Epoch: [30/30] Iters:[490/1093] gen_loss 0.2306, rec_loss 0.0110, lpips_loss 0.1325, g_loss 0.0126, disc_weight 0.4000, disc_adaptive_weight 6.8949, d_loss 0.4004, logits_real -0.0137, logits_fake -0.0127,
Train Epoch: [30/30] Iters:[500/1093] gen_loss 0.2244, rec_loss 0.0110, lpips_loss 0.1329, g_loss 0.0126, disc_weight 0.4000, disc_adaptive_weight 6.3472, d_loss 0.4004, logits_real -0.0140, logits_fake -0.0129,
Train Epoch: [30/30] Iters:[510/1093] gen_loss 0.2284, rec_loss 0.0110, lpips_loss 0.1326, g_loss 0.0131, disc_weight 0.4000, disc_adaptive_weight 6.4101, d_loss 0.4004, logits_real -0.0143, logits_fake -0.0132,
Train Epoch: [30/30] Iters:[520/1093] gen_loss 0.2323, rec_loss 0.0112, lpips_loss 0.1329, g_loss 0.0134, disc_weight 0.4000, disc_adaptive_weight 6.5147, d_loss 0.4004, logits_real -0.0145, logits_fake -0.0134,
Train Epoch: [30/30] Iters:[530/1093] gen_loss 0.2323, rec_loss 0.0111, lpips_loss 0.1324, g_loss 0.0134, disc_weight 0.4000, disc_adaptive_weight 6.5702, d_loss 0.4005, logits_real -0.0148, logits_fake -0.0132,
Train Epoch: [30/30] Iters:[540/1093] gen_loss 0.2306, rec_loss 0.0111, lpips_loss 0.1322, g_loss 0.0130, disc_weight 0.4000, disc_adaptive_weight 6.6489, d_loss 0.4005, logits_real -0.0148, logits_fake -0.0131,
Train Epoch: [30/30] Iters:[550/1093] gen_loss 0.2292, rec_loss 0.0111, lpips_loss 0.1317, g_loss 0.0126, disc_weight 0.4000, disc_adaptive_weight 6.7742, d_loss 0.4005, logits_real -0.0141, logits_fake -0.0125,
Train Epoch: [30/30] Iters:[560/1093] gen_loss 0.2232, rec_loss 0.0111, lpips_loss 0.1323, g_loss 0.0122, disc_weight 0.4000, disc_adaptive_weight 6.5017, d_loss 0.4005, logits_real -0.0137, logits_fake -0.0122,
Train Epoch: [30/30] Iters:[570/1093] gen_loss 0.2176, rec_loss 0.0110, lpips_loss 0.1319, g_loss 0.0120, disc_weight 0.4000, disc_adaptive_weight 6.1921, d_loss 0.4004, logits_real -0.0136, logits_fake -0.0123,
Train Epoch: [30/30] Iters:[580/1093] gen_loss 0.2207, rec_loss 0.0110, lpips_loss 0.1317, g_loss 0.0124, disc_weight 0.4000, disc_adaptive_weight 6.2505, d_loss 0.4004, logits_real -0.0139, logits_fake -0.0127,
Train Epoch: [30/30] Iters:[590/1093] gen_loss 0.2290, rec_loss 0.0111, lpips_loss 0.1319, g_loss 0.0129, disc_weight 0.4000, disc_adaptive_weight 6.5811, d_loss 0.4004, logits_real -0.0143, logits_fake -0.0132,
Train Epoch: [30/30] Iters:[600/1093] gen_loss 0.2335, rec_loss 0.0110, lpips_loss 0.1320, g_loss 0.0136, disc_weight 0.4000, disc_adaptive_weight 6.6212, d_loss 0.4004, logits_real -0.0150, logits_fake -0.0139,
Train Epoch: [30/30] Iters:[610/1093] gen_loss 0.2327, rec_loss 0.0109, lpips_loss 0.1317, g_loss 0.0137, disc_weight 0.4000, disc_adaptive_weight 6.5417, d_loss 0.4004, logits_real -0.0152, logits_fake -0.0139,
Train Epoch: [30/30] Iters:[620/1093] gen_loss 0.2327, rec_loss 0.0110, lpips_loss 0.1318, g_loss 0.0135, disc_weight 0.4000, disc_adaptive_weight 6.6454, d_loss 0.4005, logits_real -0.0150, logits_fake -0.0136,
Train Epoch: [30/30] Iters:[630/1093] gen_loss 0.2309, rec_loss 0.0109, lpips_loss 0.1322, g_loss 0.0133, disc_weight 0.4000, disc_adaptive_weight 6.5830, d_loss 0.4004, logits_real -0.0146, logits_fake -0.0133,
Train Epoch: [30/30] Iters:[640/1093] gen_loss 0.2272, rec_loss 0.0108, lpips_loss 0.1314, g_loss 0.0131, disc_weight 0.4000, disc_adaptive_weight 6.4774, d_loss 0.4005, logits_real -0.0146, logits_fake -0.0131,
Train Epoch: [30/30] Iters:[650/1093] gen_loss 0.2253, rec_loss 0.0108, lpips_loss 0.1312, g_loss 0.0130, disc_weight 0.4000, disc_adaptive_weight 6.4321, d_loss 0.4005, logits_real -0.0144, logits_fake -0.0129,
Train Epoch: [30/30] Iters:[660/1093] gen_loss 0.2261, rec_loss 0.0109, lpips_loss 0.1313, g_loss 0.0131, disc_weight 0.4000, disc_adaptive_weight 6.4367, d_loss 0.4005, logits_real -0.0144, logits_fake -0.0130,
Train Epoch: [30/30] Iters:[670/1093] gen_loss 0.2267, rec_loss 0.0109, lpips_loss 0.1314, g_loss 0.0132, disc_weight 0.4000, disc_adaptive_weight 6.4033, d_loss 0.4005, logits_real -0.0146, logits_fake -0.0131,
Train Epoch: [30/30] Iters:[680/1093] gen_loss 0.2261, rec_loss 0.0109, lpips_loss 0.1314, g_loss 0.0131, disc_weight 0.4000, disc_adaptive_weight 6.4028, d_loss 0.4004, logits_real -0.0146, logits_fake -0.0132,
Train Epoch: [30/30] Iters:[690/1093] gen_loss 0.2244, rec_loss 0.0109, lpips_loss 0.1318, g_loss 0.0131, disc_weight 0.4000, disc_adaptive_weight 6.2169, d_loss 0.4004, logits_real -0.0146, logits_fake -0.0133,
Train Epoch: [30/30] Iters:[700/1093] gen_loss 0.2279, rec_loss 0.0109, lpips_loss 0.1319, g_loss 0.0134, disc_weight 0.4000, disc_adaptive_weight 6.3715, d_loss 0.4004, logits_real -0.0146, logits_fake -0.0135,
Train Epoch: [30/30] Iters:[710/1093] gen_loss 0.2291, rec_loss 0.0109, lpips_loss 0.1319, g_loss 0.0138, disc_weight 0.4000, disc_adaptive_weight 6.2858, d_loss 0.4004, logits_real -0.0150, logits_fake -0.0138,
Train Epoch: [30/30] Iters:[720/1093] gen_loss 0.2350, rec_loss 0.0109, lpips_loss 0.1319, g_loss 0.0144, disc_weight 0.4000, disc_adaptive_weight 6.4274, d_loss 0.4004, logits_real -0.0155, logits_fake -0.0143,
Train Epoch: [30/30] Iters:[730/1093] gen_loss 0.2386, rec_loss 0.0110, lpips_loss 0.1323, g_loss 0.0150, disc_weight 0.4000, disc_adaptive_weight 6.3379, d_loss 0.4004, logits_real -0.0161, logits_fake -0.0148,
Train Epoch: [30/30] Iters:[740/1093] gen_loss 0.2418, rec_loss 0.0109, lpips_loss 0.1319, g_loss 0.0156, disc_weight 0.4000, disc_adaptive_weight 6.3563, d_loss 0.4004, logits_real -0.0167, logits_fake -0.0153,
Train Epoch: [30/30] Iters:[750/1093] gen_loss 0.2439, rec_loss 0.0109, lpips_loss 0.1317, g_loss 0.0157, disc_weight 0.4000, disc_adaptive_weight 6.4429, d_loss 0.4005, logits_real -0.0170, logits_fake -0.0156,
Train Epoch: [30/30] Iters:[760/1093] gen_loss 0.2483, rec_loss 0.0108, lpips_loss 0.1315, g_loss 0.0160, disc_weight 0.4000, disc_adaptive_weight 6.6494, d_loss 0.4004, logits_real -0.0173, logits_fake -0.0159,
Train Epoch: [30/30] Iters:[770/1093] gen_loss 0.2485, rec_loss 0.0108, lpips_loss 0.1312, g_loss 0.0162, disc_weight 0.4000, disc_adaptive_weight 6.5924, d_loss 0.4004, logits_real -0.0176, logits_fake -0.0162,
Train Epoch: [30/30] Iters:[780/1093] gen_loss 0.2448, rec_loss 0.0107, lpips_loss 0.1310, g_loss 0.0162, disc_weight 0.4000, disc_adaptive_weight 6.3895, d_loss 0.4004, logits_real -0.0176, logits_fake -0.0163,
Train Epoch: [30/30] Iters:[790/1093] gen_loss 0.2439, rec_loss 0.0108, lpips_loss 0.1315, g_loss 0.0160, disc_weight 0.4000, disc_adaptive_weight 6.3578, d_loss 0.4004, logits_real -0.0174, logits_fake -0.0160,
Train Epoch: [30/30] Iters:[800/1093] gen_loss 0.2488, rec_loss 0.0109, lpips_loss 0.1318, g_loss 0.0161, disc_weight 0.4000, disc_adaptive_weight 6.5928, d_loss 0.4004, logits_real -0.0174, logits_fake -0.0161,
Train Epoch: [30/30] Iters:[810/1093] gen_loss 0.2498, rec_loss 0.0109, lpips_loss 0.1325, g_loss 0.0161, disc_weight 0.4000, disc_adaptive_weight 6.5932, d_loss 0.4004, logits_real -0.0173, logits_fake -0.0161,
Train Epoch: [30/30] Iters:[820/1093] gen_loss 0.2517, rec_loss 0.0108, lpips_loss 0.1324, g_loss 0.0162, disc_weight 0.4000, disc_adaptive_weight 6.6884, d_loss 0.4004, logits_real -0.0176, logits_fake -0.0163,
Train Epoch: [30/30] Iters:[830/1093] gen_loss 0.2570, rec_loss 0.0109, lpips_loss 0.1323, g_loss 0.0166, disc_weight 0.4000, disc_adaptive_weight 6.8873, d_loss 0.4004, logits_real -0.0178, logits_fake -0.0165,
Train Epoch: [30/30] Iters:[840/1093] gen_loss 0.2606, rec_loss 0.0109, lpips_loss 0.1324, g_loss 0.0168, disc_weight 0.4000, disc_adaptive_weight 7.0106, d_loss 0.4004, logits_real -0.0181, logits_fake -0.0168,
Train Epoch: [30/30] Iters:[850/1093] gen_loss 0.2592, rec_loss 0.0109, lpips_loss 0.1321, g_loss 0.0169, disc_weight 0.4000, disc_adaptive_weight 6.8914, d_loss 0.4004, logits_real -0.0182, logits_fake -0.0169,
Train Epoch: [30/30] Iters:[860/1093] gen_loss 0.2571, rec_loss 0.0109, lpips_loss 0.1316, g_loss 0.0167, disc_weight 0.4000, disc_adaptive_weight 6.8870, d_loss 0.4004, logits_real -0.0181, logits_fake -0.0168,
Train Epoch: [30/30] Iters:[870/1093] gen_loss 0.2564, rec_loss 0.0110, lpips_loss 0.1319, g_loss 0.0164, disc_weight 0.4000, disc_adaptive_weight 6.9129, d_loss 0.4004, logits_real -0.0178, logits_fake -0.0164,
Train Epoch: [30/30] Iters:[880/1093] gen_loss 0.2519, rec_loss 0.0110, lpips_loss 0.1317, g_loss 0.0163, disc_weight 0.4000, disc_adaptive_weight 6.7212, d_loss 0.4004, logits_real -0.0175, logits_fake -0.0162,
Train Epoch: [30/30] Iters:[890/1093] gen_loss 0.2489, rec_loss 0.0109, lpips_loss 0.1314, g_loss 0.0162, disc_weight 0.4000, disc_adaptive_weight 6.5921, d_loss 0.4005, logits_real -0.0176, logits_fake -0.0162,
Train Epoch: [30/30] Iters:[900/1093] gen_loss 0.2498, rec_loss 0.0110, lpips_loss 0.1315, g_loss 0.0161, disc_weight 0.4000, disc_adaptive_weight 6.7060, d_loss 0.4004, logits_real -0.0174, logits_fake -0.0161,
Train Epoch: [30/30] Iters:[910/1093] gen_loss 0.2472, rec_loss 0.0109, lpips_loss 0.1313, g_loss 0.0160, disc_weight 0.4000, disc_adaptive_weight 6.6024, d_loss 0.4005, logits_real -0.0174, logits_fake -0.0160,
Train Epoch: [30/30] Iters:[920/1093] gen_loss 0.2439, rec_loss 0.0109, lpips_loss 0.1315, g_loss 0.0157, disc_weight 0.4000, disc_adaptive_weight 6.4639, d_loss 0.4005, logits_real -0.0172, logits_fake -0.0158,
Train Epoch: [30/30] Iters:[930/1093] gen_loss 0.2419, rec_loss 0.0109, lpips_loss 0.1316, g_loss 0.0152, disc_weight 0.4000, disc_adaptive_weight 6.5179, d_loss 0.4005, logits_real -0.0168, logits_fake -0.0153,
Train Epoch: [30/30] Iters:[940/1093] gen_loss 0.2427, rec_loss 0.0110, lpips_loss 0.1317, g_loss 0.0149, disc_weight 0.4000, disc_adaptive_weight 6.6985, d_loss 0.4004, logits_real -0.0163, logits_fake -0.0149,
Train Epoch: [30/30] Iters:[950/1093] gen_loss 0.2359, rec_loss 0.0110, lpips_loss 0.1322, g_loss 0.0147, disc_weight 0.4000, disc_adaptive_weight 6.2931, d_loss 0.4004, logits_real -0.0162, logits_fake -0.0147,
Train Epoch: [30/30] Iters:[960/1093] gen_loss 0.2374, rec_loss 0.0111, lpips_loss 0.1327, g_loss 0.0149, disc_weight 0.4000, disc_adaptive_weight 6.2964, d_loss 0.4004, logits_real -0.0162, logits_fake -0.0149,
Train Epoch: [30/30] Iters:[970/1093] gen_loss 0.2476, rec_loss 0.0111, lpips_loss 0.1326, g_loss 0.0151, disc_weight 0.4000, disc_adaptive_weight 6.8653, d_loss 0.4004, logits_real -0.0164, logits_fake -0.0150,
Train Epoch: [30/30] Iters:[980/1093] gen_loss 0.2540, rec_loss 0.0113, lpips_loss 0.1329, g_loss 0.0153, disc_weight 0.4000, disc_adaptive_weight 7.1722, d_loss 0.4004, logits_real -0.0166, logits_fake -0.0153,
Train Epoch: [30/30] Iters:[990/1093] gen_loss 0.2562, rec_loss 0.0112, lpips_loss 0.1325, g_loss 0.0155, disc_weight 0.4000, disc_adaptive_weight 7.2357, d_loss 0.4004, logits_real -0.0168, logits_fake -0.0155,
Train Epoch: [30/30] Iters:[1000/1093] gen_loss 0.2545, rec_loss 0.0111, lpips_loss 0.1319, g_loss 0.0154, disc_weight 0.4000, disc_adaptive_weight 7.1998, d_loss 0.4004, logits_real -0.0168, logits_fake -0.0155,
Train Epoch: [30/30] Iters:[1010/1093] gen_loss 0.2536, rec_loss 0.0110, lpips_loss 0.1314, g_loss 0.0152, disc_weight 0.4000, disc_adaptive_weight 7.2628, d_loss 0.4004, logits_real -0.0165, logits_fake -0.0152,
Train Epoch: [30/30] Iters:[1020/1093] gen_loss 0.2451, rec_loss 0.0110, lpips_loss 0.1316, g_loss 0.0148, disc_weight 0.4000, disc_adaptive_weight 6.9280, d_loss 0.4004, logits_real -0.0160, logits_fake -0.0147,
Train Epoch: [30/30] Iters:[1030/1093] gen_loss 0.2405, rec_loss 0.0109, lpips_loss 0.1315, g_loss 0.0145, disc_weight 0.4000, disc_adaptive_weight 6.7539, d_loss 0.4004, logits_real -0.0157, logits_fake -0.0144,
Train Epoch: [30/30] Iters:[1040/1093] gen_loss 0.2377, rec_loss 0.0109, lpips_loss 0.1318, g_loss 0.0143, disc_weight 0.4000, disc_adaptive_weight 6.6314, d_loss 0.4004, logits_real -0.0155, logits_fake -0.0144,
Train Epoch: [30/30] Iters:[1050/1093] gen_loss 0.2427, rec_loss 0.0110, lpips_loss 0.1318, g_loss 0.0144, disc_weight 0.4000, disc_adaptive_weight 6.9213, d_loss 0.4004, logits_real -0.0155, logits_fake -0.0145,
Train Epoch: [30/30] Iters:[1060/1093] gen_loss 0.2456, rec_loss 0.0111, lpips_loss 0.1325, g_loss 0.0145, disc_weight 0.4000, disc_adaptive_weight 7.0211, d_loss 0.4004, logits_real -0.0157, logits_fake -0.0146,
Train Epoch: [30/30] Iters:[1070/1093] gen_loss 0.2448, rec_loss 0.0111, lpips_loss 0.1323, g_loss 0.0147, disc_weight 0.4000, disc_adaptive_weight 6.8885, d_loss 0.4004, logits_real -0.0158, logits_fake -0.0147,
Train Epoch: [30/30] Iters:[1080/1093] gen_loss 0.2429, rec_loss 0.0110, lpips_loss 0.1322, g_loss 0.0148, disc_weight 0.4000, disc_adaptive_weight 6.7393, d_loss 0.4004, logits_real -0.0159, logits_fake -0.0148,
Train Epoch: [30/30] Iters:[1090/1093] gen_loss 0.2388, rec_loss 0.0110, lpips_loss 0.1321, g_loss 0.0147, disc_weight 0.4000, disc_adaptive_weight 6.5004, d_loss 0.4004, logits_real -0.0160, logits_fake -0.0148,
Loading pretrained model LPIPS from /home/sunset/.cache/torch/hub/pyiqa/LPIPS_v0.1_alex-df73285e.pth
######### saving checkpoint #########
Loading pretrained model LPIPS from /home/sunset/.cache/torch/hub/pyiqa/LPIPS_v0.1_alex-df73285e.pth
PSNR:27.617885658482145  SSIM:0.7623656498636519  LPIPS:0.06777832578505788
