dataset_dir: /project/6105494/shared/data/
dataset_name: FFHQ
global_batch_size: 64
workers: 6
resolution: 256
channels: 3
codebook_size: 65536
codebook_dim: 16
project_dim: 16
pq: 1
L: 4
alpha: 1.0
beta: 0.2
gamma: 0.5
disc_weight: 0.4
lecam_loss_weight: 0.001
disc_cr_loss_weight: 4.0
VQ: wasserstein_vq
transplant_epochs: 30
refinement_epochs: 30
eval_epochs: 5
disc_epoch: 1
lr_transplant: 0.0001
lr_refinement: 1e-05
dropout: 0.0
seed: 3407
weight_decay: 1e-05
stage: refinement
checkpoint_dir: /project/6105494/sunset/VQ-Projects/Rate-Distortion-Perspective/VAR-Transplant/checkpoint/Refinement/FFHQ
results_dir: /project/6105494/sunset/VQ-Projects/Rate-Distortion-Perspective/VAR-Transplant/results/Refinement/FFHQ
saver_dir: /project/6105494/sunset/VQ-Projects/Rate-Distortion-Perspective/VAR-Transplant/saver/Refinement/FFHQ
reconstruction_dir: /project/6105494/sunset/VQ-Projects/Rate-Distortion-Perspective/VAR-Transplant/reconstruction/Refinement/FFHQ
yaml_dir: /project/6105494/sunset/VQ-Projects/Rate-Distortion-Perspective/VAR-Transplant/yaml/Refinement/FFHQ
pretrained_tokenizer: /project/6105494/sunset/VQ-Projects/Rate-Distortion-Perspective/VAR-Transplant/pretrained_tokenizer/vae_ch160v4096z32.pth
checkpoint_name: checkpoint-wasserstein_vq_transplant_FFHQ_model_65536_16_1_loss_1.0_0.2_0.5_0.4.pth.tar
nnodes: -1
node_rank: -1
local_rank: 0
dist_url: tcp://224.66.41.62:23456
dist_backend: nccl
world_size: 2
batch_size: 32
init_checkpoint_dir: /project/6105494/sunset/VQ-Projects/Rate-Distortion-Perspective/VAR-Transplant/checkpoint/
data_pre: FFHQ
model_pre: model_65536_16_1
loss_pre: loss_1.0_0.2_0.5_0.4
training_pre: wasserstein_vq_refinement
saver_name_pre: wasserstein_vq_refinement_FFHQ_model_65536_16_1_loss_1.0_0.2_0.5_0.4
| distributed init (rank 0): env://
| distributed init (rank 1): env://
VQ Model Parameters: 108761795
loaded pretrained LPIPS loss from /project/6105494/sunset/VQ-Projects/Rate-Distortion-Perspective/VAR-Transplant/code/models/cache/vgg.pth
dataset name: FFHQ
len train_set: 70000
len val_set: 70000
Start training...
epoch:1, cur_lr:0.000010
Train Epoch: [1/30] Iters:[10/1093] gen_loss -0.9613, rec_loss 0.0116, lpips_loss 0.1514, g_loss -0.2097, disc_weight 0.4000, disc_adaptive_weight 6.2015, d_loss 2.3700, logits_real 0.3047, logits_fake 0.1971,
Train Epoch: [1/30] Iters:[20/1093] gen_loss -0.5457, rec_loss 0.0198, lpips_loss 0.2175, g_loss -0.1152, disc_weight 0.4000, disc_adaptive_weight 10.4604, d_loss 2.0688, logits_real 0.2997, logits_fake 0.1071,
Train Epoch: [1/30] Iters:[30/1093] gen_loss -0.2481, rec_loss 0.0274, lpips_loss 0.2532, g_loss -0.0755, disc_weight 0.4000, disc_adaptive_weight 12.7743, d_loss 1.8638, logits_real 0.2989, logits_fake 0.0669,
Train Epoch: [1/30] Iters:[40/1093] gen_loss -0.3643, rec_loss 0.0289, lpips_loss 0.2647, g_loss -0.0757, disc_weight 0.4000, disc_adaptive_weight 12.9951, d_loss 1.7278, logits_real 0.2976, logits_fake 0.0691,
Train Epoch: [1/30] Iters:[50/1093] gen_loss -0.4365, rec_loss 0.0312, lpips_loss 0.2873, g_loss -0.0772, disc_weight 0.4000, disc_adaptive_weight 13.1550, d_loss 1.6234, logits_real 0.2960, logits_fake 0.0715,
Train Epoch: [1/30] Iters:[60/1093] gen_loss -0.3919, rec_loss 0.0365, lpips_loss 0.3361, g_loss -0.0531, disc_weight 0.4000, disc_adaptive_weight 14.5535, d_loss 1.3664, logits_real 0.2931, logits_fake 0.0514,
Train Epoch: [1/30] Iters:[70/1093] gen_loss -0.7392, rec_loss 0.0364, lpips_loss 0.3456, g_loss -0.0781, disc_weight 0.4000, disc_adaptive_weight 14.6304, d_loss 1.2164, logits_real 0.2916, logits_fake 0.0775,
Train Epoch: [1/30] Iters:[80/1093] gen_loss -1.4386, rec_loss 0.0325, lpips_loss 0.3341, g_loss -0.1184, disc_weight 0.4000, disc_adaptive_weight 14.5847, d_loss 1.1160, logits_real 0.2892, logits_fake 0.1196,
Train Epoch: [1/30] Iters:[90/1093] gen_loss -2.0251, rec_loss 0.0299, lpips_loss 0.3207, g_loss -0.1504, disc_weight 0.4000, disc_adaptive_weight 15.1229, d_loss 1.0328, logits_real 0.2873, logits_fake 0.1516,
Train Epoch: [1/30] Iters:[100/1093] gen_loss -2.6210, rec_loss 0.0252, lpips_loss 0.2828, g_loss -0.1887, disc_weight 0.4000, disc_adaptive_weight 15.2189, d_loss 0.9629, logits_real 0.2857, logits_fake 0.1902,
Train Epoch: [1/30] Iters:[110/1093] gen_loss -3.1867, rec_loss 0.0205, lpips_loss 0.2383, g_loss -0.2288, disc_weight 0.4000, disc_adaptive_weight 15.1737, d_loss 0.9104, logits_real 0.2841, logits_fake 0.2285,
Train Epoch: [1/30] Iters:[120/1093] gen_loss -4.0031, rec_loss 0.0181, lpips_loss 0.2082, g_loss -0.2596, disc_weight 0.4000, disc_adaptive_weight 16.2601, d_loss 0.8643, logits_real 0.2824, logits_fake 0.2590,
Train Epoch: [1/30] Iters:[130/1093] gen_loss -4.7512, rec_loss 0.0173, lpips_loss 0.1978, g_loss -0.2819, disc_weight 0.4000, disc_adaptive_weight 17.4404, d_loss 0.8276, logits_real 0.2811, logits_fake 0.2818,
Train Epoch: [1/30] Iters:[140/1093] gen_loss -5.4901, rec_loss 0.0184, lpips_loss 0.2041, g_loss -0.2984, disc_weight 0.4000, disc_adaptive_weight 18.9665, d_loss 0.7968, logits_real 0.2798, logits_fake 0.2978,
Train Epoch: [1/30] Iters:[150/1093] gen_loss -6.1289, rec_loss 0.0207, lpips_loss 0.2189, g_loss -0.3061, disc_weight 0.4000, disc_adaptive_weight 20.7268, d_loss 0.7701, logits_real 0.2784, logits_fake 0.3052,
Train Epoch: [1/30] Iters:[160/1093] gen_loss -6.7517, rec_loss 0.0234, lpips_loss 0.2348, g_loss -0.3091, disc_weight 0.4000, disc_adaptive_weight 22.6990, d_loss 0.7454, logits_real 0.2772, logits_fake 0.3083,
Train Epoch: [1/30] Iters:[170/1093] gen_loss -6.1631, rec_loss 0.0245, lpips_loss 0.2445, g_loss -0.3094, disc_weight 0.4000, disc_adaptive_weight 20.7515, d_loss 0.7219, logits_real 0.2763, logits_fake 0.3084,
Train Epoch: [1/30] Iters:[180/1093] gen_loss -5.2630, rec_loss 0.0238, lpips_loss 0.2378, g_loss -0.3042, disc_weight 0.4000, disc_adaptive_weight 17.9659, d_loss 0.6982, logits_real 0.2754, logits_fake 0.3032,
Train Epoch: [1/30] Iters:[190/1093] gen_loss -4.3899, rec_loss 0.0215, lpips_loss 0.2189, g_loss -0.2964, disc_weight 0.4000, disc_adaptive_weight 15.4284, d_loss 0.6767, logits_real 0.2743, logits_fake 0.2960,
Train Epoch: [1/30] Iters:[200/1093] gen_loss -3.7073, rec_loss 0.0188, lpips_loss 0.2005, g_loss -0.2915, disc_weight 0.4000, disc_adaptive_weight 13.3630, d_loss 0.6576, logits_real 0.2734, logits_fake 0.2912,
Train Epoch: [1/30] Iters:[210/1093] gen_loss -2.8112, rec_loss 0.0163, lpips_loss 0.1849, g_loss -0.2885, disc_weight 0.4000, disc_adaptive_weight 10.4409, d_loss 0.6418, logits_real 0.2725, logits_fake 0.2884,
Train Epoch: [1/30] Iters:[220/1093] gen_loss -2.4572, rec_loss 0.0147, lpips_loss 0.1709, g_loss -0.2845, disc_weight 0.4000, disc_adaptive_weight 9.2840, d_loss 0.6289, logits_real 0.2714, logits_fake 0.2843,
Train Epoch: [1/30] Iters:[230/1093] gen_loss -2.2474, rec_loss 0.0141, lpips_loss 0.1648, g_loss -0.2829, disc_weight 0.4000, disc_adaptive_weight 8.5517, d_loss 0.6179, logits_real 0.2703, logits_fake 0.2826,
Train Epoch: [1/30] Iters:[240/1093] gen_loss -1.9242, rec_loss 0.0137, lpips_loss 0.1612, g_loss -0.2818, disc_weight 0.4000, disc_adaptive_weight 7.4022, d_loss 0.6069, logits_real 0.2693, logits_fake 0.2814,
Train Epoch: [1/30] Iters:[250/1093] gen_loss -1.5080, rec_loss 0.0132, lpips_loss 0.1570, g_loss -0.2782, disc_weight 0.4000, disc_adaptive_weight 6.0129, d_loss 0.5973, logits_real 0.2686, logits_fake 0.2782,
Train Epoch: [1/30] Iters:[260/1093] gen_loss -1.3931, rec_loss 0.0126, lpips_loss 0.1518, g_loss -0.2741, disc_weight 0.4000, disc_adaptive_weight 5.6926, d_loss 0.5870, logits_real 0.2675, logits_fake 0.2740,
Train Epoch: [1/30] Iters:[270/1093] gen_loss -1.4367, rec_loss 0.0124, lpips_loss 0.1500, g_loss -0.2717, disc_weight 0.4000, disc_adaptive_weight 5.8915, d_loss 0.5791, logits_real 0.2666, logits_fake 0.2718,
Train Epoch: [1/30] Iters:[280/1093] gen_loss -1.4764, rec_loss 0.0123, lpips_loss 0.1492, g_loss -0.2711, disc_weight 0.4000, disc_adaptive_weight 6.0472, d_loss 0.5721, logits_real 0.2656, logits_fake 0.2710,
Train Epoch: [1/30] Iters:[290/1093] gen_loss -1.6194, rec_loss 0.0124, lpips_loss 0.1496, g_loss -0.2706, disc_weight 0.4000, disc_adaptive_weight 6.5831, d_loss 0.5654, logits_real 0.2647, logits_fake 0.2708,
Train Epoch: [1/30] Iters:[300/1093] gen_loss -1.6153, rec_loss 0.0125, lpips_loss 0.1494, g_loss -0.2708, disc_weight 0.4000, disc_adaptive_weight 6.5622, d_loss 0.5593, logits_real 0.2639, logits_fake 0.2707,
Train Epoch: [1/30] Iters:[310/1093] gen_loss -1.5843, rec_loss 0.0124, lpips_loss 0.1491, g_loss -0.2704, disc_weight 0.4000, disc_adaptive_weight 6.4537, d_loss 0.5537, logits_real 0.2632, logits_fake 0.2705,
Train Epoch: [1/30] Iters:[320/1093] gen_loss -1.5553, rec_loss 0.0123, lpips_loss 0.1482, g_loss -0.2702, disc_weight 0.4000, disc_adaptive_weight 6.3455, d_loss 0.5481, logits_real 0.2625, logits_fake 0.2705,
Train Epoch: [1/30] Iters:[330/1093] gen_loss -1.4244, rec_loss 0.0122, lpips_loss 0.1471, g_loss -0.2691, disc_weight 0.4000, disc_adaptive_weight 5.8746, d_loss 0.5422, logits_real 0.2619, logits_fake 0.2693,
Train Epoch: [1/30] Iters:[340/1093] gen_loss -1.2034, rec_loss 0.0120, lpips_loss 0.1455, g_loss -0.2678, disc_weight 0.4000, disc_adaptive_weight 5.0769, d_loss 0.5370, logits_real 0.2610, logits_fake 0.2676,
Train Epoch: [1/30] Iters:[350/1093] gen_loss -1.2553, rec_loss 0.0119, lpips_loss 0.1442, g_loss -0.2665, disc_weight 0.4000, disc_adaptive_weight 5.2981, d_loss 0.5319, logits_real 0.2601, logits_fake 0.2665,
Train Epoch: [1/30] Iters:[360/1093] gen_loss -1.1322, rec_loss 0.0118, lpips_loss 0.1433, g_loss -0.2661, disc_weight 0.4000, disc_adaptive_weight 4.8422, d_loss 0.5276, logits_real 0.2593, logits_fake 0.2659,
Train Epoch: [1/30] Iters:[370/1093] gen_loss -1.0018, rec_loss 0.0118, lpips_loss 0.1426, g_loss -0.2652, disc_weight 0.4000, disc_adaptive_weight 4.3643, d_loss 0.5231, logits_real 0.2584, logits_fake 0.2648,
Train Epoch: [1/30] Iters:[380/1093] gen_loss -1.0376, rec_loss 0.0117, lpips_loss 0.1423, g_loss -0.2644, disc_weight 0.4000, disc_adaptive_weight 4.5119, d_loss 0.5186, logits_real 0.2578, logits_fake 0.2638,
Train Epoch: [1/30] Iters:[390/1093] gen_loss -1.0269, rec_loss 0.0116, lpips_loss 0.1413, g_loss -0.2636, disc_weight 0.4000, disc_adaptive_weight 4.4795, d_loss 0.5141, logits_real 0.2572, logits_fake 0.2629,
Train Epoch: [1/30] Iters:[400/1093] gen_loss -0.8538, rec_loss 0.0116, lpips_loss 0.1412, g_loss -0.2630, disc_weight 0.4000, disc_adaptive_weight 3.8307, d_loss 0.5104, logits_real 0.2564, logits_fake 0.2623,
Train Epoch: [1/30] Iters:[410/1093] gen_loss -0.8853, rec_loss 0.0115, lpips_loss 0.1410, g_loss -0.2616, disc_weight 0.4000, disc_adaptive_weight 3.9721, d_loss 0.5067, logits_real 0.2557, logits_fake 0.2611,
Train Epoch: [1/30] Iters:[420/1093] gen_loss -0.9740, rec_loss 0.0114, lpips_loss 0.1413, g_loss -0.2607, disc_weight 0.4000, disc_adaptive_weight 4.3253, d_loss 0.5032, logits_real 0.2549, logits_fake 0.2604,
Train Epoch: [1/30] Iters:[430/1093] gen_loss -0.9235, rec_loss 0.0115, lpips_loss 0.1411, g_loss -0.2597, disc_weight 0.4000, disc_adaptive_weight 4.1460, d_loss 0.5001, logits_real 0.2540, logits_fake 0.2597,
Train Epoch: [1/30] Iters:[440/1093] gen_loss -0.8808, rec_loss 0.0116, lpips_loss 0.1416, g_loss -0.2585, disc_weight 0.4000, disc_adaptive_weight 4.0004, d_loss 0.4973, logits_real 0.2531, logits_fake 0.2586,
Train Epoch: [1/30] Iters:[450/1093] gen_loss -0.8817, rec_loss 0.0114, lpips_loss 0.1406, g_loss -0.2568, disc_weight 0.4000, disc_adaptive_weight 4.0238, d_loss 0.4934, logits_real 0.2522, logits_fake 0.2570,
Train Epoch: [1/30] Iters:[460/1093] gen_loss -0.8168, rec_loss 0.0113, lpips_loss 0.1399, g_loss -0.2554, disc_weight 0.4000, disc_adaptive_weight 3.7880, d_loss 0.4898, logits_real 0.2512, logits_fake 0.2555,
Train Epoch: [1/30] Iters:[470/1093] gen_loss -0.7450, rec_loss 0.0113, lpips_loss 0.1396, g_loss -0.2539, disc_weight 0.4000, disc_adaptive_weight 3.5297, d_loss 0.4867, logits_real 0.2502, logits_fake 0.2540,
Train Epoch: [1/30] Iters:[480/1093] gen_loss -0.7239, rec_loss 0.0111, lpips_loss 0.1398, g_loss -0.2527, disc_weight 0.4000, disc_adaptive_weight 3.4627, d_loss 0.4837, logits_real 0.2492, logits_fake 0.2528,
Train Epoch: [1/30] Iters:[490/1093] gen_loss -0.7292, rec_loss 0.0111, lpips_loss 0.1393, g_loss -0.2518, disc_weight 0.4000, disc_adaptive_weight 3.4938, d_loss 0.4808, logits_real 0.2482, logits_fake 0.2518,
Train Epoch: [1/30] Iters:[500/1093] gen_loss -0.7607, rec_loss 0.0113, lpips_loss 0.1405, g_loss -0.2511, disc_weight 0.4000, disc_adaptive_weight 3.6347, d_loss 0.4786, logits_real 0.2474, logits_fake 0.2509,
Train Epoch: [1/30] Iters:[510/1093] gen_loss -0.8061, rec_loss 0.0113, lpips_loss 0.1403, g_loss -0.2507, disc_weight 0.4000, disc_adaptive_weight 3.8216, d_loss 0.4763, logits_real 0.2466, logits_fake 0.2504,
Train Epoch: [1/30] Iters:[520/1093] gen_loss -0.8306, rec_loss 0.0112, lpips_loss 0.1396, g_loss -0.2499, disc_weight 0.4000, disc_adaptive_weight 3.9288, d_loss 0.4736, logits_real 0.2459, logits_fake 0.2495,
Train Epoch: [1/30] Iters:[530/1093] gen_loss -0.9156, rec_loss 0.0113, lpips_loss 0.1393, g_loss -0.2490, disc_weight 0.4000, disc_adaptive_weight 4.2840, d_loss 0.4714, logits_real 0.2452, logits_fake 0.2488,
Train Epoch: [1/30] Iters:[540/1093] gen_loss -0.9912, rec_loss 0.0112, lpips_loss 0.1394, g_loss -0.2483, disc_weight 0.4000, disc_adaptive_weight 4.6002, d_loss 0.4692, logits_real 0.2443, logits_fake 0.2481,
Train Epoch: [1/30] Iters:[550/1093] gen_loss -1.0006, rec_loss 0.0110, lpips_loss 0.1383, g_loss -0.2476, disc_weight 0.4000, disc_adaptive_weight 4.6464, d_loss 0.4666, logits_real 0.2432, logits_fake 0.2477,
Train Epoch: [1/30] Iters:[560/1093] gen_loss -0.9861, rec_loss 0.0110, lpips_loss 0.1389, g_loss -0.2467, disc_weight 0.4000, disc_adaptive_weight 4.6058, d_loss 0.4646, logits_real 0.2420, logits_fake 0.2470,
Train Epoch: [1/30] Iters:[570/1093] gen_loss -1.0199, rec_loss 0.0111, lpips_loss 0.1395, g_loss -0.2457, disc_weight 0.4000, disc_adaptive_weight 4.7648, d_loss 0.4628, logits_real 0.2408, logits_fake 0.2460,
Train Epoch: [1/30] Iters:[580/1093] gen_loss -0.9566, rec_loss 0.0110, lpips_loss 0.1390, g_loss -0.2448, disc_weight 0.4000, disc_adaptive_weight 4.5215, d_loss 0.4608, logits_real 0.2395, logits_fake 0.2450,
Train Epoch: [1/30] Iters:[590/1093] gen_loss -0.9535, rec_loss 0.0109, lpips_loss 0.1385, g_loss -0.2435, disc_weight 0.4000, disc_adaptive_weight 4.5326, d_loss 0.4588, logits_real 0.2384, logits_fake 0.2439,
Train Epoch: [1/30] Iters:[600/1093] gen_loss -0.9897, rec_loss 0.0110, lpips_loss 0.1388, g_loss -0.2425, disc_weight 0.4000, disc_adaptive_weight 4.7033, d_loss 0.4573, logits_real 0.2375, logits_fake 0.2428,
Train Epoch: [1/30] Iters:[610/1093] gen_loss -0.9911, rec_loss 0.0110, lpips_loss 0.1382, g_loss -0.2415, disc_weight 0.4000, disc_adaptive_weight 4.7223, d_loss 0.4556, logits_real 0.2366, logits_fake 0.2420,
Train Epoch: [1/30] Iters:[620/1093] gen_loss -0.9296, rec_loss 0.0110, lpips_loss 0.1376, g_loss -0.2409, disc_weight 0.4000, disc_adaptive_weight 4.4770, d_loss 0.4539, logits_real 0.2358, logits_fake 0.2411,
Train Epoch: [1/30] Iters:[630/1093] gen_loss -0.9538, rec_loss 0.0110, lpips_loss 0.1379, g_loss -0.2400, disc_weight 0.4000, disc_adaptive_weight 4.5932, d_loss 0.4523, logits_real 0.2349, logits_fake 0.2403,
Train Epoch: [1/30] Iters:[640/1093] gen_loss -0.8457, rec_loss 0.0110, lpips_loss 0.1377, g_loss -0.2395, disc_weight 0.4000, disc_adaptive_weight 4.1511, d_loss 0.4510, logits_real 0.2342, logits_fake 0.2394,
Train Epoch: [1/30] Iters:[650/1093] gen_loss -0.7601, rec_loss 0.0108, lpips_loss 0.1373, g_loss -0.2384, disc_weight 0.4000, disc_adaptive_weight 3.8094, d_loss 0.4494, logits_real 0.2333, logits_fake 0.2384,
Train Epoch: [1/30] Iters:[660/1093] gen_loss -0.7631, rec_loss 0.0107, lpips_loss 0.1374, g_loss -0.2375, disc_weight 0.4000, disc_adaptive_weight 3.8375, d_loss 0.4479, logits_real 0.2326, logits_fake 0.2374,
Train Epoch: [1/30] Iters:[670/1093] gen_loss -0.8467, rec_loss 0.0106, lpips_loss 0.1374, g_loss -0.2367, disc_weight 0.4000, disc_adaptive_weight 4.2049, d_loss 0.4467, logits_real 0.2319, logits_fake 0.2369,
Train Epoch: [1/30] Iters:[680/1093] gen_loss -0.8646, rec_loss 0.0106, lpips_loss 0.1369, g_loss -0.2362, disc_weight 0.4000, disc_adaptive_weight 4.2881, d_loss 0.4454, logits_real 0.2315, logits_fake 0.2364,
Train Epoch: [1/30] Iters:[690/1093] gen_loss -0.9860, rec_loss 0.0106, lpips_loss 0.1367, g_loss -0.2357, disc_weight 0.4000, disc_adaptive_weight 4.8097, d_loss 0.4441, logits_real 0.2309, logits_fake 0.2359,
Train Epoch: [1/30] Iters:[700/1093] gen_loss -1.0181, rec_loss 0.0107, lpips_loss 0.1371, g_loss -0.2355, disc_weight 0.4000, disc_adaptive_weight 4.9508, d_loss 0.4432, logits_real 0.2303, logits_fake 0.2356,
Train Epoch: [1/30] Iters:[710/1093] gen_loss -1.0492, rec_loss 0.0107, lpips_loss 0.1371, g_loss -0.2350, disc_weight 0.4000, disc_adaptive_weight 5.0936, d_loss 0.4423, logits_real 0.2293, logits_fake 0.2350,
Train Epoch: [1/30] Iters:[720/1093] gen_loss -0.9865, rec_loss 0.0108, lpips_loss 0.1373, g_loss -0.2343, disc_weight 0.4000, disc_adaptive_weight 4.8411, d_loss 0.4410, logits_real 0.2285, logits_fake 0.2341,
Train Epoch: [1/30] Iters:[730/1093] gen_loss -0.9778, rec_loss 0.0108, lpips_loss 0.1375, g_loss -0.2334, disc_weight 0.4000, disc_adaptive_weight 4.8227, d_loss 0.4400, logits_real 0.2275, logits_fake 0.2331,
Train Epoch: [1/30] Iters:[740/1093] gen_loss -0.9526, rec_loss 0.0108, lpips_loss 0.1377, g_loss -0.2325, disc_weight 0.4000, disc_adaptive_weight 4.7367, d_loss 0.4387, logits_real 0.2264, logits_fake 0.2321,
Train Epoch: [1/30] Iters:[750/1093] gen_loss -0.9652, rec_loss 0.0108, lpips_loss 0.1373, g_loss -0.2313, disc_weight 0.4000, disc_adaptive_weight 4.8135, d_loss 0.4377, logits_real 0.2253, logits_fake 0.2311,
Train Epoch: [1/30] Iters:[760/1093] gen_loss -1.0064, rec_loss 0.0108, lpips_loss 0.1370, g_loss -0.2300, disc_weight 0.4000, disc_adaptive_weight 5.0215, d_loss 0.4367, logits_real 0.2242, logits_fake 0.2299,
Train Epoch: [1/30] Iters:[770/1093] gen_loss -1.0099, rec_loss 0.0108, lpips_loss 0.1366, g_loss -0.2291, disc_weight 0.4000, disc_adaptive_weight 5.0522, d_loss 0.4358, logits_real 0.2232, logits_fake 0.2288,
Train Epoch: [1/30] Iters:[780/1093] gen_loss -1.0054, rec_loss 0.0108, lpips_loss 0.1367, g_loss -0.2281, disc_weight 0.4000, disc_adaptive_weight 5.0546, d_loss 0.4349, logits_real 0.2222, logits_fake 0.2278,
Train Epoch: [1/30] Iters:[790/1093] gen_loss -0.9855, rec_loss 0.0109, lpips_loss 0.1370, g_loss -0.2271, disc_weight 0.4000, disc_adaptive_weight 4.9901, d_loss 0.4342, logits_real 0.2212, logits_fake 0.2269,
Train Epoch: [1/30] Iters:[800/1093] gen_loss -0.9716, rec_loss 0.0110, lpips_loss 0.1370, g_loss -0.2260, disc_weight 0.4000, disc_adaptive_weight 4.9531, d_loss 0.4332, logits_real 0.2205, logits_fake 0.2259,
Train Epoch: [1/30] Iters:[810/1093] gen_loss -0.9245, rec_loss 0.0109, lpips_loss 0.1369, g_loss -0.2249, disc_weight 0.4000, disc_adaptive_weight 4.7684, d_loss 0.4322, logits_real 0.2195, logits_fake 0.2248,
Train Epoch: [1/30] Iters:[820/1093] gen_loss -0.9131, rec_loss 0.0110, lpips_loss 0.1373, g_loss -0.2235, disc_weight 0.4000, disc_adaptive_weight 4.7483, d_loss 0.4315, logits_real 0.2183, logits_fake 0.2238,
Train Epoch: [1/30] Iters:[830/1093] gen_loss -0.9172, rec_loss 0.0110, lpips_loss 0.1379, g_loss -0.2223, disc_weight 0.4000, disc_adaptive_weight 4.7971, d_loss 0.4309, logits_real 0.2170, logits_fake 0.2225,
Train Epoch: [1/30] Iters:[840/1093] gen_loss -0.9884, rec_loss 0.0110, lpips_loss 0.1375, g_loss -0.2207, disc_weight 0.4000, disc_adaptive_weight 5.1567, d_loss 0.4302, logits_real 0.2155, logits_fake 0.2211,
Train Epoch: [1/30] Iters:[850/1093] gen_loss -1.0072, rec_loss 0.0110, lpips_loss 0.1376, g_loss -0.2193, disc_weight 0.4000, disc_adaptive_weight 5.2754, d_loss 0.4294, logits_real 0.2138, logits_fake 0.2196,
Train Epoch: [1/30] Iters:[860/1093] gen_loss -1.0215, rec_loss 0.0112, lpips_loss 0.1381, g_loss -0.2180, disc_weight 0.4000, disc_adaptive_weight 5.3767, d_loss 0.4288, logits_real 0.2123, logits_fake 0.2180,
Train Epoch: [1/30] Iters:[870/1093] gen_loss -1.0396, rec_loss 0.0111, lpips_loss 0.1379, g_loss -0.2168, disc_weight 0.4000, disc_adaptive_weight 5.4839, d_loss 0.4282, logits_real 0.2109, logits_fake 0.2168,
Train Epoch: [1/30] Iters:[880/1093] gen_loss -1.0003, rec_loss 0.0111, lpips_loss 0.1375, g_loss -0.2152, disc_weight 0.4000, disc_adaptive_weight 5.3330, d_loss 0.4274, logits_real 0.2096, logits_fake 0.2154,
Train Epoch: [1/30] Iters:[890/1093] gen_loss -0.9651, rec_loss 0.0112, lpips_loss 0.1378, g_loss -0.2140, disc_weight 0.4000, disc_adaptive_weight 5.2078, d_loss 0.4269, logits_real 0.2084, logits_fake 0.2139,
Train Epoch: [1/30] Iters:[900/1093] gen_loss -0.9191, rec_loss 0.0111, lpips_loss 0.1381, g_loss -0.2129, disc_weight 0.4000, disc_adaptive_weight 5.0184, d_loss 0.4263, logits_real 0.2075, logits_fake 0.2129,
Train Epoch: [1/30] Iters:[910/1093] gen_loss -0.8780, rec_loss 0.0111, lpips_loss 0.1381, g_loss -0.2120, disc_weight 0.4000, disc_adaptive_weight 4.8478, d_loss 0.4257, logits_real 0.2067, logits_fake 0.2120,
Train Epoch: [1/30] Iters:[920/1093] gen_loss -0.8730, rec_loss 0.0111, lpips_loss 0.1381, g_loss -0.2111, disc_weight 0.4000, disc_adaptive_weight 4.8419, d_loss 0.4251, logits_real 0.2060, logits_fake 0.2112,
Train Epoch: [1/30] Iters:[930/1093] gen_loss -0.8852, rec_loss 0.0110, lpips_loss 0.1379, g_loss -0.2104, disc_weight 0.4000, disc_adaptive_weight 4.9137, d_loss 0.4246, logits_real 0.2053, logits_fake 0.2104,
Train Epoch: [1/30] Iters:[940/1093] gen_loss -0.8811, rec_loss 0.0110, lpips_loss 0.1379, g_loss -0.2098, disc_weight 0.4000, disc_adaptive_weight 4.9128, d_loss 0.4241, logits_real 0.2047, logits_fake 0.2099,
Train Epoch: [1/30] Iters:[950/1093] gen_loss -0.8681, rec_loss 0.0110, lpips_loss 0.1379, g_loss -0.2091, disc_weight 0.4000, disc_adaptive_weight 4.8638, d_loss 0.4236, logits_real 0.2039, logits_fake 0.2091,
Train Epoch: [1/30] Iters:[960/1093] gen_loss -0.8505, rec_loss 0.0108, lpips_loss 0.1375, g_loss -0.2083, disc_weight 0.4000, disc_adaptive_weight 4.7949, d_loss 0.4230, logits_real 0.2031, logits_fake 0.2084,
Train Epoch: [1/30] Iters:[970/1093] gen_loss -0.8243, rec_loss 0.0108, lpips_loss 0.1374, g_loss -0.2074, disc_weight 0.4000, disc_adaptive_weight 4.6873, d_loss 0.4225, logits_real 0.2024, logits_fake 0.2073,
Train Epoch: [1/30] Iters:[980/1093] gen_loss -0.8311, rec_loss 0.0109, lpips_loss 0.1375, g_loss -0.2064, disc_weight 0.4000, disc_adaptive_weight 4.7452, d_loss 0.4220, logits_real 0.2014, logits_fake 0.2064,
Train Epoch: [1/30] Iters:[990/1093] gen_loss -0.8072, rec_loss 0.0109, lpips_loss 0.1371, g_loss -0.2054, disc_weight 0.4000, disc_adaptive_weight 4.6540, d_loss 0.4214, logits_real 0.2004, logits_fake 0.2052,
Train Epoch: [1/30] Iters:[1000/1093] gen_loss -0.8140, rec_loss 0.0108, lpips_loss 0.1369, g_loss -0.2043, disc_weight 0.4000, disc_adaptive_weight 4.7101, d_loss 0.4210, logits_real 0.1994, logits_fake 0.2041,
Train Epoch: [1/30] Iters:[1010/1093] gen_loss -0.8422, rec_loss 0.0110, lpips_loss 0.1369, g_loss -0.2031, disc_weight 0.4000, disc_adaptive_weight 4.8770, d_loss 0.4207, logits_real 0.1983, logits_fake 0.2030,
Train Epoch: [1/30] Iters:[1020/1093] gen_loss -0.8868, rec_loss 0.0111, lpips_loss 0.1372, g_loss -0.2020, disc_weight 0.4000, disc_adaptive_weight 5.1243, d_loss 0.4203, logits_real 0.1973, logits_fake 0.2019,
Train Epoch: [1/30] Iters:[1030/1093] gen_loss -0.9112, rec_loss 0.0111, lpips_loss 0.1369, g_loss -0.2009, disc_weight 0.4000, disc_adaptive_weight 5.2742, d_loss 0.4199, logits_real 0.1963, logits_fake 0.2008,
Train Epoch: [1/30] Iters:[1040/1093] gen_loss -0.8819, rec_loss 0.0111, lpips_loss 0.1373, g_loss -0.1998, disc_weight 0.4000, disc_adaptive_weight 5.1584, d_loss 0.4194, logits_real 0.1955, logits_fake 0.1998,
Train Epoch: [1/30] Iters:[1050/1093] gen_loss -0.9107, rec_loss 0.0111, lpips_loss 0.1373, g_loss -0.1991, disc_weight 0.4000, disc_adaptive_weight 5.3202, d_loss 0.4191, logits_real 0.1946, logits_fake 0.1990,
Train Epoch: [1/30] Iters:[1060/1093] gen_loss -0.9608, rec_loss 0.0111, lpips_loss 0.1372, g_loss -0.1984, disc_weight 0.4000, disc_adaptive_weight 5.5913, d_loss 0.4189, logits_real 0.1939, logits_fake 0.1982,
Train Epoch: [1/30] Iters:[1070/1093] gen_loss -1.0620, rec_loss 0.0111, lpips_loss 0.1371, g_loss -0.1975, disc_weight 0.4000, disc_adaptive_weight 6.1357, d_loss 0.4186, logits_real 0.1931, logits_fake 0.1975,
Train Epoch: [1/30] Iters:[1080/1093] gen_loss -1.0507, rec_loss 0.0110, lpips_loss 0.1371, g_loss -0.1971, disc_weight 0.4000, disc_adaptive_weight 6.0903, d_loss 0.4183, logits_real 0.1924, logits_fake 0.1970,
Train Epoch: [1/30] Iters:[1090/1093] gen_loss -1.0693, rec_loss 0.0111, lpips_loss 0.1371, g_loss -0.1967, disc_weight 0.4000, disc_adaptive_weight 6.1955, d_loss 0.4180, logits_real 0.1919, logits_fake 0.1967,
epoch:2, cur_lr:0.000010
Train Epoch: [2/30] Iters:[10/1093] gen_loss -0.9553, rec_loss 0.0109, lpips_loss 0.1370, g_loss -0.1939, disc_weight 0.4000, disc_adaptive_weight 5.6936, d_loss 0.4166, logits_real 0.1895, logits_fake 0.1938,
Train Epoch: [2/30] Iters:[20/1093] gen_loss -0.8933, rec_loss 0.0112, lpips_loss 0.1377, g_loss -0.1935, disc_weight 0.4000, disc_adaptive_weight 5.3875, d_loss 0.4166, logits_real 0.1893, logits_fake 0.1939,
Train Epoch: [2/30] Iters:[30/1093] gen_loss -0.8784, rec_loss 0.0111, lpips_loss 0.1376, g_loss -0.1933, disc_weight 0.4000, disc_adaptive_weight 5.3141, d_loss 0.4164, logits_real 0.1890, logits_fake 0.1934,
Train Epoch: [2/30] Iters:[40/1093] gen_loss -0.9666, rec_loss 0.0111, lpips_loss 0.1373, g_loss -0.1931, disc_weight 0.4000, disc_adaptive_weight 5.7790, d_loss 0.4164, logits_real 0.1887, logits_fake 0.1933,
Train Epoch: [2/30] Iters:[50/1093] gen_loss -0.9898, rec_loss 0.0110, lpips_loss 0.1368, g_loss -0.1927, disc_weight 0.4000, disc_adaptive_weight 5.9088, d_loss 0.4163, logits_real 0.1883, logits_fake 0.1929,
Train Epoch: [2/30] Iters:[60/1093] gen_loss -0.9453, rec_loss 0.0110, lpips_loss 0.1364, g_loss -0.1920, disc_weight 0.4000, disc_adaptive_weight 5.6918, d_loss 0.4161, logits_real 0.1876, logits_fake 0.1923,
Train Epoch: [2/30] Iters:[70/1093] gen_loss -0.9352, rec_loss 0.0109, lpips_loss 0.1361, g_loss -0.1913, disc_weight 0.4000, disc_adaptive_weight 5.6550, d_loss 0.4158, logits_real 0.1867, logits_fake 0.1912,
Train Epoch: [2/30] Iters:[80/1093] gen_loss -0.9504, rec_loss 0.0109, lpips_loss 0.1360, g_loss -0.1904, disc_weight 0.4000, disc_adaptive_weight 5.7644, d_loss 0.4155, logits_real 0.1858, logits_fake 0.1901,
Train Epoch: [2/30] Iters:[90/1093] gen_loss -0.8668, rec_loss 0.0110, lpips_loss 0.1364, g_loss -0.1893, disc_weight 0.4000, disc_adaptive_weight 5.3614, d_loss 0.4153, logits_real 0.1847, logits_fake 0.1890,
Train Epoch: [2/30] Iters:[100/1093] gen_loss -0.7771, rec_loss 0.0110, lpips_loss 0.1368, g_loss -0.1883, disc_weight 0.4000, disc_adaptive_weight 4.9157, d_loss 0.4150, logits_real 0.1836, logits_fake 0.1878,
Train Epoch: [2/30] Iters:[110/1093] gen_loss -0.7406, rec_loss 0.0110, lpips_loss 0.1371, g_loss -0.1875, disc_weight 0.4000, disc_adaptive_weight 4.7409, d_loss 0.4147, logits_real 0.1827, logits_fake 0.1869,
Train Epoch: [2/30] Iters:[120/1093] gen_loss -0.7513, rec_loss 0.0110, lpips_loss 0.1368, g_loss -0.1866, disc_weight 0.4000, disc_adaptive_weight 4.8195, d_loss 0.4146, logits_real 0.1820, logits_fake 0.1863,
Train Epoch: [2/30] Iters:[130/1093] gen_loss -0.7231, rec_loss 0.0111, lpips_loss 0.1373, g_loss -0.1859, disc_weight 0.4000, disc_adaptive_weight 4.6902, d_loss 0.4144, logits_real 0.1812, logits_fake 0.1856,
Train Epoch: [2/30] Iters:[140/1093] gen_loss -0.7651, rec_loss 0.0111, lpips_loss 0.1371, g_loss -0.1850, disc_weight 0.4000, disc_adaptive_weight 4.9449, d_loss 0.4141, logits_real 0.1806, logits_fake 0.1847,
Train Epoch: [2/30] Iters:[150/1093] gen_loss -0.8156, rec_loss 0.0111, lpips_loss 0.1370, g_loss -0.1842, disc_weight 0.4000, disc_adaptive_weight 5.2411, d_loss 0.4139, logits_real 0.1799, logits_fake 0.1840,
Train Epoch: [2/30] Iters:[160/1093] gen_loss -0.9354, rec_loss 0.0112, lpips_loss 0.1366, g_loss -0.1830, disc_weight 0.4000, disc_adaptive_weight 5.9267, d_loss 0.4138, logits_real 0.1789, logits_fake 0.1830,
Train Epoch: [2/30] Iters:[170/1093] gen_loss -0.9553, rec_loss 0.0113, lpips_loss 0.1372, g_loss -0.1819, disc_weight 0.4000, disc_adaptive_weight 6.0738, d_loss 0.4135, logits_real 0.1778, logits_fake 0.1819,
Train Epoch: [2/30] Iters:[180/1093] gen_loss -0.9330, rec_loss 0.0112, lpips_loss 0.1366, g_loss -0.1810, disc_weight 0.4000, disc_adaptive_weight 5.9706, d_loss 0.4133, logits_real 0.1770, logits_fake 0.1808,
Train Epoch: [2/30] Iters:[190/1093] gen_loss -0.8824, rec_loss 0.0110, lpips_loss 0.1364, g_loss -0.1803, disc_weight 0.4000, disc_adaptive_weight 5.7127, d_loss 0.4132, logits_real 0.1760, logits_fake 0.1801,
Train Epoch: [2/30] Iters:[200/1093] gen_loss -0.8335, rec_loss 0.0110, lpips_loss 0.1366, g_loss -0.1793, disc_weight 0.4000, disc_adaptive_weight 5.4678, d_loss 0.4130, logits_real 0.1752, logits_fake 0.1794,
Train Epoch: [2/30] Iters:[210/1093] gen_loss -0.7251, rec_loss 0.0110, lpips_loss 0.1365, g_loss -0.1786, disc_weight 0.4000, disc_adaptive_weight 4.8858, d_loss 0.4128, logits_real 0.1745, logits_fake 0.1787,
Train Epoch: [2/30] Iters:[220/1093] gen_loss -0.6834, rec_loss 0.0109, lpips_loss 0.1361, g_loss -0.1780, disc_weight 0.4000, disc_adaptive_weight 4.6663, d_loss 0.4126, logits_real 0.1738, logits_fake 0.1781,
Train Epoch: [2/30] Iters:[230/1093] gen_loss -0.6939, rec_loss 0.0109, lpips_loss 0.1357, g_loss -0.1771, disc_weight 0.4000, disc_adaptive_weight 4.7490, d_loss 0.4125, logits_real 0.1727, logits_fake 0.1772,
Train Epoch: [2/30] Iters:[240/1093] gen_loss -0.8019, rec_loss 0.0109, lpips_loss 0.1357, g_loss -0.1761, disc_weight 0.4000, disc_adaptive_weight 5.3995, d_loss 0.4123, logits_real 0.1719, logits_fake 0.1763,
Train Epoch: [2/30] Iters:[250/1093] gen_loss -0.8294, rec_loss 0.0110, lpips_loss 0.1357, g_loss -0.1756, disc_weight 0.4000, disc_adaptive_weight 5.5711, d_loss 0.4122, logits_real 0.1713, logits_fake 0.1754,
Train Epoch: [2/30] Iters:[260/1093] gen_loss -0.8976, rec_loss 0.0111, lpips_loss 0.1356, g_loss -0.1748, disc_weight 0.4000, disc_adaptive_weight 5.9833, d_loss 0.4121, logits_real 0.1703, logits_fake 0.1748,
Train Epoch: [2/30] Iters:[270/1093] gen_loss -0.8952, rec_loss 0.0111, lpips_loss 0.1362, g_loss -0.1739, disc_weight 0.4000, disc_adaptive_weight 5.9966, d_loss 0.4119, logits_real 0.1694, logits_fake 0.1739,
Train Epoch: [2/30] Iters:[280/1093] gen_loss -0.8849, rec_loss 0.0111, lpips_loss 0.1361, g_loss -0.1732, disc_weight 0.4000, disc_adaptive_weight 5.9575, d_loss 0.4117, logits_real 0.1686, logits_fake 0.1731,
Train Epoch: [2/30] Iters:[290/1093] gen_loss -0.7522, rec_loss 0.0112, lpips_loss 0.1364, g_loss -0.1726, disc_weight 0.4000, disc_adaptive_weight 5.2109, d_loss 0.4116, logits_real 0.1678, logits_fake 0.1723,
Train Epoch: [2/30] Iters:[300/1093] gen_loss -0.7081, rec_loss 0.0111, lpips_loss 0.1361, g_loss -0.1714, disc_weight 0.4000, disc_adaptive_weight 4.9850, d_loss 0.4113, logits_real 0.1668, logits_fake 0.1711,
Train Epoch: [2/30] Iters:[310/1093] gen_loss -0.6142, rec_loss 0.0110, lpips_loss 0.1360, g_loss -0.1704, disc_weight 0.4000, disc_adaptive_weight 4.4629, d_loss 0.4111, logits_real 0.1662, logits_fake 0.1699,
Train Epoch: [2/30] Iters:[320/1093] gen_loss -0.6266, rec_loss 0.0110, lpips_loss 0.1356, g_loss -0.1692, disc_weight 0.4000, disc_adaptive_weight 4.5716, d_loss 0.4109, logits_real 0.1653, logits_fake 0.1688,
Train Epoch: [2/30] Iters:[330/1093] gen_loss -0.6164, rec_loss 0.0109, lpips_loss 0.1354, g_loss -0.1682, disc_weight 0.4000, disc_adaptive_weight 4.5401, d_loss 0.4107, logits_real 0.1647, logits_fake 0.1678,
Train Epoch: [2/30] Iters:[340/1093] gen_loss -0.6232, rec_loss 0.0109, lpips_loss 0.1350, g_loss -0.1673, disc_weight 0.4000, disc_adaptive_weight 4.6009, d_loss 0.4105, logits_real 0.1639, logits_fake 0.1669,
Train Epoch: [2/30] Iters:[350/1093] gen_loss -0.6805, rec_loss 0.0109, lpips_loss 0.1351, g_loss -0.1667, disc_weight 0.4000, disc_adaptive_weight 4.9616, d_loss 0.4104, logits_real 0.1631, logits_fake 0.1662,
Train Epoch: [2/30] Iters:[360/1093] gen_loss -0.7415, rec_loss 0.0109, lpips_loss 0.1350, g_loss -0.1664, disc_weight 0.4000, disc_adaptive_weight 5.3373, d_loss 0.4103, logits_real 0.1625, logits_fake 0.1660,
Train Epoch: [2/30] Iters:[370/1093] gen_loss -0.7003, rec_loss 0.0108, lpips_loss 0.1346, g_loss -0.1661, disc_weight 0.4000, disc_adaptive_weight 5.0954, d_loss 0.4102, logits_real 0.1621, logits_fake 0.1655,
Train Epoch: [2/30] Iters:[380/1093] gen_loss -0.7566, rec_loss 0.0108, lpips_loss 0.1348, g_loss -0.1655, disc_weight 0.4000, disc_adaptive_weight 5.4601, d_loss 0.4100, logits_real 0.1617, logits_fake 0.1648,
Train Epoch: [2/30] Iters:[390/1093] gen_loss -0.7819, rec_loss 0.0107, lpips_loss 0.1343, g_loss -0.1651, disc_weight 0.4000, disc_adaptive_weight 5.6229, d_loss 0.4099, logits_real 0.1615, logits_fake 0.1644,
Train Epoch: [2/30] Iters:[400/1093] gen_loss -0.7345, rec_loss 0.0107, lpips_loss 0.1344, g_loss -0.1646, disc_weight 0.4000, disc_adaptive_weight 5.3526, d_loss 0.4098, logits_real 0.1615, logits_fake 0.1645,
Train Epoch: [2/30] Iters:[410/1093] gen_loss -0.6918, rec_loss 0.0108, lpips_loss 0.1353, g_loss -0.1640, disc_weight 0.4000, disc_adaptive_weight 5.1168, d_loss 0.4097, logits_real 0.1610, logits_fake 0.1638,
Train Epoch: [2/30] Iters:[420/1093] gen_loss -0.7336, rec_loss 0.0109, lpips_loss 0.1357, g_loss -0.1633, disc_weight 0.4000, disc_adaptive_weight 5.3969, d_loss 0.4095, logits_real 0.1605, logits_fake 0.1631,
Train Epoch: [2/30] Iters:[430/1093] gen_loss -0.6791, rec_loss 0.0109, lpips_loss 0.1359, g_loss -0.1628, disc_weight 0.4000, disc_adaptive_weight 5.0770, d_loss 0.4096, logits_real 0.1594, logits_fake 0.1629,
Train Epoch: [2/30] Iters:[440/1093] gen_loss -0.6269, rec_loss 0.0111, lpips_loss 0.1364, g_loss -0.1618, disc_weight 0.4000, disc_adaptive_weight 4.7897, d_loss 0.4095, logits_real 0.1582, logits_fake 0.1617,
Train Epoch: [2/30] Iters:[450/1093] gen_loss -0.6665, rec_loss 0.0110, lpips_loss 0.1362, g_loss -0.1611, disc_weight 0.4000, disc_adaptive_weight 5.0561, d_loss 0.4093, logits_real 0.1571, logits_fake 0.1605,
Train Epoch: [2/30] Iters:[460/1093] gen_loss -0.6759, rec_loss 0.0110, lpips_loss 0.1356, g_loss -0.1601, disc_weight 0.4000, disc_adaptive_weight 5.1399, d_loss 0.4092, logits_real 0.1560, logits_fake 0.1595,
Train Epoch: [2/30] Iters:[470/1093] gen_loss -0.6666, rec_loss 0.0109, lpips_loss 0.1356, g_loss -0.1595, disc_weight 0.4000, disc_adaptive_weight 5.1052, d_loss 0.4091, logits_real 0.1552, logits_fake 0.1585,
Train Epoch: [2/30] Iters:[480/1093] gen_loss -0.6866, rec_loss 0.0109, lpips_loss 0.1354, g_loss -0.1587, disc_weight 0.4000, disc_adaptive_weight 5.2542, d_loss 0.4090, logits_real 0.1548, logits_fake 0.1581,
Train Epoch: [2/30] Iters:[490/1093] gen_loss -0.6901, rec_loss 0.0108, lpips_loss 0.1352, g_loss -0.1582, disc_weight 0.4000, disc_adaptive_weight 5.2857, d_loss 0.4089, logits_real 0.1547, logits_fake 0.1583,
Train Epoch: [2/30] Iters:[500/1093] gen_loss -0.6657, rec_loss 0.0108, lpips_loss 0.1349, g_loss -0.1575, disc_weight 0.4000, disc_adaptive_weight 5.1567, d_loss 0.4088, logits_real 0.1541, logits_fake 0.1575,
Train Epoch: [2/30] Iters:[510/1093] gen_loss -0.6782, rec_loss 0.0107, lpips_loss 0.1351, g_loss -0.1570, disc_weight 0.4000, disc_adaptive_weight 5.2511, d_loss 0.4087, logits_real 0.1533, logits_fake 0.1571,
Train Epoch: [2/30] Iters:[520/1093] gen_loss -0.6719, rec_loss 0.0107, lpips_loss 0.1350, g_loss -0.1563, disc_weight 0.4000, disc_adaptive_weight 5.2298, d_loss 0.4087, logits_real 0.1526, logits_fake 0.1568,
Train Epoch: [2/30] Iters:[530/1093] gen_loss -0.6392, rec_loss 0.0107, lpips_loss 0.1347, g_loss -0.1556, disc_weight 0.4000, disc_adaptive_weight 5.0410, d_loss 0.4086, logits_real 0.1517, logits_fake 0.1559,
Train Epoch: [2/30] Iters:[540/1093] gen_loss -0.6689, rec_loss 0.0107, lpips_loss 0.1347, g_loss -0.1549, disc_weight 0.4000, disc_adaptive_weight 5.2541, d_loss 0.4085, logits_real 0.1508, logits_fake 0.1548,
Train Epoch: [2/30] Iters:[550/1093] gen_loss -0.6423, rec_loss 0.0107, lpips_loss 0.1348, g_loss -0.1543, disc_weight 0.4000, disc_adaptive_weight 5.0987, d_loss 0.4085, logits_real 0.1502, logits_fake 0.1545,
Train Epoch: [2/30] Iters:[560/1093] gen_loss -0.6226, rec_loss 0.0108, lpips_loss 0.1349, g_loss -0.1535, disc_weight 0.4000, disc_adaptive_weight 5.0028, d_loss 0.4084, logits_real 0.1494, logits_fake 0.1535,
Train Epoch: [2/30] Iters:[570/1093] gen_loss -0.6432, rec_loss 0.0108, lpips_loss 0.1347, g_loss -0.1524, disc_weight 0.4000, disc_adaptive_weight 5.1801, d_loss 0.4084, logits_real 0.1484, logits_fake 0.1525,
Train Epoch: [2/30] Iters:[580/1093] gen_loss -0.6929, rec_loss 0.0109, lpips_loss 0.1348, g_loss -0.1516, disc_weight 0.4000, disc_adaptive_weight 5.5372, d_loss 0.4083, logits_real 0.1475, logits_fake 0.1513,
Train Epoch: [2/30] Iters:[590/1093] gen_loss -0.6559, rec_loss 0.0109, lpips_loss 0.1350, g_loss -0.1504, disc_weight 0.4000, disc_adaptive_weight 5.3348, d_loss 0.4082, logits_real 0.1466, logits_fake 0.1505,
Train Epoch: [2/30] Iters:[600/1093] gen_loss -0.6895, rec_loss 0.0109, lpips_loss 0.1351, g_loss -0.1495, disc_weight 0.4000, disc_adaptive_weight 5.5870, d_loss 0.4081, logits_real 0.1457, logits_fake 0.1492,
Train Epoch: [2/30] Iters:[610/1093] gen_loss -0.7171, rec_loss 0.0109, lpips_loss 0.1356, g_loss -0.1487, disc_weight 0.4000, disc_adaptive_weight 5.8031, d_loss 0.4080, logits_real 0.1450, logits_fake 0.1485,
Train Epoch: [2/30] Iters:[620/1093] gen_loss -0.6682, rec_loss 0.0109, lpips_loss 0.1360, g_loss -0.1484, disc_weight 0.4000, disc_adaptive_weight 5.4875, d_loss 0.4079, logits_real 0.1445, logits_fake 0.1480,
Train Epoch: [2/30] Iters:[630/1093] gen_loss -0.6557, rec_loss 0.0109, lpips_loss 0.1363, g_loss -0.1478, disc_weight 0.4000, disc_adaptive_weight 5.4358, d_loss 0.4078, logits_real 0.1440, logits_fake 0.1476,
Train Epoch: [2/30] Iters:[640/1093] gen_loss -0.6890, rec_loss 0.0109, lpips_loss 0.1362, g_loss -0.1478, disc_weight 0.4000, disc_adaptive_weight 5.6582, d_loss 0.4076, logits_real 0.1439, logits_fake 0.1473,
Train Epoch: [2/30] Iters:[650/1093] gen_loss -0.6657, rec_loss 0.0110, lpips_loss 0.1362, g_loss -0.1476, disc_weight 0.4000, disc_adaptive_weight 5.5126, d_loss 0.4076, logits_real 0.1437, logits_fake 0.1474,
Train Epoch: [2/30] Iters:[660/1093] gen_loss -0.6704, rec_loss 0.0109, lpips_loss 0.1355, g_loss -0.1475, disc_weight 0.4000, disc_adaptive_weight 5.5414, d_loss 0.4076, logits_real 0.1435, logits_fake 0.1474,
Train Epoch: [2/30] Iters:[670/1093] gen_loss -0.6960, rec_loss 0.0109, lpips_loss 0.1355, g_loss -0.1470, disc_weight 0.4000, disc_adaptive_weight 5.7323, d_loss 0.4076, logits_real 0.1433, logits_fake 0.1471,
Train Epoch: [2/30] Iters:[680/1093] gen_loss -0.6659, rec_loss 0.0110, lpips_loss 0.1357, g_loss -0.1469, disc_weight 0.4000, disc_adaptive_weight 5.5300, d_loss 0.4075, logits_real 0.1430, logits_fake 0.1469,
Train Epoch: [2/30] Iters:[690/1093] gen_loss -0.6646, rec_loss 0.0112, lpips_loss 0.1362, g_loss -0.1464, disc_weight 0.4000, disc_adaptive_weight 5.5456, d_loss 0.4075, logits_real 0.1425, logits_fake 0.1465,
Train Epoch: [2/30] Iters:[700/1093] gen_loss -0.6854, rec_loss 0.0112, lpips_loss 0.1365, g_loss -0.1458, disc_weight 0.4000, disc_adaptive_weight 5.7116, d_loss 0.4074, logits_real 0.1421, logits_fake 0.1461,
Train Epoch: [2/30] Iters:[710/1093] gen_loss -0.6587, rec_loss 0.0113, lpips_loss 0.1367, g_loss -0.1454, disc_weight 0.4000, disc_adaptive_weight 5.5503, d_loss 0.4074, logits_real 0.1417, logits_fake 0.1456,
Train Epoch: [2/30] Iters:[720/1093] gen_loss -0.6420, rec_loss 0.0115, lpips_loss 0.1367, g_loss -0.1450, disc_weight 0.4000, disc_adaptive_weight 5.4497, d_loss 0.4073, logits_real 0.1414, logits_fake 0.1452,
Train Epoch: [2/30] Iters:[730/1093] gen_loss -0.6259, rec_loss 0.0114, lpips_loss 0.1367, g_loss -0.1444, disc_weight 0.4000, disc_adaptive_weight 5.3586, d_loss 0.4072, logits_real 0.1409, logits_fake 0.1446,
Train Epoch: [2/30] Iters:[740/1093] gen_loss -0.5945, rec_loss 0.0113, lpips_loss 0.1363, g_loss -0.1438, disc_weight 0.4000, disc_adaptive_weight 5.1583, d_loss 0.4071, logits_real 0.1403, logits_fake 0.1441,
Train Epoch: [2/30] Iters:[750/1093] gen_loss -0.5816, rec_loss 0.0111, lpips_loss 0.1358, g_loss -0.1433, disc_weight 0.4000, disc_adaptive_weight 5.0839, d_loss 0.4071, logits_real 0.1396, logits_fake 0.1433,
Train Epoch: [2/30] Iters:[760/1093] gen_loss -0.5894, rec_loss 0.0110, lpips_loss 0.1356, g_loss -0.1426, disc_weight 0.4000, disc_adaptive_weight 5.1624, d_loss 0.4070, logits_real 0.1390, logits_fake 0.1426,
Train Epoch: [2/30] Iters:[770/1093] gen_loss -0.6124, rec_loss 0.0110, lpips_loss 0.1356, g_loss -0.1421, disc_weight 0.4000, disc_adaptive_weight 5.3462, d_loss 0.4069, logits_real 0.1383, logits_fake 0.1419,
Train Epoch: [2/30] Iters:[780/1093] gen_loss -0.6307, rec_loss 0.0109, lpips_loss 0.1352, g_loss -0.1416, disc_weight 0.4000, disc_adaptive_weight 5.4887, d_loss 0.4068, logits_real 0.1377, logits_fake 0.1413,
Train Epoch: [2/30] Iters:[790/1093] gen_loss -0.6229, rec_loss 0.0109, lpips_loss 0.1354, g_loss -0.1411, disc_weight 0.4000, disc_adaptive_weight 5.4487, d_loss 0.4067, logits_real 0.1373, logits_fake 0.1406,
Train Epoch: [2/30] Iters:[800/1093] gen_loss -0.6076, rec_loss 0.0111, lpips_loss 0.1360, g_loss -0.1405, disc_weight 0.4000, disc_adaptive_weight 5.3669, d_loss 0.4067, logits_real 0.1371, logits_fake 0.1403,
Train Epoch: [2/30] Iters:[810/1093] gen_loss -0.5713, rec_loss 0.0112, lpips_loss 0.1366, g_loss -0.1402, disc_weight 0.4000, disc_adaptive_weight 5.1270, d_loss 0.4067, logits_real 0.1367, logits_fake 0.1398,
Train Epoch: [2/30] Iters:[820/1093] gen_loss -0.5390, rec_loss 0.0111, lpips_loss 0.1357, g_loss -0.1398, disc_weight 0.4000, disc_adaptive_weight 4.9062, d_loss 0.4066, logits_real 0.1366, logits_fake 0.1396,
Train Epoch: [2/30] Iters:[830/1093] gen_loss -0.5430, rec_loss 0.0111, lpips_loss 0.1360, g_loss -0.1395, disc_weight 0.4000, disc_adaptive_weight 4.9464, d_loss 0.4065, logits_real 0.1363, logits_fake 0.1396,
Train Epoch: [2/30] Iters:[840/1093] gen_loss -0.5939, rec_loss 0.0110, lpips_loss 0.1355, g_loss -0.1392, disc_weight 0.4000, disc_adaptive_weight 5.3201, d_loss 0.4065, logits_real 0.1361, logits_fake 0.1397,
Train Epoch: [2/30] Iters:[850/1093] gen_loss -0.5950, rec_loss 0.0108, lpips_loss 0.1352, g_loss -0.1389, disc_weight 0.4000, disc_adaptive_weight 5.3356, d_loss 0.4065, logits_real 0.1356, logits_fake 0.1393,
Train Epoch: [2/30] Iters:[860/1093] gen_loss -0.5950, rec_loss 0.0108, lpips_loss 0.1343, g_loss -0.1383, disc_weight 0.4000, disc_adaptive_weight 5.3474, d_loss 0.4064, logits_real 0.1352, logits_fake 0.1387,
Train Epoch: [2/30] Iters:[870/1093] gen_loss -0.6208, rec_loss 0.0109, lpips_loss 0.1348, g_loss -0.1378, disc_weight 0.4000, disc_adaptive_weight 5.5617, d_loss 0.4063, logits_real 0.1344, logits_fake 0.1381,
Train Epoch: [2/30] Iters:[880/1093] gen_loss -0.6091, rec_loss 0.0107, lpips_loss 0.1346, g_loss -0.1371, disc_weight 0.4000, disc_adaptive_weight 5.5016, d_loss 0.4062, logits_real 0.1339, logits_fake 0.1373,
Train Epoch: [2/30] Iters:[890/1093] gen_loss -0.5783, rec_loss 0.0108, lpips_loss 0.1348, g_loss -0.1365, disc_weight 0.4000, disc_adaptive_weight 5.3025, d_loss 0.4061, logits_real 0.1334, logits_fake 0.1365,
Train Epoch: [2/30] Iters:[900/1093] gen_loss -0.5791, rec_loss 0.0109, lpips_loss 0.1347, g_loss -0.1360, disc_weight 0.4000, disc_adaptive_weight 5.3277, d_loss 0.4061, logits_real 0.1330, logits_fake 0.1362,
Train Epoch: [2/30] Iters:[910/1093] gen_loss -0.6047, rec_loss 0.0110, lpips_loss 0.1350, g_loss -0.1356, disc_weight 0.4000, disc_adaptive_weight 5.5324, d_loss 0.4060, logits_real 0.1327, logits_fake 0.1359,
Train Epoch: [2/30] Iters:[920/1093] gen_loss -0.5776, rec_loss 0.0109, lpips_loss 0.1352, g_loss -0.1352, disc_weight 0.4000, disc_adaptive_weight 5.3514, d_loss 0.4060, logits_real 0.1324, logits_fake 0.1354,
Train Epoch: [2/30] Iters:[930/1093] gen_loss -0.5760, rec_loss 0.0111, lpips_loss 0.1355, g_loss -0.1349, disc_weight 0.4000, disc_adaptive_weight 5.3538, d_loss 0.4060, logits_real 0.1318, logits_fake 0.1350,
Train Epoch: [2/30] Iters:[940/1093] gen_loss -0.5823, rec_loss 0.0111, lpips_loss 0.1357, g_loss -0.1344, disc_weight 0.4000, disc_adaptive_weight 5.4212, d_loss 0.4060, logits_real 0.1311, logits_fake 0.1344,
Train Epoch: [2/30] Iters:[950/1093] gen_loss -0.6238, rec_loss 0.0111, lpips_loss 0.1359, g_loss -0.1340, disc_weight 0.4000, disc_adaptive_weight 5.7462, d_loss 0.4060, logits_real 0.1306, logits_fake 0.1339,
Train Epoch: [2/30] Iters:[960/1093] gen_loss -0.6240, rec_loss 0.0111, lpips_loss 0.1364, g_loss -0.1338, disc_weight 0.4000, disc_adaptive_weight 5.7637, d_loss 0.4060, logits_real 0.1302, logits_fake 0.1335,
Train Epoch: [2/30] Iters:[970/1093] gen_loss -0.6309, rec_loss 0.0112, lpips_loss 0.1363, g_loss -0.1335, disc_weight 0.4000, disc_adaptive_weight 5.8260, d_loss 0.4060, logits_real 0.1297, logits_fake 0.1333,
Train Epoch: [2/30] Iters:[980/1093] gen_loss -0.6514, rec_loss 0.0111, lpips_loss 0.1361, g_loss -0.1333, disc_weight 0.4000, disc_adaptive_weight 5.9860, d_loss 0.4059, logits_real 0.1296, logits_fake 0.1333,
Train Epoch: [2/30] Iters:[990/1093] gen_loss -0.6727, rec_loss 0.0110, lpips_loss 0.1360, g_loss -0.1330, disc_weight 0.4000, disc_adaptive_weight 6.1613, d_loss 0.4059, logits_real 0.1293, logits_fake 0.1330,
Train Epoch: [2/30] Iters:[1000/1093] gen_loss -0.6507, rec_loss 0.0111, lpips_loss 0.1358, g_loss -0.1325, disc_weight 0.4000, disc_adaptive_weight 6.0178, d_loss 0.4059, logits_real 0.1289, logits_fake 0.1326,
Train Epoch: [2/30] Iters:[1010/1093] gen_loss -0.6799, rec_loss 0.0109, lpips_loss 0.1352, g_loss -0.1319, disc_weight 0.4000, disc_adaptive_weight 6.2632, d_loss 0.4058, logits_real 0.1282, logits_fake 0.1321,
Train Epoch: [2/30] Iters:[1020/1093] gen_loss -0.6789, rec_loss 0.0109, lpips_loss 0.1351, g_loss -0.1313, disc_weight 0.4000, disc_adaptive_weight 6.2767, d_loss 0.4057, logits_real 0.1277, logits_fake 0.1313,
Train Epoch: [2/30] Iters:[1030/1093] gen_loss -0.6772, rec_loss 0.0109, lpips_loss 0.1355, g_loss -0.1306, disc_weight 0.4000, disc_adaptive_weight 6.3084, d_loss 0.4056, logits_real 0.1270, logits_fake 0.1303,
Train Epoch: [2/30] Iters:[1040/1093] gen_loss -0.6303, rec_loss 0.0109, lpips_loss 0.1356, g_loss -0.1301, disc_weight 0.4000, disc_adaptive_weight 5.9697, d_loss 0.4056, logits_real 0.1267, logits_fake 0.1300,
Train Epoch: [2/30] Iters:[1050/1093] gen_loss -0.5968, rec_loss 0.0108, lpips_loss 0.1356, g_loss -0.1296, disc_weight 0.4000, disc_adaptive_weight 5.7335, d_loss 0.4055, logits_real 0.1263, logits_fake 0.1294,
Train Epoch: [2/30] Iters:[1060/1093] gen_loss -0.6040, rec_loss 0.0109, lpips_loss 0.1357, g_loss -0.1292, disc_weight 0.4000, disc_adaptive_weight 5.8173, d_loss 0.4055, logits_real 0.1259, logits_fake 0.1291,
Train Epoch: [2/30] Iters:[1070/1093] gen_loss -0.6382, rec_loss 0.0109, lpips_loss 0.1355, g_loss -0.1288, disc_weight 0.4000, disc_adaptive_weight 6.1016, d_loss 0.4055, logits_real 0.1256, logits_fake 0.1289,
Train Epoch: [2/30] Iters:[1080/1093] gen_loss -0.6525, rec_loss 0.0109, lpips_loss 0.1352, g_loss -0.1285, disc_weight 0.4000, disc_adaptive_weight 6.2203, d_loss 0.4055, logits_real 0.1252, logits_fake 0.1287,
Train Epoch: [2/30] Iters:[1090/1093] gen_loss -0.6675, rec_loss 0.0110, lpips_loss 0.1356, g_loss -0.1280, disc_weight 0.4000, disc_adaptive_weight 6.3626, d_loss 0.4054, logits_real 0.1248, logits_fake 0.1283,
epoch:3, cur_lr:0.000010
Train Epoch: [3/30] Iters:[10/1093] gen_loss -0.4815, rec_loss 0.0108, lpips_loss 0.1357, g_loss -0.1276, disc_weight 0.4000, disc_adaptive_weight 4.9236, d_loss 0.4053, logits_real 0.1241, logits_fake 0.1276,
Train Epoch: [3/30] Iters:[20/1093] gen_loss -0.4932, rec_loss 0.0110, lpips_loss 0.1361, g_loss -0.1270, disc_weight 0.4000, disc_adaptive_weight 5.0425, d_loss 0.4051, logits_real 0.1237, logits_fake 0.1264,
Train Epoch: [3/30] Iters:[30/1093] gen_loss -0.5297, rec_loss 0.0111, lpips_loss 0.1362, g_loss -0.1266, disc_weight 0.4000, disc_adaptive_weight 5.3494, d_loss 0.4050, logits_real 0.1235, logits_fake 0.1259,
Train Epoch: [3/30] Iters:[40/1093] gen_loss -0.5448, rec_loss 0.0111, lpips_loss 0.1359, g_loss -0.1264, disc_weight 0.4000, disc_adaptive_weight 5.4798, d_loss 0.4051, logits_real 0.1232, logits_fake 0.1258,
Train Epoch: [3/30] Iters:[50/1093] gen_loss -0.5418, rec_loss 0.0112, lpips_loss 0.1361, g_loss -0.1262, disc_weight 0.4000, disc_adaptive_weight 5.4655, d_loss 0.4051, logits_real 0.1228, logits_fake 0.1258,
Train Epoch: [3/30] Iters:[60/1093] gen_loss -0.5770, rec_loss 0.0113, lpips_loss 0.1364, g_loss -0.1255, disc_weight 0.4000, disc_adaptive_weight 5.7802, d_loss 0.4051, logits_real 0.1223, logits_fake 0.1252,
Train Epoch: [3/30] Iters:[70/1093] gen_loss -0.5663, rec_loss 0.0112, lpips_loss 0.1365, g_loss -0.1251, disc_weight 0.4000, disc_adaptive_weight 5.7097, d_loss 0.4051, logits_real 0.1217, logits_fake 0.1251,
Train Epoch: [3/30] Iters:[80/1093] gen_loss -0.5711, rec_loss 0.0112, lpips_loss 0.1360, g_loss -0.1245, disc_weight 0.4000, disc_adaptive_weight 5.7758, d_loss 0.4052, logits_real 0.1212, logits_fake 0.1248,
Train Epoch: [3/30] Iters:[90/1093] gen_loss -0.5949, rec_loss 0.0111, lpips_loss 0.1362, g_loss -0.1240, disc_weight 0.4000, disc_adaptive_weight 5.9920, d_loss 0.4051, logits_real 0.1208, logits_fake 0.1244,
Train Epoch: [3/30] Iters:[100/1093] gen_loss -0.6002, rec_loss 0.0110, lpips_loss 0.1360, g_loss -0.1235, disc_weight 0.4000, disc_adaptive_weight 6.0561, d_loss 0.4051, logits_real 0.1203, logits_fake 0.1237,
Train Epoch: [3/30] Iters:[110/1093] gen_loss -0.5998, rec_loss 0.0109, lpips_loss 0.1353, g_loss -0.1233, disc_weight 0.4000, disc_adaptive_weight 6.0567, d_loss 0.4050, logits_real 0.1200, logits_fake 0.1233,
Train Epoch: [3/30] Iters:[120/1093] gen_loss -0.6332, rec_loss 0.0110, lpips_loss 0.1353, g_loss -0.1229, disc_weight 0.4000, disc_adaptive_weight 6.3458, d_loss 0.4050, logits_real 0.1197, logits_fake 0.1230,
Train Epoch: [3/30] Iters:[130/1093] gen_loss -0.5915, rec_loss 0.0110, lpips_loss 0.1356, g_loss -0.1227, disc_weight 0.4000, disc_adaptive_weight 6.0182, d_loss 0.4050, logits_real 0.1192, logits_fake 0.1225,
Train Epoch: [3/30] Iters:[140/1093] gen_loss -0.5528, rec_loss 0.0109, lpips_loss 0.1355, g_loss -0.1222, disc_weight 0.4000, disc_adaptive_weight 5.7226, d_loss 0.4050, logits_real 0.1186, logits_fake 0.1221,
Train Epoch: [3/30] Iters:[150/1093] gen_loss -0.5472, rec_loss 0.0110, lpips_loss 0.1358, g_loss -0.1220, disc_weight 0.4000, disc_adaptive_weight 5.6878, d_loss 0.4049, logits_real 0.1184, logits_fake 0.1217,
Train Epoch: [3/30] Iters:[160/1093] gen_loss -0.5360, rec_loss 0.0111, lpips_loss 0.1358, g_loss -0.1217, disc_weight 0.4000, disc_adaptive_weight 5.6117, d_loss 0.4049, logits_real 0.1182, logits_fake 0.1216,
Train Epoch: [3/30] Iters:[170/1093] gen_loss -0.5052, rec_loss 0.0111, lpips_loss 0.1354, g_loss -0.1215, disc_weight 0.4000, disc_adaptive_weight 5.3622, d_loss 0.4048, logits_real 0.1182, logits_fake 0.1214,
Train Epoch: [3/30] Iters:[180/1093] gen_loss -0.5230, rec_loss 0.0111, lpips_loss 0.1353, g_loss -0.1216, disc_weight 0.4000, disc_adaptive_weight 5.5085, d_loss 0.4047, logits_real 0.1183, logits_fake 0.1213,
Train Epoch: [3/30] Iters:[190/1093] gen_loss -0.5166, rec_loss 0.0111, lpips_loss 0.1350, g_loss -0.1217, disc_weight 0.4000, disc_adaptive_weight 5.4493, d_loss 0.4047, logits_real 0.1185, logits_fake 0.1214,
Train Epoch: [3/30] Iters:[200/1093] gen_loss -0.5300, rec_loss 0.0109, lpips_loss 0.1343, g_loss -0.1216, disc_weight 0.4000, disc_adaptive_weight 5.5533, d_loss 0.4047, logits_real 0.1184, logits_fake 0.1215,
Train Epoch: [3/30] Iters:[210/1093] gen_loss -0.5098, rec_loss 0.0109, lpips_loss 0.1349, g_loss -0.1213, disc_weight 0.4000, disc_adaptive_weight 5.4067, d_loss 0.4047, logits_real 0.1181, logits_fake 0.1212,
Train Epoch: [3/30] Iters:[220/1093] gen_loss -0.5070, rec_loss 0.0109, lpips_loss 0.1348, g_loss -0.1206, disc_weight 0.4000, disc_adaptive_weight 5.4093, d_loss 0.4046, logits_real 0.1175, logits_fake 0.1203,
Train Epoch: [3/30] Iters:[230/1093] gen_loss -0.4803, rec_loss 0.0108, lpips_loss 0.1348, g_loss -0.1199, disc_weight 0.4000, disc_adaptive_weight 5.2144, d_loss 0.4047, logits_real 0.1168, logits_fake 0.1200,
Train Epoch: [3/30] Iters:[240/1093] gen_loss -0.4978, rec_loss 0.0110, lpips_loss 0.1353, g_loss -0.1190, disc_weight 0.4000, disc_adaptive_weight 5.4087, d_loss 0.4047, logits_real 0.1159, logits_fake 0.1193,
Train Epoch: [3/30] Iters:[250/1093] gen_loss -0.4738, rec_loss 0.0111, lpips_loss 0.1356, g_loss -0.1180, disc_weight 0.4000, disc_adaptive_weight 5.2610, d_loss 0.4046, logits_real 0.1150, logits_fake 0.1182,
Train Epoch: [3/30] Iters:[260/1093] gen_loss -0.4666, rec_loss 0.0110, lpips_loss 0.1352, g_loss -0.1172, disc_weight 0.4000, disc_adaptive_weight 5.2325, d_loss 0.4047, logits_real 0.1140, logits_fake 0.1177,
Train Epoch: [3/30] Iters:[270/1093] gen_loss -0.4744, rec_loss 0.0110, lpips_loss 0.1352, g_loss -0.1166, disc_weight 0.4000, disc_adaptive_weight 5.3264, d_loss 0.4047, logits_real 0.1134, logits_fake 0.1172,
Train Epoch: [3/30] Iters:[280/1093] gen_loss -0.5079, rec_loss 0.0111, lpips_loss 0.1347, g_loss -0.1159, disc_weight 0.4000, disc_adaptive_weight 5.6443, d_loss 0.4046, logits_real 0.1129, logits_fake 0.1163,
Train Epoch: [3/30] Iters:[290/1093] gen_loss -0.4643, rec_loss 0.0110, lpips_loss 0.1342, g_loss -0.1151, disc_weight 0.4000, disc_adaptive_weight 5.2930, d_loss 0.4045, logits_real 0.1121, logits_fake 0.1154,
Train Epoch: [3/30] Iters:[300/1093] gen_loss -0.4618, rec_loss 0.0110, lpips_loss 0.1341, g_loss -0.1145, disc_weight 0.4000, disc_adaptive_weight 5.3015, d_loss 0.4045, logits_real 0.1114, logits_fake 0.1147,
Train Epoch: [3/30] Iters:[310/1093] gen_loss -0.4489, rec_loss 0.0108, lpips_loss 0.1338, g_loss -0.1138, disc_weight 0.4000, disc_adaptive_weight 5.2147, d_loss 0.4044, logits_real 0.1108, logits_fake 0.1138,
Train Epoch: [3/30] Iters:[320/1093] gen_loss -0.4539, rec_loss 0.0109, lpips_loss 0.1342, g_loss -0.1129, disc_weight 0.4000, disc_adaptive_weight 5.3118, d_loss 0.4043, logits_real 0.1100, logits_fake 0.1127,
Train Epoch: [3/30] Iters:[330/1093] gen_loss -0.4866, rec_loss 0.0109, lpips_loss 0.1347, g_loss -0.1120, disc_weight 0.4000, disc_adaptive_weight 5.6682, d_loss 0.4043, logits_real 0.1092, logits_fake 0.1118,
Train Epoch: [3/30] Iters:[340/1093] gen_loss -0.5335, rec_loss 0.0108, lpips_loss 0.1347, g_loss -0.1112, disc_weight 0.4000, disc_adaptive_weight 6.1260, d_loss 0.4042, logits_real 0.1086, logits_fake 0.1111,
Train Epoch: [3/30] Iters:[350/1093] gen_loss -0.5857, rec_loss 0.0108, lpips_loss 0.1351, g_loss -0.1104, disc_weight 0.4000, disc_adaptive_weight 6.6446, d_loss 0.4042, logits_real 0.1079, logits_fake 0.1104,
Train Epoch: [3/30] Iters:[360/1093] gen_loss -0.6256, rec_loss 0.0110, lpips_loss 0.1357, g_loss -0.1099, disc_weight 0.4000, disc_adaptive_weight 7.0357, d_loss 0.4042, logits_real 0.1076, logits_fake 0.1100,
Train Epoch: [3/30] Iters:[370/1093] gen_loss -0.6219, rec_loss 0.0112, lpips_loss 0.1361, g_loss -0.1099, disc_weight 0.4000, disc_adaptive_weight 7.0164, d_loss 0.4042, logits_real 0.1076, logits_fake 0.1100,
Train Epoch: [3/30] Iters:[380/1093] gen_loss -0.5688, rec_loss 0.0112, lpips_loss 0.1359, g_loss -0.1100, disc_weight 0.4000, disc_adaptive_weight 6.5184, d_loss 0.4042, logits_real 0.1074, logits_fake 0.1101,
Train Epoch: [3/30] Iters:[390/1093] gen_loss -0.5609, rec_loss 0.0113, lpips_loss 0.1358, g_loss -0.1102, disc_weight 0.4000, disc_adaptive_weight 6.4367, d_loss 0.4043, logits_real 0.1072, logits_fake 0.1102,
Train Epoch: [3/30] Iters:[400/1093] gen_loss -0.4996, rec_loss 0.0114, lpips_loss 0.1359, g_loss -0.1099, disc_weight 0.4000, disc_adaptive_weight 5.8920, d_loss 0.4042, logits_real 0.1071, logits_fake 0.1101,
Train Epoch: [3/30] Iters:[410/1093] gen_loss -0.5010, rec_loss 0.0114, lpips_loss 0.1357, g_loss -0.1097, disc_weight 0.4000, disc_adaptive_weight 5.9102, d_loss 0.4042, logits_real 0.1067, logits_fake 0.1095,
Train Epoch: [3/30] Iters:[420/1093] gen_loss -0.4868, rec_loss 0.0113, lpips_loss 0.1352, g_loss -0.1097, disc_weight 0.4000, disc_adaptive_weight 5.7741, d_loss 0.4041, logits_real 0.1063, logits_fake 0.1091,
Train Epoch: [3/30] Iters:[430/1093] gen_loss -0.4696, rec_loss 0.0113, lpips_loss 0.1354, g_loss -0.1094, disc_weight 0.4000, disc_adaptive_weight 5.6337, d_loss 0.4042, logits_real 0.1059, logits_fake 0.1090,
Train Epoch: [3/30] Iters:[440/1093] gen_loss -0.4515, rec_loss 0.0114, lpips_loss 0.1359, g_loss -0.1089, disc_weight 0.4000, disc_adaptive_weight 5.4962, d_loss 0.4041, logits_real 0.1058, logits_fake 0.1086,
Train Epoch: [3/30] Iters:[450/1093] gen_loss -0.4546, rec_loss 0.0113, lpips_loss 0.1357, g_loss -0.1090, disc_weight 0.4000, disc_adaptive_weight 5.5196, d_loss 0.4041, logits_real 0.1055, logits_fake 0.1086,
Train Epoch: [3/30] Iters:[460/1093] gen_loss -0.4194, rec_loss 0.0112, lpips_loss 0.1354, g_loss -0.1086, disc_weight 0.4000, disc_adaptive_weight 5.2138, d_loss 0.4041, logits_real 0.1052, logits_fake 0.1084,
Train Epoch: [3/30] Iters:[470/1093] gen_loss -0.4262, rec_loss 0.0111, lpips_loss 0.1356, g_loss -0.1081, disc_weight 0.4000, disc_adaptive_weight 5.3019, d_loss 0.4041, logits_real 0.1048, logits_fake 0.1079,
Train Epoch: [3/30] Iters:[480/1093] gen_loss -0.4680, rec_loss 0.0111, lpips_loss 0.1355, g_loss -0.1077, disc_weight 0.4000, disc_adaptive_weight 5.7127, d_loss 0.4040, logits_real 0.1046, logits_fake 0.1075,
Train Epoch: [3/30] Iters:[490/1093] gen_loss -0.4565, rec_loss 0.0110, lpips_loss 0.1352, g_loss -0.1071, disc_weight 0.4000, disc_adaptive_weight 5.6275, d_loss 0.4040, logits_real 0.1041, logits_fake 0.1072,
Train Epoch: [3/30] Iters:[500/1093] gen_loss -0.4969, rec_loss 0.0110, lpips_loss 0.1350, g_loss -0.1069, disc_weight 0.4000, disc_adaptive_weight 6.0229, d_loss 0.4040, logits_real 0.1037, logits_fake 0.1068,
Train Epoch: [3/30] Iters:[510/1093] gen_loss -0.4962, rec_loss 0.0111, lpips_loss 0.1355, g_loss -0.1067, disc_weight 0.4000, disc_adaptive_weight 6.0277, d_loss 0.4041, logits_real 0.1034, logits_fake 0.1068,
Train Epoch: [3/30] Iters:[520/1093] gen_loss -0.4924, rec_loss 0.0111, lpips_loss 0.1353, g_loss -0.1065, disc_weight 0.4000, disc_adaptive_weight 6.0025, d_loss 0.4041, logits_real 0.1034, logits_fake 0.1069,
Train Epoch: [3/30] Iters:[530/1093] gen_loss -0.4580, rec_loss 0.0110, lpips_loss 0.1351, g_loss -0.1066, disc_weight 0.4000, disc_adaptive_weight 5.6703, d_loss 0.4040, logits_real 0.1035, logits_fake 0.1069,
Train Epoch: [3/30] Iters:[540/1093] gen_loss -0.4673, rec_loss 0.0110, lpips_loss 0.1351, g_loss -0.1068, disc_weight 0.4000, disc_adaptive_weight 5.7470, d_loss 0.4040, logits_real 0.1035, logits_fake 0.1068,
Train Epoch: [3/30] Iters:[550/1093] gen_loss -0.4633, rec_loss 0.0109, lpips_loss 0.1349, g_loss -0.1069, disc_weight 0.4000, disc_adaptive_weight 5.7010, d_loss 0.4039, logits_real 0.1037, logits_fake 0.1069,
Train Epoch: [3/30] Iters:[560/1093] gen_loss -0.4808, rec_loss 0.0110, lpips_loss 0.1347, g_loss -0.1068, disc_weight 0.4000, disc_adaptive_weight 5.8657, d_loss 0.4039, logits_real 0.1038, logits_fake 0.1070,
Train Epoch: [3/30] Iters:[570/1093] gen_loss -0.4959, rec_loss 0.0110, lpips_loss 0.1348, g_loss -0.1070, disc_weight 0.4000, disc_adaptive_weight 6.0007, d_loss 0.4039, logits_real 0.1037, logits_fake 0.1069,
Train Epoch: [3/30] Iters:[580/1093] gen_loss -0.5043, rec_loss 0.0111, lpips_loss 0.1353, g_loss -0.1067, disc_weight 0.4000, disc_adaptive_weight 6.1019, d_loss 0.4039, logits_real 0.1034, logits_fake 0.1065,
Train Epoch: [3/30] Iters:[590/1093] gen_loss -0.5229, rec_loss 0.0111, lpips_loss 0.1352, g_loss -0.1063, disc_weight 0.4000, disc_adaptive_weight 6.3004, d_loss 0.4039, logits_real 0.1030, logits_fake 0.1062,
Train Epoch: [3/30] Iters:[600/1093] gen_loss -0.5258, rec_loss 0.0113, lpips_loss 0.1358, g_loss -0.1059, disc_weight 0.4000, disc_adaptive_weight 6.3603, d_loss 0.4039, logits_real 0.1025, logits_fake 0.1057,
Train Epoch: [3/30] Iters:[610/1093] gen_loss -0.5322, rec_loss 0.0112, lpips_loss 0.1355, g_loss -0.1052, disc_weight 0.4000, disc_adaptive_weight 6.4576, d_loss 0.4038, logits_real 0.1019, logits_fake 0.1050,
Train Epoch: [3/30] Iters:[620/1093] gen_loss -0.5073, rec_loss 0.0111, lpips_loss 0.1351, g_loss -0.1046, disc_weight 0.4000, disc_adaptive_weight 6.2553, d_loss 0.4038, logits_real 0.1014, logits_fake 0.1045,
Train Epoch: [3/30] Iters:[630/1093] gen_loss -0.5189, rec_loss 0.0110, lpips_loss 0.1349, g_loss -0.1040, disc_weight 0.4000, disc_adaptive_weight 6.3901, d_loss 0.4038, logits_real 0.1008, logits_fake 0.1041,
Train Epoch: [3/30] Iters:[640/1093] gen_loss -0.4883, rec_loss 0.0111, lpips_loss 0.1350, g_loss -0.1037, disc_weight 0.4000, disc_adaptive_weight 6.1153, d_loss 0.4038, logits_real 0.1004, logits_fake 0.1037,
Train Epoch: [3/30] Iters:[650/1093] gen_loss -0.4633, rec_loss 0.0111, lpips_loss 0.1343, g_loss -0.1035, disc_weight 0.4000, disc_adaptive_weight 5.8837, d_loss 0.4038, logits_real 0.1005, logits_fake 0.1037,
Train Epoch: [3/30] Iters:[660/1093] gen_loss -0.4634, rec_loss 0.0111, lpips_loss 0.1342, g_loss -0.1037, disc_weight 0.4000, disc_adaptive_weight 5.8715, d_loss 0.4037, logits_real 0.1007, logits_fake 0.1038,
Train Epoch: [3/30] Iters:[670/1093] gen_loss -0.4890, rec_loss 0.0110, lpips_loss 0.1342, g_loss -0.1040, disc_weight 0.4000, disc_adaptive_weight 6.1016, d_loss 0.4037, logits_real 0.1009, logits_fake 0.1040,
Train Epoch: [3/30] Iters:[680/1093] gen_loss -0.4743, rec_loss 0.0110, lpips_loss 0.1341, g_loss -0.1042, disc_weight 0.4000, disc_adaptive_weight 5.9465, d_loss 0.4037, logits_real 0.1012, logits_fake 0.1042,
Train Epoch: [3/30] Iters:[690/1093] gen_loss -0.4510, rec_loss 0.0111, lpips_loss 0.1343, g_loss -0.1043, disc_weight 0.4000, disc_adaptive_weight 5.7174, d_loss 0.4036, logits_real 0.1014, logits_fake 0.1043,
Train Epoch: [3/30] Iters:[700/1093] gen_loss -0.4339, rec_loss 0.0109, lpips_loss 0.1338, g_loss -0.1042, disc_weight 0.4000, disc_adaptive_weight 5.5509, d_loss 0.4036, logits_real 0.1014, logits_fake 0.1042,
Train Epoch: [3/30] Iters:[710/1093] gen_loss -0.4111, rec_loss 0.0108, lpips_loss 0.1340, g_loss -0.1041, disc_weight 0.4000, disc_adaptive_weight 5.3369, d_loss 0.4036, logits_real 0.1012, logits_fake 0.1041,
Train Epoch: [3/30] Iters:[720/1093] gen_loss -0.3748, rec_loss 0.0107, lpips_loss 0.1340, g_loss -0.1040, disc_weight 0.4000, disc_adaptive_weight 4.9961, d_loss 0.4035, logits_real 0.1011, logits_fake 0.1038,
Train Epoch: [3/30] Iters:[730/1093] gen_loss -0.3712, rec_loss 0.0106, lpips_loss 0.1334, g_loss -0.1040, disc_weight 0.4000, disc_adaptive_weight 4.9565, d_loss 0.4035, logits_real 0.1010, logits_fake 0.1035,
Train Epoch: [3/30] Iters:[740/1093] gen_loss -0.4146, rec_loss 0.0106, lpips_loss 0.1331, g_loss -0.1041, disc_weight 0.4000, disc_adaptive_weight 5.3680, d_loss 0.4034, logits_real 0.1008, logits_fake 0.1032,
Train Epoch: [3/30] Iters:[750/1093] gen_loss -0.4143, rec_loss 0.0107, lpips_loss 0.1341, g_loss -0.1041, disc_weight 0.4000, disc_adaptive_weight 5.3723, d_loss 0.4035, logits_real 0.1008, logits_fake 0.1034,
Train Epoch: [3/30] Iters:[760/1093] gen_loss -0.4261, rec_loss 0.0109, lpips_loss 0.1340, g_loss -0.1038, disc_weight 0.4000, disc_adaptive_weight 5.5051, d_loss 0.4035, logits_real 0.1005, logits_fake 0.1030,
Train Epoch: [3/30] Iters:[770/1093] gen_loss -0.4316, rec_loss 0.0110, lpips_loss 0.1342, g_loss -0.1033, disc_weight 0.4000, disc_adaptive_weight 5.5843, d_loss 0.4035, logits_real 0.1001, logits_fake 0.1027,
Train Epoch: [3/30] Iters:[780/1093] gen_loss -0.4574, rec_loss 0.0111, lpips_loss 0.1352, g_loss -0.1028, disc_weight 0.4000, disc_adaptive_weight 5.8750, d_loss 0.4035, logits_real 0.0996, logits_fake 0.1026,
Train Epoch: [3/30] Iters:[790/1093] gen_loss -0.4179, rec_loss 0.0111, lpips_loss 0.1348, g_loss -0.1024, disc_weight 0.4000, disc_adaptive_weight 5.5074, d_loss 0.4035, logits_real 0.0992, logits_fake 0.1022,
Train Epoch: [3/30] Iters:[800/1093] gen_loss -0.4061, rec_loss 0.0111, lpips_loss 0.1346, g_loss -0.1020, disc_weight 0.4000, disc_adaptive_weight 5.4076, d_loss 0.4035, logits_real 0.0988, logits_fake 0.1018,
Train Epoch: [3/30] Iters:[810/1093] gen_loss -0.3862, rec_loss 0.0111, lpips_loss 0.1348, g_loss -0.1016, disc_weight 0.4000, disc_adaptive_weight 5.2404, d_loss 0.4035, logits_real 0.0983, logits_fake 0.1014,
Train Epoch: [3/30] Iters:[820/1093] gen_loss -0.3990, rec_loss 0.0110, lpips_loss 0.1345, g_loss -0.1011, disc_weight 0.4000, disc_adaptive_weight 5.3873, d_loss 0.4035, logits_real 0.0979, logits_fake 0.1009,
Train Epoch: [3/30] Iters:[830/1093] gen_loss -0.3780, rec_loss 0.0109, lpips_loss 0.1341, g_loss -0.1006, disc_weight 0.4000, disc_adaptive_weight 5.2041, d_loss 0.4035, logits_real 0.0975, logits_fake 0.1005,
Train Epoch: [3/30] Iters:[840/1093] gen_loss -0.4240, rec_loss 0.0109, lpips_loss 0.1341, g_loss -0.1001, disc_weight 0.4000, disc_adaptive_weight 5.6884, d_loss 0.4034, logits_real 0.0972, logits_fake 0.1002,
Train Epoch: [3/30] Iters:[850/1093] gen_loss -0.4298, rec_loss 0.0109, lpips_loss 0.1343, g_loss -0.0997, disc_weight 0.4000, disc_adaptive_weight 5.7690, d_loss 0.4034, logits_real 0.0969, logits_fake 0.0998,
Train Epoch: [3/30] Iters:[860/1093] gen_loss -0.4301, rec_loss 0.0110, lpips_loss 0.1347, g_loss -0.0996, disc_weight 0.4000, disc_adaptive_weight 5.7833, d_loss 0.4034, logits_real 0.0968, logits_fake 0.0997,
Train Epoch: [3/30] Iters:[870/1093] gen_loss -0.4197, rec_loss 0.0111, lpips_loss 0.1349, g_loss -0.0996, disc_weight 0.4000, disc_adaptive_weight 5.6837, d_loss 0.4034, logits_real 0.0968, logits_fake 0.0997,
Train Epoch: [3/30] Iters:[880/1093] gen_loss -0.4207, rec_loss 0.0111, lpips_loss 0.1344, g_loss -0.0995, disc_weight 0.4000, disc_adaptive_weight 5.6921, d_loss 0.4034, logits_real 0.0968, logits_fake 0.0997,
Train Epoch: [3/30] Iters:[890/1093] gen_loss -0.4251, rec_loss 0.0113, lpips_loss 0.1347, g_loss -0.0995, disc_weight 0.4000, disc_adaptive_weight 5.7416, d_loss 0.4034, logits_real 0.0967, logits_fake 0.0996,
Train Epoch: [3/30] Iters:[900/1093] gen_loss -0.4445, rec_loss 0.0113, lpips_loss 0.1344, g_loss -0.0992, disc_weight 0.4000, disc_adaptive_weight 5.9528, d_loss 0.4033, logits_real 0.0966, logits_fake 0.0995,
Train Epoch: [3/30] Iters:[910/1093] gen_loss -0.4465, rec_loss 0.0111, lpips_loss 0.1341, g_loss -0.0989, disc_weight 0.4000, disc_adaptive_weight 5.9834, d_loss 0.4033, logits_real 0.0963, logits_fake 0.0993,
Train Epoch: [3/30] Iters:[920/1093] gen_loss -0.4391, rec_loss 0.0110, lpips_loss 0.1338, g_loss -0.0987, disc_weight 0.4000, disc_adaptive_weight 5.9162, d_loss 0.4033, logits_real 0.0961, logits_fake 0.0990,
Train Epoch: [3/30] Iters:[930/1093] gen_loss -0.4322, rec_loss 0.0111, lpips_loss 0.1345, g_loss -0.0985, disc_weight 0.4000, disc_adaptive_weight 5.8613, d_loss 0.4032, logits_real 0.0961, logits_fake 0.0988,
Train Epoch: [3/30] Iters:[940/1093] gen_loss -0.4148, rec_loss 0.0110, lpips_loss 0.1347, g_loss -0.0985, disc_weight 0.4000, disc_adaptive_weight 5.6867, d_loss 0.4032, logits_real 0.0960, logits_fake 0.0987,
Train Epoch: [3/30] Iters:[950/1093] gen_loss -0.3890, rec_loss 0.0111, lpips_loss 0.1349, g_loss -0.0986, disc_weight 0.4000, disc_adaptive_weight 5.4216, d_loss 0.4032, logits_real 0.0960, logits_fake 0.0987,
Train Epoch: [3/30] Iters:[960/1093] gen_loss -0.4079, rec_loss 0.0111, lpips_loss 0.1347, g_loss -0.0987, disc_weight 0.4000, disc_adaptive_weight 5.6094, d_loss 0.4032, logits_real 0.0960, logits_fake 0.0987,
Train Epoch: [3/30] Iters:[970/1093] gen_loss -0.4187, rec_loss 0.0112, lpips_loss 0.1352, g_loss -0.0985, disc_weight 0.4000, disc_adaptive_weight 5.7344, d_loss 0.4032, logits_real 0.0958, logits_fake 0.0986,
Train Epoch: [3/30] Iters:[980/1093] gen_loss -0.4167, rec_loss 0.0111, lpips_loss 0.1349, g_loss -0.0983, disc_weight 0.4000, disc_adaptive_weight 5.7218, d_loss 0.4033, logits_real 0.0952, logits_fake 0.0984,
Train Epoch: [3/30] Iters:[990/1093] gen_loss -0.4174, rec_loss 0.0110, lpips_loss 0.1343, g_loss -0.0978, disc_weight 0.4000, disc_adaptive_weight 5.7585, d_loss 0.4033, logits_real 0.0948, logits_fake 0.0979,
Train Epoch: [3/30] Iters:[1000/1093] gen_loss -0.4192, rec_loss 0.0110, lpips_loss 0.1341, g_loss -0.0971, disc_weight 0.4000, disc_adaptive_weight 5.8111, d_loss 0.4033, logits_real 0.0941, logits_fake 0.0973,
Train Epoch: [3/30] Iters:[1010/1093] gen_loss -0.4145, rec_loss 0.0110, lpips_loss 0.1339, g_loss -0.0966, disc_weight 0.4000, disc_adaptive_weight 5.7952, d_loss 0.4033, logits_real 0.0935, logits_fake 0.0966,
Train Epoch: [3/30] Iters:[1020/1093] gen_loss -0.4233, rec_loss 0.0110, lpips_loss 0.1332, g_loss -0.0962, disc_weight 0.4000, disc_adaptive_weight 5.8992, d_loss 0.4032, logits_real 0.0931, logits_fake 0.0962,
Train Epoch: [3/30] Iters:[1030/1093] gen_loss -0.4118, rec_loss 0.0110, lpips_loss 0.1333, g_loss -0.0960, disc_weight 0.4000, disc_adaptive_weight 5.7911, d_loss 0.4032, logits_real 0.0930, logits_fake 0.0959,
Train Epoch: [3/30] Iters:[1040/1093] gen_loss -0.3954, rec_loss 0.0110, lpips_loss 0.1341, g_loss -0.0959, disc_weight 0.4000, disc_adaptive_weight 5.6374, d_loss 0.4032, logits_real 0.0929, logits_fake 0.0959,
Train Epoch: [3/30] Iters:[1050/1093] gen_loss -0.3932, rec_loss 0.0109, lpips_loss 0.1342, g_loss -0.0959, disc_weight 0.4000, disc_adaptive_weight 5.6141, d_loss 0.4031, logits_real 0.0929, logits_fake 0.0959,
Train Epoch: [3/30] Iters:[1060/1093] gen_loss -0.4034, rec_loss 0.0111, lpips_loss 0.1352, g_loss -0.0959, disc_weight 0.4000, disc_adaptive_weight 5.7309, d_loss 0.4031, logits_real 0.0930, logits_fake 0.0960,
Train Epoch: [3/30] Iters:[1070/1093] gen_loss -0.4236, rec_loss 0.0112, lpips_loss 0.1355, g_loss -0.0960, disc_weight 0.4000, disc_adaptive_weight 5.9435, d_loss 0.4031, logits_real 0.0931, logits_fake 0.0960,
Train Epoch: [3/30] Iters:[1080/1093] gen_loss -0.4453, rec_loss 0.0111, lpips_loss 0.1355, g_loss -0.0959, disc_weight 0.4000, disc_adaptive_weight 6.1767, d_loss 0.4031, logits_real 0.0930, logits_fake 0.0959,
Train Epoch: [3/30] Iters:[1090/1093] gen_loss -0.4579, rec_loss 0.0111, lpips_loss 0.1351, g_loss -0.0958, disc_weight 0.4000, disc_adaptive_weight 6.3086, d_loss 0.4031, logits_real 0.0929, logits_fake 0.0958,
epoch:4, cur_lr:0.000010
Train Epoch: [4/30] Iters:[10/1093] gen_loss -0.3328, rec_loss 0.0107, lpips_loss 0.1337, g_loss -0.0948, disc_weight 0.4000, disc_adaptive_weight 5.0349, d_loss 0.4032, logits_real 0.0919, logits_fake 0.0951,
Train Epoch: [4/30] Iters:[20/1093] gen_loss -0.3579, rec_loss 0.0107, lpips_loss 0.1345, g_loss -0.0946, disc_weight 0.4000, disc_adaptive_weight 5.3235, d_loss 0.4030, logits_real 0.0920, logits_fake 0.0947,
Train Epoch: [4/30] Iters:[30/1093] gen_loss -0.4316, rec_loss 0.0110, lpips_loss 0.1353, g_loss -0.0948, disc_weight 0.4000, disc_adaptive_weight 6.0969, d_loss 0.4031, logits_real 0.0921, logits_fake 0.0950,
Train Epoch: [4/30] Iters:[40/1093] gen_loss -0.4491, rec_loss 0.0111, lpips_loss 0.1355, g_loss -0.0949, disc_weight 0.4000, disc_adaptive_weight 6.2734, d_loss 0.4031, logits_real 0.0921, logits_fake 0.0949,
Train Epoch: [4/30] Iters:[50/1093] gen_loss -0.4740, rec_loss 0.0111, lpips_loss 0.1357, g_loss -0.0950, disc_weight 0.4000, disc_adaptive_weight 6.5302, d_loss 0.4031, logits_real 0.0920, logits_fake 0.0951,
Train Epoch: [4/30] Iters:[60/1093] gen_loss -0.4868, rec_loss 0.0112, lpips_loss 0.1361, g_loss -0.0952, disc_weight 0.4000, disc_adaptive_weight 6.6620, d_loss 0.4031, logits_real 0.0921, logits_fake 0.0952,
Train Epoch: [4/30] Iters:[70/1093] gen_loss -0.4911, rec_loss 0.0112, lpips_loss 0.1361, g_loss -0.0952, disc_weight 0.4000, disc_adaptive_weight 6.7061, d_loss 0.4031, logits_real 0.0921, logits_fake 0.0953,
Train Epoch: [4/30] Iters:[80/1093] gen_loss -0.4427, rec_loss 0.0111, lpips_loss 0.1357, g_loss -0.0950, disc_weight 0.4000, disc_adaptive_weight 6.1999, d_loss 0.4030, logits_real 0.0922, logits_fake 0.0950,
Train Epoch: [4/30] Iters:[90/1093] gen_loss -0.4320, rec_loss 0.0112, lpips_loss 0.1358, g_loss -0.0950, disc_weight 0.4000, disc_adaptive_weight 6.0921, d_loss 0.4030, logits_real 0.0923, logits_fake 0.0950,
Train Epoch: [4/30] Iters:[100/1093] gen_loss -0.4267, rec_loss 0.0112, lpips_loss 0.1354, g_loss -0.0948, disc_weight 0.4000, disc_adaptive_weight 6.0498, d_loss 0.4030, logits_real 0.0923, logits_fake 0.0948,
Train Epoch: [4/30] Iters:[110/1093] gen_loss -0.4014, rec_loss 0.0111, lpips_loss 0.1350, g_loss -0.0947, disc_weight 0.4000, disc_adaptive_weight 5.7873, d_loss 0.4030, logits_real 0.0920, logits_fake 0.0947,
Train Epoch: [4/30] Iters:[120/1093] gen_loss -0.4142, rec_loss 0.0111, lpips_loss 0.1347, g_loss -0.0948, disc_weight 0.4000, disc_adaptive_weight 5.9127, d_loss 0.4029, logits_real 0.0921, logits_fake 0.0947,
Train Epoch: [4/30] Iters:[130/1093] gen_loss -0.4648, rec_loss 0.0112, lpips_loss 0.1349, g_loss -0.0949, disc_weight 0.4000, disc_adaptive_weight 6.4419, d_loss 0.4030, logits_real 0.0921, logits_fake 0.0949,
Train Epoch: [4/30] Iters:[140/1093] gen_loss -0.4819, rec_loss 0.0112, lpips_loss 0.1347, g_loss -0.0949, disc_weight 0.4000, disc_adaptive_weight 6.6168, d_loss 0.4030, logits_real 0.0920, logits_fake 0.0949,
Train Epoch: [4/30] Iters:[150/1093] gen_loss -0.4686, rec_loss 0.0112, lpips_loss 0.1344, g_loss -0.0950, disc_weight 0.4000, disc_adaptive_weight 6.4581, d_loss 0.4029, logits_real 0.0924, logits_fake 0.0949,
Train Epoch: [4/30] Iters:[160/1093] gen_loss -0.5197, rec_loss 0.0113, lpips_loss 0.1345, g_loss -0.0954, disc_weight 0.4000, disc_adaptive_weight 6.9707, d_loss 0.4028, logits_real 0.0926, logits_fake 0.0948,
Train Epoch: [4/30] Iters:[170/1093] gen_loss -0.4990, rec_loss 0.0113, lpips_loss 0.1346, g_loss -0.0954, disc_weight 0.4000, disc_adaptive_weight 6.7436, d_loss 0.4028, logits_real 0.0925, logits_fake 0.0947,
Train Epoch: [4/30] Iters:[180/1093] gen_loss -0.4675, rec_loss 0.0113, lpips_loss 0.1344, g_loss -0.0955, disc_weight 0.4000, disc_adaptive_weight 6.4079, d_loss 0.4028, logits_real 0.0925, logits_fake 0.0947,
Train Epoch: [4/30] Iters:[190/1093] gen_loss -0.4532, rec_loss 0.0113, lpips_loss 0.1342, g_loss -0.0955, disc_weight 0.4000, disc_adaptive_weight 6.2543, d_loss 0.4029, logits_real 0.0925, logits_fake 0.0949,
Train Epoch: [4/30] Iters:[200/1093] gen_loss -0.4673, rec_loss 0.0112, lpips_loss 0.1345, g_loss -0.0954, disc_weight 0.4000, disc_adaptive_weight 6.4119, d_loss 0.4029, logits_real 0.0922, logits_fake 0.0950,
Train Epoch: [4/30] Iters:[210/1093] gen_loss -0.4492, rec_loss 0.0112, lpips_loss 0.1346, g_loss -0.0951, disc_weight 0.4000, disc_adaptive_weight 6.2499, d_loss 0.4029, logits_real 0.0922, logits_fake 0.0949,
Train Epoch: [4/30] Iters:[220/1093] gen_loss -0.4591, rec_loss 0.0113, lpips_loss 0.1351, g_loss -0.0949, disc_weight 0.4000, disc_adaptive_weight 6.3811, d_loss 0.4029, logits_real 0.0921, logits_fake 0.0949,
Train Epoch: [4/30] Iters:[230/1093] gen_loss -0.4536, rec_loss 0.0111, lpips_loss 0.1346, g_loss -0.0949, disc_weight 0.4000, disc_adaptive_weight 6.3150, d_loss 0.4029, logits_real 0.0919, logits_fake 0.0947,
Train Epoch: [4/30] Iters:[240/1093] gen_loss -0.4500, rec_loss 0.0110, lpips_loss 0.1345, g_loss -0.0947, disc_weight 0.4000, disc_adaptive_weight 6.2933, d_loss 0.4028, logits_real 0.0918, logits_fake 0.0943,
Train Epoch: [4/30] Iters:[250/1093] gen_loss -0.4338, rec_loss 0.0111, lpips_loss 0.1346, g_loss -0.0946, disc_weight 0.4000, disc_adaptive_weight 6.1354, d_loss 0.4028, logits_real 0.0916, logits_fake 0.0942,
Train Epoch: [4/30] Iters:[260/1093] gen_loss -0.4433, rec_loss 0.0111, lpips_loss 0.1340, g_loss -0.0945, disc_weight 0.4000, disc_adaptive_weight 6.2385, d_loss 0.4028, logits_real 0.0915, logits_fake 0.0940,
Train Epoch: [4/30] Iters:[270/1093] gen_loss -0.4350, rec_loss 0.0111, lpips_loss 0.1340, g_loss -0.0945, disc_weight 0.4000, disc_adaptive_weight 6.1461, d_loss 0.4027, logits_real 0.0915, logits_fake 0.0940,
Train Epoch: [4/30] Iters:[280/1093] gen_loss -0.4342, rec_loss 0.0111, lpips_loss 0.1345, g_loss -0.0942, disc_weight 0.4000, disc_adaptive_weight 6.1548, d_loss 0.4028, logits_real 0.0915, logits_fake 0.0940,
Train Epoch: [4/30] Iters:[290/1093] gen_loss -0.4125, rec_loss 0.0111, lpips_loss 0.1345, g_loss -0.0943, disc_weight 0.4000, disc_adaptive_weight 5.9173, d_loss 0.4028, logits_real 0.0912, logits_fake 0.0940,
Train Epoch: [4/30] Iters:[300/1093] gen_loss -0.3838, rec_loss 0.0111, lpips_loss 0.1344, g_loss -0.0943, disc_weight 0.4000, disc_adaptive_weight 5.6104, d_loss 0.4027, logits_real 0.0913, logits_fake 0.0939,
Train Epoch: [4/30] Iters:[310/1093] gen_loss -0.3579, rec_loss 0.0112, lpips_loss 0.1354, g_loss -0.0943, disc_weight 0.4000, disc_adaptive_weight 5.3457, d_loss 0.4028, logits_real 0.0913, logits_fake 0.0940,
Train Epoch: [4/30] Iters:[320/1093] gen_loss -0.4060, rec_loss 0.0112, lpips_loss 0.1352, g_loss -0.0940, disc_weight 0.4000, disc_adaptive_weight 5.8774, d_loss 0.4028, logits_real 0.0910, logits_fake 0.0939,
Train Epoch: [4/30] Iters:[330/1093] gen_loss -0.4150, rec_loss 0.0112, lpips_loss 0.1350, g_loss -0.0937, disc_weight 0.4000, disc_adaptive_weight 5.9910, d_loss 0.4028, logits_real 0.0906, logits_fake 0.0934,
Train Epoch: [4/30] Iters:[340/1093] gen_loss -0.4133, rec_loss 0.0113, lpips_loss 0.1352, g_loss -0.0932, disc_weight 0.4000, disc_adaptive_weight 6.0047, d_loss 0.4028, logits_real 0.0902, logits_fake 0.0930,
Train Epoch: [4/30] Iters:[350/1093] gen_loss -0.4162, rec_loss 0.0112, lpips_loss 0.1352, g_loss -0.0928, disc_weight 0.4000, disc_adaptive_weight 6.0593, d_loss 0.4028, logits_real 0.0895, logits_fake 0.0927,
Train Epoch: [4/30] Iters:[360/1093] gen_loss -0.4241, rec_loss 0.0111, lpips_loss 0.1345, g_loss -0.0921, disc_weight 0.4000, disc_adaptive_weight 6.1767, d_loss 0.4028, logits_real 0.0890, logits_fake 0.0921,
Train Epoch: [4/30] Iters:[370/1093] gen_loss -0.3906, rec_loss 0.0110, lpips_loss 0.1341, g_loss -0.0917, disc_weight 0.4000, disc_adaptive_weight 5.8431, d_loss 0.4028, logits_real 0.0885, logits_fake 0.0917,
Train Epoch: [4/30] Iters:[380/1093] gen_loss -0.3580, rec_loss 0.0112, lpips_loss 0.1344, g_loss -0.0911, disc_weight 0.4000, disc_adaptive_weight 5.5274, d_loss 0.4028, logits_real 0.0881, logits_fake 0.0912,
Train Epoch: [4/30] Iters:[390/1093] gen_loss -0.3596, rec_loss 0.0111, lpips_loss 0.1345, g_loss -0.0907, disc_weight 0.4000, disc_adaptive_weight 5.5689, d_loss 0.4028, logits_real 0.0877, logits_fake 0.0909,
Train Epoch: [4/30] Iters:[400/1093] gen_loss -0.3538, rec_loss 0.0111, lpips_loss 0.1348, g_loss -0.0899, disc_weight 0.4000, disc_adaptive_weight 5.5527, d_loss 0.4027, logits_real 0.0873, logits_fake 0.0901,
Train Epoch: [4/30] Iters:[410/1093] gen_loss -0.3520, rec_loss 0.0110, lpips_loss 0.1346, g_loss -0.0893, disc_weight 0.4000, disc_adaptive_weight 5.5694, d_loss 0.4027, logits_real 0.0866, logits_fake 0.0894,
Train Epoch: [4/30] Iters:[420/1093] gen_loss -0.3352, rec_loss 0.0109, lpips_loss 0.1344, g_loss -0.0887, disc_weight 0.4000, disc_adaptive_weight 5.4173, d_loss 0.4027, logits_real 0.0860, logits_fake 0.0887,
Train Epoch: [4/30] Iters:[430/1093] gen_loss -0.3686, rec_loss 0.0108, lpips_loss 0.1339, g_loss -0.0885, disc_weight 0.4000, disc_adaptive_weight 5.8048, d_loss 0.4026, logits_real 0.0856, logits_fake 0.0883,
Train Epoch: [4/30] Iters:[440/1093] gen_loss -0.4113, rec_loss 0.0106, lpips_loss 0.1332, g_loss -0.0882, disc_weight 0.4000, disc_adaptive_weight 6.2952, d_loss 0.4026, logits_real 0.0854, logits_fake 0.0880,
Train Epoch: [4/30] Iters:[450/1093] gen_loss -0.4542, rec_loss 0.0108, lpips_loss 0.1332, g_loss -0.0882, disc_weight 0.4000, disc_adaptive_weight 6.7806, d_loss 0.4027, logits_real 0.0853, logits_fake 0.0882,
Train Epoch: [4/30] Iters:[460/1093] gen_loss -0.4739, rec_loss 0.0110, lpips_loss 0.1341, g_loss -0.0883, disc_weight 0.4000, disc_adaptive_weight 7.0087, d_loss 0.4027, logits_real 0.0855, logits_fake 0.0884,
Train Epoch: [4/30] Iters:[470/1093] gen_loss -0.4644, rec_loss 0.0110, lpips_loss 0.1344, g_loss -0.0882, disc_weight 0.4000, disc_adaptive_weight 6.9110, d_loss 0.4027, logits_real 0.0855, logits_fake 0.0885,
Train Epoch: [4/30] Iters:[480/1093] gen_loss -0.4487, rec_loss 0.0112, lpips_loss 0.1347, g_loss -0.0880, disc_weight 0.4000, disc_adaptive_weight 6.7558, d_loss 0.4027, logits_real 0.0853, logits_fake 0.0882,
Train Epoch: [4/30] Iters:[490/1093] gen_loss -0.3931, rec_loss 0.0113, lpips_loss 0.1348, g_loss -0.0877, disc_weight 0.4000, disc_adaptive_weight 6.1443, d_loss 0.4027, logits_real 0.0849, logits_fake 0.0879,
Train Epoch: [4/30] Iters:[500/1093] gen_loss -0.3812, rec_loss 0.0111, lpips_loss 0.1340, g_loss -0.0871, disc_weight 0.4000, disc_adaptive_weight 6.0442, d_loss 0.4026, logits_real 0.0844, logits_fake 0.0873,
Train Epoch: [4/30] Iters:[510/1093] gen_loss -0.3651, rec_loss 0.0110, lpips_loss 0.1336, g_loss -0.0866, disc_weight 0.4000, disc_adaptive_weight 5.8925, d_loss 0.4026, logits_real 0.0838, logits_fake 0.0865,
Train Epoch: [4/30] Iters:[520/1093] gen_loss -0.3727, rec_loss 0.0109, lpips_loss 0.1332, g_loss -0.0861, disc_weight 0.4000, disc_adaptive_weight 6.0105, d_loss 0.4026, logits_real 0.0832, logits_fake 0.0859,
Train Epoch: [4/30] Iters:[530/1093] gen_loss -0.3818, rec_loss 0.0109, lpips_loss 0.1332, g_loss -0.0856, disc_weight 0.4000, disc_adaptive_weight 6.1452, d_loss 0.4025, logits_real 0.0828, logits_fake 0.0855,
Train Epoch: [4/30] Iters:[540/1093] gen_loss -0.4143, rec_loss 0.0110, lpips_loss 0.1334, g_loss -0.0851, disc_weight 0.4000, disc_adaptive_weight 6.5666, d_loss 0.4025, logits_real 0.0825, logits_fake 0.0851,
Train Epoch: [4/30] Iters:[550/1093] gen_loss -0.4470, rec_loss 0.0111, lpips_loss 0.1337, g_loss -0.0851, disc_weight 0.4000, disc_adaptive_weight 6.9568, d_loss 0.4025, logits_real 0.0824, logits_fake 0.0851,
Train Epoch: [4/30] Iters:[560/1093] gen_loss -0.4384, rec_loss 0.0111, lpips_loss 0.1337, g_loss -0.0850, disc_weight 0.4000, disc_adaptive_weight 6.8645, d_loss 0.4025, logits_real 0.0824, logits_fake 0.0851,
Train Epoch: [4/30] Iters:[570/1093] gen_loss -0.4616, rec_loss 0.0111, lpips_loss 0.1340, g_loss -0.0852, disc_weight 0.4000, disc_adaptive_weight 7.1202, d_loss 0.4026, logits_real 0.0825, logits_fake 0.0854,
Train Epoch: [4/30] Iters:[580/1093] gen_loss -0.4780, rec_loss 0.0112, lpips_loss 0.1338, g_loss -0.0855, disc_weight 0.4000, disc_adaptive_weight 7.2851, d_loss 0.4026, logits_real 0.0826, logits_fake 0.0856,
Train Epoch: [4/30] Iters:[590/1093] gen_loss -0.4814, rec_loss 0.0110, lpips_loss 0.1337, g_loss -0.0858, disc_weight 0.4000, disc_adaptive_weight 7.2966, d_loss 0.4026, logits_real 0.0827, logits_fake 0.0857,
Train Epoch: [4/30] Iters:[600/1093] gen_loss -0.4186, rec_loss 0.0111, lpips_loss 0.1340, g_loss -0.0859, disc_weight 0.4000, disc_adaptive_weight 6.5620, d_loss 0.4026, logits_real 0.0827, logits_fake 0.0857,
Train Epoch: [4/30] Iters:[610/1093] gen_loss -0.4181, rec_loss 0.0111, lpips_loss 0.1340, g_loss -0.0860, disc_weight 0.4000, disc_adaptive_weight 6.5488, d_loss 0.4026, logits_real 0.0830, logits_fake 0.0859,
Train Epoch: [4/30] Iters:[620/1093] gen_loss -0.3886, rec_loss 0.0112, lpips_loss 0.1341, g_loss -0.0859, disc_weight 0.4000, disc_adaptive_weight 6.2132, d_loss 0.4025, logits_real 0.0829, logits_fake 0.0857,
Train Epoch: [4/30] Iters:[630/1093] gen_loss -0.3415, rec_loss 0.0110, lpips_loss 0.1341, g_loss -0.0856, disc_weight 0.4000, disc_adaptive_weight 5.6835, d_loss 0.4025, logits_real 0.0828, logits_fake 0.0856,
Train Epoch: [4/30] Iters:[640/1093] gen_loss -0.3117, rec_loss 0.0110, lpips_loss 0.1338, g_loss -0.0852, disc_weight 0.4000, disc_adaptive_weight 5.3580, d_loss 0.4026, logits_real 0.0824, logits_fake 0.0854,
Train Epoch: [4/30] Iters:[650/1093] gen_loss -0.3143, rec_loss 0.0109, lpips_loss 0.1333, g_loss -0.0847, disc_weight 0.4000, disc_adaptive_weight 5.4143, d_loss 0.4026, logits_real 0.0820, logits_fake 0.0850,
Train Epoch: [4/30] Iters:[660/1093] gen_loss -0.3390, rec_loss 0.0107, lpips_loss 0.1328, g_loss -0.0842, disc_weight 0.4000, disc_adaptive_weight 5.7356, d_loss 0.4026, logits_real 0.0814, logits_fake 0.0845,
Train Epoch: [4/30] Iters:[670/1093] gen_loss -0.3691, rec_loss 0.0107, lpips_loss 0.1326, g_loss -0.0835, disc_weight 0.4000, disc_adaptive_weight 6.1428, d_loss 0.4026, logits_real 0.0807, logits_fake 0.0840,
Train Epoch: [4/30] Iters:[680/1093] gen_loss -0.4480, rec_loss 0.0108, lpips_loss 0.1331, g_loss -0.0828, disc_weight 0.4000, disc_adaptive_weight 7.1642, d_loss 0.4026, logits_real 0.0801, logits_fake 0.0833,
Train Epoch: [4/30] Iters:[690/1093] gen_loss -0.4764, rec_loss 0.0110, lpips_loss 0.1341, g_loss -0.0823, disc_weight 0.4000, disc_adaptive_weight 7.5610, d_loss 0.4025, logits_real 0.0794, logits_fake 0.0826,
Train Epoch: [4/30] Iters:[700/1093] gen_loss -0.5137, rec_loss 0.0112, lpips_loss 0.1347, g_loss -0.0817, disc_weight 0.4000, disc_adaptive_weight 8.0805, d_loss 0.4025, logits_real 0.0788, logits_fake 0.0820,
Train Epoch: [4/30] Iters:[710/1093] gen_loss -0.5082, rec_loss 0.0114, lpips_loss 0.1352, g_loss -0.0812, disc_weight 0.4000, disc_adaptive_weight 8.0677, d_loss 0.4025, logits_real 0.0781, logits_fake 0.0813,
Train Epoch: [4/30] Iters:[720/1093] gen_loss -0.4773, rec_loss 0.0114, lpips_loss 0.1356, g_loss -0.0807, disc_weight 0.4000, disc_adaptive_weight 7.7358, d_loss 0.4025, logits_real 0.0777, logits_fake 0.0807,
Train Epoch: [4/30] Iters:[730/1093] gen_loss -0.4143, rec_loss 0.0114, lpips_loss 0.1351, g_loss -0.0806, disc_weight 0.4000, disc_adaptive_weight 6.9610, d_loss 0.4025, logits_real 0.0775, logits_fake 0.0805,
Train Epoch: [4/30] Iters:[740/1093] gen_loss -0.3972, rec_loss 0.0114, lpips_loss 0.1350, g_loss -0.0806, disc_weight 0.4000, disc_adaptive_weight 6.7545, d_loss 0.4025, logits_real 0.0776, logits_fake 0.0805,
Train Epoch: [4/30] Iters:[750/1093] gen_loss -0.3680, rec_loss 0.0113, lpips_loss 0.1349, g_loss -0.0806, disc_weight 0.4000, disc_adaptive_weight 6.3853, d_loss 0.4025, logits_real 0.0775, logits_fake 0.0805,
Train Epoch: [4/30] Iters:[760/1093] gen_loss -0.3591, rec_loss 0.0112, lpips_loss 0.1345, g_loss -0.0804, disc_weight 0.4000, disc_adaptive_weight 6.2844, d_loss 0.4025, logits_real 0.0774, logits_fake 0.0804,
Train Epoch: [4/30] Iters:[770/1093] gen_loss -0.3528, rec_loss 0.0112, lpips_loss 0.1344, g_loss -0.0803, disc_weight 0.4000, disc_adaptive_weight 6.2114, d_loss 0.4025, logits_real 0.0773, logits_fake 0.0803,
Train Epoch: [4/30] Iters:[780/1093] gen_loss -0.3668, rec_loss 0.0112, lpips_loss 0.1347, g_loss -0.0801, disc_weight 0.4000, disc_adaptive_weight 6.4079, d_loss 0.4024, logits_real 0.0771, logits_fake 0.0800,
Train Epoch: [4/30] Iters:[790/1093] gen_loss -0.3672, rec_loss 0.0112, lpips_loss 0.1349, g_loss -0.0797, disc_weight 0.4000, disc_adaptive_weight 6.4459, d_loss 0.4025, logits_real 0.0767, logits_fake 0.0797,
Train Epoch: [4/30] Iters:[800/1093] gen_loss -0.3662, rec_loss 0.0113, lpips_loss 0.1351, g_loss -0.0794, disc_weight 0.4000, disc_adaptive_weight 6.4603, d_loss 0.4025, logits_real 0.0765, logits_fake 0.0794,
Train Epoch: [4/30] Iters:[810/1093] gen_loss -0.3776, rec_loss 0.0114, lpips_loss 0.1355, g_loss -0.0791, disc_weight 0.4000, disc_adaptive_weight 6.6402, d_loss 0.4024, logits_real 0.0763, logits_fake 0.0791,
Train Epoch: [4/30] Iters:[820/1093] gen_loss -0.4092, rec_loss 0.0113, lpips_loss 0.1350, g_loss -0.0789, disc_weight 0.4000, disc_adaptive_weight 7.0368, d_loss 0.4024, logits_real 0.0761, logits_fake 0.0790,
Train Epoch: [4/30] Iters:[830/1093] gen_loss -0.3947, rec_loss 0.0114, lpips_loss 0.1352, g_loss -0.0790, disc_weight 0.4000, disc_adaptive_weight 6.8567, d_loss 0.4025, logits_real 0.0761, logits_fake 0.0792,
Train Epoch: [4/30] Iters:[840/1093] gen_loss -0.3973, rec_loss 0.0115, lpips_loss 0.1346, g_loss -0.0793, disc_weight 0.4000, disc_adaptive_weight 6.8520, d_loss 0.4024, logits_real 0.0764, logits_fake 0.0793,
Train Epoch: [4/30] Iters:[850/1093] gen_loss -0.4068, rec_loss 0.0114, lpips_loss 0.1342, g_loss -0.0796, disc_weight 0.4000, disc_adaptive_weight 6.9437, d_loss 0.4024, logits_real 0.0767, logits_fake 0.0797,
Train Epoch: [4/30] Iters:[860/1093] gen_loss -0.3789, rec_loss 0.0114, lpips_loss 0.1343, g_loss -0.0800, disc_weight 0.4000, disc_adaptive_weight 6.5558, d_loss 0.4024, logits_real 0.0772, logits_fake 0.0802,
Train Epoch: [4/30] Iters:[870/1093] gen_loss -0.3731, rec_loss 0.0113, lpips_loss 0.1344, g_loss -0.0802, disc_weight 0.4000, disc_adaptive_weight 6.4711, d_loss 0.4024, logits_real 0.0774, logits_fake 0.0803,
Train Epoch: [4/30] Iters:[880/1093] gen_loss -0.3804, rec_loss 0.0112, lpips_loss 0.1343, g_loss -0.0799, disc_weight 0.4000, disc_adaptive_weight 6.5840, d_loss 0.4024, logits_real 0.0773, logits_fake 0.0801,
Train Epoch: [4/30] Iters:[890/1093] gen_loss -0.3933, rec_loss 0.0110, lpips_loss 0.1342, g_loss -0.0795, disc_weight 0.4000, disc_adaptive_weight 6.7752, d_loss 0.4024, logits_real 0.0770, logits_fake 0.0798,
Train Epoch: [4/30] Iters:[900/1093] gen_loss -0.3639, rec_loss 0.0110, lpips_loss 0.1340, g_loss -0.0794, disc_weight 0.4000, disc_adaptive_weight 6.4154, d_loss 0.4023, logits_real 0.0766, logits_fake 0.0795,
Train Epoch: [4/30] Iters:[910/1093] gen_loss -0.3588, rec_loss 0.0110, lpips_loss 0.1338, g_loss -0.0791, disc_weight 0.4000, disc_adaptive_weight 6.3683, d_loss 0.4023, logits_real 0.0763, logits_fake 0.0791,
Train Epoch: [4/30] Iters:[920/1093] gen_loss -0.3581, rec_loss 0.0110, lpips_loss 0.1343, g_loss -0.0790, disc_weight 0.4000, disc_adaptive_weight 6.3767, d_loss 0.4023, logits_real 0.0761, logits_fake 0.0789,
Train Epoch: [4/30] Iters:[930/1093] gen_loss -0.3557, rec_loss 0.0109, lpips_loss 0.1340, g_loss -0.0793, disc_weight 0.4000, disc_adaptive_weight 6.3174, d_loss 0.4023, logits_real 0.0763, logits_fake 0.0791,
Train Epoch: [4/30] Iters:[940/1093] gen_loss -0.3311, rec_loss 0.0111, lpips_loss 0.1340, g_loss -0.0796, disc_weight 0.4000, disc_adaptive_weight 5.9831, d_loss 0.4023, logits_real 0.0767, logits_fake 0.0794,
Train Epoch: [4/30] Iters:[950/1093] gen_loss -0.3516, rec_loss 0.0111, lpips_loss 0.1340, g_loss -0.0800, disc_weight 0.4000, disc_adaptive_weight 6.2110, d_loss 0.4023, logits_real 0.0771, logits_fake 0.0797,
Train Epoch: [4/30] Iters:[960/1093] gen_loss -0.3704, rec_loss 0.0110, lpips_loss 0.1339, g_loss -0.0801, disc_weight 0.4000, disc_adaptive_weight 6.4375, d_loss 0.4023, logits_real 0.0772, logits_fake 0.0799,
Train Epoch: [4/30] Iters:[970/1093] gen_loss -0.3803, rec_loss 0.0109, lpips_loss 0.1336, g_loss -0.0802, disc_weight 0.4000, disc_adaptive_weight 6.5488, d_loss 0.4023, logits_real 0.0774, logits_fake 0.0802,
Train Epoch: [4/30] Iters:[980/1093] gen_loss -0.3830, rec_loss 0.0108, lpips_loss 0.1332, g_loss -0.0802, disc_weight 0.4000, disc_adaptive_weight 6.5764, d_loss 0.4023, logits_real 0.0774, logits_fake 0.0803,
Train Epoch: [4/30] Iters:[990/1093] gen_loss -0.3962, rec_loss 0.0109, lpips_loss 0.1338, g_loss -0.0800, disc_weight 0.4000, disc_adaptive_weight 6.7631, d_loss 0.4023, logits_real 0.0772, logits_fake 0.0801,
Train Epoch: [4/30] Iters:[1000/1093] gen_loss -0.3800, rec_loss 0.0108, lpips_loss 0.1336, g_loss -0.0796, disc_weight 0.4000, disc_adaptive_weight 6.5853, d_loss 0.4023, logits_real 0.0768, logits_fake 0.0798,
Train Epoch: [4/30] Iters:[1010/1093] gen_loss -0.3611, rec_loss 0.0108, lpips_loss 0.1335, g_loss -0.0798, disc_weight 0.4000, disc_adaptive_weight 6.3410, d_loss 0.4023, logits_real 0.0769, logits_fake 0.0796,
Train Epoch: [4/30] Iters:[1020/1093] gen_loss -0.3256, rec_loss 0.0109, lpips_loss 0.1333, g_loss -0.0797, disc_weight 0.4000, disc_adaptive_weight 5.8955, d_loss 0.4023, logits_real 0.0769, logits_fake 0.0796,
Train Epoch: [4/30] Iters:[1030/1093] gen_loss -0.3228, rec_loss 0.0110, lpips_loss 0.1335, g_loss -0.0795, disc_weight 0.4000, disc_adaptive_weight 5.8791, d_loss 0.4023, logits_real 0.0767, logits_fake 0.0795,
Train Epoch: [4/30] Iters:[1040/1093] gen_loss -0.3247, rec_loss 0.0109, lpips_loss 0.1335, g_loss -0.0794, disc_weight 0.4000, disc_adaptive_weight 5.9070, d_loss 0.4023, logits_real 0.0765, logits_fake 0.0794,
Train Epoch: [4/30] Iters:[1050/1093] gen_loss -0.3235, rec_loss 0.0109, lpips_loss 0.1337, g_loss -0.0794, disc_weight 0.4000, disc_adaptive_weight 5.8963, d_loss 0.4023, logits_real 0.0765, logits_fake 0.0795,
Train Epoch: [4/30] Iters:[1060/1093] gen_loss -0.3235, rec_loss 0.0108, lpips_loss 0.1337, g_loss -0.0793, disc_weight 0.4000, disc_adaptive_weight 5.9034, d_loss 0.4023, logits_real 0.0766, logits_fake 0.0796,
Train Epoch: [4/30] Iters:[1070/1093] gen_loss -0.3203, rec_loss 0.0109, lpips_loss 0.1338, g_loss -0.0793, disc_weight 0.4000, disc_adaptive_weight 5.8614, d_loss 0.4023, logits_real 0.0767, logits_fake 0.0795,
Train Epoch: [4/30] Iters:[1080/1093] gen_loss -0.3148, rec_loss 0.0110, lpips_loss 0.1338, g_loss -0.0796, disc_weight 0.4000, disc_adaptive_weight 5.7774, d_loss 0.4022, logits_real 0.0769, logits_fake 0.0794,
Train Epoch: [4/30] Iters:[1090/1093] gen_loss -0.2840, rec_loss 0.0109, lpips_loss 0.1336, g_loss -0.0796, disc_weight 0.4000, disc_adaptive_weight 5.3908, d_loss 0.4022, logits_real 0.0770, logits_fake 0.0796,
epoch:5, cur_lr:0.000010
Train Epoch: [5/30] Iters:[10/1093] gen_loss -0.2873, rec_loss 0.0107, lpips_loss 0.1323, g_loss -0.0795, disc_weight 0.4000, disc_adaptive_weight 5.4170, d_loss 0.4024, logits_real 0.0761, logits_fake 0.0799,
Train Epoch: [5/30] Iters:[20/1093] gen_loss -0.3031, rec_loss 0.0106, lpips_loss 0.1330, g_loss -0.0791, disc_weight 0.4000, disc_adaptive_weight 5.6488, d_loss 0.4023, logits_real 0.0761, logits_fake 0.0792,
Train Epoch: [5/30] Iters:[30/1093] gen_loss -0.3208, rec_loss 0.0107, lpips_loss 0.1333, g_loss -0.0790, disc_weight 0.4000, disc_adaptive_weight 5.8829, d_loss 0.4023, logits_real 0.0762, logits_fake 0.0791,
Train Epoch: [5/30] Iters:[40/1093] gen_loss -0.3358, rec_loss 0.0109, lpips_loss 0.1335, g_loss -0.0789, disc_weight 0.4000, disc_adaptive_weight 6.0839, d_loss 0.4023, logits_real 0.0763, logits_fake 0.0792,
Train Epoch: [5/30] Iters:[50/1093] gen_loss -0.3285, rec_loss 0.0109, lpips_loss 0.1332, g_loss -0.0790, disc_weight 0.4000, disc_adaptive_weight 5.9833, d_loss 0.4022, logits_real 0.0765, logits_fake 0.0793,
Train Epoch: [5/30] Iters:[60/1093] gen_loss -0.3463, rec_loss 0.0110, lpips_loss 0.1336, g_loss -0.0789, disc_weight 0.4000, disc_adaptive_weight 6.2230, d_loss 0.4022, logits_real 0.0764, logits_fake 0.0791,
Train Epoch: [5/30] Iters:[70/1093] gen_loss -0.3310, rec_loss 0.0111, lpips_loss 0.1336, g_loss -0.0787, disc_weight 0.4000, disc_adaptive_weight 6.0421, d_loss 0.4022, logits_real 0.0763, logits_fake 0.0791,
Train Epoch: [5/30] Iters:[80/1093] gen_loss -0.3297, rec_loss 0.0111, lpips_loss 0.1333, g_loss -0.0783, disc_weight 0.4000, disc_adaptive_weight 6.0615, d_loss 0.4022, logits_real 0.0759, logits_fake 0.0787,
Train Epoch: [5/30] Iters:[90/1093] gen_loss -0.3067, rec_loss 0.0111, lpips_loss 0.1338, g_loss -0.0779, disc_weight 0.4000, disc_adaptive_weight 5.8039, d_loss 0.4022, logits_real 0.0753, logits_fake 0.0782,
Train Epoch: [5/30] Iters:[100/1093] gen_loss -0.2985, rec_loss 0.0111, lpips_loss 0.1338, g_loss -0.0773, disc_weight 0.4000, disc_adaptive_weight 5.7368, d_loss 0.4022, logits_real 0.0747, logits_fake 0.0776,
Train Epoch: [5/30] Iters:[110/1093] gen_loss -0.2811, rec_loss 0.0111, lpips_loss 0.1335, g_loss -0.0767, disc_weight 0.4000, disc_adaptive_weight 5.5561, d_loss 0.4022, logits_real 0.0742, logits_fake 0.0770,
Train Epoch: [5/30] Iters:[120/1093] gen_loss -0.2816, rec_loss 0.0110, lpips_loss 0.1333, g_loss -0.0762, disc_weight 0.4000, disc_adaptive_weight 5.5884, d_loss 0.4022, logits_real 0.0737, logits_fake 0.0765,
Train Epoch: [5/30] Iters:[130/1093] gen_loss -0.2705, rec_loss 0.0110, lpips_loss 0.1333, g_loss -0.0762, disc_weight 0.4000, disc_adaptive_weight 5.4418, d_loss 0.4022, logits_real 0.0737, logits_fake 0.0764,
Train Epoch: [5/30] Iters:[140/1093] gen_loss -0.2709, rec_loss 0.0108, lpips_loss 0.1326, g_loss -0.0764, disc_weight 0.4000, disc_adaptive_weight 5.4240, d_loss 0.4021, logits_real 0.0739, logits_fake 0.0765,
Train Epoch: [5/30] Iters:[150/1093] gen_loss -0.2875, rec_loss 0.0108, lpips_loss 0.1327, g_loss -0.0765, disc_weight 0.4000, disc_adaptive_weight 5.6288, d_loss 0.4021, logits_real 0.0740, logits_fake 0.0767,
Train Epoch: [5/30] Iters:[160/1093] gen_loss -0.2922, rec_loss 0.0109, lpips_loss 0.1330, g_loss -0.0769, disc_weight 0.4000, disc_adaptive_weight 5.6666, d_loss 0.4021, logits_real 0.0744, logits_fake 0.0771,
Train Epoch: [5/30] Iters:[170/1093] gen_loss -0.3031, rec_loss 0.0109, lpips_loss 0.1331, g_loss -0.0773, disc_weight 0.4000, disc_adaptive_weight 5.7858, d_loss 0.4021, logits_real 0.0747, logits_fake 0.0773,
Train Epoch: [5/30] Iters:[180/1093] gen_loss -0.2990, rec_loss 0.0109, lpips_loss 0.1330, g_loss -0.0774, disc_weight 0.4000, disc_adaptive_weight 5.7168, d_loss 0.4021, logits_real 0.0750, logits_fake 0.0776,
Train Epoch: [5/30] Iters:[190/1093] gen_loss -0.2955, rec_loss 0.0109, lpips_loss 0.1332, g_loss -0.0773, disc_weight 0.4000, disc_adaptive_weight 5.6846, d_loss 0.4021, logits_real 0.0751, logits_fake 0.0778,
Train Epoch: [5/30] Iters:[200/1093] gen_loss -0.2819, rec_loss 0.0110, lpips_loss 0.1334, g_loss -0.0772, disc_weight 0.4000, disc_adaptive_weight 5.5222, d_loss 0.4021, logits_real 0.0751, logits_fake 0.0775,
Train Epoch: [5/30] Iters:[210/1093] gen_loss -0.2734, rec_loss 0.0109, lpips_loss 0.1333, g_loss -0.0770, disc_weight 0.4000, disc_adaptive_weight 5.4238, d_loss 0.4021, logits_real 0.0749, logits_fake 0.0774,
Train Epoch: [5/30] Iters:[220/1093] gen_loss -0.2763, rec_loss 0.0110, lpips_loss 0.1333, g_loss -0.0769, disc_weight 0.4000, disc_adaptive_weight 5.4677, d_loss 0.4020, logits_real 0.0749, logits_fake 0.0773,
Train Epoch: [5/30] Iters:[230/1093] gen_loss -0.2900, rec_loss 0.0109, lpips_loss 0.1335, g_loss -0.0768, disc_weight 0.4000, disc_adaptive_weight 5.6511, d_loss 0.4020, logits_real 0.0749, logits_fake 0.0774,
Train Epoch: [5/30] Iters:[240/1093] gen_loss -0.3161, rec_loss 0.0108, lpips_loss 0.1332, g_loss -0.0771, disc_weight 0.4000, disc_adaptive_weight 5.9661, d_loss 0.4020, logits_real 0.0751, logits_fake 0.0774,
Train Epoch: [5/30] Iters:[250/1093] gen_loss -0.3392, rec_loss 0.0108, lpips_loss 0.1330, g_loss -0.0776, disc_weight 0.4000, disc_adaptive_weight 6.2158, d_loss 0.4020, logits_real 0.0754, logits_fake 0.0778,
Train Epoch: [5/30] Iters:[260/1093] gen_loss -0.3471, rec_loss 0.0110, lpips_loss 0.1329, g_loss -0.0781, disc_weight 0.4000, disc_adaptive_weight 6.2810, d_loss 0.4020, logits_real 0.0758, logits_fake 0.0782,
Train Epoch: [5/30] Iters:[270/1093] gen_loss -0.3625, rec_loss 0.0109, lpips_loss 0.1330, g_loss -0.0784, disc_weight 0.4000, disc_adaptive_weight 6.4625, d_loss 0.4020, logits_real 0.0761, logits_fake 0.0785,
Train Epoch: [5/30] Iters:[280/1093] gen_loss -0.3876, rec_loss 0.0110, lpips_loss 0.1334, g_loss -0.0786, disc_weight 0.4000, disc_adaptive_weight 6.7697, d_loss 0.4020, logits_real 0.0760, logits_fake 0.0785,
Train Epoch: [5/30] Iters:[290/1093] gen_loss -0.3759, rec_loss 0.0113, lpips_loss 0.1343, g_loss -0.0786, disc_weight 0.4000, disc_adaptive_weight 6.6337, d_loss 0.4021, logits_real 0.0759, logits_fake 0.0784,
Train Epoch: [5/30] Iters:[300/1093] gen_loss -0.3505, rec_loss 0.0112, lpips_loss 0.1341, g_loss -0.0782, disc_weight 0.4000, disc_adaptive_weight 6.3384, d_loss 0.4020, logits_real 0.0757, logits_fake 0.0781,
Train Epoch: [5/30] Iters:[310/1093] gen_loss -0.3425, rec_loss 0.0110, lpips_loss 0.1340, g_loss -0.0776, disc_weight 0.4000, disc_adaptive_weight 6.2731, d_loss 0.4020, logits_real 0.0755, logits_fake 0.0776,
Train Epoch: [5/30] Iters:[320/1093] gen_loss -0.3445, rec_loss 0.0112, lpips_loss 0.1342, g_loss -0.0776, disc_weight 0.4000, disc_adaptive_weight 6.3018, d_loss 0.4020, logits_real 0.0752, logits_fake 0.0775,
Train Epoch: [5/30] Iters:[330/1093] gen_loss -0.3110, rec_loss 0.0113, lpips_loss 0.1342, g_loss -0.0777, disc_weight 0.4000, disc_adaptive_weight 5.8694, d_loss 0.4020, logits_real 0.0754, logits_fake 0.0776,
Train Epoch: [5/30] Iters:[340/1093] gen_loss -0.3259, rec_loss 0.0112, lpips_loss 0.1334, g_loss -0.0779, disc_weight 0.4000, disc_adaptive_weight 6.0236, d_loss 0.4019, logits_real 0.0753, logits_fake 0.0774,
Train Epoch: [5/30] Iters:[350/1093] gen_loss -0.3384, rec_loss 0.0111, lpips_loss 0.1335, g_loss -0.0778, disc_weight 0.4000, disc_adaptive_weight 6.2006, d_loss 0.4020, logits_real 0.0752, logits_fake 0.0773,
Train Epoch: [5/30] Iters:[360/1093] gen_loss -0.3519, rec_loss 0.0112, lpips_loss 0.1334, g_loss -0.0782, disc_weight 0.4000, disc_adaptive_weight 6.3438, d_loss 0.4020, logits_real 0.0751, logits_fake 0.0773,
Train Epoch: [5/30] Iters:[370/1093] gen_loss -0.3292, rec_loss 0.0111, lpips_loss 0.1331, g_loss -0.0782, disc_weight 0.4000, disc_adaptive_weight 6.0560, d_loss 0.4020, logits_real 0.0747, logits_fake 0.0772,
Train Epoch: [5/30] Iters:[380/1093] gen_loss -0.3377, rec_loss 0.0109, lpips_loss 0.1329, g_loss -0.0779, disc_weight 0.4000, disc_adaptive_weight 6.1774, d_loss 0.4020, logits_real 0.0747, logits_fake 0.0771,
Train Epoch: [5/30] Iters:[390/1093] gen_loss -0.3162, rec_loss 0.0108, lpips_loss 0.1331, g_loss -0.0776, disc_weight 0.4000, disc_adaptive_weight 5.9290, d_loss 0.4020, logits_real 0.0748, logits_fake 0.0774,
Train Epoch: [5/30] Iters:[400/1093] gen_loss -0.3075, rec_loss 0.0108, lpips_loss 0.1334, g_loss -0.0779, disc_weight 0.4000, disc_adaptive_weight 5.7987, d_loss 0.4020, logits_real 0.0748, logits_fake 0.0775,
Train Epoch: [5/30] Iters:[410/1093] gen_loss -0.3229, rec_loss 0.0109, lpips_loss 0.1343, g_loss -0.0776, disc_weight 0.4000, disc_adaptive_weight 6.0281, d_loss 0.4021, logits_real 0.0745, logits_fake 0.0776,
Train Epoch: [5/30] Iters:[420/1093] gen_loss -0.3337, rec_loss 0.0110, lpips_loss 0.1344, g_loss -0.0774, disc_weight 0.4000, disc_adaptive_weight 6.1887, d_loss 0.4020, logits_real 0.0745, logits_fake 0.0772,
Train Epoch: [5/30] Iters:[430/1093] gen_loss -0.3244, rec_loss 0.0111, lpips_loss 0.1350, g_loss -0.0770, disc_weight 0.4000, disc_adaptive_weight 6.1102, d_loss 0.4020, logits_real 0.0740, logits_fake 0.0769,
Train Epoch: [5/30] Iters:[440/1093] gen_loss -0.3360, rec_loss 0.0112, lpips_loss 0.1353, g_loss -0.0767, disc_weight 0.4000, disc_adaptive_weight 6.2934, d_loss 0.4020, logits_real 0.0735, logits_fake 0.0763,
Train Epoch: [5/30] Iters:[450/1093] gen_loss -0.3397, rec_loss 0.0112, lpips_loss 0.1354, g_loss -0.0762, disc_weight 0.4000, disc_adaptive_weight 6.3745, d_loss 0.4020, logits_real 0.0734, logits_fake 0.0759,
Train Epoch: [5/30] Iters:[460/1093] gen_loss -0.3100, rec_loss 0.0111, lpips_loss 0.1346, g_loss -0.0760, disc_weight 0.4000, disc_adaptive_weight 5.9906, d_loss 0.4020, logits_real 0.0734, logits_fake 0.0758,
Train Epoch: [5/30] Iters:[470/1093] gen_loss -0.3160, rec_loss 0.0111, lpips_loss 0.1344, g_loss -0.0760, disc_weight 0.4000, disc_adaptive_weight 6.0675, d_loss 0.4020, logits_real 0.0733, logits_fake 0.0759,
Train Epoch: [5/30] Iters:[480/1093] gen_loss -0.3225, rec_loss 0.0110, lpips_loss 0.1337, g_loss -0.0761, disc_weight 0.4000, disc_adaptive_weight 6.1333, d_loss 0.4020, logits_real 0.0735, logits_fake 0.0760,
Train Epoch: [5/30] Iters:[490/1093] gen_loss -0.3472, rec_loss 0.0108, lpips_loss 0.1332, g_loss -0.0761, disc_weight 0.4000, disc_adaptive_weight 6.4478, d_loss 0.4020, logits_real 0.0735, logits_fake 0.0761,
Train Epoch: [5/30] Iters:[500/1093] gen_loss -0.3413, rec_loss 0.0108, lpips_loss 0.1332, g_loss -0.0760, disc_weight 0.4000, disc_adaptive_weight 6.3810, d_loss 0.4020, logits_real 0.0735, logits_fake 0.0762,
Train Epoch: [5/30] Iters:[510/1093] gen_loss -0.3497, rec_loss 0.0108, lpips_loss 0.1333, g_loss -0.0760, disc_weight 0.4000, disc_adaptive_weight 6.4942, d_loss 0.4020, logits_real 0.0734, logits_fake 0.0759,
Train Epoch: [5/30] Iters:[520/1093] gen_loss -0.3171, rec_loss 0.0107, lpips_loss 0.1332, g_loss -0.0758, disc_weight 0.4000, disc_adaptive_weight 6.0748, d_loss 0.4019, logits_real 0.0734, logits_fake 0.0759,
Train Epoch: [5/30] Iters:[530/1093] gen_loss -0.3186, rec_loss 0.0106, lpips_loss 0.1331, g_loss -0.0757, disc_weight 0.4000, disc_adaptive_weight 6.1039, d_loss 0.4019, logits_real 0.0733, logits_fake 0.0758,
Train Epoch: [5/30] Iters:[540/1093] gen_loss -0.2686, rec_loss 0.0108, lpips_loss 0.1333, g_loss -0.0755, disc_weight 0.4000, disc_adaptive_weight 5.4658, d_loss 0.4020, logits_real 0.0731, logits_fake 0.0757,
Train Epoch: [5/30] Iters:[550/1093] gen_loss -0.2733, rec_loss 0.0108, lpips_loss 0.1332, g_loss -0.0755, disc_weight 0.4000, disc_adaptive_weight 5.5303, d_loss 0.4019, logits_real 0.0727, logits_fake 0.0753,
Train Epoch: [5/30] Iters:[560/1093] gen_loss -0.2819, rec_loss 0.0107, lpips_loss 0.1330, g_loss -0.0749, disc_weight 0.4000, disc_adaptive_weight 5.6861, d_loss 0.4019, logits_real 0.0723, logits_fake 0.0748,
Train Epoch: [5/30] Iters:[570/1093] gen_loss -0.3035, rec_loss 0.0111, lpips_loss 0.1339, g_loss -0.0746, disc_weight 0.4000, disc_adaptive_weight 6.0200, d_loss 0.4019, logits_real 0.0717, logits_fake 0.0743,
Train Epoch: [5/30] Iters:[580/1093] gen_loss -0.2961, rec_loss 0.0111, lpips_loss 0.1341, g_loss -0.0741, disc_weight 0.4000, disc_adaptive_weight 5.9662, d_loss 0.4019, logits_real 0.0713, logits_fake 0.0738,
Train Epoch: [5/30] Iters:[590/1093] gen_loss -0.3081, rec_loss 0.0112, lpips_loss 0.1342, g_loss -0.0735, disc_weight 0.4000, disc_adaptive_weight 6.1646, d_loss 0.4019, logits_real 0.0709, logits_fake 0.0733,
Train Epoch: [5/30] Iters:[600/1093] gen_loss -0.2935, rec_loss 0.0111, lpips_loss 0.1339, g_loss -0.0731, disc_weight 0.4000, disc_adaptive_weight 5.9942, d_loss 0.4019, logits_real 0.0706, logits_fake 0.0732,
Train Epoch: [5/30] Iters:[610/1093] gen_loss -0.2625, rec_loss 0.0111, lpips_loss 0.1341, g_loss -0.0727, disc_weight 0.4000, disc_adaptive_weight 5.5977, d_loss 0.4019, logits_real 0.0703, logits_fake 0.0730,
Train Epoch: [5/30] Iters:[620/1093] gen_loss -0.2577, rec_loss 0.0110, lpips_loss 0.1333, g_loss -0.0725, disc_weight 0.4000, disc_adaptive_weight 5.5443, d_loss 0.4019, logits_real 0.0701, logits_fake 0.0726,
Train Epoch: [5/30] Iters:[630/1093] gen_loss -0.2435, rec_loss 0.0109, lpips_loss 0.1328, g_loss -0.0721, disc_weight 0.4000, disc_adaptive_weight 5.3675, d_loss 0.4019, logits_real 0.0697, logits_fake 0.0722,
Train Epoch: [5/30] Iters:[640/1093] gen_loss -0.2364, rec_loss 0.0107, lpips_loss 0.1322, g_loss -0.0718, disc_weight 0.4000, disc_adaptive_weight 5.2853, d_loss 0.4019, logits_real 0.0693, logits_fake 0.0717,
Train Epoch: [5/30] Iters:[650/1093] gen_loss -0.2251, rec_loss 0.0109, lpips_loss 0.1321, g_loss -0.0714, disc_weight 0.4000, disc_adaptive_weight 5.1548, d_loss 0.4018, logits_real 0.0691, logits_fake 0.0714,
Train Epoch: [5/30] Iters:[660/1093] gen_loss -0.2443, rec_loss 0.0108, lpips_loss 0.1320, g_loss -0.0711, disc_weight 0.4000, disc_adaptive_weight 5.4435, d_loss 0.4018, logits_real 0.0689, logits_fake 0.0712,
Train Epoch: [5/30] Iters:[670/1093] gen_loss -0.2278, rec_loss 0.0108, lpips_loss 0.1321, g_loss -0.0709, disc_weight 0.4000, disc_adaptive_weight 5.2268, d_loss 0.4018, logits_real 0.0688, logits_fake 0.0710,
Train Epoch: [5/30] Iters:[680/1093] gen_loss -0.2397, rec_loss 0.0109, lpips_loss 0.1328, g_loss -0.0709, disc_weight 0.4000, disc_adaptive_weight 5.4043, d_loss 0.4018, logits_real 0.0689, logits_fake 0.0712,
Train Epoch: [5/30] Iters:[690/1093] gen_loss -0.2751, rec_loss 0.0110, lpips_loss 0.1333, g_loss -0.0710, disc_weight 0.4000, disc_adaptive_weight 5.9038, d_loss 0.4018, logits_real 0.0689, logits_fake 0.0713,
Train Epoch: [5/30] Iters:[700/1093] gen_loss -0.3106, rec_loss 0.0109, lpips_loss 0.1334, g_loss -0.0712, disc_weight 0.4000, disc_adaptive_weight 6.3830, d_loss 0.4018, logits_real 0.0690, logits_fake 0.0715,
Train Epoch: [5/30] Iters:[710/1093] gen_loss -0.3093, rec_loss 0.0111, lpips_loss 0.1337, g_loss -0.0715, disc_weight 0.4000, disc_adaptive_weight 6.3455, d_loss 0.4018, logits_real 0.0693, logits_fake 0.0717,
Train Epoch: [5/30] Iters:[720/1093] gen_loss -0.3434, rec_loss 0.0112, lpips_loss 0.1336, g_loss -0.0718, disc_weight 0.4000, disc_adaptive_weight 6.7964, d_loss 0.4019, logits_real 0.0697, logits_fake 0.0722,
Train Epoch: [5/30] Iters:[730/1093] gen_loss -0.3491, rec_loss 0.0110, lpips_loss 0.1331, g_loss -0.0718, disc_weight 0.4000, disc_adaptive_weight 6.8680, d_loss 0.4018, logits_real 0.0696, logits_fake 0.0721,
Train Epoch: [5/30] Iters:[740/1093] gen_loss -0.3092, rec_loss 0.0110, lpips_loss 0.1328, g_loss -0.0717, disc_weight 0.4000, disc_adaptive_weight 6.3122, d_loss 0.4018, logits_real 0.0696, logits_fake 0.0721,
Train Epoch: [5/30] Iters:[750/1093] gen_loss -0.2954, rec_loss 0.0110, lpips_loss 0.1328, g_loss -0.0713, disc_weight 0.4000, disc_adaptive_weight 6.1525, d_loss 0.4018, logits_real 0.0693, logits_fake 0.0718,
Train Epoch: [5/30] Iters:[760/1093] gen_loss -0.2979, rec_loss 0.0109, lpips_loss 0.1328, g_loss -0.0710, disc_weight 0.4000, disc_adaptive_weight 6.2121, d_loss 0.4018, logits_real 0.0689, logits_fake 0.0714,
Train Epoch: [5/30] Iters:[770/1093] gen_loss -0.2913, rec_loss 0.0108, lpips_loss 0.1327, g_loss -0.0709, disc_weight 0.4000, disc_adaptive_weight 6.1358, d_loss 0.4018, logits_real 0.0687, logits_fake 0.0711,
Train Epoch: [5/30] Iters:[780/1093] gen_loss -0.2953, rec_loss 0.0109, lpips_loss 0.1327, g_loss -0.0707, disc_weight 0.4000, disc_adaptive_weight 6.2043, d_loss 0.4018, logits_real 0.0685, logits_fake 0.0710,
Train Epoch: [5/30] Iters:[790/1093] gen_loss -0.2890, rec_loss 0.0108, lpips_loss 0.1329, g_loss -0.0706, disc_weight 0.4000, disc_adaptive_weight 6.1213, d_loss 0.4018, logits_real 0.0683, logits_fake 0.0707,
Train Epoch: [5/30] Iters:[800/1093] gen_loss -0.3073, rec_loss 0.0109, lpips_loss 0.1334, g_loss -0.0707, disc_weight 0.4000, disc_adaptive_weight 6.3831, d_loss 0.4018, logits_real 0.0682, logits_fake 0.0706,
Train Epoch: [5/30] Iters:[810/1093] gen_loss -0.3290, rec_loss 0.0109, lpips_loss 0.1335, g_loss -0.0706, disc_weight 0.4000, disc_adaptive_weight 6.7147, d_loss 0.4018, logits_real 0.0679, logits_fake 0.0705,
Train Epoch: [5/30] Iters:[820/1093] gen_loss -0.3175, rec_loss 0.0111, lpips_loss 0.1340, g_loss -0.0701, disc_weight 0.4000, disc_adaptive_weight 6.6071, d_loss 0.4018, logits_real 0.0674, logits_fake 0.0700,
Train Epoch: [5/30] Iters:[830/1093] gen_loss -0.3168, rec_loss 0.0112, lpips_loss 0.1341, g_loss -0.0696, disc_weight 0.4000, disc_adaptive_weight 6.6394, d_loss 0.4018, logits_real 0.0669, logits_fake 0.0696,
Train Epoch: [5/30] Iters:[840/1093] gen_loss -0.3410, rec_loss 0.0113, lpips_loss 0.1340, g_loss -0.0693, disc_weight 0.4000, disc_adaptive_weight 7.0144, d_loss 0.4019, logits_real 0.0666, logits_fake 0.0694,
Train Epoch: [5/30] Iters:[850/1093] gen_loss -0.3143, rec_loss 0.0112, lpips_loss 0.1338, g_loss -0.0690, disc_weight 0.4000, disc_adaptive_weight 6.6568, d_loss 0.4019, logits_real 0.0664, logits_fake 0.0691,
Train Epoch: [5/30] Iters:[860/1093] gen_loss -0.2888, rec_loss 0.0112, lpips_loss 0.1334, g_loss -0.0688, disc_weight 0.4000, disc_adaptive_weight 6.3009, d_loss 0.4018, logits_real 0.0662, logits_fake 0.0688,
Train Epoch: [5/30] Iters:[870/1093] gen_loss -0.2786, rec_loss 0.0110, lpips_loss 0.1329, g_loss -0.0688, disc_weight 0.4000, disc_adaptive_weight 6.1488, d_loss 0.4018, logits_real 0.0662, logits_fake 0.0688,
Train Epoch: [5/30] Iters:[880/1093] gen_loss -0.2586, rec_loss 0.0110, lpips_loss 0.1328, g_loss -0.0687, disc_weight 0.4000, disc_adaptive_weight 5.8672, d_loss 0.4018, logits_real 0.0662, logits_fake 0.0688,
Train Epoch: [5/30] Iters:[890/1093] gen_loss -0.2534, rec_loss 0.0110, lpips_loss 0.1329, g_loss -0.0686, disc_weight 0.4000, disc_adaptive_weight 5.7992, d_loss 0.4018, logits_real 0.0661, logits_fake 0.0687,
Train Epoch: [5/30] Iters:[900/1093] gen_loss -0.2579, rec_loss 0.0110, lpips_loss 0.1321, g_loss -0.0683, disc_weight 0.4000, disc_adaptive_weight 5.8752, d_loss 0.4018, logits_real 0.0658, logits_fake 0.0684,
Train Epoch: [5/30] Iters:[910/1093] gen_loss -0.2590, rec_loss 0.0108, lpips_loss 0.1326, g_loss -0.0681, disc_weight 0.4000, disc_adaptive_weight 5.9119, d_loss 0.4019, logits_real 0.0657, logits_fake 0.0685,
Train Epoch: [5/30] Iters:[920/1093] gen_loss -0.2649, rec_loss 0.0109, lpips_loss 0.1333, g_loss -0.0680, disc_weight 0.4000, disc_adaptive_weight 6.0228, d_loss 0.4019, logits_real 0.0654, logits_fake 0.0683,
Train Epoch: [5/30] Iters:[930/1093] gen_loss -0.3089, rec_loss 0.0109, lpips_loss 0.1337, g_loss -0.0680, disc_weight 0.4000, disc_adaptive_weight 6.6727, d_loss 0.4019, logits_real 0.0654, logits_fake 0.0682,
Train Epoch: [5/30] Iters:[940/1093] gen_loss -0.2991, rec_loss 0.0109, lpips_loss 0.1341, g_loss -0.0681, disc_weight 0.4000, disc_adaptive_weight 6.5204, d_loss 0.4018, logits_real 0.0655, logits_fake 0.0682,
Train Epoch: [5/30] Iters:[950/1093] gen_loss -0.3154, rec_loss 0.0110, lpips_loss 0.1351, g_loss -0.0686, disc_weight 0.4000, disc_adaptive_weight 6.7288, d_loss 0.4018, logits_real 0.0660, logits_fake 0.0686,
Train Epoch: [5/30] Iters:[960/1093] gen_loss -0.3303, rec_loss 0.0111, lpips_loss 0.1346, g_loss -0.0692, disc_weight 0.4000, disc_adaptive_weight 6.8817, d_loss 0.4018, logits_real 0.0665, logits_fake 0.0688,
Train Epoch: [5/30] Iters:[970/1093] gen_loss -0.3402, rec_loss 0.0110, lpips_loss 0.1335, g_loss -0.0699, disc_weight 0.4000, disc_adaptive_weight 6.9407, d_loss 0.4017, logits_real 0.0672, logits_fake 0.0694,
Train Epoch: [5/30] Iters:[980/1093] gen_loss -0.3091, rec_loss 0.0110, lpips_loss 0.1331, g_loss -0.0707, disc_weight 0.4000, disc_adaptive_weight 6.4087, d_loss 0.4017, logits_real 0.0679, logits_fake 0.0702,
Train Epoch: [5/30] Iters:[990/1093] gen_loss -0.3159, rec_loss 0.0110, lpips_loss 0.1331, g_loss -0.0710, disc_weight 0.4000, disc_adaptive_weight 6.4837, d_loss 0.4017, logits_real 0.0684, logits_fake 0.0706,
Train Epoch: [5/30] Iters:[1000/1093] gen_loss -0.3025, rec_loss 0.0109, lpips_loss 0.1324, g_loss -0.0709, disc_weight 0.4000, disc_adaptive_weight 6.2867, d_loss 0.4017, logits_real 0.0684, logits_fake 0.0706,
Train Epoch: [5/30] Iters:[1010/1093] gen_loss -0.2914, rec_loss 0.0111, lpips_loss 0.1332, g_loss -0.0707, disc_weight 0.4000, disc_adaptive_weight 6.1633, d_loss 0.4018, logits_real 0.0680, logits_fake 0.0704,
Train Epoch: [5/30] Iters:[1020/1093] gen_loss -0.2778, rec_loss 0.0111, lpips_loss 0.1333, g_loss -0.0704, disc_weight 0.4000, disc_adaptive_weight 6.0022, d_loss 0.4018, logits_real 0.0678, logits_fake 0.0703,
Train Epoch: [5/30] Iters:[1030/1093] gen_loss -0.2637, rec_loss 0.0111, lpips_loss 0.1337, g_loss -0.0700, disc_weight 0.4000, disc_adaptive_weight 5.8385, d_loss 0.4017, logits_real 0.0677, logits_fake 0.0699,
Train Epoch: [5/30] Iters:[1040/1093] gen_loss -0.2594, rec_loss 0.0110, lpips_loss 0.1331, g_loss -0.0697, disc_weight 0.4000, disc_adaptive_weight 5.7885, d_loss 0.4016, logits_real 0.0677, logits_fake 0.0695,
Train Epoch: [5/30] Iters:[1050/1093] gen_loss -0.2643, rec_loss 0.0110, lpips_loss 0.1338, g_loss -0.0699, disc_weight 0.4000, disc_adaptive_weight 5.8482, d_loss 0.4017, logits_real 0.0674, logits_fake 0.0694,
Train Epoch: [5/30] Iters:[1060/1093] gen_loss -0.2491, rec_loss 0.0108, lpips_loss 0.1335, g_loss -0.0700, disc_weight 0.4000, disc_adaptive_weight 5.6184, d_loss 0.4017, logits_real 0.0677, logits_fake 0.0697,
Train Epoch: [5/30] Iters:[1070/1093] gen_loss -0.2588, rec_loss 0.0109, lpips_loss 0.1341, g_loss -0.0700, disc_weight 0.4000, disc_adaptive_weight 5.7652, d_loss 0.4017, logits_real 0.0675, logits_fake 0.0697,
Train Epoch: [5/30] Iters:[1080/1093] gen_loss -0.2727, rec_loss 0.0109, lpips_loss 0.1340, g_loss -0.0698, disc_weight 0.4000, disc_adaptive_weight 5.9755, d_loss 0.4018, logits_real 0.0672, logits_fake 0.0697,
Train Epoch: [5/30] Iters:[1090/1093] gen_loss -0.2871, rec_loss 0.0110, lpips_loss 0.1347, g_loss -0.0701, disc_weight 0.4000, disc_adaptive_weight 6.1762, d_loss 0.4018, logits_real 0.0671, logits_fake 0.0698,
Loading pretrained model LPIPS from /home/sunset/.cache/torch/hub/pyiqa/LPIPS_v0.1_alex-df73285e.pth
epoch:6, cur_lr:0.000010
Train Epoch: [6/30] Iters:[10/1093] gen_loss -0.3351, rec_loss 0.0111, lpips_loss 0.1337, g_loss -0.0697, disc_weight 0.4000, disc_adaptive_weight 6.8792, d_loss 0.4017, logits_real 0.0681, logits_fake 0.0705,
Train Epoch: [6/30] Iters:[20/1093] gen_loss -0.2828, rec_loss 0.0113, lpips_loss 0.1336, g_loss -0.0699, disc_weight 0.4000, disc_adaptive_weight 6.1208, d_loss 0.4017, logits_real 0.0675, logits_fake 0.0699,
Train Epoch: [6/30] Iters:[30/1093] gen_loss -0.2872, rec_loss 0.0111, lpips_loss 0.1326, g_loss -0.0696, disc_weight 0.4000, disc_adaptive_weight 6.1874, d_loss 0.4017, logits_real 0.0672, logits_fake 0.0696,
Train Epoch: [6/30] Iters:[40/1093] gen_loss -0.2862, rec_loss 0.0111, lpips_loss 0.1331, g_loss -0.0694, disc_weight 0.4000, disc_adaptive_weight 6.2018, d_loss 0.4017, logits_real 0.0671, logits_fake 0.0696,
Train Epoch: [6/30] Iters:[50/1093] gen_loss -0.2734, rec_loss 0.0110, lpips_loss 0.1331, g_loss -0.0693, disc_weight 0.4000, disc_adaptive_weight 6.0235, d_loss 0.4017, logits_real 0.0670, logits_fake 0.0694,
Train Epoch: [6/30] Iters:[60/1093] gen_loss -0.2954, rec_loss 0.0111, lpips_loss 0.1333, g_loss -0.0693, disc_weight 0.4000, disc_adaptive_weight 6.3509, d_loss 0.4017, logits_real 0.0666, logits_fake 0.0690,
Train Epoch: [6/30] Iters:[70/1093] gen_loss -0.3256, rec_loss 0.0111, lpips_loss 0.1334, g_loss -0.0690, disc_weight 0.4000, disc_adaptive_weight 6.8137, d_loss 0.4017, logits_real 0.0664, logits_fake 0.0690,
Train Epoch: [6/30] Iters:[80/1093] gen_loss -0.3133, rec_loss 0.0111, lpips_loss 0.1338, g_loss -0.0690, disc_weight 0.4000, disc_adaptive_weight 6.6354, d_loss 0.4017, logits_real 0.0665, logits_fake 0.0691,
Train Epoch: [6/30] Iters:[90/1093] gen_loss -0.3106, rec_loss 0.0111, lpips_loss 0.1337, g_loss -0.0695, disc_weight 0.4000, disc_adaptive_weight 6.5568, d_loss 0.4017, logits_real 0.0668, logits_fake 0.0692,
Train Epoch: [6/30] Iters:[100/1093] gen_loss -0.3282, rec_loss 0.0112, lpips_loss 0.1345, g_loss -0.0697, disc_weight 0.4000, disc_adaptive_weight 6.7986, d_loss 0.4017, logits_real 0.0670, logits_fake 0.0695,
Train Epoch: [6/30] Iters:[110/1093] gen_loss -0.2991, rec_loss 0.0111, lpips_loss 0.1342, g_loss -0.0698, disc_weight 0.4000, disc_adaptive_weight 6.3644, d_loss 0.4017, logits_real 0.0674, logits_fake 0.0699,
Train Epoch: [6/30] Iters:[120/1093] gen_loss -0.2908, rec_loss 0.0109, lpips_loss 0.1339, g_loss -0.0703, disc_weight 0.4000, disc_adaptive_weight 6.1876, d_loss 0.4017, logits_real 0.0678, logits_fake 0.0702,
Train Epoch: [6/30] Iters:[130/1093] gen_loss -0.2816, rec_loss 0.0110, lpips_loss 0.1339, g_loss -0.0706, disc_weight 0.4000, disc_adaptive_weight 6.0417, d_loss 0.4017, logits_real 0.0680, logits_fake 0.0705,
Train Epoch: [6/30] Iters:[140/1093] gen_loss -0.2783, rec_loss 0.0110, lpips_loss 0.1335, g_loss -0.0705, disc_weight 0.4000, disc_adaptive_weight 5.9893, d_loss 0.4017, logits_real 0.0680, logits_fake 0.0705,
Train Epoch: [6/30] Iters:[150/1093] gen_loss -0.2777, rec_loss 0.0108, lpips_loss 0.1327, g_loss -0.0705, disc_weight 0.4000, disc_adaptive_weight 5.9780, d_loss 0.4017, logits_real 0.0680, logits_fake 0.0705,
Train Epoch: [6/30] Iters:[160/1093] gen_loss -0.2665, rec_loss 0.0108, lpips_loss 0.1324, g_loss -0.0703, disc_weight 0.4000, disc_adaptive_weight 5.8354, d_loss 0.4017, logits_real 0.0678, logits_fake 0.0703,
Train Epoch: [6/30] Iters:[170/1093] gen_loss -0.2434, rec_loss 0.0107, lpips_loss 0.1318, g_loss -0.0698, disc_weight 0.4000, disc_adaptive_weight 5.5379, d_loss 0.4017, logits_real 0.0673, logits_fake 0.0698,
Train Epoch: [6/30] Iters:[180/1093] gen_loss -0.2628, rec_loss 0.0106, lpips_loss 0.1321, g_loss -0.0693, disc_weight 0.4000, disc_adaptive_weight 5.8584, d_loss 0.4017, logits_real 0.0670, logits_fake 0.0694,
Train Epoch: [6/30] Iters:[190/1093] gen_loss -0.2564, rec_loss 0.0107, lpips_loss 0.1322, g_loss -0.0689, disc_weight 0.4000, disc_adaptive_weight 5.8017, d_loss 0.4017, logits_real 0.0667, logits_fake 0.0692,
Train Epoch: [6/30] Iters:[200/1093] gen_loss -0.2450, rec_loss 0.0107, lpips_loss 0.1325, g_loss -0.0688, disc_weight 0.4000, disc_adaptive_weight 5.6491, d_loss 0.4017, logits_real 0.0664, logits_fake 0.0689,
Train Epoch: [6/30] Iters:[210/1093] gen_loss -0.2359, rec_loss 0.0107, lpips_loss 0.1326, g_loss -0.0687, disc_weight 0.4000, disc_adaptive_weight 5.5178, d_loss 0.4017, logits_real 0.0663, logits_fake 0.0688,
Train Epoch: [6/30] Iters:[220/1093] gen_loss -0.2351, rec_loss 0.0108, lpips_loss 0.1328, g_loss -0.0689, disc_weight 0.4000, disc_adaptive_weight 5.5047, d_loss 0.4017, logits_real 0.0665, logits_fake 0.0689,
Train Epoch: [6/30] Iters:[230/1093] gen_loss -0.2303, rec_loss 0.0108, lpips_loss 0.1327, g_loss -0.0692, disc_weight 0.4000, disc_adaptive_weight 5.4032, d_loss 0.4017, logits_real 0.0666, logits_fake 0.0693,
Train Epoch: [6/30] Iters:[240/1093] gen_loss -0.2354, rec_loss 0.0108, lpips_loss 0.1329, g_loss -0.0693, disc_weight 0.4000, disc_adaptive_weight 5.4719, d_loss 0.4017, logits_real 0.0666, logits_fake 0.0694,
Train Epoch: [6/30] Iters:[250/1093] gen_loss -0.2289, rec_loss 0.0107, lpips_loss 0.1327, g_loss -0.0694, disc_weight 0.4000, disc_adaptive_weight 5.3694, d_loss 0.4017, logits_real 0.0667, logits_fake 0.0695,
Train Epoch: [6/30] Iters:[260/1093] gen_loss -0.2416, rec_loss 0.0107, lpips_loss 0.1325, g_loss -0.0695, disc_weight 0.4000, disc_adaptive_weight 5.5411, d_loss 0.4016, logits_real 0.0669, logits_fake 0.0694,
Train Epoch: [6/30] Iters:[270/1093] gen_loss -0.2383, rec_loss 0.0108, lpips_loss 0.1333, g_loss -0.0693, disc_weight 0.4000, disc_adaptive_weight 5.5154, d_loss 0.4017, logits_real 0.0667, logits_fake 0.0694,
Train Epoch: [6/30] Iters:[280/1093] gen_loss -0.2369, rec_loss 0.0109, lpips_loss 0.1329, g_loss -0.0690, disc_weight 0.4000, disc_adaptive_weight 5.5147, d_loss 0.4016, logits_real 0.0666, logits_fake 0.0691,
Train Epoch: [6/30] Iters:[290/1093] gen_loss -0.2367, rec_loss 0.0109, lpips_loss 0.1332, g_loss -0.0687, disc_weight 0.4000, disc_adaptive_weight 5.5412, d_loss 0.4016, logits_real 0.0665, logits_fake 0.0687,
Train Epoch: [6/30] Iters:[300/1093] gen_loss -0.2376, rec_loss 0.0111, lpips_loss 0.1333, g_loss -0.0685, disc_weight 0.4000, disc_adaptive_weight 5.5772, d_loss 0.4016, logits_real 0.0663, logits_fake 0.0685,
Train Epoch: [6/30] Iters:[310/1093] gen_loss -0.2408, rec_loss 0.0112, lpips_loss 0.1337, g_loss -0.0683, disc_weight 0.4000, disc_adaptive_weight 5.6449, d_loss 0.4016, logits_real 0.0661, logits_fake 0.0684,
Train Epoch: [6/30] Iters:[320/1093] gen_loss -0.2345, rec_loss 0.0113, lpips_loss 0.1337, g_loss -0.0682, disc_weight 0.4000, disc_adaptive_weight 5.5648, d_loss 0.4016, logits_real 0.0660, logits_fake 0.0681,
Train Epoch: [6/30] Iters:[330/1093] gen_loss -0.2537, rec_loss 0.0113, lpips_loss 0.1342, g_loss -0.0680, disc_weight 0.4000, disc_adaptive_weight 5.8716, d_loss 0.4016, logits_real 0.0658, logits_fake 0.0681,
Train Epoch: [6/30] Iters:[340/1093] gen_loss -0.2506, rec_loss 0.0113, lpips_loss 0.1339, g_loss -0.0680, disc_weight 0.4000, disc_adaptive_weight 5.8241, d_loss 0.4016, logits_real 0.0658, logits_fake 0.0682,
Train Epoch: [6/30] Iters:[350/1093] gen_loss -0.2543, rec_loss 0.0112, lpips_loss 0.1338, g_loss -0.0678, disc_weight 0.4000, disc_adaptive_weight 5.8885, d_loss 0.4017, logits_real 0.0656, logits_fake 0.0681,
Train Epoch: [6/30] Iters:[360/1093] gen_loss -0.2537, rec_loss 0.0112, lpips_loss 0.1342, g_loss -0.0678, disc_weight 0.4000, disc_adaptive_weight 5.8904, d_loss 0.4016, logits_real 0.0656, logits_fake 0.0680,
Train Epoch: [6/30] Iters:[370/1093] gen_loss -0.2785, rec_loss 0.0110, lpips_loss 0.1335, g_loss -0.0678, disc_weight 0.4000, disc_adaptive_weight 6.2379, d_loss 0.4016, logits_real 0.0657, logits_fake 0.0681,
Train Epoch: [6/30] Iters:[380/1093] gen_loss -0.2485, rec_loss 0.0110, lpips_loss 0.1336, g_loss -0.0680, disc_weight 0.4000, disc_adaptive_weight 5.7829, d_loss 0.4016, logits_real 0.0657, logits_fake 0.0681,
Train Epoch: [6/30] Iters:[390/1093] gen_loss -0.2537, rec_loss 0.0108, lpips_loss 0.1329, g_loss -0.0679, disc_weight 0.4000, disc_adaptive_weight 5.8576, d_loss 0.4016, logits_real 0.0655, logits_fake 0.0680,
Train Epoch: [6/30] Iters:[400/1093] gen_loss -0.2790, rec_loss 0.0109, lpips_loss 0.1332, g_loss -0.0679, disc_weight 0.4000, disc_adaptive_weight 6.2369, d_loss 0.4016, logits_real 0.0654, logits_fake 0.0680,
Train Epoch: [6/30] Iters:[410/1093] gen_loss -0.2738, rec_loss 0.0110, lpips_loss 0.1337, g_loss -0.0676, disc_weight 0.4000, disc_adaptive_weight 6.1859, d_loss 0.4016, logits_real 0.0652, logits_fake 0.0678,
Train Epoch: [6/30] Iters:[420/1093] gen_loss -0.2643, rec_loss 0.0110, lpips_loss 0.1340, g_loss -0.0674, disc_weight 0.4000, disc_adaptive_weight 6.0746, d_loss 0.4017, logits_real 0.0647, logits_fake 0.0675,
Train Epoch: [6/30] Iters:[430/1093] gen_loss -0.2755, rec_loss 0.0110, lpips_loss 0.1340, g_loss -0.0671, disc_weight 0.4000, disc_adaptive_weight 6.2633, d_loss 0.4017, logits_real 0.0644, logits_fake 0.0672,
Train Epoch: [6/30] Iters:[440/1093] gen_loss -0.2867, rec_loss 0.0112, lpips_loss 0.1345, g_loss -0.0670, disc_weight 0.4000, disc_adaptive_weight 6.4507, d_loss 0.4017, logits_real 0.0644, logits_fake 0.0672,
Train Epoch: [6/30] Iters:[450/1093] gen_loss -0.2667, rec_loss 0.0110, lpips_loss 0.1340, g_loss -0.0668, disc_weight 0.4000, disc_adaptive_weight 6.1631, d_loss 0.4017, logits_real 0.0643, logits_fake 0.0670,
Train Epoch: [6/30] Iters:[460/1093] gen_loss -0.2644, rec_loss 0.0110, lpips_loss 0.1332, g_loss -0.0667, disc_weight 0.4000, disc_adaptive_weight 6.1233, d_loss 0.4017, logits_real 0.0642, logits_fake 0.0670,
Train Epoch: [6/30] Iters:[470/1093] gen_loss -0.2545, rec_loss 0.0109, lpips_loss 0.1330, g_loss -0.0667, disc_weight 0.4000, disc_adaptive_weight 5.9748, d_loss 0.4017, logits_real 0.0642, logits_fake 0.0669,
Train Epoch: [6/30] Iters:[480/1093] gen_loss -0.2747, rec_loss 0.0109, lpips_loss 0.1328, g_loss -0.0664, disc_weight 0.4000, disc_adaptive_weight 6.3023, d_loss 0.4017, logits_real 0.0640, logits_fake 0.0667,
Train Epoch: [6/30] Iters:[490/1093] gen_loss -0.2735, rec_loss 0.0108, lpips_loss 0.1327, g_loss -0.0660, disc_weight 0.4000, disc_adaptive_weight 6.3203, d_loss 0.4016, logits_real 0.0636, logits_fake 0.0661,
Train Epoch: [6/30] Iters:[500/1093] gen_loss -0.2841, rec_loss 0.0110, lpips_loss 0.1331, g_loss -0.0658, disc_weight 0.4000, disc_adaptive_weight 6.5195, d_loss 0.4016, logits_real 0.0632, logits_fake 0.0658,
Train Epoch: [6/30] Iters:[510/1093] gen_loss -0.3002, rec_loss 0.0109, lpips_loss 0.1333, g_loss -0.0655, disc_weight 0.4000, disc_adaptive_weight 6.7916, d_loss 0.4016, logits_real 0.0629, logits_fake 0.0654,
Train Epoch: [6/30] Iters:[520/1093] gen_loss -0.3201, rec_loss 0.0110, lpips_loss 0.1333, g_loss -0.0653, disc_weight 0.4000, disc_adaptive_weight 7.1133, d_loss 0.4016, logits_real 0.0627, logits_fake 0.0651,
Train Epoch: [6/30] Iters:[530/1093] gen_loss -0.3131, rec_loss 0.0111, lpips_loss 0.1334, g_loss -0.0654, disc_weight 0.4000, disc_adaptive_weight 6.9940, d_loss 0.4016, logits_real 0.0628, logits_fake 0.0653,
Train Epoch: [6/30] Iters:[540/1093] gen_loss -0.3191, rec_loss 0.0111, lpips_loss 0.1333, g_loss -0.0657, disc_weight 0.4000, disc_adaptive_weight 7.0480, d_loss 0.4016, logits_real 0.0631, logits_fake 0.0656,
Train Epoch: [6/30] Iters:[550/1093] gen_loss -0.2855, rec_loss 0.0110, lpips_loss 0.1333, g_loss -0.0661, disc_weight 0.4000, disc_adaptive_weight 6.5094, d_loss 0.4016, logits_real 0.0636, logits_fake 0.0660,
Train Epoch: [6/30] Iters:[560/1093] gen_loss -0.2795, rec_loss 0.0109, lpips_loss 0.1329, g_loss -0.0664, disc_weight 0.4000, disc_adaptive_weight 6.3777, d_loss 0.4015, logits_real 0.0641, logits_fake 0.0662,
Train Epoch: [6/30] Iters:[570/1093] gen_loss -0.2672, rec_loss 0.0110, lpips_loss 0.1328, g_loss -0.0666, disc_weight 0.4000, disc_adaptive_weight 6.1749, d_loss 0.4016, logits_real 0.0642, logits_fake 0.0665,
Train Epoch: [6/30] Iters:[580/1093] gen_loss -0.2683, rec_loss 0.0110, lpips_loss 0.1329, g_loss -0.0667, disc_weight 0.4000, disc_adaptive_weight 6.1766, d_loss 0.4015, logits_real 0.0644, logits_fake 0.0666,
Train Epoch: [6/30] Iters:[590/1093] gen_loss -0.2793, rec_loss 0.0112, lpips_loss 0.1335, g_loss -0.0668, disc_weight 0.4000, disc_adaptive_weight 6.3447, d_loss 0.4016, logits_real 0.0644, logits_fake 0.0667,
Train Epoch: [6/30] Iters:[600/1093] gen_loss -0.3287, rec_loss 0.0111, lpips_loss 0.1332, g_loss -0.0670, disc_weight 0.4000, disc_adaptive_weight 7.0537, d_loss 0.4016, logits_real 0.0644, logits_fake 0.0668,
Train Epoch: [6/30] Iters:[610/1093] gen_loss -0.3473, rec_loss 0.0113, lpips_loss 0.1342, g_loss -0.0672, disc_weight 0.4000, disc_adaptive_weight 7.3307, d_loss 0.4016, logits_real 0.0643, logits_fake 0.0671,
Train Epoch: [6/30] Iters:[620/1093] gen_loss -0.3589, rec_loss 0.0114, lpips_loss 0.1344, g_loss -0.0675, disc_weight 0.4000, disc_adaptive_weight 7.4844, d_loss 0.4016, logits_real 0.0647, logits_fake 0.0674,
Train Epoch: [6/30] Iters:[630/1093] gen_loss -0.3475, rec_loss 0.0114, lpips_loss 0.1348, g_loss -0.0677, disc_weight 0.4000, disc_adaptive_weight 7.2995, d_loss 0.4016, logits_real 0.0650, logits_fake 0.0677,
Train Epoch: [6/30] Iters:[640/1093] gen_loss -0.3222, rec_loss 0.0112, lpips_loss 0.1345, g_loss -0.0680, disc_weight 0.4000, disc_adaptive_weight 6.8832, d_loss 0.4016, logits_real 0.0653, logits_fake 0.0680,
Train Epoch: [6/30] Iters:[650/1093] gen_loss -0.3064, rec_loss 0.0112, lpips_loss 0.1349, g_loss -0.0681, disc_weight 0.4000, disc_adaptive_weight 6.6488, d_loss 0.4016, logits_real 0.0654, logits_fake 0.0681,
Train Epoch: [6/30] Iters:[660/1093] gen_loss -0.2694, rec_loss 0.0111, lpips_loss 0.1340, g_loss -0.0680, disc_weight 0.4000, disc_adaptive_weight 6.0962, d_loss 0.4016, logits_real 0.0655, logits_fake 0.0680,
Train Epoch: [6/30] Iters:[670/1093] gen_loss -0.2890, rec_loss 0.0110, lpips_loss 0.1340, g_loss -0.0679, disc_weight 0.4000, disc_adaptive_weight 6.3904, d_loss 0.4016, logits_real 0.0654, logits_fake 0.0680,
Train Epoch: [6/30] Iters:[680/1093] gen_loss -0.2973, rec_loss 0.0110, lpips_loss 0.1335, g_loss -0.0679, disc_weight 0.4000, disc_adaptive_weight 6.5146, d_loss 0.4016, logits_real 0.0653, logits_fake 0.0678,
Train Epoch: [6/30] Iters:[690/1093] gen_loss -0.3130, rec_loss 0.0111, lpips_loss 0.1334, g_loss -0.0676, disc_weight 0.4000, disc_adaptive_weight 6.7689, d_loss 0.4016, logits_real 0.0650, logits_fake 0.0676,
Train Epoch: [6/30] Iters:[700/1093] gen_loss -0.3063, rec_loss 0.0111, lpips_loss 0.1329, g_loss -0.0674, disc_weight 0.4000, disc_adaptive_weight 6.6826, d_loss 0.4015, logits_real 0.0649, logits_fake 0.0673,
Train Epoch: [6/30] Iters:[710/1093] gen_loss -0.3199, rec_loss 0.0111, lpips_loss 0.1330, g_loss -0.0674, disc_weight 0.4000, disc_adaptive_weight 6.8867, d_loss 0.4015, logits_real 0.0648, logits_fake 0.0673,
Train Epoch: [6/30] Iters:[720/1093] gen_loss -0.2961, rec_loss 0.0112, lpips_loss 0.1333, g_loss -0.0673, disc_weight 0.4000, disc_adaptive_weight 6.5469, d_loss 0.4015, logits_real 0.0648, logits_fake 0.0672,
Train Epoch: [6/30] Iters:[730/1093] gen_loss -0.2853, rec_loss 0.0111, lpips_loss 0.1335, g_loss -0.0672, disc_weight 0.4000, disc_adaptive_weight 6.3991, d_loss 0.4015, logits_real 0.0646, logits_fake 0.0671,
Train Epoch: [6/30] Iters:[740/1093] gen_loss -0.2608, rec_loss 0.0111, lpips_loss 0.1337, g_loss -0.0670, disc_weight 0.4000, disc_adaptive_weight 6.0508, d_loss 0.4015, logits_real 0.0646, logits_fake 0.0670,
Train Epoch: [6/30] Iters:[750/1093] gen_loss -0.2525, rec_loss 0.0110, lpips_loss 0.1337, g_loss -0.0671, disc_weight 0.4000, disc_adaptive_weight 5.9152, d_loss 0.4015, logits_real 0.0647, logits_fake 0.0671,
Train Epoch: [6/30] Iters:[760/1093] gen_loss -0.2420, rec_loss 0.0110, lpips_loss 0.1336, g_loss -0.0675, disc_weight 0.4000, disc_adaptive_weight 5.7347, d_loss 0.4015, logits_real 0.0650, logits_fake 0.0673,
Train Epoch: [6/30] Iters:[770/1093] gen_loss -0.2477, rec_loss 0.0108, lpips_loss 0.1331, g_loss -0.0677, disc_weight 0.4000, disc_adaptive_weight 5.7805, d_loss 0.4015, logits_real 0.0651, logits_fake 0.0674,
Train Epoch: [6/30] Iters:[780/1093] gen_loss -0.2729, rec_loss 0.0108, lpips_loss 0.1327, g_loss -0.0679, disc_weight 0.4000, disc_adaptive_weight 6.1352, d_loss 0.4015, logits_real 0.0653, logits_fake 0.0674,
Train Epoch: [6/30] Iters:[790/1093] gen_loss -0.3283, rec_loss 0.0109, lpips_loss 0.1331, g_loss -0.0681, disc_weight 0.4000, disc_adaptive_weight 6.9425, d_loss 0.4015, logits_real 0.0654, logits_fake 0.0676,
Train Epoch: [6/30] Iters:[800/1093] gen_loss -0.3296, rec_loss 0.0109, lpips_loss 0.1334, g_loss -0.0680, disc_weight 0.4000, disc_adaptive_weight 6.9766, d_loss 0.4015, logits_real 0.0654, logits_fake 0.0676,
Train Epoch: [6/30] Iters:[810/1093] gen_loss -0.3486, rec_loss 0.0109, lpips_loss 0.1335, g_loss -0.0677, disc_weight 0.4000, disc_adaptive_weight 7.2830, d_loss 0.4015, logits_real 0.0650, logits_fake 0.0673,
Train Epoch: [6/30] Iters:[820/1093] gen_loss -0.3543, rec_loss 0.0111, lpips_loss 0.1338, g_loss -0.0673, disc_weight 0.4000, disc_adaptive_weight 7.4155, d_loss 0.4015, logits_real 0.0648, logits_fake 0.0670,
Train Epoch: [6/30] Iters:[830/1093] gen_loss -0.3354, rec_loss 0.0112, lpips_loss 0.1334, g_loss -0.0669, disc_weight 0.4000, disc_adaptive_weight 7.1599, d_loss 0.4015, logits_real 0.0645, logits_fake 0.0669,
Train Epoch: [6/30] Iters:[840/1093] gen_loss -0.2774, rec_loss 0.0112, lpips_loss 0.1332, g_loss -0.0666, disc_weight 0.4000, disc_adaptive_weight 6.3317, d_loss 0.4015, logits_real 0.0644, logits_fake 0.0668,
Train Epoch: [6/30] Iters:[850/1093] gen_loss -0.2917, rec_loss 0.0111, lpips_loss 0.1325, g_loss -0.0664, disc_weight 0.4000, disc_adaptive_weight 6.5539, d_loss 0.4015, logits_real 0.0641, logits_fake 0.0665,
Train Epoch: [6/30] Iters:[860/1093] gen_loss -0.2848, rec_loss 0.0111, lpips_loss 0.1325, g_loss -0.0661, disc_weight 0.4000, disc_adaptive_weight 6.4805, d_loss 0.4015, logits_real 0.0639, logits_fake 0.0663,
Train Epoch: [6/30] Iters:[870/1093] gen_loss -0.2691, rec_loss 0.0110, lpips_loss 0.1324, g_loss -0.0659, disc_weight 0.4000, disc_adaptive_weight 6.2550, d_loss 0.4015, logits_real 0.0637, logits_fake 0.0661,
Train Epoch: [6/30] Iters:[880/1093] gen_loss -0.2625, rec_loss 0.0110, lpips_loss 0.1331, g_loss -0.0659, disc_weight 0.4000, disc_adaptive_weight 6.1683, d_loss 0.4015, logits_real 0.0637, logits_fake 0.0659,
Train Epoch: [6/30] Iters:[890/1093] gen_loss -0.2741, rec_loss 0.0110, lpips_loss 0.1333, g_loss -0.0661, disc_weight 0.4000, disc_adaptive_weight 6.3256, d_loss 0.4015, logits_real 0.0637, logits_fake 0.0658,
Train Epoch: [6/30] Iters:[900/1093] gen_loss -0.2729, rec_loss 0.0110, lpips_loss 0.1336, g_loss -0.0665, disc_weight 0.4000, disc_adaptive_weight 6.2786, d_loss 0.4015, logits_real 0.0641, logits_fake 0.0662,
Train Epoch: [6/30] Iters:[910/1093] gen_loss -0.2892, rec_loss 0.0111, lpips_loss 0.1336, g_loss -0.0666, disc_weight 0.4000, disc_adaptive_weight 6.5079, d_loss 0.4015, logits_real 0.0643, logits_fake 0.0664,
Train Epoch: [6/30] Iters:[920/1093] gen_loss -0.2880, rec_loss 0.0111, lpips_loss 0.1330, g_loss -0.0667, disc_weight 0.4000, disc_adaptive_weight 6.4767, d_loss 0.4015, logits_real 0.0643, logits_fake 0.0665,
Train Epoch: [6/30] Iters:[930/1093] gen_loss -0.3038, rec_loss 0.0111, lpips_loss 0.1332, g_loss -0.0668, disc_weight 0.4000, disc_adaptive_weight 6.7069, d_loss 0.4015, logits_real 0.0645, logits_fake 0.0667,
Train Epoch: [6/30] Iters:[940/1093] gen_loss -0.3054, rec_loss 0.0112, lpips_loss 0.1330, g_loss -0.0667, disc_weight 0.4000, disc_adaptive_weight 6.7479, d_loss 0.4015, logits_real 0.0644, logits_fake 0.0668,
Train Epoch: [6/30] Iters:[950/1093] gen_loss -0.3158, rec_loss 0.0114, lpips_loss 0.1342, g_loss -0.0664, disc_weight 0.4000, disc_adaptive_weight 6.9468, d_loss 0.4015, logits_real 0.0640, logits_fake 0.0665,
Train Epoch: [6/30] Iters:[960/1093] gen_loss -0.2873, rec_loss 0.0114, lpips_loss 0.1343, g_loss -0.0663, disc_weight 0.4000, disc_adaptive_weight 6.5249, d_loss 0.4015, logits_real 0.0639, logits_fake 0.0665,
Train Epoch: [6/30] Iters:[970/1093] gen_loss -0.2865, rec_loss 0.0114, lpips_loss 0.1349, g_loss -0.0663, disc_weight 0.4000, disc_adaptive_weight 6.5241, d_loss 0.4015, logits_real 0.0639, logits_fake 0.0666,
Train Epoch: [6/30] Iters:[980/1093] gen_loss -0.2657, rec_loss 0.0113, lpips_loss 0.1341, g_loss -0.0661, disc_weight 0.4000, disc_adaptive_weight 6.2200, d_loss 0.4016, logits_real 0.0637, logits_fake 0.0664,
Train Epoch: [6/30] Iters:[990/1093] gen_loss -0.2496, rec_loss 0.0112, lpips_loss 0.1336, g_loss -0.0661, disc_weight 0.4000, disc_adaptive_weight 5.9611, d_loss 0.4015, logits_real 0.0637, logits_fake 0.0664,
Train Epoch: [6/30] Iters:[1000/1093] gen_loss -0.2406, rec_loss 0.0111, lpips_loss 0.1328, g_loss -0.0659, disc_weight 0.4000, disc_adaptive_weight 5.8362, d_loss 0.4015, logits_real 0.0637, logits_fake 0.0661,
Train Epoch: [6/30] Iters:[1010/1093] gen_loss -0.2820, rec_loss 0.0109, lpips_loss 0.1329, g_loss -0.0658, disc_weight 0.4000, disc_adaptive_weight 6.4778, d_loss 0.4015, logits_real 0.0634, logits_fake 0.0659,
Train Epoch: [6/30] Iters:[1020/1093] gen_loss -0.3095, rec_loss 0.0110, lpips_loss 0.1327, g_loss -0.0656, disc_weight 0.4000, disc_adaptive_weight 6.9155, d_loss 0.4015, logits_real 0.0634, logits_fake 0.0657,
Train Epoch: [6/30] Iters:[1030/1093] gen_loss -0.3291, rec_loss 0.0110, lpips_loss 0.1334, g_loss -0.0659, disc_weight 0.4000, disc_adaptive_weight 7.1980, d_loss 0.4015, logits_real 0.0634, logits_fake 0.0658,
Train Epoch: [6/30] Iters:[1040/1093] gen_loss -0.3371, rec_loss 0.0111, lpips_loss 0.1338, g_loss -0.0660, disc_weight 0.4000, disc_adaptive_weight 7.3118, d_loss 0.4015, logits_real 0.0633, logits_fake 0.0658,
Train Epoch: [6/30] Iters:[1050/1093] gen_loss -0.3119, rec_loss 0.0112, lpips_loss 0.1338, g_loss -0.0664, disc_weight 0.4000, disc_adaptive_weight 6.8992, d_loss 0.4015, logits_real 0.0637, logits_fake 0.0662,
Train Epoch: [6/30] Iters:[1060/1093] gen_loss -0.2728, rec_loss 0.0111, lpips_loss 0.1336, g_loss -0.0668, disc_weight 0.4000, disc_adaptive_weight 6.2626, d_loss 0.4015, logits_real 0.0642, logits_fake 0.0665,
Train Epoch: [6/30] Iters:[1070/1093] gen_loss -0.2387, rec_loss 0.0111, lpips_loss 0.1330, g_loss -0.0670, disc_weight 0.4000, disc_adaptive_weight 5.7148, d_loss 0.4015, logits_real 0.0642, logits_fake 0.0668,
Train Epoch: [6/30] Iters:[1080/1093] gen_loss -0.2201, rec_loss 0.0110, lpips_loss 0.1325, g_loss -0.0667, disc_weight 0.4000, disc_adaptive_weight 5.4498, d_loss 0.4015, logits_real 0.0641, logits_fake 0.0665,
Train Epoch: [6/30] Iters:[1090/1093] gen_loss -0.2314, rec_loss 0.0109, lpips_loss 0.1322, g_loss -0.0664, disc_weight 0.4000, disc_adaptive_weight 5.6496, d_loss 0.4015, logits_real 0.0639, logits_fake 0.0663,
epoch:7, cur_lr:0.000010
Train Epoch: [7/30] Iters:[10/1093] gen_loss -0.2924, rec_loss 0.0110, lpips_loss 0.1347, g_loss -0.0650, disc_weight 0.4000, disc_adaptive_weight 6.7382, d_loss 0.4015, logits_real 0.0627, logits_fake 0.0651,
Train Epoch: [7/30] Iters:[20/1093] gen_loss -0.3087, rec_loss 0.0108, lpips_loss 0.1333, g_loss -0.0648, disc_weight 0.4000, disc_adaptive_weight 6.9818, d_loss 0.4015, logits_real 0.0624, logits_fake 0.0649,
Train Epoch: [7/30] Iters:[30/1093] gen_loss -0.3068, rec_loss 0.0111, lpips_loss 0.1340, g_loss -0.0646, disc_weight 0.4000, disc_adaptive_weight 6.9924, d_loss 0.4015, logits_real 0.0623, logits_fake 0.0647,
Train Epoch: [7/30] Iters:[40/1093] gen_loss -0.3103, rec_loss 0.0112, lpips_loss 0.1340, g_loss -0.0643, disc_weight 0.4000, disc_adaptive_weight 7.0855, d_loss 0.4015, logits_real 0.0620, logits_fake 0.0645,
Train Epoch: [7/30] Iters:[50/1093] gen_loss -0.2881, rec_loss 0.0111, lpips_loss 0.1342, g_loss -0.0641, disc_weight 0.4000, disc_adaptive_weight 6.7565, d_loss 0.4015, logits_real 0.0618, logits_fake 0.0643,
Train Epoch: [7/30] Iters:[60/1093] gen_loss -0.2911, rec_loss 0.0111, lpips_loss 0.1335, g_loss -0.0638, disc_weight 0.4000, disc_adaptive_weight 6.8288, d_loss 0.4015, logits_real 0.0616, logits_fake 0.0640,
Train Epoch: [7/30] Iters:[70/1093] gen_loss -0.2676, rec_loss 0.0112, lpips_loss 0.1339, g_loss -0.0636, disc_weight 0.4000, disc_adaptive_weight 6.4888, d_loss 0.4014, logits_real 0.0616, logits_fake 0.0638,
Train Epoch: [7/30] Iters:[80/1093] gen_loss -0.2489, rec_loss 0.0111, lpips_loss 0.1337, g_loss -0.0634, disc_weight 0.4000, disc_adaptive_weight 6.2114, d_loss 0.4015, logits_real 0.0612, logits_fake 0.0636,
Train Epoch: [7/30] Iters:[90/1093] gen_loss -0.2399, rec_loss 0.0110, lpips_loss 0.1333, g_loss -0.0634, disc_weight 0.4000, disc_adaptive_weight 6.0673, d_loss 0.4014, logits_real 0.0611, logits_fake 0.0635,
Train Epoch: [7/30] Iters:[100/1093] gen_loss -0.2499, rec_loss 0.0111, lpips_loss 0.1326, g_loss -0.0633, disc_weight 0.4000, disc_adaptive_weight 6.2188, d_loss 0.4014, logits_real 0.0610, logits_fake 0.0633,
Train Epoch: [7/30] Iters:[110/1093] gen_loss -0.2232, rec_loss 0.0110, lpips_loss 0.1326, g_loss -0.0632, disc_weight 0.4000, disc_adaptive_weight 5.8016, d_loss 0.4015, logits_real 0.0606, logits_fake 0.0631,
Train Epoch: [7/30] Iters:[120/1093] gen_loss -0.2347, rec_loss 0.0110, lpips_loss 0.1328, g_loss -0.0631, disc_weight 0.4000, disc_adaptive_weight 5.9960, d_loss 0.4015, logits_real 0.0602, logits_fake 0.0628,
Train Epoch: [7/30] Iters:[130/1093] gen_loss -0.2635, rec_loss 0.0109, lpips_loss 0.1324, g_loss -0.0631, disc_weight 0.4000, disc_adaptive_weight 6.4472, d_loss 0.4014, logits_real 0.0604, logits_fake 0.0628,
Train Epoch: [7/30] Iters:[140/1093] gen_loss -0.2763, rec_loss 0.0110, lpips_loss 0.1328, g_loss -0.0631, disc_weight 0.4000, disc_adaptive_weight 6.6478, d_loss 0.4014, logits_real 0.0605, logits_fake 0.0629,
Train Epoch: [7/30] Iters:[150/1093] gen_loss -0.2649, rec_loss 0.0111, lpips_loss 0.1331, g_loss -0.0633, disc_weight 0.4000, disc_adaptive_weight 6.4643, d_loss 0.4014, logits_real 0.0606, logits_fake 0.0631,
Train Epoch: [7/30] Iters:[160/1093] gen_loss -0.2785, rec_loss 0.0111, lpips_loss 0.1332, g_loss -0.0633, disc_weight 0.4000, disc_adaptive_weight 6.6786, d_loss 0.4014, logits_real 0.0609, logits_fake 0.0632,
Train Epoch: [7/30] Iters:[170/1093] gen_loss -0.2774, rec_loss 0.0111, lpips_loss 0.1326, g_loss -0.0634, disc_weight 0.4000, disc_adaptive_weight 6.6412, d_loss 0.4014, logits_real 0.0610, logits_fake 0.0635,
Train Epoch: [7/30] Iters:[180/1093] gen_loss -0.2391, rec_loss 0.0110, lpips_loss 0.1325, g_loss -0.0634, disc_weight 0.4000, disc_adaptive_weight 6.0279, d_loss 0.4014, logits_real 0.0611, logits_fake 0.0636,
Train Epoch: [7/30] Iters:[190/1093] gen_loss -0.1993, rec_loss 0.0109, lpips_loss 0.1323, g_loss -0.0633, disc_weight 0.4000, disc_adaptive_weight 5.4022, d_loss 0.4014, logits_real 0.0611, logits_fake 0.0635,
Train Epoch: [7/30] Iters:[200/1093] gen_loss -0.2121, rec_loss 0.0108, lpips_loss 0.1325, g_loss -0.0633, disc_weight 0.4000, disc_adaptive_weight 5.6060, d_loss 0.4014, logits_real 0.0610, logits_fake 0.0634,
Train Epoch: [7/30] Iters:[210/1093] gen_loss -0.2075, rec_loss 0.0109, lpips_loss 0.1331, g_loss -0.0632, disc_weight 0.4000, disc_adaptive_weight 5.5511, d_loss 0.4015, logits_real 0.0609, logits_fake 0.0635,
Train Epoch: [7/30] Iters:[220/1093] gen_loss -0.1906, rec_loss 0.0109, lpips_loss 0.1330, g_loss -0.0628, disc_weight 0.4000, disc_adaptive_weight 5.3168, d_loss 0.4015, logits_real 0.0607, logits_fake 0.0633,
Train Epoch: [7/30] Iters:[230/1093] gen_loss -0.2040, rec_loss 0.0112, lpips_loss 0.1336, g_loss -0.0626, disc_weight 0.4000, disc_adaptive_weight 5.5628, d_loss 0.4015, logits_real 0.0603, logits_fake 0.0629,
Train Epoch: [7/30] Iters:[240/1093] gen_loss -0.2280, rec_loss 0.0112, lpips_loss 0.1340, g_loss -0.0624, disc_weight 0.4000, disc_adaptive_weight 5.9766, d_loss 0.4015, logits_real 0.0599, logits_fake 0.0626,
Train Epoch: [7/30] Iters:[250/1093] gen_loss -0.2110, rec_loss 0.0111, lpips_loss 0.1337, g_loss -0.0620, disc_weight 0.4000, disc_adaptive_weight 5.7405, d_loss 0.4015, logits_real 0.0595, logits_fake 0.0621,
Train Epoch: [7/30] Iters:[260/1093] gen_loss -0.1958, rec_loss 0.0111, lpips_loss 0.1333, g_loss -0.0620, disc_weight 0.4000, disc_adaptive_weight 5.4959, d_loss 0.4014, logits_real 0.0595, logits_fake 0.0619,
Train Epoch: [7/30] Iters:[270/1093] gen_loss -0.2464, rec_loss 0.0111, lpips_loss 0.1337, g_loss -0.0623, disc_weight 0.4000, disc_adaptive_weight 6.2755, d_loss 0.4014, logits_real 0.0598, logits_fake 0.0621,
Train Epoch: [7/30] Iters:[280/1093] gen_loss -0.2423, rec_loss 0.0110, lpips_loss 0.1337, g_loss -0.0625, disc_weight 0.4000, disc_adaptive_weight 6.1854, d_loss 0.4014, logits_real 0.0601, logits_fake 0.0624,
Train Epoch: [7/30] Iters:[290/1093] gen_loss -0.2335, rec_loss 0.0111, lpips_loss 0.1334, g_loss -0.0629, disc_weight 0.4000, disc_adaptive_weight 6.0066, d_loss 0.4013, logits_real 0.0607, logits_fake 0.0627,
Train Epoch: [7/30] Iters:[300/1093] gen_loss -0.2471, rec_loss 0.0112, lpips_loss 0.1337, g_loss -0.0632, disc_weight 0.4000, disc_adaptive_weight 6.2004, d_loss 0.4013, logits_real 0.0612, logits_fake 0.0629,
Train Epoch: [7/30] Iters:[310/1093] gen_loss -0.2892, rec_loss 0.0113, lpips_loss 0.1338, g_loss -0.0634, disc_weight 0.4000, disc_adaptive_weight 6.8476, d_loss 0.4013, logits_real 0.0613, logits_fake 0.0632,
Train Epoch: [7/30] Iters:[320/1093] gen_loss -0.2620, rec_loss 0.0112, lpips_loss 0.1336, g_loss -0.0635, disc_weight 0.4000, disc_adaptive_weight 6.3979, d_loss 0.4014, logits_real 0.0613, logits_fake 0.0634,
Train Epoch: [7/30] Iters:[330/1093] gen_loss -0.2794, rec_loss 0.0111, lpips_loss 0.1334, g_loss -0.0635, disc_weight 0.4000, disc_adaptive_weight 6.6759, d_loss 0.4014, logits_real 0.0612, logits_fake 0.0634,
Train Epoch: [7/30] Iters:[340/1093] gen_loss -0.2782, rec_loss 0.0110, lpips_loss 0.1329, g_loss -0.0635, disc_weight 0.4000, disc_adaptive_weight 6.6478, d_loss 0.4014, logits_real 0.0610, logits_fake 0.0635,
Train Epoch: [7/30] Iters:[350/1093] gen_loss -0.2740, rec_loss 0.0108, lpips_loss 0.1325, g_loss -0.0635, disc_weight 0.4000, disc_adaptive_weight 6.5668, d_loss 0.4015, logits_real 0.0610, logits_fake 0.0637,
Train Epoch: [7/30] Iters:[360/1093] gen_loss -0.2530, rec_loss 0.0107, lpips_loss 0.1325, g_loss -0.0636, disc_weight 0.4000, disc_adaptive_weight 6.2289, d_loss 0.4015, logits_real 0.0612, logits_fake 0.0637,
Train Epoch: [7/30] Iters:[370/1093] gen_loss -0.2388, rec_loss 0.0108, lpips_loss 0.1328, g_loss -0.0636, disc_weight 0.4000, disc_adaptive_weight 6.0152, d_loss 0.4014, logits_real 0.0613, logits_fake 0.0638,
Train Epoch: [7/30] Iters:[380/1093] gen_loss -0.2256, rec_loss 0.0108, lpips_loss 0.1326, g_loss -0.0638, disc_weight 0.4000, disc_adaptive_weight 5.7765, d_loss 0.4014, logits_real 0.0617, logits_fake 0.0639,
Train Epoch: [7/30] Iters:[390/1093] gen_loss -0.2461, rec_loss 0.0108, lpips_loss 0.1330, g_loss -0.0642, disc_weight 0.4000, disc_adaptive_weight 6.0722, d_loss 0.4013, logits_real 0.0621, logits_fake 0.0643,
Train Epoch: [7/30] Iters:[400/1093] gen_loss -0.2549, rec_loss 0.0110, lpips_loss 0.1329, g_loss -0.0646, disc_weight 0.4000, disc_adaptive_weight 6.1719, d_loss 0.4013, logits_real 0.0626, logits_fake 0.0647,
Train Epoch: [7/30] Iters:[410/1093] gen_loss -0.2647, rec_loss 0.0111, lpips_loss 0.1327, g_loss -0.0649, disc_weight 0.4000, disc_adaptive_weight 6.2950, d_loss 0.4014, logits_real 0.0628, logits_fake 0.0651,
Train Epoch: [7/30] Iters:[420/1093] gen_loss -0.3039, rec_loss 0.0111, lpips_loss 0.1327, g_loss -0.0651, disc_weight 0.4000, disc_adaptive_weight 6.8755, d_loss 0.4013, logits_real 0.0630, logits_fake 0.0652,
Train Epoch: [7/30] Iters:[430/1093] gen_loss -0.3582, rec_loss 0.0112, lpips_loss 0.1328, g_loss -0.0653, disc_weight 0.4000, disc_adaptive_weight 7.6828, d_loss 0.4014, logits_real 0.0631, logits_fake 0.0653,
Train Epoch: [7/30] Iters:[440/1093] gen_loss -0.4020, rec_loss 0.0112, lpips_loss 0.1329, g_loss -0.0654, disc_weight 0.4000, disc_adaptive_weight 8.3461, d_loss 0.4014, logits_real 0.0630, logits_fake 0.0654,
Train Epoch: [7/30] Iters:[450/1093] gen_loss -0.4266, rec_loss 0.0114, lpips_loss 0.1338, g_loss -0.0652, disc_weight 0.4000, disc_adaptive_weight 8.7552, d_loss 0.4014, logits_real 0.0627, logits_fake 0.0652,
Train Epoch: [7/30] Iters:[460/1093] gen_loss -0.4405, rec_loss 0.0115, lpips_loss 0.1343, g_loss -0.0652, disc_weight 0.4000, disc_adaptive_weight 8.9781, d_loss 0.4014, logits_real 0.0626, logits_fake 0.0650,
Train Epoch: [7/30] Iters:[470/1093] gen_loss -0.4600, rec_loss 0.0116, lpips_loss 0.1345, g_loss -0.0652, disc_weight 0.4000, disc_adaptive_weight 9.2848, d_loss 0.4014, logits_real 0.0624, logits_fake 0.0650,
Train Epoch: [7/30] Iters:[480/1093] gen_loss -0.4484, rec_loss 0.0117, lpips_loss 0.1352, g_loss -0.0650, disc_weight 0.4000, disc_adaptive_weight 9.1443, d_loss 0.4014, logits_real 0.0623, logits_fake 0.0649,
Train Epoch: [7/30] Iters:[490/1093] gen_loss -0.4049, rec_loss 0.0116, lpips_loss 0.1354, g_loss -0.0649, disc_weight 0.4000, disc_adaptive_weight 8.4982, d_loss 0.4015, logits_real 0.0622, logits_fake 0.0649,
Train Epoch: [7/30] Iters:[500/1093] gen_loss -0.3962, rec_loss 0.0115, lpips_loss 0.1350, g_loss -0.0648, disc_weight 0.4000, disc_adaptive_weight 8.3677, d_loss 0.4014, logits_real 0.0622, logits_fake 0.0649,
Train Epoch: [7/30] Iters:[510/1093] gen_loss -0.3808, rec_loss 0.0114, lpips_loss 0.1351, g_loss -0.0646, disc_weight 0.4000, disc_adaptive_weight 8.1600, d_loss 0.4015, logits_real 0.0619, logits_fake 0.0647,
Train Epoch: [7/30] Iters:[520/1093] gen_loss -0.3448, rec_loss 0.0113, lpips_loss 0.1352, g_loss -0.0640, disc_weight 0.4000, disc_adaptive_weight 7.6724, d_loss 0.4015, logits_real 0.0615, logits_fake 0.0643,
Train Epoch: [7/30] Iters:[530/1093] gen_loss -0.2930, rec_loss 0.0112, lpips_loss 0.1346, g_loss -0.0633, disc_weight 0.4000, disc_adaptive_weight 6.9176, d_loss 0.4015, logits_real 0.0608, logits_fake 0.0637,
Train Epoch: [7/30] Iters:[540/1093] gen_loss -0.2952, rec_loss 0.0111, lpips_loss 0.1342, g_loss -0.0626, disc_weight 0.4000, disc_adaptive_weight 7.0363, d_loss 0.4014, logits_real 0.0601, logits_fake 0.0627,
Train Epoch: [7/30] Iters:[550/1093] gen_loss -0.2786, rec_loss 0.0110, lpips_loss 0.1341, g_loss -0.0618, disc_weight 0.4000, disc_adaptive_weight 6.8541, d_loss 0.4014, logits_real 0.0594, logits_fake 0.0619,
Train Epoch: [7/30] Iters:[560/1093] gen_loss -0.2902, rec_loss 0.0111, lpips_loss 0.1342, g_loss -0.0612, disc_weight 0.4000, disc_adaptive_weight 7.1116, d_loss 0.4014, logits_real 0.0588, logits_fake 0.0614,
Train Epoch: [7/30] Iters:[570/1093] gen_loss -0.2818, rec_loss 0.0111, lpips_loss 0.1337, g_loss -0.0610, disc_weight 0.4000, disc_adaptive_weight 6.9976, d_loss 0.4013, logits_real 0.0586, logits_fake 0.0609,
Train Epoch: [7/30] Iters:[580/1093] gen_loss -0.3045, rec_loss 0.0111, lpips_loss 0.1341, g_loss -0.0612, disc_weight 0.4000, disc_adaptive_weight 7.3545, d_loss 0.4013, logits_real 0.0587, logits_fake 0.0610,
Train Epoch: [7/30] Iters:[590/1093] gen_loss -0.2979, rec_loss 0.0111, lpips_loss 0.1345, g_loss -0.0613, disc_weight 0.4000, disc_adaptive_weight 7.2362, d_loss 0.4013, logits_real 0.0590, logits_fake 0.0613,
Train Epoch: [7/30] Iters:[600/1093] gen_loss -0.3073, rec_loss 0.0112, lpips_loss 0.1343, g_loss -0.0618, disc_weight 0.4000, disc_adaptive_weight 7.3285, d_loss 0.4013, logits_real 0.0592, logits_fake 0.0616,
Train Epoch: [7/30] Iters:[610/1093] gen_loss -0.2989, rec_loss 0.0111, lpips_loss 0.1340, g_loss -0.0622, disc_weight 0.4000, disc_adaptive_weight 7.1351, d_loss 0.4013, logits_real 0.0597, logits_fake 0.0620,
Train Epoch: [7/30] Iters:[620/1093] gen_loss -0.3242, rec_loss 0.0110, lpips_loss 0.1340, g_loss -0.0628, disc_weight 0.4000, disc_adaptive_weight 7.4624, d_loss 0.4014, logits_real 0.0602, logits_fake 0.0627,
Train Epoch: [7/30] Iters:[630/1093] gen_loss -0.3121, rec_loss 0.0110, lpips_loss 0.1338, g_loss -0.0631, disc_weight 0.4000, disc_adaptive_weight 7.2341, d_loss 0.4014, logits_real 0.0603, logits_fake 0.0630,
Train Epoch: [7/30] Iters:[640/1093] gen_loss -0.3033, rec_loss 0.0110, lpips_loss 0.1333, g_loss -0.0632, disc_weight 0.4000, disc_adaptive_weight 7.0709, d_loss 0.4014, logits_real 0.0605, logits_fake 0.0631,
Train Epoch: [7/30] Iters:[650/1093] gen_loss -0.2863, rec_loss 0.0109, lpips_loss 0.1335, g_loss -0.0630, disc_weight 0.4000, disc_adaptive_weight 6.8237, d_loss 0.4014, logits_real 0.0605, logits_fake 0.0632,
Train Epoch: [7/30] Iters:[660/1093] gen_loss -0.2914, rec_loss 0.0110, lpips_loss 0.1336, g_loss -0.0628, disc_weight 0.4000, disc_adaptive_weight 6.9242, d_loss 0.4014, logits_real 0.0603, logits_fake 0.0631,
Train Epoch: [7/30] Iters:[670/1093] gen_loss -0.2742, rec_loss 0.0110, lpips_loss 0.1333, g_loss -0.0624, disc_weight 0.4000, disc_adaptive_weight 6.6977, d_loss 0.4014, logits_real 0.0600, logits_fake 0.0626,
Train Epoch: [7/30] Iters:[680/1093] gen_loss -0.2947, rec_loss 0.0109, lpips_loss 0.1334, g_loss -0.0623, disc_weight 0.4000, disc_adaptive_weight 7.0361, d_loss 0.4014, logits_real 0.0599, logits_fake 0.0624,
Train Epoch: [7/30] Iters:[690/1093] gen_loss -0.2958, rec_loss 0.0108, lpips_loss 0.1332, g_loss -0.0624, disc_weight 0.4000, disc_adaptive_weight 7.0493, d_loss 0.4014, logits_real 0.0599, logits_fake 0.0624,
Train Epoch: [7/30] Iters:[700/1093] gen_loss -0.2969, rec_loss 0.0110, lpips_loss 0.1338, g_loss -0.0625, disc_weight 0.4000, disc_adaptive_weight 7.0681, d_loss 0.4014, logits_real 0.0600, logits_fake 0.0626,
Train Epoch: [7/30] Iters:[710/1093] gen_loss -0.2733, rec_loss 0.0110, lpips_loss 0.1336, g_loss -0.0625, disc_weight 0.4000, disc_adaptive_weight 6.6822, d_loss 0.4013, logits_real 0.0601, logits_fake 0.0625,
Train Epoch: [7/30] Iters:[720/1093] gen_loss -0.2473, rec_loss 0.0110, lpips_loss 0.1337, g_loss -0.0626, disc_weight 0.4000, disc_adaptive_weight 6.2580, d_loss 0.4013, logits_real 0.0603, logits_fake 0.0627,
Train Epoch: [7/30] Iters:[730/1093] gen_loss -0.2254, rec_loss 0.0110, lpips_loss 0.1333, g_loss -0.0625, disc_weight 0.4000, disc_adaptive_weight 5.9168, d_loss 0.4013, logits_real 0.0602, logits_fake 0.0627,
Train Epoch: [7/30] Iters:[740/1093] gen_loss -0.2206, rec_loss 0.0111, lpips_loss 0.1334, g_loss -0.0624, disc_weight 0.4000, disc_adaptive_weight 5.8475, d_loss 0.4013, logits_real 0.0601, logits_fake 0.0625,
Train Epoch: [7/30] Iters:[750/1093] gen_loss -0.2260, rec_loss 0.0108, lpips_loss 0.1325, g_loss -0.0623, disc_weight 0.4000, disc_adaptive_weight 5.9236, d_loss 0.4013, logits_real 0.0600, logits_fake 0.0624,
Train Epoch: [7/30] Iters:[760/1093] gen_loss -0.2364, rec_loss 0.0107, lpips_loss 0.1325, g_loss -0.0623, disc_weight 0.4000, disc_adaptive_weight 6.0872, d_loss 0.4013, logits_real 0.0602, logits_fake 0.0626,
Train Epoch: [7/30] Iters:[770/1093] gen_loss -0.2509, rec_loss 0.0108, lpips_loss 0.1329, g_loss -0.0625, disc_weight 0.4000, disc_adaptive_weight 6.3053, d_loss 0.4013, logits_real 0.0603, logits_fake 0.0626,
Train Epoch: [7/30] Iters:[780/1093] gen_loss -0.2621, rec_loss 0.0109, lpips_loss 0.1330, g_loss -0.0628, disc_weight 0.4000, disc_adaptive_weight 6.4607, d_loss 0.4013, logits_real 0.0606, logits_fake 0.0628,
Train Epoch: [7/30] Iters:[790/1093] gen_loss -0.2675, rec_loss 0.0110, lpips_loss 0.1338, g_loss -0.0629, disc_weight 0.4000, disc_adaptive_weight 6.5490, d_loss 0.4013, logits_real 0.0609, logits_fake 0.0631,
Train Epoch: [7/30] Iters:[800/1093] gen_loss -0.2946, rec_loss 0.0111, lpips_loss 0.1340, g_loss -0.0632, disc_weight 0.4000, disc_adaptive_weight 6.9559, d_loss 0.4013, logits_real 0.0609, logits_fake 0.0632,
Train Epoch: [7/30] Iters:[810/1093] gen_loss -0.3099, rec_loss 0.0113, lpips_loss 0.1348, g_loss -0.0636, disc_weight 0.4000, disc_adaptive_weight 7.1674, d_loss 0.4014, logits_real 0.0609, logits_fake 0.0634,
Train Epoch: [7/30] Iters:[820/1093] gen_loss -0.3063, rec_loss 0.0113, lpips_loss 0.1347, g_loss -0.0637, disc_weight 0.4000, disc_adaptive_weight 7.0970, d_loss 0.4013, logits_real 0.0613, logits_fake 0.0636,
Train Epoch: [7/30] Iters:[830/1093] gen_loss -0.3055, rec_loss 0.0112, lpips_loss 0.1346, g_loss -0.0638, disc_weight 0.4000, disc_adaptive_weight 7.0768, d_loss 0.4013, logits_real 0.0613, logits_fake 0.0637,
Train Epoch: [7/30] Iters:[840/1093] gen_loss -0.2986, rec_loss 0.0111, lpips_loss 0.1342, g_loss -0.0640, disc_weight 0.4000, disc_adaptive_weight 6.9453, d_loss 0.4014, logits_real 0.0613, logits_fake 0.0638,
Train Epoch: [7/30] Iters:[850/1093] gen_loss -0.2678, rec_loss 0.0110, lpips_loss 0.1343, g_loss -0.0641, disc_weight 0.4000, disc_adaptive_weight 6.4452, d_loss 0.4014, logits_real 0.0616, logits_fake 0.0641,
Train Epoch: [7/30] Iters:[860/1093] gen_loss -0.2605, rec_loss 0.0108, lpips_loss 0.1332, g_loss -0.0638, disc_weight 0.4000, disc_adaptive_weight 6.3400, d_loss 0.4013, logits_real 0.0616, logits_fake 0.0640,
Train Epoch: [7/30] Iters:[870/1093] gen_loss -0.2432, rec_loss 0.0108, lpips_loss 0.1327, g_loss -0.0637, disc_weight 0.4000, disc_adaptive_weight 6.0765, d_loss 0.4013, logits_real 0.0614, logits_fake 0.0638,
Train Epoch: [7/30] Iters:[880/1093] gen_loss -0.2471, rec_loss 0.0108, lpips_loss 0.1327, g_loss -0.0633, disc_weight 0.4000, disc_adaptive_weight 6.1763, d_loss 0.4013, logits_real 0.0611, logits_fake 0.0635,
Train Epoch: [7/30] Iters:[890/1093] gen_loss -0.2395, rec_loss 0.0108, lpips_loss 0.1325, g_loss -0.0630, disc_weight 0.4000, disc_adaptive_weight 6.0792, d_loss 0.4013, logits_real 0.0607, logits_fake 0.0630,
Train Epoch: [7/30] Iters:[900/1093] gen_loss -0.2195, rec_loss 0.0108, lpips_loss 0.1326, g_loss -0.0623, disc_weight 0.4000, disc_adaptive_weight 5.8176, d_loss 0.4013, logits_real 0.0602, logits_fake 0.0624,
Train Epoch: [7/30] Iters:[910/1093] gen_loss -0.2154, rec_loss 0.0108, lpips_loss 0.1333, g_loss -0.0617, disc_weight 0.4000, disc_adaptive_weight 5.8309, d_loss 0.4013, logits_real 0.0597, logits_fake 0.0619,
Train Epoch: [7/30] Iters:[920/1093] gen_loss -0.2170, rec_loss 0.0109, lpips_loss 0.1340, g_loss -0.0612, disc_weight 0.4000, disc_adaptive_weight 5.9089, d_loss 0.4013, logits_real 0.0592, logits_fake 0.0614,
Train Epoch: [7/30] Iters:[930/1093] gen_loss -0.1860, rec_loss 0.0109, lpips_loss 0.1338, g_loss -0.0609, disc_weight 0.4000, disc_adaptive_weight 5.4269, d_loss 0.4013, logits_real 0.0590, logits_fake 0.0611,
Train Epoch: [7/30] Iters:[940/1093] gen_loss -0.1813, rec_loss 0.0109, lpips_loss 0.1333, g_loss -0.0607, disc_weight 0.4000, disc_adaptive_weight 5.3597, d_loss 0.4013, logits_real 0.0589, logits_fake 0.0610,
Train Epoch: [7/30] Iters:[950/1093] gen_loss -0.2002, rec_loss 0.0109, lpips_loss 0.1331, g_loss -0.0608, disc_weight 0.4000, disc_adaptive_weight 5.6636, d_loss 0.4013, logits_real 0.0588, logits_fake 0.0610,
Train Epoch: [7/30] Iters:[960/1093] gen_loss -0.1932, rec_loss 0.0107, lpips_loss 0.1326, g_loss -0.0609, disc_weight 0.4000, disc_adaptive_weight 5.5270, d_loss 0.4013, logits_real 0.0590, logits_fake 0.0610,
Train Epoch: [7/30] Iters:[970/1093] gen_loss -0.2129, rec_loss 0.0106, lpips_loss 0.1318, g_loss -0.0611, disc_weight 0.4000, disc_adaptive_weight 5.8086, d_loss 0.4013, logits_real 0.0593, logits_fake 0.0613,
Train Epoch: [7/30] Iters:[980/1093] gen_loss -0.2505, rec_loss 0.0107, lpips_loss 0.1318, g_loss -0.0612, disc_weight 0.4000, disc_adaptive_weight 6.4178, d_loss 0.4013, logits_real 0.0592, logits_fake 0.0614,
Train Epoch: [7/30] Iters:[990/1093] gen_loss -0.2819, rec_loss 0.0107, lpips_loss 0.1325, g_loss -0.0612, disc_weight 0.4000, disc_adaptive_weight 6.9417, d_loss 0.4013, logits_real 0.0591, logits_fake 0.0614,
Train Epoch: [7/30] Iters:[1000/1093] gen_loss -0.2823, rec_loss 0.0107, lpips_loss 0.1323, g_loss -0.0614, disc_weight 0.4000, disc_adaptive_weight 6.9296, d_loss 0.4013, logits_real 0.0591, logits_fake 0.0614,
Train Epoch: [7/30] Iters:[1010/1093] gen_loss -0.2936, rec_loss 0.0108, lpips_loss 0.1323, g_loss -0.0615, disc_weight 0.4000, disc_adaptive_weight 7.0975, d_loss 0.4013, logits_real 0.0591, logits_fake 0.0615,
Train Epoch: [7/30] Iters:[1020/1093] gen_loss -0.2791, rec_loss 0.0108, lpips_loss 0.1327, g_loss -0.0616, disc_weight 0.4000, disc_adaptive_weight 6.8646, d_loss 0.4013, logits_real 0.0591, logits_fake 0.0615,
Train Epoch: [7/30] Iters:[1030/1093] gen_loss -0.2760, rec_loss 0.0110, lpips_loss 0.1331, g_loss -0.0618, disc_weight 0.4000, disc_adaptive_weight 6.7986, d_loss 0.4013, logits_real 0.0593, logits_fake 0.0616,
Train Epoch: [7/30] Iters:[1040/1093] gen_loss -0.2619, rec_loss 0.0110, lpips_loss 0.1330, g_loss -0.0620, disc_weight 0.4000, disc_adaptive_weight 6.5424, d_loss 0.4013, logits_real 0.0595, logits_fake 0.0618,
Train Epoch: [7/30] Iters:[1050/1093] gen_loss -0.2557, rec_loss 0.0110, lpips_loss 0.1330, g_loss -0.0620, disc_weight 0.4000, disc_adaptive_weight 6.4433, d_loss 0.4012, logits_real 0.0598, logits_fake 0.0618,
Train Epoch: [7/30] Iters:[1060/1093] gen_loss -0.2456, rec_loss 0.0111, lpips_loss 0.1329, g_loss -0.0621, disc_weight 0.4000, disc_adaptive_weight 6.2685, d_loss 0.4012, logits_real 0.0599, logits_fake 0.0621,
Train Epoch: [7/30] Iters:[1070/1093] gen_loss -0.2688, rec_loss 0.0112, lpips_loss 0.1332, g_loss -0.0621, disc_weight 0.4000, disc_adaptive_weight 6.6443, d_loss 0.4013, logits_real 0.0597, logits_fake 0.0620,
Train Epoch: [7/30] Iters:[1080/1093] gen_loss -0.2433, rec_loss 0.0112, lpips_loss 0.1337, g_loss -0.0623, disc_weight 0.4000, disc_adaptive_weight 6.2267, d_loss 0.4013, logits_real 0.0600, logits_fake 0.0622,
Train Epoch: [7/30] Iters:[1090/1093] gen_loss -0.2261, rec_loss 0.0112, lpips_loss 0.1335, g_loss -0.0624, disc_weight 0.4000, disc_adaptive_weight 5.9415, d_loss 0.4013, logits_real 0.0600, logits_fake 0.0624,
epoch:8, cur_lr:0.000010
Train Epoch: [8/30] Iters:[10/1093] gen_loss -0.1894, rec_loss 0.0108, lpips_loss 0.1316, g_loss -0.0620, disc_weight 0.4000, disc_adaptive_weight 5.3588, d_loss 0.4013, logits_real 0.0601, logits_fake 0.0622,
Train Epoch: [8/30] Iters:[20/1093] gen_loss -0.2109, rec_loss 0.0108, lpips_loss 0.1317, g_loss -0.0619, disc_weight 0.4000, disc_adaptive_weight 5.7156, d_loss 0.4013, logits_real 0.0599, logits_fake 0.0620,
Train Epoch: [8/30] Iters:[30/1093] gen_loss -0.2315, rec_loss 0.0107, lpips_loss 0.1315, g_loss -0.0618, disc_weight 0.4000, disc_adaptive_weight 6.0481, d_loss 0.4012, logits_real 0.0600, logits_fake 0.0619,
Train Epoch: [8/30] Iters:[40/1093] gen_loss -0.2279, rec_loss 0.0108, lpips_loss 0.1314, g_loss -0.0616, disc_weight 0.4000, disc_adaptive_weight 6.0075, d_loss 0.4012, logits_real 0.0596, logits_fake 0.0616,
Train Epoch: [8/30] Iters:[50/1093] gen_loss -0.2397, rec_loss 0.0107, lpips_loss 0.1313, g_loss -0.0616, disc_weight 0.4000, disc_adaptive_weight 6.1964, d_loss 0.4012, logits_real 0.0595, logits_fake 0.0615,
Train Epoch: [8/30] Iters:[60/1093] gen_loss -0.2474, rec_loss 0.0109, lpips_loss 0.1315, g_loss -0.0615, disc_weight 0.4000, disc_adaptive_weight 6.3305, d_loss 0.4012, logits_real 0.0595, logits_fake 0.0616,
Train Epoch: [8/30] Iters:[70/1093] gen_loss -0.2555, rec_loss 0.0109, lpips_loss 0.1316, g_loss -0.0615, disc_weight 0.4000, disc_adaptive_weight 6.4612, d_loss 0.4012, logits_real 0.0596, logits_fake 0.0616,
Train Epoch: [8/30] Iters:[80/1093] gen_loss -0.2538, rec_loss 0.0110, lpips_loss 0.1318, g_loss -0.0616, disc_weight 0.4000, disc_adaptive_weight 6.4319, d_loss 0.4012, logits_real 0.0595, logits_fake 0.0616,
Train Epoch: [8/30] Iters:[90/1093] gen_loss -0.2699, rec_loss 0.0110, lpips_loss 0.1322, g_loss -0.0617, disc_weight 0.4000, disc_adaptive_weight 6.6924, d_loss 0.4012, logits_real 0.0598, logits_fake 0.0618,
Train Epoch: [8/30] Iters:[100/1093] gen_loss -0.2634, rec_loss 0.0111, lpips_loss 0.1326, g_loss -0.0618, disc_weight 0.4000, disc_adaptive_weight 6.5882, d_loss 0.4012, logits_real 0.0597, logits_fake 0.0619,
Train Epoch: [8/30] Iters:[110/1093] gen_loss -0.2663, rec_loss 0.0111, lpips_loss 0.1326, g_loss -0.0619, disc_weight 0.4000, disc_adaptive_weight 6.6195, d_loss 0.4012, logits_real 0.0595, logits_fake 0.0617,
Train Epoch: [8/30] Iters:[120/1093] gen_loss -0.2757, rec_loss 0.0112, lpips_loss 0.1330, g_loss -0.0618, disc_weight 0.4000, disc_adaptive_weight 6.7898, d_loss 0.4012, logits_real 0.0594, logits_fake 0.0616,
Train Epoch: [8/30] Iters:[130/1093] gen_loss -0.2655, rec_loss 0.0111, lpips_loss 0.1330, g_loss -0.0616, disc_weight 0.4000, disc_adaptive_weight 6.6410, d_loss 0.4013, logits_real 0.0592, logits_fake 0.0615,
Train Epoch: [8/30] Iters:[140/1093] gen_loss -0.2616, rec_loss 0.0112, lpips_loss 0.1331, g_loss -0.0616, disc_weight 0.4000, disc_adaptive_weight 6.5790, d_loss 0.4013, logits_real 0.0591, logits_fake 0.0615,
Train Epoch: [8/30] Iters:[150/1093] gen_loss -0.2559, rec_loss 0.0112, lpips_loss 0.1329, g_loss -0.0615, disc_weight 0.4000, disc_adaptive_weight 6.4919, d_loss 0.4012, logits_real 0.0593, logits_fake 0.0615,
Train Epoch: [8/30] Iters:[160/1093] gen_loss -0.2554, rec_loss 0.0111, lpips_loss 0.1326, g_loss -0.0613, disc_weight 0.4000, disc_adaptive_weight 6.4975, d_loss 0.4012, logits_real 0.0593, logits_fake 0.0614,
Train Epoch: [8/30] Iters:[170/1093] gen_loss -0.2447, rec_loss 0.0109, lpips_loss 0.1320, g_loss -0.0613, disc_weight 0.4000, disc_adaptive_weight 6.3163, d_loss 0.4012, logits_real 0.0593, logits_fake 0.0614,
Train Epoch: [8/30] Iters:[180/1093] gen_loss -0.2486, rec_loss 0.0108, lpips_loss 0.1319, g_loss -0.0613, disc_weight 0.4000, disc_adaptive_weight 6.3762, d_loss 0.4012, logits_real 0.0593, logits_fake 0.0614,
Train Epoch: [8/30] Iters:[190/1093] gen_loss -0.2521, rec_loss 0.0108, lpips_loss 0.1320, g_loss -0.0613, disc_weight 0.4000, disc_adaptive_weight 6.4280, d_loss 0.4012, logits_real 0.0593, logits_fake 0.0615,
Train Epoch: [8/30] Iters:[200/1093] gen_loss -0.2452, rec_loss 0.0107, lpips_loss 0.1323, g_loss -0.0616, disc_weight 0.4000, disc_adaptive_weight 6.3005, d_loss 0.4012, logits_real 0.0594, logits_fake 0.0616,
Train Epoch: [8/30] Iters:[210/1093] gen_loss -0.2417, rec_loss 0.0108, lpips_loss 0.1329, g_loss -0.0617, disc_weight 0.4000, disc_adaptive_weight 6.2428, d_loss 0.4012, logits_real 0.0597, logits_fake 0.0617,
Train Epoch: [8/30] Iters:[220/1093] gen_loss -0.2417, rec_loss 0.0108, lpips_loss 0.1331, g_loss -0.0620, disc_weight 0.4000, disc_adaptive_weight 6.2224, d_loss 0.4012, logits_real 0.0599, logits_fake 0.0620,
Train Epoch: [8/30] Iters:[230/1093] gen_loss -0.2337, rec_loss 0.0109, lpips_loss 0.1334, g_loss -0.0624, disc_weight 0.4000, disc_adaptive_weight 6.0599, d_loss 0.4012, logits_real 0.0603, logits_fake 0.0622,
Train Epoch: [8/30] Iters:[240/1093] gen_loss -0.2382, rec_loss 0.0109, lpips_loss 0.1337, g_loss -0.0626, disc_weight 0.4000, disc_adaptive_weight 6.1096, d_loss 0.4011, logits_real 0.0608, logits_fake 0.0623,
Train Epoch: [8/30] Iters:[250/1093] gen_loss -0.2519, rec_loss 0.0110, lpips_loss 0.1334, g_loss -0.0630, disc_weight 0.4000, disc_adaptive_weight 6.2912, d_loss 0.4011, logits_real 0.0612, logits_fake 0.0627,
Train Epoch: [8/30] Iters:[260/1093] gen_loss -0.2525, rec_loss 0.0109, lpips_loss 0.1332, g_loss -0.0633, disc_weight 0.4000, disc_adaptive_weight 6.2710, d_loss 0.4012, logits_real 0.0611, logits_fake 0.0629,
Train Epoch: [8/30] Iters:[270/1093] gen_loss -0.2467, rec_loss 0.0109, lpips_loss 0.1335, g_loss -0.0635, disc_weight 0.4000, disc_adaptive_weight 6.1628, d_loss 0.4012, logits_real 0.0613, logits_fake 0.0631,
Train Epoch: [8/30] Iters:[280/1093] gen_loss -0.2780, rec_loss 0.0109, lpips_loss 0.1336, g_loss -0.0637, disc_weight 0.4000, disc_adaptive_weight 6.6309, d_loss 0.4012, logits_real 0.0614, logits_fake 0.0636,
Train Epoch: [8/30] Iters:[290/1093] gen_loss -0.2692, rec_loss 0.0109, lpips_loss 0.1329, g_loss -0.0638, disc_weight 0.4000, disc_adaptive_weight 6.4684, d_loss 0.4013, logits_real 0.0614, logits_fake 0.0638,
Train Epoch: [8/30] Iters:[300/1093] gen_loss -0.2711, rec_loss 0.0108, lpips_loss 0.1325, g_loss -0.0635, disc_weight 0.4000, disc_adaptive_weight 6.5186, d_loss 0.4012, logits_real 0.0614, logits_fake 0.0635,
Train Epoch: [8/30] Iters:[310/1093] gen_loss -0.2778, rec_loss 0.0107, lpips_loss 0.1327, g_loss -0.0633, disc_weight 0.4000, disc_adaptive_weight 6.6394, d_loss 0.4011, logits_real 0.0618, logits_fake 0.0633,
Train Epoch: [8/30] Iters:[320/1093] gen_loss -0.2856, rec_loss 0.0108, lpips_loss 0.1325, g_loss -0.0632, disc_weight 0.4000, disc_adaptive_weight 6.7717, d_loss 0.4011, logits_real 0.0616, logits_fake 0.0633,
Train Epoch: [8/30] Iters:[330/1093] gen_loss -0.2582, rec_loss 0.0106, lpips_loss 0.1320, g_loss -0.0630, disc_weight 0.4000, disc_adaptive_weight 6.3610, d_loss 0.4011, logits_real 0.0612, logits_fake 0.0630,
Train Epoch: [8/30] Iters:[340/1093] gen_loss -0.2409, rec_loss 0.0108, lpips_loss 0.1325, g_loss -0.0630, disc_weight 0.4000, disc_adaptive_weight 6.0988, d_loss 0.4011, logits_real 0.0615, logits_fake 0.0628,
Train Epoch: [8/30] Iters:[350/1093] gen_loss -0.2338, rec_loss 0.0109, lpips_loss 0.1330, g_loss -0.0634, disc_weight 0.4000, disc_adaptive_weight 5.9609, d_loss 0.4012, logits_real 0.0616, logits_fake 0.0636,
Train Epoch: [8/30] Iters:[360/1093] gen_loss -0.2179, rec_loss 0.0110, lpips_loss 0.1326, g_loss -0.0639, disc_weight 0.4000, disc_adaptive_weight 5.6674, d_loss 0.4012, logits_real 0.0620, logits_fake 0.0639,
Train Epoch: [8/30] Iters:[370/1093] gen_loss -0.2020, rec_loss 0.0108, lpips_loss 0.1324, g_loss -0.0644, disc_weight 0.4000, disc_adaptive_weight 5.3597, d_loss 0.4011, logits_real 0.0625, logits_fake 0.0640,
Train Epoch: [8/30] Iters:[380/1093] gen_loss -0.2071, rec_loss 0.0110, lpips_loss 0.1330, g_loss -0.0648, disc_weight 0.4000, disc_adaptive_weight 5.4118, d_loss 0.4011, logits_real 0.0631, logits_fake 0.0644,
Train Epoch: [8/30] Iters:[390/1093] gen_loss -0.2258, rec_loss 0.0109, lpips_loss 0.1331, g_loss -0.0653, disc_weight 0.4000, disc_adaptive_weight 5.6531, d_loss 0.4012, logits_real 0.0631, logits_fake 0.0649,
Train Epoch: [8/30] Iters:[400/1093] gen_loss -0.2428, rec_loss 0.0109, lpips_loss 0.1333, g_loss -0.0654, disc_weight 0.4000, disc_adaptive_weight 5.9004, d_loss 0.4011, logits_real 0.0634, logits_fake 0.0649,
Train Epoch: [8/30] Iters:[410/1093] gen_loss -0.2474, rec_loss 0.0110, lpips_loss 0.1335, g_loss -0.0654, disc_weight 0.4000, disc_adaptive_weight 5.9754, d_loss 0.4011, logits_real 0.0633, logits_fake 0.0651,
Train Epoch: [8/30] Iters:[420/1093] gen_loss -0.2525, rec_loss 0.0111, lpips_loss 0.1336, g_loss -0.0656, disc_weight 0.4000, disc_adaptive_weight 6.0406, d_loss 0.4011, logits_real 0.0634, logits_fake 0.0651,
Train Epoch: [8/30] Iters:[430/1093] gen_loss -0.2504, rec_loss 0.0112, lpips_loss 0.1339, g_loss -0.0656, disc_weight 0.4000, disc_adaptive_weight 6.0097, d_loss 0.4011, logits_real 0.0637, logits_fake 0.0655,
Train Epoch: [8/30] Iters:[440/1093] gen_loss -0.2310, rec_loss 0.0111, lpips_loss 0.1332, g_loss -0.0659, disc_weight 0.4000, disc_adaptive_weight 5.6839, d_loss 0.4011, logits_real 0.0639, logits_fake 0.0655,
Train Epoch: [8/30] Iters:[450/1093] gen_loss -0.2166, rec_loss 0.0110, lpips_loss 0.1333, g_loss -0.0660, disc_weight 0.4000, disc_adaptive_weight 5.4604, d_loss 0.4012, logits_real 0.0635, logits_fake 0.0654,
Train Epoch: [8/30] Iters:[460/1093] gen_loss -0.2326, rec_loss 0.0109, lpips_loss 0.1331, g_loss -0.0661, disc_weight 0.4000, disc_adaptive_weight 5.6883, d_loss 0.4012, logits_real 0.0633, logits_fake 0.0654,
Train Epoch: [8/30] Iters:[470/1093] gen_loss -0.2607, rec_loss 0.0109, lpips_loss 0.1335, g_loss -0.0660, disc_weight 0.4000, disc_adaptive_weight 6.1372, d_loss 0.4012, logits_real 0.0635, logits_fake 0.0658,
Train Epoch: [8/30] Iters:[480/1093] gen_loss -0.2825, rec_loss 0.0108, lpips_loss 0.1331, g_loss -0.0658, disc_weight 0.4000, disc_adaptive_weight 6.4841, d_loss 0.4013, logits_real 0.0631, logits_fake 0.0656,
Train Epoch: [8/30] Iters:[490/1093] gen_loss -0.2827, rec_loss 0.0109, lpips_loss 0.1331, g_loss -0.0653, disc_weight 0.4000, disc_adaptive_weight 6.5321, d_loss 0.4013, logits_real 0.0628, logits_fake 0.0653,
Train Epoch: [8/30] Iters:[500/1093] gen_loss -0.2929, rec_loss 0.0109, lpips_loss 0.1326, g_loss -0.0650, disc_weight 0.4000, disc_adaptive_weight 6.7079, d_loss 0.4012, logits_real 0.0628, logits_fake 0.0651,
Train Epoch: [8/30] Iters:[510/1093] gen_loss -0.2934, rec_loss 0.0110, lpips_loss 0.1332, g_loss -0.0646, disc_weight 0.4000, disc_adaptive_weight 6.7642, d_loss 0.4012, logits_real 0.0626, logits_fake 0.0649,
Train Epoch: [8/30] Iters:[520/1093] gen_loss -0.2764, rec_loss 0.0110, lpips_loss 0.1330, g_loss -0.0644, disc_weight 0.4000, disc_adaptive_weight 6.5198, d_loss 0.4012, logits_real 0.0620, logits_fake 0.0644,
Train Epoch: [8/30] Iters:[530/1093] gen_loss -0.2618, rec_loss 0.0110, lpips_loss 0.1329, g_loss -0.0642, disc_weight 0.4000, disc_adaptive_weight 6.3089, d_loss 0.4012, logits_real 0.0619, logits_fake 0.0641,
Train Epoch: [8/30] Iters:[540/1093] gen_loss -0.2659, rec_loss 0.0109, lpips_loss 0.1334, g_loss -0.0640, disc_weight 0.4000, disc_adaptive_weight 6.3923, d_loss 0.4012, logits_real 0.0616, logits_fake 0.0640,
Train Epoch: [8/30] Iters:[550/1093] gen_loss -0.2797, rec_loss 0.0111, lpips_loss 0.1340, g_loss -0.0639, disc_weight 0.4000, disc_adaptive_weight 6.6372, d_loss 0.4012, logits_real 0.0618, logits_fake 0.0638,
Train Epoch: [8/30] Iters:[560/1093] gen_loss -0.2827, rec_loss 0.0111, lpips_loss 0.1337, g_loss -0.0640, disc_weight 0.4000, disc_adaptive_weight 6.6727, d_loss 0.4012, logits_real 0.0616, logits_fake 0.0639,
Train Epoch: [8/30] Iters:[570/1093] gen_loss -0.2669, rec_loss 0.0110, lpips_loss 0.1332, g_loss -0.0636, disc_weight 0.4000, disc_adaptive_weight 6.4553, d_loss 0.4012, logits_real 0.0614, logits_fake 0.0637,
Train Epoch: [8/30] Iters:[580/1093] gen_loss -0.2694, rec_loss 0.0110, lpips_loss 0.1329, g_loss -0.0633, disc_weight 0.4000, disc_adaptive_weight 6.5235, d_loss 0.4012, logits_real 0.0612, logits_fake 0.0635,
Train Epoch: [8/30] Iters:[590/1093] gen_loss -0.3100, rec_loss 0.0111, lpips_loss 0.1329, g_loss -0.0629, disc_weight 0.4000, disc_adaptive_weight 7.2264, d_loss 0.4012, logits_real 0.0607, logits_fake 0.0629,
Train Epoch: [8/30] Iters:[600/1093] gen_loss -0.3207, rec_loss 0.0109, lpips_loss 0.1322, g_loss -0.0625, disc_weight 0.4000, disc_adaptive_weight 7.4417, d_loss 0.4012, logits_real 0.0602, logits_fake 0.0624,
Train Epoch: [8/30] Iters:[610/1093] gen_loss -0.3215, rec_loss 0.0110, lpips_loss 0.1325, g_loss -0.0622, disc_weight 0.4000, disc_adaptive_weight 7.4957, d_loss 0.4012, logits_real 0.0601, logits_fake 0.0620,
Train Epoch: [8/30] Iters:[620/1093] gen_loss -0.3327, rec_loss 0.0111, lpips_loss 0.1327, g_loss -0.0621, disc_weight 0.4000, disc_adaptive_weight 7.6911, d_loss 0.4012, logits_real 0.0599, logits_fake 0.0619,
Train Epoch: [8/30] Iters:[630/1093] gen_loss -0.3080, rec_loss 0.0111, lpips_loss 0.1333, g_loss -0.0622, disc_weight 0.4000, disc_adaptive_weight 7.2954, d_loss 0.4011, logits_real 0.0599, logits_fake 0.0619,
Train Epoch: [8/30] Iters:[640/1093] gen_loss -0.2670, rec_loss 0.0112, lpips_loss 0.1335, g_loss -0.0623, disc_weight 0.4000, disc_adaptive_weight 6.6216, d_loss 0.4012, logits_real 0.0599, logits_fake 0.0621,
Train Epoch: [8/30] Iters:[650/1093] gen_loss -0.2240, rec_loss 0.0112, lpips_loss 0.1337, g_loss -0.0621, disc_weight 0.4000, disc_adaptive_weight 5.9398, d_loss 0.4012, logits_real 0.0597, logits_fake 0.0620,
Train Epoch: [8/30] Iters:[660/1093] gen_loss -0.2218, rec_loss 0.0112, lpips_loss 0.1336, g_loss -0.0619, disc_weight 0.4000, disc_adaptive_weight 5.9345, d_loss 0.4012, logits_real 0.0595, logits_fake 0.0616,
Train Epoch: [8/30] Iters:[670/1093] gen_loss -0.2132, rec_loss 0.0112, lpips_loss 0.1339, g_loss -0.0617, disc_weight 0.4000, disc_adaptive_weight 5.8155, d_loss 0.4012, logits_real 0.0592, logits_fake 0.0613,
Train Epoch: [8/30] Iters:[680/1093] gen_loss -0.2100, rec_loss 0.0112, lpips_loss 0.1336, g_loss -0.0613, disc_weight 0.4000, disc_adaptive_weight 5.7974, d_loss 0.4012, logits_real 0.0591, logits_fake 0.0612,
Train Epoch: [8/30] Iters:[690/1093] gen_loss -0.2179, rec_loss 0.0111, lpips_loss 0.1334, g_loss -0.0613, disc_weight 0.4000, disc_adaptive_weight 5.9203, d_loss 0.4012, logits_real 0.0590, logits_fake 0.0612,
Train Epoch: [8/30] Iters:[700/1093] gen_loss -0.2393, rec_loss 0.0111, lpips_loss 0.1338, g_loss -0.0615, disc_weight 0.4000, disc_adaptive_weight 6.2457, d_loss 0.4012, logits_real 0.0592, logits_fake 0.0612,
Train Epoch: [8/30] Iters:[710/1093] gen_loss -0.2199, rec_loss 0.0109, lpips_loss 0.1334, g_loss -0.0615, disc_weight 0.4000, disc_adaptive_weight 5.9127, d_loss 0.4012, logits_real 0.0593, logits_fake 0.0616,
Train Epoch: [8/30] Iters:[720/1093] gen_loss -0.2187, rec_loss 0.0109, lpips_loss 0.1332, g_loss -0.0614, disc_weight 0.4000, disc_adaptive_weight 5.8990, d_loss 0.4012, logits_real 0.0592, logits_fake 0.0616,
Train Epoch: [8/30] Iters:[730/1093] gen_loss -0.2353, rec_loss 0.0109, lpips_loss 0.1331, g_loss -0.0611, disc_weight 0.4000, disc_adaptive_weight 6.1995, d_loss 0.4012, logits_real 0.0589, logits_fake 0.0611,
Train Epoch: [8/30] Iters:[740/1093] gen_loss -0.2219, rec_loss 0.0109, lpips_loss 0.1333, g_loss -0.0605, disc_weight 0.4000, disc_adaptive_weight 6.0349, d_loss 0.4012, logits_real 0.0583, logits_fake 0.0603,
Train Epoch: [8/30] Iters:[750/1093] gen_loss -0.2087, rec_loss 0.0110, lpips_loss 0.1330, g_loss -0.0598, disc_weight 0.4000, disc_adaptive_weight 5.9031, d_loss 0.4012, logits_real 0.0577, logits_fake 0.0599,
Train Epoch: [8/30] Iters:[760/1093] gen_loss -0.2167, rec_loss 0.0110, lpips_loss 0.1333, g_loss -0.0592, disc_weight 0.4000, disc_adaptive_weight 6.0987, d_loss 0.4011, logits_real 0.0572, logits_fake 0.0592,
Train Epoch: [8/30] Iters:[770/1093] gen_loss -0.2286, rec_loss 0.0112, lpips_loss 0.1337, g_loss -0.0587, disc_weight 0.4000, disc_adaptive_weight 6.3733, d_loss 0.4011, logits_real 0.0569, logits_fake 0.0588,
Train Epoch: [8/30] Iters:[780/1093] gen_loss -0.2448, rec_loss 0.0113, lpips_loss 0.1335, g_loss -0.0587, disc_weight 0.4000, disc_adaptive_weight 6.6407, d_loss 0.4011, logits_real 0.0569, logits_fake 0.0588,
Train Epoch: [8/30] Iters:[790/1093] gen_loss -0.2572, rec_loss 0.0112, lpips_loss 0.1337, g_loss -0.0585, disc_weight 0.4000, disc_adaptive_weight 6.8711, d_loss 0.4011, logits_real 0.0571, logits_fake 0.0589,
Train Epoch: [8/30] Iters:[800/1093] gen_loss -0.2452, rec_loss 0.0111, lpips_loss 0.1336, g_loss -0.0585, disc_weight 0.4000, disc_adaptive_weight 6.6657, d_loss 0.4011, logits_real 0.0569, logits_fake 0.0587,
Train Epoch: [8/30] Iters:[810/1093] gen_loss -0.2331, rec_loss 0.0113, lpips_loss 0.1339, g_loss -0.0584, disc_weight 0.4000, disc_adaptive_weight 6.4682, d_loss 0.4011, logits_real 0.0569, logits_fake 0.0586,
Train Epoch: [8/30] Iters:[820/1093] gen_loss -0.2442, rec_loss 0.0110, lpips_loss 0.1328, g_loss -0.0585, disc_weight 0.4000, disc_adaptive_weight 6.6389, d_loss 0.4011, logits_real 0.0568, logits_fake 0.0587,
Train Epoch: [8/30] Iters:[830/1093] gen_loss -0.2527, rec_loss 0.0111, lpips_loss 0.1330, g_loss -0.0585, disc_weight 0.4000, disc_adaptive_weight 6.7900, d_loss 0.4012, logits_real 0.0566, logits_fake 0.0587,
Train Epoch: [8/30] Iters:[840/1093] gen_loss -0.2696, rec_loss 0.0113, lpips_loss 0.1327, g_loss -0.0587, disc_weight 0.4000, disc_adaptive_weight 7.0500, d_loss 0.4012, logits_real 0.0566, logits_fake 0.0588,
Train Epoch: [8/30] Iters:[850/1093] gen_loss -0.3086, rec_loss 0.0113, lpips_loss 0.1329, g_loss -0.0589, disc_weight 0.4000, disc_adaptive_weight 7.6919, d_loss 0.4012, logits_real 0.0568, logits_fake 0.0589,
Train Epoch: [8/30] Iters:[860/1093] gen_loss -0.3158, rec_loss 0.0112, lpips_loss 0.1325, g_loss -0.0590, disc_weight 0.4000, disc_adaptive_weight 7.7975, d_loss 0.4012, logits_real 0.0569, logits_fake 0.0589,
Train Epoch: [8/30] Iters:[870/1093] gen_loss -0.2879, rec_loss 0.0112, lpips_loss 0.1333, g_loss -0.0593, disc_weight 0.4000, disc_adaptive_weight 7.2947, d_loss 0.4011, logits_real 0.0573, logits_fake 0.0589,
Train Epoch: [8/30] Iters:[880/1093] gen_loss -0.2604, rec_loss 0.0110, lpips_loss 0.1329, g_loss -0.0596, disc_weight 0.4000, disc_adaptive_weight 6.7847, d_loss 0.4011, logits_real 0.0576, logits_fake 0.0593,
Train Epoch: [8/30] Iters:[890/1093] gen_loss -0.2454, rec_loss 0.0110, lpips_loss 0.1332, g_loss -0.0596, disc_weight 0.4000, disc_adaptive_weight 6.5353, d_loss 0.4011, logits_real 0.0578, logits_fake 0.0595,
Train Epoch: [8/30] Iters:[900/1093] gen_loss -0.2253, rec_loss 0.0111, lpips_loss 0.1333, g_loss -0.0601, disc_weight 0.4000, disc_adaptive_weight 6.1453, d_loss 0.4011, logits_real 0.0580, logits_fake 0.0599,
Train Epoch: [8/30] Iters:[910/1093] gen_loss -0.2148, rec_loss 0.0110, lpips_loss 0.1331, g_loss -0.0602, disc_weight 0.4000, disc_adaptive_weight 5.9493, d_loss 0.4012, logits_real 0.0580, logits_fake 0.0601,
Train Epoch: [8/30] Iters:[920/1093] gen_loss -0.2135, rec_loss 0.0110, lpips_loss 0.1326, g_loss -0.0601, disc_weight 0.4000, disc_adaptive_weight 5.9350, d_loss 0.4012, logits_real 0.0579, logits_fake 0.0600,
Train Epoch: [8/30] Iters:[930/1093] gen_loss -0.2185, rec_loss 0.0111, lpips_loss 0.1334, g_loss -0.0600, disc_weight 0.4000, disc_adaptive_weight 6.0470, d_loss 0.4012, logits_real 0.0578, logits_fake 0.0599,
Train Epoch: [8/30] Iters:[940/1093] gen_loss -0.2231, rec_loss 0.0110, lpips_loss 0.1330, g_loss -0.0598, disc_weight 0.4000, disc_adaptive_weight 6.1316, d_loss 0.4012, logits_real 0.0575, logits_fake 0.0597,
Train Epoch: [8/30] Iters:[950/1093] gen_loss -0.2148, rec_loss 0.0109, lpips_loss 0.1327, g_loss -0.0592, disc_weight 0.4000, disc_adaptive_weight 6.0601, d_loss 0.4011, logits_real 0.0572, logits_fake 0.0593,
Train Epoch: [8/30] Iters:[960/1093] gen_loss -0.2253, rec_loss 0.0111, lpips_loss 0.1332, g_loss -0.0590, disc_weight 0.4000, disc_adaptive_weight 6.2722, d_loss 0.4011, logits_real 0.0572, logits_fake 0.0591,
Train Epoch: [8/30] Iters:[970/1093] gen_loss -0.2299, rec_loss 0.0109, lpips_loss 0.1328, g_loss -0.0590, disc_weight 0.4000, disc_adaptive_weight 6.3359, d_loss 0.4011, logits_real 0.0569, logits_fake 0.0591,
Train Epoch: [8/30] Iters:[980/1093] gen_loss -0.2149, rec_loss 0.0109, lpips_loss 0.1322, g_loss -0.0587, disc_weight 0.4000, disc_adaptive_weight 6.0993, d_loss 0.4011, logits_real 0.0567, logits_fake 0.0588,
Train Epoch: [8/30] Iters:[990/1093] gen_loss -0.1987, rec_loss 0.0110, lpips_loss 0.1322, g_loss -0.0588, disc_weight 0.4000, disc_adaptive_weight 5.8093, d_loss 0.4011, logits_real 0.0568, logits_fake 0.0587,
Train Epoch: [8/30] Iters:[1000/1093] gen_loss -0.1835, rec_loss 0.0110, lpips_loss 0.1323, g_loss -0.0591, disc_weight 0.4000, disc_adaptive_weight 5.5235, d_loss 0.4011, logits_real 0.0568, logits_fake 0.0586,
Train Epoch: [8/30] Iters:[1010/1093] gen_loss -0.1927, rec_loss 0.0110, lpips_loss 0.1319, g_loss -0.0590, disc_weight 0.4000, disc_adaptive_weight 5.6790, d_loss 0.4010, logits_real 0.0570, logits_fake 0.0586,
Train Epoch: [8/30] Iters:[1020/1093] gen_loss -0.2105, rec_loss 0.0111, lpips_loss 0.1321, g_loss -0.0592, disc_weight 0.4000, disc_adaptive_weight 5.9773, d_loss 0.4011, logits_real 0.0571, logits_fake 0.0588,
Train Epoch: [8/30] Iters:[1030/1093] gen_loss -0.2430, rec_loss 0.0112, lpips_loss 0.1327, g_loss -0.0590, disc_weight 0.4000, disc_adaptive_weight 6.5783, d_loss 0.4009, logits_real 0.0574, logits_fake 0.0584,
Train Epoch: [8/30] Iters:[1040/1093] gen_loss -0.2532, rec_loss 0.0113, lpips_loss 0.1329, g_loss -0.0587, disc_weight 0.4000, disc_adaptive_weight 6.7981, d_loss 0.4009, logits_real 0.0575, logits_fake 0.0585,
Train Epoch: [8/30] Iters:[1050/1093] gen_loss -0.2588, rec_loss 0.0112, lpips_loss 0.1330, g_loss -0.0585, disc_weight 0.4000, disc_adaptive_weight 6.8951, d_loss 0.4010, logits_real 0.0574, logits_fake 0.0586,
Train Epoch: [8/30] Iters:[1060/1093] gen_loss -0.2520, rec_loss 0.0113, lpips_loss 0.1330, g_loss -0.0589, disc_weight 0.4000, disc_adaptive_weight 6.7396, d_loss 0.4011, logits_real 0.0568, logits_fake 0.0584,
Train Epoch: [8/30] Iters:[1070/1093] gen_loss -0.2322, rec_loss 0.0113, lpips_loss 0.1331, g_loss -0.0585, disc_weight 0.4000, disc_adaptive_weight 6.4475, d_loss 0.4010, logits_real 0.0567, logits_fake 0.0578,
Train Epoch: [8/30] Iters:[1080/1093] gen_loss -0.2219, rec_loss 0.0114, lpips_loss 0.1329, g_loss -0.0579, disc_weight 0.4000, disc_adaptive_weight 6.3499, d_loss 0.4011, logits_real 0.0562, logits_fake 0.0581,
Train Epoch: [8/30] Iters:[1090/1093] gen_loss -0.2238, rec_loss 0.0114, lpips_loss 0.1330, g_loss -0.0578, disc_weight 0.4000, disc_adaptive_weight 6.4000, d_loss 0.4011, logits_real 0.0556, logits_fake 0.0576,
epoch:9, cur_lr:0.000010
Train Epoch: [9/30] Iters:[10/1093] gen_loss -0.2559, rec_loss 0.0110, lpips_loss 0.1321, g_loss -0.0573, disc_weight 0.4000, disc_adaptive_weight 6.9272, d_loss 0.4013, logits_real 0.0538, logits_fake 0.0570,
Train Epoch: [9/30] Iters:[20/1093] gen_loss -0.2176, rec_loss 0.0111, lpips_loss 0.1324, g_loss -0.0565, disc_weight 0.4000, disc_adaptive_weight 6.3523, d_loss 0.4010, logits_real 0.0540, logits_fake 0.0556,
Train Epoch: [9/30] Iters:[30/1093] gen_loss -0.2145, rec_loss 0.0112, lpips_loss 0.1326, g_loss -0.0561, disc_weight 0.4000, disc_adaptive_weight 6.3619, d_loss 0.4011, logits_real 0.0540, logits_fake 0.0561,
Train Epoch: [9/30] Iters:[40/1093] gen_loss -0.2264, rec_loss 0.0111, lpips_loss 0.1323, g_loss -0.0561, disc_weight 0.4000, disc_adaptive_weight 6.5665, d_loss 0.4011, logits_real 0.0541, logits_fake 0.0562,
Train Epoch: [9/30] Iters:[50/1093] gen_loss -0.2238, rec_loss 0.0111, lpips_loss 0.1323, g_loss -0.0563, disc_weight 0.4000, disc_adaptive_weight 6.5058, d_loss 0.4012, logits_real 0.0539, logits_fake 0.0563,
Train Epoch: [9/30] Iters:[60/1093] gen_loss -0.2010, rec_loss 0.0111, lpips_loss 0.1327, g_loss -0.0564, disc_weight 0.4000, disc_adaptive_weight 6.1060, d_loss 0.4012, logits_real 0.0541, logits_fake 0.0563,
Train Epoch: [9/30] Iters:[70/1093] gen_loss -0.2311, rec_loss 0.0111, lpips_loss 0.1328, g_loss -0.0567, disc_weight 0.4000, disc_adaptive_weight 6.6104, d_loss 0.4012, logits_real 0.0543, logits_fake 0.0569,
Train Epoch: [9/30] Iters:[80/1093] gen_loss -0.2520, rec_loss 0.0111, lpips_loss 0.1330, g_loss -0.0573, disc_weight 0.4000, disc_adaptive_weight 6.9248, d_loss 0.4012, logits_real 0.0545, logits_fake 0.0569,
Train Epoch: [9/30] Iters:[90/1093] gen_loss -0.2679, rec_loss 0.0113, lpips_loss 0.1334, g_loss -0.0576, disc_weight 0.4000, disc_adaptive_weight 7.1794, d_loss 0.4012, logits_real 0.0545, logits_fake 0.0572,
Train Epoch: [9/30] Iters:[100/1093] gen_loss -0.2819, rec_loss 0.0114, lpips_loss 0.1339, g_loss -0.0574, disc_weight 0.4000, disc_adaptive_weight 7.4575, d_loss 0.4012, logits_real 0.0547, logits_fake 0.0572,
Train Epoch: [9/30] Iters:[110/1093] gen_loss -0.3065, rec_loss 0.0114, lpips_loss 0.1338, g_loss -0.0571, disc_weight 0.4000, disc_adaptive_weight 7.9177, d_loss 0.4012, logits_real 0.0547, logits_fake 0.0571,
Train Epoch: [9/30] Iters:[120/1093] gen_loss -0.2766, rec_loss 0.0113, lpips_loss 0.1338, g_loss -0.0570, disc_weight 0.4000, disc_adaptive_weight 7.3977, d_loss 0.4012, logits_real 0.0547, logits_fake 0.0572,
Train Epoch: [9/30] Iters:[130/1093] gen_loss -0.2707, rec_loss 0.0113, lpips_loss 0.1337, g_loss -0.0569, disc_weight 0.4000, disc_adaptive_weight 7.2942, d_loss 0.4012, logits_real 0.0548, logits_fake 0.0572,
Train Epoch: [9/30] Iters:[140/1093] gen_loss -0.2398, rec_loss 0.0113, lpips_loss 0.1336, g_loss -0.0571, disc_weight 0.4000, disc_adaptive_weight 6.7390, d_loss 0.4011, logits_real 0.0551, logits_fake 0.0573,
Train Epoch: [9/30] Iters:[150/1093] gen_loss -0.2259, rec_loss 0.0112, lpips_loss 0.1331, g_loss -0.0576, disc_weight 0.4000, disc_adaptive_weight 6.4200, d_loss 0.4011, logits_real 0.0556, logits_fake 0.0577,
Train Epoch: [9/30] Iters:[160/1093] gen_loss -0.2251, rec_loss 0.0111, lpips_loss 0.1328, g_loss -0.0580, disc_weight 0.4000, disc_adaptive_weight 6.3563, d_loss 0.4011, logits_real 0.0559, logits_fake 0.0581,
Train Epoch: [9/30] Iters:[170/1093] gen_loss -0.2312, rec_loss 0.0111, lpips_loss 0.1328, g_loss -0.0585, disc_weight 0.4000, disc_adaptive_weight 6.4192, d_loss 0.4011, logits_real 0.0562, logits_fake 0.0584,
Train Epoch: [9/30] Iters:[180/1093] gen_loss -0.2235, rec_loss 0.0111, lpips_loss 0.1329, g_loss -0.0588, disc_weight 0.4000, disc_adaptive_weight 6.2520, d_loss 0.4011, logits_real 0.0564, logits_fake 0.0586,
Train Epoch: [9/30] Iters:[190/1093] gen_loss -0.2354, rec_loss 0.0111, lpips_loss 0.1332, g_loss -0.0589, disc_weight 0.4000, disc_adaptive_weight 6.4480, d_loss 0.4011, logits_real 0.0567, logits_fake 0.0589,
Train Epoch: [9/30] Iters:[200/1093] gen_loss -0.2379, rec_loss 0.0111, lpips_loss 0.1333, g_loss -0.0590, disc_weight 0.4000, disc_adaptive_weight 6.4802, d_loss 0.4011, logits_real 0.0568, logits_fake 0.0591,
Train Epoch: [9/30] Iters:[210/1093] gen_loss -0.2372, rec_loss 0.0111, lpips_loss 0.1335, g_loss -0.0591, disc_weight 0.4000, disc_adaptive_weight 6.4714, d_loss 0.4011, logits_real 0.0570, logits_fake 0.0591,
Train Epoch: [9/30] Iters:[220/1093] gen_loss -0.2661, rec_loss 0.0112, lpips_loss 0.1338, g_loss -0.0590, disc_weight 0.4000, disc_adaptive_weight 6.9779, d_loss 0.4011, logits_real 0.0570, logits_fake 0.0591,
Train Epoch: [9/30] Iters:[230/1093] gen_loss -0.2797, rec_loss 0.0112, lpips_loss 0.1337, g_loss -0.0591, disc_weight 0.4000, disc_adaptive_weight 7.1925, d_loss 0.4011, logits_real 0.0570, logits_fake 0.0593,
Train Epoch: [9/30] Iters:[240/1093] gen_loss -0.3032, rec_loss 0.0110, lpips_loss 0.1330, g_loss -0.0588, disc_weight 0.4000, disc_adaptive_weight 7.6134, d_loss 0.4011, logits_real 0.0568, logits_fake 0.0590,
Train Epoch: [9/30] Iters:[250/1093] gen_loss -0.2964, rec_loss 0.0111, lpips_loss 0.1329, g_loss -0.0586, disc_weight 0.4000, disc_adaptive_weight 7.5184, d_loss 0.4011, logits_real 0.0566, logits_fake 0.0589,
Train Epoch: [9/30] Iters:[260/1093] gen_loss -0.2813, rec_loss 0.0111, lpips_loss 0.1332, g_loss -0.0583, disc_weight 0.4000, disc_adaptive_weight 7.2921, d_loss 0.4012, logits_real 0.0562, logits_fake 0.0587,
Train Epoch: [9/30] Iters:[270/1093] gen_loss -0.2640, rec_loss 0.0110, lpips_loss 0.1329, g_loss -0.0580, disc_weight 0.4000, disc_adaptive_weight 7.0247, d_loss 0.4012, logits_real 0.0558, logits_fake 0.0583,
Train Epoch: [9/30] Iters:[280/1093] gen_loss -0.2399, rec_loss 0.0111, lpips_loss 0.1332, g_loss -0.0576, disc_weight 0.4000, disc_adaptive_weight 6.6721, d_loss 0.4011, logits_real 0.0555, logits_fake 0.0579,
Train Epoch: [9/30] Iters:[290/1093] gen_loss -0.2140, rec_loss 0.0111, lpips_loss 0.1334, g_loss -0.0575, disc_weight 0.4000, disc_adaptive_weight 6.2398, d_loss 0.4011, logits_real 0.0554, logits_fake 0.0576,
Train Epoch: [9/30] Iters:[300/1093] gen_loss -0.2292, rec_loss 0.0110, lpips_loss 0.1340, g_loss -0.0573, disc_weight 0.4000, disc_adaptive_weight 6.5313, d_loss 0.4011, logits_real 0.0553, logits_fake 0.0575,
Train Epoch: [9/30] Iters:[310/1093] gen_loss -0.2367, rec_loss 0.0110, lpips_loss 0.1339, g_loss -0.0573, disc_weight 0.4000, disc_adaptive_weight 6.6563, d_loss 0.4011, logits_real 0.0553, logits_fake 0.0574,
Train Epoch: [9/30] Iters:[320/1093] gen_loss -0.2406, rec_loss 0.0111, lpips_loss 0.1344, g_loss -0.0574, disc_weight 0.4000, disc_adaptive_weight 6.7307, d_loss 0.4011, logits_real 0.0554, logits_fake 0.0575,
Train Epoch: [9/30] Iters:[330/1093] gen_loss -0.2349, rec_loss 0.0110, lpips_loss 0.1338, g_loss -0.0576, disc_weight 0.4000, disc_adaptive_weight 6.6035, d_loss 0.4011, logits_real 0.0555, logits_fake 0.0576,
Train Epoch: [9/30] Iters:[340/1093] gen_loss -0.2477, rec_loss 0.0110, lpips_loss 0.1336, g_loss -0.0577, disc_weight 0.4000, disc_adaptive_weight 6.8037, d_loss 0.4011, logits_real 0.0557, logits_fake 0.0579,
Train Epoch: [9/30] Iters:[350/1093] gen_loss -0.2419, rec_loss 0.0109, lpips_loss 0.1332, g_loss -0.0580, disc_weight 0.4000, disc_adaptive_weight 6.6594, d_loss 0.4011, logits_real 0.0559, logits_fake 0.0580,
Train Epoch: [9/30] Iters:[360/1093] gen_loss -0.2377, rec_loss 0.0107, lpips_loss 0.1323, g_loss -0.0581, disc_weight 0.4000, disc_adaptive_weight 6.5535, d_loss 0.4011, logits_real 0.0561, logits_fake 0.0582,
Train Epoch: [9/30] Iters:[370/1093] gen_loss -0.2275, rec_loss 0.0107, lpips_loss 0.1318, g_loss -0.0584, disc_weight 0.4000, disc_adaptive_weight 6.3381, d_loss 0.4011, logits_real 0.0562, logits_fake 0.0584,
Train Epoch: [9/30] Iters:[380/1093] gen_loss -0.2507, rec_loss 0.0107, lpips_loss 0.1318, g_loss -0.0584, disc_weight 0.4000, disc_adaptive_weight 6.7379, d_loss 0.4011, logits_real 0.0563, logits_fake 0.0584,
Train Epoch: [9/30] Iters:[390/1093] gen_loss -0.2568, rec_loss 0.0108, lpips_loss 0.1320, g_loss -0.0584, disc_weight 0.4000, disc_adaptive_weight 6.8502, d_loss 0.4011, logits_real 0.0562, logits_fake 0.0582,
Train Epoch: [9/30] Iters:[400/1093] gen_loss -0.2604, rec_loss 0.0109, lpips_loss 0.1327, g_loss -0.0582, disc_weight 0.4000, disc_adaptive_weight 6.9450, d_loss 0.4010, logits_real 0.0561, logits_fake 0.0580,
Train Epoch: [9/30] Iters:[410/1093] gen_loss -0.2613, rec_loss 0.0111, lpips_loss 0.1334, g_loss -0.0581, disc_weight 0.4000, disc_adaptive_weight 6.9892, d_loss 0.4011, logits_real 0.0560, logits_fake 0.0581,
Train Epoch: [9/30] Iters:[420/1093] gen_loss -0.2715, rec_loss 0.0111, lpips_loss 0.1333, g_loss -0.0579, disc_weight 0.4000, disc_adaptive_weight 7.1803, d_loss 0.4010, logits_real 0.0560, logits_fake 0.0579,
Train Epoch: [9/30] Iters:[430/1093] gen_loss -0.2650, rec_loss 0.0111, lpips_loss 0.1338, g_loss -0.0579, disc_weight 0.4000, disc_adaptive_weight 7.0725, d_loss 0.4010, logits_real 0.0560, logits_fake 0.0580,
Train Epoch: [9/30] Iters:[440/1093] gen_loss -0.2413, rec_loss 0.0110, lpips_loss 0.1334, g_loss -0.0580, disc_weight 0.4000, disc_adaptive_weight 6.6472, d_loss 0.4011, logits_real 0.0561, logits_fake 0.0581,
Train Epoch: [9/30] Iters:[450/1093] gen_loss -0.2215, rec_loss 0.0110, lpips_loss 0.1335, g_loss -0.0583, disc_weight 0.4000, disc_adaptive_weight 6.2888, d_loss 0.4011, logits_real 0.0561, logits_fake 0.0583,
Train Epoch: [9/30] Iters:[460/1093] gen_loss -0.2258, rec_loss 0.0111, lpips_loss 0.1334, g_loss -0.0585, disc_weight 0.4000, disc_adaptive_weight 6.3281, d_loss 0.4011, logits_real 0.0563, logits_fake 0.0584,
Train Epoch: [9/30] Iters:[470/1093] gen_loss -0.2053, rec_loss 0.0111, lpips_loss 0.1333, g_loss -0.0589, disc_weight 0.4000, disc_adaptive_weight 5.9428, d_loss 0.4011, logits_real 0.0565, logits_fake 0.0588,
Train Epoch: [9/30] Iters:[480/1093] gen_loss -0.2099, rec_loss 0.0111, lpips_loss 0.1333, g_loss -0.0591, disc_weight 0.4000, disc_adaptive_weight 5.9987, d_loss 0.4011, logits_real 0.0567, logits_fake 0.0590,
Train Epoch: [9/30] Iters:[490/1093] gen_loss -0.2103, rec_loss 0.0113, lpips_loss 0.1337, g_loss -0.0592, disc_weight 0.4000, disc_adaptive_weight 6.0083, d_loss 0.4011, logits_real 0.0569, logits_fake 0.0591,
Train Epoch: [9/30] Iters:[500/1093] gen_loss -0.2291, rec_loss 0.0112, lpips_loss 0.1332, g_loss -0.0593, disc_weight 0.4000, disc_adaptive_weight 6.3006, d_loss 0.4011, logits_real 0.0571, logits_fake 0.0593,
Train Epoch: [9/30] Iters:[510/1093] gen_loss -0.2768, rec_loss 0.0111, lpips_loss 0.1328, g_loss -0.0590, disc_weight 0.4000, disc_adaptive_weight 7.1397, d_loss 0.4011, logits_real 0.0571, logits_fake 0.0591,
Train Epoch: [9/30] Iters:[520/1093] gen_loss -0.2962, rec_loss 0.0112, lpips_loss 0.1333, g_loss -0.0589, disc_weight 0.4000, disc_adaptive_weight 7.4992, d_loss 0.4010, logits_real 0.0570, logits_fake 0.0589,
Train Epoch: [9/30] Iters:[530/1093] gen_loss -0.2985, rec_loss 0.0111, lpips_loss 0.1329, g_loss -0.0589, disc_weight 0.4000, disc_adaptive_weight 7.5339, d_loss 0.4010, logits_real 0.0567, logits_fake 0.0586,
Train Epoch: [9/30] Iters:[540/1093] gen_loss -0.2959, rec_loss 0.0111, lpips_loss 0.1330, g_loss -0.0586, disc_weight 0.4000, disc_adaptive_weight 7.5210, d_loss 0.4011, logits_real 0.0563, logits_fake 0.0584,
Train Epoch: [9/30] Iters:[550/1093] gen_loss -0.2993, rec_loss 0.0111, lpips_loss 0.1332, g_loss -0.0581, disc_weight 0.4000, disc_adaptive_weight 7.6339, d_loss 0.4010, logits_real 0.0561, logits_fake 0.0577,
Train Epoch: [9/30] Iters:[560/1093] gen_loss -0.2518, rec_loss 0.0111, lpips_loss 0.1334, g_loss -0.0583, disc_weight 0.4000, disc_adaptive_weight 6.8063, d_loss 0.4010, logits_real 0.0558, logits_fake 0.0577,
Train Epoch: [9/30] Iters:[570/1093] gen_loss -0.2422, rec_loss 0.0111, lpips_loss 0.1334, g_loss -0.0584, disc_weight 0.4000, disc_adaptive_weight 6.6279, d_loss 0.4010, logits_real 0.0560, logits_fake 0.0576,
Train Epoch: [9/30] Iters:[580/1093] gen_loss -0.2361, rec_loss 0.0111, lpips_loss 0.1338, g_loss -0.0583, disc_weight 0.4000, disc_adaptive_weight 6.5417, d_loss 0.4010, logits_real 0.0560, logits_fake 0.0576,
Train Epoch: [9/30] Iters:[590/1093] gen_loss -0.2407, rec_loss 0.0112, lpips_loss 0.1339, g_loss -0.0588, disc_weight 0.4000, disc_adaptive_weight 6.5664, d_loss 0.4010, logits_real 0.0566, logits_fake 0.0581,
Train Epoch: [9/30] Iters:[600/1093] gen_loss -0.2468, rec_loss 0.0110, lpips_loss 0.1334, g_loss -0.0592, disc_weight 0.4000, disc_adaptive_weight 6.6229, d_loss 0.4010, logits_real 0.0570, logits_fake 0.0588,
Train Epoch: [9/30] Iters:[610/1093] gen_loss -0.2489, rec_loss 0.0111, lpips_loss 0.1333, g_loss -0.0594, disc_weight 0.4000, disc_adaptive_weight 6.6239, d_loss 0.4010, logits_real 0.0576, logits_fake 0.0592,
Train Epoch: [9/30] Iters:[620/1093] gen_loss -0.2526, rec_loss 0.0111, lpips_loss 0.1334, g_loss -0.0596, disc_weight 0.4000, disc_adaptive_weight 6.6707, d_loss 0.4010, logits_real 0.0579, logits_fake 0.0596,
Train Epoch: [9/30] Iters:[630/1093] gen_loss -0.2470, rec_loss 0.0110, lpips_loss 0.1332, g_loss -0.0596, disc_weight 0.4000, disc_adaptive_weight 6.5661, d_loss 0.4010, logits_real 0.0585, logits_fake 0.0602,
Train Epoch: [9/30] Iters:[640/1093] gen_loss -0.2576, rec_loss 0.0110, lpips_loss 0.1329, g_loss -0.0595, disc_weight 0.4000, disc_adaptive_weight 6.7432, d_loss 0.4010, logits_real 0.0584, logits_fake 0.0601,
Train Epoch: [9/30] Iters:[650/1093] gen_loss -0.2476, rec_loss 0.0110, lpips_loss 0.1330, g_loss -0.0596, disc_weight 0.4000, disc_adaptive_weight 6.5568, d_loss 0.4010, logits_real 0.0582, logits_fake 0.0601,
Train Epoch: [9/30] Iters:[660/1093] gen_loss -0.2567, rec_loss 0.0110, lpips_loss 0.1328, g_loss -0.0594, disc_weight 0.4000, disc_adaptive_weight 6.7251, d_loss 0.4010, logits_real 0.0578, logits_fake 0.0598,
Train Epoch: [9/30] Iters:[670/1093] gen_loss -0.2596, rec_loss 0.0110, lpips_loss 0.1323, g_loss -0.0592, disc_weight 0.4000, disc_adaptive_weight 6.7947, d_loss 0.4011, logits_real 0.0573, logits_fake 0.0597,
Train Epoch: [9/30] Iters:[680/1093] gen_loss -0.2858, rec_loss 0.0111, lpips_loss 0.1324, g_loss -0.0590, disc_weight 0.4000, disc_adaptive_weight 7.2633, d_loss 0.4011, logits_real 0.0568, logits_fake 0.0592,
Train Epoch: [9/30] Iters:[690/1093] gen_loss -0.2920, rec_loss 0.0112, lpips_loss 0.1329, g_loss -0.0588, disc_weight 0.4000, disc_adaptive_weight 7.4111, d_loss 0.4011, logits_real 0.0565, logits_fake 0.0590,
Train Epoch: [9/30] Iters:[700/1093] gen_loss -0.2972, rec_loss 0.0112, lpips_loss 0.1331, g_loss -0.0586, disc_weight 0.4000, disc_adaptive_weight 7.5373, d_loss 0.4011, logits_real 0.0563, logits_fake 0.0588,
Train Epoch: [9/30] Iters:[710/1093] gen_loss -0.2794, rec_loss 0.0113, lpips_loss 0.1337, g_loss -0.0586, disc_weight 0.4000, disc_adaptive_weight 7.2538, d_loss 0.4011, logits_real 0.0565, logits_fake 0.0588,
Train Epoch: [9/30] Iters:[720/1093] gen_loss -0.2645, rec_loss 0.0114, lpips_loss 0.1339, g_loss -0.0586, disc_weight 0.4000, disc_adaptive_weight 7.0017, d_loss 0.4011, logits_real 0.0565, logits_fake 0.0588,
Train Epoch: [9/30] Iters:[730/1093] gen_loss -0.2348, rec_loss 0.0112, lpips_loss 0.1334, g_loss -0.0587, disc_weight 0.4000, disc_adaptive_weight 6.4632, d_loss 0.4011, logits_real 0.0566, logits_fake 0.0589,
Train Epoch: [9/30] Iters:[740/1093] gen_loss -0.2082, rec_loss 0.0110, lpips_loss 0.1328, g_loss -0.0590, disc_weight 0.4000, disc_adaptive_weight 5.9730, d_loss 0.4011, logits_real 0.0568, logits_fake 0.0590,
Train Epoch: [9/30] Iters:[750/1093] gen_loss -0.1973, rec_loss 0.0110, lpips_loss 0.1328, g_loss -0.0591, disc_weight 0.4000, disc_adaptive_weight 5.7690, d_loss 0.4010, logits_real 0.0570, logits_fake 0.0590,
Train Epoch: [9/30] Iters:[760/1093] gen_loss -0.2201, rec_loss 0.0110, lpips_loss 0.1327, g_loss -0.0592, disc_weight 0.4000, disc_adaptive_weight 6.1419, d_loss 0.4010, logits_real 0.0571, logits_fake 0.0591,
Train Epoch: [9/30] Iters:[770/1093] gen_loss -0.2556, rec_loss 0.0110, lpips_loss 0.1331, g_loss -0.0596, disc_weight 0.4000, disc_adaptive_weight 6.6950, d_loss 0.4010, logits_real 0.0576, logits_fake 0.0594,
Train Epoch: [9/30] Iters:[780/1093] gen_loss -0.2674, rec_loss 0.0110, lpips_loss 0.1336, g_loss -0.0600, disc_weight 0.4000, disc_adaptive_weight 6.8648, d_loss 0.4010, logits_real 0.0581, logits_fake 0.0598,
Train Epoch: [9/30] Iters:[790/1093] gen_loss -0.2799, rec_loss 0.0111, lpips_loss 0.1335, g_loss -0.0603, disc_weight 0.4000, disc_adaptive_weight 7.0362, d_loss 0.4009, logits_real 0.0586, logits_fake 0.0601,
Train Epoch: [9/30] Iters:[800/1093] gen_loss -0.2943, rec_loss 0.0111, lpips_loss 0.1335, g_loss -0.0606, disc_weight 0.4000, disc_adaptive_weight 7.2487, d_loss 0.4010, logits_real 0.0587, logits_fake 0.0604,
Train Epoch: [9/30] Iters:[810/1093] gen_loss -0.3032, rec_loss 0.0112, lpips_loss 0.1337, g_loss -0.0609, disc_weight 0.4000, disc_adaptive_weight 7.3655, d_loss 0.4010, logits_real 0.0590, logits_fake 0.0607,
Train Epoch: [9/30] Iters:[820/1093] gen_loss -0.2784, rec_loss 0.0111, lpips_loss 0.1332, g_loss -0.0608, disc_weight 0.4000, disc_adaptive_weight 6.9561, d_loss 0.4010, logits_real 0.0591, logits_fake 0.0607,
Train Epoch: [9/30] Iters:[830/1093] gen_loss -0.3013, rec_loss 0.0111, lpips_loss 0.1330, g_loss -0.0608, disc_weight 0.4000, disc_adaptive_weight 7.3306, d_loss 0.4010, logits_real 0.0589, logits_fake 0.0605,
Train Epoch: [9/30] Iters:[840/1093] gen_loss -0.3198, rec_loss 0.0112, lpips_loss 0.1330, g_loss -0.0607, disc_weight 0.4000, disc_adaptive_weight 7.6382, d_loss 0.4010, logits_real 0.0585, logits_fake 0.0605,
Train Epoch: [9/30] Iters:[850/1093] gen_loss -0.3120, rec_loss 0.0111, lpips_loss 0.1329, g_loss -0.0606, disc_weight 0.4000, disc_adaptive_weight 7.5148, d_loss 0.4011, logits_real 0.0582, logits_fake 0.0606,
Train Epoch: [9/30] Iters:[860/1093] gen_loss -0.2953, rec_loss 0.0109, lpips_loss 0.1327, g_loss -0.0603, disc_weight 0.4000, disc_adaptive_weight 7.2744, d_loss 0.4011, logits_real 0.0579, logits_fake 0.0600,
Train Epoch: [9/30] Iters:[870/1093] gen_loss -0.2917, rec_loss 0.0110, lpips_loss 0.1330, g_loss -0.0602, disc_weight 0.4000, disc_adaptive_weight 7.2300, d_loss 0.4011, logits_real 0.0574, logits_fake 0.0597,
Train Epoch: [9/30] Iters:[880/1093] gen_loss -0.2592, rec_loss 0.0110, lpips_loss 0.1328, g_loss -0.0597, disc_weight 0.4000, disc_adaptive_weight 6.7391, d_loss 0.4011, logits_real 0.0571, logits_fake 0.0594,
Train Epoch: [9/30] Iters:[890/1093] gen_loss -0.2545, rec_loss 0.0110, lpips_loss 0.1333, g_loss -0.0594, disc_weight 0.4000, disc_adaptive_weight 6.7147, d_loss 0.4011, logits_real 0.0569, logits_fake 0.0591,
Train Epoch: [9/30] Iters:[900/1093] gen_loss -0.2506, rec_loss 0.0111, lpips_loss 0.1333, g_loss -0.0591, disc_weight 0.4000, disc_adaptive_weight 6.6738, d_loss 0.4010, logits_real 0.0568, logits_fake 0.0586,
Train Epoch: [9/30] Iters:[910/1093] gen_loss -0.2390, rec_loss 0.0111, lpips_loss 0.1330, g_loss -0.0591, disc_weight 0.4000, disc_adaptive_weight 6.4721, d_loss 0.4010, logits_real 0.0565, logits_fake 0.0584,
Train Epoch: [9/30] Iters:[920/1093] gen_loss -0.2423, rec_loss 0.0110, lpips_loss 0.1329, g_loss -0.0587, disc_weight 0.4000, disc_adaptive_weight 6.5801, d_loss 0.4010, logits_real 0.0564, logits_fake 0.0581,
Train Epoch: [9/30] Iters:[930/1093] gen_loss -0.2466, rec_loss 0.0110, lpips_loss 0.1332, g_loss -0.0590, disc_weight 0.4000, disc_adaptive_weight 6.6249, d_loss 0.4009, logits_real 0.0563, logits_fake 0.0578,
Train Epoch: [9/30] Iters:[940/1093] gen_loss -0.2258, rec_loss 0.0110, lpips_loss 0.1330, g_loss -0.0588, disc_weight 0.4000, disc_adaptive_weight 6.2808, d_loss 0.4009, logits_real 0.0561, logits_fake 0.0576,
Train Epoch: [9/30] Iters:[950/1093] gen_loss -0.2272, rec_loss 0.0110, lpips_loss 0.1336, g_loss -0.0588, disc_weight 0.4000, disc_adaptive_weight 6.3265, d_loss 0.4009, logits_real 0.0560, logits_fake 0.0573,
Train Epoch: [9/30] Iters:[960/1093] gen_loss -0.2486, rec_loss 0.0109, lpips_loss 0.1334, g_loss -0.0587, disc_weight 0.4000, disc_adaptive_weight 6.6977, d_loss 0.4010, logits_real 0.0558, logits_fake 0.0575,
Train Epoch: [9/30] Iters:[970/1093] gen_loss -0.2501, rec_loss 0.0109, lpips_loss 0.1331, g_loss -0.0587, disc_weight 0.4000, disc_adaptive_weight 6.7015, d_loss 0.4010, logits_real 0.0558, logits_fake 0.0577,
Train Epoch: [9/30] Iters:[980/1093] gen_loss -0.2712, rec_loss 0.0110, lpips_loss 0.1331, g_loss -0.0585, disc_weight 0.4000, disc_adaptive_weight 7.0927, d_loss 0.4010, logits_real 0.0559, logits_fake 0.0579,
Train Epoch: [9/30] Iters:[990/1093] gen_loss -0.2811, rec_loss 0.0111, lpips_loss 0.1330, g_loss -0.0582, disc_weight 0.4000, disc_adaptive_weight 7.3001, d_loss 0.4011, logits_real 0.0557, logits_fake 0.0580,
Train Epoch: [9/30] Iters:[1000/1093] gen_loss -0.2770, rec_loss 0.0111, lpips_loss 0.1325, g_loss -0.0581, disc_weight 0.4000, disc_adaptive_weight 7.2353, d_loss 0.4012, logits_real 0.0556, logits_fake 0.0583,
Train Epoch: [9/30] Iters:[1010/1093] gen_loss -0.2629, rec_loss 0.0112, lpips_loss 0.1327, g_loss -0.0579, disc_weight 0.4000, disc_adaptive_weight 7.0279, d_loss 0.4011, logits_real 0.0556, logits_fake 0.0582,
Train Epoch: [9/30] Iters:[1020/1093] gen_loss -0.2833, rec_loss 0.0112, lpips_loss 0.1328, g_loss -0.0576, disc_weight 0.4000, disc_adaptive_weight 7.4178, d_loss 0.4011, logits_real 0.0554, logits_fake 0.0579,
Train Epoch: [9/30] Iters:[1030/1093] gen_loss -0.2534, rec_loss 0.0111, lpips_loss 0.1326, g_loss -0.0574, disc_weight 0.4000, disc_adaptive_weight 6.9218, d_loss 0.4011, logits_real 0.0552, logits_fake 0.0576,
Train Epoch: [9/30] Iters:[1040/1093] gen_loss -0.2524, rec_loss 0.0110, lpips_loss 0.1327, g_loss -0.0574, disc_weight 0.4000, disc_adaptive_weight 6.9021, d_loss 0.4011, logits_real 0.0552, logits_fake 0.0574,
Train Epoch: [9/30] Iters:[1050/1093] gen_loss -0.2692, rec_loss 0.0110, lpips_loss 0.1328, g_loss -0.0572, disc_weight 0.4000, disc_adaptive_weight 7.2236, d_loss 0.4010, logits_real 0.0551, logits_fake 0.0572,
Train Epoch: [9/30] Iters:[1060/1093] gen_loss -0.2646, rec_loss 0.0110, lpips_loss 0.1327, g_loss -0.0572, disc_weight 0.4000, disc_adaptive_weight 7.1421, d_loss 0.4010, logits_real 0.0550, logits_fake 0.0571,
Train Epoch: [9/30] Iters:[1070/1093] gen_loss -0.2483, rec_loss 0.0110, lpips_loss 0.1333, g_loss -0.0575, disc_weight 0.4000, disc_adaptive_weight 6.8368, d_loss 0.4010, logits_real 0.0551, logits_fake 0.0573,
Train Epoch: [9/30] Iters:[1080/1093] gen_loss -0.2688, rec_loss 0.0110, lpips_loss 0.1328, g_loss -0.0576, disc_weight 0.4000, disc_adaptive_weight 7.1618, d_loss 0.4011, logits_real 0.0552, logits_fake 0.0575,
Train Epoch: [9/30] Iters:[1090/1093] gen_loss -0.2848, rec_loss 0.0109, lpips_loss 0.1326, g_loss -0.0577, disc_weight 0.4000, disc_adaptive_weight 7.4216, d_loss 0.4011, logits_real 0.0554, logits_fake 0.0577,
epoch:10, cur_lr:0.000010
Train Epoch: [10/30] Iters:[10/1093] gen_loss -0.3040, rec_loss 0.0113, lpips_loss 0.1327, g_loss -0.0578, disc_weight 0.4000, disc_adaptive_weight 7.7530, d_loss 0.4010, logits_real 0.0555, logits_fake 0.0575,
Train Epoch: [10/30] Iters:[20/1093] gen_loss -0.2371, rec_loss 0.0111, lpips_loss 0.1325, g_loss -0.0577, disc_weight 0.4000, disc_adaptive_weight 6.5964, d_loss 0.4010, logits_real 0.0552, logits_fake 0.0571,
Train Epoch: [10/30] Iters:[30/1093] gen_loss -0.2251, rec_loss 0.0111, lpips_loss 0.1327, g_loss -0.0576, disc_weight 0.4000, disc_adaptive_weight 6.4000, d_loss 0.4010, logits_real 0.0552, logits_fake 0.0572,
Train Epoch: [10/30] Iters:[40/1093] gen_loss -0.2377, rec_loss 0.0111, lpips_loss 0.1327, g_loss -0.0574, disc_weight 0.4000, disc_adaptive_weight 6.6472, d_loss 0.4010, logits_real 0.0550, logits_fake 0.0570,
Train Epoch: [10/30] Iters:[50/1093] gen_loss -0.2545, rec_loss 0.0111, lpips_loss 0.1329, g_loss -0.0571, disc_weight 0.4000, disc_adaptive_weight 6.9866, d_loss 0.4010, logits_real 0.0550, logits_fake 0.0569,
Train Epoch: [10/30] Iters:[60/1093] gen_loss -0.2462, rec_loss 0.0112, lpips_loss 0.1332, g_loss -0.0568, disc_weight 0.4000, disc_adaptive_weight 6.8840, d_loss 0.4010, logits_real 0.0548, logits_fake 0.0569,
Train Epoch: [10/30] Iters:[70/1093] gen_loss -0.2682, rec_loss 0.0112, lpips_loss 0.1330, g_loss -0.0566, disc_weight 0.4000, disc_adaptive_weight 7.2962, d_loss 0.4011, logits_real 0.0547, logits_fake 0.0570,
Train Epoch: [10/30] Iters:[80/1093] gen_loss -0.2721, rec_loss 0.0113, lpips_loss 0.1333, g_loss -0.0563, disc_weight 0.4000, disc_adaptive_weight 7.3977, d_loss 0.4011, logits_real 0.0544, logits_fake 0.0568,
Train Epoch: [10/30] Iters:[90/1093] gen_loss -0.2746, rec_loss 0.0113, lpips_loss 0.1333, g_loss -0.0562, disc_weight 0.4000, disc_adaptive_weight 7.4564, d_loss 0.4011, logits_real 0.0543, logits_fake 0.0568,
Train Epoch: [10/30] Iters:[100/1093] gen_loss -0.2548, rec_loss 0.0114, lpips_loss 0.1333, g_loss -0.0562, disc_weight 0.4000, disc_adaptive_weight 7.1096, d_loss 0.4011, logits_real 0.0541, logits_fake 0.0567,
Train Epoch: [10/30] Iters:[110/1093] gen_loss -0.2374, rec_loss 0.0112, lpips_loss 0.1334, g_loss -0.0561, disc_weight 0.4000, disc_adaptive_weight 6.8106, d_loss 0.4011, logits_real 0.0540, logits_fake 0.0565,
Train Epoch: [10/30] Iters:[120/1093] gen_loss -0.2105, rec_loss 0.0113, lpips_loss 0.1337, g_loss -0.0561, disc_weight 0.4000, disc_adaptive_weight 6.3382, d_loss 0.4011, logits_real 0.0540, logits_fake 0.0563,
Train Epoch: [10/30] Iters:[130/1093] gen_loss -0.2171, rec_loss 0.0110, lpips_loss 0.1332, g_loss -0.0560, disc_weight 0.4000, disc_adaptive_weight 6.4566, d_loss 0.4010, logits_real 0.0541, logits_fake 0.0563,
Train Epoch: [10/30] Iters:[140/1093] gen_loss -0.2004, rec_loss 0.0111, lpips_loss 0.1334, g_loss -0.0558, disc_weight 0.4000, disc_adaptive_weight 6.1834, d_loss 0.4011, logits_real 0.0539, logits_fake 0.0562,
Train Epoch: [10/30] Iters:[150/1093] gen_loss -0.2002, rec_loss 0.0111, lpips_loss 0.1330, g_loss -0.0557, disc_weight 0.4000, disc_adaptive_weight 6.1865, d_loss 0.4010, logits_real 0.0538, logits_fake 0.0561,
Train Epoch: [10/30] Iters:[160/1093] gen_loss -0.2183, rec_loss 0.0110, lpips_loss 0.1328, g_loss -0.0556, disc_weight 0.4000, disc_adaptive_weight 6.5185, d_loss 0.4010, logits_real 0.0537, logits_fake 0.0558,
Train Epoch: [10/30] Iters:[170/1093] gen_loss -0.2414, rec_loss 0.0110, lpips_loss 0.1327, g_loss -0.0555, disc_weight 0.4000, disc_adaptive_weight 6.9309, d_loss 0.4010, logits_real 0.0535, logits_fake 0.0558,
Train Epoch: [10/30] Iters:[180/1093] gen_loss -0.2366, rec_loss 0.0110, lpips_loss 0.1327, g_loss -0.0555, disc_weight 0.4000, disc_adaptive_weight 6.8463, d_loss 0.4010, logits_real 0.0536, logits_fake 0.0557,
Train Epoch: [10/30] Iters:[190/1093] gen_loss -0.2529, rec_loss 0.0110, lpips_loss 0.1324, g_loss -0.0556, disc_weight 0.4000, disc_adaptive_weight 7.1266, d_loss 0.4010, logits_real 0.0537, logits_fake 0.0559,
Train Epoch: [10/30] Iters:[200/1093] gen_loss -0.2476, rec_loss 0.0109, lpips_loss 0.1327, g_loss -0.0558, disc_weight 0.4000, disc_adaptive_weight 7.0122, d_loss 0.4010, logits_real 0.0538, logits_fake 0.0559,
Train Epoch: [10/30] Iters:[210/1093] gen_loss -0.2358, rec_loss 0.0109, lpips_loss 0.1324, g_loss -0.0557, disc_weight 0.4000, disc_adaptive_weight 6.8059, d_loss 0.4009, logits_real 0.0541, logits_fake 0.0558,
Train Epoch: [10/30] Iters:[220/1093] gen_loss -0.2425, rec_loss 0.0109, lpips_loss 0.1326, g_loss -0.0557, disc_weight 0.4000, disc_adaptive_weight 6.9297, d_loss 0.4009, logits_real 0.0540, logits_fake 0.0558,
Train Epoch: [10/30] Iters:[230/1093] gen_loss -0.2471, rec_loss 0.0111, lpips_loss 0.1328, g_loss -0.0560, disc_weight 0.4000, disc_adaptive_weight 6.9801, d_loss 0.4009, logits_real 0.0542, logits_fake 0.0559,
Train Epoch: [10/30] Iters:[240/1093] gen_loss -0.2330, rec_loss 0.0110, lpips_loss 0.1325, g_loss -0.0564, disc_weight 0.4000, disc_adaptive_weight 6.6673, d_loss 0.4009, logits_real 0.0546, logits_fake 0.0562,
Train Epoch: [10/30] Iters:[250/1093] gen_loss -0.2505, rec_loss 0.0110, lpips_loss 0.1323, g_loss -0.0569, disc_weight 0.4000, disc_adaptive_weight 6.9083, d_loss 0.4010, logits_real 0.0551, logits_fake 0.0569,
Train Epoch: [10/30] Iters:[260/1093] gen_loss -0.2443, rec_loss 0.0109, lpips_loss 0.1325, g_loss -0.0576, disc_weight 0.4000, disc_adaptive_weight 6.7256, d_loss 0.4011, logits_real 0.0555, logits_fake 0.0578,
Train Epoch: [10/30] Iters:[270/1093] gen_loss -0.2317, rec_loss 0.0110, lpips_loss 0.1326, g_loss -0.0582, disc_weight 0.4000, disc_adaptive_weight 6.4361, d_loss 0.4011, logits_real 0.0561, logits_fake 0.0584,
Train Epoch: [10/30] Iters:[280/1093] gen_loss -0.2146, rec_loss 0.0107, lpips_loss 0.1325, g_loss -0.0585, disc_weight 0.4000, disc_adaptive_weight 6.1050, d_loss 0.4011, logits_real 0.0565, logits_fake 0.0589,
Train Epoch: [10/30] Iters:[290/1093] gen_loss -0.2218, rec_loss 0.0107, lpips_loss 0.1328, g_loss -0.0587, disc_weight 0.4000, disc_adaptive_weight 6.2119, d_loss 0.4010, logits_real 0.0568, logits_fake 0.0590,
Train Epoch: [10/30] Iters:[300/1093] gen_loss -0.2259, rec_loss 0.0108, lpips_loss 0.1329, g_loss -0.0589, disc_weight 0.4000, disc_adaptive_weight 6.2670, d_loss 0.4010, logits_real 0.0571, logits_fake 0.0593,
Train Epoch: [10/30] Iters:[310/1093] gen_loss -0.2394, rec_loss 0.0109, lpips_loss 0.1328, g_loss -0.0592, disc_weight 0.4000, disc_adaptive_weight 6.4576, d_loss 0.4010, logits_real 0.0573, logits_fake 0.0593,
Train Epoch: [10/30] Iters:[320/1093] gen_loss -0.2451, rec_loss 0.0109, lpips_loss 0.1328, g_loss -0.0594, disc_weight 0.4000, disc_adaptive_weight 6.5419, d_loss 0.4010, logits_real 0.0574, logits_fake 0.0595,
Train Epoch: [10/30] Iters:[330/1093] gen_loss -0.2552, rec_loss 0.0110, lpips_loss 0.1328, g_loss -0.0596, disc_weight 0.4000, disc_adaptive_weight 6.6925, d_loss 0.4010, logits_real 0.0577, logits_fake 0.0598,
Train Epoch: [10/30] Iters:[340/1093] gen_loss -0.2429, rec_loss 0.0111, lpips_loss 0.1330, g_loss -0.0598, disc_weight 0.4000, disc_adaptive_weight 6.4748, d_loss 0.4010, logits_real 0.0579, logits_fake 0.0600,
Train Epoch: [10/30] Iters:[350/1093] gen_loss -0.2383, rec_loss 0.0109, lpips_loss 0.1323, g_loss -0.0598, disc_weight 0.4000, disc_adaptive_weight 6.3781, d_loss 0.4010, logits_real 0.0580, logits_fake 0.0601,
Train Epoch: [10/30] Iters:[360/1093] gen_loss -0.2433, rec_loss 0.0110, lpips_loss 0.1325, g_loss -0.0597, disc_weight 0.4000, disc_adaptive_weight 6.4831, d_loss 0.4010, logits_real 0.0581, logits_fake 0.0600,
Train Epoch: [10/30] Iters:[370/1093] gen_loss -0.2269, rec_loss 0.0109, lpips_loss 0.1323, g_loss -0.0597, disc_weight 0.4000, disc_adaptive_weight 6.2006, d_loss 0.4009, logits_real 0.0581, logits_fake 0.0598,
Train Epoch: [10/30] Iters:[380/1093] gen_loss -0.2482, rec_loss 0.0110, lpips_loss 0.1325, g_loss -0.0597, disc_weight 0.4000, disc_adaptive_weight 6.5532, d_loss 0.4009, logits_real 0.0583, logits_fake 0.0598,
Train Epoch: [10/30] Iters:[390/1093] gen_loss -0.2514, rec_loss 0.0109, lpips_loss 0.1325, g_loss -0.0596, disc_weight 0.4000, disc_adaptive_weight 6.6091, d_loss 0.4010, logits_real 0.0579, logits_fake 0.0598,
Train Epoch: [10/30] Iters:[400/1093] gen_loss -0.2463, rec_loss 0.0111, lpips_loss 0.1334, g_loss -0.0596, disc_weight 0.4000, disc_adaptive_weight 6.5499, d_loss 0.4009, logits_real 0.0579, logits_fake 0.0596,
Train Epoch: [10/30] Iters:[410/1093] gen_loss -0.2530, rec_loss 0.0110, lpips_loss 0.1331, g_loss -0.0597, disc_weight 0.4000, disc_adaptive_weight 6.6534, d_loss 0.4010, logits_real 0.0578, logits_fake 0.0597,
Train Epoch: [10/30] Iters:[420/1093] gen_loss -0.2585, rec_loss 0.0111, lpips_loss 0.1333, g_loss -0.0597, disc_weight 0.4000, disc_adaptive_weight 6.7455, d_loss 0.4010, logits_real 0.0578, logits_fake 0.0599,
Train Epoch: [10/30] Iters:[430/1093] gen_loss -0.2336, rec_loss 0.0110, lpips_loss 0.1329, g_loss -0.0597, disc_weight 0.4000, disc_adaptive_weight 6.3322, d_loss 0.4011, logits_real 0.0574, logits_fake 0.0598,
Train Epoch: [10/30] Iters:[440/1093] gen_loss -0.2384, rec_loss 0.0111, lpips_loss 0.1326, g_loss -0.0597, disc_weight 0.4000, disc_adaptive_weight 6.4128, d_loss 0.4010, logits_real 0.0576, logits_fake 0.0597,
Train Epoch: [10/30] Iters:[450/1093] gen_loss -0.2463, rec_loss 0.0110, lpips_loss 0.1325, g_loss -0.0596, disc_weight 0.4000, disc_adaptive_weight 6.5490, d_loss 0.4010, logits_real 0.0575, logits_fake 0.0596,
Train Epoch: [10/30] Iters:[460/1093] gen_loss -0.2382, rec_loss 0.0111, lpips_loss 0.1325, g_loss -0.0594, disc_weight 0.4000, disc_adaptive_weight 6.4352, d_loss 0.4010, logits_real 0.0573, logits_fake 0.0594,
Train Epoch: [10/30] Iters:[470/1093] gen_loss -0.2360, rec_loss 0.0111, lpips_loss 0.1320, g_loss -0.0590, disc_weight 0.4000, disc_adaptive_weight 6.4280, d_loss 0.4010, logits_real 0.0569, logits_fake 0.0590,
Train Epoch: [10/30] Iters:[480/1093] gen_loss -0.2475, rec_loss 0.0111, lpips_loss 0.1320, g_loss -0.0587, disc_weight 0.4000, disc_adaptive_weight 6.6546, d_loss 0.4010, logits_real 0.0567, logits_fake 0.0587,
Train Epoch: [10/30] Iters:[490/1093] gen_loss -0.2517, rec_loss 0.0109, lpips_loss 0.1319, g_loss -0.0585, disc_weight 0.4000, disc_adaptive_weight 6.7449, d_loss 0.4010, logits_real 0.0564, logits_fake 0.0585,
Train Epoch: [10/30] Iters:[500/1093] gen_loss -0.2417, rec_loss 0.0110, lpips_loss 0.1320, g_loss -0.0583, disc_weight 0.4000, disc_adaptive_weight 6.5911, d_loss 0.4010, logits_real 0.0562, logits_fake 0.0583,
Train Epoch: [10/30] Iters:[510/1093] gen_loss -0.2628, rec_loss 0.0110, lpips_loss 0.1319, g_loss -0.0582, disc_weight 0.4000, disc_adaptive_weight 6.9764, d_loss 0.4010, logits_real 0.0561, logits_fake 0.0581,
Train Epoch: [10/30] Iters:[520/1093] gen_loss -0.2809, rec_loss 0.0111, lpips_loss 0.1324, g_loss -0.0582, disc_weight 0.4000, disc_adaptive_weight 7.2914, d_loss 0.4010, logits_real 0.0561, logits_fake 0.0581,
Train Epoch: [10/30] Iters:[530/1093] gen_loss -0.2825, rec_loss 0.0111, lpips_loss 0.1326, g_loss -0.0582, disc_weight 0.4000, disc_adaptive_weight 7.3220, d_loss 0.4010, logits_real 0.0561, logits_fake 0.0580,
Train Epoch: [10/30] Iters:[540/1093] gen_loss -0.2827, rec_loss 0.0110, lpips_loss 0.1324, g_loss -0.0582, disc_weight 0.4000, disc_adaptive_weight 7.3227, d_loss 0.4009, logits_real 0.0561, logits_fake 0.0579,
Train Epoch: [10/30] Iters:[550/1093] gen_loss -0.2784, rec_loss 0.0109, lpips_loss 0.1316, g_loss -0.0581, disc_weight 0.4000, disc_adaptive_weight 7.2533, d_loss 0.4010, logits_real 0.0561, logits_fake 0.0580,
Train Epoch: [10/30] Iters:[560/1093] gen_loss -0.2519, rec_loss 0.0108, lpips_loss 0.1318, g_loss -0.0580, disc_weight 0.4000, disc_adaptive_weight 6.8060, d_loss 0.4010, logits_real 0.0558, logits_fake 0.0578,
Train Epoch: [10/30] Iters:[570/1093] gen_loss -0.2505, rec_loss 0.0107, lpips_loss 0.1317, g_loss -0.0578, disc_weight 0.4000, disc_adaptive_weight 6.8060, d_loss 0.4009, logits_real 0.0558, logits_fake 0.0576,
Train Epoch: [10/30] Iters:[580/1093] gen_loss -0.2388, rec_loss 0.0106, lpips_loss 0.1316, g_loss -0.0576, disc_weight 0.4000, disc_adaptive_weight 6.6215, d_loss 0.4009, logits_real 0.0557, logits_fake 0.0575,
Train Epoch: [10/30] Iters:[590/1093] gen_loss -0.2207, rec_loss 0.0106, lpips_loss 0.1319, g_loss -0.0574, disc_weight 0.4000, disc_adaptive_weight 6.3274, d_loss 0.4009, logits_real 0.0558, logits_fake 0.0575,
Train Epoch: [10/30] Iters:[600/1093] gen_loss -0.2195, rec_loss 0.0107, lpips_loss 0.1324, g_loss -0.0575, disc_weight 0.4000, disc_adaptive_weight 6.3099, d_loss 0.4009, logits_real 0.0560, logits_fake 0.0574,
Train Epoch: [10/30] Iters:[610/1093] gen_loss -0.2370, rec_loss 0.0108, lpips_loss 0.1324, g_loss -0.0573, disc_weight 0.4000, disc_adaptive_weight 6.6248, d_loss 0.4009, logits_real 0.0559, logits_fake 0.0574,
Train Epoch: [10/30] Iters:[620/1093] gen_loss -0.2306, rec_loss 0.0109, lpips_loss 0.1328, g_loss -0.0572, disc_weight 0.4000, disc_adaptive_weight 6.5311, d_loss 0.4009, logits_real 0.0556, logits_fake 0.0574,
Train Epoch: [10/30] Iters:[630/1093] gen_loss -0.2466, rec_loss 0.0109, lpips_loss 0.1325, g_loss -0.0569, disc_weight 0.4000, disc_adaptive_weight 6.8520, d_loss 0.4009, logits_real 0.0554, logits_fake 0.0572,
Train Epoch: [10/30] Iters:[640/1093] gen_loss -0.2558, rec_loss 0.0110, lpips_loss 0.1328, g_loss -0.0566, disc_weight 0.4000, disc_adaptive_weight 7.0543, d_loss 0.4010, logits_real 0.0549, logits_fake 0.0568,
Train Epoch: [10/30] Iters:[650/1093] gen_loss -0.2463, rec_loss 0.0110, lpips_loss 0.1332, g_loss -0.0564, disc_weight 0.4000, disc_adaptive_weight 6.9138, d_loss 0.4010, logits_real 0.0546, logits_fake 0.0567,
Train Epoch: [10/30] Iters:[660/1093] gen_loss -0.2355, rec_loss 0.0109, lpips_loss 0.1331, g_loss -0.0565, disc_weight 0.4000, disc_adaptive_weight 6.7222, d_loss 0.4010, logits_real 0.0546, logits_fake 0.0567,
Train Epoch: [10/30] Iters:[670/1093] gen_loss -0.2299, rec_loss 0.0108, lpips_loss 0.1323, g_loss -0.0567, disc_weight 0.4000, disc_adaptive_weight 6.5793, d_loss 0.4009, logits_real 0.0550, logits_fake 0.0568,
Train Epoch: [10/30] Iters:[680/1093] gen_loss -0.2124, rec_loss 0.0108, lpips_loss 0.1327, g_loss -0.0572, disc_weight 0.4000, disc_adaptive_weight 6.2149, d_loss 0.4009, logits_real 0.0553, logits_fake 0.0572,
Train Epoch: [10/30] Iters:[690/1093] gen_loss -0.2137, rec_loss 0.0107, lpips_loss 0.1325, g_loss -0.0575, disc_weight 0.4000, disc_adaptive_weight 6.1929, d_loss 0.4010, logits_real 0.0555, logits_fake 0.0576,
Train Epoch: [10/30] Iters:[700/1093] gen_loss -0.2566, rec_loss 0.0107, lpips_loss 0.1317, g_loss -0.0580, disc_weight 0.4000, disc_adaptive_weight 6.8589, d_loss 0.4010, logits_real 0.0558, logits_fake 0.0580,
Train Epoch: [10/30] Iters:[710/1093] gen_loss -0.2578, rec_loss 0.0107, lpips_loss 0.1317, g_loss -0.0582, disc_weight 0.4000, disc_adaptive_weight 6.8555, d_loss 0.4010, logits_real 0.0560, logits_fake 0.0583,
Train Epoch: [10/30] Iters:[720/1093] gen_loss -0.2878, rec_loss 0.0109, lpips_loss 0.1324, g_loss -0.0584, disc_weight 0.4000, disc_adaptive_weight 7.3643, d_loss 0.4010, logits_real 0.0562, logits_fake 0.0584,
Train Epoch: [10/30] Iters:[730/1093] gen_loss -0.3015, rec_loss 0.0109, lpips_loss 0.1324, g_loss -0.0586, disc_weight 0.4000, disc_adaptive_weight 7.5840, d_loss 0.4010, logits_real 0.0561, logits_fake 0.0586,
Train Epoch: [10/30] Iters:[740/1093] gen_loss -0.2970, rec_loss 0.0108, lpips_loss 0.1324, g_loss -0.0586, disc_weight 0.4000, disc_adaptive_weight 7.5053, d_loss 0.4010, logits_real 0.0564, logits_fake 0.0586,
Train Epoch: [10/30] Iters:[750/1093] gen_loss -0.2752, rec_loss 0.0110, lpips_loss 0.1332, g_loss -0.0585, disc_weight 0.4000, disc_adaptive_weight 7.1645, d_loss 0.4009, logits_real 0.0566, logits_fake 0.0585,
Train Epoch: [10/30] Iters:[760/1093] gen_loss -0.2801, rec_loss 0.0111, lpips_loss 0.1336, g_loss -0.0583, disc_weight 0.4000, disc_adaptive_weight 7.2694, d_loss 0.4010, logits_real 0.0565, logits_fake 0.0585,
Train Epoch: [10/30] Iters:[770/1093] gen_loss -0.2638, rec_loss 0.0111, lpips_loss 0.1342, g_loss -0.0584, disc_weight 0.4000, disc_adaptive_weight 6.9964, d_loss 0.4010, logits_real 0.0563, logits_fake 0.0584,
Train Epoch: [10/30] Iters:[780/1093] gen_loss -0.2483, rec_loss 0.0112, lpips_loss 0.1342, g_loss -0.0582, disc_weight 0.4000, disc_adaptive_weight 6.7545, d_loss 0.4010, logits_real 0.0561, logits_fake 0.0583,
Train Epoch: [10/30] Iters:[790/1093] gen_loss -0.2495, rec_loss 0.0111, lpips_loss 0.1341, g_loss -0.0581, disc_weight 0.4000, disc_adaptive_weight 6.7805, d_loss 0.4010, logits_real 0.0560, logits_fake 0.0582,
Train Epoch: [10/30] Iters:[800/1093] gen_loss -0.2297, rec_loss 0.0110, lpips_loss 0.1334, g_loss -0.0579, disc_weight 0.4000, disc_adaptive_weight 6.4482, d_loss 0.4010, logits_real 0.0556, logits_fake 0.0581,
Train Epoch: [10/30] Iters:[810/1093] gen_loss -0.2194, rec_loss 0.0109, lpips_loss 0.1329, g_loss -0.0581, disc_weight 0.4000, disc_adaptive_weight 6.2481, d_loss 0.4010, logits_real 0.0557, logits_fake 0.0580,
Train Epoch: [10/30] Iters:[820/1093] gen_loss -0.2113, rec_loss 0.0108, lpips_loss 0.1323, g_loss -0.0578, disc_weight 0.4000, disc_adaptive_weight 6.1208, d_loss 0.4010, logits_real 0.0559, logits_fake 0.0580,
Train Epoch: [10/30] Iters:[830/1093] gen_loss -0.2243, rec_loss 0.0108, lpips_loss 0.1323, g_loss -0.0579, disc_weight 0.4000, disc_adaptive_weight 6.3420, d_loss 0.4009, logits_real 0.0560, logits_fake 0.0579,
Train Epoch: [10/30] Iters:[840/1093] gen_loss -0.2383, rec_loss 0.0108, lpips_loss 0.1324, g_loss -0.0580, disc_weight 0.4000, disc_adaptive_weight 6.5781, d_loss 0.4010, logits_real 0.0558, logits_fake 0.0579,
Train Epoch: [10/30] Iters:[850/1093] gen_loss -0.2553, rec_loss 0.0109, lpips_loss 0.1325, g_loss -0.0579, disc_weight 0.4000, disc_adaptive_weight 6.8794, d_loss 0.4010, logits_real 0.0559, logits_fake 0.0579,
Train Epoch: [10/30] Iters:[860/1093] gen_loss -0.2546, rec_loss 0.0110, lpips_loss 0.1329, g_loss -0.0577, disc_weight 0.4000, disc_adaptive_weight 6.8993, d_loss 0.4010, logits_real 0.0557, logits_fake 0.0579,
Train Epoch: [10/30] Iters:[870/1093] gen_loss -0.2645, rec_loss 0.0111, lpips_loss 0.1330, g_loss -0.0574, disc_weight 0.4000, disc_adaptive_weight 7.1249, d_loss 0.4010, logits_real 0.0554, logits_fake 0.0575,
Train Epoch: [10/30] Iters:[880/1093] gen_loss -0.2624, rec_loss 0.0111, lpips_loss 0.1330, g_loss -0.0569, disc_weight 0.4000, disc_adaptive_weight 7.1437, d_loss 0.4010, logits_real 0.0549, logits_fake 0.0571,
Train Epoch: [10/30] Iters:[890/1093] gen_loss -0.2474, rec_loss 0.0112, lpips_loss 0.1330, g_loss -0.0564, disc_weight 0.4000, disc_adaptive_weight 6.9379, d_loss 0.4010, logits_real 0.0545, logits_fake 0.0566,
Train Epoch: [10/30] Iters:[900/1093] gen_loss -0.2415, rec_loss 0.0112, lpips_loss 0.1330, g_loss -0.0561, disc_weight 0.4000, disc_adaptive_weight 6.8692, d_loss 0.4009, logits_real 0.0542, logits_fake 0.0562,
Train Epoch: [10/30] Iters:[910/1093] gen_loss -0.2373, rec_loss 0.0111, lpips_loss 0.1334, g_loss -0.0558, disc_weight 0.4000, disc_adaptive_weight 6.8414, d_loss 0.4009, logits_real 0.0539, logits_fake 0.0558,
Train Epoch: [10/30] Iters:[920/1093] gen_loss -0.2098, rec_loss 0.0111, lpips_loss 0.1331, g_loss -0.0557, disc_weight 0.4000, disc_adaptive_weight 6.3548, d_loss 0.4009, logits_real 0.0537, logits_fake 0.0556,
Train Epoch: [10/30] Iters:[930/1093] gen_loss -0.2162, rec_loss 0.0110, lpips_loss 0.1329, g_loss -0.0559, disc_weight 0.4000, disc_adaptive_weight 6.4407, d_loss 0.4009, logits_real 0.0541, logits_fake 0.0558,
Train Epoch: [10/30] Iters:[940/1093] gen_loss -0.2322, rec_loss 0.0108, lpips_loss 0.1327, g_loss -0.0563, disc_weight 0.4000, disc_adaptive_weight 6.6734, d_loss 0.4009, logits_real 0.0544, logits_fake 0.0562,
Train Epoch: [10/30] Iters:[950/1093] gen_loss -0.2261, rec_loss 0.0109, lpips_loss 0.1328, g_loss -0.0566, disc_weight 0.4000, disc_adaptive_weight 6.5322, d_loss 0.4009, logits_real 0.0548, logits_fake 0.0567,
Train Epoch: [10/30] Iters:[960/1093] gen_loss -0.2431, rec_loss 0.0108, lpips_loss 0.1327, g_loss -0.0571, disc_weight 0.4000, disc_adaptive_weight 6.7597, d_loss 0.4009, logits_real 0.0554, logits_fake 0.0571,
Train Epoch: [10/30] Iters:[970/1093] gen_loss -0.2707, rec_loss 0.0109, lpips_loss 0.1328, g_loss -0.0576, disc_weight 0.4000, disc_adaptive_weight 7.1993, d_loss 0.4009, logits_real 0.0558, logits_fake 0.0578,
Train Epoch: [10/30] Iters:[980/1093] gen_loss -0.2536, rec_loss 0.0109, lpips_loss 0.1327, g_loss -0.0577, disc_weight 0.4000, disc_adaptive_weight 6.8864, d_loss 0.4009, logits_real 0.0559, logits_fake 0.0579,
Train Epoch: [10/30] Iters:[990/1093] gen_loss -0.2431, rec_loss 0.0108, lpips_loss 0.1323, g_loss -0.0579, disc_weight 0.4000, disc_adaptive_weight 6.6656, d_loss 0.4009, logits_real 0.0562, logits_fake 0.0580,
Train Epoch: [10/30] Iters:[1000/1093] gen_loss -0.2424, rec_loss 0.0106, lpips_loss 0.1324, g_loss -0.0578, disc_weight 0.4000, disc_adaptive_weight 6.6669, d_loss 0.4009, logits_real 0.0560, logits_fake 0.0580,
Train Epoch: [10/30] Iters:[1010/1093] gen_loss -0.2191, rec_loss 0.0105, lpips_loss 0.1316, g_loss -0.0577, disc_weight 0.4000, disc_adaptive_weight 6.2591, d_loss 0.4010, logits_real 0.0559, logits_fake 0.0581,
Train Epoch: [10/30] Iters:[1020/1093] gen_loss -0.2138, rec_loss 0.0105, lpips_loss 0.1317, g_loss -0.0577, disc_weight 0.4000, disc_adaptive_weight 6.1738, d_loss 0.4009, logits_real 0.0561, logits_fake 0.0581,
Train Epoch: [10/30] Iters:[1030/1093] gen_loss -0.2288, rec_loss 0.0105, lpips_loss 0.1317, g_loss -0.0579, disc_weight 0.4000, disc_adaptive_weight 6.4048, d_loss 0.4009, logits_real 0.0562, logits_fake 0.0583,
Train Epoch: [10/30] Iters:[1040/1093] gen_loss -0.2246, rec_loss 0.0107, lpips_loss 0.1323, g_loss -0.0578, disc_weight 0.4000, disc_adaptive_weight 6.3579, d_loss 0.4009, logits_real 0.0563, logits_fake 0.0583,
Train Epoch: [10/30] Iters:[1050/1093] gen_loss -0.2308, rec_loss 0.0107, lpips_loss 0.1317, g_loss -0.0580, disc_weight 0.4000, disc_adaptive_weight 6.4406, d_loss 0.4009, logits_real 0.0563, logits_fake 0.0583,
Train Epoch: [10/30] Iters:[1060/1093] gen_loss -0.2354, rec_loss 0.0107, lpips_loss 0.1323, g_loss -0.0581, disc_weight 0.4000, disc_adaptive_weight 6.5157, d_loss 0.4009, logits_real 0.0565, logits_fake 0.0582,
Train Epoch: [10/30] Iters:[1070/1093] gen_loss -0.2199, rec_loss 0.0107, lpips_loss 0.1321, g_loss -0.0582, disc_weight 0.4000, disc_adaptive_weight 6.2348, d_loss 0.4009, logits_real 0.0565, logits_fake 0.0582,
Train Epoch: [10/30] Iters:[1080/1093] gen_loss -0.2279, rec_loss 0.0109, lpips_loss 0.1323, g_loss -0.0583, disc_weight 0.4000, disc_adaptive_weight 6.3659, d_loss 0.4009, logits_real 0.0565, logits_fake 0.0583,
Train Epoch: [10/30] Iters:[1090/1093] gen_loss -0.2193, rec_loss 0.0107, lpips_loss 0.1320, g_loss -0.0585, disc_weight 0.4000, disc_adaptive_weight 6.1954, d_loss 0.4009, logits_real 0.0565, logits_fake 0.0586,
Loading pretrained model LPIPS from /home/sunset/.cache/torch/hub/pyiqa/LPIPS_v0.1_alex-df73285e.pth
epoch:11, cur_lr:0.000010
Train Epoch: [11/30] Iters:[10/1093] gen_loss -0.2563, rec_loss 0.0109, lpips_loss 0.1327, g_loss -0.0585, disc_weight 0.4000, disc_adaptive_weight 6.8372, d_loss 0.4008, logits_real 0.0568, logits_fake 0.0584,
Train Epoch: [11/30] Iters:[20/1093] gen_loss -0.2506, rec_loss 0.0110, lpips_loss 0.1325, g_loss -0.0583, disc_weight 0.4000, disc_adaptive_weight 6.7659, d_loss 0.4009, logits_real 0.0565, logits_fake 0.0582,
Train Epoch: [11/30] Iters:[30/1093] gen_loss -0.2590, rec_loss 0.0107, lpips_loss 0.1309, g_loss -0.0581, disc_weight 0.4000, disc_adaptive_weight 6.8914, d_loss 0.4009, logits_real 0.0562, logits_fake 0.0581,
Train Epoch: [11/30] Iters:[40/1093] gen_loss -0.2496, rec_loss 0.0106, lpips_loss 0.1309, g_loss -0.0585, disc_weight 0.4000, disc_adaptive_weight 6.6919, d_loss 0.4009, logits_real 0.0566, logits_fake 0.0585,
Train Epoch: [11/30] Iters:[50/1093] gen_loss -0.2340, rec_loss 0.0107, lpips_loss 0.1312, g_loss -0.0586, disc_weight 0.4000, disc_adaptive_weight 6.4180, d_loss 0.4009, logits_real 0.0567, logits_fake 0.0588,
Train Epoch: [11/30] Iters:[60/1093] gen_loss -0.2358, rec_loss 0.0107, lpips_loss 0.1312, g_loss -0.0586, disc_weight 0.4000, disc_adaptive_weight 6.4481, d_loss 0.4010, logits_real 0.0567, logits_fake 0.0589,
Train Epoch: [11/30] Iters:[70/1093] gen_loss -0.2264, rec_loss 0.0107, lpips_loss 0.1311, g_loss -0.0586, disc_weight 0.4000, disc_adaptive_weight 6.2816, d_loss 0.4010, logits_real 0.0566, logits_fake 0.0589,
Train Epoch: [11/30] Iters:[80/1093] gen_loss -0.2005, rec_loss 0.0108, lpips_loss 0.1316, g_loss -0.0584, disc_weight 0.4000, disc_adaptive_weight 5.8644, d_loss 0.4009, logits_real 0.0566, logits_fake 0.0587,
Train Epoch: [11/30] Iters:[90/1093] gen_loss -0.2100, rec_loss 0.0109, lpips_loss 0.1313, g_loss -0.0579, disc_weight 0.4000, disc_adaptive_weight 6.0874, d_loss 0.4009, logits_real 0.0560, logits_fake 0.0580,
Train Epoch: [11/30] Iters:[100/1093] gen_loss -0.2118, rec_loss 0.0109, lpips_loss 0.1315, g_loss -0.0573, disc_weight 0.4000, disc_adaptive_weight 6.1748, d_loss 0.4009, logits_real 0.0555, logits_fake 0.0574,
Train Epoch: [11/30] Iters:[110/1093] gen_loss -0.2133, rec_loss 0.0109, lpips_loss 0.1317, g_loss -0.0569, disc_weight 0.4000, disc_adaptive_weight 6.2599, d_loss 0.4009, logits_real 0.0551, logits_fake 0.0571,
Train Epoch: [11/30] Iters:[120/1093] gen_loss -0.2324, rec_loss 0.0109, lpips_loss 0.1321, g_loss -0.0566, disc_weight 0.4000, disc_adaptive_weight 6.6271, d_loss 0.4009, logits_real 0.0549, logits_fake 0.0568,
Train Epoch: [11/30] Iters:[130/1093] gen_loss -0.2421, rec_loss 0.0111, lpips_loss 0.1327, g_loss -0.0566, disc_weight 0.4000, disc_adaptive_weight 6.8139, d_loss 0.4010, logits_real 0.0546, logits_fake 0.0567,
Train Epoch: [11/30] Iters:[140/1093] gen_loss -0.2203, rec_loss 0.0111, lpips_loss 0.1332, g_loss -0.0566, disc_weight 0.4000, disc_adaptive_weight 6.4440, d_loss 0.4010, logits_real 0.0547, logits_fake 0.0568,
Train Epoch: [11/30] Iters:[150/1093] gen_loss -0.2327, rec_loss 0.0110, lpips_loss 0.1330, g_loss -0.0567, disc_weight 0.4000, disc_adaptive_weight 6.6412, d_loss 0.4009, logits_real 0.0547, logits_fake 0.0567,
Train Epoch: [11/30] Iters:[160/1093] gen_loss -0.2226, rec_loss 0.0109, lpips_loss 0.1328, g_loss -0.0567, disc_weight 0.4000, disc_adaptive_weight 6.4523, d_loss 0.4009, logits_real 0.0545, logits_fake 0.0565,
Train Epoch: [11/30] Iters:[170/1093] gen_loss -0.2074, rec_loss 0.0110, lpips_loss 0.1325, g_loss -0.0567, disc_weight 0.4000, disc_adaptive_weight 6.1851, d_loss 0.4009, logits_real 0.0545, logits_fake 0.0566,
Train Epoch: [11/30] Iters:[180/1093] gen_loss -0.2099, rec_loss 0.0109, lpips_loss 0.1325, g_loss -0.0566, disc_weight 0.4000, disc_adaptive_weight 6.2318, d_loss 0.4009, logits_real 0.0546, logits_fake 0.0565,
Train Epoch: [11/30] Iters:[190/1093] gen_loss -0.2281, rec_loss 0.0109, lpips_loss 0.1322, g_loss -0.0568, disc_weight 0.4000, disc_adaptive_weight 6.5331, d_loss 0.4009, logits_real 0.0547, logits_fake 0.0568,
Train Epoch: [11/30] Iters:[200/1093] gen_loss -0.2344, rec_loss 0.0109, lpips_loss 0.1319, g_loss -0.0569, disc_weight 0.4000, disc_adaptive_weight 6.6272, d_loss 0.4009, logits_real 0.0548, logits_fake 0.0569,
Train Epoch: [11/30] Iters:[210/1093] gen_loss -0.2247, rec_loss 0.0110, lpips_loss 0.1320, g_loss -0.0570, disc_weight 0.4000, disc_adaptive_weight 6.4437, d_loss 0.4009, logits_real 0.0551, logits_fake 0.0571,
Train Epoch: [11/30] Iters:[220/1093] gen_loss -0.2311, rec_loss 0.0109, lpips_loss 0.1322, g_loss -0.0572, disc_weight 0.4000, disc_adaptive_weight 6.5412, d_loss 0.4009, logits_real 0.0553, logits_fake 0.0572,
Train Epoch: [11/30] Iters:[230/1093] gen_loss -0.2309, rec_loss 0.0110, lpips_loss 0.1314, g_loss -0.0575, disc_weight 0.4000, disc_adaptive_weight 6.4934, d_loss 0.4009, logits_real 0.0555, logits_fake 0.0576,
Train Epoch: [11/30] Iters:[240/1093] gen_loss -0.2403, rec_loss 0.0109, lpips_loss 0.1319, g_loss -0.0574, disc_weight 0.4000, disc_adaptive_weight 6.6639, d_loss 0.4009, logits_real 0.0555, logits_fake 0.0576,
Train Epoch: [11/30] Iters:[250/1093] gen_loss -0.2353, rec_loss 0.0110, lpips_loss 0.1322, g_loss -0.0573, disc_weight 0.4000, disc_adaptive_weight 6.5977, d_loss 0.4010, logits_real 0.0554, logits_fake 0.0576,
Train Epoch: [11/30] Iters:[260/1093] gen_loss -0.2441, rec_loss 0.0110, lpips_loss 0.1321, g_loss -0.0574, disc_weight 0.4000, disc_adaptive_weight 6.7519, d_loss 0.4009, logits_real 0.0554, logits_fake 0.0576,
Train Epoch: [11/30] Iters:[270/1093] gen_loss -0.2350, rec_loss 0.0109, lpips_loss 0.1317, g_loss -0.0576, disc_weight 0.4000, disc_adaptive_weight 6.5606, d_loss 0.4009, logits_real 0.0556, logits_fake 0.0577,
Train Epoch: [11/30] Iters:[280/1093] gen_loss -0.2419, rec_loss 0.0110, lpips_loss 0.1323, g_loss -0.0576, disc_weight 0.4000, disc_adaptive_weight 6.6892, d_loss 0.4009, logits_real 0.0556, logits_fake 0.0576,
Train Epoch: [11/30] Iters:[290/1093] gen_loss -0.2181, rec_loss 0.0110, lpips_loss 0.1321, g_loss -0.0575, disc_weight 0.4000, disc_adaptive_weight 6.2792, d_loss 0.4009, logits_real 0.0555, logits_fake 0.0575,
Train Epoch: [11/30] Iters:[300/1093] gen_loss -0.2053, rec_loss 0.0110, lpips_loss 0.1325, g_loss -0.0574, disc_weight 0.4000, disc_adaptive_weight 6.0736, d_loss 0.4009, logits_real 0.0555, logits_fake 0.0573,
Train Epoch: [11/30] Iters:[310/1093] gen_loss -0.1887, rec_loss 0.0110, lpips_loss 0.1328, g_loss -0.0573, disc_weight 0.4000, disc_adaptive_weight 5.7961, d_loss 0.4009, logits_real 0.0554, logits_fake 0.0573,
Train Epoch: [11/30] Iters:[320/1093] gen_loss -0.1814, rec_loss 0.0111, lpips_loss 0.1331, g_loss -0.0572, disc_weight 0.4000, disc_adaptive_weight 5.6913, d_loss 0.4009, logits_real 0.0553, logits_fake 0.0573,
Train Epoch: [11/30] Iters:[330/1093] gen_loss -0.1811, rec_loss 0.0111, lpips_loss 0.1333, g_loss -0.0573, disc_weight 0.4000, disc_adaptive_weight 5.6828, d_loss 0.4009, logits_real 0.0555, logits_fake 0.0574,
Train Epoch: [11/30] Iters:[340/1093] gen_loss -0.1844, rec_loss 0.0110, lpips_loss 0.1333, g_loss -0.0576, disc_weight 0.4000, disc_adaptive_weight 5.7088, d_loss 0.4009, logits_real 0.0556, logits_fake 0.0577,
Train Epoch: [11/30] Iters:[350/1093] gen_loss -0.2237, rec_loss 0.0110, lpips_loss 0.1328, g_loss -0.0581, disc_weight 0.4000, disc_adaptive_weight 6.3205, d_loss 0.4009, logits_real 0.0561, logits_fake 0.0581,
Train Epoch: [11/30] Iters:[360/1093] gen_loss -0.2617, rec_loss 0.0110, lpips_loss 0.1324, g_loss -0.0585, disc_weight 0.4000, disc_adaptive_weight 6.9262, d_loss 0.4009, logits_real 0.0565, logits_fake 0.0586,
Train Epoch: [11/30] Iters:[370/1093] gen_loss -0.2689, rec_loss 0.0109, lpips_loss 0.1330, g_loss -0.0586, disc_weight 0.4000, disc_adaptive_weight 7.0430, d_loss 0.4009, logits_real 0.0566, logits_fake 0.0587,
Train Epoch: [11/30] Iters:[380/1093] gen_loss -0.2763, rec_loss 0.0109, lpips_loss 0.1330, g_loss -0.0585, disc_weight 0.4000, disc_adaptive_weight 7.1882, d_loss 0.4010, logits_real 0.0565, logits_fake 0.0587,
Train Epoch: [11/30] Iters:[390/1093] gen_loss -0.2814, rec_loss 0.0109, lpips_loss 0.1327, g_loss -0.0582, disc_weight 0.4000, disc_adaptive_weight 7.2975, d_loss 0.4009, logits_real 0.0562, logits_fake 0.0584,
Train Epoch: [11/30] Iters:[400/1093] gen_loss -0.2429, rec_loss 0.0109, lpips_loss 0.1324, g_loss -0.0579, disc_weight 0.4000, disc_adaptive_weight 6.6753, d_loss 0.4009, logits_real 0.0559, logits_fake 0.0580,
Train Epoch: [11/30] Iters:[410/1093] gen_loss -0.2493, rec_loss 0.0110, lpips_loss 0.1326, g_loss -0.0575, disc_weight 0.4000, disc_adaptive_weight 6.8363, d_loss 0.4009, logits_real 0.0555, logits_fake 0.0576,
Train Epoch: [11/30] Iters:[420/1093] gen_loss -0.2571, rec_loss 0.0112, lpips_loss 0.1322, g_loss -0.0573, disc_weight 0.4000, disc_adaptive_weight 6.9903, d_loss 0.4009, logits_real 0.0553, logits_fake 0.0574,
Train Epoch: [11/30] Iters:[430/1093] gen_loss -0.2475, rec_loss 0.0110, lpips_loss 0.1321, g_loss -0.0573, disc_weight 0.4000, disc_adaptive_weight 6.8150, d_loss 0.4009, logits_real 0.0553, logits_fake 0.0572,
Train Epoch: [11/30] Iters:[440/1093] gen_loss -0.2647, rec_loss 0.0111, lpips_loss 0.1323, g_loss -0.0576, disc_weight 0.4000, disc_adaptive_weight 7.0813, d_loss 0.4009, logits_real 0.0556, logits_fake 0.0576,
Train Epoch: [11/30] Iters:[450/1093] gen_loss -0.2784, rec_loss 0.0111, lpips_loss 0.1328, g_loss -0.0578, disc_weight 0.4000, disc_adaptive_weight 7.3064, d_loss 0.4009, logits_real 0.0559, logits_fake 0.0579,
Train Epoch: [11/30] Iters:[460/1093] gen_loss -0.2404, rec_loss 0.0110, lpips_loss 0.1329, g_loss -0.0579, disc_weight 0.4000, disc_adaptive_weight 6.6346, d_loss 0.4009, logits_real 0.0561, logits_fake 0.0580,
Train Epoch: [11/30] Iters:[470/1093] gen_loss -0.2281, rec_loss 0.0108, lpips_loss 0.1326, g_loss -0.0580, disc_weight 0.4000, disc_adaptive_weight 6.4027, d_loss 0.4009, logits_real 0.0561, logits_fake 0.0579,
Train Epoch: [11/30] Iters:[480/1093] gen_loss -0.2326, rec_loss 0.0108, lpips_loss 0.1323, g_loss -0.0579, disc_weight 0.4000, disc_adaptive_weight 6.4946, d_loss 0.4009, logits_real 0.0559, logits_fake 0.0578,
Train Epoch: [11/30] Iters:[490/1093] gen_loss -0.2272, rec_loss 0.0108, lpips_loss 0.1321, g_loss -0.0575, disc_weight 0.4000, disc_adaptive_weight 6.4356, d_loss 0.4009, logits_real 0.0556, logits_fake 0.0574,
Train Epoch: [11/30] Iters:[500/1093] gen_loss -0.2218, rec_loss 0.0107, lpips_loss 0.1320, g_loss -0.0573, disc_weight 0.4000, disc_adaptive_weight 6.3643, d_loss 0.4009, logits_real 0.0552, logits_fake 0.0571,
Train Epoch: [11/30] Iters:[510/1093] gen_loss -0.2374, rec_loss 0.0108, lpips_loss 0.1314, g_loss -0.0574, disc_weight 0.4000, disc_adaptive_weight 6.6112, d_loss 0.4009, logits_real 0.0551, logits_fake 0.0572,
Train Epoch: [11/30] Iters:[520/1093] gen_loss -0.2575, rec_loss 0.0109, lpips_loss 0.1314, g_loss -0.0574, disc_weight 0.4000, disc_adaptive_weight 6.9636, d_loss 0.4010, logits_real 0.0552, logits_fake 0.0574,
Train Epoch: [11/30] Iters:[530/1093] gen_loss -0.2598, rec_loss 0.0110, lpips_loss 0.1320, g_loss -0.0576, disc_weight 0.4000, disc_adaptive_weight 6.9920, d_loss 0.4010, logits_real 0.0554, logits_fake 0.0576,
Train Epoch: [11/30] Iters:[540/1093] gen_loss -0.2468, rec_loss 0.0111, lpips_loss 0.1323, g_loss -0.0577, disc_weight 0.4000, disc_adaptive_weight 6.7554, d_loss 0.4010, logits_real 0.0556, logits_fake 0.0579,
Train Epoch: [11/30] Iters:[550/1093] gen_loss -0.2307, rec_loss 0.0111, lpips_loss 0.1322, g_loss -0.0579, disc_weight 0.4000, disc_adaptive_weight 6.4541, d_loss 0.4009, logits_real 0.0558, logits_fake 0.0580,
Train Epoch: [11/30] Iters:[560/1093] gen_loss -0.2080, rec_loss 0.0110, lpips_loss 0.1323, g_loss -0.0578, disc_weight 0.4000, disc_adaptive_weight 6.0746, d_loss 0.4009, logits_real 0.0559, logits_fake 0.0579,
Train Epoch: [11/30] Iters:[570/1093] gen_loss -0.1797, rec_loss 0.0109, lpips_loss 0.1317, g_loss -0.0577, disc_weight 0.4000, disc_adaptive_weight 5.5787, d_loss 0.4009, logits_real 0.0557, logits_fake 0.0577,
Train Epoch: [11/30] Iters:[580/1093] gen_loss -0.1669, rec_loss 0.0107, lpips_loss 0.1308, g_loss -0.0577, disc_weight 0.4000, disc_adaptive_weight 5.3405, d_loss 0.4009, logits_real 0.0558, logits_fake 0.0577,
Train Epoch: [11/30] Iters:[590/1093] gen_loss -0.1851, rec_loss 0.0108, lpips_loss 0.1309, g_loss -0.0577, disc_weight 0.4000, disc_adaptive_weight 5.6607, d_loss 0.4009, logits_real 0.0559, logits_fake 0.0577,
Train Epoch: [11/30] Iters:[600/1093] gen_loss -0.2275, rec_loss 0.0108, lpips_loss 0.1308, g_loss -0.0579, disc_weight 0.4000, disc_adaptive_weight 6.3767, d_loss 0.4009, logits_real 0.0560, logits_fake 0.0578,
Train Epoch: [11/30] Iters:[610/1093] gen_loss -0.2498, rec_loss 0.0107, lpips_loss 0.1310, g_loss -0.0582, disc_weight 0.4000, disc_adaptive_weight 6.7316, d_loss 0.4009, logits_real 0.0562, logits_fake 0.0581,
Train Epoch: [11/30] Iters:[620/1093] gen_loss -0.2617, rec_loss 0.0108, lpips_loss 0.1316, g_loss -0.0583, disc_weight 0.4000, disc_adaptive_weight 6.9310, d_loss 0.4009, logits_real 0.0564, logits_fake 0.0582,
Train Epoch: [11/30] Iters:[630/1093] gen_loss -0.2740, rec_loss 0.0109, lpips_loss 0.1320, g_loss -0.0584, disc_weight 0.4000, disc_adaptive_weight 7.1423, d_loss 0.4009, logits_real 0.0564, logits_fake 0.0583,
Train Epoch: [11/30] Iters:[640/1093] gen_loss -0.2594, rec_loss 0.0108, lpips_loss 0.1318, g_loss -0.0585, disc_weight 0.4000, disc_adaptive_weight 6.8676, d_loss 0.4009, logits_real 0.0565, logits_fake 0.0585,
Train Epoch: [11/30] Iters:[650/1093] gen_loss -0.2274, rec_loss 0.0109, lpips_loss 0.1320, g_loss -0.0586, disc_weight 0.4000, disc_adaptive_weight 6.3143, d_loss 0.4009, logits_real 0.0565, logits_fake 0.0585,
Train Epoch: [11/30] Iters:[660/1093] gen_loss -0.2163, rec_loss 0.0110, lpips_loss 0.1321, g_loss -0.0585, disc_weight 0.4000, disc_adaptive_weight 6.1454, d_loss 0.4009, logits_real 0.0565, logits_fake 0.0583,
Train Epoch: [11/30] Iters:[670/1093] gen_loss -0.2242, rec_loss 0.0111, lpips_loss 0.1320, g_loss -0.0583, disc_weight 0.4000, disc_adaptive_weight 6.2944, d_loss 0.4009, logits_real 0.0565, logits_fake 0.0583,
Train Epoch: [11/30] Iters:[680/1093] gen_loss -0.2234, rec_loss 0.0110, lpips_loss 0.1317, g_loss -0.0583, disc_weight 0.4000, disc_adaptive_weight 6.2802, d_loss 0.4009, logits_real 0.0565, logits_fake 0.0584,
Train Epoch: [11/30] Iters:[690/1093] gen_loss -0.2213, rec_loss 0.0111, lpips_loss 0.1321, g_loss -0.0581, disc_weight 0.4000, disc_adaptive_weight 6.2706, d_loss 0.4008, logits_real 0.0563, logits_fake 0.0580,
Train Epoch: [11/30] Iters:[700/1093] gen_loss -0.2311, rec_loss 0.0111, lpips_loss 0.1321, g_loss -0.0581, disc_weight 0.4000, disc_adaptive_weight 6.4393, d_loss 0.4008, logits_real 0.0561, logits_fake 0.0577,
Train Epoch: [11/30] Iters:[710/1093] gen_loss -0.2404, rec_loss 0.0111, lpips_loss 0.1320, g_loss -0.0582, disc_weight 0.4000, disc_adaptive_weight 6.5830, d_loss 0.4008, logits_real 0.0562, logits_fake 0.0579,
Train Epoch: [11/30] Iters:[720/1093] gen_loss -0.2421, rec_loss 0.0112, lpips_loss 0.1322, g_loss -0.0584, disc_weight 0.4000, disc_adaptive_weight 6.6013, d_loss 0.4009, logits_real 0.0562, logits_fake 0.0581,
Train Epoch: [11/30] Iters:[730/1093] gen_loss -0.2434, rec_loss 0.0112, lpips_loss 0.1325, g_loss -0.0586, disc_weight 0.4000, disc_adaptive_weight 6.6050, d_loss 0.4009, logits_real 0.0563, logits_fake 0.0581,
Train Epoch: [11/30] Iters:[740/1093] gen_loss -0.2448, rec_loss 0.0110, lpips_loss 0.1324, g_loss -0.0587, disc_weight 0.4000, disc_adaptive_weight 6.6064, d_loss 0.4009, logits_real 0.0565, logits_fake 0.0585,
Train Epoch: [11/30] Iters:[750/1093] gen_loss -0.2511, rec_loss 0.0110, lpips_loss 0.1322, g_loss -0.0588, disc_weight 0.4000, disc_adaptive_weight 6.7142, d_loss 0.4009, logits_real 0.0567, logits_fake 0.0587,
Train Epoch: [11/30] Iters:[760/1093] gen_loss -0.2578, rec_loss 0.0111, lpips_loss 0.1331, g_loss -0.0587, disc_weight 0.4000, disc_adaptive_weight 6.8442, d_loss 0.4009, logits_real 0.0567, logits_fake 0.0586,
Train Epoch: [11/30] Iters:[770/1093] gen_loss -0.2574, rec_loss 0.0111, lpips_loss 0.1333, g_loss -0.0587, disc_weight 0.4000, disc_adaptive_weight 6.8410, d_loss 0.4008, logits_real 0.0568, logits_fake 0.0586,
Train Epoch: [11/30] Iters:[780/1093] gen_loss -0.2377, rec_loss 0.0111, lpips_loss 0.1333, g_loss -0.0586, disc_weight 0.4000, disc_adaptive_weight 6.5128, d_loss 0.4009, logits_real 0.0567, logits_fake 0.0586,
Train Epoch: [11/30] Iters:[790/1093] gen_loss -0.2532, rec_loss 0.0112, lpips_loss 0.1334, g_loss -0.0586, disc_weight 0.4000, disc_adaptive_weight 6.7824, d_loss 0.4009, logits_real 0.0567, logits_fake 0.0586,
Train Epoch: [11/30] Iters:[800/1093] gen_loss -0.2453, rec_loss 0.0111, lpips_loss 0.1333, g_loss -0.0587, disc_weight 0.4000, disc_adaptive_weight 6.6390, d_loss 0.4009, logits_real 0.0567, logits_fake 0.0586,
Train Epoch: [11/30] Iters:[810/1093] gen_loss -0.2316, rec_loss 0.0109, lpips_loss 0.1323, g_loss -0.0585, disc_weight 0.4000, disc_adaptive_weight 6.4084, d_loss 0.4009, logits_real 0.0567, logits_fake 0.0587,
Train Epoch: [11/30] Iters:[820/1093] gen_loss -0.2379, rec_loss 0.0109, lpips_loss 0.1321, g_loss -0.0585, disc_weight 0.4000, disc_adaptive_weight 6.5115, d_loss 0.4009, logits_real 0.0565, logits_fake 0.0586,
Train Epoch: [11/30] Iters:[830/1093] gen_loss -0.2594, rec_loss 0.0109, lpips_loss 0.1318, g_loss -0.0583, disc_weight 0.4000, disc_adaptive_weight 6.8917, d_loss 0.4009, logits_real 0.0563, logits_fake 0.0584,
Train Epoch: [11/30] Iters:[840/1093] gen_loss -0.2490, rec_loss 0.0108, lpips_loss 0.1316, g_loss -0.0583, disc_weight 0.4000, disc_adaptive_weight 6.7181, d_loss 0.4009, logits_real 0.0561, logits_fake 0.0583,
Train Epoch: [11/30] Iters:[850/1093] gen_loss -0.2549, rec_loss 0.0110, lpips_loss 0.1320, g_loss -0.0582, disc_weight 0.4000, disc_adaptive_weight 6.8415, d_loss 0.4010, logits_real 0.0559, logits_fake 0.0582,
Train Epoch: [11/30] Iters:[860/1093] gen_loss -0.2606, rec_loss 0.0110, lpips_loss 0.1322, g_loss -0.0582, disc_weight 0.4000, disc_adaptive_weight 6.9390, d_loss 0.4009, logits_real 0.0558, logits_fake 0.0581,
Train Epoch: [11/30] Iters:[870/1093] gen_loss -0.2451, rec_loss 0.0110, lpips_loss 0.1321, g_loss -0.0582, disc_weight 0.4000, disc_adaptive_weight 6.6741, d_loss 0.4009, logits_real 0.0560, logits_fake 0.0583,
Train Epoch: [11/30] Iters:[880/1093] gen_loss -0.2446, rec_loss 0.0110, lpips_loss 0.1323, g_loss -0.0583, disc_weight 0.4000, disc_adaptive_weight 6.6585, d_loss 0.4009, logits_real 0.0562, logits_fake 0.0583,
Train Epoch: [11/30] Iters:[890/1093] gen_loss -0.2385, rec_loss 0.0111, lpips_loss 0.1325, g_loss -0.0583, disc_weight 0.4000, disc_adaptive_weight 6.5547, d_loss 0.4009, logits_real 0.0564, logits_fake 0.0583,
Train Epoch: [11/30] Iters:[900/1093] gen_loss -0.2125, rec_loss 0.0109, lpips_loss 0.1323, g_loss -0.0583, disc_weight 0.4000, disc_adaptive_weight 6.0984, d_loss 0.4008, logits_real 0.0566, logits_fake 0.0584,
Train Epoch: [11/30] Iters:[910/1093] gen_loss -0.1957, rec_loss 0.0109, lpips_loss 0.1321, g_loss -0.0584, disc_weight 0.4000, disc_adaptive_weight 5.7995, d_loss 0.4008, logits_real 0.0566, logits_fake 0.0585,
Train Epoch: [11/30] Iters:[920/1093] gen_loss -0.2045, rec_loss 0.0110, lpips_loss 0.1321, g_loss -0.0582, disc_weight 0.4000, disc_adaptive_weight 5.9741, d_loss 0.4008, logits_real 0.0564, logits_fake 0.0582,
Train Epoch: [11/30] Iters:[930/1093] gen_loss -0.1887, rec_loss 0.0109, lpips_loss 0.1318, g_loss -0.0579, disc_weight 0.4000, disc_adaptive_weight 5.7251, d_loss 0.4009, logits_real 0.0561, logits_fake 0.0579,
Train Epoch: [11/30] Iters:[940/1093] gen_loss -0.1924, rec_loss 0.0108, lpips_loss 0.1316, g_loss -0.0574, disc_weight 0.4000, disc_adaptive_weight 5.8432, d_loss 0.4009, logits_real 0.0556, logits_fake 0.0576,
Train Epoch: [11/30] Iters:[950/1093] gen_loss -0.2076, rec_loss 0.0107, lpips_loss 0.1315, g_loss -0.0569, disc_weight 0.4000, disc_adaptive_weight 6.1545, d_loss 0.4009, logits_real 0.0551, logits_fake 0.0570,
Train Epoch: [11/30] Iters:[960/1093] gen_loss -0.2256, rec_loss 0.0107, lpips_loss 0.1315, g_loss -0.0565, disc_weight 0.4000, disc_adaptive_weight 6.5109, d_loss 0.4009, logits_real 0.0547, logits_fake 0.0566,
Train Epoch: [11/30] Iters:[970/1093] gen_loss -0.2278, rec_loss 0.0109, lpips_loss 0.1317, g_loss -0.0563, disc_weight 0.4000, disc_adaptive_weight 6.5796, d_loss 0.4009, logits_real 0.0545, logits_fake 0.0565,
Train Epoch: [11/30] Iters:[980/1093] gen_loss -0.2300, rec_loss 0.0109, lpips_loss 0.1318, g_loss -0.0563, disc_weight 0.4000, disc_adaptive_weight 6.6148, d_loss 0.4009, logits_real 0.0546, logits_fake 0.0566,
Train Epoch: [11/30] Iters:[990/1093] gen_loss -0.2216, rec_loss 0.0110, lpips_loss 0.1326, g_loss -0.0567, disc_weight 0.4000, disc_adaptive_weight 6.4416, d_loss 0.4009, logits_real 0.0549, logits_fake 0.0567,
Train Epoch: [11/30] Iters:[1000/1093] gen_loss -0.2240, rec_loss 0.0110, lpips_loss 0.1321, g_loss -0.0570, disc_weight 0.4000, disc_adaptive_weight 6.4456, d_loss 0.4009, logits_real 0.0552, logits_fake 0.0571,
Train Epoch: [11/30] Iters:[1010/1093] gen_loss -0.2429, rec_loss 0.0111, lpips_loss 0.1321, g_loss -0.0574, disc_weight 0.4000, disc_adaptive_weight 6.7243, d_loss 0.4009, logits_real 0.0556, logits_fake 0.0575,
Train Epoch: [11/30] Iters:[1020/1093] gen_loss -0.2436, rec_loss 0.0109, lpips_loss 0.1319, g_loss -0.0579, disc_weight 0.4000, disc_adaptive_weight 6.6644, d_loss 0.4009, logits_real 0.0559, logits_fake 0.0578,
Train Epoch: [11/30] Iters:[1030/1093] gen_loss -0.2779, rec_loss 0.0109, lpips_loss 0.1319, g_loss -0.0583, disc_weight 0.4000, disc_adaptive_weight 7.2076, d_loss 0.4008, logits_real 0.0562, logits_fake 0.0579,
Train Epoch: [11/30] Iters:[1040/1093] gen_loss -0.2890, rec_loss 0.0109, lpips_loss 0.1313, g_loss -0.0584, disc_weight 0.4000, disc_adaptive_weight 7.3698, d_loss 0.4008, logits_real 0.0565, logits_fake 0.0582,
Train Epoch: [11/30] Iters:[1050/1093] gen_loss -0.3070, rec_loss 0.0109, lpips_loss 0.1314, g_loss -0.0587, disc_weight 0.4000, disc_adaptive_weight 7.6464, d_loss 0.4008, logits_real 0.0565, logits_fake 0.0583,
Train Epoch: [11/30] Iters:[1060/1093] gen_loss -0.2990, rec_loss 0.0108, lpips_loss 0.1316, g_loss -0.0588, disc_weight 0.4000, disc_adaptive_weight 7.5103, d_loss 0.4008, logits_real 0.0568, logits_fake 0.0585,
Train Epoch: [11/30] Iters:[1070/1093] gen_loss -0.3198, rec_loss 0.0109, lpips_loss 0.1319, g_loss -0.0587, disc_weight 0.4000, disc_adaptive_weight 7.8732, d_loss 0.4008, logits_real 0.0569, logits_fake 0.0585,
Train Epoch: [11/30] Iters:[1080/1093] gen_loss -0.3323, rec_loss 0.0110, lpips_loss 0.1323, g_loss -0.0587, disc_weight 0.4000, disc_adaptive_weight 8.0977, d_loss 0.4008, logits_real 0.0570, logits_fake 0.0588,
Train Epoch: [11/30] Iters:[1090/1093] gen_loss -0.3262, rec_loss 0.0109, lpips_loss 0.1318, g_loss -0.0589, disc_weight 0.4000, disc_adaptive_weight 7.9716, d_loss 0.4009, logits_real 0.0569, logits_fake 0.0588,
epoch:12, cur_lr:0.000010
Train Epoch: [12/30] Iters:[10/1093] gen_loss -0.3093, rec_loss 0.0112, lpips_loss 0.1333, g_loss -0.0579, disc_weight 0.4000, disc_adaptive_weight 7.8482, d_loss 0.4008, logits_real 0.0557, logits_fake 0.0573,
Train Epoch: [12/30] Iters:[20/1093] gen_loss -0.2527, rec_loss 0.0110, lpips_loss 0.1329, g_loss -0.0576, disc_weight 0.4000, disc_adaptive_weight 6.8833, d_loss 0.4009, logits_real 0.0558, logits_fake 0.0576,
Train Epoch: [12/30] Iters:[30/1093] gen_loss -0.2402, rec_loss 0.0109, lpips_loss 0.1330, g_loss -0.0575, disc_weight 0.4000, disc_adaptive_weight 6.6712, d_loss 0.4009, logits_real 0.0556, logits_fake 0.0576,
Train Epoch: [12/30] Iters:[40/1093] gen_loss -0.2483, rec_loss 0.0110, lpips_loss 0.1327, g_loss -0.0575, disc_weight 0.4000, disc_adaptive_weight 6.8072, d_loss 0.4008, logits_real 0.0557, logits_fake 0.0574,
Train Epoch: [12/30] Iters:[50/1093] gen_loss -0.2536, rec_loss 0.0109, lpips_loss 0.1324, g_loss -0.0576, disc_weight 0.4000, disc_adaptive_weight 6.8760, d_loss 0.4008, logits_real 0.0558, logits_fake 0.0575,
Train Epoch: [12/30] Iters:[60/1093] gen_loss -0.2298, rec_loss 0.0108, lpips_loss 0.1320, g_loss -0.0575, disc_weight 0.4000, disc_adaptive_weight 6.4667, d_loss 0.4009, logits_real 0.0557, logits_fake 0.0576,
Train Epoch: [12/30] Iters:[70/1093] gen_loss -0.2392, rec_loss 0.0108, lpips_loss 0.1314, g_loss -0.0578, disc_weight 0.4000, disc_adaptive_weight 6.5913, d_loss 0.4008, logits_real 0.0557, logits_fake 0.0575,
Train Epoch: [12/30] Iters:[80/1093] gen_loss -0.2412, rec_loss 0.0108, lpips_loss 0.1311, g_loss -0.0580, disc_weight 0.4000, disc_adaptive_weight 6.6035, d_loss 0.4008, logits_real 0.0559, logits_fake 0.0575,
Train Epoch: [12/30] Iters:[90/1093] gen_loss -0.2189, rec_loss 0.0107, lpips_loss 0.1311, g_loss -0.0582, disc_weight 0.4000, disc_adaptive_weight 6.2025, d_loss 0.4009, logits_real 0.0560, logits_fake 0.0578,
Train Epoch: [12/30] Iters:[100/1093] gen_loss -0.2156, rec_loss 0.0107, lpips_loss 0.1311, g_loss -0.0582, disc_weight 0.4000, disc_adaptive_weight 6.1463, d_loss 0.4008, logits_real 0.0560, logits_fake 0.0579,
Train Epoch: [12/30] Iters:[110/1093] gen_loss -0.2280, rec_loss 0.0107, lpips_loss 0.1311, g_loss -0.0582, disc_weight 0.4000, disc_adaptive_weight 6.3613, d_loss 0.4009, logits_real 0.0560, logits_fake 0.0580,
Train Epoch: [12/30] Iters:[120/1093] gen_loss -0.2381, rec_loss 0.0107, lpips_loss 0.1315, g_loss -0.0580, disc_weight 0.4000, disc_adaptive_weight 6.5559, d_loss 0.4009, logits_real 0.0560, logits_fake 0.0580,
Train Epoch: [12/30] Iters:[130/1093] gen_loss -0.2584, rec_loss 0.0108, lpips_loss 0.1317, g_loss -0.0580, disc_weight 0.4000, disc_adaptive_weight 6.9196, d_loss 0.4009, logits_real 0.0560, logits_fake 0.0581,
Train Epoch: [12/30] Iters:[140/1093] gen_loss -0.2969, rec_loss 0.0107, lpips_loss 0.1316, g_loss -0.0580, disc_weight 0.4000, disc_adaptive_weight 7.5741, d_loss 0.4009, logits_real 0.0560, logits_fake 0.0581,
Train Epoch: [12/30] Iters:[150/1093] gen_loss -0.3306, rec_loss 0.0109, lpips_loss 0.1320, g_loss -0.0582, disc_weight 0.4000, disc_adaptive_weight 8.1321, d_loss 0.4009, logits_real 0.0561, logits_fake 0.0583,
Train Epoch: [12/30] Iters:[160/1093] gen_loss -0.3340, rec_loss 0.0110, lpips_loss 0.1323, g_loss -0.0584, disc_weight 0.4000, disc_adaptive_weight 8.1632, d_loss 0.4009, logits_real 0.0563, logits_fake 0.0584,
Train Epoch: [12/30] Iters:[170/1093] gen_loss -0.3479, rec_loss 0.0112, lpips_loss 0.1328, g_loss -0.0585, disc_weight 0.4000, disc_adaptive_weight 8.4017, d_loss 0.4009, logits_real 0.0564, logits_fake 0.0586,
Train Epoch: [12/30] Iters:[180/1093] gen_loss -0.3338, rec_loss 0.0111, lpips_loss 0.1327, g_loss -0.0585, disc_weight 0.4000, disc_adaptive_weight 8.1504, d_loss 0.4009, logits_real 0.0563, logits_fake 0.0585,
Train Epoch: [12/30] Iters:[190/1093] gen_loss -0.3388, rec_loss 0.0111, lpips_loss 0.1331, g_loss -0.0582, disc_weight 0.4000, disc_adaptive_weight 8.2987, d_loss 0.4009, logits_real 0.0561, logits_fake 0.0583,
Train Epoch: [12/30] Iters:[200/1093] gen_loss -0.3037, rec_loss 0.0110, lpips_loss 0.1327, g_loss -0.0577, disc_weight 0.4000, disc_adaptive_weight 7.7472, d_loss 0.4009, logits_real 0.0557, logits_fake 0.0578,
Train Epoch: [12/30] Iters:[210/1093] gen_loss -0.2939, rec_loss 0.0110, lpips_loss 0.1325, g_loss -0.0575, disc_weight 0.4000, disc_adaptive_weight 7.6054, d_loss 0.4009, logits_real 0.0554, logits_fake 0.0575,
Train Epoch: [12/30] Iters:[220/1093] gen_loss -0.2690, rec_loss 0.0107, lpips_loss 0.1319, g_loss -0.0572, disc_weight 0.4000, disc_adaptive_weight 7.1955, d_loss 0.4008, logits_real 0.0553, logits_fake 0.0572,
Train Epoch: [12/30] Iters:[230/1093] gen_loss -0.2656, rec_loss 0.0109, lpips_loss 0.1321, g_loss -0.0572, disc_weight 0.4000, disc_adaptive_weight 7.1501, d_loss 0.4008, logits_real 0.0554, logits_fake 0.0572,
Train Epoch: [12/30] Iters:[240/1093] gen_loss -0.2308, rec_loss 0.0110, lpips_loss 0.1321, g_loss -0.0573, disc_weight 0.4000, disc_adaptive_weight 6.5247, d_loss 0.4008, logits_real 0.0556, logits_fake 0.0573,
Train Epoch: [12/30] Iters:[250/1093] gen_loss -0.2322, rec_loss 0.0110, lpips_loss 0.1322, g_loss -0.0574, disc_weight 0.4000, disc_adaptive_weight 6.5384, d_loss 0.4008, logits_real 0.0558, logits_fake 0.0574,
Train Epoch: [12/30] Iters:[260/1093] gen_loss -0.2319, rec_loss 0.0109, lpips_loss 0.1322, g_loss -0.0574, disc_weight 0.4000, disc_adaptive_weight 6.5292, d_loss 0.4008, logits_real 0.0558, logits_fake 0.0576,
Train Epoch: [12/30] Iters:[270/1093] gen_loss -0.2302, rec_loss 0.0109, lpips_loss 0.1323, g_loss -0.0575, disc_weight 0.4000, disc_adaptive_weight 6.4934, d_loss 0.4008, logits_real 0.0558, logits_fake 0.0576,
Train Epoch: [12/30] Iters:[280/1093] gen_loss -0.2160, rec_loss 0.0108, lpips_loss 0.1324, g_loss -0.0574, disc_weight 0.4000, disc_adaptive_weight 6.2572, d_loss 0.4008, logits_real 0.0556, logits_fake 0.0574,
Train Epoch: [12/30] Iters:[290/1093] gen_loss -0.2056, rec_loss 0.0109, lpips_loss 0.1321, g_loss -0.0575, disc_weight 0.4000, disc_adaptive_weight 6.0662, d_loss 0.4008, logits_real 0.0556, logits_fake 0.0574,
Train Epoch: [12/30] Iters:[300/1093] gen_loss -0.2025, rec_loss 0.0109, lpips_loss 0.1322, g_loss -0.0575, disc_weight 0.4000, disc_adaptive_weight 6.0093, d_loss 0.4008, logits_real 0.0557, logits_fake 0.0575,
Train Epoch: [12/30] Iters:[310/1093] gen_loss -0.2070, rec_loss 0.0109, lpips_loss 0.1321, g_loss -0.0577, disc_weight 0.4000, disc_adaptive_weight 6.0602, d_loss 0.4008, logits_real 0.0559, logits_fake 0.0576,
Train Epoch: [12/30] Iters:[320/1093] gen_loss -0.2129, rec_loss 0.0109, lpips_loss 0.1319, g_loss -0.0579, disc_weight 0.4000, disc_adaptive_weight 6.1437, d_loss 0.4008, logits_real 0.0560, logits_fake 0.0577,
Train Epoch: [12/30] Iters:[330/1093] gen_loss -0.2154, rec_loss 0.0108, lpips_loss 0.1313, g_loss -0.0580, disc_weight 0.4000, disc_adaptive_weight 6.1607, d_loss 0.4008, logits_real 0.0561, logits_fake 0.0579,
Train Epoch: [12/30] Iters:[340/1093] gen_loss -0.2304, rec_loss 0.0107, lpips_loss 0.1314, g_loss -0.0579, disc_weight 0.4000, disc_adaptive_weight 6.4326, d_loss 0.4009, logits_real 0.0558, logits_fake 0.0579,
Train Epoch: [12/30] Iters:[350/1093] gen_loss -0.2252, rec_loss 0.0107, lpips_loss 0.1311, g_loss -0.0578, disc_weight 0.4000, disc_adaptive_weight 6.3527, d_loss 0.4008, logits_real 0.0557, logits_fake 0.0576,
Train Epoch: [12/30] Iters:[360/1093] gen_loss -0.2252, rec_loss 0.0107, lpips_loss 0.1311, g_loss -0.0573, disc_weight 0.4000, disc_adaptive_weight 6.4019, d_loss 0.4008, logits_real 0.0555, logits_fake 0.0574,
Train Epoch: [12/30] Iters:[370/1093] gen_loss -0.2143, rec_loss 0.0106, lpips_loss 0.1312, g_loss -0.0571, disc_weight 0.4000, disc_adaptive_weight 6.2470, d_loss 0.4009, logits_real 0.0552, logits_fake 0.0572,
Train Epoch: [12/30] Iters:[380/1093] gen_loss -0.2137, rec_loss 0.0108, lpips_loss 0.1317, g_loss -0.0570, disc_weight 0.4000, disc_adaptive_weight 6.2603, d_loss 0.4008, logits_real 0.0551, logits_fake 0.0570,
Train Epoch: [12/30] Iters:[390/1093] gen_loss -0.2240, rec_loss 0.0108, lpips_loss 0.1318, g_loss -0.0572, disc_weight 0.4000, disc_adaptive_weight 6.4115, d_loss 0.4008, logits_real 0.0553, logits_fake 0.0571,
Train Epoch: [12/30] Iters:[400/1093] gen_loss -0.2562, rec_loss 0.0109, lpips_loss 0.1319, g_loss -0.0574, disc_weight 0.4000, disc_adaptive_weight 6.9370, d_loss 0.4008, logits_real 0.0556, logits_fake 0.0575,
Train Epoch: [12/30] Iters:[410/1093] gen_loss -0.2709, rec_loss 0.0110, lpips_loss 0.1327, g_loss -0.0581, disc_weight 0.4000, disc_adaptive_weight 7.1232, d_loss 0.4009, logits_real 0.0561, logits_fake 0.0582,
Train Epoch: [12/30] Iters:[420/1093] gen_loss -0.2874, rec_loss 0.0112, lpips_loss 0.1328, g_loss -0.0585, disc_weight 0.4000, disc_adaptive_weight 7.3606, d_loss 0.4008, logits_real 0.0567, logits_fake 0.0586,
Train Epoch: [12/30] Iters:[430/1093] gen_loss -0.2949, rec_loss 0.0110, lpips_loss 0.1325, g_loss -0.0585, disc_weight 0.4000, disc_adaptive_weight 7.4733, d_loss 0.4008, logits_real 0.0567, logits_fake 0.0587,
Train Epoch: [12/30] Iters:[440/1093] gen_loss -0.2762, rec_loss 0.0110, lpips_loss 0.1327, g_loss -0.0583, disc_weight 0.4000, disc_adaptive_weight 7.1846, d_loss 0.4008, logits_real 0.0569, logits_fake 0.0585,
Train Epoch: [12/30] Iters:[450/1093] gen_loss -0.2359, rec_loss 0.0109, lpips_loss 0.1327, g_loss -0.0579, disc_weight 0.4000, disc_adaptive_weight 6.5415, d_loss 0.4008, logits_real 0.0564, logits_fake 0.0581,
Train Epoch: [12/30] Iters:[460/1093] gen_loss -0.2212, rec_loss 0.0108, lpips_loss 0.1322, g_loss -0.0573, disc_weight 0.4000, disc_adaptive_weight 6.3512, d_loss 0.4008, logits_real 0.0559, logits_fake 0.0575,
Train Epoch: [12/30] Iters:[470/1093] gen_loss -0.2224, rec_loss 0.0107, lpips_loss 0.1319, g_loss -0.0568, disc_weight 0.4000, disc_adaptive_weight 6.4247, d_loss 0.4008, logits_real 0.0553, logits_fake 0.0570,
Train Epoch: [12/30] Iters:[480/1093] gen_loss -0.2237, rec_loss 0.0107, lpips_loss 0.1320, g_loss -0.0567, disc_weight 0.4000, disc_adaptive_weight 6.4612, d_loss 0.4008, logits_real 0.0553, logits_fake 0.0570,
Train Epoch: [12/30] Iters:[490/1093] gen_loss -0.2530, rec_loss 0.0107, lpips_loss 0.1318, g_loss -0.0569, disc_weight 0.4000, disc_adaptive_weight 6.9345, d_loss 0.4009, logits_real 0.0551, logits_fake 0.0572,
Train Epoch: [12/30] Iters:[500/1093] gen_loss -0.2840, rec_loss 0.0107, lpips_loss 0.1316, g_loss -0.0575, disc_weight 0.4000, disc_adaptive_weight 7.4070, d_loss 0.4009, logits_real 0.0554, logits_fake 0.0574,
Train Epoch: [12/30] Iters:[510/1093] gen_loss -0.2790, rec_loss 0.0107, lpips_loss 0.1317, g_loss -0.0581, disc_weight 0.4000, disc_adaptive_weight 7.2537, d_loss 0.4009, logits_real 0.0559, logits_fake 0.0579,
Train Epoch: [12/30] Iters:[520/1093] gen_loss -0.2810, rec_loss 0.0107, lpips_loss 0.1317, g_loss -0.0586, disc_weight 0.4000, disc_adaptive_weight 7.2245, d_loss 0.4008, logits_real 0.0565, logits_fake 0.0585,
Train Epoch: [12/30] Iters:[530/1093] gen_loss -0.2965, rec_loss 0.0108, lpips_loss 0.1316, g_loss -0.0588, disc_weight 0.4000, disc_adaptive_weight 7.4615, d_loss 0.4008, logits_real 0.0568, logits_fake 0.0587,
Train Epoch: [12/30] Iters:[540/1093] gen_loss -0.2769, rec_loss 0.0107, lpips_loss 0.1316, g_loss -0.0588, disc_weight 0.4000, disc_adaptive_weight 7.1245, d_loss 0.4008, logits_real 0.0567, logits_fake 0.0587,
Train Epoch: [12/30] Iters:[550/1093] gen_loss -0.2606, rec_loss 0.0107, lpips_loss 0.1316, g_loss -0.0588, disc_weight 0.4000, disc_adaptive_weight 6.8543, d_loss 0.4008, logits_real 0.0566, logits_fake 0.0585,
Train Epoch: [12/30] Iters:[560/1093] gen_loss -0.2595, rec_loss 0.0107, lpips_loss 0.1313, g_loss -0.0585, disc_weight 0.4000, disc_adaptive_weight 6.8615, d_loss 0.4009, logits_real 0.0562, logits_fake 0.0583,
Train Epoch: [12/30] Iters:[570/1093] gen_loss -0.2537, rec_loss 0.0107, lpips_loss 0.1319, g_loss -0.0582, disc_weight 0.4000, disc_adaptive_weight 6.8028, d_loss 0.4009, logits_real 0.0560, logits_fake 0.0581,
Train Epoch: [12/30] Iters:[580/1093] gen_loss -0.2547, rec_loss 0.0107, lpips_loss 0.1318, g_loss -0.0582, disc_weight 0.4000, disc_adaptive_weight 6.8248, d_loss 0.4009, logits_real 0.0557, logits_fake 0.0579,
Train Epoch: [12/30] Iters:[590/1093] gen_loss -0.2531, rec_loss 0.0108, lpips_loss 0.1318, g_loss -0.0580, disc_weight 0.4000, disc_adaptive_weight 6.8195, d_loss 0.4009, logits_real 0.0557, logits_fake 0.0579,
Train Epoch: [12/30] Iters:[600/1093] gen_loss -0.2402, rec_loss 0.0110, lpips_loss 0.1321, g_loss -0.0578, disc_weight 0.4000, disc_adaptive_weight 6.6263, d_loss 0.4009, logits_real 0.0557, logits_fake 0.0578,
Train Epoch: [12/30] Iters:[610/1093] gen_loss -0.2352, rec_loss 0.0111, lpips_loss 0.1316, g_loss -0.0577, disc_weight 0.4000, disc_adaptive_weight 6.5402, d_loss 0.4008, logits_real 0.0558, logits_fake 0.0576,
Train Epoch: [12/30] Iters:[620/1093] gen_loss -0.2301, rec_loss 0.0110, lpips_loss 0.1312, g_loss -0.0577, disc_weight 0.4000, disc_adaptive_weight 6.4473, d_loss 0.4008, logits_real 0.0557, logits_fake 0.0577,
Train Epoch: [12/30] Iters:[630/1093] gen_loss -0.2049, rec_loss 0.0110, lpips_loss 0.1315, g_loss -0.0577, disc_weight 0.4000, disc_adaptive_weight 6.0217, d_loss 0.4008, logits_real 0.0559, logits_fake 0.0577,
Train Epoch: [12/30] Iters:[640/1093] gen_loss -0.2039, rec_loss 0.0109, lpips_loss 0.1317, g_loss -0.0578, disc_weight 0.4000, disc_adaptive_weight 5.9844, d_loss 0.4008, logits_real 0.0563, logits_fake 0.0579,
Train Epoch: [12/30] Iters:[650/1093] gen_loss -0.2002, rec_loss 0.0108, lpips_loss 0.1318, g_loss -0.0579, disc_weight 0.4000, disc_adaptive_weight 5.9205, d_loss 0.4008, logits_real 0.0563, logits_fake 0.0582,
Train Epoch: [12/30] Iters:[660/1093] gen_loss -0.2099, rec_loss 0.0108, lpips_loss 0.1326, g_loss -0.0579, disc_weight 0.4000, disc_adaptive_weight 6.1044, d_loss 0.4009, logits_real 0.0564, logits_fake 0.0584,
Train Epoch: [12/30] Iters:[670/1093] gen_loss -0.2116, rec_loss 0.0108, lpips_loss 0.1324, g_loss -0.0581, disc_weight 0.4000, disc_adaptive_weight 6.1130, d_loss 0.4009, logits_real 0.0566, logits_fake 0.0585,
Train Epoch: [12/30] Iters:[680/1093] gen_loss -0.2228, rec_loss 0.0108, lpips_loss 0.1323, g_loss -0.0581, disc_weight 0.4000, disc_adaptive_weight 6.2958, d_loss 0.4009, logits_real 0.0567, logits_fake 0.0588,
Train Epoch: [12/30] Iters:[690/1093] gen_loss -0.2204, rec_loss 0.0108, lpips_loss 0.1321, g_loss -0.0582, disc_weight 0.4000, disc_adaptive_weight 6.2476, d_loss 0.4009, logits_real 0.0566, logits_fake 0.0589,
Train Epoch: [12/30] Iters:[700/1093] gen_loss -0.2313, rec_loss 0.0108, lpips_loss 0.1314, g_loss -0.0586, disc_weight 0.4000, disc_adaptive_weight 6.3781, d_loss 0.4009, logits_real 0.0569, logits_fake 0.0590,
Train Epoch: [12/30] Iters:[710/1093] gen_loss -0.2475, rec_loss 0.0108, lpips_loss 0.1311, g_loss -0.0589, disc_weight 0.4000, disc_adaptive_weight 6.6147, d_loss 0.4009, logits_real 0.0571, logits_fake 0.0591,
Train Epoch: [12/30] Iters:[720/1093] gen_loss -0.2552, rec_loss 0.0109, lpips_loss 0.1314, g_loss -0.0589, disc_weight 0.4000, disc_adaptive_weight 6.7475, d_loss 0.4009, logits_real 0.0569, logits_fake 0.0590,
Train Epoch: [12/30] Iters:[730/1093] gen_loss -0.2701, rec_loss 0.0111, lpips_loss 0.1321, g_loss -0.0588, disc_weight 0.4000, disc_adaptive_weight 7.0381, d_loss 0.4009, logits_real 0.0567, logits_fake 0.0587,
Train Epoch: [12/30] Iters:[740/1093] gen_loss -0.2604, rec_loss 0.0110, lpips_loss 0.1321, g_loss -0.0585, disc_weight 0.4000, disc_adaptive_weight 6.8973, d_loss 0.4008, logits_real 0.0564, logits_fake 0.0584,
Train Epoch: [12/30] Iters:[750/1093] gen_loss -0.2582, rec_loss 0.0111, lpips_loss 0.1325, g_loss -0.0582, disc_weight 0.4000, disc_adaptive_weight 6.8978, d_loss 0.4008, logits_real 0.0560, logits_fake 0.0580,
Train Epoch: [12/30] Iters:[760/1093] gen_loss -0.2619, rec_loss 0.0111, lpips_loss 0.1328, g_loss -0.0580, disc_weight 0.4000, disc_adaptive_weight 6.9976, d_loss 0.4008, logits_real 0.0559, logits_fake 0.0577,
Train Epoch: [12/30] Iters:[770/1093] gen_loss -0.2989, rec_loss 0.0111, lpips_loss 0.1328, g_loss -0.0581, disc_weight 0.4000, disc_adaptive_weight 7.6190, d_loss 0.4008, logits_real 0.0559, logits_fake 0.0577,
Train Epoch: [12/30] Iters:[780/1093] gen_loss -0.3227, rec_loss 0.0110, lpips_loss 0.1325, g_loss -0.0582, disc_weight 0.4000, disc_adaptive_weight 7.9899, d_loss 0.4008, logits_real 0.0563, logits_fake 0.0579,
Train Epoch: [12/30] Iters:[790/1093] gen_loss -0.3489, rec_loss 0.0110, lpips_loss 0.1327, g_loss -0.0588, disc_weight 0.4000, disc_adaptive_weight 8.3845, d_loss 0.4008, logits_real 0.0568, logits_fake 0.0586,
Train Epoch: [12/30] Iters:[800/1093] gen_loss -0.3567, rec_loss 0.0111, lpips_loss 0.1330, g_loss -0.0591, disc_weight 0.4000, disc_adaptive_weight 8.4845, d_loss 0.4008, logits_real 0.0571, logits_fake 0.0590,
Train Epoch: [12/30] Iters:[810/1093] gen_loss -0.3452, rec_loss 0.0112, lpips_loss 0.1332, g_loss -0.0592, disc_weight 0.4000, disc_adaptive_weight 8.2878, d_loss 0.4009, logits_real 0.0570, logits_fake 0.0591,
Train Epoch: [12/30] Iters:[820/1093] gen_loss -0.2989, rec_loss 0.0112, lpips_loss 0.1329, g_loss -0.0587, disc_weight 0.4000, disc_adaptive_weight 7.5468, d_loss 0.4009, logits_real 0.0567, logits_fake 0.0589,
Train Epoch: [12/30] Iters:[830/1093] gen_loss -0.2695, rec_loss 0.0112, lpips_loss 0.1323, g_loss -0.0584, disc_weight 0.4000, disc_adaptive_weight 7.0771, d_loss 0.4009, logits_real 0.0562, logits_fake 0.0584,
Train Epoch: [12/30] Iters:[840/1093] gen_loss -0.2635, rec_loss 0.0112, lpips_loss 0.1324, g_loss -0.0578, disc_weight 0.4000, disc_adaptive_weight 7.0477, d_loss 0.4009, logits_real 0.0557, logits_fake 0.0579,
Train Epoch: [12/30] Iters:[850/1093] gen_loss -0.2523, rec_loss 0.0111, lpips_loss 0.1320, g_loss -0.0574, disc_weight 0.4000, disc_adaptive_weight 6.8960, d_loss 0.4009, logits_real 0.0554, logits_fake 0.0575,
Train Epoch: [12/30] Iters:[860/1093] gen_loss -0.2309, rec_loss 0.0111, lpips_loss 0.1317, g_loss -0.0574, disc_weight 0.4000, disc_adaptive_weight 6.5158, d_loss 0.4009, logits_real 0.0556, logits_fake 0.0576,
Train Epoch: [12/30] Iters:[870/1093] gen_loss -0.2411, rec_loss 0.0112, lpips_loss 0.1321, g_loss -0.0575, disc_weight 0.4000, disc_adaptive_weight 6.6926, d_loss 0.4008, logits_real 0.0557, logits_fake 0.0576,
Train Epoch: [12/30] Iters:[880/1093] gen_loss -0.2351, rec_loss 0.0113, lpips_loss 0.1326, g_loss -0.0577, disc_weight 0.4000, disc_adaptive_weight 6.5754, d_loss 0.4009, logits_real 0.0559, logits_fake 0.0579,
Train Epoch: [12/30] Iters:[890/1093] gen_loss -0.2416, rec_loss 0.0112, lpips_loss 0.1324, g_loss -0.0578, disc_weight 0.4000, disc_adaptive_weight 6.6731, d_loss 0.4008, logits_real 0.0560, logits_fake 0.0578,
Train Epoch: [12/30] Iters:[900/1093] gen_loss -0.2559, rec_loss 0.0111, lpips_loss 0.1323, g_loss -0.0577, disc_weight 0.4000, disc_adaptive_weight 6.9234, d_loss 0.4008, logits_real 0.0559, logits_fake 0.0577,
Train Epoch: [12/30] Iters:[910/1093] gen_loss -0.2624, rec_loss 0.0111, lpips_loss 0.1321, g_loss -0.0575, disc_weight 0.4000, disc_adaptive_weight 7.0577, d_loss 0.4008, logits_real 0.0556, logits_fake 0.0576,
Train Epoch: [12/30] Iters:[920/1093] gen_loss -0.2374, rec_loss 0.0109, lpips_loss 0.1318, g_loss -0.0573, disc_weight 0.4000, disc_adaptive_weight 6.6317, d_loss 0.4008, logits_real 0.0554, logits_fake 0.0574,
Train Epoch: [12/30] Iters:[930/1093] gen_loss -0.2378, rec_loss 0.0108, lpips_loss 0.1314, g_loss -0.0570, disc_weight 0.4000, disc_adaptive_weight 6.6666, d_loss 0.4008, logits_real 0.0550, logits_fake 0.0569,
Train Epoch: [12/30] Iters:[940/1093] gen_loss -0.2386, rec_loss 0.0109, lpips_loss 0.1312, g_loss -0.0567, disc_weight 0.4000, disc_adaptive_weight 6.7174, d_loss 0.4008, logits_real 0.0547, logits_fake 0.0566,
Train Epoch: [12/30] Iters:[950/1093] gen_loss -0.2295, rec_loss 0.0109, lpips_loss 0.1314, g_loss -0.0564, disc_weight 0.4000, disc_adaptive_weight 6.5937, d_loss 0.4008, logits_real 0.0544, logits_fake 0.0564,
Train Epoch: [12/30] Iters:[960/1093] gen_loss -0.2451, rec_loss 0.0112, lpips_loss 0.1322, g_loss -0.0561, disc_weight 0.4000, disc_adaptive_weight 6.9303, d_loss 0.4008, logits_real 0.0542, logits_fake 0.0558,
Train Epoch: [12/30] Iters:[970/1093] gen_loss -0.2468, rec_loss 0.0113, lpips_loss 0.1324, g_loss -0.0560, disc_weight 0.4000, disc_adaptive_weight 6.9668, d_loss 0.4007, logits_real 0.0540, logits_fake 0.0555,
Train Epoch: [12/30] Iters:[980/1093] gen_loss -0.2310, rec_loss 0.0114, lpips_loss 0.1324, g_loss -0.0561, disc_weight 0.4000, disc_adaptive_weight 6.6871, d_loss 0.4007, logits_real 0.0540, logits_fake 0.0554,
Train Epoch: [12/30] Iters:[990/1093] gen_loss -0.2217, rec_loss 0.0113, lpips_loss 0.1323, g_loss -0.0562, disc_weight 0.4000, disc_adaptive_weight 6.4966, d_loss 0.4007, logits_real 0.0542, logits_fake 0.0555,
Train Epoch: [12/30] Iters:[1000/1093] gen_loss -0.2203, rec_loss 0.0113, lpips_loss 0.1324, g_loss -0.0565, disc_weight 0.4000, disc_adaptive_weight 6.4502, d_loss 0.4007, logits_real 0.0543, logits_fake 0.0557,
Train Epoch: [12/30] Iters:[1010/1093] gen_loss -0.2075, rec_loss 0.0113, lpips_loss 0.1324, g_loss -0.0565, disc_weight 0.4000, disc_adaptive_weight 6.2084, d_loss 0.4008, logits_real 0.0544, logits_fake 0.0559,
Train Epoch: [12/30] Iters:[1020/1093] gen_loss -0.2196, rec_loss 0.0112, lpips_loss 0.1319, g_loss -0.0567, disc_weight 0.4000, disc_adaptive_weight 6.3961, d_loss 0.4008, logits_real 0.0544, logits_fake 0.0564,
Train Epoch: [12/30] Iters:[1030/1093] gen_loss -0.2268, rec_loss 0.0111, lpips_loss 0.1318, g_loss -0.0567, disc_weight 0.4000, disc_adaptive_weight 6.5148, d_loss 0.4009, logits_real 0.0545, logits_fake 0.0565,
Train Epoch: [12/30] Iters:[1040/1093] gen_loss -0.2254, rec_loss 0.0112, lpips_loss 0.1319, g_loss -0.0567, disc_weight 0.4000, disc_adaptive_weight 6.4903, d_loss 0.4009, logits_real 0.0546, logits_fake 0.0568,
Train Epoch: [12/30] Iters:[1050/1093] gen_loss -0.2313, rec_loss 0.0111, lpips_loss 0.1324, g_loss -0.0567, disc_weight 0.4000, disc_adaptive_weight 6.6098, d_loss 0.4009, logits_real 0.0548, logits_fake 0.0568,
Train Epoch: [12/30] Iters:[1060/1093] gen_loss -0.2322, rec_loss 0.0111, lpips_loss 0.1320, g_loss -0.0568, disc_weight 0.4000, disc_adaptive_weight 6.6140, d_loss 0.4009, logits_real 0.0548, logits_fake 0.0569,
Train Epoch: [12/30] Iters:[1070/1093] gen_loss -0.2278, rec_loss 0.0109, lpips_loss 0.1318, g_loss -0.0566, disc_weight 0.4000, disc_adaptive_weight 6.5576, d_loss 0.4008, logits_real 0.0548, logits_fake 0.0566,
Train Epoch: [12/30] Iters:[1080/1093] gen_loss -0.2271, rec_loss 0.0111, lpips_loss 0.1324, g_loss -0.0564, disc_weight 0.4000, disc_adaptive_weight 6.5723, d_loss 0.4008, logits_real 0.0547, logits_fake 0.0564,
Train Epoch: [12/30] Iters:[1090/1093] gen_loss -0.2200, rec_loss 0.0110, lpips_loss 0.1326, g_loss -0.0560, disc_weight 0.4000, disc_adaptive_weight 6.4925, d_loss 0.4008, logits_real 0.0545, logits_fake 0.0562,
epoch:13, cur_lr:0.000010
Train Epoch: [13/30] Iters:[10/1093] gen_loss -0.3411, rec_loss 0.0106, lpips_loss 0.1299, g_loss -0.0548, disc_weight 0.4000, disc_adaptive_weight 8.7957, d_loss 0.4008, logits_real 0.0532, logits_fake 0.0551,
Train Epoch: [13/30] Iters:[20/1093] gen_loss -0.3176, rec_loss 0.0107, lpips_loss 0.1307, g_loss -0.0546, disc_weight 0.4000, disc_adaptive_weight 8.4084, d_loss 0.4008, logits_real 0.0529, logits_fake 0.0548,
Train Epoch: [13/30] Iters:[30/1093] gen_loss -0.2967, rec_loss 0.0110, lpips_loss 0.1310, g_loss -0.0547, disc_weight 0.4000, disc_adaptive_weight 8.0225, d_loss 0.4008, logits_real 0.0529, logits_fake 0.0549,
Train Epoch: [13/30] Iters:[40/1093] gen_loss -0.2919, rec_loss 0.0109, lpips_loss 0.1310, g_loss -0.0546, disc_weight 0.4000, disc_adaptive_weight 7.9581, d_loss 0.4008, logits_real 0.0528, logits_fake 0.0547,
Train Epoch: [13/30] Iters:[50/1093] gen_loss -0.2929, rec_loss 0.0109, lpips_loss 0.1310, g_loss -0.0546, disc_weight 0.4000, disc_adaptive_weight 7.9789, d_loss 0.4008, logits_real 0.0527, logits_fake 0.0547,
Train Epoch: [13/30] Iters:[60/1093] gen_loss -0.2736, rec_loss 0.0109, lpips_loss 0.1316, g_loss -0.0545, disc_weight 0.4000, disc_adaptive_weight 7.6530, d_loss 0.4008, logits_real 0.0527, logits_fake 0.0544,
Train Epoch: [13/30] Iters:[70/1093] gen_loss -0.2601, rec_loss 0.0110, lpips_loss 0.1321, g_loss -0.0547, disc_weight 0.4000, disc_adaptive_weight 7.3815, d_loss 0.4007, logits_real 0.0531, logits_fake 0.0545,
Train Epoch: [13/30] Iters:[80/1093] gen_loss -0.2760, rec_loss 0.0110, lpips_loss 0.1323, g_loss -0.0555, disc_weight 0.4000, disc_adaptive_weight 7.5759, d_loss 0.4007, logits_real 0.0535, logits_fake 0.0548,
Train Epoch: [13/30] Iters:[90/1093] gen_loss -0.2711, rec_loss 0.0110, lpips_loss 0.1327, g_loss -0.0563, disc_weight 0.4000, disc_adaptive_weight 7.3758, d_loss 0.4008, logits_real 0.0541, logits_fake 0.0557,
Train Epoch: [13/30] Iters:[100/1093] gen_loss -0.2585, rec_loss 0.0112, lpips_loss 0.1337, g_loss -0.0566, disc_weight 0.4000, disc_adaptive_weight 7.1300, d_loss 0.4008, logits_real 0.0544, logits_fake 0.0560,
Train Epoch: [13/30] Iters:[110/1093] gen_loss -0.2752, rec_loss 0.0113, lpips_loss 0.1334, g_loss -0.0569, disc_weight 0.4000, disc_adaptive_weight 7.4070, d_loss 0.4008, logits_real 0.0546, logits_fake 0.0564,
Train Epoch: [13/30] Iters:[120/1093] gen_loss -0.2979, rec_loss 0.0115, lpips_loss 0.1333, g_loss -0.0570, disc_weight 0.4000, disc_adaptive_weight 7.7938, d_loss 0.4009, logits_real 0.0545, logits_fake 0.0567,
Train Epoch: [13/30] Iters:[130/1093] gen_loss -0.2740, rec_loss 0.0114, lpips_loss 0.1335, g_loss -0.0566, disc_weight 0.4000, disc_adaptive_weight 7.4225, d_loss 0.4009, logits_real 0.0545, logits_fake 0.0568,
Train Epoch: [13/30] Iters:[140/1093] gen_loss -0.2672, rec_loss 0.0114, lpips_loss 0.1329, g_loss -0.0565, disc_weight 0.4000, disc_adaptive_weight 7.3039, d_loss 0.4008, logits_real 0.0547, logits_fake 0.0565,
Train Epoch: [13/30] Iters:[150/1093] gen_loss -0.2760, rec_loss 0.0111, lpips_loss 0.1321, g_loss -0.0570, disc_weight 0.4000, disc_adaptive_weight 7.3650, d_loss 0.4008, logits_real 0.0552, logits_fake 0.0569,
Train Epoch: [13/30] Iters:[160/1093] gen_loss -0.2508, rec_loss 0.0110, lpips_loss 0.1319, g_loss -0.0579, disc_weight 0.4000, disc_adaptive_weight 6.8076, d_loss 0.4008, logits_real 0.0556, logits_fake 0.0574,
Train Epoch: [13/30] Iters:[170/1093] gen_loss -0.2281, rec_loss 0.0109, lpips_loss 0.1318, g_loss -0.0585, disc_weight 0.4000, disc_adaptive_weight 6.3293, d_loss 0.4008, logits_real 0.0562, logits_fake 0.0579,
Train Epoch: [13/30] Iters:[180/1093] gen_loss -0.2294, rec_loss 0.0108, lpips_loss 0.1315, g_loss -0.0589, disc_weight 0.4000, disc_adaptive_weight 6.3001, d_loss 0.4008, logits_real 0.0568, logits_fake 0.0584,
Train Epoch: [13/30] Iters:[190/1093] gen_loss -0.2390, rec_loss 0.0109, lpips_loss 0.1320, g_loss -0.0591, disc_weight 0.4000, disc_adaptive_weight 6.4588, d_loss 0.4008, logits_real 0.0568, logits_fake 0.0589,
Train Epoch: [13/30] Iters:[200/1093] gen_loss -0.2387, rec_loss 0.0109, lpips_loss 0.1318, g_loss -0.0589, disc_weight 0.4000, disc_adaptive_weight 6.4818, d_loss 0.4009, logits_real 0.0567, logits_fake 0.0588,
Train Epoch: [13/30] Iters:[210/1093] gen_loss -0.2661, rec_loss 0.0110, lpips_loss 0.1319, g_loss -0.0586, disc_weight 0.4000, disc_adaptive_weight 6.9838, d_loss 0.4009, logits_real 0.0566, logits_fake 0.0588,
Train Epoch: [13/30] Iters:[220/1093] gen_loss -0.2649, rec_loss 0.0110, lpips_loss 0.1316, g_loss -0.0582, disc_weight 0.4000, disc_adaptive_weight 7.0092, d_loss 0.4008, logits_real 0.0563, logits_fake 0.0583,
Train Epoch: [13/30] Iters:[230/1093] gen_loss -0.2787, rec_loss 0.0109, lpips_loss 0.1316, g_loss -0.0579, disc_weight 0.4000, disc_adaptive_weight 7.2700, d_loss 0.4008, logits_real 0.0560, logits_fake 0.0580,
Train Epoch: [13/30] Iters:[240/1093] gen_loss -0.2834, rec_loss 0.0111, lpips_loss 0.1316, g_loss -0.0580, disc_weight 0.4000, disc_adaptive_weight 7.3517, d_loss 0.4008, logits_real 0.0559, logits_fake 0.0578,
Train Epoch: [13/30] Iters:[250/1093] gen_loss -0.2793, rec_loss 0.0111, lpips_loss 0.1319, g_loss -0.0581, disc_weight 0.4000, disc_adaptive_weight 7.2736, d_loss 0.4008, logits_real 0.0560, logits_fake 0.0578,
Train Epoch: [13/30] Iters:[260/1093] gen_loss -0.2577, rec_loss 0.0110, lpips_loss 0.1322, g_loss -0.0580, disc_weight 0.4000, disc_adaptive_weight 6.9090, d_loss 0.4008, logits_real 0.0560, logits_fake 0.0579,
Train Epoch: [13/30] Iters:[270/1093] gen_loss -0.2501, rec_loss 0.0110, lpips_loss 0.1323, g_loss -0.0582, disc_weight 0.4000, disc_adaptive_weight 6.7562, d_loss 0.4008, logits_real 0.0562, logits_fake 0.0583,
Train Epoch: [13/30] Iters:[280/1093] gen_loss -0.2446, rec_loss 0.0111, lpips_loss 0.1325, g_loss -0.0583, disc_weight 0.4000, disc_adaptive_weight 6.6565, d_loss 0.4008, logits_real 0.0562, logits_fake 0.0583,
Train Epoch: [13/30] Iters:[290/1093] gen_loss -0.2419, rec_loss 0.0110, lpips_loss 0.1322, g_loss -0.0583, disc_weight 0.4000, disc_adaptive_weight 6.6089, d_loss 0.4008, logits_real 0.0561, logits_fake 0.0581,
Train Epoch: [13/30] Iters:[300/1093] gen_loss -0.2437, rec_loss 0.0110, lpips_loss 0.1324, g_loss -0.0582, disc_weight 0.4000, disc_adaptive_weight 6.6532, d_loss 0.4008, logits_real 0.0562, logits_fake 0.0581,
Train Epoch: [13/30] Iters:[310/1093] gen_loss -0.2641, rec_loss 0.0112, lpips_loss 0.1326, g_loss -0.0581, disc_weight 0.4000, disc_adaptive_weight 7.0309, d_loss 0.4008, logits_real 0.0560, logits_fake 0.0579,
Train Epoch: [13/30] Iters:[320/1093] gen_loss -0.2862, rec_loss 0.0112, lpips_loss 0.1327, g_loss -0.0579, disc_weight 0.4000, disc_adaptive_weight 7.4397, d_loss 0.4007, logits_real 0.0559, logits_fake 0.0576,
Train Epoch: [13/30] Iters:[330/1093] gen_loss -0.2741, rec_loss 0.0112, lpips_loss 0.1326, g_loss -0.0576, disc_weight 0.4000, disc_adaptive_weight 7.2543, d_loss 0.4008, logits_real 0.0558, logits_fake 0.0575,
Train Epoch: [13/30] Iters:[340/1093] gen_loss -0.2679, rec_loss 0.0113, lpips_loss 0.1325, g_loss -0.0572, disc_weight 0.4000, disc_adaptive_weight 7.2069, d_loss 0.4007, logits_real 0.0557, logits_fake 0.0572,
Train Epoch: [13/30] Iters:[350/1093] gen_loss -0.2629, rec_loss 0.0114, lpips_loss 0.1325, g_loss -0.0569, disc_weight 0.4000, disc_adaptive_weight 7.1574, d_loss 0.4008, logits_real 0.0551, logits_fake 0.0567,
Train Epoch: [13/30] Iters:[360/1093] gen_loss -0.2421, rec_loss 0.0113, lpips_loss 0.1320, g_loss -0.0564, disc_weight 0.4000, disc_adaptive_weight 6.8477, d_loss 0.4008, logits_real 0.0547, logits_fake 0.0564,
Train Epoch: [13/30] Iters:[370/1093] gen_loss -0.2333, rec_loss 0.0113, lpips_loss 0.1326, g_loss -0.0559, disc_weight 0.4000, disc_adaptive_weight 6.7691, d_loss 0.4008, logits_real 0.0540, logits_fake 0.0559,
Train Epoch: [13/30] Iters:[380/1093] gen_loss -0.2365, rec_loss 0.0114, lpips_loss 0.1328, g_loss -0.0555, disc_weight 0.4000, disc_adaptive_weight 6.8662, d_loss 0.4008, logits_real 0.0535, logits_fake 0.0554,
Train Epoch: [13/30] Iters:[390/1093] gen_loss -0.2268, rec_loss 0.0114, lpips_loss 0.1330, g_loss -0.0551, disc_weight 0.4000, disc_adaptive_weight 6.7312, d_loss 0.4008, logits_real 0.0532, logits_fake 0.0551,
Train Epoch: [13/30] Iters:[400/1093] gen_loss -0.2191, rec_loss 0.0112, lpips_loss 0.1327, g_loss -0.0548, disc_weight 0.4000, disc_adaptive_weight 6.6222, d_loss 0.4008, logits_real 0.0531, logits_fake 0.0552,
Train Epoch: [13/30] Iters:[410/1093] gen_loss -0.2134, rec_loss 0.0111, lpips_loss 0.1326, g_loss -0.0546, disc_weight 0.4000, disc_adaptive_weight 6.5259, d_loss 0.4008, logits_real 0.0531, logits_fake 0.0550,
Train Epoch: [13/30] Iters:[420/1093] gen_loss -0.2020, rec_loss 0.0109, lpips_loss 0.1312, g_loss -0.0547, disc_weight 0.4000, disc_adaptive_weight 6.2871, d_loss 0.4008, logits_real 0.0531, logits_fake 0.0549,
Train Epoch: [13/30] Iters:[430/1093] gen_loss -0.1899, rec_loss 0.0108, lpips_loss 0.1308, g_loss -0.0547, disc_weight 0.4000, disc_adaptive_weight 6.0628, d_loss 0.4008, logits_real 0.0530, logits_fake 0.0547,
Train Epoch: [13/30] Iters:[440/1093] gen_loss -0.2335, rec_loss 0.0107, lpips_loss 0.1307, g_loss -0.0547, disc_weight 0.4000, disc_adaptive_weight 6.8532, d_loss 0.4008, logits_real 0.0527, logits_fake 0.0545,
Train Epoch: [13/30] Iters:[450/1093] gen_loss -0.2588, rec_loss 0.0108, lpips_loss 0.1311, g_loss -0.0546, disc_weight 0.4000, disc_adaptive_weight 7.3514, d_loss 0.4007, logits_real 0.0527, logits_fake 0.0542,
Train Epoch: [13/30] Iters:[460/1093] gen_loss -0.2658, rec_loss 0.0109, lpips_loss 0.1315, g_loss -0.0546, disc_weight 0.4000, disc_adaptive_weight 7.4892, d_loss 0.4007, logits_real 0.0526, logits_fake 0.0541,
Train Epoch: [13/30] Iters:[470/1093] gen_loss -0.2810, rec_loss 0.0110, lpips_loss 0.1324, g_loss -0.0544, disc_weight 0.4000, disc_adaptive_weight 7.8022, d_loss 0.4008, logits_real 0.0522, logits_fake 0.0541,
Train Epoch: [13/30] Iters:[480/1093] gen_loss -0.2947, rec_loss 0.0111, lpips_loss 0.1327, g_loss -0.0543, disc_weight 0.4000, disc_adaptive_weight 8.0760, d_loss 0.4008, logits_real 0.0522, logits_fake 0.0541,
Train Epoch: [13/30] Iters:[490/1093] gen_loss -0.2633, rec_loss 0.0111, lpips_loss 0.1329, g_loss -0.0541, disc_weight 0.4000, disc_adaptive_weight 7.5378, d_loss 0.4007, logits_real 0.0525, logits_fake 0.0541,
Train Epoch: [13/30] Iters:[500/1093] gen_loss -0.2495, rec_loss 0.0110, lpips_loss 0.1325, g_loss -0.0543, disc_weight 0.4000, disc_adaptive_weight 7.2443, d_loss 0.4008, logits_real 0.0525, logits_fake 0.0542,
Train Epoch: [13/30] Iters:[510/1093] gen_loss -0.2774, rec_loss 0.0109, lpips_loss 0.1316, g_loss -0.0544, disc_weight 0.4000, disc_adaptive_weight 7.7058, d_loss 0.4008, logits_real 0.0525, logits_fake 0.0542,
Train Epoch: [13/30] Iters:[520/1093] gen_loss -0.2806, rec_loss 0.0110, lpips_loss 0.1314, g_loss -0.0545, disc_weight 0.4000, disc_adaptive_weight 7.7770, d_loss 0.4007, logits_real 0.0529, logits_fake 0.0542,
Train Epoch: [13/30] Iters:[530/1093] gen_loss -0.2790, rec_loss 0.0111, lpips_loss 0.1316, g_loss -0.0547, disc_weight 0.4000, disc_adaptive_weight 7.7240, d_loss 0.4008, logits_real 0.0528, logits_fake 0.0545,
Train Epoch: [13/30] Iters:[540/1093] gen_loss -0.2564, rec_loss 0.0111, lpips_loss 0.1315, g_loss -0.0547, disc_weight 0.4000, disc_adaptive_weight 7.2922, d_loss 0.4008, logits_real 0.0527, logits_fake 0.0546,
Train Epoch: [13/30] Iters:[550/1093] gen_loss -0.2519, rec_loss 0.0110, lpips_loss 0.1313, g_loss -0.0544, disc_weight 0.4000, disc_adaptive_weight 7.2452, d_loss 0.4008, logits_real 0.0528, logits_fake 0.0545,
Train Epoch: [13/30] Iters:[560/1093] gen_loss -0.2421, rec_loss 0.0111, lpips_loss 0.1320, g_loss -0.0543, disc_weight 0.4000, disc_adaptive_weight 7.1206, d_loss 0.4008, logits_real 0.0530, logits_fake 0.0546,
Train Epoch: [13/30] Iters:[570/1093] gen_loss -0.2525, rec_loss 0.0112, lpips_loss 0.1323, g_loss -0.0543, disc_weight 0.4000, disc_adaptive_weight 7.3038, d_loss 0.4008, logits_real 0.0531, logits_fake 0.0549,
Train Epoch: [13/30] Iters:[580/1093] gen_loss -0.3044, rec_loss 0.0112, lpips_loss 0.1325, g_loss -0.0538, disc_weight 0.4000, disc_adaptive_weight 8.3584, d_loss 0.4008, logits_real 0.0533, logits_fake 0.0550,
Train Epoch: [13/30] Iters:[590/1093] gen_loss -0.3200, rec_loss 0.0114, lpips_loss 0.1329, g_loss -0.0539, disc_weight 0.4000, disc_adaptive_weight 8.6481, d_loss 0.4007, logits_real 0.0533, logits_fake 0.0547,
Train Epoch: [13/30] Iters:[600/1093] gen_loss -0.3015, rec_loss 0.0115, lpips_loss 0.1335, g_loss -0.0541, disc_weight 0.4000, disc_adaptive_weight 8.2889, d_loss 0.4007, logits_real 0.0530, logits_fake 0.0545,
Train Epoch: [13/30] Iters:[610/1093] gen_loss -0.2760, rec_loss 0.0115, lpips_loss 0.1335, g_loss -0.0539, disc_weight 0.4000, disc_adaptive_weight 7.8474, d_loss 0.4008, logits_real 0.0525, logits_fake 0.0541,
Train Epoch: [13/30] Iters:[620/1093] gen_loss -0.2531, rec_loss 0.0115, lpips_loss 0.1333, g_loss -0.0537, disc_weight 0.4000, disc_adaptive_weight 7.4432, d_loss 0.4008, logits_real 0.0520, logits_fake 0.0537,
Train Epoch: [13/30] Iters:[630/1093] gen_loss -0.2018, rec_loss 0.0113, lpips_loss 0.1324, g_loss -0.0542, disc_weight 0.4000, disc_adaptive_weight 6.3940, d_loss 0.4007, logits_real 0.0519, logits_fake 0.0531,
Train Epoch: [13/30] Iters:[640/1093] gen_loss -0.1872, rec_loss 0.0111, lpips_loss 0.1311, g_loss -0.0539, disc_weight 0.4000, disc_adaptive_weight 6.1150, d_loss 0.4008, logits_real 0.0516, logits_fake 0.0531,
Train Epoch: [13/30] Iters:[650/1093] gen_loss -0.1887, rec_loss 0.0111, lpips_loss 0.1305, g_loss -0.0535, disc_weight 0.4000, disc_adaptive_weight 6.1820, d_loss 0.4008, logits_real 0.0513, logits_fake 0.0529,
Train Epoch: [13/30] Iters:[660/1093] gen_loss -0.1805, rec_loss 0.0111, lpips_loss 0.1301, g_loss -0.0536, disc_weight 0.4000, disc_adaptive_weight 6.0036, d_loss 0.4008, logits_real 0.0513, logits_fake 0.0531,
Train Epoch: [13/30] Iters:[670/1093] gen_loss -0.1698, rec_loss 0.0109, lpips_loss 0.1300, g_loss -0.0533, disc_weight 0.4000, disc_adaptive_weight 5.8352, d_loss 0.4007, logits_real 0.0513, logits_fake 0.0528,
Train Epoch: [13/30] Iters:[680/1093] gen_loss -0.1779, rec_loss 0.0111, lpips_loss 0.1306, g_loss -0.0527, disc_weight 0.4000, disc_adaptive_weight 6.0712, d_loss 0.4008, logits_real 0.0510, logits_fake 0.0527,
Train Epoch: [13/30] Iters:[690/1093] gen_loss -0.1867, rec_loss 0.0112, lpips_loss 0.1318, g_loss -0.0524, disc_weight 0.4000, disc_adaptive_weight 6.3006, d_loss 0.4007, logits_real 0.0508, logits_fake 0.0523,
Train Epoch: [13/30] Iters:[700/1093] gen_loss -0.1900, rec_loss 0.0111, lpips_loss 0.1318, g_loss -0.0525, disc_weight 0.4000, disc_adaptive_weight 6.3519, d_loss 0.4008, logits_real 0.0506, logits_fake 0.0523,
Train Epoch: [13/30] Iters:[710/1093] gen_loss -0.1911, rec_loss 0.0110, lpips_loss 0.1317, g_loss -0.0524, disc_weight 0.4000, disc_adaptive_weight 6.3768, d_loss 0.4007, logits_real 0.0506, logits_fake 0.0521,
Train Epoch: [13/30] Iters:[720/1093] gen_loss -0.1989, rec_loss 0.0110, lpips_loss 0.1315, g_loss -0.0530, disc_weight 0.4000, disc_adaptive_weight 6.4544, d_loss 0.4008, logits_real 0.0506, logits_fake 0.0525,
Train Epoch: [13/30] Iters:[730/1093] gen_loss -0.2090, rec_loss 0.0110, lpips_loss 0.1320, g_loss -0.0533, disc_weight 0.4000, disc_adaptive_weight 6.5986, d_loss 0.4008, logits_real 0.0510, logits_fake 0.0529,
Train Epoch: [13/30] Iters:[740/1093] gen_loss -0.2239, rec_loss 0.0109, lpips_loss 0.1317, g_loss -0.0538, disc_weight 0.4000, disc_adaptive_weight 6.8228, d_loss 0.4008, logits_real 0.0515, logits_fake 0.0534,
Train Epoch: [13/30] Iters:[750/1093] gen_loss -0.2345, rec_loss 0.0110, lpips_loss 0.1322, g_loss -0.0540, disc_weight 0.4000, disc_adaptive_weight 6.9944, d_loss 0.4007, logits_real 0.0523, logits_fake 0.0538,
Train Epoch: [13/30] Iters:[760/1093] gen_loss -0.2399, rec_loss 0.0110, lpips_loss 0.1324, g_loss -0.0544, disc_weight 0.4000, disc_adaptive_weight 7.0601, d_loss 0.4008, logits_real 0.0526, logits_fake 0.0544,
Train Epoch: [13/30] Iters:[770/1093] gen_loss -0.2350, rec_loss 0.0110, lpips_loss 0.1324, g_loss -0.0543, disc_weight 0.4000, disc_adaptive_weight 6.9740, d_loss 0.4008, logits_real 0.0527, logits_fake 0.0546,
Train Epoch: [13/30] Iters:[780/1093] gen_loss -0.2320, rec_loss 0.0110, lpips_loss 0.1321, g_loss -0.0546, disc_weight 0.4000, disc_adaptive_weight 6.8691, d_loss 0.4008, logits_real 0.0530, logits_fake 0.0548,
Train Epoch: [13/30] Iters:[790/1093] gen_loss -0.2408, rec_loss 0.0110, lpips_loss 0.1318, g_loss -0.0548, disc_weight 0.4000, disc_adaptive_weight 6.9769, d_loss 0.4008, logits_real 0.0532, logits_fake 0.0551,
Train Epoch: [13/30] Iters:[800/1093] gen_loss -0.2524, rec_loss 0.0111, lpips_loss 0.1320, g_loss -0.0552, disc_weight 0.4000, disc_adaptive_weight 7.1503, d_loss 0.4009, logits_real 0.0533, logits_fake 0.0557,
Train Epoch: [13/30] Iters:[810/1093] gen_loss -0.2555, rec_loss 0.0112, lpips_loss 0.1324, g_loss -0.0554, disc_weight 0.4000, disc_adaptive_weight 7.1847, d_loss 0.4009, logits_real 0.0536, logits_fake 0.0558,
Train Epoch: [13/30] Iters:[820/1093] gen_loss -0.2586, rec_loss 0.0113, lpips_loss 0.1328, g_loss -0.0559, disc_weight 0.4000, disc_adaptive_weight 7.2058, d_loss 0.4008, logits_real 0.0541, logits_fake 0.0561,
Train Epoch: [13/30] Iters:[830/1093] gen_loss -0.2483, rec_loss 0.0114, lpips_loss 0.1332, g_loss -0.0561, disc_weight 0.4000, disc_adaptive_weight 7.0009, d_loss 0.4009, logits_real 0.0542, logits_fake 0.0564,
Train Epoch: [13/30] Iters:[840/1093] gen_loss -0.2559, rec_loss 0.0114, lpips_loss 0.1334, g_loss -0.0562, disc_weight 0.4000, disc_adaptive_weight 7.1281, d_loss 0.4009, logits_real 0.0543, logits_fake 0.0565,
Train Epoch: [13/30] Iters:[850/1093] gen_loss -0.2484, rec_loss 0.0114, lpips_loss 0.1330, g_loss -0.0565, disc_weight 0.4000, disc_adaptive_weight 6.9495, d_loss 0.4008, logits_real 0.0545, logits_fake 0.0565,
Train Epoch: [13/30] Iters:[860/1093] gen_loss -0.2540, rec_loss 0.0115, lpips_loss 0.1334, g_loss -0.0569, disc_weight 0.4000, disc_adaptive_weight 7.0180, d_loss 0.4008, logits_real 0.0548, logits_fake 0.0568,
Train Epoch: [13/30] Iters:[870/1093] gen_loss -0.2523, rec_loss 0.0114, lpips_loss 0.1336, g_loss -0.0571, disc_weight 0.4000, disc_adaptive_weight 6.9633, d_loss 0.4009, logits_real 0.0549, logits_fake 0.0572,
Train Epoch: [13/30] Iters:[880/1093] gen_loss -0.2726, rec_loss 0.0112, lpips_loss 0.1330, g_loss -0.0573, disc_weight 0.4000, disc_adaptive_weight 7.2774, d_loss 0.4008, logits_real 0.0552, logits_fake 0.0573,
Train Epoch: [13/30] Iters:[890/1093] gen_loss -0.2404, rec_loss 0.0111, lpips_loss 0.1331, g_loss -0.0577, disc_weight 0.4000, disc_adaptive_weight 6.6611, d_loss 0.4008, logits_real 0.0556, logits_fake 0.0576,
Train Epoch: [13/30] Iters:[900/1093] gen_loss -0.2307, rec_loss 0.0110, lpips_loss 0.1327, g_loss -0.0578, disc_weight 0.4000, disc_adaptive_weight 6.4720, d_loss 0.4008, logits_real 0.0558, logits_fake 0.0578,
Train Epoch: [13/30] Iters:[910/1093] gen_loss -0.2272, rec_loss 0.0108, lpips_loss 0.1318, g_loss -0.0578, disc_weight 0.4000, disc_adaptive_weight 6.3961, d_loss 0.4008, logits_real 0.0559, logits_fake 0.0577,
Train Epoch: [13/30] Iters:[920/1093] gen_loss -0.2318, rec_loss 0.0108, lpips_loss 0.1313, g_loss -0.0577, disc_weight 0.4000, disc_adaptive_weight 6.4856, d_loss 0.4007, logits_real 0.0558, logits_fake 0.0575,
Train Epoch: [13/30] Iters:[930/1093] gen_loss -0.2188, rec_loss 0.0108, lpips_loss 0.1315, g_loss -0.0575, disc_weight 0.4000, disc_adaptive_weight 6.2883, d_loss 0.4007, logits_real 0.0556, logits_fake 0.0572,
Train Epoch: [13/30] Iters:[940/1093] gen_loss -0.2254, rec_loss 0.0109, lpips_loss 0.1313, g_loss -0.0569, disc_weight 0.4000, disc_adaptive_weight 6.4727, d_loss 0.4007, logits_real 0.0551, logits_fake 0.0568,
Train Epoch: [13/30] Iters:[950/1093] gen_loss -0.2266, rec_loss 0.0108, lpips_loss 0.1318, g_loss -0.0565, disc_weight 0.4000, disc_adaptive_weight 6.5488, d_loss 0.4007, logits_real 0.0547, logits_fake 0.0564,
Train Epoch: [13/30] Iters:[960/1093] gen_loss -0.2242, rec_loss 0.0108, lpips_loss 0.1322, g_loss -0.0561, disc_weight 0.4000, disc_adaptive_weight 6.5514, d_loss 0.4007, logits_real 0.0543, logits_fake 0.0559,
Train Epoch: [13/30] Iters:[970/1093] gen_loss -0.2317, rec_loss 0.0108, lpips_loss 0.1321, g_loss -0.0559, disc_weight 0.4000, disc_adaptive_weight 6.7054, d_loss 0.4007, logits_real 0.0541, logits_fake 0.0556,
Train Epoch: [13/30] Iters:[980/1093] gen_loss -0.2182, rec_loss 0.0108, lpips_loss 0.1320, g_loss -0.0554, disc_weight 0.4000, disc_adaptive_weight 6.5208, d_loss 0.4007, logits_real 0.0539, logits_fake 0.0551,
Train Epoch: [13/30] Iters:[990/1093] gen_loss -0.2180, rec_loss 0.0108, lpips_loss 0.1316, g_loss -0.0553, disc_weight 0.4000, disc_adaptive_weight 6.5359, d_loss 0.4006, logits_real 0.0536, logits_fake 0.0548,
Train Epoch: [13/30] Iters:[1000/1093] gen_loss -0.2281, rec_loss 0.0109, lpips_loss 0.1315, g_loss -0.0550, disc_weight 0.4000, disc_adaptive_weight 6.7402, d_loss 0.4006, logits_real 0.0534, logits_fake 0.0545,
Train Epoch: [13/30] Iters:[1010/1093] gen_loss -0.2241, rec_loss 0.0109, lpips_loss 0.1315, g_loss -0.0550, disc_weight 0.4000, disc_adaptive_weight 6.6725, d_loss 0.4007, logits_real 0.0530, logits_fake 0.0545,
Train Epoch: [13/30] Iters:[1020/1093] gen_loss -0.2219, rec_loss 0.0109, lpips_loss 0.1316, g_loss -0.0550, disc_weight 0.4000, disc_adaptive_weight 6.6319, d_loss 0.4007, logits_real 0.0531, logits_fake 0.0544,
Train Epoch: [13/30] Iters:[1030/1093] gen_loss -0.2413, rec_loss 0.0109, lpips_loss 0.1317, g_loss -0.0553, disc_weight 0.4000, disc_adaptive_weight 6.9482, d_loss 0.4008, logits_real 0.0529, logits_fake 0.0548,
Train Epoch: [13/30] Iters:[1040/1093] gen_loss -0.2446, rec_loss 0.0109, lpips_loss 0.1317, g_loss -0.0557, disc_weight 0.4000, disc_adaptive_weight 6.9431, d_loss 0.4009, logits_real 0.0529, logits_fake 0.0551,
Train Epoch: [13/30] Iters:[1050/1093] gen_loss -0.2449, rec_loss 0.0109, lpips_loss 0.1319, g_loss -0.0559, disc_weight 0.4000, disc_adaptive_weight 6.9359, d_loss 0.4008, logits_real 0.0532, logits_fake 0.0553,
Train Epoch: [13/30] Iters:[1060/1093] gen_loss -0.2653, rec_loss 0.0110, lpips_loss 0.1321, g_loss -0.0558, disc_weight 0.4000, disc_adaptive_weight 7.3386, d_loss 0.4008, logits_real 0.0535, logits_fake 0.0553,
Train Epoch: [13/30] Iters:[1070/1093] gen_loss -0.2593, rec_loss 0.0111, lpips_loss 0.1323, g_loss -0.0556, disc_weight 0.4000, disc_adaptive_weight 7.2650, d_loss 0.4008, logits_real 0.0534, logits_fake 0.0555,
Train Epoch: [13/30] Iters:[1080/1093] gen_loss -0.2696, rec_loss 0.0112, lpips_loss 0.1326, g_loss -0.0554, disc_weight 0.4000, disc_adaptive_weight 7.4905, d_loss 0.4008, logits_real 0.0536, logits_fake 0.0554,
Train Epoch: [13/30] Iters:[1090/1093] gen_loss -0.2706, rec_loss 0.0113, lpips_loss 0.1333, g_loss -0.0550, disc_weight 0.4000, disc_adaptive_weight 7.5769, d_loss 0.4008, logits_real 0.0536, logits_fake 0.0553,
epoch:14, cur_lr:0.000010
Train Epoch: [14/30] Iters:[10/1093] gen_loss -0.2350, rec_loss 0.0112, lpips_loss 0.1308, g_loss -0.0548, disc_weight 0.4000, disc_adaptive_weight 6.8848, d_loss 0.4010, logits_real 0.0525, logits_fake 0.0553,
Train Epoch: [14/30] Iters:[20/1093] gen_loss -0.2104, rec_loss 0.0114, lpips_loss 0.1320, g_loss -0.0554, disc_weight 0.4000, disc_adaptive_weight 6.3910, d_loss 0.4008, logits_real 0.0531, logits_fake 0.0552,
Train Epoch: [14/30] Iters:[30/1093] gen_loss -0.2136, rec_loss 0.0111, lpips_loss 0.1315, g_loss -0.0556, disc_weight 0.4000, disc_adaptive_weight 6.4128, d_loss 0.4008, logits_real 0.0534, logits_fake 0.0556,
Train Epoch: [14/30] Iters:[40/1093] gen_loss -0.2026, rec_loss 0.0110, lpips_loss 0.1313, g_loss -0.0555, disc_weight 0.4000, disc_adaptive_weight 6.2232, d_loss 0.4008, logits_real 0.0535, logits_fake 0.0554,
Train Epoch: [14/30] Iters:[50/1093] gen_loss -0.2191, rec_loss 0.0110, lpips_loss 0.1316, g_loss -0.0555, disc_weight 0.4000, disc_adaptive_weight 6.5209, d_loss 0.4008, logits_real 0.0535, logits_fake 0.0554,
Train Epoch: [14/30] Iters:[60/1093] gen_loss -0.2201, rec_loss 0.0110, lpips_loss 0.1317, g_loss -0.0556, disc_weight 0.4000, disc_adaptive_weight 6.5188, d_loss 0.4007, logits_real 0.0540, logits_fake 0.0556,
Train Epoch: [14/30] Iters:[70/1093] gen_loss -0.2460, rec_loss 0.0108, lpips_loss 0.1314, g_loss -0.0559, disc_weight 0.4000, disc_adaptive_weight 6.9467, d_loss 0.4008, logits_real 0.0542, logits_fake 0.0560,
Train Epoch: [14/30] Iters:[80/1093] gen_loss -0.2540, rec_loss 0.0110, lpips_loss 0.1319, g_loss -0.0560, disc_weight 0.4000, disc_adaptive_weight 7.0901, d_loss 0.4007, logits_real 0.0543, logits_fake 0.0560,
Train Epoch: [14/30] Iters:[90/1093] gen_loss -0.2768, rec_loss 0.0110, lpips_loss 0.1321, g_loss -0.0563, disc_weight 0.4000, disc_adaptive_weight 7.4739, d_loss 0.4007, logits_real 0.0546, logits_fake 0.0563,
Train Epoch: [14/30] Iters:[100/1093] gen_loss -0.2711, rec_loss 0.0110, lpips_loss 0.1318, g_loss -0.0566, disc_weight 0.4000, disc_adaptive_weight 7.3316, d_loss 0.4007, logits_real 0.0548, logits_fake 0.0564,
Train Epoch: [14/30] Iters:[110/1093] gen_loss -0.2591, rec_loss 0.0110, lpips_loss 0.1322, g_loss -0.0567, disc_weight 0.4000, disc_adaptive_weight 7.1144, d_loss 0.4007, logits_real 0.0552, logits_fake 0.0567,
Train Epoch: [14/30] Iters:[120/1093] gen_loss -0.2336, rec_loss 0.0110, lpips_loss 0.1320, g_loss -0.0566, disc_weight 0.4000, disc_adaptive_weight 6.6613, d_loss 0.4007, logits_real 0.0551, logits_fake 0.0567,
Train Epoch: [14/30] Iters:[130/1093] gen_loss -0.2195, rec_loss 0.0109, lpips_loss 0.1316, g_loss -0.0567, disc_weight 0.4000, disc_adaptive_weight 6.3822, d_loss 0.4008, logits_real 0.0551, logits_fake 0.0570,
Train Epoch: [14/30] Iters:[140/1093] gen_loss -0.2102, rec_loss 0.0109, lpips_loss 0.1318, g_loss -0.0566, disc_weight 0.4000, disc_adaptive_weight 6.2427, d_loss 0.4008, logits_real 0.0548, logits_fake 0.0568,
Train Epoch: [14/30] Iters:[150/1093] gen_loss -0.2162, rec_loss 0.0110, lpips_loss 0.1320, g_loss -0.0562, disc_weight 0.4000, disc_adaptive_weight 6.4080, d_loss 0.4009, logits_real 0.0544, logits_fake 0.0567,
Train Epoch: [14/30] Iters:[160/1093] gen_loss -0.2312, rec_loss 0.0108, lpips_loss 0.1315, g_loss -0.0560, disc_weight 0.4000, disc_adaptive_weight 6.6838, d_loss 0.4009, logits_real 0.0539, logits_fake 0.0561,
Train Epoch: [14/30] Iters:[170/1093] gen_loss -0.2433, rec_loss 0.0111, lpips_loss 0.1321, g_loss -0.0559, disc_weight 0.4000, disc_adaptive_weight 6.9200, d_loss 0.4008, logits_real 0.0538, logits_fake 0.0560,
Train Epoch: [14/30] Iters:[180/1093] gen_loss -0.2652, rec_loss 0.0111, lpips_loss 0.1327, g_loss -0.0560, disc_weight 0.4000, disc_adaptive_weight 7.3122, d_loss 0.4008, logits_real 0.0539, logits_fake 0.0560,
Train Epoch: [14/30] Iters:[190/1093] gen_loss -0.2723, rec_loss 0.0110, lpips_loss 0.1322, g_loss -0.0563, disc_weight 0.4000, disc_adaptive_weight 7.3872, d_loss 0.4008, logits_real 0.0543, logits_fake 0.0563,
Train Epoch: [14/30] Iters:[200/1093] gen_loss -0.2594, rec_loss 0.0109, lpips_loss 0.1324, g_loss -0.0569, disc_weight 0.4000, disc_adaptive_weight 7.0841, d_loss 0.4008, logits_real 0.0548, logits_fake 0.0568,
Train Epoch: [14/30] Iters:[210/1093] gen_loss -0.2524, rec_loss 0.0109, lpips_loss 0.1325, g_loss -0.0574, disc_weight 0.4000, disc_adaptive_weight 6.8947, d_loss 0.4008, logits_real 0.0553, logits_fake 0.0573,
Train Epoch: [14/30] Iters:[220/1093] gen_loss -0.2689, rec_loss 0.0107, lpips_loss 0.1321, g_loss -0.0578, disc_weight 0.4000, disc_adaptive_weight 7.1281, d_loss 0.4008, logits_real 0.0558, logits_fake 0.0578,
Train Epoch: [14/30] Iters:[230/1093] gen_loss -0.2910, rec_loss 0.0107, lpips_loss 0.1322, g_loss -0.0580, disc_weight 0.4000, disc_adaptive_weight 7.4734, d_loss 0.4008, logits_real 0.0562, logits_fake 0.0580,
Train Epoch: [14/30] Iters:[240/1093] gen_loss -0.2842, rec_loss 0.0107, lpips_loss 0.1324, g_loss -0.0583, disc_weight 0.4000, disc_adaptive_weight 7.3267, d_loss 0.4007, logits_real 0.0563, logits_fake 0.0581,
Train Epoch: [14/30] Iters:[250/1093] gen_loss -0.2847, rec_loss 0.0108, lpips_loss 0.1319, g_loss -0.0583, disc_weight 0.4000, disc_adaptive_weight 7.3336, d_loss 0.4007, logits_real 0.0564, logits_fake 0.0581,
Train Epoch: [14/30] Iters:[260/1093] gen_loss -0.2786, rec_loss 0.0108, lpips_loss 0.1316, g_loss -0.0580, disc_weight 0.4000, disc_adaptive_weight 7.2494, d_loss 0.4007, logits_real 0.0562, logits_fake 0.0579,
Train Epoch: [14/30] Iters:[270/1093] gen_loss -0.2640, rec_loss 0.0108, lpips_loss 0.1310, g_loss -0.0578, disc_weight 0.4000, disc_adaptive_weight 7.0118, d_loss 0.4007, logits_real 0.0558, logits_fake 0.0575,
Train Epoch: [14/30] Iters:[280/1093] gen_loss -0.2340, rec_loss 0.0108, lpips_loss 0.1308, g_loss -0.0576, disc_weight 0.4000, disc_adaptive_weight 6.5241, d_loss 0.4008, logits_real 0.0553, logits_fake 0.0571,
Train Epoch: [14/30] Iters:[290/1093] gen_loss -0.2338, rec_loss 0.0108, lpips_loss 0.1306, g_loss -0.0571, disc_weight 0.4000, disc_adaptive_weight 6.5793, d_loss 0.4007, logits_real 0.0548, logits_fake 0.0565,
Train Epoch: [14/30] Iters:[300/1093] gen_loss -0.2423, rec_loss 0.0109, lpips_loss 0.1309, g_loss -0.0568, disc_weight 0.4000, disc_adaptive_weight 6.7760, d_loss 0.4008, logits_real 0.0545, logits_fake 0.0564,
Train Epoch: [14/30] Iters:[310/1093] gen_loss -0.2543, rec_loss 0.0110, lpips_loss 0.1313, g_loss -0.0568, disc_weight 0.4000, disc_adaptive_weight 6.9980, d_loss 0.4008, logits_real 0.0545, logits_fake 0.0564,
Train Epoch: [14/30] Iters:[320/1093] gen_loss -0.2519, rec_loss 0.0111, lpips_loss 0.1318, g_loss -0.0568, disc_weight 0.4000, disc_adaptive_weight 6.9623, d_loss 0.4008, logits_real 0.0546, logits_fake 0.0565,
Train Epoch: [14/30] Iters:[330/1093] gen_loss -0.2459, rec_loss 0.0110, lpips_loss 0.1319, g_loss -0.0568, disc_weight 0.4000, disc_adaptive_weight 6.8579, d_loss 0.4008, logits_real 0.0546, logits_fake 0.0566,
Train Epoch: [14/30] Iters:[340/1093] gen_loss -0.2454, rec_loss 0.0110, lpips_loss 0.1320, g_loss -0.0570, disc_weight 0.4000, disc_adaptive_weight 6.8263, d_loss 0.4008, logits_real 0.0549, logits_fake 0.0570,
Train Epoch: [14/30] Iters:[350/1093] gen_loss -0.2386, rec_loss 0.0111, lpips_loss 0.1322, g_loss -0.0571, disc_weight 0.4000, disc_adaptive_weight 6.6928, d_loss 0.4008, logits_real 0.0551, logits_fake 0.0570,
Train Epoch: [14/30] Iters:[360/1093] gen_loss -0.2351, rec_loss 0.0111, lpips_loss 0.1325, g_loss -0.0569, disc_weight 0.4000, disc_adaptive_weight 6.6564, d_loss 0.4008, logits_real 0.0551, logits_fake 0.0570,
Train Epoch: [14/30] Iters:[370/1093] gen_loss -0.2247, rec_loss 0.0111, lpips_loss 0.1324, g_loss -0.0565, disc_weight 0.4000, disc_adaptive_weight 6.5145, d_loss 0.4008, logits_real 0.0547, logits_fake 0.0567,
Train Epoch: [14/30] Iters:[380/1093] gen_loss -0.2337, rec_loss 0.0111, lpips_loss 0.1321, g_loss -0.0561, disc_weight 0.4000, disc_adaptive_weight 6.7165, d_loss 0.4007, logits_real 0.0546, logits_fake 0.0564,
Train Epoch: [14/30] Iters:[390/1093] gen_loss -0.2411, rec_loss 0.0111, lpips_loss 0.1324, g_loss -0.0559, disc_weight 0.4000, disc_adaptive_weight 6.8768, d_loss 0.4008, logits_real 0.0544, logits_fake 0.0563,
Train Epoch: [14/30] Iters:[400/1093] gen_loss -0.2595, rec_loss 0.0111, lpips_loss 0.1321, g_loss -0.0560, disc_weight 0.4000, disc_adaptive_weight 7.1873, d_loss 0.4008, logits_real 0.0545, logits_fake 0.0564,
Train Epoch: [14/30] Iters:[410/1093] gen_loss -0.2827, rec_loss 0.0111, lpips_loss 0.1320, g_loss -0.0564, disc_weight 0.4000, disc_adaptive_weight 7.5388, d_loss 0.4008, logits_real 0.0547, logits_fake 0.0567,
Train Epoch: [14/30] Iters:[420/1093] gen_loss -0.2868, rec_loss 0.0111, lpips_loss 0.1319, g_loss -0.0568, disc_weight 0.4000, disc_adaptive_weight 7.5602, d_loss 0.4008, logits_real 0.0551, logits_fake 0.0570,
Train Epoch: [14/30] Iters:[430/1093] gen_loss -0.2698, rec_loss 0.0110, lpips_loss 0.1320, g_loss -0.0570, disc_weight 0.4000, disc_adaptive_weight 7.2347, d_loss 0.4008, logits_real 0.0552, logits_fake 0.0571,
Train Epoch: [14/30] Iters:[440/1093] gen_loss -0.2611, rec_loss 0.0110, lpips_loss 0.1323, g_loss -0.0571, disc_weight 0.4000, disc_adaptive_weight 7.0772, d_loss 0.4008, logits_real 0.0552, logits_fake 0.0570,
Train Epoch: [14/30] Iters:[450/1093] gen_loss -0.2389, rec_loss 0.0111, lpips_loss 0.1324, g_loss -0.0569, disc_weight 0.4000, disc_adaptive_weight 6.7145, d_loss 0.4008, logits_real 0.0550, logits_fake 0.0568,
Train Epoch: [14/30] Iters:[460/1093] gen_loss -0.2065, rec_loss 0.0111, lpips_loss 0.1325, g_loss -0.0566, disc_weight 0.4000, disc_adaptive_weight 6.1876, d_loss 0.4007, logits_real 0.0547, logits_fake 0.0565,
Train Epoch: [14/30] Iters:[470/1093] gen_loss -0.2077, rec_loss 0.0112, lpips_loss 0.1325, g_loss -0.0564, disc_weight 0.4000, disc_adaptive_weight 6.2313, d_loss 0.4007, logits_real 0.0545, logits_fake 0.0562,
Train Epoch: [14/30] Iters:[480/1093] gen_loss -0.2132, rec_loss 0.0112, lpips_loss 0.1325, g_loss -0.0564, disc_weight 0.4000, disc_adaptive_weight 6.3194, d_loss 0.4007, logits_real 0.0546, logits_fake 0.0563,
Train Epoch: [14/30] Iters:[490/1093] gen_loss -0.2200, rec_loss 0.0112, lpips_loss 0.1320, g_loss -0.0567, disc_weight 0.4000, disc_adaptive_weight 6.3969, d_loss 0.4007, logits_real 0.0549, logits_fake 0.0567,
Train Epoch: [14/30] Iters:[500/1093] gen_loss -0.2234, rec_loss 0.0111, lpips_loss 0.1312, g_loss -0.0572, disc_weight 0.4000, disc_adaptive_weight 6.3881, d_loss 0.4007, logits_real 0.0553, logits_fake 0.0570,
Train Epoch: [14/30] Iters:[510/1093] gen_loss -0.2329, rec_loss 0.0112, lpips_loss 0.1312, g_loss -0.0577, disc_weight 0.4000, disc_adaptive_weight 6.5032, d_loss 0.4008, logits_real 0.0558, logits_fake 0.0577,
Train Epoch: [14/30] Iters:[520/1093] gen_loss -0.2376, rec_loss 0.0112, lpips_loss 0.1319, g_loss -0.0580, disc_weight 0.4000, disc_adaptive_weight 6.5627, d_loss 0.4008, logits_real 0.0563, logits_fake 0.0582,
Train Epoch: [14/30] Iters:[530/1093] gen_loss -0.2394, rec_loss 0.0113, lpips_loss 0.1320, g_loss -0.0583, disc_weight 0.4000, disc_adaptive_weight 6.5651, d_loss 0.4008, logits_real 0.0566, logits_fake 0.0584,
Train Epoch: [14/30] Iters:[540/1093] gen_loss -0.2230, rec_loss 0.0111, lpips_loss 0.1323, g_loss -0.0584, disc_weight 0.4000, disc_adaptive_weight 6.2745, d_loss 0.4007, logits_real 0.0567, logits_fake 0.0585,
Train Epoch: [14/30] Iters:[550/1093] gen_loss -0.2157, rec_loss 0.0111, lpips_loss 0.1324, g_loss -0.0583, disc_weight 0.4000, disc_adaptive_weight 6.1586, d_loss 0.4007, logits_real 0.0566, logits_fake 0.0584,
Train Epoch: [14/30] Iters:[560/1093] gen_loss -0.2141, rec_loss 0.0108, lpips_loss 0.1322, g_loss -0.0581, disc_weight 0.4000, disc_adaptive_weight 6.1461, d_loss 0.4007, logits_real 0.0564, logits_fake 0.0581,
Train Epoch: [14/30] Iters:[570/1093] gen_loss -0.2167, rec_loss 0.0108, lpips_loss 0.1321, g_loss -0.0581, disc_weight 0.4000, disc_adaptive_weight 6.1850, d_loss 0.4007, logits_real 0.0563, logits_fake 0.0579,
Train Epoch: [14/30] Iters:[580/1093] gen_loss -0.2141, rec_loss 0.0108, lpips_loss 0.1320, g_loss -0.0582, disc_weight 0.4000, disc_adaptive_weight 6.1327, d_loss 0.4007, logits_real 0.0563, logits_fake 0.0580,
Train Epoch: [14/30] Iters:[590/1093] gen_loss -0.2236, rec_loss 0.0109, lpips_loss 0.1316, g_loss -0.0582, disc_weight 0.4000, disc_adaptive_weight 6.2872, d_loss 0.4007, logits_real 0.0564, logits_fake 0.0581,
Train Epoch: [14/30] Iters:[600/1093] gen_loss -0.2333, rec_loss 0.0109, lpips_loss 0.1322, g_loss -0.0584, disc_weight 0.4000, disc_adaptive_weight 6.4453, d_loss 0.4007, logits_real 0.0565, logits_fake 0.0583,
Train Epoch: [14/30] Iters:[610/1093] gen_loss -0.2606, rec_loss 0.0111, lpips_loss 0.1323, g_loss -0.0586, disc_weight 0.4000, disc_adaptive_weight 6.8987, d_loss 0.4007, logits_real 0.0567, logits_fake 0.0585,
Train Epoch: [14/30] Iters:[620/1093] gen_loss -0.2638, rec_loss 0.0111, lpips_loss 0.1318, g_loss -0.0586, disc_weight 0.4000, disc_adaptive_weight 6.9411, d_loss 0.4007, logits_real 0.0568, logits_fake 0.0585,
Train Epoch: [14/30] Iters:[630/1093] gen_loss -0.2679, rec_loss 0.0112, lpips_loss 0.1317, g_loss -0.0585, disc_weight 0.4000, disc_adaptive_weight 7.0247, d_loss 0.4007, logits_real 0.0566, logits_fake 0.0584,
Train Epoch: [14/30] Iters:[640/1093] gen_loss -0.2729, rec_loss 0.0111, lpips_loss 0.1317, g_loss -0.0583, disc_weight 0.4000, disc_adaptive_weight 7.1256, d_loss 0.4007, logits_real 0.0565, logits_fake 0.0583,
Train Epoch: [14/30] Iters:[650/1093] gen_loss -0.2736, rec_loss 0.0111, lpips_loss 0.1318, g_loss -0.0581, disc_weight 0.4000, disc_adaptive_weight 7.1715, d_loss 0.4007, logits_real 0.0564, logits_fake 0.0582,
Train Epoch: [14/30] Iters:[660/1093] gen_loss -0.2444, rec_loss 0.0111, lpips_loss 0.1317, g_loss -0.0578, disc_weight 0.4000, disc_adaptive_weight 6.6995, d_loss 0.4007, logits_real 0.0561, logits_fake 0.0579,
Train Epoch: [14/30] Iters:[670/1093] gen_loss -0.2351, rec_loss 0.0110, lpips_loss 0.1317, g_loss -0.0576, disc_weight 0.4000, disc_adaptive_weight 6.5573, d_loss 0.4007, logits_real 0.0559, logits_fake 0.0576,
Train Epoch: [14/30] Iters:[680/1093] gen_loss -0.2358, rec_loss 0.0109, lpips_loss 0.1321, g_loss -0.0577, disc_weight 0.4000, disc_adaptive_weight 6.5614, d_loss 0.4007, logits_real 0.0559, logits_fake 0.0576,
Train Epoch: [14/30] Iters:[690/1093] gen_loss -0.2278, rec_loss 0.0111, lpips_loss 0.1326, g_loss -0.0578, disc_weight 0.4000, disc_adaptive_weight 6.4285, d_loss 0.4007, logits_real 0.0559, logits_fake 0.0576,
Train Epoch: [14/30] Iters:[700/1093] gen_loss -0.2162, rec_loss 0.0110, lpips_loss 0.1321, g_loss -0.0576, disc_weight 0.4000, disc_adaptive_weight 6.2342, d_loss 0.4007, logits_real 0.0556, logits_fake 0.0573,
Train Epoch: [14/30] Iters:[710/1093] gen_loss -0.2021, rec_loss 0.0109, lpips_loss 0.1317, g_loss -0.0574, disc_weight 0.4000, disc_adaptive_weight 5.9970, d_loss 0.4007, logits_real 0.0555, logits_fake 0.0571,
Train Epoch: [14/30] Iters:[720/1093] gen_loss -0.2036, rec_loss 0.0109, lpips_loss 0.1315, g_loss -0.0571, disc_weight 0.4000, disc_adaptive_weight 6.0530, d_loss 0.4007, logits_real 0.0553, logits_fake 0.0570,
Train Epoch: [14/30] Iters:[730/1093] gen_loss -0.1981, rec_loss 0.0107, lpips_loss 0.1307, g_loss -0.0567, disc_weight 0.4000, disc_adaptive_weight 5.9918, d_loss 0.4007, logits_real 0.0550, logits_fake 0.0566,
Train Epoch: [14/30] Iters:[740/1093] gen_loss -0.1989, rec_loss 0.0106, lpips_loss 0.1300, g_loss -0.0563, disc_weight 0.4000, disc_adaptive_weight 6.0352, d_loss 0.4007, logits_real 0.0546, logits_fake 0.0562,
Train Epoch: [14/30] Iters:[750/1093] gen_loss -0.1827, rec_loss 0.0106, lpips_loss 0.1302, g_loss -0.0559, disc_weight 0.4000, disc_adaptive_weight 5.7747, d_loss 0.4007, logits_real 0.0542, logits_fake 0.0558,
Train Epoch: [14/30] Iters:[760/1093] gen_loss -0.2033, rec_loss 0.0105, lpips_loss 0.1300, g_loss -0.0557, disc_weight 0.4000, disc_adaptive_weight 6.1673, d_loss 0.4007, logits_real 0.0539, logits_fake 0.0556,
Train Epoch: [14/30] Iters:[770/1093] gen_loss -0.2087, rec_loss 0.0105, lpips_loss 0.1299, g_loss -0.0555, disc_weight 0.4000, disc_adaptive_weight 6.2784, d_loss 0.4007, logits_real 0.0539, logits_fake 0.0555,
Train Epoch: [14/30] Iters:[780/1093] gen_loss -0.2009, rec_loss 0.0107, lpips_loss 0.1307, g_loss -0.0555, disc_weight 0.4000, disc_adaptive_weight 6.1603, d_loss 0.4007, logits_real 0.0539, logits_fake 0.0556,
Train Epoch: [14/30] Iters:[790/1093] gen_loss -0.2000, rec_loss 0.0107, lpips_loss 0.1313, g_loss -0.0556, disc_weight 0.4000, disc_adaptive_weight 6.1505, d_loss 0.4007, logits_real 0.0541, logits_fake 0.0557,
Train Epoch: [14/30] Iters:[800/1093] gen_loss -0.2223, rec_loss 0.0109, lpips_loss 0.1316, g_loss -0.0557, disc_weight 0.4000, disc_adaptive_weight 6.5473, d_loss 0.4007, logits_real 0.0542, logits_fake 0.0560,
Train Epoch: [14/30] Iters:[810/1093] gen_loss -0.2298, rec_loss 0.0111, lpips_loss 0.1322, g_loss -0.0559, disc_weight 0.4000, disc_adaptive_weight 6.6769, d_loss 0.4008, logits_real 0.0544, logits_fake 0.0563,
Train Epoch: [14/30] Iters:[820/1093] gen_loss -0.2387, rec_loss 0.0113, lpips_loss 0.1328, g_loss -0.0561, disc_weight 0.4000, disc_adaptive_weight 6.8238, d_loss 0.4008, logits_real 0.0546, logits_fake 0.0565,
Train Epoch: [14/30] Iters:[830/1093] gen_loss -0.2581, rec_loss 0.0112, lpips_loss 0.1322, g_loss -0.0563, disc_weight 0.4000, disc_adaptive_weight 7.1194, d_loss 0.4007, logits_real 0.0548, logits_fake 0.0566,
Train Epoch: [14/30] Iters:[840/1093] gen_loss -0.2668, rec_loss 0.0112, lpips_loss 0.1321, g_loss -0.0566, disc_weight 0.4000, disc_adaptive_weight 7.2427, d_loss 0.4007, logits_real 0.0548, logits_fake 0.0567,
Train Epoch: [14/30] Iters:[850/1093] gen_loss -0.2641, rec_loss 0.0111, lpips_loss 0.1318, g_loss -0.0569, disc_weight 0.4000, disc_adaptive_weight 7.1581, d_loss 0.4007, logits_real 0.0551, logits_fake 0.0569,
Train Epoch: [14/30] Iters:[860/1093] gen_loss -0.2630, rec_loss 0.0109, lpips_loss 0.1315, g_loss -0.0570, disc_weight 0.4000, disc_adaptive_weight 7.1186, d_loss 0.4007, logits_real 0.0551, logits_fake 0.0568,
Train Epoch: [14/30] Iters:[870/1093] gen_loss -0.2445, rec_loss 0.0109, lpips_loss 0.1316, g_loss -0.0568, disc_weight 0.4000, disc_adaptive_weight 6.8115, d_loss 0.4007, logits_real 0.0549, logits_fake 0.0567,
Train Epoch: [14/30] Iters:[880/1093] gen_loss -0.2594, rec_loss 0.0109, lpips_loss 0.1315, g_loss -0.0562, disc_weight 0.4000, disc_adaptive_weight 7.1591, d_loss 0.4007, logits_real 0.0544, logits_fake 0.0562,
Train Epoch: [14/30] Iters:[890/1093] gen_loss -0.2594, rec_loss 0.0108, lpips_loss 0.1311, g_loss -0.0558, disc_weight 0.4000, disc_adaptive_weight 7.1961, d_loss 0.4007, logits_real 0.0541, logits_fake 0.0559,
Train Epoch: [14/30] Iters:[900/1093] gen_loss -0.2855, rec_loss 0.0109, lpips_loss 0.1316, g_loss -0.0557, disc_weight 0.4000, disc_adaptive_weight 7.6802, d_loss 0.4008, logits_real 0.0538, logits_fake 0.0558,
Train Epoch: [14/30] Iters:[910/1093] gen_loss -0.2780, rec_loss 0.0109, lpips_loss 0.1319, g_loss -0.0557, disc_weight 0.4000, disc_adaptive_weight 7.5449, d_loss 0.4008, logits_real 0.0539, logits_fake 0.0558,
Train Epoch: [14/30] Iters:[920/1093] gen_loss -0.2801, rec_loss 0.0110, lpips_loss 0.1318, g_loss -0.0560, disc_weight 0.4000, disc_adaptive_weight 7.5625, d_loss 0.4007, logits_real 0.0541, logits_fake 0.0559,
Train Epoch: [14/30] Iters:[930/1093] gen_loss -0.2598, rec_loss 0.0112, lpips_loss 0.1325, g_loss -0.0563, disc_weight 0.4000, disc_adaptive_weight 7.1633, d_loss 0.4007, logits_real 0.0545, logits_fake 0.0563,
Train Epoch: [14/30] Iters:[940/1093] gen_loss -0.2651, rec_loss 0.0112, lpips_loss 0.1325, g_loss -0.0565, disc_weight 0.4000, disc_adaptive_weight 7.2426, d_loss 0.4007, logits_real 0.0547, logits_fake 0.0564,
Train Epoch: [14/30] Iters:[950/1093] gen_loss -0.2488, rec_loss 0.0111, lpips_loss 0.1320, g_loss -0.0565, disc_weight 0.4000, disc_adaptive_weight 6.9417, d_loss 0.4007, logits_real 0.0549, logits_fake 0.0565,
Train Epoch: [14/30] Iters:[960/1093] gen_loss -0.2679, rec_loss 0.0111, lpips_loss 0.1323, g_loss -0.0565, disc_weight 0.4000, disc_adaptive_weight 7.2828, d_loss 0.4007, logits_real 0.0550, logits_fake 0.0567,
Train Epoch: [14/30] Iters:[970/1093] gen_loss -0.2752, rec_loss 0.0112, lpips_loss 0.1324, g_loss -0.0565, disc_weight 0.4000, disc_adaptive_weight 7.4146, d_loss 0.4007, logits_real 0.0550, logits_fake 0.0566,
Train Epoch: [14/30] Iters:[980/1093] gen_loss -0.2906, rec_loss 0.0111, lpips_loss 0.1320, g_loss -0.0564, disc_weight 0.4000, disc_adaptive_weight 7.6964, d_loss 0.4007, logits_real 0.0548, logits_fake 0.0564,
Train Epoch: [14/30] Iters:[990/1093] gen_loss -0.2870, rec_loss 0.0112, lpips_loss 0.1324, g_loss -0.0563, disc_weight 0.4000, disc_adaptive_weight 7.6518, d_loss 0.4007, logits_real 0.0548, logits_fake 0.0563,
Train Epoch: [14/30] Iters:[1000/1093] gen_loss -0.2788, rec_loss 0.0112, lpips_loss 0.1330, g_loss -0.0564, disc_weight 0.4000, disc_adaptive_weight 7.5104, d_loss 0.4006, logits_real 0.0550, logits_fake 0.0560,
Train Epoch: [14/30] Iters:[1010/1093] gen_loss -0.2563, rec_loss 0.0111, lpips_loss 0.1323, g_loss -0.0561, disc_weight 0.4000, disc_adaptive_weight 7.1283, d_loss 0.4006, logits_real 0.0548, logits_fake 0.0558,
Train Epoch: [14/30] Iters:[1020/1093] gen_loss -0.2622, rec_loss 0.0108, lpips_loss 0.1316, g_loss -0.0565, disc_weight 0.4000, disc_adaptive_weight 7.1718, d_loss 0.4006, logits_real 0.0549, logits_fake 0.0560,
Train Epoch: [14/30] Iters:[1030/1093] gen_loss -0.2359, rec_loss 0.0109, lpips_loss 0.1315, g_loss -0.0566, disc_weight 0.4000, disc_adaptive_weight 6.6881, d_loss 0.4006, logits_real 0.0551, logits_fake 0.0563,
Train Epoch: [14/30] Iters:[1040/1093] gen_loss -0.2268, rec_loss 0.0109, lpips_loss 0.1313, g_loss -0.0566, disc_weight 0.4000, disc_adaptive_weight 6.5149, d_loss 0.4007, logits_real 0.0549, logits_fake 0.0564,
Train Epoch: [14/30] Iters:[1050/1093] gen_loss -0.2281, rec_loss 0.0110, lpips_loss 0.1310, g_loss -0.0566, disc_weight 0.4000, disc_adaptive_weight 6.5362, d_loss 0.4008, logits_real 0.0549, logits_fake 0.0567,
Train Epoch: [14/30] Iters:[1060/1093] gen_loss -0.2182, rec_loss 0.0109, lpips_loss 0.1313, g_loss -0.0570, disc_weight 0.4000, disc_adaptive_weight 6.3268, d_loss 0.4008, logits_real 0.0550, logits_fake 0.0569,
Train Epoch: [14/30] Iters:[1070/1093] gen_loss -0.2062, rec_loss 0.0111, lpips_loss 0.1315, g_loss -0.0565, disc_weight 0.4000, disc_adaptive_weight 6.1821, d_loss 0.4008, logits_real 0.0547, logits_fake 0.0566,
Train Epoch: [14/30] Iters:[1080/1093] gen_loss -0.2210, rec_loss 0.0112, lpips_loss 0.1316, g_loss -0.0566, disc_weight 0.4000, disc_adaptive_weight 6.4346, d_loss 0.4007, logits_real 0.0548, logits_fake 0.0564,
Train Epoch: [14/30] Iters:[1090/1093] gen_loss -0.2354, rec_loss 0.0111, lpips_loss 0.1319, g_loss -0.0568, disc_weight 0.4000, disc_adaptive_weight 6.6639, d_loss 0.4007, logits_real 0.0552, logits_fake 0.0565,
epoch:15, cur_lr:0.000010
Train Epoch: [15/30] Iters:[10/1093] gen_loss -0.2227, rec_loss 0.0112, lpips_loss 0.1314, g_loss -0.0576, disc_weight 0.4000, disc_adaptive_weight 6.3487, d_loss 0.4005, logits_real 0.0561, logits_fake 0.0566,
Train Epoch: [15/30] Iters:[20/1093] gen_loss -0.2398, rec_loss 0.0110, lpips_loss 0.1301, g_loss -0.0568, disc_weight 0.4000, disc_adaptive_weight 6.7035, d_loss 0.4006, logits_real 0.0547, logits_fake 0.0558,
Train Epoch: [15/30] Iters:[30/1093] gen_loss -0.2224, rec_loss 0.0110, lpips_loss 0.1303, g_loss -0.0569, disc_weight 0.4000, disc_adaptive_weight 6.3862, d_loss 0.4006, logits_real 0.0548, logits_fake 0.0558,
Train Epoch: [15/30] Iters:[40/1093] gen_loss -0.2200, rec_loss 0.0110, lpips_loss 0.1307, g_loss -0.0568, disc_weight 0.4000, disc_adaptive_weight 6.3636, d_loss 0.4007, logits_real 0.0546, logits_fake 0.0560,
Train Epoch: [15/30] Iters:[50/1093] gen_loss -0.2232, rec_loss 0.0110, lpips_loss 0.1309, g_loss -0.0567, disc_weight 0.4000, disc_adaptive_weight 6.4349, d_loss 0.4007, logits_real 0.0546, logits_fake 0.0560,
Train Epoch: [15/30] Iters:[60/1093] gen_loss -0.2222, rec_loss 0.0110, lpips_loss 0.1312, g_loss -0.0564, disc_weight 0.4000, disc_adaptive_weight 6.4608, d_loss 0.4007, logits_real 0.0543, logits_fake 0.0559,
Train Epoch: [15/30] Iters:[70/1093] gen_loss -0.2103, rec_loss 0.0110, lpips_loss 0.1317, g_loss -0.0562, disc_weight 0.4000, disc_adaptive_weight 6.2853, d_loss 0.4007, logits_real 0.0545, logits_fake 0.0559,
Train Epoch: [15/30] Iters:[80/1093] gen_loss -0.2105, rec_loss 0.0110, lpips_loss 0.1316, g_loss -0.0557, disc_weight 0.4000, disc_adaptive_weight 6.3506, d_loss 0.4007, logits_real 0.0543, logits_fake 0.0560,
Train Epoch: [15/30] Iters:[90/1093] gen_loss -0.2148, rec_loss 0.0108, lpips_loss 0.1310, g_loss -0.0557, disc_weight 0.4000, disc_adaptive_weight 6.4163, d_loss 0.4007, logits_real 0.0542, logits_fake 0.0559,
Train Epoch: [15/30] Iters:[100/1093] gen_loss -0.2008, rec_loss 0.0108, lpips_loss 0.1309, g_loss -0.0556, disc_weight 0.4000, disc_adaptive_weight 6.1810, d_loss 0.4008, logits_real 0.0540, logits_fake 0.0559,
Train Epoch: [15/30] Iters:[110/1093] gen_loss -0.2059, rec_loss 0.0107, lpips_loss 0.1302, g_loss -0.0555, disc_weight 0.4000, disc_adaptive_weight 6.2692, d_loss 0.4008, logits_real 0.0538, logits_fake 0.0558,
Train Epoch: [15/30] Iters:[120/1093] gen_loss -0.2110, rec_loss 0.0107, lpips_loss 0.1303, g_loss -0.0556, disc_weight 0.4000, disc_adaptive_weight 6.3533, d_loss 0.4008, logits_real 0.0536, logits_fake 0.0560,
Train Epoch: [15/30] Iters:[130/1093] gen_loss -0.2132, rec_loss 0.0107, lpips_loss 0.1306, g_loss -0.0556, disc_weight 0.4000, disc_adaptive_weight 6.3875, d_loss 0.4008, logits_real 0.0534, logits_fake 0.0557,
Train Epoch: [15/30] Iters:[140/1093] gen_loss -0.2241, rec_loss 0.0109, lpips_loss 0.1312, g_loss -0.0552, disc_weight 0.4000, disc_adaptive_weight 6.6537, d_loss 0.4008, logits_real 0.0532, logits_fake 0.0553,
Train Epoch: [15/30] Iters:[150/1093] gen_loss -0.2459, rec_loss 0.0109, lpips_loss 0.1309, g_loss -0.0551, disc_weight 0.4000, disc_adaptive_weight 7.0556, d_loss 0.4007, logits_real 0.0532, logits_fake 0.0550,
Train Epoch: [15/30] Iters:[160/1093] gen_loss -0.2372, rec_loss 0.0110, lpips_loss 0.1312, g_loss -0.0550, disc_weight 0.4000, disc_adaptive_weight 6.9186, d_loss 0.4007, logits_real 0.0530, logits_fake 0.0549,
Train Epoch: [15/30] Iters:[170/1093] gen_loss -0.2336, rec_loss 0.0111, lpips_loss 0.1314, g_loss -0.0549, disc_weight 0.4000, disc_adaptive_weight 6.8641, d_loss 0.4007, logits_real 0.0529, logits_fake 0.0547,
Train Epoch: [15/30] Iters:[180/1093] gen_loss -0.2344, rec_loss 0.0113, lpips_loss 0.1317, g_loss -0.0548, disc_weight 0.4000, disc_adaptive_weight 6.8907, d_loss 0.4007, logits_real 0.0529, logits_fake 0.0546,
Train Epoch: [15/30] Iters:[190/1093] gen_loss -0.2262, rec_loss 0.0113, lpips_loss 0.1319, g_loss -0.0547, disc_weight 0.4000, disc_adaptive_weight 6.7495, d_loss 0.4007, logits_real 0.0528, logits_fake 0.0546,
Train Epoch: [15/30] Iters:[200/1093] gen_loss -0.2227, rec_loss 0.0113, lpips_loss 0.1325, g_loss -0.0544, disc_weight 0.4000, disc_adaptive_weight 6.7384, d_loss 0.4007, logits_real 0.0525, logits_fake 0.0544,
Train Epoch: [15/30] Iters:[210/1093] gen_loss -0.2320, rec_loss 0.0114, lpips_loss 0.1330, g_loss -0.0541, disc_weight 0.4000, disc_adaptive_weight 6.9603, d_loss 0.4007, logits_real 0.0523, logits_fake 0.0542,
Train Epoch: [15/30] Iters:[220/1093] gen_loss -0.2472, rec_loss 0.0114, lpips_loss 0.1336, g_loss -0.0537, disc_weight 0.4000, disc_adaptive_weight 7.3011, d_loss 0.4007, logits_real 0.0520, logits_fake 0.0539,
Train Epoch: [15/30] Iters:[230/1093] gen_loss -0.2491, rec_loss 0.0114, lpips_loss 0.1338, g_loss -0.0536, disc_weight 0.4000, disc_adaptive_weight 7.3558, d_loss 0.4007, logits_real 0.0519, logits_fake 0.0537,
Train Epoch: [15/30] Iters:[240/1093] gen_loss -0.2402, rec_loss 0.0113, lpips_loss 0.1337, g_loss -0.0537, disc_weight 0.4000, disc_adaptive_weight 7.1854, d_loss 0.4007, logits_real 0.0520, logits_fake 0.0537,
Train Epoch: [15/30] Iters:[250/1093] gen_loss -0.2294, rec_loss 0.0112, lpips_loss 0.1333, g_loss -0.0538, disc_weight 0.4000, disc_adaptive_weight 6.9536, d_loss 0.4007, logits_real 0.0521, logits_fake 0.0538,
Train Epoch: [15/30] Iters:[260/1093] gen_loss -0.2264, rec_loss 0.0111, lpips_loss 0.1328, g_loss -0.0540, disc_weight 0.4000, disc_adaptive_weight 6.8608, d_loss 0.4007, logits_real 0.0522, logits_fake 0.0540,
Train Epoch: [15/30] Iters:[270/1093] gen_loss -0.2097, rec_loss 0.0110, lpips_loss 0.1324, g_loss -0.0545, disc_weight 0.4000, disc_adaptive_weight 6.4774, d_loss 0.4007, logits_real 0.0526, logits_fake 0.0544,
Train Epoch: [15/30] Iters:[280/1093] gen_loss -0.2286, rec_loss 0.0109, lpips_loss 0.1322, g_loss -0.0549, disc_weight 0.4000, disc_adaptive_weight 6.7640, d_loss 0.4007, logits_real 0.0531, logits_fake 0.0549,
Train Epoch: [15/30] Iters:[290/1093] gen_loss -0.2260, rec_loss 0.0110, lpips_loss 0.1323, g_loss -0.0551, disc_weight 0.4000, disc_adaptive_weight 6.6910, d_loss 0.4007, logits_real 0.0533, logits_fake 0.0552,
Train Epoch: [15/30] Iters:[300/1093] gen_loss -0.2354, rec_loss 0.0109, lpips_loss 0.1325, g_loss -0.0553, disc_weight 0.4000, disc_adaptive_weight 6.8452, d_loss 0.4007, logits_real 0.0535, logits_fake 0.0554,
Train Epoch: [15/30] Iters:[310/1093] gen_loss -0.2437, rec_loss 0.0110, lpips_loss 0.1326, g_loss -0.0556, disc_weight 0.4000, disc_adaptive_weight 6.9597, d_loss 0.4007, logits_real 0.0538, logits_fake 0.0556,
Train Epoch: [15/30] Iters:[320/1093] gen_loss -0.2470, rec_loss 0.0109, lpips_loss 0.1320, g_loss -0.0555, disc_weight 0.4000, disc_adaptive_weight 7.0223, d_loss 0.4007, logits_real 0.0539, logits_fake 0.0556,
Train Epoch: [15/30] Iters:[330/1093] gen_loss -0.2272, rec_loss 0.0109, lpips_loss 0.1319, g_loss -0.0555, disc_weight 0.4000, disc_adaptive_weight 6.6613, d_loss 0.4007, logits_real 0.0538, logits_fake 0.0556,
Train Epoch: [15/30] Iters:[340/1093] gen_loss -0.2491, rec_loss 0.0109, lpips_loss 0.1313, g_loss -0.0557, disc_weight 0.4000, disc_adaptive_weight 7.0148, d_loss 0.4007, logits_real 0.0539, logits_fake 0.0556,
Train Epoch: [15/30] Iters:[350/1093] gen_loss -0.2544, rec_loss 0.0109, lpips_loss 0.1312, g_loss -0.0561, disc_weight 0.4000, disc_adaptive_weight 7.0537, d_loss 0.4007, logits_real 0.0543, logits_fake 0.0558,
Train Epoch: [15/30] Iters:[360/1093] gen_loss -0.2561, rec_loss 0.0109, lpips_loss 0.1314, g_loss -0.0566, disc_weight 0.4000, disc_adaptive_weight 7.0362, d_loss 0.4007, logits_real 0.0547, logits_fake 0.0562,
Train Epoch: [15/30] Iters:[370/1093] gen_loss -0.2618, rec_loss 0.0110, lpips_loss 0.1318, g_loss -0.0571, disc_weight 0.4000, disc_adaptive_weight 7.0840, d_loss 0.4007, logits_real 0.0551, logits_fake 0.0567,
Train Epoch: [15/30] Iters:[380/1093] gen_loss -0.2650, rec_loss 0.0110, lpips_loss 0.1323, g_loss -0.0574, disc_weight 0.4000, disc_adaptive_weight 7.1135, d_loss 0.4007, logits_real 0.0555, logits_fake 0.0571,
Train Epoch: [15/30] Iters:[390/1093] gen_loss -0.2418, rec_loss 0.0111, lpips_loss 0.1326, g_loss -0.0576, disc_weight 0.4000, disc_adaptive_weight 6.6924, d_loss 0.4007, logits_real 0.0558, logits_fake 0.0573,
Train Epoch: [15/30] Iters:[400/1093] gen_loss -0.2388, rec_loss 0.0111, lpips_loss 0.1325, g_loss -0.0577, disc_weight 0.4000, disc_adaptive_weight 6.6311, d_loss 0.4007, logits_real 0.0558, logits_fake 0.0576,
Train Epoch: [15/30] Iters:[410/1093] gen_loss -0.2455, rec_loss 0.0110, lpips_loss 0.1319, g_loss -0.0575, disc_weight 0.4000, disc_adaptive_weight 6.7654, d_loss 0.4007, logits_real 0.0556, logits_fake 0.0574,
Train Epoch: [15/30] Iters:[420/1093] gen_loss -0.2570, rec_loss 0.0111, lpips_loss 0.1323, g_loss -0.0573, disc_weight 0.4000, disc_adaptive_weight 6.9965, d_loss 0.4007, logits_real 0.0554, logits_fake 0.0572,
Train Epoch: [15/30] Iters:[430/1093] gen_loss -0.2730, rec_loss 0.0111, lpips_loss 0.1319, g_loss -0.0570, disc_weight 0.4000, disc_adaptive_weight 7.3114, d_loss 0.4007, logits_real 0.0551, logits_fake 0.0569,
Train Epoch: [15/30] Iters:[440/1093] gen_loss -0.2941, rec_loss 0.0111, lpips_loss 0.1319, g_loss -0.0566, disc_weight 0.4000, disc_adaptive_weight 7.7154, d_loss 0.4007, logits_real 0.0548, logits_fake 0.0566,
Train Epoch: [15/30] Iters:[450/1093] gen_loss -0.2999, rec_loss 0.0111, lpips_loss 0.1322, g_loss -0.0564, disc_weight 0.4000, disc_adaptive_weight 7.8569, d_loss 0.4007, logits_real 0.0547, logits_fake 0.0563,
Train Epoch: [15/30] Iters:[460/1093] gen_loss -0.2939, rec_loss 0.0112, lpips_loss 0.1328, g_loss -0.0564, disc_weight 0.4000, disc_adaptive_weight 7.7632, d_loss 0.4007, logits_real 0.0544, logits_fake 0.0562,
Train Epoch: [15/30] Iters:[470/1093] gen_loss -0.3085, rec_loss 0.0112, lpips_loss 0.1324, g_loss -0.0565, disc_weight 0.4000, disc_adaptive_weight 7.9952, d_loss 0.4007, logits_real 0.0543, logits_fake 0.0562,
Train Epoch: [15/30] Iters:[480/1093] gen_loss -0.3138, rec_loss 0.0111, lpips_loss 0.1327, g_loss -0.0569, disc_weight 0.4000, disc_adaptive_weight 8.0347, d_loss 0.4007, logits_real 0.0546, logits_fake 0.0563,
Train Epoch: [15/30] Iters:[490/1093] gen_loss -0.3098, rec_loss 0.0111, lpips_loss 0.1326, g_loss -0.0571, disc_weight 0.4000, disc_adaptive_weight 7.9386, d_loss 0.4007, logits_real 0.0548, logits_fake 0.0567,
Train Epoch: [15/30] Iters:[500/1093] gen_loss -0.3160, rec_loss 0.0111, lpips_loss 0.1326, g_loss -0.0572, disc_weight 0.4000, disc_adaptive_weight 8.0227, d_loss 0.4008, logits_real 0.0549, logits_fake 0.0570,
Train Epoch: [15/30] Iters:[510/1093] gen_loss -0.2962, rec_loss 0.0110, lpips_loss 0.1320, g_loss -0.0575, disc_weight 0.4000, disc_adaptive_weight 7.6392, d_loss 0.4007, logits_real 0.0555, logits_fake 0.0571,
Train Epoch: [15/30] Iters:[520/1093] gen_loss -0.2793, rec_loss 0.0111, lpips_loss 0.1321, g_loss -0.0574, disc_weight 0.4000, disc_adaptive_weight 7.3590, d_loss 0.4007, logits_real 0.0556, logits_fake 0.0572,
Train Epoch: [15/30] Iters:[530/1093] gen_loss -0.2794, rec_loss 0.0110, lpips_loss 0.1316, g_loss -0.0573, disc_weight 0.4000, disc_adaptive_weight 7.3702, d_loss 0.4007, logits_real 0.0557, logits_fake 0.0573,
Train Epoch: [15/30] Iters:[540/1093] gen_loss -0.2872, rec_loss 0.0111, lpips_loss 0.1320, g_loss -0.0576, disc_weight 0.4000, disc_adaptive_weight 7.4712, d_loss 0.4007, logits_real 0.0560, logits_fake 0.0576,
Train Epoch: [15/30] Iters:[550/1093] gen_loss -0.3035, rec_loss 0.0113, lpips_loss 0.1322, g_loss -0.0578, disc_weight 0.4000, disc_adaptive_weight 7.7240, d_loss 0.4007, logits_real 0.0562, logits_fake 0.0578,
Train Epoch: [15/30] Iters:[560/1093] gen_loss -0.3429, rec_loss 0.0115, lpips_loss 0.1327, g_loss -0.0580, disc_weight 0.4000, disc_adaptive_weight 8.3817, d_loss 0.4007, logits_real 0.0564, logits_fake 0.0580,
Train Epoch: [15/30] Iters:[570/1093] gen_loss -0.3531, rec_loss 0.0115, lpips_loss 0.1327, g_loss -0.0585, disc_weight 0.4000, disc_adaptive_weight 8.5023, d_loss 0.4007, logits_real 0.0567, logits_fake 0.0584,
Train Epoch: [15/30] Iters:[580/1093] gen_loss -0.3374, rec_loss 0.0115, lpips_loss 0.1326, g_loss -0.0586, disc_weight 0.4000, disc_adaptive_weight 8.2162, d_loss 0.4007, logits_real 0.0566, logits_fake 0.0583,
Train Epoch: [15/30] Iters:[590/1093] gen_loss -0.3296, rec_loss 0.0114, lpips_loss 0.1326, g_loss -0.0582, disc_weight 0.4000, disc_adaptive_weight 8.1382, d_loss 0.4007, logits_real 0.0564, logits_fake 0.0580,
Train Epoch: [15/30] Iters:[600/1093] gen_loss -0.3041, rec_loss 0.0114, lpips_loss 0.1325, g_loss -0.0579, disc_weight 0.4000, disc_adaptive_weight 7.7364, d_loss 0.4007, logits_real 0.0561, logits_fake 0.0576,
Train Epoch: [15/30] Iters:[610/1093] gen_loss -0.2837, rec_loss 0.0111, lpips_loss 0.1321, g_loss -0.0576, disc_weight 0.4000, disc_adaptive_weight 7.4182, d_loss 0.4007, logits_real 0.0557, logits_fake 0.0573,
Train Epoch: [15/30] Iters:[620/1093] gen_loss -0.2797, rec_loss 0.0113, lpips_loss 0.1325, g_loss -0.0573, disc_weight 0.4000, disc_adaptive_weight 7.3883, d_loss 0.4007, logits_real 0.0556, logits_fake 0.0571,
Train Epoch: [15/30] Iters:[630/1093] gen_loss -0.2780, rec_loss 0.0115, lpips_loss 0.1328, g_loss -0.0571, disc_weight 0.4000, disc_adaptive_weight 7.3913, d_loss 0.4006, logits_real 0.0556, logits_fake 0.0569,
Train Epoch: [15/30] Iters:[640/1093] gen_loss -0.2657, rec_loss 0.0115, lpips_loss 0.1325, g_loss -0.0570, disc_weight 0.4000, disc_adaptive_weight 7.1749, d_loss 0.4007, logits_real 0.0553, logits_fake 0.0569,
Train Epoch: [15/30] Iters:[650/1093] gen_loss -0.2641, rec_loss 0.0114, lpips_loss 0.1329, g_loss -0.0569, disc_weight 0.4000, disc_adaptive_weight 7.1645, d_loss 0.4007, logits_real 0.0552, logits_fake 0.0569,
Train Epoch: [15/30] Iters:[660/1093] gen_loss -0.2710, rec_loss 0.0116, lpips_loss 0.1331, g_loss -0.0566, disc_weight 0.4000, disc_adaptive_weight 7.3310, d_loss 0.4007, logits_real 0.0549, logits_fake 0.0566,
Train Epoch: [15/30] Iters:[670/1093] gen_loss -0.2704, rec_loss 0.0112, lpips_loss 0.1326, g_loss -0.0562, disc_weight 0.4000, disc_adaptive_weight 7.3657, d_loss 0.4007, logits_real 0.0544, logits_fake 0.0563,
Train Epoch: [15/30] Iters:[680/1093] gen_loss -0.2812, rec_loss 0.0111, lpips_loss 0.1323, g_loss -0.0558, disc_weight 0.4000, disc_adaptive_weight 7.6038, d_loss 0.4008, logits_real 0.0540, logits_fake 0.0561,
Train Epoch: [15/30] Iters:[690/1093] gen_loss -0.2915, rec_loss 0.0111, lpips_loss 0.1321, g_loss -0.0558, disc_weight 0.4000, disc_adaptive_weight 7.7775, d_loss 0.4007, logits_real 0.0540, logits_fake 0.0559,
Train Epoch: [15/30] Iters:[700/1093] gen_loss -0.2865, rec_loss 0.0111, lpips_loss 0.1317, g_loss -0.0557, disc_weight 0.4000, disc_adaptive_weight 7.7003, d_loss 0.4007, logits_real 0.0539, logits_fake 0.0558,
Train Epoch: [15/30] Iters:[710/1093] gen_loss -0.2691, rec_loss 0.0109, lpips_loss 0.1312, g_loss -0.0555, disc_weight 0.4000, disc_adaptive_weight 7.4077, d_loss 0.4007, logits_real 0.0539, logits_fake 0.0557,
Train Epoch: [15/30] Iters:[720/1093] gen_loss -0.2882, rec_loss 0.0111, lpips_loss 0.1315, g_loss -0.0559, disc_weight 0.4000, disc_adaptive_weight 7.7014, d_loss 0.4007, logits_real 0.0542, logits_fake 0.0559,
Train Epoch: [15/30] Iters:[730/1093] gen_loss -0.3188, rec_loss 0.0112, lpips_loss 0.1320, g_loss -0.0565, disc_weight 0.4000, disc_adaptive_weight 8.1601, d_loss 0.4007, logits_real 0.0545, logits_fake 0.0561,
Train Epoch: [15/30] Iters:[740/1093] gen_loss -0.3212, rec_loss 0.0112, lpips_loss 0.1324, g_loss -0.0566, disc_weight 0.4000, disc_adaptive_weight 8.2019, d_loss 0.4007, logits_real 0.0546, logits_fake 0.0564,
Train Epoch: [15/30] Iters:[750/1093] gen_loss -0.3072, rec_loss 0.0112, lpips_loss 0.1325, g_loss -0.0565, disc_weight 0.4000, disc_adaptive_weight 7.9541, d_loss 0.4008, logits_real 0.0546, logits_fake 0.0565,
Train Epoch: [15/30] Iters:[760/1093] gen_loss -0.3097, rec_loss 0.0114, lpips_loss 0.1328, g_loss -0.0566, disc_weight 0.4000, disc_adaptive_weight 8.0043, d_loss 0.4007, logits_real 0.0546, logits_fake 0.0565,
Train Epoch: [15/30] Iters:[770/1093] gen_loss -0.2791, rec_loss 0.0113, lpips_loss 0.1326, g_loss -0.0561, disc_weight 0.4000, disc_adaptive_weight 7.5260, d_loss 0.4008, logits_real 0.0541, logits_fake 0.0561,
Train Epoch: [15/30] Iters:[780/1093] gen_loss -0.2320, rec_loss 0.0112, lpips_loss 0.1321, g_loss -0.0554, disc_weight 0.4000, disc_adaptive_weight 6.7764, d_loss 0.4008, logits_real 0.0536, logits_fake 0.0557,
Train Epoch: [15/30] Iters:[790/1093] gen_loss -0.2217, rec_loss 0.0110, lpips_loss 0.1317, g_loss -0.0551, disc_weight 0.4000, disc_adaptive_weight 6.6220, d_loss 0.4007, logits_real 0.0533, logits_fake 0.0553,
Train Epoch: [15/30] Iters:[800/1093] gen_loss -0.2319, rec_loss 0.0110, lpips_loss 0.1317, g_loss -0.0551, disc_weight 0.4000, disc_adaptive_weight 6.8045, d_loss 0.4007, logits_real 0.0534, logits_fake 0.0551,
Train Epoch: [15/30] Iters:[810/1093] gen_loss -0.2414, rec_loss 0.0110, lpips_loss 0.1323, g_loss -0.0553, disc_weight 0.4000, disc_adaptive_weight 6.9551, d_loss 0.4007, logits_real 0.0533, logits_fake 0.0551,
Train Epoch: [15/30] Iters:[820/1093] gen_loss -0.2370, rec_loss 0.0109, lpips_loss 0.1322, g_loss -0.0554, disc_weight 0.4000, disc_adaptive_weight 6.8643, d_loss 0.4007, logits_real 0.0535, logits_fake 0.0554,
Train Epoch: [15/30] Iters:[830/1093] gen_loss -0.2467, rec_loss 0.0109, lpips_loss 0.1325, g_loss -0.0556, disc_weight 0.4000, disc_adaptive_weight 7.0227, d_loss 0.4008, logits_real 0.0536, logits_fake 0.0556,
Train Epoch: [15/30] Iters:[840/1093] gen_loss -0.2488, rec_loss 0.0110, lpips_loss 0.1327, g_loss -0.0558, disc_weight 0.4000, disc_adaptive_weight 7.0366, d_loss 0.4007, logits_real 0.0538, logits_fake 0.0557,
Train Epoch: [15/30] Iters:[850/1093] gen_loss -0.2554, rec_loss 0.0111, lpips_loss 0.1329, g_loss -0.0559, disc_weight 0.4000, disc_adaptive_weight 7.1577, d_loss 0.4008, logits_real 0.0538, logits_fake 0.0559,
Train Epoch: [15/30] Iters:[860/1093] gen_loss -0.2503, rec_loss 0.0111, lpips_loss 0.1323, g_loss -0.0558, disc_weight 0.4000, disc_adaptive_weight 7.0714, d_loss 0.4007, logits_real 0.0539, logits_fake 0.0558,
Train Epoch: [15/30] Iters:[870/1093] gen_loss -0.2537, rec_loss 0.0111, lpips_loss 0.1323, g_loss -0.0559, disc_weight 0.4000, disc_adaptive_weight 7.1155, d_loss 0.4007, logits_real 0.0540, logits_fake 0.0558,
Train Epoch: [15/30] Iters:[880/1093] gen_loss -0.2546, rec_loss 0.0111, lpips_loss 0.1321, g_loss -0.0561, disc_weight 0.4000, disc_adaptive_weight 7.1015, d_loss 0.4007, logits_real 0.0543, logits_fake 0.0559,
Train Epoch: [15/30] Iters:[890/1093] gen_loss -0.2722, rec_loss 0.0112, lpips_loss 0.1324, g_loss -0.0561, disc_weight 0.4000, disc_adaptive_weight 7.4251, d_loss 0.4007, logits_real 0.0545, logits_fake 0.0561,
Train Epoch: [15/30] Iters:[900/1093] gen_loss -0.2667, rec_loss 0.0111, lpips_loss 0.1316, g_loss -0.0562, disc_weight 0.4000, disc_adaptive_weight 7.2961, d_loss 0.4006, logits_real 0.0548, logits_fake 0.0562,
Train Epoch: [15/30] Iters:[910/1093] gen_loss -0.2510, rec_loss 0.0111, lpips_loss 0.1314, g_loss -0.0565, disc_weight 0.4000, disc_adaptive_weight 6.9797, d_loss 0.4006, logits_real 0.0550, logits_fake 0.0565,
Train Epoch: [15/30] Iters:[920/1093] gen_loss -0.2540, rec_loss 0.0110, lpips_loss 0.1313, g_loss -0.0564, disc_weight 0.4000, disc_adaptive_weight 7.0401, d_loss 0.4006, logits_real 0.0551, logits_fake 0.0566,
Train Epoch: [15/30] Iters:[930/1093] gen_loss -0.2399, rec_loss 0.0111, lpips_loss 0.1317, g_loss -0.0564, disc_weight 0.4000, disc_adaptive_weight 6.7941, d_loss 0.4006, logits_real 0.0552, logits_fake 0.0566,
Train Epoch: [15/30] Iters:[940/1093] gen_loss -0.2200, rec_loss 0.0111, lpips_loss 0.1318, g_loss -0.0564, disc_weight 0.4000, disc_adaptive_weight 6.4517, d_loss 0.4006, logits_real 0.0552, logits_fake 0.0565,
Train Epoch: [15/30] Iters:[950/1093] gen_loss -0.2285, rec_loss 0.0111, lpips_loss 0.1318, g_loss -0.0563, disc_weight 0.4000, disc_adaptive_weight 6.6126, d_loss 0.4006, logits_real 0.0550, logits_fake 0.0561,
Train Epoch: [15/30] Iters:[960/1093] gen_loss -0.2286, rec_loss 0.0110, lpips_loss 0.1317, g_loss -0.0559, disc_weight 0.4000, disc_adaptive_weight 6.6475, d_loss 0.4006, logits_real 0.0549, logits_fake 0.0560,
Train Epoch: [15/30] Iters:[970/1093] gen_loss -0.2146, rec_loss 0.0110, lpips_loss 0.1317, g_loss -0.0559, disc_weight 0.4000, disc_adaptive_weight 6.4015, d_loss 0.4006, logits_real 0.0547, logits_fake 0.0557,
Train Epoch: [15/30] Iters:[980/1093] gen_loss -0.2313, rec_loss 0.0110, lpips_loss 0.1315, g_loss -0.0558, disc_weight 0.4000, disc_adaptive_weight 6.7063, d_loss 0.4006, logits_real 0.0544, logits_fake 0.0555,
Train Epoch: [15/30] Iters:[990/1093] gen_loss -0.2242, rec_loss 0.0108, lpips_loss 0.1307, g_loss -0.0554, disc_weight 0.4000, disc_adaptive_weight 6.5914, d_loss 0.4007, logits_real 0.0539, logits_fake 0.0553,
Train Epoch: [15/30] Iters:[1000/1093] gen_loss -0.2074, rec_loss 0.0108, lpips_loss 0.1309, g_loss -0.0549, disc_weight 0.4000, disc_adaptive_weight 6.3480, d_loss 0.4007, logits_real 0.0535, logits_fake 0.0552,
Train Epoch: [15/30] Iters:[1010/1093] gen_loss -0.2292, rec_loss 0.0109, lpips_loss 0.1313, g_loss -0.0547, disc_weight 0.4000, disc_adaptive_weight 6.7813, d_loss 0.4008, logits_real 0.0528, logits_fake 0.0548,
Train Epoch: [15/30] Iters:[1020/1093] gen_loss -0.2334, rec_loss 0.0109, lpips_loss 0.1311, g_loss -0.0544, disc_weight 0.4000, disc_adaptive_weight 6.8795, d_loss 0.4008, logits_real 0.0524, logits_fake 0.0546,
Train Epoch: [15/30] Iters:[1030/1093] gen_loss -0.2279, rec_loss 0.0107, lpips_loss 0.1305, g_loss -0.0542, disc_weight 0.4000, disc_adaptive_weight 6.7932, d_loss 0.4008, logits_real 0.0523, logits_fake 0.0544,
Train Epoch: [15/30] Iters:[1040/1093] gen_loss -0.2473, rec_loss 0.0108, lpips_loss 0.1312, g_loss -0.0545, disc_weight 0.4000, disc_adaptive_weight 7.1224, d_loss 0.4007, logits_real 0.0526, logits_fake 0.0545,
Train Epoch: [15/30] Iters:[1050/1093] gen_loss -0.2436, rec_loss 0.0108, lpips_loss 0.1309, g_loss -0.0548, disc_weight 0.4000, disc_adaptive_weight 7.0224, d_loss 0.4007, logits_real 0.0528, logits_fake 0.0548,
Train Epoch: [15/30] Iters:[1060/1093] gen_loss -0.2699, rec_loss 0.0108, lpips_loss 0.1315, g_loss -0.0549, disc_weight 0.4000, disc_adaptive_weight 7.5117, d_loss 0.4007, logits_real 0.0533, logits_fake 0.0550,
Train Epoch: [15/30] Iters:[1070/1093] gen_loss -0.2783, rec_loss 0.0109, lpips_loss 0.1319, g_loss -0.0550, disc_weight 0.4000, disc_adaptive_weight 7.6555, d_loss 0.4007, logits_real 0.0535, logits_fake 0.0553,
Train Epoch: [15/30] Iters:[1080/1093] gen_loss -0.2639, rec_loss 0.0110, lpips_loss 0.1324, g_loss -0.0550, disc_weight 0.4000, disc_adaptive_weight 7.4073, d_loss 0.4007, logits_real 0.0535, logits_fake 0.0553,
Train Epoch: [15/30] Iters:[1090/1093] gen_loss -0.2560, rec_loss 0.0111, lpips_loss 0.1322, g_loss -0.0551, disc_weight 0.4000, disc_adaptive_weight 7.2568, d_loss 0.4007, logits_real 0.0537, logits_fake 0.0555,
Loading pretrained model LPIPS from /home/sunset/.cache/torch/hub/pyiqa/LPIPS_v0.1_alex-df73285e.pth
epoch:16, cur_lr:0.000010
Train Epoch: [16/30] Iters:[10/1093] gen_loss -0.2089, rec_loss 0.0111, lpips_loss 0.1315, g_loss -0.0566, disc_weight 0.4000, disc_adaptive_weight 6.2120, d_loss 0.4007, logits_real 0.0552, logits_fake 0.0567,
Train Epoch: [16/30] Iters:[20/1093] gen_loss -0.2145, rec_loss 0.0111, lpips_loss 0.1317, g_loss -0.0565, disc_weight 0.4000, disc_adaptive_weight 6.3248, d_loss 0.4006, logits_real 0.0545, logits_fake 0.0560,
Train Epoch: [16/30] Iters:[30/1093] gen_loss -0.2092, rec_loss 0.0109, lpips_loss 0.1314, g_loss -0.0561, disc_weight 0.4000, disc_adaptive_weight 6.2629, d_loss 0.4006, logits_real 0.0541, logits_fake 0.0556,
Train Epoch: [16/30] Iters:[40/1093] gen_loss -0.2348, rec_loss 0.0109, lpips_loss 0.1318, g_loss -0.0560, disc_weight 0.4000, disc_adaptive_weight 6.7424, d_loss 0.4007, logits_real 0.0539, logits_fake 0.0556,
Train Epoch: [16/30] Iters:[50/1093] gen_loss -0.2371, rec_loss 0.0110, lpips_loss 0.1320, g_loss -0.0558, disc_weight 0.4000, disc_adaptive_weight 6.8063, d_loss 0.4006, logits_real 0.0539, logits_fake 0.0553,
Train Epoch: [16/30] Iters:[60/1093] gen_loss -0.2431, rec_loss 0.0109, lpips_loss 0.1321, g_loss -0.0558, disc_weight 0.4000, disc_adaptive_weight 6.9132, d_loss 0.4006, logits_real 0.0537, logits_fake 0.0549,
Train Epoch: [16/30] Iters:[70/1093] gen_loss -0.2532, rec_loss 0.0110, lpips_loss 0.1319, g_loss -0.0559, disc_weight 0.4000, disc_adaptive_weight 7.0818, d_loss 0.4006, logits_real 0.0538, logits_fake 0.0549,
Train Epoch: [16/30] Iters:[80/1093] gen_loss -0.2589, rec_loss 0.0112, lpips_loss 0.1324, g_loss -0.0557, disc_weight 0.4000, disc_adaptive_weight 7.2132, d_loss 0.4005, logits_real 0.0541, logits_fake 0.0550,
Train Epoch: [16/30] Iters:[90/1093] gen_loss -0.2373, rec_loss 0.0111, lpips_loss 0.1325, g_loss -0.0557, disc_weight 0.4000, disc_adaptive_weight 6.8291, d_loss 0.4005, logits_real 0.0542, logits_fake 0.0549,
Train Epoch: [16/30] Iters:[100/1093] gen_loss -0.2352, rec_loss 0.0110, lpips_loss 0.1322, g_loss -0.0552, disc_weight 0.4000, disc_adaptive_weight 6.8624, d_loss 0.4005, logits_real 0.0539, logits_fake 0.0546,
Train Epoch: [16/30] Iters:[110/1093] gen_loss -0.2463, rec_loss 0.0112, lpips_loss 0.1322, g_loss -0.0547, disc_weight 0.4000, disc_adaptive_weight 7.1403, d_loss 0.4006, logits_real 0.0540, logits_fake 0.0549,
Train Epoch: [16/30] Iters:[120/1093] gen_loss -0.2597, rec_loss 0.0111, lpips_loss 0.1326, g_loss -0.0544, disc_weight 0.4000, disc_adaptive_weight 7.4239, d_loss 0.4006, logits_real 0.0537, logits_fake 0.0550,
Train Epoch: [16/30] Iters:[130/1093] gen_loss -0.2734, rec_loss 0.0110, lpips_loss 0.1323, g_loss -0.0544, disc_weight 0.4000, disc_adaptive_weight 7.6677, d_loss 0.4007, logits_real 0.0533, logits_fake 0.0549,
Train Epoch: [16/30] Iters:[140/1093] gen_loss -0.2733, rec_loss 0.0110, lpips_loss 0.1320, g_loss -0.0543, disc_weight 0.4000, disc_adaptive_weight 7.6796, d_loss 0.4007, logits_real 0.0532, logits_fake 0.0550,
Train Epoch: [16/30] Iters:[150/1093] gen_loss -0.2765, rec_loss 0.0110, lpips_loss 0.1320, g_loss -0.0548, disc_weight 0.4000, disc_adaptive_weight 7.6707, d_loss 0.4008, logits_real 0.0534, logits_fake 0.0554,
Train Epoch: [16/30] Iters:[160/1093] gen_loss -0.2667, rec_loss 0.0107, lpips_loss 0.1315, g_loss -0.0551, disc_weight 0.4000, disc_adaptive_weight 7.4272, d_loss 0.4008, logits_real 0.0530, logits_fake 0.0553,
Train Epoch: [16/30] Iters:[170/1093] gen_loss -0.2427, rec_loss 0.0109, lpips_loss 0.1315, g_loss -0.0550, disc_weight 0.4000, disc_adaptive_weight 7.0031, d_loss 0.4007, logits_real 0.0531, logits_fake 0.0550,
Train Epoch: [16/30] Iters:[180/1093] gen_loss -0.2158, rec_loss 0.0107, lpips_loss 0.1311, g_loss -0.0550, disc_weight 0.4000, disc_adaptive_weight 6.5036, d_loss 0.4007, logits_real 0.0531, logits_fake 0.0550,
Train Epoch: [16/30] Iters:[190/1093] gen_loss -0.2284, rec_loss 0.0107, lpips_loss 0.1312, g_loss -0.0549, disc_weight 0.4000, disc_adaptive_weight 6.7417, d_loss 0.4007, logits_real 0.0531, logits_fake 0.0546,
Train Epoch: [16/30] Iters:[200/1093] gen_loss -0.2310, rec_loss 0.0108, lpips_loss 0.1311, g_loss -0.0548, disc_weight 0.4000, disc_adaptive_weight 6.8037, d_loss 0.4005, logits_real 0.0535, logits_fake 0.0543,
Train Epoch: [16/30] Iters:[210/1093] gen_loss -0.2201, rec_loss 0.0109, lpips_loss 0.1311, g_loss -0.0546, disc_weight 0.4000, disc_adaptive_weight 6.6311, d_loss 0.4005, logits_real 0.0536, logits_fake 0.0542,
Train Epoch: [16/30] Iters:[220/1093] gen_loss -0.2100, rec_loss 0.0107, lpips_loss 0.1306, g_loss -0.0545, disc_weight 0.4000, disc_adaptive_weight 6.4390, d_loss 0.4005, logits_real 0.0535, logits_fake 0.0542,
Train Epoch: [16/30] Iters:[230/1093] gen_loss -0.2256, rec_loss 0.0108, lpips_loss 0.1309, g_loss -0.0541, disc_weight 0.4000, disc_adaptive_weight 6.7977, d_loss 0.4005, logits_real 0.0534, logits_fake 0.0540,
Train Epoch: [16/30] Iters:[240/1093] gen_loss -0.2309, rec_loss 0.0110, lpips_loss 0.1314, g_loss -0.0536, disc_weight 0.4000, disc_adaptive_weight 6.9795, d_loss 0.4006, logits_real 0.0527, logits_fake 0.0540,
Train Epoch: [16/30] Iters:[250/1093] gen_loss -0.2229, rec_loss 0.0110, lpips_loss 0.1315, g_loss -0.0535, disc_weight 0.4000, disc_adaptive_weight 6.8531, d_loss 0.4007, logits_real 0.0523, logits_fake 0.0541,
Train Epoch: [16/30] Iters:[260/1093] gen_loss -0.2333, rec_loss 0.0112, lpips_loss 0.1322, g_loss -0.0535, disc_weight 0.4000, disc_adaptive_weight 7.0628, d_loss 0.4007, logits_real 0.0522, logits_fake 0.0538,
Train Epoch: [16/30] Iters:[270/1093] gen_loss -0.2521, rec_loss 0.0112, lpips_loss 0.1322, g_loss -0.0532, disc_weight 0.4000, disc_adaptive_weight 7.4534, d_loss 0.4007, logits_real 0.0519, logits_fake 0.0538,
Train Epoch: [16/30] Iters:[280/1093] gen_loss -0.2405, rec_loss 0.0111, lpips_loss 0.1321, g_loss -0.0534, disc_weight 0.4000, disc_adaptive_weight 7.1906, d_loss 0.4007, logits_real 0.0519, logits_fake 0.0537,
Train Epoch: [16/30] Iters:[290/1093] gen_loss -0.2131, rec_loss 0.0110, lpips_loss 0.1317, g_loss -0.0541, disc_weight 0.4000, disc_adaptive_weight 6.5868, d_loss 0.4007, logits_real 0.0523, logits_fake 0.0541,
Train Epoch: [16/30] Iters:[300/1093] gen_loss -0.2367, rec_loss 0.0110, lpips_loss 0.1315, g_loss -0.0542, disc_weight 0.4000, disc_adaptive_weight 6.9893, d_loss 0.4007, logits_real 0.0523, logits_fake 0.0540,
Train Epoch: [16/30] Iters:[310/1093] gen_loss -0.2238, rec_loss 0.0109, lpips_loss 0.1312, g_loss -0.0544, disc_weight 0.4000, disc_adaptive_weight 6.7340, d_loss 0.4007, logits_real 0.0522, logits_fake 0.0541,
Train Epoch: [16/30] Iters:[320/1093] gen_loss -0.2217, rec_loss 0.0110, lpips_loss 0.1315, g_loss -0.0548, disc_weight 0.4000, disc_adaptive_weight 6.6322, d_loss 0.4007, logits_real 0.0527, logits_fake 0.0544,
Train Epoch: [16/30] Iters:[330/1093] gen_loss -0.2358, rec_loss 0.0112, lpips_loss 0.1321, g_loss -0.0551, disc_weight 0.4000, disc_adaptive_weight 6.8714, d_loss 0.4007, logits_real 0.0530, logits_fake 0.0547,
Train Epoch: [16/30] Iters:[340/1093] gen_loss -0.2628, rec_loss 0.0112, lpips_loss 0.1318, g_loss -0.0549, disc_weight 0.4000, disc_adaptive_weight 7.3801, d_loss 0.4007, logits_real 0.0530, logits_fake 0.0549,
Train Epoch: [16/30] Iters:[350/1093] gen_loss -0.2548, rec_loss 0.0114, lpips_loss 0.1322, g_loss -0.0550, disc_weight 0.4000, disc_adaptive_weight 7.2431, d_loss 0.4007, logits_real 0.0532, logits_fake 0.0550,
Train Epoch: [16/30] Iters:[360/1093] gen_loss -0.2530, rec_loss 0.0112, lpips_loss 0.1321, g_loss -0.0552, disc_weight 0.4000, disc_adaptive_weight 7.1826, d_loss 0.4007, logits_real 0.0536, logits_fake 0.0553,
Train Epoch: [16/30] Iters:[370/1093] gen_loss -0.2427, rec_loss 0.0112, lpips_loss 0.1318, g_loss -0.0554, disc_weight 0.4000, disc_adaptive_weight 6.9728, d_loss 0.4007, logits_real 0.0537, logits_fake 0.0555,
Train Epoch: [16/30] Iters:[380/1093] gen_loss -0.2357, rec_loss 0.0110, lpips_loss 0.1314, g_loss -0.0558, disc_weight 0.4000, disc_adaptive_weight 6.7841, d_loss 0.4007, logits_real 0.0541, logits_fake 0.0558,
Train Epoch: [16/30] Iters:[390/1093] gen_loss -0.2212, rec_loss 0.0110, lpips_loss 0.1316, g_loss -0.0564, disc_weight 0.4000, disc_adaptive_weight 6.4517, d_loss 0.4006, logits_real 0.0547, logits_fake 0.0562,
Train Epoch: [16/30] Iters:[400/1093] gen_loss -0.2136, rec_loss 0.0108, lpips_loss 0.1317, g_loss -0.0572, disc_weight 0.4000, disc_adaptive_weight 6.2064, d_loss 0.4006, logits_real 0.0553, logits_fake 0.0568,
Train Epoch: [16/30] Iters:[410/1093] gen_loss -0.2570, rec_loss 0.0109, lpips_loss 0.1316, g_loss -0.0573, disc_weight 0.4000, disc_adaptive_weight 6.9752, d_loss 0.4007, logits_real 0.0556, logits_fake 0.0572,
Train Epoch: [16/30] Iters:[420/1093] gen_loss -0.2872, rec_loss 0.0111, lpips_loss 0.1321, g_loss -0.0573, disc_weight 0.4000, disc_adaptive_weight 7.5163, d_loss 0.4007, logits_real 0.0554, logits_fake 0.0572,
Train Epoch: [16/30] Iters:[430/1093] gen_loss -0.3016, rec_loss 0.0112, lpips_loss 0.1324, g_loss -0.0571, disc_weight 0.4000, disc_adaptive_weight 7.8115, d_loss 0.4007, logits_real 0.0554, logits_fake 0.0572,
Train Epoch: [16/30] Iters:[440/1093] gen_loss -0.3005, rec_loss 0.0113, lpips_loss 0.1331, g_loss -0.0567, disc_weight 0.4000, disc_adaptive_weight 7.8475, d_loss 0.4006, logits_real 0.0553, logits_fake 0.0568,
Train Epoch: [16/30] Iters:[450/1093] gen_loss -0.2999, rec_loss 0.0113, lpips_loss 0.1325, g_loss -0.0562, disc_weight 0.4000, disc_adaptive_weight 7.8899, d_loss 0.4006, logits_real 0.0550, logits_fake 0.0563,
Train Epoch: [16/30] Iters:[460/1093] gen_loss -0.2659, rec_loss 0.0112, lpips_loss 0.1329, g_loss -0.0560, disc_weight 0.4000, disc_adaptive_weight 7.3108, d_loss 0.4006, logits_real 0.0546, logits_fake 0.0558,
Train Epoch: [16/30] Iters:[470/1093] gen_loss -0.2347, rec_loss 0.0111, lpips_loss 0.1328, g_loss -0.0556, disc_weight 0.4000, disc_adaptive_weight 6.7974, d_loss 0.4006, logits_real 0.0543, logits_fake 0.0554,
Train Epoch: [16/30] Iters:[480/1093] gen_loss -0.2051, rec_loss 0.0111, lpips_loss 0.1327, g_loss -0.0554, disc_weight 0.4000, disc_adaptive_weight 6.2769, d_loss 0.4006, logits_real 0.0540, logits_fake 0.0552,
Train Epoch: [16/30] Iters:[490/1093] gen_loss -0.2186, rec_loss 0.0109, lpips_loss 0.1317, g_loss -0.0552, disc_weight 0.4000, disc_adaptive_weight 6.5212, d_loss 0.4006, logits_real 0.0535, logits_fake 0.0548,
Train Epoch: [16/30] Iters:[500/1093] gen_loss -0.2182, rec_loss 0.0109, lpips_loss 0.1318, g_loss -0.0546, disc_weight 0.4000, disc_adaptive_weight 6.6029, d_loss 0.4006, logits_real 0.0531, logits_fake 0.0546,
Train Epoch: [16/30] Iters:[510/1093] gen_loss -0.2116, rec_loss 0.0108, lpips_loss 0.1316, g_loss -0.0542, disc_weight 0.4000, disc_adaptive_weight 6.5296, d_loss 0.4006, logits_real 0.0527, logits_fake 0.0542,
Train Epoch: [16/30] Iters:[520/1093] gen_loss -0.2193, rec_loss 0.0109, lpips_loss 0.1319, g_loss -0.0541, disc_weight 0.4000, disc_adaptive_weight 6.6945, d_loss 0.4006, logits_real 0.0527, logits_fake 0.0541,
Train Epoch: [16/30] Iters:[530/1093] gen_loss -0.2391, rec_loss 0.0109, lpips_loss 0.1318, g_loss -0.0541, disc_weight 0.4000, disc_adaptive_weight 7.0557, d_loss 0.4006, logits_real 0.0527, logits_fake 0.0540,
Train Epoch: [16/30] Iters:[540/1093] gen_loss -0.2217, rec_loss 0.0110, lpips_loss 0.1320, g_loss -0.0539, disc_weight 0.4000, disc_adaptive_weight 6.7700, d_loss 0.4007, logits_real 0.0526, logits_fake 0.0543,
Train Epoch: [16/30] Iters:[550/1093] gen_loss -0.2142, rec_loss 0.0111, lpips_loss 0.1320, g_loss -0.0542, disc_weight 0.4000, disc_adaptive_weight 6.5966, d_loss 0.4007, logits_real 0.0525, logits_fake 0.0543,
Train Epoch: [16/30] Iters:[560/1093] gen_loss -0.2208, rec_loss 0.0111, lpips_loss 0.1321, g_loss -0.0545, disc_weight 0.4000, disc_adaptive_weight 6.6820, d_loss 0.4007, logits_real 0.0530, logits_fake 0.0546,
Train Epoch: [16/30] Iters:[570/1093] gen_loss -0.2434, rec_loss 0.0111, lpips_loss 0.1317, g_loss -0.0550, disc_weight 0.4000, disc_adaptive_weight 7.0207, d_loss 0.4007, logits_real 0.0530, logits_fake 0.0546,
Train Epoch: [16/30] Iters:[580/1093] gen_loss -0.2640, rec_loss 0.0111, lpips_loss 0.1317, g_loss -0.0551, disc_weight 0.4000, disc_adaptive_weight 7.3699, d_loss 0.4006, logits_real 0.0531, logits_fake 0.0546,
Train Epoch: [16/30] Iters:[590/1093] gen_loss -0.2813, rec_loss 0.0112, lpips_loss 0.1318, g_loss -0.0553, disc_weight 0.4000, disc_adaptive_weight 7.6606, d_loss 0.4006, logits_real 0.0535, logits_fake 0.0548,
Train Epoch: [16/30] Iters:[600/1093] gen_loss -0.2911, rec_loss 0.0112, lpips_loss 0.1321, g_loss -0.0553, disc_weight 0.4000, disc_adaptive_weight 7.8476, d_loss 0.4006, logits_real 0.0535, logits_fake 0.0548,
Train Epoch: [16/30] Iters:[610/1093] gen_loss -0.2919, rec_loss 0.0112, lpips_loss 0.1323, g_loss -0.0549, disc_weight 0.4000, disc_adaptive_weight 7.9156, d_loss 0.4007, logits_real 0.0530, logits_fake 0.0547,
Train Epoch: [16/30] Iters:[620/1093] gen_loss -0.2686, rec_loss 0.0111, lpips_loss 0.1326, g_loss -0.0543, disc_weight 0.4000, disc_adaptive_weight 7.5770, d_loss 0.4007, logits_real 0.0526, logits_fake 0.0542,
Train Epoch: [16/30] Iters:[630/1093] gen_loss -0.2907, rec_loss 0.0112, lpips_loss 0.1327, g_loss -0.0537, disc_weight 0.4000, disc_adaptive_weight 8.0970, d_loss 0.4007, logits_real 0.0520, logits_fake 0.0537,
Train Epoch: [16/30] Iters:[640/1093] gen_loss -0.2981, rec_loss 0.0111, lpips_loss 0.1325, g_loss -0.0532, disc_weight 0.4000, disc_adaptive_weight 8.2963, d_loss 0.4007, logits_real 0.0514, logits_fake 0.0530,
Train Epoch: [16/30] Iters:[650/1093] gen_loss -0.2997, rec_loss 0.0112, lpips_loss 0.1325, g_loss -0.0530, disc_weight 0.4000, disc_adaptive_weight 8.3569, d_loss 0.4006, logits_real 0.0513, logits_fake 0.0526,
Train Epoch: [16/30] Iters:[660/1093] gen_loss -0.3029, rec_loss 0.0110, lpips_loss 0.1322, g_loss -0.0532, disc_weight 0.4000, disc_adaptive_weight 8.3916, d_loss 0.4006, logits_real 0.0515, logits_fake 0.0528,
Train Epoch: [16/30] Iters:[670/1093] gen_loss -0.2928, rec_loss 0.0110, lpips_loss 0.1317, g_loss -0.0530, disc_weight 0.4000, disc_adaptive_weight 8.2186, d_loss 0.4007, logits_real 0.0514, logits_fake 0.0533,
Train Epoch: [16/30] Iters:[680/1093] gen_loss -0.2287, rec_loss 0.0109, lpips_loss 0.1317, g_loss -0.0531, disc_weight 0.4000, disc_adaptive_weight 7.0012, d_loss 0.4007, logits_real 0.0512, logits_fake 0.0531,
Train Epoch: [16/30] Iters:[690/1093] gen_loss -0.1929, rec_loss 0.0109, lpips_loss 0.1313, g_loss -0.0530, disc_weight 0.4000, disc_adaptive_weight 6.3314, d_loss 0.4007, logits_real 0.0513, logits_fake 0.0531,
Train Epoch: [16/30] Iters:[700/1093] gen_loss -0.1780, rec_loss 0.0106, lpips_loss 0.1309, g_loss -0.0528, disc_weight 0.4000, disc_adaptive_weight 6.0575, d_loss 0.4007, logits_real 0.0510, logits_fake 0.0529,
Train Epoch: [16/30] Iters:[710/1093] gen_loss -0.1691, rec_loss 0.0107, lpips_loss 0.1308, g_loss -0.0525, disc_weight 0.4000, disc_adaptive_weight 5.9372, d_loss 0.4007, logits_real 0.0508, logits_fake 0.0526,
Train Epoch: [16/30] Iters:[720/1093] gen_loss -0.1825, rec_loss 0.0108, lpips_loss 0.1307, g_loss -0.0529, disc_weight 0.4000, disc_adaptive_weight 6.1323, d_loss 0.4007, logits_real 0.0510, logits_fake 0.0527,
Train Epoch: [16/30] Iters:[730/1093] gen_loss -0.1832, rec_loss 0.0107, lpips_loss 0.1304, g_loss -0.0530, disc_weight 0.4000, disc_adaptive_weight 6.1257, d_loss 0.4007, logits_real 0.0515, logits_fake 0.0531,
Train Epoch: [16/30] Iters:[740/1093] gen_loss -0.1971, rec_loss 0.0108, lpips_loss 0.1308, g_loss -0.0534, disc_weight 0.4000, disc_adaptive_weight 6.3515, d_loss 0.4007, logits_real 0.0517, logits_fake 0.0535,
Train Epoch: [16/30] Iters:[750/1093] gen_loss -0.2288, rec_loss 0.0110, lpips_loss 0.1310, g_loss -0.0538, disc_weight 0.4000, disc_adaptive_weight 6.8813, d_loss 0.4007, logits_real 0.0524, logits_fake 0.0540,
Train Epoch: [16/30] Iters:[760/1093] gen_loss -0.2289, rec_loss 0.0110, lpips_loss 0.1311, g_loss -0.0547, disc_weight 0.4000, disc_adaptive_weight 6.7913, d_loss 0.4006, logits_real 0.0533, logits_fake 0.0545,
Train Epoch: [16/30] Iters:[770/1093] gen_loss -0.2263, rec_loss 0.0109, lpips_loss 0.1309, g_loss -0.0553, disc_weight 0.4000, disc_adaptive_weight 6.6610, d_loss 0.4005, logits_real 0.0541, logits_fake 0.0549,
Train Epoch: [16/30] Iters:[780/1093] gen_loss -0.2450, rec_loss 0.0111, lpips_loss 0.1312, g_loss -0.0562, disc_weight 0.4000, disc_adaptive_weight 6.9077, d_loss 0.4006, logits_real 0.0545, logits_fake 0.0557,
Train Epoch: [16/30] Iters:[790/1093] gen_loss -0.2444, rec_loss 0.0110, lpips_loss 0.1316, g_loss -0.0567, disc_weight 0.4000, disc_adaptive_weight 6.8515, d_loss 0.4006, logits_real 0.0549, logits_fake 0.0562,
Train Epoch: [16/30] Iters:[800/1093] gen_loss -0.2296, rec_loss 0.0110, lpips_loss 0.1313, g_loss -0.0566, disc_weight 0.4000, disc_adaptive_weight 6.5835, d_loss 0.4007, logits_real 0.0547, logits_fake 0.0562,
Train Epoch: [16/30] Iters:[810/1093] gen_loss -0.2383, rec_loss 0.0109, lpips_loss 0.1315, g_loss -0.0563, disc_weight 0.4000, disc_adaptive_weight 6.7585, d_loss 0.4008, logits_real 0.0539, logits_fake 0.0562,
Train Epoch: [16/30] Iters:[820/1093] gen_loss -0.2539, rec_loss 0.0111, lpips_loss 0.1324, g_loss -0.0556, disc_weight 0.4000, disc_adaptive_weight 7.1584, d_loss 0.4008, logits_real 0.0532, logits_fake 0.0556,
Train Epoch: [16/30] Iters:[830/1093] gen_loss -0.2628, rec_loss 0.0110, lpips_loss 0.1324, g_loss -0.0548, disc_weight 0.4000, disc_adaptive_weight 7.4197, d_loss 0.4008, logits_real 0.0528, logits_fake 0.0549,
Train Epoch: [16/30] Iters:[840/1093] gen_loss -0.2790, rec_loss 0.0109, lpips_loss 0.1317, g_loss -0.0544, disc_weight 0.4000, disc_adaptive_weight 7.7344, d_loss 0.4008, logits_real 0.0525, logits_fake 0.0546,
Train Epoch: [16/30] Iters:[850/1093] gen_loss -0.2671, rec_loss 0.0110, lpips_loss 0.1322, g_loss -0.0545, disc_weight 0.4000, disc_adaptive_weight 7.5228, d_loss 0.4007, logits_real 0.0525, logits_fake 0.0545,
Train Epoch: [16/30] Iters:[860/1093] gen_loss -0.2678, rec_loss 0.0109, lpips_loss 0.1317, g_loss -0.0546, disc_weight 0.4000, disc_adaptive_weight 7.5161, d_loss 0.4006, logits_real 0.0527, logits_fake 0.0543,
Train Epoch: [16/30] Iters:[870/1093] gen_loss -0.2529, rec_loss 0.0110, lpips_loss 0.1319, g_loss -0.0548, disc_weight 0.4000, disc_adaptive_weight 7.2261, d_loss 0.4006, logits_real 0.0529, logits_fake 0.0545,
Train Epoch: [16/30] Iters:[880/1093] gen_loss -0.2505, rec_loss 0.0111, lpips_loss 0.1321, g_loss -0.0547, disc_weight 0.4000, disc_adaptive_weight 7.1936, d_loss 0.4006, logits_real 0.0531, logits_fake 0.0546,
Train Epoch: [16/30] Iters:[890/1093] gen_loss -0.2350, rec_loss 0.0111, lpips_loss 0.1323, g_loss -0.0543, disc_weight 0.4000, disc_adaptive_weight 6.9639, d_loss 0.4006, logits_real 0.0530, logits_fake 0.0544,
Train Epoch: [16/30] Iters:[900/1093] gen_loss -0.2418, rec_loss 0.0112, lpips_loss 0.1325, g_loss -0.0541, disc_weight 0.4000, disc_adaptive_weight 7.1165, d_loss 0.4006, logits_real 0.0530, logits_fake 0.0543,
Train Epoch: [16/30] Iters:[910/1093] gen_loss -0.2552, rec_loss 0.0112, lpips_loss 0.1329, g_loss -0.0537, disc_weight 0.4000, disc_adaptive_weight 7.4323, d_loss 0.4005, logits_real 0.0529, logits_fake 0.0539,
Train Epoch: [16/30] Iters:[920/1093] gen_loss -0.2441, rec_loss 0.0110, lpips_loss 0.1323, g_loss -0.0540, disc_weight 0.4000, disc_adaptive_weight 7.1787, d_loss 0.4005, logits_real 0.0532, logits_fake 0.0540,
Train Epoch: [16/30] Iters:[930/1093] gen_loss -0.2604, rec_loss 0.0110, lpips_loss 0.1324, g_loss -0.0540, disc_weight 0.4000, disc_adaptive_weight 7.4908, d_loss 0.4006, logits_real 0.0533, logits_fake 0.0545,
Train Epoch: [16/30] Iters:[940/1093] gen_loss -0.2894, rec_loss 0.0110, lpips_loss 0.1327, g_loss -0.0544, disc_weight 0.4000, disc_adaptive_weight 7.9787, d_loss 0.4006, logits_real 0.0536, logits_fake 0.0547,
Train Epoch: [16/30] Iters:[950/1093] gen_loss -0.2983, rec_loss 0.0110, lpips_loss 0.1321, g_loss -0.0545, disc_weight 0.4000, disc_adaptive_weight 8.1139, d_loss 0.4006, logits_real 0.0535, logits_fake 0.0550,
Train Epoch: [16/30] Iters:[960/1093] gen_loss -0.3031, rec_loss 0.0111, lpips_loss 0.1321, g_loss -0.0548, disc_weight 0.4000, disc_adaptive_weight 8.1558, d_loss 0.4007, logits_real 0.0536, logits_fake 0.0554,
Train Epoch: [16/30] Iters:[970/1093] gen_loss -0.3128, rec_loss 0.0112, lpips_loss 0.1322, g_loss -0.0548, disc_weight 0.4000, disc_adaptive_weight 8.3286, d_loss 0.4007, logits_real 0.0536, logits_fake 0.0555,
Train Epoch: [16/30] Iters:[980/1093] gen_loss -0.2957, rec_loss 0.0111, lpips_loss 0.1316, g_loss -0.0548, disc_weight 0.4000, disc_adaptive_weight 7.9931, d_loss 0.4006, logits_real 0.0533, logits_fake 0.0548,
Train Epoch: [16/30] Iters:[990/1093] gen_loss -0.2796, rec_loss 0.0112, lpips_loss 0.1316, g_loss -0.0548, disc_weight 0.4000, disc_adaptive_weight 7.7077, d_loss 0.4006, logits_real 0.0533, logits_fake 0.0546,
Train Epoch: [16/30] Iters:[1000/1093] gen_loss -0.2609, rec_loss 0.0112, lpips_loss 0.1317, g_loss -0.0551, disc_weight 0.4000, disc_adaptive_weight 7.3357, d_loss 0.4007, logits_real 0.0530, logits_fake 0.0547,
Train Epoch: [16/30] Iters:[1010/1093] gen_loss -0.2450, rec_loss 0.0111, lpips_loss 0.1317, g_loss -0.0551, disc_weight 0.4000, disc_adaptive_weight 7.0382, d_loss 0.4007, logits_real 0.0528, logits_fake 0.0546,
Train Epoch: [16/30] Iters:[1020/1093] gen_loss -0.2388, rec_loss 0.0111, lpips_loss 0.1318, g_loss -0.0549, disc_weight 0.4000, disc_adaptive_weight 6.9533, d_loss 0.4007, logits_real 0.0525, logits_fake 0.0543,
Train Epoch: [16/30] Iters:[1030/1093] gen_loss -0.2347, rec_loss 0.0113, lpips_loss 0.1321, g_loss -0.0549, disc_weight 0.4000, disc_adaptive_weight 6.8858, d_loss 0.4007, logits_real 0.0527, logits_fake 0.0546,
Train Epoch: [16/30] Iters:[1040/1093] gen_loss -0.2324, rec_loss 0.0112, lpips_loss 0.1318, g_loss -0.0548, disc_weight 0.4000, disc_adaptive_weight 6.8529, d_loss 0.4007, logits_real 0.0526, logits_fake 0.0545,
Train Epoch: [16/30] Iters:[1050/1093] gen_loss -0.2427, rec_loss 0.0111, lpips_loss 0.1319, g_loss -0.0547, disc_weight 0.4000, disc_adaptive_weight 7.0666, d_loss 0.4006, logits_real 0.0530, logits_fake 0.0544,
Train Epoch: [16/30] Iters:[1060/1093] gen_loss -0.2327, rec_loss 0.0112, lpips_loss 0.1320, g_loss -0.0548, disc_weight 0.4000, disc_adaptive_weight 6.8835, d_loss 0.4005, logits_real 0.0535, logits_fake 0.0544,
Train Epoch: [16/30] Iters:[1070/1093] gen_loss -0.2411, rec_loss 0.0112, lpips_loss 0.1318, g_loss -0.0551, disc_weight 0.4000, disc_adaptive_weight 6.9974, d_loss 0.4005, logits_real 0.0539, logits_fake 0.0549,
Train Epoch: [16/30] Iters:[1080/1093] gen_loss -0.2424, rec_loss 0.0111, lpips_loss 0.1315, g_loss -0.0555, disc_weight 0.4000, disc_adaptive_weight 6.9636, d_loss 0.4005, logits_real 0.0541, logits_fake 0.0550,
Train Epoch: [16/30] Iters:[1090/1093] gen_loss -0.2472, rec_loss 0.0111, lpips_loss 0.1315, g_loss -0.0554, disc_weight 0.4000, disc_adaptive_weight 7.0451, d_loss 0.4006, logits_real 0.0541, logits_fake 0.0557,
epoch:17, cur_lr:0.000010
Train Epoch: [17/30] Iters:[10/1093] gen_loss -0.2391, rec_loss 0.0110, lpips_loss 0.1316, g_loss -0.0561, disc_weight 0.4000, disc_adaptive_weight 6.7985, d_loss 0.4007, logits_real 0.0537, logits_fake 0.0555,
Train Epoch: [17/30] Iters:[20/1093] gen_loss -0.2531, rec_loss 0.0107, lpips_loss 0.1303, g_loss -0.0556, disc_weight 0.4000, disc_adaptive_weight 7.0800, d_loss 0.4005, logits_real 0.0539, logits_fake 0.0548,
Train Epoch: [17/30] Iters:[30/1093] gen_loss -0.2353, rec_loss 0.0108, lpips_loss 0.1312, g_loss -0.0557, disc_weight 0.4000, disc_adaptive_weight 6.7676, d_loss 0.4004, logits_real 0.0542, logits_fake 0.0548,
Train Epoch: [17/30] Iters:[40/1093] gen_loss -0.2219, rec_loss 0.0108, lpips_loss 0.1310, g_loss -0.0555, disc_weight 0.4000, disc_adaptive_weight 6.5552, d_loss 0.4005, logits_real 0.0540, logits_fake 0.0547,
Train Epoch: [17/30] Iters:[50/1093] gen_loss -0.2097, rec_loss 0.0108, lpips_loss 0.1308, g_loss -0.0550, disc_weight 0.4000, disc_adaptive_weight 6.3869, d_loss 0.4005, logits_real 0.0538, logits_fake 0.0547,
Train Epoch: [17/30] Iters:[60/1093] gen_loss -0.2139, rec_loss 0.0109, lpips_loss 0.1308, g_loss -0.0546, disc_weight 0.4000, disc_adaptive_weight 6.5140, d_loss 0.4005, logits_real 0.0535, logits_fake 0.0543,
Train Epoch: [17/30] Iters:[70/1093] gen_loss -0.2104, rec_loss 0.0109, lpips_loss 0.1313, g_loss -0.0540, disc_weight 0.4000, disc_adaptive_weight 6.5433, d_loss 0.4006, logits_real 0.0530, logits_fake 0.0541,
Train Epoch: [17/30] Iters:[80/1093] gen_loss -0.2099, rec_loss 0.0109, lpips_loss 0.1312, g_loss -0.0534, disc_weight 0.4000, disc_adaptive_weight 6.5940, d_loss 0.4006, logits_real 0.0525, logits_fake 0.0538,
Train Epoch: [17/30] Iters:[90/1093] gen_loss -0.2132, rec_loss 0.0109, lpips_loss 0.1312, g_loss -0.0531, disc_weight 0.4000, disc_adaptive_weight 6.6800, d_loss 0.4006, logits_real 0.0522, logits_fake 0.0536,
Train Epoch: [17/30] Iters:[100/1093] gen_loss -0.2150, rec_loss 0.0110, lpips_loss 0.1318, g_loss -0.0528, disc_weight 0.4000, disc_adaptive_weight 6.7532, d_loss 0.4006, logits_real 0.0519, logits_fake 0.0534,
Train Epoch: [17/30] Iters:[110/1093] gen_loss -0.2026, rec_loss 0.0110, lpips_loss 0.1317, g_loss -0.0523, disc_weight 0.4000, disc_adaptive_weight 6.5905, d_loss 0.4006, logits_real 0.0514, logits_fake 0.0528,
Train Epoch: [17/30] Iters:[120/1093] gen_loss -0.1935, rec_loss 0.0110, lpips_loss 0.1318, g_loss -0.0521, disc_weight 0.4000, disc_adaptive_weight 6.4342, d_loss 0.4006, logits_real 0.0511, logits_fake 0.0525,
Train Epoch: [17/30] Iters:[130/1093] gen_loss -0.1975, rec_loss 0.0111, lpips_loss 0.1318, g_loss -0.0519, disc_weight 0.4000, disc_adaptive_weight 6.5515, d_loss 0.4006, logits_real 0.0507, logits_fake 0.0521,
Train Epoch: [17/30] Iters:[140/1093] gen_loss -0.1959, rec_loss 0.0111, lpips_loss 0.1320, g_loss -0.0520, disc_weight 0.4000, disc_adaptive_weight 6.5117, d_loss 0.4006, logits_real 0.0507, logits_fake 0.0522,
Train Epoch: [17/30] Iters:[150/1093] gen_loss -0.1986, rec_loss 0.0110, lpips_loss 0.1320, g_loss -0.0525, disc_weight 0.4000, disc_adaptive_weight 6.5192, d_loss 0.4006, logits_real 0.0508, logits_fake 0.0522,
Train Epoch: [17/30] Iters:[160/1093] gen_loss -0.2030, rec_loss 0.0111, lpips_loss 0.1320, g_loss -0.0530, disc_weight 0.4000, disc_adaptive_weight 6.5399, d_loss 0.4007, logits_real 0.0513, logits_fake 0.0529,
Train Epoch: [17/30] Iters:[170/1093] gen_loss -0.2109, rec_loss 0.0112, lpips_loss 0.1322, g_loss -0.0535, disc_weight 0.4000, disc_adaptive_weight 6.6409, d_loss 0.4006, logits_real 0.0515, logits_fake 0.0530,
Train Epoch: [17/30] Iters:[180/1093] gen_loss -0.2148, rec_loss 0.0111, lpips_loss 0.1321, g_loss -0.0538, disc_weight 0.4000, disc_adaptive_weight 6.6608, d_loss 0.4007, logits_real 0.0517, logits_fake 0.0534,
Train Epoch: [17/30] Iters:[190/1093] gen_loss -0.2248, rec_loss 0.0111, lpips_loss 0.1321, g_loss -0.0536, disc_weight 0.4000, disc_adaptive_weight 6.8718, d_loss 0.4006, logits_real 0.0518, logits_fake 0.0534,
Train Epoch: [17/30] Iters:[200/1093] gen_loss -0.2253, rec_loss 0.0112, lpips_loss 0.1322, g_loss -0.0534, disc_weight 0.4000, disc_adaptive_weight 6.9015, d_loss 0.4007, logits_real 0.0517, logits_fake 0.0534,
Train Epoch: [17/30] Iters:[210/1093] gen_loss -0.2104, rec_loss 0.0110, lpips_loss 0.1317, g_loss -0.0532, disc_weight 0.4000, disc_adaptive_weight 6.6433, d_loss 0.4007, logits_real 0.0515, logits_fake 0.0532,
Train Epoch: [17/30] Iters:[220/1093] gen_loss -0.2043, rec_loss 0.0107, lpips_loss 0.1310, g_loss -0.0530, disc_weight 0.4000, disc_adaptive_weight 6.5243, d_loss 0.4007, logits_real 0.0516, logits_fake 0.0533,
Train Epoch: [17/30] Iters:[230/1093] gen_loss -0.2070, rec_loss 0.0108, lpips_loss 0.1314, g_loss -0.0530, disc_weight 0.4000, disc_adaptive_weight 6.5873, d_loss 0.4006, logits_real 0.0517, logits_fake 0.0532,
Train Epoch: [17/30] Iters:[240/1093] gen_loss -0.2106, rec_loss 0.0108, lpips_loss 0.1318, g_loss -0.0530, disc_weight 0.4000, disc_adaptive_weight 6.6552, d_loss 0.4007, logits_real 0.0515, logits_fake 0.0532,
Train Epoch: [17/30] Iters:[250/1093] gen_loss -0.2243, rec_loss 0.0108, lpips_loss 0.1311, g_loss -0.0533, disc_weight 0.4000, disc_adaptive_weight 6.8680, d_loss 0.4006, logits_real 0.0515, logits_fake 0.0531,
Train Epoch: [17/30] Iters:[260/1093] gen_loss -0.2385, rec_loss 0.0108, lpips_loss 0.1317, g_loss -0.0535, disc_weight 0.4000, disc_adaptive_weight 7.1176, d_loss 0.4006, logits_real 0.0517, logits_fake 0.0533,
Train Epoch: [17/30] Iters:[270/1093] gen_loss -0.2470, rec_loss 0.0110, lpips_loss 0.1320, g_loss -0.0536, disc_weight 0.4000, disc_adaptive_weight 7.2804, d_loss 0.4006, logits_real 0.0518, logits_fake 0.0534,
Train Epoch: [17/30] Iters:[280/1093] gen_loss -0.2531, rec_loss 0.0109, lpips_loss 0.1312, g_loss -0.0539, disc_weight 0.4000, disc_adaptive_weight 7.3303, d_loss 0.4007, logits_real 0.0519, logits_fake 0.0537,
Train Epoch: [17/30] Iters:[290/1093] gen_loss -0.2591, rec_loss 0.0109, lpips_loss 0.1305, g_loss -0.0542, disc_weight 0.4000, disc_adaptive_weight 7.3779, d_loss 0.4007, logits_real 0.0522, logits_fake 0.0541,
Train Epoch: [17/30] Iters:[300/1093] gen_loss -0.2528, rec_loss 0.0110, lpips_loss 0.1314, g_loss -0.0547, disc_weight 0.4000, disc_adaptive_weight 7.2316, d_loss 0.4007, logits_real 0.0527, logits_fake 0.0547,
Train Epoch: [17/30] Iters:[310/1093] gen_loss -0.2723, rec_loss 0.0111, lpips_loss 0.1314, g_loss -0.0551, disc_weight 0.4000, disc_adaptive_weight 7.5275, d_loss 0.4007, logits_real 0.0532, logits_fake 0.0551,
Train Epoch: [17/30] Iters:[320/1093] gen_loss -0.2673, rec_loss 0.0112, lpips_loss 0.1321, g_loss -0.0556, disc_weight 0.4000, disc_adaptive_weight 7.3888, d_loss 0.4007, logits_real 0.0535, logits_fake 0.0557,
Train Epoch: [17/30] Iters:[330/1093] gen_loss -0.2576, rec_loss 0.0112, lpips_loss 0.1325, g_loss -0.0558, disc_weight 0.4000, disc_adaptive_weight 7.1902, d_loss 0.4007, logits_real 0.0540, logits_fake 0.0559,
Train Epoch: [17/30] Iters:[340/1093] gen_loss -0.2597, rec_loss 0.0110, lpips_loss 0.1324, g_loss -0.0559, disc_weight 0.4000, disc_adaptive_weight 7.2157, d_loss 0.4007, logits_real 0.0542, logits_fake 0.0559,
Train Epoch: [17/30] Iters:[350/1093] gen_loss -0.2630, rec_loss 0.0111, lpips_loss 0.1323, g_loss -0.0561, disc_weight 0.4000, disc_adaptive_weight 7.2462, d_loss 0.4006, logits_real 0.0543, logits_fake 0.0560,
Train Epoch: [17/30] Iters:[360/1093] gen_loss -0.2527, rec_loss 0.0109, lpips_loss 0.1320, g_loss -0.0562, disc_weight 0.4000, disc_adaptive_weight 7.0405, d_loss 0.4006, logits_real 0.0544, logits_fake 0.0561,
Train Epoch: [17/30] Iters:[370/1093] gen_loss -0.2673, rec_loss 0.0107, lpips_loss 0.1308, g_loss -0.0564, disc_weight 0.4000, disc_adaptive_weight 7.2449, d_loss 0.4006, logits_real 0.0547, logits_fake 0.0562,
Train Epoch: [17/30] Iters:[380/1093] gen_loss -0.2818, rec_loss 0.0107, lpips_loss 0.1310, g_loss -0.0566, disc_weight 0.4000, disc_adaptive_weight 7.4926, d_loss 0.4006, logits_real 0.0549, logits_fake 0.0565,
Train Epoch: [17/30] Iters:[390/1093] gen_loss -0.2628, rec_loss 0.0108, lpips_loss 0.1312, g_loss -0.0568, disc_weight 0.4000, disc_adaptive_weight 7.1327, d_loss 0.4006, logits_real 0.0550, logits_fake 0.0567,
Train Epoch: [17/30] Iters:[400/1093] gen_loss -0.2744, rec_loss 0.0106, lpips_loss 0.1307, g_loss -0.0567, disc_weight 0.4000, disc_adaptive_weight 7.3309, d_loss 0.4006, logits_real 0.0551, logits_fake 0.0568,
Train Epoch: [17/30] Iters:[410/1093] gen_loss -0.2728, rec_loss 0.0108, lpips_loss 0.1311, g_loss -0.0568, disc_weight 0.4000, disc_adaptive_weight 7.3072, d_loss 0.4007, logits_real 0.0551, logits_fake 0.0568,
Train Epoch: [17/30] Iters:[420/1093] gen_loss -0.2961, rec_loss 0.0108, lpips_loss 0.1317, g_loss -0.0568, disc_weight 0.4000, disc_adaptive_weight 7.7271, d_loss 0.4007, logits_real 0.0550, logits_fake 0.0567,
Train Epoch: [17/30] Iters:[430/1093] gen_loss -0.3104, rec_loss 0.0111, lpips_loss 0.1319, g_loss -0.0568, disc_weight 0.4000, disc_adaptive_weight 7.9861, d_loss 0.4006, logits_real 0.0550, logits_fake 0.0565,
Train Epoch: [17/30] Iters:[440/1093] gen_loss -0.3148, rec_loss 0.0112, lpips_loss 0.1324, g_loss -0.0569, disc_weight 0.4000, disc_adaptive_weight 8.0571, d_loss 0.4006, logits_real 0.0551, logits_fake 0.0567,
Train Epoch: [17/30] Iters:[450/1093] gen_loss -0.3118, rec_loss 0.0113, lpips_loss 0.1329, g_loss -0.0573, disc_weight 0.4000, disc_adaptive_weight 7.9721, d_loss 0.4007, logits_real 0.0553, logits_fake 0.0570,
Train Epoch: [17/30] Iters:[460/1093] gen_loss -0.3242, rec_loss 0.0111, lpips_loss 0.1327, g_loss -0.0576, disc_weight 0.4000, disc_adaptive_weight 8.1327, d_loss 0.4007, logits_real 0.0558, logits_fake 0.0575,
Train Epoch: [17/30] Iters:[470/1093] gen_loss -0.2966, rec_loss 0.0113, lpips_loss 0.1326, g_loss -0.0582, disc_weight 0.4000, disc_adaptive_weight 7.5812, d_loss 0.4007, logits_real 0.0563, logits_fake 0.0582,
Train Epoch: [17/30] Iters:[480/1093] gen_loss -0.2830, rec_loss 0.0112, lpips_loss 0.1325, g_loss -0.0588, disc_weight 0.4000, disc_adaptive_weight 7.2547, d_loss 0.4007, logits_real 0.0569, logits_fake 0.0589,
Train Epoch: [17/30] Iters:[490/1093] gen_loss -0.2940, rec_loss 0.0112, lpips_loss 0.1323, g_loss -0.0593, disc_weight 0.4000, disc_adaptive_weight 7.3781, d_loss 0.4007, logits_real 0.0575, logits_fake 0.0594,
Train Epoch: [17/30] Iters:[500/1093] gen_loss -0.2966, rec_loss 0.0111, lpips_loss 0.1319, g_loss -0.0595, disc_weight 0.4000, disc_adaptive_weight 7.3940, d_loss 0.4007, logits_real 0.0578, logits_fake 0.0596,
Train Epoch: [17/30] Iters:[510/1093] gen_loss -0.2858, rec_loss 0.0111, lpips_loss 0.1318, g_loss -0.0596, disc_weight 0.4000, disc_adaptive_weight 7.1994, d_loss 0.4007, logits_real 0.0578, logits_fake 0.0597,
Train Epoch: [17/30] Iters:[520/1093] gen_loss -0.2965, rec_loss 0.0110, lpips_loss 0.1320, g_loss -0.0593, disc_weight 0.4000, disc_adaptive_weight 7.4134, d_loss 0.4007, logits_real 0.0576, logits_fake 0.0595,
Train Epoch: [17/30] Iters:[530/1093] gen_loss -0.2966, rec_loss 0.0109, lpips_loss 0.1316, g_loss -0.0589, disc_weight 0.4000, disc_adaptive_weight 7.4629, d_loss 0.4007, logits_real 0.0572, logits_fake 0.0590,
Train Epoch: [17/30] Iters:[540/1093] gen_loss -0.2885, rec_loss 0.0108, lpips_loss 0.1311, g_loss -0.0582, disc_weight 0.4000, disc_adaptive_weight 7.3922, d_loss 0.4007, logits_real 0.0566, logits_fake 0.0584,
Train Epoch: [17/30] Iters:[550/1093] gen_loss -0.2762, rec_loss 0.0109, lpips_loss 0.1312, g_loss -0.0578, disc_weight 0.4000, disc_adaptive_weight 7.2296, d_loss 0.4007, logits_real 0.0561, logits_fake 0.0580,
Train Epoch: [17/30] Iters:[560/1093] gen_loss -0.2739, rec_loss 0.0108, lpips_loss 0.1310, g_loss -0.0573, disc_weight 0.4000, disc_adaptive_weight 7.2448, d_loss 0.4007, logits_real 0.0557, logits_fake 0.0575,
Train Epoch: [17/30] Iters:[570/1093] gen_loss -0.2598, rec_loss 0.0109, lpips_loss 0.1310, g_loss -0.0570, disc_weight 0.4000, disc_adaptive_weight 7.0468, d_loss 0.4007, logits_real 0.0552, logits_fake 0.0569,
Train Epoch: [17/30] Iters:[580/1093] gen_loss -0.2525, rec_loss 0.0109, lpips_loss 0.1313, g_loss -0.0566, disc_weight 0.4000, disc_adaptive_weight 6.9680, d_loss 0.4007, logits_real 0.0547, logits_fake 0.0566,
Train Epoch: [17/30] Iters:[590/1093] gen_loss -0.2572, rec_loss 0.0110, lpips_loss 0.1316, g_loss -0.0565, disc_weight 0.4000, disc_adaptive_weight 7.0754, d_loss 0.4007, logits_real 0.0545, logits_fake 0.0563,
Train Epoch: [17/30] Iters:[600/1093] gen_loss -0.2813, rec_loss 0.0109, lpips_loss 0.1312, g_loss -0.0562, disc_weight 0.4000, disc_adaptive_weight 7.5453, d_loss 0.4007, logits_real 0.0542, logits_fake 0.0560,
Train Epoch: [17/30] Iters:[610/1093] gen_loss -0.2835, rec_loss 0.0110, lpips_loss 0.1319, g_loss -0.0561, disc_weight 0.4000, disc_adaptive_weight 7.6122, d_loss 0.4007, logits_real 0.0540, logits_fake 0.0559,
Train Epoch: [17/30] Iters:[620/1093] gen_loss -0.2987, rec_loss 0.0110, lpips_loss 0.1321, g_loss -0.0560, disc_weight 0.4000, disc_adaptive_weight 7.8879, d_loss 0.4007, logits_real 0.0541, logits_fake 0.0560,
Train Epoch: [17/30] Iters:[630/1093] gen_loss -0.2844, rec_loss 0.0110, lpips_loss 0.1318, g_loss -0.0562, disc_weight 0.4000, disc_adaptive_weight 7.6161, d_loss 0.4007, logits_real 0.0543, logits_fake 0.0561,
Train Epoch: [17/30] Iters:[640/1093] gen_loss -0.2776, rec_loss 0.0110, lpips_loss 0.1321, g_loss -0.0562, disc_weight 0.4000, disc_adaptive_weight 7.4882, d_loss 0.4007, logits_real 0.0545, logits_fake 0.0563,
Train Epoch: [17/30] Iters:[650/1093] gen_loss -0.2484, rec_loss 0.0110, lpips_loss 0.1325, g_loss -0.0565, disc_weight 0.4000, disc_adaptive_weight 6.9468, d_loss 0.4006, logits_real 0.0547, logits_fake 0.0564,
Train Epoch: [17/30] Iters:[660/1093] gen_loss -0.2515, rec_loss 0.0110, lpips_loss 0.1322, g_loss -0.0567, disc_weight 0.4000, disc_adaptive_weight 6.9567, d_loss 0.4006, logits_real 0.0551, logits_fake 0.0568,
Train Epoch: [17/30] Iters:[670/1093] gen_loss -0.2335, rec_loss 0.0109, lpips_loss 0.1320, g_loss -0.0568, disc_weight 0.4000, disc_adaptive_weight 6.6161, d_loss 0.4006, logits_real 0.0552, logits_fake 0.0570,
Train Epoch: [17/30] Iters:[680/1093] gen_loss -0.2427, rec_loss 0.0109, lpips_loss 0.1322, g_loss -0.0569, disc_weight 0.4000, disc_adaptive_weight 6.7714, d_loss 0.4006, logits_real 0.0555, logits_fake 0.0571,
Train Epoch: [17/30] Iters:[690/1093] gen_loss -0.2408, rec_loss 0.0109, lpips_loss 0.1316, g_loss -0.0571, disc_weight 0.4000, disc_adaptive_weight 6.7142, d_loss 0.4006, logits_real 0.0555, logits_fake 0.0571,
Train Epoch: [17/30] Iters:[700/1093] gen_loss -0.2419, rec_loss 0.0109, lpips_loss 0.1317, g_loss -0.0570, disc_weight 0.4000, disc_adaptive_weight 6.7363, d_loss 0.4006, logits_real 0.0556, logits_fake 0.0571,
Train Epoch: [17/30] Iters:[710/1093] gen_loss -0.2598, rec_loss 0.0110, lpips_loss 0.1322, g_loss -0.0569, disc_weight 0.4000, disc_adaptive_weight 7.0775, d_loss 0.4006, logits_real 0.0554, logits_fake 0.0570,
Train Epoch: [17/30] Iters:[720/1093] gen_loss -0.2629, rec_loss 0.0109, lpips_loss 0.1318, g_loss -0.0570, disc_weight 0.4000, disc_adaptive_weight 7.1266, d_loss 0.4006, logits_real 0.0553, logits_fake 0.0570,
Train Epoch: [17/30] Iters:[730/1093] gen_loss -0.2670, rec_loss 0.0109, lpips_loss 0.1317, g_loss -0.0569, disc_weight 0.4000, disc_adaptive_weight 7.2034, d_loss 0.4007, logits_real 0.0552, logits_fake 0.0570,
Train Epoch: [17/30] Iters:[740/1093] gen_loss -0.2830, rec_loss 0.0109, lpips_loss 0.1321, g_loss -0.0568, disc_weight 0.4000, disc_adaptive_weight 7.5031, d_loss 0.4006, logits_real 0.0552, logits_fake 0.0570,
Train Epoch: [17/30] Iters:[750/1093] gen_loss -0.3064, rec_loss 0.0109, lpips_loss 0.1319, g_loss -0.0568, disc_weight 0.4000, disc_adaptive_weight 7.9241, d_loss 0.4006, logits_real 0.0551, logits_fake 0.0568,
Train Epoch: [17/30] Iters:[760/1093] gen_loss -0.2921, rec_loss 0.0109, lpips_loss 0.1314, g_loss -0.0566, disc_weight 0.4000, disc_adaptive_weight 7.6772, d_loss 0.4006, logits_real 0.0549, logits_fake 0.0566,
Train Epoch: [17/30] Iters:[770/1093] gen_loss -0.2897, rec_loss 0.0109, lpips_loss 0.1316, g_loss -0.0564, disc_weight 0.4000, disc_adaptive_weight 7.6618, d_loss 0.4006, logits_real 0.0549, logits_fake 0.0565,
Train Epoch: [17/30] Iters:[780/1093] gen_loss -0.2844, rec_loss 0.0110, lpips_loss 0.1317, g_loss -0.0562, disc_weight 0.4000, disc_adaptive_weight 7.5902, d_loss 0.4006, logits_real 0.0547, logits_fake 0.0563,
Train Epoch: [17/30] Iters:[790/1093] gen_loss -0.2658, rec_loss 0.0110, lpips_loss 0.1317, g_loss -0.0561, disc_weight 0.4000, disc_adaptive_weight 7.2748, d_loss 0.4006, logits_real 0.0545, logits_fake 0.0562,
Train Epoch: [17/30] Iters:[800/1093] gen_loss -0.2338, rec_loss 0.0110, lpips_loss 0.1319, g_loss -0.0561, disc_weight 0.4000, disc_adaptive_weight 6.7146, d_loss 0.4007, logits_real 0.0545, logits_fake 0.0563,
Train Epoch: [17/30] Iters:[810/1093] gen_loss -0.2196, rec_loss 0.0109, lpips_loss 0.1317, g_loss -0.0560, disc_weight 0.4000, disc_adaptive_weight 6.4692, d_loss 0.4006, logits_real 0.0544, logits_fake 0.0561,
Train Epoch: [17/30] Iters:[820/1093] gen_loss -0.2441, rec_loss 0.0109, lpips_loss 0.1315, g_loss -0.0561, disc_weight 0.4000, disc_adaptive_weight 6.8867, d_loss 0.4007, logits_real 0.0543, logits_fake 0.0561,
Train Epoch: [17/30] Iters:[830/1093] gen_loss -0.2514, rec_loss 0.0110, lpips_loss 0.1315, g_loss -0.0563, disc_weight 0.4000, disc_adaptive_weight 6.9912, d_loss 0.4007, logits_real 0.0545, logits_fake 0.0562,
Train Epoch: [17/30] Iters:[840/1093] gen_loss -0.2649, rec_loss 0.0109, lpips_loss 0.1315, g_loss -0.0564, disc_weight 0.4000, disc_adaptive_weight 7.2210, d_loss 0.4006, logits_real 0.0547, logits_fake 0.0564,
Train Epoch: [17/30] Iters:[850/1093] gen_loss -0.2881, rec_loss 0.0108, lpips_loss 0.1312, g_loss -0.0565, disc_weight 0.4000, disc_adaptive_weight 7.6088, d_loss 0.4007, logits_real 0.0548, logits_fake 0.0565,
Train Epoch: [17/30] Iters:[860/1093] gen_loss -0.2859, rec_loss 0.0109, lpips_loss 0.1318, g_loss -0.0565, disc_weight 0.4000, disc_adaptive_weight 7.5858, d_loss 0.4007, logits_real 0.0548, logits_fake 0.0566,
Train Epoch: [17/30] Iters:[870/1093] gen_loss -0.2720, rec_loss 0.0111, lpips_loss 0.1323, g_loss -0.0563, disc_weight 0.4000, disc_adaptive_weight 7.3802, d_loss 0.4006, logits_real 0.0547, logits_fake 0.0564,
Train Epoch: [17/30] Iters:[880/1093] gen_loss -0.2611, rec_loss 0.0111, lpips_loss 0.1325, g_loss -0.0561, disc_weight 0.4000, disc_adaptive_weight 7.2158, d_loss 0.4007, logits_real 0.0545, logits_fake 0.0563,
Train Epoch: [17/30] Iters:[890/1093] gen_loss -0.2511, rec_loss 0.0109, lpips_loss 0.1323, g_loss -0.0561, disc_weight 0.4000, disc_adaptive_weight 7.0271, d_loss 0.4006, logits_real 0.0546, logits_fake 0.0562,
Train Epoch: [17/30] Iters:[900/1093] gen_loss -0.2531, rec_loss 0.0110, lpips_loss 0.1328, g_loss -0.0561, disc_weight 0.4000, disc_adaptive_weight 7.0771, d_loss 0.4006, logits_real 0.0546, logits_fake 0.0562,
Train Epoch: [17/30] Iters:[910/1093] gen_loss -0.2617, rec_loss 0.0110, lpips_loss 0.1326, g_loss -0.0563, disc_weight 0.4000, disc_adaptive_weight 7.2082, d_loss 0.4006, logits_real 0.0548, logits_fake 0.0564,
Train Epoch: [17/30] Iters:[920/1093] gen_loss -0.2458, rec_loss 0.0109, lpips_loss 0.1327, g_loss -0.0564, disc_weight 0.4000, disc_adaptive_weight 6.9029, d_loss 0.4006, logits_real 0.0550, logits_fake 0.0565,
Train Epoch: [17/30] Iters:[930/1093] gen_loss -0.2524, rec_loss 0.0109, lpips_loss 0.1326, g_loss -0.0566, disc_weight 0.4000, disc_adaptive_weight 6.9904, d_loss 0.4006, logits_real 0.0553, logits_fake 0.0566,
Train Epoch: [17/30] Iters:[940/1093] gen_loss -0.2603, rec_loss 0.0110, lpips_loss 0.1328, g_loss -0.0568, disc_weight 0.4000, disc_adaptive_weight 7.1252, d_loss 0.4006, logits_real 0.0555, logits_fake 0.0568,
Train Epoch: [17/30] Iters:[950/1093] gen_loss -0.2517, rec_loss 0.0111, lpips_loss 0.1329, g_loss -0.0565, disc_weight 0.4000, disc_adaptive_weight 7.0104, d_loss 0.4005, logits_real 0.0555, logits_fake 0.0566,
Train Epoch: [17/30] Iters:[960/1093] gen_loss -0.2483, rec_loss 0.0110, lpips_loss 0.1327, g_loss -0.0563, disc_weight 0.4000, disc_adaptive_weight 6.9666, d_loss 0.4005, logits_real 0.0552, logits_fake 0.0563,
Train Epoch: [17/30] Iters:[970/1093] gen_loss -0.2544, rec_loss 0.0110, lpips_loss 0.1324, g_loss -0.0561, disc_weight 0.4000, disc_adaptive_weight 7.0966, d_loss 0.4006, logits_real 0.0546, logits_fake 0.0562,
Train Epoch: [17/30] Iters:[980/1093] gen_loss -0.2456, rec_loss 0.0110, lpips_loss 0.1321, g_loss -0.0557, disc_weight 0.4000, disc_adaptive_weight 6.9892, d_loss 0.4006, logits_real 0.0542, logits_fake 0.0558,
Train Epoch: [17/30] Iters:[990/1093] gen_loss -0.2344, rec_loss 0.0110, lpips_loss 0.1322, g_loss -0.0551, disc_weight 0.4000, disc_adaptive_weight 6.8628, d_loss 0.4007, logits_real 0.0535, logits_fake 0.0552,
Train Epoch: [17/30] Iters:[1000/1093] gen_loss -0.2111, rec_loss 0.0110, lpips_loss 0.1315, g_loss -0.0550, disc_weight 0.4000, disc_adaptive_weight 6.4323, d_loss 0.4006, logits_real 0.0532, logits_fake 0.0549,
Train Epoch: [17/30] Iters:[1010/1093] gen_loss -0.1954, rec_loss 0.0110, lpips_loss 0.1312, g_loss -0.0548, disc_weight 0.4000, disc_adaptive_weight 6.1669, d_loss 0.4006, logits_real 0.0529, logits_fake 0.0546,
Train Epoch: [17/30] Iters:[1020/1093] gen_loss -0.1770, rec_loss 0.0111, lpips_loss 0.1312, g_loss -0.0546, disc_weight 0.4000, disc_adaptive_weight 5.8430, d_loss 0.4006, logits_real 0.0531, logits_fake 0.0546,
Train Epoch: [17/30] Iters:[1030/1093] gen_loss -0.1935, rec_loss 0.0111, lpips_loss 0.1316, g_loss -0.0547, disc_weight 0.4000, disc_adaptive_weight 6.1387, d_loss 0.4006, logits_real 0.0531, logits_fake 0.0548,
Train Epoch: [17/30] Iters:[1040/1093] gen_loss -0.1847, rec_loss 0.0110, lpips_loss 0.1315, g_loss -0.0549, disc_weight 0.4000, disc_adaptive_weight 5.9456, d_loss 0.4006, logits_real 0.0533, logits_fake 0.0549,
Train Epoch: [17/30] Iters:[1050/1093] gen_loss -0.2038, rec_loss 0.0110, lpips_loss 0.1317, g_loss -0.0550, disc_weight 0.4000, disc_adaptive_weight 6.2916, d_loss 0.4006, logits_real 0.0535, logits_fake 0.0551,
Train Epoch: [17/30] Iters:[1060/1093] gen_loss -0.2244, rec_loss 0.0111, lpips_loss 0.1322, g_loss -0.0554, disc_weight 0.4000, disc_adaptive_weight 6.6373, d_loss 0.4006, logits_real 0.0539, logits_fake 0.0555,
Train Epoch: [17/30] Iters:[1070/1093] gen_loss -0.2543, rec_loss 0.0111, lpips_loss 0.1323, g_loss -0.0556, disc_weight 0.4000, disc_adaptive_weight 7.1463, d_loss 0.4006, logits_real 0.0542, logits_fake 0.0557,
Train Epoch: [17/30] Iters:[1080/1093] gen_loss -0.2531, rec_loss 0.0112, lpips_loss 0.1322, g_loss -0.0558, disc_weight 0.4000, disc_adaptive_weight 7.0942, d_loss 0.4006, logits_real 0.0545, logits_fake 0.0560,
Train Epoch: [17/30] Iters:[1090/1093] gen_loss -0.2678, rec_loss 0.0112, lpips_loss 0.1324, g_loss -0.0560, disc_weight 0.4000, disc_adaptive_weight 7.3504, d_loss 0.4006, logits_real 0.0546, logits_fake 0.0562,
epoch:18, cur_lr:0.000010
Train Epoch: [18/30] Iters:[10/1093] gen_loss -0.3673, rec_loss 0.0118, lpips_loss 0.1339, g_loss -0.0553, disc_weight 0.4000, disc_adaptive_weight 9.2688, d_loss 0.4006, logits_real 0.0540, logits_fake 0.0555,
Train Epoch: [18/30] Iters:[20/1093] gen_loss -0.3618, rec_loss 0.0116, lpips_loss 0.1336, g_loss -0.0556, disc_weight 0.4000, disc_adaptive_weight 9.1191, d_loss 0.4006, logits_real 0.0541, logits_fake 0.0555,
Train Epoch: [18/30] Iters:[30/1093] gen_loss -0.3063, rec_loss 0.0114, lpips_loss 0.1325, g_loss -0.0555, disc_weight 0.4000, disc_adaptive_weight 8.1098, d_loss 0.4006, logits_real 0.0539, logits_fake 0.0556,
Train Epoch: [18/30] Iters:[40/1093] gen_loss -0.2843, rec_loss 0.0112, lpips_loss 0.1319, g_loss -0.0554, disc_weight 0.4000, disc_adaptive_weight 7.7105, d_loss 0.4006, logits_real 0.0538, logits_fake 0.0555,
Train Epoch: [18/30] Iters:[50/1093] gen_loss -0.2806, rec_loss 0.0112, lpips_loss 0.1319, g_loss -0.0553, disc_weight 0.4000, disc_adaptive_weight 7.6604, d_loss 0.4006, logits_real 0.0537, logits_fake 0.0553,
Train Epoch: [18/30] Iters:[60/1093] gen_loss -0.2557, rec_loss 0.0111, lpips_loss 0.1315, g_loss -0.0550, disc_weight 0.4000, disc_adaptive_weight 7.2364, d_loss 0.4006, logits_real 0.0533, logits_fake 0.0550,
Train Epoch: [18/30] Iters:[70/1093] gen_loss -0.2324, rec_loss 0.0111, lpips_loss 0.1314, g_loss -0.0548, disc_weight 0.4000, disc_adaptive_weight 6.8426, d_loss 0.4006, logits_real 0.0532, logits_fake 0.0549,
Train Epoch: [18/30] Iters:[80/1093] gen_loss -0.2341, rec_loss 0.0110, lpips_loss 0.1313, g_loss -0.0548, disc_weight 0.4000, disc_adaptive_weight 6.8638, d_loss 0.4006, logits_real 0.0532, logits_fake 0.0549,
Train Epoch: [18/30] Iters:[90/1093] gen_loss -0.2450, rec_loss 0.0111, lpips_loss 0.1320, g_loss -0.0550, disc_weight 0.4000, disc_adaptive_weight 7.0503, d_loss 0.4006, logits_real 0.0535, logits_fake 0.0552,
Train Epoch: [18/30] Iters:[100/1093] gen_loss -0.2397, rec_loss 0.0111, lpips_loss 0.1322, g_loss -0.0554, disc_weight 0.4000, disc_adaptive_weight 6.9141, d_loss 0.4007, logits_real 0.0538, logits_fake 0.0556,
Train Epoch: [18/30] Iters:[110/1093] gen_loss -0.2493, rec_loss 0.0111, lpips_loss 0.1321, g_loss -0.0561, disc_weight 0.4000, disc_adaptive_weight 6.9963, d_loss 0.4006, logits_real 0.0545, logits_fake 0.0563,
Train Epoch: [18/30] Iters:[120/1093] gen_loss -0.2433, rec_loss 0.0110, lpips_loss 0.1322, g_loss -0.0567, disc_weight 0.4000, disc_adaptive_weight 6.8198, d_loss 0.4007, logits_real 0.0550, logits_fake 0.0569,
Train Epoch: [18/30] Iters:[130/1093] gen_loss -0.2613, rec_loss 0.0110, lpips_loss 0.1325, g_loss -0.0570, disc_weight 0.4000, disc_adaptive_weight 7.1029, d_loss 0.4006, logits_real 0.0555, logits_fake 0.0572,
Train Epoch: [18/30] Iters:[140/1093] gen_loss -0.2620, rec_loss 0.0111, lpips_loss 0.1325, g_loss -0.0571, disc_weight 0.4000, disc_adaptive_weight 7.1055, d_loss 0.4006, logits_real 0.0555, logits_fake 0.0571,
Train Epoch: [18/30] Iters:[150/1093] gen_loss -0.2657, rec_loss 0.0111, lpips_loss 0.1328, g_loss -0.0571, disc_weight 0.4000, disc_adaptive_weight 7.1773, d_loss 0.4006, logits_real 0.0553, logits_fake 0.0570,
Train Epoch: [18/30] Iters:[160/1093] gen_loss -0.2592, rec_loss 0.0111, lpips_loss 0.1330, g_loss -0.0569, disc_weight 0.4000, disc_adaptive_weight 7.0992, d_loss 0.4006, logits_real 0.0551, logits_fake 0.0567,
Train Epoch: [18/30] Iters:[170/1093] gen_loss -0.2715, rec_loss 0.0111, lpips_loss 0.1327, g_loss -0.0564, disc_weight 0.4000, disc_adaptive_weight 7.3612, d_loss 0.4006, logits_real 0.0548, logits_fake 0.0563,
Train Epoch: [18/30] Iters:[180/1093] gen_loss -0.2656, rec_loss 0.0112, lpips_loss 0.1333, g_loss -0.0560, disc_weight 0.4000, disc_adaptive_weight 7.3226, d_loss 0.4006, logits_real 0.0543, logits_fake 0.0559,
Train Epoch: [18/30] Iters:[190/1093] gen_loss -0.2687, rec_loss 0.0111, lpips_loss 0.1327, g_loss -0.0558, disc_weight 0.4000, disc_adaptive_weight 7.3909, d_loss 0.4006, logits_real 0.0541, logits_fake 0.0558,
Train Epoch: [18/30] Iters:[200/1093] gen_loss -0.2718, rec_loss 0.0111, lpips_loss 0.1322, g_loss -0.0558, disc_weight 0.4000, disc_adaptive_weight 7.4451, d_loss 0.4006, logits_real 0.0542, logits_fake 0.0557,
Train Epoch: [18/30] Iters:[210/1093] gen_loss -0.2635, rec_loss 0.0111, lpips_loss 0.1320, g_loss -0.0558, disc_weight 0.4000, disc_adaptive_weight 7.2899, d_loss 0.4006, logits_real 0.0541, logits_fake 0.0558,
Train Epoch: [18/30] Iters:[220/1093] gen_loss -0.2727, rec_loss 0.0111, lpips_loss 0.1322, g_loss -0.0560, disc_weight 0.4000, disc_adaptive_weight 7.4234, d_loss 0.4006, logits_real 0.0542, logits_fake 0.0559,
Train Epoch: [18/30] Iters:[230/1093] gen_loss -0.2895, rec_loss 0.0109, lpips_loss 0.1318, g_loss -0.0562, disc_weight 0.4000, disc_adaptive_weight 7.7001, d_loss 0.4006, logits_real 0.0543, logits_fake 0.0560,
Train Epoch: [18/30] Iters:[240/1093] gen_loss -0.2736, rec_loss 0.0109, lpips_loss 0.1311, g_loss -0.0561, disc_weight 0.4000, disc_adaptive_weight 7.4125, d_loss 0.4006, logits_real 0.0543, logits_fake 0.0559,
Train Epoch: [18/30] Iters:[250/1093] gen_loss -0.2572, rec_loss 0.0109, lpips_loss 0.1314, g_loss -0.0558, disc_weight 0.4000, disc_adaptive_weight 7.1517, d_loss 0.4006, logits_real 0.0541, logits_fake 0.0557,
Train Epoch: [18/30] Iters:[260/1093] gen_loss -0.2645, rec_loss 0.0109, lpips_loss 0.1313, g_loss -0.0553, disc_weight 0.4000, disc_adaptive_weight 7.3501, d_loss 0.4006, logits_real 0.0535, logits_fake 0.0552,
Train Epoch: [18/30] Iters:[270/1093] gen_loss -0.2407, rec_loss 0.0110, lpips_loss 0.1314, g_loss -0.0546, disc_weight 0.4000, disc_adaptive_weight 7.0070, d_loss 0.4006, logits_real 0.0531, logits_fake 0.0547,
Train Epoch: [18/30] Iters:[280/1093] gen_loss -0.2256, rec_loss 0.0111, lpips_loss 0.1312, g_loss -0.0543, disc_weight 0.4000, disc_adaptive_weight 6.7715, d_loss 0.4006, logits_real 0.0528, logits_fake 0.0543,
Train Epoch: [18/30] Iters:[290/1093] gen_loss -0.2481, rec_loss 0.0111, lpips_loss 0.1319, g_loss -0.0542, disc_weight 0.4000, disc_adaptive_weight 7.2204, d_loss 0.4006, logits_real 0.0526, logits_fake 0.0542,
Train Epoch: [18/30] Iters:[300/1093] gen_loss -0.2801, rec_loss 0.0110, lpips_loss 0.1313, g_loss -0.0541, disc_weight 0.4000, disc_adaptive_weight 7.8046, d_loss 0.4007, logits_real 0.0524, logits_fake 0.0541,
Train Epoch: [18/30] Iters:[310/1093] gen_loss -0.2728, rec_loss 0.0111, lpips_loss 0.1315, g_loss -0.0542, disc_weight 0.4000, disc_adaptive_weight 7.6636, d_loss 0.4007, logits_real 0.0525, logits_fake 0.0542,
Train Epoch: [18/30] Iters:[320/1093] gen_loss -0.2756, rec_loss 0.0108, lpips_loss 0.1311, g_loss -0.0545, disc_weight 0.4000, disc_adaptive_weight 7.6647, d_loss 0.4007, logits_real 0.0528, logits_fake 0.0546,
Train Epoch: [18/30] Iters:[330/1093] gen_loss -0.2656, rec_loss 0.0108, lpips_loss 0.1315, g_loss -0.0548, disc_weight 0.4000, disc_adaptive_weight 7.4554, d_loss 0.4006, logits_real 0.0531, logits_fake 0.0549,
Train Epoch: [18/30] Iters:[340/1093] gen_loss -0.2429, rec_loss 0.0109, lpips_loss 0.1314, g_loss -0.0550, disc_weight 0.4000, disc_adaptive_weight 7.0043, d_loss 0.4006, logits_real 0.0533, logits_fake 0.0550,
Train Epoch: [18/30] Iters:[350/1093] gen_loss -0.2255, rec_loss 0.0109, lpips_loss 0.1315, g_loss -0.0553, disc_weight 0.4000, disc_adaptive_weight 6.6537, d_loss 0.4006, logits_real 0.0537, logits_fake 0.0554,
Train Epoch: [18/30] Iters:[360/1093] gen_loss -0.2337, rec_loss 0.0107, lpips_loss 0.1308, g_loss -0.0556, disc_weight 0.4000, disc_adaptive_weight 6.7438, d_loss 0.4006, logits_real 0.0540, logits_fake 0.0556,
Train Epoch: [18/30] Iters:[370/1093] gen_loss -0.2348, rec_loss 0.0108, lpips_loss 0.1314, g_loss -0.0554, disc_weight 0.4000, disc_adaptive_weight 6.8018, d_loss 0.4006, logits_real 0.0540, logits_fake 0.0555,
Train Epoch: [18/30] Iters:[380/1093] gen_loss -0.2291, rec_loss 0.0106, lpips_loss 0.1304, g_loss -0.0553, disc_weight 0.4000, disc_adaptive_weight 6.6908, d_loss 0.4006, logits_real 0.0539, logits_fake 0.0555,
Train Epoch: [18/30] Iters:[390/1093] gen_loss -0.2322, rec_loss 0.0106, lpips_loss 0.1305, g_loss -0.0552, disc_weight 0.4000, disc_adaptive_weight 6.7539, d_loss 0.4006, logits_real 0.0538, logits_fake 0.0554,
Train Epoch: [18/30] Iters:[400/1093] gen_loss -0.2398, rec_loss 0.0106, lpips_loss 0.1314, g_loss -0.0550, disc_weight 0.4000, disc_adaptive_weight 6.9378, d_loss 0.4006, logits_real 0.0537, logits_fake 0.0552,
Train Epoch: [18/30] Iters:[410/1093] gen_loss -0.2435, rec_loss 0.0107, lpips_loss 0.1315, g_loss -0.0548, disc_weight 0.4000, disc_adaptive_weight 7.0374, d_loss 0.4006, logits_real 0.0536, logits_fake 0.0551,
Train Epoch: [18/30] Iters:[420/1093] gen_loss -0.2556, rec_loss 0.0106, lpips_loss 0.1308, g_loss -0.0551, disc_weight 0.4000, disc_adaptive_weight 7.2102, d_loss 0.4006, logits_real 0.0536, logits_fake 0.0551,
Train Epoch: [18/30] Iters:[430/1093] gen_loss -0.2629, rec_loss 0.0108, lpips_loss 0.1319, g_loss -0.0551, disc_weight 0.4000, disc_adaptive_weight 7.3631, d_loss 0.4006, logits_real 0.0536, logits_fake 0.0550,
Train Epoch: [18/30] Iters:[440/1093] gen_loss -0.2777, rec_loss 0.0108, lpips_loss 0.1318, g_loss -0.0552, disc_weight 0.4000, disc_adaptive_weight 7.6226, d_loss 0.4006, logits_real 0.0537, logits_fake 0.0551,
Train Epoch: [18/30] Iters:[450/1093] gen_loss -0.2769, rec_loss 0.0110, lpips_loss 0.1318, g_loss -0.0553, disc_weight 0.4000, disc_adaptive_weight 7.5852, d_loss 0.4006, logits_real 0.0537, logits_fake 0.0551,
Train Epoch: [18/30] Iters:[460/1093] gen_loss -0.2658, rec_loss 0.0110, lpips_loss 0.1319, g_loss -0.0554, disc_weight 0.4000, disc_adaptive_weight 7.3724, d_loss 0.4006, logits_real 0.0537, logits_fake 0.0552,
Train Epoch: [18/30] Iters:[470/1093] gen_loss -0.2564, rec_loss 0.0110, lpips_loss 0.1316, g_loss -0.0553, disc_weight 0.4000, disc_adaptive_weight 7.2106, d_loss 0.4006, logits_real 0.0535, logits_fake 0.0551,
Train Epoch: [18/30] Iters:[480/1093] gen_loss -0.2584, rec_loss 0.0109, lpips_loss 0.1310, g_loss -0.0553, disc_weight 0.4000, disc_adaptive_weight 7.2408, d_loss 0.4006, logits_real 0.0534, logits_fake 0.0551,
Train Epoch: [18/30] Iters:[490/1093] gen_loss -0.2702, rec_loss 0.0111, lpips_loss 0.1311, g_loss -0.0554, disc_weight 0.4000, disc_adaptive_weight 7.4324, d_loss 0.4006, logits_real 0.0536, logits_fake 0.0553,
Train Epoch: [18/30] Iters:[500/1093] gen_loss -0.2817, rec_loss 0.0110, lpips_loss 0.1307, g_loss -0.0556, disc_weight 0.4000, disc_adaptive_weight 7.6036, d_loss 0.4006, logits_real 0.0539, logits_fake 0.0554,
Train Epoch: [18/30] Iters:[510/1093] gen_loss -0.3028, rec_loss 0.0112, lpips_loss 0.1311, g_loss -0.0558, disc_weight 0.4000, disc_adaptive_weight 7.9605, d_loss 0.4006, logits_real 0.0540, logits_fake 0.0556,
Train Epoch: [18/30] Iters:[520/1093] gen_loss -0.3200, rec_loss 0.0113, lpips_loss 0.1312, g_loss -0.0562, disc_weight 0.4000, disc_adaptive_weight 8.2229, d_loss 0.4006, logits_real 0.0544, logits_fake 0.0558,
Train Epoch: [18/30] Iters:[530/1093] gen_loss -0.3295, rec_loss 0.0113, lpips_loss 0.1313, g_loss -0.0566, disc_weight 0.4000, disc_adaptive_weight 8.3399, d_loss 0.4006, logits_real 0.0548, logits_fake 0.0562,
Train Epoch: [18/30] Iters:[540/1093] gen_loss -0.3302, rec_loss 0.0113, lpips_loss 0.1315, g_loss -0.0569, disc_weight 0.4000, disc_adaptive_weight 8.3122, d_loss 0.4006, logits_real 0.0550, logits_fake 0.0564,
Train Epoch: [18/30] Iters:[550/1093] gen_loss -0.3205, rec_loss 0.0112, lpips_loss 0.1313, g_loss -0.0569, disc_weight 0.4000, disc_adaptive_weight 8.1357, d_loss 0.4006, logits_real 0.0550, logits_fake 0.0566,
Train Epoch: [18/30] Iters:[560/1093] gen_loss -0.3048, rec_loss 0.0112, lpips_loss 0.1313, g_loss -0.0567, disc_weight 0.4000, disc_adaptive_weight 7.8738, d_loss 0.4006, logits_real 0.0550, logits_fake 0.0564,
Train Epoch: [18/30] Iters:[570/1093] gen_loss -0.2980, rec_loss 0.0112, lpips_loss 0.1310, g_loss -0.0566, disc_weight 0.4000, disc_adaptive_weight 7.7658, d_loss 0.4006, logits_real 0.0548, logits_fake 0.0563,
Train Epoch: [18/30] Iters:[580/1093] gen_loss -0.2808, rec_loss 0.0113, lpips_loss 0.1315, g_loss -0.0564, disc_weight 0.4000, disc_adaptive_weight 7.5028, d_loss 0.4006, logits_real 0.0546, logits_fake 0.0562,
Train Epoch: [18/30] Iters:[590/1093] gen_loss -0.2586, rec_loss 0.0112, lpips_loss 0.1312, g_loss -0.0561, disc_weight 0.4000, disc_adaptive_weight 7.1388, d_loss 0.4006, logits_real 0.0546, logits_fake 0.0562,
Train Epoch: [18/30] Iters:[600/1093] gen_loss -0.2651, rec_loss 0.0113, lpips_loss 0.1317, g_loss -0.0563, disc_weight 0.4000, disc_adaptive_weight 7.2454, d_loss 0.4006, logits_real 0.0547, logits_fake 0.0563,
Train Epoch: [18/30] Iters:[610/1093] gen_loss -0.2600, rec_loss 0.0112, lpips_loss 0.1316, g_loss -0.0567, disc_weight 0.4000, disc_adaptive_weight 7.1053, d_loss 0.4006, logits_real 0.0551, logits_fake 0.0567,
Train Epoch: [18/30] Iters:[620/1093] gen_loss -0.2683, rec_loss 0.0111, lpips_loss 0.1320, g_loss -0.0570, disc_weight 0.4000, disc_adaptive_weight 7.2176, d_loss 0.4006, logits_real 0.0555, logits_fake 0.0572,
Train Epoch: [18/30] Iters:[630/1093] gen_loss -0.2864, rec_loss 0.0111, lpips_loss 0.1315, g_loss -0.0573, disc_weight 0.4000, disc_adaptive_weight 7.4835, d_loss 0.4006, logits_real 0.0558, logits_fake 0.0574,
Train Epoch: [18/30] Iters:[640/1093] gen_loss -0.2880, rec_loss 0.0111, lpips_loss 0.1317, g_loss -0.0575, disc_weight 0.4000, disc_adaptive_weight 7.4911, d_loss 0.4006, logits_real 0.0559, logits_fake 0.0575,
Train Epoch: [18/30] Iters:[650/1093] gen_loss -0.3206, rec_loss 0.0110, lpips_loss 0.1316, g_loss -0.0576, disc_weight 0.4000, disc_adaptive_weight 8.0532, d_loss 0.4006, logits_real 0.0560, logits_fake 0.0575,
Train Epoch: [18/30] Iters:[660/1093] gen_loss -0.3690, rec_loss 0.0111, lpips_loss 0.1317, g_loss -0.0573, disc_weight 0.4000, disc_adaptive_weight 8.9416, d_loss 0.4006, logits_real 0.0558, logits_fake 0.0574,
Train Epoch: [18/30] Iters:[670/1093] gen_loss -0.3786, rec_loss 0.0112, lpips_loss 0.1320, g_loss -0.0570, disc_weight 0.4000, disc_adaptive_weight 9.1530, d_loss 0.4006, logits_real 0.0555, logits_fake 0.0571,
Train Epoch: [18/30] Iters:[680/1093] gen_loss -0.3661, rec_loss 0.0112, lpips_loss 0.1323, g_loss -0.0567, disc_weight 0.4000, disc_adaptive_weight 8.9750, d_loss 0.4006, logits_real 0.0552, logits_fake 0.0568,
Train Epoch: [18/30] Iters:[690/1093] gen_loss -0.3813, rec_loss 0.0112, lpips_loss 0.1321, g_loss -0.0565, disc_weight 0.4000, disc_adaptive_weight 9.2810, d_loss 0.4006, logits_real 0.0550, logits_fake 0.0566,
Train Epoch: [18/30] Iters:[700/1093] gen_loss -0.3404, rec_loss 0.0112, lpips_loss 0.1318, g_loss -0.0563, disc_weight 0.4000, disc_adaptive_weight 8.5762, d_loss 0.4006, logits_real 0.0549, logits_fake 0.0565,
Train Epoch: [18/30] Iters:[710/1093] gen_loss -0.2839, rec_loss 0.0111, lpips_loss 0.1316, g_loss -0.0563, disc_weight 0.4000, disc_adaptive_weight 7.5828, d_loss 0.4006, logits_real 0.0548, logits_fake 0.0563,
Train Epoch: [18/30] Iters:[720/1093] gen_loss -0.2492, rec_loss 0.0111, lpips_loss 0.1318, g_loss -0.0562, disc_weight 0.4000, disc_adaptive_weight 6.9836, d_loss 0.4006, logits_real 0.0548, logits_fake 0.0563,
Train Epoch: [18/30] Iters:[730/1093] gen_loss -0.2509, rec_loss 0.0111, lpips_loss 0.1319, g_loss -0.0561, disc_weight 0.4000, disc_adaptive_weight 7.0217, d_loss 0.4006, logits_real 0.0548, logits_fake 0.0563,
Train Epoch: [18/30] Iters:[740/1093] gen_loss -0.2423, rec_loss 0.0112, lpips_loss 0.1323, g_loss -0.0562, disc_weight 0.4000, disc_adaptive_weight 6.8655, d_loss 0.4006, logits_real 0.0547, logits_fake 0.0563,
Train Epoch: [18/30] Iters:[750/1093] gen_loss -0.2272, rec_loss 0.0113, lpips_loss 0.1323, g_loss -0.0562, disc_weight 0.4000, disc_adaptive_weight 6.5998, d_loss 0.4006, logits_real 0.0545, logits_fake 0.0561,
Train Epoch: [18/30] Iters:[760/1093] gen_loss -0.2552, rec_loss 0.0113, lpips_loss 0.1326, g_loss -0.0561, disc_weight 0.4000, disc_adaptive_weight 7.1300, d_loss 0.4006, logits_real 0.0544, logits_fake 0.0559,
Train Epoch: [18/30] Iters:[770/1093] gen_loss -0.2623, rec_loss 0.0113, lpips_loss 0.1325, g_loss -0.0561, disc_weight 0.4000, disc_adaptive_weight 7.2499, d_loss 0.4006, logits_real 0.0542, logits_fake 0.0557,
Train Epoch: [18/30] Iters:[780/1093] gen_loss -0.2630, rec_loss 0.0113, lpips_loss 0.1321, g_loss -0.0559, disc_weight 0.4000, disc_adaptive_weight 7.2901, d_loss 0.4006, logits_real 0.0541, logits_fake 0.0557,
Train Epoch: [18/30] Iters:[790/1093] gen_loss -0.2430, rec_loss 0.0112, lpips_loss 0.1322, g_loss -0.0557, disc_weight 0.4000, disc_adaptive_weight 6.9566, d_loss 0.4006, logits_real 0.0540, logits_fake 0.0556,
Train Epoch: [18/30] Iters:[800/1093] gen_loss -0.2524, rec_loss 0.0112, lpips_loss 0.1327, g_loss -0.0555, disc_weight 0.4000, disc_adaptive_weight 7.1501, d_loss 0.4006, logits_real 0.0539, logits_fake 0.0556,
Train Epoch: [18/30] Iters:[810/1093] gen_loss -0.2453, rec_loss 0.0111, lpips_loss 0.1321, g_loss -0.0557, disc_weight 0.4000, disc_adaptive_weight 6.9821, d_loss 0.4006, logits_real 0.0541, logits_fake 0.0558,
Train Epoch: [18/30] Iters:[820/1093] gen_loss -0.2364, rec_loss 0.0111, lpips_loss 0.1314, g_loss -0.0557, disc_weight 0.4000, disc_adaptive_weight 6.8022, d_loss 0.4006, logits_real 0.0543, logits_fake 0.0559,
Train Epoch: [18/30] Iters:[830/1093] gen_loss -0.2258, rec_loss 0.0109, lpips_loss 0.1314, g_loss -0.0557, disc_weight 0.4000, disc_adaptive_weight 6.6053, d_loss 0.4006, logits_real 0.0540, logits_fake 0.0557,
Train Epoch: [18/30] Iters:[840/1093] gen_loss -0.2578, rec_loss 0.0109, lpips_loss 0.1313, g_loss -0.0553, disc_weight 0.4000, disc_adaptive_weight 7.2435, d_loss 0.4006, logits_real 0.0537, logits_fake 0.0554,
Train Epoch: [18/30] Iters:[850/1093] gen_loss -0.2587, rec_loss 0.0108, lpips_loss 0.1313, g_loss -0.0549, disc_weight 0.4000, disc_adaptive_weight 7.3193, d_loss 0.4006, logits_real 0.0534, logits_fake 0.0549,
Train Epoch: [18/30] Iters:[860/1093] gen_loss -0.2602, rec_loss 0.0110, lpips_loss 0.1322, g_loss -0.0544, disc_weight 0.4000, disc_adaptive_weight 7.4365, d_loss 0.4006, logits_real 0.0527, logits_fake 0.0544,
Train Epoch: [18/30] Iters:[870/1093] gen_loss -0.2695, rec_loss 0.0110, lpips_loss 0.1323, g_loss -0.0538, disc_weight 0.4000, disc_adaptive_weight 7.6767, d_loss 0.4006, logits_real 0.0523, logits_fake 0.0540,
Train Epoch: [18/30] Iters:[880/1093] gen_loss -0.2742, rec_loss 0.0111, lpips_loss 0.1325, g_loss -0.0535, disc_weight 0.4000, disc_adaptive_weight 7.8005, d_loss 0.4006, logits_real 0.0521, logits_fake 0.0537,
Train Epoch: [18/30] Iters:[890/1093] gen_loss -0.2505, rec_loss 0.0110, lpips_loss 0.1326, g_loss -0.0536, disc_weight 0.4000, disc_adaptive_weight 7.3567, d_loss 0.4006, logits_real 0.0520, logits_fake 0.0536,
Train Epoch: [18/30] Iters:[900/1093] gen_loss -0.2392, rec_loss 0.0111, lpips_loss 0.1322, g_loss -0.0536, disc_weight 0.4000, disc_adaptive_weight 7.1363, d_loss 0.4006, logits_real 0.0518, logits_fake 0.0537,
Train Epoch: [18/30] Iters:[910/1093] gen_loss -0.2290, rec_loss 0.0110, lpips_loss 0.1316, g_loss -0.0536, disc_weight 0.4000, disc_adaptive_weight 6.9300, d_loss 0.4006, logits_real 0.0520, logits_fake 0.0536,
Train Epoch: [18/30] Iters:[920/1093] gen_loss -0.2273, rec_loss 0.0110, lpips_loss 0.1323, g_loss -0.0537, disc_weight 0.4000, disc_adaptive_weight 6.8998, d_loss 0.4006, logits_real 0.0519, logits_fake 0.0536,
Train Epoch: [18/30] Iters:[930/1093] gen_loss -0.2489, rec_loss 0.0110, lpips_loss 0.1321, g_loss -0.0537, disc_weight 0.4000, disc_adaptive_weight 7.3079, d_loss 0.4006, logits_real 0.0519, logits_fake 0.0536,
Train Epoch: [18/30] Iters:[940/1093] gen_loss -0.2647, rec_loss 0.0112, lpips_loss 0.1318, g_loss -0.0536, disc_weight 0.4000, disc_adaptive_weight 7.6154, d_loss 0.4006, logits_real 0.0520, logits_fake 0.0535,
Train Epoch: [18/30] Iters:[950/1093] gen_loss -0.2619, rec_loss 0.0111, lpips_loss 0.1319, g_loss -0.0538, disc_weight 0.4000, disc_adaptive_weight 7.5474, d_loss 0.4006, logits_real 0.0522, logits_fake 0.0538,
Train Epoch: [18/30] Iters:[960/1093] gen_loss -0.2494, rec_loss 0.0110, lpips_loss 0.1317, g_loss -0.0540, disc_weight 0.4000, disc_adaptive_weight 7.2788, d_loss 0.4006, logits_real 0.0525, logits_fake 0.0540,
Train Epoch: [18/30] Iters:[970/1093] gen_loss -0.2491, rec_loss 0.0111, lpips_loss 0.1310, g_loss -0.0542, disc_weight 0.4000, disc_adaptive_weight 7.2450, d_loss 0.4006, logits_real 0.0528, logits_fake 0.0543,
Train Epoch: [18/30] Iters:[980/1093] gen_loss -0.2341, rec_loss 0.0110, lpips_loss 0.1313, g_loss -0.0546, disc_weight 0.4000, disc_adaptive_weight 6.9087, d_loss 0.4006, logits_real 0.0532, logits_fake 0.0548,
Train Epoch: [18/30] Iters:[990/1093] gen_loss -0.2180, rec_loss 0.0109, lpips_loss 0.1319, g_loss -0.0550, disc_weight 0.4000, disc_adaptive_weight 6.5622, d_loss 0.4006, logits_real 0.0536, logits_fake 0.0553,
Train Epoch: [18/30] Iters:[1000/1093] gen_loss -0.2194, rec_loss 0.0109, lpips_loss 0.1317, g_loss -0.0551, disc_weight 0.4000, disc_adaptive_weight 6.5736, d_loss 0.4006, logits_real 0.0537, logits_fake 0.0553,
Train Epoch: [18/30] Iters:[1010/1093] gen_loss -0.2413, rec_loss 0.0110, lpips_loss 0.1321, g_loss -0.0550, disc_weight 0.4000, disc_adaptive_weight 6.9832, d_loss 0.4006, logits_real 0.0537, logits_fake 0.0554,
Train Epoch: [18/30] Iters:[1020/1093] gen_loss -0.2529, rec_loss 0.0109, lpips_loss 0.1319, g_loss -0.0551, disc_weight 0.4000, disc_adaptive_weight 7.1751, d_loss 0.4006, logits_real 0.0536, logits_fake 0.0553,
Train Epoch: [18/30] Iters:[1030/1093] gen_loss -0.2425, rec_loss 0.0109, lpips_loss 0.1314, g_loss -0.0550, disc_weight 0.4000, disc_adaptive_weight 6.9908, d_loss 0.4006, logits_real 0.0536, logits_fake 0.0552,
Train Epoch: [18/30] Iters:[1040/1093] gen_loss -0.2412, rec_loss 0.0108, lpips_loss 0.1305, g_loss -0.0551, disc_weight 0.4000, disc_adaptive_weight 6.9402, d_loss 0.4006, logits_real 0.0536, logits_fake 0.0552,
Train Epoch: [18/30] Iters:[1050/1093] gen_loss -0.2502, rec_loss 0.0109, lpips_loss 0.1310, g_loss -0.0553, disc_weight 0.4000, disc_adaptive_weight 7.0858, d_loss 0.4006, logits_real 0.0536, logits_fake 0.0553,
Train Epoch: [18/30] Iters:[1060/1093] gen_loss -0.2505, rec_loss 0.0109, lpips_loss 0.1306, g_loss -0.0555, disc_weight 0.4000, disc_adaptive_weight 7.0614, d_loss 0.4006, logits_real 0.0537, logits_fake 0.0553,
Train Epoch: [18/30] Iters:[1070/1093] gen_loss -0.2444, rec_loss 0.0109, lpips_loss 0.1312, g_loss -0.0555, disc_weight 0.4000, disc_adaptive_weight 6.9651, d_loss 0.4006, logits_real 0.0537, logits_fake 0.0554,
Train Epoch: [18/30] Iters:[1080/1093] gen_loss -0.2520, rec_loss 0.0109, lpips_loss 0.1313, g_loss -0.0554, disc_weight 0.4000, disc_adaptive_weight 7.1102, d_loss 0.4006, logits_real 0.0536, logits_fake 0.0553,
Train Epoch: [18/30] Iters:[1090/1093] gen_loss -0.2534, rec_loss 0.0109, lpips_loss 0.1317, g_loss -0.0553, disc_weight 0.4000, disc_adaptive_weight 7.1638, d_loss 0.4006, logits_real 0.0535, logits_fake 0.0552,
epoch:19, cur_lr:0.000010
Train Epoch: [19/30] Iters:[10/1093] gen_loss -0.2101, rec_loss 0.0102, lpips_loss 0.1290, g_loss -0.0554, disc_weight 0.4000, disc_adaptive_weight 6.3171, d_loss 0.4006, logits_real 0.0538, logits_fake 0.0556,
Train Epoch: [19/30] Iters:[20/1093] gen_loss -0.2251, rec_loss 0.0104, lpips_loss 0.1300, g_loss -0.0555, disc_weight 0.4000, disc_adaptive_weight 6.5889, d_loss 0.4006, logits_real 0.0540, logits_fake 0.0556,
Train Epoch: [19/30] Iters:[30/1093] gen_loss -0.2020, rec_loss 0.0106, lpips_loss 0.1309, g_loss -0.0554, disc_weight 0.4000, disc_adaptive_weight 6.2014, d_loss 0.4006, logits_real 0.0541, logits_fake 0.0557,
Train Epoch: [19/30] Iters:[40/1093] gen_loss -0.2108, rec_loss 0.0106, lpips_loss 0.1309, g_loss -0.0552, disc_weight 0.4000, disc_adaptive_weight 6.3864, d_loss 0.4006, logits_real 0.0539, logits_fake 0.0555,
Train Epoch: [19/30] Iters:[50/1093] gen_loss -0.2218, rec_loss 0.0106, lpips_loss 0.1310, g_loss -0.0549, disc_weight 0.4000, disc_adaptive_weight 6.6194, d_loss 0.4006, logits_real 0.0536, logits_fake 0.0552,
Train Epoch: [19/30] Iters:[60/1093] gen_loss -0.2346, rec_loss 0.0107, lpips_loss 0.1313, g_loss -0.0548, disc_weight 0.4000, disc_adaptive_weight 6.8752, d_loss 0.4006, logits_real 0.0534, logits_fake 0.0550,
Train Epoch: [19/30] Iters:[70/1093] gen_loss -0.2380, rec_loss 0.0107, lpips_loss 0.1313, g_loss -0.0545, disc_weight 0.4000, disc_adaptive_weight 6.9772, d_loss 0.4006, logits_real 0.0530, logits_fake 0.0548,
Train Epoch: [19/30] Iters:[80/1093] gen_loss -0.2474, rec_loss 0.0107, lpips_loss 0.1310, g_loss -0.0543, disc_weight 0.4000, disc_adaptive_weight 7.1637, d_loss 0.4006, logits_real 0.0527, logits_fake 0.0545,
Train Epoch: [19/30] Iters:[90/1093] gen_loss -0.2561, rec_loss 0.0107, lpips_loss 0.1310, g_loss -0.0544, disc_weight 0.4000, disc_adaptive_weight 7.3102, d_loss 0.4006, logits_real 0.0527, logits_fake 0.0545,
Train Epoch: [19/30] Iters:[100/1093] gen_loss -0.2694, rec_loss 0.0108, lpips_loss 0.1313, g_loss -0.0546, disc_weight 0.4000, disc_adaptive_weight 7.5395, d_loss 0.4006, logits_real 0.0528, logits_fake 0.0546,
Train Epoch: [19/30] Iters:[110/1093] gen_loss -0.2610, rec_loss 0.0109, lpips_loss 0.1316, g_loss -0.0545, disc_weight 0.4000, disc_adaptive_weight 7.4104, d_loss 0.4006, logits_real 0.0528, logits_fake 0.0546,
Train Epoch: [19/30] Iters:[120/1093] gen_loss -0.2652, rec_loss 0.0109, lpips_loss 0.1319, g_loss -0.0544, disc_weight 0.4000, disc_adaptive_weight 7.5052, d_loss 0.4006, logits_real 0.0529, logits_fake 0.0546,
Train Epoch: [19/30] Iters:[130/1093] gen_loss -0.3011, rec_loss 0.0110, lpips_loss 0.1322, g_loss -0.0543, disc_weight 0.4000, disc_adaptive_weight 8.1915, d_loss 0.4006, logits_real 0.0527, logits_fake 0.0544,
Train Epoch: [19/30] Iters:[140/1093] gen_loss -0.2896, rec_loss 0.0110, lpips_loss 0.1324, g_loss -0.0539, disc_weight 0.4000, disc_adaptive_weight 8.0265, d_loss 0.4006, logits_real 0.0524, logits_fake 0.0540,
Train Epoch: [19/30] Iters:[150/1093] gen_loss -0.2607, rec_loss 0.0109, lpips_loss 0.1319, g_loss -0.0538, disc_weight 0.4000, disc_adaptive_weight 7.5023, d_loss 0.4006, logits_real 0.0523, logits_fake 0.0538,
Train Epoch: [19/30] Iters:[160/1093] gen_loss -0.2548, rec_loss 0.0108, lpips_loss 0.1315, g_loss -0.0538, disc_weight 0.4000, disc_adaptive_weight 7.3806, d_loss 0.4006, logits_real 0.0523, logits_fake 0.0537,
Train Epoch: [19/30] Iters:[170/1093] gen_loss -0.2369, rec_loss 0.0108, lpips_loss 0.1312, g_loss -0.0539, disc_weight 0.4000, disc_adaptive_weight 7.0307, d_loss 0.4006, logits_real 0.0523, logits_fake 0.0538,
Train Epoch: [19/30] Iters:[180/1093] gen_loss -0.2081, rec_loss 0.0107, lpips_loss 0.1309, g_loss -0.0540, disc_weight 0.4000, disc_adaptive_weight 6.4679, d_loss 0.4006, logits_real 0.0525, logits_fake 0.0540,
Train Epoch: [19/30] Iters:[190/1093] gen_loss -0.2086, rec_loss 0.0107, lpips_loss 0.1308, g_loss -0.0545, disc_weight 0.4000, disc_adaptive_weight 6.4265, d_loss 0.4006, logits_real 0.0530, logits_fake 0.0545,
Train Epoch: [19/30] Iters:[200/1093] gen_loss -0.2450, rec_loss 0.0108, lpips_loss 0.1310, g_loss -0.0550, disc_weight 0.4000, disc_adaptive_weight 7.0193, d_loss 0.4006, logits_real 0.0535, logits_fake 0.0551,
Train Epoch: [19/30] Iters:[210/1093] gen_loss -0.2831, rec_loss 0.0110, lpips_loss 0.1314, g_loss -0.0557, disc_weight 0.4000, disc_adaptive_weight 7.6114, d_loss 0.4006, logits_real 0.0541, logits_fake 0.0557,
Train Epoch: [19/30] Iters:[220/1093] gen_loss -0.3175, rec_loss 0.0111, lpips_loss 0.1318, g_loss -0.0566, disc_weight 0.4000, disc_adaptive_weight 8.1085, d_loss 0.4006, logits_real 0.0549, logits_fake 0.0566,
Train Epoch: [19/30] Iters:[230/1093] gen_loss -0.3778, rec_loss 0.0112, lpips_loss 0.1320, g_loss -0.0574, disc_weight 0.4000, disc_adaptive_weight 9.0479, d_loss 0.4006, logits_real 0.0558, logits_fake 0.0574,
Train Epoch: [19/30] Iters:[240/1093] gen_loss -0.4153, rec_loss 0.0113, lpips_loss 0.1323, g_loss -0.0581, disc_weight 0.4000, disc_adaptive_weight 9.6140, d_loss 0.4007, logits_real 0.0562, logits_fake 0.0582,
Train Epoch: [19/30] Iters:[250/1093] gen_loss -0.4034, rec_loss 0.0115, lpips_loss 0.1330, g_loss -0.0584, disc_weight 0.4000, disc_adaptive_weight 9.3799, d_loss 0.4007, logits_real 0.0566, logits_fake 0.0585,
Train Epoch: [19/30] Iters:[260/1093] gen_loss -0.3750, rec_loss 0.0114, lpips_loss 0.1327, g_loss -0.0586, disc_weight 0.4000, disc_adaptive_weight 8.8606, d_loss 0.4007, logits_real 0.0568, logits_fake 0.0587,
Train Epoch: [19/30] Iters:[270/1093] gen_loss -0.3470, rec_loss 0.0112, lpips_loss 0.1320, g_loss -0.0584, disc_weight 0.4000, disc_adaptive_weight 8.3872, d_loss 0.4006, logits_real 0.0567, logits_fake 0.0585,
Train Epoch: [19/30] Iters:[280/1093] gen_loss -0.2730, rec_loss 0.0111, lpips_loss 0.1318, g_loss -0.0581, disc_weight 0.4000, disc_adaptive_weight 7.1524, d_loss 0.4006, logits_real 0.0563, logits_fake 0.0580,
Train Epoch: [19/30] Iters:[290/1093] gen_loss -0.2286, rec_loss 0.0110, lpips_loss 0.1317, g_loss -0.0574, disc_weight 0.4000, disc_adaptive_weight 6.4558, d_loss 0.4006, logits_real 0.0559, logits_fake 0.0574,
Train Epoch: [19/30] Iters:[300/1093] gen_loss -0.2067, rec_loss 0.0108, lpips_loss 0.1312, g_loss -0.0569, disc_weight 0.4000, disc_adaptive_weight 6.1196, d_loss 0.4006, logits_real 0.0554, logits_fake 0.0569,
Train Epoch: [19/30] Iters:[310/1093] gen_loss -0.2071, rec_loss 0.0109, lpips_loss 0.1313, g_loss -0.0565, disc_weight 0.4000, disc_adaptive_weight 6.1856, d_loss 0.4006, logits_real 0.0550, logits_fake 0.0565,
Train Epoch: [19/30] Iters:[320/1093] gen_loss -0.2136, rec_loss 0.0110, lpips_loss 0.1316, g_loss -0.0564, disc_weight 0.4000, disc_adaptive_weight 6.3134, d_loss 0.4006, logits_real 0.0549, logits_fake 0.0564,
Train Epoch: [19/30] Iters:[330/1093] gen_loss -0.2429, rec_loss 0.0111, lpips_loss 0.1320, g_loss -0.0566, disc_weight 0.4000, disc_adaptive_weight 6.8102, d_loss 0.4006, logits_real 0.0550, logits_fake 0.0566,
Train Epoch: [19/30] Iters:[340/1093] gen_loss -0.2554, rec_loss 0.0111, lpips_loss 0.1321, g_loss -0.0570, disc_weight 0.4000, disc_adaptive_weight 6.9829, d_loss 0.4006, logits_real 0.0555, logits_fake 0.0570,
Train Epoch: [19/30] Iters:[350/1093] gen_loss -0.2802, rec_loss 0.0110, lpips_loss 0.1318, g_loss -0.0575, disc_weight 0.4000, disc_adaptive_weight 7.3560, d_loss 0.4006, logits_real 0.0559, logits_fake 0.0575,
Train Epoch: [19/30] Iters:[360/1093] gen_loss -0.2881, rec_loss 0.0110, lpips_loss 0.1317, g_loss -0.0576, disc_weight 0.4000, disc_adaptive_weight 7.4789, d_loss 0.4006, logits_real 0.0561, logits_fake 0.0576,
Train Epoch: [19/30] Iters:[370/1093] gen_loss -0.2866, rec_loss 0.0110, lpips_loss 0.1318, g_loss -0.0574, disc_weight 0.4000, disc_adaptive_weight 7.4845, d_loss 0.4006, logits_real 0.0558, logits_fake 0.0575,
Train Epoch: [19/30] Iters:[380/1093] gen_loss -0.2724, rec_loss 0.0110, lpips_loss 0.1313, g_loss -0.0571, disc_weight 0.4000, disc_adaptive_weight 7.2719, d_loss 0.4006, logits_real 0.0555, logits_fake 0.0572,
Train Epoch: [19/30] Iters:[390/1093] gen_loss -0.2725, rec_loss 0.0109, lpips_loss 0.1305, g_loss -0.0567, disc_weight 0.4000, disc_adaptive_weight 7.3039, d_loss 0.4006, logits_real 0.0551, logits_fake 0.0568,
Train Epoch: [19/30] Iters:[400/1093] gen_loss -0.2576, rec_loss 0.0109, lpips_loss 0.1308, g_loss -0.0561, disc_weight 0.4000, disc_adaptive_weight 7.1156, d_loss 0.4006, logits_real 0.0546, logits_fake 0.0563,
Train Epoch: [19/30] Iters:[410/1093] gen_loss -0.2396, rec_loss 0.0110, lpips_loss 0.1310, g_loss -0.0560, disc_weight 0.4000, disc_adaptive_weight 6.8218, d_loss 0.4006, logits_real 0.0544, logits_fake 0.0561,
Train Epoch: [19/30] Iters:[420/1093] gen_loss -0.2621, rec_loss 0.0110, lpips_loss 0.1315, g_loss -0.0559, disc_weight 0.4000, disc_adaptive_weight 7.2342, d_loss 0.4006, logits_real 0.0545, logits_fake 0.0560,
Train Epoch: [19/30] Iters:[430/1093] gen_loss -0.2634, rec_loss 0.0110, lpips_loss 0.1316, g_loss -0.0560, disc_weight 0.4000, disc_adaptive_weight 7.2459, d_loss 0.4006, logits_real 0.0545, logits_fake 0.0561,
Train Epoch: [19/30] Iters:[440/1093] gen_loss -0.2517, rec_loss 0.0111, lpips_loss 0.1322, g_loss -0.0560, disc_weight 0.4000, disc_adaptive_weight 7.0468, d_loss 0.4006, logits_real 0.0545, logits_fake 0.0561,
Train Epoch: [19/30] Iters:[450/1093] gen_loss -0.2446, rec_loss 0.0110, lpips_loss 0.1321, g_loss -0.0560, disc_weight 0.4000, disc_adaptive_weight 6.9178, d_loss 0.4006, logits_real 0.0546, logits_fake 0.0562,
Train Epoch: [19/30] Iters:[460/1093] gen_loss -0.2661, rec_loss 0.0110, lpips_loss 0.1318, g_loss -0.0559, disc_weight 0.4000, disc_adaptive_weight 7.3161, d_loss 0.4006, logits_real 0.0545, logits_fake 0.0561,
Train Epoch: [19/30] Iters:[470/1093] gen_loss -0.2297, rec_loss 0.0109, lpips_loss 0.1314, g_loss -0.0558, disc_weight 0.4000, disc_adaptive_weight 6.6690, d_loss 0.4006, logits_real 0.0543, logits_fake 0.0560,
Train Epoch: [19/30] Iters:[480/1093] gen_loss -0.2238, rec_loss 0.0109, lpips_loss 0.1313, g_loss -0.0554, disc_weight 0.4000, disc_adaptive_weight 6.6095, d_loss 0.4006, logits_real 0.0539, logits_fake 0.0556,
Train Epoch: [19/30] Iters:[490/1093] gen_loss -0.2316, rec_loss 0.0110, lpips_loss 0.1314, g_loss -0.0550, disc_weight 0.4000, disc_adaptive_weight 6.8011, d_loss 0.4006, logits_real 0.0534, logits_fake 0.0551,
Train Epoch: [19/30] Iters:[500/1093] gen_loss -0.2579, rec_loss 0.0110, lpips_loss 0.1314, g_loss -0.0548, disc_weight 0.4000, disc_adaptive_weight 7.3101, d_loss 0.4006, logits_real 0.0530, logits_fake 0.0548,
Train Epoch: [19/30] Iters:[510/1093] gen_loss -0.2456, rec_loss 0.0110, lpips_loss 0.1314, g_loss -0.0548, disc_weight 0.4000, disc_adaptive_weight 7.0840, d_loss 0.4006, logits_real 0.0529, logits_fake 0.0547,
Train Epoch: [19/30] Iters:[520/1093] gen_loss -0.2411, rec_loss 0.0111, lpips_loss 0.1319, g_loss -0.0545, disc_weight 0.4000, disc_adaptive_weight 7.0448, d_loss 0.4006, logits_real 0.0526, logits_fake 0.0543,
Train Epoch: [19/30] Iters:[530/1093] gen_loss -0.2387, rec_loss 0.0110, lpips_loss 0.1321, g_loss -0.0545, disc_weight 0.4000, disc_adaptive_weight 7.0003, d_loss 0.4006, logits_real 0.0526, logits_fake 0.0542,
Train Epoch: [19/30] Iters:[540/1093] gen_loss -0.2462, rec_loss 0.0110, lpips_loss 0.1321, g_loss -0.0545, disc_weight 0.4000, disc_adaptive_weight 7.1501, d_loss 0.4006, logits_real 0.0526, logits_fake 0.0542,
Train Epoch: [19/30] Iters:[550/1093] gen_loss -0.2067, rec_loss 0.0111, lpips_loss 0.1321, g_loss -0.0545, disc_weight 0.4000, disc_adaptive_weight 6.4179, d_loss 0.4006, logits_real 0.0527, logits_fake 0.0542,
Train Epoch: [19/30] Iters:[560/1093] gen_loss -0.2014, rec_loss 0.0111, lpips_loss 0.1320, g_loss -0.0542, disc_weight 0.4000, disc_adaptive_weight 6.3552, d_loss 0.4006, logits_real 0.0526, logits_fake 0.0541,
Train Epoch: [19/30] Iters:[570/1093] gen_loss -0.2309, rec_loss 0.0110, lpips_loss 0.1315, g_loss -0.0542, disc_weight 0.4000, disc_adaptive_weight 6.8989, d_loss 0.4006, logits_real 0.0527, logits_fake 0.0542,
Train Epoch: [19/30] Iters:[580/1093] gen_loss -0.2188, rec_loss 0.0111, lpips_loss 0.1314, g_loss -0.0543, disc_weight 0.4000, disc_adaptive_weight 6.6653, d_loss 0.4005, logits_real 0.0531, logits_fake 0.0545,
Train Epoch: [19/30] Iters:[590/1093] gen_loss -0.2082, rec_loss 0.0110, lpips_loss 0.1312, g_loss -0.0545, disc_weight 0.4000, disc_adaptive_weight 6.4335, d_loss 0.4005, logits_real 0.0534, logits_fake 0.0548,
Train Epoch: [19/30] Iters:[600/1093] gen_loss -0.2230, rec_loss 0.0109, lpips_loss 0.1310, g_loss -0.0547, disc_weight 0.4000, disc_adaptive_weight 6.6836, d_loss 0.4006, logits_real 0.0537, logits_fake 0.0552,
Train Epoch: [19/30] Iters:[610/1093] gen_loss -0.2341, rec_loss 0.0110, lpips_loss 0.1313, g_loss -0.0548, disc_weight 0.4000, disc_adaptive_weight 6.8813, d_loss 0.4006, logits_real 0.0538, logits_fake 0.0553,
Train Epoch: [19/30] Iters:[620/1093] gen_loss -0.2279, rec_loss 0.0109, lpips_loss 0.1312, g_loss -0.0549, disc_weight 0.4000, disc_adaptive_weight 6.7417, d_loss 0.4006, logits_real 0.0538, logits_fake 0.0553,
Train Epoch: [19/30] Iters:[630/1093] gen_loss -0.2432, rec_loss 0.0109, lpips_loss 0.1318, g_loss -0.0549, disc_weight 0.4000, disc_adaptive_weight 7.0370, d_loss 0.4006, logits_real 0.0536, logits_fake 0.0552,
Train Epoch: [19/30] Iters:[640/1093] gen_loss -0.2418, rec_loss 0.0109, lpips_loss 0.1317, g_loss -0.0548, disc_weight 0.4000, disc_adaptive_weight 7.0234, d_loss 0.4006, logits_real 0.0533, logits_fake 0.0550,
Train Epoch: [19/30] Iters:[650/1093] gen_loss -0.2326, rec_loss 0.0110, lpips_loss 0.1321, g_loss -0.0547, disc_weight 0.4000, disc_adaptive_weight 6.8718, d_loss 0.4006, logits_real 0.0533, logits_fake 0.0548,
Train Epoch: [19/30] Iters:[660/1093] gen_loss -0.2411, rec_loss 0.0110, lpips_loss 0.1323, g_loss -0.0549, disc_weight 0.4000, disc_adaptive_weight 7.0007, d_loss 0.4006, logits_real 0.0534, logits_fake 0.0549,
Train Epoch: [19/30] Iters:[670/1093] gen_loss -0.2531, rec_loss 0.0110, lpips_loss 0.1323, g_loss -0.0553, disc_weight 0.4000, disc_adaptive_weight 7.1601, d_loss 0.4005, logits_real 0.0538, logits_fake 0.0552,
Train Epoch: [19/30] Iters:[680/1093] gen_loss -0.2667, rec_loss 0.0111, lpips_loss 0.1317, g_loss -0.0556, disc_weight 0.4000, disc_adaptive_weight 7.3537, d_loss 0.4005, logits_real 0.0542, logits_fake 0.0556,
Train Epoch: [19/30] Iters:[690/1093] gen_loss -0.2778, rec_loss 0.0111, lpips_loss 0.1322, g_loss -0.0560, disc_weight 0.4000, disc_adaptive_weight 7.5098, d_loss 0.4005, logits_real 0.0546, logits_fake 0.0560,
Train Epoch: [19/30] Iters:[700/1093] gen_loss -0.2920, rec_loss 0.0110, lpips_loss 0.1317, g_loss -0.0562, disc_weight 0.4000, disc_adaptive_weight 7.7281, d_loss 0.4006, logits_real 0.0547, logits_fake 0.0563,
Train Epoch: [19/30] Iters:[710/1093] gen_loss -0.2827, rec_loss 0.0110, lpips_loss 0.1315, g_loss -0.0563, disc_weight 0.4000, disc_adaptive_weight 7.5567, d_loss 0.4006, logits_real 0.0548, logits_fake 0.0564,
Train Epoch: [19/30] Iters:[720/1093] gen_loss -0.2596, rec_loss 0.0110, lpips_loss 0.1315, g_loss -0.0561, disc_weight 0.4000, disc_adaptive_weight 7.1638, d_loss 0.4006, logits_real 0.0545, logits_fake 0.0562,
Train Epoch: [19/30] Iters:[730/1093] gen_loss -0.2454, rec_loss 0.0110, lpips_loss 0.1313, g_loss -0.0559, disc_weight 0.4000, disc_adaptive_weight 6.9350, d_loss 0.4006, logits_real 0.0541, logits_fake 0.0557,
Train Epoch: [19/30] Iters:[740/1093] gen_loss -0.2376, rec_loss 0.0111, lpips_loss 0.1317, g_loss -0.0555, disc_weight 0.4000, disc_adaptive_weight 6.8635, d_loss 0.4006, logits_real 0.0538, logits_fake 0.0553,
Train Epoch: [19/30] Iters:[750/1093] gen_loss -0.2463, rec_loss 0.0113, lpips_loss 0.1324, g_loss -0.0551, disc_weight 0.4000, disc_adaptive_weight 7.0858, d_loss 0.4006, logits_real 0.0535, logits_fake 0.0551,
Train Epoch: [19/30] Iters:[760/1093] gen_loss -0.2244, rec_loss 0.0112, lpips_loss 0.1320, g_loss -0.0547, disc_weight 0.4000, disc_adaptive_weight 6.7238, d_loss 0.4006, logits_real 0.0531, logits_fake 0.0546,
Train Epoch: [19/30] Iters:[770/1093] gen_loss -0.2157, rec_loss 0.0111, lpips_loss 0.1319, g_loss -0.0545, disc_weight 0.4000, disc_adaptive_weight 6.5873, d_loss 0.4006, logits_real 0.0530, logits_fake 0.0545,
Train Epoch: [19/30] Iters:[780/1093] gen_loss -0.2147, rec_loss 0.0110, lpips_loss 0.1319, g_loss -0.0546, disc_weight 0.4000, disc_adaptive_weight 6.5520, d_loss 0.4006, logits_real 0.0532, logits_fake 0.0548,
Train Epoch: [19/30] Iters:[790/1093] gen_loss -0.2095, rec_loss 0.0109, lpips_loss 0.1315, g_loss -0.0551, disc_weight 0.4000, disc_adaptive_weight 6.3880, d_loss 0.4006, logits_real 0.0536, logits_fake 0.0552,
Train Epoch: [19/30] Iters:[800/1093] gen_loss -0.1815, rec_loss 0.0107, lpips_loss 0.1313, g_loss -0.0556, disc_weight 0.4000, disc_adaptive_weight 5.8149, d_loss 0.4005, logits_real 0.0540, logits_fake 0.0554,
Train Epoch: [19/30] Iters:[810/1093] gen_loss -0.1951, rec_loss 0.0107, lpips_loss 0.1318, g_loss -0.0562, disc_weight 0.4000, disc_adaptive_weight 6.0104, d_loss 0.4006, logits_real 0.0545, logits_fake 0.0560,
Train Epoch: [19/30] Iters:[820/1093] gen_loss -0.2108, rec_loss 0.0109, lpips_loss 0.1315, g_loss -0.0564, disc_weight 0.4000, disc_adaptive_weight 6.2616, d_loss 0.4005, logits_real 0.0548, logits_fake 0.0562,
Train Epoch: [19/30] Iters:[830/1093] gen_loss -0.2054, rec_loss 0.0110, lpips_loss 0.1318, g_loss -0.0564, disc_weight 0.4000, disc_adaptive_weight 6.1740, d_loss 0.4005, logits_real 0.0547, logits_fake 0.0561,
Train Epoch: [19/30] Iters:[840/1093] gen_loss -0.2045, rec_loss 0.0110, lpips_loss 0.1313, g_loss -0.0561, disc_weight 0.4000, disc_adaptive_weight 6.1800, d_loss 0.4006, logits_real 0.0545, logits_fake 0.0560,
Train Epoch: [19/30] Iters:[850/1093] gen_loss -0.2189, rec_loss 0.0110, lpips_loss 0.1310, g_loss -0.0558, disc_weight 0.4000, disc_adaptive_weight 6.4763, d_loss 0.4006, logits_real 0.0542, logits_fake 0.0557,
Train Epoch: [19/30] Iters:[860/1093] gen_loss -0.2184, rec_loss 0.0110, lpips_loss 0.1311, g_loss -0.0554, disc_weight 0.4000, disc_adaptive_weight 6.5149, d_loss 0.4006, logits_real 0.0538, logits_fake 0.0554,
Train Epoch: [19/30] Iters:[870/1093] gen_loss -0.2189, rec_loss 0.0109, lpips_loss 0.1313, g_loss -0.0551, disc_weight 0.4000, disc_adaptive_weight 6.5506, d_loss 0.4006, logits_real 0.0536, logits_fake 0.0553,
Train Epoch: [19/30] Iters:[880/1093] gen_loss -0.2205, rec_loss 0.0109, lpips_loss 0.1315, g_loss -0.0550, disc_weight 0.4000, disc_adaptive_weight 6.6019, d_loss 0.4006, logits_real 0.0534, logits_fake 0.0551,
Train Epoch: [19/30] Iters:[890/1093] gen_loss -0.2238, rec_loss 0.0110, lpips_loss 0.1315, g_loss -0.0548, disc_weight 0.4000, disc_adaptive_weight 6.6778, d_loss 0.4006, logits_real 0.0534, logits_fake 0.0549,
Train Epoch: [19/30] Iters:[900/1093] gen_loss -0.2182, rec_loss 0.0110, lpips_loss 0.1315, g_loss -0.0550, disc_weight 0.4000, disc_adaptive_weight 6.5607, d_loss 0.4006, logits_real 0.0536, logits_fake 0.0550,
Train Epoch: [19/30] Iters:[910/1093] gen_loss -0.2237, rec_loss 0.0109, lpips_loss 0.1310, g_loss -0.0553, disc_weight 0.4000, disc_adaptive_weight 6.6058, d_loss 0.4005, logits_real 0.0539, logits_fake 0.0553,
Train Epoch: [19/30] Iters:[920/1093] gen_loss -0.2267, rec_loss 0.0110, lpips_loss 0.1309, g_loss -0.0557, disc_weight 0.4000, disc_adaptive_weight 6.6215, d_loss 0.4005, logits_real 0.0543, logits_fake 0.0554,
Train Epoch: [19/30] Iters:[930/1093] gen_loss -0.2626, rec_loss 0.0110, lpips_loss 0.1307, g_loss -0.0559, disc_weight 0.4000, disc_adaptive_weight 7.2266, d_loss 0.4005, logits_real 0.0545, logits_fake 0.0555,
Train Epoch: [19/30] Iters:[940/1093] gen_loss -0.2839, rec_loss 0.0111, lpips_loss 0.1310, g_loss -0.0561, disc_weight 0.4000, disc_adaptive_weight 7.5888, d_loss 0.4004, logits_real 0.0548, logits_fake 0.0556,
Train Epoch: [19/30] Iters:[950/1093] gen_loss -0.2831, rec_loss 0.0113, lpips_loss 0.1316, g_loss -0.0561, disc_weight 0.4000, disc_adaptive_weight 7.5916, d_loss 0.4005, logits_real 0.0547, logits_fake 0.0558,
Train Epoch: [19/30] Iters:[960/1093] gen_loss -0.2815, rec_loss 0.0114, lpips_loss 0.1318, g_loss -0.0560, disc_weight 0.4000, disc_adaptive_weight 7.5881, d_loss 0.4005, logits_real 0.0544, logits_fake 0.0556,
Train Epoch: [19/30] Iters:[970/1093] gen_loss -0.2673, rec_loss 0.0113, lpips_loss 0.1320, g_loss -0.0558, disc_weight 0.4000, disc_adaptive_weight 7.3528, d_loss 0.4006, logits_real 0.0542, logits_fake 0.0557,
Train Epoch: [19/30] Iters:[980/1093] gen_loss -0.2303, rec_loss 0.0112, lpips_loss 0.1318, g_loss -0.0554, disc_weight 0.4000, disc_adaptive_weight 6.7336, d_loss 0.4006, logits_real 0.0541, logits_fake 0.0556,
Train Epoch: [19/30] Iters:[990/1093] gen_loss -0.2038, rec_loss 0.0110, lpips_loss 0.1315, g_loss -0.0553, disc_weight 0.4000, disc_adaptive_weight 6.2707, d_loss 0.4006, logits_real 0.0537, logits_fake 0.0555,
Train Epoch: [19/30] Iters:[1000/1093] gen_loss -0.2037, rec_loss 0.0109, lpips_loss 0.1309, g_loss -0.0552, disc_weight 0.4000, disc_adaptive_weight 6.2663, d_loss 0.4006, logits_real 0.0535, logits_fake 0.0553,
Train Epoch: [19/30] Iters:[1010/1093] gen_loss -0.2224, rec_loss 0.0109, lpips_loss 0.1312, g_loss -0.0550, disc_weight 0.4000, disc_adaptive_weight 6.6228, d_loss 0.4006, logits_real 0.0534, logits_fake 0.0551,
Train Epoch: [19/30] Iters:[1020/1093] gen_loss -0.2473, rec_loss 0.0110, lpips_loss 0.1312, g_loss -0.0549, disc_weight 0.4000, disc_adaptive_weight 7.0906, d_loss 0.4006, logits_real 0.0534, logits_fake 0.0551,
Train Epoch: [19/30] Iters:[1030/1093] gen_loss -0.2738, rec_loss 0.0111, lpips_loss 0.1313, g_loss -0.0552, disc_weight 0.4000, disc_adaptive_weight 7.5284, d_loss 0.4006, logits_real 0.0534, logits_fake 0.0552,
Train Epoch: [19/30] Iters:[1040/1093] gen_loss -0.2815, rec_loss 0.0112, lpips_loss 0.1313, g_loss -0.0553, disc_weight 0.4000, disc_adaptive_weight 7.6539, d_loss 0.4006, logits_real 0.0539, logits_fake 0.0554,
Train Epoch: [19/30] Iters:[1050/1093] gen_loss -0.2879, rec_loss 0.0112, lpips_loss 0.1316, g_loss -0.0556, disc_weight 0.4000, disc_adaptive_weight 7.7376, d_loss 0.4006, logits_real 0.0543, logits_fake 0.0557,
Train Epoch: [19/30] Iters:[1060/1093] gen_loss -0.2741, rec_loss 0.0111, lpips_loss 0.1313, g_loss -0.0562, disc_weight 0.4000, disc_adaptive_weight 7.4146, d_loss 0.4006, logits_real 0.0547, logits_fake 0.0562,
Train Epoch: [19/30] Iters:[1070/1093] gen_loss -0.2746, rec_loss 0.0110, lpips_loss 0.1313, g_loss -0.0566, disc_weight 0.4000, disc_adaptive_weight 7.3512, d_loss 0.4006, logits_real 0.0552, logits_fake 0.0566,
Train Epoch: [19/30] Iters:[1080/1093] gen_loss -0.2812, rec_loss 0.0110, lpips_loss 0.1315, g_loss -0.0568, disc_weight 0.4000, disc_adaptive_weight 7.4389, d_loss 0.4006, logits_real 0.0554, logits_fake 0.0569,
Train Epoch: [19/30] Iters:[1090/1093] gen_loss -0.2936, rec_loss 0.0110, lpips_loss 0.1320, g_loss -0.0571, disc_weight 0.4000, disc_adaptive_weight 7.6432, d_loss 0.4006, logits_real 0.0555, logits_fake 0.0570,
epoch:20, cur_lr:0.000010
Train Epoch: [20/30] Iters:[10/1093] gen_loss -0.2451, rec_loss 0.0106, lpips_loss 0.1305, g_loss -0.0570, disc_weight 0.4000, disc_adaptive_weight 6.7837, d_loss 0.4005, logits_real 0.0551, logits_fake 0.0564,
Train Epoch: [20/30] Iters:[20/1093] gen_loss -0.2516, rec_loss 0.0108, lpips_loss 0.1314, g_loss -0.0568, disc_weight 0.4000, disc_adaptive_weight 6.9350, d_loss 0.4006, logits_real 0.0550, logits_fake 0.0565,
Train Epoch: [20/30] Iters:[30/1093] gen_loss -0.2450, rec_loss 0.0109, lpips_loss 0.1312, g_loss -0.0563, disc_weight 0.4000, disc_adaptive_weight 6.8712, d_loss 0.4006, logits_real 0.0545, logits_fake 0.0561,
Train Epoch: [20/30] Iters:[40/1093] gen_loss -0.2567, rec_loss 0.0108, lpips_loss 0.1309, g_loss -0.0560, disc_weight 0.4000, disc_adaptive_weight 7.1210, d_loss 0.4006, logits_real 0.0541, logits_fake 0.0557,
Train Epoch: [20/30] Iters:[50/1093] gen_loss -0.2610, rec_loss 0.0110, lpips_loss 0.1310, g_loss -0.0558, disc_weight 0.4000, disc_adaptive_weight 7.2328, d_loss 0.4006, logits_real 0.0540, logits_fake 0.0556,
Train Epoch: [20/30] Iters:[60/1093] gen_loss -0.2576, rec_loss 0.0110, lpips_loss 0.1311, g_loss -0.0554, disc_weight 0.4000, disc_adaptive_weight 7.2194, d_loss 0.4006, logits_real 0.0538, logits_fake 0.0554,
Train Epoch: [20/30] Iters:[70/1093] gen_loss -0.2439, rec_loss 0.0111, lpips_loss 0.1313, g_loss -0.0551, disc_weight 0.4000, disc_adaptive_weight 7.0094, d_loss 0.4006, logits_real 0.0535, logits_fake 0.0551,
Train Epoch: [20/30] Iters:[80/1093] gen_loss -0.2404, rec_loss 0.0110, lpips_loss 0.1311, g_loss -0.0549, disc_weight 0.4000, disc_adaptive_weight 6.9719, d_loss 0.4006, logits_real 0.0533, logits_fake 0.0550,
Train Epoch: [20/30] Iters:[90/1093] gen_loss -0.2220, rec_loss 0.0112, lpips_loss 0.1310, g_loss -0.0546, disc_weight 0.4000, disc_adaptive_weight 6.6618, d_loss 0.4006, logits_real 0.0532, logits_fake 0.0548,
Train Epoch: [20/30] Iters:[100/1093] gen_loss -0.2086, rec_loss 0.0110, lpips_loss 0.1309, g_loss -0.0543, disc_weight 0.4000, disc_adaptive_weight 6.4490, d_loss 0.4006, logits_real 0.0528, logits_fake 0.0545,
Train Epoch: [20/30] Iters:[110/1093] gen_loss -0.2135, rec_loss 0.0110, lpips_loss 0.1309, g_loss -0.0539, disc_weight 0.4000, disc_adaptive_weight 6.5934, d_loss 0.4006, logits_real 0.0523, logits_fake 0.0540,
Train Epoch: [20/30] Iters:[120/1093] gen_loss -0.2077, rec_loss 0.0110, lpips_loss 0.1305, g_loss -0.0537, disc_weight 0.4000, disc_adaptive_weight 6.5100, d_loss 0.4006, logits_real 0.0520, logits_fake 0.0537,
Train Epoch: [20/30] Iters:[130/1093] gen_loss -0.2217, rec_loss 0.0111, lpips_loss 0.1311, g_loss -0.0534, disc_weight 0.4000, disc_adaptive_weight 6.8131, d_loss 0.4006, logits_real 0.0518, logits_fake 0.0535,
Train Epoch: [20/30] Iters:[140/1093] gen_loss -0.2415, rec_loss 0.0111, lpips_loss 0.1317, g_loss -0.0535, disc_weight 0.4000, disc_adaptive_weight 7.1809, d_loss 0.4005, logits_real 0.0520, logits_fake 0.0534,
Train Epoch: [20/30] Iters:[150/1093] gen_loss -0.2584, rec_loss 0.0112, lpips_loss 0.1317, g_loss -0.0539, disc_weight 0.4000, disc_adaptive_weight 7.4474, d_loss 0.4005, logits_real 0.0523, logits_fake 0.0538,
Train Epoch: [20/30] Iters:[160/1093] gen_loss -0.2636, rec_loss 0.0112, lpips_loss 0.1318, g_loss -0.0545, disc_weight 0.4000, disc_adaptive_weight 7.4565, d_loss 0.4005, logits_real 0.0529, logits_fake 0.0543,
Train Epoch: [20/30] Iters:[170/1093] gen_loss -0.2835, rec_loss 0.0112, lpips_loss 0.1319, g_loss -0.0549, disc_weight 0.4000, disc_adaptive_weight 7.7719, d_loss 0.4005, logits_real 0.0534, logits_fake 0.0547,
Train Epoch: [20/30] Iters:[180/1093] gen_loss -0.2851, rec_loss 0.0111, lpips_loss 0.1312, g_loss -0.0555, disc_weight 0.4000, disc_adaptive_weight 7.7076, d_loss 0.4005, logits_real 0.0541, logits_fake 0.0554,
Train Epoch: [20/30] Iters:[190/1093] gen_loss -0.2782, rec_loss 0.0111, lpips_loss 0.1309, g_loss -0.0560, disc_weight 0.4000, disc_adaptive_weight 7.4959, d_loss 0.4005, logits_real 0.0546, logits_fake 0.0560,
Train Epoch: [20/30] Iters:[200/1093] gen_loss -0.2802, rec_loss 0.0112, lpips_loss 0.1311, g_loss -0.0564, disc_weight 0.4000, disc_adaptive_weight 7.4831, d_loss 0.4006, logits_real 0.0549, logits_fake 0.0564,
Train Epoch: [20/30] Iters:[210/1093] gen_loss -0.2622, rec_loss 0.0111, lpips_loss 0.1309, g_loss -0.0564, disc_weight 0.4000, disc_adaptive_weight 7.1573, d_loss 0.4006, logits_real 0.0550, logits_fake 0.0565,
Train Epoch: [20/30] Iters:[220/1093] gen_loss -0.2536, rec_loss 0.0110, lpips_loss 0.1307, g_loss -0.0564, disc_weight 0.4000, disc_adaptive_weight 6.9939, d_loss 0.4006, logits_real 0.0550, logits_fake 0.0565,
Train Epoch: [20/30] Iters:[230/1093] gen_loss -0.2537, rec_loss 0.0110, lpips_loss 0.1312, g_loss -0.0563, disc_weight 0.4000, disc_adaptive_weight 7.0170, d_loss 0.4006, logits_real 0.0547, logits_fake 0.0563,
Train Epoch: [20/30] Iters:[240/1093] gen_loss -0.2645, rec_loss 0.0109, lpips_loss 0.1314, g_loss -0.0560, disc_weight 0.4000, disc_adaptive_weight 7.2729, d_loss 0.4006, logits_real 0.0543, logits_fake 0.0559,
Train Epoch: [20/30] Iters:[250/1093] gen_loss -0.2612, rec_loss 0.0109, lpips_loss 0.1317, g_loss -0.0554, disc_weight 0.4000, disc_adaptive_weight 7.2983, d_loss 0.4005, logits_real 0.0540, logits_fake 0.0553,
Train Epoch: [20/30] Iters:[260/1093] gen_loss -0.2692, rec_loss 0.0110, lpips_loss 0.1316, g_loss -0.0551, disc_weight 0.4000, disc_adaptive_weight 7.4722, d_loss 0.4005, logits_real 0.0536, logits_fake 0.0549,
Train Epoch: [20/30] Iters:[270/1093] gen_loss -0.2979, rec_loss 0.0111, lpips_loss 0.1315, g_loss -0.0550, disc_weight 0.4000, disc_adaptive_weight 8.0064, d_loss 0.4005, logits_real 0.0535, logits_fake 0.0548,
Train Epoch: [20/30] Iters:[280/1093] gen_loss -0.3006, rec_loss 0.0111, lpips_loss 0.1313, g_loss -0.0549, disc_weight 0.4000, disc_adaptive_weight 8.0675, d_loss 0.4005, logits_real 0.0535, logits_fake 0.0547,
Train Epoch: [20/30] Iters:[290/1093] gen_loss -0.2884, rec_loss 0.0111, lpips_loss 0.1312, g_loss -0.0549, disc_weight 0.4000, disc_adaptive_weight 7.8434, d_loss 0.4005, logits_real 0.0535, logits_fake 0.0547,
Train Epoch: [20/30] Iters:[300/1093] gen_loss -0.2888, rec_loss 0.0110, lpips_loss 0.1309, g_loss -0.0550, disc_weight 0.4000, disc_adaptive_weight 7.8344, d_loss 0.4006, logits_real 0.0533, logits_fake 0.0548,
Train Epoch: [20/30] Iters:[310/1093] gen_loss -0.2960, rec_loss 0.0111, lpips_loss 0.1312, g_loss -0.0546, disc_weight 0.4000, disc_adaptive_weight 8.0145, d_loss 0.4006, logits_real 0.0531, logits_fake 0.0546,
Train Epoch: [20/30] Iters:[320/1093] gen_loss -0.2871, rec_loss 0.0112, lpips_loss 0.1318, g_loss -0.0541, disc_weight 0.4000, disc_adaptive_weight 7.9550, d_loss 0.4006, logits_real 0.0524, logits_fake 0.0541,
Train Epoch: [20/30] Iters:[330/1093] gen_loss -0.2873, rec_loss 0.0113, lpips_loss 0.1318, g_loss -0.0537, disc_weight 0.4000, disc_adaptive_weight 8.0201, d_loss 0.4006, logits_real 0.0520, logits_fake 0.0536,
Train Epoch: [20/30] Iters:[340/1093] gen_loss -0.3055, rec_loss 0.0113, lpips_loss 0.1316, g_loss -0.0534, disc_weight 0.4000, disc_adaptive_weight 8.3878, d_loss 0.4006, logits_real 0.0517, logits_fake 0.0533,
Train Epoch: [20/30] Iters:[350/1093] gen_loss -0.2964, rec_loss 0.0114, lpips_loss 0.1320, g_loss -0.0531, disc_weight 0.4000, disc_adaptive_weight 8.2834, d_loss 0.4006, logits_real 0.0515, logits_fake 0.0531,
Train Epoch: [20/30] Iters:[360/1093] gen_loss -0.2899, rec_loss 0.0113, lpips_loss 0.1321, g_loss -0.0527, disc_weight 0.4000, disc_adaptive_weight 8.2137, d_loss 0.4006, logits_real 0.0512, logits_fake 0.0529,
Train Epoch: [20/30] Iters:[370/1093] gen_loss -0.2756, rec_loss 0.0112, lpips_loss 0.1319, g_loss -0.0525, disc_weight 0.4000, disc_adaptive_weight 7.9605, d_loss 0.4006, logits_real 0.0511, logits_fake 0.0528,
Train Epoch: [20/30] Iters:[380/1093] gen_loss -0.2848, rec_loss 0.0112, lpips_loss 0.1321, g_loss -0.0523, disc_weight 0.4000, disc_adaptive_weight 8.1779, d_loss 0.4006, logits_real 0.0508, logits_fake 0.0525,
Train Epoch: [20/30] Iters:[390/1093] gen_loss -0.2634, rec_loss 0.0112, lpips_loss 0.1323, g_loss -0.0522, disc_weight 0.4000, disc_adaptive_weight 7.8043, d_loss 0.4006, logits_real 0.0506, logits_fake 0.0523,
Train Epoch: [20/30] Iters:[400/1093] gen_loss -0.2664, rec_loss 0.0111, lpips_loss 0.1317, g_loss -0.0522, disc_weight 0.4000, disc_adaptive_weight 7.8413, d_loss 0.4005, logits_real 0.0507, logits_fake 0.0521,
Train Epoch: [20/30] Iters:[410/1093] gen_loss -0.2537, rec_loss 0.0111, lpips_loss 0.1318, g_loss -0.0524, disc_weight 0.4000, disc_adaptive_weight 7.5781, d_loss 0.4005, logits_real 0.0507, logits_fake 0.0521,
Train Epoch: [20/30] Iters:[420/1093] gen_loss -0.2490, rec_loss 0.0110, lpips_loss 0.1318, g_loss -0.0526, disc_weight 0.4000, disc_adaptive_weight 7.4573, d_loss 0.4005, logits_real 0.0511, logits_fake 0.0524,
Train Epoch: [20/30] Iters:[430/1093] gen_loss -0.2258, rec_loss 0.0110, lpips_loss 0.1319, g_loss -0.0531, disc_weight 0.4000, disc_adaptive_weight 6.9510, d_loss 0.4006, logits_real 0.0514, logits_fake 0.0529,
Train Epoch: [20/30] Iters:[440/1093] gen_loss -0.2566, rec_loss 0.0110, lpips_loss 0.1316, g_loss -0.0530, disc_weight 0.4000, disc_adaptive_weight 7.5395, d_loss 0.4005, logits_real 0.0517, logits_fake 0.0530,
Train Epoch: [20/30] Iters:[450/1093] gen_loss -0.2420, rec_loss 0.0110, lpips_loss 0.1320, g_loss -0.0532, disc_weight 0.4000, disc_adaptive_weight 7.2460, d_loss 0.4005, logits_real 0.0518, logits_fake 0.0531,
Train Epoch: [20/30] Iters:[460/1093] gen_loss -0.2623, rec_loss 0.0110, lpips_loss 0.1314, g_loss -0.0535, disc_weight 0.4000, disc_adaptive_weight 7.5882, d_loss 0.4005, logits_real 0.0523, logits_fake 0.0533,
Train Epoch: [20/30] Iters:[470/1093] gen_loss -0.2643, rec_loss 0.0111, lpips_loss 0.1319, g_loss -0.0539, disc_weight 0.4000, disc_adaptive_weight 7.5738, d_loss 0.4005, logits_real 0.0523, logits_fake 0.0537,
Train Epoch: [20/30] Iters:[480/1093] gen_loss -0.2641, rec_loss 0.0109, lpips_loss 0.1310, g_loss -0.0538, disc_weight 0.4000, disc_adaptive_weight 7.5669, d_loss 0.4005, logits_real 0.0527, logits_fake 0.0540,
Train Epoch: [20/30] Iters:[490/1093] gen_loss -0.2397, rec_loss 0.0109, lpips_loss 0.1315, g_loss -0.0541, disc_weight 0.4000, disc_adaptive_weight 7.0697, d_loss 0.4006, logits_real 0.0525, logits_fake 0.0542,
Train Epoch: [20/30] Iters:[500/1093] gen_loss -0.2659, rec_loss 0.0110, lpips_loss 0.1314, g_loss -0.0542, disc_weight 0.4000, disc_adaptive_weight 7.5370, d_loss 0.4007, logits_real 0.0526, logits_fake 0.0546,
Train Epoch: [20/30] Iters:[510/1093] gen_loss -0.2876, rec_loss 0.0110, lpips_loss 0.1323, g_loss -0.0542, disc_weight 0.4000, disc_adaptive_weight 7.9572, d_loss 0.4007, logits_real 0.0526, logits_fake 0.0546,
Train Epoch: [20/30] Iters:[520/1093] gen_loss -0.2922, rec_loss 0.0111, lpips_loss 0.1324, g_loss -0.0543, disc_weight 0.4000, disc_adaptive_weight 8.0267, d_loss 0.4006, logits_real 0.0529, logits_fake 0.0547,
Train Epoch: [20/30] Iters:[530/1093] gen_loss -0.3147, rec_loss 0.0112, lpips_loss 0.1327, g_loss -0.0543, disc_weight 0.4000, disc_adaptive_weight 8.4519, d_loss 0.4006, logits_real 0.0528, logits_fake 0.0544,
Train Epoch: [20/30] Iters:[540/1093] gen_loss -0.3139, rec_loss 0.0112, lpips_loss 0.1323, g_loss -0.0542, disc_weight 0.4000, disc_adaptive_weight 8.4486, d_loss 0.4006, logits_real 0.0528, logits_fake 0.0542,
Train Epoch: [20/30] Iters:[550/1093] gen_loss -0.3132, rec_loss 0.0112, lpips_loss 0.1324, g_loss -0.0541, disc_weight 0.4000, disc_adaptive_weight 8.4534, d_loss 0.4006, logits_real 0.0525, logits_fake 0.0539,
Train Epoch: [20/30] Iters:[560/1093] gen_loss -0.2884, rec_loss 0.0112, lpips_loss 0.1320, g_loss -0.0538, disc_weight 0.4000, disc_adaptive_weight 8.0222, d_loss 0.4006, logits_real 0.0519, logits_fake 0.0537,
Train Epoch: [20/30] Iters:[570/1093] gen_loss -0.2859, rec_loss 0.0110, lpips_loss 0.1311, g_loss -0.0530, disc_weight 0.4000, disc_adaptive_weight 8.0560, d_loss 0.4006, logits_real 0.0513, logits_fake 0.0529,
Train Epoch: [20/30] Iters:[580/1093] gen_loss -0.2690, rec_loss 0.0111, lpips_loss 0.1313, g_loss -0.0527, disc_weight 0.4000, disc_adaptive_weight 7.7862, d_loss 0.4006, logits_real 0.0509, logits_fake 0.0525,
Train Epoch: [20/30] Iters:[590/1093] gen_loss -0.2910, rec_loss 0.0111, lpips_loss 0.1316, g_loss -0.0524, disc_weight 0.4000, disc_adaptive_weight 8.2626, d_loss 0.4006, logits_real 0.0505, logits_fake 0.0521,
Train Epoch: [20/30] Iters:[600/1093] gen_loss -0.2962, rec_loss 0.0109, lpips_loss 0.1311, g_loss -0.0522, disc_weight 0.4000, disc_adaptive_weight 8.3833, d_loss 0.4006, logits_real 0.0505, logits_fake 0.0521,
Train Epoch: [20/30] Iters:[610/1093] gen_loss -0.3343, rec_loss 0.0109, lpips_loss 0.1312, g_loss -0.0523, disc_weight 0.4000, disc_adaptive_weight 9.1020, d_loss 0.4006, logits_real 0.0506, logits_fake 0.0521,
Train Epoch: [20/30] Iters:[620/1093] gen_loss -0.3240, rec_loss 0.0110, lpips_loss 0.1313, g_loss -0.0521, disc_weight 0.4000, disc_adaptive_weight 8.9416, d_loss 0.4006, logits_real 0.0504, logits_fake 0.0520,
Train Epoch: [20/30] Iters:[630/1093] gen_loss -0.3232, rec_loss 0.0110, lpips_loss 0.1316, g_loss -0.0521, disc_weight 0.4000, disc_adaptive_weight 8.9456, d_loss 0.4006, logits_real 0.0503, logits_fake 0.0521,
Train Epoch: [20/30] Iters:[640/1093] gen_loss -0.2808, rec_loss 0.0111, lpips_loss 0.1315, g_loss -0.0520, disc_weight 0.4000, disc_adaptive_weight 8.1373, d_loss 0.4006, logits_real 0.0504, logits_fake 0.0522,
Train Epoch: [20/30] Iters:[650/1093] gen_loss -0.2698, rec_loss 0.0111, lpips_loss 0.1317, g_loss -0.0518, disc_weight 0.4000, disc_adaptive_weight 7.9750, d_loss 0.4006, logits_real 0.0503, logits_fake 0.0520,
Train Epoch: [20/30] Iters:[660/1093] gen_loss -0.2208, rec_loss 0.0111, lpips_loss 0.1315, g_loss -0.0516, disc_weight 0.4000, disc_adaptive_weight 7.0567, d_loss 0.4006, logits_real 0.0501, logits_fake 0.0515,
Train Epoch: [20/30] Iters:[670/1093] gen_loss -0.2206, rec_loss 0.0111, lpips_loss 0.1319, g_loss -0.0518, disc_weight 0.4000, disc_adaptive_weight 7.0307, d_loss 0.4006, logits_real 0.0501, logits_fake 0.0516,
Train Epoch: [20/30] Iters:[680/1093] gen_loss -0.2096, rec_loss 0.0110, lpips_loss 0.1315, g_loss -0.0517, disc_weight 0.4000, disc_adaptive_weight 6.8200, d_loss 0.4005, logits_real 0.0501, logits_fake 0.0515,
Train Epoch: [20/30] Iters:[690/1093] gen_loss -0.2284, rec_loss 0.0109, lpips_loss 0.1313, g_loss -0.0518, disc_weight 0.4000, disc_adaptive_weight 7.1581, d_loss 0.4005, logits_real 0.0503, logits_fake 0.0517,
Train Epoch: [20/30] Iters:[700/1093] gen_loss -0.2169, rec_loss 0.0108, lpips_loss 0.1313, g_loss -0.0519, disc_weight 0.4000, disc_adaptive_weight 6.9157, d_loss 0.4005, logits_real 0.0505, logits_fake 0.0518,
Train Epoch: [20/30] Iters:[710/1093] gen_loss -0.2122, rec_loss 0.0108, lpips_loss 0.1315, g_loss -0.0520, disc_weight 0.4000, disc_adaptive_weight 6.8134, d_loss 0.4006, logits_real 0.0507, logits_fake 0.0523,
Train Epoch: [20/30] Iters:[720/1093] gen_loss -0.2409, rec_loss 0.0108, lpips_loss 0.1310, g_loss -0.0522, disc_weight 0.4000, disc_adaptive_weight 7.3216, d_loss 0.4006, logits_real 0.0510, logits_fake 0.0526,
Train Epoch: [20/30] Iters:[730/1093] gen_loss -0.2412, rec_loss 0.0107, lpips_loss 0.1308, g_loss -0.0527, disc_weight 0.4000, disc_adaptive_weight 7.2584, d_loss 0.4006, logits_real 0.0513, logits_fake 0.0530,
Train Epoch: [20/30] Iters:[740/1093] gen_loss -0.2357, rec_loss 0.0107, lpips_loss 0.1311, g_loss -0.0534, disc_weight 0.4000, disc_adaptive_weight 7.0791, d_loss 0.4006, logits_real 0.0517, logits_fake 0.0535,
Train Epoch: [20/30] Iters:[750/1093] gen_loss -0.2455, rec_loss 0.0109, lpips_loss 0.1312, g_loss -0.0542, disc_weight 0.4000, disc_adaptive_weight 7.1593, d_loss 0.4006, logits_real 0.0524, logits_fake 0.0543,
Train Epoch: [20/30] Iters:[760/1093] gen_loss -0.2691, rec_loss 0.0110, lpips_loss 0.1315, g_loss -0.0548, disc_weight 0.4000, disc_adaptive_weight 7.5237, d_loss 0.4006, logits_real 0.0531, logits_fake 0.0549,
Train Epoch: [20/30] Iters:[770/1093] gen_loss -0.2496, rec_loss 0.0110, lpips_loss 0.1317, g_loss -0.0553, disc_weight 0.4000, disc_adaptive_weight 7.0916, d_loss 0.4006, logits_real 0.0536, logits_fake 0.0555,
Train Epoch: [20/30] Iters:[780/1093] gen_loss -0.2612, rec_loss 0.0111, lpips_loss 0.1319, g_loss -0.0557, disc_weight 0.4000, disc_adaptive_weight 7.2671, d_loss 0.4006, logits_real 0.0542, logits_fake 0.0559,
Train Epoch: [20/30] Iters:[790/1093] gen_loss -0.2602, rec_loss 0.0112, lpips_loss 0.1315, g_loss -0.0558, disc_weight 0.4000, disc_adaptive_weight 7.2220, d_loss 0.4006, logits_real 0.0545, logits_fake 0.0561,
Train Epoch: [20/30] Iters:[800/1093] gen_loss -0.2411, rec_loss 0.0111, lpips_loss 0.1316, g_loss -0.0560, disc_weight 0.4000, disc_adaptive_weight 6.8653, d_loss 0.4006, logits_real 0.0546, logits_fake 0.0562,
Train Epoch: [20/30] Iters:[810/1093] gen_loss -0.2215, rec_loss 0.0110, lpips_loss 0.1312, g_loss -0.0562, disc_weight 0.4000, disc_adaptive_weight 6.4740, d_loss 0.4006, logits_real 0.0549, logits_fake 0.0564,
Train Epoch: [20/30] Iters:[820/1093] gen_loss -0.2283, rec_loss 0.0110, lpips_loss 0.1312, g_loss -0.0562, disc_weight 0.4000, disc_adaptive_weight 6.5958, d_loss 0.4006, logits_real 0.0550, logits_fake 0.0564,
Train Epoch: [20/30] Iters:[830/1093] gen_loss -0.2212, rec_loss 0.0110, lpips_loss 0.1311, g_loss -0.0565, disc_weight 0.4000, disc_adaptive_weight 6.4303, d_loss 0.4006, logits_real 0.0551, logits_fake 0.0566,
Train Epoch: [20/30] Iters:[840/1093] gen_loss -0.2162, rec_loss 0.0109, lpips_loss 0.1314, g_loss -0.0566, disc_weight 0.4000, disc_adaptive_weight 6.3310, d_loss 0.4006, logits_real 0.0552, logits_fake 0.0567,
Train Epoch: [20/30] Iters:[850/1093] gen_loss -0.2360, rec_loss 0.0109, lpips_loss 0.1314, g_loss -0.0565, disc_weight 0.4000, disc_adaptive_weight 6.6916, d_loss 0.4005, logits_real 0.0551, logits_fake 0.0566,
Train Epoch: [20/30] Iters:[860/1093] gen_loss -0.2640, rec_loss 0.0110, lpips_loss 0.1312, g_loss -0.0562, disc_weight 0.4000, disc_adaptive_weight 7.2306, d_loss 0.4006, logits_real 0.0548, logits_fake 0.0563,
Train Epoch: [20/30] Iters:[870/1093] gen_loss -0.2697, rec_loss 0.0110, lpips_loss 0.1309, g_loss -0.0561, disc_weight 0.4000, disc_adaptive_weight 7.3463, d_loss 0.4006, logits_real 0.0546, logits_fake 0.0561,
Train Epoch: [20/30] Iters:[880/1093] gen_loss -0.2587, rec_loss 0.0110, lpips_loss 0.1308, g_loss -0.0557, disc_weight 0.4000, disc_adaptive_weight 7.1972, d_loss 0.4006, logits_real 0.0542, logits_fake 0.0557,
Train Epoch: [20/30] Iters:[890/1093] gen_loss -0.2860, rec_loss 0.0110, lpips_loss 0.1309, g_loss -0.0555, disc_weight 0.4000, disc_adaptive_weight 7.7096, d_loss 0.4006, logits_real 0.0538, logits_fake 0.0554,
Train Epoch: [20/30] Iters:[900/1093] gen_loss -0.2676, rec_loss 0.0112, lpips_loss 0.1310, g_loss -0.0554, disc_weight 0.4000, disc_adaptive_weight 7.4045, d_loss 0.4006, logits_real 0.0536, logits_fake 0.0554,
Train Epoch: [20/30] Iters:[910/1093] gen_loss -0.2610, rec_loss 0.0111, lpips_loss 0.1315, g_loss -0.0554, disc_weight 0.4000, disc_adaptive_weight 7.2756, d_loss 0.4006, logits_real 0.0536, logits_fake 0.0554,
Train Epoch: [20/30] Iters:[920/1093] gen_loss -0.2750, rec_loss 0.0111, lpips_loss 0.1318, g_loss -0.0556, disc_weight 0.4000, disc_adaptive_weight 7.5050, d_loss 0.4006, logits_real 0.0538, logits_fake 0.0556,
Train Epoch: [20/30] Iters:[930/1093] gen_loss -0.3075, rec_loss 0.0111, lpips_loss 0.1321, g_loss -0.0558, disc_weight 0.4000, disc_adaptive_weight 8.0760, d_loss 0.4006, logits_real 0.0540, logits_fake 0.0557,
Train Epoch: [20/30] Iters:[940/1093] gen_loss -0.2970, rec_loss 0.0111, lpips_loss 0.1320, g_loss -0.0558, disc_weight 0.4000, disc_adaptive_weight 7.8892, d_loss 0.4006, logits_real 0.0541, logits_fake 0.0558,
Train Epoch: [20/30] Iters:[950/1093] gen_loss -0.3145, rec_loss 0.0111, lpips_loss 0.1323, g_loss -0.0559, disc_weight 0.4000, disc_adaptive_weight 8.1894, d_loss 0.4006, logits_real 0.0543, logits_fake 0.0558,
Train Epoch: [20/30] Iters:[960/1093] gen_loss -0.2907, rec_loss 0.0110, lpips_loss 0.1314, g_loss -0.0560, disc_weight 0.4000, disc_adaptive_weight 7.7369, d_loss 0.4006, logits_real 0.0543, logits_fake 0.0558,
Train Epoch: [20/30] Iters:[970/1093] gen_loss -0.2695, rec_loss 0.0108, lpips_loss 0.1312, g_loss -0.0560, disc_weight 0.4000, disc_adaptive_weight 7.3550, d_loss 0.4006, logits_real 0.0542, logits_fake 0.0558,
Train Epoch: [20/30] Iters:[980/1093] gen_loss -0.2726, rec_loss 0.0109, lpips_loss 0.1311, g_loss -0.0560, disc_weight 0.4000, disc_adaptive_weight 7.4021, d_loss 0.4006, logits_real 0.0542, logits_fake 0.0559,
Train Epoch: [20/30] Iters:[990/1093] gen_loss -0.2776, rec_loss 0.0109, lpips_loss 0.1309, g_loss -0.0561, disc_weight 0.4000, disc_adaptive_weight 7.4788, d_loss 0.4006, logits_real 0.0542, logits_fake 0.0559,
